SYMBOL,TIMESTAMP,OPEN,HIGH,LOW,CLOSE,VOLUME
20MICRONS,20261006,204.61,208.8,204.13,207.87,42040
21STCENMGM,20261006,37.98,38.36,37.24,38.36,4200
360ONE,20261006,1057.8,1074.5,1050.0,1069.5,734690
3BBLACKBIO,20261006,1644.9,1656.4,1563.5,1575.1,13616
3IINFOLTD,20261006,22.95,23.1,22.51,22.81,64288
3MINDIA,20261006,30800.0,30950.0,30435.0,30840.0,1680
3PLAND,20261006,30.78,31.0,30.11,30.75,365
5PAISA,20261006,358.1,358.1,346.65,349.7,136027
63MOONS,20261006,787.0,796.0,786.05,792.95,87123
A2ZINFRA,20261006,13.87,14.19,13.45,14.0,316196
AAATECH,20261006,95.0,107.9,94.96,103.53,424175
AADHARHFC,20261006,454.85,459.0,451.6,453.8,259527
AAKASH,20261006,8.4,8.6,6.86,8.21,248778
AAREYDRUGS,20261006,104.0,108.98,101.01,107.85,184313
AARNAV,20261006,36.23,38.0,35.01,37.31,47378
AARON,20261006,123.63,125.49,122.0,122.31,5775
AARTECH,20261006,47.49,47.85,46.0,47.33,36404
AARTIDRUGS,20261006,421.15,430.25,414.1,428.8,132855
AARTIIND,20261006,475.0,490.0,471.0,481.15,755429
AARTIPHARM,20261006,954.0,987.0,954.0,975.0,537274
AARTISURF,20261006,493.0,509.9,488.0,505.45,7452
AARVI,20261006,135.18,139.58,135.1,138.82,1895
AASTHA,20261006,29.81,30.74,29.29,29.54,961865
AAVAS,20261006,1209.0,1232.0,1174.0,1215.1,34464
ABAN,20261006,16.92,16.92,16.92,16.92,17386
ABANSENT,20261006,27.87,28.3,26.65,27.51,10512
ABB,20261006,6899.0,7140.5,6873.0,7122.5,241531
ABBOTINDIA,20261006,26240.0,26550.0,25955.0,26115.0,12533
ABCAPITAL,20261006,377.8,378.9,372.3,378.9,4873650
ABCOTS,20261006,197.5,197.5,192.25,193.34,2483
ABDL,20261006,700.25,727.85,691.55,714.65,701809
ABFRL,20261006,44.47,47.39,44.47,45.68,10464192
ABGSEC,20261006,113.38,113.38,112.92,112.93,23
ABINFRA,20261006,12.6,12.8,12.1,12.25,134357
ABLBL,20261006,73.25,75.9,72.66,73.16,3207943
ABMINTLLTD,20261006,42.8,43.32,42.8,43.31,348
ABMKNO,20261006,165.85,169.0,161.2,165.87,1818
ABREL,20261006,1089.8,1104.0,1074.7,1078.0,178357
ABSL10BANK,20261006,162.7,163.34,162.7,163.1,305
ABSLAMC,20261006,1026.0,1034.0,1005.7,1009.65,213335
ABSLBANETF,20261006,56.59,56.6,56.26,56.46,20864
ABSLLIQUID,20261006,999.99,1000.01,999.99,999.99,5079
ABSLMSCIN,20261006,27.92,28.01,27.82,27.82,616
ABSLNN50ET,20261006,72.3,77.0,72.2,75.28,9901
ABSLPSE,20261006,9.7,9.78,9.66,9.75,34740
ACC,20261006,1186.1,1191.8,1174.0,1177.0,62747
ACCELYA,20261006,1115.0,1125.0,1090.0,1097.5,64134
ACCURACY,20261006,4.19,4.2,4.05,4.1,24807
ACE,20261006,1235.0,1260.0,1230.0,1252.2,197550
ACEINTEG,20261006,17.4,17.4,16.5,17.03,405
ACEVECTOR,20261006,26.75,27.74,25.5,25.93,16627205
ACGL,20261006,1683.0,1770.0,1678.0,1723.7,1034
ACI,20261006,465.45,476.8,462.7,474.5,87877
ACL,20261006,40.2,40.2,39.45,39.67,6310
ACMESOLAR,20261006,429.9,453.65,428.6,448.2,887494
ACSTECH,20261006,75.11,75.11,74.78,74.78,104743
ACUTAAS,20261006,3140.0,3216.0,3120.0,3156.7,321664
ADANIENSOL,20261006,1354.0,1369.1,1340.8,1350.1,1566344
ADANIENT,20261006,2869.0,2888.0,2834.6,2849.9,1240051
ADANIGREEN,20261006,1286.1,1329.4,1280.5,1313.0,2570708
ADANIPORTS,20261006,1773.1,1789.1,1761.1,1783.4,1684154
ADANIPOWER,20261006,201.8,205.43,201.32,202.4,23468966
ADDIND,20261006,79.49,82.0,78.9,78.9,422
ADFFOODS,20261006,284.7,299.75,281.6,293.1,487913
ADL,20261006,75.5,76.4,72.0,76.2,18
ADOR,20261006,1511.0,1552.7,1508.1,1535.0,14756
ADROITIND,20261006,212.99,212.99,212.99,212.99,135487
ADROITINFO,20261006,12.59,12.68,12.59,12.59,110445
ADSL,20261006,105.51,107.09,102.92,103.82,219245
ADVAIT,20261006,1845.0,1960.0,1836.1,1946.9,63179
ADVANCE,20261006,115.85,118.59,115.75,117.76,66008
ADVANIHOTR,20261006,47.9,48.5,47.01,47.51,31548
ADVENTHTL,20261006,123.6,124.82,121.15,122.21,106585
ADVENZYMES,20261006,273.4,278.35,270.8,273.1,171582
ADVIKCA,20261006,1.0,1.02,0.98,0.99,362238
AEGISLOG,20261006,1365.3,1400.0,1348.3,1395.9,861628
AEGISVOPAK,20261006,298.1,299.1,291.5,293.35,538943
AEPL,20261006,15.02,15.9,15.02,15.2,27213
AEQUS,20261006,288.0,294.7,283.85,286.1,4437254
AEROENTER,20261006,128.59,134.7,125.51,132.56,796865
AEROFLEX,20261006,549.7,563.5,536.4,560.75,1324804
AERONEU,20261006,69.5,71.0,69.5,69.97,63434
AEROPLANE,20261006,211.24,212.49,206.7,209.24,815516
AETHER,20261006,1649.0,1814.1,1640.9,1799.8,1456255
AFCONS,20261006,241.9,243.95,240.75,242.15,167607
AFFLE,20261006,1450.0,1456.0,1433.3,1450.2,96528
AFFORDABLE,20261006,163.65,166.18,161.42,163.67,18157
AFIL,20261006,7.77,7.95,7.5,7.9,395042
AFSL,20261006,201.0,201.9,201.0,201.0,2674
AGARIND,20261006,388.0,398.9,381.65,396.5,14766
AGARWALEYE,20261006,485.0,488.8,474.2,486.85,202172
AGASTYAEN,20261006,67.7,67.7,66.8,66.8,32886
AGI,20261006,781.7,796.5,779.9,786.4,52157
AGIIL,20261006,261.0,263.4,257.85,259.1,150360
AGL,20261006,12.4,12.88,12.37,12.77,1266118
AGRITECH,20261006,88.48,90.85,85.55,87.68,6452
AGROPHOS,20261006,22.75,23.2,21.3,21.92,36332
AGSTRA,20261006,2.45,2.45,2.45,2.45,22134
AHCL,20261006,29.66,31.22,29.66,29.66,11979158
AHLADA,20261006,37.06,40.0,37.06,38.33,9703
AHLEAST,20261006,139.9,139.9,134.31,135.74,777
AHLUCONT,20261006,563.65,578.0,563.25,576.05,23249
AHLWEST,20261006,555.0,555.0,545.0,545.0,3
AIAENG,20261006,3863.1,3960.0,3781.0,3914.7,43786
AIIL,20261006,548.4,552.6,548.2,550.15,55682
AIRAN,20261006,15.43,16.0,15.07,15.4,83556
AIROLAM,20261006,93.85,93.85,87.69,88.29,132
AJANTPHARM,20261006,3492.1,3585.0,3486.0,3573.4,109380
AJAXENGG,20261006,604.9,604.9,584.1,585.85,51992
AJMERA,20261006,116.12,117.99,114.3,116.24,372159
AJOONI,20261006,3.03,3.16,3.02,3.08,233526
AKASH,20261006,25.19,25.19,24.55,24.81,6070
AKCAPIT,20261006,1735.2,1735.2,1675.0,1709.1,1082
AKG,20261006,9.6,9.6,9.31,9.38,3242
AKI,20261006,5.9,6.04,5.81,6.01,48066
AKSHAR,20261006,0.43,0.43,0.41,0.41,516716
AKSHARCHEM,20261006,382.5,382.5,365.3,374.2,19035
AKSHOPTFBR,20261006,7.15,7.37,6.84,7.37,231583
AKUMS,20261006,802.0,818.0,796.3,814.65,128317
ALANKIT,20261006,7.66,7.84,7.42,7.58,117495
ALBERTDAVD,20261006,835.65,847.95,823.3,839.1,2820
ALEMBICLTD,20261006,105.25,106.9,104.01,104.99,346507
ALFREDHE,20261006,2761.7,2819.9,2749.9,2750.0,34
ALGOQUANT,20261006,68.25,71.71,68.01,70.56,1409783
ALICON,20261006,850.0,876.5,837.05,866.9,59587
ALIVUS,20261006,1365.4,1394.7,1354.2,1384.0,166792
ALKALI,20261006,87.0,87.9,84.01,85.88,4932
ALKEM,20261006,5223.5,5292.0,5165.0,5292.0,63668
ALKYLAMINE,20261006,1730.4,2057.3,1730.4,1962.2,3134700
ALLCARGO,20261006,10.32,10.57,10.04,10.5,4523931
ALLDIGI,20261006,754.7,774.0,742.45,768.1,7202
ALLTIME,20261006,185.8,189.8,180.01,184.36,162308
ALMONDZ,20261006,19.01,19.96,18.6,19.85,98029
ALOKINDS,20261006,7.22,7.83,7.09,7.83,36666461
ALPA,20261006,60.2,60.2,58.52,58.73,5812
ALPHA,20261006,51.49,52.78,51.49,52.7,1499557
ALPHAETF,20261006,25.22,25.62,25.22,25.61,624672
ALPHAGEO,20261006,257.75,257.75,246.0,251.15,4803
ALPINETEX,20261006,47.8,47.8,46.04,46.44,113484
ALPL30IETF,20261006,25.86,26.17,25.82,25.98,194319
ALUFLUOR,20261006,611.5,627.6,611.5,619.45,11486
AMAGI,20261006,575.25,575.25,559.8,564.15,214734
AMAL,20261006,703.2,768.8,699.8,753.7,23479
AMANTA,20261006,206.3,206.3,191.0,197.68,77852
AMARJOTHI,20261006,147.5,150.5,145.5,149.05,1085
AMBALALSA,20261006,38.1,39.5,37.55,38.55,41880
AMBER,20261006,6551.5,6881.0,6511.0,6869.0,155584
AMBICAAGAR,20261006,23.76,24.8,23.76,24.42,1832
AMBIKCO,20261006,1522.6,1555.0,1522.6,1532.7,2521
AMBUJACEM,20261006,367.5,370.1,359.8,361.55,2356458
AMDIND,20261006,51.31,53.0,50.5,52.73,12479
AMJLAND,20261006,38.02,38.02,37.0,37.66,2127
AMNPLST,20261006,161.0,192.34,161.0,186.92,431098
AMRUTANJAN,20261006,527.0,527.0,516.0,523.7,27720
ANANDRATHI,20261006,2134.1,2169.9,2129.9,2142.0,275350
ANANTRAJ,20261006,590.0,611.45,587.8,608.9,1142191
ANDHRAPAP,20261006,70.66,71.06,68.54,70.48,234556
ANDHRSUGAR,20261006,93.0,94.8,92.7,94.42,360904
ANDREWYU,20261006,25.02,25.74,24.12,24.95,104068
ANGELONE,20261006,288.9,295.9,288.6,295.0,8198494
ANIKINDS,20261006,43.02,48.25,43.02,45.4,66538
ANKITMETAL,20261006,2.26,2.26,2.26,2.26,19958
ANMOL,20261006,13.07,13.44,12.87,13.13,30011
ANNAPURNA,20261006,132.8,132.8,129.0,130.35,34618
ANNU,20261006,45.21,45.5,43.22,44.33,661281
ANSALAPI,20261006,4.0,4.08,3.92,3.92,15567
ANSALBU,20261006,85.57,88.0,83.0,85.57,779
ANTELOPUS,20261006,1125.0,1125.0,1090.0,1100.6,173534
ANTGRAPHIC,20261006,0.71,0.71,0.68,0.69,98256
ANTHEM,20261006,853.0,898.65,843.0,890.35,681982
ANUHPHR,20261006,85.07,88.5,84.41,87.57,105757
ANUP,20261006,1538.8,1585.0,1536.1,1575.9,18047
ANURAS,20261006,1170.0,1178.0,1158.1,1170.2,440690
AONEGOLD,20261006,13.74,13.74,13.51,13.69,210243
AONELIQUID,20261006,1079.85,1079.87,1079.85,1079.86,9477
AONENIFTY,20261006,9.2,9.5,9.2,9.39,93166
AONESILVER,20261006,8.48,8.52,8.35,8.4,284744
AONESTEELS,20261006,385.65,389.4,366.45,384.8,659243
AONETMMQ50,20261006,10.09,10.09,9.8,10.01,148640
AONETOTAL,20261006,11.43,11.46,10.99,11.37,106286
APARINDS,20261006,18297.0,18440.0,17875.0,18016.0,94494
APCL,20261006,96.67,96.67,93.0,93.58,2525
APCOTEXIND,20261006,587.25,613.9,585.0,610.7,79604
APEX,20261006,325.5,342.6,320.0,339.8,107151
APLAPOLLO,20261006,2102.0,2152.0,2099.6,2152.0,320327
APLLTD,20261006,831.25,840.3,825.0,834.2,143011
APOLLO,20261006,402.7,408.75,402.4,408.05,3344430
APOLLOHOSP,20261006,7970.0,8017.0,7806.0,7914.5,1072883
APOLLOPIPE,20261006,531.0,549.8,528.0,529.8,132829
APOLLOTYRE,20261006,402.75,405.25,399.35,401.55,333239
APOLSINHOT,20261006,1180.0,1183.9,1165.0,1174.7,857
APOORVA,20261006,33.49,33.49,33.0,33.0,31
APTECHT,20261006,86.1,89.89,86.1,88.19,76755
APTUS,20261006,223.65,226.21,222.32,223.9,512918
AQYLON,20261006,16.19,16.3,15.26,15.46,335127
ARCHIDPLY,20261006,101.18,104.0,100.75,101.67,12612
ARCHIES,20261006,12.74,12.74,12.1,12.24,14768
ARCIL,20261006,143.0,147.8,143.0,145.74,1271807
ARCL,20261006,224.52,235.06,223.25,226.99,2963
ARDEE,20261006,48.5,50.5,48.5,50.22,1861166
ARE&M,20261006,742.05,745.6,740.35,742.9,309353
ARENTERP,20261006,33.79,34.89,32.7,33.89,177
ARFIN,20261006,87.51,98.24,87.14,96.36,9170776
ARIES,20261006,505.6,514.0,492.1,499.0,24527
ARIHANT,20261006,891.0,940.0,891.0,914.9,873
ARIHANTCAP,20261006,91.55,97.8,91.25,94.13,1232598
ARIHANTSUP,20261006,219.8,224.9,216.0,220.26,1578
ARIS,20261006,140.24,145.5,138.37,143.66,2533868
ARKADE,20261006,120.04,122.0,120.0,121.24,97831
ARMANFIN,20261006,1763.9,1763.9,1730.0,1743.7,17759
ARMEE,20261006,253.95,278.8,253.9,271.05,2199972
AROGRANITE,20261006,22.5,23.1,22.11,22.97,4041
ARROWGREEN,20261006,878.5,915.95,858.7,891.75,60698
ARSHIYA,20261006,0.85,0.85,0.81,0.82,170195
ARSSBL,20261006,539.0,557.4,535.0,551.55,468308
ARTEMISMED,20261006,324.25,324.95,314.25,318.35,428681
ARTNIRMAN,20261006,36.01,41.29,36.01,40.13,62
ARVEE,20261006,209.39,224.9,205.84,216.89,8861
ARVIND,20261006,536.0,538.4,529.7,534.65,351037
ARVINDFASN,20261006,384.25,409.95,384.25,406.4,293478
ARVSMART,20261006,579.9,606.0,576.65,603.8,61916
ARYAMAN,20261006,620.9,620.9,620.9,620.9,10
ASAHIINDIA,20261006,950.0,960.0,941.05,956.95,36644
ASAHISONG,20261006,367.0,370.5,366.0,369.95,4716
ASAL,20261006,424.1,434.9,423.05,426.2,5651
ASALCBR,20261006,591.0,604.85,589.85,598.7,54706
ASHAPURMIN,20261006,492.2,504.85,491.05,502.9,229174
ASHIANA,20261006,381.6,385.85,376.95,382.95,29815
ASHIKAG,20261006,389.8,394.0,382.35,389.4,6896
ASHIMASYN,20261006,14.8,15.39,14.55,14.88,108612
ASHOKA,20261006,106.0,107.2,105.7,106.42,395400
ASHOKAMET,20261006,14.71,14.99,14.4,14.71,21653
ASHOKLEY,20261006,153.0,153.87,152.13,153.7,9995070
ASIANENE,20261006,457.65,470.0,457.45,463.75,129110
ASIANHOTNR,20261006,336.55,340.25,325.05,328.65,6380
ASIANPAINT,20261006,2369.1,2424.2,2349.0,2424.2,439473
ASIANTILES,20261006,46.88,48.36,46.88,48.1,1144403
ASIANTNE,20261006,9.08,9.08,8.8,9.06,3657
ASKAUTOLTD,20261006,614.5,614.5,603.1,609.75,128865
ASMS,20261006,5.96,6.0,5.77,5.98,165301
ASPINWALL,20261006,228.1,243.5,228.1,238.35,2844
ASTAR,20261006,643.05,657.75,615.0,639.8,774
ASTEC,20261006,715.0,726.0,685.0,704.7,73594
ASTERDM,20261006,691.6,691.8,674.1,684.7,1226250
ASTRAL,20261006,1355.1,1405.0,1348.6,1402.3,359782
ASTRAMICRO,20261006,1651.7,1726.0,1650.3,1705.9,571464
ASTRAZEN,20261006,5944.0,5996.5,5883.5,5980.5,5728
ASTRON,20261006,2.75,2.88,2.73,2.8,22027
ATALREAL,20261006,12.7,12.93,12.17,12.36,1940986
ATAM,20261006,54.05,55.39,54.0,54.2,4007
ATGL,20261006,586.05,592.9,583.6,588.45,365730
ATHERENERG,20261006,1408.7,1550.8,1385.7,1446.0,4192732
ATL,20261006,24.47,24.85,24.06,24.71,70373
ATLANTAA,20261006,34.97,36.39,34.12,35.34,18256
ATLANTAELE,20261006,1900.5,1968.3,1856.6,1869.3,339216
ATLASCYCLE,20261006,89.55,95.0,89.55,92.93,7339
ATUL,20261006,5918.0,6015.0,5835.0,6000.0,37620
ATULAUTO,20261006,424.5,429.35,424.5,427.5,42113
AUBANK,20261006,1034.7,1037.7,1015.9,1028.0,1179591
AUGMONT,20261006,1204.0,1234.8,1162.2,1162.2,568075
AURIONPRO,20261006,610.0,625.0,602.0,616.05,172779
AUROPHARMA,20261006,1676.0,1694.7,1670.9,1692.8,1009636
AURUM,20261006,226.12,234.0,223.08,231.14,135512
AURUS,20261006,4.29,4.41,4.11,4.29,12082
AUSOMENT,20261006,140.89,140.89,135.41,137.48,1865
AUSTENG,20261006,161.4,168.79,158.0,166.43,8508
AUTOAXLES,20261006,1625.0,1648.2,1624.9,1638.1,2484
AUTOBEES,20261006,265.45,266.0,262.3,264.61,161327
AUTOIETF,20261006,26.39,26.57,26.28,26.47,383237
AUTOIND,20261006,83.9,86.11,82.21,85.82,125477
AVADHSUGAR,20261006,870.45,898.8,856.0,873.3,523457
AVALON,20261006,2295.0,2416.6,2286.9,2400.4,565942
AVANCE,20261006,0.81,0.81,0.77,0.77,7221289
AVANTEL,20261006,148.11,152.0,148.1,151.08,691347
AVANTIFEED,20261006,714.65,720.75,709.0,714.1,139663
AVG,20261006,168.15,174.0,165.0,172.06,75078
AVL,20261006,604.25,606.9,589.25,595.1,85771
AVONMORE,20261006,13.06,13.06,12.44,12.55,66577
AVROIND,20261006,6.65,7.29,6.65,6.85,150875
AVTNPL,20261006,89.82,91.9,89.28,90.18,127373
AWFIS,20261006,235.59,249.0,235.0,243.54,547536
AWHCL,20261006,355.5,364.05,351.4,355.2,69504
AWL,20261006,179.45,187.88,178.65,185.93,4711354
AXISBANK,20261006,1234.0,1251.9,1232.0,1248.0,7518330
AXISCADES,20261006,2280.0,2300.0,2252.3,2288.5,141367
AXITA,20261006,7.59,7.63,7.17,7.51,223090
AXTEL,20261006,430.0,450.95,430.0,447.95,4750
AYE,20261006,162.57,166.78,162.57,165.56,320576
AYMSYNTEX,20261006,286.0,292.8,281.3,289.25,32944
AZAD,20261006,2940.0,3091.7,2905.5,3062.6,1329869
AZADIND,20261006,83.8,83.8,80.02,80.94,41576
BAFNAPH,20261006,394.0,394.0,393.0,394.0,480
BAGFILMS,20261006,4.14,4.17,4.05,4.11,63985
BAIDFIN,20261006,10.6,10.79,9.83,10.32,39796
BAJAJ-AUTO,20261006,10050.0,10062.0,9955.0,10017.0,159069
BAJAJCON,20261006,484.0,496.5,483.05,493.5,284916
BAJAJELEC,20261006,299.45,305.25,298.75,300.25,104900
BAJAJFINSV,20261006,1751.0,1754.0,1737.8,1752.4,552353
BAJAJHCARE,20261006,323.0,324.0,317.5,323.1,79462
BAJAJHFL,20261006,82.79,83.09,82.12,82.36,1967051
BAJAJHIND,20261006,20.5,21.49,20.42,21.33,31059329
BAJAJHLDNG,20261006,10732.0,10798.0,10555.0,10600.0,39830
BAJAJINDEF,20261006,204.08,209.69,202.03,207.21,9974
BAJAJST,20261006,322.3,327.95,322.0,324.4,9801
BAJEL,20261006,165.0,165.96,163.1,164.08,132024
BAJFINANCE,20261006,970.0,973.25,957.0,963.1,4380406
BALAJEE,20261006,25.42,25.42,23.2,24.24,62884
BALAJITELE,20261006,91.45,91.69,89.11,90.56,80196
BALAMINES,20261006,1961.0,2349.3,1961.0,2287.7,2585710
BALAXI,20261006,23.0,23.0,22.32,22.67,8384
BALKRISHNA,20261006,16.95,16.95,15.76,16.21,2770
BALKRISIND,20261006,2069.9,2103.9,2050.6,2082.7,122686
BALMLAWRIE,20261006,159.5,160.16,149.85,158.78,210133
BALPHARMA,20261006,103.01,105.0,101.46,101.46,21864
BALRAMCHIN,20261006,685.0,714.5,682.35,691.3,2257521
BALUFORGE,20261006,507.8,529.0,503.05,526.95,777797
BANARBEADS,20261006,118.98,119.65,116.11,116.11,1285
BANARISUG,20261006,3300.0,3439.9,3300.0,3349.3,1405
BANCOINDIA,20261006,590.0,604.6,590.0,602.65,54328
BANDHANBNK,20261006,169.11,170.85,162.46,164.15,12148002
BANG,20261006,33.28,34.4,32.5,33.49,57018
BANK10ADD,20261006,16.28,16.41,16.24,16.32,2075431
BANK10BETF,20261006,20.09,21.39,19.89,20.32,5941334
BANKA,20261006,69.84,70.4,66.95,69.5,962
BANKADD,20261006,56.12,56.55,56.12,56.35,34038
BANKBARODA,20261006,233.02,234.8,231.8,232.73,5312668
BANKBEES,20261006,571.37,571.6,565.61,569.45,548540
BANKBETA,20261006,56.81,57.06,56.62,56.88,1595947
BANKBETF,20261006,55.8,56.23,55.65,55.96,7700
BANKETF,20261006,559.69,562.67,559.35,561.2,73896
BANKIETF,20261006,56.7,56.7,56.07,56.48,664234
BANKINDIA,20261006,133.4,133.72,131.62,132.16,3280724
BANKNIFTY1,20261006,56.98,57.29,56.94,57.05,268750
BANKPSU,20261006,80.94,81.17,80.46,80.6,7918
BANSALWIRE,20261006,323.05,335.2,323.05,325.7,100324
BANSWRAS,20261006,105.93,105.93,104.41,105.09,14812
BASF,20261006,3448.4,3507.8,3406.1,3472.1,20716
BASML,20261006,22.51,23.3,22.51,22.88,34084
BATAINDIA,20261006,612.55,623.95,611.2,619.85,71929
BATLIBOI,20261006,89.8,99.32,89.75,96.16,258938
BAYERCROP,20261006,3508.9,3554.2,3508.0,3533.4,17934
BBETF0432,20261006,1336.7,1339.74,1334.03,1336.14,698
BBL,20261006,2062.0,2084.4,2041.7,2068.8,26540
BBNPNBETF,20261006,55.83,55.83,55.26,55.68,275
BBNPPGOLD,20261006,142.0,142.4,139.15,141.85,5215
BBOX,20261006,816.0,844.55,805.65,839.95,1120325
BBTC,20261006,1300.0,1305.0,1284.0,1298.2,93576
BBTCL,20261006,234.94,241.94,230.02,233.12,5121
BCG,20261006,9.22,9.22,8.89,9.07,4615868
BCLIND,20261006,31.42,32.19,31.36,32.03,365447
BCONCEPTS,20261006,142.43,150.12,140.1,146.88,16446
BCPL,20261006,68.0,69.8,66.0,67.24,17887
BDL,20261006,1096.2,1111.0,1092.2,1101.8,729165
BEARDSELL,20261006,23.5,23.5,22.11,22.5,24500
BECTORFOOD,20261006,211.25,214.99,211.11,212.16,335112
BEDMUTHA,20261006,106.18,108.56,104.99,106.23,15926
BEEKAY,20261006,425.05,442.0,425.05,434.1,1114
BEL,20261006,383.2,387.65,382.55,387.4,10038178
BELLACASA,20261006,241.8,248.4,238.0,242.13,6123
BELRISE,20261006,231.29,237.75,225.01,236.81,2650681
BEML,20261006,1980.0,2060.2,1970.5,2042.2,196225
BENARAS,20261006,10200.0,10250.0,10145.0,10238.0,221
BENGALASM,20261006,5888.0,6125.0,5800.0,6110.5,657
BEPL,20261006,125.19,129.6,125.0,128.63,1635015
BERGEPAINT,20261006,461.5,474.65,457.45,472.55,383616
BESTAGRO,20261006,17.94,18.18,17.62,17.89,523828
BETA,20261006,1990.1,2027.5,1989.9,2001.4,10362
BFINVEST,20261006,441.8,443.35,435.1,441.35,11744
BFSI,20261006,25.78,26.0,25.75,25.9,95227
BFUTILITIE,20261006,502.8,504.15,495.6,498.9,20937
BGRENERGY,20261006,244.59,244.59,240.12,244.11,99629
BHAGCHEM,20261006,228.0,240.5,228.0,239.91,97813
BHAGERIA,20261006,364.7,401.1,364.7,393.55,361311
BHAGYANGR,20261006,417.9,432.95,413.5,432.95,149876
BHANDARI,20261006,2.74,2.87,2.72,2.83,149942
BHARATCOAL,20261006,32.22,32.33,31.84,32.05,4263686
BHARATFORG,20261006,1830.1,1881.0,1825.0,1880.0,1089594
BHARATGEAR,20261006,99.94,100.99,99.2,99.88,6980
BHARATRAS,20261006,994.2,1008.3,978.0,998.3,16359
BHARATSE,20261006,203.5,207.9,203.5,206.14,66668
BHARATWIRE,20261006,161.6,167.99,161.6,165.28,121132
BHARTIARTL,20261006,1777.0,1810.5,1771.4,1810.5,5155150
BHARTIHEXA,20261006,1383.1,1403.3,1359.2,1386.8,308564
BHEL,20261006,429.0,453.9,427.7,452.0,22865195
BI,20261006,93.99,94.0,92.9,92.9,7322
BIGBLOC,20261006,38.0,38.21,36.5,37.22,43526
BIKAJI,20261006,486.8,498.25,477.55,481.1,975537
BIL,20261006,1088.5,1112.85,1042.7,1092.85,27873
BILVYAPAR,20261006,4.1,4.3,4.1,4.15,3257
BIMETAL,20261006,654.95,661.0,637.0,660.4,833
BIOCON,20261006,369.7,371.0,366.6,369.1,4647884
BIOFILCHEM,20261006,29.31,30.7,29.31,30.11,9125
BIRLACABLE,20261006,376.9,395.45,376.85,395.45,459269
BIRLACORPN,20261006,817.55,823.65,799.25,803.45,186690
BIRLAMONEY,20261006,112.2,118.0,110.88,116.45,41987
BIRLANU,20261006,1381.0,1430.0,1379.4,1406.5,11841
BIRLAPREC,20261006,57.19,59.4,55.65,57.79,90736
BLACKBUCK,20261006,600.9,603.1,591.95,596.0,487698
BLACKROSE,20261006,111.0,111.95,105.0,107.65,44467
BLAL,20261006,159.25,160.0,156.03,157.53,6912
BLBLIMITED,20261006,16.5,16.5,15.8,16.09,95266
BLEL,20261006,492.9,516.95,481.55,510.05,2319444
BLIL,20261006,64.91,65.42,64.46,65.21,36925
BLISSGVS,20261006,669.85,697.0,660.0,676.45,166474
BLKASHYAP,20261006,52.84,55.5,52.83,54.79,747328
BLS,20261006,216.9,224.66,216.9,223.97,860041
BLSE,20261006,163.7,164.0,160.05,160.9,285538
BLUECLOUDS,20261006,19.66,20.1,19.6,20.01,1202785
BLUECOAST,20261006,22.05,22.05,21.0,22.04,337
BLUEDART,20261006,4505.0,4575.0,4483.6,4562.8,6431
BLUEJET,20261006,535.05,549.0,528.5,538.15,292965
BLUESTARCO,20261006,1508.4,1578.6,1501.3,1571.5,867322
BLUESTONE,20261006,794.0,818.0,788.55,813.85,651566
BLUSPRING,20261006,147.99,147.99,142.84,144.53,139531
BMWVENTLTD,20261006,50.05,50.95,49.67,50.37,53078
BNAGROCHEM,20261006,238.45,243.99,226.53,226.53,16699
BNALTD,20261006,350.0,351.1,348.0,351.1,202
BNKETFAXIS,20261006,567.13,570.01,567.03,568.73,2590
BODALCHEM,20261006,177.0,188.5,173.0,186.57,564786
BOHRAIND,20261006,13.31,14.5,13.31,14.38,12632
BOMDYEING,20261006,101.9,104.2,101.23,102.91,430586
BONLON,20261006,39.8,40.94,39.38,39.39,1362
BORANA,20261006,272.1,275.45,268.45,269.6,27663
BOROLTD,20261006,280.0,289.0,277.05,286.85,212491
BORORENEW,20261006,445.0,453.0,443.7,449.85,201596
BOROSCI,20261006,113.38,115.5,112.28,113.27,61966
BOSCH-HCIL,20261006,1990.0,2020.0,1970.1,1976.9,35164
BOSCHLTD,20261006,44960.0,45360.0,44845.0,45000.0,21643
BPCL,20261006,297.4,300.5,294.6,300.5,6314935
BPL,20261006,44.94,45.28,44.26,44.45,14695
BPLPHARMA,20261006,1758.2,1899.0,1741.3,1836.4,11347
BRAHMINFRA,20261006,148.8,149.39,141.52,145.58,14504
BRIGADE,20261006,573.9,579.95,565.0,569.1,151551
BRIGHOTEL,20261006,57.4,57.4,56.52,56.93,28827
BRIGHTBR,20261006,230.65,239.95,230.65,235.0,335
BRITANNIA,20261006,4779.9,4892.5,4760.1,4883.8,221171
BRNL,20261006,16.59,16.59,15.73,16.03,17457
BROOKS,20261006,56.34,59.66,54.3,59.66,58724
BSE,20261006,3209.0,3305.0,3206.5,3305.0,6869765
BSE500IETF,20261006,37.08,38.15,37.08,37.62,128912
BSHSL,20261006,83.1,83.4,79.9,80.1,12928
BSL,20261006,121.4,121.4,119.0,119.76,981
BSLGOLDETF,20261006,129.22,129.5,128.32,129.39,391297
BSLNIFTY,20261006,26.52,26.71,26.48,26.69,730654
BSLSENETFG,20261006,72.75,73.81,72.75,73.7,1987
BSOFT,20261006,276.15,281.3,273.75,279.45,1297747
BTML,20261006,7.07,7.23,6.66,6.86,286532
BTTL,20261006,39.2,39.3,39.2,39.3,644
BUILDPRO,20261006,1285.0,1321.0,1277.0,1301.5,126155
BURNPUR,20261006,13.83,13.83,13.83,13.83,7158
BUTTERFLY,20261006,553.6,553.6,539.0,543.25,20545
BVCL,20261006,41.16,41.94,40.56,41.44,27256
BYKE,20261006,29.78,29.96,29.0,29.46,22384
CALSOFT,20261006,34.59,34.82,33.2,33.44,105771
CAMLINFINE,20261006,92.19,95.69,90.9,95.0,486254
CAMPUS,20261006,204.11,209.9,202.8,208.68,470823
CAMS,20261006,688.0,693.9,678.55,693.9,1051068
CANBK,20261006,118.9,119.29,117.62,117.82,10318285
CANFINHOME,20261006,726.0,737.1,726.0,734.75,197132
CANHLIFE,20261006,141.0,143.9,138.96,143.13,619392
CANTABIL,20261006,225.9,230.14,224.85,229.84,111517
CAPACITE,20261006,180.2,186.97,178.21,184.51,977132
CAPILLARY,20261006,542.1,597.35,542.1,587.2,290150
CAPITALSFB,20261006,279.55,285.35,262.25,263.8,166208
CAPLIPOINT,20261006,2611.0,2691.2,2583.0,2679.7,110962
CAPTRUST,20261006,20.5,20.98,20.5,20.98,59977
CARBORUNIV,20261006,1285.7,1295.9,1260.1,1269.6,377930
CARERATING,20261006,1607.7,1633.7,1582.2,1588.2,38742
CARRARO,20261006,520.0,530.0,517.6,525.65,43978
CARTRADE,20261006,2943.0,2982.0,2900.6,2911.7,121721
CARYSIL,20261006,1031.0,1044.9,1022.0,1033.1,48672
CASHIETF,20261006,1082.54,1082.56,1082.54,1082.55,683722
CASTROLIND,20261006,199.99,201.25,198.74,200.2,1863669
CCAVENUE,20261006,15.03,15.49,15.03,15.35,17222230
CCCL,20261006,13.39,13.5,12.91,13.1,139257
CCHHL,20261006,12.89,13.0,12.7,12.81,4574
CCL,20261006,1048.6,1071.0,1026.6,1054.9,155651
CDSL,20261006,1255.0,1267.9,1251.5,1263.4,896613
CEATLTD,20261006,3283.4,3342.3,3278.3,3328.7,28932
CEIGALL,20261006,385.55,385.55,375.0,376.2,179646
CEINSYS,20261006,644.1,747.7,644.1,718.45,501355
CELEBRITY,20261006,6.73,6.73,6.3,6.35,33165
CELLO,20261006,340.0,388.4,340.0,369.15,20298731
CEMNTGROWW,20261006,13.82,13.82,13.51,13.64,60769
CEMPRO,20261006,1168.8,1169.0,1145.5,1159.8,130790
CENTENKA,20261006,543.5,580.1,543.4,566.6,51588
CENTEXT,20261006,18.2,18.39,17.8,17.88,121435
CENTEXT-RE,20261006,2.9,2.9,2.33,2.4,66287
CENTRALBK,20261006,30.48,30.66,30.1,30.19,3222967
CENTRUM,20261006,20.2,20.2,19.47,19.8,253359
CENTUM,20261006,4619.9,4654.9,4425.9,4451.0,81692
CENTURYPLY,20261006,680.1,699.0,674.05,679.85,100595
CERA,20261006,5006.0,5136.0,5006.0,5122.5,2628
CESC,20261006,133.75,136.12,133.55,134.43,1795373
CEWATER,20261006,257.1,261.9,256.75,260.65,18552
CFEL,20261006,43.5,45.69,43.5,45.0,3178
CGCL,20261006,247.06,248.76,241.72,246.88,5242811
CGPOWER,20261006,888.0,913.3,885.35,912.0,2540774
CGVAK,20261006,147.0,153.85,143.3,146.16,4859
CHALET,20261006,841.5,844.0,816.1,818.2,83301
CHAMBLFERT,20261006,398.35,406.0,397.95,404.8,225621
CHEMBOND,20261006,180.88,194.0,178.1,191.83,10041
CHEMBONDCH,20261006,214.0,225.59,210.2,222.94,10935
CHEMCON,20261006,214.05,219.89,214.05,217.4,31102
CHEMCRUX,20261006,80.2,80.9,77.0,80.21,5013
CHEMFAB,20261006,318.0,340.0,317.85,338.5,3982
CHEMICAL,20261006,28.09,28.82,28.09,28.63,291598
CHEMPLASTS,20261006,196.15,212.0,195.61,210.24,1032680
CHENNPETRO,20261006,1409.4,1431.0,1385.0,1405.7,949377
CHEVIOT,20261006,1166.0,1169.5,1133.0,1152.9,1698
CHOICEGOLD,20261006,144.1,146.03,143.3,145.91,5127
CHOICEIN,20261006,726.7,738.0,725.0,727.15,857731
CHOLAFIN,20261006,1606.9,1616.0,1594.3,1611.0,949646
CHOLAHLDNG,20261006,1402.4,1433.3,1402.4,1424.6,59351
CIEINDIA,20261006,376.55,380.0,375.25,379.0,95515
CIFL,20261006,20.99,21.67,20.25,20.68,250479
CINELINE,20261006,87.94,88.4,86.5,87.72,8115
CINEVISTA,20261006,14.4,14.4,13.54,13.83,7751
CIPLA,20261006,1335.0,1344.9,1323.2,1340.2,575696
CLEAN,20261006,807.55,830.8,803.55,823.15,296158
CLEANMAX,20261006,1300.0,1398.3,1300.0,1392.5,465556
CLEDUCATE,20261006,55.0,55.48,53.01,53.98,27803
CLSEL,20261006,283.9,294.9,281.5,291.95,65438
CMLL,20261006,510.5,519.5,503.7,517.2,252471
CMPDI,20261006,207.0,212.49,205.0,210.06,798679
CMRGREEN,20261006,221.01,228.0,220.49,226.63,243468
CMSINFO,20261006,219.5,221.59,218.28,220.35,335302
CNL,20261006,1063.7,1083.0,1055.1,1070.0,16254
COALINDIA,20261006,426.05,426.95,410.6,411.65,5548430
COASTCORP,20261006,36.2,36.48,35.53,36.18,24372
COCHINSHIP,20261006,1285.2,1293.1,1273.5,1282.0,860827
COCKERILL,20261006,7834.0,8004.0,7834.0,7978.5,2569
COFFEEDAY,20261006,29.6,30.52,29.1,30.03,789744
COFORGE,20261006,1859.0,1868.0,1816.6,1849.7,1921707
COHANCE,20261006,448.3,459.2,445.5,457.0,492779
COLPAL,20261006,1773.0,1809.4,1763.3,1809.4,557765
COMFINTE,20261006,6.18,6.5,6.18,6.23,123107
COMMOIETF,20261006,93.61,94.45,93.05,93.92,229895
COMPEAU,20261006,359.95,364.55,352.2,358.1,172
COMPINFO,20261006,1.05,1.09,1.05,1.08,4462
COMPUSOFT,20261006,13.0,13.35,12.65,12.9,13838
COMSYN,20261006,262.4,265.5,257.75,263.0,267609
CONCOR,20261006,441.5,446.5,440.2,445.85,929976
CONCORDBIO,20261006,1352.0,1375.0,1348.2,1368.8,41856
CONFIPET,20261006,86.0,87.8,85.16,86.67,1393957
CONS,20261006,11.32,11.45,11.28,11.4,3393
CONSOFINVT,20261006,284.95,290.0,282.0,283.2,3292
CONSUMAXIS,20261006,113.23,113.95,113.0,113.5,4209
CONSUMBEES,20261006,122.1,123.88,121.9,123.3,35903
CONSUMER,20261006,11.37,11.37,11.2,11.31,51388
CONSUMIETF,20261006,113.9,119.7,113.83,114.9,5551
CONTROLPR,20261006,621.0,625.0,614.1,622.65,13088
CORALFINAC,20261006,30.78,33.48,30.65,31.18,279647
CORDELIA,20261006,103.0,105.1,101.33,104.32,872052
CORDSCABLE,20261006,308.65,322.95,300.0,314.35,39443
COROMANDEL,20261006,1802.9,1812.8,1772.3,1788.3,149119
CORONA,20261006,2034.9,2051.6,2007.6,2038.3,26077
COSMOFIRST,20261006,822.0,833.4,815.0,829.15,23753
COUNCODOS,20261006,6.42,6.62,6.4,6.51,71617
CPCAP,20261006,135.0,161.34,135.0,154.53,462318
CPEDU,20261006,179.47,183.9,179.47,181.29,1895
CPL,20261006,62.04,63.0,61.62,62.12,14208
CPPLUS,20261006,4082.1,4188.9,3942.5,3976.0,432803
CPSEETF,20261006,90.09,90.95,89.79,89.94,489544
CRAFTSMAN,20261006,10299.0,10412.0,10200.0,10348.0,24314
CRAMC,20261006,224.6,225.56,221.65,224.88,243147
CRAVATEX,20261006,336.0,394.4,336.0,374.6,817
CREATIVEYE,20261006,5.9,6.47,5.75,5.9,21039
CREDITACC,20261006,1260.0,1286.1,1254.0,1265.8,122326
CREST,20261006,363.2,363.8,357.75,359.9,838
CRESTO,20261006,21.49,21.99,19.95,20.02,26637
CRISIL,20261006,4505.8,4549.9,4480.5,4523.3,10499
CRIZAC,20261006,169.95,172.72,167.0,168.85,98903
CROMPTON,20261006,211.0,213.06,209.92,211.98,1180238
CROWN,20261006,111.12,112.8,111.1,112.38,3230
CRSL,20261006,2.08,2.13,2.03,2.05,239117
CSBBANK,20261006,309.85,313.4,304.35,305.85,416690
CSLFINANCE,20261006,210.84,210.84,205.91,207.48,21357
CSM,20261006,93.22,94.29,92.0,92.86,44966
CTE,20261006,36.99,37.88,35.81,37.45,6495
CUB,20261006,229.5,229.74,223.05,223.75,1326402
CUBEXTUB,20261006,150.0,153.98,149.91,149.91,94259
CUMMINSIND,20261006,4832.3,4932.0,4808.0,4919.0,883370
CUPID,20261006,310.95,324.95,310.1,324.2,24176893
CURAA,20261006,72.3,72.3,72.3,72.3,14
CYBERMEDIA,20261006,18.33,18.33,17.02,17.85,12540
CYBERTECH,20261006,140.0,144.8,137.0,143.1,38204
CYIENT,20261006,1140.2,1141.3,1097.2,1119.4,550341
CYIENTDLM,20261006,946.7,964.0,934.2,939.0,235010
DABUR,20261006,377.85,393.15,375.3,388.9,2619919
DAICHI,20261006,315.0,321.75,315.0,316.5,357
DALBHARAT,20261006,1688.0,1691.7,1668.1,1682.6,25720
DALMIASUG,20261006,437.8,466.95,436.0,453.0,806757
DAMCAPITAL,20261006,147.38,153.8,146.25,152.51,402836
DAMODARIND,20261006,26.06,27.0,26.06,26.95,371
DANGEE,20261006,2.98,3.12,2.9,3.08,78767
DATAMATICS,20261006,776.65,776.65,765.0,771.2,46833
DATAPATTNS,20261006,4249.2,4320.5,4221.0,4299.2,362558
DAVANGERE,20261006,2.32,2.35,2.23,2.27,6788229
DBCORP,20261006,172.95,175.08,170.56,173.57,80253
DBEIL,20261006,6.4,6.55,6.33,6.52,1128176
DBL,20261006,396.5,402.6,394.6,400.8,58056
DBOL,20261006,126.5,138.98,126.0,137.9,1202685
DBREALTY,20261006,92.48,92.99,89.47,90.08,660832
DBSTOCKBRO,20261006,31.6,33.15,31.6,32.49,14368
DCAL,20261006,151.7,155.89,151.7,153.57,171019
DCBBANK,20261006,197.36,202.4,191.94,200.78,1579458
DCI,20261006,345.0,350.0,331.2,343.05,139887
DCM,20261006,72.55,73.6,71.41,71.96,3606
DCMFINSERV,20261006,5.02,5.3,4.9,5.21,39463
DCMNVL,20261006,175.0,175.0,170.0,172.0,2049
DCMSHRIRAM,20261006,1011.1,1017.6,982.5,988.85,406997
DCMSIL,20261006,78.0,80.65,75.9,78.87,121166
DCMSRIND,20261006,39.79,40.98,39.0,39.78,716375
DCW,20261006,45.34,46.51,44.61,46.37,1400823
DCXINDIA,20261006,158.15,161.38,157.36,160.23,156839
DDEVPLSTIK,20261006,244.15,252.76,244.15,249.79,93705
DECCANCE,20261006,555.3,562.0,551.55,556.85,7577
DECNGOLD,20261006,189.29,199.9,187.11,199.16,976493
DEEDEV,20261006,648.0,654.4,635.1,651.7,113545
DEEP,20261006,42.97,43.5,40.63,41.03,4033
DEEPA,20261006,195.45,216.4,194.0,214.04,7733667
DEEPAKFERT,20261006,1305.0,1391.9,1296.4,1385.6,875190
DEEPAKNTR,20261006,1499.9,1566.0,1498.3,1560.6,279774
DEEPINDS,20261006,742.6,765.0,734.2,748.95,205606
DEFENCE,20261006,78.21,78.21,76.76,78.1,174437
DELHIVERY,20261006,400.3,410.8,400.3,407.5,2099830
DELPHIFX,20261006,7.17,7.17,7.17,7.17,35900
DELTACORP,20261006,84.25,88.6,81.0,84.34,61115839
DELTAMAGNT,20261006,56.3,58.4,54.55,56.24,7038
DEN,20261006,25.87,26.03,24.4,25.78,411483
DENORA,20261006,732.0,747.0,723.05,729.1,5581
DENTA,20261006,264.0,265.0,260.0,263.2,42500
DEVIT,20261006,20.9,22.49,20.4,21.36,42921
DEVX,20261006,38.49,40.55,38.11,39.62,278350
DEVYANI,20261006,130.9,130.9,129.03,129.53,415065
DGCONTENT,20261006,24.91,25.98,24.5,24.73,13336
DHABRIYA,20261006,451.7,461.0,445.0,454.35,4773
DHAMPURSUG,20261006,182.0,192.0,181.33,188.81,3999385
DHANBANK,20261006,26.3,30.48,26.3,28.83,8680349
DHANUKA,20261006,915.0,921.05,895.75,909.55,40985
DHARAN,20261006,0.14,0.14,0.13,0.14,5813343
DHARMAJ,20261006,270.3,270.4,264.25,266.55,53591
DHATRE,20261006,3.91,4.07,3.91,3.93,16483
DHOOTTRANS,20261006,1540.0,1542.3,1460.1,1474.1,1176554
DHRUV,20261006,18.76,20.23,18.76,19.5,5649
DHUNINV,20261006,980.0,990.45,961.05,966.9,275
DIACABS,20261006,350.0,368.3,348.15,368.3,1146404
DIAMINESQ,20261006,235.2,258.0,235.2,244.54,32866
DIAMONDYD,20261006,1061.4,1096.0,1056.1,1088.2,15772
DICIND,20261006,600.0,624.0,597.0,619.2,1605
DIFFNKG,20261006,456.9,456.9,434.75,454.1,279011
DIGIDRIVE,20261006,17.8,18.25,17.33,17.95,4048
DIGISPICE,20261006,15.4,15.54,14.9,15.12,35098
DIGITIDE,20261006,75.0,75.0,73.0,74.01,141105
DIGJAMLMTD,20261006,47.61,48.2,47.5,47.52,5177
DISAQ,20261006,11365.0,11732.0,11208.0,11540.0,83
DISHTV,20261006,2.14,2.14,2.1,2.12,892250
DIVGIITTS,20261006,1120.0,1143.0,1100.0,1119.2,71946
DIVIDEND,20261006,32.95,33.9,32.95,33.74,4091
DIVISLAB,20261006,9210.0,9557.5,9165.0,9550.0,465106
DIVOPPBEES,20261006,72.79,72.79,72.07,72.21,36074
DIXON,20261006,12751.0,13039.0,12660.0,13015.0,175676
DJML,20261006,73.05,74.2,72.61,73.87,64590
DLF,20261006,673.0,675.5,664.95,666.1,3799738
DLINKINDIA,20261006,411.75,420.95,410.5,419.95,37393
DMART,20261006,3545.3,3595.0,3521.0,3581.9,827372
DMCC,20261006,323.3,374.15,323.0,355.8,2942524
DNAMEDIA,20261006,2.35,2.45,2.35,2.42,47647
DODLA,20261006,1015.6,1023.6,1007.2,1019.9,7697
DOLATALGO,20261006,63.93,63.93,61.9,62.46,111249
DOLLAR,20261006,275.0,282.0,273.6,278.55,68600
DOLLEX,20261006,39.87,39.87,36.0,36.92,21502
DOLPHIN,20261006,619.7,656.05,615.0,643.35,103424
DOMS,20261006,2079.8,2085.0,2065.0,2073.2,11709
DONEAR,20261006,81.48,81.48,80.25,80.39,4046
DPABHUSHAN,20261006,2098.6,2190.0,1917.5,2174.0,530780
DPSCLTD,20261006,6.62,6.89,6.49,6.56,162647
DPWIRES,20261006,212.23,234.7,199.0,221.54,1732403
DRAGARWQ,20261006,5215.0,5323.5,5161.0,5195.0,1620
DRCSYSTEMS,20261006,12.87,13.33,12.8,12.92,47066
DREAMFOLKS,20261006,61.0,62.37,60.0,60.66,65169
DREDGECORP,20261006,904.3,922.85,899.2,909.0,69081
DRREDDY,20261006,1207.0,1212.7,1195.0,1208.0,1638100
DSFCL,20261006,28.0,28.9,27.55,27.94,44546
DSKULKARNI,20261006,27.12,27.12,27.12,27.12,1129
DSSL,20261006,960.0,1013.05,960.0,1013.05,34564
DTIL,20261006,157.86,157.86,152.6,154.0,1881
DUCON,20261006,1.42,1.42,1.42,1.42,314932
DVL,20261006,273.3,279.0,273.3,278.6,2212
DWARKESH,20261006,45.15,47.59,45.13,46.86,6280361
DYCL,20261006,437.9,450.0,433.35,446.05,208326
DYNAMATECH,20261006,14300.0,14409.0,14111.0,14279.0,25746
DYNPRO,20261006,225.58,225.59,220.0,221.55,4792
E2E,20261006,665.0,688.9,662.0,688.9,857233
EASEMYTRIP,20261006,5.77,5.84,5.76,5.8,5918087
EASTSILK,20261006,69.34,69.99,67.2,67.2,1891
EASTWEST,20261006,2.35,2.36,2.2,2.22,113939
EBANK10,20261006,16.19,16.3,16.05,16.3,21
EBANKNIFTY,20261006,55.99,55.99,55.54,55.7,4682
EBBETF0430,20261006,1637.72,1637.72,1603.8,1607.48,13199
EBBETF0431,20261006,1431.0,1432.0,1425.5,1427.32,13373
EBBETF0433,20261006,1301.59,1303.97,1296.91,1301.26,2861
EBGNG,20261006,700.0,712.0,648.7,685.15,783243
EBIX,20261006,17.5,17.5,16.88,17.01,13725
ECAPINSURE,20261006,23.29,23.5,22.51,23.35,65357
ECLERX,20261006,1884.0,1936.4,1878.0,1917.2,184481
ECORECO,20261006,429.9,442.0,418.0,438.7,11679
ECOSMOBLTY,20261006,106.6,114.89,105.0,110.42,175431
EDELWEISS,20261006,136.12,138.19,133.8,135.53,2547963
EFCIL,20261006,170.0,173.8,165.94,170.1,480175
EGOLD,20261006,146.9,147.15,145.75,147.05,444585
EICHERMOT,20261006,7065.0,7074.5,6976.0,7051.0,233372
EIDPARRY,20261006,698.0,710.7,695.0,699.2,314300
EIEL,20261006,182.38,186.4,182.38,185.54,1234338
EIFFL,20261006,257.4,267.55,257.4,259.5,1400
EIHAHOTELS,20261006,294.4,299.7,293.0,297.8,10394
EIHOTEL,20261006,300.8,301.75,297.8,300.7,96830
EIMCOELECO,20261006,2251.4,2415.9,2251.4,2371.8,81588
EKC,20261006,104.5,108.5,104.5,106.54,114189
EKI,20261006,93.06,93.06,88.41,88.41,18606
ELANTAS,20261006,13261.0,14097.0,13261.0,13937.0,6923
ELCIDIN,20261006,102000.0,102975.0,98005.0,102975.0,10
ELDEHSG,20261006,785.0,789.75,766.15,785.2,41
ELECON,20261006,446.4,449.7,440.4,446.3,307847
ELECTCAST,20261006,75.44,80.98,74.77,78.97,7872274
ELECTHERM,20261006,725.4,755.8,711.1,735.25,57868
ELEVATE,20261006,339.0,341.9,327.05,337.75,2160676
ELGIEQUIP,20261006,590.8,601.95,587.5,599.25,316791
ELGIRUBCO,20261006,52.5,59.8,51.61,55.97,256656
ELIN,20261006,78.97,80.7,78.1,78.84,120244
ELIQUID,20261006,1050.68,1050.68,1050.67,1050.67,68894
ELITECON,20261006,7.4,7.49,7.2,7.24,8019054
ELLEN,20261006,330.1,353.8,330.1,348.2,694949
ELM250,20261006,15.6,15.82,15.58,15.8,31418
ELMDIV,20261006,34.55,34.62,34.34,34.49,335
ELPROINTL,20261006,173.72,174.75,172.08,174.39,1613
EMAMILTD,20261006,377.9,387.5,374.0,384.0,2900756
EMAMIPAP,20261006,116.38,116.38,113.6,115.2,12243
EMAMIREAL,20261006,69.0,69.9,66.5,68.43,5789
EMBDL,20261006,56.3,58.64,56.3,57.33,1258961
EMCURE,20261006,1937.1,1954.9,1890.0,1922.4,379767
EMETAL,20261006,12.58,12.67,12.57,12.57,12129
EMIL,20261006,206.0,209.9,199.42,201.42,6266534
EMKAY,20261006,283.8,289.0,281.0,285.6,16864
EMMBI,20261006,85.0,88.3,85.0,88.15,7258
EMMVEE,20261006,297.0,299.3,293.1,296.5,1073102
EMPIND,20261006,1051.9,1054.0,1035.0,1040.0,9488
EMPOWER,20261006,1.69,1.69,1.65,1.68,30334293
EMSLIMITED,20261006,329.0,340.45,329.0,334.25,112594
EMUDHRA,20261006,599.0,610.0,593.0,607.9,267269
EMULTIMQ,20261006,40.14,40.65,40.12,40.56,18853
ENDURANCE,20261006,2530.0,2553.2,2512.0,2516.0,75266
ENERGY,20261006,36.84,37.28,36.84,37.21,112302
ENERGYAXIS,20261006,18.59,18.59,18.37,18.42,8261
ENERGYDEV,20261006,14.54,14.8,14.21,14.36,7848
ENEXT50,20261006,69.7,69.92,69.5,69.92,595
ENGINERSIN,20261006,309.0,320.8,306.4,313.3,5178995
ENIFTY,20261006,22.87,23.02,22.87,23.02,2412
ENIL,20261006,94.3,94.3,91.6,92.24,4896
ENKEIWHEL,20261006,392.0,392.0,382.25,386.6,3389
ENRIN,20261006,3333.0,3354.9,3288.2,3307.5,288526
ENTERO,20261006,1702.0,1744.0,1682.7,1721.6,63943
EPACK,20261006,168.13,175.0,168.13,173.75,300391
EPACKPEB,20261006,249.75,252.79,245.98,247.82,361765
EPIGRAL,20261006,1007.4,1062.0,1005.8,1036.2,67127
EPL,20261006,237.4,239.0,232.29,237.23,1423426
EQUAL200,20261006,13.07,13.14,13.06,13.13,27110
EQUAL50,20261006,310.43,316.64,310.43,312.6,20652
EQUAL50ADD,20261006,323.77,325.6,321.28,323.46,8527
EQUIPPP,20261006,21.85,22.5,21.85,22.5,1849
EQUITASBNK,20261006,68.28,69.42,67.84,67.96,626333
ERIS,20261006,1188.6,1201.3,1175.0,1184.7,47481
ESABINDIA,20261006,5516.0,5619.0,5513.0,5608.0,2318
ESAFSFB,20261006,43.18,43.45,41.79,42.15,353896
ESCORTS,20261006,2820.9,2867.0,2785.3,2811.7,106436
ESDS,20261006,1294.3,1294.3,1294.3,1294.3,151322
ESENSEX,20261006,73.46,73.64,73.0,73.64,876
ESG,20261006,38.19,39.6,38.19,38.88,35325
ESILVER,20261006,220.69,221.24,218.0,220.35,41159
ESSARSHPNG,20261006,17.06,17.55,16.36,16.72,385151
ESSENTIA,20261006,1.01,1.03,1.01,1.01,646672
ESTER,20261006,93.6,96.96,93.5,93.87,127496
ETERNAL,20261006,322.5,330.2,319.1,329.0,27075757
ETHOSLTD,20261006,2608.0,2646.3,2590.0,2621.2,112877
EUREKAFORB,20261006,343.9,354.6,342.15,353.8,129684
EUROBOND,20261006,148.89,148.89,141.2,143.4,6632
EUROPRATIK,20261006,184.7,185.18,176.88,180.02,241612
EUROTEXIND,20261006,17.33,17.33,15.7,16.33,35577
EVEREADY,20261006,321.0,321.9,315.3,320.1,58694
EVERESTIND,20261006,470.0,524.0,465.0,515.95,52175
EVIETF,20261006,30.61,30.9,29.97,30.28,225495
EVINDIA,20261006,30.0,30.34,29.98,30.28,80305
EXCELINDUS,20261006,920.1,928.4,910.55,924.1,6357
EXCELSOFT,20261006,80.09,83.34,79.82,82.1,419250
EXICOM,20261006,150.7,157.75,150.7,156.17,535223
EXIDEIND,20261006,405.2,410.4,403.75,405.75,1097415
EXPLEOSOL,20261006,868.7,888.0,867.0,878.85,18786
EXXARO,20261006,6.24,6.69,6.07,6.14,765535
FABTECH,20261006,143.4,143.4,140.0,141.04,40571
FACT,20261006,739.9,765.0,732.05,759.0,131471
FAIRCHEMOR,20261006,682.0,703.8,667.5,679.3,131897
FAZE3Q,20261006,420.0,450.0,420.0,445.75,35186
FCL,20261006,54.08,59.43,54.08,59.2,41395324
FCSSOFT,20261006,1.38,1.42,1.38,1.41,2086137
FDC,20261006,333.8,338.0,332.05,333.65,113050
FEDDERSHOL,20261006,64.23,75.99,63.05,64.25,46653683
FEDERALBNK,20261006,328.1,329.55,319.25,320.0,4338051
FEDFINA,20261006,149.65,151.94,149.5,150.72,530026
FEL,20261006,0.39,0.39,0.37,0.37,477406
FELDVR,20261006,2.06,2.06,1.94,1.96,2976
FERMENTA,20261006,558.0,582.65,552.0,569.45,672393
FIBERWEB,20261006,26.2,27.17,25.38,26.47,11945
FIEMIND,20261006,1774.2,1799.9,1760.0,1779.5,45396
FILATEX,20261006,103.89,112.8,103.89,111.36,4466335
FILATFASH,20261006,0.18,0.19,0.18,0.18,14862657
FINCABLES,20261006,1467.3,1495.5,1444.0,1474.0,537623
FINEORG,20261006,5208.0,5590.0,5208.0,5537.0,79818
FINIETF,20261006,30.12,30.75,30.12,30.43,243361
FINKURVE,20261006,68.55,69.87,68.55,69.31,7535
FINOPB,20261006,130.0,130.8,127.88,128.29,71195
FINPIPE,20261006,149.31,155.0,149.31,154.72,489277
FIRSTCRY,20261006,174.0,178.85,172.62,177.57,2105882
FISCHER,20261006,33.0,33.39,32.41,33.14,169925
FIVESTAR,20261006,519.1,529.0,510.35,514.35,567661
FLAIR,20261006,229.0,229.0,225.2,227.84,34809
FLEXIADD,20261006,9.45,9.7,9.41,9.5,218189
FLEXITUFF,20261006,3.13,3.13,3.13,3.13,5199
FLFL,20261006,1.01,1.06,1.01,1.02,93999
FLUOROCHEM,20261006,4458.2,4646.9,4430.2,4577.2,181004
FMCGADD,20261006,44.91,45.35,44.76,45.27,3874
FMCGIETF,20261006,48.86,48.86,47.72,48.39,707110
FMGOETZE,20261006,440.9,451.5,440.9,448.5,84880
FMNL,20261006,8.14,8.21,7.8,7.96,45775
FOCUS,20261006,56.5,57.0,55.02,55.95,16468
FOODSIN,20261006,50.0,51.64,49.5,50.78,110532
FORCEMOT,20261006,16650.0,17110.0,16608.0,17110.0,65477
FORTIS,20261006,770.0,770.2,756.3,764.0,1246982
FOSECOIND,20261006,6366.5,6463.5,6271.0,6440.0,10288
FRACTAL,20261006,725.05,745.5,722.0,742.15,447908
FREDUN,20261006,1356.0,1424.9,1356.0,1406.7,82965
FRONTSP,20261006,1387.4,1418.0,1385.0,1392.5,12486
FSL,20261006,258.65,262.0,256.55,260.25,666701
FUSION,20261006,168.54,172.91,167.99,169.0,263346
GABRIEL,20261006,1321.6,1359.9,1314.5,1352.9,205619
GAEL,20261006,158.47,163.5,157.51,162.81,557617
GAIL,20261006,168.4,172.08,167.04,172.08,6945149
GAJA,20261006,135.12,142.95,135.12,141.71,724573
GALAPREC,20261006,1160.0,1170.9,1152.1,1161.0,11857
GALAXYSURF,20261006,2346.5,2448.0,2346.5,2442.4,99858
GALLANTT,20261006,532.4,541.9,522.5,530.05,65236
GANDHAR,20261006,280.35,284.7,278.05,282.5,417903
GANDHITUBE,20261006,997.95,998.15,972.0,981.5,6439
GANECOS,20261006,966.6,995.0,963.6,990.1,31822
GANESHBE,20261006,112.28,112.28,112.28,112.28,614880
GANESHCP,20261006,149.13,150.49,144.75,145.47,220535
GANESHHOU,20261006,700.0,720.75,700.0,713.65,24071
GANGAFORGE,20261006,1.51,1.53,1.46,1.52,2034924
GANGESSECU,20261006,112.78,116.99,112.77,115.82,3461
GARFIBRES,20261006,770.6,777.35,755.0,770.05,33904
GARUDA,20261006,171.5,174.5,171.3,173.36,197928
GATECH,20261006,0.69,0.7,0.65,0.65,14069480
GATECHDVR,20261006,0.48,0.48,0.46,0.47,186706
GATEWAY,20261006,51.49,52.2,50.8,50.91,1670348
GAUDIUMIVF,20261006,105.89,110.39,103.51,109.28,320982
GAYAHWS,20261006,1.72,1.79,1.69,1.78,130336
GAYAPROJ,20261006,21.78,21.85,20.59,21.46,696467
GCSL,20261006,685.0,696.25,685.0,693.05,225480
GEECEE,20261006,366.0,379.5,366.0,369.6,1547
GEEKAYWIRE,20261006,31.7,33.98,31.57,32.72,260564
GEMAROMA,20261006,154.99,154.99,149.49,152.23,69256
GENCON,20261006,38.73,39.2,37.55,37.78,862741
GENESYS,20261006,288.4,304.1,285.1,301.05,941604
GENSOL,20261006,13.13,13.18,12.35,12.35,313864
GENUSPAPER,20261006,10.5,10.95,10.25,10.57,63755
GENUSPOWER,20261006,281.05,309.7,280.25,307.2,3898293
GEOJITFSL,20261006,77.39,79.0,76.51,78.68,287810
GERMAN,20261006,129.62,131.0,117.4,118.12,4202220
GESHIP,20261006,1565.0,1565.1,1523.4,1532.6,740133
GFLLIMITED,20261006,55.0,56.25,54.71,55.86,41479
GFSTEELS,20261006,39.83,39.83,39.83,39.83,47277
GHCL,20261006,402.0,415.0,400.0,408.85,104349
GHCLTEXTIL,20261006,129.53,132.0,128.25,131.58,280004
GICHSGFIN,20261006,134.28,136.8,132.43,134.48,150050
GICL,20261006,21.17,21.9,20.3,21.05,81380
GICRE,20261006,318.6,321.55,313.5,314.25,745898
GILLANDERS,20261006,119.8,119.8,111.3,111.77,16537
GILLETTE,20261006,6995.5,7114.5,6909.5,7057.0,17258
GILT10BETA,20261006,26.45,26.45,26.14,26.45,163
GILT5BETA,20261006,66.2,66.39,66.0,66.0,2532
GILT5YBEES,20261006,65.42,65.69,65.42,65.54,227991
GINNIFILA,20261006,39.15,41.0,39.15,40.96,26290
GIPCL,20261006,176.69,179.39,173.05,174.06,420544
GKB,20261006,63.0,63.0,58.25,61.76,8922
GKENERGY,20261006,110.37,115.51,110.37,114.45,291340
GKSL,20261006,190.34,196.5,185.0,193.62,2244596
GKWLIMITED,20261006,1540.0,1568.9,1540.0,1545.4,6435
GLAND,20261006,2921.1,3019.8,2898.1,3006.1,373873
GLASSWALL,20261006,254.7,280.0,253.8,275.75,9294421
GLAXO,20261006,2738.8,2762.9,2707.0,2755.0,39214
GLENMARK,20261006,2312.2,2320.0,2277.3,2311.0,493823
GLFL,20261006,5.17,5.43,5.0,5.39,1038
GLOBAL,20261006,141.0,145.25,140.0,142.62,209802
GLOBALE,20261006,10.3,10.67,10.0,10.65,2796
GLOBALVECT,20261006,132.08,133.28,129.02,130.77,6016
GLOBE,20261006,2.07,2.14,2.01,2.08,449279
GLOBECIVIL,20261006,42.0,43.25,41.25,42.29,22554
GLOBUSSPR,20261006,794.9,819.0,789.85,812.7,73168
GLOSTERLTD,20261006,550.0,556.9,543.75,551.6,619
GLOTTIS,20261006,57.99,58.9,57.04,58.34,37743
GMBREW,20261006,947.9,985.0,945.0,981.35,66739
GMDCLTD,20261006,490.0,498.9,488.0,491.55,816501
GMMPFAUDLR,20261006,1381.0,1451.0,1380.9,1425.7,228112
GMRAIRPORT,20261006,93.0,93.97,92.47,93.06,13287023
GMRP&UI,20261006,102.05,105.16,101.06,102.23,2198701
GNA,20261006,589.8,619.85,578.55,615.8,895341
GNFC,20261006,589.0,633.6,587.1,629.5,2291498
GNRL,20261006,96.91,99.2,95.89,98.79,162237
GOACARBON,20261006,405.0,422.0,399.2,414.65,28864
GOCLCORP,20261006,347.0,375.0,347.0,372.45,141669
GOCOLORS,20261006,292.0,311.9,292.0,306.45,123956
GODAVARIB,20261006,225.01,231.5,224.73,228.57,54485
GODFRYPHLP,20261006,1900.0,1900.0,1872.6,1900.0,146492
GODIGIT,20261006,258.6,259.95,256.85,258.6,123612
GODREJAGRO,20261006,645.0,651.0,636.0,648.1,172003
GODREJCP,20261006,846.4,872.5,838.2,872.5,1398890
GODREJIND,20261006,1037.9,1054.0,1022.5,1045.0,42487
GODREJPROP,20261006,1597.1,1620.0,1583.7,1610.0,371383
GOKEX,20261006,672.75,691.7,672.75,682.75,364832
GOKUL,20261006,37.9,38.9,37.9,38.78,172634
GOKULAGRO,20261006,211.89,213.0,206.22,210.95,274499
GOLD1,20261006,122.4,122.86,121.66,122.72,2150532
GOLD360,20261006,143.4,143.65,142.15,143.25,6085
GOLDADD,20261006,14.28,14.3,14.17,14.29,16128252
GOLDAXIS,20261006,122.14,122.4,121.3,122.34,1062940
GOLDBEES,20261006,121.05,121.55,120.5,121.46,15580041
GOLDBETA,20261006,123.45,123.85,122.7,123.75,573104
GOLDBND,20261006,145.05,147.0,144.91,146.97,17655
GOLDCASE,20261006,23.09,23.17,22.95,23.14,43919555
GOLDENTOBC,20261006,23.57,24.49,22.41,22.74,1251
GOLDETF,20261006,142.57,143.2,141.83,142.99,1471383
GOLDIAM,20261006,310.2,321.3,310.2,317.5,319497
GOLDIETF,20261006,125.67,125.94,124.81,125.85,4880737
GOLDTECH,20261006,42.07,42.99,42.07,42.07,17349
GOODLUCK,20261006,482.75,495.2,482.75,491.3,222669
GOODYEAR,20261006,685.65,691.95,682.1,685.95,5035
GOPAL,20261006,253.85,258.2,252.55,255.85,82025
GOYALALUM,20261006,5.95,5.98,5.75,5.91,34113
GPIL,20261006,212.9,220.85,211.77,218.98,2728607
GPPL,20261006,168.43,171.0,166.69,168.21,1125256
GPTHEALTH,20261006,148.42,151.18,147.1,148.01,50028
GPTINFRA,20261006,120.38,122.29,120.0,121.62,148536
GRADIENTE,20261006,2.47,2.59,2.36,2.57,795138
GRANDOAK,20261006,36.5,36.98,34.66,36.17,1916
GRANULES,20261006,818.0,839.0,814.75,836.4,518092
GRAPHITE,20261006,821.0,861.5,817.05,851.2,2456818
GRASIM,20261006,2988.0,2988.7,2935.6,2969.0,359655
GRAUWEIL,20261006,82.7,83.53,82.01,82.32,239964
GRAVISSHO,20261006,31.75,32.0,30.75,30.76,3093
GRAVITA,20261006,1432.9,1528.0,1428.5,1500.9,796225
GREAVESCOT,20261006,220.5,226.5,220.11,222.78,1018671
GREENLAM,20261006,212.0,214.4,209.2,212.02,52267
GREENPANEL,20261006,159.01,160.7,157.42,159.92,281448
GREENPLY,20261006,309.8,316.9,305.1,315.3,196749
GREENPOWER,20261006,8.65,8.8,8.65,8.74,1136066
GRINDWELL,20261006,2023.1,2066.5,1992.0,2033.1,40139
GRINFRA,20261006,793.45,824.5,788.7,815.0,19600
GRMOVER,20261006,79.0,79.79,78.49,79.04,1056604
GROBTEA,20261006,872.8,900.0,872.8,873.95,107
GROWW,20261006,188.0,194.5,187.57,193.19,41408393
GROWWCAPM,20261006,11.1,11.19,10.87,11.15,853914
GROWWCHEM,20261006,28.49,28.74,28.19,28.53,9548
GROWWDEFNC,20261006,92.79,94.21,91.21,93.91,193774
GROWWEV,20261006,30.22,30.59,29.89,30.33,202152
GROWWGOLD,20261006,14.33,14.38,14.24,14.35,2322289
GROWWHOSPI,20261006,47.88,47.88,46.24,46.66,464735
GROWWLIQID,20261006,111.03,111.04,111.03,111.03,91752
GROWWLOVOL,20261006,9.78,9.99,9.7,9.89,7534
GROWWMC150,20261006,219.58,220.92,218.27,220.9,1058
GROWWMETAL,20261006,11.6,12.11,11.6,11.97,150772
GROWWMOM50,20261006,10.6,10.76,10.5,10.72,68984
GROWWN200,20261006,10.71,10.83,10.55,10.76,20480
GROWWNET,20261006,10.05,10.32,9.98,10.26,549310
GROWWNIFTY,20261006,9.32,9.32,9.11,9.22,468342
GROWWNXT50,20261006,70.6,71.48,69.3,70.73,4191
GROWWPOWER,20261006,10.93,11.03,10.83,11.01,1358202
GROWWPSE,20261006,91.89,94.98,91.89,94.5,1453
GROWWPSUBK,20261006,81.48,81.64,79.25,80.43,3904
GROWWRAIL,20261006,26.21,26.33,25.94,26.05,357632
GROWWRLTY,20261006,9.44,9.64,9.32,9.45,219880
GROWWSC250,20261006,10.43,10.43,10.11,10.38,191013
GROWWSLVR,20261006,21.53,21.61,21.37,21.59,958820
GRPLTD,20261006,1877.2,1909.1,1850.0,1853.0,754
GRSE,20261006,2120.0,2143.6,2109.1,2137.3,287612
GRWRHITECH,20261006,6800.0,7129.5,6771.0,7102.5,91391
GSEC10ABSL,20261006,111.22,111.22,111.22,111.22,90
GSEC10ADD,20261006,26.5,26.5,26.5,26.5,2014
GSEC10IETF,20261006,261.5,262.22,259.1,259.19,4361
GSEC10YEAR,20261006,30.33,30.33,29.73,29.79,4454
GSEC5IETF,20261006,66.04,66.19,65.28,65.64,20748
GSFC,20261006,148.0,153.95,148.0,153.47,963097
GSLSU,20261006,29.83,29.99,28.01,28.89,37399
GSPCROP,20261006,455.05,484.0,452.85,476.65,250131
GSPLTRANS,20261006,123.82,123.82,123.82,123.82,592716
GSS,20261006,10.3,10.49,10.11,10.13,14564
GTECJAINX,20261006,39.55,39.55,35.79,36.19,60594
GTL,20261006,6.76,6.9,6.75,6.86,222012
GTLINFRA,20261006,1.06,1.1,1.05,1.09,24823552
GTPL,20261006,54.47,55.48,54.47,54.68,16120
GUFICBIO,20261006,419.7,432.4,414.8,427.8,68074
GUJALKALI,20261006,609.5,620.6,602.55,613.1,44900
GUJAPOLLO,20261006,341.0,349.5,336.55,346.7,12346
GUJENERGY,20261006,231.91,234.66,229.0,229.97,4815989
GUJRAFFIA,20261006,39.6,42.38,39.6,41.86,5526
GUJTHEM,20261006,372.05,393.15,372.05,390.0,224486
GULFOILLUB,20261006,1070.0,1095.0,1070.0,1087.9,22705
GULFPETRO,20261006,61.75,63.45,60.0,62.52,80476
GULPOLY,20261006,160.7,168.9,160.69,167.92,117697
GVKPIL,20261006,2.42,2.42,2.42,2.42,234688
GVPIL,20261006,718.0,739.0,700.0,734.85,421992
GVPTECH,20261006,7.52,7.73,7.15,7.31,27384
GVT&D,20261006,4242.0,4285.7,4228.4,4245.1,614818
GYFTR,20261006,157.86,175.1,157.86,169.3,1294182
HAL,20261006,4680.0,4837.1,4680.0,4816.0,935720
HALDER,20261006,258.12,266.0,255.23,263.84,2684
HALDYNGL,20261006,144.95,144.95,140.3,142.27,43552
HALEOSLABS,20261006,1560.0,1596.9,1560.0,1587.8,782
HAMPTON,20261006,8.4,8.4,7.87,8.09,3587
HAPPSTMNDS,20261006,305.05,306.7,302.05,303.35,276347
HAPPYFORGE,20261006,2040.0,2040.0,1950.0,1989.4,185386
HARDWYN,20261006,9.41,9.99,9.11,9.22,826036
HARIOMPIPE,20261006,328.0,339.95,325.0,336.5,78836
HARRMALAYA,20261006,178.5,178.5,172.7,175.08,8051
HARSHA,20261006,465.8,468.9,460.25,464.65,78390
HATHWAY,20261006,9.37,10.0,9.37,9.8,2497478
HATSUN,20261006,1143.5,1175.0,1137.3,1150.0,24484
HAVELLS,20261006,1050.0,1057.0,1039.6,1057.0,946495
HAVISHA,20261006,1.36,1.52,1.26,1.36,74614
HAWKINCOOK,20261006,8053.0,8099.0,7961.5,8009.5,831
HAZOOR,20261006,18.11,18.3,17.57,18.0,2456480
HBESD,20261006,86.0,90.97,73.99,75.03,180036
HBLENGINE,20261006,767.0,771.2,762.0,764.3,620183
HBPOR,20261006,59.45,62.89,59.08,59.27,196
HBSL,20261006,56.0,58.4,55.82,57.91,4061
HCC,20261006,20.06,20.56,20.06,20.26,11477346
HCG,20261006,678.5,683.8,652.8,680.55,115342
HCL-INSYS,20261006,9.92,10.49,9.92,10.15,148330
HCLTECH,20261006,1202.0,1208.9,1188.2,1204.4,2002132
HDBFS,20261006,626.0,629.0,613.05,616.75,943452
HDFCAMC,20261006,2359.0,2366.9,2336.1,2352.4,885381
HDFCBANK,20261006,705.6,714.7,701.0,711.45,26568270
HDFCBSE500,20261006,35.66,35.75,35.38,35.71,1003242
HDFCGOLD,20261006,125.3,125.72,124.57,125.61,3814587
HDFCGROWTH,20261006,109.08,111.65,109.08,109.72,15007
HDFCLIFE,20261006,533.45,551.4,528.05,543.95,8334621
HDFCLIQUID,20261006,1080.77,1080.92,1080.61,1080.91,46756
HDFCLOWVOL,20261006,19.15,19.43,19.15,19.35,1418
HDFCMID150,20261006,22.5,22.77,22.0,22.2,272593
HDFCMOMENT,20261006,29.96,30.25,29.71,30.13,173732
HDFCNEXT50,20261006,71.22,71.65,70.61,71.54,79683
HDFCNIF100,20261006,24.46,24.74,24.45,24.62,31920
HDFCNIFBAN,20261006,56.19,56.88,56.19,56.61,80567
HDFCNIFIT,20261006,30.15,30.31,29.81,29.94,118523
HDFCNIFTY,20261006,254.91,257.58,254.29,256.42,1368678
HDFCNIMEG,20261006,125.61,126.38,125.16,125.71,100633
HDFCPSUBK,20261006,81.06,82.05,80.5,80.82,28643
HDFCPVTBAN,20261006,27.31,27.72,27.31,27.57,168807
HDFCQUAL,20261006,55.02,55.54,55.01,55.45,3447
HDFCSENSEX,20261006,82.02,82.91,82.02,82.75,41455
HDFCSILVER,20261006,210.41,210.79,208.21,210.63,2776923
HDFCSML250,20261006,177.84,181.9,177.84,180.96,4177041
HDFCVALUE,20261006,118.64,119.14,118.46,118.58,12239
HDIL,20261006,1.49,1.5,1.41,1.44,95603
HEADSUP,20261006,6.55,6.55,6.2,6.52,3719
HEALTHADD,20261006,16.05,16.69,15.99,16.25,82750
HEALTHAXIS,20261006,162.25,164.12,161.91,163.78,2581
HEALTHCARE,20261006,20.4,21.57,20.4,21.02,11356
HEALTHIETF,20261006,164.46,170.0,162.35,165.45,104323
HEALTHX,20261006,277.0,285.85,276.0,284.95,7721
HEALTHY,20261006,16.76,16.76,16.31,16.57,427669
HECPROJECT,20261006,110.9,115.49,110.9,112.79,3866
HEGAM,20261006,235.59,256.47,235.59,252.21,4802303
HEIDELBERG,20261006,130.49,130.95,127.41,127.78,275926
HEMIPROP,20261006,111.53,113.88,111.5,113.53,195940
HERANBA,20261006,167.15,173.9,166.2,169.0,30617
HERITGFOOD,20261006,394.6,408.4,392.0,406.1,271576
HEROMOTOCO,20261006,5095.0,5113.5,5041.0,5075.0,388296
HEROMOTORS,20261006,168.4,169.63,163.33,167.52,52806263
HESTERBIO,20261006,2130.0,2184.9,2090.2,2174.1,4424
HEXAGON,20261006,70.29,73.25,68.8,71.13,1499472
HEXATRADEX,20261006,157.0,157.0,152.28,155.85,2219
HEXT,20261006,499.5,504.0,490.3,500.3,99472
HFCL,20261006,262.78,262.78,256.0,262.78,6656282
HGINFRA,20261006,403.8,425.75,398.55,417.2,470243
HGM,20261006,39.0,41.95,38.98,39.28,4397
HGS,20261006,364.0,366.4,360.1,361.4,13171
HIKAL,20261006,215.3,227.16,213.21,226.43,608833
HILINFRA,20261006,44.7,45.71,43.66,45.36,145388
HILTON,20261006,16.99,17.18,16.62,16.75,54257
HIMATSEIDE,20261006,64.0,65.95,63.86,65.36,356115
HINDADH,20261006,388.0,390.6,380.15,384.35,1531
HINDALCO,20261006,945.35,950.4,935.1,940.5,2991457
HINDALUMI,20261006,91.83,92.84,89.99,90.32,2250
HINDCOMPOS,20261006,406.0,406.0,397.0,401.45,13778
HINDCON,20261006,30.06,30.06,30.06,30.06,23518
HINDCOPPER,20261006,483.9,487.6,480.25,485.5,3645773
HINDOILEXP,20261006,164.01,167.79,164.01,166.35,254603
HINDPETRO,20261006,344.05,351.75,343.45,351.0,3973902
HINDUNILVR,20261006,1847.9,1895.2,1834.2,1895.2,1576062
HINDWAREAP,20261006,173.13,173.13,170.0,170.75,59957
HINDZINC,20261006,564.15,567.4,557.05,557.65,2198787
HIRECT,20261006,1102.0,1157.0,1088.4,1146.8,46766
HISARMETAL,20261006,146.0,147.0,145.3,145.3,242
HITECH,20261006,72.85,76.24,72.2,74.68,6307495
HITECHCORP,20261006,340.0,344.4,340.0,342.4,30000
HITECHGEAR,20261006,590.4,613.8,555.4,568.9,10320
HLEGLAS,20261006,424.05,447.1,424.05,447.1,134283
HLVLTD,20261006,6.12,6.33,6.05,6.13,199838
HMAAGRO,20261006,23.4,24.74,23.31,24.56,2144577
HMT,20261006,58.99,59.98,57.0,58.53,9014
HMVL,20261006,78.25,79.8,72.2,74.91,110904
HNDFDS,20261006,570.0,591.0,570.0,584.75,68825
HNGSNGBEES,20261006,469.0,469.0,458.03,460.99,63065
HOMEFIRST,20261006,1091.3,1118.0,1091.3,1111.5,212389
HONASA,20261006,449.0,493.0,446.7,478.3,24467750
HONAUT,20261006,34000.0,34080.0,33600.0,33780.0,2116
HONDAPOWER,20261006,1865.2,1914.9,1850.0,1885.9,2399
HORIZONIND,20261006,47.6,51.08,47.06,49.2,6215607
HPAL,20261006,34.4,34.69,33.3,34.37,43421
HPIL,20261006,115.0,117.98,113.75,116.49,486
HPL,20261006,263.0,277.0,263.0,272.7,119882
HRYNSHP,20261006,96.65,96.65,95.87,95.9,296
HSBCGOLD,20261006,126.55,128.08,126.55,128.02,1507
HSCL,20261006,664.0,670.0,661.3,668.55,1016587
HTEL,20261006,70.53,75.81,70.53,73.81,1595964
HTMEDIA,20261006,22.14,23.15,22.0,22.99,46073
HUBTOWN,20261006,169.11,174.65,168.01,170.0,598209
HUDCO,20261006,162.95,165.8,155.8,161.04,9805265
HUHTAMAKI,20261006,230.0,235.0,228.0,233.45,48214
HYBRIDETF,20261006,9.78,9.86,9.64,9.83,131241
HYBRIDFIN,20261006,17.43,17.89,16.81,17.56,4344
HYUNDAI,20261006,2008.1,2014.0,1975.0,1989.0,432970
IBULLSLTD,20261006,29.8,30.95,29.7,30.95,18672512
ICDSLTD,20261006,44.61,45.01,44.2,44.27,953
ICEMAKE,20261006,623.75,638.8,620.95,631.2,11370
ICICIAMC,20261006,3062.2,3085.0,3040.0,3071.5,275856
ICICIB22,20261006,112.08,112.08,109.64,110.0,803316
ICICIBANK,20261006,1330.1,1343.5,1327.9,1342.8,12201451
ICICIGI,20261006,1595.0,1606.0,1576.0,1598.3,333763
ICICIPRULI,20261006,458.0,462.9,453.55,459.5,595212
ICIL,20261006,449.0,475.0,448.9,473.15,981220
ICRA,20261006,4297.5,4396.8,4271.7,4356.7,20311
IDBI,20261006,86.1,87.25,84.82,87.01,7936021
IDEA,20261006,12.77,13.22,12.76,13.21,337226121
IDEAFORGE,20261006,700.0,728.0,695.85,723.4,229168
IDFCFIRSTB,20261006,81.98,82.29,78.89,81.56,29054579
IDFNIFTYET,20261006,255.94,255.94,247.55,251.47,1341
IEX,20261006,105.3,105.48,104.41,104.86,2589786
IFBAGRO,20261006,872.0,883.0,863.1,874.15,1401
IFBIND,20261006,1188.0,1218.8,1177.8,1212.3,18184
IFCI,20261006,64.85,66.08,63.9,65.51,29555126
IFGLEXPOR,20261006,183.86,186.89,179.1,180.65,34436
IGARASHI,20261006,390.6,417.4,389.65,401.4,187399
IGCL,20261006,52.6,58.0,52.6,57.36,412022
IGIL,20261006,316.4,321.35,313.05,319.6,436001
IGL,20261006,142.1,142.43,140.32,141.38,1219033
IGPL,20261006,550.5,599.9,550.5,589.5,175561
IIFL,20261006,601.65,603.7,590.45,601.7,1097013
IIFLCAPS,20261006,346.0,346.0,343.6,345.15,154566
IITL,20261006,133.5,137.0,128.0,132.25,100782
IKIO,20261006,192.0,198.2,192.0,195.87,80513
IKS,20261006,1758.1,1777.1,1745.5,1761.0,66106
IL&FSENGG,20261006,39.78,40.05,39.0,39.54,142150
IL&FSTRANS,20261006,1.98,1.98,1.91,1.94,23767
IMAGICAA,20261006,48.76,50.29,48.76,49.92,435420
IMFA,20261006,1159.1,1195.0,1158.9,1190.6,78676
IMPAL,20261006,1034.3,1050.0,1027.1,1036.5,725
INA,20261006,84.59,85.34,83.4,83.81,478784
INCREDIBLE,20261006,32.25,32.25,31.12,31.42,754
INDBANK,20261006,25.2,25.5,24.88,25.23,35543
INDGN,20261006,595.0,598.4,591.0,596.3,133215
INDHOTEL,20261006,720.3,736.0,720.3,736.0,2461719
INDIACEM,20261006,299.75,303.15,294.15,295.25,139497
INDIAGLYCO,20261006,305.0,324.75,303.05,318.95,613990
INDIAMART,20261006,1584.0,1616.0,1584.0,1592.9,41629
INDIANB,20261006,812.0,819.0,807.7,813.0,888598
INDIANCARD,20261006,190.0,190.0,184.83,187.86,216
INDIANHUME,20261006,337.7,342.5,333.6,341.2,40380
INDIASHLTR,20261006,641.0,648.3,635.0,636.35,37403
INDIGO,20261006,4954.9,5057.6,4925.1,5050.5,613781
INDIGOPNTS,20261006,1045.0,1069.2,1032.5,1062.4,40882
INDIQUBE,20261006,196.03,199.58,195.51,197.32,13399
INDNIPPON,20261006,1233.7,1248.5,1215.1,1241.7,24214
INDOAMIN,20261006,146.9,168.0,145.69,161.16,8043089
INDOBORAX,20261006,465.7,497.6,459.0,491.75,194721
INDOCO,20261006,248.15,249.95,244.5,247.15,168290
INDOFARM,20261006,131.7,137.0,130.11,134.32,165385
INDOKEM,20261006,614.95,614.95,592.1,596.85,3482
INDOMIM,20261006,1329.9,1360.0,1305.0,1350.2,953041
INDORAMA,20261006,93.68,96.34,92.42,95.1,603328
INDOSTAR,20261006,206.56,207.9,197.58,199.55,161211
INDOTECH,20261006,3275.4,3400.0,3275.4,3352.8,22557
INDOTHAI,20261006,37.59,38.78,37.09,38.78,552471
INDOUS,20261006,78.92,78.92,73.99,75.53,6111
INDOWIND,20261006,8.55,8.8,8.5,8.56,85003
INDPRUD,20261006,6400.0,6400.0,6050.0,6299.5,227
INDRAMEDCO,20261006,334.0,336.55,327.35,335.15,209881
INDSWFTLAB,20261006,388.7,401.5,386.9,400.45,369560
INDTERRAIN,20261006,29.04,29.73,29.04,29.22,16070
INDUSINDBK,20261006,886.0,907.0,883.55,906.1,2405486
INDUSTOWER,20261006,382.8,392.3,382.7,389.1,5484978
INFOBEAN,20261006,150.0,150.65,147.01,149.46,116776
INFOMEDIA,20261006,5.47,5.47,5.15,5.21,10232
INFRA,20261006,11.54,11.6,11.53,11.59,7326
INFRABEES,20261006,898.85,914.79,897.54,909.15,18900
INFRAIETF,20261006,90.15,91.13,89.52,90.52,48309
INFY,20261006,1018.0,1020.5,1003.15,1013.85,8252213
INGERRAND,20261006,4154.0,4187.9,4117.0,4130.8,5472
INNOVACAP,20261006,1145.4,1159.2,1115.0,1141.8,71879
INNOVANA,20261006,298.25,303.45,292.9,294.85,22993
INNOVISION,20261006,254.0,258.1,252.2,256.5,7240
INOXGREEN,20261006,149.95,152.2,144.1,146.59,2572640
INOXINDIA,20261006,2125.0,2146.0,2068.0,2077.3,331952
INOXWIND,20261006,68.01,70.24,67.51,68.7,10428766
INSECTICID,20261006,583.95,585.0,579.25,584.15,7785
INSPIRISYS,20261006,84.0,85.79,82.6,83.76,1388
INSUREIETF,20261006,14.62,14.95,14.49,14.72,1433175
INTELLECT,20261006,600.0,608.0,595.0,601.4,288653
INTENTECH,20261006,80.18,84.5,80.18,84.1,94403
INTERARCH,20261006,1678.3,1709.9,1661.7,1685.6,57491
INTERNET,20261006,13.55,13.79,13.55,13.78,214061
INTLCONV,20261006,80.86,81.8,80.0,80.02,19239
INVENTURE,20261006,0.85,0.86,0.85,0.85,472880
INVPRECQ,20261006,1655.0,1675.0,1560.0,1571.3,6162
IOB,20261006,31.4,31.62,30.94,31.46,2269424
IOC,20261006,131.0,131.6,129.55,131.6,6515655
IOLCP,20261006,206.5,216.55,204.73,214.9,3889322
IONEXCHANG,20261006,402.85,411.0,399.65,409.2,113442
IPCALAB,20261006,1951.2,1965.0,1932.0,1945.5,271603
IPL,20261006,129.0,133.3,127.5,132.6,220828
IPRINGLTD,20261006,137.15,144.0,137.0,143.67,834
IRB,20261006,16.92,18.23,16.84,17.84,14815112
IRCON,20261006,106.98,109.58,106.46,107.86,2577615
IRCTC,20261006,452.8,460.05,451.5,454.8,718299
IREDA,20261006,110.0,110.23,108.8,109.0,3014460
IRFC,20261006,76.98,78.07,76.33,77.1,6659066
IRIS,20261006,220.22,226.99,217.8,221.57,18132
IRISDOREME,20261006,60.35,60.58,58.2,58.45,130667
IRMENERGY,20261006,256.2,264.45,256.2,262.1,37776
ISFT,20261006,99.5,100.49,97.11,98.32,8338
ISGEC,20261006,899.6,913.45,898.0,905.0,52570
ISHANCH,20261006,47.39,48.96,46.05,47.92,10450
ISTLTD,20261006,622.3,651.45,620.55,637.2,871
IT,20261006,31.32,31.98,31.0,31.19,340246
ITADD,20261006,29.96,29.99,29.67,29.79,14482
ITAXIS,20261006,310.98,310.98,307.42,307.77,3520
ITBEES,20261006,31.56,31.57,31.07,31.17,5346868
ITBETA,20261006,297.6,297.6,294.68,295.0,207
ITC,20261006,269.0,269.4,263.95,266.7,22132738
ITCHOTELS,20261006,159.5,160.8,158.3,160.21,1237693
ITDC,20261006,664.8,678.0,662.4,675.25,74057
ITETF,20261006,30.1,30.24,29.63,29.72,442262
ITI,20261006,241.0,253.98,241.0,247.84,567023
ITIETF,20261006,31.56,31.56,31.1,31.22,233795
ITL,20261006,356.0,370.0,352.05,366.75,1583
IVALUE,20261006,226.02,232.56,226.01,229.45,93436
IVC,20261006,7.98,8.1,7.85,8.0,161487
IVP,20261006,220.26,230.12,220.26,228.92,20377
IVZBANKNF,20261006,54.57,55.14,54.57,55.12,330
IVZINGOLD,20261006,126.3,128.6,126.3,128.2,126913
IVZINNIFTY,20261006,265.7,265.7,258.62,261.31,127
IVZSENSEX,20261006,72.5,74.66,72.38,73.2,716
IWP,20261006,39.0,39.0,35.85,37.38,16737
IXIGO,20261006,161.03,161.83,158.24,160.13,1707336
IZMO,20261006,870.0,875.95,860.6,864.3,43464
J&KBANK,20261006,141.5,142.25,139.0,139.5,1505658
JAGRAN,20261006,61.33,62.14,61.33,61.72,99565
JAGSNPHARM,20261006,228.9,235.99,227.01,233.63,58557
JAIBALAJI,20261006,62.49,64.17,61.53,64.17,469887
JAICORPLTD,20261006,89.46,90.4,88.36,90.17,301894
JAINREC,20261006,291.85,292.9,288.6,290.15,439000
JAIPURKURT,20261006,25.51,28.0,25.51,27.37,99083
JAMNAAUTO,20261006,136.0,145.44,134.45,144.21,6124884
JARO,20261006,405.7,416.9,405.7,413.85,112093
JASH,20261006,600.0,600.0,586.0,594.95,176581
JAYAGROGN,20261006,213.8,221.49,213.8,219.16,7595
JAYBARMARU,20261006,129.8,134.37,126.7,134.37,809825
JAYKAY,20261006,230.33,243.89,228.01,240.02,6303237
JAYNECOIND,20261006,91.0,95.31,90.75,94.45,3108994
JAYSREETEA,20261006,83.9,87.26,82.62,85.74,24644
JBMA,20261006,544.55,559.45,544.35,555.65,252185
JENBURPH,20261006,900.4,920.85,893.05,905.55,1456
JETFREIGHT,20261006,19.85,20.24,19.46,19.8,104313
JGCHEM,20261006,611.0,668.5,611.0,665.45,750821
JHS,20261006,10.39,10.75,10.01,10.36,214870
JINDALPHOT,20261006,1024.5,1049.8,1012.0,1024.8,1695
JINDALPOLY,20261006,655.45,670.0,647.15,658.35,13687
JINDALSAW,20261006,276.5,283.7,274.75,282.4,1056608
JINDALSTEL,20261006,1090.0,1090.0,1034.8,1085.9,4442649
JINDRILL,20261006,588.0,593.0,584.6,590.7,94159
JINDWORLD,20261006,45.37,45.97,45.1,45.39,1298991
JIOFIN,20261006,212.9,219.38,211.7,217.9,16691895
JISLDVREQS,20261006,18.99,19.39,18.6,18.96,7394
JISLJALEQS,20261006,26.86,27.1,26.5,26.65,1608630
JITFINFRA,20261006,270.9,278.0,268.0,275.1,9775
JKCEMENT,20261006,4952.5,5000.0,4945.5,4960.0,9886
JKIL,20261006,453.7,455.3,445.15,448.3,52805
JKIPL,20261006,94.83,97.98,94.5,95.52,4014
JKLAKSHMI,20261006,467.05,486.0,467.05,478.45,114155
JKPAPER,20261006,387.5,400.75,385.65,393.45,307769
JKTYRE,20261006,340.3,342.25,338.05,339.35,354281
JLHL,20261006,258.85,258.85,252.0,253.85,46251
JMA,20261006,87.07,88.8,86.0,86.92,8435
JMFINANCIL,20261006,123.25,125.25,123.0,124.0,1300787
JNKINDIA,20261006,436.95,443.65,429.05,440.95,59918
JNPR,20261006,271.3,284.5,271.2,280.6,766346
JOCIL,20261006,147.84,149.69,147.0,148.47,937
JPOLYINVST,20261006,892.9,929.0,892.9,923.9,2637
JPPOWER,20261006,15.0,15.23,14.96,15.0,30812762
JSFB,20261006,498.6,503.1,496.5,499.85,340187
JSIPL,20261006,186.12,186.12,186.12,186.12,24283
JSL,20261006,742.5,759.6,742.05,750.95,476717
JSLL,20261006,450.95,456.7,440.0,441.25,742814
JSWCEMENT,20261006,111.35,113.6,110.48,113.2,1257168
JSWDULUX,20261006,2970.0,3019.8,2955.1,3004.8,17773
JSWENERGY,20261006,492.0,505.2,490.65,494.9,3951551
JSWHL,20261006,11380.0,11445.0,11265.0,11313.0,2550
JSWINFRA,20261006,361.5,366.95,359.4,363.05,2318315
JSWSTEEL,20261006,1241.9,1261.5,1233.5,1259.6,1326118
JTEKTINDIA,20261006,114.05,115.95,113.55,115.38,65534
JTLIND,20261006,84.9,86.54,83.57,84.53,3609155
JUBLCPL,20261006,2023.6,2063.9,1994.7,2003.5,4932
JUBLFOOD,20261006,445.55,462.1,444.45,449.75,1587592
JUBLINGREA,20261006,633.2,647.9,629.15,644.25,188089
JUBLPHARMA,20261006,982.0,996.6,970.1,989.2,174777
JUNIORBEES,20261006,753.2,761.23,743.0,758.79,404843
JUNIPER,20261006,218.9,220.59,214.81,218.36,110549
JUSTDIAL,20261006,651.0,661.95,650.0,658.95,52473
JWL,20261006,223.5,226.9,221.78,224.64,775749
JYOTHYLAB,20261006,181.5,183.93,180.94,183.32,128353
JYOTICNC,20261006,1042.7,1077.0,1029.1,1073.1,557011
JYOTIRES,20261006,840.0,850.0,832.0,849.6,4245
JYOTISTRUC,20261006,8.61,8.99,8.61,8.94,3309242
KABRAEXTRU,20261006,795.4,824.9,771.05,815.7,51133
KAJARIACER,20261006,1218.0,1229.8,1197.1,1213.8,388375
KAKATCEM,20261006,105.9,108.6,104.0,105.44,3216
KALAMANDIR,20261006,75.69,77.9,75.12,77.36,488052
KALPATARU,20261006,274.6,275.45,268.6,269.8,77594
KALYANIFRG,20261006,915.0,933.9,891.0,905.0,3045
KALYANKJIL,20261006,557.0,581.9,546.55,548.15,14873008
KAMAHOLD,20261006,2260.0,2319.0,2230.2,2253.3,1608
KAMANWALA,20261006,17.8,17.8,16.6,17.4,299
KAMATHOTEL,20261006,249.65,264.89,249.64,258.82,574646
KAMDHENU,20261006,37.15,37.94,36.41,37.31,716062
KAMOPAINTS,20261006,4.11,4.19,4.1,4.11,120710
KANANIIND,20261006,1.31,1.37,1.26,1.35,100373
KANCHI,20261006,375.0,381.45,365.1,371.65,1771
KANCOTEA,20261006,54.0,54.0,48.33,50.47,482
KANOHAR,20261006,1037.0,1047.6,915.0,942.5,11936772
KANORICHEM,20261006,186.7,187.35,175.01,182.1,28727
KANPRPLA,20261006,256.7,257.0,245.0,250.9,9852
KANSAINER,20261006,178.95,184.85,176.09,184.0,331156
KAPSTON,20261006,555.0,555.0,541.35,547.25,49283
KARAMTARA,20261006,421.0,444.0,414.1,438.8,3070483
KARMAENG,20261006,35.0,36.9,35.0,36.28,1261
KARURVYSYA,20261006,324.55,329.35,323.0,325.2,1631557
KAUSHALYA,20261006,834.0,843.9,804.05,822.7,188
KAVDEFENCE,20261006,83.9,85.55,83.9,85.55,167209
KAYA,20261006,300.3,308.9,295.0,305.55,8502
KAYNES,20261006,3430.8,3430.8,3333.0,3405.0,908631
KCP,20261006,155.6,158.99,151.35,154.41,200701
KCPSUGIND,20261006,25.6,26.69,24.15,24.43,463776
KDDL,20261006,3963.2,4073.9,3958.9,3999.9,19017
KDGREEN,20261006,46.83,51.43,46.83,49.19,47418
KEC,20261006,373.7,376.95,369.05,374.9,941989
KECL,20261006,127.6,129.3,124.13,128.11,151467
KEEPLEARN,20261006,1.79,1.95,1.7,1.79,80648
KEI,20261006,4626.2,4639.0,4557.4,4557.4,413199
KELLTONTEC,20261006,12.12,12.5,12.1,12.41,1263362
KENNAMET,20261006,4193.6,4301.9,4193.6,4268.6,18118
KERNEX,20261006,1660.0,1770.0,1658.9,1749.7,208295
KESORAMIND,20261006,10.27,10.76,10.27,10.76,595493
KEYFINSERV,20261006,247.9,247.9,235.33,241.53,631
KFINTECH,20261006,870.0,887.0,858.65,863.8,518303
KHADIM,20261006,114.9,115.0,114.7,114.7,4001
KHAICHEM,20261006,48.85,48.99,48.01,48.73,130507
KHAITANLTD,20261006,143.0,146.9,139.4,145.6,1721
KHANDSE,20261006,17.58,17.58,16.52,16.97,153
KICL,20261006,4664.0,4837.5,4664.0,4808.3,686
KILITCH,20261006,244.0,267.8,236.3,260.7,661834
KIMS,20261006,710.15,711.95,691.0,693.4,913768
KINGFA,20261006,6700.0,6996.0,6676.5,6932.0,24558
KIOCL,20261006,326.2,347.95,324.3,344.6,139535
KIRANVYPAR,20261006,178.19,182.9,176.0,177.05,997
KIRIINDUS,20261006,544.0,567.7,544.0,564.1,712617
KIRLFER,20261006,461.1,475.05,461.1,472.75,57417
KIRLOSBROS,20261006,1746.5,1765.0,1735.1,1745.3,26434
KIRLOSENG,20261006,2258.8,2275.5,2221.0,2266.1,392965
KIRLOSIND,20261006,3529.0,3600.5,3471.0,3542.5,8925
KIRLPNU,20261006,675.0,714.45,672.5,710.85,250315
KISSHT,20261006,381.0,384.75,375.3,383.1,692711
KITEX,20261006,117.71,121.48,116.84,118.96,266370
KJMCFIN,20261006,59.32,59.32,57.2,59.03,737
KKCL,20261006,475.0,475.95,461.55,474.55,14216
KLBRENG-B,20261006,523.0,537.0,520.0,528.4,147354
KMCSHIL,20261006,171.39,171.39,165.5,170.36,346101
KMEW,20261006,3028.0,3242.0,2996.1,3202.3,268808
KMSUGAR,20261006,27.16,27.49,26.3,26.53,117055
KNACK,20261006,190.45,201.32,188.15,197.34,2606145
KNAGRI,20261006,201.7,209.1,201.7,205.0,4087
KNRCON,20261006,111.96,116.41,111.96,115.65,1452660
KOHINOOR,20261006,29.02,29.69,28.71,28.89,105472
KOKUYOCMLN,20261006,75.82,76.0,74.0,74.57,23294
KOLTEPATIL,20261006,427.5,437.2,427.15,433.55,55259
KOPRAN,20261006,268.7,274.7,265.0,269.6,359825
KOTAKBANK,20261006,422.0,435.3,421.3,431.9,40021922
KOTARISUG,20261006,25.5,26.99,25.5,26.15,46264
KOTHARIPET,20261006,127.59,129.59,125.6,127.53,42054
KOTHARIPRO,20261006,65.76,65.76,63.5,64.64,1756
KOTIC,20261006,150.24,152.47,146.0,147.33,4545
KOTYARK,20261006,28.86,30.25,26.51,29.98,516636
KOVAI,20261006,5925.5,5994.0,5924.0,5936.0,4135
KPEL,20261006,215.0,217.89,212.1,215.47,207525
KPIGREEN,20261006,326.3,335.45,319.1,326.8,1238987
KPIL,20261006,1378.8,1490.0,1378.8,1451.5,652356
KPITTECH,20261006,490.3,497.9,488.3,492.7,965926
KPL,20261006,3644.2,3777.0,3580.5,3745.0,29281
KPRMILL,20261006,1080.5,1103.0,1074.1,1100.4,75276
KRBL,20261006,382.5,402.45,381.55,389.15,688266
KREBSBIO,20261006,63.65,63.65,57.2,58.86,81033
KRIDHANINF,20261006,1.93,1.93,1.88,1.88,9034
KRISHANA,20261006,190.0,196.5,186.52,193.66,1697639
KRISHIVAL,20261006,406.05,408.0,403.5,404.45,2752
KRISHNADEF,20261006,1294.0,1329.0,1226.1,1312.3,1729929
KRITI,20261006,61.99,61.99,58.15,60.03,7079
KRITIKA,20261006,4.99,4.99,4.7,4.95,55178
KRITINUT,20261006,70.11,72.72,70.11,72.61,9501
KRN,20261006,1402.2,1462.3,1400.0,1462.3,105952
KRONOX,20261006,196.81,206.65,191.3,206.65,39741
KROSS,20261006,253.6,256.2,244.75,253.2,458241
KRSNAA,20261006,558.95,564.0,550.0,552.7,33501
KRYSTAL,20261006,654.65,674.0,640.0,656.65,15827
KSB,20261006,805.0,814.3,793.05,809.1,139737
KSCL,20261006,702.85,723.55,702.05,717.45,170806
KSE,20261006,173.0,178.8,173.0,176.86,6800
KSHINTL,20261006,1036.0,1054.8,1025.0,1034.1,281870
KSHITIJPOL,20261006,3.57,3.93,3.57,3.64,20575662
KSL,20261006,923.0,949.0,923.0,942.8,65980
KSOLVES,20261006,246.97,251.0,245.0,248.96,21403
KSR,20261006,38.35,39.99,38.0,38.3,18875
KTKBANK,20261006,329.0,329.9,323.0,324.25,1512757
KUANTUM,20261006,77.43,77.57,74.6,75.31,66071
KUSUMGAR,20261006,603.0,631.95,601.2,611.0,329899
KWIL,20261006,38.1,38.87,37.99,38.29,5805866
LADDERUP,20261006,50.25,52.2,50.25,52.2,33
LAGNAM,20261006,76.7,76.7,68.83,73.59,1365
LAHOTIOV,20261006,39.03,40.0,39.0,39.12,5017
LAKPRE,20261006,5.0,5.25,5.0,5.25,331
LAKSHMIMIL,20261006,7800.0,7991.5,7600.0,7733.5,115
LAL,20261006,8.45,8.79,8.36,8.5,13135
LALITHAA,20261006,395.8,408.25,389.95,405.45,2951065
LALPATHLAB,20261006,1993.2,2018.7,1945.9,1964.2,245709
LAMBODHARA,20261006,126.6,142.0,126.6,135.95,67140
LANCER,20261006,11.49,11.49,11.16,11.28,184522
LANCORHOL,20261006,31.84,32.5,31.06,32.21,25327
LANDMARK,20261006,475.0,484.0,469.85,480.6,71976
LANDSMILL,20261006,1.02,1.05,0.93,0.93,11262310
LAOPALA,20261006,154.0,159.9,154.0,159.07,125550
LARGEMID50,20261006,34.51,34.63,34.46,34.63,25
LASERPOWER,20261006,271.0,279.95,265.85,278.8,681633
LATENTVIEW,20261006,237.0,238.77,232.5,233.28,267880
LATTEYS,20261006,20.41,23.98,20.41,21.89,135856
LAURUSLABS,20261006,1968.9,2054.9,1958.0,2050.0,2197316
LAXMICOT,20261006,12.91,13.29,12.43,12.63,8119
LAXMIDENTL,20261006,190.54,192.38,188.21,190.53,34854
LAXMIINDIA,20261006,114.4,114.96,111.0,111.59,110943
LCCINFOTEC,20261006,3.78,3.78,3.53,3.59,69594
LCCPROJECT,20261006,142.03,146.9,138.8,144.08,1374162
LCL,20261006,582.7,634.45,581.55,627.55,2300964
LEAPIND,20261006,142.88,145.48,141.94,142.48,1035046
LEENEE,20261006,7.49,7.79,7.12,7.39,13445
LEMERITE,20261006,20.6,20.6,19.4,19.8,142615
LEMONTREE,20261006,107.86,110.5,107.5,110.12,4208738
LENSKART,20261006,692.15,695.0,682.5,684.85,2891155
LEXUS,20261006,10.91,10.93,10.5,10.81,11175
LFIC,20261006,128.0,133.0,127.2,130.42,434
LGBBROSLTD,20261006,1674.9,1674.9,1640.0,1657.8,27432
LGEINDIA,20261006,1775.0,1789.6,1750.0,1758.6,687055
LGHL,20261006,224.0,224.0,210.0,213.69,18433
LIBAS,20261006,11.42,12.0,11.0,11.51,128333
LIBERTSHOE,20261006,212.44,219.5,211.71,218.57,14502
LICHSGFIN,20261006,505.3,507.55,498.85,502.0,1198970
LICI,20261006,390.0,392.2,386.5,390.0,3373619
LICMFGOLD,20261006,132.3,132.35,131.25,132.0,77864
LICNETFGSC,20261006,29.25,29.25,28.99,29.02,5566
LICNETFN50,20261006,255.04,255.84,253.87,255.83,80
LICNETFSEN,20261006,866.0,866.0,823.0,823.0,2
LICNFNHGP,20261006,261.09,266.28,261.04,262.4,83
LICNMID100,20261006,59.22,59.85,59.07,59.62,2932
LIKHITHA,20261006,225.47,228.68,223.51,226.66,24710
LINC,20261006,87.53,88.6,87.0,88.25,4395
LINCOLN,20261006,573.4,586.65,569.2,577.8,15982
LINDEINDIA,20261006,6030.0,6171.0,6029.5,6152.5,17348
LIQGRWBEES,20261006,1058.3,1058.32,1058.3,1058.31,85518
LIQUID,20261006,999.99,1000.0,999.99,999.99,104280
LIQUID1,20261006,1133.66,1133.66,1125.66,1125.67,748917
LIQUIDADD,20261006,1147.86,1147.88,1147.86,1147.87,260081
LIQUIDBEES,20261006,999.99,1000.01,999.99,999.99,2902299
LIQUIDBETA,20261006,1010.85,1010.85,1010.85,1010.85,1
LIQUIDBETF,20261006,1101.75,1101.77,1101.75,1101.75,218906
LIQUIDCASE,20261006,116.25,116.25,116.23,116.23,22378418
LIQUIDETF,20261006,1000.0,1000.01,999.99,1000.0,124477
LIQUIDIETF,20261006,999.99,1000.01,999.99,999.99,209100
LIQUIDPLUS,20261006,1107.99,1111.63,1104.99,1106.32,411888
LIQUIDSBI,20261006,999.99,1000.01,999.99,999.99,2452
LIQUIDSHRI,20261006,1124.4,1124.42,1124.4,1124.42,11502
LKPSEC,20261006,14.58,14.58,13.8,14.3,9479
LLOYDSENGG,20261006,102.86,103.79,99.63,101.15,10878549
LLOYDSENT,20261006,80.04,81.84,78.17,78.83,3341137
LLOYDSME,20261006,1834.0,1869.0,1827.1,1858.2,569041
LMW,20261006,16620.0,17101.0,16534.0,16910.0,3635
LODHA,20261006,1125.0,1141.9,1119.3,1135.6,1572481
LOKESHMACH,20261006,438.7,471.2,431.25,455.7,687289
LORDSCHLO,20261006,138.2,145.25,137.35,139.21,37635
LOTUSCHO,20261006,562.0,585.0,549.0,579.65,6149
LOTUSDEV,20261006,237.89,248.1,230.83,244.73,1512350
LOTUSEYE,20261006,114.85,115.8,114.85,115.37,12509
LOVABLE,20261006,69.0,70.5,68.25,69.0,2810
LOWVOL,20261006,196.04,196.04,191.64,193.43,709
LOWVOL1,20261006,19.71,20.18,19.61,19.85,784855
LOWVOLIETF,20261006,20.76,20.81,20.56,20.69,1227270
LOYALTEX,20261006,205.2,207.0,205.2,207.0,11
LPDC,20261006,6.29,6.3,6.15,6.23,20099
LT,20261006,3742.5,3774.1,3730.0,3770.0,1994276
LTF,20261006,264.0,265.3,261.4,264.4,3148329
LTFOODS,20261006,405.8,416.6,405.45,408.15,285857
LTGILTBEES,20261006,28.49,29.58,28.49,29.54,2142939
LTGILTCASE,20261006,30.13,30.13,30.04,30.08,321728
LTM,20261006,4011.9,4036.2,3952.1,3971.1,176859
LTTS,20261006,3219.5,3258.3,3185.0,3246.0,40233
LUMAXIND,20261006,5439.5,5510.5,5396.0,5435.5,7818
LUMAXTECH,20261006,1990.0,1990.0,1842.5,1856.9,311867
LUMINO,20261006,99.48,103.1,97.5,101.67,5939874
LUPIN,20261006,2011.0,2031.4,2003.0,2029.3,1066347
LUXIND,20261006,1169.7,1195.0,1165.0,1177.0,25557
LXCHEM,20261006,177.15,190.9,177.15,188.86,4355804
LYKALABS,20261006,77.48,78.39,75.0,75.26,42595
M&M,20261006,2849.0,2866.0,2837.3,2855.0,2611087
M&MFIN,20261006,327.0,329.85,322.3,327.75,1798943
MAANALU,20261006,106.0,106.57,103.1,105.03,43861
MACPOWER,20261006,2198.5,2198.5,2044.1,2090.1,44507
MADHAV,20261006,33.6,35.44,33.6,33.93,10225
MADHAVIPL,20261006,7.26,7.45,7.21,7.35,76389
MADHUCON,20261006,3.88,4.05,3.79,3.96,24076
MADRASFERT,20261006,58.4,59.5,57.61,58.98,30663
MAFANG,20261006,263.9,283.35,259.21,276.13,1473840
MAFATIND,20261006,111.0,116.8,109.81,115.64,37850
MAGADSUGAR,20261006,547.5,566.6,542.85,552.45,57458
MAGNUM,20261006,18.17,18.6,18.05,18.19,5858
MAHABANK,20261006,81.0,81.3,80.02,80.8,8455689
MAHAPEXLTD,20261006,51.0,51.99,49.23,50.84,1786
MAHASTEEL,20261006,1162.0,1162.0,1131.4,1139.3,892
MAHEPC,20261006,96.75,99.8,95.18,98.97,10718
MAHESHWARI,20261006,72.48,72.48,70.53,71.44,999
MAHKTECH,20261006,22.1,22.44,21.99,22.25,477678
MAHLIFE,20261006,351.0,353.7,346.05,352.2,101799
MAHLOG,20261006,403.5,417.25,403.5,415.05,89588
MAHSCOOTER,20261006,12465.0,12567.0,12281.0,12315.0,5136
MAHSEAMLES,20261006,686.1,696.0,683.0,685.7,219713
MAITHANALL,20261006,914.9,923.7,908.05,911.0,26492
MAJESAUT,20261006,360.5,370.5,360.5,369.15,1540
MAKEINDIA,20261006,156.82,157.92,154.97,157.0,21627
MAKERSL,20261006,177.01,186.99,177.0,183.0,296
MALLCOM,20261006,912.35,924.75,892.2,903.3,5552
MALUPAPER,20261006,31.19,32.94,30.95,32.4,13408
MAMATA,20261006,404.9,404.9,394.0,395.65,73276
MANAKALUCO,20261006,33.4,34.44,33.1,33.24,35396
MANAKCOAT,20261006,126.1,131.49,125.95,129.32,367367
MANAKSIA,20261006,58.8,59.79,57.57,59.05,50235
MANAKSTEEL,20261006,103.45,108.88,100.35,108.88,51919
MANALIPETC,20261006,88.0,92.8,87.45,92.36,10482494
MANAPPURAM,20261006,311.4,312.95,305.95,310.2,3956853
MANBA,20261006,140.08,142.0,138.5,141.35,43633
MANCREDIT,20261006,225.9,238.0,221.41,231.9,213610
MANGALAM,20261006,29.01,32.0,28.98,31.86,50506
MANGLMCEM,20261006,990.0,994.65,982.25,988.1,24374
MANIKA,20261006,43.5,51.73,42.55,51.52,8545846
MANINDS,20261006,885.1,928.0,882.05,922.05,456249
MANINFRA,20261006,123.3,124.99,122.35,123.24,1146888
MANIPALHOS,20261006,675.6,695.0,668.05,690.5,822841
MANKIND,20261006,2481.0,2508.9,2464.5,2500.0,297524
MANOMAY,20261006,240.7,242.65,235.65,240.14,174673
MANORAMA,20261006,1960.0,1999.8,1960.0,1985.6,207581
MANORG,20261006,431.0,444.85,426.1,436.1,7004
MANUFGBEES,20261006,153.49,156.0,153.38,155.23,2710
MANUGRAPH,20261006,16.29,16.58,15.6,16.45,40356
MANYAVAR,20261006,516.0,529.0,500.15,505.4,187727
MAPMYINDIA,20261006,882.9,900.9,867.2,896.6,81899
MARALOVER,20261006,58.5,59.0,57.0,57.99,3906
MARATHON,20261006,381.4,386.6,373.2,374.6,163989
MARICO,20261006,796.95,796.95,784.5,794.15,1467158
MARINE,20261006,473.85,490.0,461.4,478.85,2220066
MARKOLINES,20261006,169.81,170.69,168.73,170.41,52816
MARKSANS,20261006,332.75,341.95,322.2,324.4,3112693
MARSONS,20261006,114.63,122.73,114.31,119.24,3015676
MARUTI,20261006,11485.0,11625.0,11451.0,11625.0,263958
MASFIN,20261006,265.0,269.9,265.0,266.9,94219
MASKINVEST,20261006,142.0,147.49,140.0,147.49,93
MASPTOP50,20261006,108.16,117.79,106.02,111.05,2426241
MASTEK,20261006,1604.5,1624.7,1591.1,1616.3,66881
MASTERTR,20261006,81.8,83.23,81.68,82.62,127755
MATRIMONY,20261006,508.6,521.4,503.15,509.6,7753
MAWANASUG,20261006,148.96,152.99,145.92,147.89,436659
MAXESTATES,20261006,564.0,578.45,559.4,564.95,111480
MAXHEALTH,20261006,921.55,921.6,892.25,902.5,2407174
MAXIND,20261006,150.0,168.0,150.0,165.84,422790
MAYURUNIQ,20261006,713.0,766.0,710.05,761.15,181493
MAZDA,20261006,284.0,289.9,275.55,283.4,18785
MAZDOCK,20261006,2080.0,2111.0,2078.8,2101.0,403608
MBAPL,20261006,164.0,167.5,164.0,166.95,444655
MBECL,20261006,513.9,513.9,493.8,493.8,18808
MBEL,20261006,246.2,258.25,246.2,255.41,116396
MBLINFRA,20261006,23.16,25.09,23.16,25.05,209858
MCCHRLS-B,20261006,665.0,679.0,620.0,674.25,460
MCL,20261006,53.49,54.97,52.8,54.82,58157
MCLEODRUSS,20261006,41.57,43.65,41.52,42.6,206559
MCLOUD,20261006,24.88,25.05,24.45,24.85,1349922
MCX,20261006,3195.0,3323.0,3185.0,3310.0,1520917
MEDANTA,20261006,1336.1,1344.7,1282.0,1300.8,378275
MEDIASSIST,20261006,299.9,308.35,297.0,306.25,183195
MEDICAMEQ,20261006,308.0,317.85,304.0,311.95,14802
MEDICAPQ,20261006,24.26,24.99,24.26,24.99,705
MEDICO,20261006,21.94,22.4,21.21,22.17,125095
MEDPLUS,20261006,649.9,655.55,642.1,651.45,121423
MEESHO,20261006,229.0,244.0,228.51,238.22,39917541
MEGASTAR,20261006,267.87,297.65,263.11,289.97,6688
MEIL,20261006,256.65,268.5,256.65,263.45,52828
MENNPIS,20261006,70.98,70.98,70.0,70.19,14117
MENONBE,20261006,285.0,309.65,285.0,304.95,189774
MEP,20261006,0.66,0.67,0.66,0.67,39561
MERCANTILE,20261006,22.45,23.79,22.0,22.85,4008
MERCURYEV,20261006,37.0,37.89,36.75,36.97,95003
METAL,20261006,12.92,12.92,12.57,12.72,1523264
METALIETF,20261006,12.71,12.72,12.55,12.63,4178947
METROBRAND,20261006,822.95,822.95,807.3,818.85,32863
METROGLOBL,20261006,134.0,134.0,127.1,130.0,455
METROPOLIS,20261006,565.35,565.35,537.6,552.65,367729
MFML,20261006,18.5,19.54,18.16,19.19,478
MFSL,20261006,1350.0,1362.7,1330.2,1361.0,2855802
MGEL,20261006,15.68,16.08,15.41,15.78,578303
MGL,20261006,1041.5,1048.4,1033.0,1039.8,57016
MHLXMIRU,20261006,166.4,177.95,166.4,171.12,2836
MHRIL,20261006,194.81,197.25,194.31,196.71,41115
MICEL,20261006,35.0,35.0,34.6,34.6,81646
MID150,20261006,22.12,22.74,22.12,22.31,103001
MID150BEES,20261006,226.26,228.5,224.55,227.52,826150
MID150CASE,20261006,11.22,11.22,10.95,11.06,987103
MIDBANKADD,20261006,16.63,16.63,16.48,16.48,2417
MIDCAP,20261006,17.31,17.58,17.26,17.42,270504
MIDCAPADD,20261006,21.91,22.7,21.84,22.21,102527
MIDCAPBETA,20261006,221.33,222.34,219.52,222.14,333
MIDCAPETF,20261006,22.37,22.5,22.24,22.42,3690091
MIDCAPIETF,20261006,22.58,22.87,22.5,22.73,549270
MIDHANI,20261006,441.0,465.85,439.7,462.35,2140471
MIDQ50ADD,20261006,23.68,24.2,23.27,23.83,38640
MIDSELIETF,20261006,18.5,18.75,18.21,18.67,193871
MIDSMALL,20261006,49.26,50.35,48.91,50.32,241661
MIDWESTLTD,20261006,925.0,1006.2,919.3,1006.2,61917
MIIL,20261006,685.0,692.45,671.6,675.5,68421
MILKYMIST,20261006,303.95,319.2,301.0,319.2,1662386
MINALIND,20261006,4.17,4.17,4.17,4.17,2521
MINDACORP,20261006,648.0,661.5,648.0,659.6,149067
MINDTECK,20261006,151.31,154.02,138.53,143.72,111163
MIRZAINT,20261006,27.65,28.34,27.36,27.72,74096
MITCON,20261006,81.14,82.0,78.56,79.35,3935
MITTAL,20261006,0.7,0.72,0.69,0.71,1139464
MKEXIM,20261006,67.0,67.0,64.47,64.59,3449
MKPL,20261006,3.97,4.6,3.9,3.99,359653
MLKFOOD,20261006,84.59,85.65,81.05,84.66,13390
MMFL,20261006,550.0,583.0,550.0,579.15,80544
MMP,20261006,473.3,485.1,463.4,480.55,51091
MMTC,20261006,57.16,57.52,56.65,57.01,653249
MMWL,20261006,17.14,17.14,17.14,17.14,44579
MNC,20261006,31.38,31.59,30.85,31.48,33839
MOALPHA50,20261006,53.66,54.6,53.66,54.34,3952
MOBANK10,20261006,16.28,16.79,16.27,16.43,1436
MOBIKWIK,20261006,203.04,242.14,202.06,242.14,58640687
MOCAPITAL,20261006,52.4,52.92,51.45,52.89,457066
MODEFENCE,20261006,101.53,102.5,100.52,102.41,793992
MODINATUR,20261006,330.0,334.95,315.0,317.5,8478
MODIRUBBER,20261006,121.0,121.6,118.0,118.58,2252
MODIS,20261006,380.0,387.0,370.0,380.85,38246
MODISONLTD,20261006,467.95,491.3,452.0,491.3,57126
MODTHREAD,20261006,46.34,55.88,46.34,48.99,618
MOENERGY,20261006,37.61,37.61,36.71,37.11,66850
MOGOLD,20261006,145.5,145.55,143.85,145.35,25184
MOGSEC,20261006,65.49,65.5,64.4,64.86,436710
MOHEALTH,20261006,50.48,51.4,49.85,50.86,30847
MOHITE,20261006,2.5,2.54,2.4,2.49,86578
MOHITIND,20261006,22.51,22.98,22.27,22.78,1859
MOIL,20261006,237.0,240.4,236.94,239.2,228758
MOINFRA,20261006,56.27,56.98,56.0,56.67,2574
MOIPO,20261006,46.23,46.84,46.19,46.74,5556
MOKSH,20261006,9.07,9.7,9.07,9.31,91299
MOL,20261006,55.0,61.85,54.88,60.25,1833781
MOLBIO,20261006,1509.4,1540.0,1475.0,1501.1,1128691
MOLDTECH,20261006,217.77,220.0,215.01,216.72,52216
MOLDTKPAC,20261006,682.0,694.0,670.25,678.0,90503
MOLOWVOL,20261006,34.09,34.43,34.09,34.25,76357
MOM100,20261006,64.19,64.95,63.6,64.6,436902
MOM30IETF,20261006,30.56,30.56,29.98,30.47,552255
MOM50,20261006,240.32,240.32,237.0,238.46,13336
MOMENTUM,20261006,30.32,30.4,29.4,30.25,61600
MOMENTUM30,20261006,29.75,30.07,29.69,29.8,639784
MOMENTUM50,20261006,52.64,53.46,52.25,53.24,400877
MOMETAL,20261006,12.53,12.66,12.52,12.62,11500
MOMGF,20261006,152.0,153.94,152.0,153.92,1438
MOMIDMTM,20261006,61.71,62.31,61.48,62.14,51021
MOMMIDCAP,20261006,12.16,12.75,12.16,12.61,918394
MOMNC,20261006,30.25,31.1,30.25,30.72,1561
MOMOMENTUM,20261006,60.75,60.86,59.56,60.72,35609
MOMSBELIEF,20261006,228.4,234.8,224.21,232.64,86445
MON100,20261006,331.84,331.84,325.0,330.43,689763
MON50EQUAL,20261006,31.87,31.99,31.12,31.79,4717
MONARCH,20261006,346.0,353.55,341.8,344.65,83365
MONEXT50,20261006,69.5,69.97,69.42,69.8,14915
MONEYBOXX,20261006,52.03,53.9,52.03,53.48,24999
MONEYVIEW,20261006,51.8,53.0,48.34,50.5,151735994
MONIFTY100,20261006,24.08,24.08,23.86,23.91,64739
MONIFTY500,20261006,22.67,22.85,22.51,22.74,359516
MONQ50,20261006,204.9,240.69,200.0,219.2,3041295
MONTECARLO,20261006,520.0,527.35,518.0,524.3,17793
MOOILGAS,20261006,10.57,11.0,10.53,10.74,33923
MOPSE,20261006,93.05,95.57,93.05,94.99,3159
MOQUALITY,20261006,190.37,196.2,187.65,191.38,5140
MOREALTY,20261006,82.95,84.63,82.95,83.96,162773
MOREPENLAB,20261006,135.7,145.25,135.61,143.96,22422554
MOSCHIP,20261006,196.79,199.49,190.78,197.7,1094914
MOSERVICE,20261006,30.2,30.2,29.25,29.33,199
MOSILVER,20261006,218.08,218.45,215.66,218.15,48465
MOSMALL250,20261006,17.87,18.0,17.72,17.95,751052
MOTHERSON,20261006,156.28,160.69,155.68,160.0,7313345
MOTILALOFS,20261006,1019.5,1086.0,1017.1,1081.15,2179004
MOTISONS,20261006,17.98,18.12,17.5,17.61,14292565
MOTOGENFIN,20261006,24.9,26.0,24.45,25.77,39767
MOTOUR,20261006,75.58,76.8,75.58,76.55,5598
MOVALUE,20261006,106.82,107.88,106.5,106.86,52125
MPHASIS,20261006,2290.0,2306.0,2265.5,2298.0,286928
MPIMANIPAL,20261006,394.9,394.9,363.7,366.05,1189124
MPSLTD,20261006,2667.0,2729.9,2628.1,2681.2,9345
MRF,20261006,123500.0,124560.0,123250.0,124080.0,2176
MRPL,20261006,173.0,176.95,171.11,174.72,9705261
MSCI360,20261006,9.56,9.6,9.56,9.56,1624
MSCIADD,20261006,27.84,28.03,27.84,28.03,421
MSCIINDIA,20261006,28.16,28.42,28.04,28.37,5043
MSL,20261006,148.45,148.45,139.0,140.0,632
MSPL,20261006,31.51,32.64,31.1,32.34,538757
MSTCLTD,20261006,694.0,725.6,693.95,714.3,174093
MSUMI,20261006,32.96,33.38,32.81,33.31,3809743
MTARTECH,20261006,7512.0,7789.0,7426.0,7718.5,98802
MTEDUCARE,20261006,1.71,1.71,1.6,1.63,31691
MTNL,20261006,23.24,23.58,23.2,23.28,893842
MUFIN,20261006,133.3,136.45,132.25,135.17,2282224
MUFTI,20261006,69.7,70.5,69.0,69.61,58819
MUKANDLTD,20261006,182.2,184.95,175.0,181.55,476026
MUKKA,20261006,26.59,27.2,26.26,26.97,112572
MUKTAARTS,20261006,54.3,59.99,53.1,57.04,904
MULTICAP,20261006,15.99,16.15,15.86,16.02,171855
MUNJALAU,20261006,106.45,106.98,103.74,105.33,355586
MUNJALSHOW,20261006,125.7,127.0,124.18,124.82,16146
MURUDCERA,20261006,28.7,28.7,27.56,27.97,17500
MUTHOOTCAP,20261006,229.05,229.05,210.74,216.42,6595
MUTHOOTFIN,20261006,2722.9,2724.1,2679.0,2686.0,369508
MUTHOOTMF,20261006,176.38,179.19,173.12,176.76,193467
MVELECTRO,20261006,913.9,970.0,913.5,933.1,4326577
MVGJL,20261006,208.4,208.4,201.12,203.16,120816
MWL,20261006,41.33,41.93,41.02,41.66,358670
MYSORPETRO,20261006,117.98,119.9,112.71,117.13,3104
NACLIND,20261006,131.83,137.4,130.96,136.63,375897
NAGREEKCAP,20261006,24.56,27.88,24.56,27.25,17101
NAGREEKEXP,20261006,20.7,22.48,20.7,21.97,4503
NAHARCAP,20261006,231.6,239.7,230.0,234.66,1700
NAHARINDUS,20261006,128.15,129.67,126.25,127.66,12859
NAHARPOLY,20261006,223.34,225.0,219.99,220.36,5593
NAHARSPING,20261006,254.35,259.85,253.0,257.4,10252
NAM-INDIA,20261006,1067.9,1079.0,1056.1,1073.5,456986
NARMADA,20261006,12.49,12.49,11.99,12.1,359207
NATCAPSUQ,20261006,164.0,168.5,162.3,166.74,837
NATCOPHARM,20261006,824.7,827.0,815.35,823.65,225113
NATHBIOGEN,20261006,138.5,141.98,136.0,138.31,9276
NATIONALUM,20261006,344.95,348.65,333.35,337.25,6701284
NATIONSTD,20261006,112.0,113.98,108.46,110.79,8035
NAUKRI,20261006,1208.7,1241.0,1197.4,1241.0,1622862
NAVA,20261006,558.0,578.0,558.0,575.0,601625
NAVINFLUOR,20261006,8272.0,8574.0,8272.0,8536.0,112311
NAVKARCORP,20261006,85.99,86.28,84.28,85.96,149503
NAVKARURB,20261006,0.85,0.86,0.83,0.85,119787
NAVNETEDUL,20261006,123.9,125.11,123.36,124.27,56581
NAZARA,20261006,385.75,387.6,378.8,379.55,732269
NBCC,20261006,76.5,77.85,76.2,77.05,5142985
NBIFIN,20261006,1850.9,1879.0,1820.0,1828.1,164
NCC,20261006,128.9,129.7,128.2,128.47,1129724
NCLIND,20261006,168.85,170.95,165.2,166.8,43369
NDGL,20261006,2400.0,2437.0,2336.1,2371.8,118
NDL,20261006,2.6,2.7,2.56,2.57,997287
NDLVENTURE,20261006,124.3,124.49,120.74,122.91,5903
NDRAUTO,20261006,706.8,709.9,700.0,704.7,8373
NDTV,20261006,67.44,68.55,66.83,67.08,74085
NEAGI,20261006,3452.0,3452.0,3230.1,3284.4,51
NECCLTD,20261006,19.3,20.3,18.51,19.38,129818
NECLIFE,20261006,10.62,11.0,10.3,10.95,335891
NELCAST,20261006,123.0,126.0,119.69,124.48,232684
NELCO,20261006,889.4,930.25,889.4,924.15,187172
NEOGEN,20261006,2319.0,2438.5,2319.0,2429.2,91934
NEPHROPLUS,20261006,639.0,642.0,628.0,634.55,438059
NESCO,20261006,1030.2,1045.0,1030.2,1037.1,37988
NESTLEIND,20261006,1303.6,1341.4,1293.4,1341.4,1650856
NETF,20261006,252.18,252.18,246.03,247.59,736
NETWEB,20261006,4785.0,4847.9,4721.0,4746.2,768777
NETWORK18,20261006,25.58,26.41,25.5,26.22,2445551
NEUEON,20261006,14.0,14.5,13.78,13.79,30899
NEULANDLAB,20261006,21940.0,21975.0,21410.0,21905.0,61813
NEWGEN,20261006,460.9,463.2,454.15,456.6,432611
NEXT30ADD,20261006,40.22,40.39,40.19,40.29,1673
NEXT50,20261006,719.51,724.64,714.92,723.61,27793
NEXT50ADD,20261006,69.97,70.63,69.97,70.56,7545
NEXT50BETA,20261006,75.01,75.68,74.92,75.5,153921
NEXT50ETF,20261006,69.99,70.68,69.82,70.59,15516
NEXT50IETF,20261006,77.0,77.0,72.8,74.04,412683
NEXTMEDIA,20261006,3.57,3.69,3.54,3.56,4292
NFL,20261006,63.28,65.25,63.11,64.91,584167
NGIL,20261006,36.82,38.4,35.96,36.15,13331
NGLFINE,20261006,3032.9,3184.0,2995.0,3122.1,18062
NH,20261006,1730.2,1739.6,1716.2,1723.8,177934
NHPC,20261006,71.79,73.32,71.35,73.11,5480099
NIACL,20261006,158.0,163.5,158.0,160.72,1937355
NIBE,20261006,1221.3,1244.4,1211.3,1240.9,26333
NIBL,20261006,30.66,32.6,30.66,31.22,4316
NICCOPAR,20261006,82.45,82.45,79.0,79.0,263
NIF100BEES,20261006,251.21,253.66,250.53,253.11,36283
NIF100IETF,20261006,27.03,27.03,26.39,26.65,76633
NIF500BETA,20261006,36.29,36.29,35.4,35.99,5960
NIFTY1,20261006,256.76,256.76,250.34,252.54,55643
NIFTY100EW,20261006,33.72,33.72,33.09,33.37,32779
NIFTYADD,20261006,239.96,240.12,237.72,239.92,52140
NIFTYAXIS,20261006,250.59,252.63,249.86,251.28,166573
NIFTYBEES,20261006,258.86,259.25,255.8,258.89,7681670
NIFTYBETA,20261006,252.76,252.76,250.43,252.39,21482
NIFTYBETF,20261006,233.01,234.75,232.6,233.91,2160
NIFTYCASE,20261006,9.19,9.19,9.07,9.11,730152
NIFTYETF,20261006,246.38,248.38,245.6,247.58,274217
NIFTYIETF,20261006,256.15,258.0,255.58,257.79,448807
NIFTYJBLK,20261006,11.87,11.87,11.58,11.65,74343
NIFTYQLITY,20261006,20.19,20.19,19.8,20.1,21574
NIITLTD,20261006,84.25,87.3,83.94,86.78,158264
NIITMTS,20261006,202.59,206.52,198.65,204.99,97157
NILAINFRA,20261006,6.73,6.85,6.67,6.7,81728
NILASPACES,20261006,11.08,11.46,10.86,11.17,669539
NILE,20261006,1230.3,1268.4,1228.0,1238.0,5834
NILKAMAL,20261006,1829.9,1832.9,1801.0,1811.5,20452
NIMBSPROJ,20261006,186.94,194.3,182.0,191.57,31024
NINSYS,20261006,842.0,867.25,815.3,822.55,7334
NIPPOBATRY,20261006,320.3,321.9,318.0,319.45,388
NIRAJ,20261006,27.0,28.4,27.0,27.48,22765
NIRAJISPAT,20261006,299.0,299.0,299.0,299.0,1
NIRLON,20261006,613.0,620.4,606.15,619.0,3635
NITCO,20261006,82.95,84.9,82.8,83.77,210104
NITINSPIN,20261006,604.75,621.0,602.95,616.35,63407
NITIRAJ,20261006,203.15,204.95,203.15,203.29,281
NITTAGELA,20261006,1719.8,1719.8,1665.0,1668.1,1882
NIVABUPA,20261006,76.23,76.84,75.51,76.56,618602
NKIND,20261006,57.0,58.9,51.3,57.06,1666
NLCINDIA,20261006,253.8,260.0,253.8,254.9,1241729
NMDC,20261006,74.41,74.49,73.74,74.38,10800931
NOCIL,20261006,166.43,173.2,166.43,171.83,713463
NOIDATOLL,20261006,3.5,3.74,3.5,3.67,134344
NORBTEAEXP,20261006,64.59,66.14,62.99,64.21,1241
NORTHARC,20261006,289.5,300.0,288.7,298.2,960451
NOVAAGRI,20261006,22.39,22.97,21.85,22.64,33109
NOVARTIND,20261006,1971.0,2076.2,1936.8,2051.2,50956
NPBET,20261006,278.86,281.89,278.86,281.1,333
NPST,20261006,1848.0,1865.9,1800.0,1835.5,67123
NRAIL,20261006,679.0,679.0,655.0,658.25,11965
NRBBEARING,20261006,536.0,543.3,533.55,536.95,201725
NRL,20261006,158.0,158.0,156.25,157.0,66546
NSIL,20261006,5153.0,5324.0,5153.0,5297.5,1675
NSLNISP,20261006,40.6,41.11,40.4,40.9,4387731
NTCIND,20261006,140.0,143.0,133.0,134.76,762
NTPC,20261006,323.5,324.3,320.05,321.45,7317350
NTPCGREEN,20261006,90.11,90.72,90.0,90.13,796462
NUCLEUS,20261006,634.0,642.9,632.0,638.05,14083
NURECA,20261006,332.65,343.0,332.65,338.55,4187
NUVAMA,20261006,1826.4,1886.5,1795.5,1838.8,641224
NUVOCO,20261006,325.0,330.0,323.35,326.5,148942
NV20,20261006,13.46,13.46,13.15,13.23,89694
NV20BEES,20261006,128.49,136.9,128.49,134.0,8931
NV20IETF,20261006,12.8,12.93,12.8,12.85,263032
NYKAA,20261006,339.5,345.0,337.25,338.2,3554565
OAL,20261006,526.95,526.95,505.8,511.35,13510
OBCL,20261006,55.91,57.6,55.9,57.44,3579
OBEROIRLTY,20261006,1748.0,1764.4,1737.9,1751.8,226302
OCCLLTD,20261006,197.99,207.67,192.1,207.59,193602
ODIGMA,20261006,21.17,21.17,20.51,20.91,8824
ODYCORP,20261006,6.85,6.99,6.52,6.85,17446
OFSS,20261006,10485.0,10550.0,10382.0,10482.0,165190
OIL,20261006,445.85,449.95,442.15,447.85,2084230
OILCOUNTUB,20261006,81.29,81.29,81.29,81.29,61794
OILIETF,20261006,10.71,10.89,10.66,10.82,590598
OLAELEC,20261006,36.7,37.0,35.73,35.96,57079984
OLECTRA,20261006,1090.0,1105.0,1076.4,1102.9,215703
OMAXAUTO,20261006,201.0,213.64,201.0,209.29,122372
OMAXE,20261006,107.45,109.2,106.41,107.71,260401
OMFREIGHT,20261006,101.8,108.0,97.0,105.0,74988
OMINFRAL,20261006,74.05,76.03,72.71,73.33,103269
OMNI,20261006,640.0,678.8,638.45,656.95,1269642
OMPOWER,20261006,154.0,156.82,150.5,153.5,57336
ONEGLOBAL,20261006,559.9,566.95,537.05,564.0,23278
ONELIFECAP,20261006,43.03,45.25,42.55,45.0,61571
ONEPOINT,20261006,78.9,79.63,77.3,78.65,1960862
ONESOURCE,20261006,1507.5,1544.4,1475.1,1535.8,147840
ONGC,20261006,225.0,225.37,221.3,224.2,19173994
ONIDA,20261006,31.3,31.78,30.61,31.11,235196
ONIXSOLAR,20261006,342.0,347.05,335.0,338.2,254164
ONMOBILE,20261006,48.65,50.0,47.5,49.12,35560
ONWARDTEC,20261006,291.9,296.15,287.05,294.6,29818
OPTIEMUS,20261006,794.0,924.9,793.9,889.9,10818595
OPTIFIN,20261006,14.24,14.96,14.2,14.42,46134
ORBTEXP,20261006,247.4,257.05,244.15,246.85,8679
ORCHASP,20261006,1.25,1.33,1.24,1.29,179861
ORCHPHARMA,20261006,967.35,1015.1,965.0,1006.55,65666
ORICONENT,20261006,53.1,53.1,51.5,52.27,96670
ORIENTALTL,20261006,4.98,4.99,4.73,4.87,38279
ORIENTBELL,20261006,422.4,422.4,410.85,413.55,16464
ORIENTCABL,20261006,380.0,404.0,364.5,396.4,22213407
ORIENTCEM,20261006,116.1,117.9,115.3,115.76,187615
ORIENTCER,20261006,44.35,44.69,42.5,44.14,49791
ORIENTELEC,20261006,156.75,162.78,156.5,160.7,144227
ORIENTHOT,20261006,142.05,144.39,140.89,143.61,869875
ORIENTLTD,20261006,78.26,78.26,76.0,76.0,375
ORIENTPPR,20261006,16.23,16.38,16.17,16.26,71350
ORIENTTECH,20261006,222.53,229.98,222.53,226.35,140422
ORIRAIL,20261006,122.0,123.88,120.6,122.96,32173
ORISSAMINE,20261006,3588.1,3649.7,3552.1,3609.0,7282
ORKLAINDIA,20261006,537.0,551.0,535.5,545.0,54162
ORTINGLOBE,20261006,13.82,14.51,13.8,14.39,9315
OSIAHYPER,20261006,2.0,2.09,1.99,2.0,387665
OSWALAGRO,20261006,33.78,34.86,32.0,32.85,73055
OSWALGREEN,20261006,19.14,19.75,19.14,19.27,64470
OSWALPUMPS,20261006,264.9,269.2,263.55,264.8,275385
OSWALSEEDS,20261006,12.24,12.39,11.45,12.13,81699
PACEDIGITK,20261006,165.0,171.0,164.26,166.28,903214
PACIFICI,20261006,139.0,139.0,138.99,138.99,48
PAGEIND,20261006,37600.0,38465.0,37395.0,37970.0,31600
PAISALO,20261006,82.0,83.25,81.19,83.1,9862392
PAKKA,20261006,70.48,73.85,68.66,69.13,695031
PALASHSECU,20261006,89.9,89.9,86.0,86.8,607
PALREDTEC,20261006,41.51,43.0,41.49,41.62,2463
PANACEABIO,20261006,351.1,364.75,349.2,363.2,66783
PANACHE,20261006,569.0,569.0,555.0,569.0,7672
PANAMAPET,20261006,487.9,509.9,480.6,504.1,627296
PANCHMAHQ,20261006,287.5,309.8,287.5,296.4,25
PANORAMA,20261006,62.8,69.0,62.0,63.05,2527901
PANSARI,20261006,274.0,277.55,260.0,265.7,1067
PAR,20261006,122.0,125.48,122.0,122.74,9174
PARACABLES,20261006,56.11,58.5,56.11,58.22,966467
PARADEEP,20261006,153.6,157.44,153.11,156.76,1621070
PARAGMILK,20261006,283.0,311.0,279.1,308.7,7377044
PARAS,20261006,1267.7,1332.0,1267.2,1323.3,661178
PARASPETRO,20261006,2.06,2.13,1.96,2.02,195262
PARIN,20261006,708.5,708.5,682.6,700.05,12525
PARKHOSPS,20261006,270.45,275.95,265.5,274.85,708732
PARKHOTELS,20261006,104.99,105.79,101.41,103.19,233718
PARNAXLAB,20261006,112.55,115.5,112.5,115.34,450
PARSVNATH,20261006,2.21,2.21,2.21,2.21,12479
PASHUPATI,20261006,74.7,75.7,69.0,69.91,1469656
PASUPTAC,20261006,67.05,72.0,67.05,70.89,251121
PATANJALI,20261006,355.7,364.5,350.5,363.0,6485464
PATELENG,20261006,25.83,26.09,25.81,25.93,1205652
PATELRMART,20261006,223.0,230.0,219.92,227.01,102505
PATINTLOG,20261006,13.15,13.49,13.01,13.15,30969
PAUSHAKLTD,20261006,658.0,728.8,658.0,704.3,78776
PAVNAIND,20261006,15.7,15.7,15.25,15.65,22449
PAYTM,20261006,1698.0,1705.5,1672.1,1694.0,2061099
PBMPOLY,20261006,57.5,60.4,55.97,58.75,583
PCBL,20261006,321.8,328.5,320.8,327.7,540498
PCJEWELLER,20261006,13.14,13.2,12.85,12.93,133837112
PDMJEPAPER,20261006,96.9,98.3,95.35,96.16,182090
PDSL,20261006,342.0,349.5,341.9,347.4,33706
PEARLPOLY,20261006,17.2,17.23,17.08,17.2,1798
PENIND,20261006,178.2,180.19,176.61,177.85,273804
PENINLAND,20261006,14.31,14.99,14.31,14.66,120155
PERMAGN,20261006,860.0,862.45,839.8,846.75,2938
PERNIASPOP,20261006,522.8,529.5,513.0,518.6,121346
PERSISTENT,20261006,5520.0,5553.5,5463.5,5521.0,266663
PETRONET,20261006,291.7,297.85,291.0,297.5,5098731
PFC,20261006,322.3,327.25,322.3,322.6,7472995
PFIZER,20261006,3860.0,3868.2,3826.7,3852.2,21026
PFOCUS,20261006,285.9,297.1,281.7,292.7,4125637
PFS,20261006,28.73,28.73,27.19,27.29,607649
PGEL,20261006,487.7,532.0,483.5,527.65,5927905
PGHH,20261006,6780.5,6900.0,6745.0,6865.0,10760
PGHL,20261006,5300.0,5352.0,5239.0,5306.0,18158
PGIL,20261006,1264.5,1284.9,1242.0,1266.7,251443
PHARMABEES,20261006,26.85,27.4,26.67,27.3,3580723
PHOENIXLTD,20261006,1946.8,1946.8,1857.8,1883.5,617915
PHOENXINTL,20261006,28.15,29.0,27.83,28.01,2562
PICCADIL,20261006,591.2,598.75,589.3,594.2,65957
PIDILITIND,20261006,1485.9,1524.6,1472.8,1520.5,608466
PIGL,20261006,95.4,99.0,94.0,98.42,66437
PIIND,20261006,2220.0,2252.2,2200.0,2250.0,617515
PILANIINVS,20261006,4019.9,4080.0,4010.0,4067.1,1530
PILITA,20261006,7.35,7.51,7.3,7.35,15116
PINELABS,20261006,168.5,173.25,167.83,172.73,10927701
PIONEEREMB,20261006,20.03,20.84,20.03,20.6,2547
PIONRINV,20261006,66.0,66.0,65.89,65.89,1195
PIRAMALFIN,20261006,1999.0,2046.9,1975.0,2018.5,171616
PITTIENG,20261006,1117.0,1160.4,1117.0,1122.0,63535
PIXTRANS,20261006,1848.9,1848.9,1786.9,1796.7,20105
PKTEA,20261006,1032.0,1033.0,981.4,983.2,900
PLASTIBLEN,20261006,202.45,205.0,200.0,202.4,54146
PLATIND,20261006,204.0,207.0,199.75,203.58,45409
PLAZACABLE,20261006,55.32,58.08,54.31,58.07,74179
PML,20261006,480.0,484.45,478.0,481.2,216
PNB,20261006,112.36,113.0,111.17,111.92,8421589
PNBGILTS,20261006,71.99,73.0,70.5,71.42,408404
PNBHOUSING,20261006,1103.0,1112.2,1087.8,1102.1,514325
PNC,20261006,17.22,18.05,17.02,17.41,2233
PNCINFRA,20261006,137.03,140.2,136.0,138.74,583869
PNGJL,20261006,573.65,590.45,572.35,588.6,320402
PNGSREVA,20261006,539.05,560.7,539.05,547.2,335113
POCL,20261006,443.0,449.35,442.35,447.25,117171
PODDARMENT,20261006,252.9,255.0,250.2,253.3,1717
POEL,20261006,139.94,141.0,132.15,133.71,35229
POKARNA,20261006,695.3,714.95,695.3,709.9,48093
POLICYBZR,20261006,984.0,1042.2,972.0,1034.9,8051949
POLYCAB,20261006,8120.0,8173.5,8062.0,8147.0,301660
POLYMED,20261006,1613.0,1639.9,1611.2,1633.8,94082
POLYPLEX,20261006,1020.5,1057.0,999.0,1034.3,109925
POLYSPIN,20261006,28.88,30.0,28.88,28.95,187
PONNIERODE,20261006,377.5,391.25,370.1,374.55,103001
POONAWALLA,20261006,451.95,461.85,447.95,460.45,732498
POWERGRID,20261006,257.0,258.4,256.0,257.2,4808578
POWERICA,20261006,588.0,605.0,585.0,601.7,128005
POWERINDIA,20261006,31510.0,31970.0,31450.0,31640.0,73665
POWERMECH,20261006,2431.9,2457.6,2398.6,2426.0,22049
PPAP,20261006,233.15,239.98,231.2,239.81,11232
PPL,20261006,256.8,256.8,247.1,252.65,32471
PPLPHARMA,20261006,195.48,201.2,193.75,200.52,1719220
PRABHA,20261006,221.0,226.01,215.67,221.33,82864
PRADPME,20261006,475.0,556.95,475.0,544.25,104979
PRAENG,20261006,19.79,20.39,17.25,19.7,532330
PRAJIND,20261006,305.75,316.0,305.75,315.05,751662
PRAKASH,20261006,120.0,120.9,118.35,119.7,200357
PRAKASHSTL,20261006,3.52,3.59,3.5,3.53,51681
PRANAV,20261006,92.85,93.88,89.7,90.9,1336798
PRASOLCHEM,20261006,791.95,846.9,788.65,821.45,387141
PRAVEG,20261006,234.96,250.0,234.08,247.81,36505
PRAXIS,20261006,4.57,4.57,4.33,4.45,33632
PRECAM,20261006,110.2,113.9,109.5,113.27,111679
PRECOT,20261006,653.0,653.0,585.0,604.5,4943
PRECWIRE,20261006,509.5,519.0,506.25,515.15,371870
PREMCO,20261006,399.0,406.8,391.2,405.9,425
PREMEXPLN,20261006,685.95,687.35,683.4,685.1,270918
PREMIER,20261006,2.54,2.64,2.48,2.63,5849
PREMIERENE,20261006,889.4,911.85,885.0,907.0,867775
PREMIERPOL,20261006,102.01,103.52,94.83,97.23,803662
PRESTIGE,20261006,1446.4,1467.7,1438.0,1467.7,610916
PRICOLLTD,20261006,707.4,714.5,667.0,677.65,1812530
PRIMESECU,20261006,300.6,303.8,295.65,297.05,9985
PRIMO,20261006,26.6,27.3,26.17,26.97,433840
PRINCEPIPE,20261006,248.4,259.9,248.4,258.2,117722
PRIORITY,20261006,291.5,314.0,291.3,311.85,704006
PRISMX,20261006,0.49,0.51,0.49,0.49,336580
PRITI,20261006,31.26,33.49,31.26,31.66,4142
PRITIKAUTO,20261006,16.0,16.5,15.96,16.33,116226
PRIVISCL,20261006,3430.3,3568.0,3415.0,3504.9,218699
PROSTARM,20261006,132.88,134.7,131.53,132.91,145980
PROTEAN,20261006,642.1,699.0,631.6,689.25,1283331
PROZONER,20261006,50.04,53.5,50.04,52.45,176214
PRSMJOHNSN,20261006,102.99,104.0,101.5,103.48,236606
PRUDENT,20261006,3108.1,3228.2,3086.0,3204.3,13341
PRUDMOULI,20261006,13.99,14.0,13.55,13.81,13911
PSB,20261006,21.09,21.16,20.95,21.05,543771
PSPPROJECT,20261006,764.5,770.8,754.65,761.75,28286
PSUBANK,20261006,80.41,80.7,79.9,80.09,320783
PSUBANKADD,20261006,81.2,81.52,79.33,80.6,65395
PSUBNKBEES,20261006,89.01,90.0,88.91,89.11,793150
PSUBNKIETF,20261006,80.5,81.99,79.69,81.24,35723
PTC,20261006,157.9,158.7,156.1,157.14,3439913
PTCIL,20261006,22530.0,23240.0,22330.0,23125.0,20786
PTL,20261006,38.54,38.54,38.1,38.23,49589
PUNJABCHEM,20261006,1047.6,1047.9,1028.1,1039.0,2928
PURVA,20261006,206.91,213.0,206.0,210.75,95890
PVP,20261006,45.56,50.34,45.56,50.34,2588716
PVRINOX,20261006,1241.5,1261.2,1226.1,1249.4,335983
PVSL,20261006,93.96,94.91,91.0,94.57,15944
PVTBANIETF,20261006,27.07,27.5,27.07,27.41,2172810
PVTBANK,20261006,26.93,27.25,26.93,27.14,11604
PVTBANKADD,20261006,27.34,27.63,27.24,27.55,3771917
PVTBKGROWW,20261006,26.74,27.28,26.6,27.06,7888
PWL,20261006,131.0,135.4,126.61,131.86,21549039
PYRAMID,20261006,159.88,161.0,155.11,159.71,68129
QGOLDHALF,20261006,121.79,123.8,120.82,121.86,336939
QMSMEDI,20261006,176.6,195.18,176.6,192.71,266762
QNIFTY,20261006,250.0,251.2,248.4,250.58,9127
QPOWER,20261006,1630.2,1681.0,1609.6,1648.8,334224
QUADFUTURE,20261006,530.8,551.05,528.0,547.4,515075
QUAL30IETF,20261006,19.96,20.9,19.65,19.83,183674
QUALITY30,20261006,19.71,19.85,18.98,19.4,34240
QUESS,20261006,344.85,344.85,332.55,334.45,218679
QUICKHEAL,20261006,138.0,141.0,138.0,140.42,61739
QUINT,20261006,62.05,62.05,62.05,62.05,3360
QUINTEGRA,20261006,1.47,1.47,1.47,1.47,11789
RACE,20261006,113.6,113.6,108.55,108.75,17139
RACLGEAR,20261006,1560.0,1608.2,1550.1,1593.4,20828
RADAAN,20261006,2.99,3.15,2.86,2.98,22851
RADHIKAJWE,20261006,67.1,68.79,65.55,67.39,109530
RADIANTCMS,20261006,34.51,35.49,34.42,34.82,86519
RADICO,20261006,4300.0,4509.0,4294.0,4460.1,632144
RADIOCITY,20261006,6.05,6.05,5.8,6.01,18611
RAILTEL,20261006,253.1,258.55,252.55,257.65,511182
RAIN,20261006,207.8,216.0,207.1,212.63,3477479
RAINBOW,20261006,1269.2,1273.9,1235.6,1239.7,122566
RAJESHEXPO,20261006,61.52,63.47,61.51,61.8,160375
RAJMET,20261006,3.06,3.19,3.02,3.08,196261
RAJOOENG,20261006,55.4,57.5,54.11,56.95,838914
RAJPALAYAM,20261006,755.0,773.0,735.0,743.95,295
RAJRATAN,20261006,455.0,475.0,452.95,467.3,96176
RAJRILTD,20261006,19.98,20.01,19.71,20.01,6943
RAJSREESUG,20261006,29.25,29.9,28.85,29.58,67148
RAJTV,20261006,10.9,10.9,10.26,10.72,16428
RALLIS,20261006,198.0,200.93,197.0,200.3,352413
RAMANEWS,20261006,29.7,29.75,28.4,28.88,20075
RAMAPHO,20261006,118.57,123.34,117.52,117.99,73107
RAMASTEEL,20261006,4.39,4.39,4.31,4.31,713156
RAMBHAJO,20261006,309.95,332.0,307.85,330.35,880575
RAMCOCEM,20261006,842.9,849.7,834.8,848.25,167222
RAMCOIND,20261006,300.0,302.2,293.0,297.75,114309
RAMCOSYS,20261006,555.5,565.75,553.0,563.5,33400
RAMKY,20261006,282.0,288.45,281.6,286.65,28933
RAMRAT,20261006,640.95,648.7,634.45,641.2,264177
RANASUG,20261006,13.9,14.1,13.75,13.81,443685
RANEHOLDIN,20261006,1550.8,1568.9,1533.1,1547.4,4758
RATEGAIN,20261006,850.0,858.0,842.05,854.45,136700
RATNAMANI,20261006,2570.0,2634.3,2569.6,2601.2,19889
RATNAVEER,20261006,341.25,343.95,333.9,335.25,1400875
RAYMOND,20261006,1312.8,1339.0,1271.7,1294.3,1955260
RAYMONDLSL,20261006,636.0,658.8,630.05,649.85,281558
RAYMONDREL,20261006,698.0,737.9,681.05,707.8,2765917
RBA,20261006,93.91,95.68,92.52,95.1,1607028
RBLBANK,20261006,416.95,418.0,412.3,414.5,2559971
RBZJEWEL,20261006,185.7,196.37,180.1,196.15,109729
RCF,20261006,107.4,109.39,107.0,108.94,911292
RCOM,20261006,0.86,0.87,0.85,0.86,3334578
RECLTD,20261006,295.55,300.95,294.85,300.0,5488691
REDINGTON,20261006,414.0,417.4,404.0,405.7,2037976
REDTAPE,20261006,114.05,115.49,114.05,114.8,148953
REFEX,20261006,270.85,271.85,263.1,265.15,301675
REGAAL,20261006,86.0,88.0,85.0,85.94,183472
REGENCERAM,20261006,32.2,33.8,30.15,33.28,23966
RELAXO,20261006,282.2,291.45,282.2,290.5,92182
RELCHEMQ,20261006,113.27,116.0,113.27,113.4,2301
RELIABLE,20261006,144.0,144.0,137.25,139.3,8421
RELIANCE,20261006,1188.1,1219.1,1188.1,1218.0,18003127
RELIGARE,20261006,224.9,228.97,223.51,227.75,659520
RELINFRA,20261006,51.24,51.24,51.24,51.24,79210
RELTD,20261006,143.51,148.5,143.23,147.25,66967
REMSONSIND,20261006,110.0,110.9,102.72,108.67,520894
RENTOMOJO,20261006,521.4,564.0,517.1,545.2,9174958
RENUKA,20261006,22.38,22.84,22.18,22.65,18626993
REPCOHOME,20261006,331.0,337.45,325.65,326.45,65214
REPL,20261006,58.95,58.95,55.0,56.83,1257
REPRO,20261006,290.45,310.95,290.45,296.35,18005
RESPONIND,20261006,158.2,163.0,154.65,156.31,1662406
RETAIL,20261006,31.54,31.54,31.54,31.54,2926
RGL,20261006,161.1,167.49,158.01,163.62,465586
RHETAN,20261006,15.02,16.6,15.02,16.59,31432821
RHFL,20261006,1.55,1.58,1.53,1.56,316617
RHIM,20261006,373.6,376.8,370.4,373.4,181452
RHL,20261006,169.5,169.5,161.51,165.25,1708
RICOAUTO,20261006,120.35,122.5,120.0,121.83,677941
RIIL,20261006,664.1,684.0,661.5,681.7,55354
RIR,20261006,176.19,184.9,175.77,183.49,632621
RISHABH,20261006,686.2,709.25,685.6,688.4,178044
RITCO,20261006,286.95,291.1,284.25,285.55,107885
RITES,20261006,204.52,206.86,202.41,203.51,616591
RKDL,20261006,17.79,17.79,17.15,17.27,9673
RKEC,20261006,20.85,21.69,19.81,21.42,34187
RKFORGE,20261006,700.1,736.45,696.1,732.65,992145
RKSWAMY,20261006,89.48,89.48,86.45,87.87,7595
RMC,20261006,194.91,202.85,193.0,196.05,146046
RMDRIP,20261006,23.36,23.85,22.61,23.55,238838
RML,20261006,1382.5,1437.3,1372.0,1394.4,99854
RNBDENIMS,20261006,8.99,9.13,8.81,8.98,59430
ROHLTD,20261006,296.0,303.25,296.0,300.75,8836
ROLEXRINGS,20261006,190.9,191.56,185.6,188.18,2424946
ROLLT,20261006,5.21,5.21,5.1,5.21,409730
ROML,20261006,43.0,43.3,42.65,42.99,1781
ROSSARI,20261006,427.15,435.0,424.8,427.45,184174
ROSSELLIND,20261006,50.1,51.3,49.83,50.68,20826
ROSSTECH,20261006,1624.9,1699.0,1586.4,1612.1,506905
ROTO,20261006,62.85,63.36,61.74,62.24,524832
ROUTE,20261006,435.0,437.3,429.4,430.8,137980
RPEL,20261006,1851.2,1860.0,1799.0,1835.6,51137
RPGLIFE,20261006,2905.0,2987.9,2899.6,2933.2,14225
RPOWER,20261006,20.07,21.05,20.0,20.49,48663848
RPPINFRA,20261006,50.1,52.57,50.1,51.53,33688
RPPL,20261006,18.98,19.6,18.5,19.03,33977
RPSGVENT,20261006,839.95,842.0,828.0,833.1,13774
RPTECH,20261006,945.0,961.2,941.1,958.25,188962
RRECL,20261006,134.62,135.0,124.21,125.17,279
RRIL,20261006,15.35,16.44,15.25,16.18,21385
RRKABEL,20261006,2667.0,2806.8,2645.0,2789.7,917457
RSDFIN,20261006,93.53,94.0,92.0,92.0,60
RSL,20261006,175.57,184.9,173.68,176.06,2532342
RSSOFTWARE,20261006,30.99,30.99,29.5,30.44,8348
RSWM,20261006,203.3,209.0,202.81,207.03,24341
RSYSTEMS,20261006,247.5,251.55,244.5,246.3,760943
RTNINDIA,20261006,25.63,26.24,25.5,26.13,976831
RTNPOWER,20261006,6.71,6.83,6.71,6.75,6922772
RTSPOWR,20261006,103.0,112.33,103.0,103.78,4526
RUBFILA,20261006,62.62,64.4,62.62,63.59,28374
RUBICON,20261006,1608.5,1612.0,1583.5,1596.8,72117
RUBYMILLS,20261006,490.0,519.0,487.85,512.8,22847
RUCHINFRA,20261006,5.04,5.04,4.85,4.98,20684
RUCHIRA,20261006,103.39,104.47,102.01,102.78,9363
RUDRA,20261006,18.18,18.39,17.67,17.81,7681
RUNWALENTR,20261006,296.0,299.75,286.55,290.6,1321433
RUPA,20261006,128.0,130.59,128.0,128.99,118983
RUSHIL,20261006,15.9,15.9,15.41,15.54,108221
RUSTOMJEE,20261006,368.0,370.0,362.85,368.55,11367
RVHL,20261006,37.14,38.5,37.0,37.26,6990
RVNL,20261006,197.0,201.2,196.64,198.78,3145856
RVTH,20261006,723.0,760.0,701.0,756.2,1590
S&SPOWER,20261006,295.0,299.85,281.5,286.0,4306
SAATVIKGL,20261006,406.7,406.7,398.2,402.5,57401
SAB,20261006,170.0,170.0,170.0,170.0,10
SADBHAV,20261006,6.75,6.94,6.75,6.85,118920
SADBHIN,20261006,2.62,2.62,2.56,2.56,45546
SADHNANIQ,20261006,2.61,2.71,2.6,2.68,1975998
SAFARI,20261006,1308.6,1344.6,1299.2,1318.0,41056
SAGARDEEP,20261006,24.0,24.0,22.0,23.14,4214
SAGCEM,20261006,148.68,149.7,145.81,146.6,38480
SAGILITY,20261006,42.79,43.88,42.51,43.88,8239659
SAHLIBHFI,20261006,77.9,77.92,75.05,76.71,2882
SAHYADRI,20261006,363.95,367.9,350.0,354.05,8223
SAICAPI,20261006,155.0,155.0,145.0,150.16,462
SAIL,20261006,177.3,180.45,174.8,178.1,19432905
SAILIFE,20261006,1520.0,1569.0,1495.0,1558.1,277814
SAIPARENT,20261006,502.9,535.0,499.2,522.9,352499
SAKAR,20261006,1013.0,1068.0,1013.0,1048.5,68620
SAKHTISUG,20261006,18.07,19.35,18.06,18.88,290628
SAKSOFT,20261006,140.4,144.0,140.31,142.74,112706
SAKUMA,20261006,1.57,1.57,1.49,1.51,1647490
SALASAR,20261006,4.07,4.34,4.04,4.22,5485232
SALONA,20261006,272.95,275.0,268.0,274.2,757
SALSTEEL,20261006,92.0,93.0,89.29,89.6,746781
SALZERELEC,20261006,523.0,531.4,521.2,524.95,35112
SAMBHAAV,20261006,5.41,5.41,5.06,5.25,27220
SAMBHV,20261006,166.0,167.0,161.36,162.19,1575550
SAMHI,20261006,148.6,151.0,147.9,149.73,811325
SAMMAANCAP,20261006,134.2,134.87,133.0,134.4,2560634
SAMPANN,20261006,24.0,24.66,23.9,23.99,10227
SANATHAN,20261006,528.35,532.3,522.25,525.65,45492
SANDESH,20261006,985.15,1025.55,985.15,1017.4,972
SANDHAR,20261006,557.0,563.75,553.25,558.1,78149
SANDUMA,20261006,177.35,185.0,177.35,183.38,525752
SANGAMIND,20261006,638.0,645.3,630.05,642.4,30921
SANGHVIMOV,20261006,410.0,432.95,410.0,419.5,482154
SANOFI,20261006,3020.1,3057.8,3004.0,3047.0,16503
SANOFICONR,20261006,3731.0,3764.4,3704.0,3736.5,3430
SANSERA,20261006,4245.8,4273.6,4085.4,4232.9,261389
SANSTAR,20261006,103.93,106.13,103.2,104.07,104195
SANWARIA,20261006,0.2,0.2,0.18,0.18,1698397
SAPPHIRE,20261006,214.3,216.02,210.6,215.16,315838
SAPPL,20261006,306.6,332.15,306.6,314.1,3162
SARDAEN,20261006,502.15,503.95,496.5,500.7,188815
SAREGAMA,20261006,497.1,506.8,493.0,503.7,166549
SARLAPOLY,20261006,95.8,96.79,95.01,96.44,26212
SARVESHWAR,20261006,3.47,3.6,3.47,3.58,1021600
SASKEN,20261006,1700.0,1729.0,1666.1,1679.5,18068
SATIA,20261006,69.0,69.4,68.02,69.26,81400
SATIN,20261006,216.15,231.22,200.07,228.35,4924729
SAURASHCEM,20261006,51.05,51.9,50.95,51.47,67553
SAYAJIHOTL,20261006,309.8,319.95,306.55,307.35,38
SAYAJIIND,20261006,115.0,118.0,114.01,118.0,2098
SBC,20261006,62.9,64.43,60.4,61.7,26585618
SBCL,20261006,1076.5,1103.5,1067.7,1099.6,130349
SBFC,20261006,82.51,84.19,82.25,83.28,1721500
SBGLP,20261006,23.22,23.88,22.56,22.78,45230
SBIBPB,20261006,46.69,46.85,46.36,46.61,22078
SBICARD,20261006,566.0,571.5,562.2,569.4,622300
SBIETFCON,20261006,113.5,114.33,113.0,113.94,2469
SBIETFIT,20261006,316.92,316.92,310.0,311.04,2434
SBIETFPB,20261006,270.78,277.68,270.78,275.91,4312
SBIETFQLTY,20261006,206.55,208.0,206.07,207.8,6265
SBIFUNDS,20261006,497.2,504.0,494.1,502.85,920580
SBILIFE,20261006,1720.2,1754.3,1708.9,1750.0,941906
SBILIQETF,20261006,1058.89,1058.91,1058.89,1058.89,437526
SBIMIDMOM,20261006,60.98,61.84,60.98,61.56,72718
SBIN,20261006,962.1,963.65,949.85,958.75,8204620
SBINEQWETF,20261006,30.48,32.82,30.48,32.01,19042
SBINMID150,20261006,21.85,22.05,21.85,21.98,11520
SBISILVER,20261006,215.76,216.19,213.63,216.04,801021
SBISMLETF,20261006,17.98,17.98,17.7,17.9,24530
SBIVALETF,20261006,13.92,13.99,13.9,13.95,6384
SCANSTL,20261006,46.55,48.49,45.31,48.06,34339
SCHAEFFLER,20261006,3874.2,3874.2,3806.9,3818.1,43159
SCHAND,20261006,140.2,146.0,137.01,145.16,25808
SCHNEIDER,20261006,1261.8,1292.8,1250.1,1274.0,127905
SCI,20261006,292.05,293.8,283.25,289.0,5287314
SCILAL,20261006,37.5,37.9,37.0,37.68,236495
SCODATUBES,20261006,126.75,126.75,123.39,124.37,116589
SCPL,20261006,627.45,627.45,605.0,609.25,4825
SDBL,20261006,74.5,75.18,73.5,74.02,589045
SEAMECLTD,20261006,1554.0,1604.2,1554.0,1584.9,54558
SECLEDBETA,20261006,13.84,13.98,13.84,13.97,2731
SECMARK,20261006,136.72,141.4,136.72,137.0,175
SECURKLOUD,20261006,16.25,16.5,15.61,15.71,30534
SEDEMAC,20261006,3395.6,3426.8,3320.1,3399.6,143990
SEIL,20261006,185.53,187.93,182.61,186.16,592634
SEJALLTD,20261006,650.0,683.75,649.35,676.55,6501
SEKURITIND,20261006,109.98,110.44,107.5,110.08,31166
SELECTIPO,20261006,46.01,46.65,46.01,46.64,18943
SEMAC,20261006,239.04,239.04,235.55,235.55,7
SENCO,20261006,318.7,323.55,317.05,318.75,559711
SENORES,20261006,1331.3,1401.0,1318.6,1388.6,309834
SENSEXADD,20261006,75.15,75.45,75.02,75.35,2031
SENSEXAXIS,20261006,75.98,75.98,75.38,75.78,4817
SENSEXBETA,20261006,812.89,812.89,803.41,809.72,2164
SENSEXETF,20261006,75.3,75.44,74.71,75.41,26787
SENSEXIETF,20261006,836.25,839.5,833.0,838.12,7563
SEPC,20261006,5.15,5.15,5.03,5.05,4908883
SERVOTECH,20261006,72.0,72.39,71.25,72.06,303819
SESHAPAPER,20261006,235.01,239.18,233.0,233.87,28978
SETCO,20261006,17.6,18.48,17.21,18.22,37990
SETF10GILT,20261006,261.0,262.11,259.55,259.78,2444
SETFGOLD,20261006,125.08,125.47,124.26,125.36,9150958
SETFNIF50,20261006,243.13,245.7,243.13,245.14,807354
SETFNIFBK,20261006,558.46,568.0,558.46,565.47,186970
SETFNN50,20261006,744.04,753.99,742.05,751.83,16951
SETL,20261006,431.2,434.8,423.75,428.3,453699
SETUINFRA,20261006,0.5,0.5,0.49,0.49,6413
SEYAIND,20261006,13.0,13.25,12.86,12.86,2528
SFL,20261006,624.4,630.0,616.85,623.4,81224
SGFIN,20261006,687.0,687.0,655.25,662.15,371637
SGIL,20261006,603.45,614.65,598.55,603.2,4622
SGL,20261006,9.35,9.35,8.61,8.8,4518
SGLRES,20261006,2.29,2.29,2.17,2.26,33778
SGMART,20261006,740.0,757.2,734.0,742.85,255968
SGRL,20261006,690.0,734.25,690.0,719.05,31464
SHADOWFAX,20261006,291.0,291.9,284.2,288.0,7609302
SHAH,20261006,3.06,3.22,3.0,3.09,596500
SHAHALLOYS,20261006,79.4,82.45,79.4,81.03,18422
SHAHINVEST,20261006,171.0,179.55,171.0,173.79,2436399
SHAILY,20261006,3019.0,3124.8,3018.5,3100.3,88898
SHAKTIPUMP,20261006,443.4,451.6,443.25,449.35,936744
SHALBY,20261006,134.0,137.1,133.61,136.51,50727
SHALPAINTS,20261006,75.88,78.5,75.0,77.64,55434
SHANKARA,20261006,119.9,127.19,118.0,125.58,113826
SHANKESH,20261006,88.65,92.98,88.5,92.21,2373020
SHANTI,20261006,5.45,5.69,5.15,5.49,32761
SHANTIGEAR,20261006,593.0,606.75,586.55,602.3,50138
SHANTIGOLD,20261006,320.0,338.7,318.95,336.65,4557739
SHARDACROP,20261006,721.8,744.55,720.0,741.75,89366
SHARDAMOTR,20261006,924.5,933.05,921.85,928.55,26440
SHARDUL,20261006,58.9,58.9,57.5,58.25,26778
SHAREINDIA,20261006,207.5,212.0,207.0,211.4,880466
SHARIABEES,20261006,421.48,429.6,421.48,424.7,4737
SHBAJRG,20261006,166.5,167.96,161.49,162.8,6772
SHEKHAWATI,20261006,27.17,27.17,27.17,27.17,25814
SHEMAROO,20261006,111.6,114.35,111.6,111.76,6104
SHERVANI,20261006,304.0,304.0,304.0,304.0,20
SHILCTECH,20261006,4032.9,4105.0,4015.9,4094.2,10823
SHILGRAVQ,20261006,145.0,146.99,141.27,145.31,1576
SHILPAMED,20261006,1028.1,1079.9,1026.1,1073.7,587086
SHINDL,20261006,159.99,159.99,156.0,158.69,135954
SHIPROCKET,20261006,124.87,132.34,123.46,131.43,7625305
SHIVAAGRO,20261006,39.1,39.2,38.0,39.02,3408
SHIVACEM,20261006,12.6,14.7,12.6,13.19,118475
SHIVALIK,20261006,374.0,389.8,360.0,386.25,78286
SHIVAMAUTO,20261006,16.95,17.89,16.45,16.6,93728
SHIVAMILLS,20261006,59.0,62.15,58.0,58.31,1160
SHIVATEX,20261006,165.22,172.9,165.01,169.99,2607
SHIVAUM,20261006,559.05,559.7,552.5,552.65,4729
SHK,20261006,138.4,143.86,136.82,142.32,584843
SHOPERSTOP,20261006,390.05,405.0,390.05,398.15,17408
SHRADDHA,20261006,166.5,172.5,162.3,166.72,9492
SHRADHA,20261006,30.48,32.49,28.5,29.83,31148
SHREDIGCEM,20261006,67.0,67.0,64.15,65.12,144731
SHREECEM,20261006,21800.0,22210.0,21800.0,22210.0,22436
SHREEJISPG,20261006,783.0,799.5,781.5,796.5,1125084
SHREEPUSHK,20261006,495.25,515.0,487.3,510.1,51539
SHREERAMA,20261006,42.96,44.19,42.6,43.53,35270
SHRENIK,20261006,0.29,0.29,0.27,0.27,973725
SHREYANIND,20261006,128.1,130.0,127.0,128.94,7606
SHRINGARMS,20261006,221.02,225.5,219.49,223.32,1145487
SHRIPISTON,20261006,4430.0,4447.9,4332.0,4405.0,74828
SHRIRAMFIN,20261006,971.4,975.0,959.1,965.05,4433773
SHRIRAMPPS,20261006,67.97,68.47,67.41,68.13,143686
SHRJAGP,20261006,676.0,700.0,672.1,674.6,210
SHUKRAPHAR,20261006,72.4,75.4,70.55,72.58,24259904
SHYAMCENT,20261006,5.17,5.17,5.0,5.03,38542
SHYAMMETL,20261006,1024.0,1059.3,1019.4,1054.0,413254
SHYAMTEL,20261006,11.22,11.25,10.62,10.73,4752
SICAGEN,20261006,51.5,52.84,51.5,51.87,4100
SICALLOG,20261006,90.0,90.0,86.2,89.33,11027
SIEL,20261006,31.0,31.0,31.0,31.0,11
SIEMENS,20261006,3734.0,3859.6,3694.4,3854.0,219732
SIGACHI,20261006,28.73,31.19,28.65,29.89,5409694
SIGIND,20261006,66.0,66.4,61.9,62.86,16916
SIGMA,20261006,44.9,45.6,43.55,45.24,88715
SIGMAADV,20261006,1107.0,1165.0,1090.0,1119.4,385103
SIGNATURE,20261006,732.6,740.2,717.55,719.35,280842
SIGNPOST,20261006,262.25,265.85,260.0,262.1,30403
SIKA,20261006,1033.7,1040.0,1017.0,1029.3,9995
SIKKO,20261006,6.09,6.21,6.0,6.16,303160
SIL,20261006,16.2,16.2,15.86,16.0,8963
SILGO,20261006,70.52,70.55,68.07,69.51,66055
SILINV,20261006,454.0,463.0,450.0,459.4,1855
SILVER,20261006,219.69,220.3,217.74,220.17,561229
SILVER001,20261006,22.5,22.5,22.06,22.31,16924
SILVER1,20261006,21.39,21.4,21.16,21.37,8578942
SILVER360,20261006,217.38,217.38,215.0,216.58,7580
SILVERADD,20261006,21.24,21.26,21.0,21.23,1153270
SILVERAG,20261006,215.0,215.0,212.24,214.75,533554
SILVERAXIS,20261006,218.91,219.26,216.79,219.09,715377
SILVERBEES,20261006,210.1,210.83,208.5,210.7,11390233
SILVERBETA,20261006,212.88,212.88,210.36,212.69,1588843
SILVERBND,20261006,219.93,221.72,219.0,221.55,2006
SILVERCASE,20261006,22.26,22.34,22.09,22.32,3295102
SILVERIETF,20261006,219.7,220.19,217.66,219.99,3092376
SILVERTUC,20261006,139.0,139.39,136.76,137.68,95538
SIMBHALS,20261006,7.25,7.4,7.11,7.4,30697
SIMPLEXINF,20261006,251.85,261.5,247.82,259.13,205768
SIMPLXREA,20261006,122.95,122.95,113.75,113.75,203
SINCLAIR,20261006,75.38,77.97,74.79,75.93,25792
SINDHUTRAD,20261006,22.24,22.93,21.56,22.0,4527595
SINGERIND,20261006,74.05,76.4,73.51,74.93,73914
SINTERCOM,20261006,76.01,78.5,75.91,76.93,3846
SIRCA,20261006,403.8,411.0,403.7,406.6,78928
SIS,20261006,416.45,420.3,414.55,416.7,99900
SITINET,20261006,0.26,0.27,0.25,0.25,1028300
SIYSIL,20261006,549.0,559.05,541.6,553.45,25170
SJS,20261006,2039.6,2039.6,1969.1,1981.4,278139
SJVN,20261006,57.42,57.6,56.8,57.26,1735501
SKFINDIA,20261006,1453.0,1466.0,1435.0,1461.9,34336
SKFINDUS,20261006,2720.0,2785.0,2691.3,2774.6,23101
SKIPPER,20261006,539.05,553.5,537.0,551.5,377434
SKMEGGPROD,20261006,202.01,214.65,202.01,210.05,179510
SKYGOLD,20261006,830.7,877.0,830.65,857.65,4153944
SKYWAYS,20261006,110.0,116.5,109.52,113.51,1344512
SMALL250,20261006,17.77,18.2,17.33,17.96,503365
SMALLADD,20261006,18.23,18.23,17.79,17.98,16478
SMALLCAP,20261006,47.6,48.42,47.47,48.24,1195165
SMALLGROWW,20261006,47.5,48.31,47.0,48.29,8501
SMALLIETF,20261006,17.84,18.09,17.75,18.01,36414
SMARTLINK,20261006,226.95,233.83,218.0,221.9,15549
SMARTWORKS,20261006,501.0,513.85,497.35,503.9,128071
SMCGLOBAL,20261006,119.4,120.0,107.67,110.55,29982678
SML100CASE,20261006,11.04,11.06,10.87,10.99,1217057
SMLMAH,20261006,6404.0,6404.0,6090.0,6135.5,55168
SMLT,20261006,78.88,78.9,73.02,74.06,66008
SMSPHARMA,20261006,479.95,482.8,467.55,472.2,242600
SNOWMAN,20261006,34.32,34.59,33.93,34.24,70667
SNXT30BEES,20261006,39.94,40.2,39.94,40.16,3365
SNXT50BETA,20261006,89.24,90.28,89.24,90.07,333
SOBHA,20261006,1202.0,1218.3,1180.8,1190.7,401261
SOFTTECH,20261006,463.2,473.95,459.9,461.55,1508
SOLARA,20261006,682.0,689.7,668.1,682.65,196640
SOLARINDS,20261006,19464.0,20274.0,19416.0,20071.0,177180
SOLARWORLD,20261006,124.98,132.0,123.0,130.39,170537
SOLEX,20261006,687.0,704.95,670.0,690.85,114805
SOMANYCERA,20261006,606.0,631.7,605.35,625.0,129420
SOMATEX,20261006,76.89,79.43,75.72,79.09,5567
SOMICONVEY,20261006,83.5,86.49,82.51,84.05,12860
SONA,20261006,92.0,96.5,90.02,94.08,64268
SONACOMS,20261006,799.7,821.65,793.25,820.0,1679743
SONAL,20261006,85.0,85.0,83.19,83.19,1616
SONAMLTD,20261006,71.0,72.34,68.6,71.55,143443
SONATSOFTW,20261006,255.65,256.7,250.6,252.05,515712
SOTL,20261006,730.0,780.0,722.6,775.5,523424
SOUTHBANK,20261006,48.2,48.59,47.05,47.23,11015738
SOUTHWEST,20261006,195.58,201.6,193.99,199.72,161477
SPAL,20261006,955.4,958.9,935.1,949.65,18873
SPANDANA,20261006,215.05,219.98,215.05,218.12,96068
SPARC,20261006,192.14,197.69,191.4,196.89,688818
SPCENET,20261006,3.28,3.54,3.16,3.31,680098
SPECIALITY,20261006,157.0,158.0,151.2,156.32,14242
SPECTRUM,20261006,3799.9,3939.6,3661.0,3915.9,19949
SPENCERS,20261006,26.88,28.48,25.99,28.3,80468
SPIC,20261006,62.42,63.46,62.11,63.05,243856
SPLIL,20261006,29.08,29.6,28.55,29.49,1186
SPLPETRO,20261006,802.8,825.45,792.45,819.6,143797
SPMLINFRA,20261006,159.99,165.0,159.99,162.63,118985
SPORTKING,20261006,192.51,206.9,192.51,202.8,381331
SRD,20261006,37.76,38.57,37.76,38.29,7028
SREEL,20261006,299.8,299.8,286.1,286.85,6028
SRF,20261006,2450.0,2492.0,2445.2,2470.0,150635
SRGHFL,20261006,124.01,129.63,122.55,122.55,6638
SRHHYPOLTD,20261006,542.4,559.0,540.0,548.65,15877
SRIKPRIND,20261006,26.12,26.99,24.85,25.23,2682
SRIT,20261006,148.0,155.09,148.0,155.09,5130949
SRM,20261006,398.85,422.0,393.25,418.45,80137
SRTL,20261006,36.1,37.49,36.1,36.67,12161
SSDL,20261006,69.8,71.28,67.16,68.57,77815
SSRETAIL,20261006,678.0,729.65,665.5,712.75,14705225
SSWL,20261006,413.65,434.0,411.55,424.7,2408881
STALLION,20261006,226.9,227.9,221.21,225.72,368991
STANLEY,20261006,135.13,137.55,135.01,136.54,41367
STAR,20261006,1081.2,1096.2,1074.0,1088.7,138279
STARCEMENT,20261006,177.0,177.23,175.3,176.41,50211
STARHEALTH,20261006,542.0,553.3,539.0,550.55,2132928
STARPAPER,20261006,152.01,154.91,151.36,154.14,2573
STARTECK,20261006,282.0,289.9,250.5,272.5,1872
STCINDIA,20261006,106.1,107.0,105.53,105.86,9737
STEAMHOUSE,20261006,115.0,118.42,112.07,118.42,11965420
STEELCAS,20261006,363.55,376.7,357.6,369.6,88203
STEELCITY,20261006,82.5,83.34,81.5,82.72,3817
STEELXIND,20261006,11.15,11.6,11.15,11.46,4754467
STEL,20261006,570.0,584.5,570.0,575.95,950
STERTOOLS,20261006,216.0,222.49,215.0,218.45,30769
STLNETWORK,20261006,44.84,47.08,44.42,47.08,6587304
STLSTRINF,20261006,22.54,22.99,21.35,21.75,2590
STLTECH,20261006,1034.4,1051.1,1006.3,1016.7,3447000
STOVEKRAFT,20261006,807.0,828.8,806.35,813.45,160000
STUDDS,20261006,400.0,414.5,399.55,407.05,37495
STYL,20261006,356.05,375.3,356.05,369.7,551497
STYLAMIND,20261006,3320.1,3345.3,3264.1,3303.5,22326
STYLEBAAZA,20261006,359.8,377.85,357.1,375.45,1260694
STYRENIX,20261006,2015.0,2066.3,2004.0,2042.9,17806
SUBEXLTD,20261006,19.28,19.93,19.28,19.59,4662300
SUBROS,20261006,680.0,686.4,672.0,682.95,31223
SUDARCOLOR,20261006,379.95,379.95,365.1,368.3,3286
SUDARSCHEM,20261006,1230.3,1247.2,1225.2,1238.6,87536
SUDEEPPHRM,20261006,1199.0,1199.0,1152.6,1158.4,94340
SUKHJITS,20261006,152.0,154.13,146.0,147.84,9695
SULA,20261006,132.99,135.0,132.57,134.01,168005
SUMEDHA,20261006,43.43,44.0,41.13,43.45,5136
SUMEETINDS,20261006,11.43,11.43,11.43,11.43,192796
SUMICHEM,20261006,411.25,427.7,411.25,418.05,490031
SUMIT,20261006,53.0,53.0,51.0,51.88,43586
SUMMITSEC,20261006,1316.3,1330.4,1306.5,1321.0,1814
SUNCLAY,20261006,1180.0,1184.9,1149.1,1152.8,6613
SUNDARAM,20261006,1.09,1.1,1.08,1.09,137030
SUNDARMFIN,20261006,4289.8,4369.5,4240.5,4347.8,31040
SUNDRMBRAK,20261006,686.7,697.0,679.4,680.1,657
SUNDRMFAST,20261006,1115.0,1155.0,1101.5,1140.3,103800
SUNDROP,20261006,752.8,762.0,745.0,746.8,28219
SUNFLAG,20261006,455.0,473.0,452.0,459.05,704018
SUNLOC,20261006,68.0,68.0,68.0,68.0,60
SUNPHARMA,20261006,1775.0,1804.1,1768.0,1804.1,1478310
SUNRAKSHAK,20261006,357.2,360.95,352.1,356.75,2192
SUNSHIEL,20261006,1102.7,1111.9,1029.0,1047.4,1686
SUNSHINE,20261006,448.0,469.9,445.15,447.2,1276990
SUNTECK,20261006,280.0,281.65,278.15,279.6,57716
SUNTV,20261006,625.8,640.95,620.6,632.1,1439793
SUPERHOUSE,20261006,158.0,158.0,153.35,155.27,4302
SUPERSPIN,20261006,7.29,7.57,6.92,7.14,12170
SUPRAJIT,20261006,460.2,473.85,457.8,471.2,65826
SUPREME,20261006,30.8,30.8,30.0,30.27,7518
SUPREMEENG,20261006,4.4,4.4,4.4,4.4,206286
SUPREMEIND,20261006,3410.0,3530.7,3376.0,3497.9,221343
SUPREMEINF,20261006,68.0,68.0,57.42,61.4,151116
SUPRIYA,20261006,900.0,917.4,885.0,915.35,177090
SUPTANERY,20261006,7.69,8.07,7.36,8.07,94825
SURAJEST,20261006,210.68,211.0,204.0,205.53,92916
SURAJLTD,20261006,195.0,195.0,180.0,187.4,3738
SURAKSHA,20261006,330.2,334.7,325.15,332.0,57477
SURANASOL,20261006,23.65,24.07,23.56,23.67,42501
SURANAT&P,20261006,15.65,16.1,15.6,15.76,29445
SURYALA,20261006,377.0,386.95,376.3,376.3,255
SURYALAXMI,20261006,57.45,57.97,57.0,57.0,1173
SURYAROSNI,20261006,220.1,222.9,218.65,221.35,165570
SURYODAY,20261006,148.88,154.45,145.91,151.47,305987
SUTLEJTEX,20261006,38.1,38.1,36.26,37.04,13973
SUVEN,20261006,308.0,312.5,302.3,309.15,920242
SUVIDHAA,20261006,2.12,2.13,1.91,2.07,100019
SUYOG,20261006,665.25,677.9,653.0,667.25,10888
SUZLON,20261006,39.01,39.45,38.85,39.16,42495197
SVGLOBAL,20261006,140.0,140.99,135.28,140.92,957
SVLL,20261006,823.0,850.0,822.2,835.6,2740
SVPGLOB,20261006,3.04,3.16,2.96,3.11,59824
SWANCORP,20261006,263.1,270.75,262.6,268.85,817660
SWANDEF,20261006,2720.0,2769.9,2660.0,2760.2,23194
SWARAJ,20261006,365.0,368.0,351.55,354.7,31212
SWARAJENG,20261006,3524.8,3549.9,3511.0,3537.8,9212
SWARNSAR,20261006,40.14,41.0,39.0,40.62,11939
SWASTIKAIN,20261006,205.0,217.0,198.05,200.13,445285
SWELECTES,20261006,608.5,620.0,595.0,613.8,28332
SWIGGY,20261006,240.0,244.75,238.0,244.2,9738654
SWISSMLTRY,20261006,14.49,14.49,13.85,14.07,34146
SWSOLAR,20261006,164.9,173.69,164.2,172.54,1334043
SYMBIOTEC,20261006,1168.9,1209.5,1138.6,1149.5,641019
SYMPHONY,20261006,564.15,568.0,555.0,556.95,55548
SYNCOMF,20261006,23.14,23.83,22.77,23.22,15329504
SYNGENE,20261006,357.4,364.0,355.55,363.2,319188
SYRMA,20261006,1738.1,1738.1,1670.3,1685.1,817702
SYSTMTXC,20261006,73.1,73.1,73.0,73.05,2595
TAALTECH,20261006,939.9,1115.0,913.6,1093.4,622209
TAINWALCHM,20261006,204.49,204.49,200.1,201.12,695
TAJGVK,20261006,315.0,320.5,314.4,318.3,24032
TAKE,20261006,11.86,12.49,11.51,11.55,577722
TALBROAUTO,20261006,416.45,434.0,416.3,429.45,138664
TAMBOLIIN,20261006,295.0,310.85,295.0,300.35,22764
TANAA,20261006,315.0,323.7,308.1,309.3,36995
TANLA,20261006,489.5,493.4,487.3,492.15,132721
TARACHAND,20261006,47.5,47.5,46.01,46.42,40223
TARAPUR,20261006,11.95,11.95,11.2,11.61,24826
TARC,20261006,123.95,124.56,122.36,124.1,180539
TARIL,20261006,286.25,288.2,277.75,283.65,2263680
TARMAT,20261006,57.8,59.99,56.3,56.79,78718
TARSONS,20261006,332.75,349.0,329.55,331.65,166476
TASTYBITE,20261006,9477.0,9486.5,9321.0,9413.0,932
TATACAP,20261006,317.6,323.05,316.6,322.1,1014911
TATACHEM,20261006,620.0,624.75,615.4,616.55,691824
TATACOMM,20261006,1678.0,1694.7,1664.2,1681.8,132327
TATACONSUM,20261006,953.75,976.0,946.25,976.0,904358
TATAELXSI,20261006,3110.1,3119.9,3078.1,3093.0,196732
TATAGOLD,20261006,14.25,14.3,14.18,14.28,52143065
TATAINVEST,20261006,628.05,637.8,621.65,624.15,335796
TATAPOWER,20261006,352.1,356.75,349.85,351.65,5741438
TATASTEEL,20261006,178.25,180.38,177.0,178.69,17244259
TATATECH,20261006,704.45,707.45,695.8,703.1,307198
TATSILV,20261006,21.38,21.42,21.17,21.4,28052039
TATVA,20261006,1820.1,1900.0,1794.3,1877.4,132614
TBOTEK,20261006,1659.9,1702.1,1624.2,1693.2,178083
TBZ,20261006,588.0,617.85,568.05,608.85,394826
TCC,20261006,46.61,49.04,46.22,47.09,720355
TCI,20261006,883.95,889.9,877.0,888.0,40550
TCIEXP,20261006,504.0,507.0,491.3,501.4,25355
TCIFINANCE,20261006,14.23,14.89,14.0,14.16,7205
TCPLPACK,20261006,3975.0,4023.1,3890.2,4007.9,2681
TCS,20261006,2097.0,2115.0,2082.7,2100.0,2382510
TDPOWERSYS,20261006,810.0,832.75,798.3,816.0,2739151
TEAMGTY,20261006,239.8,239.8,235.0,235.02,326
TEAMLEASE,20261006,1126.1,1147.1,1121.0,1130.3,16958
TECH,20261006,31.65,31.65,30.57,30.71,11112
TECHM,20261006,1536.0,1540.8,1495.0,1504.5,2389084
TECHNOCRAF,20261006,471.25,479.8,455.1,467.25,646452
TECHNOE,20261006,980.9,1003.2,980.8,996.2,112790
TECHNVISN,20261006,3801.1,4012.9,3801.1,4012.9,118
TECILCHEM,20261006,9.55,9.55,9.14,9.24,2818
TEGA,20261006,2091.6,2129.0,2060.8,2092.5,249989
TEJASNET,20261006,466.8,484.8,465.65,475.85,1878474
TEMBO,20261006,55.88,58.86,55.88,58.25,5603319
TEMPSENS,20261006,495.6,520.0,486.15,515.5,1537191
TENNIND,20261006,487.15,497.45,483.3,494.15,577492
TERAI,20261006,110.0,120.0,110.0,120.0,4
TERASOFT,20261006,235.85,263.16,230.0,237.77,92595
TEXINFRA,20261006,120.8,126.4,119.0,125.42,587316
TEXMOPIPES,20261006,50.68,54.5,50.1,53.8,175736
TEXRAIL,20261006,118.2,119.92,116.72,117.38,2061189
TFCILTD,20261006,140.27,141.5,139.25,140.65,3376081
TFL,20261006,11.76,12.25,11.75,11.99,6398
TGBHOTELS,20261006,9.7,9.7,9.2,9.37,4118
TGVSL,20261006,122.29,126.0,121.55,125.48,360172
THACKER,20261006,940.0,940.0,939.65,939.65,11
THANGAMAYL,20261006,4794.0,4847.0,4726.0,4758.5,41236
THEINVEST,20261006,91.0,92.65,90.25,90.81,1290
THEJO,20261006,2095.2,2113.0,2082.1,2098.9,4668
THELEELA,20261006,582.0,589.7,566.5,582.7,514330
THEMISMED,20261006,113.45,114.98,112.35,113.49,44074
THERMAX,20261006,3230.0,3250.0,3193.0,3225.1,236487
THOMASCOOK,20261006,99.63,101.63,99.51,101.09,248235
THOMASCOTT,20261006,278.8,292.8,275.1,280.8,111445
THYROCARE,20261006,542.0,544.6,528.5,529.8,156551
TI,20261006,549.0,579.8,540.0,547.8,2728824
TICL,20261006,8.57,8.57,8.57,8.57,26627
TIGERLOGS,20261006,26.89,27.49,24.82,25.86,306981
TIIL,20261006,2815.3,2850.0,2777.8,2819.1,20082
TIINDIA,20261006,2329.2,2472.7,2312.0,2472.7,780130
TIJARIA,20261006,6.57,6.6,6.36,6.42,14938
TIL,20261006,240.7,250.0,239.0,242.25,114661
TIMETECHNO,20261006,178.51,183.7,178.1,183.07,2979108
TIMEX,20261006,737.0,759.7,726.65,731.7,528969
TIMKEN,20261006,3158.6,3169.9,3111.0,3156.9,18065
TINNARUBR,20261006,948.05,960.0,931.25,950.25,24118
TIPSFILMS,20261006,309.0,374.7,309.0,334.55,98064
TIPSMUSIC,20261006,648.0,661.45,637.8,653.1,253226
TIRUMALCHM,20261006,144.1,150.99,144.1,148.53,320975
TIRUPATIFL,20261006,72.51,74.0,72.19,72.19,398736
TITAGARH,20261006,813.5,813.5,802.85,804.85,249996
TITAN,20261006,4599.9,4600.0,4530.3,4550.0,800113
TMB,20261006,883.95,889.95,872.4,878.95,136215
TMCV,20261006,427.3,437.55,423.7,433.8,7619951
TMPV,20261006,288.4,290.4,285.1,285.8,7578840
TNIDETF,20261006,83.55,84.98,83.1,84.01,80842
TNPETRO,20261006,123.0,127.13,123.0,126.03,803613
TNPL,20261006,147.4,148.92,145.61,145.94,62489
TNTELE,20261006,10.45,10.45,10.45,10.45,32851
TOKYOPLAST,20261006,71.11,73.2,71.1,71.1,833
TOLINS,20261006,90.0,91.85,86.5,90.19,202771
TOP100CASE,20261006,10.0,10.05,9.93,10.03,593557
TOP10ADD,20261006,83.48,84.1,83.13,83.84,1969278
TOP15IETF,20261006,9.35,9.35,9.17,9.3,46067
TOP20,20261006,8.38,8.42,8.36,8.4,30049
TORNTPHARM,20261006,4763.5,4788.3,4702.5,4772.0,302606
TORNTPOWER,20261006,1234.6,1240.1,1220.5,1234.9,206066
TOTAL,20261006,69.23,71.7,69.0,71.54,3174
TOUCHWOOD,20261006,58.55,58.95,58.26,58.95,640
TOYAMSL,20261006,0.65,0.69,0.64,0.68,765045
TPHQ,20261006,0.49,0.5,0.47,0.48,1369830
TPLPLASTEH,20261006,68.6,69.44,67.51,69.18,110390
TRACXN,20261006,31.6,35.0,31.6,34.34,493405
TRANSCOR,20261006,24.9,24.9,23.75,23.91,624
TRANSPEK,20261006,1313.8,1379.5,1300.0,1379.5,3069
TRANSRAILL,20261006,478.0,486.0,474.1,482.4,2088541
TRANSWORLD,20261006,154.0,156.97,152.05,153.7,3872
TRAVELFOOD,20261006,1200.0,1204.7,1191.0,1197.9,23618
TREEHOUSE,20261006,5.98,5.98,5.73,5.82,17012
TREJHARA,20261006,131.36,133.05,128.8,130.39,13317
TREL,20261006,26.99,27.39,26.51,26.64,39088
TRENT,20261006,2800.0,2914.0,2782.3,2906.0,6695372
TRF,20261006,196.86,197.47,193.97,196.3,6221
TRIDENT,20261006,21.84,22.98,21.84,22.56,6085787
TRIGYN,20261006,51.5,52.79,51.3,51.7,20828
TRITONV,20261006,1076.8,1095.0,1076.3,1093.0,2665
TRITURBINE,20261006,529.3,538.9,518.85,536.1,485568
TRIVENI,20261006,244.8,249.0,239.85,241.97,920396
TRU,20261006,4.25,4.36,4.08,4.12,54342
TRUALT,20261006,442.05,452.1,441.2,444.35,130699
TSFINV,20261006,409.0,420.2,405.0,417.95,63765
TTKHLTCARE,20261006,1014.9,1053.7,1007.8,1033.7,22381
TTKPRESTIG,20261006,518.9,524.95,513.2,522.85,21447
TTL,20261006,7.84,7.84,7.3,7.38,264595
TTML,20261006,33.92,34.43,33.92,34.18,1255795
TURTLEMINT,20261006,69.0,71.0,67.52,68.91,2824519
TUTIALKA,20261006,52.16,55.39,52.01,54.0,5399
TVSELECT,20261006,395.15,411.95,393.0,404.2,76143
TVSHLTD,20261006,11810.0,11854.0,11705.0,11763.0,4509
TVSMOTOR,20261006,4030.0,4043.6,3955.9,3981.0,791080
TVSSCS,20261006,127.16,132.4,127.11,130.67,519940
TVSSRICHAK,20261006,4308.0,4428.8,4308.0,4390.1,3855
TVTODAY,20261006,100.32,102.5,100.3,101.48,17508
TVVISION,20261006,2.68,2.73,2.51,2.59,26274
TWCGOLDETF,20261006,146.0,149.99,145.16,146.53,3405
UBL,20261006,1188.5,1197.6,1172.0,1178.3,93587
UCAL,20261006,137.0,144.3,136.25,142.37,12204
UCOBANK,20261006,23.2,23.49,23.14,23.27,3053454
UDAYJEW,20261006,167.35,167.36,159.6,160.33,17571
UDS,20261006,213.7,216.75,208.01,215.4,141225
UEL,20261006,173.4,180.99,173.01,179.62,11101
UFBL,20261006,660.0,695.2,660.0,695.2,76397
UFLEX,20261006,640.1,646.65,635.2,641.25,61320
UFO,20261006,56.51,58.02,56.51,57.38,19334
UGARSUGAR,20261006,60.89,61.5,58.8,59.26,228982
UGROCAP,20261006,82.7,84.0,81.61,82.97,102799
UJJIVANSFB,20261006,67.0,67.98,65.14,65.19,13780244
ULTRACEMCO,20261006,10850.0,10905.0,10697.0,10750.0,270277
ULTRAMAR,20261006,408.85,417.15,402.5,408.8,177802
UMAEXPORTS,20261006,20.99,21.8,20.55,21.09,17187
UMESLTD,20261006,4.59,4.59,4.26,4.45,3511
UMIYA-MRO,20261006,93.0,93.08,92.01,92.55,10179
UNICHEMLAB,20261006,531.25,556.2,531.25,548.1,60230
UNIDT,20261006,231.99,237.14,225.0,226.13,34207
UNIECOM,20261006,82.35,82.71,81.16,81.84,181148
UNIENTER,20261006,90.0,90.0,86.17,87.09,2595
UNIINFO,20261006,10.63,11.07,10.45,11.0,1893
UNIMECH,20261006,1850.0,1901.0,1819.7,1873.1,288002
UNIONBANK,20261006,169.0,171.29,166.89,168.44,10378539
UNIONGOLD,20261006,142.55,143.95,142.4,143.35,3325
UNIPARTS,20261006,836.0,844.0,815.0,824.7,101784
UNITDSPR,20261006,1365.0,1373.0,1349.0,1358.0,925853
UNITECH,20261006,3.91,4.05,3.91,4.0,2291434
UNITEDPOLY,20261006,49.0,49.59,47.89,48.49,706323
UNITEDTEA,20261006,420.0,420.0,411.45,415.95,1718
UNIVASTU,20261006,128.4,132.69,126.23,131.63,27075
UNIVCABLES,20261006,1523.1,1665.0,1501.8,1649.2,374840
UNIVPHOTO,20261006,467.05,483.3,467.05,470.25,889
UNOMINDA,20261006,1101.0,1128.5,1100.0,1120.0,1038825
UPL,20261006,503.9,511.55,503.9,509.55,1194229
URAVIDEF,20261006,101.5,102.0,100.0,102.0,1892
URBANCO,20261006,160.0,174.46,160.0,173.54,23975368
URJA,20261006,8.6,8.74,8.52,8.6,583060
USHAMART,20261006,510.0,519.9,500.4,516.7,819697
USK,20261006,18.53,19.3,18.53,18.64,25994
UTIAMC,20261006,890.3,894.85,883.1,888.2,75256
UTKARSHBNK,20261006,13.42,13.62,13.27,13.52,2363770
UTLSOLAR,20261006,412.2,424.4,410.05,418.85,164223
UTTAMSUGAR,20261006,300.5,309.95,296.6,302.8,427890
UYFINCORP,20261006,24.2,24.2,22.79,22.95,407089
V2RETAIL,20261006,168.19,176.75,165.05,172.19,5350710
VADILALIND,20261006,7111.0,7375.0,7111.0,7309.5,7145
VADILENT,20261006,9860.0,9860.0,9860.0,9860.0,2
VAIBHAVGBL,20261006,199.44,204.2,199.42,202.43,108902
VAISHALI,20261006,8.36,8.6,7.8,8.17,227994
VAKRANGEE,20261006,5.23,5.24,5.15,5.19,869007
VAL30IETF,20261006,14.62,14.62,14.31,14.34,105011
VALIANTLAB,20261006,124.0,127.99,124.0,124.37,73168
VALIANTORG,20261006,476.0,503.0,469.15,496.8,262872
VALUE,20261006,15.0,15.52,14.92,15.25,31145
VALUEAXIS,20261006,31.28,31.28,30.9,30.93,71332
VAML,20261006,398.45,404.0,397.55,401.05,4356180
VARDHACRLC,20261006,45.0,45.0,43.0,43.63,58968
VARDMNPOLY,20261006,5.69,5.74,5.11,5.44,320774
VARMORA,20261006,134.6,136.02,130.51,132.84,1407091
VARROC,20261006,824.1,829.45,793.0,814.45,402684
VASCONEQ,20261006,32.1,33.0,31.99,32.31,325907
VASUPRADA,20261006,92.0,95.0,92.0,95.0,2
VASWANI,20261006,44.04,44.5,43.11,43.41,15181
VBL,20261006,440.5,442.75,435.85,439.3,4266861
VCL,20261006,1.49,1.5,1.43,1.5,171838
VEDAVAAG,20261006,22.0,23.34,22.0,23.24,130276
VEDL,20261006,257.2,267.7,256.6,265.6,14899808
VEDPOWER,20261006,32.25,32.66,31.83,32.53,7497056
VEEDOL,20261006,1355.2,1400.5,1349.3,1392.4,10408
VEEGALAND,20261006,145.5,153.8,142.5,148.64,2946800
VELJAN,20261006,2531.4,2531.4,2531.4,2531.4,1420
VENKEYS,20261006,1642.7,1707.9,1618.0,1694.8,49857
VENTIVE,20261006,557.0,602.8,546.05,582.35,85216
VENUSPIPES,20261006,2236.0,2280.0,2215.9,2240.3,80155
VENUSREM,20261006,1807.9,1807.9,1710.0,1746.7,20737
VERANDA,20261006,28.4,29.72,26.9,29.72,418116
VERTOZ,20261006,34.73,36.49,32.71,33.52,81639
VESUVIUS,20261006,390.4,424.9,390.4,404.4,377740
VETO,20261006,136.64,140.81,136.0,138.54,62786
VGCL,20261006,49.48,49.48,45.83,47.6,325
VGL,20261006,63.62,65.7,63.62,63.76,65905
VGUARD,20261006,301.05,307.9,294.35,306.3,409980
VHL,20261006,3460.0,3624.8,3460.0,3574.2,1294
VHLTD,20261006,130.95,131.0,128.0,128.97,68525
VIDHIING,20261006,358.9,358.9,348.75,352.3,6713
VIDYAWIRES,20261006,92.0,95.83,92.0,95.83,2092268
VIJAYA,20261006,1422.2,1501.0,1408.7,1466.7,134949
VIJIFIN,20261006,13.69,13.69,13.69,13.69,57100
VIJSOLX,20261006,630.0,630.0,620.0,620.0,23
VIKASECO,20261006,1.02,1.03,1.01,1.02,1846510
VIKASLIFE,20261006,1.21,1.22,1.19,1.2,2367196
VIKRAMSOLR,20261006,152.7,154.14,150.96,151.5,1330871
VIKRAN,20261006,57.2,58.25,57.2,58.13,518281
VIMTALABS,20261006,573.0,584.9,569.8,577.4,140356
VINATIORGA,20261006,1176.0,1200.1,1166.7,1179.5,30277
VINCOFE,20261006,182.99,189.0,181.24,187.21,1459907
VINDHYATEL,20261006,2588.0,2842.0,2584.0,2829.7,142293
VINEETLAB,20261006,38.39,38.39,36.32,36.52,24929
VINNY,20261006,0.9,0.91,0.9,0.9,439590
VINYLINDIA,20261006,211.0,217.78,211.0,212.77,10361
VIPCLOTHNG,20261006,20.26,20.89,20.2,20.3,26372
VIPIND,20261006,288.5,289.0,282.0,288.1,108780
VIPULLTD,20261006,10.22,10.55,10.11,10.2,52717
VIRAT,20261006,350.0,356.0,342.2,347.7,1764
VIRINCHI,20261006,12.72,13.39,12.72,13.16,39744
VIRTUALG,20261006,0.44,0.44,0.42,0.42,240623
VISACHROME,20261006,35.35,35.68,34.31,35.22,26497
VISAKAIND,20261006,80.7,83.08,80.11,81.63,74539
VISHAL,20261006,17.11,18.4,17.1,17.5,334362
VISHNU,20261006,648.0,701.0,648.0,695.55,220744
VISHWARAJ,20261006,5.34,6.0,5.27,5.72,1186917
VISL,20261006,31.0,31.39,30.33,30.75,13725410
VITAL,20261006,53.4,53.4,51.5,53.18,5003
VIVIANA,20261006,829.8,854.45,795.05,824.2,88932
VIVIDHA,20261006,0.51,0.53,0.51,0.51,172652
VIVIMEDLAB,20261006,6.28,6.28,6.28,6.28,27868
VIVOBIOT,20261006,14.97,15.69,13.11,13.87,130105
VIYASH,20261006,229.0,234.5,228.57,233.23,1481195
VLEGOV,20261006,9.57,9.78,8.86,9.37,164271
VLSFINANCE,20261006,232.36,234.75,230.6,233.9,4462
VMART,20261006,753.05,799.9,753.05,793.0,99506
VMM,20261006,98.25,101.71,98.08,100.95,15107047
VMSTMT,20261006,44.45,46.97,44.4,46.58,38944
VOEPL,20261006,519.65,519.9,497.1,511.15,84435
VOGL,20261006,31.05,31.57,30.95,31.41,11313091
VOITHPAPR,20261006,1406.0,1453.9,1406.0,1425.0,94
VOLTAMP,20261006,10609.0,10656.0,10479.0,10539.0,9008
VOLTAS,20261006,1064.7,1073.4,1048.6,1067.9,2705541
VPRPL,20261006,29.0,29.47,27.36,28.77,351910
VRAJ,20261006,121.8,124.5,119.44,121.6,10753
VRLLOG,20261006,285.45,286.0,283.9,284.95,95557
VSSL,20261006,388.0,393.4,385.0,389.75,43982
VSTIND,20261006,202.0,203.35,201.0,202.64,100176
VSTL,20261006,109.04,111.95,107.3,108.56,8543
VSTTILLERS,20261006,4205.0,4455.0,4205.0,4426.3,12869
VTL,20261006,531.15,557.0,531.15,549.4,317619
VTMLTD,20261006,39.7,40.45,35.38,35.92,163584
WAAREEENER,20261006,2346.5,2398.0,2341.3,2398.0,394147
WAAREEINDO,20261006,209.28,209.89,204.62,208.05,85113
WAAREERTL,20261006,809.1,828.0,808.75,825.95,101885
WABAG,20261006,2037.6,2055.0,1991.2,2006.9,423835
WAKEFIT,20261006,138.2,141.26,135.7,135.98,308548
WALCHANNAG,20261006,195.0,207.0,194.99,204.17,716366
WANBURY,20261006,194.99,205.81,191.15,197.87,1143379
WARDINMOBI,20261006,5.08,5.3,5.0,5.11,228775
WATERBASE,20261006,46.79,46.79,43.51,44.8,16937
WCIL,20261006,89.5,89.9,86.99,87.76,137701
WEALTH,20261006,860.0,883.0,832.8,855.15,1300
WEBELSOLAR,20261006,69.0,71.46,67.19,70.89,2917914
WEIZMANIND,20261006,68.01,72.7,68.01,70.39,2565
WEL,20261006,73.3,75.45,73.29,74.62,181866
WELCORP,20261006,2528.2,2676.0,2518.6,2660.9,1853422
WELENT,20261006,723.1,728.0,713.0,718.3,150965
WELINV,20261006,2440.0,2452.2,2440.0,2440.0,12
WELSPLSOL,20261006,52.29,53.87,51.69,51.99,571376
WELSPUNLIV,20261006,231.05,240.73,230.99,237.86,4609322
WENDT,20261006,8124.0,8151.5,8053.5,8097.5,3527
WESTLIFE,20261006,594.0,605.35,589.0,594.6,62651
WEWIN,20261006,51.0,53.0,50.5,51.92,5900
WEWORK,20261006,651.0,670.0,646.65,664.9,82193
WHBRADY,20261006,456.3,515.0,452.6,485.0,329
WHEELS,20261006,2254.9,2341.0,2211.1,2289.0,120884
WHIRLPOOL,20261006,873.75,878.0,861.1,867.8,392092
WILLAMAGOR,20261006,22.4,22.4,21.31,21.88,784
WINDLAS,20261006,1008.0,1041.0,1000.0,1036.2,71884
WINDMACHIN,20261006,286.15,297.45,281.5,294.85,92539
WIPL,20261006,163.65,164.39,160.5,161.65,56
WIPRO,20261006,161.96,162.88,160.54,161.84,16386869
WOCKPHARMA,20261006,2067.2,2184.0,2062.0,2176.4,899270
WONDERLA,20261006,502.0,517.9,488.0,509.7,37533
WORTHPERI,20261006,144.95,144.95,140.25,141.09,8240
WPIL,20261006,447.0,452.0,441.05,444.15,42287
WSI,20261006,51.0,52.8,51.0,51.79,41522
WSTCSTPAPR,20261006,721.0,763.05,721.0,753.05,254433
XCHANGING,20261006,58.8,62.6,58.18,61.86,172281
XELPMOC,20261006,90.0,91.46,85.0,85.62,22716
XPROINDIA,20261006,1151.2,1160.0,1125.2,1136.1,47015
XTGLOBAL,20261006,28.98,28.98,26.91,27.61,49359
XTRANET,20261006,288.0,300.3,283.5,300.3,614797
YASHO,20261006,4040.0,4350.0,4039.9,4282.8,33512
YATHARTH,20261006,1003.0,1065.0,998.2,1058.8,382135
YATRA,20261006,101.0,101.85,100.21,101.48,353097
YESBANK,20261006,21.05,21.05,20.81,20.86,48861066
YOGI,20261006,161.9,164.92,161.0,161.0,421
YUKEN,20261006,1142.4,1333.9,1137.4,1238.6,282354
ZAGGLE,20261006,172.25,174.4,169.77,171.88,1067509
ZEEL,20261006,73.6,74.77,72.2,72.42,15468698
ZEELEARN,20261006,6.21,6.5,6.1,6.37,573557
ZEEMEDIA,20261006,7.27,7.3,7.08,7.22,633024
ZENITHEXPO,20261006,194.1,194.1,186.05,187.56,531
ZENITHSTL,20261006,5.15,5.29,5.07,5.25,57835
ZENSARTECH,20261006,455.0,457.65,444.35,445.45,605170
ZENTEC,20261006,1608.8,1622.0,1598.8,1614.3,177507
ZFCVINDIA,20261006,2201.3,2213.2,2165.0,2187.4,70332
ZFSTEERING,20261006,705.4,719.6,702.55,710.25,1592
ZIMLAB,20261006,139.0,140.0,135.59,138.57,63618
ZODIAC,20261006,216.25,223.99,210.7,212.65,10334
ZODIACLOTH,20261006,68.97,68.97,66.25,66.67,1950
ZOTA,20261006,1297.0,1305.0,1275.0,1278.6,20087
ZSARACOM,20261006,9711.0,9986.0,9710.0,9961.0,35
ZUARI,20261006,212.0,219.6,211.81,218.28,53443
ZUARIIND,20261006,284.9,295.0,284.9,288.45,85327
ZYDUSLIFE,20261006,1145.0,1164.8,1145.0,1159.5,1575419
ZYDUSWELL,20261006,484.0,505.45,484.0,502.4,136730
