SYMBOL,TIMESTAMP,OPEN,HIGH,LOW,CLOSE,VOLUME
20MICRONS,20261008,204.9,204.91,193.0,194.81,142707
21STCENMGM,20261008,40.05,41.07,40.05,41.07,27836
360ONE,20261008,1067.2,1068.3,1038.3,1041.1,410285
3BBLACKBIO,20261008,1629.9,1629.9,1511.0,1530.0,11870
3IINFOLTD,20261008,23.22,23.3,22.67,23.0,157698
3MINDIA,20261008,30850.0,31050.0,29915.0,30025.0,3002
3PLAND,20261008,30.8,31.2,30.72,30.77,693
5PAISA,20261008,353.0,353.15,335.55,338.2,38686
63MOONS,20261008,786.8,789.55,759.15,761.55,149584
A2ZINFRA,20261008,13.91,13.91,13.58,13.72,234410
AAATECH,20261008,108.3,109.39,103.0,103.44,319270
AADHARHFC,20261008,455.05,455.8,443.85,450.55,178210
AAKASH,20261008,8.39,8.4,8.0,8.2,53295
AAREYDRUGS,20261008,106.24,108.79,103.37,103.89,436502
AARNAV,20261008,37.01,37.5,35.3,35.54,5425
AARON,20261008,122.45,124.88,120.2,121.05,5174
AARTECH,20261008,48.2,48.2,47.0,47.69,16769
AARTIDRUGS,20261008,417.8,431.65,411.3,414.0,246945
AARTIIND,20261008,493.2,502.6,476.0,478.05,700924
AARTIPHARM,20261008,956.0,958.05,868.25,879.05,1140881
AARTISURF,20261008,493.35,493.35,481.2,485.8,2594
AARVI,20261008,143.0,143.0,137.35,138.26,5006
AASTHA,20261008,30.29,30.69,28.62,28.68,672748
AAVAS,20261008,1229.4,1229.4,1182.0,1190.5,43293
ABAN,20261008,18.64,18.64,18.0,18.64,416166
ABANSENT,20261008,27.67,29.87,26.53,28.45,24469
ABB,20261008,7005.0,7005.5,6750.0,6770.0,155147
ABBOTINDIA,20261008,26090.0,26270.0,25475.0,25580.0,5523
ABCAPITAL,20261008,373.2,374.75,367.8,368.65,4608495
ABCOTS,20261008,195.9,195.9,189.02,190.67,1925
ABDL,20261008,699.8,714.8,680.85,693.45,845151
ABFRL,20261008,44.46,45.09,43.05,43.18,3988608
ABGSEC,20261008,112.99,112.99,112.99,112.99,2
ABINFRA,20261008,12.85,12.85,12.12,12.19,354926
ABLBL,20261008,73.73,73.86,71.1,71.95,5937102
ABMINTLLTD,20261008,41.16,41.16,40.96,40.96,280
ABMKNO,20261008,164.41,164.99,155.0,161.27,5804
ABREL,20261008,1049.4,1060.2,1011.6,1018.0,187497
ABSL10BANK,20261008,162.72,162.82,160.69,161.32,779
ABSLAMC,20261008,1012.05,1024.6,996.2,1004.9,254248
ABSLBANETF,20261008,56.73,56.73,55.85,55.92,166965
ABSLLIQUID,20261008,999.99,1000.01,999.99,1000.0,5791
ABSLMSCIN,20261008,27.75,27.75,27.34,27.34,1338
ABSLNN50ET,20261008,74.82,74.91,70.95,73.75,16688
ABSLPSE,20261008,9.78,10.05,9.4,9.44,147191
ACC,20261008,1164.1,1165.0,1125.1,1130.1,139914
ACCELYA,20261008,1109.9,1109.9,1090.0,1094.4,44431
ACCURACY,20261008,4.2,4.25,4.02,4.12,56022
ACE,20261008,1249.9,1249.9,1165.0,1179.8,394361
ACEINTEG,20261008,17.0,17.15,16.45,16.45,837
ACEVECTOR,20261008,32.42,33.27,28.38,29.12,75616274
ACGL,20261008,1703.8,1730.0,1670.0,1690.1,654
ACI,20261008,480.95,480.95,460.0,462.2,225917
ACL,20261008,39.2,39.93,38.82,38.97,6743
ACMESOLAR,20261008,436.4,437.95,416.15,420.4,1067095
ACSTECH,20261008,71.83,71.83,71.83,71.83,36708
ACUTAAS,20261008,3174.6,3182.2,3036.0,3056.7,358872
ADANIENSOL,20261008,1328.9,1328.9,1241.2,1251.5,2431825
ADANIENT,20261008,2740.0,2743.0,2547.0,2596.0,4400475
ADANIGREEN,20261008,1342.7,1344.8,1208.0,1235.7,7489433
ADANIPORTS,20261008,1749.9,1749.9,1674.2,1708.0,3344747
ADANIPOWER,20261008,196.0,196.49,184.05,188.0,46457240
ADDIND,20261008,75.39,78.8,72.0,72.46,3284
ADFFOODS,20261008,292.0,292.0,278.1,288.3,118955
ADL,20261008,72.5,73.95,70.41,73.64,137
ADOR,20261008,1563.5,1563.5,1470.4,1486.1,44086
ADROITIND,20261008,215.1,218.99,212.45,212.45,245524
ADROITINFO,20261008,11.87,12.47,11.38,11.56,223844
ADSL,20261008,102.77,105.0,98.1,98.42,183260
ADVAIT,20261008,1910.8,1919.2,1860.2,1871.6,32228
ADVANCE,20261008,118.03,118.19,111.81,113.85,182223
ADVANIHOTR,20261008,47.51,48.36,47.02,47.23,14310
ADVENTHTL,20261008,122.66,122.67,116.8,118.45,134084
ADVENZYMES,20261008,271.05,272.05,264.0,264.9,132497
ADVIKCA,20261008,1.0,1.02,0.96,0.98,157493
AEGISLOG,20261008,1473.9,1473.9,1372.7,1382.3,880592
AEGISVOPAK,20261008,294.95,295.25,282.95,285.2,1013795
AEPL,20261008,15.29,15.84,14.65,14.85,8748
AEQUS,20261008,287.75,289.4,265.6,268.0,5008002
AEROENTER,20261008,130.79,130.79,123.9,125.45,412189
AEROFLEX,20261008,572.05,574.9,525.5,529.0,1597169
AERONEU,20261008,71.0,71.0,67.7,68.4,25597
AEROPLANE,20261008,219.99,220.89,211.9,216.09,972495
AETHER,20261008,1787.6,1804.1,1736.9,1744.1,198493
AFCONS,20261008,244.0,244.54,238.0,242.11,354259
AFFLE,20261008,1438.0,1450.0,1388.1,1401.4,151287
AFFORDABLE,20261008,167.0,167.0,157.0,158.28,11017
AFIL,20261008,7.52,7.69,7.46,7.58,109416
AFSL,20261008,201.0,201.5,201.0,201.0,2929
AGARIND,20261008,391.7,391.7,360.1,369.15,90828
AGARWALEYE,20261008,485.1,485.15,465.35,471.0,208641
AGASTYAEN,20261008,64.99,64.99,64.17,64.17,63983
AGI,20261008,783.2,802.05,776.7,782.6,113112
AGIIL,20261008,258.3,258.3,248.2,250.05,403792
AGL,20261008,14.5,14.5,12.05,12.15,3867954
AGRITECH,20261008,89.6,95.81,88.0,92.99,11900
AGROPHOS,20261008,22.75,23.69,21.66,21.89,32299
AGSTRA,20261008,2.37,2.37,2.37,2.37,65795
AHCL,20261008,26.78,27.83,26.78,26.78,20145752
AHLADA,20261008,38.4,38.4,36.31,36.78,7177
AHLEAST,20261008,135.63,136.0,132.05,132.78,760
AHLUCONT,20261008,557.0,561.05,550.0,554.05,71412
AHLWEST,20261008,549.0,550.0,525.15,550.0,1374
AIAENG,20261008,3851.0,3851.0,3726.9,3742.9,34411
AIIL,20261008,547.9,554.95,545.0,550.1,115992
AIRAN,20261008,15.5,15.5,14.7,14.95,151582
AIROLAM,20261008,92.89,92.89,85.05,86.52,3891
AJANTPHARM,20261008,3579.0,3580.4,3411.9,3435.6,83212
AJAXENGG,20261008,579.0,586.25,567.7,571.25,75642
AJMERA,20261008,117.0,117.79,115.5,115.77,245670
AJOONI,20261008,3.0,3.07,2.99,3.01,245903
AKASH,20261008,25.16,25.25,24.16,24.45,9427
AKCAPIT,20261008,1730.3,1749.2,1689.4,1728.4,1608
AKG,20261008,9.38,9.49,9.31,9.4,5442
AKI,20261008,6.2,6.2,5.9,6.13,59557
AKSHAR,20261008,0.42,0.43,0.41,0.42,1065915
AKSHARCHEM,20261008,373.0,379.8,365.0,367.85,7627
AKSHOPTFBR,20261008,7.79,8.0,7.35,7.39,390619
AKUMS,20261008,816.6,831.95,773.2,786.7,301314
ALANKIT,20261008,7.59,7.85,7.58,7.6,159157
ALBERTDAVD,20261008,810.0,817.3,781.0,793.9,6278
ALEMBICLTD,20261008,103.39,103.48,99.01,99.72,602964
ALFREDHE,20261008,2819.0,2819.0,2740.0,2740.0,7
ALGOQUANT,20261008,70.2,71.0,66.57,67.5,1585602
ALICON,20261008,904.9,904.9,847.05,859.0,55487
ALIVUS,20261008,1370.2,1371.9,1320.3,1337.2,82770
ALKALI,20261008,88.7,92.0,88.0,89.15,4158
ALKEM,20261008,5407.0,5407.0,5237.5,5249.5,281234
ALKYLAMINE,20261008,1915.4,1915.4,1815.0,1827.3,85427
ALLCARGO,20261008,10.28,10.28,9.93,9.99,4301600
ALLDIGI,20261008,782.3,787.45,774.0,782.75,6869
ALLTIME,20261008,184.43,185.33,174.3,175.43,105803
ALMONDZ,20261008,19.98,20.5,18.57,18.83,116135
ALOKINDS,20261008,8.5,9.47,8.24,9.0,148792635
ALPA,20261008,56.56,58.49,56.0,56.38,9222
ALPHA,20261008,51.8,53.19,51.49,51.64,1800923
ALPHAETF,20261008,25.53,25.53,24.7,24.75,897897
ALPHAGEO,20261008,254.3,255.55,245.1,250.7,2793
ALPINETEX,20261008,46.64,46.64,44.8,45.11,106955
ALPL30IETF,20261008,25.78,25.81,25.2,25.31,185598
ALUFLUOR,20261008,658.15,661.95,640.0,645.0,8809
AMAGI,20261008,559.1,570.0,554.75,555.3,136933
AMAL,20261008,813.35,813.35,762.1,774.8,19308
AMANTA,20261008,202.9,204.0,196.73,196.76,67009
AMARJOTHI,20261008,147.95,151.95,147.2,147.3,481
AMBALALSA,20261008,40.47,42.0,39.5,40.27,32501
AMBER,20261008,6839.5,6839.5,6550.0,6555.0,241576
AMBICAAGAR,20261008,23.99,23.99,22.25,23.31,8020
AMBIKCO,20261008,1515.6,1539.0,1479.5,1483.3,4347
AMBUJACEM,20261008,356.9,357.25,341.0,341.0,2489181
AMDIND,20261008,52.88,52.88,50.3,50.64,9188
AMJLAND,20261008,36.45,37.68,36.45,36.66,4161
AMNPLST,20261008,172.6,178.8,163.35,165.87,16346
AMRUTANJAN,20261008,521.0,523.0,502.0,503.05,49550
ANANDRATHI,20261008,2139.0,2155.9,2064.3,2138.9,1335549
ANANTRAJ,20261008,615.0,616.9,567.55,582.5,1898871
ANDHRAPAP,20261008,70.13,70.16,67.0,67.45,203935
ANDHRSUGAR,20261008,94.43,94.43,88.34,89.83,321145
ANDREWYU,20261008,24.65,24.87,24.16,24.3,51601
ANGELONE,20261008,300.2,301.95,293.15,295.0,7127359
ANIKINDS,20261008,44.52,45.2,41.55,42.2,23962
ANKITMETAL,20261008,2.48,2.48,2.48,2.48,21413
ANMOL,20261008,13.29,13.33,12.64,12.67,30800
ANNAPURNA,20261008,131.5,131.5,121.6,124.0,41485
ANNU,20261008,45.64,47.26,45.05,46.33,600436
ANSALAPI,20261008,3.85,3.88,3.78,3.78,7419
ANSALBU,20261008,84.0,86.19,81.6,82.42,2409
ANTELOPUS,20261008,1141.0,1141.0,1095.0,1105.8,194209
ANTGRAPHIC,20261008,0.71,0.71,0.69,0.69,72152
ANTHEM,20261008,887.9,892.0,866.0,872.55,324946
ANUHPHR,20261008,84.4,86.1,81.1,81.79,75558
ANUP,20261008,1545.0,1555.9,1490.0,1498.2,19281
ANURAS,20261008,1165.2,1170.9,1082.3,1097.7,588879
AONEGOLD,20261008,13.85,13.85,13.64,13.66,502418
AONELIQUID,20261008,1080.17,1080.18,1080.15,1080.17,15727
AONENIFTY,20261008,9.57,9.57,9.18,9.21,238034
AONESILVER,20261008,8.35,8.39,8.22,8.25,597026
AONESTEELS,20261008,420.35,426.55,401.8,416.95,535838
AONETMMQ50,20261008,10.04,10.04,9.76,9.79,37707
AONETOTAL,20261008,11.39,11.39,11.05,11.07,347534
APARINDS,20261008,18296.0,18375.0,17600.0,17816.0,99697
APCL,20261008,94.49,94.49,90.55,92.87,3010
APCOTEXIND,20261008,597.0,598.7,575.0,576.9,59990
APEX,20261008,343.4,343.4,328.55,330.6,72204
APLAPOLLO,20261008,2125.0,2125.0,2040.0,2040.0,253118
APLLTD,20261008,833.8,835.1,797.95,800.5,171505
APOLLO,20261008,413.95,415.65,391.7,395.15,6111236
APOLLOHOSP,20261008,7869.5,7892.0,7607.5,7666.0,928942
APOLLOPIPE,20261008,528.75,530.6,503.35,506.9,62109
APOLLOTYRE,20261008,406.25,406.85,398.65,401.7,400584
APOLSINHOT,20261008,1161.2,1180.0,1149.9,1159.1,1070
APOORVA,20261008,32.84,32.9,32.84,32.89,25
APTECHT,20261008,87.0,87.59,84.75,85.05,73175
APTUS,20261008,219.9,223.0,216.0,216.92,2083763
AQYLON,20261008,16.0,16.2,15.67,15.77,200438
ARCHIDPLY,20261008,104.75,104.75,100.51,101.0,11049
ARCHIES,20261008,12.42,12.42,12.0,12.01,2576
ARCIL,20261008,164.9,164.9,150.1,156.18,6175518
ARCL,20261008,241.4,241.4,211.5,221.87,1607
ARDEE,20261008,50.75,50.87,48.58,48.96,1426456
ARE&M,20261008,733.05,740.6,715.0,720.3,437641
ARENTERP,20261008,31.52,33.09,31.52,32.87,250
ARFIN,20261008,104.29,112.69,102.6,107.52,18357661
ARIES,20261008,519.0,519.0,469.85,472.7,18759
ARIHANT,20261008,927.0,940.8,904.35,939.75,2464
ARIHANTCAP,20261008,98.5,98.5,95.06,95.62,749697
ARIHANTSUP,20261008,235.6,235.6,217.48,219.51,7208
ARIS,20261008,142.5,142.97,134.58,136.42,548947
ARKADE,20261008,120.98,120.98,117.0,117.67,292344
ARMANFIN,20261008,1740.0,1750.9,1700.0,1703.9,27644
ARMEE,20261008,271.0,273.3,252.25,256.4,524567
AROGRANITE,20261008,22.54,22.89,22.26,22.76,4137
ARROWGREEN,20261008,899.9,899.9,841.05,847.45,32294
ARSHIYA,20261008,0.86,0.86,0.81,0.82,67752
ARSSBL,20261008,574.0,574.0,535.0,537.55,320882
ARTEMISMED,20261008,319.2,319.2,307.65,308.45,339500
ARTNIRMAN,20261008,40.23,41.27,37.6,38.0,1446
ARVEE,20261008,210.26,220.0,210.0,212.08,4739
ARVIND,20261008,528.1,528.1,500.45,510.5,1030883
ARVINDFASN,20261008,398.0,400.25,389.15,392.1,236141
ARVSMART,20261008,609.25,624.0,600.0,608.5,62833
ARYAMAN,20261008,610.0,610.0,610.0,610.0,24
ASAHIINDIA,20261008,980.05,980.05,934.0,938.8,75267
ASAHISONG,20261008,384.0,384.0,362.0,364.1,8067
ASAL,20261008,423.3,423.95,391.4,395.55,40416
ASALCBR,20261008,587.05,590.7,567.0,573.2,57765
ASHAPURMIN,20261008,488.2,491.45,467.55,469.35,370650
ASHIANA,20261008,379.2,379.2,369.0,372.25,32813
ASHIKAG,20261008,384.0,391.0,375.2,382.55,14718
ASHIMASYN,20261008,14.51,14.93,13.5,14.08,181130
ASHOKA,20261008,104.03,104.08,101.1,101.4,723525
ASHOKAMET,20261008,14.81,14.99,14.46,14.6,12937
ASHOKLEY,20261008,149.5,149.8,144.52,145.02,15971379
ASIANENE,20261008,481.0,481.0,453.3,459.45,262784
ASIANHOTNR,20261008,339.0,339.25,325.0,329.5,4470
ASIANPAINT,20261008,2364.4,2367.0,2311.6,2311.6,652405
ASIANTILES,20261008,47.62,47.62,45.5,45.79,730857
ASIANTNE,20261008,9.07,9.19,8.05,8.21,28744
ASKAUTOLTD,20261008,628.75,628.75,588.0,594.6,217664
ASMS,20261008,6.08,6.08,5.8,5.81,111580
ASPINWALL,20261008,243.5,248.98,236.72,241.52,8527
ASSAMENT,20261008,789.55,789.55,789.55,789.55,10
ASTAR,20261008,652.0,652.0,640.0,641.6,30
ASTEC,20261008,740.0,740.0,710.1,714.75,34972
ASTERDM,20261008,677.1,682.65,674.9,677.15,1342683
ASTRAL,20261008,1428.0,1452.0,1408.5,1408.5,579289
ASTRAMICRO,20261008,1700.0,1701.1,1625.0,1630.8,260781
ASTRAZEN,20261008,5950.5,5950.5,5675.0,5719.5,6824
ASTRON,20261008,2.84,2.88,2.75,2.78,22119
ATALREAL,20261008,11.97,12.65,11.52,11.63,2019970
ATAM,20261008,55.95,55.96,54.03,54.91,2602
ATGL,20261008,585.0,585.0,560.0,562.2,736398
ATHERENERG,20261008,1454.5,1469.0,1386.0,1406.0,2833297
ATL,20261008,25.99,26.27,24.8,25.18,332015
ATLANTAA,20261008,36.19,36.5,34.61,35.15,28140
ATLANTAELE,20261008,1896.0,1911.9,1755.0,1806.6,336989
ATLASCYCLE,20261008,91.0,93.2,91.0,91.53,2671
ATUL,20261008,6015.5,6022.0,5904.0,5923.0,25841
ATULAUTO,20261008,429.7,432.0,407.1,410.35,93982
AUBANK,20261008,997.9,997.9,974.0,975.0,973635
AUGMONT,20261008,1229.0,1277.0,1210.1,1274.1,807492
AURIONPRO,20261008,616.8,624.3,595.0,596.55,110437
AUROPHARMA,20261008,1679.1,1681.9,1641.0,1645.0,439291
AURUM,20261008,231.7,235.8,223.66,227.39,92988
AURUS,20261008,4.39,4.39,4.22,4.29,4562
AUSOMENT,20261008,143.0,147.0,135.41,143.29,11429
AUSTENG,20261008,161.74,164.67,150.61,151.39,10101
AUTOAXLES,20261008,1648.5,1656.4,1605.7,1608.8,7522
AUTOBEES,20261008,260.91,261.26,254.0,254.92,354659
AUTOIETF,20261008,26.14,26.14,25.45,25.53,762845
AUTOIND,20261008,83.0,83.39,79.01,80.06,72173
AVADHSUGAR,20261008,951.0,978.8,916.2,939.55,519526
AVALON,20261008,2429.7,2432.5,2272.3,2302.0,267746
AVANCE,20261008,0.78,0.79,0.77,0.78,3823054
AVANTEL,20261008,153.2,153.2,145.0,145.31,998810
AVANTIFEED,20261008,723.05,724.8,695.0,698.65,154178
AVG,20261008,172.9,172.9,160.55,161.98,15027
AVL,20261008,620.0,623.1,595.6,604.45,82911
AVONMORE,20261008,13.29,13.29,12.31,12.43,56134
AVROIND,20261008,6.18,6.29,5.61,5.87,294136
AVTNPL,20261008,89.4,89.8,85.1,85.45,148749
AWFIS,20261008,253.04,253.04,235.75,238.12,465552
AWHCL,20261008,348.7,348.75,335.25,339.25,124721
AWL,20261008,186.25,188.0,181.6,182.81,1298637
AXISBANK,20261008,1244.7,1257.0,1232.6,1245.0,7360960
AXISCADES,20261008,2245.0,2245.0,2063.5,2077.6,333272
AXITA,20261008,7.53,7.53,7.4,7.41,265685
AXTEL,20261008,432.05,439.75,432.05,432.8,5717
AYE,20261008,166.63,170.37,158.85,160.79,822596
AYMSYNTEX,20261008,276.55,278.6,271.15,271.75,44664
AZAD,20261008,3051.0,3052.7,2863.1,2883.7,603234
AZADIND,20261008,85.99,85.99,81.0,82.56,20151
BAFNAPH,20261008,409.85,409.85,409.8,409.85,1108
BAGFILMS,20261008,4.14,4.16,4.04,4.07,117938
BAIDFIN,20261008,10.46,10.73,9.9,10.17,60974
BAJAJ-AUTO,20261008,9840.0,9894.0,9637.0,9637.0,198806
BAJAJCON,20261008,485.0,509.8,480.3,489.15,972259
BAJAJELEC,20261008,299.15,300.15,289.05,290.05,141208
BAJAJFINSV,20261008,1727.3,1738.6,1700.0,1708.0,1193738
BAJAJHCARE,20261008,323.9,324.0,311.2,314.85,100994
BAJAJHFL,20261008,84.08,84.22,81.9,82.14,3402612
BAJAJHIND,20261008,20.94,21.12,19.86,20.04,15262142
BAJAJHLDNG,20261008,10630.0,10860.0,10600.0,10600.0,54532
BAJAJINDEF,20261008,203.96,205.38,197.5,199.24,12059
BAJAJST,20261008,328.0,333.95,322.1,324.3,10062
BAJEL,20261008,162.49,162.49,155.0,156.63,231341
BAJFINANCE,20261008,956.5,962.75,946.3,955.95,9368412
BALAJEE,20261008,24.39,25.0,23.02,23.77,55242
BALAJITELE,20261008,89.84,90.06,85.35,86.08,95182
BALAMINES,20261008,2156.0,2168.4,2078.0,2085.5,254861
BALAXI,20261008,22.81,23.4,21.05,22.09,61447
BALKRISHNA,20261008,15.9,16.38,15.67,15.73,6065
BALKRISIND,20261008,2014.8,2027.8,1976.6,1996.9,189701
BALMLAWRIE,20261008,159.4,159.4,155.75,156.08,129306
BALPHARMA,20261008,100.59,100.59,95.1,96.21,14562
BALRAMCHIN,20261008,704.45,717.25,681.75,689.45,1408394
BALUFORGE,20261008,509.4,509.4,487.0,489.45,555173
BANARBEADS,20261008,110.27,112.99,110.27,110.28,1142
BANARISUG,20261008,3386.9,3386.9,3300.0,3300.0,1106
BANCOINDIA,20261008,601.05,605.35,588.0,588.9,55576
BANDHANBNK,20261008,163.29,163.29,154.13,155.54,14678826
BANG,20261008,33.65,34.24,32.15,33.7,27413
BANK10ADD,20261008,16.26,16.64,16.05,16.19,1685591
BANK10BETF,20261008,20.1,20.34,19.51,19.61,51268
BANKA,20261008,67.29,70.0,66.6,68.35,2311
BANKADD,20261008,56.25,56.4,55.8,55.86,14529
BANKBARODA,20261008,234.55,239.4,233.07,234.0,14608595
BANKBEES,20261008,568.11,576.6,563.51,564.48,863939
BANKBETA,20261008,56.79,57.24,56.29,56.37,214568
BANKBETF,20261008,56.31,56.31,55.4,55.41,26657
BANKETF,20261008,562.7,562.7,555.05,555.21,22556
BANKIETF,20261008,56.59,56.66,55.93,55.99,255389
BANKINDIA,20261008,134.0,135.49,131.9,132.35,5494158
BANKNIFTY1,20261008,57.1,57.42,56.53,56.63,238345
BANKPSU,20261008,81.57,82.18,80.73,80.87,15812
BANSALWIRE,20261008,328.75,329.0,309.7,313.2,189053
BANSWRAS,20261008,105.96,105.96,101.71,102.16,8825
BASF,20261008,3470.0,3470.0,3336.0,3346.8,12322
BASML,20261008,22.51,22.91,19.65,20.74,579977
BATAINDIA,20261008,617.1,617.1,601.0,603.35,91894
BATLIBOI,20261008,97.8,97.8,89.0,93.98,58777
BAYERCROP,20261008,3510.0,3522.3,3366.3,3381.6,46172
BBETF0432,20261008,1332.5,1341.83,1332.5,1337.13,1249
BBL,20261008,2050.0,2084.8,2009.0,2075.3,24984
BBNPNBETF,20261008,54.35,55.71,54.35,54.8,2025
BBNPPGOLD,20261008,142.3,142.6,141.4,141.65,937
BBOX,20261008,901.0,913.6,851.2,856.55,1783271
BBTC,20261008,1269.4,1269.4,1215.1,1224.6,95885
BBTCL,20261008,231.83,234.1,221.91,225.54,18589
BCG,20261008,9.08,9.2,8.95,8.99,5967212
BCLIND,20261008,31.5,31.82,29.5,29.88,836004
BCONCEPTS,20261008,141.0,144.9,138.42,142.47,9968
BCPL,20261008,66.2,67.2,64.8,64.91,11491
BDL,20261008,1083.7,1087.6,1047.7,1050.5,853117
BEARDSELL,20261008,22.54,22.68,21.75,21.77,39298
BECTORFOOD,20261008,210.58,211.52,201.0,205.64,1021466
BEDMUTHA,20261008,110.0,113.5,108.0,108.5,1657
BEEKAY,20261008,434.0,438.0,415.3,421.05,684
BEL,20261008,378.0,378.1,366.2,367.3,13373488
BELLACASA,20261008,259.0,259.93,245.0,246.27,10817
BELRISE,20261008,246.31,246.6,233.27,234.8,1764665
BEML,20261008,2010.0,2012.0,1908.0,1911.2,188955
BENARAS,20261008,10112.0,10290.0,10112.0,10200.0,62
BENGALASM,20261008,6001.5,6034.0,5900.0,5901.5,203
BEPL,20261008,127.5,128.36,123.02,123.44,1029919
BERGEPAINT,20261008,465.9,471.0,462.45,467.95,545378
BESTAGRO,20261008,17.71,17.76,16.72,16.88,489980
BETA,20261008,2000.0,2000.0,1890.0,1898.0,24558
BFINVEST,20261008,441.2,441.2,425.0,426.0,10716
BFSI,20261008,26.11,26.11,25.55,25.6,98232
BFUTILITIE,20261008,493.05,495.75,468.1,471.05,62569
BGRENERGY,20261008,269.0,269.0,251.0,259.46,139109
BHAGCHEM,20261008,232.99,235.0,220.2,222.87,481702
BHAGERIA,20261008,387.0,387.0,365.0,367.0,160878
BHAGYANGR,20261008,39.0,41.4,39.0,41.4,118087
BHANDARI,20261008,2.83,2.84,2.75,2.76,81208
BHARATCOAL,20261008,32.0,32.09,31.2,31.31,3090614
BHARATFORG,20261008,1836.7,1842.0,1778.0,1790.6,484831
BHARATGEAR,20261008,105.99,109.8,105.0,105.73,29967
BHARATRAS,20261008,992.4,995.2,958.0,966.8,13280
BHARATSE,20261008,204.97,204.97,199.03,200.84,85980
BHARATWIRE,20261008,171.99,171.99,164.1,165.73,153125
BHARTIARTL,20261008,1847.8,1847.8,1789.7,1804.6,6582419
BHARTIHEXA,20261008,1470.0,1538.0,1467.9,1500.7,373610
BHEL,20261008,448.8,451.45,429.45,429.6,12838774
BI,20261008,95.0,95.0,92.87,92.87,2958
BIGBLOC,20261008,36.3,36.9,34.46,34.63,76141
BIKAJI,20261008,483.4,488.05,466.75,468.65,146925
BIL,20261008,1073.95,1076.85,1042.65,1048.55,7802
BILVYAPAR,20261008,4.25,4.47,4.1,4.15,10988
BIMETAL,20261008,635.0,640.05,635.0,638.0,96
BIOCON,20261008,360.5,361.15,347.2,350.0,2135284
BIOFILCHEM,20261008,30.01,30.8,28.55,29.52,10323
BIRLACABLE,20261008,384.0,384.0,365.8,366.9,319579
BIRLACORPN,20261008,811.85,816.95,790.2,794.85,32855
BIRLAMONEY,20261008,119.98,119.98,111.35,113.14,30200
BIRLANU,20261008,1331.0,1331.7,1271.4,1284.7,14128
BIRLAPREC,20261008,58.99,59.0,55.32,56.17,74736
BLACKBUCK,20261008,617.0,617.95,586.5,587.6,195194
BLACKROSE,20261008,112.9,112.9,107.0,107.27,13828
BLAL,20261008,156.8,160.0,154.59,156.16,13851
BLBLIMITED,20261008,17.25,17.25,16.52,16.69,61799
BLEL,20261008,517.0,518.95,485.1,486.95,859991
BLIL,20261008,65.78,65.79,64.62,64.92,39069
BLISSGVS,20261008,693.95,693.95,660.0,667.7,146919
BLKASHYAP,20261008,53.24,54.39,51.68,52.14,326522
BLS,20261008,220.84,221.26,213.37,215.08,674812
BLSE,20261008,156.15,160.8,155.2,157.55,1566257
BLUECLOUDS,20261008,20.58,21.15,19.82,19.96,10852083
BLUECOAST,20261008,22.49,22.49,20.42,20.63,1583
BLUEDART,20261008,4555.2,4600.4,4545.0,4557.0,6512
BLUEJET,20261008,543.95,543.95,516.0,518.55,316481
BLUESTARCO,20261008,1532.8,1543.5,1514.6,1519.0,232039
BLUESTONE,20261008,835.0,835.95,795.1,799.25,505863
BLUSPRING,20261008,146.4,149.0,134.99,135.79,381601
BMWVENTLTD,20261008,50.11,50.7,49.52,49.72,51496
BNAGROCHEM,20261008,213.55,214.21,195.0,199.39,20042
BNALTD,20261008,358.05,363.0,358.05,363.0,304
BNKETFAXIS,20261008,566.23,567.33,561.11,561.85,5560
BODALCHEM,20261008,184.99,186.85,174.94,174.95,369594
BOHRAIND,20261008,13.88,14.69,13.86,14.23,3768
BOMDYEING,20261008,101.7,102.47,97.12,97.73,610988
BONLON,20261008,40.0,41.0,39.0,39.33,8843
BORANA,20261008,270.8,271.0,255.55,259.8,19626
BOROLTD,20261008,280.2,282.45,265.15,269.15,213742
BORORENEW,20261008,436.35,443.0,427.9,430.1,276426
BOROSCI,20261008,115.03,115.51,107.0,108.11,99491
BOSCH-HCIL,20261008,1960.0,2037.0,1910.0,1943.8,102060
BOSCHLTD,20261008,44410.0,44450.0,43000.0,43155.0,21529
BPCL,20261008,295.1,295.15,282.95,286.25,7116001
BPL,20261008,44.22,44.75,42.05,42.5,48022
BPLPHARMA,20261008,1899.6,1938.7,1850.0,1892.8,10327
BRAHMINFRA,20261008,144.0,144.2,138.0,140.49,19989
BRIGADE,20261008,554.2,558.2,540.2,547.2,303610
BRIGHOTEL,20261008,56.52,56.99,55.4,55.6,64682
BRIGHTBR,20261008,234.0,234.0,222.5,228.0,49
BRITANNIA,20261008,4802.0,4844.7,4745.6,4745.6,193750
BRNL,20261008,15.8,16.0,15.4,15.6,31808
BROOKS,20261008,60.0,70.53,59.01,69.46,1508771
BSE,20261008,3355.0,3389.0,3311.0,3334.8,4342269
BSE500IETF,20261008,37.36,37.36,36.23,36.5,493285
BSHSL,20261008,77.1,81.9,75.56,78.36,11035
BSL,20261008,121.24,121.24,119.1,119.57,107
BSLGOLDETF,20261008,128.99,129.3,128.5,128.62,560355
BSLNIFTY,20261008,26.96,26.96,26.08,26.15,2651473
BSLSENETFG,20261008,73.49,73.51,72.02,72.28,2648
BSOFT,20261008,278.0,285.7,271.0,271.8,3155620
BTML,20261008,6.94,7.14,6.86,6.88,126415
BTTL,20261008,39.4,39.99,38.0,39.0,596
BUILDPRO,20261008,259.7,260.3,234.1,250.2,399108
BURNPUR,20261008,14.0,14.48,13.6,13.66,39590
BUTTERFLY,20261008,545.5,548.85,530.0,538.3,11489
BVCL,20261008,40.69,41.38,40.5,41.15,12420
BYKE,20261008,30.01,30.01,29.5,29.5,17459
CALSOFT,20261008,36.0,36.04,33.61,34.25,108642
CAMLINFINE,20261008,94.52,94.65,88.26,88.84,775653
CAMPUS,20261008,207.58,207.58,197.0,199.0,725417
CAMS,20261008,691.6,691.6,662.0,662.5,1020764
CANBK,20261008,119.15,120.37,117.2,117.35,15108675
CANFINHOME,20261008,727.3,731.4,714.15,723.75,193895
CANHLIFE,20261008,147.29,148.5,141.06,145.56,1139709
CANTABIL,20261008,227.51,236.6,226.5,232.76,108900
CAPACITE,20261008,182.68,182.69,176.1,177.19,173192
CAPILLARY,20261008,584.0,584.0,552.0,553.8,238910
CAPITALSFB,20261008,274.2,280.0,266.05,268.95,36250
CAPLIPOINT,20261008,2649.1,2652.7,2529.0,2548.8,69987
CAPTRUST,20261008,22.9,23.12,22.0,23.08,132997
CARBORUNIV,20261008,1264.0,1264.0,1205.0,1209.4,172823
CARERATING,20261008,1591.0,1599.2,1530.2,1542.3,34961
CARRARO,20261008,533.95,534.0,505.0,509.8,123419
CARTRADE,20261008,2917.9,2927.5,2818.1,2837.9,162253
CARYSIL,20261008,1007.9,1019.0,991.4,1011.8,106289
CASHIETF,20261008,1082.66,1082.86,1082.66,1082.84,148401
CASTROLIND,20261008,196.5,198.09,194.32,196.08,2531668
CCAVENUE,20261008,15.56,15.56,14.98,15.02,9784750
CCCL,20261008,13.2,13.2,12.7,12.79,143389
CCHHL,20261008,12.99,12.99,12.26,12.3,24485
CCL,20261008,1050.6,1059.7,1041.9,1050.6,55123
CDSL,20261008,1270.5,1276.7,1247.2,1258.0,695430
CEATLTD,20261008,3301.6,3306.4,3209.3,3226.2,40691
CEIGALL,20261008,380.0,391.0,369.2,374.1,859874
CEINSYS,20261008,699.75,699.75,658.5,666.45,38698
CELEBRITY,20261008,6.02,6.3,5.91,6.0,17611
CELLO,20261008,386.8,391.0,373.65,375.7,1868274
CEMNTGROWW,20261008,13.49,13.5,13.2,13.24,76658
CEMPRO,20261008,1160.0,1202.9,1132.1,1140.8,553267
CENTENKA,20261008,565.0,569.9,549.9,555.55,30530
CENTEXT,20261008,17.94,19.06,16.89,18.6,518161
CENTEXT-RE,20261008,2.16,3.02,1.85,2.95,354069
CENTRALBK,20261008,30.42,30.62,29.9,29.99,4709484
CENTRUM,20261008,20.71,20.71,19.31,19.44,306946
CENTUM,20261008,4330.3,4345.2,4021.7,4142.1,140841
CENTURYPLY,20261008,689.0,689.0,657.0,659.85,35186
CERA,20261008,5038.5,5048.5,4925.5,4949.5,4494
CESC,20261008,131.18,132.37,128.31,128.73,1690507
CEWATER,20261008,262.9,264.15,253.55,254.8,25788
CFEL,20261008,44.5,46.0,44.0,44.0,8459
CGCL,20261008,248.95,249.51,241.0,241.54,1133999
CGPOWER,20261008,894.0,896.3,862.0,862.05,1549328
CGVAK,20261008,136.49,140.06,133.0,137.73,5151
CHALET,20261008,848.0,848.05,818.8,825.55,102997
CHAMBLFERT,20261008,396.4,397.05,376.1,378.65,715945
CHEMBOND,20261008,188.0,191.9,180.1,181.76,2217
CHEMBONDCH,20261008,224.75,229.7,218.25,219.31,5372
CHEMCON,20261008,222.16,222.87,213.76,215.12,47440
CHEMCRUX,20261008,87.97,87.97,83.81,86.03,5467
CHEMFAB,20261008,345.0,345.0,325.0,327.6,4582
CHEMICAL,20261008,28.46,28.65,27.95,28.04,278138
CHEMPLASTS,20261008,227.6,227.6,211.5,212.38,592736
CHENNPETRO,20261008,1605.0,1625.0,1521.1,1531.0,6075729
CHEVIOT,20261008,1146.2,1159.2,1130.0,1138.0,1802
CHOICEGOLD,20261008,145.27,146.18,145.0,145.09,50597
CHOICEIN,20261008,723.75,726.0,708.1,710.65,152810
CHOLAFIN,20261008,1550.0,1571.6,1543.1,1544.0,1539977
CHOLAHLDNG,20261008,1408.4,1408.4,1353.0,1370.4,47048
CIEINDIA,20261008,377.35,378.95,370.0,371.65,172401
CIFL,20261008,21.35,21.35,19.61,20.17,119288
CINELINE,20261008,94.8,94.8,90.0,90.75,20344
CINEVISTA,20261008,15.9,15.9,14.36,14.6,71458
CIPLA,20261008,1323.2,1334.2,1292.0,1306.8,551708
CLEAN,20261008,813.65,827.75,794.2,796.8,230719
CLEANMAX,20261008,1390.0,1396.9,1322.0,1348.3,259581
CLEDUCATE,20261008,52.51,52.51,47.86,49.84,66520
CLSEL,20261008,296.0,296.5,286.1,289.25,44437
CMLL,20261008,534.85,534.85,508.5,515.15,286651
CMPDI,20261008,209.07,212.65,205.11,206.65,2075231
CMRGREEN,20261008,224.8,225.49,216.1,217.22,246318
CMSINFO,20261008,218.43,221.95,213.86,214.35,480125
CNL,20261008,1085.0,1085.0,1056.0,1060.2,11895
COALINDIA,20261008,414.5,414.5,403.85,409.35,5463875
COASTCORP,20261008,36.9,36.91,34.0,34.25,97392
COCHINSHIP,20261008,1255.1,1256.0,1200.0,1200.0,940775
COCKERILL,20261008,7913.5,7980.0,7700.0,7727.5,3217
COFFEEDAY,20261008,30.81,33.4,30.0,30.53,4260764
COFORGE,20261008,1826.0,1870.6,1804.5,1814.3,1849205
COHANCE,20261008,456.0,456.0,438.3,442.4,847656
COLPAL,20261008,1760.2,1782.0,1735.7,1735.7,234538
COMFINTE,20261008,6.49,6.49,6.2,6.23,82241
COMMOIETF,20261008,93.13,93.13,90.2,90.32,104655
COMPEAU,20261008,362.0,362.0,362.0,362.0,1
COMPINFO,20261008,1.1,1.1,1.05,1.06,1938
COMPUSOFT,20261008,13.35,13.35,12.9,12.9,9235
COMSYN,20261008,262.95,267.7,255.4,256.5,109386
CONCOR,20261008,441.8,444.8,433.25,434.0,1456360
CONCORDBIO,20261008,1360.0,1371.0,1309.5,1330.8,181142
CONFIPET,20261008,92.0,92.01,84.4,84.9,3728198
CONS,20261008,11.34,11.34,11.08,11.09,15766
CONSOFINVT,20261008,287.9,291.8,282.05,282.05,7491
CONSUMAXIS,20261008,112.5,112.71,111.0,111.01,1771
CONSUMBEES,20261008,122.49,122.49,119.81,120.01,78897
CONSUMER,20261008,11.49,11.49,10.97,10.99,104728
CONSUMIETF,20261008,113.81,113.94,111.28,111.67,22636
CONTROLPR,20261008,623.2,623.2,605.0,613.4,11503
CORALFINAC,20261008,30.86,31.89,30.02,30.26,8645
CORDELIA,20261008,112.76,113.7,102.0,102.9,1634458
CORDSCABLE,20261008,316.1,318.0,300.2,301.3,37971
COROMANDEL,20261008,1740.0,1748.8,1662.2,1673.7,239886
CORONA,20261008,2041.0,2041.0,1980.6,1993.5,15069
COSMOFIRST,20261008,830.0,831.75,799.05,812.7,57788
COUNCODOS,20261008,6.65,6.65,6.21,6.31,179933
CPCAP,20261008,155.22,160.33,151.12,152.17,59663
CPEDU,20261008,179.72,183.9,177.25,178.82,6078
CPL,20261008,61.9,62.5,59.53,60.06,42251
CPPLUS,20261008,4100.0,4100.0,3889.2,3972.2,272957
CPSEETF,20261008,89.56,89.56,87.02,87.15,1247634
CRAFTSMAN,20261008,10225.0,10225.0,9980.0,10038.0,56037
CRAMC,20261008,231.18,231.18,220.0,220.79,347604
CRAVATEX,20261008,345.45,352.0,335.2,344.65,383
CREATIVEYE,20261008,6.29,6.29,5.91,6.0,11465
CREDITACC,20261008,1240.9,1280.0,1231.9,1263.4,314609
CREST,20261008,356.7,359.75,351.25,351.8,551
CRESTO,20261008,20.04,20.79,19.04,20.0,4826
CRISIL,20261008,4495.2,4517.7,4391.0,4404.0,12843
CRIZAC,20261008,167.8,167.8,159.02,159.97,231178
CROMPTON,20261008,210.3,212.5,203.13,204.34,2157911
CROWN,20261008,111.2,111.2,107.42,108.11,12871
CRSL,20261008,2.1,2.1,2.0,2.07,168920
CSBBANK,20261008,305.15,306.55,299.65,301.75,352293
CSLFINANCE,20261008,209.99,209.99,199.99,202.53,18034
CSM,20261008,93.9,93.9,89.33,90.35,241672
CTE,20261008,37.02,37.02,36.0,36.51,3187
CUB,20261008,223.49,225.47,219.74,220.07,2359128
CUBEXTUB,20261008,162.8,165.27,161.5,165.27,240068
CUMMINSIND,20261008,4872.2,4877.0,4720.0,4740.9,224821
CUPID,20261008,348.5,357.0,344.0,356.65,29558194
CURAA,20261008,71.89,71.89,69.0,69.38,345
CYBERMEDIA,20261008,18.4,18.4,17.52,17.78,11713
CYBERTECH,20261008,136.0,137.94,130.25,132.25,37739
CYIENT,20261008,1120.7,1129.5,1071.3,1084.7,425447
CYIENTDLM,20261008,989.0,991.95,949.05,981.3,619329
DABUR,20261008,382.8,386.65,376.8,376.8,874845
DAICHI,20261008,311.1,323.8,311.1,321.95,466
DALBHARAT,20261008,1636.1,1658.4,1585.1,1592.9,75425
DALMIASUG,20261008,449.5,456.3,425.1,428.95,198793
DAMCAPITAL,20261008,148.75,148.76,140.15,141.38,386479
DAMODARIND,20261008,26.5,27.0,26.06,26.58,4084
DANGEE,20261008,3.3,3.3,3.02,3.13,78899
DATAMATICS,20261008,765.8,767.0,741.2,744.8,37472
DATAPATTNS,20261008,4253.0,4253.0,4080.0,4097.1,295706
DAVANGERE,20261008,2.34,2.38,2.25,2.28,6282307
DBCORP,20261008,170.14,172.99,166.1,167.39,59442
DBEIL,20261008,6.78,6.78,6.3,6.39,666735
DBL,20261008,408.85,409.2,395.5,397.4,89566
DBOL,20261008,141.0,143.09,134.72,140.43,472789
DBREALTY,20261008,89.0,89.2,84.36,84.72,1953440
DBSTOCKBRO,20261008,32.36,33.8,31.5,31.91,5720
DCAL,20261008,153.25,153.25,146.0,146.66,152394
DCBBANK,20261008,201.19,201.99,195.62,196.56,1899693
DCI,20261008,342.1,349.85,332.3,345.2,141809
DCM,20261008,71.9,71.9,68.64,69.84,3384
DCMFINSERV,20261008,4.77,5.4,4.77,4.88,40281
DCMNVL,20261008,171.0,172.65,165.0,167.94,11729
DCMSHRIRAM,20261008,969.3,984.0,951.0,955.75,50809
DCMSIL,20261008,79.22,81.0,75.0,75.72,162798
DCMSRIND,20261008,39.81,40.5,38.26,38.42,213669
DCW,20261008,46.8,46.89,44.11,44.3,1204650
DCXINDIA,20261008,157.61,158.66,152.0,153.51,348701
DDEVPLSTIK,20261008,257.5,257.5,243.85,244.15,109111
DECCANCE,20261008,549.15,549.15,531.3,532.95,13594
DECNGOLD,20261008,198.0,204.0,189.05,191.16,1511142
DEEDEV,20261008,625.0,651.45,605.45,608.6,228401
DEEP,20261008,39.2,40.98,38.4,39.33,9660
DEEPA,20261008,229.0,235.41,222.78,232.8,8368904
DEEPAKFERT,20261008,1415.0,1415.1,1378.3,1390.2,269941
DEEPAKNTR,20261008,1558.8,1616.0,1558.7,1584.1,631015
DEEPINDS,20261008,790.8,791.85,765.0,777.6,347535
DEFENCE,20261008,78.5,78.5,74.46,74.75,374221
DELHIVERY,20261008,397.5,406.1,393.0,397.0,2102812
DELPHIFX,20261008,7.45,7.45,7.44,7.45,59623
DELTACORP,20261008,82.25,82.3,77.4,78.32,9531081
DELTAMAGNT,20261008,55.1,56.99,55.1,56.63,332
DEN,20261008,26.1,26.1,25.0,25.1,319502
DENORA,20261008,717.0,732.2,698.85,717.35,13154
DENTA,20261008,265.0,265.0,255.0,258.7,64345
DEVIT,20261008,19.52,20.55,19.11,19.47,98244
DEVX,20261008,40.5,40.5,37.8,39.02,232147
DEVYANI,20261008,128.65,129.35,122.41,123.23,2021608
DGCONTENT,20261008,23.82,24.25,23.2,23.68,5385
DHABRIYA,20261008,494.0,500.9,466.0,485.95,14513
DHAMPURSUG,20261008,190.4,193.0,180.65,182.91,886547
DHANBANK,20261008,32.0,33.74,31.41,32.65,6525785
DHANUKA,20261008,895.85,907.0,885.55,893.35,26889
DHARAN,20261008,0.14,0.15,0.13,0.13,11143672
DHARMAJ,20261008,265.25,267.2,258.35,263.1,67144
DHATRE,20261008,3.93,4.03,3.72,3.89,57864
DHOOTTRANS,20261008,1469.0,1507.7,1427.2,1440.4,1187219
DHRUV,20261008,19.98,21.41,19.98,20.94,13084
DHUNINV,20261008,985.5,985.5,924.0,933.35,191
DIACABS,20261008,374.9,380.0,351.1,371.9,1005633
DIAMINESQ,20261008,239.4,241.93,235.0,235.73,8649
DIAMONDYD,20261008,1077.0,1087.3,1040.1,1044.7,19304
DICIND,20261008,618.7,619.0,593.75,600.75,489
DIFFNKG,20261008,457.05,458.45,422.25,427.25,162474
DIGIDRIVE,20261008,18.0,18.38,17.5,17.51,39845
DIGISPICE,20261008,15.39,15.39,14.82,15.02,50597
DIGITIDE,20261008,76.07,76.08,70.9,71.65,243269
DIGJAMLMTD,20261008,46.95,47.55,46.0,47.55,5329
DISAQ,20261008,11501.0,11793.0,11211.0,11359.0,43
DISHTV,20261008,2.16,2.18,1.99,2.03,4479640
DIVGIITTS,20261008,1092.9,1092.9,1020.6,1025.6,109222
DIVIDEND,20261008,33.54,33.54,32.8,32.86,12972
DIVISLAB,20261008,9588.0,9658.0,9355.0,9361.0,441895
DIVOPPBEES,20261008,71.44,72.08,70.45,70.64,68257
DIXON,20261008,13060.0,13070.0,12632.0,12650.0,215841
DJML,20261008,72.1,73.75,70.38,71.76,73424
DLF,20261008,653.8,653.8,634.15,636.95,4391406
DLINKINDIA,20261008,419.0,419.15,405.0,406.7,53665
DMART,20261008,3635.2,3638.0,3560.1,3585.0,365999
DMCC,20261008,356.05,360.0,334.0,337.1,251316
DNAMEDIA,20261008,2.49,2.5,2.35,2.44,60435
DODLA,20261008,1019.0,1019.0,992.0,997.5,21678
DOLATALGO,20261008,62.2,62.2,59.25,59.72,129811
DOLLAR,20261008,278.0,281.85,271.65,279.55,257928
DOLLEX,20261008,38.19,38.19,36.8,37.21,10697
DOLPHIN,20261008,657.4,657.4,615.0,620.05,23588
DOMS,20261008,2055.0,2080.0,2046.5,2057.4,15910
DONEAR,20261008,80.0,82.0,79.5,79.95,12755
DPABHUSHAN,20261008,2246.9,2315.8,2150.0,2258.9,157486
DPSCLTD,20261008,6.41,6.55,6.13,6.37,128371
DPWIRES,20261008,227.4,234.9,205.05,215.64,191324
DRAGARWQ,20261008,5200.0,5269.0,5132.0,5160.5,590
DRCSYSTEMS,20261008,13.22,13.22,12.5,12.57,24661
DREAMFOLKS,20261008,59.85,60.88,59.0,59.41,62315
DREDGECORP,20261008,935.0,963.0,893.3,905.05,173058
DRREDDY,20261008,1197.3,1201.2,1167.2,1180.0,2278637
DSFCL,20261008,29.45,30.79,28.4,28.76,62883
DSKULKARNI,20261008,28.21,28.21,28.21,28.21,144
DSSL,20261008,1052.4,1124.9,1023.9,1030.1,319949
DTIL,20261008,152.37,157.0,151.0,151.16,3189
DUCON,20261008,1.56,1.56,1.42,1.44,2545594
DVL,20261008,275.3,277.6,268.1,270.25,6925
DWARKESH,20261008,46.8,47.4,43.75,44.0,2242124
DYCL,20261008,442.5,442.65,422.15,423.9,245975
DYNAMATECH,20261008,13723.0,13859.0,13220.0,13391.0,21879
DYNPRO,20261008,227.93,229.79,220.1,223.23,6033
E2E,20261008,744.0,753.35,698.0,714.15,950336
EASEMYTRIP,20261008,5.78,5.87,5.77,5.78,6711837
EASTSILK,20261008,71.92,71.92,67.0,69.75,202
EASTWEST,20261008,2.36,2.36,2.27,2.32,16648
EBANK10,20261008,16.15,16.16,16.0,16.09,221
EBANKNIFTY,20261008,55.65,55.65,55.23,55.3,453
EBBETF0430,20261008,1611.9,1611.9,1601.1,1609.82,25528
EBBETF0431,20261008,1424.57,1431.46,1424.56,1426.59,3491
EBBETF0433,20261008,1298.74,1303.51,1293.75,1300.7,2766
EBGNG,20261008,735.0,740.4,689.0,692.15,884893
EBIX,20261008,17.26,17.5,16.6,16.82,63817
ECAPINSURE,20261008,23.28,23.28,22.61,22.75,71734
ECLERX,20261008,1890.4,1915.1,1828.8,1846.8,73080
ECORECO,20261008,426.35,429.2,408.6,411.95,4649
ECOSMOBLTY,20261008,108.5,109.8,105.31,107.43,53062
EDELWEISS,20261008,134.1,134.39,126.78,127.71,5719681
EFCIL,20261008,173.8,173.8,167.0,167.07,248907
EGOLD,20261008,146.7,146.9,145.95,146.45,23821
EICHERMOT,20261008,6936.0,6950.0,6767.5,6767.5,361283
EIDPARRY,20261008,700.0,700.0,675.0,677.15,289574
EIEL,20261008,187.01,187.01,180.01,180.96,360168
EIFFL,20261008,257.5,261.85,257.5,261.85,378
EIHAHOTELS,20261008,297.3,297.3,288.0,291.05,6532
EIHOTEL,20261008,294.0,296.0,290.25,291.2,133690
EIMCOELECO,20261008,2250.0,2275.9,2198.0,2234.2,79547
EKC,20261008,105.52,105.52,100.31,101.67,252138
EKI,20261008,84.35,87.58,80.76,82.17,17631
ELANTAS,20261008,14022.0,14100.0,13330.0,13597.0,1858
ELCIDIN,20261008,100250.0,102700.0,99250.0,99260.0,16
ELDEHSG,20261008,769.0,774.0,751.0,762.95,1046
ELECON,20261008,442.4,442.4,415.1,416.95,719015
ELECTCAST,20261008,78.93,78.99,74.0,74.26,2685874
ELECTHERM,20261008,718.05,718.05,676.0,683.75,26579
ELEVATE,20261008,351.0,353.35,325.45,329.85,1725747
ELGIEQUIP,20261008,599.75,600.0,576.0,579.0,245828
ELGIRUBCO,20261008,58.13,58.44,53.2,54.24,51214
ELIN,20261008,79.1,79.1,74.0,75.56,92409
ELIQUID,20261008,1050.84,1050.99,1050.84,1050.97,33774
ELITECON,20261008,7.75,7.84,7.18,7.2,4660153
ELLEN,20261008,365.0,370.7,343.95,350.4,755718
ELM250,20261008,15.68,15.88,15.33,15.46,64649
ELMDIV,20261008,34.38,34.38,33.92,33.92,224
ELPROINTL,20261008,174.9,175.9,170.0,174.53,10448
EMAMILTD,20261008,373.85,376.6,366.1,367.25,511099
EMAMIPAP,20261008,115.16,116.2,111.2,113.16,33443
EMAMIREAL,20261008,65.25,71.5,65.25,67.76,13138
EMBDL,20261008,57.49,59.0,55.6,56.26,4082534
EMCURE,20261008,1905.1,1919.5,1838.0,1851.5,65719
EMETAL,20261008,12.48,12.97,11.73,11.91,32213
EMIL,20261008,212.1,212.14,192.1,193.31,4764152
EMKAY,20261008,288.4,288.4,263.1,265.65,115131
EMMBI,20261008,85.62,88.0,84.0,85.32,14986
EMMVEE,20261008,306.55,314.2,299.0,302.0,2237909
EMPIND,20261008,1044.6,1044.6,1015.0,1021.7,6369
EMPOWER,20261008,1.8,1.84,1.8,1.83,22812366
EMSLIMITED,20261008,331.95,337.5,317.3,321.7,544671
EMUDHRA,20261008,606.3,606.3,561.2,569.9,579645
EMULTIMQ,20261008,40.72,40.85,39.2,39.34,59203
ENDURANCE,20261008,2501.7,2512.4,2425.0,2433.5,78215
ENERGY,20261008,37.72,37.72,35.86,35.93,413902
ENERGYAXIS,20261008,18.58,18.97,17.86,17.95,23060
ENERGYDEV,20261008,14.75,14.75,13.77,14.14,19761
ENEXT50,20261008,69.61,69.74,67.75,67.76,522
ENGINERSIN,20261008,307.8,307.8,277.75,289.0,14479246
ENIFTY,20261008,22.27,22.8,22.27,22.51,4624
ENIL,20261008,92.97,93.2,91.27,91.51,5585
ENKEIWHEL,20261008,396.15,396.15,380.0,390.1,1373
ENRIN,20261008,3361.8,3377.7,3178.8,3180.0,420238
ENTERO,20261008,1711.7,1719.9,1680.0,1688.8,63560
EPACK,20261008,171.2,171.84,163.1,165.16,354621
EPACKPEB,20261008,267.44,269.18,255.75,256.33,1065154
EPIGRAL,20261008,1038.4,1038.4,995.2,1012.2,29610
EPL,20261008,236.0,236.0,229.01,232.03,3290602
EQUAL200,20261008,13.03,13.03,12.72,12.82,131625
EQUAL50,20261008,308.75,308.88,304.0,304.4,3575
EQUAL50ADD,20261008,321.69,322.52,314.42,314.87,44712
EQUIPPP,20261008,22.75,22.75,21.27,21.31,5972
EQUITASBNK,20261008,68.92,69.19,66.1,66.44,1079801
ERIS,20261008,1150.1,1187.4,1145.4,1155.1,465585
ESABINDIA,20261008,5601.0,5632.0,5307.5,5360.5,5623
ESAFSFB,20261008,43.54,43.54,40.54,42.17,905029
ESCORTS,20261008,2804.9,2809.0,2727.8,2773.6,46619
ESDS,20261008,1426.9,1426.9,1387.3,1426.9,3261278
ESENSEX,20261008,73.17,73.17,72.09,72.15,1698
ESG,20261008,38.73,38.73,38.0,38.01,13912
ESILVER,20261008,217.51,218.65,214.65,215.67,40127
ESSARSHPNG,20261008,16.9,16.9,15.95,16.06,283463
ESSENTIA,20261008,1.01,1.02,1.0,1.0,1493223
ESTER,20261008,95.8,97.95,90.36,94.67,157811
ETERNAL,20261008,328.0,328.4,317.5,319.05,18044786
ETHOSLTD,20261008,2646.0,2679.3,2570.2,2600.3,39204
EUREKAFORB,20261008,353.0,353.0,338.0,339.75,185554
EUROBOND,20261008,139.57,142.5,132.0,134.54,3604
EUROPRATIK,20261008,178.01,183.93,170.35,173.98,330831
EUROTEXIND,20261008,15.59,15.61,15.32,15.32,17578
EVEREADY,20261008,325.0,325.1,317.0,318.6,166173
EVERESTIND,20261008,499.95,500.35,467.25,480.3,26977
EVIETF,20261008,30.15,30.15,29.31,29.38,342045
EVINDIA,20261008,30.0,30.17,29.3,29.37,231338
EXCELINDUS,20261008,919.1,928.85,907.5,918.7,10049
EXCELSOFT,20261008,84.57,84.57,80.18,80.99,519593
EXICOM,20261008,154.99,154.99,146.37,147.13,751647
EXIDEIND,20261008,402.8,406.95,392.85,394.9,1481428
EXPLEOSOL,20261008,862.65,877.0,850.0,851.8,17272
EXXARO,20261008,6.1,6.44,6.01,6.12,202766
FABTECH,20261008,141.14,141.88,137.21,138.98,28275
FACT,20261008,743.1,743.1,715.1,717.75,65738
FAIRCHEMOR,20261008,715.0,767.0,712.0,720.9,104670
FAZE3Q,20261008,453.4,454.85,412.35,424.1,43028
FCL,20261008,58.5,58.54,55.56,55.99,16262759
FCSSOFT,20261008,1.4,1.42,1.37,1.37,1266940
FDC,20261008,328.3,330.0,321.4,324.05,113874
FEDDERSHOL,20261008,63.2,63.74,60.66,61.76,5042763
FEDERALBNK,20261008,323.5,326.35,319.5,321.0,10087249
FEDFINA,20261008,149.1,149.1,141.6,145.31,1166488
FEL,20261008,0.37,0.37,0.36,0.36,112856
FELDVR,20261008,2.0,2.03,1.94,1.95,1479
FERMENTA,20261008,568.1,570.95,535.1,539.6,153492
FIBERWEB,20261008,26.89,26.89,25.55,25.63,8886
FIEMIND,20261008,1810.0,1810.0,1742.5,1746.6,41058
FILATEX,20261008,111.62,111.62,106.01,109.74,2775146
FILATFASH,20261008,0.18,0.19,0.18,0.18,19590372
FINCABLES,20261008,1497.3,1499.0,1396.6,1402.2,719704
FINEORG,20261008,5650.0,5650.0,5354.5,5380.5,38476
FINIETF,20261008,30.35,30.39,29.81,29.92,506458
FINKURVE,20261008,67.53,68.8,65.91,67.41,17804
FINOPB,20261008,134.0,150.95,134.0,145.53,26642006
FINPIPE,20261008,153.0,155.0,148.55,149.76,582621
FIRSTCRY,20261008,172.0,172.2,166.1,168.56,2078375
FISCHER,20261008,32.61,32.7,31.25,31.96,449805
FIVESTAR,20261008,507.0,509.9,500.0,502.2,444955
FLAIR,20261008,226.1,228.9,222.0,224.44,70493
FLEXIADD,20261008,9.46,9.5,9.26,9.29,103022
FLEXITUFF,20261008,3.2,3.25,3.2,3.25,32390
FLFL,20261008,0.97,1.01,0.94,0.96,44549
FLUOROCHEM,20261008,4575.0,4579.9,4416.2,4440.1,109797
FMCGADD,20261008,44.9,45.16,44.01,44.19,8144
FMCGIETF,20261008,49.0,49.0,46.5,47.36,1043271
FMGOETZE,20261008,445.0,445.0,432.6,434.85,126883
FMNL,20261008,8.25,8.68,7.61,8.15,29030
FOCUS,20261008,56.76,56.76,52.25,54.96,48824
FOODSIN,20261008,50.06,50.22,47.25,47.69,49131
FORCEMOT,20261008,17000.0,17032.0,16611.0,16700.0,49079
FORTIS,20261008,779.1,779.1,762.35,763.0,1664438
FOSECOIND,20261008,6340.0,6464.0,6282.0,6343.5,11539
FRACTAL,20261008,721.0,721.3,698.0,700.65,260764
FREDUN,20261008,1488.0,1665.0,1462.7,1531.7,1074150
FRONTSP,20261008,1442.8,1442.8,1380.0,1395.9,24543
FSL,20261008,263.0,282.85,260.1,266.35,19362338
FUSION,20261008,168.11,168.12,160.85,162.35,550556
GABRIEL,20261008,1357.7,1357.7,1316.9,1335.4,168589
GAEL,20261008,162.98,163.45,157.0,158.47,820466
GAIL,20261008,170.11,170.6,166.3,167.7,7163700
GAJA,20261008,148.0,149.5,141.88,145.1,341010
GALAPREC,20261008,1173.7,1173.7,1086.0,1103.2,52381
GALAXYSURF,20261008,2434.0,2458.0,2376.1,2406.7,42011
GALLANTT,20261008,512.0,522.5,500.45,503.15,79564
GANDHAR,20261008,301.0,303.0,289.35,296.45,1098034
GANDHITUBE,20261008,984.95,985.0,946.0,951.5,8708
GANECOS,20261008,998.9,998.9,959.1,961.3,59515
GANESHBE,20261008,119.0,119.0,111.9,111.9,862082
GANESHCP,20261008,161.0,161.24,150.0,150.66,775542
GANESHHOU,20261008,699.0,703.45,676.7,691.8,40397
GANGAFORGE,20261008,1.59,1.65,1.51,1.51,2647191
GANGESSECU,20261008,113.01,121.0,113.01,113.75,7456
GARFIBRES,20261008,773.75,780.2,750.6,765.15,17551
GARUDA,20261008,172.56,172.77,164.74,165.42,305674
GATECH,20261008,0.6,0.62,0.59,0.59,16045021
GATECHDVR,20261008,0.47,0.48,0.46,0.46,442407
GATEWAY,20261008,51.73,51.81,50.0,50.33,883072
GAUDIUMIVF,20261008,109.49,109.5,102.83,104.38,160202
GAYAHWS,20261008,1.89,1.89,1.79,1.8,99734
GAYAPROJ,20261008,20.94,21.0,20.0,20.0,587679
GCSL,20261008,693.25,699.7,681.45,697.75,479957
GEECEE,20261008,366.15,369.0,344.5,352.7,1344
GEEKAYWIRE,20261008,34.0,34.0,31.42,31.63,211046
GEMAROMA,20261008,151.25,154.2,145.0,146.56,82737
GENCON,20261008,36.26,37.14,36.0,36.34,293636
GENESYS,20261008,294.85,298.95,276.6,279.6,632691
GENSOL,20261008,11.78,11.78,11.16,11.16,152297
GENUSPAPER,20261008,10.69,10.69,10.1,10.29,30373
GENUSPOWER,20261008,302.0,302.0,287.0,288.2,1005127
GEOJITFSL,20261008,78.0,78.0,74.6,74.94,160147
GERMAN,20261008,121.8,122.5,115.0,115.62,2633145
GESHIP,20261008,1567.9,1577.0,1528.0,1529.7,808062
GFLLIMITED,20261008,57.83,58.5,54.5,54.91,130840
GFSTEELS,20261008,41.43,41.43,41.43,41.43,13521
GHCL,20261008,398.8,400.6,385.0,388.05,155133
GHCLTEXTIL,20261008,130.0,130.01,124.5,125.1,238117
GICHSGFIN,20261008,132.8,134.5,130.88,131.3,68313
GICL,20261008,21.19,21.19,20.28,21.05,66953
GICRE,20261008,316.55,317.65,308.0,309.1,438547
GILLANDERS,20261008,107.19,111.59,103.51,104.15,11619
GILLETTE,20261008,7220.0,7320.0,7107.5,7263.5,37501
GILT10BETA,20261008,26.28,26.43,25.92,26.21,403
GILT5BETA,20261008,66.38,66.38,65.45,66.34,1092
GILT5YBEES,20261008,65.62,65.62,65.43,65.46,650203
GINNIFILA,20261008,41.0,41.69,40.3,40.33,25420
GIPCL,20261008,171.02,172.09,164.21,164.94,374712
GKB,20261008,61.5,63.48,61.1,62.91,564
GKENERGY,20261008,113.01,115.04,111.52,113.17,240347
GKSL,20261008,189.18,193.0,180.0,180.71,719355
GKWLIMITED,20261008,1550.0,1603.8,1526.1,1562.3,10689
GLAND,20261008,3162.0,3170.5,3049.5,3079.1,495007
GLASSWALL,20261008,266.3,272.8,259.2,267.1,9306343
GLAXO,20261008,2634.0,2647.1,2526.5,2534.4,64517
GLENMARK,20261008,2280.0,2284.0,2181.2,2192.2,816490
GLFL,20261008,5.69,5.94,5.14,5.6,13375
GLOBAL,20261008,145.85,145.85,139.8,141.41,147670
GLOBALE,20261008,10.99,11.53,10.75,11.53,25811
GLOBALVECT,20261008,127.19,127.39,123.1,124.2,6410
GLOBE,20261008,2.1,2.18,2.06,2.07,734494
GLOBECIVIL,20261008,40.89,42.0,40.51,40.82,20910
GLOBUSSPR,20261008,800.7,810.6,780.05,783.45,54907
GLOSTERLTD,20261008,541.0,552.9,536.0,542.3,464
GLOTTIS,20261008,59.29,59.61,55.75,56.62,186055
GMBREW,20261008,988.0,1010.0,880.0,887.45,1154788
GMDCLTD,20261008,477.9,485.9,462.1,463.35,1009088
GMMPFAUDLR,20261008,1439.9,1445.4,1329.8,1340.4,282833
GMRAIRPORT,20261008,90.31,91.0,87.68,87.77,55866346
GMRP&UI,20261008,101.63,102.73,96.25,97.11,936381
GNA,20261008,583.65,585.05,542.8,557.7,853670
GNFC,20261008,618.0,618.05,597.1,599.25,392723
GNRL,20261008,98.1,98.4,94.11,95.52,1196410
GOACARBON,20261008,403.6,415.5,391.45,394.8,27831
GOCLCORP,20261008,367.6,367.6,355.25,357.6,46097
GOCOLORS,20261008,306.15,306.15,292.2,296.9,42886
GODAVARIB,20261008,225.1,228.29,217.0,221.02,72871
GODFRYPHLP,20261008,1862.0,1866.0,1770.0,1771.0,284307
GODIGIT,20261008,264.75,266.4,260.0,261.45,280849
GODREJAGRO,20261008,638.0,649.1,627.4,639.95,351869
GODREJCP,20261008,866.2,874.5,861.3,865.0,892378
GODREJIND,20261008,1019.1,1042.9,974.5,1002.4,144753
GODREJPROP,20261008,1579.0,1580.4,1530.0,1534.0,866694
GOKEX,20261008,674.75,675.0,647.1,652.35,198105
GOKUL,20261008,38.52,39.04,37.21,37.8,153365
GOKULAGRO,20261008,212.99,216.6,204.4,205.54,182844
GOLD1,20261008,122.7,122.7,121.91,122.19,1195878
GOLD360,20261008,142.15,143.65,142.15,143.0,4170
GOLDADD,20261008,14.24,14.28,14.19,14.22,5401057
GOLDAXIS,20261008,122.29,122.38,121.56,121.77,397178
GOLDBEES,20261008,121.43,121.49,120.7,120.94,17791469
GOLDBETA,20261008,123.7,123.7,122.85,123.15,584349
GOLDBND,20261008,146.43,147.07,145.9,146.43,1448
GOLDCASE,20261008,23.15,23.15,22.98,23.01,14046361
GOLDENTOBC,20261008,22.84,22.85,21.72,22.08,2285
GOLDETF,20261008,142.89,142.89,142.01,142.24,757069
GOLDIAM,20261008,315.25,315.9,305.0,305.75,339067
GOLDIETF,20261008,125.55,125.9,125.09,125.32,7800446
GOLDTECH,20261008,42.21,42.21,40.8,40.8,6489
GOODLUCK,20261008,501.9,513.95,492.4,496.8,640719
GOODYEAR,20261008,685.05,688.85,676.0,677.05,3650
GOPAL,20261008,255.85,258.7,248.9,252.4,113725
GOYALALUM,20261008,5.94,5.96,5.45,5.6,93153
GPIL,20261008,215.01,215.5,204.52,205.63,1261703
GPPL,20261008,173.5,174.77,165.77,166.64,2201234
GPTHEALTH,20261008,145.03,145.61,138.15,140.12,147331
GPTINFRA,20261008,130.0,130.2,120.1,121.19,474533
GRADIENTE,20261008,2.5,2.53,2.4,2.46,308363
GRANDOAK,20261008,36.3,36.4,34.02,36.0,1629
GRANULES,20261008,850.0,850.0,810.3,815.05,671015
GRAPHITE,20261008,830.1,831.0,794.2,802.15,1148572
GRASIM,20261008,2909.0,2919.9,2853.5,2856.8,493070
GRAUWEIL,20261008,80.51,81.35,77.32,78.0,475568
GRAVISSHO,20261008,31.0,32.5,30.0,30.01,4080
GRAVITA,20261008,1496.0,1523.6,1475.1,1482.3,173491
GREAVESCOT,20261008,211.1,212.55,204.96,211.61,2122180
GREENLAM,20261008,211.45,211.45,205.2,206.86,32345
GREENPANEL,20261008,158.0,158.0,152.41,154.17,158414
GREENPLY,20261008,311.6,311.6,301.25,305.7,108920
GREENPOWER,20261008,8.64,8.69,8.31,8.34,2176694
GRINDWELL,20261008,2020.0,2045.0,1984.9,2007.0,121957
GRINFRA,20261008,802.35,806.3,780.0,789.4,16925
GRMOVER,20261008,80.87,82.99,77.5,79.68,1831769
GROBTEA,20261008,897.15,897.15,880.0,890.7,17
GROWW,20261008,197.37,198.52,189.74,192.6,21260958
GROWWCAPM,20261008,11.09,11.29,10.91,10.96,406149
GROWWCHEM,20261008,28.88,28.88,27.8,27.92,52477
GROWWDEFNC,20261008,92.52,92.52,89.4,89.86,313941
GROWWEV,20261008,29.98,30.64,29.31,29.41,243634
GROWWGOLD,20261008,14.36,14.36,14.26,14.27,957072
GROWWHOSPI,20261008,46.93,47.0,45.53,45.81,360320
GROWWLIQID,20261008,111.08,111.08,111.07,111.07,274931
GROWWLOVOL,20261008,9.96,9.96,9.58,9.61,16364
GROWWMC150,20261008,222.52,222.52,214.5,214.93,1891
GROWWMETAL,20261008,11.75,11.75,11.35,11.38,592751
GROWWMOM50,20261008,10.7,10.73,10.45,10.54,188239
GROWWN200,20261008,10.75,10.75,10.5,10.53,102050
GROWWNET,20261008,10.11,10.34,9.94,9.99,332848
GROWWNIFTY,20261008,9.19,9.19,8.96,9.02,1607666
GROWWNXT50,20261008,69.88,69.88,68.03,69.0,21846
GROWWPOWER,20261008,10.88,10.92,10.48,10.52,4375639
GROWWPSE,20261008,94.98,94.98,90.84,91.25,7686
GROWWPSUBK,20261008,81.37,82.38,80.4,81.24,6156
GROWWRAIL,20261008,25.76,26.11,25.25,25.32,701608
GROWWRLTY,20261008,9.21,9.21,8.8,8.87,372845
GROWWSC250,20261008,10.57,10.57,10.11,10.16,141862
GROWWSLVR,20261008,21.44,21.45,21.06,21.11,1014039
GRPLTD,20261008,1801.0,1825.0,1681.0,1728.7,8016
GRSE,20261008,2102.0,2105.0,2008.6,2014.0,516394
GRWRHITECH,20261008,6903.5,6998.5,6834.5,6929.0,34750
GSEC10ABSL,20261008,111.1,111.1,110.63,110.64,3
GSEC10IETF,20261008,261.68,261.68,258.58,258.58,1510
GSEC10YEAR,20261008,30.23,30.23,29.85,29.87,4209
GSEC5IETF,20261008,65.99,65.99,65.45,65.82,837
GSFC,20261008,149.79,150.13,146.01,146.5,745300
GSLSU,20261008,30.3,30.3,27.44,27.44,61808
GSPCROP,20261008,489.0,501.5,480.35,492.1,308253
GSPLTRANS,20261008,111.75,116.8,111.75,111.75,1045573
GSS,20261008,10.35,10.38,10.0,10.23,24905
GTECJAINX,20261008,35.7,35.7,34.22,35.51,10119
GTL,20261008,6.95,6.99,6.6,6.71,468402
GTLINFRA,20261008,1.07,1.09,1.05,1.05,22000323
GTPL,20261008,56.2,56.2,53.62,54.56,26922
GUFICBIO,20261008,422.55,422.55,402.0,404.05,75557
GUJALKALI,20261008,616.0,617.0,590.5,596.65,24120
GUJAPOLLO,20261008,340.05,347.4,328.1,332.0,7499
GUJENERGY,20261008,228.48,229.27,219.04,219.86,2436601
GUJRAFFIA,20261008,43.87,46.2,42.5,43.47,13548
GUJTHEM,20261008,380.1,380.5,360.1,367.95,238012
GULFOILLUB,20261008,1111.1,1111.1,1080.1,1089.3,42073
GULFPETRO,20261008,61.4,63.0,58.56,59.08,78062
GULPOLY,20261008,165.35,165.49,159.2,159.84,107005
GVKPIL,20261008,2.34,2.34,2.34,2.34,266024
GVPIL,20261008,717.0,717.0,648.5,656.15,401560
GVPTECH,20261008,7.12,7.5,7.05,7.18,31364
GVT&D,20261008,4285.8,4285.9,4181.0,4200.0,517368
GYFTR,20261008,169.52,177.0,167.44,171.38,261249
HAL,20261008,4756.7,4759.8,4620.5,4647.4,521431
HALDER,20261008,268.0,268.0,242.3,257.82,21882
HALDYNGL,20261008,141.78,143.0,137.32,140.89,80215
HALEOSLABS,20261008,1590.0,1590.0,1550.0,1567.8,431
HAMPTON,20261008,8.37,8.37,8.03,8.09,4014
HAPPSTMNDS,20261008,304.6,315.6,299.0,300.2,1112264
HAPPYFORGE,20261008,1969.9,2003.1,1930.2,1940.9,73303
HARDWYN,20261008,9.16,9.21,9.0,9.13,796564
HARIOMPIPE,20261008,340.65,341.2,326.0,326.55,77026
HARRMALAYA,20261008,177.35,177.35,168.1,169.2,6138
HARSHA,20261008,461.5,463.8,435.55,442.4,186779
HATHWAY,20261008,9.58,9.63,9.0,9.21,2182480
HATSUN,20261008,1154.9,1154.9,1112.0,1120.7,24416
HAVELLS,20261008,1060.5,1061.7,1023.2,1023.7,637800
HAVISHA,20261008,1.62,1.62,1.38,1.41,75846
HAWKINCOOK,20261008,7974.0,8079.0,7860.0,7979.5,843
HAZOOR,20261008,18.6,18.83,16.51,17.07,680287
HBESD,20261008,76.68,78.55,74.0,74.4,17097
HBLENGINE,20261008,762.7,762.7,721.4,725.15,1321528
HBPOR,20261008,63.91,63.91,60.0,61.99,2573
HBSL,20261008,59.6,59.85,53.2,54.44,1073
HCC,20261008,19.8,19.85,18.68,18.75,21311169
HCG,20261008,653.0,662.85,635.2,638.75,67593
HCL-INSYS,20261008,10.05,10.19,9.91,9.92,220010
HCLTECH,20261008,1185.0,1211.8,1176.9,1176.9,2500607
HDBFS,20261008,602.35,604.0,585.25,586.4,248709
HDFCAMC,20261008,2304.0,2316.0,2234.8,2245.0,970349
HDFCBANK,20261008,704.05,705.8,690.5,692.25,26808765
HDFCBSE500,20261008,36.43,36.43,34.65,34.96,897862
HDFCGOLD,20261008,125.22,125.56,124.73,125.02,2857218
HDFCGROWTH,20261008,108.88,109.06,107.1,108.44,31973
HDFCLIFE,20261008,545.1,549.4,542.05,544.5,2480224
HDFCLIQUID,20261008,1081.2,1081.22,1081.2,1081.2,26298
HDFCLOWVOL,20261008,19.13,19.23,18.85,19.03,4740
HDFCMID150,20261008,22.05,22.16,21.6,21.7,617255
HDFCMOMENT,20261008,29.82,30.06,29.13,29.36,308112
HDFCNEXT50,20261008,71.21,71.21,69.25,69.46,383000
HDFCNIF100,20261008,24.5,24.5,24.08,24.13,68335
HDFCNIFBAN,20261008,56.78,56.83,56.07,56.19,210294
HDFCNIFIT,20261008,29.95,30.29,29.51,29.56,355400
HDFCNIFTY,20261008,248.66,259.06,248.66,251.1,367386
HDFCNIMEG,20261008,123.33,123.33,118.05,118.94,97047
HDFCPSUBK,20261008,80.58,82.39,79.94,80.78,44863
HDFCPVTBAN,20261008,27.69,27.69,27.32,27.42,74506
HDFCQUAL,20261008,54.79,54.98,53.95,54.02,32555
HDFCSENSEX,20261008,84.64,84.64,81.1,81.68,113251
HDFCSILVER,20261008,208.39,209.05,205.15,205.84,2478343
HDFCSML250,20261008,180.59,181.48,175.8,176.41,2339240
HDFCVALUE,20261008,118.5,118.5,116.5,116.56,12066
HDIL,20261008,1.47,1.47,1.41,1.43,143965
HEADSUP,20261008,6.44,6.79,6.38,6.49,11310
HEALTHADD,20261008,16.32,16.32,15.83,15.84,100713
HEALTHAXIS,20261008,160.9,164.2,159.4,160.0,5238
HEALTHCARE,20261008,21.46,21.46,20.47,20.5,51033
HEALTHIETF,20261008,164.41,165.32,160.09,160.49,136809
HEALTHX,20261008,288.95,317.0,288.95,292.9,60830
HEALTHY,20261008,16.49,17.0,16.11,16.16,308216
HECPROJECT,20261008,111.63,113.95,109.03,110.66,3746
HEGAM,20261008,248.21,248.22,236.1,237.17,955261
HEIDELBERG,20261008,127.1,127.11,125.0,125.48,152306
HEMIPROP,20261008,113.0,113.4,108.62,109.24,273782
HERANBA,20261008,170.0,170.61,161.0,162.05,62832
HERITGFOOD,20261008,399.65,401.95,380.5,383.75,266260
HEROMOTOCO,20261008,4991.5,4991.5,4840.5,4856.5,490628
HEROMOTORS,20261008,171.02,171.54,161.51,164.35,22992210
HESTERBIO,20261008,2167.1,2174.9,2051.0,2069.9,2614
HEXAGON,20261008,72.3,72.8,68.38,68.59,301712
HEXATRADEX,20261008,159.49,159.49,154.08,155.1,1879
HEXT,20261008,503.1,519.9,503.0,511.4,360274
HFCL,20261008,269.0,270.0,258.31,258.31,6335883
HGINFRA,20261008,416.0,416.0,400.15,403.0,77560
HGM,20261008,39.99,39.99,39.4,39.83,318
HGS,20261008,360.0,364.45,357.2,358.95,7434
HIKAL,20261008,226.0,226.0,211.1,212.21,509857
HILINFRA,20261008,48.0,48.45,46.24,47.69,254499
HILTON,20261008,16.88,16.95,16.2,16.34,67908
HIMATSEIDE,20261008,63.49,63.66,59.9,60.32,660832
HINDADH,20261008,373.0,389.6,373.0,386.75,6339
HINDALCO,20261008,910.0,910.85,886.5,890.15,3807802
HINDALUMI,20261008,92.5,92.75,89.5,89.9,833
HINDCOMPOS,20261008,404.1,425.0,404.1,417.0,61165
HINDCON,20261008,27.14,29.98,27.14,29.95,259024
HINDCOPPER,20261008,482.0,485.85,465.0,467.5,3671010
HINDOILEXP,20261008,171.01,174.99,167.55,169.4,532758
HINDPETRO,20261008,342.5,342.75,326.05,326.6,12074362
HINDUNILVR,20261008,1860.0,1872.0,1837.2,1844.5,2027849
HINDWAREAP,20261008,170.19,171.88,168.75,169.01,102703
HINDZINC,20261008,554.0,554.0,530.75,531.75,2064026
HIRECT,20261008,1119.0,1158.8,1090.0,1096.1,48780
HISARMETAL,20261008,145.1,149.0,144.0,144.26,395
HITECH,20261008,73.9,74.2,70.2,70.8,540818
HITECHCORP,20261008,350.1,354.3,348.0,350.55,60899
HITECHGEAR,20261008,565.5,581.3,561.0,562.05,3009
HLEGLAS,20261008,476.0,476.0,446.0,446.0,129147
HLVLTD,20261008,6.12,6.2,6.0,6.06,265897
HMAAGRO,20261008,24.91,25.25,23.5,23.62,1306967
HMT,20261008,57.85,58.0,54.61,56.02,20434
HMVL,20261008,73.85,76.75,71.43,75.96,36513
HNDFDS,20261008,583.95,583.95,564.0,572.6,70895
HNGSNGBEES,20261008,464.5,464.5,455.0,455.65,101779
HOMEFIRST,20261008,1086.2,1087.0,1054.0,1071.9,119792
HONASA,20261008,477.0,483.5,465.0,467.5,710408
HONAUT,20261008,33630.0,33635.0,32180.0,32465.0,3344
HONDAPOWER,20261008,1871.4,1891.4,1830.0,1839.8,2567
HORIZONIND,20261008,50.0,50.05,48.18,48.47,2433872
HPAL,20261008,34.62,35.18,32.16,33.5,106645
HPIL,20261008,114.1,118.59,113.5,116.48,1348
HPL,20261008,266.0,267.1,255.0,256.45,107096
HRYNSHP,20261008,94.19,96.0,92.5,96.0,805
HSBCGOLD,20261008,129.0,129.8,127.1,127.45,1602
HSCL,20261008,675.55,675.55,657.95,660.05,1268759
HTEL,20261008,90.6,103.72,90.16,97.27,47580825
HTMEDIA,20261008,22.65,22.7,21.81,22.06,83706
HUBTOWN,20261008,164.68,165.79,154.0,155.13,647056
HUDCO,20261008,161.5,161.9,156.4,156.99,3282320
HUHTAMAKI,20261008,230.2,232.2,223.05,225.67,99538
HYBRIDETF,20261008,9.81,9.81,9.65,9.67,104213
HYBRIDFIN,20261008,17.6,18.4,17.2,17.81,8407
HYUNDAI,20261008,1940.0,1946.1,1905.6,1915.0,336709
IBULLSLTD,20261008,34.4,38.89,32.78,34.88,80328946
ICDSLTD,20261008,45.9,45.9,43.42,43.48,382
ICEMAKE,20261008,673.35,688.9,642.2,660.25,45004
ICICIAMC,20261008,3055.0,3099.9,2982.0,3066.4,562837
ICICIB22,20261008,109.27,109.27,106.25,106.52,243725
ICICIBANK,20261008,1350.0,1360.8,1340.0,1349.0,11277755
ICICIGI,20261008,1591.0,1628.6,1589.3,1624.0,896637
ICICIPRULI,20261008,458.0,458.05,448.75,457.0,1477630
ICIL,20261008,470.0,470.0,443.25,449.0,374799
ICRA,20261008,4346.3,4373.3,4295.0,4299.4,18820
IDBI,20261008,85.67,85.9,82.81,83.18,3762899
IDEA,20261008,13.17,13.29,12.8,12.8,296467874
IDEAFORGE,20261008,701.1,707.75,662.45,669.2,269320
IDFCFIRSTB,20261008,79.49,79.49,78.01,78.46,17426267
IDFNIFTYET,20261008,249.45,250.0,245.25,248.66,945
IEX,20261008,105.71,106.33,103.5,103.75,3581560
IFBAGRO,20261008,870.0,880.05,846.45,866.95,5637
IFBIND,20261008,1222.0,1222.0,1180.5,1186.8,16892
IFCI,20261008,64.0,69.8,63.3,66.43,216192035
IFGLEXPOR,20261008,183.9,184.49,177.2,179.72,23061
IGARASHI,20261008,402.0,402.05,391.2,393.1,37801
IGCL,20261008,59.29,59.29,55.5,55.61,311278
IGIL,20261008,318.7,319.45,305.6,307.05,415597
IGL,20261008,145.0,146.69,140.1,142.03,1860599
IGPL,20261008,588.0,593.4,565.1,568.4,81670
IIFL,20261008,591.4,592.3,566.3,579.15,1555838
IIFLCAPS,20261008,346.0,347.8,343.5,344.2,414332
IITL,20261008,130.34,132.79,127.01,128.19,97976
IKIO,20261008,192.0,192.98,180.0,181.05,210057
IKS,20261008,1745.0,1791.6,1742.2,1751.1,236677
IL&FSENGG,20261008,39.5,40.05,38.57,38.57,12363
IL&FSTRANS,20261008,2.0,2.07,1.94,2.05,65927
IMAGICAA,20261008,49.08,49.08,46.75,47.11,525695
IMFA,20261008,1183.0,1184.8,1139.9,1165.1,94157
IMPAL,20261008,1005.0,1010.0,994.0,996.5,2072
INA,20261008,82.05,83.37,79.0,79.73,633313
INCREDIBLE,20261008,31.3,32.0,29.62,30.0,23312
INDBANK,20261008,26.75,26.76,25.02,25.14,56275
INDGN,20261008,607.1,609.85,580.0,586.15,303851
INDHOTEL,20261008,731.0,732.25,710.3,711.65,2320806
INDIACEM,20261008,302.3,302.3,291.0,294.6,1138184
INDIAGLYCO,20261008,399.0,399.0,351.8,356.9,2966275
INDIAMART,20261008,1605.3,1607.0,1575.0,1602.7,71691
INDIANB,20261008,830.9,832.0,807.8,807.8,2115065
INDIANCARD,20261008,186.98,186.98,179.0,180.95,598
INDIANHUME,20261008,350.0,352.1,337.0,338.8,26750
INDIASHLTR,20261008,630.0,650.0,630.0,643.5,71079
INDIGO,20261008,4975.0,4983.7,4782.2,4813.1,748671
INDIGOPNTS,20261008,1053.8,1071.0,1033.0,1035.7,59869
INDIQUBE,20261008,192.51,199.0,190.0,191.89,36199
INDNIPPON,20261008,1231.4,1232.5,1169.0,1187.4,45280
INDOAMIN,20261008,159.5,160.49,148.35,151.7,511210
INDOBORAX,20261008,480.9,507.95,471.55,482.2,294787
INDOCO,20261008,248.85,248.85,235.1,236.9,139829
INDOFARM,20261008,140.1,140.99,133.25,134.66,88097
INDOKEM,20261008,600.0,697.1,600.0,692.8,587044
INDOMIM,20261008,1369.0,1374.4,1231.3,1238.6,2412867
INDORAMA,20261008,96.9,96.9,86.4,88.1,917283
INDOSTAR,20261008,201.59,201.59,187.07,196.6,467933
INDOTECH,20261008,3310.0,3373.2,3120.0,3148.8,25774
INDOTHAI,20261008,42.68,42.68,38.68,38.68,1688109
INDOUS,20261008,74.7,76.29,71.99,72.75,7922
INDOWIND,20261008,8.66,8.73,8.25,8.39,144689
INDPRUD,20261008,6250.0,6300.0,6225.0,6300.0,54
INDRAMEDCO,20261008,329.4,332.25,317.15,319.9,591365
INDSWFTLAB,20261008,391.5,394.15,359.35,366.1,820418
INDTERRAIN,20261008,29.61,29.61,29.15,29.15,12023
INDUSINDBK,20261008,876.0,877.95,857.0,864.0,1682277
INDUSTOWER,20261008,385.05,388.95,372.05,373.0,2309118
INFOBEAN,20261008,147.2,153.36,144.9,146.17,221690
INFOMEDIA,20261008,5.43,5.49,5.18,5.45,11598
INFRA,20261008,11.44,11.44,11.13,11.15,81796
INFRABEES,20261008,905.74,907.85,879.22,881.81,16151
INFRAIETF,20261008,89.11,90.68,87.22,87.61,129588
INFY,20261008,1002.0,1012.65,992.9,997.0,14847874
INGERRAND,20261008,4115.3,4121.5,3982.1,4001.2,7994
INNOVACAP,20261008,1172.0,1172.0,1125.0,1129.5,39665
INNOVANA,20261008,287.45,290.75,278.35,283.2,25642
INNOVISION,20261008,256.0,257.95,252.05,252.85,13968
INOXGREEN,20261008,135.17,135.17,108.7,115.08,43594723
INOXINDIA,20261008,2081.8,2081.8,2016.1,2039.3,150616
INOXWIND,20261008,67.1,67.4,62.43,62.43,21894766
INSECTICID,20261008,581.3,586.6,569.0,571.5,8344
INSPIRISYS,20261008,84.1,85.99,81.6,84.39,2145
INSURADD,20261008,14.57,16.07,14.45,14.45,14897
INSUREIETF,20261008,14.65,14.74,14.46,14.48,885702
INTELLECT,20261008,591.35,603.0,564.05,567.35,467950
INTENTECH,20261008,82.49,84.14,79.29,82.44,14822
INTERARCH,20261008,1702.0,1712.9,1664.4,1694.4,68792
INTERNET,20261008,13.2,14.37,13.2,13.43,437423
INTLCONV,20261008,80.99,80.99,78.0,79.14,93149
INVENTURE,20261008,0.83,0.84,0.81,0.81,982151
INVPRECQ,20261008,1600.0,1600.0,1514.8,1528.9,7202
IOB,20261008,31.03,31.19,30.4,30.48,1864731
IOC,20261008,130.3,130.31,125.27,126.25,12167724
IOLCP,20261008,220.41,220.98,203.1,205.55,4159908
IONEXCHANG,20261008,402.0,402.0,388.3,392.15,209927
IPCALAB,20261008,1940.9,1965.4,1923.0,1938.4,320842
IPL,20261008,130.65,131.89,128.16,130.03,114837
IPRINGLTD,20261008,143.0,143.0,138.2,138.23,495
IRB,20261008,17.41,17.89,17.3,17.53,17723493
IRCON,20261008,106.65,107.11,103.0,103.29,2132989
IRCTC,20261008,453.95,457.25,448.0,449.85,815679
IREDA,20261008,107.5,107.94,103.41,103.8,5964182
IRFC,20261008,76.24,76.29,74.12,74.3,9189122
IRIS,20261008,222.06,229.5,211.0,212.68,32848
IRISDOREME,20261008,60.0,60.84,57.34,58.71,313792
IRMENERGY,20261008,265.0,272.65,254.3,256.0,123708
ISFT,20261008,99.49,100.0,95.2,98.35,23584
ISGEC,20261008,901.75,931.05,886.1,918.4,231042
ISHANCH,20261008,46.17,47.52,45.5,46.44,6797
ISTLTD,20261008,630.0,630.0,613.0,628.25,246
IT,20261008,31.35,31.58,30.65,30.76,292143
ITADD,20261008,29.99,30.08,29.44,29.53,32299
ITAXIS,20261008,309.01,312.8,305.35,310.38,56833
ITBEES,20261008,30.94,31.5,30.72,30.8,9049333
ITBETA,20261008,297.15,298.0,290.86,291.6,73
ITC,20261008,264.0,264.65,253.15,255.0,53680318
ITCHOTELS,20261008,159.0,159.1,153.22,154.63,1255360
ITDC,20261008,677.0,677.0,652.0,661.55,70280
ITETF,20261008,29.63,30.1,29.33,29.4,709878
ITI,20261008,245.25,245.39,236.15,237.18,121820
ITIETF,20261008,31.2,31.55,30.73,30.79,769719
ITL,20261008,373.95,379.0,362.55,364.85,6804
IVALUE,20261008,233.4,240.5,226.1,227.52,269787
IVC,20261008,7.98,7.98,7.85,7.87,92979
IVP,20261008,228.9,228.9,218.81,220.34,23800
IVZBANKNF,20261008,55.21,57.2,54.23,54.6,811
IVZINGOLD,20261008,127.7,128.1,127.2,127.75,113134
IVZINNIFTY,20261008,255.05,260.0,255.05,256.56,1342
IVZSENSEX,20261008,72.87,73.74,71.55,71.86,5775
IWP,20261008,37.79,37.79,35.6,36.02,9564
IXIGO,20261008,158.7,159.44,151.5,153.96,2051064
IZMO,20261008,899.9,928.8,852.7,861.4,233706
J&KBANK,20261008,139.89,140.25,135.02,135.5,1889831
JAGRAN,20261008,62.0,62.3,61.1,61.42,172303
JAGSNPHARM,20261008,236.9,237.79,228.81,231.7,49600
JAIBALAJI,20261008,69.5,70.0,66.3,68.61,2662623
JAICORPLTD,20261008,89.61,90.39,84.58,86.52,1224849
JAINREC,20261008,295.15,296.0,279.15,281.05,839305
JAIPURKURT,20261008,29.0,34.2,28.99,32.4,1003604
JAMNAAUTO,20261008,151.05,151.99,145.11,147.95,4686358
JARO,20261008,415.0,416.25,402.0,404.0,51372
JASH,20261008,592.6,592.6,563.0,565.85,212196
JAYAGROGN,20261008,214.2,216.59,208.16,208.96,10667
JAYBARMARU,20261008,136.2,138.3,125.35,128.0,888803
JAYKAY,20261008,263.49,263.49,237.11,240.24,1932722
JAYNECOIND,20261008,95.3,95.3,91.0,91.48,2278353
JAYSREETEA,20261008,83.0,84.66,82.05,82.32,15120
JBMA,20261008,545.1,549.0,524.5,526.6,213074
JENBURPH,20261008,890.0,1052.0,864.0,954.2,18745
JETFREIGHT,20261008,19.71,19.93,18.66,19.03,128827
JGCHEM,20261008,654.85,674.75,633.2,638.7,259024
JHS,20261008,10.0,10.4,9.55,9.63,134911
JINDALPHOT,20261008,1029.0,1031.7,1021.2,1021.2,902
JINDALPOLY,20261008,666.0,667.0,630.1,635.05,9768
JINDALSAW,20261008,280.0,280.05,267.25,270.2,1083251
JINDALSTEL,20261008,1061.0,1064.8,1001.1,1010.0,2144341
JINDRILL,20261008,599.0,599.4,572.1,575.8,150252
JINDWORLD,20261008,44.4,44.49,42.7,42.94,1538743
JIOFIN,20261008,215.8,216.0,210.3,211.0,10614368
JISLDVREQS,20261008,19.48,19.48,18.2,18.71,7763
JISLJALEQS,20261008,27.9,27.9,26.5,27.02,2711099
JITFINFRA,20261008,286.0,286.0,264.05,269.55,25480
JKCEMENT,20261008,5017.0,5018.0,4916.0,4966.5,68549
JKIL,20261008,442.2,443.0,430.0,432.15,250084
JKIPL,20261008,102.0,109.0,100.0,103.48,23506
JKLAKSHMI,20261008,471.65,475.0,461.45,470.0,117933
JKPAPER,20261008,384.0,384.0,366.3,367.35,344435
JKTYRE,20261008,333.4,335.85,328.2,330.25,503166
JLHL,20261008,249.95,250.5,242.25,247.1,160279
JMA,20261008,90.19,90.19,85.9,86.79,6939
JMFINANCIL,20261008,124.33,124.43,120.15,120.6,1967364
JNKINDIA,20261008,443.9,445.25,419.15,426.2,161836
JNPR,20261008,282.0,282.9,272.0,274.45,555579
JOCIL,20261008,145.15,149.75,144.0,146.44,3096
JPOLYINVST,20261008,905.05,914.45,871.6,878.2,3207
JPPOWER,20261008,14.96,14.99,14.2,14.31,43370302
JSFB,20261008,500.0,504.5,480.5,482.3,600833
JSIPL,20261008,203.2,214.96,175.88,175.88,6841860
JSL,20261008,734.6,734.6,702.2,705.6,721953
JSLL,20261008,417.3,419.8,377.75,381.25,3804816
JSWCEMENT,20261008,112.51,113.35,110.55,112.97,2617489
JSWDULUX,20261008,3035.0,3051.6,2980.8,2989.1,14829
JSWENERGY,20261008,484.05,484.5,465.0,466.85,1639708
JSWHL,20261008,11217.0,11299.0,11130.0,11158.0,1667
JSWINFRA,20261008,352.0,353.9,331.45,333.75,4831830
JSWSTEEL,20261008,1225.1,1229.6,1171.1,1175.2,3829207
JTEKTINDIA,20261008,114.05,115.26,111.0,113.1,155937
JTLIND,20261008,90.62,90.62,83.15,83.81,4207348
JUBLCPL,20261008,1978.2,1993.5,1895.4,1927.2,14736
JUBLFOOD,20261008,456.5,456.7,426.2,427.6,4370870
JUBLINGREA,20261008,641.95,642.95,616.0,620.3,201372
JUBLPHARMA,20261008,971.0,974.6,921.5,932.2,417017
JUNIORBEES,20261008,767.04,767.04,732.53,734.61,564944
JUNIPER,20261008,216.34,218.01,212.28,215.33,80750
JUSTDIAL,20261008,661.0,662.45,625.4,631.65,69728
JWL,20261008,222.5,223.0,216.0,216.43,705633
JYOTHYLAB,20261008,191.0,191.17,184.5,186.29,357455
JYOTICNC,20261008,1069.2,1070.9,988.2,1009.9,1726011
JYOTIRES,20261008,840.15,857.6,830.0,836.65,6180
JYOTISTRUC,20261008,9.03,9.28,8.7,8.75,6326738
KABRAEXTRU,20261008,817.95,817.95,765.65,771.05,70015
KAJARIACER,20261008,1228.4,1254.5,1209.0,1210.6,385389
KAKATCEM,20261008,107.1,107.1,102.0,102.33,1694
KALAMANDIR,20261008,77.06,77.11,73.5,74.3,409583
KALPATARU,20261008,269.2,269.2,256.4,259.9,32195
KALYANIFRG,20261008,907.0,914.8,881.05,887.4,1982
KALYANKJIL,20261008,571.8,573.0,552.7,553.5,6140158
KAMAHOLD,20261008,2236.0,2255.9,2219.5,2227.6,1029
KAMATHOTEL,20261008,264.99,264.99,250.37,251.72,70365
KAMDHENU,20261008,38.36,38.48,36.31,36.71,888363
KAMOPAINTS,20261008,4.07,4.14,4.07,4.08,145052
KANANIIND,20261008,1.35,1.35,1.3,1.3,89261
KANCHI,20261008,381.0,381.0,365.0,366.25,1728
KANCOTEA,20261008,52.0,52.99,50.69,52.93,1713
KANOHAR,20261008,1070.0,1207.7,1040.0,1183.25,22128480
KANORICHEM,20261008,183.0,183.0,176.35,177.5,11263
KANPRPLA,20261008,247.5,257.5,235.25,236.96,23392
KANSAINER,20261008,192.4,192.4,180.0,180.75,255858
KAPSTON,20261008,545.45,554.85,535.05,542.4,34599
KARAMTARA,20261008,417.8,421.6,376.05,393.8,4031111
KARMAENG,20261008,35.0,35.42,34.0,34.51,4388
KARURVYSYA,20261008,330.1,336.8,328.0,329.2,2066032
KAUSHALYA,20261008,838.0,838.0,815.15,820.25,20
KAVDEFENCE,20261008,90.43,94.01,90.0,93.66,1181460
KAYA,20261008,310.0,311.0,295.1,299.95,2421
KAYNES,20261008,3371.0,3378.5,3215.6,3233.0,1099748
KCP,20261008,154.95,156.46,152.0,152.67,87248
KCPSUGIND,20261008,24.66,25.0,23.6,23.93,322407
KDDL,20261008,3985.6,4008.3,3840.3,3873.2,28459
KDGREEN,20261008,50.37,50.45,47.22,48.76,39827
KEC,20261008,363.5,364.0,348.0,349.6,1237294
KECL,20261008,130.95,131.2,122.72,123.13,168702
KEEPLEARN,20261008,1.86,1.89,1.71,1.84,81015
KEI,20261008,4668.0,4728.0,4578.0,4580.0,176120
KELLTONTEC,20261008,12.18,12.24,11.8,11.83,1595937
KENNAMET,20261008,4221.8,4221.8,4071.4,4115.1,21123
KERNEX,20261008,1779.0,1780.6,1690.0,1700.5,131811
KESORAMIND,20261008,10.99,11.23,10.41,10.56,370397
KEYFINSERV,20261008,240.0,243.79,234.5,238.0,489
KFINTECH,20261008,863.95,863.95,838.2,838.2,350743
KHADIM,20261008,115.0,115.0,112.9,112.9,3053
KHAICHEM,20261008,48.82,49.45,47.26,47.6,336861
KHAITANLTD,20261008,147.2,153.79,146.55,148.99,769
KHANDSE,20261008,17.0,17.45,16.8,17.21,166
KICL,20261008,4807.2,4831.9,4680.0,4692.0,1072
KILITCH,20261008,258.0,258.0,242.0,244.3,87295
KIMS,20261008,694.3,695.75,678.8,687.15,473382
KINGFA,20261008,6997.0,6997.0,6715.0,6804.0,8335
KIOCL,20261008,347.8,355.9,333.3,350.55,179285
KIRANVYPAR,20261008,203.0,225.4,195.0,199.19,74812
KIRIINDUS,20261008,556.7,560.95,537.65,542.55,438451
KIRLFER,20261008,473.85,473.85,460.8,464.65,158991
KIRLOSBROS,20261008,1723.0,1723.0,1662.3,1667.2,38940
KIRLOSENG,20261008,2230.0,2231.0,2131.5,2163.0,409305
KIRLOSIND,20261008,3510.2,3628.4,3425.9,3473.1,7953
KIRLPNU,20261008,706.5,706.5,668.0,670.3,104467
KISSHT,20261008,375.0,378.2,366.9,372.15,886460
KITEX,20261008,116.99,117.95,114.75,115.11,288348
KJMCFIN,20261008,58.45,58.5,54.8,57.69,1390
KKCL,20261008,475.55,477.95,468.45,472.5,22954
KLBRENG-B,20261008,527.9,527.9,492.2,500.15,341466
KMCSHIL,20261008,185.5,185.5,176.21,177.28,315682
KMEW,20261008,3230.0,3307.0,3168.0,3256.7,177999
KMSUGAR,20261008,26.5,26.5,25.26,25.81,49892
KNACK,20261008,214.0,216.9,195.95,202.16,1684388
KNAGRI,20261008,208.1,212.0,199.0,202.6,9384
KNRCON,20261008,115.53,115.53,110.6,111.61,751097
KOHINOOR,20261008,29.5,29.85,28.2,28.88,107327
KOKUYOCMLN,20261008,74.99,74.99,72.25,73.26,9143
KOLTEPATIL,20261008,438.9,438.9,422.1,423.4,46054
KOPRAN,20261008,276.5,276.5,248.35,254.3,626846
KOTAKBANK,20261008,440.0,440.0,432.95,435.0,22068818
KOTARISUG,20261008,25.86,26.7,25.4,25.86,25850
KOTHARIPET,20261008,127.46,127.78,118.35,121.1,69670
KOTHARIPRO,20261008,65.08,66.15,63.3,63.51,9212
KOTIC,20261008,146.79,168.87,142.51,155.14,1027245
KOTYARK,20261008,31.94,32.05,30.5,31.06,273468
KOVAI,20261008,5979.5,5979.5,5878.5,5891.5,6536
KPEL,20261008,214.22,214.22,206.2,206.87,201029
KPIGREEN,20261008,333.0,333.0,318.15,323.25,882321
KPIL,20261008,1458.4,1458.4,1394.2,1401.5,120298
KPITTECH,20261008,484.25,493.85,470.1,471.0,1408072
KPL,20261008,3680.0,3680.0,3511.5,3533.3,27259
KPRMILL,20261008,1096.9,1102.6,1050.1,1053.3,199692
KRBL,20261008,399.8,401.85,385.0,386.05,473055
KREBSBIO,20261008,59.4,59.48,57.3,57.96,13155
KRIDHANINF,20261008,1.86,1.98,1.82,1.82,18017
KRISHANA,20261008,192.7,192.7,187.18,188.69,293743
KRISHIVAL,20261008,400.25,400.25,372.0,383.7,30805
KRISHNADEF,20261008,1245.0,1291.6,1170.0,1240.8,201821
KRITI,20261008,59.07,59.89,53.8,55.55,61801
KRITIKA,20261008,5.12,5.12,4.86,4.86,87603
KRITINUT,20261008,71.0,73.8,69.12,72.26,31575
KRN,20261008,1519.0,1519.0,1408.5,1414.5,210590
KRONOX,20261008,209.0,213.0,200.07,200.6,62960
KROSS,20261008,265.0,267.9,238.2,239.7,1075805
KRSNAA,20261008,550.0,550.0,526.0,531.95,47652
KRYSTAL,20261008,645.25,660.4,623.7,633.2,8739
KSB,20261008,802.0,803.15,775.0,776.7,89997
KSCL,20261008,710.0,710.0,670.8,679.0,208432
KSE,20261008,179.8,179.8,174.3,175.48,9537
KSHINTL,20261008,1076.0,1076.0,1005.6,1017.7,320815
KSHITIJPOL,20261008,4.0,4.0,3.65,3.68,9689720
KSL,20261008,936.0,956.3,900.55,945.05,109467
KSOLVES,20261008,244.0,249.49,240.0,241.68,24042
KSR,20261008,37.56,37.56,35.81,35.9,26518
KTKBANK,20261008,325.0,326.8,316.4,320.8,2527395
KUANTUM,20261008,76.22,77.75,73.0,74.07,108276
KUSUMGAR,20261008,638.0,638.0,587.05,608.0,462631
KWIL,20261008,38.15,38.19,36.5,36.91,7970741
LAGNAM,20261008,72.63,73.89,70.22,71.14,1308
LAHOTIOV,20261008,39.25,39.98,38.5,38.5,3197
LAKPRE,20261008,5.0,5.25,4.95,4.98,59
LAKSHMIMIL,20261008,7352.0,7747.5,7352.0,7634.0,9
LAL,20261008,8.69,8.79,8.42,8.53,196674
LALITHAA,20261008,395.5,397.95,375.15,376.45,6058030
LALPATHLAB,20261008,1945.1,1961.0,1888.0,1898.9,271926
LAMBODHARA,20261008,135.98,135.98,127.5,128.09,6952
LANCER,20261008,11.19,11.28,10.78,10.83,148980
LANCORHOL,20261008,31.93,31.93,29.84,29.99,81584
LANDMARK,20261008,485.45,485.45,461.3,468.65,86631
LANDSMILL,20261008,0.87,0.87,0.85,0.85,1460958
LAOPALA,20261008,155.5,156.2,152.71,153.98,77178
LARGEMID50,20261008,34.24,34.24,33.76,33.76,12567
LASERPOWER,20261008,283.5,283.5,265.85,272.5,789645
LATENTVIEW,20261008,231.0,245.0,228.37,230.26,1565857
LATTEYS,20261008,22.29,22.29,20.6,20.91,47619
LAURUSLABS,20261008,2055.0,2055.0,1997.9,1997.9,1394208
LAXMICOT,20261008,12.6,13.05,12.6,12.62,8867
LAXMIDENTL,20261008,198.0,198.0,190.31,192.52,45528
LAXMIINDIA,20261008,111.6,111.6,106.0,106.66,161733
LCCINFOTEC,20261008,3.46,3.46,3.3,3.39,17007
LCCPROJECT,20261008,143.09,150.4,143.09,145.08,913274
LCL,20261008,627.75,631.45,604.0,608.7,343343
LEAPIND,20261008,148.9,150.2,137.35,141.42,1307008
LEENEE,20261008,7.3,7.65,7.0,7.0,8509
LEMERITE,20261008,19.99,19.99,18.37,18.77,176005
LEMONTREE,20261008,112.71,113.46,109.56,110.05,5897444
LENSKART,20261008,684.9,686.0,645.5,653.95,5023579
LEXUS,20261008,9.89,9.89,9.0,9.7,74806
LFIC,20261008,129.0,129.1,126.0,126.22,705
LGBBROSLTD,20261008,1714.9,1714.9,1659.9,1676.4,17854
LGEINDIA,20261008,1782.0,1785.0,1705.0,1723.0,388141
LGHL,20261008,219.39,219.9,210.11,213.87,17192
LIBAS,20261008,11.6,11.98,10.9,11.39,21712
LIBERTSHOE,20261008,218.45,218.45,209.0,210.18,18127
LICHSGFIN,20261008,519.9,547.65,519.4,537.0,14555953
LICI,20261008,386.3,388.0,378.2,379.25,3328818
LICMFGOLD,20261008,132.25,132.55,131.65,131.8,26824
LICNETFGSC,20261008,28.2,29.22,28.2,28.92,127031
LICNETFN50,20261008,247.65,254.52,247.65,251.56,2083
LICNETFSEN,20261008,817.0,849.7,791.33,804.17,68
LICNFNHGP,20261008,260.56,268.0,250.09,252.43,587
LICNMID100,20261008,59.6,59.89,57.87,58.19,7238
LIKHITHA,20261008,229.02,238.0,224.02,226.08,49617
LINC,20261008,87.9,87.95,83.3,84.57,17910
LINCOLN,20261008,563.2,579.45,548.55,561.7,28927
LINDEINDIA,20261008,6098.5,6146.5,5990.0,6026.0,12243
LIQGRWBEES,20261008,1057.39,1059.0,1056.25,1058.57,41466
LIQUID,20261008,999.99,1000.0,999.99,999.99,293072
LIQUID1,20261008,1128.65,1128.65,1125.96,1125.96,2322622
LIQUIDADD,20261008,1148.18,1148.2,1148.18,1148.18,570497
LIQUIDBEES,20261008,1000.0,1000.01,999.99,1000.0,5906055
LIQUIDBETA,20261008,1011.11,1011.11,1011.11,1011.11,6
LIQUIDBETF,20261008,1103.0,1103.0,1102.06,1102.07,418277
LIQUIDCASE,20261008,116.26,116.28,116.26,116.27,17621757
LIQUIDETF,20261008,1000.0,1000.01,999.99,999.99,122284
LIQUIDIETF,20261008,1000.0,1000.01,999.99,999.99,341684
LIQUIDPLUS,20261008,1106.61,1106.63,1106.61,1106.61,414744
LIQUIDSBI,20261008,999.99,1000.01,999.99,999.99,7498
LIQUIDSHRI,20261008,1124.72,1124.72,1124.7,1124.71,9043
LKPSEC,20261008,13.7,13.97,13.55,13.62,6352
LLOYDSENGG,20261008,101.47,101.48,95.45,96.18,13917134
LLOYDSENT,20261008,78.81,78.81,73.65,74.37,3657105
LLOYDSME,20261008,1844.6,1844.8,1764.0,1795.6,473935
LMW,20261008,16817.0,16870.0,16187.0,16346.0,4278
LODHA,20261008,1109.1,1111.1,1065.6,1065.6,1712251
LOKESHMACH,20261008,465.6,488.0,442.0,447.85,424361
LORDSCHLO,20261008,140.0,143.0,135.12,136.01,11769
LOTUSCHO,20261008,655.0,724.0,650.0,658.9,76663
LOTUSDEV,20261008,238.6,242.6,231.0,233.73,521433
LOTUSEYE,20261008,116.6,116.6,113.61,113.94,2258
LOVABLE,20261008,70.09,71.5,67.01,67.23,8663
LOWVOL,20261008,191.56,191.62,188.55,189.02,570
LOWVOL1,20261008,19.57,19.68,19.22,19.22,79708
LOWVOLIETF,20261008,20.67,20.67,20.13,20.18,7131131
LOYALTEX,20261008,205.2,206.6,205.2,206.55,391
LPDC,20261008,6.28,6.39,6.17,6.21,35412
LT,20261008,3698.0,3702.0,3607.0,3625.1,1690918
LTF,20261008,258.0,261.25,255.05,257.4,5991864
LTFOODS,20261008,418.4,420.35,404.15,405.45,250683
LTGILTBEES,20261008,29.52,29.52,29.44,29.45,2053169
LTGILTCASE,20261008,30.66,30.66,29.97,30.01,426767
LTM,20261008,3929.7,4003.3,3915.0,3915.0,398649
LTTS,20261008,3252.0,3356.2,3168.8,3176.6,53392
LUMAXIND,20261008,5465.5,5466.0,5260.0,5294.0,7039
LUMAXTECH,20261008,1860.1,1860.1,1763.6,1770.2,143877
LUMINO,20261008,109.0,109.54,101.23,101.95,5015473
LUPIN,20261008,2012.9,2020.9,1936.9,1936.9,611469
LUXIND,20261008,1166.0,1166.0,1100.0,1108.5,19524
LXCHEM,20261008,192.0,192.5,181.1,182.03,1570106
LYKALABS,20261008,74.9,74.9,72.05,72.68,11178
M&M,20261008,2800.0,2806.1,2744.3,2751.2,3278766
M&MFIN,20261008,321.7,321.75,309.2,310.5,2187388
MAANALU,20261008,104.7,104.7,98.27,98.97,74422
MACPOWER,20261008,2082.1,2098.2,1951.0,1981.0,46860
MADHAV,20261008,33.6,34.79,31.13,32.1,7474
MADHAVIPL,20261008,7.32,7.39,7.1,7.21,41409
MADHUCON,20261008,3.86,4.08,3.7,3.79,24640
MADRASFERT,20261008,60.0,60.0,57.21,57.54,30906
MAFANG,20261008,299.95,307.49,265.51,280.37,2509797
MAFATIND,20261008,115.1,116.37,110.01,111.07,40912
MAGADSUGAR,20261008,562.25,576.45,540.0,544.65,39991
MAGNUM,20261008,18.49,18.49,17.61,17.82,31692
MAHABANK,20261008,84.15,84.5,82.05,82.05,9505081
MAHAPEXLTD,20261008,51.91,52.95,49.09,50.77,6954
MAHASTEEL,20261008,1101.0,1120.3,1059.2,1086.9,3296
MAHEPC,20261008,97.0,99.79,96.5,98.16,15501
MAHESHWARI,20261008,71.0,71.0,70.0,70.72,5959
MAHKTECH,20261008,23.46,23.46,22.05,22.63,879558
MAHLIFE,20261008,351.1,353.65,339.1,342.1,201761
MAHLOG,20261008,411.15,411.15,393.1,395.4,164360
MAHSCOOTER,20261008,12251.0,12300.0,12000.0,12048.0,6118
MAHSEAMLES,20261008,704.55,704.55,641.15,644.25,538476
MAITHANALL,20261008,910.0,910.05,881.0,887.55,42951
MAJESAUT,20261008,375.0,375.0,362.45,365.55,1266
MAKEINDIA,20261008,156.8,156.8,151.1,151.43,39422
MAKERSL,20261008,180.01,185.9,176.51,179.5,3186
MALLCOM,20261008,900.0,909.75,892.0,900.85,1740
MALUPAPER,20261008,30.81,31.48,30.5,30.68,13051
MAMATA,20261008,393.0,396.0,384.1,385.7,30456
MANAKALUCO,20261008,32.0,33.25,30.92,31.22,56163
MANAKCOAT,20261008,130.19,130.19,124.61,126.33,201412
MANAKSIA,20261008,57.85,59.78,56.32,56.82,40757
MANAKSTEEL,20261008,109.11,112.94,105.43,106.14,47244
MANALIPETC,20261008,90.48,90.69,85.2,85.88,2439553
MANAPPURAM,20261008,308.1,309.7,303.65,304.15,1839807
MANBA,20261008,141.95,150.4,141.95,146.82,525646
MANCREDIT,20261008,238.95,239.32,222.0,223.63,73180
MANGALAM,20261008,33.75,34.0,31.1,31.48,27243
MANGLMCEM,20261008,971.1,999.35,948.0,950.8,66709
MANIKA,20261008,58.0,61.25,54.42,55.46,4757797
MANINDS,20261008,910.95,911.9,851.0,857.85,451881
MANINFRA,20261008,122.0,122.0,117.18,117.74,1717708
MANIPALHOS,20261008,700.1,703.0,678.1,684.05,724488
MANKIND,20261008,2501.1,2510.9,2347.6,2380.0,783247
MANOMAY,20261008,240.0,241.0,227.52,232.54,135011
MANORAMA,20261008,1996.0,2049.0,1985.0,1998.5,195866
MANORG,20261008,438.0,445.4,419.1,427.25,11435
MANUFGBEES,20261008,155.39,155.39,148.5,149.43,16946
MANUGRAPH,20261008,16.79,16.79,15.56,15.81,32567
MANYAVAR,20261008,500.95,510.7,486.15,489.9,135776
MAPMYINDIA,20261008,895.4,909.1,870.0,874.7,90531
MARALOVER,20261008,61.0,61.0,56.11,56.41,15494
MARATHON,20261008,379.55,379.55,358.4,361.2,62541
MARICO,20261008,788.2,794.15,774.3,777.25,565931
MARINE,20261008,473.9,473.9,446.0,452.6,1804249
MARKOLINES,20261008,170.26,170.79,161.81,164.44,114531
MARKSANS,20261008,326.1,326.25,304.45,307.8,2348179
MARSONS,20261008,133.55,133.55,124.32,126.79,2972319
MARUTI,20261008,11433.0,11463.0,11225.0,11228.0,431962
MASFIN,20261008,268.15,270.7,260.75,262.95,115672
MASKINVEST,20261008,144.27,144.27,140.0,144.2,154
MASPTOP50,20261008,118.5,119.64,109.01,111.67,1562893
MASTEK,20261008,1630.0,1679.0,1612.1,1651.2,127423
MASTERTR,20261008,83.55,85.56,79.15,81.6,563079
MATRIMONY,20261008,529.05,565.9,511.25,517.8,56966
MAWANASUG,20261008,150.5,155.2,144.0,145.11,330517
MAXESTATES,20261008,550.5,550.5,529.6,531.75,70271
MAXHEALTH,20261008,900.5,903.6,870.0,873.4,2239281
MAXIND,20261008,162.8,162.8,152.5,158.42,138284
MAYURUNIQ,20261008,766.5,766.5,740.3,749.9,78266
MAZDA,20261008,283.9,287.2,270.05,271.7,14234
MAZDOCK,20261008,2055.0,2060.9,1990.0,1990.0,683614
MBAPL,20261008,169.7,169.7,163.0,163.42,375576
MBECL,20261008,474.3,474.3,474.3,474.3,512
MBEL,20261008,290.0,290.0,261.6,265.56,961258
MBLINFRA,20261008,25.0,25.85,22.66,23.88,69631
MCCHRLS-B,20261008,679.2,683.5,645.0,675.15,194
MCL,20261008,55.99,55.99,53.28,53.75,24501
MCLEODRUSS,20261008,42.7,42.7,40.13,40.63,308898
MCLOUD,20261008,24.61,25.04,24.06,24.3,1019479
MCX,20261008,3360.0,3370.3,3246.0,3255.6,2036568
MEDANTA,20261008,1299.0,1309.3,1270.9,1276.5,144593
MEDIASSIST,20261008,301.95,301.95,293.7,295.2,88729
MEDICAMEQ,20261008,316.7,316.7,297.6,304.7,28503
MEDICAPQ,20261008,24.99,25.6,24.15,24.29,428
MEDICO,20261008,22.65,22.65,21.5,21.83,124325
MEDPLUS,20261008,645.0,645.0,626.5,631.9,44614
MEESHO,20261008,236.53,237.0,229.4,232.19,14862375
MEGASTAR,20261008,315.15,315.15,290.0,292.31,9122
MEIL,20261008,275.0,275.0,263.0,266.2,31315
MENNPIS,20261008,71.6,71.6,69.21,69.99,15492
MENONBE,20261008,298.5,299.9,282.65,287.1,77881
MEP,20261008,0.69,0.69,0.68,0.69,43052
MERCANTILE,20261008,22.33,23.79,20.52,20.7,4342
MERCURYEV,20261008,38.7,38.7,36.05,36.48,199519
METAL,20261008,12.77,12.77,11.99,12.02,4182535
METALIETF,20261008,12.69,12.69,11.96,12.09,10298143
METROBRAND,20261008,825.1,849.9,817.0,840.65,43221
METROGLOBL,20261008,128.5,132.0,124.58,126.28,941
METROPOLIS,20261008,544.7,545.9,521.1,525.85,157417
MFML,20261008,18.39,20.98,18.29,18.3,12728
MFSL,20261008,1350.0,1361.4,1316.0,1322.4,519819
MGEL,20261008,15.83,16.15,15.51,15.9,336436
MGL,20261008,1040.0,1050.8,1028.3,1043.9,94398
MHLXMIRU,20261008,171.95,176.41,161.1,167.82,5244
MHRIL,20261008,195.07,195.36,186.21,187.23,132243
MICEL,20261008,34.0,34.0,33.6,33.7,145908
MID150,20261008,22.17,22.39,21.72,22.04,110438
MID150BEES,20261008,226.99,226.99,220.52,221.17,1622414
MID150CASE,20261008,11.07,11.07,10.73,10.75,1581075
MIDBANKADD,20261008,16.26,16.69,15.96,16.07,212870
MIDCAP,20261008,17.0,17.85,16.87,16.97,598078
MIDCAPADD,20261008,21.83,22.09,21.34,21.52,10311
MIDCAPBETA,20261008,219.66,222.39,215.35,219.23,1902
MIDCAPETF,20261008,22.4,22.41,21.8,21.83,4378583
MIDCAPIETF,20261008,22.66,22.66,22.05,22.11,1048512
MIDHANI,20261008,453.8,457.55,437.05,442.55,655965
MIDQ50ADD,20261008,23.74,23.75,23.2,23.38,21565
MIDSELIETF,20261008,18.5,18.52,18.06,18.1,184918
MIDSMALL,20261008,50.25,50.25,49.0,49.11,157649
MIDWESTLTD,20261008,1050.0,1082.4,985.05,989.8,73088
MIIL,20261008,672.0,675.2,655.1,670.85,54760
MILKYMIST,20261008,335.0,342.4,320.1,328.35,1790223
MINALIND,20261008,4.01,4.01,4.01,4.01,5410
MINDACORP,20261008,639.0,639.2,629.0,635.15,193198
MINDTECK,20261008,141.7,142.55,133.0,135.08,45751
MIRZAINT,20261008,27.85,27.97,27.24,27.44,55976
MITCON,20261008,78.5,80.1,77.25,77.85,3676
MITTAL,20261008,0.73,0.73,0.68,0.69,1326303
MKEXIM,20261008,63.19,63.98,55.7,57.76,11651
MKPL,20261008,3.94,4.58,3.88,3.92,196664
MLKFOOD,20261008,86.0,86.4,84.6,85.15,4571
MMFL,20261008,569.0,586.0,550.5,553.7,85497
MMP,20261008,512.0,515.45,475.15,483.25,213115
MMTC,20261008,56.82,56.82,54.02,54.27,999275
MMWL,20261008,19.78,19.78,19.0,19.77,1519214
MNC,20261008,31.16,31.16,30.3,30.45,37215
MOALPHA50,20261008,54.91,55.73,53.36,53.59,6757
MOBANK10,20261008,16.31,16.31,16.11,16.15,4357
MOBIKWIK,20261008,247.0,249.1,234.52,244.52,18727942
MOCAPITAL,20261008,54.23,54.23,51.89,52.02,700832
MODEFENCE,20261008,101.25,101.49,98.11,98.39,1452875
MODINATUR,20261008,299.6,323.8,284.7,288.65,23362
MODIRUBBER,20261008,118.9,119.0,117.51,118.67,584
MODIS,20261008,379.5,383.35,369.85,375.25,14117
MODISONLTD,20261008,488.9,493.95,464.4,464.4,47493
MODTHREAD,20261008,46.09,50.89,45.51,46.2,6795
MOENERGY,20261008,36.9,37.08,35.88,35.98,123530
MOGOLD,20261008,145.65,145.65,144.5,144.6,15431
MOGSEC,20261008,64.87,64.95,64.3,64.77,8198
MOHEALTH,20261008,51.64,51.64,49.2,49.36,54881
MOHITE,20261008,2.48,2.49,2.42,2.45,25601
MOHITIND,20261008,22.57,22.98,22.01,22.01,14333
MOIL,20261008,236.0,238.49,228.7,229.58,506838
MOINFRA,20261008,56.2,56.2,54.02,54.59,20504
MOIPO,20261008,46.8,46.8,45.19,45.34,4879
MOKSH,20261008,9.54,9.75,9.1,9.17,85759
MOL,20261008,61.47,61.47,57.4,57.74,672128
MOLBIO,20261008,1559.0,1583.8,1451.2,1479.2,2011925
MOLDTECH,20261008,221.0,224.99,209.95,209.95,42530
MOLDTKPAC,20261008,670.0,671.8,645.0,652.1,73950
MOLOWVOL,20261008,34.1,34.9,33.17,33.27,33095
MOM100,20261008,65.74,65.74,62.44,62.74,570879
MOM30IETF,20261008,29.43,30.49,29.4,29.44,1268035
MOM50,20261008,236.67,236.67,230.31,231.28,12211
MOMENTUM,20261008,30.17,30.17,29.27,29.32,164306
MOMENTUM30,20261008,29.74,29.83,28.75,28.99,40233
MOMENTUM50,20261008,52.97,53.21,51.6,51.71,728947
MOMETAL,20261008,12.6,12.8,11.89,12.08,173547
MOMGF,20261008,151.92,151.92,148.35,149.22,1519
MOMIDMTM,20261008,62.55,62.55,60.71,60.95,58854
MOMMIDCAP,20261008,12.5,12.5,12.22,12.24,1421498
MOMNC,20261008,30.5,30.5,29.48,29.51,1028
MOMOMENTUM,20261008,59.78,59.98,58.47,58.67,91404
MOMSBELIEF,20261008,234.89,234.96,215.1,218.49,460625
MON100,20261008,337.49,337.5,320.42,325.15,1018267
MON50EQUAL,20261008,31.15,31.45,30.54,30.7,12371
MONARCH,20261008,348.5,348.5,327.1,330.05,95473
MONEXT50,20261008,69.0,69.51,67.11,67.27,21959
MONEYBOXX,20261008,52.72,54.0,51.0,51.5,17058
MONEYVIEW,20261008,64.4,64.56,55.66,57.89,375979634
MONIFTY100,20261008,23.8,23.8,23.4,23.63,80998
MONIFTY500,20261008,22.6,22.66,22.01,22.1,1018148
MONQ50,20261008,261.7,272.3,221.05,243.73,3577769
MONTECARLO,20261008,529.7,529.7,512.75,514.7,24851
MOOILGAS,20261008,10.97,10.97,10.36,10.46,66431
MOPSE,20261008,93.98,93.98,91.9,92.12,4286
MOQUALITY,20261008,188.19,188.19,182.0,182.84,4213
MOREALTY,20261008,81.84,83.12,80.1,80.26,580042
MOREPENLAB,20261008,147.48,147.48,133.26,136.55,21277943
MOSCHIP,20261008,196.25,196.25,186.0,186.71,1250720
MOSERVICE,20261008,29.46,29.84,28.66,28.74,4903
MOSILVER,20261008,216.48,216.48,212.54,213.07,46870
MOSMALL250,20261008,18.03,18.03,17.5,17.58,1208467
MOTHERSON,20261008,158.57,158.9,153.08,153.08,14700252
MOTILALOFS,20261008,1066.9,1066.9,1011.25,1014.3,789291
MOTISONS,20261008,17.84,17.84,17.45,17.57,13426360
MOTOGENFIN,20261008,25.78,26.98,25.18,25.21,11748
MOTOUR,20261008,76.22,76.22,73.5,73.82,34599
MOVALUE,20261008,106.5,106.56,104.0,104.61,63183
MPDL,20261008,25.87,25.88,25.87,25.87,1304
MPHASIS,20261008,2299.0,2357.3,2280.8,2303.4,753211
MPIMANIPAL,20261008,378.75,378.75,348.75,361.8,1133413
MPSLTD,20261008,2675.0,2688.9,2542.2,2573.8,17669
MRF,20261008,123585.0,123585.0,122000.0,122465.0,2651
MRPL,20261008,182.5,183.73,170.78,173.85,13192536
MSCI360,20261008,9.51,9.53,9.33,9.37,2424
MSCIADD,20261008,27.6,27.71,27.21,27.32,925
MSCIINDIA,20261008,28.18,28.18,27.5,27.6,37276
MSL,20261008,147.85,148.59,133.1,136.69,579
MSPL,20261008,30.8,31.3,29.79,30.19,1032825
MSTCLTD,20261008,707.85,710.05,665.0,668.4,196069
MSUMI,20261008,33.45,33.48,32.75,32.97,7113684
MTARTECH,20261008,7814.5,7856.0,7597.0,7849.5,110779
MTEDUCARE,20261008,1.73,1.73,1.61,1.69,50250
MTNL,20261008,23.6,23.72,22.52,22.81,1366574
MUFIN,20261008,135.5,136.9,132.43,133.08,1006522
MUFTI,20261008,69.1,70.78,68.0,68.26,70824
MUKANDLTD,20261008,186.38,186.38,171.49,174.29,528265
MUKKA,20261008,26.94,27.42,25.9,26.39,267091
MUKTAARTS,20261008,57.59,57.59,54.92,57.0,326
MULTICAP,20261008,16.02,16.02,15.57,15.61,306415
MUNJALAU,20261008,105.05,105.24,100.97,101.51,295251
MUNJALSHOW,20261008,124.1,126.89,120.0,120.7,38791
MURUDCERA,20261008,27.7,28.43,27.0,27.04,14408
MUTHOOTCAP,20261008,217.78,217.78,198.67,207.66,20264
MUTHOOTFIN,20261008,2650.0,2651.5,2559.6,2559.6,699689
MUTHOOTMF,20261008,179.0,179.63,167.41,168.21,459570
MVELECTRO,20261008,929.5,929.5,856.35,879.25,1542045
MVGJL,20261008,214.9,219.0,207.1,208.29,275432
MWL,20261008,42.04,42.04,40.31,40.76,238059
MYSORPETRO,20261008,116.0,116.0,112.8,113.04,709
NACLIND,20261008,132.5,132.88,128.05,129.1,338234
NAGREEKCAP,20261008,28.25,28.25,26.78,27.26,9985
NAGREEKEXP,20261008,21.05,22.97,20.8,21.3,26269
NAHARCAP,20261008,246.79,252.0,230.0,230.64,3822
NAHARINDUS,20261008,135.9,135.9,124.5,125.25,20091
NAHARPOLY,20261008,223.0,224.9,220.01,223.85,1834
NAHARSPING,20261008,265.0,268.9,250.0,251.4,25450
NAM-INDIA,20261008,1055.0,1059.5,1032.6,1039.4,490778
NARMADA,20261008,11.5,12.06,11.1,11.15,465218
NATCAPSUQ,20261008,163.5,163.5,157.5,157.64,1265
NATCOPHARM,20261008,812.95,819.0,792.1,795.4,312124
NATHBIOGEN,20261008,138.0,138.45,134.0,136.1,6451
NATIONALUM,20261008,321.4,322.0,311.1,313.1,5007229
NATIONSTD,20261008,115.69,115.69,104.7,104.9,15649
NAUKRI,20261008,1221.0,1253.2,1182.8,1182.8,2180593
NAVA,20261008,570.0,571.5,539.1,544.5,569066
NAVINFLUOR,20261008,8475.0,8590.0,8400.0,8417.5,89654
NAVKARCORP,20261008,85.88,86.49,82.74,83.33,283352
NAVKARURB,20261008,0.87,0.91,0.85,0.87,580968
NAVNETEDUL,20261008,123.66,123.79,120.76,121.66,51644
NAZARA,20261008,377.85,396.0,374.3,376.0,3687557
NBCC,20261008,76.74,76.86,73.9,74.0,4958138
NBIFIN,20261008,1845.9,1869.0,1812.0,1813.9,97
NCC,20261008,126.88,126.88,119.01,119.93,3547134
NCLIND,20261008,163.93,164.5,160.0,160.54,88170
NDGL,20261008,2393.8,2393.8,2299.9,2324.0,84
NDL,20261008,2.64,2.65,2.57,2.58,924178
NDLVENTURE,20261008,120.26,122.69,117.0,117.51,7985
NDRAUTO,20261008,722.0,722.0,670.0,677.65,39373
NDTV,20261008,67.0,67.0,63.59,64.35,96367
NEAGI,20261008,3112.1,3194.6,3112.1,3194.6,5
NECCLTD,20261008,19.1,19.1,18.2,18.31,33977
NECLIFE,20261008,10.59,10.77,10.15,10.55,117526
NELCAST,20261008,150.0,150.84,132.31,141.52,1946820
NELCO,20261008,914.5,915.6,860.0,865.0,214964
NEOGEN,20261008,2435.0,2450.0,2370.0,2379.7,78074
NEPHROPLUS,20261008,641.6,647.55,620.8,626.95,176599
NESCO,20261008,1034.0,1038.0,1018.0,1027.8,63527
NESTLEIND,20261008,1319.6,1345.2,1311.8,1319.0,1344650
NETF,20261008,245.53,246.11,242.18,242.25,4013
NETWEB,20261008,4696.9,4903.0,4667.8,4715.1,2348245
NETWORK18,20261008,25.65,25.7,24.25,24.39,4653625
NEUEON,20261008,13.0,13.24,12.66,12.83,12085
NEULANDLAB,20261008,21655.0,21925.0,20925.0,21015.0,28994
NEWGEN,20261008,448.1,469.25,439.1,442.55,1175264
NEXT30ADD,20261008,39.78,39.81,39.0,39.03,5271
NEXT50,20261008,719.52,719.52,698.67,699.37,74496
NEXT50ADD,20261008,69.71,69.74,68.22,68.32,5246
NEXT50BETA,20261008,75.08,75.08,73.0,73.27,93420
NEXT50ETF,20261008,70.0,70.01,68.11,68.58,24495
NEXT50IETF,20261008,73.79,73.79,71.35,71.46,2292032
NEXTMEDIA,20261008,3.54,3.55,3.48,3.49,5684
NFL,20261008,63.5,63.65,61.15,61.34,816453
NGIL,20261008,36.51,38.0,36.51,37.75,584
NGLFINE,20261008,3157.1,3157.1,2975.0,2998.9,3947
NH,20261008,1726.0,1729.2,1680.2,1695.3,176338
NHPC,20261008,72.5,72.88,71.1,71.65,10723011
NIACL,20261008,161.35,167.26,155.55,158.14,6834159
NIBE,20261008,1300.0,1300.0,1215.0,1224.7,86830
NIBL,20261008,31.98,32.1,30.66,30.97,6719
NICCOPAR,20261008,76.8,78.99,74.81,76.9,485
NIF100BEES,20261008,251.32,252.29,246.8,247.39,77347
NIF100IETF,20261008,26.45,26.5,25.93,26.01,281570
NIF500BETA,20261008,34.91,36.27,34.55,34.68,3621
NIFTY1,20261008,251.29,251.29,246.94,247.2,152789
NIFTY100EW,20261008,33.38,33.38,32.37,32.51,124558
NIFTYADD,20261008,238.3,238.3,234.0,234.67,191114
NIFTYAXIS,20261008,244.23,251.33,244.23,246.72,587984
NIFTYBEES,20261008,258.69,258.69,253.37,253.76,10595383
NIFTYBETA,20261008,250.97,251.89,246.66,247.32,89062
NIFTYBETF,20261008,232.89,232.89,228.45,229.55,4141
NIFTYCASE,20261008,9.16,9.16,8.93,8.96,2153640
NIFTYETF,20261008,246.39,246.39,241.82,242.12,273528
NIFTYIETF,20261008,257.35,257.35,252.17,252.65,1856758
NIFTYJBLK,20261008,11.9,11.9,11.38,11.43,174100
NIFTYQLITY,20261008,19.78,19.99,19.45,19.53,43804
NIITLTD,20261008,84.95,86.17,81.12,81.78,149727
NIITMTS,20261008,204.29,204.29,197.63,200.01,114988
NILAINFRA,20261008,6.54,6.65,6.47,6.47,111839
NILASPACES,20261008,11.35,11.37,10.76,11.01,555730
NILE,20261008,1265.0,1294.0,1202.3,1216.4,5610
NILKAMAL,20261008,1821.1,1890.8,1821.1,1854.3,27741
NIMBSPROJ,20261008,185.23,190.79,184.2,189.88,31447
NINSYS,20261008,829.75,829.75,788.3,816.45,12531
NIPPOBATRY,20261008,318.0,319.9,310.3,311.7,471
NIRAJ,20261008,27.8,28.06,26.9,27.32,23394
NIRAJISPAT,20261008,284.0,285.5,284.0,285.5,85
NIRLON,20261008,615.55,628.9,615.5,620.0,5724
NITCO,20261008,82.16,82.29,78.64,78.9,416999
NITINSPIN,20261008,615.6,615.6,595.0,596.4,79233
NITIRAJ,20261008,214.98,214.98,202.5,203.69,643
NITTAGELA,20261008,1670.5,1697.9,1620.3,1652.2,2334
NITYAS,20261008,80.0,84.0,77.0,83.99,7703838
NIVABUPA,20261008,78.85,83.5,76.49,77.83,10991966
NKIND,20261008,60.19,60.19,57.0,57.0,1609
NLCINDIA,20261008,250.85,250.85,240.5,241.45,1113004
NMDC,20261008,72.75,72.75,70.1,70.69,26538950
NOCIL,20261008,173.5,173.51,165.1,165.76,500059
NOIDATOLL,20261008,3.74,4.09,3.54,3.83,330776
NORBTEAEXP,20261008,61.36,63.99,59.52,61.99,2764
NORTHARC,20261008,291.9,292.0,278.85,280.7,757527
NOVAAGRI,20261008,22.24,22.59,21.5,21.95,31244
NOVARTIND,20261008,2041.5,2057.9,1970.0,1987.7,34524
NPBET,20261008,281.53,281.53,279.11,279.11,494
NPST,20261008,1867.2,1867.2,1774.0,1790.2,64718
NRAIL,20261008,660.9,668.0,643.15,651.15,29846
NRBBEARING,20261008,534.45,534.45,498.1,510.2,572093
NRL,20261008,161.0,161.0,158.9,158.9,27444
NSIL,20261008,5212.0,5365.5,5055.0,5108.0,2222
NSLNISP,20261008,40.51,40.56,39.0,39.1,3495333
NTCIND,20261008,135.19,136.54,132.0,135.03,450
NTPC,20261008,316.0,316.4,308.45,309.7,12262742
NTPCGREEN,20261008,88.51,91.98,87.62,90.8,6500219
NUCLEUS,20261008,628.15,633.95,609.3,619.8,24065
NURECA,20261008,330.05,340.0,326.1,331.35,8042
NUVAMA,20261008,1807.8,1813.1,1721.1,1737.4,245430
NUVOCO,20261008,324.1,328.7,320.6,321.9,142319
NV20,20261008,13.08,13.17,12.92,12.99,161083
NV20BEES,20261008,131.77,132.99,129.5,129.65,26603
NV20IETF,20261008,12.83,12.88,12.61,12.63,538863
NYKAA,20261008,340.85,344.1,332.3,332.3,4233718
OAL,20261008,515.0,527.2,508.0,512.0,25390
OBCL,20261008,57.56,57.56,54.56,54.84,9154
OBEROIRLTY,20261008,1730.0,1730.0,1663.3,1663.3,352318
OCCLLTD,20261008,215.42,215.7,206.44,208.36,164531
ODIGMA,20261008,20.7,21.91,20.46,20.67,7515
ODYCORP,20261008,6.76,6.98,6.51,6.86,7321
OFSS,20261008,10586.0,10812.0,10400.0,10400.0,174397
OIL,20261008,452.0,454.25,443.6,447.0,618269
OILCOUNTUB,20261008,84.56,84.56,84.56,84.56,142655
OILIETF,20261008,10.85,10.85,10.5,10.51,1245891
OLAELEC,20261008,36.02,36.08,32.7,34.63,163853977
OLECTRA,20261008,1085.0,1096.2,1037.1,1041.5,500948
OMAXAUTO,20261008,206.85,212.79,196.6,200.16,44903
OMAXE,20261008,105.8,106.85,96.61,98.42,534627
OMFREIGHT,20261008,108.0,108.0,102.0,106.72,32040
OMINFRAL,20261008,72.45,72.99,67.39,68.86,116818
OMNI,20261008,662.45,669.9,627.3,636.5,474250
OMPOWER,20261008,170.0,174.59,164.25,166.11,455548
ONEGLOBAL,20261008,604.0,606.0,555.65,561.3,21890
ONELIFECAP,20261008,48.9,49.51,47.5,49.51,100079
ONEPOINT,20261008,78.99,79.6,77.43,78.45,3031082
ONESOURCE,20261008,1528.0,1534.5,1462.5,1478.2,232650
ONGC,20261008,222.5,223.0,218.53,219.8,9471873
ONIDA,20261008,31.0,32.78,28.62,29.5,722888
ONIXSOLAR,20261008,359.0,372.85,359.0,371.2,341416
ONMOBILE,20261008,51.65,54.1,51.15,51.54,117593
ONWARDTEC,20261008,303.4,303.4,293.35,294.6,55959
OPTIEMUS,20261008,865.0,866.95,810.15,816.85,783987
OPTIFIN,20261008,14.29,14.55,14.0,14.29,17739
ORBTEXP,20261008,247.0,248.05,231.85,235.75,6792
ORCHASP,20261008,1.35,1.39,1.3,1.31,106190
ORCHPHARMA,20261008,1029.05,1029.05,975.0,981.2,93627
ORICONENT,20261008,53.25,53.25,50.15,50.72,37804
ORIENTALTL,20261008,4.8,4.88,4.76,4.79,93221
ORIENTBELL,20261008,433.0,442.0,412.0,413.0,91820
ORIENTCABL,20261008,417.0,418.0,378.55,386.85,3679726
ORIENTCEM,20261008,113.55,113.88,109.7,110.08,216317
ORIENTCER,20261008,43.5,43.99,41.2,41.94,57395
ORIENTELEC,20261008,162.67,164.93,160.6,162.95,259935
ORIENTHOT,20261008,142.11,142.7,138.08,139.12,188020
ORIENTLTD,20261008,76.5,80.0,76.0,80.0,1669
ORIENTPPR,20261008,16.04,16.04,15.6,15.73,119803
ORIENTTECH,20261008,240.0,250.29,233.25,234.94,1873315
ORIRAIL,20261008,121.25,121.99,118.05,119.28,49230
ORISSAMINE,20261008,3551.5,3587.6,3450.0,3460.4,5515
ORKLAINDIA,20261008,563.0,565.85,546.0,549.7,49803
ORTINGLOBE,20261008,14.6,14.8,14.0,14.38,13680
OSIAHYPER,20261008,1.95,1.95,1.82,1.84,334148
OSWALAGRO,20261008,32.74,33.46,31.5,31.96,35587
OSWALGREEN,20261008,19.65,19.66,18.79,19.0,66929
OSWALPUMPS,20261008,263.0,264.35,254.55,255.45,297453
OSWALSEEDS,20261008,12.37,12.37,11.75,11.91,84638
PACEDIGITK,20261008,165.45,165.88,161.0,161.85,454268
PACIFICI,20261008,134.81,138.5,130.0,133.01,223
PAGEIND,20261008,37565.0,37565.0,36450.0,36450.0,18034
PAISALO,20261008,83.8,84.63,79.33,81.13,11572512
PAKKA,20261008,72.37,72.5,70.98,71.69,83544
PALASHSECU,20261008,87.8,88.0,84.01,87.1,1566
PALREDTEC,20261008,41.55,41.55,41.25,41.25,5894
PANACEABIO,20261008,357.1,358.6,342.6,344.5,77413
PANACHE,20261008,627.3,627.3,570.0,589.25,225061
PANAMAPET,20261008,540.5,540.65,496.1,501.3,562620
PANCHMAHQ,20261008,280.0,280.0,261.6,269.0,662
PANORAMA,20261008,67.0,67.0,63.0,63.65,581967
PANSARI,20261008,265.0,266.95,258.0,266.95,20
PAR,20261008,124.95,125.0,119.15,121.47,8825
PARACABLES,20261008,57.49,57.72,54.6,55.05,1051625
PARADEEP,20261008,155.0,155.0,148.5,150.55,1424165
PARAGMILK,20261008,310.0,317.0,302.0,303.25,2092973
PARAS,20261008,1286.7,1288.7,1234.1,1241.9,518139
PARASPETRO,20261008,1.99,2.07,1.99,2.02,116049
PARIN,20261008,694.4,705.0,687.0,691.9,7071
PARKHOSPS,20261008,270.5,271.2,260.2,260.85,558323
PARKHOTELS,20261008,103.15,104.54,100.8,101.16,71842
PARNAXLAB,20261008,113.79,118.6,111.65,113.07,1464
PARSVNATH,20261008,2.29,2.29,2.29,2.29,17063
PASHUPATI,20261008,69.99,72.99,68.9,69.68,154220
PASUPTAC,20261008,71.0,71.95,66.76,70.33,169057
PATANJALI,20261008,360.25,361.05,350.0,355.0,3092753
PATELENG,20261008,25.71,25.75,24.8,24.88,2554873
PATELRMART,20261008,228.8,232.89,223.01,229.61,157882
PATINTLOG,20261008,13.38,13.38,12.8,12.9,46346
PAUSHAKLTD,20261008,696.8,698.0,664.25,671.65,31455
PAVNAIND,20261008,15.45,15.59,14.99,15.08,25589
PAYTM,20261008,1671.0,1671.4,1558.8,1641.5,17399723
PBMPOLY,20261008,58.89,64.99,58.73,60.24,129
PCBL,20261008,328.5,331.9,317.5,319.25,919958
PCJEWELLER,20261008,13.49,14.38,13.42,13.9,859046354
PDMJEPAPER,20261008,95.74,96.68,91.0,92.37,147054
PDSL,20261008,344.1,344.1,335.55,336.95,34294
PEARLPOLY,20261008,17.77,17.77,16.78,17.09,8444
PENIND,20261008,180.0,180.06,170.27,171.89,684933
PENINLAND,20261008,14.78,14.78,13.75,14.6,334859
PERMAGN,20261008,889.95,910.0,851.0,855.75,6417
PERNIASPOP,20261008,534.35,539.1,519.15,528.55,45054
PERSISTENT,20261008,5504.5,5629.0,5430.0,5468.0,332743
PETRONET,20261008,295.95,296.95,288.0,288.5,2877618
PFC,20261008,326.0,331.8,322.85,323.7,6668472
PFIZER,20261008,3815.1,3817.7,3731.0,3750.0,22215
PFOCUS,20261008,282.45,285.7,270.0,271.95,4320861
PFS,20261008,27.05,27.15,26.16,26.39,485875
PGEL,20261008,520.2,532.45,510.5,510.6,1883752
PGHH,20261008,6929.0,6956.0,6778.0,6857.0,12144
PGHL,20261008,5220.0,5239.5,5135.5,5156.5,5789
PGIL,20261008,1278.8,1298.7,1262.1,1272.3,129386
PHARMABEES,20261008,27.25,27.3,26.46,26.56,5378292
PHOENIXLTD,20261008,1850.9,1850.9,1771.2,1771.2,842456
PHOENXINTL,20261008,28.84,28.84,27.8,27.84,688
PICCADIL,20261008,597.8,597.8,569.2,573.1,125128
PIDILITIND,20261008,1485.0,1498.0,1460.1,1460.1,985340
PIGL,20261008,97.0,97.36,95.0,96.22,15538
PIIND,20261008,2212.7,2212.7,2100.0,2100.0,246249
PILANIINVS,20261008,4139.0,4139.0,3920.0,3948.5,2215
PILITA,20261008,7.75,7.75,7.32,7.34,15008
PINELABS,20261008,175.05,176.4,168.66,169.79,21356083
PIONEEREMB,20261008,20.65,20.79,20.11,20.55,892
PIONRINV,20261008,62.6,62.6,59.47,59.47,28618
PIRAMALFIN,20261008,1981.6,2009.5,1950.0,1956.4,388357
PITTIENG,20261008,1118.9,1119.1,1046.1,1066.1,151128
PIXTRANS,20261008,1803.2,1830.8,1729.5,1755.1,13876
PKTEA,20261008,899.0,935.0,897.2,899.9,806
PLASTIBLEN,20261008,207.0,207.0,199.0,199.47,57601
PLATIND,20261008,202.0,202.0,193.01,195.17,48634
PLAZACABLE,20261008,59.0,60.0,55.0,56.46,49972
PML,20261008,477.0,480.0,453.5,453.5,17
PNB,20261008,114.73,117.45,113.71,115.29,20438240
PNBGILTS,20261008,72.24,72.24,66.8,68.39,853213
PNBHOUSING,20261008,1143.0,1166.9,1131.2,1150.0,1912599
PNC,20261008,17.49,18.5,16.51,16.76,7617
PNCINFRA,20261008,136.99,138.7,132.3,134.49,1100367
PNGJL,20261008,600.0,606.6,582.0,586.3,414424
PNGSREVA,20261008,643.4,738.0,625.0,701.95,14908756
POCL,20261008,448.9,450.0,429.1,432.4,205003
PODDARMENT,20261008,255.0,259.0,248.0,250.2,13749
POEL,20261008,135.35,136.35,125.1,128.25,29674
POKARNA,20261008,706.2,739.95,675.1,678.25,186379
POLICYBZR,20261008,1041.0,1047.5,995.3,996.0,3262071
POLYCAB,20261008,8255.0,8394.5,8138.0,8151.0,367261
POLYMED,20261008,1609.8,1624.9,1584.3,1605.2,81847
POLYPLEX,20261008,1031.6,1031.6,992.1,998.9,40584
POLYSPIN,20261008,29.59,29.97,29.04,29.96,187
PONNIERODE,20261008,368.0,369.0,346.1,348.35,27567
POONAWALLA,20261008,448.0,449.15,433.25,437.9,1123865
POWERGRID,20261008,253.95,254.0,244.65,244.65,14409222
POWERICA,20261008,600.05,602.65,578.05,585.0,182738
POWERINDIA,20261008,31610.0,31625.0,30705.0,30935.0,72074
POWERMECH,20261008,2429.0,2486.0,2332.8,2445.9,70299
PPAP,20261008,247.06,247.06,235.5,236.1,10222
PPL,20261008,243.5,255.0,241.0,243.65,30893
PPLPHARMA,20261008,203.5,203.5,196.0,196.43,1896685
PRABHA,20261008,224.5,229.8,210.0,212.31,558092
PRADPME,20261008,609.05,621.0,579.95,587.75,53637
PRAENG,20261008,19.15,20.05,18.0,18.17,78654
PRAJIND,20261008,300.0,301.95,286.7,289.75,763594
PRAKASH,20261008,118.05,118.31,115.0,115.31,386318
PRAKASHSTL,20261008,3.38,3.49,3.36,3.41,68822
PRANAV,20261008,95.15,101.65,94.22,95.73,6698570
PRASOLCHEM,20261008,883.1,899.0,855.2,878.2,554827
PRAVEG,20261008,244.98,244.99,232.0,233.64,30247
PRAXIS,20261008,4.94,4.94,4.3,4.36,67104
PRECAM,20261008,113.96,114.78,109.26,109.92,88022
PRECOT,20261008,613.5,619.75,586.3,590.65,6388
PRECWIRE,20261008,519.0,522.35,490.05,493.15,527519
PREMCO,20261008,398.0,405.0,381.3,395.65,1992
PREMEXPLN,20261008,686.0,691.9,685.0,689.05,283990
PREMIER,20261008,2.76,2.8,2.61,2.61,3354
PREMIERENE,20261008,912.8,927.4,881.0,884.65,1266435
PREMIERPOL,20261008,104.6,106.7,97.5,98.25,1065254
PRESTIGE,20261008,1429.3,1436.6,1389.8,1411.0,1068811
PRICOLLTD,20261008,660.0,662.1,645.8,650.1,640387
PRIMESECU,20261008,293.7,299.7,280.0,296.5,62388
PRIMO,20261008,25.62,25.83,24.21,24.58,134784
PRINCEPIPE,20261008,257.45,257.85,248.5,249.25,104694
PRIORITY,20261008,319.9,334.45,306.1,310.05,639455
PRISMX,20261008,0.49,0.53,0.49,0.49,248541
PRITI,20261008,33.2,33.2,31.61,31.66,1880
PRITIKAUTO,20261008,16.05,16.43,15.3,15.41,237862
PRIVISCL,20261008,3519.2,3520.9,3425.0,3446.3,127460
PROSTARM,20261008,130.85,132.01,126.0,126.46,246602
PROTEAN,20261008,669.95,672.4,635.0,638.7,559800
PROZONER,20261008,52.6,54.3,51.68,52.5,216509
PRSMJOHNSN,20261008,100.1,102.0,96.3,96.87,242512
PRUDENT,20261008,3219.0,3250.0,3152.9,3210.6,32284
PRUDMOULI,20261008,14.49,14.49,13.46,13.9,3284
PSB,20261008,21.1,21.14,20.74,20.8,1119343
PSPPROJECT,20261008,774.1,774.1,743.0,747.45,53985
PSUBANK,20261008,81.72,81.72,80.0,80.39,604616
PSUBANKADD,20261008,81.72,82.42,81.01,81.16,10528
PSUBNKBEES,20261008,88.25,90.83,88.25,89.31,1101535
PSUBNKIETF,20261008,80.69,82.48,80.69,81.1,153370
PTC,20261008,151.3,151.45,148.0,148.57,1768219
PTCIL,20261008,24685.0,24685.0,24105.0,24470.0,31950
PTL,20261008,38.2,38.25,37.6,37.79,30492
PUNJABCHEM,20261008,1050.0,1050.0,1013.5,1026.0,3243
PURVA,20261008,209.58,209.68,200.35,202.39,84126
PVP,20261008,55.0,55.0,50.21,50.25,3494020
PVRINOX,20261008,1335.1,1342.4,1301.0,1309.2,661907
PVSL,20261008,94.6,95.99,90.5,92.06,80406
PVTBANIETF,20261008,27.49,27.5,27.13,27.18,3370596
PVTBANK,20261008,27.14,27.17,26.9,26.96,896
PVTBANKADD,20261008,27.48,28.8,27.25,27.35,461573
PVTBKGROWW,20261008,27.25,27.28,26.86,26.98,32528
PWL,20261008,138.69,141.38,136.34,140.48,15456696
PYRAMID,20261008,151.02,152.05,150.0,150.68,30856
QGOLDHALF,20261008,121.3,121.75,121.05,121.22,160040
QMSMEDI,20261008,201.99,201.99,191.0,192.52,24667
QNIFTY,20261008,249.65,249.66,244.8,245.25,3012
QPOWER,20261008,1628.8,1630.0,1521.0,1532.2,347588
QUADFUTURE,20261008,535.25,535.25,502.5,505.75,462603
QUAL30IETF,20261008,19.67,19.69,19.25,19.28,219402
QUALITY30,20261008,19.17,19.28,18.88,18.93,25610
QUESS,20261008,328.0,331.2,317.0,320.75,268372
QUICKHEAL,20261008,140.97,142.18,136.3,137.03,74138
QUINT,20261008,56.01,56.01,56.01,56.01,4511
QUINTEGRA,20261008,1.61,1.61,1.61,1.61,10010
RACE,20261008,103.76,104.9,98.3,101.06,28789
RACLGEAR,20261008,1588.0,1591.2,1481.9,1502.0,53215
RADAAN,20261008,2.89,3.0,2.8,2.82,13419
RADHIKAJWE,20261008,68.9,68.9,67.5,68.16,96544
RADIANTCMS,20261008,34.2,34.54,33.16,33.45,218721
RADICO,20261008,4517.4,4539.9,4415.0,4415.0,202947
RADIOCITY,20261008,6.05,6.05,5.52,5.71,270231
RAILTEL,20261008,254.65,255.35,247.7,248.1,544399
RAIN,20261008,220.4,220.45,210.45,211.6,3708119
RAINBOW,20261008,1267.0,1271.9,1222.6,1230.7,168525
RAJESHEXPO,20261008,61.0,62.5,59.0,59.37,153283
RAJMET,20261008,3.11,3.18,3.03,3.06,288989
RAJOOENG,20261008,63.9,66.5,58.8,59.92,2689885
RAJPALAYAM,20261008,732.0,732.0,709.95,721.0,1085
RAJRATAN,20261008,462.6,462.6,441.0,444.25,55360
RAJRILTD,20261008,20.81,20.81,20.81,20.81,3761
RAJSREESUG,20261008,27.89,28.0,27.13,27.26,106065
RAJTV,20261008,10.35,10.92,10.01,10.01,171977
RALLIS,20261008,198.96,199.7,195.05,195.76,538125
RAMANEWS,20261008,28.98,29.48,28.0,28.59,22991
RAMAPHO,20261008,115.0,116.0,109.12,110.09,47033
RAMASTEEL,20261008,4.15,4.15,4.15,4.15,755050
RAMBHAJO,20261008,361.5,364.8,346.0,356.55,721735
RAMCOCEM,20261008,844.55,844.6,811.6,817.9,68677
RAMCOIND,20261008,299.7,303.1,289.15,290.75,76507
RAMCOSYS,20261008,576.0,576.9,535.65,537.45,88285
RAMKY,20261008,282.4,283.0,266.4,269.8,46112
RAMRAT,20261008,637.5,638.05,604.15,611.15,201976
RANASUG,20261008,13.82,13.96,13.42,13.46,243155
RANEHOLDIN,20261008,1549.7,1595.0,1501.0,1513.1,5799
RATEGAIN,20261008,855.0,867.95,828.4,830.95,148917
RATNAMANI,20261008,2523.9,2545.0,2448.5,2498.9,33970
RATNAVEER,20261008,338.3,338.3,326.15,331.35,3247691
RAYMOND,20261008,1218.7,1226.0,1136.2,1167.1,1649827
RAYMONDLSL,20261008,625.05,625.15,593.9,596.4,302600
RAYMONDREL,20261008,705.45,706.0,676.0,679.9,688642
RBA,20261008,97.0,97.0,92.12,92.61,2294330
RBLBANK,20261008,413.9,413.9,400.7,400.7,2517494
RBZJEWEL,20261008,204.0,207.0,190.25,193.98,72214
RCF,20261008,107.8,107.85,103.1,103.5,1027602
RCOM,20261008,0.85,0.86,0.84,0.85,2672034
RECLTD,20261008,300.1,301.35,292.9,295.0,4540452
REDINGTON,20261008,406.2,406.2,384.8,388.0,2996766
REDTAPE,20261008,113.63,114.5,110.42,113.16,341916
REFEX,20261008,264.1,266.0,256.0,258.7,148628
REGAAL,20261008,85.92,85.92,83.0,83.34,152414
REGENCERAM,20261008,32.24,32.24,30.66,30.86,6449
RELAXO,20261008,288.7,289.5,280.5,281.8,85915
RELCHEMQ,20261008,115.0,115.0,111.2,111.33,2333
RELIABLE,20261008,141.03,141.51,135.0,139.76,5389
RELIANCE,20261008,1207.7,1208.0,1173.0,1178.0,13965493
RELIGARE,20261008,224.01,225.51,218.25,220.57,1313224
RELINFRA,20261008,56.49,56.49,54.65,56.47,3885190
RELTD,20261008,151.2,152.67,142.3,143.81,175444
REMSONSIND,20261008,101.0,103.39,97.25,98.95,402776
RENTOMOJO,20261008,634.5,648.0,580.05,600.45,5134616
RENUKA,20261008,22.95,23.03,21.5,21.63,10343917
REPCOHOME,20261008,338.75,346.0,333.3,337.1,57505
REPL,20261008,55.0,60.29,54.58,55.78,4633
REPRO,20261008,290.1,303.45,290.1,295.95,16784
RESPONIND,20261008,158.4,159.59,152.55,152.99,103279
RETAIL,20261008,28.48,28.48,28.48,28.48,472
RGL,20261008,168.47,169.58,153.41,155.63,994491
RHETAN,20261008,18.27,18.27,18.26,18.26,23550550
RHFL,20261008,1.58,1.58,1.54,1.54,364258
RHIM,20261008,370.0,370.05,362.9,367.1,602781
RHL,20261008,164.0,164.9,161.0,161.29,1596
RICOAUTO,20261008,123.05,123.46,117.26,117.88,683921
RIIL,20261008,703.85,703.85,678.1,682.6,61986
RIR,20261008,184.45,185.01,172.32,173.34,1157446
RISHABH,20261008,678.0,678.0,640.0,644.9,194735
RITCO,20261008,285.05,285.75,271.35,272.5,33682
RITES,20261008,200.0,200.09,195.0,195.85,450741
RKDL,20261008,17.0,17.4,16.0,16.2,22334
RKEC,20261008,20.47,20.89,20.02,20.47,11511
RKFORGE,20261008,715.3,716.0,693.1,700.75,647988
RKSWAMY,20261008,88.0,88.0,86.31,87.4,13636
RMC,20261008,199.8,199.8,185.1,186.46,49421
RMDRIP,20261008,22.66,22.66,21.55,21.62,397015
RML,20261008,1337.0,1345.4,1270.5,1279.6,42298
RNBDENIMS,20261008,8.86,9.05,8.55,8.69,165086
ROHLTD,20261008,297.0,301.45,292.2,294.9,18187
ROLEXRINGS,20261008,183.2,183.2,165.12,170.14,4407699
ROLLT,20261008,5.74,5.74,5.2,5.2,514636
ROML,20261008,42.34,42.34,41.0,41.16,1659
ROSSARI,20261008,425.0,425.0,408.05,409.8,54486
ROSSELLIND,20261008,52.26,52.89,50.6,51.25,15327
ROSSTECH,20261008,1612.1,1622.4,1525.1,1570.1,227875
ROTO,20261008,62.05,62.19,60.4,60.73,215524
ROUTE,20261008,426.5,433.75,412.1,414.8,205870
RPEL,20261008,1825.0,1834.9,1701.0,1717.2,106875
RPGLIFE,20261008,2892.8,2912.0,2795.0,2811.7,15873
RPOWER,20261008,20.31,20.36,19.75,19.8,17859215
RPPINFRA,20261008,50.36,56.25,50.36,53.44,170869
RPPL,20261008,19.6,19.6,18.4,18.66,42970
RPSGVENT,20261008,864.85,881.6,830.0,844.65,51467
RPTECH,20261008,939.0,951.3,889.6,898.8,289149
RRECL,20261008,135.0,135.0,133.96,133.96,3
RRIL,20261008,16.07,16.27,15.64,15.97,23411
RRKABEL,20261008,2701.0,2749.6,2666.3,2696.4,281306
RSDFIN,20261008,88.0,90.0,88.0,90.0,258
RSL,20261008,174.51,175.6,171.5,171.94,311957
RSSOFTWARE,20261008,30.5,30.99,27.04,28.66,69717
RSWM,20261008,202.5,204.0,188.1,195.79,121017
RSYSTEMS,20261008,252.95,255.3,241.4,242.85,619012
RTNINDIA,20261008,25.95,25.95,24.87,25.03,807118
RTNPOWER,20261008,6.7,6.73,6.36,6.43,14694768
RTSPOWR,20261008,103.8,113.65,103.8,113.65,10419
RUBFILA,20261008,64.78,64.79,62.95,63.72,27899
RUBICON,20261008,1575.6,1580.9,1521.0,1535.4,105152
RUBYMILLS,20261008,513.45,513.45,480.5,485.05,10015
RUCHINFRA,20261008,4.99,4.99,4.71,4.79,34449
RUCHIRA,20261008,102.2,103.49,99.8,100.35,19490
RUDRA,20261008,20.43,20.43,19.13,19.38,18509
RUNWALENTR,20261008,279.45,283.0,258.9,263.2,724383
RUPA,20261008,128.0,128.18,122.87,124.14,308607
RUSHIL,20261008,15.1,15.39,14.75,14.94,207758
RUSTOMJEE,20261008,383.45,393.9,356.4,359.0,341753
RVHL,20261008,38.08,39.0,36.89,37.31,15073
RVNL,20261008,195.0,195.6,186.9,187.2,5378212
RVTH,20261008,729.5,741.25,716.1,728.55,549
S&SPOWER,20261008,299.4,299.4,265.55,275.2,11740
SAATVIKGL,20261008,404.5,406.0,390.15,397.25,96156
SAB,20261008,170.0,171.0,170.0,171.0,31
SADBHAV,20261008,7.02,7.02,6.6,6.72,151064
SADBHIN,20261008,2.63,2.72,2.54,2.67,165560
SADHNANIQ,20261008,2.65,2.67,2.55,2.55,1314369
SAFARI,20261008,1313.4,1320.8,1280.0,1289.3,37258
SAGARDEEP,20261008,22.59,22.97,22.0,22.4,7541
SAGCEM,20261008,145.55,145.98,140.1,144.37,48594
SAGILITY,20261008,43.8,44.04,43.23,43.35,22661142
SAHLIBHFI,20261008,78.8,80.8,77.15,77.91,7524
SAHYADRI,20261008,355.95,355.95,335.05,338.9,6520
SAICAPI,20261008,142.13,146.0,142.13,143.05,133
SAIL,20261008,175.65,175.65,165.76,166.25,13744496
SAILIFE,20261008,1563.4,1563.4,1499.0,1505.6,513978
SAIPARENT,20261008,521.8,521.8,497.05,500.45,108603
SAKAR,20261008,1020.0,1020.0,994.0,1002.4,88900
SAKHTISUG,20261008,18.75,19.0,17.75,17.88,111995
SAKSOFT,20261008,138.51,141.75,130.0,132.8,354513
SAKUMA,20261008,1.52,1.54,1.49,1.49,789369
SALASAR,20261008,4.17,4.2,4.03,4.09,2863815
SALONA,20261008,274.7,278.95,262.1,277.0,311
SALSTEEL,20261008,87.99,90.76,84.41,88.93,1424858
SALZERELEC,20261008,525.1,525.1,508.0,510.3,40874
SAMBHAAV,20261008,5.14,6.0,5.02,5.61,19639
SAMBHV,20261008,157.82,160.47,153.25,157.31,3138458
SAMHI,20261008,148.7,148.77,143.0,143.89,568252
SAMMAANCAP,20261008,132.52,133.14,127.4,127.82,4883082
SAMPANN,20261008,24.39,24.39,23.51,23.78,8542
SANATHAN,20261008,520.0,524.15,499.5,502.65,52584
SANDESH,20261008,1010.0,1015.0,988.5,990.35,497
SANDHAR,20261008,557.0,564.55,530.05,534.15,107554
SANDUMA,20261008,181.0,181.75,175.01,179.15,615550
SANGAMIND,20261008,625.0,640.0,600.0,602.95,26131
SANGHVIMOV,20261008,412.5,412.5,385.6,389.2,469081
SANOFI,20261008,3032.3,3032.3,2967.0,2979.7,17459
SANOFICONR,20261008,3722.9,3725.3,3573.4,3600.5,4312
SANSERA,20261008,4250.0,4258.0,4102.5,4129.4,227040
SANSTAR,20261008,105.0,105.8,97.1,97.42,160837
SANWARIA,20261008,0.19,0.19,0.18,0.18,387164
SAPPHIRE,20261008,214.05,214.84,203.1,205.11,613198
SAPPL,20261008,311.6,332.8,311.6,328.4,3119
SARDAEN,20261008,499.35,500.5,488.05,491.9,271539
SAREGAMA,20261008,506.75,506.75,479.2,481.85,315892
SARLAPOLY,20261008,97.8,97.8,93.5,93.69,64273
SARVESHWAR,20261008,3.68,3.73,3.54,3.57,1709505
SASKEN,20261008,1698.0,1698.0,1588.0,1598.1,23343
SATIA,20261008,69.49,69.49,66.62,67.64,173194
SATIN,20261008,221.9,225.2,216.1,217.39,295806
SAURASHCEM,20261008,50.12,51.19,49.1,49.68,72985
SAYAJIHOTL,20261008,309.0,309.0,305.0,306.6,14
SAYAJIIND,20261008,114.41,115.41,114.41,115.41,129
SBC,20261008,62.28,64.4,61.63,63.21,17429844
SBCL,20261008,1089.3,1098.5,1040.0,1050.6,179885
SBFC,20261008,81.14,81.94,79.82,81.28,2262015
SBGLP,20261008,23.15,23.15,22.0,22.5,32378
SBIBPB,20261008,47.13,47.47,46.55,46.59,50772
SBICARD,20261008,555.0,559.45,547.65,547.65,925527
SBIETFCON,20261008,114.55,114.55,110.74,111.17,2187
SBIETFIT,20261008,312.56,314.15,306.5,308.48,3727
SBIETFPB,20261008,277.26,280.0,274.05,275.45,28750
SBIETFQLTY,20261008,206.14,212.48,202.5,204.35,1374
SBIFUNDS,20261008,501.0,505.4,498.45,499.95,893682
SBILIFE,20261008,1724.0,1724.0,1658.1,1682.5,1427096
SBILIQETF,20261008,1059.18,1059.2,1059.18,1059.18,115987
SBIMIDMOM,20261008,62.23,62.23,59.7,60.02,43262
SBIN,20261008,953.9,953.9,937.5,940.0,7600646
SBINEQWETF,20261008,31.46,32.0,30.5,30.67,69497
SBINMID150,20261008,21.93,21.93,21.4,21.52,22090
SBISILVER,20261008,214.23,214.49,210.5,211.15,668406
SBISMLETF,20261008,17.5,17.95,17.5,17.56,110508
SBIVALETF,20261008,13.87,13.94,13.52,13.6,657425
SCANSTL,20261008,50.21,50.21,48.5,48.68,15482
SCHAEFFLER,20261008,3796.9,3808.0,3725.5,3736.7,30762
SCHAND,20261008,146.45,146.45,141.0,141.85,13657
SCHNEIDER,20261008,1256.2,1259.0,1185.2,1191.4,286019
SCI,20261008,285.1,288.35,276.1,280.75,3562846
SCILAL,20261008,37.59,39.0,36.15,36.95,375348
SCODATUBES,20261008,122.0,122.52,119.0,119.69,191273
SCPL,20261008,615.0,625.0,602.0,608.85,5062
SDBL,20261008,73.08,74.9,70.1,70.48,810204
SEAMECLTD,20261008,1612.1,1627.9,1557.2,1572.7,50976
SECLEDBETA,20261008,13.89,14.28,13.6,14.12,19813
SECMARK,20261008,141.95,141.95,137.4,139.8,370
SECURKLOUD,20261008,15.41,15.97,14.5,15.17,12600
SEDEMAC,20261008,3440.0,3440.0,3205.0,3232.1,148846
SEIL,20261008,186.39,186.4,176.3,178.12,270970
SEJALLTD,20261008,704.9,765.0,671.2,678.55,57296
SEKURITIND,20261008,110.99,110.99,106.47,107.41,17065
SELECTIPO,20261008,46.39,46.39,45.14,45.21,39137
SEMAC,20261008,230.05,237.8,212.75,217.81,2883
SENCO,20261008,346.05,358.8,330.0,337.1,48528473
SENORES,20261008,1389.6,1393.2,1311.2,1325.6,299845
SENSEXADD,20261008,76.07,76.07,73.89,74.01,5535
SENSEXAXIS,20261008,75.69,75.69,74.25,74.33,4136
SENSEXBETA,20261008,808.8,808.8,793.0,793.67,1798
SENSEXETF,20261008,75.4,75.4,73.63,73.92,65166
SENSEXIETF,20261008,834.17,835.94,820.0,822.46,17107
SEPC,20261008,5.03,5.03,4.9,4.93,6489296
SERVOTECH,20261008,71.9,71.91,68.2,68.56,430990
SESHAPAPER,20261008,230.6,234.0,228.5,229.99,60305
SETCO,20261008,18.1,19.0,17.56,18.11,60117
SETF10GILT,20261008,261.04,261.37,259.27,260.51,3363
SETFGOLD,20261008,125.04,125.33,124.51,124.77,2925368
SETFNIF50,20261008,243.65,244.44,237.55,239.71,1176317
SETFNIFBK,20261008,564.93,565.43,558.28,559.43,305732
SETFNN50,20261008,745.75,746.17,726.55,728.39,54239
SETL,20261008,426.0,429.45,408.35,408.35,790901
SETUINFRA,20261008,0.47,0.47,0.47,0.47,3945
SEYAIND,20261008,12.67,12.86,12.36,12.75,7363
SFL,20261008,620.15,620.65,601.0,606.05,83651
SGFIN,20261008,663.7,668.35,640.3,645.9,301459
SGIL,20261008,598.45,616.2,598.45,606.35,8692
SGL,20261008,9.12,9.39,9.12,9.14,19692
SGLRES,20261008,2.24,2.39,2.16,2.26,29601
SGMART,20261008,746.15,757.45,730.05,743.45,324541
SGRL,20261008,718.7,718.7,685.0,706.25,12417
SHADOWFAX,20261008,293.5,293.55,284.25,286.1,3459278
SHAH,20261008,3.04,3.04,2.92,2.95,632080
SHAHALLOYS,20261008,80.01,82.93,79.54,80.0,16123
SHAHINVEST,20261008,158.48,158.48,158.48,158.48,26769
SHAILY,20261008,3086.8,3098.0,3035.0,3053.0,80256
SHAKTIPUMP,20261008,447.0,447.3,423.0,426.65,700324
SHALBY,20261008,134.62,134.62,130.02,130.42,87980
SHALPAINTS,20261008,78.0,78.5,73.23,76.16,180748
SHANKARA,20261008,120.0,120.0,114.01,115.3,58121
SHANKESH,20261008,96.2,97.19,90.5,91.84,3033582
SHANTI,20261008,5.46,6.55,5.22,5.56,174486
SHANTIGEAR,20261008,580.05,595.65,556.75,557.0,36611
SHANTIGOLD,20261008,342.75,361.35,333.0,350.65,5937219
SHARDACROP,20261008,744.0,744.0,721.6,725.8,69664
SHARDAMOTR,20261008,929.0,929.0,871.0,884.4,97687
SHARDUL,20261008,58.48,58.48,55.41,57.02,8531
SHAREINDIA,20261008,207.5,208.99,183.59,185.9,2231244
SHARIABEES,20261008,419.52,423.03,413.49,415.89,7427
SHBAJRG,20261008,169.95,169.95,155.82,161.66,3693
SHEKHAWATI,20261008,24.53,24.53,24.53,24.53,21239
SHEMAROO,20261008,110.56,113.28,101.0,102.95,15073
SHERVANI,20261008,315.4,315.4,315.0,315.0,101
SHILCTECH,20261008,4010.8,4036.3,3916.6,3944.0,11499
SHILGRAVQ,20261008,142.75,146.99,136.6,141.99,2956
SHILPAMED,20261008,1077.5,1077.5,1016.0,1025.3,677879
SHINDL,20261008,157.9,159.98,154.5,158.39,166158
SHIPROCKET,20261008,132.85,134.3,127.55,129.1,3966840
SHIVAAGRO,20261008,40.0,40.0,37.5,39.03,1957
SHIVACEM,20261008,13.24,13.24,12.81,12.95,120071
SHIVALIK,20261008,378.3,378.35,345.0,351.95,96828
SHIVAMAUTO,20261008,16.95,17.8,16.6,16.84,41146
SHIVAMILLS,20261008,60.2,60.2,60.0,60.11,8
SHIVATEX,20261008,165.05,169.69,165.01,165.29,6270
SHIVAUM,20261008,553.55,554.4,550.2,551.5,848
SHK,20261008,141.62,144.99,134.9,136.13,593627
SHOPERSTOP,20261008,395.0,395.45,380.9,384.7,21757
SHRADDHA,20261008,162.5,168.8,157.2,158.87,29893
SHRADHA,20261008,30.0,30.7,29.11,30.03,13253
SHREDIGCEM,20261008,65.0,65.0,62.0,62.4,71395
SHREECEM,20261008,21700.0,21830.0,21450.0,21600.0,32326
SHREEJISPG,20261008,809.0,809.75,789.0,800.75,1184742
SHREEPUSHK,20261008,520.0,520.0,483.75,488.2,70560
SHREERAMA,20261008,43.89,43.89,40.22,41.34,77759
SHRENIK,20261008,0.27,0.28,0.27,0.27,439146
SHREYANIND,20261008,129.64,129.79,129.0,129.02,4589
SHRIKRISH,20261008,36.99,37.0,35.0,35.0,2045
SHRINGARMS,20261008,222.4,222.4,217.5,218.59,417072
SHRIPISTON,20261008,4382.2,4430.5,4260.1,4270.4,90921
SHRIRAMFIN,20261008,950.0,951.0,917.25,917.25,6408257
SHRIRAMPPS,20261008,68.23,68.47,65.5,65.8,304667
SHRJAGP,20261008,653.85,654.75,625.0,650.5,411
SHUKRAPHAR,20261008,69.47,70.4,66.23,66.78,7399313
SHYAMCENT,20261008,5.23,5.23,4.9,4.92,27036
SHYAMMETL,20261008,1067.0,1073.0,1053.4,1066.8,357787
SHYAMTEL,20261008,11.0,11.33,10.81,11.14,1601
SICAGEN,20261008,52.89,52.89,49.0,49.82,20368
SICALLOG,20261008,88.3,89.99,85.25,85.57,19528
SIEL,20261008,31.5,31.5,29.95,29.95,404
SIEMENS,20261008,3796.1,3799.5,3630.0,3639.0,240310
SIGACHI,20261008,29.36,29.62,28.5,28.57,1299436
SIGIND,20261008,61.75,61.75,58.15,58.16,13209
SIGMA,20261008,47.0,47.0,43.92,44.48,79357
SIGMAADV,20261008,1090.0,1091.6,1037.1,1037.1,164537
SIGNATURE,20261008,714.4,738.4,695.0,711.25,963963
SIGNPOST,20261008,267.45,267.45,258.0,260.75,28224
SIKA,20261008,1076.5,1076.5,1009.9,1028.7,27322
SIKKO,20261008,5.95,6.05,5.77,6.01,395871
SIL,20261008,16.15,16.65,15.23,15.81,45681
SILGO,20261008,70.16,70.99,68.0,69.75,154930
SILINV,20261008,461.0,474.8,460.0,462.1,9861
SILVER,20261008,217.76,218.49,214.51,215.21,673146
SILVER001,20261008,22.13,22.13,21.77,21.8,19115
SILVER1,20261008,21.2,21.23,20.82,20.89,6493835
SILVER360,20261008,215.0,215.26,211.27,212.39,9838
SILVERADD,20261008,21.09,21.09,20.67,20.74,4662047
SILVERAG,20261008,212.98,213.17,209.15,209.82,244484
SILVERAXIS,20261008,217.0,217.9,213.6,214.62,529091
SILVERBEES,20261008,208.55,209.15,205.29,205.87,16854609
SILVERBETA,20261008,210.89,211.19,207.14,207.81,219458
SILVERBND,20261008,219.25,219.52,215.44,215.97,12639
SILVERCASE,20261008,22.12,22.17,21.77,21.81,5342528
SILVERIETF,20261008,217.99,218.45,214.41,214.97,4523139
SILVERTUC,20261008,137.25,143.35,125.0,125.98,886816
SIMBHALS,20261008,8.15,8.15,8.15,8.15,8946
SIMPLEXINF,20261008,252.0,254.9,242.0,243.35,103509
SIMPLXREA,20261008,125.4,125.4,125.4,125.4,1
SINCLAIR,20261008,74.0,75.47,74.0,74.83,12487
SINDHUTRAD,20261008,21.84,21.93,20.66,21.01,581767
SINGERIND,20261008,77.45,77.45,75.1,75.8,94414
SINTERCOM,20261008,76.83,76.83,73.0,73.41,1091
SIRCA,20261008,413.0,413.15,400.5,402.2,80595
SIS,20261008,415.1,418.85,407.3,411.4,121031
SITINET,20261008,0.24,0.25,0.23,0.23,2135124
SIYSIL,20261008,554.65,558.6,537.1,542.55,20718
SJS,20261008,2004.0,2014.0,1964.9,1980.3,174122
SJVN,20261008,56.6,56.6,54.01,54.24,4063317
SKFINDIA,20261008,1428.0,1432.9,1399.0,1407.7,45781
SKFINDUS,20261008,2760.7,2760.7,2611.2,2622.6,41301
SKIPPER,20261008,539.0,540.0,515.2,517.5,813996
SKMEGGPROD,20261008,216.0,216.39,205.51,207.1,125375
SKYGOLD,20261008,873.65,901.8,844.75,884.5,2677878
SKYWAYS,20261008,114.99,117.31,110.01,111.14,2087847
SMALL250,20261008,18.3,18.3,17.51,17.54,725495
SMALLADD,20261008,18.49,18.49,17.55,17.59,69338
SMALLCAP,20261008,48.01,48.62,47.08,47.21,2021110
SMALLGROWW,20261008,48.7,49.28,47.17,48.2,13591
SMALLIETF,20261008,18.27,18.27,17.55,17.56,136010
SMARTLINK,20261008,216.72,226.92,216.72,217.11,1750
SMARTWORKS,20261008,490.95,493.0,479.0,482.35,113656
SMCGLOBAL,20261008,110.83,111.0,106.0,107.83,3775916
SML100CASE,20261008,11.07,11.11,10.79,10.81,1624872
SMLMAH,20261008,6095.0,6123.0,5808.0,5850.5,57803
SMLT,20261008,73.94,76.8,73.94,76.26,40500
SMSPHARMA,20261008,472.0,472.0,445.0,446.75,748702
SNOWMAN,20261008,34.74,35.52,33.89,34.35,262456
SNXT30BEES,20261008,39.8,39.8,38.77,38.88,11174
SNXT50BETA,20261008,89.0,90.0,86.81,87.67,5147
SOBHA,20261008,1197.8,1209.6,1168.7,1183.9,98897
SOFTTECH,20261008,455.0,475.0,440.05,450.8,4927
SOLARA,20261008,683.0,683.0,652.0,654.9,169235
SOLARINDS,20261008,20010.0,20184.0,19610.0,19870.0,133296
SOLARWORLD,20261008,131.25,131.82,124.0,124.91,162392
SOLEX,20261008,680.2,680.2,651.0,653.15,42226
SOMANYCERA,20261008,624.0,624.0,592.3,600.6,76485
SOMATEX,20261008,81.88,82.5,74.0,76.71,5610
SOMICONVEY,20261008,86.55,86.55,82.55,82.84,2708
SONA,20261008,103.0,103.0,97.0,99.77,127288
SONACOMS,20261008,811.0,815.7,788.6,793.0,1805058
SONAL,20261008,84.4,88.0,73.35,85.0,581
SONAMLTD,20261008,71.79,71.79,69.5,69.97,105319
SONATSOFTW,20261008,249.0,258.8,238.3,240.9,1354336
SOTL,20261008,807.8,807.9,759.5,764.2,281955
SOUTHBANK,20261008,47.75,47.75,46.15,46.39,14721642
SOUTHWEST,20261008,193.95,196.67,185.2,187.46,51999
SPAL,20261008,958.5,967.4,916.1,922.8,31720
SPANDANA,20261008,217.0,218.0,208.11,209.1,91807
SPARC,20261008,197.0,201.39,187.19,187.74,1270428
SPCENET,20261008,3.33,3.5,3.19,3.27,438872
SPECIALITY,20261008,154.0,154.57,144.81,146.68,15554
SPECTRUM,20261008,3780.0,3891.0,3710.0,3810.6,5196
SPENCERS,20261008,28.0,28.19,27.02,27.11,28050
SPIC,20261008,63.99,63.99,61.3,61.77,185128
SPLIL,20261008,29.04,30.0,27.6,30.0,11378
SPLPETRO,20261008,807.8,807.85,781.85,783.65,130060
SPMLINFRA,20261008,160.02,160.32,152.51,153.72,140256
SPORTKING,20261008,202.0,202.51,194.4,196.39,209764
SRD,20261008,38.4,38.4,36.8,37.21,10965
SREEL,20261008,290.0,290.0,273.25,278.2,12733
SRF,20261008,2454.5,2528.0,2435.1,2485.2,303720
SRGHFL,20261008,125.87,126.0,120.28,120.97,12795
SRHHYPOLTD,20261008,550.0,558.4,533.15,534.75,16135
SRIKPRIND,20261008,26.0,26.0,24.7,24.7,3656
SRIT,20261008,139.98,139.98,139.98,139.98,126366
SRM,20261008,420.0,422.95,403.1,406.3,30631
SRTL,20261008,37.75,38.48,36.7,36.8,29215
SSDL,20261008,64.77,66.8,64.5,65.01,41662
SSRETAIL,20261008,720.25,721.85,671.2,681.45,2574962
SSWL,20261008,425.95,426.1,405.8,410.5,1268927
STALLION,20261008,223.0,228.5,216.42,219.62,505562
STANLEY,20261008,135.44,135.44,126.1,127.29,102266
STAR,20261008,1100.6,1106.1,1067.0,1095.3,420852
STARCEMENT,20261008,174.3,175.0,167.62,169.65,222369
STARHEALTH,20261008,556.9,568.95,542.65,545.5,407450
STARPAPER,20261008,153.8,153.8,147.7,149.08,7579
STARTECK,20261008,273.7,273.7,262.3,264.25,646
STCINDIA,20261008,104.5,105.45,101.11,102.08,12608
STEAMHOUSE,20261008,124.66,125.7,117.2,121.21,6184504
STEELCAS,20261008,371.4,375.0,356.55,360.25,85086
STEELCITY,20261008,81.94,82.47,79.5,79.97,2943
STEELXIND,20261008,10.68,11.14,10.16,10.32,15980036
STEL,20261008,574.0,583.4,545.15,567.75,3395
STERTOOLS,20261008,218.79,235.99,218.79,231.69,129326
STLNETWORK,20261008,50.6,50.6,46.96,48.07,9238203
STLSTRINF,20261008,22.5,23.85,21.5,22.0,3334
STLTECH,20261008,1009.8,1017.9,979.0,1011.55,1604237
STOVEKRAFT,20261008,817.35,817.35,795.1,803.1,69116
STUDDS,20261008,421.0,428.05,410.2,416.0,92229
STYL,20261008,367.85,372.0,352.95,354.25,196259
STYLAMIND,20261008,3350.0,3350.0,3220.0,3243.8,26161
STYLEBAAZA,20261008,379.9,388.0,370.05,372.35,586747
STYRENIX,20261008,2008.7,2018.7,1970.0,1990.5,20229
SUBEXLTD,20261008,19.15,19.15,18.3,18.41,5288891
SUBROS,20261008,675.6,680.3,657.0,664.5,32055
SUDARCOLOR,20261008,362.05,370.9,347.8,351.9,9998
SUDARSCHEM,20261008,1233.0,1240.1,1170.0,1176.8,357840
SUDEEPPHRM,20261008,1170.4,1184.9,1095.0,1114.9,208848
SUKHJITS,20261008,151.3,151.99,146.51,146.67,5904
SULA,20261008,133.0,133.48,130.05,130.58,159849
SUMEDHA,20261008,43.0,43.0,41.0,41.95,2084
SUMEETINDS,20261008,12.0,12.04,11.4,11.4,1404962
SUMICHEM,20261008,421.9,426.4,409.5,411.4,148881
SUMIT,20261008,51.49,51.49,44.15,45.92,51096
SUMMITSEC,20261008,1310.0,1330.8,1297.2,1305.0,3943
SUNCLAY,20261008,1149.8,1149.8,1096.1,1100.8,4215
SUNDARAM,20261008,1.09,1.09,1.04,1.05,445554
SUNDARMFIN,20261008,4290.0,4350.0,4101.0,4110.6,65226
SUNDRMBRAK,20261008,667.1,678.85,661.0,669.7,237
SUNDRMFAST,20261008,1159.9,1159.9,1095.2,1108.3,103754
SUNDROP,20261008,731.25,752.0,726.4,743.55,39823
SUNFLAG,20261008,477.0,477.0,450.7,450.7,423244
SUNLOC,20261008,71.39,72.5,70.0,72.5,32
SUNPHARMA,20261008,1788.1,1796.0,1745.0,1759.8,1605236
SUNRAKSHAK,20261008,361.15,362.1,349.6,353.8,5772
SUNSHIEL,20261008,1090.1,1117.4,1025.0,1048.3,1860
SUNSHINE,20261008,455.1,455.1,425.0,432.8,470121
SUNTECK,20261008,278.3,278.3,270.65,271.6,102432
SUNTV,20261008,634.9,639.8,610.5,614.2,1100802
SUPERHOUSE,20261008,154.0,155.99,150.0,152.11,1827
SUPERSPIN,20261008,7.01,7.29,6.71,6.87,12037
SUPRAJIT,20261008,465.0,479.5,455.15,470.85,69105
SUPREME,20261008,29.95,30.48,29.46,29.96,5937
SUPREMEENG,20261008,4.56,4.56,4.56,4.56,198476
SUPREMEIND,20261008,3567.7,3598.8,3462.0,3462.0,87986
SUPREMEINF,20261008,55.21,55.56,49.21,49.92,456795
SUPRIYA,20261008,894.35,894.35,850.1,861.35,241403
SUPTANERY,20261008,8.79,8.89,8.64,8.89,175945
SURAJEST,20261008,208.26,209.26,196.0,196.86,79684
SURAJLTD,20261008,181.7,187.99,177.99,184.57,6983
SURAKSHA,20261008,324.05,324.05,307.0,309.4,63897
SURANASOL,20261008,24.36,24.36,23.57,23.73,11613
SURANAT&P,20261008,16.0,16.0,15.6,15.61,18123
SURYALA,20261008,377.0,383.3,376.25,376.35,670
SURYALAXMI,20261008,56.92,56.92,55.5,55.6,1795
SURYAROSNI,20261008,218.3,218.3,212.0,213.0,369129
SURYODAY,20261008,155.8,156.31,148.54,149.05,144228
SUTLEJTEX,20261008,36.6,37.28,35.16,35.25,26174
SUVEN,20261008,306.5,306.6,287.25,288.9,589929
SUVIDHAA,20261008,2.1,2.18,2.01,2.07,67624
SUYOG,20261008,665.0,673.65,640.0,643.3,11327
SUZLON,20261008,38.43,38.43,36.31,36.43,85701657
SVGLOBAL,20261008,141.69,143.11,136.0,136.06,393
SVLL,20261008,829.95,841.35,792.5,801.3,456
SVPGLOB,20261008,3.14,3.3,2.76,3.13,162953
SWANCORP,20261008,271.85,271.85,254.4,260.25,1229944
SWANDEF,20261008,2703.1,2814.9,2670.0,2785.1,24580
SWARAJ,20261008,361.0,366.0,359.85,363.6,102500
SWARAJENG,20261008,3546.1,3546.1,3475.0,3491.6,9227
SWARNSAR,20261008,40.79,42.45,37.9,39.1,10678
SWASTIKAIN,20261008,220.63,220.63,215.0,220.61,705500
SWELECTES,20261008,610.0,610.0,577.45,581.6,11348
SWIGGY,20261008,246.0,247.2,234.0,234.95,8382103
SWISSMLTRY,20261008,14.5,14.5,13.8,13.92,145254
SWSOLAR,20261008,168.38,168.95,159.1,160.09,1067977
SYMBIOTEC,20261008,1130.0,1143.0,1080.7,1093.8,645045
SYMPHONY,20261008,560.0,560.0,536.25,538.85,57974
SYNCOMF,20261008,25.19,25.19,23.3,23.57,14107513
SYNGENE,20261008,363.7,363.7,345.2,346.0,333710
SYRMA,20261008,1752.0,1759.5,1657.6,1680.9,904837
SYSTMTXC,20261008,73.0,73.0,73.0,73.0,10485
TAALTECH,20261008,1087.9,1088.6,1033.0,1041.5,59953
TAINWALCHM,20261008,200.4,204.45,193.1,203.35,4962
TAJGVK,20261008,322.8,326.8,315.0,322.4,100851
TAKE,20261008,12.72,12.72,12.72,12.72,166290
TALBROAUTO,20261008,417.0,420.95,402.0,405.35,141783
TAMBOLIIN,20261008,297.75,304.75,290.2,290.55,4485
TANAA,20261008,354.0,364.5,324.85,330.35,156930
TANLA,20261008,491.0,501.0,488.25,493.35,367977
TARACHAND,20261008,46.75,46.96,46.0,46.11,80254
TARAPUR,20261008,13.8,13.82,12.4,13.82,146419
TARC,20261008,122.87,122.88,115.67,117.55,687814
TARIL,20261008,289.0,289.0,279.25,282.75,1397291
TARMAT,20261008,56.79,57.87,54.85,55.15,5724
TARSONS,20261008,341.7,341.7,325.35,327.65,110553
TASTYBITE,20261008,9374.0,9374.0,8960.5,8999.0,1591
TATACAP,20261008,318.0,320.2,311.5,314.9,1747230
TATACHEM,20261008,612.0,613.9,591.0,592.95,744076
TATACOMM,20261008,1655.2,1698.9,1632.3,1677.4,514789
TATACONSUM,20261008,966.4,974.0,947.3,951.9,873932
TATAELXSI,20261008,3090.0,3141.4,2996.0,2996.0,244061
TATAGOLD,20261008,14.25,14.28,14.2,14.21,25730797
TATAINVEST,20261008,614.05,617.85,606.4,609.3,525736
TATAPOWER,20261008,347.0,347.75,334.0,335.65,6295578
TATASTEEL,20261008,176.3,176.4,170.54,171.96,30689721
TATATECH,20261008,701.8,723.0,686.7,694.65,1754369
TATSILV,20261008,21.2,21.26,20.85,20.9,37689405
TATVA,20261008,1999.9,2008.7,1841.4,1855.6,140860
TBOTEK,20261008,1728.7,1730.0,1653.9,1666.5,146903
TBZ,20261008,594.9,595.0,564.55,566.65,190584
TCC,20261008,46.01,46.85,44.11,44.84,286728
TCI,20261008,888.1,889.0,870.55,877.05,93239
TCIEXP,20261008,499.75,499.75,475.0,477.2,52641
TCIFINANCE,20261008,13.94,14.9,13.91,14.11,18972
TCPLPACK,20261008,4057.1,4265.0,3905.5,3994.4,37264
TCS,20261008,2104.0,2141.5,2060.0,2076.0,4288031
TDPOWERSYS,20261008,835.0,836.0,790.5,793.5,2548022
TEAMGTY,20261008,241.45,241.49,232.0,235.75,884
TEAMLEASE,20261008,1109.0,1109.0,1072.5,1076.9,14287
TECH,20261008,30.89,31.08,30.31,30.48,11988
TECHM,20261008,1495.0,1525.0,1490.0,1496.2,1633921
TECHNOCRAF,20261008,488.0,489.0,466.1,472.5,936890
TECHNOE,20261008,991.1,994.9,940.1,942.7,191306
TECHNVISN,20261008,4210.1,4421.0,4210.1,4384.5,559
TECILCHEM,20261008,9.59,9.85,9.35,9.47,4173
TEGA,20261008,2121.0,2125.4,1952.0,1958.1,654228
TEJASNET,20261008,467.95,467.95,447.25,451.15,1481274
TEMBO,20261008,56.4,57.19,54.95,55.91,980291
TEMPSENS,20261008,573.9,583.35,555.15,561.0,2135205
TENNIND,20261008,481.0,481.0,465.45,468.8,723263
TERAI,20261008,110.41,119.0,110.2,116.68,1267
TERASOFT,20261008,223.0,226.9,215.41,217.16,22803
TEXINFRA,20261008,121.25,122.34,119.9,120.04,113845
TEXMOPIPES,20261008,52.75,54.0,51.08,51.42,94341
TEXRAIL,20261008,115.0,115.0,106.61,107.08,3429622
TFCILTD,20261008,153.1,154.19,145.65,146.65,8707702
TFL,20261008,12.2,12.2,11.7,11.88,3302
TGBHOTELS,20261008,9.59,9.59,8.76,8.99,59376
TGVSL,20261008,127.25,127.88,118.3,120.82,319936
THACKER,20261008,972.0,972.0,931.0,938.75,65
THAKDEV,20261008,133.0,133.0,133.0,133.0,2
THANGAMAYL,20261008,4840.0,4903.5,4786.0,4810.5,65435
THEINVEST,20261008,92.4,92.79,89.0,90.72,5391
THEJO,20261008,2100.4,2114.0,2055.0,2073.8,11248
THELEELA,20261008,604.45,605.5,584.05,586.95,253791
THEMISMED,20261008,116.56,116.56,108.35,108.71,57030
THERMAX,20261008,3230.4,3230.4,3125.1,3138.1,75486
THOMASCOOK,20261008,100.5,101.45,98.0,98.53,328736
THOMASCOTT,20261008,284.85,284.85,264.9,266.4,24790
THYROCARE,20261008,515.5,515.5,498.0,501.0,869553
TI,20261008,552.85,553.1,538.3,548.05,792792
TICL,20261008,9.43,9.43,8.55,8.66,599782
TIGERLOGS,20261008,26.35,26.42,24.74,24.88,152277
TIIL,20261008,2715.4,2720.0,2574.0,2581.9,38826
TIINDIA,20261008,2388.0,2400.0,2241.0,2241.0,772851
TIJARIA,20261008,6.45,6.7,6.16,6.37,67013
TIL,20261008,236.0,237.5,228.1,229.45,83596
TIMETECHNO,20261008,183.9,184.95,178.2,179.68,2316985
TIMEX,20261008,726.0,728.0,704.2,709.25,273241
TIMKEN,20261008,3144.6,3144.7,3005.2,3015.6,19814
TINNARUBR,20261008,935.0,948.7,876.0,879.6,51054
TIPSFILMS,20261008,330.1,330.1,311.0,318.2,14166
TIPSMUSIC,20261008,642.8,643.0,616.05,618.15,326790
TIRUMALCHM,20261008,147.9,148.0,141.0,142.84,247640
TIRUPATIFL,20261008,70.0,70.02,69.39,69.39,147853
TITAGARH,20261008,799.65,799.65,772.1,778.0,314209
TITAN,20261008,4380.0,4467.0,4359.5,4359.5,1490894
TMB,20261008,874.5,880.0,850.5,855.45,155002
TMCV,20261008,427.1,430.65,409.0,413.2,4430589
TMPV,20261008,283.45,284.35,273.0,273.0,7215586
TNIDETF,20261008,85.0,85.0,82.77,83.24,391527
TNPETRO,20261008,127.6,127.7,118.0,118.98,853194
TNPL,20261008,143.3,144.87,137.1,137.95,169808
TNTELE,20261008,9.44,9.44,9.44,9.44,19169
TOKYOPLAST,20261008,72.49,72.49,69.1,69.89,265
TOLINS,20261008,91.0,91.0,85.5,86.56,39432
TOP100CASE,20261008,10.02,10.02,9.75,9.8,1069570
TOP10ADD,20261008,83.7,83.7,82.3,82.5,261721
TOP15IETF,20261008,9.26,9.26,9.08,9.09,128543
TOP20,20261008,8.35,8.36,8.22,8.24,40472
TORNTPHARM,20261008,4713.0,4738.0,4592.3,4617.1,253761
TORNTPOWER,20261008,1231.4,1232.7,1195.0,1214.6,386016
TOTAL,20261008,71.25,73.0,69.81,70.01,6831
TOUCHWOOD,20261008,59.01,59.01,58.41,58.54,288
TOYAMSL,20261008,0.73,0.74,0.71,0.73,727162
TPHQ,20261008,0.47,0.48,0.45,0.45,884207
TPLPLASTEH,20261008,69.0,71.0,67.5,67.69,139751
TRACXN,20261008,33.2,34.64,32.61,33.06,245101
TRANSCOR,20261008,25.38,25.38,23.75,23.98,2824
TRANSPEK,20261008,1405.0,1405.0,1343.0,1379.3,711
TRANSRAILL,20261008,484.0,486.5,469.0,472.15,858748
TRANSWORLD,20261008,155.0,157.89,152.01,152.68,3622
TRAVELFOOD,20261008,1189.0,1192.0,1161.5,1186.2,58790
TREEHOUSE,20261008,5.67,5.88,5.65,5.65,17035
TREJHARA,20261008,127.47,132.5,121.21,124.43,22269
TREL,20261008,27.15,27.45,25.7,25.75,74657
TRENT,20261008,2873.6,2936.0,2868.2,2876.3,1348808
TRF,20261008,199.5,199.5,191.0,191.78,13862
TRIDENT,20261008,22.16,22.32,21.8,21.83,3000810
TRIGYN,20261008,51.1,52.8,51.0,51.59,19594
TRITONV,20261008,1050.2,1067.0,1025.0,1029.9,1621
TRITURBINE,20261008,527.05,529.95,512.2,516.45,371191
TRIVENI,20261008,245.0,253.86,236.17,237.86,1140719
TRU,20261008,4.34,4.99,4.21,4.36,56618
TRUALT,20261008,448.85,449.85,421.3,424.05,240421
TSFINV,20261008,409.6,409.6,396.3,397.55,86481
TTKHLTCARE,20261008,1038.9,1041.7,1000.0,1007.0,12569
TTKPRESTIG,20261008,520.0,520.0,511.3,513.0,21480
TTL,20261008,7.36,7.36,7.11,7.11,46785
TTML,20261008,34.01,34.14,32.7,32.95,2087316
TURTLEMINT,20261008,73.64,73.8,68.67,69.53,2028151
TUTIALKA,20261008,54.7,55.35,51.08,52.41,5395
TVSELECT,20261008,400.0,400.0,385.0,386.7,36839
TVSHLTD,20261008,11799.0,11799.0,11475.0,11529.0,10643
TVSMOTOR,20261008,3921.4,3964.0,3839.4,3839.4,1018799
TVSSCS,20261008,130.4,130.4,124.85,125.92,648346
TVSSRICHAK,20261008,4366.7,4399.0,4195.7,4255.2,5741
TVTODAY,20261008,101.05,110.0,100.06,103.3,58342
TVVISION,20261008,2.7,2.7,2.49,2.61,48237
TWCGOLDETF,20261008,146.43,153.2,145.41,146.0,23866
UBL,20261008,1188.6,1211.5,1160.0,1162.7,93742
UCAL,20261008,141.57,141.57,139.0,139.39,7148
UCOBANK,20261008,23.4,23.49,22.9,22.96,3559272
UDAYJEW,20261008,162.01,172.0,161.21,168.73,163207
UDS,20261008,218.11,221.05,207.35,210.09,257354
UEL,20261008,179.22,195.4,175.01,195.4,31963
UFBL,20261008,694.9,694.9,661.45,665.25,9406
UFLEX,20261008,644.25,644.25,613.7,617.05,102526
UFO,20261008,56.35,58.0,54.2,54.9,46462
UGARSUGAR,20261008,58.4,58.95,55.53,55.53,193091
UGROCAP,20261008,81.29,81.29,79.0,79.72,114480
UJJIVANSFB,20261008,64.93,64.93,61.65,62.3,24673897
ULTRACEMCO,20261008,10660.0,10670.0,10426.0,10426.0,227189
ULTRAMAR,20261008,413.0,413.0,400.15,400.8,81846
UMAEXPORTS,20261008,19.56,20.2,19.56,19.88,26935
UMESLTD,20261008,4.68,4.68,4.43,4.57,17815
UMIYA-MRO,20261008,93.8,94.5,91.0,92.71,5649
UNICHEMLAB,20261008,548.0,568.95,526.1,530.9,164167
UNIDT,20261008,231.5,231.5,220.64,226.24,19874
UNIECOM,20261008,83.0,83.0,78.72,79.9,322152
UNIENTER,20261008,86.72,88.0,86.35,86.39,952
UNIINFO,20261008,12.34,12.34,10.64,11.16,4350
UNIMECH,20261008,1854.0,1854.0,1721.7,1751.9,293889
UNIONBANK,20261008,172.05,174.57,171.2,171.51,6780803
UNIONGOLD,20261008,143.5,144.2,142.85,143.35,9605
UNIPARTS,20261008,806.6,822.0,771.0,776.6,153849
UNITDSPR,20261008,1344.9,1350.0,1308.1,1318.2,882097
UNITECH,20261008,4.16,4.16,3.99,4.01,3426526
UNITEDPOLY,20261008,47.14,49.13,46.6,47.56,215130
UNITEDTEA,20261008,424.0,424.0,403.0,403.0,2956
UNIVASTU,20261008,129.9,132.89,127.05,129.79,32794
UNIVCABLES,20261008,1626.7,1626.7,1546.6,1549.9,103063
UNIVPHOTO,20261008,499.85,499.85,456.0,456.2,920
UNOMINDA,20261008,1100.0,1105.8,1085.0,1085.0,479061
UPHOT,20261008,1530.0,1597.0,1465.1,1597.0,44
UPL,20261008,497.75,497.75,476.45,481.05,2055106
URAVIDEF,20261008,102.0,102.0,101.0,101.99,488
URBANCO,20261008,167.8,167.98,159.82,160.25,3360124
URJA,20261008,8.46,8.5,8.3,8.36,590341
USHAMART,20261008,519.0,519.0,499.8,503.95,510088
USK,20261008,18.77,20.0,18.5,18.72,22205
UTIAMC,20261008,896.9,897.0,875.45,877.2,71495
UTKARSHBNK,20261008,13.98,13.98,13.5,13.64,5461414
UTLSOLAR,20261008,434.8,434.8,407.0,409.2,281419
UTTAMSUGAR,20261008,310.0,316.55,287.25,291.55,340072
UYFINCORP,20261008,22.99,23.93,22.11,23.71,284258
V2RETAIL,20261008,162.0,163.91,153.5,154.87,4585965
VADILALIND,20261008,7287.0,7287.0,7041.0,7167.5,6377
VADILENT,20261008,9875.0,9875.0,9822.0,9822.0,4
VAIBHAVGBL,20261008,200.75,209.98,197.33,199.55,1132315
VAISHALI,20261008,8.48,8.48,7.9,7.99,112532
VAKRANGEE,20261008,5.19,5.2,4.91,5.04,1445866
VAL30IETF,20261008,14.29,14.29,13.98,13.99,363412
VALIANTLAB,20261008,124.79,125.0,117.05,117.34,67041
VALIANTORG,20261008,483.0,483.05,445.5,450.6,128189
VALUE,20261008,15.05,15.21,14.81,14.82,39577
VALUEAXIS,20261008,31.55,31.55,30.0,30.37,104875
VAML,20261008,394.0,394.8,372.0,374.45,6597010
VARDHACRLC,20261008,43.7,43.7,42.5,42.7,10409
VARDMNPOLY,20261008,5.4,5.5,5.13,5.25,192967
VARMORA,20261008,137.97,139.14,131.51,134.16,979661
VARROC,20261008,824.75,824.75,797.0,802.9,201786
VASCONEQ,20261008,32.09,32.24,30.0,30.34,731367
VASUPRADA,20261008,98.99,98.99,98.97,98.97,239
VASWANI,20261008,44.29,45.1,43.26,43.37,9732
VBL,20261008,442.0,442.0,428.95,432.0,4361263
VCL,20261008,1.58,1.62,1.51,1.56,581467
VEDAVAAG,20261008,23.0,23.79,22.13,22.22,86178
VEDL,20261008,262.0,262.35,253.1,253.1,13299826
VEDPOWER,20261008,32.79,32.79,31.23,31.89,9960019
VEEDOL,20261008,1383.0,1384.4,1352.0,1357.8,9366
VEEGALAND,20261008,143.5,143.5,134.21,136.9,781582
VELJAN,20261008,2730.0,2790.7,2700.0,2762.9,6250
VENKEYS,20261008,1655.6,1660.0,1602.5,1608.2,21560
VENTIVE,20261008,587.0,587.0,560.05,563.55,11108
VENUSPIPES,20261008,2271.7,2347.0,2081.5,2119.8,525166
VENUSREM,20261008,1765.0,1765.0,1681.0,1681.0,22311
VERANDA,20261008,32.2,32.76,31.9,32.76,86084
VERTOZ,20261008,33.33,34.0,30.12,32.43,127557
VESUVIUS,20261008,408.4,410.45,402.75,406.65,108080
VETO,20261008,138.49,140.24,134.0,135.63,57281
VGCL,20261008,54.9,54.97,48.03,48.08,29574
VGL,20261008,63.0,64.89,62.01,62.41,72892
VGUARD,20261008,301.95,302.15,291.0,291.85,274637
VHL,20261008,3543.2,3625.0,3464.0,3578.8,2435
VHLTD,20261008,131.0,136.1,131.0,136.1,159535
VIDHIING,20261008,348.7,353.0,328.5,331.0,29672
VIDYAWIRES,20261008,103.5,104.8,97.5,98.03,4901890
VIJAYA,20261008,1464.5,1472.7,1416.5,1431.1,87062
VIJIFIN,20261008,12.36,13.66,12.36,12.84,2011322
VIJSOLX,20261008,617.05,677.0,600.0,661.0,841
VIKASECO,20261008,1.02,1.03,1.01,1.01,1113238
VIKASLIFE,20261008,1.19,1.2,1.18,1.18,1810479
VIKRAMSOLR,20261008,148.9,148.9,143.0,143.31,2341088
VIKRAN,20261008,57.8,57.99,55.51,56.76,619447
VIMTALABS,20261008,567.0,567.0,550.8,553.0,113339
VINATIORGA,20261008,1143.0,1149.9,1117.3,1120.8,47711
VINCOFE,20261008,185.0,185.0,174.36,175.79,1055945
VINDHYATEL,20261008,2787.0,2845.9,2773.0,2776.7,72244
VINEETLAB,20261008,37.2,38.0,36.01,36.5,66511
VINNY,20261008,0.9,0.91,0.89,0.89,188304
VINYLINDIA,20261008,216.6,216.6,207.62,209.8,6717
VIPCLOTHNG,20261008,20.02,20.6,19.56,19.97,36517
VIPIND,20261008,281.9,282.4,273.8,275.2,177297
VIPULLTD,20261008,9.85,9.85,9.36,9.36,195240
VIRAT,20261008,420.65,420.65,385.0,406.25,33561
VIRINCHI,20261008,12.91,13.15,12.73,12.76,46640
VIRTUALG,20261008,0.45,0.45,0.43,0.43,120069
VISACHROME,20261008,36.2,36.2,32.0,33.31,42270
VISAKAIND,20261008,83.83,83.83,79.7,80.55,111651
VISHAL,20261008,17.13,17.5,16.02,16.48,67233
VISHNU,20261008,686.5,687.8,660.1,665.65,63015
VISHWARAJ,20261008,5.45,5.69,5.3,5.35,228071
VISL,20261008,29.56,29.6,28.32,28.46,17950507
VITAL,20261008,52.9,52.9,52.5,52.5,49
VIVIANA,20261008,825.0,893.95,823.0,844.35,152795
VIVIDHA,20261008,0.5,0.52,0.5,0.5,216615
VIVIMEDLAB,20261008,6.91,6.91,6.91,6.91,156192
VIVOBIOT,20261008,15.1,15.79,14.0,14.51,74240
VIYASH,20261008,241.9,250.9,235.01,235.86,3818274
VLEGOV,20261008,9.49,9.7,9.25,9.44,66306
VLSFINANCE,20261008,228.6,234.5,227.1,228.67,2802
VMART,20261008,805.0,825.0,786.05,811.15,85252
VMM,20261008,100.1,100.15,96.8,97.0,17757126
VMSTMT,20261008,45.81,47.05,44.36,44.66,36929
VNL,20261008,215.0,215.0,204.25,204.25,647931
VOEPL,20261008,526.9,540.0,505.2,532.6,178943
VOGL,20261008,31.1,31.21,29.56,29.87,27930239
VOITHPAPR,20261008,1437.9,1437.9,1395.0,1398.7,320
VOLTAMP,20261008,10620.0,10653.0,10304.0,10399.0,21128
VOLTAS,20261008,1053.0,1058.2,1024.1,1032.0,491244
VPRPL,20261008,28.95,28.95,26.83,27.4,385217
VRAJ,20261008,121.58,122.39,118.0,119.85,8515
VRLLOG,20261008,284.7,289.5,283.2,284.1,148377
VSSL,20261008,398.0,398.0,375.1,376.15,64435
VSTIND,20261008,201.34,203.1,200.0,200.86,108251
VSTL,20261008,106.84,107.9,103.6,104.78,11836
VSTTILLERS,20261008,4375.6,4375.7,4180.0,4211.5,7052
VTL,20261008,535.05,540.3,525.5,527.35,133897
VTMLTD,20261008,33.69,34.4,30.3,31.58,204882
WAAREEENER,20261008,2401.0,2404.5,2312.0,2317.0,611473
WAAREEINDO,20261008,209.9,209.9,196.8,197.0,211454
WAAREERTL,20261008,815.0,817.95,790.55,795.95,133592
WABAG,20261008,2012.4,2019.9,1925.1,1934.1,459305
WAKEFIT,20261008,134.01,134.24,126.36,130.51,1006613
WALCHANNAG,20261008,226.8,227.8,205.0,208.01,1058874
WANBURY,20261008,198.7,201.44,193.0,194.2,362463
WARDINMOBI,20261008,5.15,5.15,4.9,4.95,314844
WATERBASE,20261008,45.8,45.8,43.21,44.12,9752
WCIL,20261008,92.1,93.74,91.32,93.3,204979
WEALTH,20261008,848.0,848.0,829.0,836.7,1105
WEBELSOLAR,20261008,69.4,69.4,65.8,66.4,2046719
WEIZMANIND,20261008,73.55,73.8,71.05,71.07,421
WEL,20261008,74.96,77.15,74.51,75.25,516439
WELCORP,20261008,2699.4,2709.4,2593.0,2651.3,1394511
WELENT,20261008,742.25,748.0,713.5,732.35,436424
WELINV,20261008,2352.0,2352.0,2352.0,2352.0,4
WELSPLSOL,20261008,51.6,51.6,48.61,48.92,726399
WELSPUNLIV,20261008,236.21,236.94,223.15,225.07,2311267
WENDT,20261008,7991.0,7995.5,7671.0,7712.0,10076
WESTLIFE,20261008,586.4,592.6,570.35,577.2,93935
WEWIN,20261008,54.0,58.0,50.66,51.36,8402
WEWORK,20261008,665.0,678.8,653.2,664.1,188645
WHBRADY,20261008,477.15,478.75,470.0,471.75,17
WHEELS,20261008,2318.1,2345.9,2162.1,2208.2,246531
WHIRLPOOL,20261008,842.0,847.3,806.2,823.15,426408
WILLAMAGOR,20261008,21.74,22.07,19.6,19.91,10148
WINDLAS,20261008,1018.4,1024.5,979.6,991.6,122795
WINDMACHIN,20261008,303.0,303.0,286.1,288.1,60638
WIPL,20261008,166.4,166.4,160.61,160.69,32
WIPRO,20261008,159.55,162.21,158.38,158.38,19938747
WOCKPHARMA,20261008,2150.4,2159.8,2019.0,2029.6,769434
WONDERLA,20261008,524.7,526.95,508.1,509.45,91227
WORTHPERI,20261008,140.02,141.99,134.2,137.18,17832
WPIL,20261008,435.55,435.55,418.2,421.0,35923
WSI,20261008,51.0,53.71,51.0,52.89,34724
WSTCSTPAPR,20261008,734.95,734.95,708.6,713.1,118388
XCHANGING,20261008,61.04,61.55,58.85,58.96,59015
XELPMOC,20261008,91.32,94.2,87.51,90.39,12486
XPROINDIA,20261008,1131.2,1131.2,1076.8,1088.1,38489
XTGLOBAL,20261008,27.27,27.55,26.75,26.85,23916
XTRANET,20261008,307.7,307.7,287.55,287.6,428654
YASHO,20261008,4350.0,4350.0,4094.7,4114.7,25520
YATHARTH,20261008,1030.1,1034.4,1004.0,1014.2,210051
YATRA,20261008,101.37,101.99,94.55,96.1,930142
YESBANK,20261008,20.76,20.79,20.35,20.45,62706430
YOGI,20261008,162.0,162.0,156.0,156.35,549
YUKEN,20261008,1218.5,1222.8,1122.9,1135.3,35706
ZAGGLE,20261008,172.0,172.88,165.92,166.43,856733
ZEEL,20261008,70.7,71.93,68.1,68.37,15515933
ZEELEARN,20261008,6.2,6.38,5.83,6.2,368411
ZEEMEDIA,20261008,7.33,7.38,7.03,7.05,2171245
ZENITHEXPO,20261008,188.0,188.0,177.5,180.05,62
ZENITHSTL,20261008,5.32,5.32,5.1,5.11,29243
ZENSARTECH,20261008,444.5,456.8,439.9,441.8,2373992
ZENTEC,20261008,1581.0,1619.0,1479.2,1514.2,587778
ZFCVINDIA,20261008,2172.0,2172.0,2081.0,2116.2,87649
ZFSTEERING,20261008,690.0,701.6,674.0,683.1,2385
ZIMLAB,20261008,149.69,149.69,140.1,140.53,105008
ZODIAC,20261008,223.0,223.0,205.0,207.2,12285
ZODIACLOTH,20261008,67.71,67.71,65.81,66.19,8042
ZOTA,20261008,1336.0,1356.1,1303.7,1322.4,71414
ZSARACOM,20261008,10282.0,10282.0,9850.0,9901.0,24
ZUARI,20261008,216.1,216.11,206.05,208.18,92293
ZUARIIND,20261008,283.55,283.55,267.1,268.7,60511
ZYDUSLIFE,20261008,1165.0,1166.9,1109.1,1112.0,1746342
ZYDUSWELL,20261008,503.65,507.55,492.5,495.8,91265
