SYMBOL,TIMESTAMP,OPEN,HIGH,LOW,CLOSE,VOLUME
20MICRONS,20261009,196.0,198.7,193.51,196.12,67881
21STCENMGM,20261009,42.95,43.12,41.55,43.12,22609
360ONE,20261009,1041.3,1048.0,1031.0,1048.0,253881
3BBLACKBIO,20261009,1554.7,1596.0,1526.1,1586.4,11178
3IINFOLTD,20261009,23.0,23.0,22.53,22.67,110302
3MINDIA,20261009,30140.0,30355.0,29790.0,30170.0,1743
3PLAND,20261009,30.0,30.9,29.8,30.65,3243
5PAISA,20261009,333.05,355.45,333.05,339.55,85063
63MOONS,20261009,761.95,779.45,759.35,766.3,98604
A2ZINFRA,20261009,13.7,14.4,13.35,14.0,227015
AAATECH,20261009,104.14,112.0,102.05,107.92,543936
AADHARHFC,20261009,446.65,452.0,442.8,443.65,120965
AAKASH,20261009,8.02,8.28,8.02,8.14,65036
AAREYDRUGS,20261009,102.01,105.7,100.54,104.08,152052
AARNAV,20261009,35.54,37.3,35.54,36.56,3680
AARON,20261009,122.0,132.0,121.1,127.13,22164
AARTECH,20261009,47.5,48.0,46.1,47.82,10006
AARTIDRUGS,20261009,415.0,419.0,408.05,413.3,78159
AARTIIND,20261009,478.0,486.4,459.3,460.15,738046
AARTIPHARM,20261009,880.7,892.0,850.0,855.5,444377
AARTISURF,20261009,488.0,490.0,475.55,483.75,6675
AARVI,20261009,138.26,140.99,137.56,138.54,2140
AASTHA,20261009,28.5,28.84,27.4,27.65,463503
AAVAS,20261009,1190.5,1206.4,1180.0,1193.0,31732
ABAN,20261009,17.71,17.71,17.71,17.71,39022
ABANSENT,20261009,30.0,30.9,29.02,30.17,52653
ABB,20261009,6795.0,6798.0,6575.0,6780.0,336748
ABBOTINDIA,20261009,25580.0,26040.0,25580.0,26000.0,3422
ABCAPITAL,20261009,371.0,385.5,370.5,380.7,6519404
ABCOTS,20261009,190.67,195.99,185.9,193.88,2691
ABDL,20261009,693.45,722.2,690.1,711.55,1078501
ABFRL,20261009,43.3,43.93,43.07,43.65,2708597
ABGSEC,20261009,113.44,113.44,112.61,113.15,73
ABINFRA,20261009,12.19,12.55,11.67,12.5,335254
ABLBL,20261009,71.95,73.4,71.78,72.46,1264107
ABMINTLLTD,20261009,40.96,43.0,39.11,39.5,3139
ABMKNO,20261009,160.0,162.0,156.0,161.22,749
ABREL,20261009,1018.0,1031.5,1002.3,1022.3,315769
ABSL10BANK,20261009,163.05,165.0,163.05,163.61,166
ABSLAMC,20261009,1004.9,1013.8,990.5,1004.05,133287
ABSLBANETF,20261009,56.28,56.93,56.09,56.76,308051
ABSLLIQUID,20261009,1000.0,1000.01,1000.0,1000.0,11685
ABSLMSCIN,20261009,27.47,27.68,27.47,27.68,87
ABSLNN50ET,20261009,73.25,73.25,71.3,72.02,19064
ABSLPSE,20261009,9.44,9.72,9.4,9.48,93543
ACC,20261009,1132.1,1142.4,1124.6,1133.0,118169
ACCELYA,20261009,1045.7,1067.0,1016.0,1061.6,48021
ACCURACY,20261009,4.12,4.17,4.05,4.12,26589
ACE,20261009,1190.0,1209.4,1169.3,1176.9,321543
ACEINTEG,20261009,16.37,17.49,16.15,17.2,3102
ACEVECTOR,20261009,29.0,31.7,28.7,30.58,60598129
ACGL,20261009,1681.7,1702.8,1671.0,1676.4,472
ACI,20261009,463.9,465.1,451.35,455.05,225673
ACL,20261009,39.49,39.49,38.62,39.26,3310
ACMESOLAR,20261009,420.4,423.3,411.5,418.1,584873
ACSTECH,20261009,70.4,70.4,70.4,70.4,11838
ACUTAAS,20261009,3059.0,3190.0,3031.1,3160.6,365667
ADANIENSOL,20261009,1264.9,1285.2,1256.1,1262.0,993699
ADANIENT,20261009,2605.1,2653.0,2582.3,2634.4,1611868
ADANIGREEN,20261009,1240.0,1275.0,1238.4,1255.8,2735030
ADANIPORTS,20261009,1710.1,1770.0,1699.1,1761.0,9906351
ADANIPOWER,20261009,188.0,191.6,187.25,189.0,18864523
ADDIND,20261009,73.89,79.99,70.01,76.56,1603
ADFFOODS,20261009,290.0,290.15,281.4,289.7,103320
ADL,20261009,73.0,73.0,70.5,71.0,60
ADOR,20261009,1490.0,1520.0,1470.0,1479.6,17659
ADROITIND,20261009,201.83,214.0,201.83,202.91,941171
ADROITINFO,20261009,11.16,11.67,11.16,11.25,57042
ADSL,20261009,98.82,115.4,98.82,109.97,4125965
ADVAIT,20261009,1878.9,1900.0,1832.0,1888.8,30880
ADVANCE,20261009,113.88,116.52,112.1,113.27,384379
ADVANIHOTR,20261009,48.07,48.07,47.02,47.41,6975
ADVENTHTL,20261009,118.45,121.58,115.83,120.25,76802
ADVENZYMES,20261009,268.0,273.7,266.05,267.15,236224
ADVIKCA,20261009,1.0,1.01,0.97,0.99,114766
AEGISLOG,20261009,1383.0,1413.2,1366.1,1388.9,596347
AEGISVOPAK,20261009,286.2,290.0,273.9,284.8,1171591
AEPL,20261009,14.85,15.34,14.43,14.75,30457
AEQUS,20261009,268.45,276.0,260.6,273.5,3217255
AEROENTER,20261009,125.48,127.29,122.51,123.31,319734
AEROFLEX,20261009,535.0,546.9,514.0,520.5,1089632
AERONEU,20261009,70.9,70.9,68.95,69.52,51072
AEROPLANE,20261009,216.05,220.8,213.19,218.41,1092045
AETHER,20261009,1749.4,1759.7,1701.2,1748.1,139555
AFCONS,20261009,241.98,243.41,239.76,242.04,326416
AFFLE,20261009,1405.1,1438.5,1405.1,1417.5,88030
AFFORDABLE,20261009,160.94,162.0,158.0,159.8,6962
AFIL,20261009,7.73,7.85,7.35,7.59,262054
AFSL,20261009,201.5,201.5,201.0,201.07,1540
AGARIND,20261009,372.65,380.0,364.55,374.8,25639
AGARWALEYE,20261009,470.0,482.5,459.15,477.75,245391
AGASTYAEN,20261009,62.89,62.89,62.89,62.89,70519
AGI,20261009,786.3,787.85,766.3,770.45,62751
AGIIL,20261009,250.95,256.1,248.0,254.1,245340
AGL,20261009,12.28,12.51,12.06,12.24,1232033
AGRITECH,20261009,93.45,102.28,90.0,95.7,16437
AGROPHOS,20261009,22.01,23.09,22.01,22.91,12471
AGSTRA,20261009,2.33,2.33,2.33,2.33,19740
AHCL,20261009,26.6,28.11,25.51,28.11,20427857
AHLADA,20261009,37.49,37.88,36.0,37.28,6011
AHLEAST,20261009,132.8,135.9,132.8,135.27,306
AHLUCONT,20261009,550.0,562.85,549.0,557.6,35359
AHLWEST,20261009,540.0,555.0,530.0,548.9,745
AIAENG,20261009,3783.5,3790.9,3663.0,3737.7,25677
AIIL,20261009,550.0,556.35,547.0,549.7,70587
AIRAN,20261009,14.95,15.18,14.39,14.75,131916
AIROLAM,20261009,87.8,89.88,86.52,87.39,510
AJANTPHARM,20261009,3437.9,3478.2,3364.4,3410.1,124419
AJAXENGG,20261009,578.7,580.0,567.2,570.4,31597
AJMERA,20261009,115.21,119.5,114.83,116.92,216918
AJOONI,20261009,3.01,3.05,3.0,3.03,101506
AKASH,20261009,24.2,24.48,24.1,24.39,560
AKCAPIT,20261009,1793.9,1793.9,1725.0,1751.7,2089
AKG,20261009,9.44,9.45,9.32,9.41,13881
AKI,20261009,6.2,6.2,5.9,6.03,57119
AKSHAR,20261009,0.42,0.43,0.41,0.41,737884
AKSHARCHEM,20261009,360.05,379.0,360.05,372.1,3352
AKSHOPTFBR,20261009,7.3,7.7,7.06,7.58,256509
AKUMS,20261009,780.8,791.9,740.8,751.85,438753
ALANKIT,20261009,7.61,7.85,7.4,7.49,175439
ALBERTDAVD,20261009,790.0,804.95,785.75,791.65,2061
ALEMBICLTD,20261009,100.5,101.0,98.83,99.25,433035
ALFREDHE,20261009,2710.9,2722.0,2650.0,2650.0,46
ALGOQUANT,20261009,67.21,68.1,66.2,67.25,1195064
ALICON,20261009,859.0,869.75,841.05,861.7,43292
ALIVUS,20261009,1332.0,1350.5,1298.0,1326.3,131728
ALKALI,20261009,88.0,92.8,86.01,89.43,3779
ALKEM,20261009,5252.0,5299.0,5225.0,5279.0,96074
ALKYLAMINE,20261009,1820.1,1853.8,1797.4,1807.6,51603
ALLCARGO,20261009,9.99,10.7,9.87,10.53,10980147
ALLDIGI,20261009,786.6,796.45,778.3,791.1,5121
ALLTIME,20261009,178.78,182.01,170.63,179.55,253581
ALMONDZ,20261009,19.2,19.41,17.89,19.2,76149
ALOKINDS,20261009,9.06,9.29,8.43,9.0,58778669
ALPA,20261009,56.0,57.0,55.15,56.99,10206
ALPHA,20261009,52.93,52.93,51.36,52.61,1248040
ALPHAETF,20261009,24.87,25.2,24.64,25.03,267356
ALPHAGEO,20261009,245.1,258.95,245.1,258.75,7351
ALPINETEX,20261009,45.02,45.4,43.56,44.3,115035
ALPL30IETF,20261009,25.31,25.6,25.27,25.48,199460
ALUFLUOR,20261009,636.15,701.0,636.15,682.8,31045
AMAGI,20261009,555.35,565.0,550.0,559.4,153725
AMAL,20261009,783.0,794.0,756.1,764.95,7961
AMANTA,20261009,196.0,196.0,186.93,187.42,78810
AMARJOTHI,20261009,148.0,148.05,145.05,146.47,151
AMBALALSA,20261009,41.08,41.08,39.0,40.59,53866
AMBER,20261009,6602.5,6620.0,6380.0,6445.0,164400
AMBICAAGAR,20261009,23.3,23.97,22.71,22.94,9568
AMBIKCO,20261009,1497.0,1497.2,1460.2,1472.8,4295
AMBUJACEM,20261009,344.55,351.5,341.3,351.5,2615221
AMDIND,20261009,50.25,50.25,48.61,49.29,11644
AMJLAND,20261009,37.39,37.39,35.91,36.26,20096
AMNPLST,20261009,165.5,190.01,163.0,174.75,30901
AMRUTANJAN,20261009,502.0,512.0,502.0,508.9,30552
ANANDRATHI,20261009,2125.0,2135.0,2038.0,2038.7,1089771
ANANTRAJ,20261009,588.0,590.65,568.35,570.75,1446522
ANDHRAPAP,20261009,66.8,69.5,66.25,67.21,108115
ANDHRSUGAR,20261009,90.4,90.45,87.66,88.43,302912
ANDREWYU,20261009,24.41,24.7,23.36,24.01,73232
ANGELONE,20261009,296.5,297.6,288.1,292.0,3482836
ANIKINDS,20261009,42.99,43.0,41.01,41.34,11864
ANKITMETAL,20261009,2.6,2.6,2.6,2.6,50096
ANMOL,20261009,12.75,12.75,12.05,12.19,49197
ANNAPURNA,20261009,125.9,129.8,124.0,125.14,34440
ANNU,20261009,46.7,47.65,45.5,47.01,525821
ANSALAPI,20261009,3.84,3.84,3.71,3.71,27826
ANSALBU,20261009,82.0,90.0,78.0,81.49,5285
ANTELOPUS,20261009,1119.7,1134.3,1095.0,1101.5,142976
ANTGRAPHIC,20261009,0.69,0.7,0.69,0.69,52804
ANTHEM,20261009,872.55,880.2,842.2,862.3,187250
ANUHPHR,20261009,81.79,82.98,81.01,82.02,37636
ANUP,20261009,1502.0,1515.0,1480.0,1488.2,17643
ANURAS,20261009,1104.9,1146.9,1083.8,1132.4,583323
AONEGOLD,20261009,13.88,13.9,13.72,13.84,592091
AONELIQUID,20261009,1085.57,1085.57,1080.6,1080.61,35085
AONENIFTY,20261009,9.35,9.35,8.5,9.3,124487
AONESILVER,20261009,8.31,8.41,8.31,8.4,378084
AONESTEELS,20261009,415.95,417.0,396.2,407.1,527019
AONETMMQ50,20261009,9.99,9.99,9.7,9.83,43150
AONETOTAL,20261009,11.29,11.46,11.07,11.2,111558
APARINDS,20261009,17940.0,18241.0,17815.0,17984.0,99015
APCL,20261009,93.33,93.33,88.5,89.1,10427
APCOTEXIND,20261009,576.9,583.9,570.6,578.35,39738
APEX,20261009,332.8,335.0,326.2,331.3,53918
APLAPOLLO,20261009,2052.2,2120.6,2026.2,2114.1,397189
APLLTD,20261009,801.0,806.2,788.75,800.95,187843
APOLLO,20261009,395.0,397.65,383.75,388.35,5526596
APOLLOHOSP,20261009,7950.0,8027.5,7775.5,8027.5,1449612
APOLLOPIPE,20261009,508.0,519.3,500.0,513.7,177953
APOLLOTYRE,20261009,401.7,403.8,396.35,400.05,276049
APOLSINHOT,20261009,1164.2,1179.0,1135.0,1137.4,319
APOORVA,20261009,34.5,34.5,31.25,31.25,46
APTECHT,20261009,85.05,86.5,84.34,84.86,55532
APTUS,20261009,215.52,218.53,212.61,215.73,1402416
AQYLON,20261009,16.09,16.55,15.12,15.75,2665776
ARCHIDPLY,20261009,100.8,101.98,99.2,99.75,26996
ARCHIES,20261009,12.29,12.36,12.01,12.02,5395
ARCIL,20261009,156.0,157.55,148.91,150.54,1012850
ARCL,20261009,224.0,242.73,220.0,221.6,636
ARDEE,20261009,49.2,49.69,46.6,47.87,1905173
ARE&M,20261009,721.15,729.0,716.1,721.0,270068
ARENTERP,20261009,33.49,33.49,32.4,33.34,24
ARFIN,20261009,106.74,113.83,102.28,105.14,12777249
ARIES,20261009,473.0,487.0,473.0,482.75,10838
ARIHANT,20261009,951.0,980.0,909.9,923.0,4459
ARIHANTCAP,20261009,95.62,98.0,93.53,96.19,496996
ARIHANTSUP,20261009,223.89,223.89,198.83,219.32,29121
ARIS,20261009,137.4,145.0,134.25,140.31,2923927
ARKADE,20261009,118.53,119.9,116.55,118.88,183408
ARMANFIN,20261009,1709.0,1725.9,1675.3,1694.2,24717
ARMEE,20261009,260.0,262.0,252.05,253.9,529600
AROGRANITE,20261009,22.75,23.14,21.99,22.34,8706
ARROWGREEN,20261009,845.1,863.0,822.6,855.65,28809
ARSHIYA,20261009,0.83,0.85,0.83,0.83,43238
ARSSBL,20261009,540.95,548.95,531.05,539.6,187035
ARTEMISMED,20261009,308.25,315.95,308.25,313.2,221613
ARTNIRMAN,20261009,38.0,39.4,37.09,38.9,493
ARVEE,20261009,208.01,214.99,205.0,207.0,3771
ARVIND,20261009,512.85,515.15,499.1,509.45,611156
ARVINDFASN,20261009,393.05,406.0,387.55,402.8,354592
ARVSMART,20261009,607.05,608.95,591.4,598.2,81744
ARYAMAN,20261009,600.0,624.0,600.0,623.75,18
ASAHIINDIA,20261009,939.75,957.4,932.4,945.95,40788
ASAHISONG,20261009,364.1,371.0,355.0,365.05,6098
ASAL,20261009,401.0,408.8,400.0,405.4,9481
ASALCBR,20261009,573.0,587.45,568.0,570.3,58160
ASHAPURMIN,20261009,470.0,478.05,467.15,470.8,168370
ASHIANA,20261009,374.4,374.4,362.95,372.55,18749
ASHIKAG,20261009,387.5,387.5,378.05,380.8,66437
ASHIMASYN,20261009,14.5,14.5,13.91,14.26,39164
ASHOKA,20261009,101.5,103.25,100.31,102.02,519359
ASHOKAMET,20261009,14.6,14.8,14.42,14.44,8930
ASHOKLEY,20261009,146.0,147.31,143.65,145.06,11102691
ASIANENE,20261009,455.8,468.7,438.3,450.1,308354
ASIANHOTNR,20261009,330.8,342.3,327.45,334.4,15714
ASIANPAINT,20261009,2324.0,2362.9,2322.2,2339.1,248707
ASIANTILES,20261009,46.23,46.3,45.31,45.59,611984
ASIANTNE,20261009,8.37,9.05,8.21,8.81,36824
ASKAUTOLTD,20261009,591.05,598.95,580.1,588.15,246190
ASMS,20261009,5.88,5.98,5.83,5.9,83260
ASPINWALL,20261009,240.1,245.8,229.75,234.98,14733
ASSAMENT,20261009,800.0,828.0,756.0,827.55,19
ASTAR,20261009,641.6,642.0,590.0,604.75,350
ASTEC,20261009,710.1,740.0,700.1,729.3,34137
ASTERDM,20261009,682.0,704.95,675.9,699.85,894693
ASTRAL,20261009,1408.1,1430.9,1405.0,1409.8,171437
ASTRAMICRO,20261009,1630.8,1668.8,1610.0,1652.9,311004
ASTRAZEN,20261009,5720.0,5875.5,5640.0,5837.0,8979
ASTRON,20261009,2.76,2.84,2.71,2.82,6411
ATALREAL,20261009,11.64,11.85,11.3,11.34,672402
ATAM,20261009,55.5,55.5,53.65,54.05,5656
ATGL,20261009,564.9,572.75,561.55,563.45,448293
ATHERENERG,20261009,1406.0,1438.0,1368.6,1434.4,3741866
ATL,20261009,25.08,26.5,24.32,26.18,274559
ATLANTAA,20261009,35.11,35.46,34.21,34.7,41349
ATLANTAELE,20261009,1840.0,1840.0,1741.1,1769.5,168656
ATLASCYCLE,20261009,92.99,93.0,91.21,91.99,540
ATUL,20261009,5923.0,5980.5,5860.5,5882.5,11975
ATULAUTO,20261009,410.35,418.0,410.0,416.6,43607
AUBANK,20261009,981.8,991.5,975.2,982.0,1196069
AUGMONT,20261009,1300.0,1337.8,1249.3,1337.8,629196
AURIONPRO,20261009,597.95,617.5,597.1,601.6,168128
AUROPHARMA,20261009,1645.9,1697.9,1633.0,1693.0,699038
AURUM,20261009,227.0,235.0,226.36,232.77,87841
AURUS,20261009,4.28,4.35,4.07,4.17,24148
AUSOMENT,20261009,146.8,151.0,142.5,148.6,2657
AUSTENG,20261009,152.12,157.8,152.1,153.38,691
AUTOAXLES,20261009,1616.8,1620.7,1596.3,1600.1,4379
AUTOBEES,20261009,255.0,258.78,253.12,257.87,192422
AUTOIETF,20261009,25.62,25.93,25.4,25.85,512768
AUTOIND,20261009,81.8,82.98,78.08,82.11,119166
AVADHSUGAR,20261009,949.0,965.0,925.0,945.75,125036
AVALON,20261009,2302.0,2345.0,2250.0,2300.5,188472
AVANCE,20261009,0.79,0.81,0.78,0.78,4187069
AVANTEL,20261009,146.0,147.1,142.71,143.98,740876
AVANTIFEED,20261009,705.0,710.9,694.25,699.1,206443
AVG,20261009,163.15,163.5,157.0,161.89,12932
AVL,20261009,600.0,600.05,575.2,581.05,217078
AVONMORE,20261009,12.43,12.88,12.21,12.3,55314
AVROIND,20261009,5.93,6.24,5.34,5.43,567299
AVTNPL,20261009,85.11,100.23,83.1,94.78,10258801
AWFIS,20261009,239.84,248.5,236.4,247.03,1697677
AWHCL,20261009,339.95,340.7,332.75,334.05,81978
AWL,20261009,183.95,183.95,180.86,182.18,1468028
AXISBANK,20261009,1249.0,1266.0,1240.1,1259.1,5173548
AXISCADES,20261009,2061.0,2150.3,2027.6,2082.3,194911
AXITA,20261009,7.41,7.47,7.36,7.38,465760
AXTEL,20261009,432.8,434.9,419.05,420.7,6494
AYE,20261009,159.49,160.9,155.84,156.94,689022
AYMSYNTEX,20261009,272.0,275.45,269.4,272.65,30772
AZAD,20261009,2898.0,2950.0,2817.0,2910.2,495620
AZADIND,20261009,82.98,84.99,81.61,82.42,42981
BAFNAPH,20261009,418.0,418.0,418.0,418.0,549
BAGFILMS,20261009,4.07,4.1,3.9,4.02,63489
BAIDFIN,20261009,10.36,10.45,10.0,10.12,39169
BAJAJ-AUTO,20261009,9663.0,9968.0,9645.0,9778.0,249546
BAJAJCON,20261009,493.75,508.8,490.55,506.95,551446
BAJAJELEC,20261009,291.0,300.35,291.0,298.0,87536
BAJAJFINSV,20261009,1713.0,1751.0,1711.5,1734.7,772498
BAJAJHCARE,20261009,316.05,326.0,311.1,320.0,124154
BAJAJHFL,20261009,82.15,82.8,81.41,81.51,2834991
BAJAJHIND,20261009,20.19,20.65,19.84,20.42,10391539
BAJAJHLDNG,20261009,10628.0,10820.0,10596.0,10820.0,11706
BAJAJINDEF,20261009,203.8,205.19,197.0,203.47,14767
BAJAJST,20261009,331.95,340.0,326.4,333.95,6524
BAJEL,20261009,157.6,158.46,154.78,157.26,101984
BAJFINANCE,20261009,951.95,968.0,950.7,960.0,7684275
BALAJEE,20261009,24.0,24.0,23.01,23.6,19966
BALAJITELE,20261009,87.0,92.0,85.1,91.04,499249
BALAMINES,20261009,2100.0,2130.6,2032.0,2040.8,173579
BALAXI,20261009,22.4,22.79,22.09,22.33,13772
BALKRISHNA,20261009,15.99,16.25,15.6,15.9,4123
BALKRISIND,20261009,2005.0,2024.0,1983.7,2010.3,134321
BALMLAWRIE,20261009,155.95,157.4,154.13,156.98,106520
BALPHARMA,20261009,94.29,96.0,92.15,93.06,17235
BALRAMCHIN,20261009,689.4,697.35,675.5,678.15,738592
BALUFORGE,20261009,495.0,498.0,476.2,481.2,556624
BANARBEADS,20261009,111.3,112.29,107.0,108.41,1842
BANARISUG,20261009,3300.1,3317.1,3205.3,3301.4,364
BANCOINDIA,20261009,590.35,596.95,582.5,590.8,41466
BANDHANBNK,20261009,157.0,161.3,153.79,157.0,10436631
BANG,20261009,34.15,34.15,32.21,32.67,15052
BANK10ADD,20261009,16.19,16.45,16.19,16.41,14377
BANK10BETF,20261009,19.61,20.3,19.52,19.99,1541536
BANKA,20261009,66.81,69.98,66.81,68.1,899
BANKADD,20261009,56.43,56.8,56.43,56.53,813299
BANKBARODA,20261009,234.77,238.25,234.55,235.8,3744454
BANKBEES,20261009,567.31,574.15,564.95,572.92,885539
BANKBETA,20261009,56.68,57.45,56.56,57.22,369030
BANKBETF,20261009,55.95,56.46,55.68,56.22,20663
BANKETF,20261009,558.13,565.63,557.99,564.6,21186
BANKIETF,20261009,56.09,56.99,56.09,56.85,569394
BANKINDIA,20261009,133.0,134.9,132.1,134.46,7400969
BANKNIFTY1,20261009,55.21,57.63,55.21,57.48,281981
BANKPSU,20261009,80.87,82.15,80.87,81.78,20947
BANSALWIRE,20261009,314.8,324.25,310.05,315.8,64291
BANSWRAS,20261009,105.0,105.0,102.31,102.48,5540
BASF,20261009,3346.8,3374.7,3318.1,3347.4,12674
BASML,20261009,20.75,21.75,20.75,21.03,77409
BATAINDIA,20261009,604.0,615.2,600.15,613.25,89772
BATLIBOI,20261009,96.9,96.9,91.0,92.28,20525
BAYERCROP,20261009,3381.6,3529.0,3370.8,3492.0,32726
BBETF0432,20261009,1334.76,1338.0,1334.75,1335.12,489
BBL,20261009,2065.2,2199.9,2034.8,2189.0,60106
BBNPNBETF,20261009,55.63,55.74,55.61,55.61,10
BBNPPGOLD,20261009,142.3,144.3,142.0,143.95,1134
BBOX,20261009,858.0,935.0,858.0,892.1,6686307
BBTC,20261009,1225.1,1232.5,1205.5,1222.1,54764
BBTCL,20261009,229.9,235.0,223.52,227.72,10163
BCG,20261009,9.03,9.1,8.95,9.05,3958130
BCLIND,20261009,29.93,30.58,29.79,30.26,451153
BCONCEPTS,20261009,144.0,146.9,142.0,143.39,5186
BCPL,20261009,65.0,66.4,64.11,64.53,12674
BDL,20261009,1056.0,1084.7,1051.6,1075.9,890171
BEARDSELL,20261009,22.19,22.19,21.26,21.5,13269
BECTORFOOD,20261009,208.0,208.67,204.52,205.41,316616
BEDMUTHA,20261009,108.05,112.0,108.05,109.99,2204
BEEKAY,20261009,428.1,441.0,418.95,422.25,596
BEL,20261009,367.3,371.4,360.5,368.15,17198740
BELLACASA,20261009,248.92,252.77,243.42,251.41,2592
BELRISE,20261009,236.2,238.38,230.95,234.17,1718749
BEML,20261009,1924.5,1947.0,1875.6,1894.7,334232
BENARAS,20261009,10136.0,10250.0,10135.0,10211.0,292
BENGALASM,20261009,5859.5,6056.0,5852.0,5961.5,331
BEPL,20261009,124.0,126.15,120.42,124.89,1665384
BERGEPAINT,20261009,467.3,473.8,461.1,471.9,203201
BESTAGRO,20261009,16.72,17.15,16.62,16.78,429934
BETA,20261009,1910.0,1974.0,1703.1,1950.2,158957
BFINVEST,20261009,426.5,430.95,420.0,427.1,7047
BFSI,20261009,25.6,26.06,25.6,25.97,289225
BFUTILITIE,20261009,474.15,476.05,463.0,469.1,42146
BGRENERGY,20261009,269.0,272.43,265.11,272.43,105983
BHAGCHEM,20261009,222.95,226.0,221.0,222.13,150000
BHAGERIA,20261009,370.0,383.7,358.0,364.9,162959
BHAGYANGR,20261009,43.45,43.45,43.45,43.45,16567
BHANDARI,20261009,2.83,2.83,2.76,2.79,118052
BHARATCOAL,20261009,31.31,31.45,31.0,31.12,3235570
BHARATFORG,20261009,1791.0,1818.8,1773.2,1816.9,403807
BHARATGEAR,20261009,105.05,108.0,102.0,105.13,23610
BHARATRAS,20261009,970.0,975.0,958.1,964.7,13672
BHARATSE,20261009,200.95,228.61,197.29,210.18,2421267
BHARATWIRE,20261009,166.0,172.51,165.19,167.78,141715
BHARTIARTL,20261009,1804.6,1820.0,1801.4,1805.1,3362523
BHARTIHEXA,20261009,1490.0,1534.9,1485.3,1531.9,101028
BHEL,20261009,433.6,438.7,420.65,433.6,11017851
BI,20261009,94.72,94.72,94.69,94.72,8635
BIGBLOC,20261009,35.8,36.7,34.1,35.46,57654
BIKAJI,20261009,468.65,476.9,464.5,472.05,120318
BIL,20261009,1048.0,1078.55,1036.05,1042.1,8461
BILVYAPAR,20261009,4.25,4.35,4.18,4.35,21236
BIMETAL,20261009,638.0,650.5,626.0,627.8,257
BIOCON,20261009,349.55,351.0,343.95,349.4,1890577
BIOFILCHEM,20261009,29.52,30.75,29.16,30.15,5201
BIRLACABLE,20261009,369.0,385.2,357.75,385.2,381833
BIRLACORPN,20261009,814.0,824.0,793.65,817.3,51817
BIRLAMONEY,20261009,113.14,116.59,110.15,115.34,18195
BIRLANU,20261009,1288.0,1316.0,1260.1,1308.1,8717
BIRLAPREC,20261009,55.9,56.8,54.55,55.2,37047
BLACKBUCK,20261009,589.4,599.0,585.75,592.05,165708
BLACKROSE,20261009,109.22,110.9,106.45,107.3,12558
BLAL,20261009,156.27,158.57,152.01,157.25,17032
BLBLIMITED,20261009,16.69,17.0,16.6,16.72,61609
BLEL,20261009,488.5,502.6,471.4,495.6,880475
BLIL,20261009,64.92,65.68,64.31,64.56,53991
BLISSGVS,20261009,667.1,667.1,634.35,655.95,158247
BLKASHYAP,20261009,52.14,57.24,50.48,55.27,1149698
BLS,20261009,216.2,218.28,213.74,216.23,401006
BLSE,20261009,157.55,158.9,147.55,149.35,1192487
BLUECLOUDS,20261009,20.04,20.14,19.26,19.86,4438466
BLUECOAST,20261009,22.0,22.6,20.0,21.27,956
BLUEDART,20261009,4556.1,4586.1,4481.2,4560.4,46400
BLUEJET,20261009,518.55,527.9,512.5,514.6,190639
BLUESTARCO,20261009,1539.9,1589.0,1534.6,1574.0,545619
BLUESTONE,20261009,806.0,829.75,794.05,817.65,702082
BLUSPRING,20261009,136.3,153.0,136.3,146.96,1090575
BMWVENTLTD,20261009,50.01,59.66,50.01,57.95,1739109
BNAGROCHEM,20261009,209.65,210.5,179.46,179.56,7307
BNKETFAXIS,20261009,568.99,571.57,568.51,570.92,6143
BODALCHEM,20261009,177.99,179.9,166.21,172.59,487569
BOHRAIND,20261009,14.6,14.6,14.26,14.37,833
BOMDYEING,20261009,98.46,99.59,95.4,97.11,627287
BONLON,20261009,39.0,40.92,39.0,39.98,3997
BORANA,20261009,256.55,261.95,249.25,258.2,26971
BOROLTD,20261009,269.75,276.0,268.6,270.2,97998
BORORENEW,20261009,430.1,436.8,425.65,430.4,158004
BOROSCI,20261009,108.88,111.85,105.64,107.27,80719
BOSCH-HCIL,20261009,1943.8,1997.0,1937.2,1980.2,51134
BOSCHLTD,20261009,43155.0,43585.0,42675.0,43545.0,27986
BPCL,20261009,287.9,289.4,283.75,287.8,2382763
BPL,20261009,42.25,43.39,42.05,42.21,22336
BPLPHARMA,20261009,1909.9,1950.0,1830.2,1864.0,10131
BRAHMINFRA,20261009,143.23,149.9,139.21,142.72,28164
BRIGADE,20261009,550.0,552.85,543.85,548.8,160130
BRIGHOTEL,20261009,56.0,56.56,54.6,55.48,51234
BRIGHTBR,20261009,229.0,241.95,221.15,222.4,325
BRITANNIA,20261009,4769.8,4856.0,4760.1,4825.0,106346
BRNL,20261009,15.25,15.82,15.25,15.45,26396
BROOKS,20261009,74.9,75.6,69.31,70.13,1060555
BSE,20261009,3330.0,3348.8,3262.8,3287.2,3243473
BSE500IETF,20261009,37.41,37.41,35.77,37.06,594335
BSHSL,20261009,83.95,84.3,79.2,83.58,13998
BSL,20261009,119.99,123.99,119.5,121.33,4083
BSLGOLDETF,20261009,129.26,130.75,129.26,130.37,332692
BSLNIFTY,20261009,25.8,26.77,25.8,26.5,1036800
BSLSENETFG,20261009,73.0,73.36,72.46,73.36,896
BSOFT,20261009,273.95,288.7,273.95,285.3,3547369
BTML,20261009,6.99,7.17,6.8,7.02,277386
BTTL,20261009,37.1,39.4,37.1,38.42,1509
BUILDPRO,20261009,247.5,249.0,241.1,246.5,178792
BURNPUR,20261009,13.45,13.66,13.14,13.5,16740
BUTTERFLY,20261009,538.3,547.0,533.05,542.45,5520
BVCL,20261009,40.6,40.99,39.5,40.15,14547
BYKE,20261009,30.0,30.4,29.05,29.88,64814
CALSOFT,20261009,33.16,34.04,32.54,32.63,195913
CAMLINFINE,20261009,89.34,90.5,88.16,89.98,381235
CAMPUS,20261009,199.0,200.0,195.78,197.0,517804
CAMS,20261009,665.05,675.0,660.8,672.5,1069377
CANBK,20261009,117.99,119.95,117.38,119.59,9660573
CANFINHOME,20261009,722.7,729.6,716.45,718.15,117601
CANHLIFE,20261009,143.77,143.87,138.51,139.22,824787
CANTABIL,20261009,234.0,239.84,230.6,238.23,169058
CAPACITE,20261009,177.36,179.83,171.35,172.56,398001
CAPILLARY,20261009,559.9,568.7,551.0,566.65,116005
CAPITALSFB,20261009,272.0,275.95,264.05,269.2,12269
CAPLIPOINT,20261009,2541.0,2576.4,2431.1,2460.8,188948
CAPTRUST,20261009,22.62,23.54,22.62,23.54,54035
CARBORUNIV,20261009,1205.0,1225.7,1182.4,1202.6,171054
CARERATING,20261009,1533.3,1557.5,1520.0,1544.2,21706
CARRARO,20261009,509.8,514.4,503.15,508.5,62989
CARTRADE,20261009,2840.0,2967.0,2814.6,2951.0,261153
CARYSIL,20261009,1011.2,1027.0,998.0,1021.3,54669
CASHIETF,20261009,1083.0,1083.32,1083.0,1083.3,950683
CASTROLIND,20261009,195.7,197.19,193.59,194.67,1859242
CCAVENUE,20261009,15.05,15.2,14.86,14.9,10475038
CCCL,20261009,13.08,13.08,12.65,12.78,69818
CCHHL,20261009,12.49,13.5,12.2,13.05,21857
CCL,20261009,1050.9,1061.5,1046.5,1051.5,70120
CDSL,20261009,1255.0,1268.0,1244.2,1260.0,716634
CEATLTD,20261009,3231.1,3281.0,3196.1,3262.3,27040
CEIGALL,20261009,374.1,376.05,362.75,369.0,373117
CEINSYS,20261009,673.8,673.8,653.55,656.15,44419
CELEBRITY,20261009,5.82,6.29,5.82,6.08,10699
CELLO,20261009,374.0,379.3,363.15,364.95,877132
CEMNTGROWW,20261009,13.24,13.39,13.18,13.33,29386
CEMPRO,20261009,1150.0,1158.4,1122.1,1125.1,160149
CENTENKA,20261009,555.0,562.0,546.25,559.2,24789
CENTEXT,20261009,18.99,18.99,17.66,17.87,139958
CENTRALBK,20261009,30.06,30.24,29.82,30.1,3006590
CENTRUM,20261009,19.94,19.94,19.32,19.58,132209
CENTUM,20261009,4230.0,4275.0,4045.2,4076.7,66326
CENTURYPLY,20261009,654.15,668.35,654.15,665.7,26451
CERA,20261009,4960.0,5024.5,4925.0,5002.5,3249
CESC,20261009,129.96,133.9,128.59,133.23,2196217
CEWATER,20261009,266.9,266.9,254.0,257.95,26481
CFEL,20261009,44.0,44.9,41.92,43.8,5445
CGCL,20261009,242.1,246.5,240.42,241.82,2783867
CGPOWER,20261009,862.05,865.7,840.15,855.55,2308023
CGVAK,20261009,140.45,140.45,130.0,130.51,5105
CHALET,20261009,823.9,830.25,815.0,820.9,89647
CHAMBLFERT,20261009,379.0,381.9,371.25,374.3,943228
CHEMBOND,20261009,185.3,208.0,180.1,189.25,36710
CHEMBONDCH,20261009,223.4,225.3,215.5,220.86,4195
CHEMCON,20261009,217.2,217.2,209.76,212.05,43228
CHEMCRUX,20261009,83.71,85.95,80.6,83.74,8053
CHEMFAB,20261009,325.0,351.8,316.8,332.3,4832
CHEMICAL,20261009,28.74,28.74,27.87,28.12,124286
CHEMPLASTS,20261009,212.95,216.69,208.28,214.68,293756
CHENNPETRO,20261009,1531.0,1547.7,1477.0,1487.7,1737905
CHEVIOT,20261009,1137.8,1149.3,1127.1,1136.0,1055
CHOICEGOLD,20261009,146.0,147.91,145.4,147.08,6608
CHOICEIN,20261009,711.95,723.2,707.3,713.1,213032
CHOLAFIN,20261009,1547.0,1597.4,1543.5,1587.6,1660199
CHOLAHLDNG,20261009,1375.0,1404.4,1357.7,1400.4,74624
CIEINDIA,20261009,374.65,374.65,368.3,370.75,126837
CIFL,20261009,20.58,20.58,19.3,20.07,169220
CINELINE,20261009,91.88,91.9,89.15,91.53,15503
CINEVISTA,20261009,14.89,14.89,14.11,14.39,18848
CIPLA,20261009,1310.5,1316.4,1295.3,1301.0,653621
CLEAN,20261009,799.35,805.6,790.15,794.4,149138
CLEANMAX,20261009,1351.9,1358.0,1313.8,1323.0,162994
CLEDUCATE,20261009,48.28,51.8,48.05,50.95,4335
CLSEL,20261009,289.25,293.8,284.0,287.4,34016
CMLL,20261009,515.15,533.2,508.1,529.25,274876
CMPDI,20261009,207.0,209.5,203.71,206.18,603338
CMRGREEN,20261009,218.01,219.85,215.2,216.94,208863
CMSINFO,20261009,215.32,216.05,210.5,213.85,544126
CNL,20261009,1054.9,1081.3,1026.6,1041.8,20057
COALINDIA,20261009,408.45,412.25,404.5,411.55,4000746
COASTCORP,20261009,34.35,36.99,33.81,36.33,93354
COCHINSHIP,20261009,1214.9,1257.0,1213.0,1230.0,2284003
COCKERILL,20261009,7800.0,7804.5,7675.0,7730.0,2936
COFFEEDAY,20261009,31.49,31.49,30.47,30.81,1223292
COFORGE,20261009,1839.3,1884.1,1839.0,1867.9,2303224
COHANCE,20261009,444.9,445.3,434.25,441.0,460250
COLPAL,20261009,1736.2,1868.9,1736.2,1817.8,3596661
COMFINTE,20261009,6.38,6.38,6.14,6.19,83336
COMMOIETF,20261009,90.32,91.31,90.08,91.14,58014
COMPEAU,20261009,355.55,356.0,340.15,347.4,131
COMPINFO,20261009,1.09,1.09,1.06,1.07,11623
COMPUSOFT,20261009,12.76,13.0,12.7,12.79,28218
COMSYN,20261009,255.5,263.45,252.7,261.15,137457
CONCOR,20261009,435.05,446.65,434.3,442.0,493953
CONCORDBIO,20261009,1336.0,1370.0,1326.0,1361.4,128354
CONFIPET,20261009,85.75,86.25,83.5,83.67,2054817
CONS,20261009,11.13,11.26,11.13,11.26,5610
CONSOFINVT,20261009,280.65,290.0,280.0,285.65,4219
CONSUMAXIS,20261009,111.65,112.71,111.65,112.45,509
CONSUMBEES,20261009,121.38,122.26,120.01,121.95,103571
CONSUMER,20261009,11.21,11.21,10.97,11.09,150572
CONSUMIETF,20261009,111.69,113.55,111.69,113.44,4569
CONTROLPR,20261009,618.0,625.0,605.0,611.35,17301
CORALFINAC,20261009,30.8,31.4,30.05,30.73,21430
CORDELIA,20261009,104.5,106.5,100.21,100.98,2341280
CORDSCABLE,20261009,301.35,304.5,286.25,287.2,63517
COROMANDEL,20261009,1673.0,1709.0,1651.1,1703.4,229839
CORONA,20261009,2000.0,2039.0,1960.0,2024.0,13287
COSMOFIRST,20261009,812.7,818.0,792.25,813.05,26057
COUNCODOS,20261009,6.27,6.41,6.2,6.39,79391
CPCAP,20261009,156.0,156.0,145.7,146.39,61197
CPEDU,20261009,180.0,184.52,180.0,183.95,1289
CPL,20261009,60.78,61.5,59.28,61.04,27033
CPPLUS,20261009,4021.2,4262.4,3920.0,4185.2,887678
CPSEETF,20261009,89.32,89.32,86.9,87.85,609342
CRAFTSMAN,20261009,10051.0,10243.0,10000.0,10183.0,25800
CRAMC,20261009,222.01,223.79,219.0,219.95,476028
CRAVATEX,20261009,337.0,364.75,336.2,344.85,150
CREATIVEYE,20261009,6.06,6.34,5.92,6.09,10476
CREDITACC,20261009,1263.4,1293.3,1250.4,1267.5,158963
CREST,20261009,347.2,364.0,347.15,358.35,817
CRESTO,20261009,20.0,21.0,19.72,21.0,12832
CRISIL,20261009,4405.0,4448.8,4356.1,4423.8,17221
CRIZAC,20261009,163.5,167.15,159.05,162.94,127093
CROMPTON,20261009,205.39,210.43,204.5,205.11,3010374
CROWN,20261009,110.4,111.6,108.6,111.33,5504
CRSL,20261009,2.07,2.15,2.0,2.07,315515
CSBBANK,20261009,301.9,304.25,299.3,300.35,338115
CSLFINANCE,20261009,203.01,205.99,202.06,203.28,15817
CSM,20261009,92.0,92.18,88.3,89.5,72148
CTE,20261009,36.52,38.24,36.52,37.74,6125
CUB,20261009,221.85,233.0,221.47,231.42,3671884
CUBEXTUB,20261009,163.0,173.53,157.01,173.53,314406
CUMMINSIND,20261009,4740.9,4859.0,4671.1,4830.0,429821
CUPID,20261009,358.65,368.0,331.0,366.1,33720165
CURAA,20261009,67.0,72.0,67.0,70.94,39
CYBERMEDIA,20261009,17.53,18.66,17.45,17.52,12147
CYBERTECH,20261009,130.6,135.29,130.17,131.58,20304
CYIENT,20261009,1086.5,1182.0,1086.5,1158.8,4226963
CYIENTDLM,20261009,977.0,988.8,941.6,952.35,335996
DABUR,20261009,377.2,387.35,376.6,386.7,886309
DAICHI,20261009,321.95,328.0,309.0,309.95,658
DALBHARAT,20261009,1600.9,1615.7,1591.9,1598.6,21444
DALMIASUG,20261009,428.0,448.0,427.45,435.55,246867
DAMCAPITAL,20261009,142.13,145.85,139.59,143.45,204761
DAMODARIND,20261009,26.21,27.0,26.21,26.94,1857
DANGEE,20261009,3.2,3.3,3.07,3.2,40338
DATAMATICS,20261009,745.0,750.7,734.0,745.8,32054
DATAPATTNS,20261009,4117.1,4133.0,4047.2,4084.8,285002
DAVANGERE,20261009,2.28,2.32,2.23,2.26,5051063
DBCORP,20261009,169.0,174.0,167.4,172.95,64126
DBEIL,20261009,6.37,6.66,6.1,6.38,143046
DBL,20261009,397.4,401.2,393.1,395.65,75875
DBOL,20261009,142.51,145.0,135.61,141.33,757711
DBREALTY,20261009,85.97,85.99,83.44,84.98,786974
DBSTOCKBRO,20261009,32.29,33.5,30.42,31.99,14768
DCAL,20261009,147.75,151.79,145.37,149.68,134069
DCBBANK,20261009,196.8,208.4,196.8,203.79,2106232
DCI,20261009,352.0,352.0,337.55,341.05,22551
DCM,20261009,70.8,71.4,67.75,71.17,5583
DCMFINSERV,20261009,4.89,5.3,4.75,4.81,26624
DCMNVL,20261009,167.94,173.8,164.0,170.0,2646
DCMSHRIRAM,20261009,955.8,973.0,944.9,955.55,44697
DCMSIL,20261009,74.65,78.0,74.65,76.02,67968
DCMSRIND,20261009,38.5,39.18,38.3,38.91,102637
DCW,20261009,44.74,45.01,43.5,44.19,1093719
DCXINDIA,20261009,153.21,153.21,147.6,150.41,685617
DDEVPLSTIK,20261009,246.5,246.98,242.11,244.17,76137
DECCANCE,20261009,548.0,558.15,530.35,547.75,17204
DECNGOLD,20261009,192.0,199.9,187.34,197.53,930337
DEEDEV,20261009,624.8,624.8,597.4,604.15,202654
DEEP,20261009,41.0,41.29,38.4,40.87,7550
DEEPA,20261009,236.0,249.9,229.51,245.53,8983959
DEEPAKFERT,20261009,1390.0,1408.4,1376.1,1392.6,211841
DEEPAKNTR,20261009,1585.0,1634.0,1585.0,1621.9,371537
DEEPINDS,20261009,775.0,777.0,743.0,746.4,251986
DEFENCE,20261009,72.88,76.27,72.88,75.32,137782
DELHIVERY,20261009,400.0,403.0,393.9,400.5,1476920
DELPHIFX,20261009,7.59,7.59,7.31,7.31,61318
DELTACORP,20261009,78.32,82.74,76.0,81.31,11493641
DELTAMAGNT,20261009,56.2,56.25,54.12,55.03,1564
DEN,20261009,25.25,26.25,25.02,25.85,372064
DENORA,20261009,709.5,720.4,702.85,706.0,4028
DENTA,20261009,259.0,263.9,258.05,259.8,45015
DEVIT,20261009,19.3,21.0,18.61,19.39,112812
DEVX,20261009,39.02,40.3,38.53,39.92,154302
DEVYANI,20261009,124.17,126.35,121.2,123.59,2254134
DGCONTENT,20261009,23.01,23.56,22.5,23.52,22457
DHABRIYA,20261009,494.0,494.0,467.2,468.8,5415
DHAMPURSUG,20261009,183.0,188.64,183.0,184.58,547287
DHANBANK,20261009,32.5,34.34,31.67,33.96,3865722
DHANUKA,20261009,887.55,897.65,851.0,860.0,124970
DHARAN,20261009,0.14,0.14,0.13,0.13,5832121
DHARMAJ,20261009,265.1,266.9,256.35,259.45,33723
DHATRE,20261009,3.9,3.99,3.8,3.87,16334
DHOOTTRANS,20261009,1440.0,1489.2,1408.7,1447.3,765002
DHRUV,20261009,21.3,23.03,21.3,23.03,17086
DHUNINV,20261009,933.0,933.0,908.0,911.65,653
DIACABS,20261009,370.0,385.0,357.55,380.95,1168361
DIAMINESQ,20261009,235.0,240.0,233.0,235.01,1234
DIAMONDYD,20261009,1041.1,1058.0,1022.3,1049.4,25734
DICIND,20261009,595.4,612.75,595.4,603.1,257
DIFFNKG,20261009,441.0,441.0,422.0,428.25,123016
DIGIDRIVE,20261009,17.89,18.2,17.7,18.1,13825
DIGISPICE,20261009,14.77,16.41,14.77,15.62,70276
DIGITIDE,20261009,72.39,72.44,69.1,69.9,431104
DIGJAMLMTD,20261009,45.23,47.6,45.23,47.55,492
DISAQ,20261009,11670.0,11680.0,11350.0,11385.0,12
DISHTV,20261009,2.08,2.09,2.02,2.05,1993181
DIVGIITTS,20261009,1030.0,1038.9,1005.0,1016.3,63693
DIVIDEND,20261009,33.2,33.42,33.18,33.36,1485
DIVISLAB,20261009,9417.0,9460.5,9273.0,9340.0,378861
DIVOPPBEES,20261009,71.9,71.92,70.43,71.78,42871
DIXON,20261009,12730.0,12875.0,12602.0,12774.0,164138
DJML,20261009,72.95,72.99,70.61,72.05,32280
DLF,20261009,638.95,650.4,634.45,648.6,1531100
DLINKINDIA,20261009,409.8,413.8,403.55,407.1,34562
DMART,20261009,3577.9,3603.9,3497.7,3516.8,490650
DMCC,20261009,342.0,347.95,328.8,332.7,136035
DNAMEDIA,20261009,2.44,2.48,2.4,2.43,9600
DODLA,20261009,1007.0,1008.8,994.1,995.7,13027
DOLATALGO,20261009,60.0,60.55,58.36,59.58,205893
DOLLAR,20261009,279.0,282.0,269.6,271.5,72715
DOLLEX,20261009,37.58,37.98,36.0,37.16,17378
DOLPHIN,20261009,647.6,651.45,614.0,640.05,62921
DOMS,20261009,2066.8,2067.1,2041.0,2059.4,13281
DONEAR,20261009,79.7,81.39,79.6,81.1,2484
DPABHUSHAN,20261009,2259.0,2408.5,2222.1,2363.8,295689
DPSCLTD,20261009,6.25,6.25,6.1,6.14,106115
DPWIRES,20261009,216.99,233.9,216.99,224.88,119374
DRAGARWQ,20261009,5180.0,5180.0,5106.5,5161.5,421
DRCSYSTEMS,20261009,12.79,13.0,12.54,12.85,13352
DREAMFOLKS,20261009,60.45,60.45,59.02,59.61,32548
DREDGECORP,20261009,907.3,913.9,881.05,884.95,59481
DRREDDY,20261009,1180.0,1200.8,1172.0,1197.0,1510336
DSFCL,20261009,28.9,29.6,28.0,28.74,33871
DSKULKARNI,20261009,28.77,28.77,28.77,28.77,1
DSSL,20261009,1049.65,1049.65,988.1,1015.45,48447
DTIL,20261009,153.0,156.3,151.0,152.12,2260
DUCON,20261009,1.48,1.48,1.37,1.39,1258029
DVL,20261009,271.7,282.0,271.7,279.3,7185
DWARKESH,20261009,44.6,45.12,43.86,44.6,1107999
DYCL,20261009,427.2,428.95,417.5,420.6,167916
DYNAMATECH,20261009,13394.0,13600.0,13111.0,13321.0,14541
DYNPRO,20261009,223.23,230.96,222.31,229.42,4624
E2E,20261009,705.0,720.0,678.45,704.6,986137
EASEMYTRIP,20261009,5.8,5.83,5.72,5.76,6608890
EASTSILK,20261009,73.23,73.23,66.27,66.27,105
EASTWEST,20261009,2.3,2.35,2.23,2.27,65007
EBANK10,20261009,16.09,16.3,16.09,16.22,2018
EBANKNIFTY,20261009,55.26,56.0,55.26,55.98,4896
EBBETF0430,20261009,1611.9,1611.9,1600.56,1607.03,34106
EBBETF0431,20261009,1426.55,1437.15,1426.0,1435.45,4977
EBBETF0433,20261009,1301.0,1301.0,1295.0,1296.43,1634
EBGNG,20261009,697.25,697.5,665.0,685.5,518126
EBIX,20261009,16.75,17.47,16.02,16.28,70081
ECAPINSURE,20261009,22.99,23.39,22.62,23.07,28774
ECLERX,20261009,1846.4,1883.9,1838.1,1866.8,56337
ECORECO,20261009,410.1,418.9,401.0,402.7,5797
ECOSMOBLTY,20261009,107.9,108.95,102.21,104.66,49230
EDELWEISS,20261009,128.0,130.3,126.33,127.89,2956310
EFCIL,20261009,170.38,170.38,165.59,169.35,165939
EGOLD,20261009,147.0,148.7,147.0,148.25,59239
EICHERMOT,20261009,6815.0,7078.0,6801.0,7050.0,551231
EIDPARRY,20261009,680.05,690.95,673.1,688.9,151305
EIEL,20261009,180.96,183.49,177.27,179.96,361966
EIFFL,20261009,261.75,261.75,261.4,261.75,327
EIHAHOTELS,20261009,289.6,292.95,287.3,290.65,5486
EIHOTEL,20261009,291.25,293.5,287.55,291.3,118509
EIMCOELECO,20261009,2261.0,2328.9,2246.3,2261.8,30328
EKC,20261009,101.31,104.6,101.31,102.88,166409
EKI,20261009,81.76,82.14,78.07,78.33,24580
ELANTAS,20261009,13736.0,13976.0,13312.0,13707.0,2464
ELCIDIN,20261009,97000.0,102000.0,97000.0,101000.0,8
ELDEHSG,20261009,769.9,806.0,769.9,786.45,804
ELECON,20261009,416.95,422.6,411.75,416.4,502214
ELECTCAST,20261009,74.7,76.14,73.46,75.18,2134842
ELECTHERM,20261009,699.9,704.4,683.5,690.8,12319
ELEVATE,20261009,331.0,338.95,321.1,323.6,1390897
ELGIEQUIP,20261009,579.0,585.75,568.0,583.15,188588
ELGIRUBCO,20261009,53.4,55.0,53.4,53.8,27437
ELIN,20261009,75.0,76.55,74.1,75.03,122420
ELIQUID,20261009,1051.41,1051.43,1051.41,1051.42,13938
ELITECON,20261009,7.34,7.48,7.08,7.2,4057869
ELLEN,20261009,352.8,355.2,341.3,348.15,657106
ELM250,20261009,15.46,15.7,15.39,15.47,178243
ELMDIV,20261009,33.92,34.13,33.92,34.13,1011
ELPROINTL,20261009,174.94,174.94,172.11,172.49,4955
EMAMILTD,20261009,369.8,374.3,367.5,369.45,342137
EMAMIPAP,20261009,113.16,117.0,109.64,115.49,19841
EMAMIREAL,20261009,68.0,71.0,67.7,68.93,6996
EMBDL,20261009,56.85,56.85,55.1,55.51,1318375
EMCURE,20261009,1864.7,1899.0,1816.1,1833.5,59497
EMETAL,20261009,12.15,12.6,11.9,12.44,16837
EMIL,20261009,196.0,199.58,190.0,191.17,2270371
EMKAY,20261009,278.6,278.6,261.8,267.9,43208
EMMBI,20261009,83.61,86.44,83.0,83.98,5673
EMMVEE,20261009,303.0,306.9,299.0,300.05,901961
EMPIND,20261009,1005.7,1021.7,987.5,1004.0,2855
EMPOWER,20261009,1.88,1.92,1.86,1.91,36004719
EMSLIMITED,20261009,326.0,329.0,318.55,320.05,110663
EMUDHRA,20261009,570.95,586.7,568.0,570.15,290080
EMULTIMQ,20261009,39.34,40.07,39.02,39.91,18022
ENDURANCE,20261009,2433.5,2451.0,2402.0,2407.5,36304
ENERGY,20261009,36.65,36.65,35.63,36.1,138801
ENERGYAXIS,20261009,17.95,18.2,17.75,17.98,12866
ENERGYDEV,20261009,14.15,14.64,14.14,14.27,11991
ENEXT50,20261009,68.42,68.49,68.25,68.25,290
ENGINERSIN,20261009,290.0,296.9,287.65,293.1,4370925
ENIFTY,20261009,22.62,22.88,22.48,22.71,4236
ENIL,20261009,93.29,93.29,87.66,90.15,9982
ENKEIWHEL,20261009,386.0,395.0,386.0,393.85,380
ENRIN,20261009,3189.0,3190.9,3049.0,3101.0,732770
ENTERO,20261009,1699.9,1721.6,1652.6,1676.2,93478
EPACK,20261009,167.0,171.4,165.46,170.47,263696
EPACKPEB,20261009,262.0,262.5,251.84,253.62,765196
EPIGRAL,20261009,1012.2,1017.9,988.6,996.4,19953
EPL,20261009,233.9,234.25,228.75,232.43,1015678
EQUAL200,20261009,12.8,12.93,12.8,12.9,9377
EQUAL50,20261009,308.2,309.61,307.79,308.66,18721
EQUAL50ADD,20261009,317.21,323.0,316.05,319.72,24348
EQUIPPP,20261009,21.31,22.37,20.6,21.9,15936
EQUITASBNK,20261009,66.26,66.96,65.69,66.02,697889
ERIS,20261009,1155.0,1181.5,1150.0,1170.7,72434
ESABINDIA,20261009,5389.0,5400.0,5308.5,5394.5,1932
ESAFSFB,20261009,42.0,42.0,40.95,41.4,165223
ESCORTS,20261009,2757.6,2765.1,2721.3,2730.5,34161
ESDS,20261009,1422.0,1498.2,1355.6,1498.2,2079207
ESENSEX,20261009,72.86,73.4,72.64,73.07,3777
ESG,20261009,38.39,38.58,38.35,38.43,38606
ESILVER,20261009,218.23,219.77,218.18,219.07,155353
ESSARSHPNG,20261009,16.2,16.69,15.91,16.25,146766
ESSENTIA,20261009,1.01,1.02,1.0,1.0,1274847
ESTER,20261009,96.0,96.0,92.8,93.27,47439
ETERNAL,20261009,322.1,325.45,317.15,323.45,12981184
ETHOSLTD,20261009,2600.3,2650.0,2525.0,2563.1,71325
EUREKAFORB,20261009,340.1,341.9,335.0,339.0,138704
EUROBOND,20261009,137.19,142.0,131.51,134.13,1694
EUROPRATIK,20261009,173.55,178.72,171.9,176.69,78001
EUROTEXIND,20261009,14.56,14.56,14.56,14.56,9018
EVEREADY,20261009,318.3,327.0,312.55,321.15,175999
EVERESTIND,20261009,485.0,485.0,468.25,472.15,10505
EVIETF,20261009,29.46,29.63,29.06,29.54,89780
EVINDIA,20261009,29.37,29.8,29.09,29.51,170141
EXCELINDUS,20261009,919.7,930.0,912.0,923.6,6773
EXCELSOFT,20261009,81.1,82.54,80.5,81.13,316492
EXICOM,20261009,147.79,149.63,144.11,145.43,548255
EXIDEIND,20261009,394.9,397.35,391.1,394.4,891250
EXPLEOSOL,20261009,851.8,870.0,845.1,861.9,14666
EXXARO,20261009,6.28,6.28,6.02,6.09,107420
FABTECH,20261009,138.0,138.0,131.0,133.22,176633
FACT,20261009,723.6,736.45,716.1,729.4,64504
FAIRCHEMOR,20261009,728.9,760.0,712.75,748.7,43850
FAZE3Q,20261009,424.15,428.35,406.9,408.3,60047
FCL,20261009,56.08,58.45,54.95,57.94,22165919
FCSSOFT,20261009,1.38,1.47,1.36,1.42,1921900
FDC,20261009,325.9,331.85,321.3,330.15,76570
FEDDERSHOL,20261009,61.5,62.32,59.1,59.78,2104247
FEDERALBNK,20261009,321.0,331.0,320.9,330.0,5254910
FEDFINA,20261009,146.0,146.99,143.0,146.39,608211
FEL,20261009,0.36,0.37,0.36,0.36,487354
FELDVR,20261009,1.95,1.95,1.86,1.93,1897
FERMENTA,20261009,548.55,549.95,513.25,517.55,110040
FIBERWEB,20261009,26.5,26.5,25.21,25.63,12250
FIEMIND,20261009,1746.9,1768.7,1732.2,1747.7,37064
FILATEX,20261009,110.39,110.67,105.49,109.06,1524085
FILATFASH,20261009,0.18,0.19,0.18,0.18,12270671
FINCABLES,20261009,1404.8,1428.3,1377.9,1388.7,376357
FINEORG,20261009,5380.0,5460.0,5280.5,5410.5,21311
FINIETF,20261009,29.92,30.33,29.83,30.06,196315
FINKURVE,20261009,68.65,70.0,67.01,69.46,17839
FINOPB,20261009,140.0,145.3,137.51,139.42,2686762
FINPIPE,20261009,149.99,151.91,148.54,151.16,224710
FIRSTCRY,20261009,169.7,174.0,168.02,169.17,2327987
FISCHER,20261009,32.58,32.58,29.9,30.37,1144863
FIVESTAR,20261009,503.4,509.2,495.2,502.25,365773
FLAIR,20261009,225.0,225.0,220.0,220.52,40243
FLEXIADD,20261009,9.29,9.63,9.29,9.47,43237
FLEXITUFF,20261009,3.31,3.31,3.25,3.25,11917
FLFL,20261009,0.96,0.98,0.92,0.96,65670
FLUOROCHEM,20261009,4460.0,4500.0,4408.0,4476.8,87190
FMCGADD,20261009,44.55,45.49,44.44,45.15,10451
FMCGIETF,20261009,48.54,48.54,47.35,48.35,933289
FMGOETZE,20261009,435.0,454.0,430.2,443.2,139691
FMNL,20261009,8.19,8.5,7.79,8.15,13629
FOCUS,20261009,55.79,55.79,51.1,52.24,44942
FOODSIN,20261009,48.44,49.0,46.71,48.69,52092
FORCEMOT,20261009,16800.0,16944.0,16560.0,16900.0,37724
FORTIS,20261009,788.0,806.0,778.0,786.25,3638882
FOSECOIND,20261009,6373.5,6373.5,6175.0,6236.5,6442
FRACTAL,20261009,702.9,723.95,700.75,707.6,628692
FREDUN,20261009,1560.8,1638.2,1517.9,1552.3,450916
FRONTSP,20261009,1409.8,1411.9,1366.2,1378.0,13816
FSL,20261009,265.7,271.45,264.4,268.1,1996292
FUSION,20261009,162.14,166.0,161.52,164.03,325980
GABRIEL,20261009,1335.4,1385.2,1319.0,1362.2,246287
GAEL,20261009,157.0,166.0,156.28,163.43,995235
GAIL,20261009,167.07,168.47,166.31,166.64,5427059
GAJA,20261009,145.99,148.0,142.32,147.07,196637
GALAPREC,20261009,1100.0,1113.0,1050.0,1071.9,59728
GALAXYSURF,20261009,2401.1,2518.5,2387.9,2502.2,95245
GALLANTT,20261009,513.8,513.85,500.0,503.75,73498
GANDHAR,20261009,301.4,304.65,292.1,296.55,1267314
GANDHITUBE,20261009,951.6,964.75,940.05,948.65,3933
GANECOS,20261009,953.3,975.1,951.9,966.1,57461
GANESHBE,20261009,106.31,109.7,106.31,106.31,356310
GANESHCP,20261009,151.59,153.5,147.71,152.08,280524
GANESHHOU,20261009,691.8,703.45,681.3,699.5,22928
GANGAFORGE,20261009,1.53,1.53,1.45,1.48,1199220
GANGESSECU,20261009,115.99,115.99,112.0,113.97,156
GARFIBRES,20261009,760.9,768.2,753.6,765.1,27608
GARUDA,20261009,165.65,168.03,162.93,163.63,312902
GATECH,20261009,0.6,0.6,0.57,0.58,11814655
GATECHDVR,20261009,0.47,0.47,0.46,0.47,195738
GATEWAY,20261009,50.54,51.42,50.04,51.01,740838
GAUDIUMIVF,20261009,105.6,107.0,102.62,105.8,146636
GAYAHWS,20261009,1.84,1.86,1.75,1.82,131689
GAYAPROJ,20261009,20.0,21.0,19.0,21.0,1378136
GCSL,20261009,705.0,705.0,689.15,701.0,325976
GEECEE,20261009,359.75,359.75,325.5,337.8,4688
GEEKAYWIRE,20261009,32.29,32.7,31.57,32.14,65522
GEMAROMA,20261009,148.0,149.59,145.64,148.11,37518
GENCON,20261009,36.79,37.04,35.51,35.8,523878
GENESYS,20261009,278.0,284.25,275.0,276.05,342097
GENSOL,20261009,10.7,11.4,10.61,10.61,725910
GENUSPAPER,20261009,10.29,10.48,10.2,10.25,21024
GENUSPOWER,20261009,289.55,299.0,283.6,296.55,1471761
GEOJITFSL,20261009,75.06,76.8,74.73,75.55,199208
GERMAN,20261009,117.65,117.65,111.82,112.46,1145116
GESHIP,20261009,1533.0,1559.0,1525.0,1533.7,387543
GFLLIMITED,20261009,54.5,56.53,54.5,55.6,43711
GFSTEELS,20261009,42.25,42.25,42.0,42.25,5280
GHCL,20261009,388.05,388.5,382.1,386.25,86161
GHCLTEXTIL,20261009,126.25,126.74,120.65,124.05,626981
GICHSGFIN,20261009,132.0,132.55,131.0,131.53,63850
GICL,20261009,21.05,22.1,20.0,21.88,323015
GICRE,20261009,309.15,315.6,308.3,312.6,630348
GILLANDERS,20261009,104.15,108.0,99.2,100.14,12854
GILLETTE,20261009,7234.5,7262.0,7075.5,7100.5,13859
GILT10BETA,20261009,26.35,26.35,25.84,26.34,277
GILT5BETA,20261009,66.31,66.31,65.8,66.12,1643
GILT5YBEES,20261009,65.46,65.75,65.46,65.54,125631
GINNIFILA,20261009,40.7,42.0,39.72,40.75,19830
GIPCL,20261009,166.46,168.19,163.74,166.58,207735
GKB,20261009,62.5,63.78,59.99,60.28,2385
GKENERGY,20261009,115.0,115.0,112.1,113.08,193792
GKSL,20261009,181.99,185.2,180.0,184.09,448619
GKWLIMITED,20261009,1550.0,1555.2,1531.0,1544.9,6765
GLAND,20261009,3059.1,3121.9,3008.2,3061.8,181216
GLASSWALL,20261009,272.1,278.55,262.65,267.6,4902831
GLAXO,20261009,2534.4,2565.0,2485.0,2540.3,41351
GLENMARK,20261009,2207.0,2293.0,2203.0,2293.0,414339
GLFL,20261009,5.2,5.7,5.2,5.58,12606
GLOBAL,20261009,141.51,143.76,140.11,142.2,114393
GLOBALE,20261009,12.55,12.68,11.55,12.01,20066
GLOBALVECT,20261009,124.4,128.88,124.4,126.24,3710
GLOBE,20261009,2.04,2.16,2.04,2.07,431918
GLOBECIVIL,20261009,40.82,41.59,40.05,40.6,13515
GLOBUSSPR,20261009,785.0,797.6,777.3,780.95,62879
GLOSTERLTD,20261009,542.3,542.95,531.0,534.75,556
GLOTTIS,20261009,56.83,57.48,54.7,55.61,42393
GMBREW,20261009,910.0,928.5,881.55,885.75,239875
GMDCLTD,20261009,465.5,471.25,458.05,462.15,694388
GMMPFAUDLR,20261009,1348.7,1358.4,1285.5,1299.8,171311
GMRAIRPORT,20261009,88.89,92.31,88.6,92.31,65561091
GMRP&UI,20261009,97.11,100.11,97.11,98.1,598275
GNA,20261009,560.0,570.0,543.2,554.55,341444
GNFC,20261009,604.95,612.5,590.0,592.7,335320
GNRL,20261009,95.7,97.7,94.38,95.78,637233
GOACARBON,20261009,405.0,405.0,395.0,401.8,9106
GOCLCORP,20261009,362.0,364.75,354.85,357.5,35867
GOCOLORS,20261009,298.3,302.0,292.0,292.75,105541
GODAVARIB,20261009,221.0,224.08,219.07,221.26,33076
GODFRYPHLP,20261009,1777.0,1819.4,1777.0,1813.2,151621
GODIGIT,20261009,264.0,276.75,260.85,272.85,1800160
GODREJAGRO,20261009,640.0,646.3,624.2,628.45,112214
GODREJCP,20261009,867.0,873.9,858.1,860.5,619093
GODREJIND,20261009,1002.4,1004.8,982.2,985.4,53522
GODREJPROP,20261009,1541.6,1561.2,1533.1,1550.0,295279
GOKEX,20261009,651.95,672.95,650.1,667.7,138431
GOKUL,20261009,37.5,38.99,37.28,38.05,139275
GOKULAGRO,20261009,206.5,211.05,205.01,206.74,194554
GOLD1,20261009,123.5,124.27,123.21,123.98,1581956
GOLD360,20261009,145.0,145.25,144.1,144.5,6546
GOLDADD,20261009,14.39,14.47,14.35,14.43,3382332
GOLDAXIS,20261009,122.9,124.07,122.9,123.76,2679938
GOLDBEES,20261009,122.12,122.99,122.12,122.75,15608040
GOLDBETA,20261009,124.15,125.15,124.15,124.85,662302
GOLDBND,20261009,147.16,148.83,147.16,148.52,17901
GOLDCASE,20261009,23.26,23.4,23.23,23.35,10332612
GOLDENTOBC,20261009,22.08,23.18,21.72,21.74,2760
GOLDETF,20261009,143.39,144.57,143.39,144.16,3263688
GOLDIAM,20261009,306.0,310.0,303.85,305.9,189055
GOLDIETF,20261009,126.67,127.68,126.51,127.35,7639588
GOLDTECH,20261009,40.75,40.75,40.0,40.0,5548
GOODLUCK,20261009,494.1,508.4,494.1,500.25,248940
GOODYEAR,20261009,677.25,681.8,675.0,676.85,2838
GOPAL,20261009,252.55,255.35,250.05,253.35,74003
GOYALALUM,20261009,5.63,5.8,5.63,5.72,38667
GPIL,20261009,207.0,209.24,203.82,206.47,1373248
GPPL,20261009,166.64,171.2,166.07,167.9,803344
GPTHEALTH,20261009,141.0,145.8,138.18,139.62,83497
GPTINFRA,20261009,122.52,127.99,119.82,121.88,216420
GRADIENTE,20261009,2.46,2.5,2.34,2.39,1026936
GRANDOAK,20261009,37.09,39.6,34.12,37.62,12613
GRANULES,20261009,815.05,835.85,809.65,815.25,603580
GRAPHITE,20261009,806.2,816.0,791.15,806.6,896793
GRASIM,20261009,2863.8,2894.9,2857.8,2890.0,222643
GRAUWEIL,20261009,79.5,84.8,77.09,81.32,1562711
GRAVISSHO,20261009,30.61,30.61,30.61,30.61,1
GRAVITA,20261009,1510.2,1541.8,1440.1,1466.4,343285
GREAVESCOT,20261009,210.18,214.52,206.1,207.22,1007887
GREENLAM,20261009,207.8,209.8,203.21,206.34,46668
GREENPANEL,20261009,154.17,155.4,152.31,153.78,121907
GREENPLY,20261009,303.4,308.6,298.3,306.7,126215
GREENPOWER,20261009,8.35,9.7,8.27,8.56,1926503
GRINDWELL,20261009,2003.3,2025.9,1973.4,1990.6,16639
GRINFRA,20261009,785.05,797.8,779.0,787.55,12184
GRMOVER,20261009,80.0,80.75,79.01,80.02,945553
GROBTEA,20261009,892.0,892.0,889.9,889.95,22
GROWW,20261009,193.2,193.51,189.5,192.39,13619125
GROWWCAPM,20261009,11.0,11.01,10.78,10.95,274693
GROWWCHEM,20261009,28.24,28.4,27.81,28.06,10767
GROWWDEFNC,20261009,89.86,90.49,88.6,90.19,182927
GROWWEV,20261009,29.5,29.95,29.1,29.38,227142
GROWWGOLD,20261009,14.45,14.53,14.41,14.49,1724240
GROWWHOSPI,20261009,46.48,47.13,46.03,46.8,535633
GROWWLIQID,20261009,111.12,111.12,111.11,111.11,94751
GROWWLOVOL,20261009,9.8,9.8,9.6,9.69,8794
GROWWMC150,20261009,214.9,220.78,214.2,216.69,65
GROWWMETAL,20261009,11.09,11.65,11.09,11.48,559906
GROWWMOM50,20261009,10.5,10.63,10.38,10.57,112653
GROWWN200,20261009,10.74,10.78,10.5,10.62,47138
GROWWNET,20261009,9.99,10.14,9.91,9.97,374075
GROWWNIFTY,20261009,9.19,9.19,9.03,9.14,586928
GROWWNXT50,20261009,69.95,69.95,67.85,68.85,7060
GROWWPOWER,20261009,10.53,10.67,10.39,10.52,2040506
GROWWPSE,20261009,91.25,91.99,89.3,91.96,3282
GROWWPSUBK,20261009,81.95,81.95,79.8,81.32,1249
GROWWRAIL,20261009,25.56,25.7,25.3,25.55,289570
GROWWRLTY,20261009,9.03,9.1,8.87,9.01,190091
GROWWSC250,20261009,10.16,10.25,10.02,10.17,60449
GROWWSLVR,20261009,21.34,21.55,21.34,21.47,741089
GRPLTD,20261009,1735.6,1818.0,1735.0,1795.0,1095
GRSE,20261009,2033.1,2072.0,2000.0,2046.0,428518
GRWRHITECH,20261009,6929.0,7065.0,6851.5,6997.5,49095
GSEC10IETF,20261009,258.0,260.8,258.0,260.8,160
GSEC10YEAR,20261009,29.77,30.6,29.73,30.6,2531
GSEC5IETF,20261009,65.82,66.1,65.39,65.78,2721
GSFC,20261009,147.01,149.0,146.11,147.28,433474
GSLSU,20261009,28.75,28.75,26.1,26.43,119018
GSPCROP,20261009,490.05,496.35,480.0,482.9,255982
GSPLTRANS,20261009,108.0,110.04,106.17,106.19,3764841
GSS,20261009,10.33,10.34,9.9,9.94,66023
GTECJAINX,20261009,34.5,36.0,33.74,33.74,10093
GTL,20261009,6.85,6.85,6.58,6.64,218940
GTLINFRA,20261009,1.06,1.08,1.05,1.06,25081222
GTPL,20261009,55.1,56.2,54.61,55.39,12088
GUFICBIO,20261009,405.0,412.85,401.1,406.3,74116
GUJALKALI,20261009,604.55,609.25,590.2,605.45,36432
GUJAPOLLO,20261009,331.55,338.85,324.6,326.5,10419
GUJENERGY,20261009,220.0,224.4,220.0,223.7,662800
GUJRAFFIA,20261009,43.53,45.99,42.31,42.44,6091
GUJTHEM,20261009,368.05,373.6,359.6,363.5,391458
GULFOILLUB,20261009,1086.0,1088.6,1073.3,1077.3,15957
GULFPETRO,20261009,59.74,62.03,58.1,61.59,54146
GULPOLY,20261009,159.37,161.9,158.36,160.21,36117
GVKPIL,20261009,2.3,2.3,2.3,2.3,283167
GVPIL,20261009,663.45,672.7,638.6,656.65,215599
GVPTECH,20261009,7.38,7.38,7.07,7.13,30676
GVT&D,20261009,4201.0,4252.2,4101.4,4194.4,583166
GYFTR,20261009,168.05,172.78,165.51,168.63,151726
HAL,20261009,4650.0,4696.0,4590.0,4655.6,503087
HALDER,20261009,252.28,254.0,231.0,239.76,24203
HALDYNGL,20261009,138.43,140.84,136.22,139.87,51013
HALEOSLABS,20261009,1597.4,1597.4,1529.9,1563.7,903
HAMPTON,20261009,8.28,8.47,7.67,7.9,13633
HAPPSTMNDS,20261009,302.6,310.5,302.3,306.1,639365
HAPPYFORGE,20261009,1959.9,1988.9,1906.2,1922.6,72271
HARDWYN,20261009,9.19,9.36,9.06,9.19,416077
HARIOMPIPE,20261009,328.4,337.95,322.0,334.85,95998
HARRMALAYA,20261009,170.0,172.9,166.36,172.2,2910
HARSHA,20261009,444.0,448.55,430.2,441.95,92560
HATHWAY,20261009,9.21,9.86,9.21,9.75,2568862
HATSUN,20261009,1135.2,1135.2,1113.4,1121.8,15366
HAVELLS,20261009,1019.0,1044.0,1017.9,1041.5,612108
HAVISHA,20261009,1.59,1.59,1.42,1.44,37058
HAWKINCOOK,20261009,8000.0,8044.0,7880.0,8014.0,1118
HAZOOR,20261009,17.34,17.39,16.11,16.27,523668
HBESD,20261009,75.0,77.5,74.4,74.43,4150
HBLENGINE,20261009,730.0,734.2,717.1,719.05,846425
HBPOR,20261009,64.75,64.75,59.5,61.12,287
HBSL,20261009,54.44,57.55,53.1,57.4,136
HCC,20261009,18.81,19.2,18.35,19.01,16705845
HCG,20261009,623.9,628.0,583.2,589.2,701717
HCL-INSYS,20261009,9.93,10.05,9.91,10.0,109536
HCLTECH,20261009,1176.9,1221.0,1175.0,1216.7,2934650
HDBFS,20261009,588.95,592.0,585.0,588.65,484652
HDFCAMC,20261009,2248.6,2291.7,2232.3,2262.5,934253
HDFCBANK,20261009,696.6,710.15,695.3,707.25,18397972
HDFCBSE500,20261009,34.97,37.47,34.8,35.56,828909
HDFCGOLD,20261009,126.04,127.06,126.04,126.81,2951998
HDFCGROWTH,20261009,108.44,109.61,108.16,108.82,28041
HDFCLIFE,20261009,548.7,562.35,547.35,556.65,2712798
HDFCLIQUID,20261009,1081.65,1081.67,1081.65,1081.65,25523
HDFCLOWVOL,20261009,19.03,19.22,18.98,19.1,2734
HDFCMID150,20261009,21.7,22.0,21.59,21.93,327206
HDFCMOMENT,20261009,29.36,29.63,29.0,29.53,128558
HDFCNEXT50,20261009,69.44,69.92,68.99,69.63,126753
HDFCNIF100,20261009,24.37,24.42,24.15,24.37,15460
HDFCNIFBAN,20261009,56.48,57.17,56.41,57.01,418982
HDFCNIFIT,20261009,29.56,30.74,29.56,30.52,491649
HDFCNIFTY,20261009,244.82,260.0,244.82,254.97,101302
HDFCNIMEG,20261009,118.0,120.8,118.0,119.8,82752
HDFCPSUBK,20261009,79.94,82.27,79.94,82.14,36831
HDFCPVTBAN,20261009,27.46,27.9,27.44,27.74,154894
HDFCQUAL,20261009,54.17,56.9,54.17,55.43,7205
HDFCSENSEX,20261009,82.07,82.81,81.51,82.48,45136
HDFCSILVER,20261009,208.4,210.16,208.34,209.56,1133017
HDFCSML250,20261009,177.26,177.97,174.61,177.14,1366724
HDFCVALUE,20261009,117.56,118.61,117.06,118.23,2790
HDIL,20261009,1.48,1.49,1.41,1.44,84367
HEADSUP,20261009,6.59,6.59,5.95,6.02,22741
HEALTHADD,20261009,15.91,16.09,15.82,16.02,5645
HEALTHAXIS,20261009,159.69,162.0,159.69,161.95,7351
HEALTHCARE,20261009,20.69,20.78,20.48,20.71,27120
HEALTHIETF,20261009,161.82,163.24,160.64,162.08,225514
HEALTHX,20261009,303.0,303.0,286.0,291.25,2562
HEALTHY,20261009,15.9,16.49,15.9,16.29,185111
HECPROJECT,20261009,111.0,117.1,111.0,112.02,12582
HEGAM,20261009,238.1,239.0,229.01,233.56,1329186
HEIDELBERG,20261009,126.98,126.98,123.76,124.27,197778
HEMIPROP,20261009,110.0,111.01,108.15,110.35,231973
HERANBA,20261009,163.21,165.05,160.2,162.05,42463
HERITGFOOD,20261009,387.5,392.5,383.0,390.15,200716
HEROMOTOCO,20261009,4864.0,4953.0,4825.0,4895.5,305913
HEROMOTORS,20261009,164.7,165.0,152.05,158.48,30346470
HESTERBIO,20261009,2067.5,2090.9,2030.5,2058.7,2598
HEXAGON,20261009,69.9,70.0,67.12,69.43,192517
HEXATRADEX,20261009,158.0,158.5,154.16,157.02,2418
HEXT,20261009,533.0,574.5,526.2,538.5,30418657
HFCL,20261009,252.0,269.0,245.4,260.4,9090217
HGINFRA,20261009,402.25,407.2,398.6,401.75,87029
HGM,20261009,40.59,40.59,38.23,39.45,1972
HGS,20261009,355.2,361.8,351.55,355.55,13308
HIKAL,20261009,214.98,217.0,211.3,213.66,293602
HILINFRA,20261009,48.0,50.4,47.48,49.59,308271
HILTON,20261009,16.69,16.69,16.05,16.19,63427
HIMATSEIDE,20261009,60.35,61.13,58.95,59.52,784019
HINDADH,20261009,386.0,388.1,376.15,388.0,2062
HINDALCO,20261009,893.85,900.6,886.8,900.35,3499215
HINDALUMI,20261009,90.4,90.4,89.5,89.5,344
HINDCOMPOS,20261009,418.0,440.9,418.0,426.85,48303
HINDCON,20261009,28.46,29.89,28.46,28.46,106599
HINDCOPPER,20261009,470.0,473.9,462.25,468.85,4386003
HINDOILEXP,20261009,168.57,170.68,166.31,169.34,324790
HINDPETRO,20261009,330.4,331.8,323.25,326.0,6392568
HINDUNILVR,20261009,1843.5,1868.9,1839.1,1856.7,1300930
HINDWAREAP,20261009,169.02,171.15,166.82,170.5,40792
HINDZINC,20261009,537.0,547.0,531.1,543.5,2024919
HIRECT,20261009,1110.0,1144.6,1083.5,1113.7,47706
HISARMETAL,20261009,144.27,145.22,142.05,142.93,1846
HITECH,20261009,71.23,71.74,70.19,70.94,429718
HITECHCORP,20261009,348.4,353.0,345.05,350.8,46271
HITECHGEAR,20261009,567.0,575.0,551.3,573.05,1016
HLEGLAS,20261009,430.2,438.65,423.7,423.7,215922
HLVLTD,20261009,6.06,6.32,6.01,6.11,108016
HMAAGRO,20261009,23.7,23.96,22.68,23.28,1129587
HMT,20261009,55.0,56.48,54.26,54.95,13187
HMVL,20261009,74.99,75.85,72.17,74.08,112571
HNDFDS,20261009,569.45,577.15,565.1,573.0,20162
HNGSNGBEES,20261009,460.21,461.0,454.36,460.89,34905
HOMEFIRST,20261009,1072.0,1097.7,1070.6,1076.6,105063
HONASA,20261009,470.75,474.7,465.3,468.7,356252
HONAUT,20261009,32555.0,32905.0,32310.0,32495.0,2188
HONDAPOWER,20261009,1855.0,1855.0,1820.0,1827.0,3954
HORIZONIND,20261009,48.45,49.67,48.02,49.05,1969905
HPAL,20261009,33.5,34.24,32.99,33.9,37743
HPIL,20261009,118.3,118.45,117.5,118.45,247
HPL,20261009,256.65,260.95,253.5,257.9,71601
HRYNSHP,20261009,93.41,97.88,92.0,92.61,909
HSBCGOLD,20261009,128.49,129.5,128.49,129.34,10808
HSCL,20261009,662.0,665.45,650.1,659.95,1229039
HTEL,20261009,95.79,95.79,89.0,90.37,6083687
HTMEDIA,20261009,21.91,22.55,21.91,22.26,17441
HUBTOWN,20261009,156.17,157.88,153.86,155.42,445395
HUDCO,20261009,157.49,160.0,156.42,159.75,1603099
HUHTAMAKI,20261009,225.0,227.4,222.86,225.25,76227
HYBRIDETF,20261009,9.69,9.73,9.69,9.73,3542
HYBRIDFIN,20261009,18.0,18.25,17.2,17.62,8495
HYUNDAI,20261009,1929.0,1944.4,1897.2,1940.0,392721
IBULLSLTD,20261009,35.3,37.28,33.72,36.62,36655938
ICDSLTD,20261009,45.0,45.0,41.31,41.89,1812
ICEMAKE,20261009,659.95,663.8,641.25,661.0,20001
ICICIAMC,20261009,3055.2,3088.6,3014.0,3030.3,301279
ICICIB22,20261009,106.52,108.5,106.37,108.11,132833
ICICIBANK,20261009,1355.4,1359.4,1342.3,1355.0,5507667
ICICIGI,20261009,1625.0,1699.4,1620.0,1690.2,1546424
ICICIPRULI,20261009,454.1,464.65,452.9,460.55,669480
ICIL,20261009,449.0,457.7,433.3,436.3,314190
ICRA,20261009,4284.5,4440.0,4266.1,4424.8,14125
IDBI,20261009,83.85,84.44,81.95,83.09,6715116
IDEA,20261009,12.9,13.11,12.86,13.0,253450627
IDEAFORGE,20261009,663.0,683.45,649.15,668.6,207565
IDFCFIRSTB,20261009,78.34,79.8,78.12,79.52,8635723
IDFNIFTYET,20261009,247.94,249.65,247.85,249.08,549
IEX,20261009,104.0,105.55,103.81,104.78,3369146
IFBAGRO,20261009,846.0,867.6,845.0,862.0,3552
IFBIND,20261009,1181.6,1190.9,1149.9,1161.0,25962
IFCI,20261009,67.5,68.77,65.69,67.35,71521523
IFGLEXPOR,20261009,179.5,188.76,179.5,180.51,24653
IGARASHI,20261009,394.4,399.25,388.25,396.1,22253
IGCL,20261009,56.73,56.73,54.63,55.09,348212
IGIL,20261009,307.95,311.5,304.1,309.05,380286
IGL,20261009,142.0,147.74,140.72,146.15,2395557
IGPL,20261009,565.5,576.95,561.65,566.8,47220
IIFL,20261009,580.45,605.5,580.45,597.7,2000049
IIFLCAPS,20261009,343.0,348.0,343.0,343.75,632545
IITL,20261009,130.11,130.2,123.0,125.67,111825
IKIO,20261009,181.05,185.56,176.28,179.27,193297
IKS,20261009,1745.0,1773.9,1708.1,1716.6,132974
IL&FSENGG,20261009,38.57,39.5,38.0,38.5,10217
IL&FSTRANS,20261009,2.12,2.15,2.02,2.05,85168
IMAGICAA,20261009,47.0,47.41,46.19,46.86,287050
IMFA,20261009,1160.2,1192.0,1157.6,1182.5,67063
IMPAL,20261009,996.0,1010.0,980.0,1007.4,1477
INA,20261009,79.72,81.74,78.0,79.67,565012
INCREDIBLE,20261009,30.59,31.89,30.06,31.45,5240
INDBANK,20261009,25.79,26.0,25.04,25.58,30212
INDGN,20261009,586.0,590.1,571.45,580.1,334971
INDHOTEL,20261009,712.5,723.45,709.75,715.65,1043907
INDIACEM,20261009,293.15,299.0,291.55,297.45,140167
INDIAGLYCO,20261009,359.0,360.0,327.0,329.6,1266097
INDIAMART,20261009,1594.3,1625.0,1575.5,1606.8,65546
INDIANB,20261009,816.0,831.45,808.0,829.8,1471855
INDIANCARD,20261009,180.95,188.0,178.2,182.61,3615
INDIANHUME,20261009,337.0,349.4,337.0,342.2,18186
INDIASHLTR,20261009,650.95,656.75,635.95,643.45,32404
INDIGO,20261009,4821.0,4884.0,4783.0,4833.0,1418223
INDIGOPNTS,20261009,1028.2,1045.7,1020.0,1022.7,26415
INDIQUBE,20261009,190.41,195.9,187.51,194.47,33184
INDNIPPON,20261009,1187.4,1209.4,1166.6,1188.0,36800
INDOAMIN,20261009,150.8,159.4,145.35,157.72,575379
INDOBORAX,20261009,482.2,484.6,472.0,476.2,42463
INDOCO,20261009,236.9,241.0,228.25,230.7,212368
INDOFARM,20261009,134.1,136.0,132.54,133.54,54275
INDOKEM,20261009,691.1,692.0,600.0,619.1,134575
INDOMIM,20261009,1262.0,1299.0,1244.8,1272.6,1258559
INDORAMA,20261009,88.99,94.3,87.1,92.39,1404729
INDOSTAR,20261009,196.0,197.08,187.8,188.95,205760
INDOTECH,20261009,3150.0,3224.0,3065.0,3121.7,19628
INDOTHAI,20261009,36.76,37.69,36.75,36.75,1757861
INDOUS,20261009,72.75,74.7,71.5,73.96,10129
INDOWIND,20261009,8.41,8.5,8.21,8.28,98457
INDPRUD,20261009,6250.0,6400.0,6225.0,6300.0,131
INDRAMEDCO,20261009,320.0,331.8,319.9,329.05,145432
INDSWFTLAB,20261009,367.0,375.7,350.0,360.9,600512
INDTERRAIN,20261009,29.22,29.5,29.15,29.25,10376
INDUSINDBK,20261009,868.0,869.35,858.0,861.65,1131803
INDUSTOWER,20261009,378.0,382.0,375.0,380.85,2726912
INFOBEAN,20261009,146.18,164.66,146.11,156.19,3935996
INFOMEDIA,20261009,5.45,5.58,5.22,5.46,15430
INFRA,20261009,11.36,11.36,11.1,11.22,17306
INFRABEES,20261009,881.82,898.0,878.0,889.52,5890
INFRAIETF,20261009,88.52,88.8,87.43,88.35,48921
INFY,20261009,1007.3,1030.9,1007.3,1023.4,14094234
INGERRAND,20261009,3999.0,4059.1,3955.1,4026.5,7859
INNOVACAP,20261009,1129.5,1140.0,1104.0,1110.0,56717
INNOVANA,20261009,286.0,304.8,280.95,301.5,20653
INNOVISION,20261009,253.15,254.9,249.95,252.1,9774
INOXGREEN,20261009,117.04,135.0,112.0,128.92,73589336
INOXINDIA,20261009,2040.0,2079.0,1980.0,2056.9,142672
INOXWIND,20261009,63.32,67.3,62.78,66.65,37432425
INSECTICID,20261009,569.2,585.0,567.65,581.3,5085
INSPIRISYS,20261009,84.0,86.0,83.0,84.99,1117
INSURADD,20261009,14.59,14.95,14.5,14.71,23542151
INSUREIETF,20261009,14.57,14.93,14.52,14.77,20866065
INTELLECT,20261009,573.15,593.7,572.05,584.1,1238813
INTENTECH,20261009,80.55,82.0,79.11,79.75,8936
INTERARCH,20261009,1690.0,1712.0,1666.0,1700.1,42377
INTERNET,20261009,13.47,13.99,13.38,13.69,424022
INTLCONV,20261009,80.0,80.5,77.0,77.15,77957
INVENTURE,20261009,0.83,0.83,0.81,0.81,498260
INVPRECQ,20261009,1470.0,1550.0,1470.0,1546.5,3727
IOB,20261009,30.48,30.79,30.21,30.58,2149589
IOC,20261009,126.05,127.13,125.64,126.35,7316124
IOLCP,20261009,206.1,211.0,199.38,201.15,2768843
IONEXCHANG,20261009,392.15,394.1,383.6,390.75,121644
IPCALAB,20261009,1942.9,1952.5,1905.0,1915.4,94285
IPL,20261009,128.79,129.71,127.67,128.95,111265
IPRINGLTD,20261009,138.23,141.0,138.23,140.9,2218
IRB,20261009,17.81,17.87,17.36,17.48,12226657
IRCON,20261009,103.8,105.12,102.67,104.56,1958162
IRCTC,20261009,450.4,464.8,448.4,458.8,1257448
IREDA,20261009,103.86,105.07,103.6,104.4,3140513
IRFC,20261009,74.3,75.2,74.06,74.7,10148242
IRIS,20261009,212.68,220.49,212.52,214.82,28227
IRISDOREME,20261009,58.8,61.98,57.12,59.81,886583
IRMENERGY,20261009,258.05,259.25,254.0,255.8,33007
ISFT,20261009,95.6,101.5,93.55,100.05,26133
ISGEC,20261009,920.0,935.0,900.1,909.7,108132
ISHANCH,20261009,47.45,47.45,44.03,45.3,21631
ISTLTD,20261009,639.0,655.0,612.0,625.7,578
IT,20261009,30.14,31.98,30.14,31.73,832173
ITADD,20261009,29.67,30.61,29.5,30.37,62657
ITAXIS,20261009,310.38,316.99,302.81,313.86,115525
ITBEES,20261009,31.0,31.94,30.75,31.84,17610279
ITBETA,20261009,296.0,301.9,288.57,293.8,1401
ITC,20261009,255.45,268.05,255.1,266.0,31030528
ITCHOTELS,20261009,155.3,157.76,154.3,154.52,1783964
ITDC,20261009,663.0,669.6,655.25,658.2,70374
ITETF,20261009,29.31,30.49,29.3,30.35,693859
ITI,20261009,238.2,241.85,236.53,240.13,120588
ITIETF,20261009,31.55,31.99,30.77,31.87,905841
ITL,20261009,390.0,390.0,350.1,364.4,1563
IVALUE,20261009,230.02,235.0,226.21,232.43,130805
IVC,20261009,7.85,8.5,7.7,7.86,190794
IVP,20261009,222.99,223.95,213.02,220.31,17018
IVZINGOLD,20261009,129.0,130.5,128.55,129.9,64185
IVZINNIFTY,20261009,262.97,262.97,256.2,259.2,2290
IVZSENSEX,20261009,70.06,73.3,70.06,72.79,804
IWP,20261009,36.02,37.4,34.2,35.97,18190
IXIGO,20261009,154.33,154.65,149.5,150.75,1974978
IZMO,20261009,880.0,880.0,850.7,858.25,63439
J&KBANK,20261009,135.83,139.08,135.54,138.23,1951857
JAGRAN,20261009,61.71,61.89,61.11,61.49,69668
JAGSNPHARM,20261009,228.64,232.4,224.5,225.6,50851
JAIBALAJI,20261009,68.8,69.5,66.02,68.4,992053
JAICORPLTD,20261009,86.46,87.42,84.21,86.03,329027
JAINREC,20261009,289.1,291.35,278.75,288.7,867711
JAIPURKURT,20261009,33.0,33.0,29.0,29.59,120119
JAMNAAUTO,20261009,148.0,148.87,142.0,142.67,2217616
JARO,20261009,405.0,408.35,397.7,405.0,97211
JASH,20261009,569.95,582.65,552.0,560.95,266390
JAYAGROGN,20261009,210.0,215.11,209.8,212.86,8719
JAYBARMARU,20261009,129.75,129.75,124.5,126.68,603495
JAYKAY,20261009,242.0,246.05,228.84,230.5,998954
JAYNECOIND,20261009,92.25,92.81,90.27,91.4,1979706
JAYSREETEA,20261009,83.08,83.08,81.1,81.95,15269
JBMA,20261009,530.0,534.55,523.25,528.6,141965
JENBURPH,20261009,963.0,963.0,944.25,947.1,924
JETFREIGHT,20261009,18.81,19.85,18.81,19.63,60638
JGCHEM,20261009,638.7,650.95,625.3,630.75,206108
JHS,20261009,9.3,9.98,9.15,9.55,172341
JINDALPHOT,20261009,1043.8,1043.8,1020.0,1021.6,899
JINDALPOLY,20261009,640.0,658.0,631.05,646.8,8049
JINDALSAW,20261009,269.05,272.45,264.7,269.6,1252076
JINDALSTEL,20261009,1014.7,1029.2,1006.1,1016.7,1388342
JINDRILL,20261009,576.05,584.95,570.1,572.35,83583
JINDWORLD,20261009,42.7,43.62,42.15,42.62,1502196
JIOFIN,20261009,211.0,215.75,210.75,214.62,13554417
JISLDVREQS,20261009,19.0,20.5,18.52,19.55,25675
JISLJALEQS,20261009,26.9,27.39,26.63,27.02,2218856
JITFINFRA,20261009,275.9,275.9,265.1,268.25,15241
JKCEMENT,20261009,4970.0,4974.0,4853.5,4874.0,39703
JKIL,20261009,434.3,436.65,425.0,431.45,83948
JKIPL,20261009,103.48,113.82,99.01,113.4,105309
JKLAKSHMI,20261009,469.0,476.0,464.85,467.3,121018
JKPAPER,20261009,369.15,372.75,360.55,365.5,315900
JKTYRE,20261009,331.0,334.75,327.0,333.4,277241
JLHL,20261009,247.1,257.3,247.1,255.7,81734
JMA,20261009,86.79,87.3,85.0,85.48,16448
JMFINANCIL,20261009,121.04,122.17,116.9,117.82,2691543
JNKINDIA,20261009,431.25,434.9,417.0,424.35,94181
JNPR,20261009,277.15,278.45,270.5,275.25,407817
JOCIL,20261009,144.0,147.35,142.65,144.2,486
JPOLYINVST,20261009,870.0,945.0,870.0,936.4,6814
JPPOWER,20261009,14.31,14.62,14.12,14.53,37604579
JSFB,20261009,484.1,502.7,484.1,489.35,590922
JSIPL,20261009,165.1,174.95,161.01,167.84,4432023
JSL,20261009,710.0,714.45,702.9,709.05,260251
JSLL,20261009,381.0,388.8,359.75,385.15,3255837
JSWCEMENT,20261009,112.91,113.03,110.73,112.43,1238038
JSWDULUX,20261009,2990.0,3029.5,2978.1,3005.1,12749
JSWENERGY,20261009,467.15,468.9,461.0,462.3,1015759
JSWHL,20261009,11213.0,11379.0,11120.0,11346.0,38141
JSWINFRA,20261009,335.0,342.55,333.0,338.75,3524783
JSWSTEEL,20261009,1185.0,1192.0,1163.3,1168.0,1084351
JTEKTINDIA,20261009,112.42,114.08,111.3,111.75,106844
JTLIND,20261009,85.4,85.85,81.63,83.98,4169556
JUBLCPL,20261009,1930.0,1952.4,1875.0,1906.8,5201
JUBLFOOD,20261009,428.0,431.65,421.25,422.75,1804965
JUBLINGREA,20261009,621.0,628.55,612.3,625.8,309836
JUBLPHARMA,20261009,940.4,950.0,917.6,931.9,123186
JUNIORBEES,20261009,738.3,740.28,730.25,738.11,428420
JUNIPER,20261009,211.81,216.86,211.81,214.58,63859
JUSTDIAL,20261009,630.0,652.05,630.0,648.05,126838
JWL,20261009,215.0,218.75,213.2,214.4,684668
JYOTHYLAB,20261009,187.45,188.58,183.7,187.94,281120
JYOTICNC,20261009,1010.0,1028.0,983.2,999.7,492521
JYOTIRES,20261009,838.0,850.0,834.65,839.1,5333
JYOTISTRUC,20261009,8.85,9.09,8.75,8.93,3686282
KABRAEXTRU,20261009,770.0,808.0,761.0,795.9,59300
KAJARIACER,20261009,1206.3,1230.0,1204.0,1215.4,233411
KAKATCEM,20261009,103.0,103.01,97.05,99.03,4235
KALAMANDIR,20261009,74.3,75.38,73.72,75.14,271674
KALPATARU,20261009,264.6,265.45,259.0,260.9,21897
KALYANIFRG,20261009,886.0,886.0,846.5,860.95,2138
KALYANKJIL,20261009,556.1,559.95,550.05,554.0,3811128
KAMAHOLD,20261009,2262.5,2262.5,2222.2,2242.2,859
KAMANWALA,20261009,16.5,17.0,16.5,16.5,2083
KAMATHOTEL,20261009,255.0,257.0,243.62,251.05,74158
KAMDHENU,20261009,36.71,37.23,35.68,36.47,1146557
KAMOPAINTS,20261009,4.13,4.13,4.02,4.06,155064
KANANIIND,20261009,1.3,1.31,1.29,1.3,97242
KANCHI,20261009,375.0,377.4,365.0,369.4,228
KANCOTEA,20261009,49.5,54.85,49.5,54.85,21
KANOHAR,20261009,1163.0,1163.8,1094.0,1137.3,10750937
KANORICHEM,20261009,182.0,182.4,170.21,174.21,13631
KANPRPLA,20261009,236.01,244.0,236.01,239.17,4182
KANSAINER,20261009,181.05,183.49,178.31,181.29,144130
KAPSTON,20261009,539.7,548.95,536.0,539.3,37336
KARAMTARA,20261009,400.7,412.85,372.45,405.9,3461243
KARMAENG,20261009,34.51,35.0,33.91,33.99,7373
KARURVYSYA,20261009,328.0,342.65,328.0,339.9,2923419
KAUSHALYA,20261009,801.0,838.0,790.0,838.0,107
KAVDEFENCE,20261009,93.0,98.2,90.11,92.19,391429
KAYA,20261009,302.9,304.5,290.2,300.0,4303
KAYNES,20261009,3259.9,3290.7,3200.1,3264.0,595137
KCP,20261009,151.51,153.4,150.0,152.23,59923
KCPSUGIND,20261009,23.95,23.95,22.91,23.65,261017
KDDL,20261009,3874.7,3941.9,3740.0,3759.2,30288
KDGREEN,20261009,49.88,50.4,47.41,49.49,105213
KEC,20261009,360.0,384.0,349.5,369.85,16496749
KECL,20261009,125.0,125.0,119.5,121.37,112381
KEEPLEARN,20261009,1.81,1.85,1.66,1.74,77621
KEI,20261009,4610.0,4626.9,4534.9,4585.0,172610
KELLTONTEC,20261009,11.9,12.1,11.8,11.97,1168359
KENNAMET,20261009,4115.1,4197.4,4056.3,4165.7,11738
KERNEX,20261009,1748.7,1766.5,1705.2,1736.3,133086
KESORAMIND,20261009,10.5,11.61,10.5,11.06,1288988
KEYFINSERV,20261009,238.0,244.49,233.18,244.0,137
KFINTECH,20261009,839.0,859.9,837.0,842.35,812371
KHADIM,20261009,110.7,115.15,110.7,115.15,29558
KHAICHEM,20261009,48.73,48.73,47.26,48.13,55113
KHAITANLTD,20261009,148.99,148.99,141.0,145.75,625
KHANDSE,20261009,17.5,17.5,16.91,17.17,168
KICL,20261009,4919.0,4919.0,4720.8,4820.6,663
KILITCH,20261009,242.5,253.99,236.2,241.61,61595
KIMS,20261009,685.0,714.9,682.5,705.5,514123
KINGFA,20261009,6888.0,6888.0,6564.5,6611.0,11588
KIOCL,20261009,350.0,365.4,346.25,358.75,205716
KIRANVYPAR,20261009,195.3,198.89,185.0,195.58,6635
KIRIINDUS,20261009,543.5,550.5,537.1,544.25,228923
KIRLFER,20261009,464.65,467.75,452.25,458.7,138783
KIRLOSBROS,20261009,1669.0,1695.4,1640.0,1690.1,37480
KIRLOSENG,20261009,2171.4,2223.6,2107.6,2210.4,298993
KIRLOSIND,20261009,3473.2,3550.0,3461.0,3512.3,2877
KIRLPNU,20261009,672.0,680.0,657.0,667.25,61968
KISSHT,20261009,373.65,376.3,367.0,369.1,609163
KITEX,20261009,116.0,117.0,113.11,115.01,228868
KJMCFIN,20261009,57.69,57.69,55.7,57.05,880
KKCL,20261009,489.9,489.9,453.3,460.1,102733
KLBRENG-B,20261009,502.1,519.2,500.6,503.25,129719
KMCSHIL,20261009,177.48,181.93,168.1,169.77,327242
KMEW,20261009,3256.7,3338.0,3115.6,3207.8,267896
KMSUGAR,20261009,25.9,26.5,25.45,26.11,51469
KNACK,20261009,204.41,209.0,199.71,207.14,2130143
KNAGRI,20261009,204.92,204.92,199.98,201.37,5025
KNRCON,20261009,111.6,114.17,110.0,112.92,1027163
KOHINOOR,20261009,29.26,29.81,28.7,29.29,63862
KOKUYOCMLN,20261009,74.65,74.65,72.0,72.65,9819
KOLTEPATIL,20261009,420.95,470.0,418.5,427.9,2348408
KOPRAN,20261009,253.4,261.05,248.1,251.05,333480
KOTAKBANK,20261009,438.0,445.25,437.85,441.0,31536992
KOTARISUG,20261009,25.61,26.39,25.6,25.8,14152
KOTHARIPET,20261009,121.1,123.25,117.55,118.43,54381
KOTHARIPRO,20261009,63.73,64.75,62.0,62.26,13166
KOTIC,20261009,157.0,165.0,155.0,162.99,232044
KOTYARK,20261009,31.3,33.2,30.45,32.28,358087
KOVAI,20261009,5897.5,5944.5,5874.0,5876.0,3377
KPEL,20261009,206.98,209.96,203.58,208.13,179829
KPIGREEN,20261009,325.1,331.1,320.75,325.3,802487
KPIL,20261009,1402.0,1409.5,1375.6,1391.9,81940
KPITTECH,20261009,473.6,489.5,473.6,479.0,1979891
KPL,20261009,3539.0,3608.7,3475.0,3564.3,13563
KPRMILL,20261009,1053.3,1061.7,1027.4,1053.8,335591
KRBL,20261009,387.0,398.8,383.4,389.2,284167
KREBSBIO,20261009,57.5,59.49,55.11,56.0,29630
KRIDHANINF,20261009,1.8,2.0,1.8,2.0,86436
KRISHANA,20261009,189.3,200.0,184.21,197.11,2164858
KRISHIVAL,20261009,387.2,390.9,380.0,380.3,8924
KRISHNADEF,20261009,1246.9,1280.0,1189.0,1230.3,115394
KRITI,20261009,56.49,57.9,55.64,57.01,7523
KRITIKA,20261009,4.86,5.04,4.8,4.85,72264
KRITINUT,20261009,70.33,73.0,70.0,72.33,8909
KRN,20261009,1405.0,1425.0,1363.4,1386.1,270635
KRONOX,20261009,196.3,204.99,193.05,198.28,60549
KROSS,20261009,241.8,247.65,234.05,243.05,988643
KRSNAA,20261009,531.55,548.95,529.2,535.5,28069
KRYSTAL,20261009,626.8,650.0,621.25,626.75,46707
KSB,20261009,775.0,788.65,771.5,784.55,63909
KSCL,20261009,679.0,692.45,669.3,676.8,123638
KSE,20261009,173.34,177.9,173.34,176.02,5056
KSHINTL,20261009,1027.0,1031.2,992.4,1001.5,143737
KSHITIJPOL,20261009,3.5,3.75,3.5,3.5,13806723
KSL,20261009,938.9,949.9,921.6,935.55,53434
KSOLVES,20261009,240.0,243.9,237.62,242.37,28977
KSR,20261009,36.29,37.69,34.55,37.69,7869
KTKBANK,20261009,320.8,329.6,318.8,328.2,1329287
KUANTUM,20261009,73.3,76.94,73.08,75.92,61407
KUSUMGAR,20261009,620.0,625.0,591.5,595.55,127923
KWIL,20261009,37.0,37.81,36.45,37.36,7835218
LADDERUP,20261009,53.9,53.9,49.55,49.8,341
LAGNAM,20261009,73.99,74.0,71.21,73.49,470
LAHOTIOV,20261009,39.27,40.0,38.55,39.99,1259
LAKPRE,20261009,4.9,5.17,4.75,4.95,1987
LAKSHMIMIL,20261009,7634.0,7634.0,7634.0,7634.0,3
LAL,20261009,8.41,8.69,8.36,8.41,11908
LALITHAA,20261009,376.0,388.5,364.65,382.6,5861573
LALPATHLAB,20261009,1898.9,1942.8,1882.8,1933.6,167905
LAMBODHARA,20261009,129.24,132.38,127.0,128.24,5149
LANCER,20261009,10.8,11.39,10.8,11.02,170351
LANCORHOL,20261009,29.97,29.97,28.61,29.18,38958
LANDMARK,20261009,470.1,490.75,460.05,464.7,72033
LANDSMILL,20261009,0.81,0.82,0.81,0.81,736578
LAOPALA,20261009,153.6,155.7,152.02,154.76,106902
LARGEMID50,20261009,33.88,34.17,33.82,34.12,1566
LASERPOWER,20261009,272.5,275.75,265.5,267.35,354539
LATENTVIEW,20261009,232.75,241.7,231.05,232.01,680459
LATTEYS,20261009,20.91,21.2,19.84,20.65,86394
LAURUSLABS,20261009,1997.9,2048.0,1988.9,2036.6,1358268
LAXMICOT,20261009,12.31,12.88,12.15,12.52,2168
LAXMIDENTL,20261009,194.44,196.88,190.44,195.92,54187
LAXMIINDIA,20261009,106.66,108.91,105.25,106.22,72549
LCCINFOTEC,20261009,3.54,3.54,3.3,3.39,16102
LCCPROJECT,20261009,145.1,146.19,142.02,143.86,348121
LCL,20261009,609.9,641.95,598.55,630.85,790907
LEAPIND,20261009,141.5,143.8,138.18,139.93,1567836
LEENEE,20261009,7.0,7.3,6.66,7.03,11663
LEMERITE,20261009,19.29,19.76,18.71,19.1,124288
LEMONTREE,20261009,110.05,111.2,108.58,110.43,1920832
LENSKART,20261009,657.55,682.0,650.35,677.65,2487958
LEXUS,20261009,9.99,10.3,9.2,9.89,76248
LFIC,20261009,128.69,129.12,126.25,128.06,277
LGBBROSLTD,20261009,1670.2,1695.9,1651.0,1663.7,58861
LGEINDIA,20261009,1740.0,1764.8,1714.9,1757.0,429250
LGHL,20261009,215.0,219.9,206.61,215.72,38896
LIBAS,20261009,11.23,11.79,10.79,11.24,15896
LIBERTSHOE,20261009,210.4,213.2,210.0,210.31,13075
LICHSGFIN,20261009,537.0,554.35,535.25,551.65,5310443
LICI,20261009,380.0,394.7,380.0,394.25,5557459
LICMFGOLD,20261009,132.25,133.9,132.25,133.3,29893
LICNETFGSC,20261009,29.06,29.23,28.89,28.89,53336
LICNETFN50,20261009,250.23,254.32,250.23,254.32,139
LICNETFSEN,20261009,807.47,849.75,807.47,842.65,85
LICNFNHGP,20261009,260.1,264.0,258.01,260.31,233
LICNMID100,20261009,58.19,59.45,58.11,58.75,8904
LIKHITHA,20261009,227.79,231.49,222.55,222.94,18643
LINC,20261009,84.6,85.97,81.0,81.54,42671
LINCOLN,20261009,558.0,574.95,553.6,558.3,19349
LINDEINDIA,20261009,6033.0,6075.5,5952.0,5996.0,10247
LIQGRWBEES,20261009,1058.99,1059.01,1058.99,1059.0,21285
LIQUID,20261009,999.99,1000.0,999.99,999.99,200229
LIQUID1,20261009,1125.97,1127.64,1124.27,1126.42,1077918
LIQUIDADD,20261009,1148.65,1148.67,1148.64,1148.65,421555
LIQUIDBEES,20261009,1000.0,1000.01,999.99,999.99,3366250
LIQUIDBETA,20261009,1011.55,1011.55,1011.55,1011.55,1
LIQUIDBETF,20261009,1100.5,1103.55,1100.44,1102.52,232821
LIQUIDCASE,20261009,116.31,116.33,116.31,116.32,22449607
LIQUIDETF,20261009,999.99,1000.01,999.99,1000.0,385733
LIQUIDIETF,20261009,1000.0,1000.01,999.92,999.99,274027
LIQUIDPLUS,20261009,1106.76,1107.09,1106.1,1107.08,182173
LIQUIDSBI,20261009,999.99,1000.0,999.99,1000.0,2094
LIQUIDSHRI,20261009,1125.13,1125.15,1125.13,1125.13,8684
LKPSEC,20261009,13.62,13.92,13.25,13.63,4668
LLOYDSENGG,20261009,96.67,98.45,93.0,94.42,9866616
LLOYDSENT,20261009,74.96,75.88,73.19,73.73,2663952
LLOYDSME,20261009,1799.7,1847.9,1792.0,1815.5,514915
LMW,20261009,16488.0,16488.0,16025.0,16133.0,4051
LODHA,20261009,1067.7,1076.2,1051.2,1064.8,1120857
LOKESHMACH,20261009,455.2,465.0,448.7,450.75,154914
LORDSCHLO,20261009,138.59,138.59,135.5,137.03,4440
LOTUSCHO,20261009,616.6,616.6,553.2,565.1,76176
LOTUSDEV,20261009,233.73,243.0,227.15,239.75,549287
LOTUSEYE,20261009,115.07,115.49,113.06,113.93,5872
LOVABLE,20261009,67.56,70.8,65.75,68.96,13387
LOWVOL,20261009,191.2,192.2,191.2,192.01,290
LOWVOL1,20261009,19.49,19.74,19.4,19.55,194869
LOWVOLIETF,20261009,20.68,20.68,20.18,20.47,2902882
LOYALTEX,20261009,206.55,209.9,203.76,203.89,508
LPDC,20261009,6.21,6.34,6.15,6.18,25868
LT,20261009,3648.0,3709.2,3627.2,3703.3,1339156
LTF,20261009,257.9,263.1,255.5,261.2,2600387
LTFOODS,20261009,405.55,411.2,403.15,408.05,280965
LTGILTBEES,20261009,29.4,29.52,29.35,29.38,1887784
LTGILTCASE,20261009,30.01,30.18,29.91,30.0,172950
LTM,20261009,3925.0,4091.8,3925.0,4070.0,368658
LTTS,20261009,3200.0,3316.0,3182.2,3270.1,60589
LUMAXIND,20261009,5270.0,5324.5,5211.5,5270.0,6395
LUMAXTECH,20261009,1789.9,1842.0,1765.0,1827.4,117254
LUMINO,20261009,102.66,103.11,99.81,101.17,4117795
LUPIN,20261009,1948.0,1968.9,1942.0,1956.5,362459
LUXIND,20261009,1110.0,1149.6,1091.0,1130.2,16465
LXCHEM,20261009,182.45,185.11,179.35,180.34,940479
LYKALABS,20261009,72.45,74.8,70.5,72.65,25329
M&M,20261009,2763.9,2820.0,2747.9,2796.2,1241688
M&MFIN,20261009,312.0,320.85,309.75,319.45,1454193
MAANALU,20261009,100.89,103.0,98.0,102.47,46354
MACPOWER,20261009,1971.9,2029.3,1851.0,1898.8,64950
MADHAV,20261009,32.69,35.4,31.7,32.28,2331
MADHAVIPL,20261009,7.21,7.3,7.02,7.18,85200
MADHUCON,20261009,3.79,4.16,3.79,4.11,45192
MADRASFERT,20261009,57.99,57.99,57.22,57.41,12905
MAFANG,20261009,285.0,292.37,269.0,287.07,1284131
MAFATIND,20261009,113.97,113.97,107.98,110.71,45438
MAGADSUGAR,20261009,550.6,553.95,534.6,538.9,19902
MAGNUM,20261009,17.82,18.19,17.6,17.61,11070
MAHABANK,20261009,82.7,84.13,81.88,83.16,10807572
MAHAPEXLTD,20261009,51.77,52.85,50.12,51.61,1508
MAHASTEEL,20261009,1093.0,1119.7,1045.7,1116.8,1578
MAHEPC,20261009,99.19,99.59,97.0,97.86,12752
MAHESHWARI,20261009,70.72,71.9,68.52,71.1,9267
MAHKTECH,20261009,23.19,23.19,22.2,22.38,695887
MAHLIFE,20261009,341.1,350.7,335.7,349.1,544305
MAHLOG,20261009,394.9,404.35,391.0,400.35,125071
MAHSCOOTER,20261009,12000.0,12276.0,11951.0,12155.0,3114
MAHSEAMLES,20261009,645.3,648.95,615.25,618.1,407344
MAITHANALL,20261009,886.0,898.1,875.0,879.25,46024
MAJESAUT,20261009,369.0,370.0,354.1,364.8,1745
MAKEINDIA,20261009,152.41,152.67,150.08,152.11,23161
MAKERSL,20261009,179.5,180.5,177.0,177.07,2971
MALLCOM,20261009,887.0,918.55,885.05,900.95,577
MALUPAPER,20261009,30.98,31.28,30.65,31.0,4155
MAMATA,20261009,388.9,393.0,382.95,390.2,29794
MANAKALUCO,20261009,32.0,32.0,31.02,31.88,30259
MANAKCOAT,20261009,126.33,129.0,125.0,127.53,228621
MANAKSIA,20261009,57.69,58.0,56.63,57.36,24298
MANAKSTEEL,20261009,105.61,111.44,102.3,111.44,42147
MANALIPETC,20261009,86.0,87.87,85.1,85.87,1584998
MANAPPURAM,20261009,305.95,315.25,305.5,314.8,4766370
MANBA,20261009,150.0,150.79,140.8,141.56,160279
MANCREDIT,20261009,223.5,229.7,221.76,227.2,12164
MANGALAM,20261009,31.66,34.62,30.5,31.06,181357
MANGLMCEM,20261009,951.0,956.8,935.25,954.3,36238
MANIKA,20261009,57.8,57.8,50.66,54.21,2251163
MANINDS,20261009,860.4,891.5,852.9,867.9,377286
MANINFRA,20261009,117.5,119.3,116.51,117.16,1485860
MANIPALHOS,20261009,683.45,716.0,683.45,701.3,1391905
MANKIND,20261009,2380.0,2389.8,2342.0,2368.5,306899
MANOMAY,20261009,237.0,240.18,230.0,239.33,372117
MANORAMA,20261009,1999.2,2050.0,1969.6,2043.4,186151
MANORG,20261009,432.0,435.0,423.45,430.7,4090
MANUFGBEES,20261009,149.5,150.93,148.2,150.23,16404
MANUGRAPH,20261009,15.79,15.79,15.21,15.59,20581
MANYAVAR,20261009,491.0,504.0,483.8,500.75,127741
MAPMYINDIA,20261009,872.0,890.95,856.2,873.1,87144
MARALOVER,20261009,57.02,59.5,56.12,57.27,4936
MARATHON,20261009,364.25,365.5,352.7,353.65,41797
MARICO,20261009,781.1,791.2,781.1,786.15,933937
MARINE,20261009,455.05,463.0,451.0,455.65,806212
MARKOLINES,20261009,166.01,170.68,163.5,169.24,169615
MARKSANS,20261009,308.5,316.4,308.0,309.1,1140146
MARSONS,20261009,127.51,136.5,127.51,131.11,8400475
MARUTI,20261009,11291.0,11455.0,11247.0,11420.0,353177
MASFIN,20261009,262.95,268.0,261.7,266.7,63479
MASPTOP50,20261009,114.46,116.0,112.79,115.11,958323
MASTEK,20261009,1656.2,1732.0,1656.2,1679.9,196011
MASTERTR,20261009,82.82,85.59,81.74,82.52,648176
MATRIMONY,20261009,510.0,533.2,510.0,528.75,12146
MAWANASUG,20261009,146.97,150.9,145.06,146.44,173010
MAXESTATES,20261009,535.65,535.65,526.1,529.55,33339
MAXHEALTH,20261009,896.8,917.05,879.2,883.8,5377260
MAXIND,20261009,158.0,160.09,153.0,154.73,30083
MAYURUNIQ,20261009,750.3,795.0,745.2,788.4,232886
MAZDA,20261009,270.0,283.0,269.5,279.05,17920
MAZDOCK,20261009,2024.0,2024.0,1987.7,2010.0,883444
MBAPL,20261009,164.15,166.37,160.9,165.32,424263
MBECL,20261009,464.85,464.85,464.85,464.85,366
MBEL,20261009,266.9,269.72,261.77,266.61,271509
MBLINFRA,20261009,23.6,24.78,22.16,23.67,56217
MCCHRLS-B,20261009,676.0,686.95,665.0,677.95,80
MCL,20261009,54.83,55.92,53.0,53.95,38830
MCLEODRUSS,20261009,41.6,41.99,40.1,41.23,163973
MCLOUD,20261009,24.29,24.76,24.13,24.5,1351617
MCX,20261009,3265.0,3342.0,3221.0,3318.2,1632264
MEDANTA,20261009,1290.0,1322.6,1288.8,1312.7,235514
MEDIASSIST,20261009,295.2,304.85,294.05,301.15,96232
MEDICAMEQ,20261009,304.0,305.0,298.0,300.85,11443
MEDICAPQ,20261009,25.5,25.5,25.5,25.5,1292
MEDICO,20261009,22.2,23.15,21.0,22.8,309864
MEDPLUS,20261009,631.9,631.9,619.1,625.3,109815
MEESHO,20261009,232.5,233.71,224.31,232.74,6032710
MEGASTAR,20261009,292.31,304.98,290.01,292.53,17182
MEIL,20261009,266.2,311.5,258.05,277.25,2270327
MENNPIS,20261009,69.99,70.0,67.5,67.94,35606
MENONBE,20261009,287.2,293.85,280.15,289.15,65337
MEP,20261009,0.69,0.7,0.68,0.68,88961
MERCANTILE,20261009,20.71,21.98,20.13,21.0,1605
MERCURYEV,20261009,36.0,37.49,36.0,36.97,184506
METAL,20261009,12.32,12.32,11.96,12.12,1446902
METALIETF,20261009,12.09,12.12,11.92,12.08,5727492
METROBRAND,20261009,846.15,870.0,834.55,864.65,30100
METROGLOBL,20261009,126.28,128.5,120.01,125.87,552
METROPOLIS,20261009,525.85,532.5,516.0,529.25,108778
MFML,20261009,18.37,19.2,18.35,18.35,1115
MFSL,20261009,1316.0,1332.2,1301.0,1309.7,809621
MGEL,20261009,15.9,15.98,15.71,15.81,122983
MGL,20261009,1046.0,1052.0,1032.5,1042.8,137813
MHLXMIRU,20261009,171.4,175.0,162.05,168.65,5378
MHRIL,20261009,187.23,189.0,184.91,188.02,138037
MICEL,20261009,33.7,34.37,33.7,34.37,88811
MID150,20261009,22.04,22.04,21.73,21.94,93760
MID150BEES,20261009,222.0,224.0,220.51,223.72,697160
MID150CASE,20261009,10.84,10.91,10.74,10.88,1262277
MIDBANKADD,20261009,16.08,16.39,16.07,16.39,11648
MIDCAP,20261009,17.39,17.39,16.9,17.18,379272
MIDCAPADD,20261009,21.95,22.0,21.4,21.79,97817
MIDCAPBETA,20261009,218.14,220.0,216.09,216.83,907
MIDCAPETF,20261009,22.37,22.37,21.79,22.09,1865104
MIDCAPIETF,20261009,22.16,22.45,22.07,22.4,604630
MIDHANI,20261009,443.6,448.45,434.1,440.5,496242
MIDQ50ADD,20261009,23.38,25.67,23.24,23.51,19363
MIDSELIETF,20261009,18.2,18.48,18.12,18.32,291419
MIDSMALL,20261009,49.39,49.84,48.93,49.59,146354
MIDWESTLTD,20261009,1010.0,1019.0,977.05,990.05,32740
MIIL,20261009,676.0,677.95,663.75,666.55,47709
MILKYMIST,20261009,316.2,329.05,316.2,320.4,897117
MINALIND,20261009,3.93,3.93,3.93,3.93,1056
MINDACORP,20261009,635.05,643.45,630.6,636.3,153138
MINDTECK,20261009,136.4,142.0,135.41,139.37,31466
MIRZAINT,20261009,27.46,27.92,27.11,27.27,43176
MITCON,20261009,77.84,77.84,73.15,75.52,8108
MITTAL,20261009,0.69,0.72,0.67,0.7,1378808
MKEXIM,20261009,57.75,60.18,56.56,57.81,10950
MKPL,20261009,3.98,4.03,3.88,3.97,84090
MLKFOOD,20261009,85.15,87.95,84.91,87.16,4342
MMFL,20261009,550.0,560.25,542.5,552.15,46393
MMP,20261009,492.85,509.0,480.0,501.35,101936
MMTC,20261009,55.49,55.79,53.95,54.87,949224
MMWL,20261009,19.99,21.6,17.81,21.04,5052991
MNC,20261009,30.95,30.95,30.3,30.68,34434
MOALPHA50,20261009,53.59,54.92,53.59,54.79,7558
MOBANK10,20261009,16.28,16.42,16.28,16.42,1586
MOBIKWIK,20261009,243.1,263.95,241.25,245.49,28401891
MOCAPITAL,20261009,52.02,52.48,51.42,52.07,516203
MODEFENCE,20261009,99.37,99.5,97.56,98.83,1202234
MODINATUR,20261009,294.3,344.75,287.2,315.75,38882
MODIRUBBER,20261009,117.0,120.0,117.0,118.07,1307
MODIS,20261009,376.15,404.95,375.8,398.05,120637
MODISONLTD,20261009,459.0,476.8,441.2,471.3,96744
MODTHREAD,20261009,46.2,48.9,45.16,48.72,3110
MOENERGY,20261009,36.1,36.38,35.55,36.05,68800
MOGOLD,20261009,144.65,147.2,144.65,146.45,29420
MOGSEC,20261009,64.77,65.0,64.35,64.84,1294
MOHEALTH,20261009,49.36,49.98,48.37,49.67,70513
MOHITE,20261009,2.42,2.48,2.42,2.46,11618
MOHITIND,20261009,22.49,23.5,21.61,22.99,10018
MOIL,20261009,231.0,235.7,229.0,234.96,383956
MOINFRA,20261009,54.85,55.27,54.72,55.1,4261
MOIPO,20261009,45.4,46.45,45.35,46.1,1422
MOKSH,20261009,9.39,9.39,8.83,8.89,209611
MOL,20261009,58.13,59.2,56.9,58.41,433570
MOLBIO,20261009,1481.2,1488.9,1427.1,1438.6,779885
MOLDTECH,20261009,106.0,110.22,99.75,110.22,44450
MOLDTKPAC,20261009,328.45,329.95,317.7,326.35,100970
MOLOWVOL,20261009,33.84,35.0,33.51,33.72,5972
MOM100,20261009,62.74,64.3,62.53,63.65,324497
MOM30IETF,20261009,30.17,30.17,29.26,29.64,748938
MOM50,20261009,233.78,237.05,233.73,235.34,7026
MOMENTUM,20261009,29.32,29.79,28.91,29.61,16113
MOMENTUM30,20261009,28.95,29.94,28.75,29.62,640180
MOMENTUM50,20261009,51.79,52.4,51.2,51.99,705839
MOMETAL,20261009,12.07,12.3,11.87,12.05,36175
MOMGF,20261009,149.22,149.94,147.98,149.84,1554
MOMIDMTM,20261009,60.9,61.78,60.5,61.37,29656
MOMMIDCAP,20261009,12.24,12.45,12.15,12.38,497431
MOMNC,20261009,29.65,29.85,29.5,29.82,1464
MOMOMENTUM,20261009,58.66,59.6,58.07,59.28,37347
MOMSBELIEF,20261009,218.1,228.5,214.03,215.56,323552
MON100,20261009,325.15,328.5,320.5,324.48,783564
MON50EQUAL,20261009,31.31,31.31,30.56,31.09,2319
MONARCH,20261009,328.0,339.75,328.0,337.05,25271
MONEXT50,20261009,67.94,68.5,67.88,68.29,1525
MONEYBOXX,20261009,51.0,54.0,50.0,53.93,24799
MONEYVIEW,20261009,57.0,63.5,55.71,62.39,450972326
MONIFTY100,20261009,23.97,23.97,23.55,23.7,4029
MONIFTY500,20261009,22.1,22.43,22.0,22.34,1189075
MONQ50,20261009,249.82,262.77,243.05,252.03,1467931
MONTECARLO,20261009,518.05,521.0,509.65,511.55,26313
MOOILGAS,20261009,10.67,10.67,10.34,10.37,14251
MOPSE,20261009,92.12,92.98,92.0,92.98,89
MOQUALITY,20261009,184.48,187.33,184.43,187.31,4974
MOREALTY,20261009,81.12,81.26,79.9,80.32,217203
MOREPENLAB,20261009,138.5,141.96,127.14,129.55,17770995
MOSCHIP,20261009,187.87,191.74,186.91,189.1,787186
MOSERVICE,20261009,29.1,29.43,29.1,29.43,567
MOSILVER,20261009,216.2,217.28,215.91,216.25,35797
MOSMALL250,20261009,18.01,18.01,17.44,17.63,592526
MOTHERSON,20261009,154.0,154.94,151.37,153.0,8648185
MOTILALOFS,20261009,1014.0,1038.1,1000.8,1026.0,828221
MOTISONS,20261009,17.7,18.45,17.56,18.06,48499457
MOTOGENFIN,20261009,25.69,25.99,25.28,25.98,265
MOTOUR,20261009,73.82,74.56,73.6,74.43,4740
MOVALUE,20261009,105.65,106.0,104.4,105.76,45845
MPHASIS,20261009,2323.5,2393.0,2321.0,2360.0,753747
MPIMANIPAL,20261009,364.0,369.95,357.0,362.0,378692
MPSLTD,20261009,2550.0,2551.2,2370.1,2473.2,45473
MRF,20261009,122900.0,122980.0,121870.0,122090.0,2594
MRPL,20261009,175.11,176.19,170.88,172.13,5646953
MSCI360,20261009,9.33,9.7,9.33,9.43,2927
MSCIADD,20261009,27.49,27.68,27.49,27.63,30
MSCIINDIA,20261009,27.78,28.0,27.71,27.77,13243
MSL,20261009,139.39,155.29,135.0,136.67,1217
MSPL,20261009,30.19,30.6,29.48,30.34,594965
MSTCLTD,20261009,668.45,682.8,654.0,672.0,184897
MSUMI,20261009,32.97,33.71,32.91,33.55,3280032
MTARTECH,20261009,7800.0,7881.5,7612.0,7781.5,58375
MTEDUCARE,20261009,1.74,1.74,1.61,1.68,17821
MTNL,20261009,22.88,23.19,22.71,22.91,656968
MUFIN,20261009,133.0,134.98,130.01,130.42,455974
MUFTI,20261009,69.7,69.7,67.42,68.61,50664
MUKANDLTD,20261009,175.0,178.06,173.5,175.99,284601
MUKESHB,20261009,123.0,123.0,123.0,123.0,8
MUKKA,20261009,26.39,26.89,25.65,26.27,93674
MUKTAARTS,20261009,56.4,58.08,53.51,54.36,1327
MULTICAP,20261009,15.68,15.84,15.61,15.77,98057
MUNJALAU,20261009,103.39,103.39,100.33,101.32,165219
MUNJALSHOW,20261009,121.79,122.99,119.29,121.31,28558
MURUDCERA,20261009,27.1,28.0,27.1,27.53,9602
MUTHOOTCAP,20261009,205.0,214.18,205.0,209.49,5713
MUTHOOTFIN,20261009,2585.0,2659.9,2584.9,2624.7,701715
MUTHOOTMF,20261009,169.34,170.85,166.91,168.46,142667
MVELECTRO,20261009,877.95,905.0,851.5,888.6,2250329
MVGJL,20261009,209.7,213.76,203.85,207.87,197543
MWL,20261009,40.5,41.89,39.79,41.56,288363
MYSORPETRO,20261009,113.0,117.0,113.0,115.53,950
NACLIND,20261009,129.96,131.38,128.0,129.11,221054
NAGREEKCAP,20261009,26.5,28.25,26.5,27.79,7
NAGREEKEXP,20261009,20.81,21.69,20.8,21.03,6471
NAHARCAP,20261009,231.79,237.15,227.84,231.39,1230
NAHARINDUS,20261009,126.36,129.75,126.21,127.29,10162
NAHARPOLY,20261009,224.96,225.38,220.1,222.08,1858
NAHARSPING,20261009,256.3,259.75,247.55,253.3,11339
NAM-INDIA,20261009,1041.9,1052.3,1032.1,1045.0,250897
NARMADA,20261009,11.05,11.49,11.01,11.13,191440
NATCAPSUQ,20261009,158.42,163.0,158.42,160.01,7005
NATCOPHARM,20261009,795.4,801.7,787.45,789.4,233109
NATHBIOGEN,20261009,136.0,138.3,134.99,137.79,2136
NATIONALUM,20261009,314.1,317.95,309.9,315.9,2959217
NATIONSTD,20261009,105.42,106.88,100.4,105.26,5435
NAUKRI,20261009,1189.8,1235.0,1189.8,1219.0,1672590
NAVA,20261009,544.65,554.0,539.0,549.1,218022
NAVINFLUOR,20261009,8465.0,8498.0,8310.0,8352.5,43911
NAVKARCORP,20261009,83.85,85.14,83.02,84.58,200936
NAVKARURB,20261009,0.89,0.89,0.86,0.87,186245
NAVNETEDUL,20261009,121.9,122.59,120.87,121.15,28188
NAZARA,20261009,376.3,381.25,374.0,377.65,1319027
NBCC,20261009,74.47,75.15,73.9,74.46,3708122
NBIFIN,20261009,1874.7,1874.7,1840.0,1843.0,57
NCC,20261009,125.0,127.74,122.36,125.06,17923816
NCLIND,20261009,160.5,166.0,160.5,165.42,39600
NDGL,20261009,2356.0,2418.9,2302.1,2399.3,158
NDL,20261009,2.58,2.62,2.55,2.58,597686
NDLVENTURE,20261009,117.6,123.68,117.0,119.74,5998
NDRAUTO,20261009,679.8,688.0,668.0,682.35,12395
NDTV,20261009,64.35,64.97,63.1,63.79,66846
NEAGI,20261009,3250.0,3250.0,3250.0,3250.0,3
NECCLTD,20261009,18.69,19.9,17.93,19.43,213378
NECLIFE,20261009,10.26,10.59,10.03,10.13,206786
NELCAST,20261009,139.9,145.0,136.1,142.48,449004
NELCO,20261009,870.0,877.9,841.6,853.35,201785
NEOGEN,20261009,2391.0,2464.0,2362.0,2378.2,115494
NEPHROPLUS,20261009,629.8,631.15,608.0,616.4,229573
NESCO,20261009,1030.0,1045.0,1018.6,1038.5,16937
NESTLEIND,20261009,1321.2,1346.8,1314.3,1333.0,1657324
NETF,20261009,243.99,246.29,243.5,246.0,3535
NETWEB,20261009,4740.0,4834.9,4644.6,4721.6,1003567
NETWORK18,20261009,24.5,24.93,24.4,24.69,2815614
NEUEON,20261009,12.83,13.0,12.25,12.87,34187
NEULANDLAB,20261009,21025.0,21395.0,20790.0,20890.0,24573
NEWGEN,20261009,446.1,456.7,444.15,449.3,1046904
NEXT30ADD,20261009,39.22,39.59,39.22,39.58,1341
NEXT50,20261009,699.38,706.76,696.36,704.61,27892
NEXT50ADD,20261009,68.32,68.87,68.28,68.7,3234
NEXT50BETA,20261009,73.63,74.13,72.73,73.8,148355
NEXT50ETF,20261009,68.39,69.8,68.0,68.37,26722
NEXT50IETF,20261009,73.24,73.24,71.25,72.1,828347
NEXTMEDIA,20261009,3.42,3.55,3.42,3.54,7010
NFL,20261009,61.34,62.06,61.16,61.74,500967
NGIL,20261009,38.49,38.49,36.98,37.49,6892
NGLFINE,20261009,3001.0,3029.9,2900.0,2925.0,3060
NH,20261009,1693.0,1746.3,1693.0,1719.5,151191
NHPC,20261009,71.65,72.99,71.35,72.99,5018040
NIACL,20261009,159.0,163.97,159.0,162.23,2303810
NIBE,20261009,1231.0,1235.6,1207.5,1213.2,35585
NIBL,20261009,31.49,31.75,30.11,30.75,8420
NICCOPAR,20261009,74.85,76.95,72.8,75.88,763
NIF100BEES,20261009,248.29,257.98,247.6,250.36,27226
NIF100IETF,20261009,26.26,26.44,26.0,26.39,64333
NIF500BETA,20261009,35.08,38.13,35.0,37.24,2046
NIFTY1,20261009,247.2,253.97,247.2,250.85,80336
NIFTY100EW,20261009,31.86,33.48,31.86,32.78,37219
NIFTYADD,20261009,237.02,238.38,234.85,238.33,2562
NIFTYAXIS,20261009,251.65,251.65,246.88,250.11,112377
NIFTYBEES,20261009,256.29,257.7,253.93,257.35,5570363
NIFTYBETA,20261009,249.82,252.99,246.0,251.27,65076
NIFTYBETF,20261009,229.55,232.91,229.55,232.82,5911
NIFTYCASE,20261009,9.18,9.18,8.96,9.06,818158
NIFTYETF,20261009,248.17,248.17,242.26,245.75,189590
NIFTYIETF,20261009,250.65,256.4,250.65,255.93,813429
NIFTYJBLK,20261009,11.65,11.69,11.43,11.61,106725
NIFTYQLITY,20261009,19.65,20.3,19.65,19.9,83576
NIITLTD,20261009,82.0,82.86,81.1,82.08,131545
NIITMTS,20261009,201.6,202.0,195.02,200.98,70391
NILAINFRA,20261009,6.48,6.68,6.33,6.59,99115
NILASPACES,20261009,11.2,11.2,10.66,10.97,556510
NILE,20261009,1215.0,1248.0,1206.0,1242.9,1653
NILKAMAL,20261009,1838.8,1846.9,1770.0,1776.0,29605
NIMBSPROJ,20261009,190.88,190.9,185.5,185.9,7140
NINSYS,20261009,815.0,815.6,776.1,803.1,9918
NIPPOBATRY,20261009,317.85,320.0,309.5,311.9,802
NIRAJ,20261009,27.0,28.1,26.62,27.28,14765
NIRLON,20261009,617.4,629.0,617.4,626.7,4928
NITCO,20261009,78.9,80.02,77.0,77.63,586920
NITINSPIN,20261009,600.8,612.3,591.4,608.8,70145
NITIRAJ,20261009,207.79,209.91,199.03,209.9,574
NITTAGELA,20261009,1623.0,1687.9,1623.0,1652.6,584
NITYAS,20261009,81.0,82.0,79.8,79.8,866344
NIVABUPA,20261009,78.0,78.0,75.8,77.65,886715
NKIND,20261009,58.09,59.89,57.1,57.85,42
NLCINDIA,20261009,242.95,245.9,239.5,243.55,807888
NMDC,20261009,71.02,72.33,70.75,71.8,16569636
NOCIL,20261009,167.82,172.9,163.65,164.84,578858
NOIDATOLL,20261009,4.02,4.02,3.83,3.85,76695
NORBTEAEXP,20261009,62.8,68.0,59.32,64.18,4175
NORTHARC,20261009,282.8,284.95,275.25,281.45,555038
NOVAAGRI,20261009,22.39,22.39,21.32,21.94,21310
NOVARTIND,20261009,1997.6,2095.0,1943.1,2049.0,49497
NPBET,20261009,281.9,283.0,280.5,280.5,215
NPST,20261009,1790.4,1806.8,1692.4,1752.2,82674
NRAIL,20261009,652.05,662.1,625.35,636.15,17252
NRBBEARING,20261009,512.0,528.65,502.0,524.95,352766
NRL,20261009,158.89,158.9,155.73,158.0,19162
NSIL,20261009,5107.5,5130.0,5051.5,5093.5,1173
NSLNISP,20261009,39.1,39.85,38.86,39.23,2929880
NTCIND,20261009,137.69,137.69,127.0,128.72,4334
NTPC,20261009,309.75,314.35,309.55,312.0,7374305
NTPCGREEN,20261009,90.8,93.4,90.06,92.6,3998223
NUCLEUS,20261009,619.8,642.95,614.0,639.75,25518
NURECA,20261009,331.35,340.0,330.0,331.65,2396
NUVAMA,20261009,1740.0,1773.1,1710.3,1764.4,254851
NUVOCO,20261009,321.35,325.35,315.5,317.1,233998
NV20,20261009,13.07,13.17,13.04,13.14,35553
NV20BEES,20261009,129.92,133.6,129.9,132.49,25939
NV20IETF,20261009,12.63,12.85,12.63,12.81,513281
NYKAA,20261009,333.0,344.65,333.0,343.0,5152542
OAL,20261009,515.85,528.9,510.0,518.0,18803
OBCL,20261009,54.84,56.01,54.22,55.19,1977
OBEROIRLTY,20261009,1680.0,1707.9,1668.9,1698.8,361578
OCCLLTD,20261009,201.55,218.77,201.55,218.54,192171
ODIGMA,20261009,20.66,21.0,20.52,20.71,5391
ODYCORP,20261009,6.99,6.99,6.56,6.64,3743
OFSS,20261009,10401.0,10646.0,10387.0,10510.0,211500
OIL,20261009,444.0,448.15,441.45,443.5,625338
OILCOUNTUB,20261009,86.25,86.25,86.25,86.25,46337
OILIETF,20261009,10.6,10.6,10.45,10.52,1662526
OLAELEC,20261009,35.3,35.5,34.22,35.13,69338643
OLECTRA,20261009,1058.1,1060.9,1033.9,1044.8,207282
OMAXAUTO,20261009,207.0,207.0,197.0,200.45,34313
OMAXE,20261009,98.95,102.3,98.67,100.19,410279
OMFREIGHT,20261009,108.6,110.5,104.43,107.46,65339
OMINFRAL,20261009,71.34,71.34,68.07,69.59,43308
OMNI,20261009,635.0,640.0,602.75,634.1,654815
OMPOWER,20261009,165.74,167.39,162.0,162.93,46918
ONEGLOBAL,20261009,580.0,586.0,561.05,576.4,4657
ONELIFECAP,20261009,50.98,51.98,49.0,50.06,84775
ONEPOINT,20261009,78.21,81.85,78.21,80.36,5768618
ONESOURCE,20261009,1479.0,1491.1,1438.2,1461.3,194585
ONGC,20261009,220.0,222.19,218.91,221.27,8103203
ONIDA,20261009,29.69,29.94,28.42,28.79,237442
ONIXSOLAR,20261009,357.05,386.6,352.65,380.15,298121
ONMOBILE,20261009,51.54,53.0,49.5,50.25,36074
ONWARDTEC,20261009,295.5,311.4,293.4,307.0,117358
OPTIEMUS,20261009,815.0,839.9,795.8,815.85,516472
OPTIFIN,20261009,14.01,14.45,13.91,14.17,21208
ORBTEXP,20261009,235.0,261.0,233.0,246.05,7004
ORCHASP,20261009,1.38,1.38,1.26,1.34,275516
ORCHPHARMA,20261009,990.0,1001.75,961.55,983.95,75527
ORICONENT,20261009,50.45,52.66,50.45,51.1,17050
ORIENTALTL,20261009,4.83,4.86,4.6,4.76,41976
ORIENTBELL,20261009,419.2,421.0,397.55,400.4,36042
ORIENTCABL,20261009,394.55,396.9,376.0,380.8,1660667
ORIENTCEM,20261009,111.0,112.3,109.29,111.62,222825
ORIENTCER,20261009,41.55,43.45,41.55,42.15,51930
ORIENTELEC,20261009,162.48,166.77,160.91,164.77,220462
ORIENTHOT,20261009,138.42,141.32,138.1,140.01,209210
ORIENTLTD,20261009,78.5,79.9,76.02,79.9,1949
ORIENTPPR,20261009,15.8,15.94,15.6,15.8,54593
ORIENTTECH,20261009,236.0,239.0,231.0,233.41,356331
ORIRAIL,20261009,119.03,119.84,114.25,115.13,83984
ORISSAMINE,20261009,3482.7,3570.0,3435.0,3530.0,4723
ORKLAINDIA,20261009,551.9,573.2,550.35,559.2,122628
ORTINGLOBE,20261009,14.67,14.67,13.5,13.83,11036
OSIAHYPER,20261009,1.88,1.88,1.75,1.8,574503
OSWALAGRO,20261009,31.63,32.2,31.33,31.69,10712
OSWALGREEN,20261009,19.1,19.33,18.85,19.01,68509
OSWALPUMPS,20261009,254.0,256.75,251.1,254.35,229795
OSWALSEEDS,20261009,12.15,12.2,11.41,11.88,54908
PACEDIGITK,20261009,168.0,171.56,163.72,165.13,2304433
PACIFICI,20261009,135.69,144.95,135.69,144.95,158
PAGEIND,20261009,36645.0,37040.0,36455.0,36875.0,11109
PAISALO,20261009,80.0,81.89,79.64,80.9,6056965
PAKKA,20261009,71.68,72.0,70.28,70.84,40751
PALASHSECU,20261009,86.0,86.0,84.02,84.94,246
PALREDTEC,20261009,39.55,43.3,39.25,42.02,6870
PANACEABIO,20261009,345.05,350.9,338.25,345.25,58030
PANACHE,20261009,575.05,618.7,573.05,617.8,34608
PANAMAPET,20261009,501.45,502.5,485.35,495.9,194664
PANCHMAHQ,20261009,276.7,276.7,269.0,271.9,8
PANORAMA,20261009,64.02,64.88,57.07,61.62,784726
PANSARI,20261009,266.95,273.95,255.0,257.15,988
PAR,20261009,116.5,122.0,115.5,117.1,12599
PARACABLES,20261009,55.69,57.0,54.59,55.85,970597
PARADEEP,20261009,150.1,151.76,145.7,146.75,1593920
PARAGMILK,20261009,305.0,310.0,300.0,306.4,1113427
PARAS,20261009,1246.0,1281.7,1215.2,1267.9,712791
PARASPETRO,20261009,2.02,2.06,2.01,2.02,24507
PARIN,20261009,705.0,705.0,688.05,694.95,2617
PARKHOSPS,20261009,262.15,272.95,262.15,270.8,634471
PARKHOTELS,20261009,101.82,103.4,99.41,102.61,109856
PARNAXLAB,20261009,113.64,119.06,113.02,115.16,3073
PARSVNATH,20261009,2.33,2.33,2.33,2.33,389133
PASHUPATI,20261009,70.5,71.01,68.67,69.09,73742
PASUPTAC,20261009,71.4,74.33,69.47,73.24,233296
PATANJALI,20261009,354.8,360.45,353.75,360.45,1763630
PATELENG,20261009,25.09,25.37,24.6,24.98,1595243
PATELRMART,20261009,231.2,240.77,230.01,238.28,277592
PATINTLOG,20261009,12.75,13.18,12.75,12.97,12505
PAUSHAKLTD,20261009,688.35,713.0,670.8,700.35,42559
PAVNAIND,20261009,15.01,15.5,15.01,15.3,26781
PAYTM,20261009,1638.0,1682.2,1627.8,1636.0,4837555
PBMPOLY,20261009,58.61,60.0,51.01,56.08,752
PCBL,20261009,320.8,323.75,311.0,312.4,746133
PCJEWELLER,20261009,14.21,15.0,13.96,14.81,895898449
PDMJEPAPER,20261009,91.4,93.78,90.0,92.2,165515
PDSL,20261009,337.0,340.6,332.15,336.0,50295
PEARLPOLY,20261009,17.28,17.28,16.5,16.63,11662
PENIND,20261009,172.29,175.51,170.2,171.5,338504
PENINLAND,20261009,14.99,15.0,14.32,14.5,85433
PERMAGN,20261009,858.8,864.9,841.0,853.75,2916
PERNIASPOP,20261009,528.55,530.4,520.0,521.65,14438
PERSISTENT,20261009,5499.0,5789.0,5499.0,5770.0,773886
PETRONET,20261009,289.85,295.45,289.15,291.5,2081631
PFC,20261009,324.2,330.0,323.55,327.8,4802235
PFIZER,20261009,3750.0,3817.4,3738.5,3808.2,15805
PFOCUS,20261009,272.85,273.9,257.65,261.1,4397059
PFS,20261009,26.4,26.79,26.06,26.6,424022
PGEL,20261009,515.2,521.65,506.0,511.8,601541
PGHH,20261009,6857.0,6994.5,6801.0,6942.5,7837
PGHL,20261009,5156.0,5275.0,5115.0,5205.0,7412
PGIL,20261009,1278.1,1307.4,1262.9,1281.1,56778
PHARMABEES,20261009,26.03,26.8,26.0,26.72,5096033
PHOENIXLTD,20261009,1789.1,1822.0,1784.2,1813.1,674943
PHOENXINTL,20261009,28.39,28.39,27.8,27.87,381
PICCADIL,20261009,572.0,587.1,568.0,580.7,90859
PIDILITIND,20261009,1466.4,1488.9,1466.1,1482.0,312874
PIGL,20261009,96.19,96.22,93.0,94.15,31251
PIIND,20261009,2120.0,2143.5,2106.0,2118.2,119140
PILANIINVS,20261009,3998.0,3998.0,3916.1,3937.7,1163
PILITA,20261009,7.7,7.7,7.25,7.35,14878
PINELABS,20261009,170.71,171.0,161.62,163.07,20233695
PIONEEREMB,20261009,20.99,21.0,20.22,20.43,2640
PIONRINV,20261009,59.47,59.47,56.5,56.5,23209
PIRAMALFIN,20261009,1961.0,1980.0,1921.0,1971.2,207851
PITTIENG,20261009,1066.1,1079.9,990.0,1023.6,192571
PIXTRANS,20261009,1753.5,1784.5,1728.0,1753.3,10787
PKTEA,20261009,904.4,909.9,863.0,899.0,958
PLASTIBLEN,20261009,203.5,208.0,200.01,201.79,156929
PLATIND,20261009,196.4,199.5,193.01,198.44,44532
PLAZACABLE,20261009,56.59,59.47,55.88,58.36,46371
PML,20261009,462.55,504.75,460.25,481.75,404
PNB,20261009,115.5,117.95,114.9,116.98,12666514
PNBGILTS,20261009,68.4,71.7,67.71,70.44,461418
PNBHOUSING,20261009,1155.0,1174.6,1152.5,1158.0,833012
PNC,20261009,16.76,17.4,16.0,16.27,6020
PNCINFRA,20261009,134.9,136.6,132.8,134.74,415367
PNGJL,20261009,609.9,614.9,578.3,599.95,2477382
PNGSREVA,20261009,680.0,720.95,663.9,687.75,2860095
POCL,20261009,434.95,444.6,427.05,441.2,175594
PODDARMENT,20261009,254.7,258.35,250.5,255.6,5536
POEL,20261009,128.25,130.75,123.75,124.85,23794
POKARNA,20261009,686.8,697.0,675.15,687.05,81383
POLICYBZR,20261009,993.0,1026.9,992.9,1012.0,1914977
POLYCAB,20261009,8161.0,8295.5,8060.0,8255.0,335752
POLYMED,20261009,1596.0,1617.6,1545.6,1587.1,87914
POLYPLEX,20261009,1005.0,1014.9,990.0,1001.3,38546
POLYSPIN,20261009,29.11,29.64,27.57,28.73,2620
PONNIERODE,20261009,350.2,353.45,343.5,345.6,23639
POONAWALLA,20261009,441.9,450.9,436.9,447.3,1356186
POWERGRID,20261009,246.15,251.1,246.15,249.15,11518140
POWERICA,20261009,580.6,594.0,560.05,585.45,165565
POWERINDIA,20261009,30850.0,31025.0,29955.0,30605.0,110554
POWERMECH,20261009,2434.4,2460.1,2391.1,2419.0,33389
PPAP,20261009,236.15,242.0,235.1,240.71,7300
PPL,20261009,241.55,259.8,241.55,249.2,67297
PPLPHARMA,20261009,197.0,199.0,194.02,196.88,1396417
PRABHA,20261009,210.01,219.8,210.0,219.22,102770
PRADPME,20261009,598.75,645.0,587.8,635.35,115635
PRAENG,20261009,18.48,20.05,18.25,19.74,127938
PRAJIND,20261009,290.1,293.45,284.65,285.8,422712
PRAKASH,20261009,115.23,121.6,115.03,118.7,481603
PRAKASHSTL,20261009,3.41,3.55,3.36,3.5,101237
PRANAV,20261009,96.8,100.93,95.34,98.4,5610906
PRASOLCHEM,20261009,886.0,933.1,841.05,847.5,590320
PRAVEG,20261009,233.74,238.23,232.32,235.95,10062
PRAXIS,20261009,4.65,4.65,3.93,3.98,425847
PRECAM,20261009,109.41,113.76,108.96,111.2,103148
PRECOT,20261009,590.65,598.9,580.0,589.95,6136
PRECWIRE,20261009,494.0,502.2,479.3,482.7,324124
PREMCO,20261009,395.0,395.0,386.0,386.9,545
PREMEXPLN,20261009,689.05,692.0,686.1,687.05,106402
PREMIER,20261009,2.64,2.64,2.49,2.61,4239
PREMIERENE,20261009,889.1,903.45,882.1,895.35,501749
PREMIERPOL,20261009,99.25,104.0,95.0,102.85,656892
PRESTIGE,20261009,1413.1,1426.5,1402.3,1406.8,230713
PRICOLLTD,20261009,650.0,675.0,636.25,670.85,599330
PRIMESECU,20261009,298.65,301.9,292.1,299.45,43248
PRIMO,20261009,24.76,26.8,24.51,26.3,310931
PRINCEPIPE,20261009,249.25,252.95,246.95,248.95,94203
PRIORITY,20261009,313.0,327.0,303.5,325.55,601565
PRISMX,20261009,0.5,0.52,0.49,0.5,219198
PRITI,20261009,32.3,32.3,30.75,31.28,3335
PRITIKAUTO,20261009,15.6,16.37,15.13,15.86,172383
PRIVISCL,20261009,3447.2,3467.6,3360.0,3424.1,56809
PROSTARM,20261009,128.3,129.33,124.71,127.46,154525
PROTEAN,20261009,638.7,656.8,637.3,640.65,284551
PROZONER,20261009,52.75,54.5,52.5,53.62,230990
PRSMJOHNSN,20261009,97.2,98.32,94.68,97.47,233089
PRUDENT,20261009,3241.1,3274.1,3147.0,3254.7,27536
PRUDMOULI,20261009,14.0,15.0,13.06,14.72,28422
PSB,20261009,20.93,21.09,20.64,21.01,838209
PSPPROJECT,20261009,753.4,764.5,739.4,747.45,93455
PSUBANK,20261009,80.39,81.52,80.07,81.02,336784
PSUBANKADD,20261009,81.5,82.32,80.92,81.97,16481
PSUBNKBEES,20261009,90.69,91.06,89.23,90.76,1934490
PSUBNKIETF,20261009,79.47,82.56,79.47,82.14,113099
PTC,20261009,149.01,149.55,146.5,148.0,1098100
PTCIL,20261009,24470.0,24900.0,24200.0,24535.0,28898
PTL,20261009,37.99,38.99,37.76,38.34,78762
PUNJABCHEM,20261009,1010.2,1031.7,983.1,1009.4,8258
PURVA,20261009,202.41,209.9,201.72,207.26,93813
PVP,20261009,50.65,52.76,50.46,50.97,1742501
PVRINOX,20261009,1310.9,1340.2,1309.0,1327.2,608467
PVSL,20261009,93.9,94.5,89.0,91.22,13283
PVTBANIETF,20261009,27.18,27.7,27.18,27.62,1508848
PVTBANK,20261009,27.22,27.43,27.22,27.36,657
PVTBANKADD,20261009,27.6,27.85,27.4,27.74,28453
PVTBKGROWW,20261009,27.38,27.49,26.66,27.29,22513
PWL,20261009,140.31,144.9,135.05,143.69,14048838
PYRAMID,20261009,151.08,151.08,148.21,149.18,17903
QGOLDHALF,20261009,122.03,123.26,122.03,123.0,80541
QMSMEDI,20261009,183.5,193.8,183.5,187.57,18065
QNIFTY,20261009,246.4,249.0,246.0,248.61,2930
QPOWER,20261009,1543.9,1569.0,1480.1,1547.4,261494
QUADFUTURE,20261009,508.0,524.7,502.0,511.25,533438
QUAL30IETF,20261009,19.5,19.73,19.43,19.65,46588
QUALITY30,20261009,19.04,19.3,19.04,19.27,2148
QUESS,20261009,322.9,326.4,316.25,321.35,132897
QUICKHEAL,20261009,138.0,139.8,136.9,137.75,66134
QUINT,20261009,53.21,53.21,53.21,53.21,4434
QUINTEGRA,20261009,1.69,1.69,1.69,1.69,18
RACE,20261009,102.24,104.33,101.6,103.4,33746
RACLGEAR,20261009,1500.1,1516.2,1439.1,1460.6,56124
RADAAN,20261009,2.88,2.92,2.8,2.89,13813
RADHIKAJWE,20261009,68.16,69.0,66.4,68.35,104863
RADIANTCMS,20261009,33.2,34.2,33.2,33.54,88751
RADICO,20261009,4449.9,4579.0,4425.3,4550.0,332390
RADIOCITY,20261009,5.79,5.86,5.65,5.72,11078
RAILTEL,20261009,250.05,252.0,246.45,248.15,697569
RAIN,20261009,212.1,218.4,211.42,215.42,2288755
RAINBOW,20261009,1240.0,1260.0,1226.7,1250.2,85099
RAJESHEXPO,20261009,58.19,59.08,57.07,57.61,173885
RAJMET,20261009,3.08,3.12,3.06,3.08,191860
RAJOOENG,20261009,60.02,60.99,57.5,59.45,939402
RAJPALAYAM,20261009,715.0,729.0,711.1,720.0,285
RAJRATAN,20261009,450.0,456.0,442.1,450.8,46369
RAJRILTD,20261009,21.22,21.22,21.22,21.22,26954
RAJSREESUG,20261009,27.75,27.83,27.01,27.5,48462
RAJTV,20261009,10.48,10.49,9.51,10.07,183957
RALLIS,20261009,196.07,198.65,193.4,198.06,351681
RAMANEWS,20261009,28.31,30.97,28.31,30.49,18996
RAMAPHO,20261009,110.5,110.5,106.0,109.52,45828
RAMASTEEL,20261009,4.1,4.1,4.07,4.07,707401
RAMBHAJO,20261009,359.0,369.9,348.3,357.45,717341
RAMCOCEM,20261009,820.45,823.8,803.0,807.55,115818
RAMCOIND,20261009,290.75,296.4,286.1,291.8,107160
RAMCOSYS,20261009,540.0,546.7,529.25,542.9,53401
RAMKY,20261009,271.65,275.25,266.1,267.5,29949
RAMRAT,20261009,608.0,610.65,582.2,584.25,193889
RANASUG,20261009,13.47,13.64,13.1,13.18,276801
RANEHOLDIN,20261009,1513.1,1526.6,1492.0,1517.6,2430
RATEGAIN,20261009,830.0,874.3,828.0,853.65,300830
RATNAMANI,20261009,2519.2,2570.0,2465.0,2523.6,26313
RATNAVEER,20261009,331.0,349.1,327.3,343.6,5179011
RAYMOND,20261009,1182.1,1209.8,1143.2,1186.6,1248779
RAYMONDLSL,20261009,603.95,607.9,592.35,596.4,156244
RAYMONDREL,20261009,681.05,718.0,673.5,698.2,1558911
RBA,20261009,92.95,93.95,90.04,91.1,1910175
RBLBANK,20261009,400.65,419.35,400.0,418.0,3772524
RBZJEWEL,20261009,193.98,196.0,184.29,190.63,72988
RCF,20261009,103.5,104.95,103.1,104.44,560936
RCOM,20261009,0.86,0.86,0.85,0.85,2359978
RECLTD,20261009,295.0,300.15,294.0,300.0,3107695
REDINGTON,20261009,388.1,399.45,377.95,380.0,2893774
REDTAPE,20261009,115.0,115.06,111.55,112.77,204572
REFEX,20261009,258.15,259.75,251.4,254.4,225810
REGAAL,20261009,83.01,85.0,81.7,84.09,461395
REGENCERAM,20261009,29.65,31.4,29.65,30.83,7411
RELAXO,20261009,283.9,289.2,281.35,286.0,70455
RELCHEMQ,20261009,113.59,115.0,112.12,114.19,986
RELIABLE,20261009,138.0,141.89,137.21,139.8,3673
RELIANCE,20261009,1179.0,1179.0,1160.2,1170.3,12086708
RELIGARE,20261009,219.77,222.75,216.05,217.59,839067
RELINFRA,20261009,56.44,59.29,55.5,59.29,1168713
RELTD,20261009,143.1,145.39,140.29,141.49,65280
REMSONSIND,20261009,99.14,106.5,97.11,101.46,584247
RENTOMOJO,20261009,607.5,607.5,581.6,590.35,1778853
RENUKA,20261009,21.8,22.15,21.6,21.72,6301032
REPCOHOME,20261009,339.0,339.0,328.1,329.4,72033
REPL,20261009,55.4,58.55,55.13,56.66,2870
REPRO,20261009,295.25,303.4,290.1,294.0,17682
RESPONIND,20261009,154.0,154.89,151.1,151.72,109847
RETAIL,20261009,27.06,29.9,27.06,28.45,107725
RGL,20261009,157.0,163.0,153.11,160.74,484036
RHETAN,20261009,17.35,18.25,17.35,17.4,5129784
RHFL,20261009,1.55,1.58,1.53,1.56,367810
RHIM,20261009,371.55,376.2,363.05,369.1,250788
RHL,20261009,161.0,164.49,161.0,162.05,3239
RICOAUTO,20261009,119.49,119.7,114.3,115.18,793747
RIIL,20261009,684.95,688.85,670.05,683.4,46663
RIR,20261009,175.2,177.5,170.64,174.12,361155
RISHABH,20261009,642.3,692.25,621.2,677.9,752424
RITCO,20261009,272.35,279.0,269.45,272.55,23328
RITES,20261009,195.0,200.96,193.1,198.66,588514
RKDL,20261009,16.49,16.89,16.1,16.68,17606
RKEC,20261009,20.39,20.39,19.51,19.87,20322
RKFORGE,20261009,696.0,705.4,678.55,685.45,644453
RKSWAMY,20261009,87.9,88.98,86.0,87.22,10809
RMC,20261009,189.99,192.34,182.56,184.33,32159
RMDRIP,20261009,20.71,22.35,20.55,21.68,186619
RML,20261009,1275.0,1314.0,1255.1,1285.2,24853
RNBDENIMS,20261009,8.52,8.94,8.4,8.69,103579
ROHLTD,20261009,294.9,295.0,286.0,287.55,54284
ROLEXRINGS,20261009,171.0,172.04,165.87,169.14,1460918
ROLLT,20261009,5.14,5.46,4.94,5.33,533641
ROML,20261009,41.16,41.99,41.0,41.02,2509
ROSSARI,20261009,412.2,416.5,407.2,409.8,77278
ROSSELLIND,20261009,50.99,53.0,50.6,52.75,7794
ROSSTECH,20261009,1565.0,1613.9,1529.2,1574.8,176795
ROTO,20261009,61.12,61.5,58.9,60.09,468363
ROUTE,20261009,415.7,426.2,414.25,416.7,149228
RPEL,20261009,1710.1,1769.0,1710.1,1734.1,35411
RPGLIFE,20261009,2811.7,2862.3,2671.1,2719.2,32707
RPOWER,20261009,19.75,20.13,19.59,20.01,18108205
RPPINFRA,20261009,52.3,53.99,51.25,51.62,29302
RPPL,20261009,18.65,18.68,17.82,18.49,46550
RPSGVENT,20261009,856.95,899.65,840.05,891.3,82123
RPTECH,20261009,902.0,916.7,869.9,889.7,236367
RRECL,20261009,131.0,133.96,120.2,132.05,195
RRIL,20261009,15.64,16.2,15.51,15.76,22900
RRKABEL,20261009,2700.0,2733.3,2659.0,2705.6,252367
RSDFIN,20261009,85.5,86.78,85.5,86.78,380
RSL,20261009,172.87,174.8,170.29,172.04,180215
RSSOFTWARE,20261009,28.51,29.2,28.01,28.53,12846
RSWM,20261009,197.79,197.85,192.01,195.63,18729
RSYSTEMS,20261009,245.8,284.6,245.55,274.3,33296077
RTNINDIA,20261009,25.3,25.68,23.89,24.95,2145403
RTNPOWER,20261009,6.35,6.59,6.35,6.54,10757944
RTSPOWR,20261009,114.05,119.33,114.05,119.33,11265
RUBFILA,20261009,63.75,64.69,61.94,62.01,69201
RUBICON,20261009,1535.4,1559.4,1503.5,1548.5,147742
RUBYMILLS,20261009,488.5,496.25,465.75,479.0,30978
RUCHINFRA,20261009,4.72,4.98,4.61,4.72,65109
RUCHIRA,20261009,100.21,103.0,100.21,102.06,9984
RUDRA,20261009,19.0,19.6,19.0,19.28,10004
RUNWALENTR,20261009,267.0,273.4,258.85,262.55,427686
RUPA,20261009,125.0,126.48,122.0,124.74,139385
RUSHIL,20261009,15.4,16.0,14.71,15.62,344516
RUSTOMJEE,20261009,359.0,366.0,355.55,361.2,43140
RVHL,20261009,38.09,38.4,36.9,38.0,4798
RVNL,20261009,188.25,191.84,187.6,190.65,3974632
RVTH,20261009,729.65,747.0,710.0,737.4,628
S&SPOWER,20261009,284.6,284.6,267.5,277.7,10769
SAATVIKGL,20261009,397.0,399.4,389.8,395.95,61157
SADBHAV,20261009,6.83,6.85,6.36,6.72,104477
SADBHIN,20261009,2.56,2.72,2.48,2.63,125986
SADHNANIQ,20261009,2.5,2.65,2.44,2.62,1735135
SAFARI,20261009,1290.0,1326.0,1283.8,1319.6,20759
SAGARDEEP,20261009,22.79,23.8,22.0,23.23,9179
SAGCEM,20261009,144.37,145.51,141.15,142.51,36522
SAGILITY,20261009,43.5,44.63,43.4,44.0,15687806
SAHLIBHFI,20261009,78.8,79.0,76.15,77.12,4141
SAHYADRI,20261009,335.05,339.95,325.0,327.35,10196
SAICAPI,20261009,145.89,156.0,145.89,150.98,107
SAIL,20261009,168.0,175.84,167.72,171.55,42339535
SAILIFE,20261009,1509.8,1518.9,1470.6,1487.9,429336
SAIPARENT,20261009,500.0,508.0,485.0,493.9,145255
SAKAR,20261009,1002.0,1030.3,941.9,1011.5,243394
SAKHTISUG,20261009,18.15,18.39,17.91,18.11,57881
SAKSOFT,20261009,132.05,145.0,132.05,138.79,1913238
SAKUMA,20261009,1.49,1.53,1.48,1.52,523298
SALASAR,20261009,4.09,4.13,3.99,4.08,3446934
SALONA,20261009,272.0,278.0,266.05,269.55,219
SALSTEEL,20261009,87.51,91.1,85.33,85.89,1108442
SALZERELEC,20261009,510.3,511.0,492.05,497.25,59710
SAMBHAAV,20261009,6.14,6.15,5.16,5.68,100892
SAMBHV,20261009,158.0,163.59,154.65,160.41,2597526
SAMHI,20261009,143.93,145.0,140.91,141.9,783713
SAMMAANCAP,20261009,128.8,128.94,125.66,126.44,4678834
SAMPANN,20261009,24.29,24.29,23.22,23.62,7720
SANATHAN,20261009,505.15,514.45,500.45,503.2,24539
SANDESH,20261009,1008.0,1016.0,991.0,1014.55,368
SANDHAR,20261009,537.7,540.3,525.1,530.3,109550
SANDUMA,20261009,177.2,180.0,175.01,177.68,519668
SANGAMIND,20261009,611.2,615.0,599.65,604.8,12875
SANGHVIMOV,20261009,390.9,398.15,379.55,392.6,327756
SANOFI,20261009,2967.1,2992.1,2914.1,2945.4,12385
SANOFICONR,20261009,3600.5,3619.0,3540.0,3581.7,5792
SANSERA,20261009,4095.0,4190.0,4000.0,4124.7,263202
SANSTAR,20261009,97.25,102.5,97.25,101.9,196520
SANWARIA,20261009,0.18,0.19,0.18,0.18,342280
SAPPHIRE,20261009,204.5,208.91,203.0,207.08,690049
SAPPL,20261009,334.0,334.0,304.05,319.25,998
SARDAEN,20261009,490.0,495.0,480.0,481.15,267382
SAREGAMA,20261009,482.95,490.65,481.55,485.6,184810
SARLAPOLY,20261009,94.11,97.0,93.91,96.89,48070
SARVESHWAR,20261009,3.58,3.75,3.55,3.66,2194604
SASKEN,20261009,1616.5,1616.5,1551.0,1566.1,18939
SATIA,20261009,67.65,68.44,67.5,68.06,61491
SATIN,20261009,217.72,224.89,216.41,223.87,167402
SAURASHCEM,20261009,49.35,50.05,48.2,49.25,96274
SAYAJIIND,20261009,115.98,118.5,115.0,115.0,998
SBC,20261009,63.2,63.35,61.55,62.43,17654008
SBCL,20261009,1040.0,1060.0,1026.0,1041.6,116992
SBFC,20261009,81.28,84.73,81.25,84.4,1798045
SBGLP,20261009,22.49,22.94,22.05,22.2,38949
SBIBPB,20261009,46.86,47.41,46.54,47.29,47375
SBICARD,20261009,552.95,565.8,552.85,562.0,790400
SBIETFCON,20261009,112.67,113.15,111.92,112.54,3473
SBIETFIT,20261009,312.48,319.09,307.0,316.22,8660
SBIETFPB,20261009,277.53,279.96,275.75,278.4,1254
SBIETFQLTY,20261009,204.96,207.23,204.09,206.77,3700
SBIFUNDS,20261009,499.95,503.15,494.0,500.0,1052906
SBILIFE,20261009,1677.7,1708.0,1672.4,1684.6,1204479
SBILIQETF,20261009,1059.62,1059.64,1059.62,1059.62,120203
SBIMIDMOM,20261009,60.1,60.95,59.6,60.72,12256
SBIN,20261009,942.0,959.9,938.1,959.1,6050801
SBINEQWETF,20261009,30.72,31.12,30.67,31.09,13167
SBINMID150,20261009,21.61,21.73,21.42,21.69,3753
SBISILVER,20261009,213.14,215.5,213.14,215.06,567807
SBISMLETF,20261009,17.64,17.97,17.38,17.61,48728
SBIVALETF,20261009,13.39,13.83,13.39,13.68,32572
SCANSTL,20261009,50.6,50.6,48.56,48.92,9167
SCHAEFFLER,20261009,3736.7,3756.0,3621.2,3667.6,61956
SCHAND,20261009,141.01,143.8,139.21,140.88,25930
SCHNEIDER,20261009,1192.6,1208.9,1154.9,1176.9,205311
SCI,20261009,279.85,281.3,274.65,277.25,1184879
SCILAL,20261009,36.98,37.4,36.7,37.03,128953
SCODATUBES,20261009,120.99,121.2,118.11,120.24,132010
SCPL,20261009,605.8,639.25,600.0,616.8,4871
SDBL,20261009,70.82,72.49,70.0,71.2,458328
SEAMECLTD,20261009,1578.0,1590.9,1520.0,1571.2,68637
SECLEDBETA,20261009,13.97,13.97,13.65,13.8,9511
SECMARK,20261009,141.95,159.2,138.01,149.52,16554
SECURKLOUD,20261009,15.45,15.45,14.91,15.12,39336
SEDEMAC,20261009,3246.2,3317.1,3210.2,3229.8,206643
SEIL,20261009,178.17,181.49,176.82,178.68,124912
SEJALLTD,20261009,678.6,689.0,650.15,670.3,9204
SEKURITIND,20261009,107.5,108.8,105.21,106.98,18684
SELECTIPO,20261009,45.35,45.7,45.0,45.57,38512
SEMAC,20261009,218.9,232.98,218.9,230.16,1206
SENCO,20261009,335.85,338.05,323.85,334.75,5075919
SENORES,20261009,1328.8,1344.4,1306.3,1320.0,141415
SENSEXADD,20261009,74.01,75.3,74.01,75.01,1830
SENSEXAXIS,20261009,74.33,75.56,74.33,75.2,6386
SENSEXBETA,20261009,796.0,811.79,793.34,800.77,1769
SENSEXETF,20261009,73.9,75.1,72.44,75.01,42572
SENSEXIETF,20261009,826.58,836.98,826.46,833.07,8733
SEPC,20261009,4.96,5.47,4.86,5.28,77230352
SERVOTECH,20261009,68.23,69.88,67.51,69.05,376203
SESHAPAPER,20261009,230.2,232.31,219.99,222.49,102155
SETCO,20261009,18.64,18.64,17.51,17.86,23895
SETF10GILT,20261009,261.0,261.0,258.95,260.8,483
SETFGOLD,20261009,126.12,126.89,125.81,126.61,3098688
SETFNIF50,20261009,239.71,243.49,239.05,243.23,529474
SETFNIFBK,20261009,562.0,569.6,562.0,568.75,108046
SETFNN50,20261009,729.0,734.49,723.22,731.64,26226
SETL,20261009,401.0,408.0,387.95,387.95,1281256
SETUINFRA,20261009,0.48,0.48,0.46,0.46,14767
SEYAIND,20261009,12.87,12.87,12.5,12.5,4300
SFL,20261009,606.0,613.1,595.5,603.65,94248
SGFIN,20261009,651.1,688.8,639.3,676.05,844383
SGIL,20261009,618.65,638.2,605.0,616.2,3629
SGL,20261009,9.3,9.64,9.03,9.49,19327
SGLRES,20261009,2.27,2.48,2.24,2.42,78323
SGMART,20261009,744.0,779.85,736.0,775.6,305426
SGRL,20261009,719.85,719.85,671.35,678.65,18591
SHADOWFAX,20261009,288.0,301.25,286.15,294.85,5710244
SHAH,20261009,2.95,3.02,2.92,2.96,310751
SHAHALLOYS,20261009,80.5,81.88,77.71,78.62,1595
SHAHINVEST,20261009,150.56,155.31,150.56,151.19,254452
SHAILY,20261009,3063.0,3078.5,3011.0,3063.4,58708
SHAKTIPUMP,20261009,427.3,430.5,416.05,419.0,577981
SHALBY,20261009,131.0,132.89,129.9,131.84,51038
SHALPAINTS,20261009,75.92,77.99,75.0,76.3,72649
SHANKARA,20261009,116.01,121.82,113.01,117.57,127411
SHANKESH,20261009,92.19,93.94,90.11,93.03,1980739
SHANTI,20261009,5.68,5.69,5.5,5.68,30037
SHANTIGEAR,20261009,557.0,566.8,532.15,562.4,72990
SHANTIGOLD,20261009,356.0,389.9,351.0,380.55,10493143
SHARDACROP,20261009,725.0,733.0,720.1,723.9,40201
SHARDAMOTR,20261009,888.85,894.15,869.1,872.3,48253
SHARDUL,20261009,58.0,58.2,55.43,58.2,1988
SHAREINDIA,20261009,187.28,191.39,181.0,182.71,1540477
SHARIABEES,20261009,416.86,423.47,416.73,422.16,9293
SHBAJRG,20261009,161.0,167.79,158.5,166.63,2770
SHEKHAWATI,20261009,23.31,23.31,23.31,23.31,20787
SHEMAROO,20261009,102.95,105.78,98.51,101.86,6223
SHILCTECH,20261009,3947.0,3994.0,3902.2,3925.3,6613
SHILGRAVQ,20261009,144.0,147.0,140.9,142.42,2187
SHILPAMED,20261009,1025.4,1048.2,991.4,1021.7,397778
SHINDL,20261009,157.8,157.8,155.0,155.8,98028
SHIPROCKET,20261009,129.9,133.11,126.69,130.18,2934274
SHIVAAGRO,20261009,39.2,40.0,38.5,40.0,687
SHIVACEM,20261009,12.9,13.19,12.57,12.79,86117
SHIVALIK,20261009,351.95,353.9,343.4,349.45,35157
SHIVAMAUTO,20261009,17.76,18.38,16.9,18.0,202603
SHIVAMILLS,20261009,60.09,60.09,58.0,59.58,321
SHIVATEX,20261009,165.03,168.51,165.02,165.1,842
SHIVAUM,20261009,551.5,555.0,551.5,552.75,1567
SHK,20261009,135.11,139.0,135.11,136.61,182502
SHOPERSTOP,20261009,381.0,392.45,377.1,385.1,19629
SHRADDHA,20261009,161.99,163.89,160.1,161.45,13979
SHRADHA,20261009,30.59,30.59,29.1,29.53,2251
SHREDIGCEM,20261009,62.4,63.48,60.61,62.68,71101
SHREECEM,20261009,21610.0,22200.0,21560.0,22080.0,22022
SHREEJISPG,20261009,810.0,812.0,804.15,811.8,1365619
SHREEPUSHK,20261009,484.1,497.25,482.6,491.0,52864
SHREERAMA,20261009,42.19,43.47,41.22,42.56,36494
SHRENIK,20261009,0.27,0.28,0.26,0.26,1264936
SHREYANIND,20261009,128.8,129.95,128.8,129.0,6617
SHRIKRISH,20261009,34.82,35.0,32.75,32.75,465
SHRINGARMS,20261009,219.01,222.83,216.51,221.13,514016
SHRIPISTON,20261009,4290.0,4317.8,4227.3,4284.5,60286
SHRIRAMFIN,20261009,923.85,944.9,921.1,940.45,4965497
SHRIRAMPPS,20261009,65.98,67.8,65.05,66.83,256825
SHRJAGP,20261009,643.95,650.0,639.0,648.9,321
SHUKRAPHAR,20261009,67.7,69.45,66.74,66.94,4237781
SHYAMCENT,20261009,4.8,5.0,4.8,4.86,57125
SHYAMMETL,20261009,1062.6,1072.0,1051.4,1060.1,160796
SHYAMTEL,20261009,11.0,11.24,10.28,10.64,3493
SICAGEN,20261009,50.6,51.55,47.9,50.45,6115
SICALLOG,20261009,85.57,86.43,82.2,85.8,28637
SIEMENS,20261009,3668.0,3668.0,3502.0,3595.0,353854
SIGACHI,20261009,28.65,29.78,28.3,28.52,1020518
SIGIND,20261009,56.31,61.06,55.31,61.05,14582
SIGMA,20261009,45.44,46.0,43.52,44.17,72429
SIGMAADV,20261009,985.3,1035.0,985.3,1008.8,462853
SIGNATURE,20261009,714.8,718.2,706.05,710.05,215154
SIGNPOST,20261009,262.9,264.45,254.6,260.3,21861
SIKA,20261009,1028.7,1041.3,1010.7,1020.4,14567
SIKKO,20261009,6.0,6.04,5.73,5.99,441389
SIL,20261009,15.81,16.4,15.46,15.54,49013
SILGO,20261009,69.75,70.99,69.44,70.42,54031
SILINV,20261009,460.05,473.8,454.55,469.45,3167
SILVER,20261009,217.5,219.49,217.5,218.97,630552
SILVER001,20261009,22.02,22.21,22.02,22.2,9055
SILVER1,20261009,21.1,21.33,21.1,21.24,5970219
SILVER360,20261009,215.33,216.12,214.66,215.52,9599
SILVERADD,20261009,21.12,21.19,21.02,21.12,3505037
SILVERAG,20261009,212.25,214.1,212.25,213.56,223235
SILVERAXIS,20261009,216.15,218.61,216.15,217.9,113447
SILVERBEES,20261009,208.12,210.2,208.12,209.68,14496035
SILVERBETA,20261009,210.9,212.25,210.59,211.7,217578
SILVERBND,20261009,219.02,220.96,218.72,219.92,11772
SILVERCASE,20261009,22.01,22.25,22.01,22.18,3762734
SILVERIETF,20261009,217.31,219.36,217.31,218.78,3099986
SILVERTUC,20261009,127.0,142.17,127.0,131.18,1137975
SIMBHALS,20261009,8.55,8.55,7.75,8.02,74465
SIMPLEXINF,20261009,241.25,252.18,241.25,246.13,79056
SIMPLXREA,20261009,131.67,131.67,131.0,131.65,234
SINCLAIR,20261009,74.5,74.99,73.6,74.46,9699
SINDHUTRAD,20261009,20.9,21.59,20.61,20.86,221223
SINGERIND,20261009,76.3,77.69,75.1,75.19,75664
SINTERCOM,20261009,77.0,77.0,73.03,74.87,719
SIRCA,20261009,402.25,405.0,398.9,402.7,66070
SIS,20261009,410.0,418.0,409.1,416.3,89348
SITINET,20261009,0.23,0.24,0.22,0.23,775648
SIYSIL,20261009,544.0,558.0,536.2,539.65,14353
SJS,20261009,1972.0,2010.7,1918.0,1994.8,210176
SJVN,20261009,54.22,55.7,53.66,55.27,4370936
SKFINDIA,20261009,1419.2,1419.2,1393.2,1398.8,32285
SKFINDUS,20261009,2610.0,2683.8,2580.0,2655.9,25704
SKIPPER,20261009,517.5,536.15,512.0,530.25,738256
SKMEGGPROD,20261009,207.14,210.24,204.12,206.97,102032
SKYGOLD,20261009,888.0,936.0,868.1,921.0,2291187
SKYWAYS,20261009,111.9,112.9,108.98,109.47,1237806
SMALL250,20261009,17.97,18.0,17.42,17.62,486031
SMALLADD,20261009,17.59,18.35,17.5,17.9,48092
SMALLCAP,20261009,47.59,47.59,46.76,47.26,824153
SMALLGROWW,20261009,48.17,48.17,46.95,47.54,6354
SMALLIETF,20261009,17.67,18.08,17.4,17.76,36687
SMARTLINK,20261009,226.79,226.95,224.0,226.93,3674
SMARTWORKS,20261009,490.0,490.0,473.0,474.3,65158
SMCGLOBAL,20261009,107.83,124.0,106.9,115.95,82142124
SML100CASE,20261009,11.03,11.03,10.71,10.88,1093322
SMLMAH,20261009,5960.0,6026.0,5775.0,5811.5,46289
SMLT,20261009,77.79,80.75,75.0,77.36,85832
SMSPHARMA,20261009,448.05,452.1,435.55,444.65,296160
SNOWMAN,20261009,34.99,34.99,33.77,34.16,70296
SNXT30BEES,20261009,39.07,39.52,38.88,39.52,4507
SNXT50BETA,20261009,87.8,88.9,87.8,88.49,1853
SOBHA,20261009,1197.0,1207.5,1154.1,1161.7,177353
SOFTTECH,20261009,452.2,457.8,443.0,448.3,9244
SOLARA,20261009,654.0,666.25,640.1,644.35,199638
SOLARINDS,20261009,19890.0,20060.0,19787.0,20000.0,93913
SOLARWORLD,20261009,125.72,130.0,125.0,129.06,154935
SOLEX,20261009,654.0,654.25,638.2,643.65,29893
SOMANYCERA,20261009,596.05,605.95,578.3,591.45,71425
SOMATEX,20261009,74.25,78.9,74.25,75.55,3551
SOMICONVEY,20261009,84.0,84.0,81.91,82.42,3867
SONA,20261009,99.76,102.0,95.41,97.88,151326
SONACOMS,20261009,792.8,795.25,774.5,783.3,2197655
SONAL,20261009,80.0,85.0,77.0,81.49,163
SONAMLTD,20261009,70.0,70.98,69.25,70.97,39594
SONATSOFTW,20261009,241.1,253.2,238.0,239.15,2319197
SOTL,20261009,771.65,774.7,755.45,764.8,189615
SOUTHBANK,20261009,46.15,48.24,46.15,47.91,12917963
SOUTHWEST,20261009,186.05,193.49,186.05,189.24,39193
SPAL,20261009,927.0,932.1,905.0,913.6,27703
SPANDANA,20261009,210.5,215.3,209.18,211.08,66403
SPARC,20261009,188.75,192.06,184.05,185.6,828265
SPCENET,20261009,3.27,3.31,3.21,3.28,128235
SPECIALITY,20261009,147.1,148.0,144.2,145.2,4355
SPECTRUM,20261009,3787.0,3787.0,3625.0,3777.0,5761
SPENCERS,20261009,27.3,27.62,27.3,27.45,17701
SPIC,20261009,62.13,62.13,60.6,61.15,219823
SPLIL,20261009,30.0,30.0,29.1,29.29,2832
SPLPETRO,20261009,784.0,795.95,775.25,788.55,129656
SPMLINFRA,20261009,156.16,156.16,150.0,152.18,237139
SPORTKING,20261009,198.75,198.75,194.22,196.45,152233
SRD,20261009,37.99,38.9,36.44,36.8,47358
SREEL,20261009,288.9,288.9,270.65,276.15,3168
SRF,20261009,2490.6,2522.5,2473.8,2519.5,171915
SRGHFL,20261009,119.77,121.3,114.93,115.81,57060
SRHHYPOLTD,20261009,532.0,547.95,519.2,533.85,13993
SRIKPRIND,20261009,24.85,25.9,23.51,23.82,2263
SRIT,20261009,132.99,132.99,132.99,132.99,100645
SRM,20261009,409.6,412.95,401.05,408.35,16780
SRTL,20261009,37.3,37.3,36.15,36.2,14079
SSDL,20261009,65.85,68.87,65.28,66.89,59551
SSRETAIL,20261009,684.75,713.95,684.75,705.85,3528828
SSWL,20261009,410.0,416.9,404.0,406.8,617552
STALLION,20261009,220.0,223.85,212.8,214.43,437748
STANLEY,20261009,126.5,129.19,126.0,128.34,49956
STAR,20261009,1095.0,1102.2,1072.0,1085.3,189136
STARCEMENT,20261009,170.0,172.39,166.5,168.46,120075
STARHEALTH,20261009,545.5,553.95,542.6,552.1,209111
STARPAPER,20261009,148.0,151.99,146.01,147.49,3390
STARTECK,20261009,276.95,276.95,253.15,257.75,1069
STCINDIA,20261009,102.3,106.38,100.55,102.24,31542
STEAMHOUSE,20261009,121.99,133.33,120.99,127.9,20550747
STEELCAS,20261009,364.9,364.9,350.65,356.5,63799
STEELCITY,20261009,79.5,81.58,79.5,81.42,3046
STEELXIND,20261009,10.25,10.44,10.04,10.37,5260411
STEL,20261009,561.0,566.5,536.9,545.25,6421
STERTOOLS,20261009,229.01,238.95,222.01,225.24,54304
STLNETWORK,20261009,47.82,48.75,45.82,46.35,6627588
STLSTRINF,20261009,22.0,22.0,20.9,22.0,1454
STLTECH,20261009,993.0,1037.0,975.0,1015.2,1326359
STOVEKRAFT,20261009,803.15,817.85,794.0,802.1,79858
STUDDS,20261009,414.0,466.55,410.0,414.5,3768699
STYL,20261009,359.6,360.75,345.3,349.05,50151
STYLAMIND,20261009,3240.0,3330.3,3203.0,3271.0,22030
STYLEBAAZA,20261009,374.35,383.1,366.15,376.05,469417
STYRENIX,20261009,1989.0,2029.5,1980.0,1999.2,21450
SUBEXLTD,20261009,18.42,19.7,18.03,19.18,17374996
SUBROS,20261009,667.5,682.4,656.0,676.75,33572
SUDARCOLOR,20261009,351.6,360.1,346.0,350.4,5949
SUDARSCHEM,20261009,1184.0,1194.0,1145.9,1166.8,127952
SUDEEPPHRM,20261009,1110.0,1117.2,1035.8,1050.3,543547
SUKHJITS,20261009,146.67,149.35,144.0,145.63,8717
SULA,20261009,132.0,132.4,130.01,130.96,126966
SUMEDHA,20261009,41.0,41.0,40.0,40.07,1206
SUMEETINDS,20261009,11.23,11.85,11.01,11.74,1038955
SUMICHEM,20261009,415.0,422.05,410.3,417.3,169451
SUMIT,20261009,48.0,49.0,46.85,47.58,8440
SUMMITSEC,20261009,1325.0,1339.9,1301.0,1330.8,2403
SUNCLAY,20261009,1124.7,1285.0,1087.0,1224.4,249860
SUNDARAM,20261009,1.07,1.07,1.01,1.03,616218
SUNDARMFIN,20261009,4144.3,4159.3,4095.3,4113.6,40316
SUNDRMBRAK,20261009,652.4,680.0,652.4,669.25,1717
SUNDRMFAST,20261009,1115.0,1139.0,1103.9,1127.8,89346
SUNDROP,20261009,742.95,751.4,677.4,682.1,191622
SUNFLAG,20261009,450.25,457.15,436.2,439.8,276426
SUNLOC,20261009,70.51,70.86,66.0,66.0,114
SUNPHARMA,20261009,1756.2,1776.8,1751.0,1760.0,1346107
SUNRAKSHAK,20261009,359.8,361.9,354.0,360.4,12492
SUNSHIEL,20261009,1055.5,1080.0,1050.0,1073.6,440
SUNSHINE,20261009,436.3,446.45,426.95,440.2,126656
SUNTECK,20261009,272.85,274.35,266.1,271.15,79246
SUNTV,20261009,613.0,639.95,608.6,635.9,1787414
SUPERHOUSE,20261009,150.1,155.0,150.1,153.08,3957
SUPERSPIN,20261009,6.87,6.97,6.7,6.8,11907
SUPRAJIT,20261009,466.1,466.2,452.4,457.65,103712
SUPREME,20261009,30.0,30.0,29.12,29.63,4084
SUPREMEENG,20261009,4.65,4.65,4.65,4.65,91528
SUPREMEIND,20261009,3464.7,3504.6,3414.1,3474.8,178497
SUPREMEINF,20261009,51.5,52.67,45.29,51.14,477457
SUPRIYA,20261009,864.3,872.3,840.1,847.65,137536
SUPTANERY,20261009,8.92,9.25,8.45,8.52,125133
SURAJEST,20261009,197.0,204.33,195.15,202.34,65341
SURAJLTD,20261009,184.01,205.0,184.01,203.68,5819
SURAKSHA,20261009,311.45,333.0,303.85,316.25,28941
SURANASOL,20261009,23.95,23.96,23.3,23.41,14383
SURANAT&P,20261009,15.68,15.98,15.17,15.54,21260
SURYALA,20261009,376.25,394.9,376.25,378.95,411
SURYALAXMI,20261009,55.61,57.0,55.32,55.5,2124
SURYAROSNI,20261009,213.3,214.1,207.21,208.33,262056
SURYODAY,20261009,149.0,153.15,147.0,147.93,275822
SUTLEJTEX,20261009,35.99,36.52,34.12,34.23,356934
SUVEN,20261009,288.9,290.65,280.7,282.75,583282
SUVIDHAA,20261009,2.07,2.15,2.02,2.11,68041
SUYOG,20261009,651.35,661.95,638.05,645.05,12824
SUZLON,20261009,36.63,37.74,36.31,37.6,57534896
SVGLOBAL,20261009,134.0,137.99,132.31,135.98,606
SVLL,20261009,799.3,833.3,787.3,795.9,5932
SVPGLOB,20261009,3.13,3.44,2.9,3.44,337131
SWANCORP,20261009,260.0,265.35,255.0,261.5,1028060
SWANDEF,20261009,2790.0,2850.0,2681.1,2816.8,34005
SWARAJ,20261009,361.0,364.85,355.0,359.05,24552
SWARAJENG,20261009,3510.0,3510.0,3416.5,3439.1,7927
SWARNSAR,20261009,39.89,41.24,39.06,39.07,8959
SWASTIKAIN,20261009,209.58,230.7,209.58,219.37,360978
SWELECTES,20261009,584.0,646.75,573.05,618.05,169423
SWIGGY,20261009,235.5,237.9,232.4,234.2,9760923
SWISSMLTRY,20261009,13.7,14.4,13.7,13.99,47230
SWSOLAR,20261009,163.5,163.85,159.5,162.12,815781
SYMBIOTEC,20261009,1081.0,1112.5,1078.1,1087.5,402278
SYMPHONY,20261009,540.0,544.85,534.25,540.75,31566
SYNCOMF,20261009,23.73,24.15,22.15,23.28,14864967
SYNGENE,20261009,346.1,351.95,344.45,347.4,379586
SYRMA,20261009,1683.0,1734.0,1675.8,1719.9,980252
SYSTMTXC,20261009,74.0,74.01,73.0,73.0,9616
TAALTECH,20261009,1069.8,1078.9,1010.0,1018.4,28184
TAINWALCHM,20261009,204.0,229.45,198.0,219.26,21625
TAJGVK,20261009,324.8,330.05,320.1,325.9,117581
TAKE,20261009,13.35,13.35,13.35,13.35,79070
TALBROAUTO,20261009,405.0,409.9,398.8,402.05,94099
TAMBOLIIN,20261009,289.1,298.95,281.55,290.6,903
TANAA,20261009,331.05,341.55,322.55,325.9,44650
TANLA,20261009,492.0,509.1,492.0,498.35,412653
TARACHAND,20261009,46.5,46.99,45.02,46.05,33470
TARAPUR,20261009,16.4,16.58,16.1,16.58,810771
TARC,20261009,118.32,120.0,113.75,117.47,845541
TARIL,20261009,283.45,293.7,278.1,290.65,2355379
TARMAT,20261009,55.15,57.8,55.15,55.84,4346
TARSONS,20261009,330.55,331.75,319.65,320.95,74185
TASTYBITE,20261009,8976.5,9151.0,8692.5,8758.0,1934
TATACAP,20261009,315.0,319.4,312.85,318.7,997155
TATACHEM,20261009,598.75,605.3,586.45,589.75,965015
TATACOMM,20261009,1677.1,1677.3,1621.0,1656.7,307617
TATACONSUM,20261009,950.0,959.1,948.4,955.0,947397
TATAELXSI,20261009,3014.9,3165.0,3010.6,3130.0,627867
TATAGOLD,20261009,14.33,14.46,14.33,14.42,30995307
TATAINVEST,20261009,607.65,609.85,596.0,599.25,292603
TATAPOWER,20261009,335.55,342.15,333.6,342.15,4378116
TATASTEEL,20261009,171.0,174.44,170.23,173.8,13053584
TATATECH,20261009,698.75,736.0,695.1,715.85,2592329
TATSILV,20261009,21.15,21.36,21.15,21.31,26623905
TATVA,20261009,1850.1,1880.9,1782.1,1804.8,77489
TBOTEK,20261009,1670.5,1679.9,1636.0,1666.4,209266
TBZ,20261009,555.3,594.95,540.75,594.95,239097
TCC,20261009,44.9,45.22,43.5,43.93,292590
TCI,20261009,867.15,867.15,825.0,851.45,26266
TCIEXP,20261009,485.0,487.0,460.55,466.15,70741
TCIFINANCE,20261009,13.26,14.69,13.26,14.13,20730
TCPLPACK,20261009,4090.0,4298.0,3996.4,4274.7,45318
TCS,20261009,2086.0,2204.0,2086.0,2156.0,11692314
TDPOWERSYS,20261009,795.0,813.0,773.85,793.75,2207016
TEAMGTY,20261009,240.45,249.6,235.0,243.02,1628
TEAMLEASE,20261009,1080.0,1109.0,1056.0,1068.0,23274
TECH,20261009,30.48,31.5,30.41,31.26,127599
TECHM,20261009,1500.0,1536.6,1496.2,1514.1,2021871
TECHNOCRAF,20261009,472.5,483.6,465.1,474.15,900005
TECHNOE,20261009,945.2,959.0,938.6,954.9,70648
TECHNVISN,20261009,4500.0,4599.0,4379.8,4487.7,795
TECILCHEM,20261009,9.69,9.7,8.96,9.32,13519
TEGA,20261009,1971.1,2005.4,1928.5,1935.0,328913
TEJASNET,20261009,456.0,461.0,445.7,447.2,1161684
TEMBO,20261009,56.06,56.72,53.35,55.06,2078306
TEMPSENS,20261009,563.5,583.1,551.0,576.4,1782494
TENNIND,20261009,468.8,479.0,465.0,473.7,686322
TERAI,20261009,118.75,140.01,114.0,140.01,25082
TERASOFT,20261009,219.0,229.49,217.66,225.64,25779
TEXINFRA,20261009,120.2,120.98,115.2,118.07,393940
TEXMOPIPES,20261009,51.5,52.65,51.0,51.21,53564
TEXRAIL,20261009,107.75,114.1,105.05,110.99,5259219
TFCILTD,20261009,147.39,150.2,145.0,147.05,27675622
TFL,20261009,11.7,12.2,11.51,12.05,43818
TGBHOTELS,20261009,9.18,9.38,8.85,9.08,13772
TGVSL,20261009,121.8,124.0,117.72,121.4,212393
THACKER,20261009,893.0,944.0,893.0,902.0,162
THAKDEV,20261009,126.5,129.0,126.35,126.36,119
THANGAMAYL,20261009,4800.5,4920.0,4792.5,4889.5,38850
THEINVEST,20261009,91.89,92.8,89.0,89.44,3796
THEJO,20261009,2079.6,2081.9,2010.1,2025.5,6740
THELEELA,20261009,589.9,609.0,576.2,587.5,227500
THEMISMED,20261009,109.49,113.0,107.25,108.57,75032
THERMAX,20261009,3202.0,3352.0,3180.5,3256.3,574697
THOMASCOOK,20261009,98.55,99.75,96.5,96.75,397056
THOMASCOTT,20261009,269.05,272.35,261.0,269.7,23545
THYROCARE,20261009,503.0,503.5,490.9,499.7,346025
TI,20261009,543.7,550.4,529.45,541.0,1535658
TICL,20261009,8.23,8.23,8.23,8.23,101641
TIGERLOGS,20261009,25.0,25.0,22.68,23.59,305706
TIIL,20261009,2581.8,2685.0,2581.8,2631.1,31941
TIINDIA,20261009,2245.5,2272.7,2213.0,2213.0,841286
TIJARIA,20261009,6.37,6.63,6.06,6.08,60363
TIL,20261009,230.3,236.6,226.5,234.2,39616
TIMETECHNO,20261009,180.0,182.55,175.63,176.35,1622533
TIMEX,20261009,709.9,730.0,692.8,724.4,352976
TIMKEN,20261009,3030.4,3044.4,2953.0,2962.8,17063
TINNARUBR,20261009,872.8,909.85,870.2,885.85,41596
TIPSFILMS,20261009,318.25,324.5,311.6,316.25,9595
TIPSMUSIC,20261009,621.95,642.0,621.95,636.35,147283
TIRUMALCHM,20261009,143.97,144.95,141.52,142.72,157730
TIRUPATIFL,20261009,70.77,70.77,70.77,70.77,108469
TITAGARH,20261009,779.9,789.0,770.2,777.2,196581
TITAN,20261009,4375.1,4430.7,4360.2,4410.0,591677
TMB,20261009,855.5,879.2,852.5,874.8,130870
TMCV,20261009,415.0,419.0,408.6,410.3,4593192
TMPV,20261009,275.8,280.95,274.6,279.9,6477363
TNIDETF,20261009,81.3,85.0,81.3,84.88,36711
TNPETRO,20261009,119.05,121.5,116.22,118.51,551508
TNPL,20261009,138.2,143.1,136.21,141.31,140009
TNTELE,20261009,9.58,9.91,9.0,9.9,126813
TOKYOPLAST,20261009,69.89,71.48,68.0,68.1,161
TOLINS,20261009,88.45,88.69,86.23,86.89,16498
TOP100CASE,20261009,9.95,9.96,9.8,9.92,580930
TOP10ADD,20261009,82.88,84.28,82.88,84.06,125236
TOP15IETF,20261009,9.1,9.27,9.1,9.19,29357
TOP20,20261009,8.3,8.4,8.3,8.38,190204
TORNTPHARM,20261009,4618.0,4660.0,4590.0,4656.9,341921
TORNTPOWER,20261009,1220.0,1220.1,1178.5,1188.6,380383
TOTAL,20261009,70.0,72.9,68.8,72.0,4740
TOUCHWOOD,20261009,58.41,59.69,57.2,59.68,245
TOYAMSL,20261009,0.76,0.76,0.75,0.76,187212
TPHQ,20261009,0.45,0.47,0.45,0.47,874892
TPLPLASTEH,20261009,68.7,68.92,66.85,67.08,112592
TRACXN,20261009,32.62,35.0,32.5,34.66,356006
TRANSCOR,20261009,24.48,24.48,23.36,24.45,434
TRANSPEK,20261009,1365.0,1386.9,1326.6,1345.0,329
TRANSRAILL,20261009,474.0,476.0,462.65,464.65,390123
TRANSWORLD,20261009,152.4,154.49,150.0,151.26,2552
TRAVELFOOD,20261009,1186.2,1193.0,1166.0,1183.9,46223
TREEHOUSE,20261009,5.62,5.95,5.54,5.79,4723
TREJHARA,20261009,129.0,134.97,124.52,130.56,22326
TREL,20261009,25.41,26.19,25.1,25.77,45535
TRENT,20261009,2876.3,2930.5,2855.0,2918.2,753581
TRF,20261009,192.73,224.0,190.0,216.94,56466
TRIDENT,20261009,22.05,22.12,21.6,21.96,2978289
TRIGYN,20261009,52.0,52.2,50.0,51.55,12939
TRITONV,20261009,1050.0,1060.4,1020.0,1036.4,1957
TRITURBINE,20261009,518.0,523.0,503.85,511.1,980158
TRIVENI,20261009,243.1,243.59,234.33,235.67,463098
TRU,20261009,4.49,4.54,4.17,4.47,72974
TRUALT,20261009,427.15,428.5,411.95,427.2,296304
TSFINV,20261009,398.0,406.9,396.1,403.9,53142
TTKHLTCARE,20261009,1025.0,1025.0,998.0,1016.6,6689
TTKPRESTIG,20261009,513.0,517.7,506.05,515.15,26664
TTL,20261009,7.11,7.27,6.9,6.96,95825
TTML,20261009,33.0,33.34,32.63,32.89,1507076
TURTLEMINT,20261009,69.3,70.4,67.83,68.31,658026
TUTIALKA,20261009,53.49,55.5,52.04,52.21,5687
TVSELECT,20261009,386.7,389.95,377.1,385.9,33672
TVSHLTD,20261009,11619.0,11619.0,11402.0,11441.0,3517
TVSMOTOR,20261009,3830.0,3892.9,3741.9,3866.8,1088205
TVSSCS,20261009,125.92,126.9,123.42,124.54,431448
TVSSRICHAK,20261009,4274.0,4430.0,4250.0,4374.2,6538
TVTODAY,20261009,102.5,106.38,101.54,102.32,17590
TVVISION,20261009,2.56,2.68,2.5,2.6,15917
TWCGOLDETF,20261009,147.67,148.33,147.51,147.96,3445
UBL,20261009,1165.5,1194.0,1164.8,1168.2,110222
UCAL,20261009,137.2,142.0,134.0,134.36,17353
UCOBANK,20261009,23.09,23.41,22.9,23.25,2973032
UDAYJEW,20261009,168.6,197.9,166.94,181.76,601862
UDS,20261009,208.9,209.0,199.0,199.8,161754
UEL,20261009,213.0,214.94,205.1,214.94,117105
UFBL,20261009,656.55,698.5,651.0,697.1,43419
UFLEX,20261009,628.0,629.35,616.0,621.7,76093
UFO,20261009,55.98,56.45,53.9,55.49,39272
UGARSUGAR,20261009,54.02,56.98,52.76,54.84,78276
UGROCAP,20261009,79.9,82.0,78.66,79.93,142038
UJJIVANSFB,20261009,62.35,62.94,61.1,61.45,18832375
ULTRACEMCO,20261009,10485.0,10684.0,10479.0,10675.0,157341
ULTRAMAR,20261009,400.1,403.2,396.35,398.55,84996
UMAEXPORTS,20261009,20.25,20.25,19.4,19.8,19992
UMESLTD,20261009,4.66,4.66,4.3,4.4,21749
UMIYA-MRO,20261009,93.17,93.17,91.56,92.24,826
UNICHEMLAB,20261009,534.0,539.5,519.0,531.1,74517
UNIDT,20261009,227.5,229.18,216.63,218.61,28841
UNIECOM,20261009,79.61,83.16,79.11,82.82,281360
UNIENTER,20261009,87.0,87.64,85.05,87.2,764
UNIINFO,20261009,11.38,11.69,10.93,11.5,725
UNIMECH,20261009,1752.0,1795.0,1727.8,1734.8,106141
UNIONBANK,20261009,173.0,174.65,171.0,173.06,6981361
UNIONGOLD,20261009,144.8,145.5,144.8,145.0,424
UNIPARTS,20261009,776.6,793.3,749.65,757.95,163992
UNITDSPR,20261009,1319.9,1366.0,1318.3,1366.0,988261
UNITECH,20261009,4.02,4.22,4.01,4.06,7649788
UNITEDPOLY,20261009,48.49,52.0,44.81,50.12,1538149
UNITEDTEA,20261009,403.3,414.0,403.2,407.45,357
UNIVASTU,20261009,128.49,136.27,126.35,136.27,55880
UNIVCABLES,20261009,1568.0,1571.0,1505.0,1518.8,64028
UNIVPHOTO,20261009,479.0,479.0,436.0,468.45,141
UNOMINDA,20261009,1087.4,1115.0,1086.5,1108.0,328752
UPHOT,20261009,1600.0,1600.0,1585.0,1585.0,30
UPL,20261009,482.95,493.85,481.9,488.45,1335383
URAVIDEF,20261009,101.99,103.0,101.99,103.0,3841
URBANCO,20261009,161.45,162.8,159.31,159.76,2197839
URJA,20261009,8.32,8.47,8.31,8.33,455001
USHAMART,20261009,505.0,509.4,496.05,502.05,638061
USK,20261009,19.39,20.84,18.8,18.96,17186
UTIAMC,20261009,875.25,884.95,868.05,877.7,44976
UTKARSHBNK,20261009,13.38,13.91,13.21,13.58,6601254
UTLSOLAR,20261009,409.2,414.45,402.7,409.05,129592
UTTAMSUGAR,20261009,294.75,302.5,294.15,298.05,151371
UYFINCORP,20261009,24.39,24.89,23.51,24.76,679153
V2RETAIL,20261009,155.99,157.19,151.0,154.5,1967549
VADILALIND,20261009,7181.0,7221.0,7115.5,7162.0,3806
VADILENT,20261009,9810.0,9810.0,9740.0,9800.0,7
VAIBHAVGBL,20261009,199.4,206.0,199.4,201.67,280921
VAISHALI,20261009,8.38,8.38,7.81,7.92,86580
VAKRANGEE,20261009,5.06,5.09,5.0,5.04,994840
VAL30IETF,20261009,14.05,15.18,14.0,14.32,102405
VALIANTLAB,20261009,119.0,121.0,113.0,119.8,57995
VALIANTORG,20261009,450.0,472.05,428.3,467.7,131081
VALUE,20261009,14.85,15.02,14.85,14.98,36225
VALUEAXIS,20261009,30.52,30.98,30.25,30.55,38416
VAML,20261009,376.0,377.3,368.2,371.65,10848362
VARDHACRLC,20261009,42.75,43.99,41.51,42.75,52781
VARDMNPOLY,20261009,5.39,5.5,5.19,5.26,376738
VARMORA,20261009,135.0,136.01,133.0,134.21,1449786
VARROC,20261009,802.9,806.95,784.65,793.6,123172
VASCONEQ,20261009,30.34,30.89,29.83,30.68,254583
VASUPRADA,20261009,103.91,103.91,99.5,99.5,41
VASWANI,20261009,42.46,44.18,42.46,43.74,7019
VBL,20261009,430.55,441.0,430.15,441.0,2906521
VCL,20261009,1.5,1.61,1.49,1.5,277651
VEDAVAAG,20261009,22.33,23.3,22.22,23.19,20088
VEDL,20261009,254.6,264.5,254.35,264.0,11577993
VEDPOWER,20261009,31.79,32.16,31.19,31.59,7104650
VEEDOL,20261009,1356.6,1369.0,1345.0,1352.2,6248
VEEGALAND,20261009,139.9,139.9,133.23,133.9,399618
VELJAN,20261009,2707.7,2710.0,2707.7,2707.7,81
VENKEYS,20261009,1614.7,1635.0,1580.0,1595.8,23569
VENTIVE,20261009,563.55,573.5,549.5,551.7,22458
VENUSPIPES,20261009,2160.1,2171.7,2001.3,2041.4,274899
VENUSREM,20261009,1636.6,1665.9,1597.0,1610.1,39011
VERANDA,20261009,34.39,34.39,34.39,34.39,122023
VERTOZ,20261009,32.05,33.04,31.51,32.19,34762
VESUVIUS,20261009,408.0,411.0,397.3,409.0,69533
VETO,20261009,135.0,135.79,131.06,131.63,46125
VGCL,20261009,48.08,52.88,48.03,49.99,362279
VGL,20261009,63.69,64.49,61.92,62.44,68591
VGUARD,20261009,292.9,293.75,287.45,288.2,394667
VHL,20261009,3650.0,3685.0,3570.0,3650.0,2153
VHLTD,20261009,140.0,142.9,136.0,142.9,104822
VIDHIING,20261009,333.4,333.9,326.0,332.4,9003
VIDYAWIRES,20261009,99.0,101.27,95.58,98.06,1638627
VIJAYA,20261009,1423.0,1452.0,1417.6,1436.6,47126
VIJIFIN,20261009,12.2,13.48,12.2,13.46,1350960
VIJSOLX,20261009,661.0,679.95,645.0,659.6,591
VIKASECO,20261009,1.01,1.05,1.01,1.01,1546247
VIKASLIFE,20261009,1.19,1.22,1.18,1.19,1708839
VIKRAMSOLR,20261009,143.99,144.5,141.0,142.32,1566297
VIKRAN,20261009,57.13,57.79,55.4,55.84,822631
VIMTALABS,20261009,553.0,554.05,525.75,537.45,133418
VINATIORGA,20261009,1127.0,1139.3,1116.2,1124.5,40190
VINCOFE,20261009,176.5,179.04,171.31,173.46,1249045
VINDHYATEL,20261009,2784.9,2856.6,2777.0,2814.4,57692
VINEETLAB,20261009,37.9,37.9,34.61,37.45,54462
VINNY,20261009,0.89,0.9,0.85,0.86,214573
VINYLINDIA,20261009,209.8,213.99,198.0,201.71,21163
VIPCLOTHNG,20261009,20.5,20.5,19.8,20.14,8306
VIPIND,20261009,275.2,277.35,267.15,269.55,265449
VIPULLTD,20261009,9.39,9.82,8.9,9.82,276893
VIRAT,20261009,406.0,446.85,406.0,435.4,46752
VIRINCHI,20261009,12.77,13.05,12.6,12.81,73082
VIRTUALG,20261009,0.44,0.44,0.42,0.43,112479
VISACHROME,20261009,33.95,34.46,32.51,33.9,13191
VISAKAIND,20261009,80.2,84.57,78.03,84.57,105998
VISHAL,20261009,16.48,17.5,16.29,17.14,51778
VISHNU,20261009,667.6,675.95,653.0,654.85,60193
VISHWARAJ,20261009,5.4,5.57,5.25,5.33,320959
VISL,20261009,28.7,29.4,27.9,29.09,13878922
VITAL,20261009,52.5,52.5,48.0,51.99,5772
VIVIANA,20261009,850.05,869.7,809.7,817.85,35169
VIVIDHA,20261009,0.51,0.52,0.5,0.51,379342
VIVIMEDLAB,20261009,7.25,7.25,6.57,7.25,965168
VIVOBIOT,20261009,14.54,15.2,14.05,14.93,36581
VIYASH,20261009,236.01,239.76,232.29,234.06,1638950
VLEGOV,20261009,9.29,9.65,8.92,9.08,405771
VLSFINANCE,20261009,226.5,233.0,218.4,221.43,9016
VMART,20261009,811.15,847.7,801.0,821.95,144267
VMM,20261009,97.5,97.95,96.6,97.5,6697179
VMSTMT,20261009,44.42,45.76,44.16,44.61,24064
VNL,20261009,194.04,194.04,194.04,194.04,32760
VOEPL,20261009,535.0,539.5,510.35,524.95,110434
VOGL,20261009,29.94,30.54,29.12,30.1,18199503
VOITHPAPR,20261009,1398.7,1424.0,1366.6,1373.1,542
VOLTAMP,20261009,10358.0,10473.0,10161.0,10302.0,10796
VOLTAS,20261009,1035.4,1048.5,1028.6,1033.7,236986
VPRPL,20261009,27.4,27.78,26.76,27.11,326648
VRAJ,20261009,118.33,121.7,117.0,120.1,7339
VRLLOG,20261009,284.5,287.9,282.8,284.15,211064
VSSL,20261009,376.15,379.0,365.3,373.4,72211
VSTIND,20261009,200.55,202.56,200.0,201.58,89035
VSTL,20261009,104.95,105.95,100.0,101.24,28882
VSTTILLERS,20261009,4257.2,4264.1,4163.3,4235.1,4630
VTL,20261009,527.0,537.35,524.45,528.2,120814
VTMLTD,20261009,31.99,37.89,30.41,37.89,416468
WAAREEENER,20261009,2326.0,2345.0,2281.8,2323.0,349115
WAAREEINDO,20261009,202.5,202.5,196.24,198.04,92283
WAAREERTL,20261009,799.7,814.8,798.8,802.45,125233
WABAG,20261009,1943.9,1957.6,1921.3,1936.8,270798
WAKEFIT,20261009,130.6,133.91,128.71,131.39,710663
WALCHANNAG,20261009,210.0,215.5,206.5,207.3,795148
WANBURY,20261009,192.0,201.0,190.89,196.42,356358
WARDINMOBI,20261009,5.02,5.1,4.85,5.06,284891
WATERBASE,20261009,44.16,44.84,43.81,44.31,6687
WCIL,20261009,92.8,97.8,92.8,97.52,571502
WEALTH,20261009,833.5,949.85,833.0,911.3,5461
WEBELSOLAR,20261009,66.35,67.25,65.0,65.57,1407005
WEIZMANIND,20261009,70.31,71.99,70.25,71.46,373
WEL,20261009,75.25,76.0,74.21,75.54,134919
WELCORP,20261009,2657.9,2691.6,2601.7,2640.4,760698
WELENT,20261009,740.0,744.4,725.05,735.9,124975
WELINV,20261009,2305.0,2305.0,2305.0,2305.0,81
WELSPLSOL,20261009,49.0,49.5,48.31,48.98,446585
WELSPUNLIV,20261009,225.93,230.31,220.01,223.75,2587725
WENDT,20261009,7720.0,7844.0,7612.0,7748.5,5264
WESTLIFE,20261009,574.9,584.2,571.9,580.6,64759
WEWIN,20261009,50.5,52.0,50.4,51.33,814
WEWORK,20261009,664.0,674.35,656.0,669.45,96372
WHBRADY,20261009,471.75,471.75,471.75,471.75,1
WHEELS,20261009,2193.1,2241.8,2143.0,2207.2,73512
WHIRLPOOL,20261009,830.45,836.0,810.0,816.75,493704
WILLAMAGOR,20261009,20.29,21.4,20.0,20.18,3934
WINDLAS,20261009,1001.9,1007.1,936.0,949.2,129137
WINDMACHIN,20261009,289.8,298.95,287.1,296.2,37371
WIPL,20261009,160.69,162.9,160.01,160.37,2086
WIPRO,20261009,158.3,164.3,158.3,162.57,23916315
WOCKPHARMA,20261009,2045.8,2064.0,1986.1,1996.4,687125
WONDERLA,20261009,505.7,514.0,500.0,508.55,45100
WORTHPERI,20261009,136.2,164.61,136.0,154.9,115180
WPIL,20261009,426.85,435.5,422.55,430.9,19698
WSI,20261009,52.8,53.99,51.5,53.74,27302
WSTCSTPAPR,20261009,715.0,735.4,709.85,727.65,187634
XCHANGING,20261009,59.58,60.97,59.05,60.3,35050
XELPMOC,20261009,90.39,94.25,87.0,87.94,6307
XPROINDIA,20261009,1088.1,1111.8,1088.1,1095.0,34540
XTGLOBAL,20261009,26.61,27.0,26.0,26.76,20182
XTRANET,20261009,288.45,301.95,278.55,287.5,604762
YASHO,20261009,4150.0,4219.4,3981.1,4125.0,26040
YATHARTH,20261009,1020.5,1055.0,1012.8,1022.2,283350
YATRA,20261009,97.13,97.16,94.5,94.74,702482
YESBANK,20261009,20.48,20.69,20.42,20.5,49563814
YOGI,20261009,156.0,160.0,156.0,159.99,1503
YUKEN,20261009,1120.0,1147.7,1065.1,1089.2,42988
ZAGGLE,20261009,167.55,169.04,165.8,168.3,662813
ZEEL,20261009,68.7,70.5,68.16,69.97,14228095
ZEELEARN,20261009,6.2,6.24,5.99,6.07,178544
ZEEMEDIA,20261009,7.07,7.14,7.0,7.03,1103292
ZENITHSTL,20261009,5.19,5.28,5.06,5.2,30992
ZENSARTECH,20261009,445.0,462.0,443.2,448.55,1677315
ZENTEC,20261009,1510.0,1534.7,1485.0,1528.8,238886
ZFCVINDIA,20261009,2105.9,2120.8,2075.0,2082.2,28388
ZFSTEERING,20261009,685.25,693.75,681.3,688.65,1082
ZIMLAB,20261009,141.0,153.94,138.69,150.47,554208
ZODIAC,20261009,214.0,214.0,205.0,205.97,6441
ZODIACLOTH,20261009,66.04,67.97,64.41,65.31,9956
ZOTA,20261009,1322.0,1331.9,1300.0,1324.1,27310
ZSARACOM,20261009,9636.0,9900.0,9636.0,9900.0,3
ZUARI,20261009,208.51,209.91,206.0,206.98,54843
ZUARIIND,20261009,268.05,271.2,265.4,268.6,25414
ZYDUSLIFE,20261009,1112.0,1123.7,1105.4,1117.5,529822
ZYDUSWELL,20261009,494.05,498.25,489.6,490.7,72845
