SYMBOL,TIMESTAMP,OPEN,HIGH,LOW,CLOSE,VOLUME
20MICRONS,20260728,204.05,206.99,198.14,201.63,156781
21STCENMGM,20260728,38.6,38.6,38.6,38.6,5934
360ONE,20260728,1139.5,1139.5,1122.4,1128.3,617932
3BBLACKBIO,20260728,1289.7,1305.9,1267.0,1298.8,10694
3IINFOLTD,20260728,20.89,22.2,20.37,21.97,2178877
3MINDIA,20260728,35195.0,35455.0,34700.0,35090.0,2192
3PLAND,20260728,32.29,32.99,31.9,32.28,1340
5PAISA,20260728,369.3,370.85,351.6,353.0,58490
63MOONS,20260728,732.8,784.9,732.65,755.65,1046124
A2ZINFRA,20260728,12.27,12.64,12.0,12.06,102058
AAATECH,20260728,92.42,92.42,90.0,90.47,5715
AADHARHFC,20260728,498.65,504.3,496.5,497.85,160190
AAKASH,20260728,9.0,9.2,8.86,8.94,155389
AAREYDRUGS,20260728,76.32,77.15,74.44,77.15,24006
AARNAV,20260728,30.02,33.45,30.02,31.3,111259
AARON,20260728,142.4,147.0,133.61,141.84,107487
AARTECH,20260728,47.21,47.21,44.85,45.82,20850
AARTIDRUGS,20260728,413.4,414.4,406.1,408.3,71277
AARTIIND,20260728,489.0,489.0,475.1,476.75,270826
AARTIPHARM,20260728,684.0,688.4,673.2,675.65,59177
AARTISURF,20260728,408.0,409.2,377.0,379.65,33794
AARVI,20260728,159.5,164.0,150.0,150.67,46682
AASTHA,20260728,103.9,105.79,81.9,81.9,14134979
AAVAS,20260728,1384.0,1388.9,1367.8,1376.1,31601
ABAN,20260728,15.08,15.08,14.76,14.82,19648
ABANSENT,20260728,26.49,27.27,25.95,26.45,2266
ABB,20260728,7327.5,7350.0,7190.0,7243.5,293933
ABBOTINDIA,20260728,27895.0,27945.0,27745.0,27905.0,6560
ABCAPITAL,20260728,400.45,400.45,388.0,391.35,2403472
ABCOTS,20260728,203.9,203.9,199.0,200.23,10374
ABDL,20260728,624.3,625.05,613.7,620.3,151844
ABFRL,20260728,57.25,57.55,56.6,56.7,1299518
ABGSEC,20260728,113.97,113.98,113.97,113.98,281
ABINFRA,20260728,10.33,10.54,10.01,10.08,1904991
ABLBL,20260728,95.47,96.15,93.25,93.87,284218
ABMINTLLTD,20260728,44.41,44.41,43.99,43.99,14
ABMKNO,20260728,197.0,200.0,190.2,193.62,531
ABREL,20260728,1401.0,1424.0,1387.7,1391.7,69114
ABSL10BANK,20260728,169.29,169.29,165.0,166.1,4248
ABSLAMC,20260728,992.0,1008.7,991.8,999.2,183500
ABSLBANETF,20260728,58.88,58.88,58.11,58.18,28350
ABSLLIQUID,20260728,999.99,1000.01,999.99,1000.0,1541
ABSLMSCIN,20260728,29.65,29.65,29.22,29.28,34
ABSLNN50ET,20260728,74.31,76.98,74.31,75.74,2914
ABSLPSE,20260728,10.42,10.48,10.24,10.25,166654
ACC,20260728,1362.0,1369.9,1328.6,1341.8,286234
ACCELYA,20260728,1179.0,1179.0,1152.6,1159.9,11993
ACCURACY,20260728,5.01,5.03,4.88,4.88,39229
ACE,20260728,1060.0,1087.5,1053.1,1077.6,671593
ACEINTEG,20260728,20.38,20.38,19.15,19.2,7828
ACI,20260728,576.0,576.0,554.85,556.45,119450
ACL,20260728,48.02,49.9,48.0,48.35,22588
ACMESOLAR,20260728,364.0,367.6,344.7,355.5,2219580
ACSTECH,20260728,40.42,41.48,39.2,40.32,439909
ACUTAAS,20260728,3369.7,3388.5,3100.0,3297.7,837706
ADANIENSOL,20260728,1701.0,1701.0,1625.0,1649.5,2898705
ADANIENT,20260728,3038.0,3038.0,2996.2,3002.3,1096125
ADANIGREEN,20260728,1405.0,1405.0,1362.8,1377.8,1868013
ADANIPORTS,20260728,1770.4,1783.0,1758.9,1774.7,1776549
ADANIPOWER,20260728,213.85,214.8,207.65,208.25,17365344
ADFFOODS,20260728,310.5,314.35,297.3,299.65,100315
ADL,20260728,70.2,70.21,70.0,70.21,186
ADOR,20260728,1519.3,1519.3,1415.0,1456.0,90102
ADROITINFO,20260728,9.19,9.58,9.01,9.46,62178
ADSL,20260728,115.49,118.33,113.1,113.57,263497
ADVAIT,20260728,2320.0,2320.0,2246.1,2277.5,19950
ADVANCE,20260728,113.14,123.3,113.05,118.17,2440840
ADVANIHOTR,20260728,52.11,52.3,51.25,51.33,21744
ADVENTHTL,20260728,149.46,154.3,146.0,152.48,202743
ADVENZYMES,20260728,316.45,319.0,310.0,310.85,141678
AEGISLOG,20260728,1295.9,1304.2,1252.1,1270.4,654348
AEGISVOPAK,20260728,300.0,300.0,290.1,292.46,1104713
AEPL,20260728,15.14,15.55,14.01,14.5,19796
AEQUS,20260728,231.0,231.42,223.99,228.28,1666836
AEROENTER,20260728,124.99,128.0,118.61,121.01,692473
AEROFLEX,20260728,440.0,453.7,431.2,446.3,5360972
AERONEU,20260728,89.49,89.49,84.92,85.43,48376
AEROPLANE,20260728,191.5,192.37,183.1,185.28,130148
AETHER,20260728,1474.0,1480.0,1445.2,1464.7,170635
AFCONS,20260728,282.1,283.2,279.55,280.25,441429
AFFLE,20260728,1500.0,1654.4,1489.2,1631.8,5215704
AFFORDABLE,20260728,184.13,187.95,181.0,183.08,9743
AFIL,20260728,9.42,9.42,9.0,9.28,795414
AFSL,20260728,201.2,201.68,201.0,201.0,4753
AGARIND,20260728,490.8,551.25,490.8,517.85,4040225
AGARWALEYE,20260728,476.2,495.0,476.2,493.1,101720
AGI,20260728,707.95,713.5,692.0,698.15,104818
AGIIL,20260728,304.9,311.4,301.0,307.75,1747727
AGL,20260728,12.27,12.58,12.16,12.43,1189536
AGRITECH,20260728,111.99,111.99,108.0,110.0,472
AGROPHOS,20260728,29.1,29.68,28.72,29.44,11616
AHCL,20260728,15.8,15.98,15.5,15.63,1891458
AHLADA,20260728,37.88,37.88,36.54,37.22,9000
AHLEAST,20260728,144.66,147.8,140.21,142.05,3025
AHLUCONT,20260728,830.65,839.4,823.55,832.75,23375
AHLWEST,20260728,550.0,550.0,541.0,543.95,250
AIAENG,20260728,4634.5,4634.5,4540.0,4603.0,31114
AIIL,20260728,551.45,573.8,545.2,557.7,490434
AIRAN,20260728,15.43,15.43,14.85,14.97,40320
AIROLAM,20260728,86.5,88.8,85.03,87.54,3104
AJANTPHARM,20260728,3380.5,3396.0,3301.0,3342.4,76597
AJAXENGG,20260728,561.05,575.5,554.55,570.75,63672
AJMERA,20260728,125.89,129.63,125.35,126.97,391674
AJOONI,20260728,4.04,4.04,3.92,3.94,69310
AKASH,20260728,26.5,26.87,26.11,26.47,12785
AKCAPIT,20260728,1750.0,1769.9,1640.0,1691.8,5983
AKG,20260728,10.19,10.53,9.79,9.91,18770
AKI,20260728,4.19,4.35,4.1,4.24,48916
AKSHAR,20260728,0.4,0.41,0.4,0.4,370157
AKSHARCHEM,20260728,235.0,244.78,235.0,240.82,3722
AKSHOPTFBR,20260728,5.55,5.55,5.55,5.55,63414
AKUMS,20260728,676.65,678.8,657.1,662.15,121872
ALANKIT,20260728,7.9,7.98,7.84,7.86,126393
ALBERTDAVD,20260728,685.0,694.45,685.0,686.65,692
ALEMBICLTD,20260728,90.02,90.75,89.01,89.23,127695
ALGOQUANT,20260728,69.6,69.84,67.4,67.67,1028446
ALICON,20260728,684.0,693.95,664.25,674.3,11306
ALIVUS,20260728,1135.0,1135.1,1097.1,1104.7,30434
ALKALI,20260728,68.55,70.0,68.55,69.25,2228
ALKEM,20260728,5613.0,5661.5,5585.0,5651.5,58815
ALKYLAMINE,20260728,1850.0,1891.4,1777.0,1811.1,97093
ALLCARGO,20260728,8.04,8.1,7.95,8.0,1623924
ALLDIGI,20260728,884.35,891.0,872.0,873.6,36023
ALLTIME,20260728,229.99,229.99,223.5,224.18,33513
ALMONDZ,20260728,13.29,13.29,12.35,12.56,54101
ALOKINDS,20260728,12.04,12.08,11.9,11.92,2462696
ALPA,20260728,66.51,68.63,66.15,66.39,2841
ALPHA,20260728,51.35,51.41,50.81,51.03,866543
ALPHAETF,20260728,25.9,25.9,25.6,25.7,285188
ALPHAGEO,20260728,200.25,216.9,199.02,207.89,23337
ALPINETEX,20260728,77.21,77.21,77.21,77.21,45620
ALPL30IETF,20260728,27.98,28.02,27.89,27.97,3394192
AMAGI,20260728,624.0,641.85,613.35,622.7,214772
AMANTA,20260728,160.0,160.0,157.5,159.0,35203
AMBALALSA,20260728,31.98,32.28,30.76,31.05,16133
AMBER,20260728,7280.5,7303.0,7195.0,7209.0,148823
AMBICAAGAR,20260728,24.15,24.9,24.15,24.7,47
AMBIKCO,20260728,1714.9,1727.9,1670.1,1677.4,6007
AMBUJACEM,20260728,432.45,435.85,418.1,426.0,6241411
AMDIND,20260728,47.2,48.6,46.65,47.19,10906
AMJLAND,20260728,37.68,38.8,37.68,37.81,12767
AMNPLST,20260728,197.0,200.0,192.0,193.14,3223
AMRUTANJAN,20260728,513.35,520.2,508.4,510.8,28424
ANANDRATHI,20260728,2050.0,2063.5,2020.0,2037.9,117537
ANANTRAJ,20260728,616.6,625.0,602.75,609.95,1921603
ANDHRAPAP,20260728,63.5,63.5,62.29,62.89,255854
ANDHRSUGAR,20260728,87.97,87.97,83.34,83.69,183205
ANGELONE,20260728,305.5,306.45,299.0,302.6,3436258
ANIKINDS,20260728,42.27,43.74,41.5,42.5,3604
ANKITMETAL,20260728,1.58,1.58,1.48,1.5,4995
ANMOL,20260728,10.14,10.24,10.01,10.12,10559
ANSALAPI,20260728,3.15,3.15,3.15,3.15,886
ANTELOPUS,20260728,919.3,919.3,831.8,831.8,780018
ANTGRAPHIC,20260728,0.75,0.83,0.72,0.75,576560
ANTHEM,20260728,794.9,796.0,775.35,783.9,356656
ANUHPHR,20260728,80.68,81.45,79.32,79.82,33789
ANUP,20260728,2146.0,2185.7,2078.0,2117.6,23546
ANURAS,20260728,1225.5,1231.9,1207.0,1218.4,243276
AONEGOLD,20260728,13.33,13.33,13.18,13.21,321075
AONELIQUID,20260728,1070.08,1070.08,1070.06,1070.06,13786
AONENIFTY,20260728,9.99,9.99,9.82,9.91,69567
AONESILVER,20260728,8.47,8.47,8.25,8.28,378183
AONETMMQ50,20260728,10.06,10.06,9.84,9.91,183273
AONETOTAL,20260728,12.05,12.05,11.76,11.77,99400
APARINDS,20260728,14051.0,14239.0,13430.0,13480.0,171453
APCL,20260728,103.6,105.8,102.21,103.48,790
APCOTEXIND,20260728,591.0,594.9,567.0,591.1,311100
APEX,20260728,383.85,383.85,375.0,376.25,61447
APLAPOLLO,20260728,1852.4,1862.0,1820.0,1846.7,340964
APLLTD,20260728,815.8,828.0,810.35,818.85,74793
APOLLO,20260728,391.6,392.5,375.0,378.75,8477634
APOLLOHOSP,20260728,8844.5,8945.0,8830.0,8903.0,167309
APOLLOPIPE,20260728,503.0,507.45,490.05,491.75,72575
APOLLOTYRE,20260728,423.0,425.0,420.15,423.85,206242
APOLSINHOT,20260728,1193.1,1224.0,1193.1,1205.5,941
APTECHT,20260728,91.66,93.23,90.2,91.31,33080
APTUS,20260728,279.0,282.75,277.35,281.3,326627
AQYLON,20260728,24.94,25.84,24.06,25.16,6440725
ARCHIDPLY,20260728,83.89,84.4,80.72,83.06,5697
ARCHIES,20260728,14.2,14.2,13.86,13.88,2167
ARE&M,20260728,874.05,879.75,859.05,861.85,272876
ARENTERP,20260728,41.8,42.89,39.51,41.27,13525
ARFIN,20260728,91.6,92.01,88.16,89.14,755506
ARIES,20260728,337.1,343.9,337.1,340.1,7051
ARIHANT,20260728,1097.0,1097.0,1063.5,1088.4,1786
ARIHANTCAP,20260728,78.48,78.74,76.26,77.24,319971
ARIHANTSUP,20260728,261.75,263.65,259.0,261.0,10011
ARIS,20260728,126.0,129.9,124.21,128.24,2542092
ARKADE,20260728,134.05,135.76,132.34,132.65,261423
ARMANFIN,20260728,2003.0,2008.0,1922.0,1928.2,28650
AROGRANITE,20260728,25.25,25.87,25.1,25.45,3768
ARROWGREEN,20260728,710.0,715.0,686.0,706.1,8784
ARSHIYA,20260728,1.02,1.02,0.96,0.99,43233
ARSSBL,20260728,515.0,515.0,508.8,509.9,69636
ARTEMISMED,20260728,278.3,279.65,275.6,277.2,114832
ARTNIRMAN,20260728,39.42,39.42,39.42,39.42,69
ARVEE,20260728,174.8,174.8,150.01,159.84,460
ARVIND,20260728,523.45,523.45,510.1,511.35,191791
ARVINDFASN,20260728,463.1,466.0,448.05,456.0,308998
ARVSMART,20260728,595.8,601.1,590.2,593.0,11638
ASAHIINDIA,20260728,880.1,882.95,865.2,870.6,47980
ASAHISONG,20260728,344.9,366.6,334.5,352.9,81750
ASAL,20260728,498.25,513.95,492.8,497.2,21458
ASALCBR,20260728,782.3,799.35,754.3,757.7,90089
ASHAPURMIN,20260728,702.1,705.6,678.7,681.4,290189
ASHIANA,20260728,386.9,395.0,382.3,385.85,48935
ASHIKAG,20260728,431.0,500.0,431.0,490.3,2057736
ASHIMASYN,20260728,18.5,18.5,17.46,17.52,132296
ASHOKA,20260728,124.2,124.21,122.2,122.73,283966
ASHOKAMET,20260728,14.34,14.48,14.08,14.11,9977
ASHOKLEY,20260728,155.4,158.75,154.04,157.5,14300744
ASIANENE,20260728,388.9,395.8,380.25,385.9,934943
ASIANHOTNR,20260728,307.95,323.0,307.95,315.05,15035
ASIANPAINT,20260728,2712.0,2749.8,2706.3,2736.2,1282146
ASIANTILES,20260728,53.9,60.9,53.18,57.62,96773700
ASKAUTOLTD,20260728,514.0,525.8,509.25,524.15,221321
ASMS,20260728,6.93,7.19,6.93,7.01,136202
ASPINWALL,20260728,247.0,247.0,240.0,243.13,851
ASTEC,20260728,664.6,688.3,645.0,649.45,25178
ASTERDM,20260728,801.5,817.0,798.3,813.5,479202
ASTRAL,20260728,1452.0,1483.9,1450.6,1471.4,356512
ASTRAMICRO,20260728,1800.0,1860.0,1688.0,1704.1,470220
ASTRAZEN,20260728,8145.0,8149.5,8045.5,8071.5,1773
ASTRON,20260728,4.1,4.17,3.86,3.92,42773
ATALREAL,20260728,31.65,31.81,31.15,31.34,6780339
ATAM,20260728,66.15,66.93,64.5,65.7,4279
ATGL,20260728,661.15,662.8,643.15,645.55,697241
ATHERENERG,20260728,1213.0,1229.0,1196.1,1202.0,2067763
ATL,20260728,23.5,24.0,23.12,23.23,108943
ATLANTAA,20260728,35.89,35.98,34.5,35.21,26622
ATLANTAELE,20260728,1615.0,1615.0,1533.6,1533.6,118094
ATLASCYCLE,20260728,97.47,98.6,97.0,98.01,565
ATUL,20260728,6795.0,6900.0,6626.0,6650.0,78328
ATULAUTO,20260728,482.75,485.7,472.3,475.9,52727
AUBANK,20260728,1051.9,1059.6,1043.9,1047.7,1569390
AURIONPRO,20260728,795.0,795.0,731.0,735.4,1299788
AUROPHARMA,20260728,1550.5,1563.8,1539.9,1549.2,499946
AURUM,20260728,236.65,240.02,219.29,222.82,602413
AURUS,20260728,4.74,4.9,4.67,4.85,21205
AUSOMENT,20260728,133.0,139.8,132.0,138.27,5871
AUTOAXLES,20260728,1804.9,1808.1,1788.2,1799.1,3962
AUTOBEES,20260728,285.79,287.94,284.27,287.37,242894
AUTOIETF,20260728,28.55,28.9,28.33,28.8,783816
AUTOIND,20260728,90.2,90.9,86.12,87.02,32105
AVADHSUGAR,20260728,536.95,537.0,520.0,527.85,21130
AVALON,20260728,1744.6,1744.6,1629.4,1640.0,274902
AVANTEL,20260728,165.05,165.05,159.4,159.92,702712
AVANTIFEED,20260728,979.95,980.55,954.9,958.05,172168
AVG,20260728,203.0,205.0,200.3,201.13,4722
AVL,20260728,626.0,627.95,618.85,622.3,51031
AVONMORE,20260728,9.29,9.43,9.05,9.15,91849
AVROIND,20260728,8.83,9.07,8.66,8.95,98761
AVTNPL,20260728,70.22,71.28,70.2,70.55,26747
AWFIS,20260728,288.95,288.95,280.0,281.85,154335
AWHCL,20260728,436.85,440.95,432.0,432.45,32748
AWL,20260728,187.3,188.6,185.85,186.17,907838
AXISBANK,20260728,1222.5,1233.9,1219.7,1223.5,6093182
AXISCADES,20260728,1540.0,1549.0,1470.3,1491.2,177207
AXITA,20260728,7.4,7.44,7.35,7.39,201496
AYE,20260728,167.63,168.0,162.14,162.92,388983
AYMSYNTEX,20260728,237.33,246.9,234.0,240.64,33019
AZAD,20260728,2437.2,2439.8,2363.7,2401.1,420227
BAFNAPH,20260728,247.76,247.76,247.76,247.76,4345
BAGFILMS,20260728,4.55,4.65,4.48,4.55,40153
BAIDFIN,20260728,9.86,10.34,9.86,10.03,54212
BAJAJ-AUTO,20260728,11176.5,11410.5,11156.0,11374.0,357417
BAJAJCON,20260728,540.5,541.85,529.0,530.95,220654
BAJAJELEC,20260728,327.15,331.95,326.0,327.05,54220
BAJAJFINSV,20260728,1918.0,1940.0,1910.7,1927.9,1415016
BAJAJHCARE,20260728,321.2,325.0,316.6,321.75,376703
BAJAJHFL,20260728,85.5,86.0,85.08,85.66,2069198
BAJAJHIND,20260728,16.93,17.01,16.75,16.8,2418622
BAJAJHLDNG,20260728,10800.0,10886.0,10741.0,10831.0,50011
BAJAJINDEF,20260728,231.1,233.95,226.4,229.2,11890
BAJAJST,20260728,399.9,414.9,395.05,405.7,18445
BAJEL,20260728,177.74,179.78,174.5,175.49,91358
BAJFINANCE,20260728,1049.0,1055.0,1042.4,1048.4,4726447
BALAJEE,20260728,27.13,27.13,26.0,26.65,19493
BALAJITELE,20260728,83.88,85.9,81.68,82.6,98819
BALAMINES,20260728,2350.0,2429.0,2185.0,2241.5,969993
BALAXI,20260728,24.02,24.79,24.0,24.44,22411
BALKRISHNA,20260728,17.72,18.19,17.57,17.95,8556
BALKRISIND,20260728,2036.0,2055.0,2007.0,2013.2,152769
BALMLAWRIE,20260728,176.65,177.48,175.6,175.98,37806
BALPHARMA,20260728,88.05,90.59,87.11,87.49,16520
BALRAMCHIN,20260728,611.65,616.4,601.15,605.25,156927
BALUFORGE,20260728,439.7,448.5,435.0,445.9,301551
BANARBEADS,20260728,119.6,121.6,116.53,117.98,2578
BANARISUG,20260728,3460.0,3495.0,3455.0,3482.7,112
BANCOINDIA,20260728,629.2,632.15,620.1,622.35,71771
BANDHANBNK,20260728,169.0,169.97,166.61,168.84,9940396
BANG,20260728,28.97,29.45,28.21,29.19,17289
BANK10ADD,20260728,16.86,16.93,16.64,16.75,29098
BANK10BETF,20260728,20.65,21.33,20.5,20.73,18109
BANKA,20260728,93.65,94.0,90.51,93.0,1854
BANKADD,20260728,58.29,58.34,58.07,58.16,22394
BANKBARODA,20260728,242.8,244.7,238.45,239.2,8526492
BANKBEES,20260728,592.87,592.87,586.91,587.54,646995
BANKBETA,20260728,58.61,59.65,57.95,58.78,38459
BANKBETF,20260728,57.97,58.04,57.6,57.77,24232
BANKETF,20260728,580.73,580.83,578.0,579.27,6458
BANKIETF,20260728,58.68,58.75,58.23,58.29,271940
BANKINDIA,20260728,138.0,138.2,135.62,136.32,8337190
BANKNIFTY1,20260728,59.51,59.51,58.9,58.96,138728
BANKPSU,20260728,84.2,84.21,83.51,83.69,6190
BANSALWIRE,20260728,316.5,319.95,307.5,309.15,183782
BANSWRAS,20260728,128.0,132.84,125.8,128.97,63744
BASF,20260728,3759.9,3759.9,3687.1,3700.2,6473
BASML,20260728,26.51,27.47,26.51,26.9,78106
BATAINDIA,20260728,698.0,708.0,693.0,694.95,195732
BATLIBOI,20260728,84.49,87.0,83.05,83.4,13552
BAYERCROP,20260728,4248.0,4268.5,4200.0,4219.4,13467
BBETF0432,20260728,1354.51,1354.51,1350.55,1352.94,1315
BBL,20260728,2569.9,2578.8,2510.2,2523.4,20888
BBNPNBETF,20260728,57.53,57.53,57.08,57.28,216
BBNPPGOLD,20260728,138.6,138.6,136.1,136.25,90806
BBOX,20260728,774.95,779.55,727.5,732.45,376264
BBTC,20260728,1498.9,1500.0,1486.0,1491.7,17683
BBTCL,20260728,215.0,223.99,213.5,217.03,3909
BCG,20260728,9.48,9.55,9.26,9.3,3036255
BCLIND,20260728,35.29,35.3,34.5,34.56,323080
BCONCEPTS,20260728,191.44,192.0,186.02,187.18,2676
BCPL,20260728,71.8,72.87,70.1,70.47,5420
BDL,20260728,1256.4,1285.7,1237.1,1271.0,1200970
BEARDSELL,20260728,28.5,28.5,27.08,27.17,13502
BECTORFOOD,20260728,212.0,215.75,207.47,210.16,4088081
BEDMUTHA,20260728,111.1,113.1,106.6,108.34,6974
BEEKAY,20260728,406.0,408.6,396.05,408.55,832
BEL,20260728,406.15,406.15,388.0,389.0,35317783
BELLACASA,20260728,242.1,249.9,237.2,241.8,4412
BELRISE,20260728,233.0,233.24,226.77,229.03,2163861
BEML,20260728,1770.1,1779.0,1748.2,1759.2,131463
BENGALASM,20260728,6316.0,6316.0,6195.5,6315.0,235
BEPL,20260728,114.69,115.93,112.8,113.41,2383519
BERGEPAINT,20260728,507.0,507.0,498.1,499.35,103531
BESTAGRO,20260728,16.07,16.07,14.65,15.26,347983
BETA,20260728,2231.0,2257.5,2072.4,2109.8,89976
BFINVEST,20260728,460.1,462.0,446.55,450.5,24666
BFSI,20260728,27.78,27.78,26.97,27.04,205975
BFUTILITIE,20260728,577.0,580.75,568.0,569.3,27952
BGRENERGY,20260728,280.2,289.0,279.0,287.05,38192
BHAGCHEM,20260728,263.3,266.85,261.0,263.4,38743
BHAGERIA,20260728,220.0,220.0,207.21,207.99,50931
BHAGYANGR,20260728,416.05,428.95,405.4,407.05,91092
BHANDARI,20260728,2.87,2.89,2.84,2.85,38141
BHARATCOAL,20260728,35.15,35.22,34.2,34.27,6402971
BHARATFORG,20260728,2182.0,2186.6,2142.0,2162.7,734961
BHARATGEAR,20260728,128.2,131.99,121.11,123.96,48095
BHARATRAS,20260728,1278.9,1287.1,1273.0,1275.7,4347
BHARATSE,20260728,212.0,212.9,200.2,210.54,393959
BHARATWIRE,20260728,205.0,206.8,196.5,197.53,111758
BHARTIARTL,20260728,1901.0,1908.4,1892.4,1901.8,6309089
BHARTIHEXA,20260728,1614.3,1621.9,1600.9,1604.6,30954
BHEL,20260728,415.95,415.95,403.2,405.75,6949460
BI,20260728,58.6,60.88,58.5,59.25,2296
BIGBLOC,20260728,47.5,47.5,45.47,45.97,54931
BIKAJI,20260728,639.05,646.0,629.6,633.95,82140
BIL,20260728,774.0,780.0,741.3,778.85,4168
BILVYAPAR,20260728,4.15,4.23,3.96,4.1,8391
BIMETAL,20260728,650.0,668.85,636.1,638.15,720
BIOCON,20260728,436.55,439.95,429.6,432.45,3429523
BIOFILCHEM,20260728,32.82,33.18,32.16,32.64,4048
BIRLACABLE,20260728,199.5,199.5,192.75,194.98,35731
BIRLACORPN,20260728,910.0,912.0,868.2,875.75,388055
BIRLAMONEY,20260728,131.35,134.5,130.0,130.47,44778
BIRLANU,20260728,1370.8,1371.9,1341.0,1351.7,4047
BIRLAPREC,20260728,34.25,34.89,34.25,34.37,11383
BLACKBUCK,20260728,548.6,556.45,541.1,543.3,136467
BLACKROSE,20260728,105.79,105.79,105.79,105.79,12023
BLAL,20260728,178.38,182.0,176.13,177.23,7433
BLBLIMITED,20260728,16.39,16.6,15.76,15.85,51478
BLIL,20260728,69.51,70.21,69.51,70.06,36169
BLISSGVS,20260728,457.0,462.8,448.45,450.1,330285
BLKASHYAP,20260728,54.34,56.6,54.0,54.14,372854
BLS,20260728,238.45,240.0,235.25,235.7,502084
BLSE,20260728,286.1,287.29,280.24,282.63,370322
BLUECHIP,20260728,1.85,1.85,1.85,1.85,5970
BLUECOAST,20260728,26.0,26.5,24.41,24.41,9025
BLUEDART,20260728,5114.2,5277.0,5100.0,5103.5,28302
BLUEJET,20260728,582.5,583.9,570.5,571.95,268249
BLUESTARCO,20260728,1650.0,1656.1,1612.2,1645.2,266593
BLUESTONE,20260728,826.0,834.85,746.0,757.25,11488370
BLUSPRING,20260728,109.94,110.0,105.48,107.08,292102
BMWVENTLTD,20260728,59.34,59.34,57.5,57.71,61054
BNAGROCHEM,20260728,266.1,274.4,266.0,274.0,826
BNALTD,20260728,458.0,458.0,444.0,444.0,326
BNKETFAXIS,20260728,587.28,587.7,584.49,585.75,153
BODALCHEM,20260728,69.75,70.39,67.0,68.13,96823
BOHRAIND,20260728,13.81,13.81,13.8,13.81,16846
BOMDYEING,20260728,122.09,122.5,120.0,120.42,209170
BONLON,20260728,41.0,41.5,39.5,39.9,1458
BORANA,20260728,327.1,328.25,320.0,322.25,20318
BOROLTD,20260728,232.62,235.0,228.1,228.9,29294
BORORENEW,20260728,585.9,585.9,568.1,572.4,294849
BOROSCI,20260728,154.0,157.4,153.0,153.95,27610
BOSCH-HCIL,20260728,1334.6,1340.0,1325.0,1333.8,10464
BOSCHLTD,20260728,41705.0,41705.0,40925.0,41310.0,25733
BPCL,20260728,317.5,321.3,315.75,320.05,5455392
BPL,20260728,52.73,53.75,52.53,52.74,36541
BRIGADE,20260728,546.0,562.75,543.45,560.2,604649
BRIGHOTEL,20260728,59.99,60.58,58.99,59.86,135513
BRITANNIA,20260728,5380.0,5510.0,5380.0,5478.5,340199
BRNL,20260728,17.59,18.1,17.51,17.51,39018
BROOKS,20260728,63.7,65.0,61.22,62.75,7486
BSE,20260728,3536.8,3561.8,3451.1,3457.8,2432122
BSE500IETF,20260728,39.08,39.17,39.04,39.06,60094
BSHSL,20260728,85.69,86.5,84.23,86.45,5491
BSL,20260728,127.4,127.4,124.51,126.18,3961
BSLGOLDETF,20260728,125.06,125.12,124.01,124.4,66541
BSLNIFTY,20260728,28.34,28.34,27.9,28.15,604573
BSLSENETFG,20260728,75.57,78.44,75.57,77.35,596
BSOFT,20260728,295.3,310.0,294.9,299.9,5739497
BTML,20260728,6.52,6.7,6.3,6.33,191797
BTTL,20260728,48.5,48.84,47.51,47.7,3128
BUILDPRO,20260728,1205.3,1274.0,1175.6,1192.5,49655
BUTTERFLY,20260728,766.1,779.45,749.5,756.7,70446
BVCL,20260728,41.08,41.35,40.6,40.7,3894
BYKE,20260728,33.25,33.25,32.48,32.5,5761
CALSOFT,20260728,22.4,22.4,21.26,21.64,20937
CAMLINFINE,20260728,127.1,128.4,123.74,126.59,379894
CAMPUS,20260728,218.5,219.43,216.0,216.36,338063
CAMS,20260728,789.0,803.95,782.35,800.3,1068449
CANBK,20260728,127.17,127.17,124.0,124.24,31317720
CANFINHOME,20260728,818.4,820.0,808.0,817.05,102004
CANHLIFE,20260728,144.7,146.0,141.3,141.67,367347
CANTABIL,20260728,239.6,242.18,237.5,238.48,49028
CAPACITE,20260728,219.8,219.8,215.05,216.25,172441
CAPILLARY,20260728,538.0,547.0,505.05,511.4,638221
CAPITALSFB,20260728,299.85,304.65,294.2,296.3,37775
CAPLIPOINT,20260728,2639.4,2675.0,2575.0,2588.3,106528
CAPTRUST,20260728,15.99,15.99,15.03,15.74,28945
CARBORUNIV,20260728,1073.3,1075.0,1054.1,1061.5,59332
CARERATING,20260728,1700.6,1707.4,1663.2,1673.2,27167
CARRARO,20260728,538.5,543.5,528.0,529.15,69373
CARTRADE,20260728,2960.0,3079.0,2884.1,2962.7,1490054
CARYSIL,20260728,1150.1,1158.9,1132.0,1152.2,40159
CASHIETF,20260728,1072.74,1072.76,1072.74,1072.75,371577
CASTROLIND,20260728,184.4,184.76,183.61,184.06,1033297
CCAVENUE,20260728,16.71,16.76,16.45,16.55,4194207
CCCL,20260728,15.8,16.18,15.7,15.72,197402
CCHHL,20260728,12.81,13.1,12.3,12.61,16637
CCL,20260728,1184.0,1215.0,1164.2,1188.2,534436
CDSL,20260728,1329.0,1348.0,1326.0,1345.1,984104
CEATLTD,20260728,3371.2,3405.0,3363.8,3401.4,55183
CEIGALL,20260728,336.1,336.9,323.1,324.75,151355
CEINSYS,20260728,865.85,870.35,841.2,844.25,43063
CELEBRITY,20260728,7.21,7.21,6.84,6.93,11219
CELLO,20260728,347.7,348.0,342.0,344.45,103515
CEMNTGROWW,20260728,15.58,15.97,14.9,15.36,167039
CEMPRO,20260728,1328.1,1383.9,1300.6,1340.8,2231186
CENTENKA,20260728,581.0,653.0,565.85,600.2,2372958
CENTEXT,20260728,19.05,19.05,18.35,18.64,41057
CENTRALBK,20260728,31.25,31.26,30.85,30.89,5729843
CENTRUM,20260728,23.05,23.73,22.72,23.18,190582
CENTUM,20260728,3503.1,3569.4,3430.0,3455.9,26604
CENTURYPLY,20260728,781.3,798.9,781.0,791.15,21034
CERA,20260728,6288.5,6493.5,6176.0,6263.5,40875
CEREBRAINT,20260728,3.08,3.08,2.93,2.98,59703
CESC,20260728,162.2,165.2,161.84,163.88,1247871
CEWATER,20260728,294.4,294.4,285.4,286.25,49294
CGCL,20260728,251.63,258.9,225.66,228.22,18694707
CGPOWER,20260728,872.0,872.0,830.15,844.1,7593398
CHALET,20260728,840.0,851.65,832.0,844.15,107976
CHAMBLFERT,20260728,440.0,443.25,436.45,438.4,202193
CHEMBOND,20260728,171.0,177.0,166.0,176.45,582
CHEMBONDCH,20260728,240.62,240.99,228.71,230.78,5145
CHEMCON,20260728,177.98,177.98,175.01,175.91,8802
CHEMFAB,20260728,370.55,382.9,365.15,376.8,1266
CHEMICAL,20260728,31.3,31.3,30.06,30.16,324419
CHEMPLASTS,20260728,205.0,207.0,200.56,202.14,216766
CHENNPETRO,20260728,1168.9,1205.5,1150.0,1180.5,1214575
CHEVIOT,20260728,1162.0,1169.0,1138.5,1156.9,2527
CHOICEGOLD,20260728,142.25,142.25,139.81,139.92,12417
CHOICEIN,20260728,800.0,805.0,791.05,796.55,330643
CHOLAFIN,20260728,1782.9,1815.7,1696.2,1753.0,3624877
CHOLAHLDNG,20260728,1526.5,1548.5,1502.6,1515.0,438721
CIEINDIA,20260728,414.9,417.95,406.6,408.3,327828
CIFL,20260728,20.74,20.74,20.03,20.18,42037
CINELINE,20260728,82.29,82.7,80.81,80.99,10757
CINEVISTA,20260728,15.47,15.65,15.11,15.33,1307
CIPLA,20260728,1426.7,1447.8,1426.7,1444.6,1621735
CLEAN,20260728,730.95,736.9,720.35,730.1,145969
CLEANMAX,20260728,1428.1,1450.0,1287.0,1317.1,327168
CLEDUCATE,20260728,58.16,60.75,56.06,56.2,13846
CLSEL,20260728,278.0,281.15,276.0,277.1,23072
CMLL,20260728,583.0,621.7,556.4,566.35,17478496
CMPDI,20260728,253.32,253.49,241.39,242.96,2149322
CMRGREEN,20260728,218.65,219.7,212.1,215.1,793526
CMSINFO,20260728,272.6,276.0,269.45,271.55,335243
CNL,20260728,1011.05,1068.0,1010.0,1033.4,598799
COALINDIA,20260728,422.9,423.6,406.8,410.15,14222229
COASTCORP,20260728,50.07,50.49,49.6,50.04,33736
COCHINSHIP,20260728,1402.0,1403.5,1377.6,1382.6,839816
COCKERILL,20260728,8900.0,8996.5,8670.5,8759.5,3453
COFFEEDAY,20260728,30.74,30.74,30.2,30.25,150818
COFORGE,20260728,1570.0,1692.8,1567.3,1686.0,15625771
COHANCE,20260728,427.3,433.45,424.25,425.75,220071
COLPAL,20260728,2143.5,2171.5,2130.6,2138.1,327640
COMFINTE,20260728,5.51,5.51,5.29,5.35,113678
COMMOIETF,20260728,101.85,101.85,98.67,98.87,46025
COMPINFO,20260728,1.18,1.18,1.12,1.14,20033
COMPUSOFT,20260728,13.43,13.44,13.15,13.22,12499
COMSYN,20260728,175.0,189.0,175.0,179.25,291933
CONCOR,20260728,514.5,527.95,511.7,522.4,7636437
CONCORDBIO,20260728,1267.0,1267.0,1246.4,1256.1,27927
CONFIPET,20260728,81.7,81.7,76.1,77.49,3344524
CONS,20260728,12.42,12.42,12.22,12.23,292125
CONSOFINVT,20260728,291.99,291.99,280.0,287.54,11600
CONSUMAXIS,20260728,122.48,123.11,122.17,122.51,3789
CONSUMBEES,20260728,132.26,133.0,132.18,132.83,167922
CONSUMER,20260728,11.83,11.93,11.82,11.9,311294
CONSUMIETF,20260728,126.14,126.14,122.94,123.27,443588
CONTROLPR,20260728,592.0,597.45,585.25,589.85,16271
CORALFINAC,20260728,33.6,33.89,32.26,33.67,82516
CORDELIA,20260728,820.7,822.05,800.0,804.2,81709
CORDSCABLE,20260728,204.04,205.5,202.2,204.92,7336
COROMANDEL,20260728,2000.0,2035.0,1984.5,2026.8,118186
CORONA,20260728,2110.0,2118.9,2055.1,2069.7,23031
COSMOFIRST,20260728,910.0,924.9,882.0,890.3,98477
COUNCODOS,20260728,6.32,6.7,6.26,6.3,50053
CPCAP,20260728,105.15,109.9,105.15,108.31,16809
CPEDU,20260728,204.9,205.01,192.0,194.2,10766
CPL,20260728,70.31,71.49,70.15,70.67,15533
CPPLUS,20260728,3543.2,3569.9,3402.0,3431.2,100187
CPSEETF,20260728,96.06,96.45,94.03,94.27,1461178
CRAFTSMAN,20260728,9311.0,9399.0,9131.0,9290.0,25071
CRAMC,20260728,261.0,263.78,260.81,262.41,332794
CREATIVEYE,20260728,6.37,6.73,5.81,5.98,38503
CREDITACC,20260728,1603.4,1610.0,1558.2,1576.6,269185
CREST,20260728,367.35,383.65,367.35,377.7,3139
CRISIL,20260728,4490.0,4500.0,4431.5,4489.9,31732
CRIZAC,20260728,194.98,195.2,189.29,190.33,200996
CROMPTON,20260728,249.1,250.0,244.8,247.4,2095634
CROWN,20260728,113.45,114.0,110.13,112.58,6525
CSBBANK,20260728,337.25,340.2,334.3,339.2,295517
CSLFINANCE,20260728,219.92,219.92,213.02,214.4,3932
CSM,20260728,99.5,105.95,99.0,100.6,354740
CTE,20260728,31.22,32.2,31.22,31.61,6919
CUB,20260728,221.1,245.38,217.95,238.14,20864618
CUBEXTUB,20260728,77.43,78.01,76.53,76.72,15494
CUMMINSIND,20260728,5605.0,5620.0,5408.0,5455.5,573652
CUPID,20260728,222.59,232.0,221.7,231.83,44976415
CURAA,20260728,70.8,72.4,70.75,72.35,48
CYBERMEDIA,20260728,15.55,15.55,15.46,15.5,6161
CYBERTECH,20260728,138.85,141.5,138.15,139.99,11403
CYIENT,20260728,825.05,857.6,823.1,838.0,774089
CYIENTDLM,20260728,665.05,692.45,657.0,681.95,531063
DABUR,20260728,427.35,438.0,422.5,424.6,4458851
DAICHI,20260728,302.6,310.0,300.75,304.75,1610
DALBHARAT,20260728,1815.0,1829.7,1805.2,1811.2,154391
DALMIASUG,20260728,360.0,361.65,351.0,352.4,67478
DAMCAPITAL,20260728,156.7,156.7,153.35,154.39,208562
DAMODARIND,20260728,28.0,28.5,27.27,27.98,1582
DANGEE,20260728,2.92,2.96,2.88,2.93,43335
DATAMATICS,20260728,857.0,864.0,835.1,840.0,67156
DATAPATTNS,20260728,4579.9,4579.9,4302.0,4381.7,901719
DAVANGERE,20260728,3.28,3.29,3.15,3.17,7216297
DBCORP,20260728,208.29,210.79,208.01,208.51,68942
DBEIL,20260728,7.46,7.75,7.12,7.52,154163
DBL,20260728,433.0,447.0,428.8,437.55,965968
DBOL,20260728,102.5,102.5,98.13,98.75,93467
DBREALTY,20260728,111.75,115.87,111.75,113.09,284599
DBSTOCKBRO,20260728,34.08,35.1,32.22,34.94,4710
DCAL,20260728,186.89,187.48,181.0,182.07,81220
DCBBANK,20260728,191.25,196.85,191.25,195.1,1691460
DCI,20260728,291.0,299.0,279.9,286.85,45736
DCM,20260728,85.26,89.9,85.26,89.9,3090
DCMFINSERV,20260728,5.49,5.52,5.0,5.26,17060
DCMNVL,20260728,145.1,145.95,138.1,140.56,11097
DCMSHRIRAM,20260728,1049.9,1079.0,1030.4,1049.9,141913
DCMSIL,20260728,77.03,77.03,77.03,77.03,15666
DCMSRIND,20260728,39.55,40.09,39.22,39.41,43865
DCW,20260728,47.09,47.2,45.8,46.0,483019
DCXINDIA,20260728,182.71,182.71,178.4,178.71,333698
DDEVPLSTIK,20260728,277.0,279.0,271.3,272.25,53865
DECCANCE,20260728,545.8,551.1,542.1,545.2,7297
DECNGOLD,20260728,197.0,197.9,191.5,194.83,1123744
DEEDEV,20260728,675.0,697.0,663.0,669.75,46388
DEEPAKFERT,20260728,1634.5,1653.8,1615.1,1647.4,265326
DEEPAKNTR,20260728,1685.1,1694.8,1647.0,1651.3,75838
DEEPINDS,20260728,521.0,541.0,501.6,506.95,1772407
DEFENCE,20260728,80.15,80.15,76.98,77.11,290706
DELHIVERY,20260728,471.0,474.4,466.05,472.2,5085231
DELPHIFX,20260728,7.27,7.27,6.75,6.77,127385
DELTACORP,20260728,62.75,63.3,62.44,62.68,569789
DELTAMAGNT,20260728,59.9,67.46,56.3,61.22,334039
DEN,20260728,27.52,27.52,27.15,27.23,187590
DENORA,20260728,877.5,877.85,855.0,862.5,5476
DENTA,20260728,334.0,340.0,324.0,335.2,131020
DEVIT,20260728,26.4,30.0,26.4,27.77,786354
DEVX,20260728,33.98,34.88,33.97,34.45,61681
DEVYANI,20260728,116.0,117.24,113.41,113.72,799143
DGCONTENT,20260728,25.44,25.79,24.13,24.62,5216
DHAMPURSUG,20260728,143.8,143.8,141.0,141.33,78324
DHANBANK,20260728,35.4,35.5,34.03,34.13,1926469
DHANUKA,20260728,995.1,1008.0,991.2,999.8,23456
DHARAN,20260728,0.16,0.16,0.15,0.15,8941239
DHARMAJ,20260728,264.0,264.0,253.4,258.25,13841
DHRUV,20260728,24.0,24.9,23.5,23.77,4619
DHUNINV,20260728,879.0,891.95,860.0,862.8,288
DIACABS,20260728,306.26,322.4,294.22,321.39,8881116
DIAMINESQ,20260728,249.71,250.42,239.99,240.67,3989
DIAMONDYD,20260728,1096.5,1098.0,1062.3,1073.5,13571
DICIND,20260728,521.95,521.95,490.0,498.05,1283
DIFFNKG,20260728,404.0,407.7,392.6,395.35,48385
DIGIDRIVE,20260728,17.62,18.0,17.62,17.91,9111
DIGISPICE,20260728,18.0,18.44,17.26,17.86,105634
DIGITIDE,20260728,98.66,100.33,95.5,97.44,469742
DIGJAMLMTD,20260728,43.6,43.71,41.3,42.79,4647
DISAQ,20260728,12211.0,12300.0,12100.0,12296.0,508
DISHTV,20260728,2.87,2.87,2.8,2.82,463744
DIVGIITTS,20260728,979.0,990.0,946.2,959.1,73891
DIVIDEND,20260728,35.54,35.74,35.48,35.66,12679
DIVISLAB,20260728,7448.0,7479.0,7350.5,7425.0,410385
DIVOPPBEES,20260728,76.2,77.98,76.2,76.99,25792
DIXON,20260728,13800.0,13938.0,13719.0,13903.0,177372
DJML,20260728,114.4,117.88,113.96,117.14,418570
DLF,20260728,650.4,666.6,648.0,663.05,6018410
DLINKINDIA,20260728,445.6,456.0,442.0,450.75,82517
DMART,20260728,4027.7,4094.2,3755.1,3846.6,2412848
DMCC,20260728,269.15,277.6,265.85,266.7,16234
DNAMEDIA,20260728,2.83,2.97,2.72,2.84,64038
DODLA,20260728,1021.3,1049.0,1021.3,1043.2,25724
DOLATALGO,20260728,68.29,69.05,68.11,68.49,57314
DOLLAR,20260728,256.0,256.95,252.2,253.8,86730
DOLPHIN,20260728,379.35,379.95,373.7,374.75,3798
DOMS,20260728,2280.0,2295.0,2263.3,2273.7,22510
DONEAR,20260728,85.55,85.99,84.13,84.34,7075
DPABHUSHAN,20260728,1420.1,1436.4,1360.05,1384.0,39036
DPSCLTD,20260728,7.36,7.49,7.17,7.33,106084
DPWIRES,20260728,169.4,169.4,165.0,165.73,3993
DRAGARWQ,20260728,5002.5,5055.0,4966.0,5052.0,485
DRCSYSTEMS,20260728,13.68,14.0,13.11,13.29,30561
DREAMFOLKS,20260728,67.67,67.99,66.6,66.95,30359
DREDGECORP,20260728,1068.9,1075.5,1051.0,1064.4,98093
DRREDDY,20260728,1145.0,1149.0,1130.2,1135.6,2157306
DSFCL,20260728,27.38,27.38,27.0,27.0,13433
DSSL,20260728,1257.0,1257.0,1186.0,1195.3,24715
DTIL,20260728,135.79,135.79,128.14,128.58,7440
DUCON,20260728,3.0,3.05,2.98,3.01,76596
DVL,20260728,241.2,245.99,237.5,238.18,11467
DWARKESH,20260728,42.52,43.19,38.44,41.42,2791879
DYCL,20260728,414.9,415.9,388.8,394.65,571380
DYNAMATECH,20260728,10599.0,10599.0,10316.0,10343.0,7005
DYNPRO,20260728,239.92,242.19,235.28,238.22,4599
E2E,20260728,560.0,567.8,515.4,515.4,5885813
EASEMYTRIP,20260728,6.82,6.84,6.42,6.59,41590113
EASTSILK,20260728,52.25,56.99,52.25,56.36,123
EBANKNIFTY,20260728,57.26,57.64,57.0,57.23,1082
EBBETF0430,20260728,1605.52,1615.97,1605.51,1611.3,3557
EBBETF0431,20260728,1442.0,1443.44,1439.08,1442.74,6704
EBBETF0433,20260728,1315.58,1320.0,1312.92,1319.07,3997
EBGNG,20260728,583.05,591.65,557.95,577.3,381368
ECAPINSURE,20260728,23.95,24.0,23.66,23.89,8138
ECLERX,20260728,1811.7,1932.4,1811.7,1897.7,464365
ECOSMOBLTY,20260728,131.47,132.0,128.51,129.92,67476
EDELWEISS,20260728,115.71,119.3,113.35,114.08,2636616
EFCIL,20260728,197.05,199.5,192.6,197.89,212526
EGOLD,20260728,143.4,143.4,140.7,141.3,152002
EICHERMOT,20260728,7769.5,7889.0,7742.5,7836.0,449880
EIDPARRY,20260728,770.5,772.5,759.1,768.05,154042
EIEL,20260728,217.2,219.78,215.0,216.45,514458
EIFFL,20260728,316.5,319.5,311.0,314.95,18797
EIHAHOTELS,20260728,316.95,319.0,307.7,309.45,12189
EIHOTEL,20260728,328.5,331.75,323.3,325.5,76595
EIMCOELECO,20260728,1831.0,1833.3,1792.0,1798.5,9426
EKC,20260728,110.33,110.34,106.8,107.25,118836
ELANTAS,20260728,9555.0,9555.0,9255.0,9310.0,504
ELCIDIN,20260728,109000.0,112000.0,108730.0,110900.0,8
ELDEHSG,20260728,783.9,804.9,760.05,778.1,2481
ELECON,20260728,424.0,425.95,412.85,414.85,356148
ELECTCAST,20260728,72.14,72.75,71.3,71.48,450998
ELECTHERM,20260728,1030.6,1036.9,1003.0,1016.1,9025
ELGIEQUIP,20260728,575.5,578.2,565.6,569.45,145470
ELGIRUBCO,20260728,57.0,57.29,54.0,55.12,30991
ELIN,20260728,101.62,101.62,99.12,100.99,64993
ELIQUID,20260728,1041.43,1041.43,1041.19,1041.19,14808
ELITECON,20260728,16.38,16.38,15.52,15.81,1190101
ELLEN,20260728,285.0,285.0,272.55,274.85,215253
ELM250,20260728,16.62,16.65,16.47,16.55,26916
ELPROINTL,20260728,178.4,178.4,175.79,177.18,109052
EMAMILTD,20260728,414.0,419.5,406.5,407.1,232622
EMAMIPAP,20260728,108.8,109.69,106.67,106.67,164164
EMAMIREAL,20260728,79.0,81.0,78.0,78.19,5592
EMBDL,20260728,62.5,63.12,61.62,62.12,1214387
EMCURE,20260728,1924.8,1960.0,1886.0,1892.2,299264
EMETAL,20260728,12.97,12.97,12.41,12.41,1225
EMIL,20260728,125.8,132.57,124.59,126.94,2008758
EMKAY,20260728,238.05,254.0,228.0,230.8,102732
EMMBI,20260728,87.52,89.0,86.0,87.87,10073
EMMVEE,20260728,333.6,334.55,327.2,328.85,1411717
EMPOWER,20260728,2.41,2.43,2.41,2.42,1772337
EMSLIMITED,20260728,399.05,400.25,386.5,388.95,209962
EMUDHRA,20260728,465.0,468.85,453.0,460.1,72919
EMULTIMQ,20260728,40.92,40.92,40.36,40.57,25019
ENDURANCE,20260728,2732.8,2732.8,2680.0,2707.1,67718
ENERGY,20260728,39.02,39.42,38.26,38.35,747735
ENERGYDEV,20260728,17.31,17.48,16.8,16.98,21681
ENEXT50,20260728,72.45,73.5,70.03,70.82,3642
ENGINERSIN,20260728,226.42,227.54,221.0,222.59,1153931
ENIFTY,20260728,24.78,24.78,24.11,24.19,1249
ENIL,20260728,105.62,106.76,105.5,105.89,11635
ENRIN,20260728,3265.0,3265.0,3126.0,3180.9,429092
ENTERO,20260728,1273.4,1281.0,1230.5,1235.8,34917
EPACK,20260728,232.9,233.44,230.0,231.83,170605
EPACKPEB,20260728,256.1,256.11,241.23,253.19,718432
EPIGRAL,20260728,1164.3,1187.3,1116.4,1170.5,108376
EPL,20260728,239.0,239.88,234.43,235.07,127999
EQUAL200,20260728,13.79,13.82,13.74,13.79,523
EQUAL50,20260728,332.89,333.47,332.88,332.9,263
EQUAL50ADD,20260728,342.93,346.8,342.78,343.95,18456
EQUIPPP,20260728,25.89,25.89,24.22,24.43,8263
EQUITASBNK,20260728,79.55,79.59,73.26,74.63,15652653
ERIS,20260728,1403.5,1412.9,1383.0,1390.8,52640
ESABINDIA,20260728,5688.0,5689.5,5560.0,5567.0,2595
ESAFSFB,20260728,38.68,38.74,36.55,37.25,1815530
ESCORTS,20260728,2969.0,3020.0,2954.1,3009.9,219717
ESENSEX,20260728,76.81,79.24,76.6,77.59,267
ESG,20260728,41.46,41.49,41.25,41.25,98853
ESILVER,20260728,220.6,220.6,214.81,215.12,54134
ESSARSHPNG,20260728,20.43,20.69,19.06,20.0,316919
ESSENTIA,20260728,1.09,1.09,1.05,1.06,1746458
ESTER,20260728,90.69,92.0,89.05,89.83,43550
ETERNAL,20260728,295.7,310.0,294.2,308.35,70410211
ETHOSLTD,20260728,2630.0,2630.0,2525.2,2550.7,19767
EUREKAFORB,20260728,439.0,467.0,434.55,456.85,338437
EUROBOND,20260728,162.06,163.18,157.62,157.88,5452
EUROPRATIK,20260728,314.4,315.1,305.35,306.75,145785
EUROTEXIND,20260728,12.85,12.87,12.85,12.85,1224
EVEREADY,20260728,353.45,353.65,345.55,348.8,47443
EVERESTIND,20260728,564.0,564.0,513.65,518.45,52412
EVIETF,20260728,32.16,32.18,31.8,32.04,145508
EVINDIA,20260728,32.66,32.66,31.82,32.01,176999
EXCELINDUS,20260728,980.0,999.0,976.0,984.65,17457
EXCELSOFT,20260728,77.5,77.91,76.42,76.8,152895
EXICOM,20260728,165.2,165.2,157.55,158.88,1004193
EXIDEIND,20260728,429.45,441.3,421.6,423.4,12543958
EXPLEOSOL,20260728,805.15,828.0,805.15,809.3,27707
EXXARO,20260728,6.58,6.68,6.2,6.36,453738
FABTECH,20260728,148.3,153.12,147.22,149.07,200728
FACT,20260728,819.55,833.35,814.1,817.0,108132
FAIRCHEMOR,20260728,846.8,846.8,806.8,846.8,186258
FAZE3Q,20260728,552.15,559.5,535.5,538.5,3910
FCL,20260728,39.62,41.49,39.62,40.74,15700619
FCSSOFT,20260728,1.52,1.55,1.49,1.5,1531986
FDC,20260728,417.1,417.95,404.9,407.45,86917
FEDDERSHOL,20260728,44.89,48.33,41.37,42.22,4646225
FEDERALBNK,20260728,357.0,358.7,354.5,357.25,6332047
FEDFINA,20260728,151.0,151.89,148.7,151.1,950307
FEL,20260728,0.38,0.38,0.38,0.38,117774
FELDVR,20260728,2.45,2.45,2.29,2.45,789
FERMENTA,20260728,445.0,460.0,437.6,456.45,83952
FIBERWEB,20260728,30.6,30.9,29.75,30.04,7207
FIEMIND,20260728,2340.0,2369.7,2322.0,2330.1,26431
FILATEX,20260728,74.7,74.71,72.67,72.89,2193176
FILATFASH,20260728,0.18,0.19,0.18,0.18,11021252
FINCABLES,20260728,1006.6,1007.9,971.0,973.1,199112
FINEORG,20260728,4839.0,4857.0,4767.0,4790.5,6172
FINIETF,20260728,32.84,32.84,32.35,32.43,224995
FINKURVE,20260728,61.5,61.9,60.75,60.94,55077
FINOPB,20260728,165.81,165.81,161.41,163.05,520726
FINPIPE,20260728,164.1,164.42,161.9,162.65,211158
FIRSTCRY,20260728,213.5,216.6,211.5,212.36,615767
FISCHER,20260728,38.13,38.13,36.62,36.87,2482984
FIVESTAR,20260728,540.0,573.6,540.0,561.3,4133384
FLAIR,20260728,257.5,257.6,252.45,254.65,32807
FLEXIADD,20260728,10.22,10.22,9.73,10.09,135029
FLEXITUFF,20260728,4.62,4.65,4.45,4.52,36843
FLFL,20260728,1.33,1.38,1.28,1.28,59735
FLUOROCHEM,20260728,4552.0,4577.9,4423.2,4487.5,128231
FMCGADD,20260728,49.79,50.21,48.9,49.63,11212
FMCGIETF,20260728,51.85,53.64,51.85,52.43,2320475
FMGOETZE,20260728,483.75,489.7,480.0,483.8,30138
FMNL,20260728,9.25,9.4,9.01,9.04,9985
FOCUS,20260728,70.5,71.74,69.85,70.52,32858
FOODSIN,20260728,53.57,56.0,53.3,55.31,97590
FORCEMOT,20260728,17300.0,17480.0,17121.0,17197.0,81943
FORTIS,20260728,940.0,948.2,936.95,945.45,793673
FOSECOIND,20260728,5073.0,5094.0,4965.0,4975.5,915
FRACTAL,20260728,806.95,818.9,789.0,792.1,257726
FRONTSP,20260728,1387.7,1392.9,1343.1,1354.6,7970
FSL,20260728,263.99,270.0,261.51,263.06,2915553
FUSION,20260728,220.7,220.7,207.1,210.21,661791
GABRIEL,20260728,1437.8,1439.2,1400.0,1407.8,285793
GAEL,20260728,157.0,157.68,154.71,156.46,1016858
GAIL,20260728,173.87,176.99,172.63,175.15,17050693
GALAPREC,20260728,1165.0,1171.5,1090.1,1099.6,45301
GALAXYSURF,20260728,1962.8,1980.0,1936.8,1958.9,5348
GALLANTT,20260728,555.0,574.6,555.0,574.6,148161
GANDHAR,20260728,252.0,255.99,235.55,237.93,9767141
GANDHITUBE,20260728,882.7,883.6,872.1,873.35,3863
GANECOS,20260728,1224.95,1225.75,1178.55,1184.35,62764
GANESHBE,20260728,112.07,129.99,112.0,124.93,11433563
GANESHCP,20260728,169.3,171.9,168.06,168.96,42835
GANESHHOU,20260728,819.85,842.0,762.6,772.05,115096
GANGAFORGE,20260728,1.69,1.76,1.64,1.71,996054
GANGESSECU,20260728,116.0,118.99,114.3,117.69,359
GARFIBRES,20260728,755.8,756.0,730.3,737.35,31795
GARUDA,20260728,173.48,173.81,170.06,170.98,154814
GATECH,20260728,0.49,0.5,0.48,0.48,2942198
GATECHDVR,20260728,0.45,0.45,0.43,0.44,344688
GATEWAY,20260728,58.63,58.83,57.87,58.46,566818
GAUDIUMIVF,20260728,145.9,145.9,145.9,145.9,13672
GAYAHWS,20260728,1.94,2.06,1.86,1.91,150790
GAYAPROJ,20260728,20.2,20.44,19.55,20.29,212036
GCSL,20260728,533.35,535.0,517.2,519.6,309121
GEECEE,20260728,347.0,347.0,327.0,337.3,3705
GEEKAYWIRE,20260728,23.5,24.36,23.5,23.56,55936
GEMAROMA,20260728,193.0,193.0,182.41,183.32,80272
GENCON,20260728,40.22,40.45,38.6,39.35,235918
GENESYS,20260728,302.8,305.4,282.9,286.35,359100
GENUSPAPER,20260728,12.66,12.79,12.15,12.23,102862
GENUSPOWER,20260728,324.0,324.0,311.35,313.15,1750686
GEOJITFSL,20260728,75.16,76.7,72.1,72.89,307134
GESHIP,20260728,1398.0,1402.7,1370.0,1377.4,314349
GFLLIMITED,20260728,47.6,47.6,46.1,46.8,28551
GHCL,20260728,438.6,440.5,433.3,433.9,67712
GHCLTEXTIL,20260728,116.93,118.5,112.91,114.23,534819
GICHSGFIN,20260728,148.69,148.7,146.1,147.6,54188
GICL,20260728,16.5,16.7,15.74,16.26,134095
GICRE,20260728,361.0,361.8,357.4,357.7,465533
GILLANDERS,20260728,88.14,89.0,88.14,88.25,940
GILLETTE,20260728,7948.5,8033.0,7754.5,7790.0,18349
GILT10BETA,20260728,26.93,26.93,26.4,26.41,714
GILT5BETA,20260728,66.29,66.29,66.29,66.29,15
GILT5YBEES,20260728,65.36,66.72,65.36,66.06,161804
GINNIFILA,20260728,49.19,49.49,46.54,46.92,68696
GIPCL,20260728,162.61,163.11,160.71,161.68,144735
GKENERGY,20260728,136.69,138.54,133.76,134.36,256447
GKSL,20260728,128.03,128.9,126.8,127.0,51827
GKWLIMITED,20260728,1612.6,1648.9,1612.5,1625.8,38
GLAND,20260728,2429.0,2459.9,2408.8,2428.3,142915
GLAXO,20260728,2553.9,2669.0,2538.8,2632.6,101759
GLENMARK,20260728,2199.9,2208.0,2178.2,2184.6,490034
GLFL,20260728,5.52,5.52,5.3,5.52,10409
GLOBAL,20260728,102.5,106.9,102.5,104.99,37978
GLOBALE,20260728,10.98,10.98,10.97,10.98,26
GLOBALVECT,20260728,162.7,181.98,160.21,166.98,197741
GLOBE,20260728,2.19,2.19,2.14,2.15,111182
GLOBECIVIL,20260728,40.4,41.49,39.0,40.21,25348
GLOBUSSPR,20260728,895.2,896.5,869.1,874.25,85486
GLOSTERLTD,20260728,676.3,694.0,667.0,684.0,2630
GLOTTIS,20260728,65.37,67.01,65.37,66.49,47285
GMBREW,20260728,900.6,906.2,886.05,892.4,29670
GMDCLTD,20260728,560.2,563.8,552.0,553.8,375052
GMMPFAUDLR,20260728,825.0,827.75,803.3,805.8,62551
GMRAIRPORT,20260728,108.0,108.75,107.17,107.96,10535537
GMRP&UI,20260728,97.62,97.63,96.0,96.5,360357
GNA,20260728,515.3,519.9,504.25,510.95,194466
GNFC,20260728,512.1,515.55,509.0,511.75,204449
GNRL,20260728,92.56,92.56,90.2,91.39,34223
GOACARBON,20260728,378.5,383.6,370.0,372.35,8542
GOCLCORP,20260728,395.15,397.95,385.6,388.15,37615
GOCOLORS,20260728,329.5,329.55,306.5,313.65,251457
GODAVARIB,20260728,275.0,276.4,267.6,269.65,57392
GODFRYPHLP,20260728,2137.4,2137.4,2018.2,2031.3,2724128
GODIGIT,20260728,255.0,255.0,244.2,245.65,919610
GODREJAGRO,20260728,578.35,578.8,570.0,577.1,196782
GODREJCP,20260728,1073.7,1091.1,1059.0,1066.9,407368
GODREJIND,20260728,1332.9,1372.9,1304.2,1309.2,142477
GODREJPROP,20260728,2073.0,2144.4,2058.8,2136.6,929586
GOKEX,20260728,830.0,833.65,806.4,813.4,227930
GOKUL,20260728,40.17,40.35,38.46,38.87,155786
GOKULAGRO,20260728,210.84,214.0,210.21,210.79,165078
GOLD1,20260728,117.7,118.88,117.65,117.89,1353955
GOLD360,20260728,139.85,139.85,137.45,137.8,8803
GOLDADD,20260728,138.07,138.07,136.8,137.31,117665
GOLDAXIS,20260728,116.58,119.5,116.58,117.63,2855494
GOLDBEES,20260728,117.48,117.48,116.6,116.83,12182667
GOLDBETA,20260728,119.8,119.8,118.8,119.05,215793
GOLDBND,20260728,143.05,143.05,141.0,141.49,25938
GOLDCASE,20260728,22.16,22.46,22.16,22.23,7486761
GOLDENTOBC,20260728,25.0,25.0,24.35,24.35,1549
GOLDETF,20260728,138.88,138.88,137.25,137.71,716800
GOLDIAM,20260728,357.0,364.0,351.5,358.7,789460
GOLDIETF,20260728,122.36,122.36,120.71,120.99,2955343
GOLDTECH,20260728,56.98,56.98,55.0,55.24,21056
GOODLUCK,20260728,1550.0,1561.0,1518.3,1525.8,91180
GOODYEAR,20260728,811.1,821.7,811.1,816.45,7549
GOPAL,20260728,261.95,267.55,259.3,262.35,115554
GOYALALUM,20260728,6.48,6.62,6.46,6.56,49456
GPIL,20260728,237.0,247.0,234.95,245.5,1876861
GPPL,20260728,148.3,149.68,147.8,148.33,575157
GPTHEALTH,20260728,166.0,168.5,163.58,167.32,357866
GPTINFRA,20260728,120.91,123.4,119.18,122.44,224484
GRADIENTE,20260728,2.87,2.9,2.81,2.9,416720
GRANDOAK,20260728,39.35,40.97,37.22,37.22,24129
GRANULES,20260728,847.0,852.0,835.4,845.4,705470
GRAPHITE,20260728,658.0,660.35,644.3,648.55,640164
GRASIM,20260728,3108.7,3126.6,3101.7,3116.2,388153
GRAUWEIL,20260728,75.25,75.52,73.15,73.54,108180
GRAVISSHO,20260728,29.45,29.45,29.15,29.15,500
GRAVITA,20260728,1788.8,1799.0,1625.1,1638.5,797535
GREAVESCOT,20260728,243.1,244.7,238.0,238.68,780658
GREENLAM,20260728,255.0,255.05,249.85,253.1,47106
GREENPANEL,20260728,192.82,193.38,189.1,191.2,84483
GREENPLY,20260728,295.0,295.05,281.1,282.3,201397
GREENPOWER,20260728,9.92,10.07,9.81,9.9,1203635
GRINDWELL,20260728,2017.0,2053.4,1981.1,2043.3,32538
GRINFRA,20260728,877.0,879.35,866.15,868.2,8134
GRMOVER,20260728,90.0,91.38,88.98,89.57,213013
GROBTEA,20260728,905.0,905.0,899.95,905.0,128
GROWW,20260728,200.7,200.7,194.71,195.3,17536406
GROWWCAPM,20260728,11.29,11.29,11.02,11.09,280558
GROWWCHEM,20260728,30.51,30.72,29.93,29.99,31382
GROWWDEFNC,20260728,94.58,94.58,92.02,92.42,379653
GROWWEV,20260728,31.94,31.99,31.64,31.8,181726
GROWWGOLD,20260728,13.89,13.89,13.78,13.8,944151
GROWWHOSPI,20260728,54.24,54.5,53.48,54.29,309559
GROWWLIQID,20260728,110.1,110.1,110.09,110.09,327431
GROWWLOVOL,20260728,10.25,10.6,10.25,10.46,17298
GROWWMC150,20260728,230.98,232.48,229.0,229.03,294
GROWWMETAL,20260728,12.05,12.05,11.65,11.79,223415
GROWWMOM50,20260728,10.7,10.7,10.4,10.44,375438
GROWWN200,20260728,11.32,11.39,11.2,11.31,887539
GROWWNET,20260728,9.93,10.04,9.78,10.02,312466
GROWWNIFTY,20260728,9.93,9.93,9.66,9.69,415758
GROWWNXT50,20260728,73.0,73.33,72.13,72.62,2734
GROWWPOWER,20260728,11.71,11.74,11.42,11.46,7466096
GROWWPSE,20260728,99.9,101.0,97.97,98.13,8077
GROWWPSUBK,20260728,84.06,84.06,82.22,83.32,2507
GROWWRAIL,20260728,28.82,28.96,28.55,28.68,454146
GROWWRLTY,20260728,10.17,10.41,10.15,10.32,365513
GROWWSC250,20260728,10.49,10.49,10.2,10.24,59084
GROWWSLVR,20260728,21.35,21.38,21.1,21.15,1668092
GRPLTD,20260728,2050.0,2050.0,1982.0,1999.9,2093
GRSE,20260728,2649.7,2649.7,2590.0,2610.7,332253
GRWRHITECH,20260728,7199.5,7199.5,7055.0,7120.5,38003
GSEC10ABSL,20260728,112.74,112.74,112.09,112.09,100
GSEC10IETF,20260728,263.63,265.0,263.63,264.0,605
GSEC10YEAR,20260728,30.64,30.64,30.35,30.64,1805
GSEC5IETF,20260728,65.89,66.59,65.55,65.66,3897
GSFC,20260728,160.0,161.75,159.0,159.59,365414
GSLSU,20260728,30.88,30.88,27.94,28.14,319738
GSPCROP,20260728,561.9,564.95,541.0,546.4,272168
GSS,20260728,12.29,12.29,11.79,11.96,12306
GTECJAINX,20260728,29.2,29.2,29.2,29.2,2051
GTL,20260728,7.6,7.6,7.2,7.24,172058
GTLINFRA,20260728,1.23,1.23,1.2,1.2,12606850
GTPL,20260728,61.46,61.46,60.1,60.77,5812
GUFICBIO,20260728,380.35,394.4,373.25,387.75,67785
GUJALKALI,20260728,698.9,711.0,672.15,699.95,192744
GUJAPOLLO,20260728,358.6,362.0,350.0,351.9,4167
GUJENERGY,20260728,266.0,273.7,265.55,268.3,1229853
GUJRAFFIA,20260728,40.9,40.9,39.5,39.5,796
GUJTHEM,20260728,360.75,363.8,355.0,355.9,21278
GULFOILLUB,20260728,1053.9,1061.6,1029.9,1035.6,47730
GULFPETRO,20260728,47.71,47.71,47.71,47.71,729249
GULPOLY,20260728,197.2,198.99,185.6,189.09,381057
GVKPIL,20260728,2.4,2.43,2.38,2.4,373800
GVPIL,20260728,779.85,784.6,742.35,746.4,157121
GVPTECH,20260728,7.14,7.14,6.72,6.87,34191
GVT&D,20260728,4170.1,4171.0,3962.2,4124.0,1721105
GYFTR,20260728,150.93,151.0,145.25,145.38,30644
HAL,20260728,4618.0,4625.0,4500.1,4600.1,684639
HALDER,20260728,233.58,236.35,226.1,229.84,28032
HALDYNGL,20260728,121.0,123.0,118.65,120.16,20610
HALEOSLABS,20260728,1545.0,1559.4,1533.1,1535.4,217
HAPPSTMNDS,20260728,396.7,399.0,380.1,383.4,3467013
HAPPYFORGE,20260728,1666.0,1666.0,1554.3,1614.6,134650
HARDWYN,20260728,11.88,11.89,11.06,11.49,4052616
HARIOMPIPE,20260728,392.3,394.0,385.5,387.25,77733
HARRMALAYA,20260728,218.5,218.78,208.55,208.99,8419
HARSHA,20260728,407.75,409.7,398.1,404.45,93025
HATHWAY,20260728,10.78,10.9,10.75,10.81,748621
HATSUN,20260728,877.0,883.5,864.5,868.25,29398
HAVELLS,20260728,1237.4,1240.0,1224.0,1227.1,658217
HAVISHA,20260728,1.24,1.27,1.21,1.23,40945
HAWKINCOOK,20260728,8900.0,8938.5,8699.5,8765.5,3422
HBESD,20260728,74.5,75.5,74.0,75.5,1284
HBLENGINE,20260728,713.0,713.0,692.8,694.95,613117
HBSL,20260728,47.0,47.22,47.0,47.22,735
HCC,20260728,21.89,21.89,20.92,21.08,14281095
HCG,20260728,682.8,685.0,673.25,679.35,94231
HCL-INSYS,20260728,11.6,11.6,11.4,11.46,88260
HCLTECH,20260728,1301.0,1342.0,1301.0,1318.6,5187064
HDBFS,20260728,684.2,686.55,675.0,682.5,255374
HDFCAMC,20260728,2552.4,2558.4,2515.3,2531.2,544077
HDFCBANK,20260728,732.0,740.25,732.0,735.4,33886037
HDFCBSE500,20260728,37.25,37.7,37.04,37.2,1212571
HDFCGOLD,20260728,121.6,121.77,120.63,120.78,1956514
HDFCGROWTH,20260728,117.93,119.77,117.92,119.27,87979
HDFCLIFE,20260728,552.85,560.45,551.2,558.75,1829401
HDFCLIQUID,20260728,1066.0,1071.21,1065.7,1071.19,15475
HDFCLOWVOL,20260728,20.91,20.91,20.79,20.82,5402
HDFCMID150,20260728,23.31,23.82,23.15,23.27,291020
HDFCMOMENT,20260728,30.41,30.76,30.21,30.28,200545
HDFCNEXT50,20260728,74.2,74.39,73.44,73.58,225403
HDFCNIF100,20260728,26.52,26.52,25.63,25.82,41717
HDFCNIFBAN,20260728,58.79,58.8,58.38,58.43,74669
HDFCNIFIT,20260728,31.79,32.76,31.79,32.55,662885
HDFCNIFTY,20260728,277.34,277.34,270.01,270.51,229823
HDFCPSUBK,20260728,84.14,84.56,83.82,83.97,118517
HDFCPVTBAN,20260728,27.93,28.2,27.5,27.77,218637
HDFCQUAL,20260728,58.33,58.5,58.0,58.04,21655
HDFCSENSEX,20260728,86.52,87.43,86.52,86.93,77726
HDFCSILVER,20260728,209.15,209.15,205.7,206.08,3831708
HDFCSML250,20260728,179.94,179.97,178.47,179.06,2251744
HDFCVALUE,20260728,124.38,128.0,124.0,125.75,1774
HDIL,20260728,1.67,1.69,1.65,1.66,55019
HEADSUP,20260728,7.09,7.09,6.59,6.7,22083
HEALTHADD,20260728,16.6,16.72,16.58,16.63,23200
HEALTHAXIS,20260728,168.0,168.5,165.58,167.67,7431
HEALTHCARE,20260728,21.4,21.42,21.22,21.35,54834
HEALTHIETF,20260728,168.86,170.55,168.5,169.13,67681
HEALTHX,20260728,308.05,314.6,303.75,305.65,3171
HEALTHY,20260728,17.15,17.15,16.77,16.99,222683
HECPROJECT,20260728,137.7,140.98,134.1,136.43,13909
HEG,20260728,653.0,659.55,643.85,651.05,1444725
HEIDELBERG,20260728,158.0,158.15,156.52,156.85,35589
HEMIPROP,20260728,135.0,137.3,133.55,133.97,213248
HERANBA,20260728,178.99,179.0,173.6,175.45,26047
HERITGFOOD,20260728,326.9,329.05,323.0,323.3,132569
HEROMOTOCO,20260728,5108.0,5172.8,5096.6,5154.3,633759
HESTERBIO,20260728,2550.0,2564.9,2497.2,2520.4,10895
HEXAGON,20260728,63.0,64.87,61.95,62.61,305850
HEXATRADEX,20260728,155.11,160.11,155.11,158.88,4939
HEXT,20260728,563.0,619.8,563.0,593.15,9864399
HFCL,20260728,187.0,196.9,182.92,188.39,42541118
HGINFRA,20260728,538.4,539.6,535.05,536.15,24564
HGM,20260728,53.0,54.85,49.5,50.38,9938
HGS,20260728,421.5,432.8,419.0,421.0,19266
HIKAL,20260728,221.66,223.38,215.35,216.99,121539
HILINFRA,20260728,46.5,48.1,46.21,47.32,67477
HILTON,20260728,21.29,21.32,20.8,21.0,81170
HIMATSEIDE,20260728,80.81,81.15,79.23,79.54,347632
HINDALCO,20260728,945.0,947.9,935.1,936.4,3835947
HINDCOMPOS,20260728,425.5,435.9,416.65,426.65,4867
HINDCON,20260728,20.05,21.8,20.05,21.8,61197
HINDCOPPER,20260728,483.0,483.5,471.95,473.15,2318453
HINDOILEXP,20260728,158.0,158.8,156.0,157.08,235380
HINDPETRO,20260728,396.4,401.65,390.85,400.05,5800724
HINDUNILVR,20260728,2174.6,2213.0,2016.0,2022.7,9947304
HINDWAREAP,20260728,222.8,225.0,215.5,217.0,107093
HINDZINC,20260728,530.05,530.9,524.0,526.9,2197571
HIRECT,20260728,1332.3,1332.3,1269.9,1311.5,85923
HISARMETAL,20260728,150.0,151.0,145.75,149.42,450
HITECH,20260728,86.5,86.64,84.76,84.93,220036
HITECHCORP,20260728,319.5,324.0,319.2,320.65,2753
HITECHGEAR,20260728,580.65,585.0,575.0,577.3,1037
HLEGLAS,20260728,420.5,431.3,408.55,419.95,138178
HLVLTD,20260728,7.3,7.31,7.16,7.26,209486
HMAAGRO,20260728,21.43,21.54,21.15,21.22,229637
HMT,20260728,61.9,61.9,59.56,59.88,4807
HMVL,20260728,95.7,96.85,90.75,93.52,248858
HNDFDS,20260728,578.5,584.8,566.9,574.25,44891
HNGSNGBEES,20260728,487.41,493.99,481.55,489.13,60628
HOMEFIRST,20260728,1195.0,1226.3,1161.6,1181.0,381565
HONASA,20260728,452.75,458.35,443.1,452.1,694595
HONAUT,20260728,37525.0,37735.0,37280.0,37510.0,861
HONDAPOWER,20260728,2111.7,2129.9,2079.0,2090.8,1676
HPAL,20260728,33.0,33.85,32.3,32.51,42555
HPIL,20260728,123.0,123.99,121.2,121.48,433
HPL,20260728,339.0,339.0,333.2,334.25,46741
HSBCGOLD,20260728,125.42,126.4,122.41,122.83,1696
HSCL,20260728,792.0,793.9,736.0,749.65,11559706
HTMEDIA,20260728,24.63,25.8,24.16,24.88,78669
HUBTOWN,20260728,196.45,199.0,188.9,189.62,845958
HUDCO,20260728,202.03,203.2,193.5,194.45,4480058
HUHTAMAKI,20260728,306.0,309.8,258.06,298.51,7465153
HYBRIDFIN,20260728,18.76,18.89,18.0,18.03,3154
HYUNDAI,20260728,1983.3,2009.5,1977.0,2001.9,576278
IBULLSLTD,20260728,31.5,31.5,29.61,29.61,4156541
ICEMAKE,20260728,860.0,872.0,851.0,855.8,30228
ICICIAMC,20260728,3143.9,3148.0,3101.9,3113.7,133946
ICICIB22,20260728,116.53,116.53,114.43,114.7,158895
ICICIBANK,20260728,1442.3,1445.9,1417.6,1430.8,19486209
ICICIGI,20260728,1684.3,1708.4,1665.2,1683.8,500147
ICICIPRULI,20260728,509.8,511.45,506.6,510.1,735983
ICIL,20260728,401.0,416.7,396.15,410.75,421352
ICRA,20260728,4745.0,4791.0,4692.0,4712.5,31252
IDBI,20260728,84.8,87.44,83.81,85.37,17708455
IDEA,20260728,13.06,13.14,12.89,12.95,286262076
IDEAFORGE,20260728,860.0,863.2,840.0,847.95,163692
IDFCFIRSTB,20260728,84.79,86.8,84.54,85.75,51450994
IDFNIFTYET,20260728,265.63,265.93,264.23,264.23,131
IEX,20260728,126.7,132.5,126.51,132.11,16857892
IFBAGRO,20260728,1095.0,1096.75,992.35,1026.35,25573
IFBIND,20260728,1329.6,1350.0,1306.5,1312.6,43508
IFCI,20260728,70.49,70.81,68.15,68.52,8957686
IFGLEXPOR,20260728,208.13,208.13,193.0,195.44,65042
IGARASHI,20260728,455.65,456.8,444.65,447.05,33453
IGCL,20260728,75.0,76.38,71.0,73.03,283608
IGIL,20260728,333.0,333.0,327.5,328.75,292537
IGL,20260728,150.15,152.48,150.05,150.7,1107118
IGPL,20260728,475.0,475.0,459.9,463.0,22337
IIFL,20260728,573.0,594.4,573.0,582.35,2903322
IIFLCAPS,20260728,337.75,338.4,335.6,336.3,446244
IITL,20260728,133.94,137.0,130.0,131.33,91965
IKIO,20260728,206.91,211.8,205.1,207.53,259108
IKS,20260728,1835.0,1857.8,1811.5,1819.6,68747
IL&FSENGG,20260728,30.38,32.23,30.38,32.23,28172
IL&FSTRANS,20260728,2.21,2.22,2.12,2.2,14852
IMAGICAA,20260728,45.98,46.84,45.45,46.29,409842
IMFA,20260728,1361.8,1401.0,1321.4,1344.6,99997
IMPAL,20260728,1124.9,1125.0,1110.0,1114.6,1742
INA,20260728,112.56,113.42,110.4,110.94,359075
INCREDIBLE,20260728,33.44,34.47,32.63,33.44,7262
INDBANK,20260728,33.48,33.48,32.16,32.6,39320
INDGN,20260728,508.05,517.3,504.75,508.5,113363
INDHOTEL,20260728,733.6,741.45,732.55,734.7,1636579
INDIACEM,20260728,398.35,398.35,388.0,389.95,225090
INDIAGLYCO,20260728,1193.6,1193.6,1140.05,1147.9,91742
INDIAMART,20260728,1768.4,1771.2,1740.0,1743.0,97059
INDIANB,20260728,834.0,841.3,824.45,834.25,1432863
INDIANCARD,20260728,225.0,229.97,218.25,223.04,6634
INDIANHUME,20260728,387.4,387.4,373.8,375.0,23930
INDIASHLTR,20260728,728.0,733.75,719.0,728.5,88313
INDIGO,20260728,5255.0,5282.0,5218.0,5270.5,512549
INDIGOPNTS,20260728,1066.8,1081.2,1062.0,1066.6,39044
INDIQUBE,20260728,178.4,180.59,174.31,177.52,16945
INDNIPPON,20260728,1197.2,1197.2,1125.5,1163.1,51746
INDOAMIN,20260728,129.3,130.99,127.0,127.72,20095
INDOBORAX,20260728,398.8,401.0,383.2,395.55,218789
INDOCO,20260728,248.0,268.0,225.43,228.05,5050021
INDOFARM,20260728,155.38,155.4,151.6,152.11,68002
INDORAMA,20260728,49.62,50.03,49.01,49.42,86995
INDOSTAR,20260728,269.85,273.6,264.5,269.75,105013
INDOTECH,20260728,3599.0,3599.0,3420.0,3467.3,8446
INDOTHAI,20260728,221.4,231.9,213.73,220.51,7806337
INDOUS,20260728,87.25,87.25,84.0,84.1,16413
INDOWIND,20260728,9.34,9.34,9.12,9.22,30775
INDPRUD,20260728,6552.0,6552.0,6500.0,6500.0,342
INDRAMEDCO,20260728,368.45,371.0,366.5,369.3,83044
INDSWFTLAB,20260728,242.0,242.0,235.0,236.31,392048
INDTERRAIN,20260728,29.69,29.89,28.0,28.3,26575
INDUSINDBK,20260728,1001.0,1006.0,989.2,991.95,1643112
INDUSTOWER,20260728,386.75,391.9,380.7,381.6,4530171
INFOBEAN,20260728,157.0,173.0,157.0,168.13,4835653
INFOMEDIA,20260728,5.51,5.7,5.35,5.42,13500
INFRA,20260728,12.13,12.13,12.01,12.06,20229
INFRABEES,20260728,960.75,964.36,955.89,960.01,8166
INFRAIETF,20260728,96.49,96.49,95.01,95.17,61085
INFY,20260728,1097.0,1118.5,1097.0,1105.7,28100895
INGERRAND,20260728,4397.5,4397.5,4239.3,4255.0,5287
INNOVACAP,20260728,979.9,979.9,953.3,957.25,15737
INNOVANA,20260728,354.0,354.0,332.35,335.9,1221
INNOVISION,20260728,282.5,285.0,281.8,283.25,8961
INOXGREEN,20260728,198.0,201.7,193.05,194.68,1521184
INOXINDIA,20260728,2014.0,2014.0,1882.5,1896.1,144649
INOXWIND,20260728,78.35,78.44,75.54,75.94,7493286
INSECTICID,20260728,610.7,634.0,610.7,629.45,20200
INSPIRISYS,20260728,103.9,103.9,98.05,101.47,6158
INTELLECT,20260728,721.95,755.2,719.9,724.25,1113030
INTENTECH,20260728,90.8,90.8,87.21,87.71,12087
INTERARCH,20260728,1845.0,1845.0,1809.1,1816.7,17924
INTERNET,20260728,13.31,13.53,13.31,13.49,174424
INTLCONV,20260728,75.0,76.0,74.01,74.78,28594
INVENTURE,20260728,0.92,0.94,0.91,0.92,743953
INVPRECQ,20260728,985.0,1019.55,965.0,1015.0,18105
IOB,20260728,34.0,34.2,33.81,33.84,1513331
IOC,20260728,142.0,142.95,141.03,141.28,5767618
IOLCP,20260728,151.48,152.8,145.79,147.15,992986
IONEXCHANG,20260728,427.4,428.3,416.5,418.75,269288
IPCALAB,20260728,1790.0,1804.2,1725.0,1789.0,238234
IPL,20260728,149.89,151.95,149.89,151.11,119105
IRB,20260728,19.6,19.6,19.36,19.45,4808149
IRCON,20260728,125.76,126.39,124.25,124.52,690727
IRCTC,20260728,494.2,495.2,485.3,485.95,992713
IREDA,20260728,120.87,120.87,119.5,120.49,3844449
IRFC,20260728,88.13,88.4,87.0,87.15,6530263
IRIS,20260728,245.0,247.65,235.1,237.9,21402
IRISDOREME,20260728,49.0,50.0,47.82,48.32,505246
IRMENERGY,20260728,258.8,260.3,255.0,255.95,32215
ISFT,20260728,77.45,80.5,77.07,78.88,15456
ISGEC,20260728,863.5,863.55,843.0,845.7,10096
ISHANCH,20260728,52.64,52.68,51.5,51.58,7759
IT,20260728,32.85,34.14,32.82,33.79,3163528
ITADD,20260728,31.86,32.48,31.84,32.21,164581
ITAXIS,20260728,329.02,337.5,329.02,335.15,24511
ITBEES,20260728,32.81,34.04,32.81,33.77,49766625
ITBETA,20260728,317.63,322.5,317.63,320.65,18173
ITC,20260728,284.9,287.95,282.3,284.65,14843878
ITCHOTELS,20260728,165.99,165.99,160.63,161.01,2460534
ITDC,20260728,736.0,748.0,714.0,717.35,276556
ITETF,20260728,31.64,32.49,31.64,32.27,1546125
ITI,20260728,276.8,276.9,273.0,273.4,97156
ITIETF,20260728,33.07,34.08,33.07,33.78,4309728
IVALUE,20260728,290.0,290.75,281.5,284.45,181576
IVC,20260728,8.36,8.36,8.16,8.22,104764
IVP,20260728,154.28,158.0,151.5,152.51,2617
IVZINGOLD,20260728,124.0,124.0,121.0,122.2,12069
IVZINNIFTY,20260728,2750.0,2766.45,2747.88,2754.23,1464
IWP,20260728,33.32,33.7,32.68,32.98,1574
IXIGO,20260728,195.02,196.88,191.4,191.93,390110
IZMO,20260728,1115.0,1151.8,1084.0,1095.9,148469
J&KBANK,20260728,177.39,180.0,173.73,177.3,3784227
JAGRAN,20260728,62.58,62.75,61.9,62.17,194379
JAGSNPHARM,20260728,229.0,229.56,222.46,224.06,39188
JAIBALAJI,20260728,61.5,61.9,59.0,60.54,312448
JAICORPLTD,20260728,102.75,102.86,100.0,100.37,185946
JAINREC,20260728,338.4,340.0,331.45,337.95,712395
JAIPURKURT,20260728,27.65,27.96,26.16,26.56,2432
JAMNAAUTO,20260728,135.0,135.44,131.56,131.9,771168
JARO,20260728,480.05,501.0,469.1,485.15,185909
JASH,20260728,518.95,518.95,503.15,507.5,59175
JAYAGROGN,20260728,237.0,237.0,226.95,230.1,25991
JAYBARMARU,20260728,171.5,171.99,160.95,161.05,594143
JAYKAY,20260728,168.83,168.83,160.0,161.65,140212
JAYNECOIND,20260728,87.36,90.0,86.4,88.36,5700491
JAYSREETEA,20260728,80.53,81.79,80.53,80.95,9606
JBMA,20260728,662.0,675.5,657.3,659.05,132304
JETFREIGHT,20260728,23.7,24.7,23.03,23.88,115516
JGCHEM,20260728,509.4,527.0,498.35,506.95,257368
JHS,20260728,7.33,7.64,7.33,7.57,27440
JINDALPHOT,20260728,1063.5,1099.0,1051.0,1057.1,3351
JINDALPOLY,20260728,639.15,645.5,625.1,630.1,13576
JINDALSAW,20260728,251.85,258.0,246.5,257.15,1295088
JINDALSTEL,20260728,1072.0,1072.0,1051.5,1054.4,957009
JINDRILL,20260728,594.35,597.6,580.1,583.9,75406
JINDWORLD,20260728,38.82,39.94,38.01,39.03,14744968
JIOFIN,20260728,236.0,239.21,235.51,237.08,11263195
JISLDVREQS,20260728,21.4,22.39,21.25,22.0,38672
JISLJALEQS,20260728,30.4,30.63,30.0,30.07,1283531
JITFINFRA,20260728,351.95,353.55,336.05,340.75,29369
JKCEMENT,20260728,5730.0,5760.0,5581.0,5642.5,57370
JKIL,20260728,487.55,488.9,480.1,480.95,40237
JKIPL,20260728,94.94,98.0,94.94,97.76,7844
JKLAKSHMI,20260728,574.2,583.0,557.1,562.95,154550
JKPAPER,20260728,410.0,427.0,390.5,394.7,2674590
JKTYRE,20260728,401.0,403.35,395.8,400.8,479410
JLHL,20260728,327.3,336.0,318.3,328.3,337443
JMA,20260728,89.66,89.66,85.0,87.02,5417
JMFINANCIL,20260728,123.5,124.94,122.37,122.7,857879
JNKINDIA,20260728,469.4,474.35,461.0,466.55,114869
JOCIL,20260728,147.5,148.5,141.5,145.0,2102
JPOLYINVST,20260728,1041.0,1050.8,1019.9,1030.6,4015
JPPOWER,20260728,17.02,17.21,16.89,16.92,27062571
JSFB,20260728,539.95,544.95,527.85,531.1,410878
JSL,20260728,724.0,732.8,717.0,724.3,585587
JSLL,20260728,562.05,572.25,553.0,564.45,581139
JSWCEMENT,20260728,134.49,134.96,133.41,134.22,554961
JSWDULUX,20260728,2960.2,2960.2,2915.4,2929.2,4714
JSWENERGY,20260728,548.9,548.9,540.05,544.25,1974548
JSWHL,20260728,11051.0,11297.0,10801.0,10981.0,1506
JSWINFRA,20260728,322.0,324.25,317.4,318.2,1676626
JSWSTEEL,20260728,1241.2,1259.9,1241.2,1246.9,1515691
JTEKTINDIA,20260728,132.27,136.5,132.22,135.17,219730
JTLIND,20260728,72.89,73.54,71.4,71.73,600862
JUBLCPL,20260728,1885.0,1885.0,1802.1,1811.5,4235
JUBLFOOD,20260728,430.0,433.95,427.6,432.2,2680041
JUBLINGREA,20260728,747.4,747.4,720.1,726.35,236936
JUBLPHARMA,20260728,977.9,981.7,958.0,963.45,126852
JUNIORBEES,20260728,781.5,785.5,778.52,779.58,271082
JUNIPER,20260728,200.0,200.0,193.42,194.95,37624
JUSTDIAL,20260728,718.7,734.7,710.9,728.3,397329
JWL,20260728,247.4,248.9,245.1,245.65,288344
JYOTHYLAB,20260728,201.9,207.45,201.21,203.72,612862
JYOTICNC,20260728,801.9,820.3,795.9,806.45,479307
JYOTISTRUC,20260728,10.99,11.1,10.51,10.74,1590700
KABRAEXTRU,20260728,405.2,405.2,390.0,399.3,132656
KAJARIACER,20260728,1212.0,1228.0,1205.1,1209.1,220253
KAKATCEM,20260728,120.35,120.35,116.6,117.17,1387
KALAMANDIR,20260728,88.0,91.85,87.49,87.87,1100870
KALPATARU,20260728,267.0,272.25,266.0,270.4,2657198
KALYANIFRG,20260728,600.0,613.9,590.4,606.5,1368
KALYANKJIL,20260728,565.0,611.0,565.0,608.35,36154077
KAMAHOLD,20260728,2543.1,2563.8,2502.0,2521.2,1033
KAMATHOTEL,20260728,170.8,171.63,166.41,167.22,15820
KAMDHENU,20260728,37.0,37.06,34.93,35.8,962270
KAMOPAINTS,20260728,4.67,4.67,4.52,4.59,147291
KANANIIND,20260728,1.51,1.53,1.47,1.49,127468
KANCHI,20260728,369.8,370.0,356.3,367.05,1312
KANORICHEM,20260728,160.5,162.0,151.75,156.47,60635
KANPRPLA,20260728,221.56,224.09,209.5,217.52,69249
KANSAINER,20260728,203.88,205.2,197.25,198.26,315293
KAPSTON,20260728,455.3,459.85,448.0,449.85,24887
KARMAENG,20260728,38.11,38.11,37.42,38.03,1381
KARURVYSYA,20260728,338.0,340.4,334.0,338.4,2548741
KAUSHALYA,20260728,919.0,919.0,882.0,910.0,41
KAVDEFENCE,20260728,57.37,58.3,56.0,56.41,48185
KAYA,20260728,280.1,290.0,280.1,284.46,13516
KAYNES,20260728,3183.0,3250.0,3162.1,3227.7,647430
KCP,20260728,163.25,164.48,161.1,161.36,79261
KCPSUGIND,20260728,32.74,32.74,30.01,30.91,792584
KDDL,20260728,3117.0,3145.0,3087.4,3124.7,7359
KEC,20260728,465.05,468.7,460.3,466.0,918875
KECL,20260728,143.0,147.0,138.5,142.93,803330
KEEPLEARN,20260728,1.86,1.97,1.77,1.91,31731
KEI,20260728,4853.0,4876.5,4821.0,4843.0,278239
KELLTONTEC,20260728,14.14,14.6,14.02,14.2,2461043
KENNAMET,20260728,2857.0,2898.0,2832.2,2886.3,7540
KERNEX,20260728,2344.0,2362.0,2260.0,2282.4,125407
KESORAMIND,20260728,11.3,11.57,11.0,11.02,372491
KEYFINSERV,20260728,255.52,266.0,255.52,258.49,2539
KFINTECH,20260728,948.0,982.5,941.0,973.75,3583217
KHADIM,20260728,94.5,96.5,93.01,94.86,8320
KHAICHEM,20260728,49.01,49.5,47.5,48.08,68447
KHAITANLTD,20260728,130.0,131.0,130.0,130.0,1035
KHANDSE,20260728,17.01,18.0,16.6,16.75,2388
KICL,20260728,5418.5,5430.0,5370.0,5396.5,312
KILITCH,20260728,181.99,185.0,178.55,183.59,28404
KIMS,20260728,799.25,807.65,790.4,798.35,371919
KINGFA,20260728,5060.0,5115.5,4891.0,5016.0,10957
KIOCL,20260728,354.95,356.0,347.2,348.7,32111
KIRANVYPAR,20260728,203.01,210.0,191.0,201.52,3149
KIRIINDUS,20260728,410.95,412.4,402.4,404.0,64614
KIRLFER,20260728,485.75,489.4,462.2,478.45,52013
KIRLOSBROS,20260728,1822.5,1866.4,1807.6,1856.3,69514
KIRLOSENG,20260728,2283.1,2283.1,2175.5,2192.2,365332
KIRLOSIND,20260728,3800.0,3819.9,3720.0,3761.5,3590
KIRLPNU,20260728,1484.6,1489.5,1430.0,1442.3,117696
KISSHT,20260728,340.8,347.0,336.0,342.8,844074
KITEX,20260728,147.0,147.95,144.01,145.03,293102
KKCL,20260728,502.45,508.65,497.0,497.2,11484
KLBRENG-B,20260728,435.25,444.0,434.0,442.15,24759
KMEW,20260728,2427.0,2529.9,2370.0,2516.0,93628
KMSUGAR,20260728,28.21,28.6,28.05,28.25,89569
KNACK,20260728,197.0,198.5,189.45,191.0,1441246
KNAGRI,20260728,223.5,223.5,213.31,219.57,4294
KNRCON,20260728,122.58,122.58,120.01,120.39,399258
KOHINOOR,20260728,23.0,23.58,22.52,22.81,136157
KOKUYOCMLN,20260728,86.0,86.76,84.42,85.27,17286
KOLTEPATIL,20260728,384.85,399.7,377.55,394.5,66560
KOPRAN,20260728,201.21,202.5,197.0,199.34,145469
KOTAKBANK,20260728,383.05,387.3,383.05,385.3,14247981
KOTARISUG,20260728,25.09,25.38,24.81,25.24,35261
KOTHARIPET,20260728,136.0,136.25,133.0,133.56,33518
KOTHARIPRO,20260728,68.25,68.95,66.0,67.17,18984
KOTIC,20260728,161.2,167.25,155.0,158.2,15482
KOTYARK,20260728,31.6,33.56,30.9,33.55,130677
KOVAI,20260728,6129.0,6129.0,5823.0,5862.0,3284
KPEL,20260728,310.7,318.0,308.85,311.45,188566
KPIGREEN,20260728,391.8,392.0,386.1,387.0,262415
KPIL,20260728,1300.0,1300.6,1258.2,1265.5,91791
KPITTECH,20260728,587.0,606.4,587.0,602.45,8904454
KPL,20260728,2724.0,2724.0,2585.0,2590.4,26342
KPRMILL,20260728,1061.7,1061.9,1036.0,1043.3,179909
KRBL,20260728,353.5,353.5,344.5,345.8,138156
KREBSBIO,20260728,54.6,55.0,52.65,53.35,1669
KRIDHANINF,20260728,2.35,2.39,2.3,2.32,8669
KRISHANA,20260728,169.0,170.15,160.5,164.8,1339481
KRISHIVAL,20260728,391.15,393.95,389.0,389.35,3041
KRISHNADEF,20260728,1292.9,1300.0,1201.1,1207.3,204208
KRITI,20260728,65.79,65.8,64.0,65.51,12269
KRITIKA,20260728,5.45,5.56,5.41,5.44,81649
KRITINUT,20260728,76.91,78.4,75.18,75.51,3434
KRN,20260728,1240.0,1250.0,1224.6,1226.7,67482
KRONOX,20260728,157.0,157.0,150.5,151.22,61923
KROSS,20260728,190.0,197.25,188.49,195.77,781641
KRSNAA,20260728,543.55,544.45,532.0,533.25,30327
KRYSTAL,20260728,607.5,607.5,600.05,600.15,3798
KSB,20260728,877.4,884.0,844.65,846.75,58723
KSCL,20260728,834.4,838.0,823.0,825.55,21385
KSHINTL,20260728,880.05,887.0,835.55,844.05,301219
KSHITIJPOL,20260728,3.14,3.15,2.9,3.1,2060771
KSL,20260728,894.0,914.9,890.15,906.45,23315
KSOLVES,20260728,279.5,284.9,276.15,279.45,48132
KSR,20260728,28.65,29.39,28.02,28.2,5237
KTKBANK,20260728,286.95,287.0,275.7,276.75,2855837
KUANTUM,20260728,80.6,80.6,76.8,77.59,98648
KUSUMGAR,20260728,578.95,583.45,562.4,566.55,374541
KWIL,20260728,31.45,31.5,30.7,30.85,4595950
LAGNAM,20260728,92.0,92.0,88.4,89.51,9544
LAHOTIOV,20260728,42.11,43.87,40.0,40.75,3776
LAL,20260728,8.38,8.42,7.92,8.17,90698
LALPATHLAB,20260728,1827.2,1837.0,1790.1,1805.2,379442
LAMBODHARA,20260728,114.99,114.99,111.0,111.31,2597
LANCORHOL,20260728,26.15,26.15,24.25,24.54,99445
LANDMARK,20260728,538.5,543.7,514.15,528.05,337136
LANDSMILL,20260728,0.82,0.88,0.82,0.83,3610837
LAOPALA,20260728,186.37,188.9,184.01,187.15,110872
LASA,20260728,6.83,7.13,6.8,6.86,9685
LASERPOWER,20260728,307.66,307.66,283.05,285.66,2809299
LATENTVIEW,20260728,315.2,324.8,310.6,312.05,1438302
LATTEYS,20260728,19.6,20.2,19.6,19.96,25298
LAURUSLABS,20260728,1713.0,1762.0,1707.7,1758.9,4407907
LAXMICOT,20260728,14.02,14.67,13.21,13.85,12648
LAXMIDENTL,20260728,219.25,220.66,214.0,214.56,54905
LAXMIINDIA,20260728,127.88,129.99,124.0,125.44,43691
LCCINFOTEC,20260728,4.34,4.44,4.17,4.22,21563
LEMERITE,20260728,21.99,22.39,21.48,22.35,788573
LEMONTREE,20260728,111.7,112.2,110.06,110.31,1433745
LENSKART,20260728,572.0,575.7,550.15,554.65,3234066
LEXUS,20260728,15.24,15.24,14.54,14.72,3694
LFIC,20260728,141.0,144.8,140.0,140.61,262
LGBBROSLTD,20260728,1571.5,1571.5,1547.2,1554.3,15118
LGEINDIA,20260728,1528.0,1530.9,1506.0,1510.2,137813
LGHL,20260728,205.41,210.67,203.0,204.72,41320
LIBAS,20260728,10.37,10.37,9.61,10.1,25123
LIBERTSHOE,20260728,270.0,270.0,260.1,262.85,29705
LICHSGFIN,20260728,551.0,554.45,543.25,545.7,560719
LICI,20260728,424.35,428.9,422.85,427.15,2063111
LICMFGOLD,20260728,128.4,128.45,127.3,127.7,32893
LICNETFGSC,20260728,29.3,29.72,29.3,29.43,7986
LICNETFN50,20260728,269.52,269.91,268.29,268.88,886
LICNETFSEN,20260728,866.5,869.59,866.5,866.75,27
LICNFNHGP,20260728,275.38,275.38,273.8,274.98,15
LICNMID100,20260728,62.63,63.07,62.59,62.73,3548
LIKHITHA,20260728,235.3,235.3,218.0,219.6,33174
LINC,20260728,104.96,104.98,100.87,101.5,13808
LINCOLN,20260728,589.3,589.3,573.3,579.45,12214
LINDEINDIA,20260728,6766.5,6777.0,6652.0,6667.5,18057
LIQGRWBEES,20260728,1049.32,1049.34,1049.32,1049.33,43054
LIQUID,20260728,999.99,1000.0,999.99,999.99,164053
LIQUID1,20260728,1115.35,1115.53,1115.35,1115.52,1180304
LIQUIDADD,20260728,1137.65,1137.66,1137.64,1137.65,385219
LIQUIDBEES,20260728,975.01,1001.0,975.01,1000.0,5583500
LIQUIDBETA,20260728,1001.84,1001.86,1001.84,1001.86,504
LIQUIDBETF,20260728,1092.1,1092.12,1092.1,1092.11,351691
LIQUIDCASE,20260728,115.21,115.21,115.19,115.19,14936566
LIQUIDETF,20260728,1000.0,1000.01,999.99,1000.0,56159
LIQUIDIETF,20260728,999.99,1000.01,999.99,999.99,1217200
LIQUIDPLUS,20260728,1096.31,1096.33,1096.1,1096.31,636198
LIQUIDSBI,20260728,999.99,1000.01,999.99,1000.0,6018
LIQUIDSHRI,20260728,1114.83,1114.85,1114.83,1114.84,7672
LLOYDSENGG,20260728,91.79,92.79,88.25,91.18,14505283
LLOYDSENT,20260728,81.64,81.77,79.47,79.94,3161102
LLOYDSME,20260728,2022.3,2022.3,1963.0,1979.1,537696
LMW,20260728,16025.0,16170.0,15768.0,15849.0,5982
LODHA,20260728,1233.2,1316.4,1228.25,1301.4,12877563
LOKESHMACH,20260728,335.4,339.0,335.4,336.5,5691
LORDSCHLO,20260728,169.0,169.0,150.0,150.97,136146
LOTUSDEV,20260728,188.05,191.89,186.55,188.88,8127965
LOTUSEYE,20260728,120.52,121.71,118.15,118.57,9290
LOVABLE,20260728,72.1,72.86,70.85,71.32,4675
LOWVOL,20260728,208.22,209.14,208.22,209.07,357
LOWVOL1,20260728,21.07,21.69,21.07,21.52,1947265
LOWVOLIETF,20260728,22.21,22.43,22.21,22.4,6057531
LOYALTEX,20260728,219.39,220.0,201.13,209.15,220
LPDC,20260728,5.99,6.28,5.99,6.01,45784
LT,20260728,3812.0,3837.0,3793.0,3832.0,1702441
LTF,20260728,312.2,313.85,308.0,311.0,2857446
LTFOODS,20260728,378.2,378.25,368.0,370.15,219952
LTGILTBEES,20260728,29.98,30.1,29.92,29.97,615806
LTGILTCASE,20260728,30.87,30.87,29.96,30.55,101810
LTM,20260728,4239.2,4386.6,4234.9,4309.2,879513
LTTS,20260728,3510.0,3611.3,3510.0,3599.3,207265
LUMAXIND,20260728,5196.0,5197.5,5095.5,5118.0,3311
LUMAXTECH,20260728,1495.1,1503.9,1472.1,1489.3,62109
LUPIN,20260728,2409.2,2416.8,2383.3,2395.8,607756
LUXIND,20260728,1252.0,1258.4,1235.7,1236.9,8791
LXCHEM,20260728,194.54,197.01,190.17,196.0,2785326
LYKALABS,20260728,64.41,66.2,61.19,61.71,37749
M&M,20260728,3225.0,3284.7,3222.0,3271.2,2208579
M&MFIN,20260728,361.9,376.25,352.65,373.5,5544164
MAANALU,20260728,115.7,115.7,110.4,110.92,66528
MACPOWER,20260728,1324.9,1325.0,1290.6,1296.0,6962
MADHAV,20260728,34.0,34.7,33.51,34.2,1559
MADHAVIPL,20260728,7.88,8.15,7.82,8.07,130226
MADHUCON,20260728,5.36,5.39,5.17,5.29,1386
MADRASFERT,20260728,66.98,66.98,65.72,65.9,53590
MAFANG,20260728,191.12,191.12,191.12,191.12,102367
MAFATIND,20260728,135.69,135.69,131.2,132.91,24914
MAGADSUGAR,20260728,492.0,494.2,479.95,481.8,9236
MAGNUM,20260728,19.85,20.25,19.35,19.98,58657
MAHABANK,20260728,80.63,80.97,79.96,80.2,7527183
MAHAPEXLTD,20260728,44.49,45.0,43.29,44.26,5982
MAHASTEEL,20260728,766.7,830.0,766.4,820.6,4805
MAHEPC,20260728,107.0,112.9,105.81,107.11,45944
MAHESHWARI,20260728,72.1,73.75,69.83,73.01,36127
MAHKTECH,20260728,22.96,22.96,22.96,22.96,339967
MAHLIFE,20260728,382.0,382.55,375.8,380.25,125243
MAHLOG,20260728,417.3,417.95,408.4,410.4,229657
MAHSCOOTER,20260728,13180.0,13180.0,12710.0,12733.0,2551
MAHSEAMLES,20260728,576.85,580.3,567.0,574.1,54003
MAITHANALL,20260728,962.3,979.0,956.5,962.5,27425
MAJESAUT,20260728,429.15,432.85,423.2,427.8,9133
MAKEINDIA,20260728,162.83,162.83,161.97,162.11,16060
MALLCOM,20260728,1006.1,1048.0,1005.4,1024.6,1956
MALUPAPER,20260728,35.03,35.52,32.3,32.5,58956
MAMATA,20260728,381.0,387.7,377.0,382.6,52517
MANAKALUCO,20260728,35.49,35.5,34.85,34.87,18143
MANAKCOAT,20260728,124.9,125.56,121.15,123.03,1359853
MANAKSIA,20260728,58.3,58.3,55.0,55.29,24896
MANAKSTEEL,20260728,68.94,69.89,66.62,66.94,53634
MANALIPETC,20260728,67.64,67.64,65.67,66.14,299919
MANAPPURAM,20260728,357.0,363.0,355.0,361.25,2437862
MANBA,20260728,150.0,154.0,136.0,137.37,722486
MANCREDIT,20260728,222.02,222.17,217.7,219.8,144106
MANGALAM,20260728,27.8,27.8,26.41,27.46,18804
MANGLMCEM,20260728,985.0,985.9,960.15,967.8,31414
MANINDS,20260728,527.0,535.0,518.6,526.05,128331
MANINFRA,20260728,99.0,99.43,97.01,97.42,316061
MANKIND,20260728,2550.0,2628.2,2541.0,2617.9,610061
MANOMAY,20260728,207.5,211.51,204.59,209.9,188692
MANORAMA,20260728,1671.0,1671.0,1630.0,1639.3,73395
MANORG,20260728,537.9,552.55,530.0,552.55,5522
MANUFGBEES,20260728,160.99,160.99,159.65,159.84,3002
MANUGRAPH,20260728,13.19,13.74,13.19,13.74,7001
MANYAVAR,20260728,410.3,434.8,405.45,409.45,1310356
MAPMYINDIA,20260728,1132.1,1154.75,1121.05,1136.15,146019
MARALOVER,20260728,60.5,60.5,57.12,57.64,28733
MARATHON,20260728,386.75,397.9,381.65,383.5,80702
MARICO,20260728,858.65,886.3,857.25,883.25,2384426
MARINE,20260728,270.0,271.9,260.2,269.5,1003726
MARKOLINES,20260728,178.0,178.0,171.1,172.78,118778
MARKSANS,20260728,263.7,265.4,254.15,256.65,940587
MARSONS,20260728,112.0,113.54,108.66,109.48,2817779
MARUTI,20260728,13729.0,13848.0,13669.0,13802.0,481068
MASFIN,20260728,319.95,320.95,313.75,314.75,76275
MASKINVEST,20260728,151.0,151.0,151.0,151.0,488
MASPTOP50,20260728,77.9,77.9,77.9,77.9,80982
MASTEK,20260728,1732.0,1881.0,1732.0,1873.4,593106
MASTERTR,20260728,83.77,84.84,81.82,82.09,222721
MATRIMONY,20260728,425.5,436.8,425.3,433.9,4546
MAWANASUG,20260728,109.44,110.48,107.5,108.15,30443
MAXESTATES,20260728,392.3,398.3,390.85,396.0,38442
MAXHEALTH,20260728,1119.6,1124.9,1099.7,1104.8,1123951
MAXIND,20260728,186.8,186.8,171.0,173.31,307294
MAYURUNIQ,20260728,817.65,817.65,783.2,785.9,62838
MAZDA,20260728,217.81,221.8,212.0,212.53,4633
MAZDOCK,20260728,2330.3,2331.0,2290.0,2295.8,466171
MBAPL,20260728,165.0,165.9,158.7,161.2,1829451
MBEL,20260728,299.75,303.9,294.05,297.85,102364
MBLINFRA,20260728,24.46,25.39,23.8,24.34,125807
MCCHRLS-B,20260728,719.95,719.95,670.0,699.95,1635
MCL,20260728,53.2,54.21,52.47,52.68,10446
MCLEODRUSS,20260728,52.5,52.5,50.7,51.67,88096
MCLOUD,20260728,26.5,29.35,26.45,28.64,14521671
MCX,20260728,2739.5,2764.8,2700.0,2713.4,1135493
MEDANTA,20260728,1416.5,1417.7,1383.2,1401.3,171258
MEDIASSIST,20260728,346.35,351.0,343.75,347.2,43810
MEDICAMEQ,20260728,241.15,246.15,237.95,239.1,6411
MEDICO,20260728,41.9,45.0,40.05,43.54,902320
MEDPLUS,20260728,716.9,717.0,695.0,700.65,393743
MEESHO,20260728,178.0,186.24,176.7,181.48,16176746
MEGASTAR,20260728,339.1,340.0,330.2,333.05,1767
MEIL,20260728,300.0,303.8,291.7,295.45,33549
MENNPIS,20260728,74.24,74.89,72.75,73.82,35645
MENONBE,20260728,218.9,227.95,209.25,226.55,81038
MEP,20260728,0.54,0.55,0.53,0.53,484380
MERCANTILE,20260728,25.0,25.2,24.2,24.2,2205
MERCURYEV,20260728,36.41,36.41,35.05,35.86,161626
METAL,20260728,12.59,12.64,12.5,12.52,2211738
METALIETF,20260728,12.68,12.68,12.45,12.46,5227420
METROBRAND,20260728,1043.9,1043.9,1018.0,1026.0,25231
METROGLOBL,20260728,131.99,131.99,127.0,127.65,1394
METROPOLIS,20260728,582.0,593.0,579.75,585.5,360255
MFML,20260728,18.56,18.84,18.48,18.58,688
MFSL,20260728,1510.5,1516.0,1493.2,1506.7,902096
MGEL,20260728,16.35,16.45,16.18,16.39,53212
MGL,20260728,1098.0,1103.3,1071.6,1078.7,70351
MHLXMIRU,20260728,140.9,141.65,138.88,139.02,15094
MHRIL,20260728,222.45,222.45,216.5,218.28,105056
MICEL,20260728,37.0,38.23,35.95,36.81,301452
MID150,20260728,23.35,23.38,23.27,23.3,22464
MID150BEES,20260728,235.1,238.0,235.08,237.09,382853
MID150CASE,20260728,11.55,11.81,11.49,11.52,1100336
MIDCAP,20260728,18.35,18.6,17.98,18.35,192898
MIDCAPADD,20260728,22.98,23.06,22.94,23.04,30918
MIDCAPBETA,20260728,232.25,232.52,231.14,232.19,1077
MIDCAPETF,20260728,23.99,23.99,23.37,23.41,1834537
MIDCAPIETF,20260728,23.77,23.84,23.7,23.79,681269
MIDHANI,20260728,397.1,399.15,390.55,391.75,195182
MIDQ50ADD,20260728,25.29,25.29,24.83,24.92,12938
MIDSELIETF,20260728,19.45,19.8,19.43,19.5,227907
MIDSMALL,20260728,51.14,51.14,50.41,50.6,229399
MIDWESTLTD,20260728,1240.0,1250.8,1200.0,1206.6,16087
MINDACORP,20260728,695.0,698.5,680.95,683.6,87237
MINDTECK,20260728,194.64,197.76,192.7,193.72,27038
MIRZAINT,20260728,35.04,35.92,34.45,34.67,111541
MITCON,20260728,70.03,76.0,70.0,72.0,898
MITTAL,20260728,0.91,0.93,0.9,0.9,862921
MKPL,20260728,4.18,4.28,4.18,4.26,68254
MMFL,20260728,556.8,564.8,532.75,553.4,115179
MMP,20260728,283.6,285.45,277.2,280.55,28002
MMTC,20260728,61.74,61.74,60.5,60.59,818740
MMWL,20260728,14.29,14.29,13.5,13.73,49278
MNC,20260728,33.65,33.76,33.3,33.44,445187
MOALPHA50,20260728,53.48,53.48,52.6,53.0,8058
MOBANK10,20260728,16.82,16.92,16.82,16.84,9393
MOBIKWIK,20260728,205.88,208.6,198.1,199.24,782917
MOCAPITAL,20260728,53.4,53.45,52.52,52.86,922389
MODEFENCE,20260728,103.31,103.98,101.02,101.3,1653474
MODINATUR,20260728,410.9,410.95,393.55,396.8,4239
MODIRUBBER,20260728,126.0,126.6,122.0,123.64,971
MODIS,20260728,393.0,403.95,388.05,390.15,59675
MODISONLTD,20260728,269.75,269.75,258.65,259.0,86962
MODTHREAD,20260728,49.27,49.27,48.99,49.0,28
MOENERGY,20260728,39.1,39.1,38.19,38.28,255507
MOGOLD,20260728,141.35,141.35,139.75,139.9,18505
MOGSEC,20260728,65.72,65.72,65.02,65.09,16018
MOHEALTH,20260728,51.67,51.68,50.79,51.03,72814
MOHITIND,20260728,23.36,23.9,22.05,22.71,8575
MOIL,20260728,269.0,271.9,265.4,267.25,275060
MOINFRA,20260728,60.56,60.56,60.09,60.21,8752
MOIPO,20260728,46.12,46.44,46.12,46.21,889
MOKSH,20260728,10.29,10.46,10.15,10.24,58139
MOL,20260728,58.25,58.25,55.15,55.75,1027010
MOLDTECH,20260728,142.6,142.6,134.0,134.75,62453
MOLDTKPAC,20260728,693.05,702.0,641.35,657.3,345779
MOLOWVOL,20260728,37.14,37.16,36.98,37.06,169
MOM100,20260728,67.26,67.58,67.06,67.34,209404
MOM30IETF,20260728,30.88,30.9,30.49,30.57,500064
MOM50,20260728,251.12,251.79,250.92,251.27,3670
MOMENTUM,20260728,30.67,30.67,30.31,30.39,44236
MOMENTUM30,20260728,30.39,30.5,29.98,30.02,321744
MOMENTUM50,20260728,54.8,54.8,51.6,51.82,427334
MOMGF,20260728,159.68,160.0,158.62,160.0,1177
MOMIDMTM,20260728,64.4,64.4,62.55,63.08,33037
MOMMIDCAP,20260728,12.57,12.57,12.28,12.45,6607702
MOMNC,20260728,32.59,32.59,32.27,32.45,470
MOMOMENTUM,20260728,61.15,61.18,60.56,60.8,101982
MON100,20260728,318.46,318.46,318.46,318.46,331097
MON50EQUAL,20260728,33.4,33.47,33.33,33.42,390
MONARCH,20260728,398.9,400.0,388.2,391.65,505032
MONEXT50,20260728,72.6,73.56,72.0,73.24,1376
MONEYBOXX,20260728,61.9,61.9,57.25,59.35,13881
MONIFTY100,20260728,25.27,25.29,25.21,25.21,1860
MONIFTY500,20260728,24.21,24.21,23.43,23.62,629022
MONQ50,20260728,140.88,140.88,140.88,140.88,13923
MONTECARLO,20260728,546.85,546.95,536.0,541.0,17326
MOPSE,20260728,100.75,100.75,100.23,100.44,1021
MOQUALITY,20260728,202.26,202.26,200.59,201.08,302
MOREALTY,20260728,90.45,92.54,90.45,92.22,912815
MOREPENLAB,20260728,56.55,56.89,55.01,55.3,3092284
MOSCHIP,20260728,207.4,207.9,202.0,202.62,3533976
MOSERVICE,20260728,31.01,31.01,30.91,31.01,2599
MOSILVER,20260728,216.39,216.39,213.14,213.84,90421
MOSMALL250,20260728,17.57,18.07,17.57,17.87,1597126
MOTHERSON,20260728,147.0,148.5,145.6,147.86,12742933
MOTILALOFS,20260728,869.3,870.0,850.1,856.15,984358
MOTISONS,20260728,13.98,14.79,13.81,14.62,56882432
MOTOGENFIN,20260728,26.73,26.73,26.7,26.71,800
MOTOUR,20260728,78.81,79.15,78.41,78.7,8691
MOVALUE,20260728,113.55,113.55,112.46,112.73,34643
MPHASIS,20260728,2374.7,2449.9,2368.5,2413.5,1377173
MPSLTD,20260728,2685.0,2685.0,2570.0,2609.9,56362
MRF,20260728,132500.0,134000.0,132100.0,133140.0,5493
MRPL,20260728,163.0,164.0,159.3,160.03,5369542
MSCI360,20260728,10.09,10.12,10.0,10.0,94
MSCIADD,20260728,29.36,29.47,29.36,29.42,2410
MSCIINDIA,20260728,29.78,29.82,29.6,29.72,75135
MSPL,20260728,36.0,36.66,35.05,36.22,518094
MSTCLTD,20260728,604.0,606.55,593.05,596.55,96862
MSUMI,20260728,41.7,41.72,40.71,41.52,6259867
MTARTECH,20260728,5760.0,5788.0,5467.0,5467.0,137624
MTEDUCARE,20260728,1.9,2.1,1.9,1.92,38902
MTNL,20260728,27.2,27.32,26.69,26.75,405710
MUFIN,20260728,125.48,125.95,122.57,123.96,1103987
MUFTI,20260728,84.0,84.59,79.91,81.24,155279
MUKANDLTD,20260728,140.05,142.0,138.45,139.1,69297
MUKKA,20260728,22.8,23.12,22.6,22.91,131599
MUKTAARTS,20260728,58.45,61.38,56.51,58.19,7859
MULTICAP,20260728,16.58,16.6,16.51,16.53,108291
MUNJALAU,20260728,105.0,105.0,101.84,102.32,234161
MUNJALSHOW,20260728,140.0,140.0,136.8,137.3,34456
MURUDCERA,20260728,30.5,31.5,30.5,30.66,5498
MUTHOOTCAP,20260728,217.53,220.0,214.82,218.62,17307
MUTHOOTFIN,20260728,3021.0,3036.0,2968.0,3014.4,662562
MUTHOOTMF,20260728,255.99,258.7,249.86,255.81,305535
MVGJL,20260728,167.95,178.71,165.28,173.81,179025
MWL,20260728,35.65,36.2,35.4,35.95,214600
NACLIND,20260728,192.69,193.29,184.01,185.37,595073
NAGREEKCAP,20260728,22.06,23.86,22.06,22.98,3344
NAGREEKEXP,20260728,22.55,23.72,20.1,21.28,51193
NAHARCAP,20260728,244.25,249.99,244.13,247.39,1642
NAHARINDUS,20260728,115.95,117.78,113.22,115.56,8901
NAHARPOLY,20260728,280.0,282.9,263.0,266.1,28684
NAHARSPING,20260728,280.0,281.9,276.2,280.1,10357
NAM-INDIA,20260728,1157.0,1168.9,1142.0,1150.3,1028947
NARMADA,20260728,33.9,34.59,32.88,33.86,835224
NATCAPSUQ,20260728,149.31,149.31,142.55,146.81,4467
NATCOPHARM,20260728,927.1,933.95,920.1,925.05,151767
NATHBIOGEN,20260728,167.0,167.0,162.22,163.88,7718
NATIONALUM,20260728,339.4,340.2,333.0,334.55,3721274
NATIONSTD,20260728,289.0,289.0,289.0,289.0,12117
NAUKRI,20260728,1200.0,1252.55,1198.0,1236.15,3902008
NAVA,20260728,564.0,566.15,547.0,552.3,191681
NAVINFLUOR,20260728,7690.0,7723.0,7478.5,7512.5,102356
NAVKARCORP,20260728,105.15,105.15,102.0,102.4,327314
NAVKARURB,20260728,1.07,1.07,1.01,1.05,336736
NAVNETEDUL,20260728,145.24,145.92,139.7,142.7,407621
NAZARA,20260728,303.0,305.0,296.2,304.0,2856692
NBCC,20260728,94.9,95.3,94.19,94.51,4465009
NBIFIN,20260728,2189.3,2268.6,2161.0,2170.0,300
NCC,20260728,142.02,143.0,137.29,137.7,1802264
NCLIND,20260728,185.59,187.98,183.0,185.22,14304
NDGL,20260728,2780.0,2780.0,2720.0,2772.4,36
NDL,20260728,2.35,2.35,2.26,2.27,1128198
NDLVENTURE,20260728,125.0,125.0,121.17,122.2,4295
NDRAUTO,20260728,817.2,827.95,801.0,806.2,15134
NDTV,20260728,77.0,77.34,76.11,76.48,50508
NEAGI,20260728,3186.8,3186.8,3025.1,3026.1,89
NECCLTD,20260728,14.9,15.35,14.9,15.05,19512
NECLIFE,20260728,10.45,10.45,10.14,10.18,82849
NELCAST,20260728,115.01,119.37,115.0,116.32,388785
NELCO,20260728,935.5,974.3,921.2,962.4,348927
NEOGEN,20260728,2105.8,2220.0,2011.0,2024.3,703139
NEPHROPLUS,20260728,681.9,695.0,677.0,689.8,181380
NESCO,20260728,1010.0,1055.0,1002.6,1048.6,97303
NESTLEIND,20260728,1454.6,1507.2,1448.5,1491.8,5464860
NETF,20260728,262.45,262.45,260.05,260.21,1807
NETWEB,20260728,4380.0,4478.3,4280.1,4395.7,960643
NETWORK18,20260728,28.75,29.15,28.62,28.86,2128595
NEULANDLAB,20260728,18978.0,19117.0,18674.0,18871.0,15593
NEWGEN,20260728,508.25,544.8,508.25,525.45,7766585
NEXT30ADD,20260728,42.42,42.46,42.24,42.27,1647
NEXT50,20260728,743.56,751.67,742.37,742.57,23265
NEXT50ADD,20260728,72.84,72.84,72.27,72.45,6879
NEXT50BETA,20260728,76.2,78.47,76.2,77.91,102435
NEXT50ETF,20260728,72.9,72.97,71.58,72.56,22682
NEXT50IETF,20260728,77.94,77.94,75.96,76.08,588924
NEXTMEDIA,20260728,3.95,4.0,3.83,3.91,3746
NFL,20260728,71.1,71.85,70.72,71.3,553351
NGIL,20260728,38.26,38.99,37.5,37.54,4648
NGLFINE,20260728,3220.5,3238.3,3087.2,3212.0,6379
NH,20260728,2065.0,2091.7,2050.6,2072.8,365357
NHPC,20260728,79.4,79.55,77.85,78.28,8083250
NIACL,20260728,165.0,166.52,162.11,163.07,602125
NIBE,20260728,1499.0,1499.0,1445.5,1449.5,31952
NIBL,20260728,37.8,38.0,36.52,37.0,67835
NIF100BEES,20260728,269.19,269.19,265.0,265.82,16065
NIF100IETF,20260728,28.35,28.35,27.65,27.85,98778
NIFTY1,20260728,273.08,273.08,265.14,266.16,85150
NIFTY100EW,20260728,35.88,35.88,34.84,35.0,41578
NIFTYADD,20260728,252.78,253.41,252.44,252.7,1825
NIFTYAXIS,20260728,267.83,267.83,265.0,265.85,6966
NIFTYBEES,20260728,273.59,274.12,272.74,273.53,7704303
NIFTYBETA,20260728,268.75,269.06,265.37,266.1,11316
NIFTYBETF,20260728,246.95,247.5,246.16,246.56,1821
NIFTYCASE,20260728,11.4,11.4,9.6,9.63,1243192
NIFTYETF,20260728,261.26,261.53,260.35,260.75,205059
NIFTYIETF,20260728,275.8,275.8,271.41,272.28,583156
NIFTYQLITY,20260728,21.44,21.5,21.36,21.4,39152
NIITLTD,20260728,94.95,96.75,94.3,95.15,337850
NIITMTS,20260728,239.9,239.9,230.6,231.08,99480
NILAINFRA,20260728,7.5,7.54,7.32,7.42,100105
NILASPACES,20260728,12.12,12.25,11.5,11.76,167733
NILE,20260728,1900.1,1931.9,1858.6,1861.7,1676
NILKAMAL,20260728,1776.0,1983.5,1770.2,1947.6,330501
NIMBSPROJ,20260728,191.0,194.0,187.0,187.0,1172
NINSYS,20260728,840.0,860.0,821.6,846.7,3001
NIPPOBATRY,20260728,330.95,334.95,325.0,329.4,1203
NIRAJ,20260728,29.92,29.92,28.01,29.05,137199
NIRAJISPAT,20260728,190.0,190.0,181.0,190.0,13
NIRLON,20260728,615.1,627.15,615.1,620.0,5237
NITCO,20260728,107.5,107.59,102.51,103.18,332416
NITINSPIN,20260728,539.85,556.0,530.0,532.9,109550
NITIRAJ,20260728,220.0,220.0,205.63,218.88,6284
NITTAGELA,20260728,1904.6,1917.9,1827.1,1838.9,8627
NIVABUPA,20260728,86.81,87.68,86.06,86.58,286119
NKIND,20260728,59.8,62.4,57.4,57.99,346
NLCINDIA,20260728,297.8,300.65,294.6,299.05,2308356
NMDC,20260728,83.54,84.33,83.01,83.92,16206608
NOCIL,20260728,163.45,163.45,160.3,160.96,173906
NOIDATOLL,20260728,4.53,4.6,4.36,4.53,80216
NORBTEAEXP,20260728,68.0,71.4,64.66,69.23,4181
NORTHARC,20260728,300.0,300.1,278.6,285.35,3058621
NOVAAGRI,20260728,23.48,23.48,22.56,22.95,20030
NOVARTIND,20260728,1654.9,1654.9,1573.5,1579.3,24509
NPBET,20260728,286.87,287.98,282.37,283.03,119
NPST,20260728,1557.1,1589.0,1541.6,1550.7,25313
NRAIL,20260728,480.95,487.4,461.05,464.45,10242
NRBBEARING,20260728,430.0,434.8,419.0,422.8,566606
NRL,20260728,101.04,102.0,101.04,102.0,131870
NSIL,20260728,5426.0,5460.0,5411.5,5434.5,786
NSLNISP,20260728,42.25,42.3,41.6,42.05,1502068
NTPC,20260728,349.95,350.0,342.1,343.75,12409670
NTPCGREEN,20260728,93.1,93.63,91.8,92.27,4493314
NUCLEUS,20260728,734.65,744.4,722.25,724.85,37993
NURECA,20260728,314.0,319.0,306.01,311.76,18993
NUVAMA,20260728,1862.9,1924.4,1785.0,1808.8,558899
NUVOCO,20260728,354.5,356.7,348.7,350.45,312460
NV20,20260728,14.23,14.23,13.86,13.88,21521
NV20BEES,20260728,139.53,139.61,138.5,138.88,6794
NV20IETF,20260728,13.52,13.7,13.52,13.56,333993
NYKAA,20260728,327.5,332.4,325.85,329.6,6844872
OAL,20260728,392.75,392.75,370.0,371.1,32616
OBCL,20260728,53.5,53.74,52.6,52.65,272
OBEROIRLTY,20260728,1830.7,1846.1,1810.5,1829.5,247453
OCCLLTD,20260728,157.4,159.81,150.0,153.65,372326
ODIGMA,20260728,22.6,23.14,22.51,22.66,6297
OFSS,20260728,11181.0,11475.0,11170.0,11334.0,469607
OIL,20260728,438.05,458.0,435.4,444.6,3561983
OILCOUNTUB,20260728,57.3,57.3,54.6,56.32,44601
OILIETF,20260728,11.35,11.35,11.2,11.24,1292116
OLAELEC,20260728,37.27,37.67,36.95,37.11,27307641
OLECTRA,20260728,1330.0,1343.0,1302.0,1312.7,184856
OMAXAUTO,20260728,204.35,204.35,204.35,204.35,16879
OMAXE,20260728,89.57,89.93,86.2,86.62,187178
OMFREIGHT,20260728,90.01,91.79,89.25,89.51,9246
OMINFRAL,20260728,92.01,97.5,87.7,90.34,1473436
OMNI,20260728,620.0,620.0,590.8,595.75,396496
OMPOWER,20260728,167.71,170.0,167.01,167.74,36840
ONELIFECAP,20260728,39.78,39.78,37.4,37.86,72779
ONEPOINT,20260728,55.3,56.0,55.06,55.65,344586
ONESOURCE,20260728,1704.5,1750.0,1672.1,1731.3,384200
ONGC,20260728,238.0,239.98,236.09,238.91,13362577
ONIDA,20260728,38.29,38.5,36.9,37.61,228845
ONMOBILE,20260728,62.35,63.99,61.2,62.83,70430
ONWARDTEC,20260728,291.25,304.9,289.2,296.3,312201
OPTIEMUS,20260728,610.45,622.0,599.75,619.2,144117
ORBTEXP,20260728,245.0,245.0,240.02,244.0,5786
ORCHASP,20260728,1.63,1.63,1.54,1.54,267774
ORCHPHARMA,20260728,987.3,992.0,968.1,985.35,43875
ORICONENT,20260728,53.9,55.71,52.49,52.79,61957
ORIENTALTL,20260728,5.32,5.4,5.29,5.3,41679
ORIENTBELL,20260728,325.6,325.95,319.0,320.7,3986
ORIENTCEM,20260728,135.8,137.5,132.71,134.73,316636
ORIENTCER,20260728,41.0,41.25,40.0,40.25,37897
ORIENTELEC,20260728,174.0,174.0,169.7,170.51,643583
ORIENTHOT,20260728,136.67,139.49,135.0,136.6,282021
ORIENTLTD,20260728,96.7,96.7,88.65,89.85,27877
ORIENTPPR,20260728,18.34,18.44,17.59,17.64,203258
ORIENTTECH,20260728,279.17,283.67,268.01,272.5,740262
ORISSAMINE,20260728,3799.0,3947.3,3757.0,3771.8,16895
ORKLAINDIA,20260728,584.9,584.9,562.0,567.2,74832
ORTEL,20260728,1.65,1.79,1.64,1.79,4407
ORTINGLOBE,20260728,14.5,15.2,14.0,14.43,1101
OSIAHYPER,20260728,2.92,2.98,2.9,2.94,284571
OSWALAGRO,20260728,38.77,40.49,38.15,38.28,13153
OSWALGREEN,20260728,21.5,21.5,20.61,20.76,67067
OSWALPUMPS,20260728,349.05,351.2,343.2,344.65,273085
OSWALSEEDS,20260728,10.24,10.8,10.05,10.43,55798
PACEDIGITK,20260728,197.8,197.95,193.35,193.88,503805
PAGEIND,20260728,40140.0,40465.0,39750.0,40370.0,10031
PAISALO,20260728,70.6,71.65,69.62,71.14,10259626
PAKKA,20260728,70.65,72.18,69.55,69.97,94502
PALASHSECU,20260728,88.2,88.34,85.98,86.59,2341
PALREDTEC,20260728,47.49,47.5,43.0,44.0,3944
PANACEABIO,20260728,428.05,433.95,411.45,414.4,193646
PANACHE,20260728,408.0,420.0,408.0,410.55,959
PANAMAPET,20260728,493.35,493.4,448.1,451.35,289079
PANSARI,20260728,345.05,360.0,340.05,352.85,1951
PAR,20260728,94.35,96.96,93.25,95.37,4769
PARACABLES,20260728,62.86,63.89,61.61,62.22,1171565
PARADEEP,20260728,135.0,140.1,133.05,139.21,4443842
PARAGMILK,20260728,216.1,220.78,214.5,219.87,324581
PARAS,20260728,1219.3,1219.3,1181.0,1186.1,431567
PARASPETRO,20260728,2.23,2.39,1.97,2.39,1326876
PARKHOSPS,20260728,279.7,281.1,277.15,277.65,131549
PARKHOTELS,20260728,122.32,124.5,119.6,119.95,120298
PARSVNATH,20260728,1.89,1.89,1.89,1.89,96918
PASHUPATI,20260728,87.7,87.7,85.5,86.48,26347
PASUPTAC,20260728,57.23,59.0,57.23,58.0,34936
PATANJALI,20260728,348.05,349.3,340.85,342.95,7391469
PATELENG,20260728,27.98,28.01,26.91,27.06,3368739
PATELRMART,20260728,226.0,226.0,219.42,221.63,40108
PATINTLOG,20260728,14.39,14.49,13.85,14.14,22727
PAUSHAKLTD,20260728,577.85,605.0,572.3,582.55,67367
PAVNAIND,20260728,16.78,18.0,16.03,17.55,267436
PAYTM,20260728,1292.5,1322.6,1287.0,1307.9,3215599
PCBL,20260728,327.8,327.8,316.95,318.4,568540
PCJEWELLER,20260728,9.43,9.45,9.18,9.22,155709979
PDMJEPAPER,20260728,96.28,98.98,95.81,96.6,215661
PDSL,20260728,359.15,359.15,347.1,349.7,78878
PEARLPOLY,20260728,17.74,17.75,17.01,17.5,5895
PENIND,20260728,165.0,166.55,163.25,165.2,149929
PENINLAND,20260728,16.08,16.41,16.08,16.41,55684
PERSISTENT,20260728,5335.8,5515.0,5335.8,5428.4,1045445
PETRONET,20260728,272.95,280.0,271.35,277.8,1815030
PFC,20260728,420.0,423.5,417.3,419.9,4699114
PFIZER,20260728,4700.0,4767.3,4652.3,4710.7,119614
PFOCUS,20260728,288.0,291.0,282.06,289.23,302561
PFS,20260728,29.24,29.38,28.71,28.78,354875
PGEL,20260728,578.4,588.55,571.5,585.45,1104930
PGHH,20260728,9039.0,9039.0,8916.5,8973.0,9683
PGHL,20260728,6755.0,6807.5,6660.0,6675.5,6730
PGIL,20260728,2005.1,2026.9,1972.0,1993.4,173791
PHARMABEES,20260728,26.85,26.85,26.61,26.73,2655669
PHOENIXLTD,20260728,2035.1,2045.4,2012.5,2023.2,529554
PICCADIL,20260728,756.65,756.65,730.0,737.85,143417
PIDILITIND,20260728,1625.0,1632.7,1610.5,1619.6,1065976
PIGL,20260728,109.07,110.93,105.5,106.62,44546
PIIND,20260728,2751.0,2751.2,2698.8,2706.6,140120
PILANIINVS,20260728,4335.0,4343.8,4230.0,4240.0,1884
PILITA,20260728,8.9,8.95,8.63,8.78,27433
PINELABS,20260728,149.0,156.25,143.55,152.94,39988745
PIONEEREMB,20260728,23.04,23.44,22.56,22.93,7081
PIONRINV,20260728,96.16,96.16,88.6,88.67,970
PIRAMALFIN,20260728,2048.0,2055.0,1989.7,2005.8,173997
PITTIENG,20260728,928.35,937.2,906.1,914.45,13695
PIXTRANS,20260728,1791.6,1791.6,1740.6,1748.4,9008
PKTEA,20260728,699.8,710.0,680.0,705.05,458
PLASTIBLEN,20260728,192.03,192.16,188.04,190.1,26455
PLATIND,20260728,240.24,247.0,236.12,243.86,92824
PLAZACABLE,20260728,43.47,43.47,41.5,41.98,6522
PML,20260728,488.5,488.95,471.1,472.0,264
PNB,20260728,111.62,112.33,111.18,111.65,15684441
PNBGILTS,20260728,85.81,86.02,83.3,83.8,234108
PNBHOUSING,20260728,1077.0,1086.7,1053.2,1069.4,979913
PNC,20260728,19.6,20.17,19.37,19.81,2236
PNCINFRA,20260728,241.8,241.98,232.77,233.98,290888
PNGJL,20260728,689.0,690.0,649.9,679.35,1583145
PNGSREVA,20260728,417.4,432.75,415.0,423.95,194733
POCL,20260728,523.0,527.4,510.0,513.0,416371
PODDARMENT,20260728,250.1,259.18,243.61,249.65,10049
POKARNA,20260728,934.2,943.0,905.4,923.2,40470
POLICYBZR,20260728,1551.4,1591.9,1546.2,1583.3,693263
POLYCAB,20260728,9061.0,9143.5,9001.0,9121.5,442150
POLYMED,20260728,1670.1,1679.6,1639.0,1647.7,42335
POLYPLEX,20260728,1168.8,1168.8,1136.5,1141.35,34488
PONNIERODE,20260728,311.4,311.4,306.0,307.3,15413
POONAWALLA,20260728,466.9,469.1,458.35,465.85,447458
POWERGRID,20260728,287.3,288.0,283.1,285.3,7118852
POWERICA,20260728,569.0,569.0,543.0,548.15,110405
POWERINDIA,20260728,31450.0,31450.0,30470.0,31130.0,197897
POWERMECH,20260728,2690.0,2699.0,2610.5,2636.1,59173
PPAP,20260728,287.43,289.0,275.3,281.4,21993
PPL,20260728,276.85,277.0,267.0,268.4,16915
PPLPHARMA,20260728,191.75,194.46,187.9,193.43,7171264
PRABHA,20260728,142.5,143.5,139.52,142.72,26623
PRADPME,20260728,512.8,517.9,510.0,514.9,2940
PRAENG,20260728,22.66,22.66,20.75,21.01,48170
PRAJIND,20260728,315.5,316.0,300.8,302.45,1863606
PRAKASH,20260728,125.9,126.34,123.26,123.64,146858
PRAKASHSTL,20260728,4.05,4.12,4.01,4.02,62513
PRAVEG,20260728,298.0,304.9,284.33,285.3,127895
PRAXIS,20260728,6.91,7.2,6.89,6.96,122558
PRECAM,20260728,140.7,140.78,137.8,138.34,49946
PRECOT,20260728,844.5,849.1,802.3,802.3,5750
PRECWIRE,20260728,373.5,373.5,364.0,366.6,112197
PREMCO,20260728,375.95,375.95,362.0,371.7,220
PREMEXPLN,20260728,666.05,677.9,660.65,663.15,255539
PREMIER,20260728,2.9,2.94,2.8,2.8,17459
PREMIERENE,20260728,1036.0,1043.7,1011.5,1016.9,449205
PREMIERPOL,20260728,73.51,78.82,73.5,75.4,365695
PRESTIGE,20260728,1656.8,1689.0,1638.0,1682.3,618576
PRICOLLTD,20260728,665.35,669.0,654.0,665.1,343053
PRIMESECU,20260728,271.0,278.55,271.0,273.6,33288
PRIMO,20260728,22.41,23.0,22.0,22.32,88050
PRINCEPIPE,20260728,267.45,267.5,259.0,259.8,80526
PRITI,20260728,37.97,37.97,36.03,36.19,9461
PRITIKAUTO,20260728,17.65,18.0,17.5,17.58,58853
PRIVISCL,20260728,3655.0,3664.9,3594.1,3629.2,45668
PROSTARM,20260728,124.03,124.03,121.0,121.74,63908
PROTEAN,20260728,623.5,644.0,618.7,623.5,646723
PROZONER,20260728,43.7,44.81,43.3,43.5,40354
PRSMJOHNSN,20260728,109.1,109.26,106.47,106.98,71125
PRUDENT,20260728,2870.0,3120.0,2865.0,3089.5,106125
PRUDMOULI,20260728,13.0,13.48,12.5,12.54,25684
PSB,20260728,23.89,23.99,23.63,23.71,767510
PSPPROJECT,20260728,1050.5,1055.8,1012.3,1022.0,35024
PSUBANK,20260728,83.42,84.9,82.8,83.18,308371
PSUBANKADD,20260728,84.55,85.03,83.55,83.85,107033
PSUBNKBEES,20260728,94.0,94.0,92.54,92.73,1881982
PSUBNKIETF,20260728,84.96,84.96,84.04,84.19,63197
PTC,20260728,166.27,167.16,165.1,165.91,366729
PTCIL,20260728,17854.0,17970.0,17790.0,17874.0,7179
PTL,20260728,39.5,39.79,39.07,39.26,21160
PUNJABCHEM,20260728,1156.1,1179.9,1144.1,1158.2,7260
PURVA,20260728,220.66,220.84,214.35,214.97,72895
PVP,20260728,27.4,28.23,27.01,27.22,460805
PVRINOX,20260728,1122.9,1163.0,1107.0,1118.15,942040
PVSL,20260728,109.0,110.0,107.59,108.44,32985
PVTBANIETF,20260728,27.64,27.7,27.48,27.54,3512754
PVTBANK,20260728,27.5,28.31,27.01,27.31,21303
PVTBANKADD,20260728,27.81,27.99,27.5,27.75,408191
PVTBKGROWW,20260728,27.85,27.85,27.2,27.42,7804
PWL,20260728,124.0,127.75,123.15,124.2,6241445
PYRAMID,20260728,198.6,198.69,181.25,183.06,988550
QGOLDHALF,20260728,118.33,118.33,116.84,117.05,80213
QMSMEDI,20260728,112.69,116.95,110.51,112.55,27654
QNIFTY,20260728,264.4,264.8,263.6,264.19,2459
QPOWER,20260728,1105.6,1114.7,1080.0,1096.6,48359
QUADFUTURE,20260728,358.9,363.75,344.5,345.8,260390
QUAL30IETF,20260728,21.52,21.52,21.12,21.19,70301
QUALITY30,20260728,20.88,20.89,20.74,20.74,2631
QUESS,20260728,295.0,310.0,294.0,303.25,615850
QUICKHEAL,20260728,155.72,161.35,154.5,156.73,64665
QUINT,20260728,39.0,39.0,36.55,37.14,645
RACE,20260728,111.32,111.32,108.0,108.01,2357
RACLGEAR,20260728,1340.1,1340.3,1295.0,1309.4,12840
RADAAN,20260728,2.85,3.34,2.81,3.16,162760
RADHIKAJWE,20260728,67.9,69.89,66.81,68.87,1727266
RADIANTCMS,20260728,36.2,36.84,36.02,36.66,54342
RADICO,20260728,4171.0,4350.0,4080.1,4289.7,1546434
RADIOCITY,20260728,6.89,6.89,6.4,6.66,83061
RAILTEL,20260728,288.55,290.0,284.65,286.55,325567
RAIN,20260728,224.7,224.8,217.4,220.28,2889362
RAINBOW,20260728,1489.5,1489.5,1464.3,1469.5,22597
RAJESHEXPO,20260728,88.01,88.9,86.6,86.85,90926
RAJMET,20260728,3.26,3.38,3.26,3.3,128636
RAJOOENG,20260728,54.0,54.95,51.65,52.13,170565
RAJPALAYAM,20260728,820.0,825.0,805.05,810.55,634
RAJRATAN,20260728,507.0,508.85,480.15,486.45,180773
RAJRILTD,20260728,20.27,20.46,20.26,20.28,5235
RAJSREESUG,20260728,30.7,30.7,29.0,29.34,36581
RAJTV,20260728,11.99,12.0,11.58,11.93,8827
RALLIS,20260728,221.59,221.89,214.85,215.61,1035688
RAMANEWS,20260728,28.53,29.4,28.52,28.77,8191
RAMAPHO,20260728,132.87,132.87,127.13,128.62,32900
RAMASTEEL,20260728,4.23,4.24,4.17,4.21,1315067
RAMBHAJO,20260728,196.5,197.5,185.13,187.26,262234
RAMCOCEM,20260728,913.05,920.9,901.65,908.5,169091
RAMCOIND,20260728,335.15,341.9,330.1,332.05,147146
RAMCOSYS,20260728,607.95,607.95,607.95,607.95,39702
RAMKY,20260728,375.25,378.75,370.0,371.45,20932
RAMRAT,20260728,422.0,443.2,405.1,436.05,802852
RANASUG,20260728,11.97,12.08,11.8,11.94,143690
RANEHOLDIN,20260728,1758.3,1764.3,1737.0,1744.6,8777
RATEGAIN,20260728,900.5,931.5,900.5,908.25,219533
RATNAMANI,20260728,2400.0,2410.8,2350.0,2356.5,19778
RATNAVEER,20260728,202.28,207.79,183.37,186.17,23401716
RAYMOND,20260728,593.95,599.45,571.55,576.8,400617
RAYMONDLSL,20260728,708.45,726.85,700.0,707.25,128761
RAYMONDREL,20260728,660.0,668.25,647.05,662.1,237160
RBA,20260728,68.1,68.1,66.15,66.67,2450390
RBLBANK,20260728,363.0,367.6,361.25,364.9,3630371
RBZJEWEL,20260728,146.49,147.4,141.0,144.86,97634
RCF,20260728,126.01,127.95,125.34,126.3,654433
RCOM,20260728,0.84,0.85,0.83,0.83,1810461
RECLTD,20260728,368.0,372.1,365.25,368.45,4252211
REDINGTON,20260728,277.0,281.0,274.15,278.05,3036387
REDTAPE,20260728,127.99,127.99,126.3,127.22,125282
REFEX,20260728,334.8,334.9,326.3,328.1,423808
REGAAL,20260728,77.58,80.5,76.64,79.76,60454
REGENCERAM,20260728,33.31,34.8,32.8,33.01,1529
RELAXO,20260728,400.1,406.65,390.4,391.95,262351
RELCHEMQ,20260728,130.9,130.9,122.6,124.76,3194
RELIABLE,20260728,140.07,140.78,136.48,136.94,4046
RELIANCE,20260728,1275.0,1279.2,1265.9,1267.7,9312184
RELIGARE,20260728,255.45,256.1,249.95,250.3,293185
RELTD,20260728,174.99,176.5,169.45,174.79,168785
REMSONSIND,20260728,81.0,81.5,78.0,78.6,47812
RENUKA,20260728,21.93,21.93,21.6,21.64,1865205
REPCOHOME,20260728,391.45,392.7,383.8,384.75,55738
REPL,20260728,63.59,65.99,62.32,63.55,2823
REPRO,20260728,372.5,372.5,365.05,369.9,11611
RESPONIND,20260728,175.47,176.87,172.15,172.99,89531
RETAIL,20260728,17.4,17.48,16.7,16.79,1622
RGL,20260728,118.0,118.25,115.77,116.26,105000
RHETAN,20260728,29.53,30.23,29.51,29.52,11864278
RHFL,20260728,1.99,1.99,1.92,1.93,380063
RHIM,20260728,403.1,407.65,390.7,391.85,271988
RHL,20260728,167.8,169.21,166.4,167.13,1824
RICOAUTO,20260728,146.0,150.39,140.56,141.23,2679790
RIIL,20260728,731.45,736.95,725.0,727.15,42879
RIR,20260728,157.99,159.65,154.3,155.23,101951
RISHABH,20260728,624.2,631.1,600.0,602.95,102349
RITCO,20260728,295.15,299.75,289.05,290.5,64841
RITES,20260728,217.0,217.74,213.6,214.29,256955
RKDL,20260728,19.11,19.69,19.01,19.14,17602
RKEC,20260728,26.67,28.0,26.0,26.77,51077
RKFORGE,20260728,626.0,641.0,620.25,630.65,3100372
RKSWAMY,20260728,108.0,108.68,103.15,104.03,44968
RMC,20260728,264.95,264.95,256.0,257.9,31252
RMDRIP,20260728,18.52,18.83,17.87,18.02,3748502
RML,20260728,1154.0,1155.8,1116.5,1126.1,21273
RNBDENIMS,20260728,9.32,9.46,9.1,9.14,159105
ROHLTD,20260728,325.15,333.0,318.1,320.3,11141
ROLEXRINGS,20260728,138.4,139.38,136.92,137.56,587648
ROLLT,20260728,2.31,2.33,2.14,2.25,207696
ROML,20260728,44.2,45.79,44.11,44.62,1784
ROSSARI,20260728,519.0,520.4,503.0,504.3,72315
ROSSELLIND,20260728,58.33,61.94,58.14,59.19,46767
ROSSTECH,20260728,978.55,1006.35,890.0,911.6,1079902
ROTO,20260728,67.11,67.79,65.61,66.0,308615
ROUTE,20260728,540.6,564.65,535.75,551.35,941502
RPEL,20260728,1287.1,1300.0,1251.0,1264.4,32872
RPGLIFE,20260728,2920.0,2924.6,2850.0,2888.7,8327
RPOWER,20260728,23.76,23.8,23.41,23.46,11759749
RPPINFRA,20260728,62.5,63.1,62.01,62.58,10316
RPPL,20260728,22.45,22.45,19.9,20.38,131576
RPSGVENT,20260728,898.7,908.9,895.0,896.8,14868
RPTECH,20260728,808.75,810.0,773.2,785.3,345314
RRIL,20260728,16.16,17.8,16.16,17.38,21453
RRKABEL,20260728,2750.0,2775.0,2516.5,2576.9,3862524
RSDFIN,20260728,74.0,88.87,65.6,77.69,638
RSL,20260728,133.94,140.5,133.83,139.45,415920
RSSOFTWARE,20260728,31.6,32.6,31.01,31.28,14305
RSWM,20260728,211.58,218.0,211.58,215.43,28929
RSYSTEMS,20260728,253.0,262.7,252.85,254.2,514825
RTNINDIA,20260728,32.28,32.28,31.5,31.58,446215
RTNPOWER,20260728,8.7,8.7,8.45,8.51,8695044
RUBFILA,20260728,71.01,72.9,71.01,72.06,12110
RUBICON,20260728,1570.7,1589.7,1530.0,1535.6,198618
RUBYMILLS,20260728,397.55,409.8,386.0,390.1,6648
RUCHINFRA,20260728,6.1,6.1,5.87,5.88,12568
RUCHIRA,20260728,111.8,111.85,108.36,109.92,29087
RUDRA,20260728,18.0,18.0,17.55,17.62,44360
RUPA,20260728,163.2,164.51,162.0,162.3,53901
RUSHIL,20260728,17.64,18.9,17.46,18.4,5820010
RUSTOMJEE,20260728,409.6,413.25,406.4,409.45,12723
RVHL,20260728,45.89,46.0,45.23,45.25,4869
RVNL,20260728,224.49,224.49,220.16,221.34,3463190
RVTH,20260728,709.5,746.85,702.0,718.6,116
S&SPOWER,20260728,353.0,353.0,323.0,324.85,1632
SAATVIKGL,20260728,445.5,445.5,436.0,437.85,41198
SABEVENTS,20260728,6.93,6.93,6.93,6.93,1569
SADBHAV,20260728,8.4,9.14,8.4,9.14,526851
SADBHIN,20260728,2.35,2.35,2.27,2.29,89478
SADHNANIQ,20260728,2.64,2.7,2.64,2.66,1472397
SAFARI,20260728,1606.5,1606.5,1548.7,1559.6,13746
SAGARDEEP,20260728,24.46,25.53,24.46,24.6,1535
SAGCEM,20260728,172.0,179.0,171.12,178.27,175123
SAGILITY,20260728,43.17,44.35,42.75,43.16,51303654
SAHLIBHFI,20260728,78.2,79.8,77.0,79.78,7532
SAHYADRI,20260728,293.0,315.0,288.1,303.65,18599
SAIL,20260728,162.62,167.3,160.02,165.85,22209978
SAILIFE,20260728,1287.0,1305.5,1272.7,1300.5,391243
SAIPARENT,20260728,559.75,561.4,542.8,547.4,62554
SAKAR,20260728,835.65,857.0,817.6,846.9,148264
SAKHTISUG,20260728,17.28,17.36,16.8,16.86,38637
SAKSOFT,20260728,165.12,168.0,160.86,162.47,1296756
SAKUMA,20260728,1.67,1.68,1.63,1.66,636974
SALASAR,20260728,5.95,5.97,5.88,5.89,1764773
SALONA,20260728,245.0,254.85,243.0,245.7,3746
SALSTEEL,20260728,62.0,62.0,59.54,61.06,135202
SALZERELEC,20260728,575.4,576.35,561.0,562.45,35038
SAMBHAAV,20260728,6.58,6.58,6.19,6.29,38619
SAMBHV,20260728,121.69,122.0,119.5,119.79,811161
SAMHI,20260728,178.86,180.69,174.65,176.36,394588
SAMMAANCAP,20260728,164.85,164.85,161.25,163.27,4504309
SAMPANN,20260728,27.64,28.4,27.0,27.25,11169
SANATHAN,20260728,478.0,494.5,472.0,476.05,31991
SANDESH,20260728,973.0,973.0,966.0,973.0,139
SANDHAR,20260728,600.0,600.0,582.0,584.85,86306
SANDUMA,20260728,198.0,203.2,196.48,201.55,680556
SANGAMIND,20260728,611.5,612.55,599.05,602.35,31132
SANGHVIMOV,20260728,450.0,451.95,434.2,436.45,147193
SANGINITA,20260728,64.11,64.11,64.11,64.11,48972
SANOFI,20260728,3370.0,3400.0,3354.7,3363.2,8539
SANOFICONR,20260728,4685.2,4789.3,4652.1,4707.2,84199
SANSERA,20260728,3274.4,3277.0,3171.2,3177.2,131491
SANSTAR,20260728,117.0,117.01,110.49,111.24,236433
SANWARIA,20260728,0.21,0.21,0.2,0.2,295135
SAPPHIRE,20260728,187.99,188.63,183.0,184.23,513149
SAPPL,20260728,299.1,299.15,299.1,299.1,35
SARDAEN,20260728,513.0,524.25,508.6,510.2,505281
SAREGAMA,20260728,514.45,531.0,508.1,524.25,1374091
SARLAPOLY,20260728,100.0,101.0,98.41,98.64,36859
SARVESHWAR,20260728,3.38,3.45,3.3,3.35,991001
SASKEN,20260728,1814.1,1855.8,1728.1,1742.2,59055
SATIA,20260728,62.25,63.39,60.1,60.54,177750
SATIN,20260728,261.01,266.0,254.41,259.6,615587
SAURASHCEM,20260728,57.88,58.06,56.12,57.09,48673
SAYAJIHOTL,20260728,284.65,298.0,284.65,284.65,43
SBC,20260728,42.2,42.29,42.01,42.04,7044001
SBCL,20260728,742.25,746.85,719.0,729.7,130967
SBFC,20260728,90.8,90.89,88.56,90.26,4789879
SBGLP,20260728,24.6,25.49,24.58,25.14,14112
SBIBPB,20260728,48.76,48.76,47.75,48.0,44077
SBICARD,20260728,645.25,666.75,644.95,654.9,2161968
SBIETFCON,20260728,122.62,123.99,122.48,122.81,7253
SBIETFIT,20260728,331.94,339.88,326.15,337.64,45366
SBIETFPB,20260728,281.18,284.9,277.72,278.52,1979
SBIETFQLTY,20260728,223.05,224.1,222.18,223.06,1547
SBIFUNDS,20260728,584.0,586.3,574.3,576.35,3273086
SBILIFE,20260728,1865.0,1893.5,1860.5,1889.1,850030
SBILIQETF,20260728,1049.34,1049.34,1049.32,1049.32,152012
SBIMIDMOM,20260728,62.74,62.79,61.65,62.14,12071
SBIN,20260728,1018.0,1022.0,1008.3,1013.2,9873370
SBINEQWETF,20260728,33.36,33.53,33.06,33.44,9496
SBINMID150,20260728,22.95,23.25,22.91,22.98,4108
SBISILVER,20260728,216.3,216.3,211.13,211.43,1105939
SBISMLETF,20260728,18.02,18.05,17.69,17.83,44778
SBIVALETF,20260728,14.82,14.89,14.8,14.85,3090
SCANSTL,20260728,48.28,52.0,47.53,50.51,374679
SCHAEFFLER,20260728,4185.0,4188.8,4082.0,4144.6,66949
SCHAND,20260728,149.4,149.7,145.63,146.74,9754
SCHNEIDER,20260728,1348.0,1355.5,1305.2,1332.7,181482
SCI,20260728,285.0,285.5,277.5,278.9,1467397
SCILAL,20260728,42.75,42.75,41.32,41.47,190509
SCODATUBES,20260728,147.73,151.5,146.0,146.8,179542
SCPL,20260728,599.3,599.3,573.75,578.75,21098
SDBL,20260728,71.98,72.14,70.3,70.59,460644
SEAMECLTD,20260728,1411.2,1449.0,1403.5,1438.8,31576
SECMARK,20260728,130.0,130.0,122.4,123.77,7464
SECURKLOUD,20260728,17.93,18.0,17.57,17.92,3928
SEDEMAC,20260728,2778.3,2815.4,2675.8,2705.4,113774
SEIL,20260728,205.0,205.0,200.34,200.76,84074
SEJALLTD,20260728,774.9,778.75,740.0,762.35,10922
SELECTIPO,20260728,46.01,46.41,45.99,46.34,66527
SELMC,20260728,28.23,28.6,27.24,27.41,5921
SEMAC,20260728,321.5,321.5,321.5,321.5,3
SENCO,20260728,420.9,420.9,408.2,418.65,3081645
SENORES,20260728,1408.3,1414.8,1287.9,1323.9,1164703
SENSEXADD,20260728,79.12,79.47,78.94,78.94,4507
SENSEXAXIS,20260728,80.48,80.48,78.61,79.37,961
SENSEXBETA,20260728,851.18,853.86,845.0,846.8,1380
SENSEXETF,20260728,79.23,79.47,79.1,79.3,18868
SENSEXIETF,20260728,876.51,885.08,876.51,882.49,5196
SEPC,20260728,6.05,6.05,5.78,5.87,11845860
SERVOTECH,20260728,95.6,95.6,92.85,93.05,531491
SESHAPAPER,20260728,238.01,239.07,232.0,235.28,115093
SETCO,20260728,17.99,17.99,17.81,17.9,27921
SETF10GILT,20260728,266.5,267.48,264.16,266.55,768
SETFGOLD,20260728,121.8,121.8,120.12,120.52,2242175
SETFNIF50,20260728,258.68,258.99,257.94,258.51,536865
SETFNIFBK,20260728,585.0,586.04,582.48,583.17,68740
SETFNN50,20260728,781.17,781.49,772.01,773.24,13191
SETL,20260728,282.8,284.0,268.7,269.7,394999
SETUINFRA,20260728,0.43,0.43,0.41,0.43,28454
SEYAIND,20260728,12.2,12.42,12.0,12.42,2112
SFL,20260728,773.0,776.1,752.75,764.75,93516
SGFIN,20260728,692.0,700.0,666.15,673.55,329353
SGIL,20260728,609.0,609.0,595.0,600.95,6992
SGL,20260728,9.86,10.08,9.63,9.72,5393
SGMART,20260728,715.15,724.35,709.05,711.55,169131
SHADOWFAX,20260728,211.4,211.47,202.72,207.52,8208103
SHAH,20260728,4.51,4.58,4.07,4.1,13422373
SHAHALLOYS,20260728,66.5,67.79,66.0,66.03,663
SHAILY,20260728,3049.9,3069.1,2975.1,3051.8,191372
SHAKTIPUMP,20260728,530.5,534.8,513.0,518.85,663486
SHALBY,20260728,164.0,167.6,160.2,161.14,39398
SHALPAINTS,20260728,70.29,72.45,66.4,67.7,322386
SHANKARA,20260728,140.87,143.0,138.72,141.33,63932
SHANTI,20260728,7.09,7.09,6.7,6.89,26040
SHANTIGEAR,20260728,419.0,420.6,415.5,419.95,57083
SHANTIGOLD,20260728,220.0,220.0,215.0,216.09,577880
SHARDACROP,20260728,889.0,892.2,874.5,877.0,67560
SHARDAMOTR,20260728,836.2,836.2,826.0,830.5,11046
SHARDUL,20260728,48.39,48.39,48.39,48.39,2172
SHAREINDIA,20260728,186.2,187.06,178.19,179.21,783448
SHARIABEES,20260728,463.85,466.79,460.17,462.52,22619
SHBAJRG,20260728,184.26,184.89,179.2,184.4,2008
SHEKHAWATI,20260728,12.88,13.18,12.11,12.6,6882
SHEMAROO,20260728,118.97,119.5,117.0,117.36,5245
SHILCTECH,20260728,4407.1,4453.0,4340.0,4423.7,15797
SHILPAMED,20260728,625.0,625.25,600.55,605.2,434497
SHINDL,20260728,159.99,162.49,158.0,160.42,138187
SHIVALIK,20260728,264.85,275.0,255.0,257.48,33413
SHIVAMAUTO,20260728,17.74,17.74,17.74,17.74,20211
SHIVAMILLS,20260728,58.0,61.85,56.6,60.05,1119
SHIVATEX,20260728,158.18,160.0,151.51,152.63,3074
SHIVAUM,20260728,400.0,427.15,385.0,427.15,19308
SHK,20260728,150.48,150.48,142.0,143.97,416488
SHOPERSTOP,20260728,385.85,392.85,380.55,384.15,18279
SHRADHA,20260728,34.75,34.9,33.7,34.47,20991
SHREDIGCEM,20260728,73.0,73.99,72.75,73.33,99647
SHREECEM,20260728,26755.0,27050.0,26680.0,26875.0,15715
SHREEJISPG,20260728,632.8,637.2,614.5,615.85,447409
SHREEPUSHK,20260728,386.7,395.6,382.0,393.9,20003
SHREERAMA,20260728,39.75,40.95,37.62,38.05,102008
SHRENIK,20260728,0.34,0.34,0.32,0.33,747907
SHREYANIND,20260728,141.0,145.5,141.0,141.53,5323
SHRIKRISH,20260728,40.98,41.0,39.5,40.12,691
SHRINGARMS,20260728,220.9,221.86,216.41,219.7,465689
SHRIPISTON,20260728,4231.0,4288.1,4200.0,4270.3,48623
SHRIRAMFIN,20260728,1045.0,1049.9,1036.4,1040.9,7160194
SHRIRAMPPS,20260728,85.48,88.15,84.0,86.96,586425
SHYAMCENT,20260728,5.2,5.25,4.96,5.07,48150
SHYAMMETL,20260728,1044.9,1044.9,1019.9,1027.0,112640
SHYAMTEL,20260728,15.93,16.0,15.93,16.0,474
SICAGEN,20260728,50.94,51.74,47.5,49.31,14744
SICALLOG,20260728,105.0,107.01,100.06,107.01,73288
SIEMENS,20260728,3700.0,3712.9,3620.0,3681.0,337464
SIGACHI,20260728,25.43,25.55,25.43,25.43,519833
SIGIND,20260728,45.75,46.71,45.0,45.78,4475
SIGMA,20260728,37.93,38.45,37.2,37.55,37681
SIGMAADV,20260728,576.6,576.6,576.6,576.6,61609
SIGNATURE,20260728,791.0,811.55,791.0,800.3,348592
SIGNPOST,20260728,305.85,317.7,302.1,304.8,107809
SIKA,20260728,1122.0,1149.2,1100.7,1120.8,19917
SIKKO,20260728,5.25,5.4,5.0,5.02,980724
SIL,20260728,16.22,16.49,15.87,16.4,15126
SILGO,20260728,73.79,74.68,69.0,71.93,125523
SILINV,20260728,415.5,420.6,410.1,414.25,1185
SILLYMONKS,20260728,16.79,16.8,16.11,16.6,6294
SILVER,20260728,218.94,218.94,215.01,215.49,1083037
SILVER1,20260728,21.95,21.95,20.9,20.94,4387961
SILVER360,20260728,216.9,216.9,212.5,212.99,18117
SILVERADD,20260728,210.04,210.05,207.11,207.79,166792
SILVERAG,20260728,211.56,212.33,209.94,210.41,152230
SILVERAXIS,20260728,216.35,217.07,214.0,214.56,248545
SILVERBEES,20260728,208.37,208.6,206.0,206.2,22757754
SILVERBETA,20260728,212.51,212.51,208.0,208.28,732079
SILVERBND,20260728,219.29,219.29,216.0,216.85,4886
SILVERCASE,20260728,22.35,22.35,21.83,21.88,7810754
SILVERIETF,20260728,219.99,219.99,215.0,215.28,2953720
SILVERTUC,20260728,203.9,209.8,201.63,204.66,342455
SIMBHALS,20260728,6.73,6.79,6.6,6.61,7410
SIMPLEXINF,20260728,235.0,237.95,233.9,235.9,15450
SINCLAIR,20260728,74.0,74.69,73.12,73.58,14075
SINDHUTRAD,20260728,24.82,25.4,24.78,25.05,565711
SINGERIND,20260728,66.8,66.8,65.0,65.31,17908
SINTERCOM,20260728,81.0,87.0,81.0,84.5,19630
SIRCA,20260728,401.2,401.9,386.05,391.3,388878
SIS,20260728,436.55,436.55,429.05,430.5,84526
SITINET,20260728,0.32,0.33,0.31,0.31,874247
SIYSIL,20260728,630.0,631.9,616.0,619.6,27311
SJS,20260728,2423.0,2439.9,2299.2,2355.6,207559
SJVN,20260728,68.09,68.3,67.56,67.65,1128657
SKFINDIA,20260728,1481.4,1484.8,1463.6,1469.4,18747
SKFINDUS,20260728,2741.1,2745.7,2702.1,2731.8,8535
SKIPPER,20260728,520.65,520.65,503.3,505.25,404879
SKMEGGPROD,20260728,316.0,317.3,262.2,270.5,2358044
SKYGOLD,20260728,671.95,680.0,665.0,668.5,392375
SMALL250,20260728,17.94,17.94,17.75,17.81,258197
SMALLADD,20260728,17.97,17.97,17.81,17.87,30245
SMALLCAP,20260728,47.41,47.41,46.31,46.64,2028756
SMALLGROWW,20260728,47.4,47.4,46.48,46.8,4283
SMALLIETF,20260728,17.86,18.38,17.74,17.81,65967
SMARTLINK,20260728,211.0,215.0,201.05,209.52,2502
SMARTWORKS,20260728,491.95,495.0,476.4,478.95,264954
SMCGLOBAL,20260728,75.16,80.9,75.01,79.87,1051131
SML100CASE,20260728,10.95,10.95,10.8,10.85,461943
SMLMAH,20260728,3907.7,3910.0,3771.3,3805.0,65705
SMLT,20260728,67.5,68.25,66.15,66.26,2559
SMSPHARMA,20260728,391.9,391.9,379.3,380.75,102761
SNOWMAN,20260728,36.3,36.98,35.96,36.06,52869
SNXT30BEES,20260728,42.1,42.5,42.1,42.21,2063
SNXT50BETA,20260728,94.8,94.8,93.81,94.01,2015
SOBHA,20260728,1361.0,1371.2,1340.0,1344.4,113072
SOFTTECH,20260728,411.8,413.6,411.8,413.6,1367
SOLARA,20260728,504.35,509.0,495.2,507.0,193855
SOLARINDS,20260728,18628.0,18684.0,18103.0,18244.0,103577
SOLARWORLD,20260728,199.8,200.79,195.2,198.12,73667
SOLEX,20260728,935.1,942.5,910.0,912.1,20048
SOMANYCERA,20260728,488.65,493.45,476.1,479.3,47627
SOMATEX,20260728,100.57,100.57,95.05,96.25,18154
SOMICONVEY,20260728,96.1,98.58,96.1,96.96,4651
SONACOMS,20260728,722.0,723.75,707.0,713.0,1889106
SONAL,20260728,90.08,90.08,88.28,88.28,17
SONAMLTD,20260728,56.91,56.99,54.4,55.67,12604
SONATSOFTW,20260728,294.25,307.0,294.25,297.65,2644423
SOTL,20260728,650.0,655.9,613.1,619.65,246684
SOUTHBANK,20260728,48.0,48.04,47.02,47.13,7738124
SOUTHWEST,20260728,235.0,235.57,224.76,226.61,107757
SPAL,20260728,1009.2,1020.0,942.3,986.2,153654
SPANDANA,20260728,274.0,274.0,265.0,266.95,188750
SPARC,20260728,214.88,215.06,207.41,208.96,918663
SPCENET,20260728,3.49,3.49,3.32,3.33,774838
SPECIALITY,20260728,130.2,134.0,128.62,133.81,25785
SPECTRUM,20260728,2203.1,2460.0,2185.0,2357.3,264970
SPENCERS,20260728,33.62,33.62,32.21,32.86,51646
SPIC,20260728,66.09,66.64,65.31,65.55,153744
SPLIL,20260728,31.01,31.16,30.3,30.47,2296
SPLPETRO,20260728,783.0,783.8,735.25,740.4,1380090
SPMLINFRA,20260728,197.25,199.34,193.1,194.0,118148
SPORTKING,20260728,216.49,217.15,208.55,214.98,175680
SRD,20260728,37.63,37.8,37.01,37.23,5558
SREEL,20260728,225.0,225.0,215.35,216.33,6460
SRF,20260728,2656.6,2659.2,2611.0,2633.4,336758
SRGHFL,20260728,312.95,317.1,303.1,311.6,22049
SRHHYPOLTD,20260728,490.8,493.9,480.2,483.0,4437
SRM,20260728,511.9,513.5,500.55,506.15,30671
SRTL,20260728,40.87,40.87,39.8,40.07,35726
SSDL,20260728,52.93,53.94,52.72,52.85,6582
SSWL,20260728,294.2,300.2,291.0,294.92,771203
STALLION,20260728,256.8,257.86,246.0,249.69,2102738
STANLEY,20260728,155.29,156.53,154.71,154.92,46676
STAR,20260728,1036.6,1064.0,1036.6,1041.7,89685
STARCEMENT,20260728,204.05,204.31,201.75,202.01,82509
STARHEALTH,20260728,590.6,592.05,579.05,584.0,354375
STARPAPER,20260728,152.28,152.28,145.3,147.21,12342
STARTECK,20260728,265.0,278.8,264.9,267.95,10394
STCINDIA,20260728,118.9,119.8,117.4,117.61,14043
STEELCAS,20260728,310.0,312.45,298.8,300.25,47683
STEELCITY,20260728,75.88,75.88,74.0,75.08,2560
STEELXIND,20260728,11.69,11.75,11.1,11.2,1003245
STEL,20260728,564.6,565.0,550.05,553.4,1982
STERTOOLS,20260728,242.55,242.55,237.26,238.51,5073
STLNETWORK,20260728,25.71,25.8,24.43,24.43,571169
STLTECH,20260728,538.0,539.0,527.65,530.05,2448534
STOVEKRAFT,20260728,804.8,815.0,787.6,796.7,134819
STUDDS,20260728,444.0,446.75,440.0,440.95,16943
STYL,20260728,359.4,362.0,342.05,343.35,118453
STYLAMIND,20260728,3428.0,3565.7,3376.0,3407.3,98418
STYLEBAAZA,20260728,274.9,280.75,270.0,271.6,76220
STYRENIX,20260728,2515.0,2520.0,2425.0,2441.6,46449
SUBEXLTD,20260728,12.11,12.54,12.0,12.15,673565
SUBROS,20260728,788.0,788.0,775.1,777.15,13393
SUDARCOLOR,20260728,360.15,360.15,354.0,355.3,4036
SUDARSCHEM,20260728,1056.0,1060.0,1021.15,1032.35,268978
SUDEEPPHRM,20260728,864.0,891.9,859.0,861.8,325976
SUKHJITS,20260728,168.8,172.5,165.0,170.13,23368
SULA,20260728,150.51,161.3,150.01,157.76,670672
SUMEETINDS,20260728,25.98,25.98,25.98,25.98,49103
SUMICHEM,20260728,540.5,540.5,522.6,528.4,821174
SUMIT,20260728,53.89,53.89,50.5,52.15,6546
SUMMITSEC,20260728,1510.0,1511.9,1473.1,1479.8,840
SUNCLAY,20260728,1418.0,1454.0,1262.0,1305.8,130074
SUNDARAM,20260728,1.27,1.32,1.26,1.28,400197
SUNDARMFIN,20260728,4416.8,4450.5,4343.1,4422.1,40051
SUNDRMBRAK,20260728,787.5,788.0,770.0,775.95,432
SUNDRMFAST,20260728,963.0,975.45,950.0,953.75,44006
SUNDROP,20260728,685.0,685.0,671.6,674.0,24591
SUNFLAG,20260728,367.0,367.0,353.05,355.1,97058
SUNPHARMA,20260728,1978.8,1993.0,1970.9,1976.7,4579529
SUNTECK,20260728,309.95,311.65,306.0,307.05,183527
SUNTV,20260728,489.0,495.7,488.0,490.45,672656
SUPERHOUSE,20260728,160.0,160.7,157.15,157.93,6449
SUPERSPIN,20260728,5.72,5.72,5.71,5.71,43119
SUPRAJIT,20260728,492.0,494.5,485.0,487.15,29547
SUPREME,20260728,44.61,44.7,43.1,43.72,24794
SUPREMEENG,20260728,1.98,1.98,1.98,1.98,88853
SUPREMEIND,20260728,3320.0,3492.8,3297.0,3395.4,704099
SUPREMEINF,20260728,80.2,81.81,78.32,78.7,31047
SUPRIYA,20260728,850.0,850.9,824.3,830.1,92852
SURAJEST,20260728,196.69,196.69,193.0,193.78,10848
SURAJLTD,20260728,225.0,226.66,222.97,223.43,1591
SURAKSHA,20260728,252.35,252.6,248.0,248.85,10898
SURANASOL,20260728,28.3,28.42,26.65,26.83,118981
SURANAT&P,20260728,18.13,18.47,17.9,18.07,25063
SURYALA,20260728,429.85,430.0,420.0,422.2,1266
SURYALAXMI,20260728,58.32,58.61,57.0,57.9,3886
SURYAROSNI,20260728,239.05,243.2,236.25,239.35,232829
SURYODAY,20260728,184.0,184.43,164.17,165.68,6673624
SUTLEJTEX,20260728,38.15,39.4,38.0,38.0,16206
SUVEN,20260728,311.65,313.5,290.5,294.15,1103601
SUVIDHAA,20260728,2.42,2.55,2.42,2.5,60622
SUYOG,20260728,884.75,892.0,866.85,889.1,17750
SUZLON,20260728,53.15,53.2,47.84,48.02,224762106
SVLL,20260728,757.5,769.0,757.5,760.0,2063
SVPGLOB,20260728,3.72,3.98,3.61,3.78,49348
SWANCORP,20260728,311.0,317.2,308.1,309.0,834383
SWANDEF,20260728,2467.9,2467.9,2331.1,2408.3,9971
SWARAJENG,20260728,3604.9,3609.0,3551.0,3558.4,6324
SWELECTES,20260728,608.45,610.0,599.85,601.9,5086
SWIGGY,20260728,257.9,273.0,256.35,268.47,35649183
SWSOLAR,20260728,209.0,209.75,205.34,206.39,683500
SYMPHONY,20260728,678.0,695.0,678.0,688.55,63446
SYNCOMF,20260728,13.11,13.24,12.86,12.94,866854
SYNGENE,20260728,414.0,414.25,404.6,409.15,727739
SYRMA,20260728,1317.7,1319.8,1270.5,1306.0,832973
SYSTMTXC,20260728,59.2,61.3,57.0,57.45,5218
TAALTECH,20260728,3981.3,3989.9,3882.1,3925.1,1639
TAINWALCHM,20260728,206.8,207.98,196.37,199.81,4556
TAJGVK,20260728,358.45,365.75,356.0,360.05,101439
TAKE,20260728,20.8,20.9,20.1,20.63,969429
TALBROAUTO,20260728,386.85,396.05,380.7,394.65,123175
TAMBOLIIN,20260728,222.9,225.0,211.55,218.0,37477
TANLA,20260728,588.45,609.8,582.25,597.5,1602858
TARACHAND,20260728,54.6,55.48,53.3,54.19,53255
TARAPUR,20260728,17.53,18.1,17.01,17.12,39277
TARC,20260728,133.3,134.46,130.25,130.88,295849
TARIL,20260728,302.5,302.5,294.25,295.6,894252
TARMAT,20260728,51.5,51.5,50.3,50.42,1985
TARSONS,20260728,323.95,325.0,306.45,310.95,80119
TASTYBITE,20260728,8918.0,9088.0,8841.0,9018.0,2339
TATACAP,20260728,353.0,357.95,348.45,354.95,2217141
TATACHEM,20260728,689.25,695.0,670.0,674.3,1062773
TATACOMM,20260728,1735.2,1784.2,1727.8,1764.5,427084
TATACONSUM,20260728,1108.0,1115.9,1078.2,1082.1,1500024
TATAELXSI,20260728,3560.6,3629.9,3560.6,3581.8,685420
TATAGOLD,20260728,13.86,13.86,13.51,13.74,29249790
TATAINVEST,20260728,649.95,659.45,648.45,654.3,192864
TATAPOWER,20260728,382.0,383.5,367.85,371.35,9124123
TATASTEEL,20260728,184.31,185.14,182.01,182.63,19135253
TATATECH,20260728,717.0,754.0,717.0,738.6,2168933
TATSILV,20260728,21.37,21.37,20.9,20.94,52098297
TATVA,20260728,1817.1,1820.0,1675.0,1718.2,201897
TBOTEK,20260728,1516.0,1526.9,1490.5,1508.6,139216
TBZ,20260728,282.39,293.9,271.72,291.1,4091175
TCC,20260728,269.9,271.85,260.45,262.3,36469
TCI,20260728,928.0,935.2,920.0,921.05,10336
TCIEXP,20260728,561.35,561.4,541.15,548.4,17409
TCIFINANCE,20260728,14.87,15.45,14.42,14.79,35644
TCPLPACK,20260728,3211.9,3279.9,3168.2,3234.6,2905
TCS,20260728,2325.0,2417.4,2323.0,2398.0,8248513
TDPOWERSYS,20260728,1140.0,1140.0,1090.4,1114.8,661901
TEAMGTY,20260728,244.5,244.5,220.2,222.82,427
TEAMLEASE,20260728,1309.9,1313.9,1289.0,1300.5,25330
TECH,20260728,32.53,33.56,32.53,33.25,370593
TECHM,20260728,1599.0,1643.9,1595.8,1635.2,5082959
TECHNOE,20260728,997.9,1006.9,990.4,991.9,60685
TECHNVISN,20260728,4702.6,4818.0,4650.1,4793.6,1081
TECILCHEM,20260728,9.99,10.16,9.6,10.09,13579
TEGA,20260728,1525.0,1549.1,1496.0,1501.0,240197
TEJASNET,20260728,503.9,505.0,491.95,494.3,1736606
TEMBO,20260728,550.0,584.5,535.0,561.2,582906
TENNIND,20260728,543.6,543.6,525.95,526.9,645288
TERASOFT,20260728,391.0,396.75,385.2,387.7,8972
TEXINFRA,20260728,112.85,114.9,112.63,114.41,100575
TEXMOPIPES,20260728,43.4,44.0,42.05,43.19,20907
TEXRAIL,20260728,112.82,113.02,109.12,109.71,1043317
TFCILTD,20260728,94.95,98.0,94.8,97.04,33454183
TFL,20260728,11.28,11.28,10.61,11.04,9081
TGBHOTELS,20260728,9.08,10.14,8.73,9.69,242476
THACKER,20260728,1011.0,1011.0,1011.0,1011.0,6
THAKDEV,20260728,152.95,152.95,152.95,152.95,103
THANGAMAYL,20260728,7346.0,7430.0,7100.0,7168.5,225099
THEINVEST,20260728,96.89,96.89,92.0,96.03,5083
THEJO,20260728,1920.9,1929.8,1880.0,1901.9,4272
THELEELA,20260728,478.0,479.6,473.65,475.6,80082
THEMISMED,20260728,106.51,111.51,105.16,105.78,34271
THERMAX,20260728,4460.0,4531.5,4384.0,4416.5,108819
THOMASCOOK,20260728,98.91,99.77,97.21,97.88,402771
THOMASCOTT,20260728,317.1,319.35,296.8,298.35,34449
THYROCARE,20260728,587.5,597.65,575.2,579.7,656770
TI,20260728,438.75,448.15,425.3,444.1,1334669
TICL,20260728,9.25,9.45,9.0,9.23,73725
TIGERLOGS,20260728,31.85,32.39,30.65,31.13,25644
TIIL,20260728,2593.0,2625.0,2561.0,2572.2,7394
TIINDIA,20260728,2849.3,2891.4,2779.6,2825.3,312172
TIJARIA,20260728,4.47,4.68,4.33,4.59,220388
TIL,20260728,213.36,235.8,210.61,232.75,931391
TIMETECHNO,20260728,206.6,212.8,204.9,210.75,5620538
TIMEX,20260728,561.8,575.0,561.15,566.7,275138
TIMKEN,20260728,3132.5,3144.1,3068.8,3075.6,22846
TINNARUBR,20260728,1143.9,1145.95,1090.1,1103.6,78339
TIPSFILMS,20260728,377.25,377.25,352.4,360.35,23370
TIPSMUSIC,20260728,709.1,715.4,689.5,691.95,227863
TIRUMALCHM,20260728,172.5,176.0,170.8,172.46,338748
TIRUPATIFL,20260728,75.31,75.68,71.96,73.34,195860
TITAGARH,20260728,816.0,820.2,807.0,810.4,174928
TITAN,20260728,4750.0,4860.0,4712.9,4849.7,1321587
TMB,20260728,900.0,908.8,857.6,880.8,2559460
TMCV,20260728,411.1,417.7,410.2,416.7,5957500
TMPV,20260728,327.0,327.35,322.8,324.4,6650930
TNIDETF,20260728,85.85,87.82,85.25,87.62,223744
TNPETRO,20260728,94.23,97.05,93.46,93.88,74248
TNPL,20260728,156.0,157.56,150.45,150.84,262857
TNTELE,20260728,9.25,9.55,9.02,9.2,34826
TOKYOPLAST,20260728,81.99,81.99,77.32,77.38,3074
TOLINS,20260728,103.6,104.3,102.0,102.3,17588
TOP100CASE,20260728,10.4,10.67,10.4,10.51,467794
TOP10ADD,20260728,87.26,87.88,87.2,87.31,140997
TOP15IETF,20260728,9.89,9.89,9.82,9.82,44013
TOP20,20260728,9.08,9.08,8.87,8.87,118574
TORNTPHARM,20260728,5020.1,5040.0,4866.0,4898.3,549152
TORNTPOWER,20260728,1441.0,1446.5,1429.1,1431.8,291670
TOTAL,20260728,48.99,49.48,48.15,49.14,4230
TOUCHWOOD,20260728,66.66,67.99,65.66,65.79,2108
TPHQ,20260728,0.44,0.45,0.41,0.41,1682534
TPLPLASTEH,20260728,78.56,79.25,78.25,78.45,105805
TRACXN,20260728,29.6,30.05,29.54,29.6,88249
TRANSPEK,20260728,1101.05,1118.9,1052.65,1065.15,7661
TRANSRAILL,20260728,484.0,488.95,480.15,481.1,214248
TRANSWORLD,20260728,165.0,165.0,159.11,161.12,5159
TRAVELFOOD,20260728,1276.4,1312.0,1270.4,1288.3,14681
TREEHOUSE,20260728,6.26,6.47,6.26,6.34,26631
TREJHARA,20260728,131.4,139.98,131.4,137.26,2820
TREL,20260728,24.03,24.65,23.9,23.96,38760
TRENT,20260728,2938.3,2945.3,2908.8,2930.7,514388
TRF,20260728,233.84,236.7,227.0,227.8,39745
TRIDENT,20260728,25.15,25.19,24.75,24.78,3638564
TRIGYN,20260728,53.95,54.55,53.02,53.89,13344
TRITURBINE,20260728,615.55,620.25,604.1,609.35,411838
TRIVENI,20260728,235.9,237.0,228.05,228.75,732831
TRU,20260728,4.99,4.99,4.67,4.69,178629
TRUALT,20260728,424.6,430.8,411.0,419.15,359987
TSFINV,20260728,436.6,453.15,427.45,446.55,82739
TTKHLTCARE,20260728,1055.0,1097.25,1038.0,1048.15,18952
TTKPRESTIG,20260728,656.0,742.9,644.2,702.25,11906234
TTL,20260728,6.27,6.39,6.11,6.16,48755
TTML,20260728,38.53,41.16,38.53,38.98,3274241
TURTLEMINT,20260728,124.88,125.83,120.12,121.84,664064
TVSELECT,20260728,490.5,499.45,482.0,484.25,35399
TVSHLTD,20260728,14751.0,14939.0,14653.0,14754.0,5737
TVSMOTOR,20260728,3855.0,4001.4,3852.0,3993.5,2042411
TVSSCS,20260728,137.24,137.68,135.3,135.6,171624
TVSSRICHAK,20260728,3976.5,4013.8,3976.0,3989.7,1605
TVTODAY,20260728,117.01,118.31,115.0,115.97,25940
TVVISION,20260728,4.75,4.75,4.65,4.69,4237
TWCGOLDETF,20260728,142.0,142.0,140.59,140.88,2402
UBL,20260728,1437.7,1449.3,1427.0,1434.7,134464
UCAL,20260728,118.25,119.5,116.0,116.47,6895
UCOBANK,20260728,26.7,27.02,26.4,26.67,8710410
UDS,20260728,205.1,209.68,205.0,207.97,321022
UEL,20260728,121.78,123.39,119.17,120.93,2574
UFBL,20260728,699.35,705.0,685.55,699.65,107536
UFLEX,20260728,484.95,485.7,465.0,472.0,107012
UFO,20260728,68.45,69.47,67.13,68.15,19564
UGARSUGAR,20260728,43.47,44.65,41.2,41.48,249325
UGROCAP,20260728,95.0,95.68,94.2,94.86,57058
UJJIVANSFB,20260728,70.03,73.03,69.73,70.12,42462662
ULTRACEMCO,20260728,11894.0,12049.0,11822.0,11956.0,406573
ULTRAMAR,20260728,375.9,376.0,365.0,368.95,12603
UMAEXPORTS,20260728,19.47,19.95,19.4,19.59,8070
UMESLTD,20260728,5.26,5.62,5.26,5.52,18683
UMIYA-MRO,20260728,89.12,90.19,88.88,90.06,2342
UNICHEMLAB,20260728,546.5,546.5,529.0,533.55,69461
UNIDT,20260728,221.56,225.5,220.1,220.92,1980
UNIECOM,20260728,86.8,87.0,84.7,85.06,95510
UNIENTER,20260728,101.9,101.9,95.0,96.62,8834
UNIINFO,20260728,12.35,12.35,12.35,12.35,101
UNIMECH,20260728,1212.0,1219.3,1175.0,1180.8,65736
UNIONBANK,20260728,170.68,171.4,167.7,168.24,10776044
UNIONGOLD,20260728,140.0,140.7,137.9,138.15,2903
UNIPARTS,20260728,711.2,711.2,686.05,689.3,37799
UNITDSPR,20260728,1480.0,1511.9,1475.4,1508.8,882152
UNITECH,20260728,4.25,4.34,4.18,4.21,5034934
UNITEDPOLY,20260728,31.55,31.55,29.1,30.24,29619
UNITEDTEA,20260728,474.0,477.35,469.0,472.9,627
UNIVASTU,20260728,129.0,129.0,124.0,125.48,194834
UNIVCABLES,20260728,1251.0,1338.0,1240.1,1316.2,417557
UNIVPHOTO,20260728,465.65,489.0,464.6,471.6,7423
UNOMINDA,20260728,1164.0,1174.8,1150.0,1163.9,1088896
UPL,20260728,607.0,610.45,596.75,599.65,2262031
URAVIDEF,20260728,115.8,115.8,111.22,111.85,1178
URBANCO,20260728,130.42,133.0,129.66,130.3,1181488
URJA,20260728,9.1,9.22,9.0,9.01,607295
USHAMART,20260728,520.0,527.0,504.3,512.3,3875797
USK,20260728,22.97,22.97,21.5,21.79,18268
UTIAMC,20260728,904.05,907.2,892.05,900.25,188565
UTKARSHBNK,20260728,14.64,14.72,14.21,14.27,2493172
UTLSOLAR,20260728,388.0,388.0,381.05,382.55,134050
UTTAMSUGAR,20260728,227.42,228.39,222.5,223.79,46161
UYFINCORP,20260728,19.0,19.9,18.54,19.49,561264
V2RETAIL,20260728,222.11,224.58,220.11,221.87,366611
VADILALIND,20260728,6761.5,6904.5,6665.0,6741.5,11469
VAIBHAVGBL,20260728,264.9,282.3,262.15,271.2,1723119
VAISHALI,20260728,7.98,7.98,6.96,7.39,920925
VAKRANGEE,20260728,6.12,6.25,5.96,6.05,1218465
VAL30IETF,20260728,15.41,15.41,15.2,15.24,168843
VALIANTLAB,20260728,62.05,62.5,60.06,60.37,6329
VALIANTORG,20260728,262.4,268.75,259.5,261.55,8304
VALUE,20260728,16.04,16.04,15.94,15.98,14687
VALUEAXIS,20260728,32.86,32.86,32.4,32.46,87110
VAML,20260728,438.0,443.0,430.45,432.1,4613811
VARDHACRLC,20260728,44.15,46.24,43.61,46.24,177034
VARDMNPOLY,20260728,6.2,6.3,6.05,6.09,107316
VARROC,20260728,667.7,667.7,655.0,658.7,60586
VASCONEQ,20260728,32.5,32.8,31.82,31.92,80350
VASWANI,20260728,52.34,53.19,52.21,52.51,13916
VBL,20260728,464.7,470.0,423.0,430.0,47975773
VCL,20260728,1.02,1.06,0.99,0.99,203724
VEDL,20260728,264.65,266.0,259.0,259.35,5991534
VEDPOWER,20260728,37.19,37.19,35.45,35.66,15136629
VEEDOL,20260728,1393.7,1405.8,1388.0,1391.0,6091
VELJAN,20260728,1804.3,1817.0,1771.0,1795.0,586
VENKEYS,20260728,1500.0,1584.6,1492.0,1505.1,94704
VENTIVE,20260728,620.0,622.0,615.55,619.25,7646
VENUSPIPES,20260728,1675.0,1700.6,1649.2,1661.4,52408
VENUSREM,20260728,1530.1,1610.0,1493.4,1530.7,98366
VERANDA,20260728,232.8,233.69,227.15,228.75,82017
VERTOZ,20260728,35.1,35.95,34.55,35.06,42129
VESUVIUS,20260728,452.7,453.5,447.05,449.6,34583
VETO,20260728,120.21,122.48,119.0,119.55,11430
VGL,20260728,62.95,62.95,60.99,61.11,6437
VGUARD,20260728,294.4,296.45,290.75,292.25,273309
VHL,20260728,3442.0,3539.9,3442.0,3466.3,441
VHLTD,20260728,133.9,133.9,132.01,132.01,396
VIDHIING,20260728,325.0,325.0,311.95,312.75,65191
VIDYAWIRES,20260728,91.31,91.42,88.6,89.66,549148
VIJAYA,20260728,1339.0,1363.3,1336.8,1359.1,65926
VIJIFIN,20260728,9.63,9.63,9.63,9.63,28673
VIKASECO,20260728,1.11,1.13,1.1,1.1,1865818
VIKASLIFE,20260728,1.27,1.3,1.27,1.28,1782537
VIKRAMSOLR,20260728,181.73,182.44,175.98,177.31,2191990
VIKRAN,20260728,71.77,71.99,70.5,70.71,730302
VIMTALABS,20260728,587.15,608.0,577.9,601.95,443733
VINATIORGA,20260728,1313.6,1316.8,1299.0,1300.9,25524
VINCOFE,20260728,163.95,165.5,160.0,164.02,1684820
VINDHYATEL,20260728,1899.0,1903.2,1856.4,1868.0,10326
VINEETLAB,20260728,38.8,39.5,38.0,38.92,23066
VINNY,20260728,1.05,1.08,1.05,1.07,166688
VINYLINDIA,20260728,254.0,255.95,237.9,241.95,25553
VIPCLOTHNG,20260728,21.83,22.22,21.7,21.91,11283
VIPIND,20260728,296.0,299.0,290.0,291.0,93883
VIPULLTD,20260728,10.95,12.09,10.95,12.09,506077
VIRINCHI,20260728,15.8,15.88,15.36,15.48,26155
VISACHROME,20260728,38.49,38.49,37.1,37.85,20998
VISAKAIND,20260728,83.94,85.0,80.1,82.47,325740
VISHNU,20260728,640.1,644.0,619.05,620.3,74277
VISHWARAJ,20260728,5.29,5.34,5.2,5.21,98219
VISL,20260728,30.36,30.6,29.3,29.51,19638622
VITAL,20260728,46.0,46.0,46.0,46.0,1864
VIVIANA,20260728,739.9,768.9,723.55,762.85,21685
VIVIDHA,20260728,0.52,0.53,0.51,0.51,204881
VIVIMEDLAB,20260728,5.39,5.39,5.18,5.2,39836
VIYASH,20260728,260.7,261.0,252.15,253.45,928140
VLEGOV,20260728,10.9,10.9,10.9,10.9,30020
VLSFINANCE,20260728,254.95,255.45,252.15,253.1,5927
VMART,20260728,722.45,727.0,708.5,714.15,106258
VMM,20260728,110.31,110.31,108.16,109.58,7153469
VMSTMT,20260728,44.0,44.5,42.56,43.01,17960
VOEPL,20260728,501.4,525.0,471.6,479.0,372778
VOGL,20260728,35.08,35.14,33.85,34.18,17642485
VOLTAMP,20260728,9179.0,9343.0,9120.0,9290.0,32161
VOLTAS,20260728,1312.0,1318.8,1295.5,1311.1,280794
VPRPL,20260728,28.29,29.1,26.88,27.02,212308
VRAJ,20260728,129.4,129.78,125.1,125.98,15757
VRLLOG,20260728,261.45,263.98,257.51,260.14,260436
VSSL,20260728,298.0,298.45,290.05,296.9,69217
VSTIND,20260728,232.5,233.0,228.0,229.25,229911
VSTL,20260728,111.9,112.36,107.81,111.26,16105
VSTTILLERS,20260728,4412.9,4447.9,4375.0,4389.2,4988
VTL,20260728,625.1,631.9,608.6,612.5,203030
WAAREEENER,20260728,2741.0,2783.3,2687.0,2694.3,1036716
WAAREEINDO,20260728,319.05,329.65,318.3,318.9,319832
WAAREERTL,20260728,932.2,940.0,919.9,923.5,162521
WABAG,20260728,1980.5,1982.3,1856.0,1893.6,1435337
WAKEFIT,20260728,126.31,129.08,124.62,126.18,1843046
WALCHANNAG,20260728,234.3,235.7,224.3,226.15,596015
WANBURY,20260728,330.0,331.7,310.2,312.45,285158
WCIL,20260728,91.49,91.55,89.21,89.43,19425
WEALTH,20260728,958.95,987.45,955.15,969.1,1956
WEBELSOLAR,20260728,99.49,100.49,98.07,99.46,1040029
WEIZMANIND,20260728,78.1,78.15,77.37,77.37,913
WEL,20260728,109.97,113.29,109.97,110.6,365083
WELCORP,20260728,1619.9,1648.7,1610.2,1643.1,825791
WELENT,20260728,598.0,603.0,590.0,594.35,92440
WELINV,20260728,1922.3,1941.5,1847.0,1895.2,164
WELSPLSOL,20260728,52.08,52.99,51.12,52.42,600526
WELSPUNLIV,20260728,163.7,164.28,159.04,160.23,1081405
WENDT,20260728,8290.0,8550.0,8155.0,8299.5,22784
WESTLIFE,20260728,462.05,470.0,462.05,466.8,53583
WEWIN,20260728,46.0,46.0,45.3,45.36,363
WEWORK,20260728,720.0,720.0,700.0,710.1,142145
WHEELS,20260728,1459.9,1459.9,1375.0,1417.1,259460
WHIRLPOOL,20260728,793.0,799.7,779.05,780.4,123386
WILLAMAGOR,20260728,25.01,26.17,24.55,25.96,813
WINDLAS,20260728,854.0,862.4,848.3,849.0,13436
WINDMACHIN,20260728,282.5,288.95,273.4,276.85,58258
WINSOME,20260728,2.43,2.43,2.43,2.43,7961
WIPL,20260728,177.0,177.0,165.43,169.0,348
WIPRO,20260728,178.55,181.7,178.55,181.12,26873060
WOCKPHARMA,20260728,1859.9,1898.0,1843.7,1890.1,361389
WONDERLA,20260728,466.2,470.0,460.25,461.6,43045
WORTHPERI,20260728,141.56,146.3,141.56,142.94,8757
WPIL,20260728,444.8,458.0,432.3,434.75,36985
WSI,20260728,62.4,65.5,61.6,62.68,216006
WSTCSTPAPR,20260728,583.9,583.9,557.1,570.3,194510
XCHANGING,20260728,64.7,67.05,64.12,65.86,168135
XELPMOC,20260728,81.0,81.0,78.6,80.07,12687
XPROINDIA,20260728,1387.1,1405.7,1369.1,1378.0,16965
XTGLOBAL,20260728,28.8,31.85,27.51,31.28,316526
YASHO,20260728,3092.0,3243.9,3041.8,3195.3,17021
YATHARTH,20260728,850.0,853.05,831.0,833.95,118261
YATRA,20260728,111.19,112.35,106.41,107.34,603659
YESBANK,20260728,22.94,22.98,22.76,22.81,71668089
YUKEN,20260728,710.35,717.5,695.0,701.6,7350
ZAGGLE,20260728,206.0,209.2,202.53,203.79,700302
ZEEL,20260728,109.15,110.2,106.25,107.57,13030601
ZEELEARN,20260728,8.16,8.56,8.14,8.48,411866
ZEEMEDIA,20260728,7.91,8.0,7.86,7.92,238330
ZENITHEXPO,20260728,204.0,207.8,194.75,199.86,1601
ZENITHSTL,20260728,5.83,5.87,5.26,5.53,130568
ZENSARTECH,20260728,516.6,541.5,516.6,524.65,5365009
ZENTEC,20260728,1688.1,1688.1,1625.5,1640.6,600117
ZFCVINDIA,20260728,2309.9,2383.7,2287.0,2376.9,108931
ZFSTEERING,20260728,696.25,697.7,661.5,673.7,16265
ZIMLAB,20260728,115.65,115.65,115.64,115.64,10561
ZODIAC,20260728,245.9,249.15,241.1,244.65,3929
ZODIACLOTH,20260728,75.65,77.0,74.72,75.08,1919
ZOTA,20260728,1290.0,1292.0,1261.5,1274.9,57134
ZSARACOM,20260728,12420.5,12420.5,12000.5,12180.0,7
ZUARI,20260728,222.0,227.47,221.5,225.68,96736
ZUARIIND,20260728,253.3,259.65,249.05,250.15,32051
ZYDUSLIFE,20260728,1108.2,1115.9,1095.2,1099.2,748145
ZYDUSWELL,20260728,558.0,563.75,547.45,549.45,127145
