SYMBOL,TIMESTAMP,OPEN,HIGH,LOW,CLOSE,VOLUME
20MICRONS,20260729,202.5,206.79,200.3,201.16,132775
21STCENMGM,20260729,39.25,39.37,37.92,38.88,26243
360ONE,20260729,1128.3,1170.0,1113.5,1161.3,1135914
3BBLACKBIO,20260729,1292.2,1303.4,1269.0,1270.9,5357
3IINFOLTD,20260729,21.95,22.47,21.13,22.11,1664588
3MINDIA,20260729,35400.0,35700.0,35100.0,35425.0,1650
3PLAND,20260729,32.5,32.5,31.35,32.28,1042
5PAISA,20260729,358.0,358.0,345.05,348.4,54846
63MOONS,20260729,765.9,782.0,757.6,778.45,375416
A2ZINFRA,20260729,12.5,13.26,12.32,13.26,304867
AAATECH,20260729,91.01,92.0,87.26,89.32,10744
AADHARHFC,20260729,497.9,503.0,492.5,494.55,304806
AAKASH,20260729,8.8,9.13,8.71,8.86,221021
AAREYDRUGS,20260729,76.01,76.01,75.61,75.61,7240
AARNAV,20260729,31.0,31.0,28.66,29.15,132764
AARON,20260729,141.35,141.43,133.0,134.78,39637
AARTECH,20260729,45.8,47.49,45.25,46.11,3501
AARTIDRUGS,20260729,408.6,415.0,406.4,411.25,128947
AARTIIND,20260729,477.75,489.5,477.75,485.5,265222
AARTIPHARM,20260729,676.1,692.0,675.05,682.95,157246
AARTISURF,20260729,384.0,392.45,383.05,390.5,4670
AARVI,20260729,153.8,156.96,150.0,152.31,31241
AASTHA,20260729,77.99,80.8,74.4,76.09,4227632
AAVAS,20260729,1369.4,1393.9,1369.4,1387.3,28681
ABAN,20260729,15.0,15.49,14.94,15.3,40996
ABANSENT,20260729,26.45,27.48,25.15,26.66,7162
ABB,20260729,7247.0,7458.0,7085.0,7310.5,570622
ABBOTINDIA,20260729,27950.0,28090.0,27600.0,27745.0,9930
ABCAPITAL,20260729,393.8,398.5,389.75,397.6,2985489
ABCOTS,20260729,204.0,204.0,199.0,200.65,15312
ABDL,20260729,620.95,648.0,619.0,644.8,451157
ABFRL,20260729,57.35,58.4,56.9,58.06,3323129
ABGSEC,20260729,113.98,114.97,113.62,113.9,278
ABINFRA,20260729,10.08,10.3,10.0,10.06,221577
ABLBL,20260729,94.14,95.7,93.6,95.43,2839292
ABMINTLLTD,20260729,41.7,48.0,41.7,42.98,12004
ABMKNO,20260729,199.0,199.0,193.0,194.6,212
ABREL,20260729,1398.6,1413.8,1395.5,1405.6,56974
ABSL10BANK,20260729,167.52,179.99,167.42,170.14,17485
ABSLAMC,20260729,1004.2,1029.3,1001.5,1017.5,187421
ABSLBANETF,20260729,58.33,58.7,58.33,58.6,8552
ABSLLIQUID,20260729,1000.0,1000.01,999.99,999.99,802
ABSLMSCIN,20260729,29.53,29.65,29.53,29.59,455
ABSLNN50ET,20260729,75.52,76.64,75.52,76.2,24805
ABSLPSE,20260729,10.17,10.3,10.17,10.25,141404
ACC,20260729,1332.4,1387.7,1331.8,1370.8,300540
ACCELYA,20260729,1166.1,1175.0,1150.0,1164.8,6856
ACCURACY,20260729,4.89,5.02,4.73,4.91,58200
ACE,20260729,1080.1,1081.7,1032.6,1051.3,369050
ACEINTEG,20260729,19.28,19.94,19.25,19.87,2513
ACI,20260729,558.7,569.1,556.5,565.75,116128
ACL,20260729,48.59,49.0,46.4,48.24,7466
ACMESOLAR,20260729,358.0,368.7,350.0,366.65,1880822
ACSTECH,20260729,41.5,41.5,39.15,39.53,63720
ACUTAAS,20260729,3329.0,3390.0,3265.0,3306.2,353257
ADANIENSOL,20260729,1651.0,1682.0,1642.0,1667.8,2202376
ADANIENT,20260729,3017.8,3048.3,2972.7,3024.5,1547208
ADANIGREEN,20260729,1383.1,1396.6,1354.0,1373.1,1700509
ADANIPORTS,20260729,1785.0,1792.0,1705.1,1719.7,5088460
ADANIPOWER,20260729,209.27,211.15,207.8,209.52,12560925
ADFFOODS,20260729,300.95,307.95,299.2,301.8,99686
ADL,20260729,70.28,70.28,69.91,69.92,156
ADOR,20260729,1462.9,1469.1,1402.5,1423.4,38110
ADROITINFO,20260729,9.72,9.72,9.21,9.55,10561
ADSL,20260729,113.5,115.84,112.0,114.46,114663
ADVAIT,20260729,2270.0,2322.0,2251.3,2258.6,20727
ADVANCE,20260729,120.6,120.6,117.75,118.2,300498
ADVANIHOTR,20260729,52.1,52.64,51.01,51.19,44310
ADVENTHTL,20260729,151.0,152.5,146.7,149.55,252426
ADVENZYMES,20260729,315.5,320.0,305.8,310.8,161050
AEGISLOG,20260729,1270.4,1302.0,1253.5,1282.6,434792
AEGISVOPAK,20260729,292.5,298.58,285.53,295.41,1625268
AEPL,20260729,14.5,15.07,14.5,14.55,15862
AEQUS,20260729,229.39,232.2,227.61,229.12,2423015
AEROENTER,20260729,122.83,125.5,121.24,122.14,393496
AEROFLEX,20260729,449.95,469.0,444.1,450.6,2465863
AERONEU,20260729,85.43,89.63,84.4,85.64,89074
AEROPLANE,20260729,185.28,188.56,178.0,182.53,155723
AETHER,20260729,1465.1,1504.7,1452.0,1490.7,296015
AFCONS,20260729,280.5,284.45,279.45,282.75,271344
AFFLE,20260729,1635.0,1669.6,1606.2,1654.3,646435
AFFORDABLE,20260729,185.85,185.85,177.61,178.77,6881
AFIL,20260729,9.22,9.44,9.22,9.38,294638
AFSL,20260729,201.95,201.95,201.0,201.0,32377
AGARIND,20260729,523.2,533.8,505.2,506.75,162437
AGARWALEYE,20260729,497.2,502.8,485.2,488.8,82135
AGI,20260729,722.0,743.95,708.0,710.95,797747
AGIIL,20260729,310.9,320.0,304.0,305.35,859448
AGL,20260729,12.4,12.53,12.25,12.48,912373
AGRITECH,20260729,115.4,115.4,110.01,110.47,6911
AGROPHOS,20260729,29.99,29.99,28.0,28.63,15292
AHCL,20260729,15.79,16.19,15.6,15.88,5560683
AHLADA,20260729,37.25,37.3,36.61,36.82,5360
AHLEAST,20260729,141.01,144.68,141.01,141.79,1107
AHLUCONT,20260729,832.75,832.75,813.0,817.4,27038
AHLWEST,20260729,539.0,570.25,539.0,570.0,968
AIAENG,20260729,4603.0,4675.0,4594.5,4643.5,46596
AIIL,20260729,557.7,567.65,547.0,550.95,119309
AIRAN,20260729,15.0,15.33,14.82,15.04,29078
AIROLAM,20260729,88.0,88.0,86.01,86.15,212
AJANTPHARM,20260729,3365.0,3414.0,3325.2,3396.5,103607
AJAXENGG,20260729,575.95,578.0,569.1,576.65,19224
AJMERA,20260729,127.5,129.93,127.5,128.17,245702
AJOONI,20260729,3.92,4.05,3.9,3.96,169242
AKASH,20260729,26.37,28.0,26.36,27.24,13228
AKCAPIT,20260729,1717.2,1759.2,1699.9,1708.4,3203
AKG,20260729,10.84,10.84,9.67,10.0,7369
AKI,20260729,4.48,4.48,4.16,4.18,72919
AKSHAR,20260729,0.41,0.41,0.4,0.4,363860
AKSHARCHEM,20260729,240.0,250.0,232.21,246.87,5054
AKSHOPTFBR,20260729,5.44,5.44,5.44,5.44,81125
AKUMS,20260729,662.0,668.3,656.75,664.55,149573
ALANKIT,20260729,7.86,7.94,7.82,7.89,59111
ALBERTDAVD,20260729,694.45,700.0,683.0,688.75,2407
ALEMBICLTD,20260729,89.32,90.75,89.32,90.28,166165
ALGOQUANT,20260729,67.75,68.9,66.11,67.57,1049387
ALICON,20260729,683.75,689.0,664.85,681.35,22399
ALIVUS,20260729,1119.0,1130.0,1104.4,1119.6,24416
ALKALI,20260729,70.0,71.9,69.4,70.76,3127
ALKEM,20260729,5699.0,5711.5,5654.0,5672.5,57547
ALKYLAMINE,20260729,1819.0,1835.8,1804.0,1817.3,27385
ALLCARGO,20260729,8.03,8.14,7.98,8.01,2407017
ALLDIGI,20260729,893.9,893.9,865.0,869.55,35900
ALLTIME,20260729,224.0,231.0,224.0,229.15,32630
ALMONDZ,20260729,13.0,15.07,13.0,15.07,2763547
ALOKINDS,20260729,12.0,12.08,11.81,12.0,3095678
ALPA,20260729,69.79,69.79,65.15,67.82,8101
ALPHA,20260729,51.03,51.65,50.89,51.58,860789
ALPHAETF,20260729,25.55,25.95,25.55,25.87,310635
ALPHAGEO,20260729,208.5,213.69,204.09,205.87,1316
ALPINETEX,20260729,73.35,73.35,73.35,73.35,84594
ALPL30IETF,20260729,28.66,28.66,27.68,28.13,421651
AMAGI,20260729,626.6,658.9,618.5,650.9,590364
AMANTA,20260729,159.0,162.18,159.0,162.18,20913
AMBALALSA,20260729,31.23,31.68,30.77,30.96,11166
AMBER,20260729,7256.0,7469.0,7235.0,7411.5,241556
AMBICAAGAR,20260729,24.7,24.7,24.19,24.69,744
AMBIKCO,20260729,1670.3,1719.0,1665.0,1703.0,5888
AMBUJACEM,20260729,424.3,443.0,423.15,435.3,5054536
AMDIND,20260729,47.05,48.42,46.3,47.48,2812
AMJLAND,20260729,37.75,38.49,37.56,38.0,7341
AMNPLST,20260729,192.67,215.12,192.05,201.28,96793
AMRUTANJAN,20260729,512.0,524.0,511.05,516.8,15537
ANANDRATHI,20260729,2047.1,2048.7,2003.1,2035.0,165362
ANANTRAJ,20260729,611.95,620.95,607.45,613.4,1555849
ANDHRAPAP,20260729,63.4,63.54,61.74,62.23,96040
ANDHRSUGAR,20260729,84.1,84.68,83.17,83.87,129487
ANGELONE,20260729,303.0,305.5,299.0,302.5,3944323
ANIKINDS,20260729,42.0,43.59,41.19,42.77,5123
ANKITMETAL,20260729,1.55,1.57,1.5,1.52,15075
ANMOL,20260729,10.3,10.3,9.95,10.04,41272
ANSALAPI,20260729,3.21,3.21,3.21,3.21,1925
ANTELOPUS,20260729,833.0,839.2,790.25,791.15,215215
ANTGRAPHIC,20260729,0.76,0.79,0.74,0.75,101783
ANTHEM,20260729,790.0,795.0,780.8,790.0,276379
ANUHPHR,20260729,81.0,81.0,79.0,79.14,29903
ANUP,20260729,2149.4,2152.4,2085.5,2090.6,18067
ANURAS,20260729,1225.0,1225.1,1207.5,1214.4,145573
AONEGOLD,20260729,13.32,13.32,13.17,13.18,206123
AONELIQUID,20260729,1070.23,1070.23,1070.21,1070.22,7641
AONENIFTY,20260729,9.99,10.01,9.83,9.99,278321
AONESILVER,20260729,8.39,8.39,8.25,8.27,276981
AONETMMQ50,20260729,9.95,10.04,9.87,9.93,63728
AONETOTAL,20260729,12.0,12.01,11.77,11.89,222610
APARINDS,20260729,13547.0,13981.0,13374.0,13835.0,185520
APCL,20260729,104.02,105.0,101.75,102.37,3296
APCOTEXIND,20260729,600.15,709.3,600.15,681.6,5645793
APEX,20260729,375.25,379.7,374.6,378.45,46352
APLAPOLLO,20260729,1860.0,1872.3,1852.2,1869.8,349697
APLLTD,20260729,815.0,818.25,802.6,811.95,81697
APOLLO,20260729,378.8,385.65,374.0,383.1,5709811
APOLLOHOSP,20260729,8932.0,8970.0,8903.5,8935.0,164862
APOLLOPIPE,20260729,493.0,508.25,491.35,500.25,102693
APOLLOTYRE,20260729,425.95,431.4,423.1,424.1,426938
APOLSINHOT,20260729,1205.0,1217.9,1195.0,1201.9,128
APTECHT,20260729,92.99,93.0,89.0,91.6,30492
APTUS,20260729,281.5,283.05,279.55,281.85,333173
AQYLON,20260729,25.79,26.05,23.91,24.1,1222651
ARCHIDPLY,20260729,83.93,83.95,82.02,83.49,3149
ARCHIES,20260729,14.54,14.54,13.82,13.86,7927
ARE&M,20260729,868.95,886.55,864.6,882.9,362920
ARENTERP,20260729,42.97,42.97,39.8,40.89,8318
ARFIN,20260729,89.2,89.89,86.2,87.17,777980
ARIES,20260729,340.05,345.2,340.0,343.65,9371
ARIHANT,20260729,1088.4,1225.0,1088.4,1144.9,46928
ARIHANTCAP,20260729,77.67,77.72,75.52,76.6,166654
ARIHANTSUP,20260729,260.95,262.3,259.0,259.35,7004
ARIS,20260729,129.52,133.0,126.1,128.57,1622512
ARKADE,20260729,133.5,140.0,133.5,138.54,684303
ARMANFIN,20260729,1927.9,1941.7,1906.0,1912.0,16748
AROGRANITE,20260729,25.45,25.89,24.61,25.32,7891
ARROWGREEN,20260729,710.0,722.0,694.0,714.75,10124
ARSHIYA,20260729,0.99,1.0,0.95,0.95,107074
ARSSBL,20260729,514.0,517.5,510.0,512.4,85862
ARTEMISMED,20260729,277.95,305.0,277.0,298.6,2259691
ARTNIRMAN,20260729,39.61,39.61,38.0,38.5,141
ARVEE,20260729,164.0,164.6,151.9,157.78,2346
ARVIND,20260729,515.7,519.25,511.05,517.35,170776
ARVINDFASN,20260729,458.2,458.25,446.0,448.9,184222
ARVSMART,20260729,593.6,603.9,593.5,599.5,17733
ASAHIINDIA,20260729,873.1,880.2,862.5,878.75,97717
ASAHISONG,20260729,352.95,386.95,345.0,356.35,538492
ASAL,20260729,500.2,509.05,500.2,505.35,11395
ASALCBR,20260729,765.0,772.5,756.25,765.1,22864
ASHAPURMIN,20260729,687.0,712.2,683.4,707.7,923696
ASHIANA,20260729,388.95,388.95,381.1,383.65,27103
ASHIKAG,20260729,481.85,498.0,479.4,486.0,1096959
ASHIMASYN,20260729,18.38,18.38,17.46,18.19,221987
ASHOKA,20260729,123.0,124.35,122.28,123.67,345725
ASHOKAMET,20260729,14.36,14.48,14.13,14.2,5862
ASHOKLEY,20260729,157.97,159.49,156.61,157.96,13880649
ASIANENE,20260729,389.0,393.15,377.85,388.85,380469
ASIANHOTNR,20260729,317.6,317.6,310.0,312.95,6050
ASIANPAINT,20260729,2746.2,2864.0,2718.5,2758.4,3803474
ASIANTILES,20260729,60.95,68.43,57.26,60.71,104213935
ASKAUTOLTD,20260729,524.9,529.95,514.0,518.95,185223
ASMS,20260729,7.1,7.14,7.01,7.06,101023
ASPINWALL,20260729,243.13,252.0,237.4,245.07,1732
ASTEC,20260729,646.1,663.9,638.0,642.65,20924
ASTERDM,20260729,815.8,827.45,809.8,818.35,593366
ASTRAL,20260729,1471.8,1480.0,1460.0,1476.3,187215
ASTRAMICRO,20260729,1710.0,1793.6,1691.2,1773.8,408031
ASTRAZEN,20260729,8099.5,8229.5,8060.0,8185.0,6734
ASTRON,20260729,3.95,3.96,3.8,3.85,39397
ATALREAL,20260729,31.41,32.99,31.3,32.46,9873525
ATAM,20260729,66.5,66.5,64.5,65.6,2590
ATGL,20260729,648.05,661.2,646.0,655.9,770640
ATHERENERG,20260729,1207.2,1252.0,1191.1,1246.1,3306087
ATL,20260729,23.31,23.72,23.16,23.39,56028
ATLANTAA,20260729,35.23,35.99,34.81,35.59,11807
ATLANTAELE,20260729,1534.0,1563.8,1493.0,1548.1,112783
ATLASCYCLE,20260729,100.5,100.5,97.24,98.01,1440
ATUL,20260729,6748.0,6872.5,6640.5,6798.5,115335
ATULAUTO,20260729,478.85,498.0,476.6,495.2,130622
AUBANK,20260729,1067.9,1068.8,1040.0,1042.3,1383599
AURIONPRO,20260729,740.0,745.0,729.3,731.7,286518
AUROPHARMA,20260729,1556.7,1598.7,1554.4,1590.7,1031789
AURUM,20260729,222.82,224.86,216.4,217.2,140357
AURUS,20260729,4.72,4.85,4.72,4.74,16600
AUSOMENT,20260729,132.0,142.95,132.0,136.66,1940
AUTOAXLES,20260729,1793.3,1819.4,1791.3,1805.2,5958
AUTOBEES,20260729,281.62,290.4,281.62,287.38,267654
AUTOIETF,20260729,29.1,29.1,28.72,28.83,821574
AUTOIND,20260729,88.3,88.3,87.0,87.41,21045
AVADHSUGAR,20260729,525.0,528.35,515.2,517.8,19354
AVALON,20260729,1649.6,1697.2,1639.8,1677.3,211537
AVANTEL,20260729,160.52,162.98,159.81,161.43,722663
AVANTIFEED,20260729,968.05,974.5,940.1,946.7,359495
AVG,20260729,200.5,208.0,200.0,206.68,12959
AVL,20260729,622.0,632.0,617.5,626.3,122718
AVONMORE,20260729,9.14,10.98,9.14,10.98,937993
AVROIND,20260729,8.72,9.0,8.42,8.63,483908
AVTNPL,20260729,70.78,70.78,69.32,69.98,30623
AWFIS,20260729,282.2,285.6,280.5,281.3,114781
AWHCL,20260729,434.35,443.95,428.0,432.55,109871
AWL,20260729,187.59,191.1,186.65,189.91,2126346
AXISBANK,20260729,1229.5,1237.1,1214.4,1235.4,10110233
AXISCADES,20260729,1499.9,1565.7,1489.1,1565.7,115347
AXITA,20260729,7.46,7.46,7.35,7.37,887034
AYE,20260729,164.9,167.19,163.07,166.06,299735
AYMSYNTEX,20260729,243.04,244.61,234.11,239.94,25232
AZAD,20260729,2418.0,2444.0,2380.0,2395.2,338556
BAFNAPH,20260729,252.71,252.71,252.71,252.71,3090
BAGFILMS,20260729,4.58,4.72,4.43,4.47,120280
BAIDFIN,20260729,10.0,10.09,9.85,9.9,23768
BAJAJ-AUTO,20260729,11440.0,11532.0,11290.0,11338.0,455484
BAJAJCON,20260729,535.0,539.95,528.75,536.5,206275
BAJAJELEC,20260729,328.0,331.45,327.1,330.55,69185
BAJAJFINSV,20260729,1940.0,1945.0,1908.9,1924.4,1066741
BAJAJHCARE,20260729,320.0,331.0,319.5,326.0,170729
BAJAJHFL,20260729,86.0,87.95,85.42,87.63,5057621
BAJAJHIND,20260729,16.8,17.01,16.73,16.92,2839839
BAJAJHLDNG,20260729,10875.0,10968.0,10810.0,10949.0,25720
BAJAJINDEF,20260729,229.2,236.0,229.2,234.8,17283
BAJAJST,20260729,408.6,416.8,377.05,383.45,66457
BAJEL,20260729,175.49,178.0,175.49,177.62,76816
BAJFINANCE,20260729,1056.0,1065.9,1048.4,1054.4,6444368
BALAJEE,20260729,26.98,27.28,26.66,26.91,10671
BALAJITELE,20260729,82.6,84.47,81.51,84.1,103163
BALAMINES,20260729,2271.0,2351.0,2252.5,2271.4,284327
BALAXI,20260729,24.2,24.75,24.0,24.14,11774
BALKRISHNA,20260729,17.61,18.0,17.35,17.66,10685
BALKRISIND,20260729,2023.0,2090.1,2023.0,2081.7,143039
BALMLAWRIE,20260729,176.74,180.5,175.81,179.12,119319
BALPHARMA,20260729,87.05,89.49,87.05,88.1,14755
BALRAMCHIN,20260729,605.0,608.95,601.3,606.3,138960
BALUFORGE,20260729,446.0,450.75,440.15,441.3,259636
BANARBEADS,20260729,116.03,121.0,116.0,116.56,1773
BANARISUG,20260729,3445.0,3500.0,3445.0,3475.7,342
BANCOINDIA,20260729,622.0,635.5,622.0,627.85,85709
BANDHANBNK,20260729,169.0,174.06,168.05,173.58,19391311
BANG,20260729,28.98,29.4,28.55,29.26,8498
BANK10ADD,20260729,16.89,17.02,16.76,17.0,190106
BANK10BETF,20260729,20.81,20.98,20.79,20.92,5786
BANKA,20260729,94.0,94.0,90.0,90.5,1304
BANKADD,20260729,58.32,58.62,58.31,58.43,8105
BANKBARODA,20260729,239.9,244.9,239.35,243.35,10011406
BANKBEES,20260729,589.3,592.7,589.25,591.74,398246
BANKBETA,20260729,58.93,59.37,58.9,59.26,103131
BANKBETF,20260729,57.77,58.29,57.77,58.02,20079
BANKETF,20260729,580.11,583.92,579.96,582.58,8587
BANKIETF,20260729,58.89,58.89,58.45,58.69,170495
BANKINDIA,20260729,137.0,138.3,136.44,137.65,8293430
BANKNIFTY1,20260729,59.23,59.54,59.11,59.38,219236
BANKPSU,20260729,83.96,84.48,83.8,84.02,2917
BANSALWIRE,20260729,310.1,320.95,309.2,318.35,105140
BANSWRAS,20260729,129.05,130.49,125.0,126.23,29046
BASF,20260729,3716.2,3764.8,3709.5,3740.7,12912
BASML,20260729,27.0,27.49,27.0,27.0,64141
BATAINDIA,20260729,696.95,704.75,696.3,698.35,168128
BATLIBOI,20260729,85.51,85.51,82.25,84.33,21402
BAYERCROP,20260729,4240.4,4279.8,4225.4,4248.3,32475
BBETF0432,20260729,1355.44,1355.44,1348.0,1349.68,4334
BBL,20260729,2543.6,2590.0,2520.0,2572.2,17103
BBNPNBETF,20260729,57.27,57.84,57.27,57.56,178
BBNPPGOLD,20260729,135.85,139.65,135.85,137.15,3499
BBOX,20260729,744.95,766.6,732.45,740.65,457671
BBTC,20260729,1500.1,1501.0,1489.2,1498.1,31733
BBTCL,20260729,216.9,220.45,216.06,217.74,1320
BCG,20260729,9.31,9.43,9.26,9.39,2290898
BCLIND,20260729,34.62,34.88,34.41,34.66,252112
BCONCEPTS,20260729,197.99,197.99,186.4,188.99,3722
BCPL,20260729,71.7,71.7,70.1,70.43,2512
BDL,20260729,1268.7,1271.0,1254.6,1261.8,412387
BEARDSELL,20260729,27.71,27.71,26.92,26.94,8896
BECTORFOOD,20260729,210.16,217.81,208.5,216.29,2761799
BEDMUTHA,20260729,110.5,110.5,107.0,107.87,7988
BEEKAY,20260729,407.95,407.95,395.05,399.9,380
BEL,20260729,390.9,390.95,382.2,387.55,32630643
BELLACASA,20260729,241.95,241.95,235.0,236.25,12727
BELRISE,20260729,229.59,232.95,228.7,230.47,2726476
BEML,20260729,1755.0,1793.4,1751.8,1781.4,225384
BENGALASM,20260729,6397.5,6397.5,6211.0,6232.5,216
BEPL,20260729,113.6,115.66,113.1,114.53,1415362
BERGEPAINT,20260729,499.35,528.1,497.25,520.05,746012
BESTAGRO,20260729,15.26,16.94,15.26,16.74,1799964
BETA,20260729,2145.0,2243.9,2109.0,2233.2,34121
BFINVEST,20260729,454.9,456.3,446.55,451.5,27708
BFSI,20260729,27.15,27.34,27.12,27.32,244623
BFUTILITIE,20260729,574.65,579.15,568.7,575.1,44110
BGRENERGY,20260729,292.2,295.0,281.5,287.55,36837
BHAGCHEM,20260729,263.4,268.95,261.05,267.05,52983
BHAGERIA,20260729,208.0,208.9,203.1,206.25,18380
BHAGYANGR,20260729,386.7,386.7,386.7,386.7,34780
BHANDARI,20260729,2.85,2.9,2.82,2.88,38609
BHARATCOAL,20260729,34.5,34.68,34.22,34.27,5316672
BHARATFORG,20260729,2173.5,2185.0,2151.2,2171.5,686018
BHARATGEAR,20260729,124.9,127.0,122.31,126.39,12281
BHARATRAS,20260729,1281.5,1290.6,1270.0,1275.9,8031
BHARATSE,20260729,211.9,216.27,208.4,209.75,231496
BHARATWIRE,20260729,197.61,204.1,197.61,201.55,128762
BHARTIARTL,20260729,1915.2,1957.0,1913.1,1950.2,6315728
BHARTIHEXA,20260729,1610.0,1658.8,1595.7,1654.5,103460
BHEL,20260729,408.0,408.45,395.5,405.15,10523689
BI,20260729,60.88,60.88,58.0,58.2,3449
BIGBLOC,20260729,45.98,46.95,45.5,45.91,30913
BIKAJI,20260729,634.0,647.0,631.8,641.85,72704
BIL,20260729,749.6,758.8,741.9,749.75,15658
BILVYAPAR,20260729,3.93,4.17,3.93,4.0,4915
BIMETAL,20260729,640.2,667.6,638.15,643.8,264
BIOCON,20260729,434.95,435.5,427.1,431.1,3351508
BIOFILCHEM,20260729,32.89,32.89,32.15,32.67,3430
BIRLACABLE,20260729,194.98,199.0,194.01,198.28,22874
BIRLACORPN,20260729,880.9,904.8,872.05,889.15,137754
BIRLAMONEY,20260729,130.6,135.88,130.47,131.8,73388
BIRLANU,20260729,1361.0,1399.9,1359.0,1379.8,12999
BIRLAPREC,20260729,34.25,34.84,33.51,33.94,10126
BLACKBUCK,20260729,543.7,561.0,516.6,523.55,940192
BLACKROSE,20260729,111.06,111.07,106.85,110.85,47050
BLAL,20260729,178.89,178.9,176.0,176.78,9786
BLBLIMITED,20260729,16.35,16.35,15.6,15.82,27100
BLIL,20260729,70.1,70.31,68.46,70.02,55824
BLISSGVS,20260729,443.0,469.95,443.0,456.0,174456
BLKASHYAP,20260729,54.55,54.82,53.7,54.01,290752
BLS,20260729,237.95,245.45,236.4,241.9,1404200
BLSE,20260729,284.1,302.32,280.41,298.81,1211513
BLUECHIP,20260729,1.82,1.82,1.82,1.82,1101
BLUECOAST,20260729,23.19,25.5,23.19,23.97,3747
BLUEDART,20260729,5080.0,5125.2,5046.6,5069.6,8120
BLUEJET,20260729,572.95,605.0,572.95,602.75,1395442
BLUESTARCO,20260729,1640.0,1687.0,1639.8,1680.8,156603
BLUESTONE,20260729,780.0,807.9,761.25,770.25,13952569
BLUSPRING,20260729,108.0,117.78,104.93,114.11,619309
BMWVENTLTD,20260729,57.5,58.88,56.8,57.51,61071
BNAGROCHEM,20260729,265.05,275.0,265.0,274.7,666
BNALTD,20260729,440.0,440.0,422.0,422.0,69
BNKETFAXIS,20260729,588.85,590.15,586.18,589.34,70
BODALCHEM,20260729,68.5,71.53,66.15,71.53,306835
BOHRAIND,20260729,14.5,14.5,14.5,14.5,9345
BOMDYEING,20260729,120.7,121.99,120.7,121.03,227352
BONLON,20260729,39.9,41.39,39.5,40.66,3520
BORANA,20260729,327.1,342.0,325.25,327.6,56003
BOROLTD,20260729,229.6,235.0,229.6,231.88,31562
BORORENEW,20260729,572.5,579.15,571.0,573.95,282833
BOROSCI,20260729,153.39,159.98,153.39,157.14,46335
BOSCH-HCIL,20260729,1334.3,1337.4,1308.1,1317.6,20449
BOSCHLTD,20260729,41355.0,41630.0,39705.0,41065.0,46738
BPCL,20260729,320.0,320.05,315.8,317.4,5132678
BPL,20260729,53.13,53.68,52.2,52.57,38645
BRIGADE,20260729,562.3,565.9,557.15,564.25,213417
BRIGHOTEL,20260729,59.6,60.61,59.59,59.98,61290
BRITANNIA,20260729,5499.5,5582.0,5488.5,5517.5,356551
BRNL,20260729,17.51,17.87,17.32,17.48,31870
BROOKS,20260729,62.75,62.9,59.65,59.88,55756
BSE,20260729,3475.0,3555.0,3467.9,3541.4,2058479
BSE500IETF,20260729,39.0,39.48,39.0,39.36,110247
BSHSL,20260729,86.45,88.0,85.6,86.65,3793
BSL,20260729,126.81,127.0,125.01,125.35,1305
BSLGOLDETF,20260729,123.82,124.62,123.82,124.29,170492
BSLNIFTY,20260729,28.85,28.85,28.04,28.41,1164287
BSLSENETFG,20260729,76.63,78.45,76.63,78.01,4981
BSOFT,20260729,304.0,322.65,296.65,311.15,7974181
BTML,20260729,6.16,6.5,6.16,6.24,204189
BTTL,20260729,48.0,48.49,45.32,46.87,8546
BUILDPRO,20260729,1208.0,1257.0,1194.7,1230.2,40478
BUTTERFLY,20260729,755.0,760.0,721.1,729.15,58679
BVCL,20260729,40.6,43.88,40.02,41.6,24224
BYKE,20260729,32.2,33.5,32.2,33.5,8110
CALSOFT,20260729,21.64,21.95,21.1,21.2,29267
CAMLINFINE,20260729,126.1,131.72,126.05,130.15,701790
CAMPUS,20260729,218.0,226.8,216.36,223.37,1224856
CAMS,20260729,804.3,805.55,789.1,792.4,541450
CANBK,20260729,124.6,125.55,124.0,124.72,17108935
CANFINHOME,20260729,821.0,828.95,810.3,822.15,280514
CANHLIFE,20260729,141.7,151.18,140.0,147.08,1832625
CANTABIL,20260729,239.9,241.6,236.05,238.11,90049
CAPACITE,20260729,217.45,219.75,216.5,219.2,206776
CAPILLARY,20260729,514.7,534.9,505.7,527.45,360589
CAPITALSFB,20260729,298.45,300.1,295.0,298.3,15543
CAPLIPOINT,20260729,2590.9,2642.4,2588.1,2613.2,86491
CAPTRUST,20260729,15.98,16.52,14.97,16.49,132477
CARBORUNIV,20260729,1063.6,1083.8,1052.0,1056.0,81553
CARERATING,20260729,1680.0,1712.5,1664.0,1689.6,71476
CARRARO,20260729,538.0,538.0,527.0,530.05,53833
CARTRADE,20260729,2989.8,3068.9,2740.0,2855.7,2518786
CARYSIL,20260729,1150.3,1185.0,1150.0,1178.4,76578
CASHIETF,20260729,1072.88,1072.9,1072.88,1072.89,393715
CASTROLIND,20260729,184.1,185.2,184.0,184.95,782644
CCAVENUE,20260729,16.76,16.76,16.49,16.68,4871719
CCCL,20260729,15.7,16.27,14.4,15.7,774340
CCHHL,20260729,13.25,13.25,12.62,12.69,15264
CCL,20260729,1205.0,1213.9,1195.0,1198.6,235994
CDSL,20260729,1349.9,1361.3,1344.2,1350.0,1018335
CEATLTD,20260729,3417.0,3460.0,3405.3,3433.8,116214
CEIGALL,20260729,327.0,334.85,321.0,333.55,349612
CEINSYS,20260729,846.95,858.45,842.0,852.0,34966
CELEBRITY,20260729,6.93,7.34,6.93,7.01,12392
CELLO,20260729,345.0,347.6,342.2,345.1,138283
CEMNTGROWW,20260729,15.43,15.87,15.05,15.41,87237
CEMPRO,20260729,1352.0,1356.6,1283.8,1341.6,737059
CENTENKA,20260729,606.8,671.65,606.8,611.25,2830320
CENTEXT,20260729,18.55,18.87,18.3,18.47,69003
CENTRALBK,20260729,31.2,31.27,30.96,31.19,4099225
CENTRUM,20260729,23.28,24.15,22.6,23.26,768658
CENTUM,20260729,3445.0,3588.0,3445.0,3578.5,40710
CENTURYPLY,20260729,791.15,805.0,777.55,782.8,80230
CERA,20260729,6256.5,6297.5,6107.0,6143.0,4372
CEREBRAINT,20260729,3.08,3.08,2.92,2.98,50799
CESC,20260729,163.71,164.95,162.5,164.12,549777
CEWATER,20260729,288.4,293.9,284.9,291.25,36365
CGCL,20260729,229.95,232.39,219.57,226.55,5648034
CGPOWER,20260729,844.1,845.2,825.5,829.5,5215606
CHALET,20260729,851.0,858.0,821.55,836.7,99579
CHAMBLFERT,20260729,440.05,453.0,440.05,451.45,687613
CHEMBOND,20260729,170.05,175.99,170.0,174.98,2230
CHEMBONDCH,20260729,234.99,238.95,219.25,228.77,15500
CHEMCON,20260729,179.98,179.98,171.0,176.05,8817
CHEMFAB,20260729,375.6,384.45,375.0,378.95,2781
CHEMICAL,20260729,30.54,30.74,30.16,30.37,212596
CHEMPLASTS,20260729,201.25,208.31,201.25,203.35,310797
CHENNPETRO,20260729,1200.0,1219.9,1176.1,1212.3,908359
CHEVIOT,20260729,1159.9,1175.0,1159.9,1166.9,11502
CHOICEGOLD,20260729,139.92,140.95,139.8,140.51,1920
CHOICEIN,20260729,799.95,803.6,792.5,800.1,543689
CHOLAFIN,20260729,1805.0,1839.6,1776.2,1802.9,2713486
CHOLAHLDNG,20260729,1528.0,1577.8,1512.9,1517.7,388287
CIEINDIA,20260729,410.0,417.0,407.55,414.75,205776
CIFL,20260729,20.18,20.69,20.04,20.4,75556
CINELINE,20260729,80.99,81.13,80.0,80.51,9926
CINEVISTA,20260729,15.45,15.45,14.99,15.12,29356
CIPLA,20260729,1451.0,1491.2,1442.0,1474.3,2192262
CLEAN,20260729,736.45,743.5,726.0,737.3,170309
CLEANMAX,20260729,1336.9,1336.9,1292.0,1328.2,134563
CLEDUCATE,20260729,56.21,58.99,55.56,56.3,16530
CLSEL,20260729,276.25,279.0,275.8,278.7,17223
CMLL,20260729,584.0,591.75,542.1,561.3,5972962
CMPDI,20260729,244.9,246.36,239.92,244.61,2054599
CMRGREEN,20260729,215.6,221.0,214.5,215.15,615655
CMSINFO,20260729,271.75,278.35,271.75,277.65,289596
CNL,20260729,1033.4,1048.0,981.0,990.85,219865
COALINDIA,20260729,413.05,413.5,406.25,410.05,9914444
COASTCORP,20260729,50.05,51.5,49.61,50.17,74037
COCHINSHIP,20260729,1389.5,1408.0,1385.5,1403.6,742837
COCKERILL,20260729,8802.0,8840.0,8531.5,8678.0,4562
COFFEEDAY,20260729,30.25,30.99,30.05,30.62,231892
COFORGE,20260729,1720.0,1764.9,1705.2,1714.9,8196676
COHANCE,20260729,427.0,433.7,425.25,431.3,245022
COLPAL,20260729,2145.9,2213.4,2097.6,2166.4,1771147
COMFINTE,20260729,5.46,6.3,5.27,6.14,1634160
COMMOIETF,20260729,99.36,100.08,98.85,99.99,65223
COMPINFO,20260729,1.14,1.18,1.09,1.17,5677
COMPUSOFT,20260729,13.32,13.41,13.12,13.19,27980
COMSYN,20260729,180.3,209.9,179.09,207.92,5499559
CONCOR,20260729,525.0,530.5,523.05,525.85,1843068
CONCORDBIO,20260729,1263.0,1337.0,1252.3,1330.4,179878
CONFIPET,20260729,77.9,79.7,77.09,78.28,1713119
CONS,20260729,12.36,12.38,12.34,12.36,42067
CONSOFINVT,20260729,287.0,290.0,276.0,288.84,24851
CONSUMAXIS,20260729,122.78,124.0,121.0,122.04,9171
CONSUMBEES,20260729,133.65,133.97,133.03,133.71,160890
CONSUMER,20260729,11.95,12.03,11.94,12.01,378670
CONSUMIETF,20260729,123.7,124.7,123.05,124.32,19624
CONTROLPR,20260729,590.45,594.95,583.1,587.55,17920
CORALFINAC,20260729,33.79,35.11,32.38,33.6,190841
CORDELIA,20260729,804.0,817.9,797.15,806.2,109234
CORDSCABLE,20260729,204.92,206.0,202.16,202.48,8254
COROMANDEL,20260729,2036.9,2074.0,2029.6,2037.6,116341
CORONA,20260729,2090.0,2128.9,2063.4,2107.4,48201
COSMOFIRST,20260729,900.15,905.7,872.0,889.1,84224
COUNCODOS,20260729,6.36,6.55,6.12,6.2,62890
CPCAP,20260729,107.77,113.55,107.77,113.41,64389
CPEDU,20260729,195.8,225.88,195.8,212.52,253592
CPL,20260729,70.1,74.0,70.1,71.02,69527
CPPLUS,20260729,3457.0,3468.0,3287.1,3425.0,205557
CPSEETF,20260729,94.27,95.26,93.7,94.03,1019834
CRAFTSMAN,20260729,9300.5,10037.0,9282.5,9913.0,429854
CRAMC,20260729,262.55,264.48,260.0,261.54,271745
CREATIVEYE,20260729,5.98,6.5,5.98,6.02,8851
CREDITACC,20260729,1590.0,1596.0,1562.1,1590.4,170179
CREST,20260729,374.95,381.9,371.0,373.2,1667
CRISIL,20260729,4499.0,4540.0,4388.6,4448.7,50403
CRIZAC,20260729,190.9,193.8,190.41,191.9,153987
CROMPTON,20260729,247.7,266.5,247.7,264.25,6188364
CROWN,20260729,114.06,114.06,108.0,111.18,22061
CSBBANK,20260729,339.9,341.1,332.5,333.0,420485
CSLFINANCE,20260729,214.03,216.91,210.0,211.0,19682
CSM,20260729,100.0,101.88,94.27,96.14,713856
CTE,20260729,31.61,32.49,30.8,30.88,49328
CUB,20260729,236.0,236.0,224.69,228.86,7988538
CUBEXTUB,20260729,78.0,79.19,76.14,76.99,45539
CUMMINSIND,20260729,5452.5,5477.5,5371.5,5383.0,453704
CUPID,20260729,233.8,234.25,226.04,233.77,35604405
CURAA,20260729,72.35,77.0,70.6,77.0,445
CYBERMEDIA,20260729,15.81,16.27,15.42,15.65,33850
CYBERTECH,20260729,138.01,141.29,138.01,138.95,10026
CYIENT,20260729,848.8,879.7,845.0,867.45,1337269
CYIENTDLM,20260729,685.0,690.1,670.6,681.75,263311
DABUR,20260729,427.4,435.3,427.0,433.7,2039461
DAICHI,20260729,309.95,314.5,289.55,299.0,4877
DALBHARAT,20260729,1814.0,1840.3,1813.8,1823.0,126193
DALMIASUG,20260729,352.25,366.35,352.0,357.6,102140
DAMCAPITAL,20260729,157.6,157.6,153.55,154.59,271696
DAMODARIND,20260729,27.8,28.5,27.8,28.48,4279
DANGEE,20260729,2.96,2.99,2.82,2.97,169367
DATAMATICS,20260729,840.0,856.45,836.1,839.25,48729
DATAPATTNS,20260729,4401.0,4450.0,4330.1,4436.6,691607
DAVANGERE,20260729,3.18,3.2,3.15,3.19,6372696
DBCORP,20260729,208.7,213.2,208.0,210.57,146062
DBEIL,20260729,7.37,7.89,7.15,7.61,177682
DBL,20260729,434.2,435.3,429.5,431.15,201585
DBOL,20260729,99.0,102.4,99.0,100.39,107842
DBREALTY,20260729,115.0,115.5,113.2,113.72,288086
DBSTOCKBRO,20260729,34.59,34.59,33.26,34.5,366
DCAL,20260729,183.9,188.99,182.18,187.99,238723
DCBBANK,20260729,195.1,195.35,190.64,192.56,1048964
DCI,20260729,296.85,296.85,270.3,272.75,12058
DCM,20260729,90.0,90.0,88.0,89.7,474
DCMFINSERV,20260729,5.27,5.5,5.07,5.16,4838
DCMNVL,20260729,140.55,142.89,135.0,139.45,11828
DCMSHRIRAM,20260729,1121.1,1187.5,1033.4,1051.2,2643662
DCMSIL,20260729,76.0,76.99,75.5,76.38,17028
DCMSRIND,20260729,40.0,41.69,39.3,39.68,152348
DCW,20260729,46.27,47.58,46.0,47.06,935992
DCXINDIA,20260729,180.1,181.5,178.25,179.89,709621
DDEVPLSTIK,20260729,271.95,275.65,271.95,273.4,45351
DECCANCE,20260729,546.1,554.0,545.85,550.35,4642
DECNGOLD,20260729,194.7,195.21,190.0,192.03,822377
DEEDEV,20260729,661.0,684.0,649.0,660.0,70181
DEEPAKFERT,20260729,1659.0,1668.0,1613.6,1626.3,370340
DEEPAKNTR,20260729,1654.6,1686.3,1652.2,1674.6,54921
DEEPINDS,20260729,512.7,559.0,512.7,542.95,2851084
DEFENCE,20260729,77.5,77.58,76.94,77.47,74355
DELHIVERY,20260729,476.0,476.5,465.2,470.0,4042367
DELPHIFX,20260729,6.99,6.99,6.52,6.83,90591
DELTACORP,20260729,62.81,63.72,62.68,62.87,634965
DELTAMAGNT,20260729,59.9,59.9,57.25,58.9,37615
DEN,20260729,27.6,27.66,27.21,27.58,203466
DENORA,20260729,856.2,871.6,851.05,863.55,2701
DENTA,20260729,338.9,338.9,331.15,337.75,83372
DEVIT,20260729,27.69,28.6,27.0,27.39,64854
DEVX,20260729,34.28,34.7,33.5,34.19,77026
DEVYANI,20260729,115.0,124.0,114.25,118.36,30591539
DGCONTENT,20260729,25.5,25.76,24.11,25.33,15002
DHAMPURSUG,20260729,141.47,141.71,137.11,137.44,223942
DHANBANK,20260729,34.8,35.97,31.11,31.98,11854112
DHANUKA,20260729,999.8,1022.0,994.6,1018.0,55299
DHARAN,20260729,0.16,0.16,0.15,0.15,11212548
DHARMAJ,20260729,258.75,276.65,255.4,265.35,50070
DHRUV,20260729,24.0,24.8,23.8,24.68,1197
DHUNINV,20260729,870.0,870.0,860.05,863.25,452
DIACABS,20260729,312.01,337.45,312.01,337.45,9126492
DIAMINESQ,20260729,246.6,247.19,241.49,241.96,4518
DIAMONDYD,20260729,1092.0,1133.9,1070.0,1126.6,27901
DICIND,20260729,513.0,527.55,505.6,513.65,3417
DIFFNKG,20260729,395.35,397.1,386.9,388.15,23505
DIGIDRIVE,20260729,17.91,17.91,17.6,17.67,14462
DIGISPICE,20260729,17.65,18.44,17.65,18.18,53688
DIGITIDE,20260729,98.18,101.5,97.32,100.19,174192
DIGJAMLMTD,20260729,43.3,48.99,43.3,46.51,70610
DISAQ,20260729,12346.0,12346.0,12160.0,12263.0,443
DISHTV,20260729,2.82,2.86,2.8,2.83,745622
DIVGIITTS,20260729,954.9,974.0,950.3,960.35,22306
DIVIDEND,20260729,35.8,36.02,35.8,35.88,46395
DIVISLAB,20260729,7428.5,7818.5,7428.5,7784.5,1158131
DIVOPPBEES,20260729,78.0,78.44,76.54,78.26,86002
DIXON,20260729,13950.0,14325.0,13877.0,14275.0,423218
DJML,20260729,116.95,117.9,112.26,115.47,346441
DLF,20260729,668.0,672.0,662.45,670.25,4053062
DLINKINDIA,20260729,450.5,453.3,445.0,448.3,52935
DMART,20260729,3859.3,3879.8,3826.0,3848.1,629784
DMCC,20260729,264.0,269.8,260.5,266.95,13642
DNAMEDIA,20260729,2.78,3.18,2.72,2.95,240488
DODLA,20260729,1137.0,1137.0,1041.0,1060.4,69387
DOLATALGO,20260729,68.51,69.11,68.1,68.84,47654
DOLLAR,20260729,255.2,258.05,252.6,256.45,215053
DOLPHIN,20260729,374.75,382.0,374.0,375.15,3260
DOMS,20260729,2273.2,2310.0,2268.3,2280.4,54391
DONEAR,20260729,84.36,85.45,83.52,83.94,7174
DPABHUSHAN,20260729,1376.85,1428.95,1376.85,1402.65,39402
DPSCLTD,20260729,7.47,7.47,7.2,7.32,55875
DPWIRES,20260729,165.0,167.0,162.9,164.62,4999
DRAGARWQ,20260729,5070.0,5070.0,5005.0,5006.5,515
DRCSYSTEMS,20260729,13.63,13.74,13.36,13.58,17689
DREAMFOLKS,20260729,66.95,68.48,66.5,67.46,43592
DREDGECORP,20260729,1072.0,1110.0,1060.6,1102.4,195638
DRREDDY,20260729,1144.0,1147.8,1131.1,1142.3,1280586
DSFCL,20260729,26.98,26.98,26.53,26.55,7773
DSSL,20260729,1248.9,1255.0,1216.7,1241.1,91434
DTIL,20260729,131.0,131.0,129.0,129.07,1705
DUCON,20260729,3.13,3.13,2.81,2.97,213122
DVL,20260729,239.0,244.83,236.0,237.5,98274
DWARKESH,20260729,41.0,41.0,37.85,38.0,2093942
DYCL,20260729,397.0,399.4,391.0,393.9,306914
DYNAMATECH,20260729,10373.0,10605.0,10289.0,10331.0,5786
DYNPRO,20260729,238.22,255.0,238.22,251.37,41161
E2E,20260729,507.0,529.9,489.65,491.45,5202149
EASEMYTRIP,20260729,6.59,6.75,6.56,6.73,10223676
EASTSILK,20260729,55.5,55.5,53.55,55.45,78
EBANKNIFTY,20260729,57.31,57.87,57.29,57.84,584
EBBETF0430,20260729,1617.0,1617.0,1607.99,1611.95,29793
EBBETF0431,20260729,1434.56,1443.75,1432.62,1442.31,3003
EBBETF0433,20260729,1319.07,1319.07,1314.02,1317.87,2058
EBGNG,20260729,574.55,604.0,556.0,560.5,593512
ECAPINSURE,20260729,24.0,24.1,23.72,23.83,18674
ECLERX,20260729,1914.5,1964.4,1864.6,1951.8,335707
ECOSMOBLTY,20260729,130.56,133.0,128.0,131.92,24215
EDELWEISS,20260729,115.5,116.75,113.41,116.1,4015932
EFCIL,20260729,199.86,203.0,198.0,201.0,149832
EGOLD,20260729,141.35,141.65,140.8,141.35,50362
EICHERMOT,20260729,7891.0,7915.0,7751.0,7779.0,522935
EIDPARRY,20260729,764.05,784.0,761.45,778.9,208917
EIEL,20260729,216.49,219.9,215.2,216.07,475163
EIFFL,20260729,316.5,324.5,311.0,322.7,4581
EIHAHOTELS,20260729,309.05,322.0,307.8,315.9,26125
EIHOTEL,20260729,326.05,337.9,326.05,335.75,285086
EIMCOELECO,20260729,1806.1,1817.9,1783.0,1791.8,10969
EKC,20260729,107.25,109.39,106.0,107.22,301383
ELANTAS,20260729,9397.0,9601.0,9309.0,9556.0,321
ELCIDIN,20260729,109000.0,112000.0,109000.0,112000.0,12
ELDEHSG,20260729,782.5,792.45,780.0,788.7,804
ELECON,20260729,416.4,428.0,416.4,423.75,477598
ELECTCAST,20260729,71.4,72.5,71.4,71.97,736508
ELECTHERM,20260729,1027.9,1027.9,1001.0,1008.7,7401
ELGIEQUIP,20260729,571.1,581.0,568.1,577.15,111425
ELGIRUBCO,20260729,54.8,59.49,54.8,58.05,37535
ELIN,20260729,101.74,102.45,99.51,100.55,87538
ELIQUID,20260729,1041.34,1041.36,1041.34,1041.35,33220
ELITECON,20260729,16.05,16.09,15.63,15.81,949214
ELLEN,20260729,276.9,278.9,268.95,270.8,247072
ELM250,20260729,16.63,16.73,16.55,16.58,351872
ELPROINTL,20260729,177.0,177.98,176.31,176.97,83896
EMAMILTD,20260729,407.4,414.8,406.4,407.85,440494
EMAMIPAP,20260729,103.0,111.0,102.0,106.48,127672
EMAMIREAL,20260729,81.0,81.0,76.3,78.55,6971
EMBDL,20260729,62.14,62.44,61.41,62.04,2606314
EMCURE,20260729,1892.2,1918.0,1880.0,1903.7,87477
EMETAL,20260729,12.9,12.9,12.51,12.74,1463
EMIL,20260729,127.15,133.99,127.15,132.46,1195900
EMKAY,20260729,234.0,241.85,233.85,240.85,20259
EMMBI,20260729,88.3,89.0,85.31,86.75,5426
EMMVEE,20260729,330.95,331.75,316.0,316.7,1950268
EMPOWER,20260729,2.45,2.45,2.43,2.44,1967180
EMSLIMITED,20260729,389.0,398.55,388.9,396.1,155018
EMUDHRA,20260729,460.1,468.95,451.5,454.4,172681
EMULTIMQ,20260729,40.77,40.8,40.44,40.76,7361
ENDURANCE,20260729,2735.0,2794.0,2712.8,2783.3,113244
ENERGY,20260729,38.5,38.54,38.12,38.36,963129
ENERGYDEV,20260729,16.66,17.39,16.66,16.94,10182
ENEXT50,20260729,71.69,72.57,71.69,72.57,552
ENGINERSIN,20260729,223.0,226.5,222.91,225.56,614767
ENIFTY,20260729,24.79,24.79,24.24,24.41,3134
ENIL,20260729,106.41,108.0,105.51,107.82,7500
ENRIN,20260729,3165.0,3229.0,3143.5,3170.7,306479
ENTERO,20260729,1235.8,1255.5,1215.3,1222.2,41896
EPACK,20260729,232.0,235.54,230.21,233.36,295701
EPACKPEB,20260729,256.0,272.49,253.61,263.71,1637690
EPIGRAL,20260729,1190.0,1190.0,1122.3,1127.3,71353
EPL,20260729,238.0,239.15,234.0,234.44,263639
EQUAL200,20260729,13.82,13.91,13.82,13.88,9742
EQUAL50,20260729,335.0,336.19,335.0,335.11,454
EQUAL50ADD,20260729,345.39,346.93,345.23,346.38,8841
EQUIPPP,20260729,24.43,24.5,23.74,23.75,6990
EQUITASBNK,20260729,73.7,74.29,70.61,73.13,9385579
ERIS,20260729,1397.0,1441.9,1383.9,1426.5,369152
ESABINDIA,20260729,5572.5,5600.0,5550.0,5582.0,1822
ESAFSFB,20260729,37.1,38.5,35.7,37.43,2663369
ESCORTS,20260729,3031.0,3039.9,2986.1,3016.8,131827
ESENSEX,20260729,77.54,78.31,77.54,78.27,58
ESG,20260729,41.55,41.85,41.55,41.73,21978
ESILVER,20260729,215.44,217.43,215.14,216.0,70782
ESSARSHPNG,20260729,20.0,20.52,20.0,20.23,66889
ESSENTIA,20260729,1.06,1.07,1.04,1.05,1441638
ESTER,20260729,89.83,90.5,88.52,88.95,23368
ETERNAL,20260729,309.9,316.35,308.5,311.8,49740797
ETHOSLTD,20260729,2552.5,2621.9,2548.2,2560.6,22114
EUREKAFORB,20260729,460.8,462.0,449.3,451.4,98921
EUROBOND,20260729,159.0,168.95,157.5,159.42,13688
EUROPRATIK,20260729,309.25,314.75,306.55,312.7,145189
EVEREADY,20260729,349.15,352.0,344.5,346.55,93488
EVERESTIND,20260729,504.0,515.0,492.55,497.9,40959
EVIETF,20260729,32.49,32.49,31.95,32.15,135857
EVINDIA,20260729,32.01,32.49,32.0,32.13,263618
EXCELINDUS,20260729,987.0,999.75,979.0,991.35,13236
EXCELSOFT,20260729,76.99,79.0,76.51,77.81,350291
EXICOM,20260729,159.99,164.7,158.0,159.35,854513
EXIDEIND,20260729,424.0,436.8,420.35,435.65,2846579
EXPLEOSOL,20260729,922.3,971.15,884.0,925.4,1662306
EXXARO,20260729,6.49,6.49,6.26,6.36,176611
FABTECH,20260729,147.23,151.05,147.23,149.57,69115
FACT,20260729,816.0,835.1,816.0,826.5,97790
FAIRCHEMOR,20260729,829.9,829.9,829.9,829.9,4857
FAZE3Q,20260729,538.0,554.0,538.0,539.8,3227
FCL,20260729,40.99,41.19,39.0,39.35,6684024
FCSSOFT,20260729,1.5,1.53,1.5,1.51,837443
FDC,20260729,409.0,416.0,408.5,414.3,55097
FEDDERSHOL,20260729,42.49,44.99,42.11,43.79,842941
FEDERALBNK,20260729,359.0,359.9,356.45,359.15,5713345
FEDFINA,20260729,152.0,156.5,150.5,155.06,900610
FEL,20260729,0.39,0.39,0.38,0.38,162213
FELDVR,20260729,2.55,2.55,2.33,2.33,1178
FERMENTA,20260729,464.95,464.95,446.1,451.65,73788
FIBERWEB,20260729,30.04,30.48,29.31,29.91,15490
FIEMIND,20260729,2330.0,2350.8,2321.0,2331.3,16216
FILATEX,20260729,73.0,73.56,70.77,71.45,2885803
FILATFASH,20260729,0.18,0.19,0.18,0.18,16467873
FINCABLES,20260729,978.9,989.4,973.9,984.9,137633
FINEORG,20260729,4825.5,4864.5,4783.0,4794.0,6077
FINIETF,20260729,32.57,32.79,32.53,32.77,218093
FINKURVE,20260729,61.99,65.52,61.0,62.06,81187
FINOPB,20260729,163.95,164.29,160.63,163.03,529965
FINPIPE,20260729,163.96,165.75,162.5,164.77,365445
FIRSTCRY,20260729,213.3,215.6,211.65,215.03,492831
FISCHER,20260729,36.87,37.0,35.5,35.76,2312742
FIVESTAR,20260729,561.4,572.25,556.4,568.55,938761
FLAIR,20260729,255.0,257.7,251.85,255.1,56740
FLEXIADD,20260729,10.14,10.23,10.13,10.21,95963
FLEXITUFF,20260729,4.52,4.55,4.34,4.52,43645
FLFL,20260729,1.28,1.3,1.26,1.27,13291
FLUOROCHEM,20260729,4540.0,4637.9,4472.0,4582.1,85239
FMCGADD,20260729,49.61,49.98,49.61,49.92,14980
FMCGIETF,20260729,52.69,53.45,52.63,53.27,1384693
FMGOETZE,20260729,487.4,489.45,469.55,474.85,79001
FMNL,20260729,9.06,9.28,9.06,9.24,12172
FOCUS,20260729,71.69,71.69,70.0,70.73,9569
FOODSIN,20260729,56.0,56.0,54.25,54.58,56586
FORCEMOT,20260729,17375.0,17375.0,17002.0,17334.0,74765
FORTIS,20260729,946.9,958.5,944.75,952.05,986990
FOSECOIND,20260729,5011.0,5091.0,4967.0,4984.0,1177
FRACTAL,20260729,795.0,799.4,784.15,786.4,173436
FRONTSP,20260729,1354.6,1388.4,1316.8,1326.5,22238
FSL,20260729,266.0,298.5,266.0,293.58,49403727
FUSION,20260729,210.5,212.39,204.5,205.6,460813
GABRIEL,20260729,1418.9,1434.9,1404.9,1414.8,201077
GAEL,20260729,157.0,167.8,156.31,164.31,3688190
GAIL,20260729,175.5,176.0,173.5,175.12,8274629
GALAPREC,20260729,1098.0,1125.0,1065.0,1074.7,79019
GALAXYSURF,20260729,1958.0,1970.6,1915.2,1960.6,25275
GALLANTT,20260729,593.0,603.3,592.85,603.3,49030
GANDHAR,20260729,237.61,240.0,230.0,232.18,3607556
GANDHITUBE,20260729,873.9,883.0,870.65,874.8,6564
GANECOS,20260729,1180.0,1229.9,1170.0,1202.95,103391
GANESHBE,20260729,126.13,128.78,121.1,122.16,1678475
GANESHCP,20260729,169.2,173.69,166.56,167.19,120251
GANESHHOU,20260729,772.0,796.6,728.2,768.55,214674
GANGAFORGE,20260729,1.79,1.79,1.76,1.79,1687840
GANGESSECU,20260729,116.5,116.5,113.1,114.77,1422
GARFIBRES,20260729,733.1,750.05,720.3,729.95,40144
GARUDA,20260729,172.8,172.8,170.1,170.93,156296
GATECH,20260729,0.5,0.52,0.48,0.49,6394838
GATECHDVR,20260729,0.43,0.45,0.43,0.44,373093
GATEWAY,20260729,58.4,58.8,58.0,58.2,497243
GAUDIUMIVF,20260729,142.99,142.99,142.99,142.99,6760
GAYAHWS,20260729,2.1,2.1,1.88,2.0,278461
GAYAPROJ,20260729,20.39,20.7,19.9,20.12,162978
GCSL,20260729,522.0,526.9,515.2,517.9,499140
GEECEE,20260729,337.3,347.0,330.5,341.5,1550
GEEKAYWIRE,20260729,23.5,23.96,23.01,23.12,32234
GEMAROMA,20260729,184.1,191.03,181.0,189.28,91309
GENCON,20260729,40.29,40.39,39.22,39.6,268914
GENESYS,20260729,282.0,283.5,272.25,277.0,512653
GENUSPAPER,20260729,12.17,12.8,12.17,12.29,45394
GENUSPOWER,20260729,315.0,316.65,312.5,313.6,1003160
GEOJITFSL,20260729,73.4,76.1,73.4,75.38,354201
GESHIP,20260729,1388.1,1391.7,1356.1,1370.7,290715
GFLLIMITED,20260729,47.5,47.5,46.8,46.93,14682
GHCL,20260729,437.4,442.6,433.9,439.15,148172
GHCLTEXTIL,20260729,115.95,120.15,115.5,119.53,890788
GICHSGFIN,20260729,147.65,149.29,147.25,148.35,62936
GICL,20260729,16.7,16.99,16.03,16.93,102513
GICRE,20260729,359.9,361.35,357.05,358.95,315421
GILLANDERS,20260729,88.99,91.0,87.15,87.92,3745
GILLETTE,20260729,7876.5,7929.5,7795.0,7892.0,12593
GILT10BETA,20260729,26.93,26.93,26.4,26.44,436
GILT5BETA,20260729,66.29,66.95,65.64,66.7,1199
GILT5YBEES,20260729,66.39,66.69,66.01,66.05,80969
GINNIFILA,20260729,45.15,46.63,45.15,45.91,112018
GIPCL,20260729,162.0,163.72,161.42,162.65,129408
GKENERGY,20260729,134.99,136.31,134.31,134.67,209813
GKSL,20260729,128.69,128.89,126.5,127.1,123385
GKWLIMITED,20260729,1655.0,1655.0,1592.1,1632.8,132
GLAND,20260729,2428.7,2550.0,2428.7,2543.7,841656
GLAXO,20260729,2645.9,2670.0,2609.0,2626.4,59537
GLENMARK,20260729,2196.4,2267.7,2186.2,2261.7,593720
GLFL,20260729,5.6,5.78,5.56,5.78,526
GLOBAL,20260729,105.5,105.86,101.7,102.19,24040
GLOBALE,20260729,10.97,10.97,10.63,10.94,335
GLOBALVECT,20260729,169.8,172.45,165.0,166.35,17268
GLOBE,20260729,2.19,2.2,2.13,2.16,138363
GLOBECIVIL,20260729,40.5,40.89,39.32,40.13,10249
GLOBUSSPR,20260729,882.0,894.95,871.65,876.95,74781
GLOSTERLTD,20260729,673.4,686.9,672.1,677.3,626
GLOTTIS,20260729,66.0,68.0,66.0,67.0,28552
GMBREW,20260729,894.8,905.0,892.4,902.5,13636
GMDCLTD,20260729,554.7,576.9,554.7,574.25,1122256
GMMPFAUDLR,20260729,814.45,818.4,802.5,803.65,33321
GMRAIRPORT,20260729,108.0,108.45,106.36,107.1,10241822
GMRP&UI,20260729,96.6,97.29,96.31,96.83,331814
GNA,20260729,514.0,537.5,507.85,532.15,374601
GNFC,20260729,517.5,528.0,513.9,525.1,515182
GNRL,20260729,91.39,95.7,90.9,94.78,65977
GOACARBON,20260729,374.1,396.9,370.1,391.0,68899
GOCLCORP,20260729,390.0,390.85,378.0,382.95,49489
GOCOLORS,20260729,316.75,324.95,311.9,323.0,197807
GODAVARIB,20260729,272.0,272.0,268.2,269.05,34212
GODFRYPHLP,20260729,2021.3,2084.6,2013.0,2076.0,861418
GODIGIT,20260729,248.0,254.6,245.0,253.15,965451
GODREJAGRO,20260729,570.0,570.0,556.35,560.35,198771
GODREJCP,20260729,1071.7,1086.8,1069.0,1076.5,427345
GODREJIND,20260729,1309.2,1325.2,1290.0,1293.3,64640
GODREJPROP,20260729,2159.7,2180.0,2139.4,2156.0,770545
GOKEX,20260729,814.55,830.0,810.0,824.75,160147
GOKUL,20260729,39.47,39.47,38.53,39.21,132901
GOKULAGRO,20260729,213.0,224.0,211.08,223.2,908074
GOLD1,20260729,117.01,118.13,117.01,117.83,1598949
GOLD360,20260729,138.15,138.5,137.75,138.2,2871
GOLDADD,20260729,137.34,137.66,136.97,137.35,65537
GOLDAXIS,20260729,114.68,118.06,114.68,117.74,631067
GOLDBEES,20260729,116.83,117.15,116.33,116.85,19147325
GOLDBETA,20260729,118.1,119.2,118.1,118.85,233295
GOLDBND,20260729,141.47,141.75,141.02,141.37,2217
GOLDCASE,20260729,22.33,22.33,22.16,22.22,10568168
GOLDENTOBC,20260729,24.84,25.5,23.75,24.73,2975
GOLDETF,20260729,137.39,137.65,137.05,137.26,635283
GOLDIAM,20260729,358.7,364.4,350.45,352.8,607428
GOLDIETF,20260729,121.21,121.35,120.6,121.1,3087152
GOLDTECH,20260729,55.08,56.75,54.3,55.46,15010
GOODLUCK,20260729,1541.0,1548.0,1526.3,1532.0,51034
GOODYEAR,20260729,817.0,824.9,816.0,823.3,10345
GOPAL,20260729,265.0,266.7,261.4,264.3,114466
GOYALALUM,20260729,6.6,6.68,6.52,6.61,39472
GPIL,20260729,245.65,253.0,244.4,251.8,1509419
GPPL,20260729,148.6,150.75,148.6,150.18,712597
GPTHEALTH,20260729,166.8,167.8,163.1,167.19,164492
GPTINFRA,20260729,122.0,123.9,121.0,122.38,96229
GRADIENTE,20260729,2.97,2.98,2.76,2.8,331999
GRANDOAK,20260729,37.0,37.0,35.36,35.36,16227
GRANULES,20260729,855.0,868.8,837.75,841.85,916692
GRAPHITE,20260729,645.0,668.3,638.0,666.65,734917
GRASIM,20260729,3131.8,3149.0,3105.1,3113.0,304356
GRAUWEIL,20260729,73.54,77.5,73.54,76.45,162283
GRAVISSHO,20260729,29.03,30.9,29.03,30.84,1966
GRAVITA,20260729,1646.6,1663.0,1611.2,1615.2,426423
GREAVESCOT,20260729,238.68,242.36,237.1,239.64,608912
GREENLAM,20260729,253.1,258.85,252.0,254.15,49331
GREENPANEL,20260729,191.21,193.79,189.69,191.54,116606
GREENPLY,20260729,284.5,287.9,278.0,285.8,240938
GREENPOWER,20260729,9.94,10.0,9.83,9.89,1376851
GRINDWELL,20260729,2043.0,2125.0,2040.0,2118.7,121921
GRINFRA,20260729,866.9,888.15,859.55,884.9,15403
GRMOVER,20260729,89.57,90.16,88.3,88.91,317798
GROBTEA,20260729,905.0,928.0,890.0,917.2,94
GROWW,20260729,196.3,196.64,192.5,193.71,31903895
GROWWCAPM,20260729,11.09,11.25,11.04,11.12,316115
GROWWCHEM,20260729,29.9,30.49,29.65,30.4,74730
GROWWDEFNC,20260729,92.43,92.88,91.51,92.22,221822
GROWWEV,20260729,31.0,32.15,31.0,32.05,277306
GROWWGOLD,20260729,13.89,13.89,13.78,13.81,740800
GROWWHOSPI,20260729,54.0,54.61,54.0,54.54,499994
GROWWLIQID,20260729,110.11,110.12,110.11,110.11,340067
GROWWLOVOL,20260729,10.5,10.63,10.5,10.55,57278
GROWWMC150,20260729,229.85,232.28,229.85,230.86,518
GROWWMETAL,20260729,11.49,12.15,11.49,12.12,772974
GROWWMOM50,20260729,10.75,10.75,10.44,10.54,29242
GROWWN200,20260729,11.39,11.39,11.25,11.35,75731
GROWWNET,20260729,10.27,10.27,9.82,10.14,391331
GROWWNIFTY,20260729,9.93,9.93,9.69,9.8,772138
GROWWNXT50,20260729,72.65,73.0,72.31,72.59,5673
GROWWPOWER,20260729,11.49,11.5,11.32,11.41,6746168
GROWWPSE,20260729,99.1,100.8,98.52,99.08,1580
GROWWPSUBK,20260729,82.22,83.88,82.22,83.59,3855
GROWWRAIL,20260729,28.74,29.19,28.72,29.14,633675
GROWWRLTY,20260729,10.28,10.45,10.21,10.27,220541
GROWWSC250,20260729,10.24,10.44,10.22,10.36,215430
GROWWSLVR,20260729,21.24,21.34,21.11,21.19,1170779
GRPLTD,20260729,2000.0,2016.7,1956.6,1974.7,2449
GRSE,20260729,2609.0,2665.0,2584.1,2626.1,856027
GRWRHITECH,20260729,7190.0,7190.0,6811.5,6967.5,56902
GSEC10IETF,20260729,265.45,265.45,264.01,264.01,158
GSEC10YEAR,20260729,30.64,30.64,30.36,30.47,12337
GSEC5IETF,20260729,65.82,66.5,65.82,66.23,9643
GSFC,20260729,160.49,162.9,159.99,160.64,486881
GSLSU,20260729,27.59,28.56,27.01,27.98,74493
GSPCROP,20260729,548.0,591.75,547.1,582.65,701238
GSS,20260729,12.29,13.05,11.96,12.44,80942
GTECJAINX,20260729,29.2,29.78,29.1,29.1,2601
GTL,20260729,7.36,7.36,7.21,7.29,107643
GTLINFRA,20260729,1.21,1.22,1.2,1.21,24414946
GTPL,20260729,60.03,60.84,59.57,59.76,34716
GUFICBIO,20260729,387.95,388.8,380.3,382.35,35442
GUJALKALI,20260729,709.95,710.0,680.4,683.65,87328
GUJAPOLLO,20260729,350.05,357.9,346.6,349.3,3403
GUJENERGY,20260729,269.3,276.0,269.05,273.05,787583
GUJRAFFIA,20260729,39.51,40.99,39.05,39.08,897
GUJTHEM,20260729,355.3,359.95,355.0,356.9,23813
GULFOILLUB,20260729,1045.0,1069.3,1035.0,1060.7,66292
GULFPETRO,20260729,47.87,47.87,45.33,45.33,153578
GULPOLY,20260729,190.61,199.4,188.45,198.15,341296
GVKPIL,20260729,2.43,2.44,2.37,2.39,421234
GVPIL,20260729,750.95,767.9,735.2,751.5,202620
GVPTECH,20260729,6.99,7.14,6.77,6.94,65448
GVT&D,20260729,4115.0,4154.0,4041.2,4101.6,1506472
GYFTR,20260729,150.01,172.5,145.15,152.82,431549
HAL,20260729,4600.1,4621.0,4535.0,4592.0,495981
HALDER,20260729,232.73,250.0,230.5,238.57,26754
HALDYNGL,20260729,121.96,124.0,120.0,120.58,27403
HALEOSLABS,20260729,1535.5,1577.0,1500.0,1562.5,1317
HAPPSTMNDS,20260729,387.5,393.85,384.0,385.65,1284743
HAPPYFORGE,20260729,1650.0,1670.7,1620.9,1659.1,40864
HARDWYN,20260729,11.4,11.62,11.4,11.51,1409088
HARIOMPIPE,20260729,389.95,394.2,388.0,391.25,80687
HARRMALAYA,20260729,212.86,219.25,210.64,218.47,7867
HARSHA,20260729,407.7,413.4,404.0,410.6,61829
HATHWAY,20260729,10.81,10.89,10.75,10.8,957061
HATSUN,20260729,879.95,888.0,870.05,885.6,17173
HAVELLS,20260729,1230.1,1244.4,1227.9,1237.0,584475
HAVISHA,20260729,1.25,1.31,1.24,1.26,38714
HAWKINCOOK,20260729,8896.0,8938.0,8456.0,8520.5,8569
HBESD,20260729,75.5,76.98,73.5,76.77,771
HBLENGINE,20260729,701.9,714.45,698.15,708.05,617772
HBSL,20260729,46.99,49.4,46.99,49.27,3220
HCC,20260729,21.2,21.45,20.98,21.35,13182576
HCG,20260729,674.55,684.85,670.55,674.75,68321
HCL-INSYS,20260729,11.65,11.65,11.35,11.41,85677
HCLTECH,20260729,1344.0,1352.7,1323.2,1344.3,3061520
HDBFS,20260729,684.0,686.15,676.2,679.7,463889
HDFCAMC,20260729,2535.1,2557.2,2528.3,2541.9,470968
HDFCBANK,20260729,743.0,751.25,740.8,748.2,20460659
HDFCBSE500,20260729,37.22,37.82,37.22,37.61,595127
HDFCGOLD,20260729,120.78,121.05,120.14,120.73,1987730
HDFCGROWTH,20260729,119.8,121.5,119.73,121.35,190478
HDFCLIFE,20260729,561.0,561.95,555.6,556.7,1180266
HDFCLIQUID,20260729,1071.36,1071.36,1071.34,1071.34,78455
HDFCLOWVOL,20260729,20.99,21.2,20.95,21.05,28735
HDFCMID150,20260729,23.85,23.85,23.03,23.39,278104
HDFCMOMENT,20260729,30.39,30.5,30.3,30.46,59678
HDFCNEXT50,20260729,73.97,74.18,73.69,74.04,596255
HDFCNIF100,20260729,26.07,26.19,25.9,26.06,12128
HDFCNIFBAN,20260729,59.89,59.89,58.64,58.78,62191
HDFCNIFIT,20260729,33.53,33.53,32.63,33.1,855391
HDFCNIFTY,20260729,277.27,277.27,271.36,272.91,109707
HDFCPSUBK,20260729,84.34,84.72,83.99,84.16,52562
HDFCPVTBAN,20260729,28.46,28.46,27.85,28.11,541624
HDFCQUAL,20260729,57.75,58.91,57.75,58.78,43724
HDFCSENSEX,20260729,87.5,88.09,87.33,87.85,45531
HDFCSILVER,20260729,206.73,208.25,206.01,206.71,1628287
HDFCSML250,20260729,181.0,181.48,179.07,181.22,2610013
HDFCVALUE,20260729,126.02,126.48,126.01,126.16,1333
HDIL,20260729,1.66,1.69,1.65,1.65,89420
HEADSUP,20260729,6.75,6.89,6.72,6.8,6841
HEALTHADD,20260729,16.71,16.89,16.27,16.85,46986
HEALTHAXIS,20260729,168.6,169.98,168.5,169.58,9868
HEALTHCARE,20260729,21.39,21.65,21.39,21.62,67249
HEALTHIETF,20260729,169.13,171.89,169.13,171.39,87586
HEALTHX,20260729,307.2,310.35,304.0,305.45,715
HEALTHY,20260729,17.41,17.41,16.79,17.17,325140
HECPROJECT,20260729,136.55,137.99,133.0,134.35,10070
HEG,20260729,650.05,675.0,636.15,672.65,2460817
HEIDELBERG,20260729,156.3,159.36,151.9,155.27,343630
HEMIPROP,20260729,134.68,136.8,133.97,134.84,180370
HERANBA,20260729,180.0,180.29,176.0,178.04,23349
HERITGFOOD,20260729,324.05,330.9,322.95,328.75,221069
HEROMOTOCO,20260729,5185.0,5227.9,5127.7,5149.1,682570
HESTERBIO,20260729,2522.9,2547.9,2451.0,2496.9,8568
HEXAGON,20260729,62.5,63.25,61.2,62.06,254298
HEXATRADEX,20260729,159.0,159.11,155.15,157.04,11332
HEXT,20260729,606.0,622.8,590.4,618.3,1588783
HFCL,20260729,189.0,195.5,181.05,193.56,40104195
HGINFRA,20260729,544.2,544.2,530.6,533.65,66154
HGM,20260729,52.2,52.2,49.53,51.27,665
HGS,20260729,421.15,429.4,421.15,423.85,15231
HIKAL,20260729,217.95,224.0,216.99,221.38,243580
HILINFRA,20260729,47.32,48.21,46.0,46.99,45388
HILTON,20260729,21.0,22.05,20.9,21.61,62651
HIMATSEIDE,20260729,80.72,81.09,79.92,80.62,303059
HINDALCO,20260729,940.0,964.8,938.15,962.45,2939377
HINDCOMPOS,20260729,426.65,434.9,423.05,428.05,2268
HINDCON,20260729,22.81,22.89,21.41,22.75,42839
HINDCOPPER,20260729,474.95,485.4,469.0,483.45,2384852
HINDOILEXP,20260729,157.4,159.0,156.15,157.01,205647
HINDPETRO,20260729,399.95,400.05,392.3,392.75,5674023
HINDUNILVR,20260729,2050.5,2123.0,2047.0,2117.8,5183374
HINDWAREAP,20260729,218.05,222.1,216.55,219.4,65650
HINDZINC,20260729,529.8,541.1,527.3,536.7,2538802
HIRECT,20260729,1311.0,1337.0,1275.9,1323.1,94354
HISARMETAL,20260729,148.75,151.9,147.5,148.38,191
HITECH,20260729,85.3,86.7,85.07,86.21,243278
HITECHCORP,20260729,320.65,324.3,317.05,320.0,5080
HITECHGEAR,20260729,584.0,584.0,555.0,562.5,3496
HLEGLAS,20260729,419.0,432.9,418.1,428.0,143438
HLVLTD,20260729,7.03,7.22,7.03,7.12,248003
HMAAGRO,20260729,21.49,22.2,21.22,21.95,621414
HMT,20260729,60.99,60.99,58.51,59.4,8907
HMVL,20260729,91.6,95.3,91.6,94.99,69041
HNDFDS,20260729,578.25,580.0,566.1,568.0,111112
HNGSNGBEES,20260729,494.03,495.0,488.55,491.18,165334
HOMEFIRST,20260729,1188.2,1201.8,1150.0,1174.5,229658
HONASA,20260729,454.0,460.6,446.4,449.35,1012824
HONAUT,20260729,37530.0,41495.0,37480.0,40105.0,55510
HONDAPOWER,20260729,2103.4,2124.9,2089.1,2119.7,2808
HPAL,20260729,33.69,33.69,32.65,32.75,17700
HPIL,20260729,122.08,127.0,121.5,126.07,5555
HPL,20260729,334.0,338.95,334.0,336.25,63914
HSBCGOLD,20260729,123.44,123.58,122.5,123.2,344
HSCL,20260729,753.0,771.8,750.25,769.9,5770526
HTMEDIA,20260729,25.0,25.19,24.5,24.8,57912
HUBTOWN,20260729,191.0,193.09,189.45,191.52,336704
HUDCO,20260729,196.22,198.98,194.75,195.21,2302330
HUHTAMAKI,20260729,301.0,303.0,290.67,296.89,803338
HYBRIDFIN,20260729,18.12,18.54,18.03,18.54,4272
HYUNDAI,20260729,2000.0,2011.9,1971.0,1992.9,327236
IBULLSLTD,20260729,28.55,29.49,28.13,28.13,5757040
ICDSLTD,20260729,41.5,41.5,39.06,41.34,3466
ICEMAKE,20260729,852.55,860.15,804.05,807.95,49706
ICICIAMC,20260729,3121.1,3140.0,3095.2,3110.7,173664
ICICIB22,20260729,111.83,115.7,111.83,115.25,260991
ICICIBANK,20260729,1442.5,1448.5,1428.5,1437.9,10856166
ICICIGI,20260729,1699.0,1699.7,1643.0,1648.8,605476
ICICIPRULI,20260729,510.1,513.4,507.55,511.65,475310
ICIL,20260729,414.8,415.0,403.3,412.9,186143
ICRA,20260729,4725.0,4840.0,4725.0,4775.5,29570
IDBI,20260729,85.1,85.53,83.89,84.14,4781984
IDEA,20260729,13.02,13.19,12.95,13.05,275144292
IDEAFORGE,20260729,847.95,858.9,846.0,848.5,83263
IDFCFIRSTB,20260729,85.75,86.1,84.57,85.02,19050886
IDFNIFTYET,20260729,266.45,268.0,266.45,267.33,1471
IEX,20260729,132.96,134.76,131.8,134.19,8086757
IFBAGRO,20260729,990.1,1016.85,975.05,988.55,8260
IFBIND,20260729,1315.7,1337.4,1313.0,1331.3,32619
IFCI,20260729,69.0,71.79,68.43,71.3,19026984
IFGLEXPOR,20260729,195.0,202.18,193.07,196.14,36525
IGARASHI,20260729,448.5,461.15,448.5,455.85,60191
IGCL,20260729,73.1,79.0,72.86,77.63,234409
IGIL,20260729,329.1,348.1,326.0,347.0,1409315
IGL,20260729,150.01,153.39,150.01,152.91,898213
IGPL,20260729,468.0,468.0,460.0,463.5,13386
IIFL,20260729,585.85,602.3,579.2,595.1,2448855
IIFLCAPS,20260729,336.4,337.9,334.8,335.85,476260
IITL,20260729,134.99,137.0,132.0,136.02,92986
IKIO,20260729,206.7,210.0,202.61,204.7,186351
IKS,20260729,1819.0,1841.4,1809.9,1819.2,47133
IL&FSENGG,20260729,32.5,33.84,32.5,33.84,30910
IL&FSTRANS,20260729,2.2,2.22,2.09,2.2,17588
IMAGICAA,20260729,46.16,46.73,45.65,46.08,392358
IMFA,20260729,1361.4,1391.9,1342.1,1372.7,108837
IMPAL,20260729,1097.9,1133.9,1080.0,1102.6,2392
INA,20260729,111.94,112.44,110.95,111.73,279634
INCREDIBLE,20260729,33.03,33.94,32.55,33.01,1808
INDBANK,20260729,33.15,33.15,32.3,32.55,23955
INDGN,20260729,507.1,524.9,507.1,523.6,206225
INDHOTEL,20260729,737.0,740.5,731.9,738.2,1155231
INDIACEM,20260729,389.95,400.3,386.55,398.2,208689
INDIAGLYCO,20260729,1147.9,1161.05,1140.6,1143.95,73111
INDIAMART,20260729,1764.0,1764.0,1736.1,1751.0,137081
INDIANB,20260729,834.25,839.15,826.05,827.7,772928
INDIANCARD,20260729,223.04,227.98,220.0,222.59,25481
INDIANHUME,20260729,377.0,395.9,372.4,393.85,177726
INDIASHLTR,20260729,732.7,736.85,720.0,724.7,319214
INDIGO,20260729,5280.0,5300.0,5205.0,5276.5,668162
INDIGOPNTS,20260729,1066.6,1109.9,1066.6,1102.3,73919
INDIQUBE,20260729,178.75,185.48,176.01,179.79,44219
INDNIPPON,20260729,1171.2,1186.7,1161.2,1171.9,14637
INDOAMIN,20260729,125.61,129.65,125.61,128.37,14002
INDOBORAX,20260729,396.0,398.9,380.9,384.6,136177
INDOCO,20260729,231.0,235.7,223.0,225.05,357016
INDOFARM,20260729,153.11,156.73,153.1,155.06,145355
INDORAMA,20260729,49.5,54.24,49.5,53.24,632024
INDOSTAR,20260729,268.6,292.0,257.6,274.7,1205846
INDOTECH,20260729,3475.0,3492.0,3339.1,3463.8,8787
INDOTHAI,20260729,223.0,234.89,217.0,217.94,6586147
INDOUS,20260729,84.8,85.9,82.27,84.76,34982
INDOWIND,20260729,9.22,9.34,9.01,9.23,48572
INDPRUD,20260729,6420.0,6600.0,6420.0,6501.0,63
INDRAMEDCO,20260729,370.25,371.75,360.95,362.7,447874
INDSWFTLAB,20260729,238.0,238.0,220.0,223.58,745058
INDTERRAIN,20260729,29.0,29.0,28.02,28.51,37503
INDUSINDBK,20260729,995.05,1015.0,993.55,1012.3,1232625
INDUSTOWER,20260729,385.35,389.4,380.6,386.15,3522014
INFOBEAN,20260729,168.8,172.9,167.5,168.6,660676
INFOMEDIA,20260729,5.16,5.58,5.16,5.41,6514
INFRA,20260729,12.05,12.1,12.03,12.06,13375
INFRABEES,20260729,953.3,968.1,953.3,964.86,4057
INFRAIETF,20260729,95.6,96.05,95.3,95.84,82069
INFY,20260729,1147.0,1164.5,1128.4,1155.6,34400369
INGERRAND,20260729,4230.4,4323.2,4230.4,4285.0,4114
INNOVACAP,20260729,963.9,974.7,959.35,968.65,23306
INNOVANA,20260729,342.25,344.9,326.1,330.85,741
INNOVISION,20260729,283.25,284.9,281.0,282.15,9342
INOXGREEN,20260729,194.68,195.53,180.12,182.55,3301425
INOXINDIA,20260729,1914.4,1927.9,1866.0,1881.8,209899
INOXWIND,20260729,76.94,78.88,76.1,76.6,24060517
INSECTICID,20260729,627.3,639.35,625.1,629.15,12743
INSPIRISYS,20260729,104.97,104.97,98.0,98.32,3146
INTELLECT,20260729,728.0,735.35,716.05,720.0,654980
INTENTECH,20260729,89.72,90.0,87.01,88.71,246890
INTERARCH,20260729,1816.7,1836.2,1795.0,1799.9,19745
INTERNET,20260729,13.6,13.7,13.58,13.65,148424
INTLCONV,20260729,74.78,76.59,73.5,74.57,37708
INVENTURE,20260729,0.92,0.93,0.91,0.91,577383
INVPRECQ,20260729,1050.0,1062.0,1000.0,1012.4,7859
IOB,20260729,34.0,34.07,33.72,33.79,1478850
IOC,20260729,141.35,141.77,139.55,140.11,7526333
IOLCP,20260729,148.0,150.48,146.31,147.35,970921
IONEXCHANG,20260729,418.75,426.85,418.5,423.9,239537
IPCALAB,20260729,1780.1,1808.0,1760.0,1774.5,155850
IPL,20260729,151.45,153.9,150.9,152.73,139686
IRB,20260729,19.65,20.16,19.5,19.98,9542643
IRCON,20260729,125.0,128.27,125.0,126.67,1545863
IRCTC,20260729,486.95,498.4,486.95,496.0,844855
IREDA,20260729,120.48,121.47,120.0,120.82,3240985
IRFC,20260729,87.4,89.64,87.35,89.13,10298238
IRIS,20260729,241.45,250.0,240.75,248.4,35851
IRISDOREME,20260729,49.04,53.0,47.0,49.35,1649151
IRMENERGY,20260729,255.95,259.7,255.0,256.45,40543
ISFT,20260729,79.98,84.5,76.51,79.29,24976
ISGEC,20260729,851.4,862.0,845.05,853.25,15933
ISHANCH,20260729,50.5,52.4,50.5,51.84,6190
IT,20260729,34.1,34.87,33.79,34.56,1238440
ITADD,20260729,32.97,33.31,32.69,32.96,113777
ITAXIS,20260729,336.07,345.32,336.07,342.66,14375
ITBEES,20260729,34.0,34.8,34.0,34.54,49334071
ITBETA,20260729,324.33,329.0,324.33,327.84,1242
ITC,20260729,285.6,289.05,284.15,286.25,19030590
ITCHOTELS,20260729,161.48,164.34,161.19,163.02,1769261
ITDC,20260729,717.35,734.4,714.35,719.5,213617
ITETF,20260729,32.5,33.25,32.5,32.97,1349677
ITI,20260729,273.4,278.5,271.5,277.15,177601
ITIETF,20260729,34.48,34.9,34.24,34.56,3682663
IVALUE,20260729,286.9,288.6,280.8,284.55,373123
IVC,20260729,8.26,8.32,8.16,8.24,76273
IVP,20260729,154.5,158.5,149.85,151.29,9208
IVZINGOLD,20260729,122.75,123.3,122.05,122.95,34200
IVZINNIFTY,20260729,2768.0,2780.73,2760.58,2778.13,214
IWP,20260729,34.5,34.5,32.64,33.05,1417
IXIGO,20260729,192.04,195.0,189.61,194.03,353352
IZMO,20260729,1095.9,1108.6,1051.0,1055.4,72997
J&KBANK,20260729,178.7,182.29,153.2,154.63,36982212
JAGRAN,20260729,62.23,63.16,62.0,62.55,224462
JAGSNPHARM,20260729,224.55,231.9,223.21,230.5,77095
JAIBALAJI,20260729,60.35,61.5,59.5,61.13,261098
JAICORPLTD,20260729,101.4,102.49,100.7,101.76,189579
JAINREC,20260729,341.0,345.6,333.8,335.35,858463
JAIPURKURT,20260729,27.89,27.89,26.52,27.25,13268
JAMNAAUTO,20260729,131.98,133.51,131.55,131.97,602751
JARO,20260729,485.9,490.3,475.0,476.45,91471
JASH,20260729,509.7,509.7,492.5,494.55,99535
JAYAGROGN,20260729,226.37,231.59,221.66,224.29,13203
JAYBARMARU,20260729,161.48,166.0,153.0,153.0,782043
JAYKAY,20260729,162.85,163.79,160.0,160.65,61534
JAYNECOIND,20260729,89.0,90.0,88.44,88.81,2702271
JAYSREETEA,20260729,81.01,82.7,80.8,82.56,31592
JBMA,20260729,662.0,679.7,660.1,676.0,238674
JETFREIGHT,20260729,24.34,24.34,19.56,21.22,751872
JGCHEM,20260729,506.0,515.0,500.75,502.6,90334
JHS,20260729,7.35,7.86,7.31,7.47,39814
JINDALPHOT,20260729,1061.7,1094.9,1053.0,1063.1,2864
JINDALPOLY,20260729,642.0,642.95,631.05,636.95,4723
JINDALSAW,20260729,259.0,260.6,255.1,257.6,570314
JINDALSTEL,20260729,1054.4,1099.9,1054.2,1088.7,1960722
JINDRILL,20260729,585.9,589.25,576.0,578.05,96028
JINDWORLD,20260729,38.91,39.0,37.15,38.16,6721023
JIOFIN,20260729,238.0,253.9,237.51,249.48,48984683
JISLDVREQS,20260729,21.7,23.0,21.51,22.0,20504
JISLJALEQS,20260729,30.43,30.57,29.99,30.13,1202432
JITFINFRA,20260729,347.0,357.3,340.1,353.3,19296
JKCEMENT,20260729,5645.0,5748.0,5611.0,5642.0,52330
JKIL,20260729,482.0,485.45,480.2,481.35,50930
JKIPL,20260729,99.9,101.7,95.25,100.62,9714
JKLAKSHMI,20260729,568.7,568.7,561.1,564.85,81911
JKPAPER,20260729,393.85,396.65,386.4,388.55,442577
JKTYRE,20260729,403.2,405.2,400.2,401.55,437482
JLHL,20260729,329.9,335.0,322.8,327.1,185119
JMA,20260729,89.0,89.0,86.01,87.02,4102
JMFINANCIL,20260729,123.9,124.92,123.0,123.26,1147050
JNKINDIA,20260729,464.0,470.5,453.3,457.9,157770
JOCIL,20260729,141.61,147.95,141.61,144.86,842
JPOLYINVST,20260729,1026.8,1046.0,1026.8,1044.5,2081
JPPOWER,20260729,16.93,17.16,16.89,17.04,25289247
JSFB,20260729,534.7,581.0,527.2,572.35,3307725
JSL,20260729,733.0,739.4,725.65,728.5,250436
JSLL,20260729,569.0,582.95,562.0,564.9,621946
JSWCEMENT,20260729,134.22,135.71,131.8,132.46,2998961
JSWDULUX,20260729,2929.8,3009.8,2929.8,2973.5,10735
JSWENERGY,20260729,550.0,550.95,543.9,545.7,1361191
JSWHL,20260729,11050.0,11199.0,10961.0,11163.0,1892
JSWINFRA,20260729,318.2,318.35,311.85,316.55,3228953
JSWSTEEL,20260729,1255.7,1279.0,1243.2,1276.6,1516573
JTEKTINDIA,20260729,135.89,136.0,133.32,134.29,123198
JTLIND,20260729,72.25,74.5,71.56,73.68,912175
JUBLCPL,20260729,1820.0,1871.9,1819.2,1840.6,2982
JUBLFOOD,20260729,434.0,441.6,432.8,440.1,2657255
JUBLINGREA,20260729,730.0,746.15,727.8,738.1,232339
JUBLPHARMA,20260729,965.0,989.95,965.0,977.4,124630
JUNIORBEES,20260729,783.8,784.15,781.0,783.51,249083
JUNIPER,20260729,194.02,198.15,194.02,197.09,52942
JUSTDIAL,20260729,736.0,777.75,730.1,753.7,1344499
JWL,20260729,246.0,270.0,246.0,259.3,11669277
JYOTHYLAB,20260729,204.25,208.82,203.89,206.19,739079
JYOTICNC,20260729,810.3,824.6,801.1,822.8,620652
JYOTISTRUC,20260729,10.87,11.05,10.75,10.95,2875463
KABRAEXTRU,20260729,399.2,399.2,384.05,390.15,97830
KAJARIACER,20260729,1213.0,1230.2,1200.2,1209.7,241578
KAKATCEM,20260729,117.52,122.88,117.0,120.18,1772
KALAMANDIR,20260729,88.8,89.65,87.91,88.77,429999
KALPATARU,20260729,274.15,297.4,274.15,297.4,575121
KALYANIFRG,20260729,612.4,612.4,596.0,603.85,582
KALYANKJIL,20260729,612.0,634.7,609.35,628.6,44160878
KAMAHOLD,20260729,2525.2,2577.0,2525.2,2538.0,1872
KAMATHOTEL,20260729,167.39,172.36,167.39,170.37,13705
KAMDHENU,20260729,36.45,36.9,34.91,35.85,610815
KAMOPAINTS,20260729,4.54,4.65,4.51,4.59,117276
KANANIIND,20260729,1.49,1.5,1.47,1.48,57307
KANCHI,20260729,369.0,373.0,367.0,367.25,592
KANORICHEM,20260729,157.25,158.3,150.0,150.71,20928
KANPRPLA,20260729,217.6,223.58,210.96,215.33,29720
KANSAINER,20260729,198.5,204.05,198.16,200.06,342149
KAPSTON,20260729,456.6,466.0,450.05,461.25,33288
KARMAENG,20260729,38.11,38.89,37.26,37.47,1728
KARURVYSYA,20260729,341.0,342.75,338.0,340.1,1528804
KAUSHALYA,20260729,900.0,910.0,882.0,909.25,147
KAVDEFENCE,20260729,57.33,57.5,56.0,56.42,51932
KAYA,20260729,283.58,288.0,280.2,283.12,13150
KAYNES,20260729,3271.0,3685.0,3270.2,3638.6,6028689
KCP,20260729,162.05,164.0,161.14,162.96,45763
KCPSUGIND,20260729,30.6,33.33,30.26,32.56,1099257
KDDL,20260729,3141.4,3167.2,3095.7,3124.9,8614
KEC,20260729,467.35,479.8,463.3,477.55,1267329
KECL,20260729,144.0,146.79,135.2,143.48,291161
KEEPLEARN,20260729,1.91,1.95,1.91,1.93,16716
KEI,20260729,4850.0,4906.0,4815.5,4853.5,207369
KELLTONTEC,20260729,14.21,14.26,14.1,14.14,1121057
KENNAMET,20260729,2850.1,2896.8,2835.8,2875.8,10212
KERNEX,20260729,2312.0,2312.0,2150.0,2196.0,167560
KESORAMIND,20260729,11.09,11.57,10.62,11.37,891997
KEYFINSERV,20260729,255.0,267.95,255.0,258.78,1674
KFINTECH,20260729,974.0,974.0,945.9,948.8,1199473
KHADIM,20260729,94.86,97.0,92.0,95.42,19856
KHAICHEM,20260729,48.89,49.31,47.72,48.15,112628
KHAITANLTD,20260729,132.0,132.0,128.5,130.0,132
KHANDSE,20260729,16.65,18.5,16.65,17.49,6943
KICL,20260729,5377.5,5479.5,5370.5,5400.5,659
KILITCH,20260729,185.36,187.0,183.0,186.2,17713
KIMS,20260729,799.95,804.9,792.1,798.0,592073
KINGFA,20260729,4992.0,5084.5,4980.0,5050.5,3412
KIOCL,20260729,350.5,366.0,349.95,361.35,82148
KIRANVYPAR,20260729,200.95,203.88,195.31,196.19,1294
KIRIINDUS,20260729,404.75,409.5,401.6,408.15,104365
KIRLFER,20260729,479.45,480.95,472.3,474.2,28785
KIRLOSBROS,20260729,1861.6,1866.5,1840.0,1854.7,46508
KIRLOSENG,20260729,2203.1,2219.4,2166.1,2180.9,198346
KIRLOSIND,20260729,3777.8,3810.0,3755.0,3760.2,3950
KIRLPNU,20260729,1448.8,1520.9,1448.8,1502.6,238245
KISSHT,20260729,343.0,348.9,334.45,343.45,1091197
KITEX,20260729,145.53,147.0,145.27,146.02,261166
KKCL,20260729,497.7,509.0,496.25,508.0,18788
KLBRENG-B,20260729,441.0,444.75,433.5,435.8,57187
KMEW,20260729,2534.0,2737.0,2534.0,2679.8,446405
KMSUGAR,20260729,28.02,28.36,27.5,27.74,90263
KNACK,20260729,191.0,193.19,188.0,189.51,820796
KNAGRI,20260729,223.4,223.4,207.0,209.56,10499
KNRCON,20260729,120.4,122.0,120.4,121.3,299131
KOHINOOR,20260729,22.8,23.16,22.5,22.86,37946
KOKUYOCMLN,20260729,86.7,86.7,83.31,84.63,20390
KOLTEPATIL,20260729,394.45,399.45,388.0,390.1,69752
KOPRAN,20260729,197.2,201.6,189.38,191.64,108742
KOTAKBANK,20260729,387.0,392.25,385.15,390.2,9190194
KOTARISUG,20260729,25.24,25.8,25.06,25.27,34588
KOTHARIPET,20260729,132.95,140.9,131.55,138.86,252597
KOTHARIPRO,20260729,67.17,68.84,65.1,65.83,13502
KOTIC,20260729,159.53,165.0,158.35,159.69,11413
KOTYARK,20260729,33.3,35.22,32.6,33.76,91935
KOVAI,20260729,5914.5,6015.0,5855.5,5945.0,2708
KPEL,20260729,314.95,315.15,307.15,310.9,112466
KPIGREEN,20260729,388.0,391.95,387.0,390.35,248799
KPIL,20260729,1265.5,1309.9,1262.3,1303.4,114021
KPITTECH,20260729,610.0,662.65,606.65,638.75,28550031
KPL,20260729,2610.0,2637.8,2535.6,2604.0,23878
KPRMILL,20260729,1050.0,1064.0,1043.6,1060.5,115295
KRBL,20260729,345.95,351.65,341.6,348.55,187366
KREBSBIO,20260729,53.35,54.64,53.35,54.04,5926
KRIDHANINF,20260729,2.37,2.43,2.3,2.34,56506
KRISHANA,20260729,165.8,174.0,162.7,164.55,1913117
KRISHIVAL,20260729,392.0,399.4,386.5,395.4,2801
KRISHNADEF,20260729,1212.0,1239.4,1190.5,1218.7,108297
KRITI,20260729,65.94,68.78,65.2,68.78,9512
KRITIKA,20260729,5.37,5.59,5.37,5.46,51303
KRITINUT,20260729,75.88,77.98,70.0,72.3,43146
KRN,20260729,1248.9,1248.9,1200.0,1208.0,60943
KRONOX,20260729,151.22,157.5,151.22,153.98,105948
KROSS,20260729,197.9,200.0,194.5,198.33,395327
KRSNAA,20260729,534.65,540.55,531.3,533.45,48095
KRYSTAL,20260729,601.95,602.6,600.0,600.15,9790
KSB,20260729,849.95,856.9,832.6,842.6,115181
KSCL,20260729,825.0,835.6,799.65,806.75,106809
KSHINTL,20260729,849.7,858.7,819.75,825.4,192632
KSHITIJPOL,20260729,3.0,3.2,2.95,2.96,1489698
KSL,20260729,906.45,921.95,887.35,890.95,34792
KSOLVES,20260729,279.35,286.2,278.5,281.9,40211
KSR,20260729,28.12,29.61,28.12,28.92,10527
KTKBANK,20260729,278.05,283.0,276.1,279.0,3157848
KUANTUM,20260729,79.0,80.8,76.91,77.53,93689
KUSUMGAR,20260729,569.7,600.0,565.35,592.1,772831
KWIL,20260729,31.02,31.3,30.44,30.95,8029119
LAGNAM,20260729,87.49,89.7,86.1,87.43,4421
LAHOTIOV,20260729,41.0,44.98,41.0,43.01,16388
LAKPRE,20260729,5.1,5.19,5.0,5.18,613
LAL,20260729,8.39,8.39,7.56,7.97,146955
LALPATHLAB,20260729,1805.1,1893.6,1802.0,1882.5,1040066
LAMBODHARA,20260729,114.48,114.85,110.8,111.89,1965
LANCORHOL,20260729,25.15,26.39,24.57,25.87,38431
LANDMARK,20260729,522.0,554.0,518.25,537.8,549576
LANDSMILL,20260729,0.85,0.87,0.82,0.83,1420989
LAOPALA,20260729,187.66,191.0,186.0,186.54,114387
LASA,20260729,6.86,7.17,6.66,7.09,28893
LASERPOWER,20260729,289.0,314.22,280.2,306.67,7735392
LATENTVIEW,20260729,314.1,322.8,313.4,317.6,1030682
LATTEYS,20260729,20.73,20.73,19.56,19.89,12387
LAURUSLABS,20260729,1762.0,1797.9,1754.3,1781.3,3000811
LAXMICOT,20260729,14.08,14.24,14.0,14.1,6391
LAXMIDENTL,20260729,217.78,218.45,214.04,217.55,52623
LAXMIINDIA,20260729,126.5,128.9,123.1,123.83,36648
LCCINFOTEC,20260729,4.39,4.41,4.11,4.36,46445
LEMERITE,20260729,22.2,23.46,22.18,23.41,576999
LEMONTREE,20260729,110.8,111.49,109.91,110.15,4118232
LENSKART,20260729,556.0,562.4,546.9,559.65,3909559
LEXUS,20260729,14.65,15.44,14.65,14.93,13805
LFIC,20260729,140.4,141.8,140.4,140.95,460
LGBBROSLTD,20260729,1555.9,1585.9,1545.0,1576.7,17153
LGEINDIA,20260729,1514.8,1527.0,1511.1,1518.2,101886
LGHL,20260729,210.03,211.0,203.0,204.5,45619
LIBAS,20260729,10.53,10.53,10.0,10.01,13228
LIBERTSHOE,20260729,262.05,269.0,262.0,263.75,44180
LICHSGFIN,20260729,550.0,556.9,546.6,553.45,1485850
LICI,20260729,427.15,427.65,423.1,423.9,870191
LICMFGOLD,20260729,127.75,128.15,127.05,127.2,45154
LICNETFGSC,20260729,29.67,29.67,29.38,29.48,25593
LICNETFN50,20260729,271.56,272.22,271.17,272.03,3829
LICNMID100,20260729,62.94,63.43,62.48,62.71,21338
LIKHITHA,20260729,219.5,228.0,219.5,223.75,31706
LINC,20260729,103.96,104.19,101.31,101.97,11306
LINCOLN,20260729,582.2,589.15,580.5,581.4,6624
LINDEINDIA,20260729,6700.0,6850.0,6671.0,6722.5,20782
LIQGRWBEES,20260729,1049.45,1049.47,1049.45,1049.46,107948
LIQUID,20260729,999.99,1000.0,999.99,999.99,130426
LIQUID1,20260729,1116.0,1116.0,1115.66,1115.67,1212240
LIQUIDADD,20260729,1137.79,1137.82,1137.79,1137.8,255410
LIQUIDBEES,20260729,1000.01,1000.01,999.99,1000.0,2770512
LIQUIDBETA,20260729,1001.98,1001.98,1001.98,1001.98,500
LIQUIDBETF,20260729,1092.24,1092.26,1092.24,1092.25,279326
LIQUIDCASE,20260729,115.23,115.23,115.21,115.22,21938841
LIQUIDETF,20260729,1000.01,1000.01,999.99,1000.0,226485
LIQUIDIETF,20260729,1000.0,1000.01,999.99,999.99,183274
LIQUIDPLUS,20260729,1096.46,1096.48,1096.46,1096.47,2739165
LIQUIDSBI,20260729,999.99,1000.01,999.99,1000.0,11280
LIQUIDSHRI,20260729,1114.98,1115.0,1114.98,1114.99,1111
LLOYDSENGG,20260729,91.73,92.1,89.2,89.99,7345295
LLOYDSENT,20260729,80.47,81.94,78.64,80.37,4032920
LLOYDSME,20260729,1998.9,2066.0,1995.7,2051.3,851136
LMW,20260729,15900.0,16500.0,15803.0,16457.0,4265
LODHA,20260729,1290.0,1344.95,1275.4,1316.35,4953761
LOKESHMACH,20260729,330.0,334.85,330.0,331.95,10289
LORDSCHLO,20260729,151.56,155.06,140.35,142.47,51754
LOTUSDEV,20260729,190.0,191.7,188.65,189.75,4139547
LOTUSEYE,20260729,124.79,124.79,118.2,119.0,7446
LOVABLE,20260729,71.9,71.95,69.27,70.48,10899
LOWVOL,20260729,210.3,211.33,210.29,211.1,321
LOWVOL1,20260729,21.52,21.65,21.49,21.61,387537
LOWVOLIETF,20260729,22.39,22.72,22.39,22.66,6103689
LOYALTEX,20260729,202.0,208.93,202.0,207.0,5
LPDC,20260729,5.85,6.42,5.81,6.3,76795
LT,20260729,3895.4,3978.2,3891.1,3931.4,3115802
LTF,20260729,313.0,313.05,301.05,309.15,14431153
LTFOODS,20260729,370.55,382.0,370.55,378.6,335413
LTGILTBEES,20260729,30.17,30.17,29.95,29.96,703435
LTGILTCASE,20260729,30.99,30.99,30.52,30.54,47208
LTM,20260729,4391.0,4488.0,4362.8,4422.7,579805
LTTS,20260729,3636.9,3680.0,3577.8,3585.0,121106
LUMAXIND,20260729,5120.0,5225.0,5118.0,5145.0,6790
LUMAXTECH,20260729,1484.2,1514.0,1482.2,1501.6,76854
LUPIN,20260729,2405.0,2463.0,2402.0,2447.0,1139331
LUXIND,20260729,1240.0,1275.0,1237.5,1245.0,14567
LXCHEM,20260729,197.44,203.8,194.0,200.51,6271732
LYKALABS,20260729,61.19,62.45,59.0,59.87,40717
M&M,20260729,3280.1,3321.2,3211.8,3221.8,3693381
M&MFIN,20260729,375.0,396.0,370.15,393.75,8498054
MAANALU,20260729,114.48,123.5,113.22,119.53,306629
MACPOWER,20260729,1315.4,1428.5,1270.0,1404.3,166797
MADHAV,20260729,34.49,34.5,33.32,33.81,607
MADHAVIPL,20260729,8.23,8.23,8.01,8.07,52559
MADHUCON,20260729,5.54,5.54,5.1,5.18,25881
MADRASFERT,20260729,65.62,67.9,65.62,66.48,77221
MAFANG,20260729,191.36,191.36,191.06,191.34,354789
MAFATIND,20260729,133.9,135.3,132.84,134.78,19362
MAGADSUGAR,20260729,482.0,487.6,476.4,480.35,5053
MAGNUM,20260729,19.55,20.3,19.55,19.74,36665
MAHABANK,20260729,80.2,81.23,80.05,80.73,9380013
MAHAPEXLTD,20260729,44.04,44.89,43.55,44.24,1320
MAHASTEEL,20260729,799.1,912.0,799.1,905.65,16906
MAHEPC,20260729,106.6,108.99,106.41,108.19,19745
MAHESHWARI,20260729,72.6,73.01,72.6,73.0,21102
MAHKTECH,20260729,23.16,23.16,23.16,23.16,513436
MAHLIFE,20260729,384.05,389.8,380.05,387.35,169028
MAHLOG,20260729,408.2,414.85,406.4,409.45,148178
MAHSCOOTER,20260729,12821.0,13209.0,12358.0,12774.0,21111
MAHSEAMLES,20260729,576.85,585.0,575.0,581.95,34576
MAITHANALL,20260729,963.5,981.7,963.5,979.4,16919
MAJESAUT,20260729,436.75,436.75,428.1,430.1,9072
MAKEINDIA,20260729,162.6,163.65,162.55,163.6,49559
MALLCOM,20260729,1034.8,1043.9,1024.7,1039.3,919
MALUPAPER,20260729,32.56,33.76,32.5,32.91,28080
MAMATA,20260729,386.8,386.8,381.9,385.35,20992
MANAKALUCO,20260729,35.2,36.74,34.8,36.12,63876
MANAKCOAT,20260729,122.59,125.09,122.59,123.64,99782
MANAKSIA,20260729,55.44,56.28,55.01,55.75,10816
MANAKSTEEL,20260729,66.66,69.5,65.11,69.0,88576
MANALIPETC,20260729,66.32,66.34,64.8,65.21,197427
MANAPPURAM,20260729,361.25,372.15,360.7,370.15,5738347
MANBA,20260729,136.71,137.8,132.1,133.77,209255
MANCREDIT,20260729,220.39,221.83,217.0,217.53,127295
MANGALAM,20260729,27.5,27.77,26.7,27.14,25640
MANGLMCEM,20260729,970.0,970.0,939.05,943.25,15995
MANINDS,20260729,530.0,534.65,525.25,529.4,96058
MANINFRA,20260729,98.53,98.53,96.01,97.08,556330
MANKIND,20260729,2627.9,2642.0,2583.0,2592.7,309498
MANOMAY,20260729,211.5,211.5,205.0,208.76,205355
MANORAMA,20260729,1640.5,1661.0,1640.0,1645.8,73480
MANORG,20260729,524.95,539.0,524.95,524.95,3635
MANUFGBEES,20260729,159.84,161.15,159.84,161.15,4490
MANUGRAPH,20260729,14.42,14.42,14.42,14.42,5096
MANYAVAR,20260729,411.5,413.2,402.0,402.85,156432
MAPMYINDIA,20260729,1145.0,1222.35,1141.85,1163.1,859796
MARALOVER,20260729,56.55,59.8,56.55,59.64,15993
MARATHON,20260729,384.0,395.0,383.75,391.65,67955
MARICO,20260729,884.9,884.9,871.5,878.7,2912454
MARINE,20260729,268.25,275.5,260.1,265.3,705596
MARKOLINES,20260729,173.73,179.0,173.09,177.26,236765
MARKSANS,20260729,258.2,264.15,256.85,259.45,705694
MARSONS,20260729,110.7,114.0,109.44,109.73,1522590
MARUTI,20260729,13780.0,13980.0,13720.0,13948.0,515674
MASFIN,20260729,315.05,330.2,306.5,325.3,569069
MASKINVEST,20260729,151.0,153.0,151.0,153.0,364
MASPTOP50,20260729,77.37,77.37,77.37,77.37,115811
MASTEK,20260729,1886.9,1927.0,1873.4,1903.8,237282
MASTERTR,20260729,82.01,82.8,81.3,82.11,165279
MATRIMONY,20260729,440.0,441.9,434.15,439.1,4583
MAWANASUG,20260729,107.52,109.54,107.0,108.02,67913
MAXESTATES,20260729,396.0,396.65,387.5,390.2,39389
MAXHEALTH,20260729,1112.0,1120.9,1105.0,1111.4,1417989
MAXIND,20260729,171.0,178.02,171.0,175.32,102117
MAYURUNIQ,20260729,789.75,804.95,780.8,796.2,63034
MAZDA,20260729,212.0,218.99,210.0,212.26,10705
MAZDOCK,20260729,2303.0,2315.0,2296.2,2307.8,250953
MBAPL,20260729,161.2,167.0,159.55,164.0,2114045
MBEL,20260729,301.95,304.45,297.0,299.95,136075
MBLINFRA,20260729,24.82,25.27,24.35,25.06,44029
MCCHRLS-B,20260729,700.0,700.0,660.0,691.25,586
MCL,20260729,52.51,53.89,52.02,53.34,24239
MCLEODRUSS,20260729,51.57,52.95,51.05,51.64,99494
MCLOUD,20260729,29.14,29.7,28.25,29.57,10271865
MCX,20260729,2731.0,2777.9,2699.2,2717.5,1061461
MEDANTA,20260729,1394.4,1438.0,1394.3,1432.9,245812
MEDIASSIST,20260729,347.2,354.8,346.95,349.9,86555
MEDICAMEQ,20260729,239.65,244.0,235.0,238.2,9608
MEDICO,20260729,43.54,48.0,42.11,46.26,519259
MEDPLUS,20260729,707.5,725.0,697.6,721.0,210867
MEESHO,20260729,181.63,182.94,178.0,179.47,7184492
MEGASTAR,20260729,335.05,335.35,326.05,329.25,4135
MEIL,20260729,297.0,305.0,289.0,295.1,42014
MENNPIS,20260729,74.35,76.5,72.0,72.34,56773
MENONBE,20260729,227.94,231.6,218.0,219.58,86587
MEP,20260729,0.53,0.54,0.52,0.52,256653
MERCANTILE,20260729,24.7,24.99,23.7,24.01,7024
MERCURYEV,20260729,36.18,36.61,35.53,35.65,106419
METAL,20260729,12.83,12.83,12.51,12.8,2288596
METALIETF,20260729,12.46,12.79,12.46,12.75,7932541
METROBRAND,20260729,1034.0,1042.0,1027.2,1032.6,13569
METROGLOBL,20260729,131.0,132.0,128.0,128.13,498
METROPOLIS,20260729,585.5,598.8,583.05,591.6,468565
MFML,20260729,18.58,19.2,18.31,18.46,1955
MFSL,20260729,1514.0,1529.7,1488.2,1515.1,1146452
MGEL,20260729,16.55,16.55,16.0,16.03,78771
MGL,20260729,1079.0,1112.5,1078.3,1105.0,186206
MHLXMIRU,20260729,140.97,141.64,137.7,140.96,74328
MHRIL,20260729,218.28,219.4,214.0,214.93,192083
MICEL,20260729,36.99,36.99,36.0,36.38,150225
MID150,20260729,23.41,23.5,23.4,23.47,32458
MID150BEES,20260729,239.07,239.49,237.12,238.89,444079
MID150CASE,20260729,11.75,11.75,11.52,11.62,779754
MIDCAP,20260729,18.4,18.52,18.36,18.47,300117
MIDCAPADD,20260729,23.11,23.18,23.03,23.13,5511
MIDCAPBETA,20260729,232.5,233.76,232.5,233.4,758
MIDCAPETF,20260729,23.41,23.66,23.41,23.62,3980002
MIDCAPIETF,20260729,23.98,23.98,23.79,23.89,1674671
MIDHANI,20260729,393.75,399.8,393.75,397.25,220151
MIDQ50ADD,20260729,24.29,25.26,24.29,25.22,37981
MIDSELIETF,20260729,19.5,19.63,19.44,19.49,136822
MIDSMALL,20260729,50.05,51.09,50.05,51.07,265164
MIDWESTLTD,20260729,1216.2,1245.0,1205.0,1208.3,8295
MINDACORP,20260729,682.75,696.6,676.05,692.25,203258
MINDTECK,20260729,194.24,198.0,194.24,195.59,35294
MIRZAINT,20260729,35.0,35.4,34.37,35.14,120183
MITCON,20260729,73.44,75.0,73.44,75.0,1791
MITTAL,20260729,0.91,0.98,0.9,0.92,713903
MKPL,20260729,4.34,4.34,4.16,4.2,96378
MMFL,20260729,550.35,555.8,544.1,548.7,39758
MMP,20260729,280.85,284.0,278.6,279.95,20760
MMTC,20260729,60.71,61.8,60.45,61.25,1415410
MMWL,20260729,14.0,14.28,13.66,13.82,23128
MNC,20260729,33.46,33.83,33.46,33.75,60999
MOALPHA50,20260729,53.28,53.5,53.2,53.46,630
MOBANK10,20260729,16.92,17.04,16.9,16.94,8215
MOBIKWIK,20260729,201.8,203.76,199.47,202.03,659029
MOCAPITAL,20260729,52.87,53.25,52.82,53.1,763490
MODEFENCE,20260729,101.99,102.4,100.7,101.16,1042943
MODINATUR,20260729,398.0,403.0,392.1,403.0,3205
MODIRUBBER,20260729,123.0,128.8,115.5,118.8,4728
MODIS,20260729,394.4,402.8,392.05,398.4,41461
MODISONLTD,20260729,255.05,271.95,248.5,265.75,116861
MODTHREAD,20260729,49.98,50.0,46.56,47.85,869
MOENERGY,20260729,38.47,38.75,38.01,38.23,231686
MOGOLD,20260729,139.85,140.2,139.3,139.6,11371
MOGSEC,20260729,65.4,65.4,64.96,65.0,541
MOHEALTH,20260729,51.0,51.65,51.0,51.48,42768
MOHITIND,20260729,22.7,22.95,22.36,22.53,1487
MOIL,20260729,269.2,275.45,267.35,274.15,439209
MOINFRA,20260729,60.66,60.78,60.51,60.63,3418
MOIPO,20260729,46.88,47.39,46.59,47.29,13867
MOKSH,20260729,10.41,10.41,10.08,10.1,61448
MOL,20260729,56.42,60.29,56.11,56.32,12640005
MOLDTECH,20260729,136.0,148.27,134.61,143.77,246844
MOLDTKPAC,20260729,657.3,666.95,650.55,656.1,85244
MOLOWVOL,20260729,37.43,37.52,37.33,37.52,41776
MOM100,20260729,69.0,69.0,67.34,67.85,380227
MOM30IETF,20260729,30.59,30.78,30.57,30.68,2105783
MOM50,20260729,251.3,253.86,251.3,253.36,1522
MOMENTUM,20260729,30.51,30.64,30.37,30.59,69683
MOMENTUM30,20260729,30.45,30.46,30.02,30.1,382781
MOMENTUM50,20260729,52.19,52.24,51.78,51.94,402303
MOMGF,20260729,160.18,160.24,159.4,159.69,1109
MOMIDMTM,20260729,63.08,63.47,62.42,63.11,33858
MOMMIDCAP,20260729,12.51,12.56,12.47,12.55,657153
MOMNC,20260729,32.8,32.85,32.68,32.68,942
MOMOMENTUM,20260729,60.98,62.0,60.62,61.0,46520
MON100,20260729,315.36,315.36,315.36,315.36,573197
MON50EQUAL,20260729,34.11,34.11,33.42,33.7,1157
MONARCH,20260729,389.9,400.0,387.2,388.45,231611
MONEXT50,20260729,73.56,74.6,71.78,72.34,9706
MONEYBOXX,20260729,59.2,59.2,57.05,57.54,7584
MONIFTY100,20260729,25.32,25.48,25.32,25.48,18618
MONIFTY500,20260729,23.73,23.9,23.58,23.81,360626
MONQ50,20260729,140.71,140.71,140.26,140.71,49092
MONTECARLO,20260729,541.55,544.95,530.0,530.6,67920
MOPSE,20260729,100.31,100.52,100.0,100.18,438
MOQUALITY,20260729,201.86,202.88,201.86,202.02,179
MOREALTY,20260729,92.69,92.76,91.29,91.83,685556
MOREPENLAB,20260729,55.79,58.0,55.0,57.85,6074005
MOSCHIP,20260729,203.63,213.15,201.4,211.03,4276136
MOSERVICE,20260729,31.12,31.45,31.1,31.45,5881
MOSILVER,20260729,213.87,215.29,212.85,214.15,18132
MOSMALL250,20260729,18.0,18.1,17.86,18.07,3126929
MOTHERSON,20260729,148.04,148.8,143.86,146.0,14481610
MOTILALOFS,20260729,858.0,868.35,850.0,855.25,802471
MOTISONS,20260729,14.7,14.9,14.32,14.59,24035701
MOTOGENFIN,20260729,26.52,27.54,26.52,26.92,12357
MOTOUR,20260729,78.92,81.0,78.6,79.35,9729
MOVALUE,20260729,112.72,113.64,112.72,113.33,46177
MPHASIS,20260729,2455.0,2472.0,2345.0,2361.3,847189
MPSLTD,20260729,2595.0,2750.0,2595.0,2683.4,123656
MRF,20260729,133500.0,134925.0,133495.0,134200.0,4642
MRPL,20260729,161.63,164.55,159.0,163.41,5477040
MSCI360,20260729,10.06,10.17,10.06,10.16,1216
MSCIADD,20260729,29.52,29.77,29.52,29.7,699
MSCIINDIA,20260729,29.72,29.99,29.54,29.83,8962
MSPL,20260729,35.8,37.8,35.8,37.13,592633
MSTCLTD,20260729,605.9,620.0,594.1,614.0,200947
MSUMI,20260729,41.8,41.8,40.75,41.22,6595487
MTARTECH,20260729,5270.0,5467.0,5194.0,5194.0,461474
MTEDUCARE,20260729,1.92,2.01,1.85,1.9,61945
MTNL,20260729,26.78,27.3,26.78,27.2,418133
MUFIN,20260729,124.45,131.5,124.31,130.1,1645920
MUFTI,20260729,83.0,83.23,81.11,82.19,26927
MUKANDLTD,20260729,138.67,141.49,138.64,139.42,43502
MUKKA,20260729,22.91,23.24,22.8,23.04,208186
MUKTAARTS,20260729,58.19,59.98,56.5,59.98,736
MULTICAP,20260729,16.53,16.78,16.23,16.73,271165
MUNJALAU,20260729,102.0,103.59,101.05,101.83,235507
MUNJALSHOW,20260729,138.0,138.95,136.75,137.15,24028
MURUDCERA,20260729,30.95,31.4,30.3,30.53,6983
MUTHOOTCAP,20260729,219.67,224.01,215.1,221.66,15940
MUTHOOTFIN,20260729,3016.9,3046.6,2992.3,3017.9,569238
MUTHOOTMF,20260729,255.0,258.0,249.35,255.58,366623
MVGJL,20260729,172.8,178.4,172.01,173.83,87255
MWL,20260729,35.95,35.95,35.5,35.7,304977
NACLIND,20260729,186.27,196.9,185.0,195.14,717452
NAGREEKCAP,20260729,22.11,23.73,22.11,23.02,1344
NAGREEKEXP,20260729,20.55,22.46,20.55,22.0,11297
NAHARCAP,20260729,249.0,252.45,245.0,245.81,1044
NAHARINDUS,20260729,119.89,119.89,114.55,114.91,8162
NAHARPOLY,20260729,268.0,276.6,268.0,272.8,13901
NAHARSPING,20260729,281.05,282.9,275.25,281.2,11234
NAM-INDIA,20260729,1156.0,1173.0,1149.0,1168.1,858982
NARMADA,20260729,33.93,34.46,33.23,34.32,521336
NATCAPSUQ,20260729,143.4,147.25,143.0,144.52,8605
NATCOPHARM,20260729,928.9,942.5,925.95,935.95,171943
NATHBIOGEN,20260729,163.02,166.94,158.0,159.96,12071
NATIONALUM,20260729,335.0,346.1,332.0,344.7,5431501
NATIONSTD,20260729,274.6,274.6,274.6,274.6,2310
NAUKRI,20260729,1249.9,1268.9,1237.15,1247.85,1977359
NAVA,20260729,555.0,563.85,551.5,561.6,143194
NAVINFLUOR,20260729,7598.0,7634.5,7519.0,7594.5,104418
NAVKARCORP,20260729,103.9,104.89,102.2,103.11,344374
NAVKARURB,20260729,1.01,1.09,1.01,1.04,286249
NAVNETEDUL,20260729,143.8,143.8,137.2,139.83,394469
NAZARA,20260729,305.0,308.8,303.0,303.65,960222
NBCC,20260729,95.5,95.5,94.2,94.6,4086454
NBIFIN,20260729,2239.9,2291.0,2195.0,2204.0,14340
NCC,20260729,139.47,142.5,138.51,142.15,1548308
NCLIND,20260729,188.2,188.2,184.0,185.27,14647
NDGL,20260729,2772.0,2870.0,2728.0,2754.8,102
NDL,20260729,2.27,2.37,2.27,2.36,887497
NDLVENTURE,20260729,123.83,129.59,122.0,127.99,33971
NDRAUTO,20260729,812.2,820.0,801.0,803.05,10034
NDTV,20260729,76.25,76.94,75.5,76.2,109543
NEAGI,20260729,3143.0,3144.3,3143.0,3144.3,2
NECCLTD,20260729,15.28,15.28,14.85,15.24,11772
NECLIFE,20260729,10.39,10.39,10.01,10.22,102074
NELCAST,20260729,116.44,118.45,115.61,116.27,146031
NELCO,20260729,967.0,980.9,924.1,934.1,469803
NEOGEN,20260729,2039.9,2079.9,2003.7,2048.3,128456
NEPHROPLUS,20260729,699.0,711.9,682.55,706.05,232315
NESCO,20260729,1050.0,1094.0,1044.9,1088.5,66987
NESTLEIND,20260729,1499.0,1515.8,1487.6,1503.3,3055336
NETF,20260729,262.05,264.0,261.89,262.82,3142
NETWEB,20260729,4500.0,4544.0,4322.0,4364.1,1616021
NETWORK18,20260729,29.01,29.5,28.77,29.24,2903038
NEULANDLAB,20260729,18960.0,19815.0,18882.0,19697.0,41310
NEWGEN,20260729,534.45,585.5,532.6,560.5,10147091
NEXT30ADD,20260729,42.55,42.77,42.55,42.66,8603
NEXT50,20260729,745.4,749.0,745.0,748.06,49552
NEXT50ADD,20260729,72.8,72.99,72.59,72.82,1504
NEXT50BETA,20260729,77.9,78.48,77.35,77.89,183856
NEXT50ETF,20260729,72.92,73.2,72.67,72.97,20519
NEXT50IETF,20260729,77.35,77.35,76.1,76.44,634810
NEXTMEDIA,20260729,3.92,4.25,3.85,4.08,24563
NFL,20260729,71.35,72.6,71.3,71.99,587140
NGIL,20260729,37.54,39.41,35.71,39.41,112491
NGLFINE,20260729,3212.4,3255.5,3100.0,3251.5,7170
NH,20260729,2075.1,2092.9,2059.4,2070.6,152505
NHPC,20260729,78.28,79.11,77.69,77.9,11231539
NIACL,20260729,164.0,165.2,161.76,164.13,613652
NIBE,20260729,1452.4,1469.9,1393.0,1405.6,69496
NIBL,20260729,37.5,37.85,36.63,37.56,54050
NIF100BEES,20260729,268.49,268.66,266.53,268.21,48596
NIF100IETF,20260729,28.54,28.54,28.08,28.17,116527
NIFTY1,20260729,266.16,269.0,266.16,268.72,58256
NIFTY100EW,20260729,35.08,35.29,35.08,35.19,15026
NIFTYADD,20260729,254.25,255.48,254.25,255.07,6861
NIFTYAXIS,20260729,268.85,268.85,267.01,267.83,12725
NIFTYBEES,20260729,274.08,276.1,274.08,275.82,7110427
NIFTYBETA,20260729,267.41,269.17,267.23,268.65,37334
NIFTYBETF,20260729,248.99,249.7,248.19,249.44,3566
NIFTYCASE,20260729,9.87,9.87,9.38,9.72,1033750
NIFTYETF,20260729,262.5,264.15,262.01,263.84,146605
NIFTYIETF,20260729,275.15,275.15,272.38,274.41,577808
NIFTYQLITY,20260729,21.07,21.75,21.07,21.62,152586
NIITLTD,20260729,95.4,99.69,95.36,97.98,996676
NIITMTS,20260729,233.85,242.66,232.23,241.14,201727
NILAINFRA,20260729,7.36,7.54,7.33,7.39,197263
NILASPACES,20260729,11.76,12.0,11.57,11.86,319717
NILE,20260729,1877.3,1913.8,1876.5,1900.2,1722
NILKAMAL,20260729,1954.0,1960.0,1814.7,1870.4,217447
NIMBSPROJ,20260729,189.0,196.35,183.0,184.35,1018
NINSYS,20260729,846.0,859.95,804.4,821.45,6687
NIPPOBATRY,20260729,320.5,339.3,320.5,325.15,7123
NIRAJ,20260729,29.05,29.1,28.3,28.89,61327
NIRAJISPAT,20260729,208.8,208.8,205.0,205.0,50
NIRLON,20260729,620.3,623.85,620.0,620.0,2980
NITCO,20260729,103.49,105.48,102.82,103.78,468078
NITINSPIN,20260729,535.0,542.0,532.55,537.6,27334
NITIRAJ,20260729,218.88,224.95,210.25,216.49,1703
NITTAGELA,20260729,1840.0,1879.4,1836.1,1852.6,2887
NIVABUPA,20260729,86.99,87.0,84.88,85.74,1342050
NKIND,20260729,63.0,63.0,58.6,59.65,399
NLCINDIA,20260729,302.0,304.2,296.2,296.9,2608479
NMDC,20260729,83.75,86.45,83.75,85.85,24493891
NOCIL,20260729,161.7,167.99,160.33,166.35,470775
NOIDATOLL,20260729,4.64,4.64,4.41,4.45,56434
NORBTEAEXP,20260729,68.89,69.01,66.14,67.57,590
NORTHARC,20260729,285.35,290.95,281.15,288.8,850030
NOVAAGRI,20260729,23.0,23.43,22.61,23.12,25394
NOVARTIND,20260729,1610.0,1622.8,1590.4,1595.9,39670
NPBET,20260729,283.28,284.8,282.82,282.82,1300
NPST,20260729,1573.4,1573.9,1489.1,1545.4,20131
NRAIL,20260729,457.65,478.4,455.0,468.6,4048
NRBBEARING,20260729,428.1,429.8,416.05,426.95,303252
NRL,20260729,102.0,103.3,102.0,103.3,68690
NSIL,20260729,5415.5,5687.0,5415.5,5524.5,5164
NSLNISP,20260729,42.05,43.4,42.05,43.06,4524887
NTPC,20260729,343.7,345.35,341.15,343.5,8471125
NTPCGREEN,20260729,92.39,93.05,91.4,91.48,4351570
NUCLEUS,20260729,729.2,756.85,727.35,741.1,70208
NURECA,20260729,313.92,328.0,311.9,326.79,43634
NUVAMA,20260729,1809.0,1847.1,1757.0,1827.2,315381
NUVOCO,20260729,350.0,356.5,350.0,351.75,314935
NV20,20260729,14.01,14.06,13.96,14.02,21690
NV20BEES,20260729,140.26,140.99,139.0,140.44,8785
NV20IETF,20260729,13.89,13.89,13.45,13.69,385592
NYKAA,20260729,331.0,332.6,326.1,327.5,2803127
OAL,20260729,365.6,400.0,365.6,398.45,91120
OBCL,20260729,52.72,53.5,52.15,52.41,3740
OBEROIRLTY,20260729,1847.4,1847.4,1816.4,1836.5,230937
OCCLLTD,20260729,150.01,158.0,145.97,150.79,267970
ODIGMA,20260729,22.66,23.04,22.55,22.86,9693
OFSS,20260729,11401.0,11695.0,11368.0,11427.0,337103
OIL,20260729,448.85,449.85,440.25,447.9,1787186
OILCOUNTUB,20260729,56.95,57.28,56.02,57.0,7567
OILIETF,20260729,10.95,11.29,10.95,11.24,1195369
OLAELEC,20260729,37.29,38.79,37.29,38.4,44492516
OLECTRA,20260729,1320.0,1338.0,1320.0,1330.1,149756
OMAXAUTO,20260729,194.14,205.85,194.14,196.05,291411
OMAXE,20260729,86.52,88.0,84.83,85.53,211957
OMFREIGHT,20260729,89.51,92.0,89.05,91.35,7528
OMINFRAL,20260729,93.0,95.0,89.31,89.91,166326
OMNI,20260729,596.1,607.3,591.0,597.8,149244
OMPOWER,20260729,167.26,168.24,161.55,164.07,163625
ONELIFECAP,20260729,38.98,38.98,36.5,37.19,30572
ONEPOINT,20260729,56.04,57.0,55.11,56.57,656133
ONESOURCE,20260729,1752.0,1755.2,1707.0,1749.7,204534
ONGC,20260729,240.0,240.02,237.93,238.31,9139712
ONIDA,20260729,37.27,37.79,37.0,37.48,146958
ONMOBILE,20260729,62.98,62.98,61.32,62.1,46031
ONWARDTEC,20260729,296.0,305.8,294.0,297.85,248193
OPTIEMUS,20260729,619.2,630.4,615.6,624.8,202439
ORBTEXP,20260729,242.78,248.9,237.01,243.44,27641
ORCHASP,20260729,1.57,1.7,1.54,1.67,257586
ORCHPHARMA,20260729,982.1,1022.0,982.1,1001.45,47133
ORICONENT,20260729,54.5,54.57,52.11,53.95,47663
ORIENTALTL,20260729,5.3,5.39,5.21,5.27,66546
ORIENTBELL,20260729,320.85,322.5,316.0,318.05,6103
ORIENTCEM,20260729,135.01,139.9,133.0,137.55,402147
ORIENTCER,20260729,40.25,40.93,40.0,40.07,24551
ORIENTELEC,20260729,171.98,175.5,171.0,173.66,294419
ORIENTHOT,20260729,137.0,137.59,134.6,134.98,133518
ORIENTLTD,20260729,90.3,90.3,82.16,83.59,72990
ORIENTPPR,20260729,17.71,17.94,17.22,17.51,260528
ORIENTTECH,20260729,272.5,272.5,266.45,267.65,239272
ORISSAMINE,20260729,4100.0,4200.0,4001.0,4036.9,152433
ORKLAINDIA,20260729,567.2,575.6,561.0,565.55,45294
ORTEL,20260729,1.86,1.86,1.71,1.79,2147
ORTINGLOBE,20260729,14.12,14.99,14.12,14.9,2173
OSIAHYPER,20260729,2.95,3.04,2.9,2.91,552951
OSWALAGRO,20260729,38.0,39.4,38.0,38.24,9262
OSWALGREEN,20260729,20.7,21.26,19.8,20.13,393304
OSWALPUMPS,20260729,348.0,351.95,341.2,344.5,344703
OSWALSEEDS,20260729,10.46,10.71,10.26,10.39,57020
PACEDIGITK,20260729,195.0,199.0,193.61,197.55,510518
PAGEIND,20260729,40565.0,40565.0,39800.0,40270.0,27423
PAISALO,20260729,71.14,72.2,70.38,71.39,10849634
PAKKA,20260729,71.25,72.95,70.0,71.43,72894
PALASHSECU,20260729,86.0,89.99,85.0,87.54,3602
PALREDTEC,20260729,45.0,46.2,44.0,44.8,1660
PANACEABIO,20260729,422.0,426.0,415.1,423.85,132660
PANACHE,20260729,406.0,422.9,405.0,420.0,6669
PANAMAPET,20260729,451.35,461.2,439.45,447.75,125453
PANSARI,20260729,333.5,377.9,318.0,327.5,124144
PAR,20260729,95.3,98.99,95.3,95.84,6401
PARACABLES,20260729,62.5,64.01,62.5,63.48,977523
PARADEEP,20260729,144.8,159.5,142.31,156.54,173193514
PARAGMILK,20260729,219.75,221.5,215.16,216.56,291083
PARAS,20260729,1189.0,1234.0,1187.1,1212.4,785713
PARASPETRO,20260729,2.58,2.62,2.36,2.49,1267092
PARKHOSPS,20260729,278.0,281.85,277.7,279.25,130641
PARKHOTELS,20260729,120.84,122.5,120.46,121.64,63244
PARSVNATH,20260729,1.86,1.86,1.86,1.86,293224
PASHUPATI,20260729,86.9,88.15,86.25,86.53,20957
PASUPTAC,20260729,58.01,60.0,58.0,58.02,53296
PATANJALI,20260729,346.75,360.95,341.1,357.15,17753509
PATELENG,20260729,27.84,27.99,27.06,27.8,3382034
PATELRMART,20260729,221.32,227.0,221.32,223.3,61908
PATINTLOG,20260729,14.07,14.45,13.61,14.34,16596
PAUSHAKLTD,20260729,590.0,594.7,574.9,582.45,12309
PAVNAIND,20260729,17.9,19.9,17.67,18.66,580679
PAYTM,20260729,1300.0,1335.3,1293.1,1330.0,4123247
PCBL,20260729,321.0,374.0,320.8,365.7,26955359
PCJEWELLER,20260729,9.3,9.3,9.05,9.1,109472665
PDMJEPAPER,20260729,96.6,101.2,96.6,98.37,322236
PDSL,20260729,349.0,352.0,345.8,350.3,128572
PEARLPOLY,20260729,17.5,17.5,17.01,17.13,1280
PENIND,20260729,164.53,168.8,164.38,167.67,214563
PENINLAND,20260729,16.5,16.5,16.09,16.09,29210
PERSISTENT,20260729,5510.4,5589.0,5460.0,5483.3,563293
PETRONET,20260729,278.2,278.5,275.05,277.1,1226262
PFC,20260729,419.9,431.4,419.1,427.1,6586258
PFIZER,20260729,4735.0,4839.5,4712.3,4755.1,41592
PFOCUS,20260729,293.9,311.0,284.59,308.72,2566594
PFS,20260729,28.0,28.35,27.72,27.78,1927714
PGEL,20260729,588.0,619.05,585.1,612.45,2208477
PGHH,20260729,9000.0,9070.0,8481.0,8598.5,113815
PGHL,20260729,6704.5,6730.0,6553.5,6615.5,24105
PGIL,20260729,1994.8,2070.0,1985.8,2060.6,94427
PHARMABEES,20260729,26.06,27.12,26.06,27.08,6414684
PHOENIXLTD,20260729,1989.9,1996.8,1896.0,1910.5,2509148
PICCADIL,20260729,746.3,755.4,726.05,731.25,97920
PIDILITIND,20260729,1619.9,1637.0,1608.9,1629.9,1117313
PIGL,20260729,107.51,108.3,104.42,105.44,35751
PIIND,20260729,2716.6,2761.0,2713.0,2753.9,260551
PILANIINVS,20260729,4278.4,4319.9,4270.0,4309.4,904
PILITA,20260729,9.11,9.11,8.44,8.6,25231
PINELABS,20260729,154.0,154.77,143.37,144.64,32188389
PIONEEREMB,20260729,23.24,23.85,23.24,23.75,28720
PIONRINV,20260729,88.23,88.67,85.0,88.67,4701
PIRAMALFIN,20260729,2015.7,2053.0,1970.5,2043.3,256754
PITTIENG,20260729,915.4,962.95,908.5,951.2,36191
PIXTRANS,20260729,1750.0,1769.8,1716.0,1722.4,9815
PKTEA,20260729,705.05,705.05,690.0,690.0,19
PLASTIBLEN,20260729,191.79,191.79,187.0,187.56,26093
PLATIND,20260729,242.76,244.23,237.01,238.37,43246
PLAZACABLE,20260729,42.95,43.1,41.98,42.57,6226
PML,20260729,486.65,497.4,461.0,486.25,1113
PNB,20260729,112.3,112.3,110.89,111.08,8304814
PNBGILTS,20260729,83.9,84.9,83.12,83.78,229039
PNBHOUSING,20260729,1072.5,1083.9,1055.0,1056.3,497371
PNC,20260729,20.21,20.6,19.41,19.92,9022
PNCINFRA,20260729,235.1,241.5,233.0,240.52,364588
PNGJL,20260729,680.0,717.0,665.75,670.15,1582224
PNGSREVA,20260729,440.0,478.9,415.55,447.5,3946097
POCL,20260729,513.5,547.6,510.0,527.7,563744
PODDARMENT,20260729,250.0,259.21,249.01,255.41,5841
POKARNA,20260729,923.2,937.9,911.7,920.0,22712
POLICYBZR,20260729,1591.6,1620.9,1591.6,1611.2,542622
POLYCAB,20260729,9155.0,9169.5,8975.0,9047.0,233061
POLYMED,20260729,1654.9,1693.0,1654.8,1678.5,36747
POLYPLEX,20260729,1140.0,1142.0,1115.0,1121.1,46831
PONNIERODE,20260729,306.05,311.75,305.95,306.7,5047
POONAWALLA,20260729,467.0,483.75,463.25,481.6,1143996
POWERGRID,20260729,284.0,284.75,281.05,282.85,12375693
POWERICA,20260729,550.75,558.0,524.0,533.7,238790
POWERINDIA,20260729,31350.0,31960.0,30625.0,31675.0,156699
POWERMECH,20260729,2649.4,2698.0,2618.0,2659.8,51736
PPAP,20260729,276.0,288.8,276.0,282.5,9671
PPL,20260729,268.4,275.0,264.5,270.6,14021
PPLPHARMA,20260729,194.45,201.0,193.2,195.68,11848125
PRABHA,20260729,142.08,144.5,141.02,142.42,9140
PRADPME,20260729,530.0,530.0,505.0,515.6,5249
PRAENG,20260729,20.75,21.89,20.25,20.78,48641
PRAJIND,20260729,302.45,311.95,302.45,310.15,638259
PRAKASH,20260729,124.0,127.78,123.73,125.92,271035
PRAKASHSTL,20260729,4.0,4.12,4.0,4.01,81499
PRAVEG,20260729,287.59,291.8,285.0,288.71,46652
PRAXIS,20260729,7.15,7.15,6.62,6.62,278908
PRECAM,20260729,138.4,142.34,138.03,139.23,79435
PRECOT,20260729,827.95,827.95,768.1,793.95,3344
PRECWIRE,20260729,369.55,370.0,358.05,360.2,164512
PREMCO,20260729,371.7,375.0,363.0,366.05,446
PREMEXPLN,20260729,664.95,670.0,661.1,662.15,282973
PREMIER,20260729,2.84,2.85,2.77,2.77,3599
PREMIERENE,20260729,1024.0,1042.0,1016.3,1036.2,640029
PREMIERPOL,20260729,75.5,76.0,73.0,73.6,151379
PRESTIGE,20260729,1696.0,1702.4,1657.4,1673.0,908875
PRICOLLTD,20260729,664.0,672.95,656.95,660.55,380128
PRIMESECU,20260729,272.05,277.0,272.05,276.05,11768
PRIMO,20260729,22.33,22.83,22.11,22.69,57405
PRINCEPIPE,20260729,259.35,266.2,259.35,265.3,78845
PRITI,20260729,36.19,37.18,35.0,36.89,4088
PRITIKAUTO,20260729,17.42,17.95,17.25,17.65,53333
PRIVISCL,20260729,3629.2,3723.8,3603.6,3707.3,82031
PROSTARM,20260729,122.6,125.0,120.5,124.25,87031
PROTEAN,20260729,624.4,645.95,624.4,631.5,317195
PROZONER,20260729,43.93,45.68,42.43,42.67,146735
PRSMJOHNSN,20260729,107.78,108.58,106.45,107.9,70955
PRUDENT,20260729,3155.9,3239.9,3110.0,3158.5,107819
PRUDMOULI,20260729,12.5,12.95,12.5,12.77,657
PSB,20260729,23.85,23.91,23.63,23.67,1033148
PSPPROJECT,20260729,1025.0,1040.0,1014.6,1023.7,86072
PSUBANK,20260729,83.8,83.8,83.11,83.24,180721
PSUBANKADD,20260729,84.02,84.58,83.93,84.04,13531
PSUBNKBEES,20260729,92.73,93.5,92.55,92.99,1896775
PSUBNKIETF,20260729,84.31,84.88,84.1,84.27,65050
PTC,20260729,166.39,169.0,165.41,167.81,835603
PTCIL,20260729,17874.0,18149.0,17841.0,17971.0,10735
PTL,20260729,39.4,39.77,39.05,39.15,24284
PUNJABCHEM,20260729,1161.3,1161.3,1137.1,1150.8,4842
PURVA,20260729,215.47,218.19,213.35,214.25,127109
PVP,20260729,27.31,28.0,27.15,27.27,220666
PVRINOX,20260729,1118.1,1152.0,1118.05,1140.0,460909
PVSL,20260729,110.0,111.0,108.0,110.25,35102
PVTBANIETF,20260729,27.65,27.87,27.6,27.83,1743914
PVTBANK,20260729,27.32,27.6,27.32,27.59,3838
PVTBANKADD,20260729,27.84,28.2,27.77,28.0,27721
PVTBKGROWW,20260729,27.36,27.69,27.35,27.53,12223
PWL,20260729,124.8,130.5,123.02,126.55,6296045
PYRAMID,20260729,181.25,190.8,180.19,185.88,253304
QGOLDHALF,20260729,117.11,117.35,116.83,117.08,71750
QMSMEDI,20260729,117.9,117.9,112.15,116.34,27341
QNIFTY,20260729,266.6,267.4,266.4,267.16,1013
QPOWER,20260729,1110.0,1119.4,1078.0,1105.0,76325
QUADFUTURE,20260729,351.6,358.8,347.05,351.2,292693
QUAL30IETF,20260729,21.36,21.46,21.3,21.4,157492
QUALITY30,20260729,20.85,21.06,20.85,20.98,150338
QUESS,20260729,307.75,309.7,303.15,307.4,363773
QUICKHEAL,20260729,157.0,160.8,154.01,160.0,108426
QUINT,20260729,38.0,38.89,37.0,38.7,481
RACE,20260729,108.01,109.99,107.0,108.05,608
RACLGEAR,20260729,1310.4,1312.0,1280.0,1286.8,32917
RADAAN,20260729,3.55,3.73,2.92,3.31,701034
RADHIKAJWE,20260729,68.67,70.23,66.25,67.11,934550
RADIANTCMS,20260729,36.2,37.95,36.2,37.49,103165
RADICO,20260729,4338.6,4454.0,4270.0,4373.8,1449623
RADIOCITY,20260729,6.93,7.1,6.53,6.94,228419
RAILTEL,20260729,289.45,296.55,289.45,293.5,789494
RAIN,20260729,221.36,227.45,220.41,224.57,3433323
RAINBOW,20260729,1480.0,1500.0,1469.6,1496.7,58187
RAJESHEXPO,20260729,88.09,88.09,86.01,86.73,51479
RAJMET,20260729,3.26,3.36,3.26,3.31,117260
RAJOOENG,20260729,52.2,52.98,51.07,52.18,204350
RAJPALAYAM,20260729,825.0,825.0,810.0,819.9,524
RAJRATAN,20260729,491.0,510.95,491.0,498.9,169791
RAJRILTD,20260729,20.67,20.67,19.92,20.52,7973
RAJSREESUG,20260729,29.2,31.49,29.06,30.01,91570
RAJTV,20260729,11.76,12.0,11.72,11.95,6141
RALLIS,20260729,216.51,220.29,215.41,218.73,924829
RAMANEWS,20260729,28.51,29.48,28.5,28.68,8219
RAMAPHO,20260729,128.01,130.78,126.03,127.13,36294
RAMASTEEL,20260729,4.24,4.24,4.1,4.17,2465880
RAMBHAJO,20260729,188.76,189.6,182.34,185.93,281485
RAMCOCEM,20260729,912.0,927.8,912.0,921.5,51340
RAMCOIND,20260729,333.9,339.15,331.2,333.4,93956
RAMCOSYS,20260729,601.0,622.7,581.35,590.05,1071046
RAMKY,20260729,372.45,376.7,368.0,370.05,33264
RAMRAT,20260729,437.95,462.95,430.55,456.5,709520
RANASUG,20260729,12.0,12.07,11.83,11.91,82896
RANEHOLDIN,20260729,1751.0,1751.0,1724.1,1735.2,4877
RATEGAIN,20260729,911.6,935.35,905.55,923.15,354006
RATNAMANI,20260729,2357.0,2408.7,2357.0,2389.2,11153
RATNAVEER,20260729,186.0,191.29,175.15,186.0,9624866
RAYMOND,20260729,580.0,595.0,571.45,588.5,281164
RAYMONDLSL,20260729,711.0,721.5,707.0,713.15,92341
RAYMONDREL,20260729,671.0,671.0,653.75,657.85,169169
RBA,20260729,66.72,67.49,66.5,67.07,1614461
RBLBANK,20260729,366.2,372.4,363.9,371.15,4168194
RBZJEWEL,20260729,144.86,146.99,140.2,141.08,49499
RCF,20260729,126.75,129.9,126.57,127.92,1231117
RCOM,20260729,0.83,0.84,0.82,0.83,1681727
RECLTD,20260729,370.0,378.7,369.05,374.25,6301213
REDINGTON,20260729,278.5,289.8,275.5,287.45,5142236
REDTAPE,20260729,127.3,132.4,127.3,131.78,384387
REFEX,20260729,331.3,344.85,310.15,314.95,3555871
REGAAL,20260729,80.1,83.0,80.0,82.54,126100
REGENCERAM,20260729,33.02,33.89,32.5,33.0,2786
RELAXO,20260729,397.0,417.95,392.0,409.1,832036
RELCHEMQ,20260729,124.95,127.46,123.0,123.34,6192
RELIABLE,20260729,138.5,140.66,132.0,137.78,19485
RELIANCE,20260729,1275.0,1282.4,1268.7,1275.9,9448307
RELIGARE,20260729,251.0,253.35,249.2,250.3,228762
RELTD,20260729,174.7,175.44,170.39,172.68,77652
REMSONSIND,20260729,78.0,80.39,78.0,80.05,48718
RENUKA,20260729,21.67,21.95,21.62,21.81,2017639
REPCOHOME,20260729,385.8,399.7,384.5,394.75,97114
REPL,20260729,65.14,65.14,62.0,64.79,3016
REPRO,20260729,362.0,380.75,360.6,362.2,26968
RESPONIND,20260729,174.5,175.78,172.1,173.33,95636
RETAIL,20260729,16.79,17.13,16.36,16.62,1214
RGL,20260729,116.38,124.77,116.25,121.06,1279321
RHETAN,20260729,30.14,30.37,29.86,29.87,9032341
RHFL,20260729,1.94,1.96,1.92,1.93,284621
RHIM,20260729,392.0,398.0,392.0,395.65,178570
RHL,20260729,169.82,175.78,168.54,172.89,12071
RICOAUTO,20260729,142.25,144.0,139.58,140.14,1014633
RIIL,20260729,732.2,742.95,728.2,737.65,59169
RIR,20260729,156.78,161.0,156.0,159.26,106807
RISHABH,20260729,608.9,620.0,603.55,608.25,75751
RITCO,20260729,292.0,302.7,290.55,299.5,203459
RITES,20260729,214.69,219.75,214.6,218.96,521673
RKDL,20260729,19.02,19.65,19.02,19.14,6188
RKEC,20260729,26.77,27.29,26.07,26.24,11502
RKFORGE,20260729,631.6,645.0,626.15,642.25,1688630
RKSWAMY,20260729,103.65,106.05,102.7,103.49,32344
RMC,20260729,265.85,265.85,256.2,258.65,31538
RMDRIP,20260729,18.11,18.75,17.5,18.44,273687
RML,20260729,1101.0,1135.0,1080.1,1115.2,29768
RNBDENIMS,20260729,9.33,9.33,9.01,9.08,212785
ROHLTD,20260729,320.7,324.0,314.0,318.25,25843
ROLEXRINGS,20260729,137.9,139.85,136.55,138.99,445616
ROLLT,20260729,2.31,2.33,2.14,2.25,226747
ROML,20260729,45.4,45.4,43.61,44.85,9265
ROSSARI,20260729,509.0,517.6,502.95,506.0,36814
ROSSELLIND,20260729,59.2,60.68,58.01,58.57,19020
ROSSTECH,20260729,939.0,939.0,903.0,935.0,436882
ROTO,20260729,66.24,69.6,66.24,69.07,875637
ROUTE,20260729,548.8,553.2,541.65,548.55,249595
RPEL,20260729,1261.0,1310.9,1261.0,1299.2,50545
RPGLIFE,20260729,2950.0,3019.7,2768.9,2850.2,53983
RPOWER,20260729,23.46,23.97,23.45,23.56,12003595
RPPINFRA,20260729,63.1,63.6,61.8,61.97,30553
RPPL,20260729,21.43,21.43,19.61,20.84,56350
RPSGVENT,20260729,897.7,941.6,896.35,940.05,71136
RPTECH,20260729,784.8,795.0,755.55,773.55,243915
RRIL,20260729,17.7,18.4,17.23,17.78,18797
RRKABEL,20260729,2599.9,2622.0,2535.0,2558.9,778732
RSDFIN,20260729,75.11,83.0,75.11,76.91,426
RSL,20260729,141.89,145.8,140.0,140.53,762508
RSSOFTWARE,20260729,31.28,31.5,30.02,31.03,32583
RSWM,20260729,212.01,217.75,212.01,215.71,29130
RSYSTEMS,20260729,254.7,268.0,254.7,264.19,779441
RTNINDIA,20260729,32.1,32.15,31.41,31.51,767883
RTNPOWER,20260729,8.51,8.56,8.49,8.5,6672738
RUBFILA,20260729,72.78,72.78,70.15,70.76,31381
RUBICON,20260729,1550.0,1550.0,1504.1,1527.6,150501
RUBYMILLS,20260729,395.0,400.95,384.8,394.2,6412
RUCHINFRA,20260729,5.93,6.08,5.86,5.87,17862
RUCHIRA,20260729,111.8,111.8,107.8,108.3,45858
RUDRA,20260729,17.79,18.0,17.0,17.69,45949
RUPA,20260729,162.3,164.0,160.6,161.09,116910
RUSHIL,20260729,18.3,18.48,17.4,17.66,834459
RUSTOMJEE,20260729,412.85,412.85,403.0,406.05,23231
RVHL,20260729,45.25,45.25,43.31,44.42,2914
RVNL,20260729,224.2,228.4,224.01,224.83,10091069
RVTH,20260729,718.55,750.0,709.0,718.7,321
S&SPOWER,20260729,334.0,334.0,315.0,317.85,4688
SAATVIKGL,20260729,440.0,450.0,434.5,438.0,61669
SABEVENTS,20260729,6.59,6.59,6.59,6.59,767
SADBHAV,20260729,9.84,10.05,9.42,10.05,1481304
SADBHIN,20260729,2.29,2.4,2.27,2.4,214902
SADHNANIQ,20260729,2.64,2.64,2.61,2.61,1574906
SAFARI,20260729,1571.5,1622.8,1550.0,1600.6,36576
SAGARDEEP,20260729,24.61,25.25,23.62,23.93,7675
SAGCEM,20260729,177.93,178.74,174.5,175.39,44076
SAGILITY,20260729,43.35,45.15,42.63,44.87,56332184
SAHLIBHFI,20260729,79.9,82.0,77.6,81.81,10932
SAHYADRI,20260729,309.9,310.0,290.6,298.4,5512
SAIL,20260729,165.86,175.9,165.86,170.96,45760047
SAILIFE,20260729,1298.7,1320.7,1291.5,1315.9,391365
SAIPARENT,20260729,549.8,559.0,544.65,552.65,54559
SAKAR,20260729,854.95,874.0,844.0,850.0,84436
SAKHTISUG,20260729,16.86,17.18,16.71,16.78,37741
SAKSOFT,20260729,164.9,172.43,164.01,169.48,1327755
SAKUMA,20260729,1.67,1.68,1.61,1.63,656579
SALASAR,20260729,5.9,5.94,5.85,5.87,2766900
SALONA,20260729,266.0,266.0,241.05,244.05,396
SALSTEEL,20260729,60.55,63.0,60.55,62.62,212402
SALZERELEC,20260729,563.0,583.2,561.7,570.6,43251
SAMBHAAV,20260729,6.2,6.43,6.2,6.25,6088
SAMBHV,20260729,121.0,122.5,115.0,115.81,1975397
SAMHI,20260729,177.25,183.0,177.25,181.72,991556
SAMMAANCAP,20260729,164.1,164.4,161.93,162.07,2562464
SAMPANN,20260729,27.0,27.9,27.0,27.71,14294
SANATHAN,20260729,484.8,484.8,468.1,471.75,22641
SANDESH,20260729,980.0,980.0,967.0,973.0,223
SANDHAR,20260729,592.0,594.6,582.35,590.9,84960
SANDUMA,20260729,205.0,213.4,204.6,208.56,1993264
SANGAMIND,20260729,597.8,608.7,595.3,598.75,19533
SANGHVIMOV,20260729,438.0,442.75,432.0,438.1,220890
SANGINITA,20260729,65.39,65.39,65.39,65.39,29686
SANOFI,20260729,3450.0,3450.0,3378.1,3419.9,148369
SANOFICONR,20260729,4914.9,4927.0,4638.6,4745.3,103679
SANSERA,20260729,3194.8,3264.9,3175.1,3233.1,155670
SANSTAR,20260729,110.7,112.9,109.41,111.53,124744
SANWARIA,20260729,0.21,0.21,0.2,0.2,244799
SAPPHIRE,20260729,184.0,199.0,182.9,193.67,2443747
SAPPL,20260729,299.9,307.6,288.05,288.05,1044
SARDAEN,20260729,511.65,529.0,511.65,523.6,511581
SAREGAMA,20260729,522.0,535.5,517.05,530.45,628097
SARLAPOLY,20260729,98.9,100.1,97.61,99.17,47038
SARVESHWAR,20260729,3.43,3.43,3.16,3.33,1985288
SASKEN,20260729,1769.0,1829.3,1747.1,1793.8,57763
SATIA,20260729,60.84,62.48,60.5,60.69,92177
SATIN,20260729,260.3,268.99,257.05,258.46,403234
SAURASHCEM,20260729,57.21,58.06,56.98,57.76,45453
SAYAJIHOTL,20260729,298.0,298.85,280.3,285.35,271
SBC,20260729,42.2,42.27,42.0,42.08,6751528
SBCL,20260729,738.0,745.4,727.0,739.1,93193
SBFC,20260729,91.09,91.4,89.95,90.19,471630
SBGLP,20260729,25.13,25.41,24.36,24.97,22629
SBIBPB,20260729,46.8,48.5,46.8,48.28,42906
SBICARD,20260729,662.75,663.45,652.25,660.5,779077
SBIETFCON,20260729,124.97,124.97,121.0,123.95,7517
SBIETFIT,20260729,338.0,348.0,338.0,344.61,43062
SBIETFPB,20260729,282.55,282.55,279.02,281.45,2252
SBIETFQLTY,20260729,223.06,225.96,220.27,225.95,5125
SBIFUNDS,20260729,578.0,579.5,573.2,576.05,2872496
SBILIFE,20260729,1895.0,1902.8,1880.4,1894.9,1365116
SBILIQETF,20260729,1049.49,1049.49,1049.47,1049.48,19393
SBIMIDMOM,20260729,62.03,62.79,62.02,62.49,12881
SBIN,20260729,1020.0,1020.2,1012.0,1013.7,4792964
SBINEQWETF,20260729,33.44,34.0,33.06,33.78,114079
SBINMID150,20260729,23.2,23.3,22.98,23.16,17062
SBISILVER,20260729,211.43,213.25,211.0,211.87,519365
SBISMLETF,20260729,17.91,18.05,17.78,18.02,95349
SBIVALETF,20260729,14.89,14.9,14.73,14.74,18165
SCANSTL,20260729,52.0,60.0,48.23,59.38,2525744
SCHAEFFLER,20260729,4152.0,4198.5,4125.3,4159.8,26994
SCHAND,20260729,148.68,148.68,144.01,146.01,27528
SCHNEIDER,20260729,1350.0,1350.0,1276.0,1280.9,264639
SCI,20260729,280.4,282.8,277.7,278.6,1056755
SCILAL,20260729,41.47,41.89,41.21,41.34,159113
SCODATUBES,20260729,146.8,151.0,146.71,147.77,149697
SCPL,20260729,575.2,588.0,555.05,575.0,25151
SDBL,20260729,70.9,72.14,70.59,71.15,557711
SEAMECLTD,20260729,1435.3,1465.0,1428.0,1439.8,30743
SECMARK,20260729,129.4,129.4,125.0,125.11,3979
SECURKLOUD,20260729,18.2,18.2,17.41,17.88,3859
SEDEMAC,20260729,2560.0,2739.3,2560.0,2657.8,196224
SEIL,20260729,202.51,212.0,200.41,208.03,183194
SEJALLTD,20260729,778.5,778.5,743.9,745.85,8571
SELECTIPO,20260729,47.27,47.27,46.51,46.95,15189
SELMC,20260729,29.1,29.1,27.13,27.33,6231
SEMAC,20260729,305.45,324.95,305.45,323.45,348
SENCO,20260729,421.9,422.0,409.0,413.4,1867704
SENORES,20260729,1339.0,1344.5,1310.0,1318.3,219694
SENSEXADD,20260729,79.81,80.18,79.81,80.14,444
SENSEXAXIS,20260729,79.45,80.75,79.45,80.36,3481
SENSEXBETA,20260729,853.95,861.15,846.05,852.3,2344
SENSEXETF,20260729,79.5,80.2,79.5,80.0,23932
SENSEXIETF,20260729,889.22,893.31,886.57,891.4,62680
SEPC,20260729,5.92,6.1,5.9,6.02,11318321
SERVOTECH,20260729,93.1,94.4,92.0,92.25,475362
SESHAPAPER,20260729,238.4,238.9,231.0,233.36,76789
SETCO,20260729,17.9,18.0,17.9,17.94,16598
SETF10GILT,20260729,266.49,266.49,264.26,265.79,673
SETFGOLD,20260729,120.62,120.8,120.09,120.53,1856369
SETFNIF50,20260729,262.5,262.5,258.7,260.58,501433
SETFNIFBK,20260729,585.59,588.0,585.04,587.1,14769
SETFNN50,20260729,773.65,781.0,773.65,779.76,45615
SETL,20260729,269.9,271.6,258.25,263.0,475759
SETUINFRA,20260729,0.45,0.45,0.41,0.43,88347
SEYAIND,20260729,12.5,12.54,12.18,12.42,3111
SFL,20260729,768.0,797.85,755.9,789.35,230679
SGFIN,20260729,680.0,686.95,671.3,679.6,204711
SGIL,20260729,596.1,607.95,590.05,593.15,3947
SGL,20260729,9.71,9.98,9.65,9.87,1908
SGMART,20260729,718.0,718.15,703.0,708.15,98747
SHADOWFAX,20260729,208.1,220.0,205.43,216.19,9863736
SHAH,20260729,4.15,4.21,3.38,3.71,32343133
SHAHALLOYS,20260729,66.5,68.44,66.0,66.23,1882
SHAILY,20260729,3052.0,3077.7,2993.0,3044.2,133296
SHAKTIPUMP,20260729,520.9,528.85,520.7,523.75,374563
SHALBY,20260729,162.12,164.0,160.0,162.62,60176
SHALPAINTS,20260729,67.95,70.0,64.42,69.42,379454
SHANKARA,20260729,141.4,142.36,138.2,140.3,607983
SHANTI,20260729,6.89,7.1,6.67,6.73,20672
SHANTIGEAR,20260729,419.6,421.0,388.45,418.85,254533
SHANTIGOLD,20260729,218.5,228.0,216.1,223.32,2096353
SHARDACROP,20260729,880.9,885.9,807.55,824.7,953674
SHARDAMOTR,20260729,831.0,847.15,826.6,843.6,22740
SHARDUL,20260729,45.98,46.56,45.98,45.98,11141
SHAREINDIA,20260729,181.53,181.88,173.71,174.81,690377
SHARIABEES,20260729,466.0,472.91,462.52,472.02,20904
SHBAJRG,20260729,189.45,189.45,179.0,183.75,1635
SHEKHAWATI,20260729,12.6,12.95,11.76,12.31,18938
SHEMAROO,20260729,122.45,122.9,118.2,118.38,5715
SHILCTECH,20260729,4448.9,4590.7,4423.0,4534.4,25265
SHILPAMED,20260729,612.0,616.3,600.1,604.6,382782
SHINDL,20260729,162.09,162.09,158.71,160.87,173457
SHIVALIK,20260729,266.0,266.0,251.5,257.88,26062
SHIVAMAUTO,20260729,18.09,18.09,18.05,18.09,54298
SHIVAMILLS,20260729,61.85,61.85,60.06,61.45,223
SHIVATEX,20260729,151.2,175.5,151.2,161.05,37996
SHIVAUM,20260729,459.8,459.8,430.0,442.2,38009
SHK,20260729,154.49,168.48,153.03,163.44,16773714
SHOPERSTOP,20260729,386.95,394.0,381.8,392.25,32788
SHRADHA,20260729,34.15,34.8,33.8,34.01,30329
SHREDIGCEM,20260729,73.5,73.89,71.6,72.21,69505
SHREECEM,20260729,26800.0,27125.0,26700.0,26825.0,11491
SHREEJISPG,20260729,620.0,626.95,616.5,624.15,599328
SHREEPUSHK,20260729,394.1,399.15,387.0,389.2,21928
SHREERAMA,20260729,38.42,39.5,38.05,38.96,88749
SHRENIK,20260729,0.34,0.34,0.33,0.33,376792
SHREYANIND,20260729,145.5,145.5,140.01,140.8,2995
SHRIKRISH,20260729,40.0,40.25,40.0,40.0,104
SHRINGARMS,20260729,221.01,221.25,218.5,219.49,203414
SHRIPISTON,20260729,4280.0,4376.9,4250.6,4315.2,37897
SHRIRAMFIN,20260729,1050.0,1052.8,1034.1,1044.7,4160322
SHRIRAMPPS,20260729,87.49,87.49,86.01,86.23,221787
SHYAMCENT,20260729,5.26,5.26,4.9,5.1,26294
SHYAMMETL,20260729,1035.5,1036.5,1021.2,1033.6,244121
SHYAMTEL,20260729,16.0,16.0,16.0,16.0,18
SICAGEN,20260729,49.9,50.84,49.01,49.84,1826
SICALLOG,20260729,111.69,112.36,108.2,111.5,113019
SIEMENS,20260729,3660.0,3681.1,3576.1,3650.8,234026
SIGACHI,20260729,25.93,25.93,25.93,25.93,788503
SIGIND,20260729,46.75,50.4,45.22,49.43,55389
SIGMA,20260729,38.4,45.06,37.67,45.04,1844132
SIGMAADV,20260729,605.4,605.4,605.4,605.4,104246
SIGNATURE,20260729,801.0,829.5,796.5,819.6,272665
SIGNPOST,20260729,306.95,313.7,301.8,307.2,139844
SIKA,20260729,1120.8,1120.8,1091.1,1105.2,20249
SIKKO,20260729,5.04,5.24,5.01,5.11,1794532
SIL,20260729,16.42,16.69,16.15,16.45,23296
SILGO,20260729,71.94,72.93,70.1,70.72,41704
SILINV,20260729,414.2,421.0,413.0,414.55,1718
SILLYMONKS,20260729,17.2,17.2,15.66,15.99,12644
SILVER,20260729,215.49,217.2,215.0,215.83,608077
SILVER1,20260729,21.09,21.1,20.76,20.95,7395387
SILVER360,20260729,213.78,213.78,212.0,212.6,34887
SILVERADD,20260729,207.8,209.59,207.37,208.05,286668
SILVERAG,20260729,210.32,211.86,209.59,210.4,173428
SILVERAXIS,20260729,214.87,216.44,214.12,214.96,778048
SILVERBEES,20260729,206.2,208.1,205.9,206.69,19353667
SILVERBETA,20260729,208.51,210.16,207.95,208.81,420796
SILVERBND,20260729,217.2,218.99,216.31,217.06,32636
SILVERCASE,20260729,22.32,22.32,21.82,21.89,5636480
SILVERIETF,20260729,216.94,217.13,214.85,215.76,1828947
SILVERTUC,20260729,208.5,211.5,199.33,209.99,713084
SIMBHALS,20260729,6.71,6.79,6.47,6.71,8470
SIMPLEXINF,20260729,235.8,239.4,227.85,234.2,132867
SINCLAIR,20260729,73.69,74.99,73.02,74.15,13498
SINDHUTRAD,20260729,25.23,25.72,24.81,24.93,185681
SINGERIND,20260729,65.55,66.4,65.05,65.22,15698
SINTERCOM,20260729,84.5,87.0,83.07,85.51,4849
SIRCA,20260729,392.0,404.45,389.0,402.5,586866
SIS,20260729,428.55,431.95,428.55,430.45,65426
SITINET,20260729,0.32,0.32,0.3,0.3,802171
SIYSIL,20260729,622.3,628.85,615.0,617.05,17623
SJS,20260729,2385.0,2390.1,2333.9,2347.7,54242
SJVN,20260729,67.98,69.26,67.86,69.02,1983997
SKFINDIA,20260729,1488.6,1516.9,1470.1,1479.4,29436
SKFINDUS,20260729,2730.0,2767.9,2642.9,2667.6,35802
SKIPPER,20260729,510.0,531.95,506.5,526.8,546924
SKMEGGPROD,20260729,278.95,296.5,265.0,273.5,2750564
SKYGOLD,20260729,672.4,689.9,648.15,653.5,1038421
SMALL250,20260729,17.45,18.08,17.45,18.04,502859
SMALLADD,20260729,17.89,18.08,17.89,18.04,553067
SMALLCAP,20260729,46.65,47.23,46.64,47.12,1284290
SMALLGROWW,20260729,46.8,47.5,46.67,47.16,4134
SMALLIETF,20260729,17.89,18.03,17.86,17.98,22989
SMARTLINK,20260729,210.56,210.56,201.5,203.23,4668
SMARTWORKS,20260729,486.15,486.95,477.0,480.0,29925
SMCGLOBAL,20260729,80.47,81.2,78.37,80.03,1416310
SML100CASE,20260729,10.85,11.02,10.75,10.99,1041974
SMLMAH,20260729,3838.0,4566.0,3805.0,4566.0,475660
SMLT,20260729,68.49,68.49,66.46,68.03,1731
SMSPHARMA,20260729,382.3,398.75,380.35,396.65,228126
SNOWMAN,20260729,36.9,36.9,35.83,36.19,65952
SNXT30BEES,20260729,42.42,42.66,42.32,42.6,3298
SNXT50BETA,20260729,94.5,94.85,93.8,94.49,2587
SOBHA,20260729,1346.0,1373.2,1341.7,1363.7,83844
SOFTTECH,20260729,411.0,411.0,411.0,411.0,229
SOLARA,20260729,509.95,516.5,501.3,506.2,113955
SOLARINDS,20260729,18254.0,18527.0,18023.0,18080.0,72096
SOLARWORLD,20260729,198.12,201.89,194.0,196.14,220423
SOLEX,20260729,917.0,924.9,909.0,917.8,18786
SOMANYCERA,20260729,481.1,492.25,480.5,485.9,112839
SOMATEX,20260729,96.29,99.5,95.51,96.05,9724
SOMICONVEY,20260729,98.0,98.01,95.52,95.94,2795
SONACOMS,20260729,718.0,724.75,711.1,720.5,1817710
SONAL,20260729,92.69,92.69,92.69,92.69,1
SONAMLTD,20260729,55.2,56.99,54.55,55.1,22941
SONATSOFTW,20260729,301.5,323.0,301.45,317.45,8134430
SOTL,20260729,634.7,634.7,602.05,609.3,265400
SOUTHBANK,20260729,47.21,47.47,46.36,46.49,9021635
SOUTHWEST,20260729,226.72,231.45,225.0,229.76,71382
SPAL,20260729,999.0,1021.9,976.1,1009.0,84872
SPANDANA,20260729,266.95,270.2,261.55,266.65,254247
SPARC,20260729,210.16,216.88,209.76,213.17,981764
SPCENET,20260729,3.39,3.39,3.26,3.34,385424
SPECIALITY,20260729,133.14,134.09,131.28,132.05,21719
SPECTRUM,20260729,2370.0,2462.0,2332.1,2444.8,47198
SPENCERS,20260729,34.0,34.16,32.81,33.27,30103
SPIC,20260729,66.0,67.86,65.71,66.83,247242
SPLIL,20260729,30.31,31.1,30.0,30.29,12099
SPLPETRO,20260729,741.95,748.45,723.6,734.1,146167
SPMLINFRA,20260729,195.1,198.0,194.75,196.19,80137
SPORTKING,20260729,215.9,218.9,212.31,213.93,214419
SRD,20260729,37.96,37.97,37.0,37.92,22803
SREEL,20260729,222.0,224.23,215.41,216.24,9356
SRF,20260729,2646.0,2659.0,2628.0,2643.8,168487
SRGHFL,20260729,307.2,319.0,287.0,293.5,44087
SRHHYPOLTD,20260729,483.2,496.75,480.0,481.45,3093
SRM,20260729,508.1,514.0,501.0,505.2,55820
SRTL,20260729,39.65,41.5,39.65,40.8,46401
SSDL,20260729,52.93,53.9,52.91,53.42,7665
SSWL,20260729,294.56,299.9,292.5,297.78,760966
STALLION,20260729,249.03,249.03,239.4,244.34,2244067
STANLEY,20260729,155.5,160.25,154.7,156.72,125161
STAR,20260729,1041.0,1087.2,1041.0,1060.0,151300
STARCEMENT,20260729,202.55,204.0,201.89,203.26,60150
STARHEALTH,20260729,587.95,603.2,580.3,598.85,993642
STARPAPER,20260729,147.56,149.25,147.0,148.61,8124
STARTECK,20260729,265.3,274.55,261.2,263.85,7402
STCINDIA,20260729,118.6,121.0,118.0,119.0,22318
STEELCAS,20260729,305.0,307.0,300.3,305.4,32724
STEELCITY,20260729,75.08,75.98,75.0,75.08,4520
STEELXIND,20260729,11.25,11.35,11.11,11.23,884311
STEL,20260729,560.0,561.9,550.0,551.25,1761
STERTOOLS,20260729,237.0,242.87,235.1,239.27,10854
STLNETWORK,20260729,24.0,24.3,23.21,23.6,1148718
STLTECH,20260729,511.0,529.0,503.55,519.95,3774287
STOVEKRAFT,20260729,796.7,818.0,796.7,807.2,139000
STUDDS,20260729,441.0,448.35,441.0,443.0,22818
STYL,20260729,343.2,358.95,343.2,350.85,104880
STYLAMIND,20260729,3435.0,3435.0,3350.0,3366.6,25768
STYLEBAAZA,20260729,275.0,277.8,267.0,269.7,42179
STYRENIX,20260729,2469.0,2499.7,2424.7,2482.5,38165
SUBEXLTD,20260729,12.15,12.25,11.96,12.03,658044
SUBROS,20260729,777.95,790.95,777.95,786.55,19275
SUDARCOLOR,20260729,355.3,367.25,355.3,361.9,3059
SUDARSCHEM,20260729,1032.5,1045.8,1017.05,1030.8,62506
SUDEEPPHRM,20260729,870.0,908.0,849.0,879.15,350184
SUKHJITS,20260729,173.0,176.9,153.7,157.9,184249
SULA,20260729,158.0,173.0,157.76,167.33,4610818
SUMEETINDS,20260729,24.69,24.69,24.69,24.69,25037
SUMICHEM,20260729,530.45,530.65,497.0,501.7,966569
SUMIT,20260729,51.62,53.5,50.21,51.9,3711
SUMMITSEC,20260729,1485.0,1515.0,1480.8,1508.0,1367
SUNCLAY,20260729,1308.0,1308.0,1251.0,1277.8,10295
SUNDARAM,20260729,1.28,1.31,1.27,1.28,189416
SUNDARMFIN,20260729,4422.1,4498.0,4422.1,4480.1,30337
SUNDRMBRAK,20260729,780.0,794.75,780.0,794.65,415
SUNDRMFAST,20260729,957.65,970.0,955.7,960.95,58963
SUNDROP,20260729,671.1,683.9,667.05,679.5,13907
SUNFLAG,20260729,359.5,364.55,355.25,359.4,158599
SUNPHARMA,20260729,1977.0,1992.7,1960.4,1989.9,2682295
SUNTECK,20260729,309.25,311.7,307.2,309.1,212633
SUNTV,20260729,494.0,517.0,494.0,512.85,1036019
SUPERHOUSE,20260729,156.35,160.99,156.05,158.24,8617
SUPERSPIN,20260729,5.82,5.82,5.8,5.8,27904
SUPRAJIT,20260729,489.55,497.0,480.95,493.5,44810
SUPREME,20260729,44.05,45.1,43.5,44.84,25799
SUPREMEENG,20260729,2.01,2.01,2.01,2.01,65405
SUPREMEIND,20260729,3399.1,3507.3,3379.6,3479.3,296570
SUPREMEINF,20260729,78.51,85.74,77.02,82.78,217911
SUPRIYA,20260729,839.8,863.4,828.0,859.6,175356
SURAJEST,20260729,194.06,197.57,194.06,195.32,13930
SURAJLTD,20260729,219.0,227.0,219.0,224.15,795
SURAKSHA,20260729,251.55,251.55,246.75,248.85,13584
SURANASOL,20260729,26.45,27.29,26.13,26.37,75744
SURANAT&P,20260729,17.66,18.0,17.66,17.77,70964
SURYALA,20260729,422.5,449.9,422.45,429.6,1440
SURYALAXMI,20260729,58.18,58.71,55.52,57.07,5594
SURYAROSNI,20260729,242.0,243.85,238.1,239.35,232870
SURYODAY,20260729,169.0,172.3,161.15,162.33,4190252
SUTLEJTEX,20260729,36.52,39.49,36.52,38.09,40375
SUVEN,20260729,297.0,314.8,294.2,313.35,1098436
SUVIDHAA,20260729,2.49,2.58,2.42,2.54,101724
SUYOG,20260729,885.75,891.7,860.2,875.2,28926
SUZLON,20260729,48.0,48.7,45.93,47.45,221723792
SVLL,20260729,759.0,759.0,746.55,746.55,353
SVPGLOB,20260729,3.6,3.89,3.6,3.7,28109
SWANCORP,20260729,309.35,312.95,308.0,310.25,652397
SWANDEF,20260729,2440.0,2459.8,2330.0,2334.1,12844
SWARAJENG,20260729,3560.0,3574.4,3545.0,3567.8,6539
SWELECTES,20260729,609.75,614.1,602.5,608.85,12046
SWIGGY,20260729,272.0,290.88,271.99,287.34,73291848
SWSOLAR,20260729,208.8,210.09,207.51,209.27,605406
SYMPHONY,20260729,688.6,698.0,685.95,693.95,54551
SYNCOMF,20260729,12.94,13.25,12.94,13.21,759647
SYNGENE,20260729,412.9,417.5,406.0,414.25,1219638
SYRMA,20260729,1319.9,1355.4,1308.0,1343.4,1287698
SYSTMTXC,20260729,57.82,60.32,57.82,58.62,5637
TAALTECH,20260729,3953.8,3980.0,3907.0,3970.2,631
TAINWALCHM,20260729,203.6,203.6,194.99,196.2,4382
TAJGVK,20260729,363.9,363.9,357.6,359.95,54540
TAKE,20260729,21.14,21.14,20.19,20.75,732306
TALBROAUTO,20260729,396.0,400.8,391.8,398.1,75481
TAMBOLIIN,20260729,217.9,220.9,217.9,220.85,1222
TANLA,20260729,605.2,627.05,603.6,610.9,2136744
TARACHAND,20260729,54.19,54.5,53.3,54.02,76137
TARAPUR,20260729,17.12,17.86,16.27,16.34,57683
TARC,20260729,131.5,140.28,130.75,134.16,1930170
TARIL,20260729,300.0,300.7,296.3,298.0,802783
TARMAT,20260729,51.99,51.99,50.3,50.33,7264
TARSONS,20260729,313.45,334.9,310.0,320.0,122327
TASTYBITE,20260729,8977.0,9465.0,8977.0,9300.0,3995
TATACAP,20260729,364.25,377.9,359.1,361.8,12164724
TATACHEM,20260729,680.0,685.3,673.15,679.05,553165
TATACOMM,20260729,1779.4,1799.1,1761.8,1780.7,210812
TATACONSUM,20260729,1092.5,1106.6,1085.7,1096.1,1130132
TATAELXSI,20260729,3610.0,3725.0,3603.3,3673.4,755828
TATAGOLD,20260729,13.79,13.79,13.62,13.74,30275421
TATAINVEST,20260729,656.0,690.15,654.5,675.75,887392
TATAPOWER,20260729,371.35,379.7,370.0,377.25,4420793
TATASTEEL,20260729,183.5,188.67,183.04,187.27,24872418
TATATECH,20260729,749.0,754.4,739.3,742.4,573923
TATSILV,20260729,21.44,21.44,20.93,21.0,33468331
TATVA,20260729,1740.3,1771.0,1710.1,1744.4,85006
TBOTEK,20260729,1515.0,1531.0,1510.0,1522.6,177747
TBZ,20260729,289.76,295.7,265.25,274.48,3605689
TCC,20260729,264.45,278.75,264.45,275.5,97686
TCI,20260729,922.0,926.9,910.2,917.0,24140
TCIEXP,20260729,552.5,554.85,534.05,545.95,34029
TCIFINANCE,20260729,15.44,15.44,14.11,15.15,20987
TCPLPACK,20260729,3240.0,3285.6,3175.0,3183.1,2330
TCS,20260729,2440.0,2475.5,2415.1,2446.6,7169419
TDPOWERSYS,20260729,1120.0,1124.9,1029.7,1036.0,2186182
TEAMGTY,20260729,226.0,234.65,215.0,217.22,892
TEAMLEASE,20260729,1291.3,1317.7,1290.0,1299.2,95150
TECH,20260729,33.81,34.29,33.65,33.91,301111
TECHM,20260729,1661.0,1673.0,1640.1,1644.2,2189575
TECHNOE,20260729,999.1,1008.7,985.0,988.8,128138
TECHNVISN,20260729,4889.5,4889.5,4715.6,4798.3,737
TECILCHEM,20260729,9.6,10.2,9.4,9.84,15851
TEGA,20260729,1510.0,1535.0,1498.5,1504.4,109050
TEJASNET,20260729,495.0,532.0,495.0,520.0,5394738
TEMBO,20260729,567.95,567.95,555.05,559.9,62290
TENNIND,20260729,533.1,540.3,528.1,538.6,970524
TERASOFT,20260729,392.45,392.45,380.7,383.55,2588
TEXINFRA,20260729,114.21,115.0,113.72,114.89,94232
TEXMOPIPES,20260729,43.19,43.87,42.25,43.23,7079
TEXRAIL,20260729,111.0,113.0,110.12,112.36,1573439
TFCILTD,20260729,98.25,101.8,96.93,100.57,42989801
TFL,20260729,11.09,11.45,10.8,11.22,28518
TGBHOTELS,20260729,9.98,11.38,9.56,9.62,182381
THACKER,20260729,991.0,1057.9,961.4,1011.0,25
THAKDEV,20260729,158.49,158.49,145.5,145.5,3
THANGAMAYL,20260729,7229.0,7229.0,6452.0,6452.0,755621
THEINVEST,20260729,96.06,98.48,95.6,96.72,2027
THEJO,20260729,1890.2,1928.0,1860.6,1889.4,4918
THELEELA,20260729,473.0,483.0,469.15,471.65,227091
THEMISMED,20260729,109.14,109.14,106.34,107.28,34820
THERMAX,20260729,4420.0,4444.5,4267.0,4378.0,133741
THOMASCOOK,20260729,98.0,100.79,97.75,99.84,534097
THOMASCOTT,20260729,302.0,311.4,294.85,302.05,42148
THYROCARE,20260729,581.2,584.55,574.0,580.0,380650
TI,20260729,446.3,469.6,443.55,465.4,2469337
TICL,20260729,9.23,9.44,8.91,9.03,100751
TIGERLOGS,20260729,31.12,31.9,29.75,30.01,138326
TIIL,20260729,2574.8,2584.3,2532.0,2544.2,2760
TIINDIA,20260729,2831.9,2859.8,2778.5,2786.7,255465
TIJARIA,20260729,4.57,4.88,4.5,4.74,113532
TIL,20260729,231.0,271.4,215.5,262.48,38163735
TIMETECHNO,20260729,211.8,217.19,209.56,216.36,6861801
TIMEX,20260729,566.3,571.35,545.25,553.75,334535
TIMKEN,20260729,3100.0,3125.9,3075.0,3096.6,18667
TINNARUBR,20260729,1115.0,1139.7,1086.5,1101.05,86928
TIPSFILMS,20260729,365.8,432.4,357.8,408.4,242528
TIPSMUSIC,20260729,695.35,708.75,675.8,685.0,370392
TIRUMALCHM,20260729,171.66,174.6,168.05,169.46,379931
TIRUPATIFL,20260729,73.99,75.5,72.0,72.67,208429
TITAGARH,20260729,815.1,839.0,806.95,833.85,435078
TITAN,20260729,4849.7,4866.9,4823.2,4850.2,837059
TMB,20260729,879.7,879.7,860.05,865.2,257127
TMCV,20260729,418.55,423.35,410.15,411.4,4747795
TMPV,20260729,326.0,330.5,325.35,329.8,7220810
TNIDETF,20260729,85.87,89.34,85.87,89.2,278900
TNPETRO,20260729,94.13,95.75,93.5,94.12,38659
TNPL,20260729,151.15,152.6,149.25,150.38,186120
TNTELE,20260729,9.75,9.75,8.61,8.88,35914
TOKYOPLAST,20260729,75.83,80.65,75.5,79.1,1348
TOLINS,20260729,102.71,103.82,102.27,103.02,12847
TOP100CASE,20260729,10.72,10.72,10.51,10.61,528750
TOP10ADD,20260729,87.98,89.13,87.98,88.88,237624
TOP15IETF,20260729,9.92,9.98,9.92,9.95,148440
TOP20,20260729,8.89,9.02,8.89,9.0,84524
TORNTPHARM,20260729,4881.5,4949.0,4857.2,4878.5,776537
TORNTPOWER,20260729,1438.0,1440.0,1428.0,1431.1,118024
TOTAL,20260729,49.14,49.78,48.22,48.55,1945
TOUCHWOOD,20260729,65.11,66.9,65.11,66.16,456
TPHQ,20260729,0.43,0.43,0.41,0.41,603816
TPLPLASTEH,20260729,78.25,79.75,78.25,79.04,65252
TRACXN,20260729,29.58,30.2,29.55,29.95,118817
TRANSPEK,20260729,1093.05,1109.95,1040.0,1044.75,6440
TRANSRAILL,20260729,481.1,499.9,480.9,497.75,501741
TRANSWORLD,20260729,161.0,164.89,160.51,163.44,3177
TRAVELFOOD,20260729,1300.4,1302.3,1282.6,1287.5,9626
TREEHOUSE,20260729,6.47,6.47,6.27,6.3,9364
TREJHARA,20260729,140.99,140.99,135.23,136.82,12843
TREL,20260729,24.0,24.65,23.83,24.41,97701
TRENT,20260729,2940.0,3010.1,2916.5,3005.2,1012733
TRF,20260729,229.49,232.5,229.22,230.36,8624
TRIDENT,20260729,24.85,25.03,24.78,24.86,2419654
TRIGYN,20260729,52.92,54.99,52.92,53.5,41044
TRITURBINE,20260729,612.3,621.2,606.0,615.9,764559
TRIVENI,20260729,229.0,239.0,229.0,233.85,319836
TRU,20260729,4.78,4.88,4.52,4.67,242347
TRUALT,20260729,450.0,454.7,425.5,430.15,2996757
TSFINV,20260729,445.8,455.1,442.0,443.25,24788
TTKHLTCARE,20260729,1045.25,1086.9,1036.15,1045.5,12912
TTKPRESTIG,20260729,693.75,704.2,673.55,677.15,1709371
TTL,20260729,6.17,6.4,6.0,6.27,82742
TTML,20260729,38.34,40.4,38.34,39.75,1686169
TURTLEMINT,20260729,123.51,123.51,116.86,117.73,810104
TVSELECT,20260729,484.35,496.45,484.35,490.1,16168
TVSHLTD,20260729,14890.0,15022.0,14657.0,14803.0,4722
TVSMOTOR,20260729,4013.0,4085.0,3996.8,4075.6,1925276
TVSSCS,20260729,135.0,137.4,135.0,137.15,160174
TVSSRICHAK,20260729,3975.3,4020.9,3922.1,3949.6,2648
TVTODAY,20260729,115.32,117.27,115.32,115.98,14765
TVVISION,20260729,4.7,4.76,4.46,4.75,11648
TWCGOLDETF,20260729,141.58,141.58,140.5,141.16,6292
UBL,20260729,1440.7,1447.0,1428.0,1440.2,78738
UCAL,20260729,116.47,117.59,116.31,117.01,3092
UCOBANK,20260729,26.7,26.8,26.45,26.51,4294029
UDS,20260729,209.37,209.37,198.16,200.21,298759
UEL,20260729,120.0,121.93,119.04,119.41,1466
UFBL,20260729,704.0,708.8,688.55,707.35,86644
UFLEX,20260729,479.35,483.1,468.15,478.75,78684
UFO,20260729,66.4,68.66,66.4,66.77,71624
UGARSUGAR,20260729,41.48,41.93,40.3,40.45,138951
UGROCAP,20260729,94.86,96.17,94.66,95.99,102036
UJJIVANSFB,20260729,70.5,70.92,68.9,70.37,12337108
ULTRACEMCO,20260729,12050.0,12090.0,11980.0,11998.0,282068
ULTRAMAR,20260729,371.75,382.7,367.5,372.45,13741
UMAEXPORTS,20260729,19.96,20.17,19.59,20.07,7125
UMESLTD,20260729,5.75,5.75,5.5,5.62,4617
UMIYA-MRO,20260729,90.06,90.06,87.5,90.05,2744
UNICHEMLAB,20260729,533.55,544.0,530.0,533.25,38032
UNIDT,20260729,228.0,228.0,220.0,221.88,6103
UNIECOM,20260729,85.1,85.94,84.0,85.0,178580
UNIENTER,20260729,96.62,97.9,94.25,95.08,17103
UNIINFO,20260729,12.35,12.35,11.74,12.3,3216
UNIMECH,20260729,1185.0,1200.0,1172.1,1191.2,40285
UNIONBANK,20260729,168.24,171.94,168.14,171.08,12582530
UNIONGOLD,20260729,138.55,138.55,137.95,137.95,2093
UNIPARTS,20260729,694.1,731.45,688.0,725.05,399301
UNITDSPR,20260729,1511.2,1536.8,1493.9,1504.4,1826758
UNITECH,20260729,4.2,4.31,4.18,4.28,3255901
UNITEDPOLY,20260729,30.84,30.84,29.2,30.49,53608
UNITEDTEA,20260729,483.0,483.0,467.6,472.45,967
UNIVASTU,20260729,124.5,131.75,119.5,131.44,293340
UNIVCABLES,20260729,1316.2,1363.0,1307.8,1347.3,175736
UNIVPHOTO,20260729,479.95,479.95,454.0,468.35,682
UNOMINDA,20260729,1165.0,1184.8,1156.6,1168.7,518536
UPL,20260729,602.2,611.6,602.2,609.15,1140985
URAVIDEF,20260729,114.0,115.8,111.85,113.01,2415
URBANCO,20260729,130.5,132.0,129.35,131.25,1149290
URJA,20260729,8.95,9.07,8.95,9.02,482776
USHAMART,20260729,515.0,520.0,508.35,511.35,650998
USK,20260729,21.79,23.9,21.75,22.68,31207
UTIAMC,20260729,902.05,918.5,900.0,915.05,107263
UTKARSHBNK,20260729,14.27,14.51,14.23,14.45,2622194
UTLSOLAR,20260729,382.6,384.4,360.65,368.6,320386
UTTAMSUGAR,20260729,223.0,225.99,221.7,222.47,37037
UYFINCORP,20260729,19.89,19.95,19.2,19.66,298245
V2RETAIL,20260729,222.0,223.59,220.0,222.05,420275
VADILALIND,20260729,6745.0,7373.0,6745.0,7268.5,52041
VAIBHAVGBL,20260729,270.7,274.86,265.1,266.6,378711
VAISHALI,20260729,7.76,7.76,7.4,7.47,51985
VAKRANGEE,20260729,6.1,6.16,5.97,6.09,758152
VAL30IETF,20260729,15.31,15.45,15.23,15.37,201136
VALIANTLAB,20260729,60.55,62.78,60.0,61.74,25556
VALIANTORG,20260729,265.0,270.0,260.3,269.45,9882
VALUE,20260729,15.99,16.11,15.98,16.09,2812
VALUEAXIS,20260729,32.62,32.87,32.55,32.81,76060
VAML,20260729,432.15,443.8,430.5,439.6,3493476
VARDHACRLC,20260729,48.55,48.55,46.3,46.82,233176
VARDMNPOLY,20260729,6.05,6.23,5.95,5.99,259703
VARROC,20260729,664.0,671.0,652.1,664.55,125863
VASCONEQ,20260729,32.0,32.06,31.61,31.88,143904
VASWANI,20260729,51.7,53.47,51.42,52.09,12448
VBL,20260729,439.05,448.8,433.5,447.2,13449496
VCL,20260729,1.02,1.02,0.97,0.98,303513
VEDL,20260729,260.15,265.5,260.1,264.5,4780075
VEDPOWER,20260729,36.0,36.26,34.7,35.32,16950302
VEEDOL,20260729,1391.0,1400.0,1380.0,1385.3,9079
VELJAN,20260729,1878.9,1878.9,1781.0,1830.0,272
VENKEYS,20260729,1509.1,1524.9,1501.0,1510.5,21867
VENTIVE,20260729,622.3,639.9,615.65,635.05,18222
VENUSPIPES,20260729,1680.0,1711.9,1675.3,1685.9,30996
VENUSREM,20260729,1528.0,1607.2,1471.1,1603.4,35889
VERANDA,20260729,239.7,242.89,228.1,229.39,232550
VERTOZ,20260729,35.0,36.0,34.2,35.79,30066
VESUVIUS,20260729,451.4,454.5,450.9,452.75,28610
VETO,20260729,121.4,122.9,119.55,120.84,12444
VGL,20260729,62.0,62.0,60.61,61.07,10979
VGUARD,20260729,293.95,316.8,292.6,301.95,8673721
VHL,20260729,3466.5,3500.8,3454.2,3462.4,243
VHLTD,20260729,134.89,134.89,127.05,133.28,2901
VIDHIING,20260729,315.1,333.0,292.0,300.5,470287
VIDYAWIRES,20260729,91.0,91.0,88.68,89.3,460900
VIJAYA,20260729,1354.0,1375.0,1351.1,1372.0,80746
VIJIFIN,20260729,9.82,9.82,9.82,9.82,35489
VIKASECO,20260729,1.13,1.13,1.1,1.11,2054185
VIKASLIFE,20260729,1.28,1.31,1.28,1.29,1460375
VIKRAMSOLR,20260729,178.05,183.0,178.0,181.62,2890644
VIKRAN,20260729,71.0,73.77,70.88,73.18,2346541
VIMTALABS,20260729,603.0,611.8,595.5,599.05,198941
VINATIORGA,20260729,1308.7,1362.0,1270.5,1309.0,226678
VINCOFE,20260729,166.4,166.4,150.33,155.13,5881289
VINDHYATEL,20260729,1873.1,1898.0,1855.0,1885.2,9392
VINEETLAB,20260729,38.92,40.0,37.46,39.21,74565
VINNY,20260729,1.07,1.08,1.05,1.06,483537
VINYLINDIA,20260729,242.9,248.0,242.0,246.05,8343
VIPCLOTHNG,20260729,21.99,21.99,21.12,21.21,67253
VIPIND,20260729,294.0,299.0,291.5,296.4,144131
VIPULLTD,20260729,12.65,12.69,12.59,12.69,242183
VIRINCHI,20260729,15.41,15.82,15.32,15.57,63697
VISACHROME,20260729,37.5,38.05,37.0,37.99,6953
VISAKAIND,20260729,83.0,83.99,82.31,83.23,164129
VISHNU,20260729,620.5,625.0,616.1,617.45,62568
VISHWARAJ,20260729,5.21,5.33,5.21,5.26,100866
VISL,20260729,29.89,30.98,29.25,30.78,24766856
VITAL,20260729,46.0,46.0,46.0,46.0,1700
VIVIANA,20260729,767.95,780.4,724.75,727.6,14643
VIVIDHA,20260729,0.51,0.52,0.51,0.51,123802
VIVIMEDLAB,20260729,5.2,5.4,4.94,5.29,105794
VIYASH,20260729,252.0,260.5,251.6,256.75,922575
VLEGOV,20260729,11.11,11.11,10.69,10.69,68818
VLSFINANCE,20260729,254.65,255.7,252.3,253.55,9592
VMART,20260729,718.45,757.2,712.15,748.0,170102
VMM,20260729,109.99,110.29,107.82,108.24,9891330
VMSTMT,20260729,43.87,44.0,43.05,43.35,16566
VOEPL,20260729,485.0,503.55,480.95,491.2,90119
VOGL,20260729,34.21,35.48,33.71,35.07,23928089
VOLTAMP,20260729,9324.0,9385.0,9258.0,9319.0,40472
VOLTAS,20260729,1311.1,1321.7,1300.5,1313.3,322855
VPRPL,20260729,26.5,26.98,26.1,26.33,125918
VRAJ,20260729,125.55,128.0,125.55,126.76,10275
VRLLOG,20260729,262.95,263.85,257.6,262.52,268051
VSSL,20260729,298.5,312.0,296.45,306.15,166083
VSTIND,20260729,218.0,225.0,215.0,220.0,1288670
VSTL,20260729,111.26,112.6,109.26,110.45,6391
VSTTILLERS,20260729,4389.2,4443.3,4367.0,4378.8,5884
VTL,20260729,612.95,634.7,612.0,629.55,180184
WAAREEENER,20260729,2708.7,2751.2,2645.0,2736.2,1130793
WAAREEINDO,20260729,315.05,324.5,307.0,310.95,119077
WAAREERTL,20260729,920.2,927.5,910.8,913.5,215091
WABAG,20260729,1904.7,1934.4,1869.2,1876.7,518756
WAKEFIT,20260729,126.7,128.64,125.6,127.47,1329609
WALCHANNAG,20260729,229.0,229.9,220.8,222.2,776589
WANBURY,20260729,313.0,317.8,304.35,305.9,360716
WCIL,20260729,89.6,90.48,89.2,89.71,33105
WEALTH,20260729,993.5,993.5,941.1,946.15,2035
WEBELSOLAR,20260729,100.0,100.35,97.98,98.65,1199682
WEIZMANIND,20260729,77.5,79.8,77.0,77.19,2611
WEL,20260729,110.4,117.0,109.3,116.29,456917
WELCORP,20260729,1645.0,1700.0,1626.3,1697.0,1181435
WELENT,20260729,596.85,601.35,590.0,593.15,69078
WELINV,20260729,1894.3,1894.3,1890.0,1890.0,23
WELSPLSOL,20260729,53.15,53.2,51.1,51.47,237059
WELSPUNLIV,20260729,160.69,163.0,159.8,162.3,729060
WENDT,20260729,8340.0,8379.5,8211.5,8229.0,6003
WESTLIFE,20260729,466.0,492.65,466.0,489.05,141425
WEWIN,20260729,45.36,45.4,43.71,44.32,3245
WEWORK,20260729,709.0,715.0,693.55,705.55,133799
WHEELS,20260729,1418.0,1445.6,1411.8,1434.5,68725
WHIRLPOOL,20260729,782.0,796.6,782.0,788.85,402362
WILLAMAGOR,20260729,26.89,26.89,24.64,25.0,3182
WINDLAS,20260729,847.0,870.0,841.15,858.55,26613
WINDMACHIN,20260729,277.6,285.0,275.45,282.9,145865
WINSOME,20260729,2.47,2.47,2.47,2.47,19659
WIPL,20260729,171.0,171.0,166.7,167.0,5779
WIPRO,20260729,183.0,185.76,181.45,183.61,26147867
WOCKPHARMA,20260729,1901.8,1934.0,1893.1,1916.5,622248
WONDERLA,20260729,462.85,470.0,462.0,469.0,27440
WORTHPERI,20260729,144.99,148.0,144.5,145.16,12916
WPIL,20260729,439.8,440.0,427.0,430.55,43451
WSI,20260729,62.95,63.9,60.25,61.2,164402
WSTCSTPAPR,20260729,570.0,582.0,566.3,570.3,96302
XCHANGING,20260729,66.25,67.99,66.0,66.82,210548
XELPMOC,20260729,81.5,82.39,78.0,79.02,10692
XPROINDIA,20260729,1379.4,1392.0,1341.0,1365.0,9298
XTGLOBAL,20260729,31.28,32.35,31.0,31.45,286306
YASHO,20260729,3273.0,3365.0,3092.3,3121.1,51030
YATHARTH,20260729,838.05,844.8,830.2,832.9,105535
YATRA,20260729,107.95,109.48,107.31,108.15,366653
YESBANK,20260729,22.87,23.0,22.75,22.84,45390757
YUKEN,20260729,710.1,715.0,695.0,712.25,5402
ZAGGLE,20260729,205.48,210.8,204.42,207.74,679216
ZEEL,20260729,108.01,108.58,106.26,108.13,10287458
ZEELEARN,20260729,8.48,8.68,8.27,8.48,245242
ZEEMEDIA,20260729,7.86,7.99,7.58,7.65,1413437
ZENITHEXPO,20260729,197.01,208.87,196.46,196.46,8
ZENITHSTL,20260729,5.52,5.64,5.46,5.58,20886
ZENSARTECH,20260729,529.9,553.1,529.0,534.95,4710563
ZENTEC,20260729,1655.0,1658.4,1636.2,1646.1,219811
ZFCVINDIA,20260729,2400.0,2400.0,2350.5,2389.7,92133
ZFSTEERING,20260729,688.0,696.95,676.3,679.0,1940
ZIMLAB,20260729,114.0,114.0,113.33,113.33,23197
ZODIAC,20260729,245.85,248.9,242.0,242.1,7444
ZODIACLOTH,20260729,75.12,78.0,75.12,76.54,6776
ZOTA,20260729,1280.0,1283.9,1236.8,1242.6,27575
ZSARACOM,20260729,12020.0,12300.0,12013.0,12238.5,9
ZUARI,20260729,228.0,242.5,228.0,235.49,482720
ZUARIIND,20260729,254.95,265.0,254.0,260.15,53699
ZYDUSLIFE,20260729,1098.0,1130.0,1097.9,1122.7,1097337
ZYDUSWELL,20260729,552.75,583.5,550.0,579.45,548547
