SYMBOL,TIMESTAMP,OPEN,HIGH,LOW,CLOSE,VOLUME
20MICRONS,20260803,193.03,199.8,192.5,196.03,173167
21STCENMGM,20260803,40.17,40.97,39.94,40.97,4003
360ONE,20260803,1153.6,1158.5,1136.6,1147.8,366010
3BBLACKBIO,20260803,1247.1,1282.0,1231.2,1248.1,4007
3IINFOLTD,20260803,23.41,25.05,23.4,24.39,3449586
3MINDIA,20260803,35170.0,36660.0,35020.0,35955.0,6489
3PLAND,20260803,33.0,33.0,31.45,31.63,2931
5PAISA,20260803,353.75,356.2,350.4,353.25,16751
63MOONS,20260803,941.25,957.95,882.0,897.05,2873773
A2ZINFRA,20260803,15.76,17.1,15.76,17.1,1605294
AAATECH,20260803,89.38,91.45,88.0,90.6,16635
AADHARHFC,20260803,502.05,515.95,490.4,504.15,656790
AAKASH,20260803,9.13,9.13,8.85,8.98,77021
AAREYDRUGS,20260803,80.47,81.75,77.5,81.53,59350
AARNAV,20260803,31.73,31.73,30.25,30.44,37253
AARON,20260803,133.5,136.75,130.0,131.6,21709
AARTECH,20260803,46.44,48.5,46.01,46.96,19078
AARTIDRUGS,20260803,424.0,424.0,405.0,407.25,383239
AARTIIND,20260803,486.35,492.55,482.0,486.8,805775
AARTIPHARM,20260803,670.8,693.0,670.65,675.8,86652
AARTISURF,20260803,470.0,481.0,455.25,481.0,103704
AARVI,20260803,153.0,158.28,153.0,155.21,36090
AASTHA,20260803,76.6,77.4,76.0,76.12,1564318
AAVAS,20260803,1359.8,1453.2,1359.8,1439.0,142280
ABAN,20260803,16.57,16.57,16.57,16.57,54545
ABANSENT,20260803,25.72,26.45,25.7,25.95,11572
ABB,20260803,7243.5,7657.0,7243.0,7601.0,1207164
ABBOTINDIA,20260803,27950.0,28045.0,27680.0,27895.0,9455
ABCAPITAL,20260803,410.0,430.7,410.0,424.35,14133770
ABCOTS,20260803,199.05,202.9,198.6,200.91,4106
ABDL,20260803,619.5,630.0,616.0,619.55,159051
ABFRL,20260803,60.69,62.95,60.15,62.41,10947431
ABGSEC,20260803,113.67,114.98,113.33,113.63,182
ABINFRA,20260803,10.18,10.2,10.0,10.06,195761
ABLBL,20260803,95.4,96.17,93.85,95.91,1330639
ABMINTLLTD,20260803,45.0,45.0,42.0,42.51,1513
ABMKNO,20260803,197.0,201.92,188.0,198.99,492
ABREL,20260803,1446.9,1449.5,1415.1,1432.1,98610
ABSL10BANK,20260803,170.3,179.98,170.3,171.95,21450
ABSLAMC,20260803,1026.3,1027.8,1000.0,1017.8,292827
ABSLBANETF,20260803,59.77,59.77,58.6,59.14,30836
ABSLLIQUID,20260803,1000.01,1000.01,999.99,1000.0,6730
ABSLMSCIN,20260803,30.1,30.18,29.55,29.79,1644
ABSLNN50ET,20260803,77.98,78.95,77.02,78.07,29937
ABSLPSE,20260803,10.4,10.4,10.32,10.36,260079
ACC,20260803,1374.0,1400.9,1360.0,1398.0,427582
ACCELYA,20260803,1160.0,1160.0,1135.5,1141.9,4889
ACCURACY,20260803,4.8,4.86,4.75,4.8,30080
ACE,20260803,1072.0,1114.8,1071.4,1105.4,853582
ACEINTEG,20260803,19.85,19.85,18.81,19.37,5575
ACI,20260803,528.0,543.1,522.6,535.6,407906
ACL,20260803,48.85,48.85,47.16,47.72,11075
ACMESOLAR,20260803,364.7,376.35,362.6,371.1,3058650
ACSTECH,20260803,39.8,41.4,39.8,40.21,143511
ACUTAAS,20260803,3100.0,3150.7,3025.0,3116.4,479397
ADANIENSOL,20260803,1654.3,1676.0,1635.8,1647.0,1135101
ADANIENT,20260803,3025.0,3077.0,3024.5,3068.0,891429
ADANIGREEN,20260803,1390.0,1427.0,1386.6,1395.0,3037528
ADANIPORTS,20260803,1713.4,1715.9,1692.8,1701.0,1664693
ADANIPOWER,20260803,211.8,215.11,211.15,213.65,13859607
ADFFOODS,20260803,272.95,279.9,270.95,273.75,117969
ADL,20260803,72.0,82.85,69.52,78.97,2531
ADOR,20260803,1480.0,1508.8,1474.1,1503.3,60045
ADROITINFO,20260803,9.99,10.99,9.73,9.87,74649
ADSL,20260803,120.0,120.0,115.53,116.94,121064
ADVAIT,20260803,2340.0,2418.0,2315.0,2359.2,56187
ADVANCE,20260803,126.26,129.0,122.3,124.56,539029
ADVANIHOTR,20260803,51.13,52.0,51.13,51.56,9794
ADVENTHTL,20260803,148.1,149.75,146.82,147.88,91892
ADVENZYMES,20260803,334.0,343.0,318.6,323.75,1793899
AEGISLOG,20260803,1286.5,1400.0,1282.1,1388.3,2444861
AEGISVOPAK,20260803,293.0,306.4,292.6,301.8,2083398
AEPL,20260803,14.21,14.57,14.21,14.32,12960
AEQUS,20260803,229.7,240.68,228.2,233.66,4222534
AEROENTER,20260803,121.22,124.0,120.81,123.3,220022
AEROFLEX,20260803,435.7,439.75,428.1,431.4,607121
AERONEU,20260803,86.0,89.8,86.0,87.73,64813
AEROPLANE,20260803,204.9,206.9,198.0,198.62,587646
AETHER,20260803,1561.0,1574.9,1492.7,1509.5,557752
AFCONS,20260803,271.15,282.05,271.15,275.95,1309257
AFFLE,20260803,1608.7,1668.2,1580.0,1663.0,447915
AFFORDABLE,20260803,182.95,182.95,175.3,177.54,12142
AFIL,20260803,9.34,9.44,9.15,9.22,253814
AFSL,20260803,201.07,202.49,201.0,201.72,9485
AGARIND,20260803,510.0,526.9,509.8,514.95,59423
AGARWALEYE,20260803,477.9,495.2,477.35,483.3,56679
AGI,20260803,710.0,713.3,703.0,704.25,80787
AGIIL,20260803,315.95,324.5,307.7,309.15,2549469
AGL,20260803,12.1,12.55,12.1,12.46,1465955
AGRITECH,20260803,114.89,114.89,109.0,112.0,5130
AGROPHOS,20260803,29.33,29.72,28.63,29.18,9808
AGSTRA,20260803,2.2,2.2,2.07,2.19,730820
AHCL,20260803,14.45,14.85,14.45,14.71,1760550
AHLADA,20260803,37.94,37.94,36.0,36.38,15998
AHLEAST,20260803,144.1,144.99,142.05,143.12,1406
AHLUCONT,20260803,824.0,848.0,823.75,833.6,33625
AHLWEST,20260803,542.0,542.0,521.0,537.0,402
AIAENG,20260803,4568.0,4700.0,4460.0,4684.6,57776
AIIL,20260803,549.0,556.75,541.4,548.8,105935
AIRAN,20260803,15.4,15.4,14.97,15.03,86715
AIROLAM,20260803,88.0,88.49,86.04,86.17,934
AJANTPHARM,20260803,3485.5,3540.0,3476.2,3513.9,119278
AJAXENGG,20260803,580.5,597.5,580.5,594.0,49050
AJMERA,20260803,126.95,131.0,126.95,130.41,297862
AJOONI,20260803,3.93,4.05,3.93,3.99,201708
AKASH,20260803,26.55,27.23,26.16,26.34,6719
AKCAPIT,20260803,1712.0,1750.0,1693.2,1748.5,1972
AKG,20260803,10.06,10.69,9.9,10.05,30104
AKI,20260803,4.28,4.28,4.01,4.08,136796
AKSHAR,20260803,0.39,0.41,0.39,0.4,1354682
AKSHARCHEM,20260803,249.93,260.0,241.2,255.54,7544
AKSHOPTFBR,20260803,5.7,5.71,5.47,5.71,133889
AKUMS,20260803,666.7,688.3,664.65,681.2,143860
ALANKIT,20260803,7.9,7.9,7.62,7.77,103580
ALBERTDAVD,20260803,691.75,707.85,686.2,692.55,5943
ALEMBICLTD,20260803,91.35,92.17,91.07,91.67,594583
ALGOQUANT,20260803,69.0,70.97,67.6,69.34,1528105
ALICON,20260803,679.95,724.9,661.2,702.75,23053
ALIVUS,20260803,1182.8,1225.0,1172.9,1214.4,199736
ALKALI,20260803,71.0,71.0,68.5,68.59,13416
ALKEM,20260803,5774.5,5774.5,5668.0,5707.0,122664
ALKYLAMINE,20260803,1785.9,1845.0,1785.9,1824.4,48406
ALLCARGO,20260803,8.08,8.25,8.05,8.2,2879970
ALLDIGI,20260803,815.7,816.95,792.0,814.4,16603
ALLTIME,20260803,223.25,227.0,220.15,221.95,57115
ALMONDZ,20260803,14.76,14.94,13.57,13.8,168249
ALOKINDS,20260803,12.01,12.13,12.01,12.04,2054221
ALPA,20260803,67.55,68.25,66.15,66.66,13453
ALPHA,20260803,52.32,52.43,51.93,52.24,1226216
ALPHAETF,20260803,26.44,26.44,26.23,26.25,416257
ALPHAGEO,20260803,225.9,264.15,220.25,264.15,276528
ALPINETEX,20260803,71.3,74.5,69.5,71.68,456767
ALPL30IETF,20260803,28.38,28.65,27.98,28.33,721158
AMAGI,20260803,659.0,690.0,652.35,669.7,376284
AMANTA,20260803,171.8,172.09,171.8,172.09,40274
AMBALALSA,20260803,35.49,37.7,34.07,36.83,403707
AMBER,20260803,7567.0,7567.0,7400.0,7400.0,133339
AMBICAAGAR,20260803,25.49,25.49,24.75,25.05,3362
AMBIKCO,20260803,1711.8,1788.0,1711.8,1778.9,22628
AMBUJACEM,20260803,434.2,444.5,434.2,444.0,3648798
AMDIND,20260803,46.99,47.99,46.43,47.52,14397
AMJLAND,20260803,39.46,39.46,36.3,38.12,31333
AMNPLST,20260803,202.01,208.26,196.0,197.51,10787
AMRUTANJAN,20260803,520.0,522.4,517.5,521.2,8820
ANANDRATHI,20260803,2094.0,2114.9,2050.0,2058.7,121852
ANANTRAJ,20260803,626.0,641.7,621.15,626.15,2760905
ANDHRAPAP,20260803,62.4,62.84,61.65,61.99,313581
ANDHRSUGAR,20260803,82.99,86.2,82.95,85.48,398288
ANGELONE,20260803,299.9,302.5,296.3,302.0,4487008
ANIKINDS,20260803,43.5,43.5,42.98,43.13,5878
ANKITMETAL,20260803,1.56,1.63,1.51,1.62,50531
ANMOL,20260803,10.0,10.2,9.96,10.01,16537
ANSALAPI,20260803,3.39,3.39,3.39,3.39,5300
ANTELOPUS,20260803,821.0,846.0,812.0,834.55,130427
ANTGRAPHIC,20260803,0.76,0.78,0.75,0.75,116107
ANTHEM,20260803,819.0,832.95,802.2,829.85,960047
ANUHPHR,20260803,81.47,81.47,79.5,80.41,47682
ANUP,20260803,2173.1,2199.9,2151.5,2175.4,14483
ANURAS,20260803,1211.0,1216.8,1196.0,1209.8,199378
AONEGOLD,20260803,13.26,13.37,13.21,13.27,557416
AONELIQUID,20260803,1070.96,1070.96,1070.94,1070.94,40902
AONENIFTY,20260803,10.3,10.3,9.95,10.13,330350
AONESILVER,20260803,8.34,8.38,8.25,8.28,455260
AONETMMQ50,20260803,10.09,10.15,9.93,9.98,58298
AONETOTAL,20260803,11.94,12.1,11.91,12.02,444230
APARINDS,20260803,14400.0,14994.0,14321.0,14746.0,281739
APCL,20260803,101.15,103.4,101.15,102.03,6249
APCOTEXIND,20260803,614.0,636.0,605.1,617.6,621211
APEX,20260803,373.95,382.55,372.75,380.4,83417
APLAPOLLO,20260803,1820.3,1958.0,1820.3,1941.5,4251591
APLLTD,20260803,797.05,815.05,792.55,805.75,58590
APOLLO,20260803,393.95,400.1,391.05,397.35,4826053
APOLLOHOSP,20260803,9030.0,9049.0,8789.0,8820.0,250717
APOLLOPIPE,20260803,520.0,533.6,510.0,515.85,217488
APOLLOTYRE,20260803,432.25,438.35,430.95,436.6,623690
APOLSINHOT,20260803,1210.7,1217.8,1195.1,1207.1,382
APTECHT,20260803,92.1,96.0,90.48,95.27,146999
APTUS,20260803,263.95,265.2,258.5,263.6,1314539
AQYLON,20260803,25.81,26.76,24.22,26.75,10374623
ARCHIDPLY,20260803,83.0,83.48,81.3,81.8,1504
ARCHIES,20260803,13.88,14.75,13.77,13.95,5427
ARE&M,20260803,916.2,939.4,912.0,932.3,1710264
ARENTERP,20260803,41.26,41.99,38.67,38.96,5934
ARFIN,20260803,89.0,90.44,84.0,85.49,2342321
ARIES,20260803,334.1,342.0,333.45,340.7,4220
ARIHANT,20260803,1142.0,1142.0,1106.2,1137.9,1624
ARIHANTCAP,20260803,78.0,79.7,77.02,77.48,208574
ARIHANTSUP,20260803,262.0,263.0,259.0,259.85,4384
ARIS,20260803,129.95,133.5,129.0,129.94,1878707
ARKADE,20260803,142.5,142.97,140.0,140.65,239449
ARMANFIN,20260803,1941.0,2001.0,1941.0,1994.3,34160
AROGRANITE,20260803,25.5,25.79,24.9,25.16,20710
ARROWGREEN,20260803,732.0,736.0,715.0,727.5,10421
ARSHIYA,20260803,0.99,0.99,0.94,0.96,135614
ARSSBL,20260803,518.7,518.7,510.0,511.2,83356
ARTEMISMED,20260803,304.8,305.0,299.0,302.2,261601
ARTNIRMAN,20260803,37.02,39.5,37.02,38.18,3348
ARVEE,20260803,156.72,158.29,153.85,155.44,62
ARVIND,20260803,517.8,537.4,516.5,528.95,623621
ARVINDFASN,20260803,453.45,456.7,445.55,449.15,164972
ARVSMART,20260803,595.9,604.45,595.9,600.65,16680
ASAHIINDIA,20260803,875.0,900.55,875.0,897.05,46380
ASAHISONG,20260803,413.95,413.95,378.0,391.35,36757
ASAL,20260803,501.9,510.0,501.9,507.85,13492
ASALCBR,20260803,765.0,793.15,765.0,777.85,25180
ASHAPURMIN,20260803,709.65,731.0,708.0,717.85,903568
ASHIANA,20260803,397.0,399.0,384.3,385.55,53104
ASHIKAG,20260803,509.9,520.95,471.1,477.5,900303
ASHIMASYN,20260803,18.08,18.59,17.8,18.09,106327
ASHOKA,20260803,121.92,122.68,120.8,121.12,960055
ASHOKAMET,20260803,14.18,14.5,14.18,14.19,15401
ASHOKLEY,20260803,169.28,175.0,169.13,174.55,47817945
ASIANENE,20260803,408.9,418.0,402.05,410.65,835789
ASIANHOTNR,20260803,307.95,308.9,299.65,303.35,118626
ASIANPAINT,20260803,2770.9,2810.0,2762.1,2810.0,1040453
ASIANTILES,20260803,54.97,55.18,53.07,53.83,5168198
ASKAUTOLTD,20260803,535.0,577.95,529.0,569.65,1082723
ASMS,20260803,7.02,7.2,7.0,7.08,118400
ASPINWALL,20260803,234.1,243.0,234.1,236.19,1733
ASTAR,20260803,624.9,624.9,585.1,585.1,92
ASTEC,20260803,645.0,663.8,625.0,628.3,70469
ASTERDM,20260803,825.05,836.5,808.0,815.15,623483
ASTRAL,20260803,1465.0,1465.7,1425.2,1435.6,652477
ASTRAMICRO,20260803,1878.0,1893.5,1831.0,1848.8,372847
ASTRAZEN,20260803,8250.0,8510.0,8180.0,8300.0,13555
ASTRON,20260803,3.93,3.93,3.7,3.88,37132
ATALREAL,20260803,33.25,33.9,33.25,33.54,8515476
ATAM,20260803,65.99,67.0,65.01,65.49,5993
ATGL,20260803,655.9,677.85,654.0,667.6,1235916
ATHERENERG,20260803,1269.0,1289.9,1242.0,1272.7,3918512
ATL,20260803,23.26,23.6,23.16,23.28,64482
ATLANTAA,20260803,35.1,35.7,34.56,35.2,15290
ATLANTAELE,20260803,1588.0,1610.0,1551.3,1589.8,109420
ATLASCYCLE,20260803,99.25,99.25,96.43,97.58,3463
ATUL,20260803,6765.0,6872.0,6756.5,6777.0,23390
ATULAUTO,20260803,521.5,573.75,520.0,563.35,1998434
AUBANK,20260803,1054.1,1060.0,1038.4,1060.0,1367532
AURIONPRO,20260803,734.15,751.0,733.0,739.55,233978
AUROPHARMA,20260803,1586.9,1591.8,1541.6,1554.7,1496353
AURUM,20260803,224.99,224.99,218.0,218.62,165374
AURUS,20260803,4.55,4.75,4.5,4.61,24301
AUSOMENT,20260803,143.14,146.0,139.0,142.14,5384
AUTOAXLES,20260803,1824.4,1890.0,1810.2,1880.5,43652
AUTOBEES,20260803,299.98,301.02,298.07,299.32,557956
AUTOIETF,20260803,29.97,30.17,29.41,29.74,2585573
AUTOIND,20260803,88.45,90.5,86.01,88.86,34292
AVADHSUGAR,20260803,510.0,575.0,510.0,558.7,578282
AVALON,20260803,1814.0,1834.3,1740.0,1751.8,280823
AVANTEL,20260803,162.0,164.79,162.0,162.99,634730
AVANTIFEED,20260803,907.35,931.9,901.0,907.3,650344
AVG,20260803,204.15,209.0,202.05,204.0,8304
AVL,20260803,625.0,635.1,604.8,623.65,338580
AVONMORE,20260803,11.35,11.48,11.25,11.36,126394
AVROIND,20260803,8.79,8.83,8.53,8.77,94601
AVTNPL,20260803,72.18,72.18,69.1,70.71,42562
AWFIS,20260803,280.0,283.1,276.05,277.3,171951
AWHCL,20260803,429.55,438.95,426.8,429.65,130134
AWL,20260803,190.25,193.9,189.36,190.3,3413191
AXISBANK,20260803,1236.9,1272.0,1230.5,1272.0,6713421
AXISCADES,20260803,1564.0,1599.0,1535.8,1572.9,224880
AXITA,20260803,7.35,7.42,7.3,7.3,414015
AYE,20260803,167.97,175.49,166.41,172.6,852884
AYMSYNTEX,20260803,251.0,259.9,248.0,251.6,14782
AZAD,20260803,2309.7,2372.0,2275.1,2306.8,304016
BAFNAPH,20260803,268.2,268.2,268.2,268.2,593
BAGFILMS,20260803,4.47,4.53,4.37,4.45,116426
BAIDFIN,20260803,9.89,10.1,9.89,10.01,24127
BAJAJ-AUTO,20260803,11575.0,11856.0,11456.0,11856.0,281232
BAJAJCON,20260803,524.1,534.45,518.45,523.8,1264747
BAJAJELEC,20260803,336.0,342.0,334.0,337.65,110852
BAJAJFINSV,20260803,2050.5,2096.0,2040.4,2096.0,2850085
BAJAJHCARE,20260803,341.0,342.0,336.7,340.4,111278
BAJAJHFL,20260803,86.85,87.29,86.31,86.85,3208217
BAJAJHIND,20260803,16.9,17.65,16.9,17.52,8736035
BAJAJHLDNG,20260803,11313.0,11629.0,11257.0,11599.0,46101
BAJAJINDEF,20260803,238.99,238.99,232.65,234.8,11245
BAJAJST,20260803,396.4,403.3,382.2,385.55,24121
BAJEL,20260803,175.5,180.0,175.5,177.35,117082
BAJFINANCE,20260803,1176.3,1176.4,1140.2,1153.0,13758012
BALAJEE,20260803,27.33,27.87,27.11,27.36,12158
BALAJITELE,20260803,84.01,86.7,84.0,84.54,116653
BALAMINES,20260803,2148.0,2165.0,2010.4,2025.2,368391
BALAXI,20260803,23.67,24.75,23.67,24.0,13887
BALKRISHNA,20260803,17.25,18.25,17.25,18.05,16164
BALKRISIND,20260803,2478.5,2521.9,2442.1,2492.2,541456
BALMLAWRIE,20260803,173.95,175.65,172.68,174.14,167087
BALPHARMA,20260803,88.4,90.59,88.0,89.49,14911
BALRAMCHIN,20260803,595.05,665.5,594.0,646.8,3161974
BALUFORGE,20260803,440.45,451.95,440.45,444.85,387655
BANARBEADS,20260803,115.4,117.6,112.01,113.98,4734
BANARISUG,20260803,3474.9,3532.5,3470.0,3487.2,345
BANCOINDIA,20260803,644.2,664.0,643.6,657.75,158594
BANDHANBNK,20260803,175.14,176.25,172.59,173.65,5621918
BANG,20260803,30.1,31.25,29.3,30.27,16281
BANK10ADD,20260803,17.08,17.55,17.08,17.19,209619
BANK10BETF,20260803,20.98,21.15,20.82,20.82,5999
BANKA,20260803,88.0,88.0,87.0,87.92,445
BANKADD,20260803,58.91,59.23,58.08,58.66,37342
BANKBARODA,20260803,244.05,248.48,244.0,247.25,8511143
BANKBEES,20260803,592.26,599.0,592.21,597.34,1031006
BANKBETA,20260803,59.23,60.02,58.82,59.75,531315
BANKBETF,20260803,58.09,59.3,58.09,58.61,18123
BANKETF,20260803,586.03,594.3,585.08,589.78,20372
BANKIETF,20260803,59.49,59.49,58.43,59.04,831443
BANKINDIA,20260803,139.01,141.66,139.01,140.5,8509334
BANKNIFTY1,20260803,60.25,60.25,58.9,59.87,410042
BANKPSU,20260803,82.6,86.14,82.6,85.33,16035
BANSALWIRE,20260803,315.0,320.0,315.0,318.5,54172
BANSWRAS,20260803,126.0,128.0,123.5,127.34,31778
BASF,20260803,3652.0,3750.0,3652.0,3729.7,14660
BASML,20260803,26.06,27.5,26.06,27.06,57271
BATAINDIA,20260803,693.1,716.0,693.1,709.65,600705
BATLIBOI,20260803,82.0,83.91,82.0,82.55,8753
BAYERCROP,20260803,4270.0,4324.0,4255.8,4303.3,27279
BBETF0432,20260803,1356.77,1358.0,1355.0,1355.09,291
BBL,20260803,2539.0,2586.6,2535.0,2564.5,28315
BBNPNBETF,20260803,58.7,58.97,57.91,58.29,934
BBNPPGOLD,20260803,136.85,137.8,136.0,137.05,2773
BBOX,20260803,769.0,796.0,742.2,753.7,509040
BBTC,20260803,1520.0,1558.0,1497.0,1537.2,111484
BBTCL,20260803,239.0,239.0,220.0,222.48,31193
BCG,20260803,9.38,9.5,9.3,9.35,2536384
BCLIND,20260803,37.75,38.25,37.0,37.89,1467506
BCONCEPTS,20260803,188.05,191.0,185.88,189.14,10751
BCPL,20260803,70.8,71.69,70.0,70.41,9435
BDL,20260803,1254.9,1272.0,1254.9,1265.0,361236
BEARDSELL,20260803,26.85,27.76,26.85,27.5,13877
BECTORFOOD,20260803,207.34,213.2,207.13,211.27,1052608
BEDMUTHA,20260803,109.4,114.0,109.2,111.71,3431
BEEKAY,20260803,406.2,406.2,390.7,392.8,1540
BEL,20260803,390.0,392.25,388.0,392.15,9389415
BELLACASA,20260803,242.0,254.99,238.1,246.04,24355
BELRISE,20260803,239.9,244.9,238.4,241.86,5748763
BEML,20260803,1755.0,1768.0,1740.0,1743.7,149171
BENGALASM,20260803,6379.0,6379.0,6180.5,6205.0,43
BEPL,20260803,117.89,121.7,116.93,120.72,2334789
BERGEPAINT,20260803,522.3,536.55,522.0,526.55,389074
BESTAGRO,20260803,19.71,19.8,18.5,18.89,9001014
BETA,20260803,2231.9,2390.0,2226.8,2353.0,33631
BFINVEST,20260803,468.5,487.0,460.05,483.0,140019
BFSI,20260803,27.78,28.2,27.43,27.9,599668
BFUTILITIE,20260803,580.0,595.95,575.0,576.2,85468
BGLOBAL,20260803,3.27,3.27,3.1,3.27,25626
BGRENERGY,20260803,289.0,293.85,273.25,278.4,100511
BHAGCHEM,20260803,291.95,316.9,289.05,298.35,1299490
BHAGERIA,20260803,222.78,222.78,214.11,219.57,46209
BHAGYANGR,20260803,389.9,393.3,376.1,387.45,73246
BHANDARI,20260803,2.84,2.9,2.84,2.89,73669
BHARATCOAL,20260803,34.25,34.59,33.9,34.09,7406978
BHARATFORG,20260803,2218.0,2232.5,2192.0,2211.0,596791
BHARATGEAR,20260803,125.03,127.4,122.2,123.57,18702
BHARATRAS,20260803,1286.0,1349.9,1280.3,1337.2,19868
BHARATSE,20260803,223.9,230.99,222.1,223.36,423854
BHARATWIRE,20260803,197.48,204.85,197.48,202.77,204511
BHARTIARTL,20260803,1987.4,1987.4,1943.0,1970.5,4361200
BHARTIHEXA,20260803,1633.4,1653.9,1618.4,1645.8,68641
BHEL,20260803,409.0,414.35,406.45,411.15,5593016
BI,20260803,59.07,62.5,59.07,61.83,14711
BIGBLOC,20260803,45.45,46.03,44.5,45.8,42425
BIKAJI,20260803,641.65,656.0,641.65,650.0,86120
BIL,20260803,764.95,764.95,735.0,760.85,1859
BILVYAPAR,20260803,4.09,4.09,3.91,4.04,2912
BIMETAL,20260803,651.3,678.0,635.25,637.15,2106
BIOCON,20260803,429.0,429.5,423.3,427.0,3389704
BIOFILCHEM,20260803,32.05,33.89,32.05,33.07,12853
BIRLACABLE,20260803,214.0,214.0,214.0,214.0,22264
BIRLACORPN,20260803,903.0,909.2,884.0,906.1,129029
BIRLAMONEY,20260803,134.84,136.37,133.15,134.25,44422
BIRLANU,20260803,1341.7,1369.9,1334.7,1341.3,6095
BIRLAPREC,20260803,34.8,34.95,33.56,34.8,10751
BLACKBUCK,20260803,545.2,555.0,541.0,551.0,455290
BLACKROSE,20260803,116.28,116.29,113.1,113.86,44745
BLAL,20260803,172.75,176.2,172.75,174.62,17946
BLBLIMITED,20260803,15.88,15.95,15.35,15.39,114654
BLIL,20260803,70.89,71.25,70.06,70.88,61331
BLISSGVS,20260803,473.5,483.9,462.55,466.45,156322
BLKASHYAP,20260803,55.0,55.25,53.8,54.32,174052
BLS,20260803,240.0,251.5,239.42,250.75,1694645
BLSE,20260803,306.1,307.65,298.1,299.8,824838
BLUECHIP,20260803,1.73,1.73,1.73,1.73,5452
BLUECOAST,20260803,24.74,25.91,24.61,24.64,3945
BLUEDART,20260803,5560.0,5745.0,5326.0,5427.0,601176
BLUEJET,20260803,633.0,647.8,577.05,589.5,6512064
BLUESTARCO,20260803,1683.4,1730.0,1678.6,1729.2,374036
BLUESTONE,20260803,823.4,831.0,791.05,802.7,5474663
BLUSPRING,20260803,115.85,120.99,112.05,114.78,643179
BMWVENTLTD,20260803,56.86,58.41,56.76,57.69,76337
BNAGROCHEM,20260803,279.0,292.95,269.5,285.75,818
BNALTD,20260803,391.05,411.0,383.0,411.0,106
BNKETFAXIS,20260803,592.05,596.71,592.05,593.71,820
BODALCHEM,20260803,70.66,74.19,70.66,73.97,481198
BOHRAIND,20260803,14.96,15.29,14.1,15.0,14199
BOMDYEING,20260803,122.3,122.99,121.6,121.92,200678
BONLON,20260803,38.55,42.35,38.55,41.23,1950
BORANA,20260803,324.65,334.0,317.25,318.85,24131
BOROLTD,20260803,236.6,239.84,231.47,233.47,91420
BORORENEW,20260803,564.0,564.0,552.05,553.95,409223
BOROSCI,20260803,160.01,163.5,147.2,153.42,341108
BOSCH-HCIL,20260803,1398.0,1409.7,1374.0,1390.2,71134
BOSCHLTD,20260803,41325.0,41600.0,41105.0,41300.0,14910
BPCL,20260803,324.75,329.95,322.0,329.95,5844038
BPL,20260803,53.9,54.95,53.9,54.49,24580
BRIGADE,20260803,581.95,587.55,575.0,583.65,430693
BRIGHOTEL,20260803,60.29,62.79,59.65,61.04,268790
BRITANNIA,20260803,5422.0,5531.0,5401.0,5531.0,201410
BRNL,20260803,17.55,18.22,17.2,17.47,45968
BROOKS,20260803,61.16,62.4,61.0,61.26,8073
BSE,20260803,3660.0,3671.4,3560.0,3575.0,3750195
BSE500IETF,20260803,39.21,40.07,39.21,40.0,104846
BSHSL,20260803,86.0,88.55,85.35,86.0,4759
BSL,20260803,126.95,126.95,123.25,123.65,3036
BSLGOLDETF,20260803,125.91,125.91,124.36,124.69,121126
BSLNIFTY,20260803,28.6,29.31,28.2,28.84,1988887
BSLSENETFG,20260803,77.75,79.97,76.98,79.14,3241
BSOFT,20260803,303.95,323.0,303.1,321.5,3371518
BTML,20260803,6.95,6.98,6.58,6.84,403947
BTTL,20260803,45.32,46.36,45.11,46.14,15770
BUILDPRO,20260803,1250.0,1360.0,1249.1,1343.6,222434
BUTTERFLY,20260803,723.4,755.0,722.2,736.5,82511
BVCL,20260803,42.42,42.42,39.25,40.61,22305
BYKE,20260803,35.49,35.49,34.0,34.45,18546
CALSOFT,20260803,21.32,22.1,21.11,21.81,52140
CAMLINFINE,20260803,125.25,130.5,125.25,128.47,331756
CAMPUS,20260803,223.9,225.0,222.38,223.2,553988
CAMS,20260803,810.0,815.0,789.8,791.0,1922245
CANBK,20260803,125.95,127.59,125.5,127.1,18180646
CANFINHOME,20260803,824.6,825.25,813.45,817.0,287473
CANHLIFE,20260803,148.0,154.8,147.15,150.92,1146685
CANTABIL,20260803,245.55,252.47,244.6,247.24,189873
CAPACITE,20260803,216.01,218.7,213.05,213.61,362818
CAPILLARY,20260803,505.95,505.95,493.05,495.55,61368
CAPITALSFB,20260803,292.0,298.9,292.0,295.65,18503
CAPLIPOINT,20260803,2516.8,2586.5,2496.2,2566.1,55647
CAPTRUST,20260803,18.7,19.07,18.7,19.07,87562
CARBORUNIV,20260803,1076.1,1110.0,1063.8,1095.5,199525
CARERATING,20260803,1723.0,1763.0,1703.2,1715.6,50880
CARRARO,20260803,538.9,545.15,533.05,542.8,129879
CARTRADE,20260803,2746.0,2827.9,2727.7,2803.3,352049
CARYSIL,20260803,1170.1,1196.0,1168.0,1188.3,71106
CASHIETF,20260803,1073.61,1073.63,1073.61,1073.62,155914
CASTROLIND,20260803,185.54,186.9,184.98,185.84,1264598
CCAVENUE,20260803,16.04,18.05,15.92,17.43,95564917
CCCL,20260803,15.65,15.99,15.56,15.73,124087
CCHHL,20260803,13.01,13.47,12.82,13.06,32135
CCL,20260803,1156.5,1197.1,1136.1,1152.4,182159
CDSL,20260803,1341.9,1354.0,1318.0,1322.2,2784297
CEATLTD,20260803,3481.9,3563.0,3451.1,3542.5,152999
CEIGALL,20260803,342.75,349.45,342.75,344.75,120537
CEINSYS,20260803,841.0,858.0,820.0,833.1,50461
CELEBRITY,20260803,7.12,7.3,6.97,7.11,29141
CELLO,20260803,345.0,348.5,344.05,345.55,182632
CEMNTGROWW,20260803,15.55,15.55,15.24,15.49,79261
CEMPRO,20260803,1375.0,1375.0,1326.1,1363.3,439717
CENTENKA,20260803,615.0,625.9,614.5,621.6,161398
CENTEXT,20260803,20.0,20.69,19.37,20.0,203679
CENTRALBK,20260803,31.11,31.6,31.09,31.46,6387087
CENTRUM,20260803,23.81,24.76,23.52,24.09,611346
CENTUM,20260803,3600.0,3748.4,3577.2,3676.5,52835
CENTURYPLY,20260803,802.0,827.9,767.1,772.8,358636
CERA,20260803,6200.0,6308.0,6130.0,6280.5,6740
CEREBRAINT,20260803,2.95,3.0,2.92,2.97,40312
CESC,20260803,166.0,169.1,164.58,165.98,901195
CEWATER,20260803,290.0,290.05,285.0,285.8,74058
CGCL,20260803,232.38,234.83,225.1,227.47,2461491
CGPOWER,20260803,865.55,867.95,826.1,826.1,4042469
CHALET,20260803,811.4,828.45,807.95,821.5,69654
CHAMBLFERT,20260803,440.0,455.7,439.75,455.0,882614
CHEMBOND,20260803,165.5,175.3,161.6,173.91,7569
CHEMBONDCH,20260803,234.0,234.0,221.0,225.43,10415
CHEMCON,20260803,184.0,184.28,177.0,184.09,28460
CHEMFAB,20260803,375.0,377.0,364.0,376.95,1550
CHEMICAL,20260803,29.75,30.87,29.75,30.69,507603
CHEMPLASTS,20260803,194.21,198.3,194.21,196.1,226481
CHENNPETRO,20260803,1266.7,1343.0,1266.0,1325.5,3024039
CHEVIOT,20260803,1150.0,1150.0,1112.0,1130.4,2008
CHOICEGOLD,20260803,141.1,142.99,139.05,140.54,41553
CHOICEIN,20260803,828.0,835.8,821.0,828.1,550388
CHOLAFIN,20260803,1870.4,1913.0,1861.1,1888.2,2277492
CHOLAHLDNG,20260803,1554.0,1590.0,1550.0,1574.6,291653
CIEINDIA,20260803,409.45,422.0,409.45,419.65,467187
CIFL,20260803,21.89,22.61,20.62,20.76,102825
CINELINE,20260803,89.75,92.9,87.9,88.53,62732
CINEVISTA,20260803,15.49,15.49,14.81,14.94,11459
CIPLA,20260803,1475.0,1480.6,1454.3,1474.4,811745
CLCIND,20260803,59.58,59.58,59.58,59.58,1840
CLEAN,20260803,757.55,799.8,735.0,764.15,3558094
CLEANMAX,20260803,1373.0,1417.5,1338.0,1349.5,514965
CLEDUCATE,20260803,57.49,59.28,56.7,59.28,27052
CLSEL,20260803,288.0,297.0,285.05,292.3,87977
CMICABLES,20260803,2.83,2.94,2.7,2.79,10575
CMLL,20260803,566.9,571.65,542.0,566.85,1270104
CMPDI,20260803,243.8,249.7,243.51,247.49,1911924
CMRGREEN,20260803,219.0,227.8,217.3,222.58,1805490
CMSINFO,20260803,267.7,278.6,267.5,275.4,1312567
CNL,20260803,1006.0,1028.95,1000.25,1015.9,67299
COALINDIA,20260803,415.95,416.0,412.6,416.0,5371911
COASTCORP,20260803,49.01,56.68,49.01,51.04,876777
COCHINSHIP,20260803,1430.0,1448.6,1423.5,1441.9,919243
COCKERILL,20260803,8670.0,9149.0,8500.5,8987.5,8857
COFFEEDAY,20260803,30.99,32.03,30.99,32.03,370012
COFORGE,20260803,1739.0,1771.0,1719.0,1768.0,2365023
COHANCE,20260803,425.05,436.7,423.0,425.35,312974
COLPAL,20260803,2076.1,2116.6,2050.1,2077.0,515125
COMFINTE,20260803,6.99,7.05,6.89,6.89,710523
COMMOIETF,20260803,99.62,101.7,99.62,101.49,62270
COMPINFO,20260803,1.08,1.18,1.08,1.15,43895
COMPUSOFT,20260803,13.43,13.67,13.32,13.4,15772
COMSYN,20260803,215.0,218.8,208.0,208.72,565652
CONCOR,20260803,527.0,531.7,522.5,525.0,1928428
CONCORDBIO,20260803,1444.4,1456.3,1389.0,1414.6,402980
CONFIPET,20260803,80.03,84.4,80.0,83.77,5300850
CONS,20260803,12.65,12.65,12.29,12.47,80418
CONSOFINVT,20260803,301.0,302.7,292.0,295.75,6069
CONSUMAXIS,20260803,124.29,125.69,124.29,125.1,7213
CONSUMBEES,20260803,135.09,135.93,133.53,135.2,219813
CONSUMER,20260803,12.11,12.25,12.1,12.18,421073
CONSUMIETF,20260803,127.91,127.91,125.35,125.94,26499
CONTROLPR,20260803,571.05,577.0,570.05,571.45,23627
CORALFINAC,20260803,34.74,35.95,32.7,33.4,272811
CORDELIA,20260803,830.0,831.9,801.1,806.75,128243
CORDSCABLE,20260803,204.85,211.6,204.0,211.6,33925
COROMANDEL,20260803,2083.0,2128.9,2064.5,2115.3,184125
CORONA,20260803,2210.0,2210.0,2052.0,2105.7,115041
COSMOFIRST,20260803,896.75,914.9,894.1,910.05,102857
COUNCODOS,20260803,5.95,6.24,5.89,6.02,47085
CPCAP,20260803,112.5,115.0,111.0,114.57,23954
CPEDU,20260803,208.0,215.1,202.6,207.48,16046
CPL,20260803,71.5,72.45,70.2,70.49,29740
CPPLUS,20260803,3444.2,3525.0,3346.6,3428.7,164705
CPSEETF,20260803,94.99,96.29,94.7,94.89,757122
CRAFTSMAN,20260803,9934.5,10400.0,9922.5,10338.5,85274
CRAMC,20260803,262.0,265.0,258.9,261.2,358624
CREATIVEYE,20260803,6.1,6.72,6.1,6.2,13205
CREDITACC,20260803,1602.0,1606.0,1542.2,1558.2,290154
CREST,20260803,376.55,395.0,372.1,389.7,15908
CRISIL,20260803,4359.8,4450.0,4309.9,4424.9,53732
CRIZAC,20260803,198.4,205.0,188.22,195.88,2333300
CROMPTON,20260803,261.5,268.8,260.8,266.3,1873396
CROWN,20260803,114.59,116.0,113.16,115.11,7190
CSBBANK,20260803,330.1,334.75,329.65,332.8,211279
CSLFINANCE,20260803,214.99,225.99,212.02,219.78,15488
CSM,20260803,102.52,108.2,101.1,104.88,1147334
CTE,20260803,36.48,38.35,34.0,37.65,79517
CUB,20260803,208.5,210.48,202.6,204.65,2349845
CUBEXTUB,20260803,77.5,79.95,76.66,79.65,54804
CUMMINSIND,20260803,5526.0,5550.0,5486.0,5550.0,146209
CUPID,20260803,231.5,234.38,229.0,230.95,11488664
CURAA,20260803,71.11,72.78,71.1,72.5,470
CYBERMEDIA,20260803,16.4,16.4,15.31,16.19,5658
CYBERTECH,20260803,138.33,143.35,138.33,141.59,5834
CYIENT,20260803,847.7,865.9,845.0,858.55,309567
CYIENTDLM,20260803,672.0,687.2,670.0,671.7,207998
DABUR,20260803,423.8,426.2,421.4,425.8,1969475
DAICHI,20260803,307.9,326.95,303.05,321.1,1081
DALBHARAT,20260803,1799.7,1846.6,1795.0,1844.6,226772
DALMIASUG,20260803,351.0,421.05,351.0,411.85,10294952
DAMCAPITAL,20260803,155.7,155.7,152.1,153.71,197235
DAMODARIND,20260803,29.4,29.4,27.32,28.05,3532
DANGEE,20260803,2.95,3.08,2.9,2.98,51910
DATAMATICS,20260803,833.7,835.0,820.05,824.95,58143
DATAPATTNS,20260803,4300.7,4455.0,4236.1,4428.8,1046196
DAVANGERE,20260803,3.25,3.29,3.17,3.18,5404905
DBCORP,20260803,210.0,213.2,208.28,210.53,140805
DBEIL,20260803,7.35,7.6,7.28,7.3,213420
DBL,20260803,426.9,464.7,425.9,444.35,1336317
DBOL,20260803,97.55,106.13,97.01,102.91,260131
DBREALTY,20260803,113.3,114.95,112.15,113.03,135275
DBSTOCKBRO,20260803,34.46,35.98,33.6,34.16,10951
DCAL,20260803,187.3,191.24,187.05,188.05,106708
DCBBANK,20260803,189.0,191.89,187.16,191.09,801482
DCI,20260803,345.0,365.9,315.0,337.2,155608
DCM,20260803,89.8,89.8,83.65,83.65,14955
DCMFINSERV,20260803,5.05,5.59,4.7,4.94,25466
DCMNVL,20260803,141.75,143.2,140.05,142.57,3917
DCMSHRIRAM,20260803,1045.9,1045.9,1025.0,1029.8,134290
DCMSIL,20260803,70.74,76.49,70.74,75.68,108852
DCMSRIND,20260803,39.3,42.35,39.3,41.56,218527
DCW,20260803,46.46,47.3,46.28,46.73,584703
DCXINDIA,20260803,181.8,184.5,181.31,183.55,286931
DDEVPLSTIK,20260803,268.15,289.95,268.15,288.35,265871
DECCANCE,20260803,551.1,561.85,551.1,556.0,12303
DECNGOLD,20260803,199.99,205.7,198.0,204.28,1642489
DEEDEV,20260803,682.0,695.0,680.0,692.35,56156
DEEPAKFERT,20260803,1562.0,1593.8,1536.1,1576.0,297790
DEEPAKNTR,20260803,1667.0,1725.0,1656.1,1713.8,179743
DEEPINDS,20260803,613.0,655.0,608.9,649.3,3599984
DEFENCE,20260803,80.7,80.7,78.7,79.12,129174
DELHIVERY,20260803,487.95,487.95,468.85,470.0,3336754
DELPHIFX,20260803,6.99,6.99,6.64,6.81,53774
DELTACORP,20260803,63.29,63.94,63.12,63.4,744582
DELTAMAGNT,20260803,56.76,59.0,56.76,57.92,2731
DEN,20260803,27.49,27.86,27.49,27.72,271484
DENORA,20260803,906.4,935.3,870.6,891.05,15207
DENTA,20260803,358.75,366.0,352.25,364.05,460266
DEVIT,20260803,27.3,27.49,26.81,27.12,27764
DEVX,20260803,34.97,34.97,33.9,34.33,62313
DEVYANI,20260803,114.5,117.14,112.55,116.76,2504773
DGCONTENT,20260803,24.98,25.29,23.62,23.84,23800
DHAMPURSUG,20260803,139.5,146.25,138.46,143.84,1242280
DHANBANK,20260803,32.6,33.66,32.27,32.73,1294688
DHANUKA,20260803,1019.0,1049.5,943.3,1023.3,340620
DHARAN,20260803,0.16,0.16,0.15,0.15,9616608
DHARMAJ,20260803,270.4,272.5,267.75,269.85,20508
DHRUV,20260803,24.6,24.6,24.3,24.55,1190
DHUNINV,20260803,866.55,895.0,865.0,886.9,517
DIACABS,20260803,322.0,329.0,316.5,322.85,3140560
DIAMINESQ,20260803,243.4,244.0,239.1,239.73,3443
DIAMONDYD,20260803,1199.0,1199.0,1102.1,1163.8,412833
DICIND,20260803,510.4,528.0,508.0,510.1,765
DIFFNKG,20260803,385.1,410.0,385.1,406.1,164109
DIGIDRIVE,20260803,17.63,18.0,17.55,17.76,32984
DIGISPICE,20260803,17.95,18.38,17.75,17.98,18310
DIGITIDE,20260803,101.49,102.89,99.2,100.15,210639
DIGJAMLMTD,20260803,49.01,50.0,47.03,48.59,16187
DIL,20260803,0.81,0.82,0.77,0.77,640877
DISAQ,20260803,12350.0,12350.0,12200.0,12332.0,824
DISHTV,20260803,2.85,2.86,2.82,2.84,576402
DIVGIITTS,20260803,984.85,986.95,960.45,975.6,25072
DIVIDEND,20260803,36.38,36.55,36.31,36.46,6132
DIVISLAB,20260803,8380.0,8585.0,8105.0,8585.0,1798150
DIVOPPBEES,20260803,79.11,79.44,78.28,79.31,86558
DIXON,20260803,13875.0,14085.0,13579.0,13892.0,728101
DJML,20260803,114.3,115.86,111.1,112.58,203464
DLF,20260803,668.25,670.9,660.6,668.55,1660676
DLINKINDIA,20260803,452.85,459.2,449.1,450.8,114653
DMART,20260803,3945.1,4017.0,3912.1,4015.0,497304
DMCC,20260803,282.75,285.9,274.35,278.0,52656
DNAMEDIA,20260803,2.76,3.15,2.76,2.87,167358
DODLA,20260803,1026.1,1052.8,1026.1,1046.3,12607
DOLATALGO,20260803,67.77,68.84,67.45,67.56,170157
DOLLAR,20260803,267.95,269.3,264.55,267.4,65550
DOLPHIN,20260803,404.0,418.4,390.15,405.45,69378
DOMS,20260803,2282.6,2324.7,2230.0,2292.0,53904
DONEAR,20260803,84.95,85.0,82.01,84.44,62982
DPABHUSHAN,20260803,1329.9,1436.0,1329.9,1420.2,73799
DPSCLTD,20260803,7.5,7.7,7.41,7.53,99625
DPWIRES,20260803,166.98,166.98,162.05,164.27,7304
DRAGARWQ,20260803,5134.5,5134.5,5000.0,5007.0,1335
DRCSYSTEMS,20260803,13.21,13.63,13.15,13.57,23317
DREAMFOLKS,20260803,66.01,68.45,66.0,67.48,41228
DREDGECORP,20260803,1145.0,1161.5,1088.0,1096.5,139028
DRREDDY,20260803,1166.2,1182.0,1160.3,1180.0,2150927
DSFCL,20260803,25.81,25.81,25.33,25.56,16848
DSKULKARNI,20260803,8.6,9.03,8.6,9.03,59
DSSL,20260803,1241.0,1280.0,1226.0,1253.3,38680
DTIL,20260803,130.87,133.97,130.01,130.39,2121
DUCON,20260803,3.0,3.02,2.9,2.98,140674
DVL,20260803,239.85,247.2,238.25,245.89,6618
DWARKESH,20260803,37.28,39.49,37.28,39.0,2345093
DYCL,20260803,398.0,406.85,394.65,402.45,345799
DYNAMATECH,20260803,10356.0,10985.0,10356.0,10763.0,17854
DYNPRO,20260803,275.0,275.0,260.6,264.2,19622
E2E,20260803,536.35,543.0,526.9,543.0,539520
EASEMYTRIP,20260803,6.66,6.74,6.59,6.6,21818045
EASTSILK,20260803,60.24,62.63,59.36,62.63,3515
EBANKNIFTY,20260803,58.25,58.54,57.86,58.41,4830
EBBETF0430,20260803,1615.7,1615.7,1608.01,1610.35,24591
EBBETF0431,20260803,1437.0,1444.74,1435.64,1438.99,57504
EBBETF0433,20260803,1318.86,1320.0,1312.7,1319.23,10158
EBGNG,20260803,539.15,547.0,516.85,535.2,561641
ECAPINSURE,20260803,23.58,24.15,23.58,23.97,61152
ECLERX,20260803,1860.1,1945.0,1852.0,1922.2,159968
ECOSMOBLTY,20260803,137.7,137.81,131.05,135.2,33507
EDELWEISS,20260803,116.6,118.45,116.04,116.33,1669628
EDUCOMP,20260803,0.9,0.94,0.86,0.91,63346
EFCIL,20260803,194.51,195.98,192.05,193.96,283297
EGOLD,20260803,143.05,143.05,141.4,141.7,29918
EICHERMOT,20260803,7900.0,8056.0,7852.0,8050.0,1009396
EIDPARRY,20260803,761.2,782.8,761.2,780.3,179666
EIEL,20260803,223.0,224.4,221.1,222.64,641485
EIFFL,20260803,325.0,325.0,298.1,299.1,17056
EIHAHOTELS,20260803,313.0,317.0,309.2,312.55,14302
EIHOTEL,20260803,327.55,332.1,327.4,330.1,85964
EIMCOELECO,20260803,1793.0,1874.5,1785.5,1837.8,21467
EKC,20260803,107.7,110.5,106.89,109.78,180853
ELANTAS,20260803,9497.0,9899.0,9497.0,9797.0,935
ELCIDIN,20260803,112995.0,112995.0,110600.0,111750.0,18
ELDEHSG,20260803,796.8,807.7,775.0,803.5,1301
ELECON,20260803,425.2,434.9,422.45,428.3,367171
ELECTCAST,20260803,70.98,72.99,70.98,71.8,1007842
ELECTHERM,20260803,1010.4,1064.9,1000.0,1008.0,29706
ELGIEQUIP,20260803,570.05,585.1,569.65,582.6,172551
ELGIRUBCO,20260803,60.0,60.31,57.0,57.41,65204
ELIN,20260803,100.6,105.11,100.6,103.55,193419
ELIQUID,20260803,1042.06,1042.06,1042.04,1042.05,31610
ELITECON,20260803,15.8,17.2,15.68,17.19,2801719
ELLEN,20260803,267.95,280.5,265.1,273.05,751725
ELM250,20260803,16.34,17.0,16.34,16.9,47480
ELPROINTL,20260803,177.0,179.0,176.51,178.37,68128
EMAMILTD,20260803,399.5,407.95,398.7,406.0,413488
EMAMIPAP,20260803,114.98,115.06,111.0,114.9,82627
EMAMIREAL,20260803,76.85,81.5,76.85,78.28,9953
EMBDL,20260803,62.0,62.3,60.25,60.79,1877185
EMCURE,20260803,1966.0,1996.7,1933.1,1969.7,116048
EMETAL,20260803,12.81,13.36,12.81,12.94,11246
EMIL,20260803,130.5,135.38,130.5,131.35,3324272
EMKAY,20260803,245.9,246.58,238.21,241.35,10919
EMMBI,20260803,88.0,89.9,83.1,85.61,10054
EMMVEE,20260803,319.75,323.5,314.4,319.55,1059943
EMPOWER,20260803,2.65,2.69,2.6,2.68,4036841
EMSLIMITED,20260803,414.0,416.85,407.55,414.35,245231
EMUDHRA,20260803,462.9,483.9,462.9,477.85,315431
EMULTIMQ,20260803,41.17,41.88,40.23,40.96,319038
ENDURANCE,20260803,2771.9,2835.3,2731.4,2787.6,125969
ENERGY,20260803,38.96,39.17,38.53,38.99,291666
ENERGYDEV,20260803,16.75,17.41,16.75,16.77,27320
ENEXT50,20260803,74.25,74.25,73.7,74.0,89
ENGINERSIN,20260803,222.38,228.68,222.38,226.8,1543983
ENIFTY,20260803,25.08,25.08,24.6,24.79,6734
ENIL,20260803,108.0,112.99,107.52,108.81,22979
ENRIN,20260803,3236.0,3298.3,3181.0,3256.0,411370
ENTERO,20260803,1264.5,1264.5,1231.0,1233.2,70955
EPACK,20260803,230.73,232.85,229.0,229.94,358583
EPACKPEB,20260803,248.35,254.45,239.05,243.95,3446835
EPIGRAL,20260803,1095.0,1137.0,1089.5,1120.7,49169
EPL,20260803,225.0,229.4,223.29,226.7,278760
EQUAL200,20260803,14.04,14.12,13.99,14.08,13473
EQUAL50,20260803,339.95,342.59,335.03,341.18,10851
EQUAL50ADD,20260803,349.73,354.33,349.52,351.94,38349
EQUIPPP,20260803,21.87,23.1,21.77,23.09,9293
EQUITASBNK,20260803,75.0,77.0,75.0,76.26,3338159
ERIS,20260803,1353.0,1388.0,1352.5,1383.2,110236
ESABINDIA,20260803,5680.0,5689.0,5602.0,5614.5,2518
ESAFSFB,20260803,41.0,42.49,40.0,40.92,9790624
ESCORTS,20260803,3110.0,3150.0,3043.4,3135.5,678771
ESENSEX,20260803,80.33,80.33,78.73,79.37,2051
ESG,20260803,42.29,42.68,42.2,42.47,54940
ESILVER,20260803,218.63,218.63,215.2,216.05,376947
ESSARSHPNG,20260803,20.2,20.81,19.97,20.57,131530
ESSENTIA,20260803,1.13,1.15,1.11,1.15,757500
ESTER,20260803,89.39,89.68,85.1,86.67,138696
ETERNAL,20260803,303.5,310.9,300.05,310.5,26906290
ETHOSLTD,20260803,2556.0,3090.4,2555.9,2962.7,1592283
EUREKAFORB,20260803,448.5,456.95,448.0,453.65,68833
EUROBOND,20260803,158.29,163.8,156.25,161.15,7046
EUROPRATIK,20260803,303.75,307.55,300.35,301.7,139763
EUROTEXIND,20260803,12.81,12.81,12.69,12.69,719
EVEREADY,20260803,350.0,357.0,347.6,355.65,187826
EVERESTIND,20260803,455.0,468.8,450.0,462.85,9558
EVIETF,20260803,32.88,33.27,32.81,33.17,365917
EVINDIA,20260803,33.65,33.65,32.87,33.12,534370
EXCELINDUS,20260803,991.2,1041.1,987.05,1021.7,14306
EXCELSOFT,20260803,78.0,85.38,77.9,82.99,3128940
EXICOM,20260803,160.7,165.92,159.96,163.95,1190577
EXIDEIND,20260803,449.95,460.0,440.0,444.7,3583632
EXPLEOSOL,20260803,801.0,818.0,801.0,805.15,62353
EXXARO,20260803,6.1,6.36,5.99,6.11,783552
FABTECH,20260803,151.69,152.5,149.0,149.77,66667
FACT,20260803,831.0,849.95,831.0,843.25,129872
FAIRCHEMOR,20260803,781.2,813.0,781.2,813.0,25905
FAZE3Q,20260803,536.95,563.75,536.95,551.25,29565
FCL,20260803,39.74,40.29,39.11,39.27,4962550
FCONSUMER,20260803,0.28,0.28,0.26,0.26,4920906
FCSSOFT,20260803,1.52,1.53,1.49,1.49,2060375
FDC,20260803,409.8,425.05,399.05,404.65,464734
FEDDERSHOL,20260803,42.0,43.0,41.93,42.4,546391
FEDERALBNK,20260803,359.45,371.7,357.3,371.7,4384044
FEDFINA,20260803,156.8,156.8,149.8,150.37,1857400
FEL,20260803,0.39,0.39,0.38,0.38,210176
FELDVR,20260803,2.5,2.5,2.31,2.49,4314
FERMENTA,20260803,505.05,520.0,505.05,511.7,159878
FIBERWEB,20260803,29.99,29.99,28.2,29.28,36341
FIEMIND,20260803,2358.1,2358.1,2306.1,2338.4,63451
FILATEX,20260803,74.13,79.0,72.69,76.7,13952850
FILATFASH,20260803,0.18,0.19,0.18,0.18,13710709
FINCABLES,20260803,991.0,1006.0,988.0,998.05,200264
FINEORG,20260803,4800.0,4989.6,4768.6,4933.7,21917
FINIETF,20260803,34.37,34.37,33.54,33.8,556566
FINKURVE,20260803,61.75,62.73,59.01,59.72,161723
FINOPB,20260803,160.05,166.16,160.05,162.25,594852
FINPIPE,20260803,163.48,166.6,163.16,165.79,520336
FIRSTCRY,20260803,213.2,215.17,213.2,214.61,290453
FISCHER,20260803,38.13,39.14,38.07,38.67,2436237
FIVESTAR,20260803,550.0,564.0,549.0,551.4,338346
FLAIR,20260803,263.8,263.8,248.15,252.0,140255
FLEXIADD,20260803,10.12,10.33,10.12,10.3,90814
FLEXITUFF,20260803,4.36,4.36,4.1,4.2,54023
FLFL,20260803,1.29,1.29,1.23,1.24,68967
FLUOROCHEM,20260803,4386.7,4523.9,4376.8,4483.5,125504
FMCGADD,20260803,49.85,50.25,49.67,50.0,7978
FMCGIETF,20260803,53.01,53.7,52.43,53.03,1740791
FMGOETZE,20260803,472.25,481.0,472.25,474.45,30889
FMNL,20260803,9.43,9.94,9.35,9.85,31038
FOCUS,20260803,69.5,71.0,68.0,70.44,59668
FOODSIN,20260803,55.16,55.16,54.01,54.33,28155
FORCEMOT,20260803,18216.0,18647.0,18103.0,18494.0,124218
FORTIS,20260803,953.8,979.6,938.0,940.0,2160190
FOSECOIND,20260803,5180.0,5300.0,5082.0,5204.5,3096
FRACTAL,20260803,822.7,822.7,797.6,803.45,310799
FRONTSP,20260803,1363.9,1390.0,1354.6,1381.4,16587
FSL,20260803,304.0,330.95,304.0,324.35,10047629
FUSION,20260803,208.86,218.09,207.5,210.78,505834
GABRIEL,20260803,1465.3,1542.0,1461.0,1527.4,886748
GAEL,20260803,178.0,182.0,171.52,180.68,8639340
GAIL,20260803,182.1,182.38,172.15,174.3,37607447
GALAPREC,20260803,1100.9,1120.6,1067.6,1090.5,24656
GALAXYSURF,20260803,1950.9,2026.7,1950.9,1988.8,17874
GALLANTT,20260803,644.0,644.0,614.0,627.6,358473
GANDHAR,20260803,224.78,238.27,223.52,231.64,3962749
GANDHITUBE,20260803,881.7,883.9,873.0,881.2,4746
GANECOS,20260803,1192.0,1225.0,1126.3,1156.6,260274
GANESHBE,20260803,112.33,117.3,111.0,113.64,154551
GANESHCP,20260803,180.98,184.7,175.27,177.8,193376
GANESHHOU,20260803,749.7,790.0,745.0,778.15,59334
GANGAFORGE,20260803,1.79,1.8,1.78,1.79,766871
GANGESSECU,20260803,112.57,120.0,112.57,120.0,7681
GARFIBRES,20260803,735.8,770.95,732.95,761.6,53200
GARUDA,20260803,173.5,175.42,171.25,172.5,163285
GATECH,20260803,0.75,0.75,0.74,0.75,43550740
GATECHDVR,20260803,0.54,0.59,0.53,0.53,2299277
GATEWAY,20260803,58.3,59.48,58.0,58.14,1261361
GAUDIUMIVF,20260803,134.75,134.75,134.75,134.75,45151
GAYAHWS,20260803,2.11,2.11,1.92,2.0,584877
GAYAPROJ,20260803,20.0,20.79,19.71,19.98,336149
GCSL,20260803,528.95,528.95,506.0,508.75,596679
GEECEE,20260803,350.3,367.3,349.5,361.45,5161
GEEKAYWIRE,20260803,23.2,23.47,22.72,23.21,103800
GEMAROMA,20260803,191.01,198.0,191.01,196.21,189088
GENCON,20260803,40.73,41.04,39.25,39.62,388963
GENESYS,20260803,275.0,298.75,274.95,298.75,511803
GENSOL,20260803,18.31,18.31,18.31,18.31,344004
GENUSPAPER,20260803,12.08,12.75,11.95,12.47,306737
GENUSPOWER,20260803,314.75,319.95,314.0,316.0,918619
GEOJITFSL,20260803,77.89,77.89,75.9,77.52,231942
GESHIP,20260803,1358.0,1412.2,1358.0,1398.4,595738
GFLLIMITED,20260803,47.5,48.5,47.02,48.26,54627
GFSTEELS,20260803,14.29,14.29,14.29,14.29,1359
GHCL,20260803,445.0,451.95,434.2,444.1,411921
GHCLTEXTIL,20260803,113.01,118.3,113.01,114.36,1159893
GICHSGFIN,20260803,149.0,151.0,148.0,148.1,59019
GICL,20260803,17.5,18.0,17.3,17.83,89079
GICRE,20260803,359.5,363.75,357.05,358.05,600417
GILLANDERS,20260803,89.75,90.89,88.55,88.66,992
GILLETTE,20260803,7624.0,7776.0,7624.0,7719.0,25853
GILT10BETA,20260803,26.76,26.76,26.49,26.53,280
GILT5BETA,20260803,66.53,66.9,65.86,66.03,1443
GILT5YBEES,20260803,67.15,67.15,65.89,66.18,204377
GINNIFILA,20260803,45.99,46.89,45.3,45.86,17864
GIPCL,20260803,163.0,164.0,161.1,161.48,180171
GKENERGY,20260803,130.5,132.88,130.25,131.17,221635
GKSL,20260803,127.0,129.0,126.75,127.74,49403
GKWLIMITED,20260803,1622.9,1685.0,1622.9,1660.2,963
GLAND,20260803,2505.6,2585.0,2494.1,2579.2,502554
GLAXO,20260803,2665.4,2670.0,2630.0,2662.3,89406
GLENMARK,20260803,2256.4,2256.4,2162.0,2230.0,1307223
GLFL,20260803,5.91,6.15,5.6,5.85,2338
GLOBAL,20260803,101.3,104.47,100.5,101.36,50348
GLOBALE,20260803,11.24,11.24,10.4,10.69,369
GLOBALVECT,20260803,177.9,177.9,163.95,165.1,17703
GLOBE,20260803,2.05,2.18,2.01,2.1,620321
GLOBECIVIL,20260803,40.26,40.69,38.5,39.93,44727
GLOBUSSPR,20260803,888.0,909.9,882.6,900.85,70266
GLOSTERLTD,20260803,669.4,670.0,662.0,668.6,734
GLOTTIS,20260803,68.0,68.0,66.05,67.06,19878
GMBREW,20260803,902.65,906.45,895.0,896.2,28514
GMDCLTD,20260803,562.0,569.0,558.25,561.0,769090
GMMPFAUDLR,20260803,855.0,875.95,851.0,858.45,72539
GMRAIRPORT,20260803,106.87,106.87,104.88,105.55,5825312
GMRP&UI,20260803,100.0,100.6,96.46,97.18,1512131
GNA,20260803,544.0,544.35,528.15,537.2,184492
GNFC,20260803,514.95,529.85,512.1,516.1,378921
GNRL,20260803,93.5,94.9,92.31,93.23,63887
GOACARBON,20260803,387.45,387.45,380.55,382.7,6466
GOCLCORP,20260803,407.5,419.55,405.1,416.15,109585
GOCOLORS,20260803,327.05,334.65,322.0,323.8,339001
GODAVARIB,20260803,260.0,265.45,258.3,260.65,154431
GODFRYPHLP,20260803,2144.8,2269.9,2134.2,2247.0,1547162
GODIGIT,20260803,255.0,264.0,252.8,262.75,611681
GODREJAGRO,20260803,557.05,566.75,557.05,565.05,112626
GODREJCP,20260803,1072.1,1100.0,1071.1,1085.9,615866
GODREJIND,20260803,1326.0,1352.9,1319.2,1337.1,78905
GODREJPROP,20260803,2125.0,2126.6,2060.0,2089.7,366499
GOKEX,20260803,818.95,835.85,810.0,816.8,182653
GOKUL,20260803,39.05,39.99,38.9,39.43,148731
GOKULAGRO,20260803,225.0,236.9,224.99,231.58,704955
GOLD1,20260803,118.16,119.49,117.01,118.39,1261516
GOLD360,20260803,138.75,139.9,138.25,138.5,9120
GOLDADD,20260803,137.92,138.06,137.39,137.82,326479
GOLDAXIS,20260803,118.52,118.53,117.7,118.23,538980
GOLDBEES,20260803,117.2,117.46,116.92,117.26,19279545
GOLDBETA,20260803,119.45,119.55,119.05,119.3,543434
GOLDBND,20260803,143.38,143.9,141.06,141.95,3741
GOLDCASE,20260803,22.46,22.46,22.21,22.31,10695538
GOLDENTOBC,20260803,24.99,24.99,24.05,24.85,594
GOLDETF,20260803,136.01,138.31,136.01,137.9,620775
GOLDIAM,20260803,376.0,381.45,361.1,362.95,765796
GOLDIETF,20260803,122.23,122.23,120.26,121.44,6404088
GOLDTECH,20260803,56.38,57.8,54.2,54.94,17269
GOODLUCK,20260803,1518.9,1535.4,1496.2,1507.2,132434
GOODYEAR,20260803,839.0,862.95,835.15,857.15,84106
GOPAL,20260803,273.0,281.15,273.0,278.9,275249
GOYALALUM,20260803,6.44,6.69,6.44,6.58,53149
GPIL,20260803,244.05,248.95,240.0,244.37,1106208
GPPL,20260803,151.45,152.79,150.5,151.37,879659
GPTHEALTH,20260803,169.64,170.0,163.0,163.94,509164
GPTINFRA,20260803,117.0,118.85,113.5,114.02,251340
GRADIENTE,20260803,2.84,2.84,2.61,2.78,204269
GRANDOAK,20260803,35.9,36.59,35.0,36.59,6500
GRANULES,20260803,827.8,848.65,814.2,843.2,957769
GRAPHITE,20260803,657.0,672.0,654.35,657.95,878541
GRASIM,20260803,3120.0,3260.0,3103.1,3260.0,393816
GRAUWEIL,20260803,77.37,79.8,76.83,78.76,236764
GRAVISSHO,20260803,30.0,31.0,29.35,30.99,4462
GRAVITA,20260803,1624.4,1673.0,1613.2,1663.9,268858
GREAVESCOT,20260803,240.0,241.85,231.2,232.67,1179564
GREENLAM,20260803,252.0,257.7,250.25,251.7,52394
GREENPANEL,20260803,194.01,197.5,193.42,196.72,66735
GREENPLY,20260803,289.95,295.9,285.25,287.4,195013
GREENPOWER,20260803,10.0,10.29,10.0,10.08,2062868
GRINDWELL,20260803,2130.9,2146.2,2061.0,2087.8,21035
GRINFRA,20260803,885.1,915.0,885.1,907.0,17876
GRMOVER,20260803,89.73,96.49,89.1,94.88,2999165
GROBTEA,20260803,903.3,919.4,893.3,918.05,223
GROWW,20260803,195.35,195.35,190.6,192.6,33125267
GROWWCAPM,20260803,11.27,11.31,11.07,11.12,601299
GROWWCHEM,20260803,30.24,30.95,30.12,30.45,121420
GROWWDEFNC,20260803,93.17,94.67,93.17,94.22,250272
GROWWEV,20260803,32.66,33.32,32.45,33.15,637915
GROWWGOLD,20260803,13.85,13.91,13.8,13.85,970075
GROWWHOSPI,20260803,54.37,55.22,54.0,54.08,555963
GROWWLIQID,20260803,110.18,110.19,110.18,110.18,418290
GROWWLOVOL,20260803,10.52,10.87,10.52,10.7,9128
GROWWMC150,20260803,234.58,235.85,228.99,232.82,3130
GROWWMETAL,20260803,12.14,12.4,12.14,12.24,540113
GROWWMOM50,20260803,11.07,11.07,10.64,10.75,171803
GROWWN200,20260803,11.54,11.61,11.39,11.56,83575
GROWWNET,20260803,10.0,10.35,10.0,10.31,844267
GROWWNIFTY,20260803,9.85,10.0,9.71,9.89,1349589
GROWWNXT50,20260803,73.88,76.79,73.67,76.32,9217
GROWWPOWER,20260803,11.69,11.69,11.52,11.62,1228437
GROWWPSE,20260803,100.0,101.8,97.5,100.17,4047
GROWWPSUBK,20260803,84.9,85.45,83.1,84.8,4423
GROWWRAIL,20260803,29.25,30.0,29.04,29.78,1569075
GROWWRLTY,20260803,10.3,10.3,9.97,10.09,328115
GROWWSC250,20260803,10.35,10.55,10.14,10.51,343921
GROWWSLVR,20260803,21.23,21.36,21.12,21.15,1175641
GRPLTD,20260803,2100.0,2143.4,2011.3,2028.7,3607
GRSE,20260803,2615.0,2622.8,2575.0,2582.7,317050
GRWRHITECH,20260803,7190.0,7249.0,7115.5,7182.0,38146
GSEC10ABSL,20260803,113.27,113.27,113.27,113.27,1
GSEC10IETF,20260803,261.79,265.44,261.79,264.77,3465
GSEC10YEAR,20260803,30.16,31.3,30.15,30.15,2318
GSEC5IETF,20260803,67.16,67.16,66.0,66.02,3492
GSFC,20260803,160.2,161.95,159.99,160.81,286583
GSLSU,20260803,27.96,28.75,27.1,27.69,33189
GSPCROP,20260803,582.0,594.0,580.75,587.85,191658
GSS,20260803,12.82,13.82,12.64,13.79,165823
GTECJAINX,20260803,27.39,29.34,27.39,28.05,4846
GTL,20260803,7.39,7.6,7.3,7.44,241270
GTLINFRA,20260803,1.24,1.34,1.23,1.31,69477266
GTPL,20260803,61.35,61.35,59.66,59.95,18323
GUFICBIO,20260803,390.45,397.35,386.55,390.5,35368
GUJALKALI,20260803,689.0,719.0,680.05,697.25,465124
GUJAPOLLO,20260803,385.0,385.0,346.15,364.0,25548
GUJENERGY,20260803,277.3,281.9,274.8,277.55,670676
GUJRAFFIA,20260803,39.15,41.38,39.01,39.59,1607
GUJTHEM,20260803,356.3,361.3,354.1,356.6,35793
GULFOILLUB,20260803,1072.9,1121.0,1072.9,1115.1,143329
GULFPETRO,20260803,52.45,52.45,52.45,52.45,204084
GULPOLY,20260803,199.0,206.99,196.61,198.5,442709
GVKPIL,20260803,2.39,2.42,2.35,2.39,601035
GVPIL,20260803,700.0,758.0,700.0,758.0,157148
GVPTECH,20260803,7.24,7.24,6.95,7.06,63841
GVT&D,20260803,4323.0,4370.0,4267.9,4370.0,478516
GYFTR,20260803,158.0,168.0,156.0,161.69,44488
HAL,20260803,4660.4,4699.0,4647.5,4690.0,466729
HALDER,20260803,240.44,260.0,240.44,255.0,27523
HALDYNGL,20260803,120.61,126.26,120.61,126.26,151391
HALEOSLABS,20260803,1541.2,1590.0,1541.2,1589.0,302
HAPPSTMNDS,20260803,377.2,387.0,371.35,384.0,1063697
HAPPYFORGE,20260803,1668.0,1710.5,1652.8,1699.2,56505
HARDWYN,20260803,11.3,11.55,11.16,11.23,2675789
HARIOMPIPE,20260803,391.0,408.5,391.0,402.7,229192
HARRMALAYA,20260803,215.55,220.0,212.25,214.63,10527
HARSHA,20260803,402.55,409.0,402.55,407.55,61608
HATHWAY,20260803,10.77,11.13,10.77,11.05,1971674
HATSUN,20260803,877.0,894.45,877.0,884.8,18783
HAVELLS,20260803,1261.9,1287.3,1259.1,1285.0,1214090
HAVISHA,20260803,1.37,1.37,1.29,1.32,26883
HAWKINCOOK,20260803,8500.5,8649.5,8400.0,8496.5,984
HBESD,20260803,73.0,78.94,73.0,75.0,1436
HBLENGINE,20260803,724.0,741.7,721.65,739.2,967783
HBSL,20260803,52.6,52.74,49.95,50.5,3507
HCC,20260803,21.6,22.0,21.51,21.81,13986818
HCG,20260803,684.0,684.0,663.9,671.75,77076
HCL-INSYS,20260803,11.53,11.89,11.42,11.66,218623
HCLTECH,20260803,1352.0,1377.0,1343.5,1377.0,2314332
HDBFS,20260803,690.0,697.0,681.4,684.85,375358
HDFCAMC,20260803,2640.0,2644.8,2562.2,2600.6,534990
HDFCBANK,20260803,753.05,756.85,750.05,753.0,14827841
HDFCBSE500,20260803,37.86,38.4,37.83,38.25,340883
HDFCGOLD,20260803,121.55,121.75,120.8,121.2,3241656
HDFCGROWTH,20260803,121.96,124.0,121.96,123.35,119630
HDFCLIFE,20260803,553.7,554.0,549.1,553.1,2516331
HDFCLIQUID,20260803,1072.06,1072.08,1072.06,1072.06,13186
HDFCLOWVOL,20260803,21.49,21.49,21.06,21.2,17547
HDFCMID150,20260803,24.0,24.0,23.43,23.67,458400
HDFCMOMENT,20260803,31.21,31.21,30.71,30.86,163285
HDFCNEXT50,20260803,76.09,76.09,74.63,75.3,2537116
HDFCNIF100,20260803,26.96,26.96,26.08,26.45,50419
HDFCNIFBAN,20260803,59.13,59.55,58.63,59.0,142086
HDFCNIFIT,20260803,32.86,33.73,32.86,33.58,196822
HDFCNIFTY,20260803,274.0,281.16,271.5,275.72,105484
HDFCNIMEG,20260803,130.42,132.0,128.04,130.7,61917
HDFCPSUBK,20260803,86.3,86.3,83.93,84.83,276802
HDFCPVTBAN,20260803,28.34,28.5,28.1,28.39,365678
HDFCQUAL,20260803,59.18,59.71,58.43,59.29,52828
HDFCSENSEX,20260803,86.21,90.64,86.21,89.02,40131
HDFCSILVER,20260803,207.13,208.25,206.02,206.78,2552996
HDFCSML250,20260803,180.67,183.5,180.67,183.38,2334249
HDFCVALUE,20260803,128.0,128.72,128.0,128.21,5334
HDIL,20260803,1.63,1.69,1.63,1.65,117720
HEADSUP,20260803,6.98,6.98,6.53,6.79,16070
HEALTHADD,20260803,17.0,17.06,16.8,16.8,43283
HEALTHAXIS,20260803,170.6,172.3,168.63,170.26,8530
HEALTHCARE,20260803,22.26,22.26,21.56,21.61,78987
HEALTHIETF,20260803,172.61,173.68,170.2,171.14,223480
HEALTHX,20260803,307.95,319.45,307.95,315.0,21093
HEALTHY,20260803,17.51,17.51,17.09,17.12,552949
HECPROJECT,20260803,132.22,138.4,132.18,135.49,6912
HEG,20260803,661.0,671.8,652.4,665.25,722406
HEIDELBERG,20260803,153.1,155.89,153.1,155.51,65037
HEMIPROP,20260803,135.38,141.95,135.1,140.0,1780008
HERANBA,20260803,179.57,187.18,178.48,182.74,37947
HERITGFOOD,20260803,334.3,339.3,333.35,335.1,244425
HEROMOTOCO,20260803,5425.0,5460.5,5388.0,5460.0,602971
HESTERBIO,20260803,2477.0,2489.8,2420.0,2442.4,6340
HEXAGON,20260803,65.29,66.99,64.0,66.35,373945
HEXATRADEX,20260803,157.01,159.9,156.4,157.9,3521
HEXT,20260803,567.4,569.85,549.1,559.85,676648
HFCL,20260803,196.95,203.61,195.7,202.52,39140552
HGINFRA,20260803,538.55,548.0,538.0,546.85,48918
HGM,20260803,52.7,52.7,48.5,49.45,18981
HGS,20260803,422.9,435.9,422.9,430.55,25443
HIKAL,20260803,222.2,234.8,222.2,229.9,575992
HILINFRA,20260803,46.48,47.2,45.71,47.0,68684
HILTON,20260803,21.7,21.95,20.42,21.37,164617
HIMATSEIDE,20260803,79.99,81.82,79.99,80.99,325428
HINDALCO,20260803,990.0,994.9,981.35,994.9,5617219
HINDCOMPOS,20260803,425.5,431.95,424.5,425.55,3202
HINDCON,20260803,24.44,24.44,23.06,23.15,16892
HINDCOPPER,20260803,495.0,498.5,491.0,495.05,2755226
HINDOILEXP,20260803,161.0,162.0,158.0,161.13,341878
HINDPETRO,20260803,396.9,398.85,392.1,395.0,4909326
HINDUNILVR,20260803,2107.0,2138.0,2105.3,2138.0,740649
HINDWAREAP,20260803,220.45,226.5,219.93,222.23,78473
HINDZINC,20260803,543.6,550.45,541.45,547.0,2640411
HIRECT,20260803,1344.0,1360.0,1319.9,1339.4,80334
HISARMETAL,20260803,146.0,151.0,144.0,146.47,3008
HITECH,20260803,84.99,86.9,84.99,85.49,552712
HITECHCORP,20260803,321.0,324.0,319.0,319.2,14716
HITECHGEAR,20260803,565.0,584.0,560.05,574.55,2956
HLEGLAS,20260803,433.0,434.0,420.1,422.85,105745
HLVLTD,20260803,7.12,7.54,7.0,7.21,374443
HMAAGRO,20260803,20.51,21.5,20.51,20.89,491190
HMT,20260803,60.1,62.49,60.0,61.4,8971
HMVL,20260803,93.1,95.5,92.7,95.08,44985
HNDFDS,20260803,580.0,593.9,573.8,589.05,104727
HNGSNGBEES,20260803,512.52,512.52,494.04,496.64,126477
HOMEFIRST,20260803,1193.5,1220.0,1168.0,1170.2,114585
HONASA,20260803,447.25,461.8,437.3,458.2,725342
HONAUT,20260803,38355.0,38945.0,38255.0,38570.0,3672
HONDAPOWER,20260803,2093.9,2126.6,2077.2,2096.0,6450
HPAL,20260803,32.56,34.0,32.56,33.3,49769
HPIL,20260803,125.0,130.99,123.21,127.74,3083
HPL,20260803,335.0,342.0,335.0,335.95,65003
HSBCGOLD,20260803,123.39,124.01,123.15,123.4,15876
HSCL,20260803,750.0,756.85,735.2,750.65,3225995
HTMEDIA,20260803,24.31,25.24,24.31,24.87,44939
HUBTOWN,20260803,190.88,194.0,188.0,190.51,350784
HUDCO,20260803,195.9,200.39,195.9,199.38,2281853
HUHTAMAKI,20260803,298.0,310.7,295.5,300.0,459416
HYBRIDETF,20260803,10.28,10.28,10.04,10.06,42360
HYBRIDFIN,20260803,18.01,18.75,18.0,18.02,8156
HYUNDAI,20260803,2212.1,2247.6,2200.0,2207.0,1774484
IBULLSLTD,20260803,27.02,28.01,26.6,27.09,6862536
ICDSLTD,20260803,39.1,41.0,39.0,39.65,4879
ICEMAKE,20260803,827.0,840.0,822.0,825.25,13373
ICICIAMC,20260803,3129.0,3130.0,3087.1,3099.1,322476
ICICIB22,20260803,116.0,117.15,115.0,116.6,391983
ICICIBANK,20260803,1442.0,1460.0,1433.0,1460.0,7706747
ICICIGI,20260803,1632.7,1675.0,1632.7,1675.0,908054
ICICIPRULI,20260803,515.4,522.35,513.8,522.35,2151448
ICIL,20260803,401.25,415.85,401.25,409.7,487006
ICRA,20260803,4969.0,5145.0,4911.0,5131.5,109701
IDBI,20260803,84.8,86.23,84.51,84.71,4244574
IDEA,20260803,13.01,13.11,12.82,12.86,235409728
IDEAFORGE,20260803,892.0,899.0,870.05,887.1,124436
IDFCFIRSTB,20260803,85.31,86.5,84.69,86.0,12814087
IDFNIFTYET,20260803,271.98,272.2,267.11,271.54,2385
IEX,20260803,133.0,133.8,126.01,128.0,18350173
IFBAGRO,20260803,994.0,997.95,975.0,984.0,2843
IFBIND,20260803,1315.7,1365.5,1305.0,1354.0,70710
IFCI,20260803,77.3,79.2,76.92,77.31,20352925
IFGLEXPOR,20260803,212.0,218.3,203.92,207.35,79459
IGARASHI,20260803,451.4,469.9,451.4,467.15,57816
IGCL,20260803,77.9,77.9,75.0,75.47,118216
IGIL,20260803,355.0,371.4,354.6,364.95,1356968
IGL,20260803,152.05,156.52,152.05,156.17,1720749
IGPL,20260803,478.3,500.0,471.05,496.65,185122
IIFL,20260803,610.8,622.0,602.4,617.85,2681421
IIFLCAPS,20260803,339.3,339.3,335.1,336.65,293307
IITL,20260803,133.21,153.21,133.21,153.21,270241
IKIO,20260803,201.0,203.9,199.3,201.54,165776
IKS,20260803,1858.0,1858.0,1839.3,1846.4,61283
IL&FSENGG,20260803,36.96,36.96,35.14,35.19,63162
IL&FSTRANS,20260803,2.1,2.15,2.1,2.11,20986
IMAGICAA,20260803,47.24,49.85,47.18,49.09,1090738
IMFA,20260803,1482.9,1498.9,1454.0,1492.0,229842
IMPAL,20260803,1080.0,1114.7,1070.0,1104.6,1846
IMPEXFERRO,20260803,2.62,2.62,2.62,2.62,24689
INA,20260803,111.31,113.98,111.11,112.75,374327
INCREDIBLE,20260803,33.48,33.99,33.02,33.1,86
INDBANK,20260803,32.26,32.84,32.26,32.49,19689
INDGN,20260803,523.45,554.85,512.3,545.25,1886714
INDHOTEL,20260803,740.0,752.0,739.5,752.0,1980772
INDIACEM,20260803,400.0,400.0,388.5,390.95,195037
INDIAGLYCO,20260803,1158.0,1164.6,1140.0,1145.2,110002
INDIAMART,20260803,1820.0,1825.0,1790.0,1798.6,165345
INDIANB,20260803,841.95,853.8,838.0,845.0,1497239
INDIANCARD,20260803,225.72,232.0,222.03,224.29,1358
INDIANHUME,20260803,393.2,421.0,393.2,414.5,183169
INDIASHLTR,20260803,722.85,745.4,715.3,726.5,98972
INDIGO,20260803,5300.0,5402.0,5276.0,5400.0,990927
INDIGOPNTS,20260803,1106.6,1113.4,1086.0,1087.4,48464
INDIQUBE,20260803,176.84,178.4,169.45,171.97,47200
INDNIPPON,20260803,1186.5,1214.6,1150.1,1173.2,64388
INDOAMIN,20260803,127.0,129.0,121.5,126.24,46167
INDOBORAX,20260803,378.15,422.35,373.0,418.7,889883
INDOCO,20260803,222.78,225.02,220.0,221.76,89085
INDOFARM,20260803,161.9,164.5,160.16,161.6,179064
INDOMIM,20260803,776.0,802.7,765.0,770.15,7110886
INDORAMA,20260803,56.55,64.85,56.55,63.49,2539412
INDOSTAR,20260803,250.25,253.0,243.05,245.25,101092
INDOTECH,20260803,3510.0,3529.8,3351.1,3470.7,20769
INDOTHAI,20260803,214.9,215.0,170.75,170.75,2912295
INDOUS,20260803,81.0,84.63,81.0,83.6,10809
INDOWIND,20260803,9.18,9.36,9.1,9.12,79213
INDPRUD,20260803,6660.0,6660.0,6420.0,6550.0,98
INDRAMEDCO,20260803,367.0,373.3,365.65,368.9,118293
INDSWFTLAB,20260803,224.27,231.2,222.2,228.63,195400
INDTERRAIN,20260803,28.6,33.39,28.12,33.39,296135
INDUSINDBK,20260803,1019.0,1028.9,1013.3,1028.9,887652
INDUSTOWER,20260803,394.0,398.3,390.1,395.3,2253714
INFOBEAN,20260803,170.44,175.88,167.69,171.95,424632
INFOMEDIA,20260803,5.45,5.7,5.13,5.38,13289
INFRA,20260803,12.15,12.28,12.15,12.25,23976
INFRABEES,20260803,975.66,980.88,965.2,972.07,8431
INFRAIETF,20260803,97.91,97.91,96.35,97.52,384312
INFY,20260803,1145.1,1180.0,1138.1,1180.0,8582270
INGERRAND,20260803,4335.6,4418.2,4290.0,4327.0,7602
INNOVACAP,20260803,975.0,975.85,945.2,956.4,18202
INNOVANA,20260803,315.0,336.75,315.0,322.0,2468
INNOVISION,20260803,284.1,288.0,283.6,285.75,14255
INOXGREEN,20260803,170.0,177.3,165.0,174.32,653228
INOXINDIA,20260803,1908.0,1980.0,1879.0,1920.4,133526
INOXWIND,20260803,78.9,81.14,78.54,78.9,11919807
INSECTICID,20260803,643.3,665.95,636.1,663.6,61729
INSPIRISYS,20260803,97.0,99.0,96.1,98.49,4502
INTELLECT,20260803,727.7,764.4,722.15,748.85,1625516
INTENTECH,20260803,82.5,85.87,82.5,83.07,25387
INTERARCH,20260803,1811.0,1858.0,1811.0,1846.1,53516
INTERNET,20260803,13.62,13.95,13.61,13.92,295701
INTLCONV,20260803,74.0,75.75,73.55,73.77,49859
INVENTURE,20260803,0.91,0.95,0.9,0.91,2382685
INVPRECQ,20260803,1152.5,1152.5,1060.1,1113.1,11175
IOB,20260803,34.29,34.6,34.01,34.1,2431701
IOC,20260803,142.52,145.2,142.38,143.7,17986947
IOLCP,20260803,147.1,153.9,146.48,151.7,1909350
IONEXCHANG,20260803,420.7,436.0,419.75,429.95,321970
IPCALAB,20260803,1752.9,1767.0,1714.0,1725.6,159711
IPL,20260803,144.01,152.48,142.4,148.57,1006156
IRB,20260803,20.17,20.38,20.06,20.18,6221967
IRCON,20260803,126.12,132.38,126.1,131.88,3483133
IRCTC,20260803,494.35,517.5,493.0,513.5,2801518
IREDA,20260803,120.38,123.9,120.19,123.0,7823276
IRFC,20260803,89.5,90.85,89.42,90.25,11813006
IRIS,20260803,252.0,263.97,249.8,254.52,19353
IRISDOREME,20260803,53.26,54.5,52.81,53.52,459911
IRMENERGY,20260803,257.6,268.4,257.6,265.0,97929
ISFT,20260803,82.5,84.0,78.3,82.5,5293
ISGEC,20260803,834.0,847.0,833.35,838.95,39861
ISHANCH,20260803,52.99,53.3,50.5,51.84,49811
IT,20260803,34.83,35.14,33.75,34.95,685778
ITADD,20260803,32.72,33.5,32.7,33.22,125860
ITAXIS,20260803,341.14,349.0,338.1,345.94,7479
ITBEES,20260803,34.2,35.2,34.0,34.98,19835504
ITBETA,20260803,320.69,333.99,319.91,324.4,352251
ITC,20260803,284.45,292.55,283.0,287.0,45392755
ITCHOTELS,20260803,163.59,167.35,162.8,165.22,2135051
ITDC,20260803,707.0,730.2,705.45,715.2,343982
ITETF,20260803,32.79,33.6,32.66,33.46,589716
ITI,20260803,279.4,282.9,277.8,282.15,264548
ITIETF,20260803,34.32,35.83,34.03,34.9,1165091
IVALUE,20260803,272.55,282.0,271.35,274.7,446702
IVC,20260803,8.5,8.51,8.44,8.45,154929
IVP,20260803,153.5,158.9,153.35,158.23,6857
IVZINGOLD,20260803,124.0,124.2,122.65,123.5,77619
IVZINNIFTY,20260803,287.59,287.59,278.0,280.97,3673
IWP,20260803,34.45,34.45,32.8,33.13,2124
IXIGO,20260803,199.85,204.58,198.13,199.6,591507
IZMO,20260803,997.0,1028.25,973.85,988.9,91192
J&KBANK,20260803,155.0,158.7,152.55,156.12,6169987
JAGRAN,20260803,64.2,64.5,62.8,62.88,361401
JAGSNPHARM,20260803,228.5,239.0,227.21,235.37,182821
JAIBALAJI,20260803,57.96,60.59,57.71,60.59,187525
JAICORPLTD,20260803,102.15,104.39,102.15,103.83,283415
JAINREC,20260803,353.9,363.0,321.2,350.2,6506503
JAIPURKURT,20260803,26.5,27.96,26.5,26.91,141267
JAMNAAUTO,20260803,132.99,141.6,132.49,140.86,6125287
JARO,20260803,474.8,476.65,469.75,472.55,113121
JASH,20260803,506.0,511.4,496.2,500.6,90209
JAYAGROGN,20260803,236.0,241.35,229.2,230.95,42437
JAYBARMARU,20260803,165.0,165.12,160.0,162.17,471198
JAYKAY,20260803,169.8,172.0,163.68,165.32,121972
JAYNECOIND,20260803,86.48,89.26,86.2,88.18,3042725
JAYSREETEA,20260803,82.9,84.15,82.48,83.27,20508
JBMA,20260803,663.0,670.95,660.0,662.6,161748
JETFREIGHT,20260803,23.77,23.85,22.51,22.67,276654
JGCHEM,20260803,507.0,514.8,501.65,508.4,84625
JHS,20260803,7.74,7.79,7.49,7.64,95703
JINDALPHOT,20260803,1070.0,1079.9,1038.0,1064.0,2158
JINDALPOLY,20260803,642.0,642.0,622.0,625.0,16801
JINDALSAW,20260803,256.75,260.8,253.25,259.3,1071375
JINDALSTEL,20260803,1114.0,1128.3,1105.1,1105.1,1173261
JINDRILL,20260803,622.9,628.35,607.0,611.15,283953
JINDWORLD,20260803,37.91,42.4,37.63,40.41,123958484
JIOFIN,20260803,260.0,266.95,256.3,263.0,36582683
JISLDVREQS,20260803,22.21,23.23,22.05,22.53,28796
JISLJALEQS,20260803,30.07,32.4,30.05,31.33,4959953
JITFINFRA,20260803,340.0,352.0,335.65,345.25,30630
JKCEMENT,20260803,5461.0,5595.0,5461.0,5563.5,39151
JKIL,20260803,484.0,489.9,483.1,485.2,72309
JKIPL,20260803,98.5,101.0,94.51,96.83,10971
JKLAKSHMI,20260803,569.9,571.85,564.0,568.65,67274
JKPAPER,20260803,390.95,392.7,385.0,385.75,205827
JKTYRE,20260803,405.0,418.25,403.15,410.3,1668484
JLHL,20260803,325.0,325.0,310.3,319.0,607371
JMA,20260803,89.0,90.9,87.02,88.67,12766
JMFINANCIL,20260803,123.69,125.25,117.7,120.89,8194497
JNKINDIA,20260803,430.0,430.0,405.2,410.85,732715
JOCIL,20260803,147.5,151.5,146.1,150.87,12800
JPOLYINVST,20260803,1021.0,1045.0,1021.0,1029.2,5203
JPPOWER,20260803,18.59,19.28,18.31,18.76,197024299
JSFB,20260803,579.0,593.0,573.6,584.85,673070
JSL,20260803,734.8,740.0,719.95,731.7,382465
JSLL,20260803,595.6,602.05,573.2,582.5,415999
JSWCEMENT,20260803,134.0,134.75,132.15,132.9,692633
JSWDULUX,20260803,2938.8,3035.0,2938.8,3015.5,13123
JSWENERGY,20260803,559.0,569.0,557.35,569.0,2824425
JSWHL,20260803,11250.0,12200.0,11250.0,12016.0,7448
JSWINFRA,20260803,317.7,330.95,314.4,329.0,6061606
JSWSTEEL,20260803,1278.9,1294.8,1268.7,1292.3,2577735
JTEKTINDIA,20260803,141.9,143.94,138.2,141.74,256541
JTLIND,20260803,77.4,77.4,75.3,75.73,1165467
JUBLCPL,20260803,1800.0,1848.7,1800.0,1822.3,1471
JUBLFOOD,20260803,439.95,470.8,439.95,470.0,6073943
JUBLINGREA,20260803,739.9,760.55,734.05,757.45,300636
JUBLPHARMA,20260803,936.0,944.45,925.4,933.15,204728
JUNIORBEES,20260803,800.0,805.0,795.0,801.59,548402
JUNIPER,20260803,198.0,199.0,196.45,197.75,82931
JUSTDIAL,20260803,719.9,729.35,705.8,710.65,399720
JWL,20260803,259.25,269.55,259.25,264.95,1890451
JYOTHYLAB,20260803,200.83,207.4,199.84,206.06,941754
JYOTICNC,20260803,814.8,864.2,812.05,858.3,1473324
JYOTISTRUC,20260803,10.88,11.74,10.88,11.6,9771430
KABRAEXTRU,20260803,401.0,447.95,395.0,418.6,873684
KAJARIACER,20260803,1220.3,1223.0,1188.2,1214.7,664373
KAKATCEM,20260803,121.5,121.5,117.01,119.87,3518
KALAMANDIR,20260803,89.11,90.7,89.05,90.03,317343
KALPATARU,20260803,300.75,309.8,297.0,300.7,100525
KALYANIFRG,20260803,620.0,620.0,593.0,599.6,989
KALYANKJIL,20260803,616.35,623.4,602.55,608.0,15638729
KAMAHOLD,20260803,2520.0,2545.0,2510.0,2516.4,2500
KAMATHOTEL,20260803,166.3,171.39,166.3,170.15,34581
KAMDHENU,20260803,34.3,34.89,33.44,34.55,367286
KAMOPAINTS,20260803,4.57,4.73,4.5,4.56,307600
KANANIIND,20260803,1.55,1.55,1.47,1.5,79472
KANCHI,20260803,365.0,374.0,355.05,364.6,1404
KANORICHEM,20260803,140.99,147.5,139.0,142.97,14005
KANPRPLA,20260803,209.99,213.37,206.44,211.01,11000
KANSAINER,20260803,197.19,205.26,197.19,204.18,514487
KAPSTON,20260803,483.9,534.0,478.8,525.9,302591
KARMAENG,20260803,36.6,39.9,36.6,38.5,1381
KARURVYSYA,20260803,343.5,351.8,342.5,348.1,3406254
KAUSHALYA,20260803,892.3,929.0,892.3,924.55,148
KAVDEFENCE,20260803,56.71,59.71,56.71,58.52,117414
KAYA,20260803,275.15,283.0,275.15,278.45,7972
KAYNES,20260803,3830.0,3866.8,3760.0,3805.0,1176113
KCP,20260803,161.6,165.39,148.98,152.97,890397
KCPSUGIND,20260803,32.27,33.0,30.8,32.59,537049
KDDL,20260803,3318.5,3495.0,3272.7,3463.2,54531
KEC,20260803,473.75,482.85,472.35,478.75,806688
KECL,20260803,134.0,140.0,130.4,135.26,303094
KEEPLEARN,20260803,1.99,1.99,1.85,1.94,37793
KEI,20260803,5024.0,5063.2,4963.2,5023.3,274828
KELLTONTEC,20260803,14.27,14.4,14.15,14.27,1738942
KENNAMET,20260803,2888.0,2987.0,2851.3,2907.5,16803
KERNEX,20260803,2337.0,2352.8,2270.0,2278.0,119055
KESORAMIND,20260803,13.14,13.14,13.14,13.14,1049528
KEYFINSERV,20260803,259.85,260.7,251.15,253.2,1581
KFINTECH,20260803,943.7,953.55,934.25,945.0,514392
KHADIM,20260803,97.8,97.8,95.05,96.79,11164
KHAICHEM,20260803,47.9,52.79,47.7,49.35,234709
KHAITANLTD,20260803,141.0,155.4,134.0,155.39,49355
KHANDSE,20260803,17.9,17.9,17.0,17.52,1503
KICL,20260803,5580.0,5600.0,5490.5,5522.0,1259
KILITCH,20260803,192.0,192.0,185.0,190.86,17781
KIMS,20260803,805.95,826.65,804.2,820.6,818769
KINGFA,20260803,5248.0,5250.5,5160.0,5185.5,2833
KIOCL,20260803,371.0,410.7,369.55,394.9,2831917
KIRANVYPAR,20260803,197.51,203.9,192.1,202.99,3066
KIRIINDUS,20260803,415.95,429.95,415.95,425.6,346596
KIRLFER,20260803,477.0,484.4,470.05,475.05,55463
KIRLOSBROS,20260803,1840.0,1914.0,1839.9,1859.7,147293
KIRLOSENG,20260803,2190.0,2246.9,2157.5,2225.2,271651
KIRLOSIND,20260803,3970.0,4067.8,3924.0,3952.6,10676
KIRLPNU,20260803,1483.0,1491.1,1460.0,1463.3,75867
KISSHT,20260803,320.0,321.65,307.0,313.6,2279384
KITEX,20260803,146.45,149.19,145.0,146.34,346394
KKCL,20260803,505.0,514.5,497.7,509.95,32890
KLBRENG-B,20260803,450.85,453.0,417.45,421.6,113179
KMEW,20260803,2470.6,2533.0,2470.6,2493.5,51459
KMSUGAR,20260803,27.8,28.5,27.75,28.19,149407
KNACK,20260803,192.5,202.9,192.49,197.28,2439087
KNAGRI,20260803,215.0,215.59,207.0,207.06,9368
KNRCON,20260803,121.85,127.7,121.85,126.53,983664
KOHINOOR,20260803,23.27,23.77,23.04,23.25,41849
KOKUYOCMLN,20260803,85.94,88.8,85.25,85.93,42642
KOLTEPATIL,20260803,385.5,399.95,385.2,391.4,164542
KOPRAN,20260803,188.22,194.6,182.15,190.27,61771
KOTAKBANK,20260803,392.0,397.5,391.05,397.5,11247062
KOTARISUG,20260803,25.07,26.48,25.07,26.13,112364
KOTHARIPET,20260803,139.99,148.77,139.09,147.14,369243
KOTHARIPRO,20260803,68.43,71.0,66.36,68.66,7339
KOTIC,20260803,161.41,165.18,152.35,155.65,25135
KOTYARK,20260803,34.56,34.89,34.55,34.89,143927
KOVAI,20260803,5895.0,5920.0,5810.0,5832.5,4105
KPEL,20260803,309.05,319.2,309.05,316.25,193005
KPIGREEN,20260803,375.4,383.0,375.4,380.85,369696
KPIL,20260803,1289.0,1310.0,1273.1,1283.5,152552
KPITTECH,20260803,602.15,622.5,598.45,619.25,4526739
KPL,20260803,2598.9,2625.0,2550.0,2562.0,12762
KPRMILL,20260803,1064.7,1077.0,1050.5,1063.7,156682
KRBL,20260803,350.0,381.0,350.0,373.7,798295
KREBSBIO,20260803,53.11,58.04,53.11,55.79,10136
KRIDHANINF,20260803,2.44,2.44,2.28,2.3,24337
KRISHANA,20260803,183.7,186.0,178.5,180.38,980090
KRISHIVAL,20260803,394.15,400.0,387.6,389.35,104025
KRISHNADEF,20260803,1206.7,1230.0,1202.0,1218.3,69989
KRITI,20260803,69.71,71.3,69.05,69.6,3815
KRITIKA,20260803,6.39,6.39,5.98,6.01,415349
KRITINUT,20260803,72.0,76.94,71.85,73.69,9034
KRN,20260803,1175.0,1218.0,1175.0,1212.1,46692
KRONOX,20260803,151.3,154.9,151.3,153.81,33807
KROSS,20260803,196.2,204.99,196.2,203.39,421877
KRSNAA,20260803,529.0,561.45,526.55,540.8,220315
KRYSTAL,20260803,602.0,608.85,601.0,602.2,12552
KSB,20260803,858.0,868.55,850.5,857.75,50364
KSCL,20260803,782.4,801.95,772.25,780.5,178531
KSHINTL,20260803,845.45,885.6,845.45,878.2,211171
KSHITIJPOL,20260803,3.03,3.03,2.88,2.97,945344
KSL,20260803,889.0,889.7,875.05,886.5,15557
KSOLVES,20260803,281.55,286.8,281.55,282.8,34087
KSR,20260803,29.69,30.0,28.68,29.67,10836
KTKBANK,20260803,288.0,294.0,286.0,289.45,3342740
KUANTUM,20260803,79.0,80.8,78.71,79.35,103500
KUSUMGAR,20260803,587.95,633.0,583.6,615.8,2180851
KWIL,20260803,31.19,33.42,30.94,33.16,17265472
LAGNAM,20260803,85.8,89.5,85.0,88.44,24808
LAHOTIOV,20260803,41.01,42.0,40.05,41.49,9924
LAKPRE,20260803,5.17,5.17,4.81,4.81,360
LAL,20260803,8.37,8.69,8.05,8.13,253681
LALPATHLAB,20260803,1920.0,1941.7,1880.6,1900.4,718505
LAMBODHARA,20260803,114.7,115.95,111.0,111.3,9964
LANCORHOL,20260803,26.17,26.94,26.05,26.54,48293
LANDMARK,20260803,541.0,558.9,538.2,542.9,265414
LANDSMILL,20260803,0.82,0.82,0.8,0.8,1487699
LAOPALA,20260803,185.3,190.25,185.3,187.81,155641
LASA,20260803,7.1,7.1,6.86,6.93,39764
LASERPOWER,20260803,303.0,307.8,288.0,295.1,2496781
LATENTVIEW,20260803,300.0,308.7,292.6,297.85,3420336
LATTEYS,20260803,19.26,20.2,19.26,19.86,57845
LAURUSLABS,20260803,1821.0,1838.3,1789.1,1811.4,1919384
LAXMICOT,20260803,14.49,15.58,14.49,14.63,15770
LAXMIDENTL,20260803,214.69,227.9,214.69,218.13,320951
LAXMIINDIA,20260803,129.0,131.8,125.0,131.05,226143
LCCINFOTEC,20260803,4.01,4.38,4.01,4.14,159959
LCL,20260803,534.0,547.7,517.3,525.7,2411586
LEMERITE,20260803,23.57,24.2,23.01,23.26,242961
LEMONTREE,20260803,110.13,114.58,110.0,114.03,5869426
LENSKART,20260803,566.0,574.55,559.3,568.35,2729162
LEXUS,20260803,14.45,15.2,14.45,14.64,20296
LFIC,20260803,142.0,145.0,138.1,141.06,2693
LGBBROSLTD,20260803,1569.0,1569.0,1524.0,1532.4,60387
LGEINDIA,20260803,1510.9,1574.0,1499.0,1569.8,520588
LGHL,20260803,209.25,209.25,198.99,201.31,39063
LIBAS,20260803,10.43,10.43,9.71,10.09,14102
LIBERTSHOE,20260803,264.25,265.0,260.05,261.9,14474
LICHSGFIN,20260803,525.5,527.0,515.1,519.0,2191300
LICI,20260803,426.05,431.3,422.95,428.5,2043005
LICMFGOLD,20260803,127.95,128.45,127.55,127.8,38616
LICNETFGSC,20260803,29.49,29.63,29.22,29.43,100528
LICNETFN50,20260803,274.06,276.47,274.06,275.94,1685
LICNETFSEN,20260803,889.0,889.0,852.0,888.5,182
LICNFNHGP,20260803,279.71,282.9,272.05,282.62,386
LICNMID100,20260803,63.79,64.07,63.26,63.8,23633
LIKHITHA,20260803,222.0,228.43,222.0,226.1,24746
LINC,20260803,102.3,103.0,100.22,101.64,16037
LINCOLN,20260803,578.9,592.8,578.0,580.75,14502
LINDEINDIA,20260803,6770.5,7035.0,6770.5,6980.5,50665
LIQGRWBEES,20260803,1049.05,1050.15,1049.05,1050.14,78228
LIQUID,20260803,999.99,1000.0,999.99,999.99,886933
LIQUID1,20260803,1116.3,1116.45,1116.3,1116.43,544885
LIQUIDADD,20260803,1138.59,1138.69,1138.56,1138.57,576733
LIQUIDBEES,20260803,1000.0,1000.01,999.22,999.99,2215987
LIQUIDBETA,20260803,997.13,1002.68,997.13,1002.68,10
LIQUIDBETF,20260803,1092.99,1092.99,1092.97,1092.98,438816
LIQUIDCASE,20260803,115.31,115.31,115.29,115.3,21339134
LIQUIDETF,20260803,999.99,1000.01,999.99,1000.0,162788
LIQUIDIETF,20260803,999.99,1000.01,999.98,999.99,580250
LIQUIDPLUS,20260803,1098.0,1098.0,1097.21,1097.21,360740
LIQUIDSBI,20260803,1000.0,1000.01,999.99,1000.0,2777
LIQUIDSHRI,20260803,1115.72,1115.72,1115.7,1115.7,1293
LLOYDSENGG,20260803,89.2,92.5,88.72,91.84,10908467
LLOYDSENT,20260803,81.88,84.16,80.76,81.57,3960227
LLOYDSME,20260803,2050.9,2068.0,2035.1,2050.6,607387
LMW,20260803,16152.0,16342.0,16071.0,16182.0,1403
LODHA,20260803,1248.0,1257.8,1226.4,1239.8,1834226
LOKESHMACH,20260803,337.95,338.0,335.0,335.1,6194
LORDSCHLO,20260803,145.25,149.5,145.25,147.86,12408
LOTUSDEV,20260803,207.5,207.5,196.65,197.66,9820738
LOTUSEYE,20260803,122.0,122.0,116.3,117.46,14327
LOVABLE,20260803,72.0,74.9,71.07,73.93,24559
LOWVOL,20260803,212.75,215.0,212.32,214.3,1969
LOWVOL1,20260803,21.53,21.98,21.53,21.86,603966
LOWVOLIETF,20260803,22.27,22.91,22.2,22.81,2472893
LOYALTEX,20260803,205.0,215.0,200.05,200.05,187
LPDC,20260803,6.02,6.34,6.01,6.3,65016
LT,20260803,3974.0,4025.0,3962.5,4025.0,1890377
LTF,20260803,314.55,324.1,314.1,318.0,8873490
LTFOODS,20260803,414.5,417.0,408.7,415.3,748298
LTGILTBEES,20260803,30.0,30.18,29.78,29.96,3216391
LTGILTCASE,20260803,30.1,31.11,30.1,30.44,306248
LTM,20260803,4399.0,4720.4,4386.1,4690.0,1900137
LTTS,20260803,3580.0,3593.0,3454.8,3564.8,147067
LUMAXIND,20260803,5316.0,5878.0,5316.0,5772.5,106937
LUMAXTECH,20260803,1579.0,1652.0,1579.0,1625.7,308962
LUPIN,20260803,2435.0,2440.0,2362.6,2393.0,1717110
LUXIND,20260803,1258.0,1270.0,1248.0,1260.0,19126
LXCHEM,20260803,180.45,184.8,178.77,180.46,1691485
LYKALABS,20260803,60.8,63.84,60.3,63.84,26590
M&M,20260803,3465.0,3465.0,3386.2,3428.6,2169303
M&MFIN,20260803,390.05,409.75,388.05,405.5,5394649
MAANALU,20260803,124.7,128.0,121.88,126.78,167145
MACPOWER,20260803,1489.8,1510.0,1431.5,1457.8,38917
MADHAV,20260803,34.91,35.0,33.9,34.22,3669
MADHAVIPL,20260803,7.72,7.97,7.72,7.85,81225
MADHUCON,20260803,5.02,5.33,5.02,5.28,15244
MADRASFERT,20260803,66.76,67.55,66.67,66.76,46486
MAFANG,20260803,191.18,191.18,191.18,191.18,121688
MAFATIND,20260803,134.6,137.19,132.4,134.61,47533
MAGADSUGAR,20260803,497.65,541.3,497.65,534.95,104201
MAGNUM,20260803,19.77,20.1,19.55,19.99,9265
MAHABANK,20260803,80.0,80.76,78.97,79.57,11500933
MAHAPEXLTD,20260803,45.15,46.0,44.0,45.55,5253
MAHASTEEL,20260803,1000.0,1035.0,975.1,1027.1,29414
MAHEPC,20260803,106.8,108.18,106.21,107.76,15937
MAHESHWARI,20260803,72.63,73.5,71.2,73.0,45196
MAHKTECH,20260803,23.6,23.6,23.6,23.6,252187
MAHLIFE,20260803,395.0,400.0,391.05,398.25,142818
MAHLOG,20260803,414.0,418.7,412.25,416.3,184166
MAHSCOOTER,20260803,13149.0,14099.0,13013.0,13937.0,20823
MAHSEAMLES,20260803,572.5,583.6,567.0,573.7,135333
MAITHANALL,20260803,990.0,992.7,955.35,963.9,87126
MAJESAUT,20260803,436.0,484.0,433.0,475.3,92023
MAKEINDIA,20260803,166.7,168.29,166.66,167.29,54293
MALLCOM,20260803,982.2,982.2,970.1,975.85,3458
MALUPAPER,20260803,32.7,33.4,32.2,33.15,9651
MAMATA,20260803,408.45,413.3,400.05,403.15,66661
MANAKALUCO,20260803,34.5,36.6,34.01,34.5,81640
MANAKCOAT,20260803,120.3,121.81,120.0,120.08,92221
MANAKSIA,20260803,57.0,57.5,56.17,56.67,12185
MANAKSTEEL,20260803,68.5,75.21,68.5,75.21,85658
MANALIPETC,20260803,64.89,68.5,64.25,66.64,541344
MANAPPURAM,20260803,364.0,371.0,357.3,365.0,17549652
MANBA,20260803,138.0,139.41,135.25,137.29,61575
MANCREDIT,20260803,248.0,262.76,247.63,257.36,285884
MANGALAM,20260803,27.66,27.99,26.8,26.98,20871
MANGLMCEM,20260803,950.0,960.95,944.0,945.5,11334
MANINDS,20260803,538.0,552.95,530.3,548.6,334265
MANINFRA,20260803,98.99,102.25,98.6,99.82,1280728
MANKIND,20260803,2458.0,2497.9,2442.2,2483.0,639674
MANOMAY,20260803,211.99,215.0,208.05,213.3,249028
MANORAMA,20260803,1602.9,1640.4,1602.1,1633.0,67319
MANORG,20260803,486.0,486.0,475.0,478.2,7487
MANUFGBEES,20260803,165.11,165.6,162.43,163.54,9774
MANUGRAPH,20260803,14.39,14.88,14.1,14.5,8348
MANYAVAR,20260803,414.6,422.75,412.75,418.75,271527
MAPMYINDIA,20260803,1195.7,1217.4,1186.4,1196.0,192256
MARALOVER,20260803,58.36,58.5,55.45,57.01,37980
MARATHON,20260803,400.35,413.8,392.05,402.25,122627
MARICO,20260803,870.0,881.35,865.3,880.95,2383722
MARINE,20260803,270.35,290.0,268.0,287.75,1548816
MARKOLINES,20260803,177.0,182.5,171.45,177.28,242655
MARKSANS,20260803,259.0,264.0,258.85,262.25,653691
MARSONS,20260803,111.15,113.49,109.35,110.45,2317039
MARUTI,20260803,14300.0,14440.0,13901.0,14150.0,961183
MASFIN,20260803,326.35,326.35,315.1,317.65,120744
MASKINVEST,20260803,149.0,149.0,147.0,147.0,351
MASPTOP50,20260803,77.42,77.42,77.42,77.42,59174
MASTEK,20260803,1874.8,1909.6,1845.1,1893.2,85210
MASTERTR,20260803,82.15,85.3,82.15,84.85,326366
MATRIMONY,20260803,432.0,444.0,429.0,430.95,16227
MAWANASUG,20260803,107.0,109.86,107.0,109.86,50173
MAXESTATES,20260803,397.0,406.4,394.0,400.35,72890
MAXHEALTH,20260803,1109.8,1113.9,1089.0,1100.4,1187048
MAXIND,20260803,171.5,178.0,171.5,174.64,71610
MAYURUNIQ,20260803,752.0,794.0,752.0,783.95,82833
MAZDA,20260803,219.9,224.97,216.1,221.63,8012
MAZDOCK,20260803,2387.4,2412.0,2375.5,2390.0,498319
MBAPL,20260803,161.8,164.0,158.5,160.01,686146
MBEL,20260803,293.65,297.0,292.3,294.7,97922
MBLINFRA,20260803,24.5,25.49,24.5,25.13,11577
MCCHRLS-B,20260803,667.95,699.0,665.05,690.0,405
MCL,20260803,52.8,57.67,52.8,56.17,55568
MCLEODRUSS,20260803,51.9,52.8,50.65,51.95,155395
MCLOUD,20260803,29.3,29.64,29.01,29.23,2037635
MCX,20260803,2700.0,2710.0,2630.1,2642.1,2108978
MEDANTA,20260803,1412.6,1475.8,1405.0,1444.9,382840
MEDIASSIST,20260803,363.75,369.65,359.9,361.0,116139
MEDICAMEQ,20260803,238.0,242.22,233.0,240.02,15083
MEDICO,20260803,49.7,51.49,47.0,49.66,649441
MEDPLUS,20260803,704.95,708.75,695.0,696.4,218379
MEESHO,20260803,182.19,192.77,180.26,191.57,11827508
MEGASTAR,20260803,331.9,336.4,321.55,327.2,2994
MEIL,20260803,293.9,295.0,286.4,289.0,32122
MENNPIS,20260803,70.9,74.95,70.9,74.43,54766
MENONBE,20260803,214.0,221.11,210.59,221.09,94482
MEP,20260803,0.53,0.53,0.53,0.53,34417
MERCANTILE,20260803,24.17,25.7,24.17,24.33,5945
MERCURYEV,20260803,34.82,35.97,34.82,35.43,110395
METAL,20260803,13.16,13.16,12.87,13.0,3066601
METALIETF,20260803,12.95,13.01,12.82,12.97,10939689
METROBRAND,20260803,1036.6,1043.3,1027.0,1034.9,28132
METROGLOBL,20260803,131.9,135.0,129.1,133.26,748
METROPOLIS,20260803,584.95,605.0,584.7,596.45,184833
MFML,20260803,18.99,19.99,18.99,19.84,1696
MFSL,20260803,1519.1,1542.5,1510.0,1542.5,500008
MGEL,20260803,16.28,16.45,15.35,15.51,177353
MGL,20260803,1125.9,1131.1,1110.8,1115.7,145295
MHLXMIRU,20260803,143.5,148.33,141.9,148.33,75124
MHRIL,20260803,218.41,221.75,217.76,218.96,86726
MICEL,20260803,39.5,39.5,38.0,38.65,284722
MID150,20260803,23.6,23.78,23.58,23.71,273011
MID150BEES,20260803,239.72,242.2,238.25,241.51,1672922
MID150CASE,20260803,11.8,11.8,11.6,11.73,1524354
MIDCAP,20260803,18.01,18.98,18.01,18.61,602905
MIDCAPADD,20260803,23.32,23.46,23.28,23.35,64339
MIDCAPBETA,20260803,233.55,236.63,233.0,236.2,2157
MIDCAPETF,20260803,23.65,23.91,23.65,23.86,3667403
MIDCAPIETF,20260803,24.22,24.24,23.83,24.15,1593023
MIDHANI,20260803,398.05,406.9,396.0,403.65,321794
MIDQ50ADD,20260803,25.26,25.52,25.26,25.46,201399
MIDSELIETF,20260803,19.6,19.8,19.59,19.71,363403
MIDSMALL,20260803,51.21,51.57,51.1,51.42,572832
MIDWESTLTD,20260803,1195.1,1221.0,1195.1,1214.9,10062
MINDACORP,20260803,703.05,735.9,699.5,727.6,749804
MINDTECK,20260803,193.5,197.94,192.2,193.37,45377
MIRZAINT,20260803,33.01,34.43,33.01,33.72,167395
MITCON,20260803,76.99,76.99,73.01,75.7,590
MITTAL,20260803,0.93,0.94,0.91,0.91,296308
MKPL,20260803,4.16,4.32,4.16,4.25,111596
MMFL,20260803,551.05,560.0,550.0,554.4,57875
MMP,20260803,297.2,298.9,290.2,294.65,48017
MMTC,20260803,62.93,64.57,62.55,63.65,1667788
MMWL,20260803,13.72,14.4,13.72,13.9,2808
MNC,20260803,34.24,34.44,34.1,34.35,202047
MOALPHA50,20260803,55.17,55.5,53.39,54.39,26515
MOBANK10,20260803,17.13,17.21,17.06,17.17,10496
MOBIKWIK,20260803,207.95,222.8,206.1,214.77,17160792
MOCAPITAL,20260803,53.67,53.67,52.55,52.76,1203129
MODEFENCE,20260803,101.01,103.44,100.75,102.98,1090925
MODINATUR,20260803,390.05,405.35,390.0,394.1,4233
MODIRUBBER,20260803,121.51,125.42,118.35,121.37,1912
MODIS,20260803,397.0,410.0,394.75,398.55,26859
MODISONLTD,20260803,268.95,281.8,268.95,281.8,63381
MODTHREAD,20260803,47.86,52.14,47.86,48.85,331
MOENERGY,20260803,39.97,39.97,38.85,38.98,126782
MOGOLD,20260803,140.0,142.0,139.6,140.55,27945
MOGSEC,20260803,65.52,67.33,65.0,66.02,1466559
MOHEALTH,20260803,52.97,52.97,51.37,51.52,97623
MOHITIND,20260803,23.59,23.61,22.33,22.45,10846
MOIL,20260803,283.45,286.75,280.55,282.05,707805
MOINFRA,20260803,60.94,61.4,60.94,61.25,1467
MOIPO,20260803,47.46,48.01,47.29,47.84,5127
MOKSH,20260803,10.05,10.34,10.05,10.2,38729
MOL,20260803,54.33,55.7,53.9,54.36,1111172
MOLDTECH,20260803,151.0,154.5,146.99,149.19,205395
MOLDTKPAC,20260803,672.2,679.8,669.0,675.1,45411
MOLOWVOL,20260803,37.81,39.64,37.05,39.01,2596147
MOM100,20260803,67.07,68.97,66.51,68.22,1932452
MOM30IETF,20260803,31.26,31.49,30.43,31.1,1208367
MOM50,20260803,258.4,258.4,254.86,256.41,251906
MOMENTUM,20260803,30.9,31.28,30.83,30.93,54980
MOMENTUM30,20260803,30.48,30.85,30.32,30.6,28217
MOMENTUM50,20260803,52.63,53.19,52.63,53.01,2888975
MOMGF,20260803,168.42,168.42,163.44,163.87,1226
MOMIDMTM,20260803,64.19,64.25,63.65,63.8,157640
MOMMIDCAP,20260803,12.9,12.9,12.52,12.72,1688150
MOMNC,20260803,33.92,34.0,33.03,33.47,13398
MOMOMENTUM,20260803,62.0,62.9,61.87,62.09,168761
MON100,20260803,315.45,315.45,315.45,315.45,210240
MON50EQUAL,20260803,34.74,34.74,34.0,34.24,3849
MONARCH,20260803,396.0,396.95,382.1,384.55,94012
MONEXT50,20260803,73.86,74.44,73.86,73.97,539926
MONEYBOXX,20260803,57.3,62.98,57.3,60.69,71113
MONIFTY100,20260803,25.83,26.08,25.53,25.77,72973
MONIFTY500,20260803,24.67,24.67,24.11,24.19,1339302
MONQ50,20260803,140.56,140.56,140.56,140.56,48243
MONTECARLO,20260803,529.0,538.0,524.3,533.0,55989
MOPSE,20260803,101.57,101.59,100.0,101.3,2427
MOQUALITY,20260803,204.56,219.9,204.3,206.55,491673
MORARJEE,20260803,11.82,11.83,11.24,11.24,46965
MOREALTY,20260803,91.3,91.31,89.63,90.41,963160
MOREPENLAB,20260803,58.0,58.9,57.25,57.65,5950210
MOSCHIP,20260803,209.6,212.9,208.3,210.23,1394138
MOSERVICE,20260803,31.61,31.86,31.59,31.77,24792
MOSILVER,20260803,213.68,215.39,213.14,214.46,63254
MOSMALL250,20260803,18.13,18.27,16.2,17.89,10512377
MOTHERSON,20260803,152.9,155.01,152.03,155.01,17765051
MOTILALOFS,20260803,861.0,873.75,852.7,867.95,688125
MOTISONS,20260803,14.3,14.55,14.1,14.25,7971960
MOTOGENFIN,20260803,26.51,27.49,26.0,26.48,15198
MOTOUR,20260803,79.98,81.55,77.61,80.33,59253
MOVALUE,20260803,115.0,115.75,114.01,115.24,110633
MPHASIS,20260803,2361.0,2429.0,2339.9,2429.0,423329
MPSLTD,20260803,2700.0,2790.0,2644.7,2770.5,61657
MRF,20260803,134100.0,134550.0,133205.0,133730.0,3472
MRPL,20260803,170.32,176.3,170.32,174.06,8770678
MSCI360,20260803,10.23,10.51,10.1,10.37,31339
MSCIADD,20260803,30.01,30.21,30.01,30.07,16332
MSCIINDIA,20260803,29.3,30.54,29.3,30.5,1069823
MSPL,20260803,34.47,35.51,34.25,35.07,857318
MSTCLTD,20260803,630.0,630.0,602.1,608.8,158493
MSUMI,20260803,41.25,42.22,40.75,41.48,7432396
MTARTECH,20260803,6012.0,6012.0,6012.0,6012.0,75480
MTEDUCARE,20260803,1.92,2.12,1.92,2.01,55763
MTNL,20260803,27.16,28.6,27.16,28.11,1325102
MUFIN,20260803,132.5,135.8,131.5,133.1,1896535
MUFTI,20260803,81.9,83.4,81.71,82.69,36229
MUKANDLTD,20260803,141.6,144.5,141.6,143.6,112231
MUKKA,20260803,22.7,23.37,22.7,23.29,432151
MUKTAARTS,20260803,56.06,56.06,54.88,55.4,1420
MULTICAP,20260803,17.07,17.37,16.83,16.93,232698
MUNJALAU,20260803,102.49,104.32,101.72,103.68,311141
MUNJALSHOW,20260803,138.11,147.1,138.11,143.47,653918
MURUDCERA,20260803,30.93,31.25,30.61,30.7,11268
MUTHOOTCAP,20260803,231.4,239.57,231.4,237.88,29195
MUTHOOTFIN,20260803,2876.0,2928.0,2671.0,2890.9,8573629
MUTHOOTMF,20260803,246.78,249.4,230.1,235.66,670040
MVGJL,20260803,168.3,172.89,167.62,170.7,18255
MWL,20260803,37.4,40.19,36.36,37.9,2911152
NACLIND,20260803,190.0,193.74,175.0,178.59,1856983
NAGAFERT,20260803,2.49,2.49,2.49,2.49,427016
NAGREEKCAP,20260803,23.35,23.99,22.81,22.89,14150
NAGREEKEXP,20260803,21.22,23.0,21.22,22.48,8197
NAHARCAP,20260803,250.37,265.0,249.95,262.72,7726
NAHARINDUS,20260803,113.2,119.5,112.64,118.15,14251
NAHARPOLY,20260803,265.2,276.95,265.1,274.9,28525
NAHARSPING,20260803,283.3,313.8,283.3,311.15,176570
NAM-INDIA,20260803,1171.1,1178.4,1161.0,1165.0,515538
NARMADA,20260803,17.4,17.5,16.05,16.26,6126667
NATCAPSUQ,20260803,144.71,168.9,144.1,162.33,161886
NATCOPHARM,20260803,921.0,939.85,918.1,929.1,289116
NATHBIOGEN,20260803,160.0,160.7,158.6,158.84,9732
NATIONALUM,20260803,357.95,369.0,353.5,369.0,12541474
NATIONSTD,20260803,235.51,235.51,235.51,235.51,4204
NAUKRI,20260803,1231.8,1268.8,1231.8,1268.8,937278
NAVA,20260803,561.8,589.4,556.2,579.9,527726
NAVINFLUOR,20260803,7650.0,7703.5,7510.0,7555.0,97345
NAVKARCORP,20260803,103.0,104.36,102.5,103.26,387137
NAVKARURB,20260803,1.07,1.07,1.02,1.03,3823692
NAVNETEDUL,20260803,134.16,136.17,131.7,132.18,276327
NAZARA,20260803,344.95,345.8,335.95,339.55,3028157
NBCC,20260803,95.2,96.6,95.0,95.5,5156861
NBIFIN,20260803,2191.0,2244.9,2190.0,2226.3,353
NCC,20260803,143.0,145.81,143.0,144.42,1905604
NCLIND,20260803,180.6,184.3,180.6,182.45,28836
NDGL,20260803,2805.0,2850.0,2775.0,2849.0,182
NDL,20260803,2.38,2.4,2.36,2.37,545178
NDLVENTURE,20260803,129.99,132.96,127.0,129.34,46986
NDRAUTO,20260803,818.0,835.55,817.55,824.65,18333
NDTV,20260803,77.2,78.48,76.86,77.39,105058
NEAGI,20260803,3172.0,3172.0,3169.9,3170.0,26
NECCLTD,20260803,15.19,15.68,15.19,15.68,43911
NECLIFE,20260803,10.78,10.97,10.5,10.72,95867
NELCAST,20260803,121.7,122.82,120.21,121.35,88182
NELCO,20260803,1024.1,1026.0,995.5,1000.8,772071
NEOGEN,20260803,2055.7,2072.0,2005.1,2056.1,81141
NEPHROPLUS,20260803,689.0,699.0,676.5,688.75,100842
NESCO,20260803,1080.0,1089.0,1065.2,1073.4,22505
NESTLEIND,20260803,1509.5,1530.0,1505.4,1530.0,1232625
NETF,20260803,264.0,268.0,264.0,266.73,4894
NETWEB,20260803,4560.4,4740.0,4540.0,4586.0,2334958
NETWORK18,20260803,29.56,29.87,29.25,29.38,2035411
NEUEON,20260803,14.84,14.84,14.84,14.84,4882
NEULANDLAB,20260803,19149.0,19912.0,19005.0,19675.0,46146
NEWGEN,20260803,559.0,569.75,553.55,562.75,1071891
NEXT30ADD,20260803,43.63,43.69,43.47,43.65,8854
NEXT50,20260803,761.0,769.11,761.0,768.39,72334
NEXT50ADD,20260803,75.7,75.7,73.58,74.12,1968
NEXT50BETA,20260803,80.12,80.25,78.83,79.39,692464
NEXT50ETF,20260803,75.97,75.97,74.14,74.87,24962
NEXT50IETF,20260803,77.66,78.49,77.3,78.06,1622959
NEXTMEDIA,20260803,4.0,4.03,3.87,3.87,2586
NFL,20260803,71.7,72.54,71.7,71.84,356485
NGIL,20260803,40.94,42.02,39.15,40.0,48485
NGLFINE,20260803,3299.0,3448.2,3200.1,3292.8,18024
NH,20260803,1999.0,1999.0,1914.0,1919.7,1188916
NHPC,20260803,78.5,80.7,78.5,79.25,21147708
NIACL,20260803,178.49,178.49,174.72,175.46,1164311
NIBE,20260803,1399.0,1399.0,1360.0,1364.4,40021
NIBL,20260803,34.69,35.69,34.55,35.09,22502
NIF100BEES,20260803,271.3,273.37,269.05,270.3,92498
NIF100IETF,20260803,28.65,28.71,28.4,28.64,132554
NIFTY1,20260803,272.7,273.49,270.85,272.05,156388
NIFTY100EW,20260803,34.45,35.9,34.45,35.79,41917
NIFTYADD,20260803,259.19,260.0,257.27,258.73,33314
NIFTYAXIS,20260803,271.39,272.2,270.73,271.85,13577
NIFTYBEES,20260803,278.5,280.09,278.5,279.87,8115406
NIFTYBETA,20260803,270.3,273.0,270.0,272.09,35738
NIFTYBETF,20260803,253.25,253.3,251.91,252.68,4929
NIFTYCASE,20260803,9.6,9.89,9.6,9.85,1008040
NIFTYETF,20260803,268.11,269.05,266.24,267.69,2196167
NIFTYIETF,20260803,276.71,280.0,276.71,278.33,670228
NIFTYQLITY,20260803,21.68,21.99,21.54,21.69,94304
NIITLTD,20260803,95.8,98.99,95.8,96.86,343623
NIITMTS,20260803,243.4,249.95,226.0,246.61,328404
NILAINFRA,20260803,7.32,7.8,7.32,7.66,264861
NILASPACES,20260803,12.0,13.3,11.94,12.74,2101294
NILE,20260803,1873.5,1974.4,1873.5,1958.2,5388
NILKAMAL,20260803,1789.0,1797.6,1645.0,1699.9,251226
NIMBSPROJ,20260803,192.15,192.15,180.0,182.59,1260
NINSYS,20260803,779.0,797.0,743.0,751.5,29470
NIPPOBATRY,20260803,327.0,330.05,321.1,327.15,2179
NIRAJ,20260803,28.98,29.85,28.98,29.08,62984
NIRAJISPAT,20260803,220.0,220.0,210.0,215.99,174
NIRLON,20260803,620.65,632.2,615.5,620.15,3137
NITCO,20260803,107.84,109.9,107.2,108.09,479633
NITINSPIN,20260803,545.95,583.9,543.9,572.35,285468
NITIRAJ,20260803,219.95,220.0,213.2,214.87,1976
NITTAGELA,20260803,1822.2,1822.2,1700.0,1729.2,39875
NIVABUPA,20260803,87.21,88.7,86.0,86.56,1535003
NKIND,20260803,60.8,65.7,59.0,62.82,1565
NLCINDIA,20260803,299.8,301.3,296.6,298.05,1390048
NMDC,20260803,85.6,85.84,83.05,83.8,18494856
NOCIL,20260803,165.25,184.0,165.25,174.05,12374720
NOIDATOLL,20260803,4.5,4.6,4.36,4.44,72994
NORBTEAEXP,20260803,66.85,70.0,65.15,65.29,2954
NORTHARC,20260803,290.0,295.6,282.0,284.65,597266
NOVAAGRI,20260803,22.56,23.49,22.56,23.0,32890
NOVARTIND,20260803,1540.1,1651.4,1540.1,1635.7,29922
NPBET,20260803,284.71,291.69,284.71,288.87,875
NPST,20260803,1560.0,1560.0,1505.0,1523.0,25007
NRAIL,20260803,484.8,490.0,476.1,488.15,3261
NRBBEARING,20260803,418.4,440.25,416.5,433.8,756420
NRL,20260803,108.72,108.72,108.72,108.72,42236
NSIL,20260803,5562.5,5749.0,5504.0,5622.0,4566
NSLNISP,20260803,43.5,43.8,43.15,43.37,3092634
NTPC,20260803,347.25,350.9,345.3,350.9,5460220
NTPCGREEN,20260803,90.85,91.6,90.02,90.7,4694420
NUCLEUS,20260803,686.05,702.75,686.05,696.7,36002
NURECA,20260803,332.2,346.6,327.0,333.4,36669
NUVAMA,20260803,1822.7,1840.0,1744.0,1765.7,316161
NUVOCO,20260803,349.75,353.2,347.05,350.6,284291
NV20,20260803,14.29,14.3,14.15,14.26,77602
NV20BEES,20260803,142.56,142.9,141.0,142.62,14634
NV20IETF,20260803,13.5,13.94,13.0,13.89,574609
NYKAA,20260803,335.0,344.9,332.8,344.9,6931047
OAL,20260803,371.0,385.0,362.0,378.85,33764
OBCL,20260803,52.0,53.9,52.0,53.1,65944
OBEROIRLTY,20260803,1834.1,1861.1,1821.6,1861.1,178400
OCCLLTD,20260803,174.32,174.32,174.32,174.32,30139
ODIGMA,20260803,23.25,23.25,22.51,22.82,23128
OFSS,20260803,11186.0,11484.0,11160.0,11332.0,164111
OIL,20260803,454.0,457.65,450.0,452.0,3770840
OILCOUNTUB,20260803,55.94,56.9,55.13,56.49,9742
OILIETF,20260803,11.48,11.53,11.42,11.45,2463758
OLAELEC,20260803,38.66,39.18,38.5,38.74,20929717
OLECTRA,20260803,1330.7,1353.9,1326.8,1344.2,216171
OMAXAUTO,20260803,193.8,197.7,183.15,190.92,62654
OMAXE,20260803,86.16,87.84,84.35,85.38,201187
OMFREIGHT,20260803,89.66,91.95,88.0,88.0,8030
OMINFRAL,20260803,91.5,92.25,89.9,91.6,102499
OMNI,20260803,588.0,638.5,583.85,602.3,920924
OMPOWER,20260803,171.99,171.99,167.01,169.4,59098
ONELIFECAP,20260803,35.22,36.9,34.9,36.09,61128
ONEPOINT,20260803,58.0,58.38,56.25,56.9,776161
ONESOURCE,20260803,1624.0,1624.0,1550.0,1560.5,291606
ONGC,20260803,241.45,242.62,240.06,242.0,8277525
ONIDA,20260803,39.99,41.0,37.9,39.85,407321
ONMOBILE,20260803,66.55,66.58,64.72,66.58,69195
ONWARDTEC,20260803,294.9,297.35,290.0,293.85,49531
OPTIEMUS,20260803,641.2,661.0,635.85,657.8,394268
ORBTEXP,20260803,246.0,250.0,233.0,243.79,39086
ORCHASP,20260803,1.8,1.8,1.6,1.65,242277
ORCHPHARMA,20260803,990.0,998.0,975.1,990.65,44068
ORICONENT,20260803,54.88,54.88,53.51,54.24,16899
ORIENTALTL,20260803,5.03,5.3,5.03,5.19,67795
ORIENTBELL,20260803,319.25,320.25,311.55,317.6,5191
ORIENTCEM,20260803,136.07,140.1,136.07,139.51,265963
ORIENTCER,20260803,41.7,41.7,40.72,41.0,23646
ORIENTELEC,20260803,174.9,177.0,173.8,175.55,342278
ORIENTHOT,20260803,132.34,137.1,131.75,135.39,278925
ORIENTLTD,20260803,83.4,83.4,76.91,77.26,16074
ORIENTPPR,20260803,18.2,19.35,18.05,19.05,790848
ORIENTTECH,20260803,261.5,265.45,258.85,261.5,330338
ORISSAMINE,20260803,4050.0,4140.0,4005.0,4106.3,12037
ORKLAINDIA,20260803,557.0,581.1,557.0,573.6,96546
ORTEL,20260803,1.87,1.87,1.79,1.87,9294
ORTINGLOBE,20260803,14.6,15.99,14.6,15.5,25275
OSIAHYPER,20260803,2.95,3.01,2.85,2.91,321474
OSWALAGRO,20260803,39.89,40.25,38.2,38.49,52487
OSWALGREEN,20260803,21.04,22.04,21.04,21.76,263168
OSWALPUMPS,20260803,332.9,339.15,329.6,331.25,812409
OSWALSEEDS,20260803,10.88,10.88,10.53,10.68,11735
PACEDIGITK,20260803,206.35,207.67,201.01,201.59,775987
PAGEIND,20260803,40500.0,40665.0,40125.0,40200.0,8626
PAISALO,20260803,71.79,73.25,70.91,72.29,9209200
PAKKA,20260803,71.1,72.94,71.01,71.28,49666
PALASHSECU,20260803,87.8,91.35,87.04,89.01,1841
PALREDTEC,20260803,45.55,46.35,44.81,45.39,3212
PANACEABIO,20260803,425.05,425.05,415.6,423.45,71008
PANACHE,20260803,429.0,448.0,429.0,439.55,3504
PANAMAPET,20260803,459.8,471.35,456.0,460.75,132370
PANSARI,20260803,336.85,343.0,316.1,329.1,4836
PAR,20260803,100.99,101.97,97.02,99.09,4025
PARACABLES,20260803,65.06,67.35,64.16,66.39,2042931
PARADEEP,20260803,148.8,150.2,144.0,144.92,7384190
PARAGMILK,20260803,218.0,227.0,216.19,225.47,695232
PARAS,20260803,1262.8,1323.0,1255.0,1292.3,1553761
PARASPETRO,20260803,2.53,2.59,2.43,2.44,491460
PARKHOSPS,20260803,299.0,302.8,280.0,288.6,1692327
PARKHOTELS,20260803,122.38,127.9,122.38,124.53,234150
PARSVNATH,20260803,1.77,1.77,1.77,1.77,203245
PASHUPATI,20260803,85.8,86.7,85.13,85.32,80796
PASUPTAC,20260803,58.0,60.74,58.0,60.49,58400
PATANJALI,20260803,358.0,365.5,352.5,364.0,5089623
PATELENG,20260803,27.51,28.97,27.5,28.85,6702672
PATELRMART,20260803,226.9,228.7,223.73,226.78,93105
PATINTLOG,20260803,13.92,14.39,13.9,14.01,54644
PAUSHAKLTD,20260803,659.4,661.0,644.0,652.8,69349
PAVNAIND,20260803,18.9,18.9,17.72,18.01,36102
PAYTM,20260803,1348.0,1437.6,1344.4,1410.0,7964165
PCBL,20260803,322.05,334.8,322.05,326.8,3202738
PCJEWELLER,20260803,9.32,9.77,9.23,9.64,252990519
PDMJEPAPER,20260803,95.9,97.68,94.86,96.3,86733
PDSL,20260803,370.0,372.65,354.9,357.25,83148
PEARLPOLY,20260803,17.75,17.75,16.43,16.65,22373
PENIND,20260803,166.0,171.28,165.5,169.12,311606
PENINLAND,20260803,15.5,15.81,15.3,15.81,84000
PERSISTENT,20260803,5533.5,5575.0,5319.5,5575.0,1344826
PETRONET,20260803,280.75,284.85,279.05,284.85,1506784
PFC,20260803,425.5,429.25,417.3,421.5,5985708
PFIZER,20260803,4823.9,4934.0,4804.9,4914.6,44131
PFOCUS,20260803,287.5,304.5,285.0,298.75,1045783
PFS,20260803,27.84,28.77,27.82,28.41,433258
PGEL,20260803,616.0,629.0,612.2,618.0,1239700
PGHH,20260803,8644.5,8700.0,8582.0,8649.0,16117
PGHL,20260803,6604.5,6699.5,6452.5,6501.5,7179
PGIL,20260803,2066.6,2127.5,2066.6,2103.4,70465
PHARMABEES,20260803,27.27,27.95,27.16,27.23,5428430
PHOENIXLTD,20260803,1893.7,1955.0,1883.9,1955.0,380365
PICCADIL,20260803,742.45,755.0,727.3,752.0,299304
PIDILITIND,20260803,1623.0,1642.5,1622.0,1642.5,653565
PIGL,20260803,104.32,113.71,103.56,110.83,121633
PIIND,20260803,2754.6,2845.0,2746.6,2793.0,276209
PILANIINVS,20260803,4302.9,4382.0,4302.9,4346.8,794
PILITA,20260803,8.6,8.81,8.41,8.65,24611
PINELABS,20260803,141.24,153.4,139.61,152.17,71026387
PIONEEREMB,20260803,25.5,25.98,24.75,25.61,13245
PIONRINV,20260803,85.99,87.68,81.0,86.96,4470
PIRAMALFIN,20260803,2066.4,2088.0,2025.0,2047.8,317656
PITTIENG,20260803,925.0,935.9,920.5,928.4,39086
PIXTRANS,20260803,1669.9,1729.2,1636.1,1701.1,11302
PKTEA,20260803,710.0,710.0,668.0,699.0,284
PLASTIBLEN,20260803,187.01,191.8,187.01,190.61,34535
PLATIND,20260803,227.05,231.18,225.0,225.53,65731
PLAZACABLE,20260803,42.0,44.4,42.0,44.01,22752
PML,20260803,506.95,510.05,490.6,493.65,155
PNB,20260803,113.01,114.47,112.66,113.0,12088257
PNBGILTS,20260803,85.8,85.8,83.0,83.51,316121
PNBHOUSING,20260803,1057.0,1094.5,1049.7,1090.0,1194896
PNC,20260803,19.55,21.45,19.23,20.37,14848
PNCINFRA,20260803,249.09,251.6,245.01,247.58,562424
PNGJL,20260803,670.3,679.5,655.0,658.05,356967
PNGSREVA,20260803,428.1,444.7,426.85,443.25,144582
POCL,20260803,529.0,552.9,529.0,550.45,490666
PODDARMENT,20260803,265.0,265.25,250.3,251.55,10592
POKARNA,20260803,932.0,950.0,925.0,932.45,42452
POLICYBZR,20260803,1607.0,1650.0,1600.6,1650.0,648291
POLYCAB,20260803,9120.0,9150.0,9001.0,9034.0,154112
POLYMED,20260803,1723.5,1749.0,1704.8,1727.9,98125
POLYPLEX,20260803,1104.5,1114.5,1091.1,1094.8,60391
PONNIERODE,20260803,301.55,330.45,301.55,328.3,44920
POONAWALLA,20260803,468.0,474.4,464.7,471.9,855124
POWERGRID,20260803,285.0,287.0,283.9,287.0,8749092
POWERICA,20260803,535.0,549.8,512.0,519.4,297730
POWERINDIA,20260803,32180.0,32380.0,31865.0,32000.0,57777
POWERMECH,20260803,2594.0,2627.9,2566.5,2593.0,92494
PPAP,20260803,284.0,289.95,270.2,288.35,23053
PPL,20260803,265.9,275.0,261.0,262.25,29140
PPLPHARMA,20260803,196.36,202.95,193.03,199.28,7051612
PRABHA,20260803,150.0,155.5,147.34,153.78,82791
PRADPME,20260803,518.1,518.1,505.25,509.6,3897
PRAENG,20260803,20.16,20.9,20.0,20.07,33090
PRAJIND,20260803,314.95,317.95,313.45,315.05,381592
PRAKASH,20260803,124.0,126.5,124.0,125.5,229100
PRAKASHSTL,20260803,4.0,4.11,3.98,4.03,140048
PRAVEG,20260803,298.9,298.9,290.45,293.6,38486
PRAXIS,20260803,6.3,6.74,6.0,6.56,229975
PRECAM,20260803,141.47,146.0,141.39,143.31,168272
PRECOT,20260803,850.0,850.0,791.05,819.0,10974
PRECWIRE,20260803,374.5,388.1,372.7,379.1,311874
PREMCO,20260803,372.6,382.3,372.55,380.1,1610
PREMEXPLN,20260803,664.9,668.95,661.2,661.8,104311
PREMIER,20260803,2.98,3.0,2.79,2.79,19708
PREMIERENE,20260803,1027.3,1040.1,1020.7,1020.7,617990
PREMIERPOL,20260803,67.6,75.8,67.6,73.56,748386
PRESTIGE,20260803,1620.0,1670.0,1610.5,1670.0,349987
PRICOLLTD,20260803,715.0,740.0,709.45,732.85,1638587
PRIMESECU,20260803,277.1,281.5,275.35,277.45,39599
PRIMO,20260803,26.0,26.0,24.11,24.3,158094
PRINCEPIPE,20260803,262.0,270.0,262.0,263.4,181389
PRITI,20260803,37.2,38.2,37.0,37.81,4152
PRITIKAUTO,20260803,17.47,18.19,17.47,17.72,99241
PRIVISCL,20260803,3680.0,3680.0,3585.0,3597.0,103747
PROSTARM,20260803,127.0,138.0,126.25,135.87,1483618
PROTEAN,20260803,620.0,640.0,620.0,630.85,243186
PROZONER,20260803,41.73,43.64,41.51,43.13,269992
PRSMJOHNSN,20260803,106.9,110.59,106.84,108.88,125836
PRUDENT,20260803,3319.8,3385.1,3270.1,3359.2,27698
PRUDMOULI,20260803,13.67,13.67,12.74,13.46,2085
PSB,20260803,23.4,23.9,23.4,23.76,1577094
PSPPROJECT,20260803,990.0,990.0,939.9,949.55,147018
PSUBANK,20260803,83.95,85.5,83.33,84.54,448463
PSUBANKADD,20260803,84.45,86.22,84.45,85.42,61957
PSUBNKBEES,20260803,94.49,95.22,93.33,94.57,5391757
PSUBNKIETF,20260803,85.14,86.5,84.53,85.6,201181
PTC,20260803,176.21,182.2,175.9,180.11,4283556
PTCIL,20260803,17776.0,18041.0,17776.0,17981.0,8054
PTL,20260803,39.99,40.05,39.4,39.77,50827
PUNJABCHEM,20260803,1180.0,1180.0,1145.0,1151.9,14842
PURVA,20260803,212.05,215.89,206.5,207.67,264312
PVP,20260803,27.05,27.39,26.65,27.1,493615
PVRINOX,20260803,1142.9,1153.0,1131.5,1141.4,583974
PVSL,20260803,110.2,112.14,106.15,107.19,42496
PVTBANIETF,20260803,28.1,28.14,27.9,28.05,3285922
PVTBANK,20260803,27.72,27.92,27.5,27.86,15780
PVTBANKADD,20260803,28.02,28.37,27.43,27.76,1098199
PVTBKGROWW,20260803,27.84,27.94,27.51,27.79,14226
PWL,20260803,125.2,129.09,123.85,126.03,4198871
PYRAMID,20260803,185.97,188.0,183.34,184.97,58304
QGOLDHALF,20260803,117.96,117.99,116.06,117.47,247926
QMSMEDI,20260803,117.9,117.9,112.0,112.3,13120
QNIFTY,20260803,274.0,274.0,268.87,270.54,3985
QPOWER,20260803,1150.0,1185.0,1145.0,1158.0,106482
QUADFUTURE,20260803,348.8,365.7,348.8,360.95,281272
QUAL30IETF,20260803,21.58,21.61,21.37,21.6,161980
QUALITY30,20260803,20.94,21.23,20.94,21.22,12969
QUESS,20260803,335.95,349.5,331.85,345.05,1991991
QUICKHEAL,20260803,153.0,160.0,153.0,159.3,93220
QUINT,20260803,39.49,39.98,38.0,38.99,2443
QUINTEGRA,20260803,1.5,1.51,1.37,1.4,11943
RACE,20260803,110.0,111.99,109.48,111.79,5364
RACLGEAR,20260803,1260.0,1295.0,1260.0,1291.3,19888
RADAAN,20260803,3.27,3.27,3.15,3.2,7768
RADHIKAJWE,20260803,72.45,73.49,70.85,71.22,974269
RADIANTCMS,20260803,36.97,37.1,36.62,36.97,54912
RADICO,20260803,4350.8,4459.1,4349.9,4459.1,352530
RADIOCITY,20260803,6.79,7.09,6.79,6.81,69178
RAILTEL,20260803,284.3,293.7,283.15,292.25,1106898
RAIN,20260803,224.1,233.37,224.1,229.53,5596995
RAINBOW,20260803,1550.0,1574.8,1530.6,1545.6,161412
RAJESHEXPO,20260803,84.8,86.14,84.6,84.8,101144
RAJMET,20260803,3.27,3.35,3.27,3.31,197052
RAJOOENG,20260803,52.6,53.6,52.07,52.45,189033
RAJPALAYAM,20260803,830.0,839.9,806.3,818.85,1355
RAJRATAN,20260803,500.0,518.0,497.05,513.5,154143
RAJRILTD,20260803,21.22,21.22,20.82,21.22,6883
RAJSREESUG,20260803,31.29,31.99,29.91,30.39,53084
RAJTV,20260803,11.45,11.62,10.76,10.76,281976
RAJVIR,20260803,5.64,5.64,5.64,5.64,10
RALLIS,20260803,218.5,220.96,216.61,217.82,863483
RAMANEWS,20260803,28.39,31.99,28.39,30.85,96270
RAMAPHO,20260803,131.99,134.9,126.67,130.91,89184
RAMASTEEL,20260803,4.23,4.3,4.1,4.22,3243922
RAMBHAJO,20260803,180.3,189.49,178.64,183.76,280637
RAMCOCEM,20260803,920.15,950.0,920.15,945.25,128262
RAMCOIND,20260803,329.9,334.65,328.0,332.15,91714
RAMCOSYS,20260803,585.9,588.95,561.3,563.95,250501
RAMKY,20260803,379.2,392.9,379.2,389.15,41901
RAMRAT,20260803,439.0,444.45,424.0,429.95,339219
RANASUG,20260803,11.81,12.82,11.81,12.52,589199
RANEHOLDIN,20260803,1759.9,1888.0,1745.0,1872.6,79892
RATEGAIN,20260803,929.0,978.9,927.0,965.4,757521
RATNAMANI,20260803,2373.0,2424.3,2358.9,2371.8,24944
RATNAVEER,20260803,184.99,212.2,184.43,205.79,39358650
RAYMOND,20260803,589.4,609.3,584.05,602.0,668558
RAYMONDLSL,20260803,699.6,754.0,677.0,727.3,659709
RAYMONDREL,20260803,650.0,677.85,646.35,669.75,300774
RBA,20260803,67.0,71.4,67.0,70.76,5382951
RBLBANK,20260803,379.5,382.4,376.35,379.95,3413992
RBZJEWEL,20260803,149.0,153.8,148.5,152.54,102323
RCF,20260803,127.4,129.59,127.11,127.62,881041
RCOM,20260803,0.84,0.85,0.82,0.84,2049908
RECLTD,20260803,374.0,376.7,367.05,368.1,3512873
REDINGTON,20260803,320.5,357.8,319.5,347.85,69118282
REDTAPE,20260803,131.9,133.08,130.51,130.79,148310
REFEX,20260803,309.0,311.0,304.0,306.8,360544
REGAAL,20260803,82.99,85.97,82.99,85.97,229882
REGENCERAM,20260803,32.01,34.9,31.0,32.9,6139
RELAXO,20260803,405.0,414.7,403.05,408.7,208423
RELCHEMQ,20260803,122.1,127.5,122.1,124.83,2328
RELIABLE,20260803,144.75,147.49,140.5,146.37,83363
RELIANCE,20260803,1315.2,1319.0,1306.0,1319.0,7508023
RELIGARE,20260803,255.95,262.0,253.8,261.1,1464485
RELINFRA,20260803,63.04,63.04,63.04,63.04,214554
RELTD,20260803,169.87,170.79,164.5,166.81,255178
REMSONSIND,20260803,82.15,84.79,82.15,83.44,48460
RENUKA,20260803,21.77,22.69,21.75,22.33,8155897
REPCOHOME,20260803,385.9,390.8,385.0,385.95,72642
REPL,20260803,63.0,66.69,63.0,65.08,2281
REPRO,20260803,378.85,405.0,377.5,398.7,64234
RESPONIND,20260803,171.6,175.0,171.6,173.3,84594
RETAIL,20260803,16.56,17.4,16.01,16.57,3428
RGL,20260803,118.0,119.38,115.0,115.5,354917
RHETAN,20260803,31.22,31.5,31.1,31.12,6489222
RHFL,20260803,1.93,1.94,1.85,1.88,2066881
RHIM,20260803,390.0,419.35,390.0,412.25,1273074
RHL,20260803,174.0,174.0,168.8,172.99,1708
RICOAUTO,20260803,142.5,146.73,141.45,142.07,1456704
RIIL,20260803,747.0,755.05,740.1,746.85,45659
RIR,20260803,161.95,163.44,157.17,159.25,117095
RISHABH,20260803,619.1,662.05,617.75,650.2,201022
RITCO,20260803,295.7,306.0,293.0,301.25,268052
RITES,20260803,214.9,221.32,214.9,219.31,785441
RKDL,20260803,19.8,19.8,18.5,19.14,18391
RKEC,20260803,26.21,26.93,26.2,26.4,7602
RKFORGE,20260803,659.7,684.7,642.35,681.15,3196714
RKSWAMY,20260803,102.39,104.38,101.02,101.98,43302
RMC,20260803,254.85,299.8,245.4,292.15,272852
RMDRIP,20260803,18.8,18.94,18.5,18.62,135815
RML,20260803,1174.7,1237.0,1162.4,1210.8,55286
RNBDENIMS,20260803,9.06,9.27,9.0,9.08,127399
ROHLTD,20260803,316.3,317.6,312.65,313.8,14282
ROLEXRINGS,20260803,139.06,141.7,137.65,139.1,975005
ROLLT,20260803,2.58,2.58,2.58,2.58,99388
ROML,20260803,43.58,45.99,43.58,45.0,770
ROSSARI,20260803,505.95,511.0,500.6,508.25,57189
ROSSELLIND,20260803,59.79,60.4,57.71,58.74,26997
ROSSTECH,20260803,975.95,1086.75,966.0,1067.1,1333256
ROTO,20260803,67.99,68.45,67.1,67.48,233785
ROUTE,20260803,540.0,549.5,531.1,537.05,488967
RPEL,20260803,1215.0,1272.0,1208.1,1245.6,50178
RPGLIFE,20260803,2780.0,2819.5,2727.3,2756.8,14650
RPOWER,20260803,23.56,24.57,23.56,23.87,31020819
RPPINFRA,20260803,59.1,61.19,59.1,59.93,33550
RPPL,20260803,21.89,22.44,21.08,22.33,92204
RPSGVENT,20260803,931.0,964.85,931.0,952.3,32582
RPTECH,20260803,840.0,889.0,822.05,883.65,1212672
RRIL,20260803,17.69,17.69,17.0,17.37,6589
RRKABEL,20260803,2634.0,2656.0,2605.1,2631.9,287192
RSDFIN,20260803,112.0,132.88,101.15,132.88,156670
RSL,20260803,143.0,143.99,140.9,142.89,1421684
RSSOFTWARE,20260803,31.0,31.4,30.0,30.68,10487
RSWM,20260803,214.0,225.29,213.0,224.76,183073
RSYSTEMS,20260803,264.2,275.4,262.15,273.8,477441
RTNINDIA,20260803,31.34,33.35,31.34,33.11,2634603
RTNPOWER,20260803,8.75,8.95,8.67,8.8,18178783
RUBFILA,20260803,71.25,72.24,71.0,71.45,11099
RUBICON,20260803,1501.2,1530.0,1490.0,1500.8,93519
RUBYMILLS,20260803,382.0,382.0,368.0,369.75,15691
RUCHINFRA,20260803,5.94,5.94,5.73,5.89,40821
RUCHIRA,20260803,109.32,109.8,107.63,108.09,37111
RUDRA,20260803,17.73,18.99,17.02,18.06,89942
RUPA,20260803,161.9,164.54,161.32,163.63,99599
RUSHIL,20260803,17.84,17.84,16.81,16.99,538624
RUSTOMJEE,20260803,405.85,407.6,395.4,396.8,48605
RVHL,20260803,45.8,46.47,45.0,45.97,13469
RVNL,20260803,225.7,234.7,225.7,232.9,8366055
RVTH,20260803,712.5,721.0,700.0,706.65,769
S&SPOWER,20260803,316.9,334.35,316.1,334.35,3578
SAATVIKGL,20260803,433.55,442.0,433.55,437.8,36670
SABEVENTS,20260803,6.02,6.32,6.02,6.32,12593
SADBHAV,20260803,9.08,9.08,8.63,8.64,351653
SADBHIN,20260803,2.63,2.67,2.51,2.52,288658
SADHNANIQ,20260803,2.79,2.79,2.71,2.79,1776535
SAFARI,20260803,1559.7,1588.9,1504.0,1548.1,153429
SAGARDEEP,20260803,25.44,25.44,24.24,24.49,3300
SAGCEM,20260803,174.49,176.39,171.21,172.67,37113
SAGILITY,20260803,43.5,44.58,43.11,43.88,18555073
SAHLIBHFI,20260803,81.0,81.0,78.46,78.52,330
SAHYADRI,20260803,314.0,332.85,313.75,326.9,34936
SAIL,20260803,170.6,172.7,165.0,165.0,12154369
SAILIFE,20260803,1325.0,1350.0,1315.2,1333.4,316024
SAIPARENT,20260803,551.7,560.0,546.0,554.55,73640
SAKAR,20260803,908.7,944.0,894.05,922.5,181604
SAKHTISUG,20260803,17.15,17.5,17.0,17.44,115918
SAKSOFT,20260803,171.8,177.39,170.0,176.57,1129208
SAKUMA,20260803,1.63,1.67,1.63,1.64,629153
SALASAR,20260803,5.88,6.03,5.86,5.9,4405746
SALONA,20260803,244.02,252.96,243.9,248.06,965
SALSTEEL,20260803,58.92,58.92,56.11,57.69,71609
SALZERELEC,20260803,589.4,596.7,586.4,591.3,41938
SAMBHAAV,20260803,6.55,6.82,6.39,6.58,21777
SAMBHV,20260803,122.07,123.55,119.0,119.96,1664182
SAMHI,20260803,179.9,184.75,178.32,181.68,777492
SAMMAANCAP,20260803,163.0,166.1,160.63,161.08,6896585
SAMPANN,20260803,26.82,27.69,26.82,27.14,19084
SANATHAN,20260803,477.5,494.0,467.0,484.8,74544
SANDESH,20260803,978.15,992.0,973.0,989.6,501
SANDHAR,20260803,632.8,658.0,620.6,647.95,597937
SANDUMA,20260803,214.0,215.86,210.5,212.05,507588
SANGAMIND,20260803,620.0,622.6,602.8,609.5,20611
SANGHVIMOV,20260803,414.95,457.0,412.55,437.5,1799166
SANGINITA,20260803,64.06,64.06,64.06,64.06,103800
SANOFI,20260803,3330.0,3407.5,3330.0,3381.8,60108
SANOFICONR,20260803,4619.0,4659.0,4515.0,4539.5,4422
SANSERA,20260803,3378.0,3471.0,3358.3,3452.7,174571
SANSTAR,20260803,115.0,123.99,115.0,116.85,2123607
SANWARIA,20260803,0.2,0.21,0.2,0.2,483800
SAPPHIRE,20260803,184.75,188.5,182.06,187.48,464853
SAPPL,20260803,285.25,295.0,281.9,287.45,983
SARDAEN,20260803,523.0,538.0,515.2,516.2,542580
SAREGAMA,20260803,522.85,532.9,508.1,514.2,363206
SARLAPOLY,20260803,98.4,102.5,98.21,101.51,41222
SARVESHWAR,20260803,3.46,3.5,3.36,3.38,1074130
SASKEN,20260803,1902.3,1902.3,1902.3,1902.3,7255
SATIA,20260803,61.75,63.15,61.03,62.5,49149
SATIN,20260803,239.0,240.0,230.2,230.7,1031247
SAURASHCEM,20260803,60.0,61.9,59.31,60.14,124767
SAYAJIHOTL,20260803,304.75,304.75,296.0,304.75,700
SBC,20260803,42.26,42.4,40.61,41.99,7304193
SBCL,20260803,752.9,769.4,747.0,763.45,213225
SBFC,20260803,90.4,92.35,90.26,92.08,1319954
SBGLP,20260803,25.44,26.99,25.0,25.55,31067
SBIBPB,20260803,48.68,49.41,48.21,48.98,111890
SBICARD,20260803,661.0,674.2,658.45,665.05,816319
SBIETFCON,20260803,124.7,127.15,122.0,124.4,9780
SBIETFIT,20260803,340.51,352.0,336.0,349.87,19113
SBIETFPB,20260803,285.48,285.48,281.92,283.58,33884
SBIETFQLTY,20260803,225.74,227.85,225.74,226.27,2673
SBIFUNDS,20260803,591.0,592.9,583.2,588.05,2624696
SBILIFE,20260803,1899.0,1915.0,1882.8,1915.0,885610
SBILIQETF,20260803,1050.19,1050.21,1050.19,1050.21,15826
SBIMIDMOM,20260803,62.84,63.55,62.84,63.25,7784
SBIN,20260803,1035.0,1051.5,1031.6,1045.0,10507450
SBINEQWETF,20260803,34.0,34.35,33.73,34.25,92053
SBINMID150,20260803,23.64,23.7,23.23,23.43,12408
SBISILVER,20260803,212.0,213.39,211.09,211.66,613860
SBISMLETF,20260803,18.2,18.35,17.88,18.17,29714
SBIVALETF,20260803,15.04,15.16,15.04,15.11,5548
SCANSTL,20260803,59.6,62.5,59.59,59.61,124863
SCHAEFFLER,20260803,4079.2,4138.4,3978.5,4069.2,35057
SCHAND,20260803,146.0,146.61,143.04,144.7,24392
SCHNEIDER,20260803,1370.0,1378.5,1339.5,1346.1,198032
SCI,20260803,294.0,295.75,290.7,292.65,1989074
SCILAL,20260803,41.21,42.5,41.21,41.89,203515
SCODATUBES,20260803,147.0,151.97,146.22,150.82,166875
SCPL,20260803,619.0,648.0,619.0,638.6,137704
SDBL,20260803,72.15,72.69,71.01,71.41,382704
SEAMECLTD,20260803,1498.0,1520.0,1430.0,1457.2,81786
SECMARK,20260803,127.63,127.7,122.0,124.46,1074
SECURKLOUD,20260803,18.0,18.0,17.52,17.83,14675
SEDEMAC,20260803,2749.3,2900.0,2697.8,2752.1,353233
SEIL,20260803,207.62,209.78,204.5,205.0,480068
SEJALLTD,20260803,721.0,790.1,717.5,742.55,21053
SELECTIPO,20260803,47.85,47.85,47.22,47.57,75449
SELMC,20260803,28.1,28.3,27.42,27.47,8110
SEMAC,20260803,312.0,323.85,305.1,311.7,1402
SENCO,20260803,408.9,408.9,366.5,388.1,1410396
SENORES,20260803,1326.6,1364.4,1312.1,1355.3,198818
SENSEXADD,20260803,78.35,81.32,78.35,81.11,1702
SENSEXAXIS,20260803,82.69,82.7,80.01,81.0,3300
SENSEXBETA,20260803,866.0,876.0,860.05,864.44,1579
SENSEXETF,20260803,80.8,81.69,80.8,81.25,48270
SENSEXIETF,20260803,901.1,905.9,884.41,898.76,27386
SEPC,20260803,6.0,6.04,5.96,6.02,6046035
SERVOTECH,20260803,87.1,87.96,84.81,85.75,853663
SESHAPAPER,20260803,243.0,245.0,234.2,237.87,126507
SETCO,20260803,17.75,17.94,17.75,17.9,61831
SETF10GILT,20260803,264.42,265.82,263.27,263.97,6833
SETFGOLD,20260803,123.86,123.86,120.59,121.03,7727223
SETFNIF50,20260803,263.7,265.0,263.4,264.58,1715511
SETFNIFBK,20260803,588.4,595.3,588.4,594.08,282537
SETFNN50,20260803,793.0,798.0,793.0,795.3,28634
SETL,20260803,276.95,282.7,275.3,278.55,223337
SETUINFRA,20260803,0.41,0.43,0.41,0.42,15826
SEYAIND,20260803,12.36,12.55,12.11,12.25,34977
SFL,20260803,784.05,797.0,784.05,790.75,92503
SGFIN,20260803,686.0,713.85,680.7,702.6,367008
SGIL,20260803,615.0,625.3,590.0,592.2,8367
SGL,20260803,10.02,10.12,9.7,9.88,1960
SGMART,20260803,705.0,707.0,685.1,699.25,229145
SHADOWFAX,20260803,253.09,261.5,237.15,240.78,29699377
SHAH,20260803,3.96,4.08,3.92,4.01,1845572
SHAHALLOYS,20260803,68.0,68.0,66.1,67.44,696
SHAILY,20260803,3065.0,3096.6,3034.8,3056.0,104738
SHAKTIPUMP,20260803,525.5,526.95,517.05,518.8,540773
SHALBY,20260803,161.9,166.04,161.9,163.84,55574
SHALPAINTS,20260803,67.68,80.01,67.68,80.01,4518150
SHANKARA,20260803,143.3,144.9,141.1,141.92,608991
SHANTI,20260803,6.87,7.5,6.67,6.9,35474
SHANTIGEAR,20260803,414.8,421.05,413.0,415.0,13852
SHANTIGOLD,20260803,225.0,225.0,218.8,219.61,632489
SHARDACROP,20260803,825.0,849.0,817.1,826.15,354204
SHARDAMOTR,20260803,871.3,916.0,871.3,912.3,93432
SHARDUL,20260803,39.44,43.58,39.44,43.58,43976
SHAREINDIA,20260803,178.7,182.07,177.07,180.74,406589
SHARIABEES,20260803,475.25,478.28,470.0,474.65,10908
SHBAJRG,20260803,177.2,190.0,177.0,187.98,8565
SHEKHAWATI,20260803,12.56,13.8,12.51,13.59,40983
SHEMAROO,20260803,117.5,120.1,117.0,117.99,2443
SHILCTECH,20260803,4582.0,4735.0,4582.0,4682.5,25924
SHILPAMED,20260803,616.1,629.75,614.1,623.55,477775
SHINDL,20260803,162.95,162.95,159.0,160.36,101756
SHIVALIK,20260803,248.3,258.4,247.05,250.28,32229
SHIVAMAUTO,20260803,18.0,18.0,17.64,17.64,6421
SHIVAMILLS,20260803,61.02,61.62,58.21,60.31,73
SHIVATEX,20260803,165.0,166.66,163.02,163.57,676
SHIVAUM,20260803,440.1,449.4,426.0,428.05,5702
SHK,20260803,166.4,167.99,165.03,166.54,429687
SHOPERSTOP,20260803,388.6,411.95,380.0,403.35,85036
SHRADHA,20260803,34.19,35.25,32.7,33.86,34507
SHREDIGCEM,20260803,71.7,74.49,71.7,73.93,49567
SHREECEM,20260803,26150.0,27000.0,26110.0,27000.0,33488
SHREEJISPG,20260803,648.95,673.0,648.95,666.55,525755
SHREEPUSHK,20260803,396.75,408.0,396.0,405.85,33426
SHREERAMA,20260803,39.39,40.78,39.29,40.36,47303
SHRENIK,20260803,0.34,0.34,0.33,0.33,538831
SHREYANIND,20260803,139.32,144.78,137.11,141.88,5323
SHRIKRISH,20260803,40.05,43.01,40.05,40.06,1199
SHRINGARMS,20260803,225.01,232.4,225.01,229.85,786356
SHRIPISTON,20260803,4441.0,4547.0,4430.4,4524.4,66253
SHRIRAMFIN,20260803,1058.0,1095.0,1051.6,1090.2,7047761
SHRIRAMPPS,20260803,84.72,86.0,84.48,85.65,174452
SHYAMCENT,20260803,5.21,5.21,5.01,5.06,41031
SHYAMMETL,20260803,1041.8,1044.8,1017.5,1025.1,477723
SHYAMTEL,20260803,16.21,17.1,16.21,17.1,6547
SICAGEN,20260803,49.71,50.48,48.5,49.97,6976
SICALLOG,20260803,107.0,107.0,106.91,106.91,20315
SIEMENS,20260803,3741.7,3905.0,3694.2,3900.0,609663
SIGACHI,20260803,24.63,27.0,24.63,26.61,1507634
SIGIND,20260803,53.41,58.5,51.1,55.93,98549
SIGMA,20260803,53.0,53.98,49.75,50.24,1362441
SIGMAADV,20260803,634.0,654.7,625.0,654.7,146018
SIGNATURE,20260803,824.8,838.0,822.15,833.65,243726
SIGNPOST,20260803,283.6,288.05,275.35,280.0,146187
SIKA,20260803,1101.7,1141.6,1100.0,1124.1,21437
SIKKO,20260803,5.41,5.45,5.33,5.37,701908
SIL,20260803,16.89,17.08,16.33,16.95,22031
SILGO,20260803,69.94,70.69,68.67,69.79,214160
SILINV,20260803,419.0,430.0,419.0,427.6,1022
SILLYMONKS,20260803,16.16,16.16,14.91,15.13,34567
SILVER,20260803,217.99,217.99,215.1,215.54,618961
SILVER1,20260803,20.97,21.14,20.91,20.95,4005765
SILVER360,20260803,212.59,213.94,211.94,212.3,6761
SILVERADD,20260803,207.93,209.8,207.43,207.86,131285
SILVERAG,20260803,210.38,211.99,209.77,210.34,124705
SILVERAXIS,20260803,215.41,216.55,214.2,214.72,166495
SILVERBEES,20260803,206.55,208.2,206.0,206.45,18831765
SILVERBETA,20260803,208.71,210.3,208.05,208.42,202123
SILVERBND,20260803,217.87,218.47,212.01,216.89,3341
SILVERCASE,20260803,22.32,22.4,21.83,21.86,5815085
SILVERIETF,20260803,217.19,217.3,214.92,215.46,2136953
SILVERTUC,20260803,202.0,207.7,192.25,197.38,699145
SIMBHALS,20260803,6.85,6.99,6.62,6.96,19171
SIMPLEXINF,20260803,235.75,239.89,234.0,235.64,57252
SINCLAIR,20260803,71.61,75.45,71.61,74.69,29359
SINDHUTRAD,20260803,24.96,24.96,24.42,24.5,137842
SINGERIND,20260803,65.98,66.43,64.55,64.9,18711
SINTERCOM,20260803,83.0,87.0,83.0,86.99,15200
SIRCA,20260803,425.0,436.0,422.45,430.7,458544
SIS,20260803,424.5,429.75,422.55,425.1,66651
SITINET,20260803,0.31,0.31,0.31,0.31,428778
SIYSIL,20260803,611.35,634.0,605.75,629.3,128794
SJS,20260803,2430.2,2498.9,2410.0,2483.4,155365
SJVN,20260803,69.2,70.43,69.01,69.42,2713188
SKFINDIA,20260803,1489.6,1513.8,1482.2,1506.5,49615
SKFINDUS,20260803,2780.0,2788.2,2679.9,2697.7,24922
SKIL,20260803,0.94,0.96,0.92,0.94,32482
SKIPPER,20260803,533.9,555.0,531.6,549.15,755981
SKMEGGPROD,20260803,249.85,249.85,241.0,242.33,636187
SKYGOLD,20260803,649.0,700.0,649.0,691.85,1001359
SMALL250,20260803,18.04,18.5,18.02,18.28,678931
SMALLADD,20260803,18.09,18.31,18.09,18.27,30591
SMALLCAP,20260803,46.83,47.68,46.3,47.4,1681432
SMALLGROWW,20260803,47.36,47.7,46.71,47.56,7049
SMALLIETF,20260803,18.15,18.25,18.05,18.21,41113
SMARTLINK,20260803,207.0,210.42,207.0,210.42,3475
SMARTWORKS,20260803,478.85,489.0,466.6,481.65,48510
SMCGLOBAL,20260803,81.9,81.9,79.4,79.94,606571
SML100CASE,20260803,11.0,11.4,11.0,11.15,4311067
SMLMAH,20260803,5690.0,5756.0,5401.0,5464.0,257127
SMLT,20260803,68.0,70.0,68.0,69.0,4596
SMSPHARMA,20260803,375.75,376.6,361.2,363.55,299209
SNOWMAN,20260803,38.89,39.0,38.3,38.5,102594
SNXT30BEES,20260803,42.94,43.65,42.94,43.39,16508
SNXT50BETA,20260803,93.51,96.95,93.51,95.84,4438
SOBHA,20260803,1380.0,1387.9,1361.2,1372.3,75517
SOFTTECH,20260803,416.0,418.0,412.05,418.0,3696
SOLARA,20260803,522.85,523.65,513.0,515.85,111052
SOLARINDS,20260803,18400.0,18710.0,18358.0,18659.0,53004
SOLARWORLD,20260803,190.65,192.6,184.01,184.62,412946
SOLEX,20260803,911.0,949.5,911.0,946.8,22853
SOMANYCERA,20260803,490.0,514.0,488.1,509.0,123707
SOMATEX,20260803,99.5,99.76,95.0,95.64,19383
SOMICONVEY,20260803,94.3,97.63,92.8,93.45,11239
SONACOMS,20260803,775.0,785.0,768.05,785.0,2517947
SONAMLTD,20260803,56.8,56.8,54.0,54.16,10228
SONATSOFTW,20260803,324.0,348.45,319.0,345.85,6562997
SOTL,20260803,605.9,636.0,603.3,630.1,261606
SOUTHBANK,20260803,47.0,47.87,46.93,47.07,8220206
SOUTHWEST,20260803,239.88,242.98,237.89,240.44,106951
SPAL,20260803,1008.0,1011.0,980.0,988.7,38788
SPANDANA,20260803,262.55,265.55,260.4,262.4,145722
SPARC,20260803,207.11,213.29,207.02,207.93,793057
SPCENET,20260803,3.5,3.55,3.36,3.43,358350
SPECIALITY,20260803,135.32,135.32,132.01,132.12,14057
SPECTRUM,20260803,2395.9,2591.0,2357.0,2547.4,97267
SPENCERS,20260803,33.48,34.04,32.82,33.23,53604
SPIC,20260803,66.72,68.07,66.66,67.34,212929
SPLIL,20260803,29.52,30.98,29.52,30.0,2920
SPLPETRO,20260803,718.3,724.7,713.0,715.9,71200
SPMLINFRA,20260803,192.23,198.39,192.23,196.13,151774
SPORTKING,20260803,225.99,241.51,220.1,229.63,12667361
SRD,20260803,37.95,40.0,37.2,39.21,79787
SREEL,20260803,212.0,222.72,212.0,216.45,10312
SRF,20260803,2630.0,2657.8,2625.0,2645.0,150758
SRGHFL,20260803,293.25,300.05,288.0,299.7,8457
SRHHYPOLTD,20260803,484.0,502.5,484.0,494.1,5423
SRM,20260803,497.95,499.95,491.55,496.4,42013
SRPL,20260803,0.33,0.34,0.32,0.33,268391
SRTL,20260803,41.0,41.0,40.1,40.22,23191
SSDL,20260803,52.55,54.37,52.55,54.06,9672
SSWL,20260803,328.4,328.4,313.05,317.85,1702280
STALLION,20260803,264.9,278.1,261.45,265.45,4439437
STANLEY,20260803,159.0,159.0,155.16,155.88,67560
STAR,20260803,1034.0,1043.3,1000.0,1028.5,472242
STARCEMENT,20260803,203.2,206.94,203.0,203.96,168528
STARHEALTH,20260803,598.65,600.85,586.5,592.6,586750
STARPAPER,20260803,147.5,152.91,147.5,150.7,5828
STARTECK,20260803,265.4,266.8,261.0,261.15,7320
STCINDIA,20260803,120.48,123.9,119.16,119.66,55568
STEELCAS,20260803,330.0,330.05,317.7,325.9,195000
STEELCITY,20260803,76.39,76.8,75.0,76.4,8728
STEELXIND,20260803,11.26,11.49,11.22,11.4,835801
STEL,20260803,580.0,580.0,562.35,565.75,1833
STERTOOLS,20260803,250.0,256.0,248.0,255.05,21263
STLNETWORK,20260803,24.34,25.0,24.34,24.73,343227
STLTECH,20260803,584.9,584.9,584.9,584.9,1919449
STOVEKRAFT,20260803,788.0,795.95,726.3,754.6,198066
STUDDS,20260803,442.6,457.0,442.6,447.95,44287
STYL,20260803,350.0,369.8,350.0,368.05,110667
STYLAMIND,20260803,3401.6,3470.0,3385.0,3453.0,30618
STYLEBAAZA,20260803,275.0,281.0,272.05,278.05,96840
STYRENIX,20260803,2504.8,2557.6,2479.0,2487.3,60685
SUBEXLTD,20260803,12.05,12.94,12.05,12.85,1173695
SUBROS,20260803,829.0,832.85,812.0,817.3,45959
SUDARCOLOR,20260803,365.0,375.0,358.85,369.3,9831
SUDARSCHEM,20260803,1039.0,1096.0,1034.2,1068.3,421749
SUDEEPPHRM,20260803,893.5,913.95,862.35,867.6,516361
SUKHJITS,20260803,168.5,172.5,163.11,164.66,28382
SULA,20260803,172.24,172.25,164.05,165.32,512289
SUMEETINDS,20260803,21.18,21.18,21.18,21.18,48960
SUMICHEM,20260803,512.5,517.7,503.15,515.85,263929
SUMIT,20260803,58.97,58.97,53.25,55.06,42841
SUMMITSEC,20260803,1520.0,1540.0,1510.0,1522.2,5394
SUNCLAY,20260803,1284.0,1284.0,1251.0,1253.0,2582
SUNDARAM,20260803,1.27,1.29,1.24,1.25,707839
SUNDARMFIN,20260803,4641.6,4965.3,4629.8,4828.7,309611
SUNDRMBRAK,20260803,771.0,788.0,766.5,778.45,875
SUNDRMFAST,20260803,980.0,998.0,978.0,993.25,151032
SUNDROP,20260803,661.25,690.0,661.25,679.5,34878
SUNFLAG,20260803,370.05,379.3,363.1,366.85,422640
SUNPHARMA,20260803,1983.2,1988.0,1935.2,1963.5,3972351
SUNTECK,20260803,305.05,312.1,304.45,308.1,265799
SUNTV,20260803,507.0,516.95,499.1,503.8,283161
SUPERHOUSE,20260803,155.7,164.9,151.9,158.57,2973
SUPERSPIN,20260803,6.14,6.14,6.14,6.14,36205
SUPRAJIT,20260803,508.0,526.0,508.0,512.7,341765
SUPREME,20260803,45.5,47.25,45.21,45.99,48344
SUPREMEENG,20260803,2.13,2.13,2.13,2.13,130458
SUPREMEIND,20260803,3465.4,3539.1,3455.0,3530.0,145252
SUPREMEINF,20260803,83.63,85.6,81.25,84.17,48810
SUPRIYA,20260803,867.05,898.55,867.05,879.65,247600
SURAJEST,20260803,196.0,202.69,196.0,201.68,36523
SURAJLTD,20260803,220.0,224.0,218.0,220.91,1291
SURAKSHA,20260803,253.0,259.5,251.15,252.1,27179
SURANASOL,20260803,26.4,26.4,26.05,26.27,32610
SURANAT&P,20260803,18.3,18.47,17.66,17.89,54741
SURYALA,20260803,409.9,420.0,400.45,410.9,907
SURYALAXMI,20260803,61.7,62.0,59.6,60.87,4183
SURYAROSNI,20260803,241.5,243.89,236.11,237.32,432577
SURYODAY,20260803,163.1,166.75,162.3,163.73,659356
SUTLEJTEX,20260803,39.75,39.75,37.53,38.03,25216
SUVEN,20260803,307.25,313.4,304.0,307.2,394700
SUVIDHAA,20260803,2.64,2.64,2.53,2.54,139004
SUYOG,20260803,875.0,883.1,858.2,865.7,15733
SUZLON,20260803,48.2,49.3,48.08,48.1,55317614
SVLL,20260803,736.4,736.4,736.4,736.4,430
SVPGLOB,20260803,3.75,3.96,3.75,3.89,33999
SWANCORP,20260803,308.05,312.3,308.05,310.2,751667
SWANDEF,20260803,2470.0,2550.0,2470.0,2527.2,23400
SWARAJENG,20260803,3628.7,3662.0,3613.0,3630.6,6150
SWELECTES,20260803,595.95,616.4,595.95,613.5,14607
SWIGGY,20260803,284.8,288.9,277.1,288.0,20781750
SWSOLAR,20260803,205.29,212.47,205.29,208.41,1303946
SYMPHONY,20260803,689.65,695.0,681.0,682.75,129741
SYNCOMF,20260803,13.3,13.48,13.0,13.19,1054189
SYNGENE,20260803,386.5,403.7,384.0,402.2,1674593
SYRMA,20260803,1380.0,1397.5,1351.6,1360.6,1098353
SYSTMTXC,20260803,63.0,63.0,60.0,60.22,4406
TAALTECH,20260803,3980.0,4049.9,3960.0,3984.0,2608
TAINWALCHM,20260803,195.01,217.8,195.01,206.82,20128
TAJGVK,20260803,363.95,374.0,361.2,363.45,198799
TAKE,20260803,21.99,22.45,21.0,22.36,596965
TALBROAUTO,20260803,417.0,424.0,410.5,417.65,180850
TAMBOLIIN,20260803,210.0,217.6,205.0,210.46,14737
TANLA,20260803,591.9,618.55,591.0,614.15,1281918
TARACHAND,20260803,55.55,59.25,55.02,58.84,217541
TARAPUR,20260803,16.71,17.4,15.77,15.77,109832
TARC,20260803,136.7,137.93,135.4,135.7,431816
TARIL,20260803,299.05,302.5,295.0,295.5,989409
TARMAT,20260803,49.33,50.47,48.56,50.13,8709
TARSONS,20260803,317.9,323.45,316.0,317.4,107915
TASTYBITE,20260803,9236.5,9550.0,9231.0,9430.0,3497
TATACAP,20260803,365.4,370.45,359.9,364.75,1730931
TATACHEM,20260803,673.6,679.9,672.8,674.65,369029
TATACOMM,20260803,1765.9,1793.8,1755.0,1780.1,206782
TATACONSUM,20260803,1085.0,1110.0,1083.1,1110.0,1322017
TATAELXSI,20260803,3704.6,3765.0,3678.0,3761.9,322468
TATAGOLD,20260803,13.78,13.88,13.7,13.78,38629129
TATAINVEST,20260803,685.55,687.0,673.2,676.65,133851
TATAPOWER,20260803,382.0,382.9,378.05,382.0,2051770
TATASTEEL,20260803,192.94,193.5,188.49,191.0,27563681
TATATECH,20260803,748.55,768.9,748.0,763.8,814680
TATSILV,20260803,20.99,21.17,20.83,20.98,29146967
TATVA,20260803,1827.0,1838.1,1750.6,1771.0,114209
TBOTEK,20260803,1542.9,1677.6,1540.4,1615.9,1205579
TBZ,20260803,277.5,292.0,275.0,287.7,1976511
TCC,20260803,322.0,322.0,286.85,291.5,44750
TCI,20260803,930.1,944.95,909.25,914.6,71624
TCIEXP,20260803,541.65,567.0,540.4,557.25,52562
TCIFINANCE,20260803,15.2,15.24,14.9,15.14,8381
TCPLPACK,20260803,3165.0,3280.5,3165.0,3250.8,4103
TCS,20260803,2383.9,2473.7,2383.0,2473.7,3036839
TDPOWERSYS,20260803,1145.0,1152.7,1106.1,1112.4,711212
TEAMGTY,20260803,228.7,229.0,217.11,223.48,210
TEAMLEASE,20260803,1238.9,1256.0,1235.0,1239.8,73578
TECH,20260803,34.17,34.58,33.77,34.48,137169
TECHM,20260803,1663.4,1670.0,1634.3,1649.0,4154154
TECHNOE,20260803,998.0,1012.0,985.35,999.4,145672
TECHNVISN,20260803,4344.3,4470.5,4302.6,4466.1,261
TECILCHEM,20260803,9.6,10.2,9.6,10.05,2720
TEGA,20260803,1485.5,1613.0,1485.5,1587.7,631620
TEJASNET,20260803,517.95,527.35,516.15,519.6,835876
TEMBO,20260803,563.05,574.2,554.8,560.4,282121
TENNIND,20260803,543.0,553.9,540.65,544.6,1154720
TERASOFT,20260803,384.75,395.4,370.25,389.1,8534
TEXINFRA,20260803,114.5,115.05,113.13,113.93,94532
TEXMOPIPES,20260803,43.09,43.85,42.76,42.99,18526
TEXRAIL,20260803,112.49,114.1,112.26,112.91,1465480
TFCILTD,20260803,103.1,107.25,103.1,105.62,13190800
TFL,20260803,11.36,11.7,11.03,11.14,7121
TGBHOTELS,20260803,9.47,9.62,9.0,9.27,28089
THACKER,20260803,1020.0,1050.0,981.1,1050.0,41
THAKDEV,20260803,136.01,148.0,135.0,140.47,230
THANGAMAYL,20260803,5175.0,5175.0,4965.5,4965.5,358583
THEINVEST,20260803,100.66,101.99,98.79,101.23,15629
THEJO,20260803,2135.0,2189.5,2098.1,2169.1,21034
THELEELA,20260803,505.0,517.95,498.0,501.8,2192952
THEMISMED,20260803,105.23,108.4,105.23,107.06,29219
THERMAX,20260803,4302.5,4319.0,4070.8,4122.2,707697
THOMASCOOK,20260803,106.0,109.9,105.9,107.15,2230082
THOMASCOTT,20260803,298.45,322.0,298.3,311.25,20575
THYROCARE,20260803,583.0,608.0,582.5,592.55,642124
TI,20260803,465.9,481.0,464.2,465.8,1070931
TICL,20260803,9.57,9.7,9.25,9.63,70353
TIGERLOGS,20260803,28.89,29.4,27.33,27.44,207337
TIIL,20260803,2580.0,2675.0,2580.0,2628.2,9022
TIINDIA,20260803,2810.0,2813.0,2723.2,2766.0,227956
TIJARIA,20260803,5.34,5.49,4.91,4.98,185584
TIL,20260803,255.05,267.85,248.55,259.9,1915163
TIMETECHNO,20260803,211.0,213.4,203.92,210.15,3019188
TIMEX,20260803,533.65,553.6,532.0,549.25,257413
TIMKEN,20260803,3145.0,3241.2,3138.1,3216.1,40209
TINNARUBR,20260803,1130.0,1145.0,1084.0,1106.8,111490
TIPSFILMS,20260803,388.85,397.75,373.6,379.0,11805
TIPSMUSIC,20260803,668.05,694.45,666.35,688.55,276541
TIRUMALCHM,20260803,175.25,183.74,175.0,183.12,747837
TIRUPATIFL,20260803,69.0,73.5,69.0,73.1,418783
TITAGARH,20260803,825.4,869.9,825.4,859.05,929203
TITAN,20260803,4875.2,5000.0,4851.8,5000.0,505420
TMB,20260803,864.9,879.4,855.45,861.55,226900
TMCV,20260803,440.0,455.15,434.55,452.5,17112543
TMPV,20260803,344.5,350.45,343.5,349.3,12027810
TNIDETF,20260803,87.16,91.4,87.16,90.53,252979
TNPETRO,20260803,96.5,98.3,95.96,97.85,89849
TNPL,20260803,151.5,156.7,151.44,154.88,254861
TNTELE,20260803,9.08,9.24,9.0,9.11,6202
TOKYOPLAST,20260803,76.5,79.99,75.0,79.0,1426
TOLINS,20260803,104.07,104.3,102.82,103.82,74883
TOP100CASE,20260803,10.83,10.83,10.68,10.79,719530
TOP10ADD,20260803,89.13,89.69,89.0,89.56,124240
TOP15IETF,20260803,9.76,10.16,9.76,10.03,376593
TOP20,20260803,9.1,9.18,9.07,9.14,138749
TORNTPHARM,20260803,5250.0,5250.0,5007.5,5050.0,841750
TORNTPOWER,20260803,1422.0,1423.8,1387.2,1391.7,337462
TOTAL,20260803,49.28,53.33,49.0,52.05,8190
TOUCHWOOD,20260803,67.44,67.44,66.06,66.45,155
TPHQ,20260803,0.42,0.44,0.42,0.42,1122867
TPLPLASTEH,20260803,79.5,82.0,79.5,81.26,123751
TRACXN,20260803,30.03,30.84,30.03,30.44,68640
TRANSPEK,20260803,1364.0,1447.9,1311.6,1414.5,175728
TRANSRAILL,20260803,502.95,507.65,493.8,500.25,302458
TRANSWORLD,20260803,162.21,164.0,158.01,161.66,16892
TRAVELFOOD,20260803,1293.0,1348.0,1292.7,1344.6,37161
TREEHOUSE,20260803,6.48,6.48,6.29,6.36,8505
TREJHARA,20260803,134.0,136.19,134.0,135.95,8426
TREL,20260803,24.25,24.77,23.96,24.17,80905
TRENT,20260803,3035.0,3050.0,3002.9,3050.0,883208
TRF,20260803,226.0,233.99,226.0,228.56,86597
TRIDENT,20260803,24.83,25.23,24.83,24.94,2924262
TRIGYN,20260803,55.0,55.44,53.72,54.89,27576
TRITURBINE,20260803,602.65,616.0,602.65,611.6,403135
TRIVENI,20260803,226.0,232.57,226.0,232.3,623781
TRU,20260803,4.5,4.8,4.46,4.71,117710
TRUALT,20260803,424.9,439.0,422.5,437.85,184496
TSFINV,20260803,455.1,461.0,452.95,454.3,38493
TTKHLTCARE,20260803,1030.0,1094.0,1030.0,1049.2,32751
TTKPRESTIG,20260803,648.0,653.75,636.2,644.3,82001
TTL,20260803,6.47,6.6,6.3,6.37,192564
TTML,20260803,40.75,40.87,40.11,40.21,1280580
TURTLEMINT,20260803,121.3,121.6,116.5,117.57,246639
TVSELECT,20260803,489.9,509.35,489.9,495.6,47235
TVSHLTD,20260803,14800.0,14950.0,14800.0,14836.0,2983
TVSMOTOR,20260803,4336.5,4389.0,4281.9,4389.0,1612965
TVSSCS,20260803,136.5,139.18,136.11,136.9,296279
TVSSRICHAK,20260803,3910.0,4049.0,3900.0,3987.9,5375
TVTODAY,20260803,113.69,118.2,113.69,115.76,46794
TVVISION,20260803,4.88,4.88,4.5,4.72,20790
TWCGOLDETF,20260803,141.35,141.83,140.51,141.58,984
UBL,20260803,1437.0,1464.0,1430.0,1438.4,154717
UCAL,20260803,115.01,117.1,113.0,113.51,5323
UCOBANK,20260803,26.4,26.58,26.28,26.31,3408343
UDS,20260803,205.0,207.5,202.2,206.06,301334
UEL,20260803,172.5,184.47,163.15,184.47,211631
UFBL,20260803,708.95,708.95,677.0,700.45,101664
UFLEX,20260803,473.0,491.95,472.65,482.25,103064
UFO,20260803,65.0,69.39,65.0,68.86,76131
UGARSUGAR,20260803,40.61,42.95,40.55,42.56,255780
UGROCAP,20260803,96.4,106.38,96.07,97.63,6281719
UJJIVANSFB,20260803,72.89,73.1,71.0,71.14,13435710
ULTRACEMCO,20260803,11940.0,12054.0,11905.0,12054.0,159579
ULTRAMAR,20260803,394.9,394.9,382.35,385.2,27753
UMAEXPORTS,20260803,20.37,20.7,20.01,20.42,14282
UMESLTD,20260803,5.51,5.64,5.4,5.51,9408
UMIYA-MRO,20260803,89.1,89.9,87.15,88.15,12249
UNICHEMLAB,20260803,514.0,518.65,502.25,505.25,65951
UNIDT,20260803,225.2,233.9,215.35,231.63,14187
UNIECOM,20260803,85.02,86.76,85.02,86.21,261395
UNIENTER,20260803,94.92,98.19,94.92,97.08,4101
UNIINFO,20260803,11.76,12.55,11.4,12.15,1076
UNIMECH,20260803,1265.9,1304.9,1235.9,1259.8,152774
UNIONBANK,20260803,171.4,175.74,171.4,174.0,8353185
UNIONGOLD,20260803,139.05,139.9,138.8,138.8,2454
UNIPARTS,20260803,732.0,745.0,726.1,737.45,134584
UNITDSPR,20260803,1515.0,1530.0,1512.7,1530.0,410981
UNITECH,20260803,4.38,4.39,4.23,4.26,3574683
UNITEDPOLY,20260803,31.0,31.0,29.61,29.73,8301
UNITEDTEA,20260803,480.95,481.0,465.3,472.8,1194
UNIVAFOODS,20260803,8.57,8.99,8.57,8.6,12150
UNIVASTU,20260803,137.5,141.0,132.11,139.97,269324
UNIVCABLES,20260803,1368.9,1435.0,1362.1,1431.8,252927
UNIVPHOTO,20260803,484.0,488.5,476.0,480.4,1284
UNOMINDA,20260803,1195.0,1219.6,1185.0,1210.0,818368
UPL,20260803,606.45,622.6,598.0,620.0,2234338
URAVIDEF,20260803,110.9,116.46,110.9,113.85,1677
URBANCO,20260803,136.33,152.21,136.3,146.19,92834272
URJA,20260803,9.18,10.37,9.15,10.06,5881622
USHAMART,20260803,503.0,513.0,500.0,504.05,557146
USK,20260803,22.1,22.89,21.75,22.43,16660
UTIAMC,20260803,911.55,917.85,904.5,915.75,290426
UTKARSHBNK,20260803,15.0,15.14,14.3,14.56,14520349
UTLSOLAR,20260803,387.0,394.0,385.2,389.3,341058
UTTAMSUGAR,20260803,223.4,243.0,223.0,240.45,459755
UYFINCORP,20260803,19.8,19.94,19.53,19.76,245080
V2RETAIL,20260803,218.5,223.36,216.0,218.64,976692
VADILALIND,20260803,7214.5,7478.5,7211.0,7356.5,24838
VAIBHAVGBL,20260803,267.0,272.9,264.0,265.7,388078
VAISHALI,20260803,7.7,7.7,7.35,7.64,114111
VAKRANGEE,20260803,5.97,6.05,5.95,5.99,706924
VAL30IETF,20260803,15.2,15.66,15.2,15.52,295710
VALIANTLAB,20260803,60.74,62.3,59.5,61.74,41581
VALIANTORG,20260803,266.0,280.0,265.0,280.0,33456
VALUE,20260803,16.32,16.4,16.32,16.35,38463
VALUEAXIS,20260803,33.06,33.37,32.76,33.18,59247
VAML,20260803,457.0,461.9,451.1,459.95,8502145
VARDHACRLC,20260803,45.3,45.93,44.91,45.11,37804
VARDMNPOLY,20260803,6.09,6.16,6.06,6.12,169091
VARROC,20260803,687.65,706.95,681.25,686.9,365591
VASCONEQ,20260803,32.11,33.54,31.85,33.26,355374
VASWANI,20260803,52.01,52.98,51.62,51.81,14751
VBL,20260803,444.0,450.0,442.6,445.0,6028529
VCL,20260803,1.11,1.12,1.09,1.12,66491
VEDL,20260803,267.9,268.8,264.5,267.25,6725800
VEDPOWER,20260803,34.9,35.64,34.45,35.2,18829447
VEEDOL,20260803,1406.9,1420.9,1403.0,1412.2,9104
VELJAN,20260803,1794.0,1794.0,1669.5,1694.3,2623
VENKEYS,20260803,1508.6,1578.0,1508.6,1565.0,81484
VENTIVE,20260803,634.0,634.0,616.0,622.25,18953
VENUSPIPES,20260803,1700.0,1700.0,1540.1,1564.3,321514
VENUSREM,20260803,1567.1,1600.0,1520.0,1584.1,21239
VERANDA,20260803,261.0,265.5,248.0,254.45,1362459
VERTOZ,20260803,35.87,36.4,35.3,35.61,57895
VESUVIUS,20260803,444.3,459.0,444.3,451.4,62578
VETO,20260803,121.38,124.0,120.6,123.17,7499
VGL,20260803,62.2,62.9,60.6,61.7,16310
VGUARD,20260803,315.0,318.6,311.8,314.7,1522820
VHL,20260803,3398.0,3550.3,3398.0,3425.2,1443
VHLTD,20260803,136.0,136.0,128.55,133.0,5283
VIDHIING,20260803,335.0,349.9,330.55,340.9,97996
VIDYAWIRES,20260803,92.4,93.5,92.06,93.23,524651
VIJAYA,20260803,1342.0,1369.7,1334.6,1354.0,110427
VIJIFIN,20260803,10.41,10.41,10.41,10.41,75577
VIKASECO,20260803,1.09,1.14,1.09,1.11,2204741
VIKASLIFE,20260803,1.28,1.31,1.28,1.28,2566730
VIKRAMSOLR,20260803,180.0,181.8,177.3,177.8,1360118
VIKRAN,20260803,72.7,73.84,72.1,72.54,1164030
VIMTALABS,20260803,605.05,625.0,605.05,620.15,200457
VINATIORGA,20260803,1304.9,1340.0,1304.9,1323.1,46628
VINCOFE,20260803,151.89,156.0,151.05,152.39,2097019
VINDHYATEL,20260803,2185.9,2383.0,2073.6,2383.0,605417
VINEETLAB,20260803,40.0,40.0,38.16,38.35,57576
VINNY,20260803,1.05,1.07,1.05,1.05,192610
VINYLINDIA,20260803,241.8,247.0,241.8,246.25,12773
VIPCLOTHNG,20260803,21.45,21.94,21.35,21.5,35072
VIPIND,20260803,301.95,315.3,299.1,310.4,431915
VIPULLTD,20260803,11.81,11.81,11.45,11.45,188669
VIRINCHI,20260803,15.64,15.64,15.12,15.32,69383
VISACHROME,20260803,38.85,38.85,37.85,37.85,16378
VISAKAIND,20260803,86.75,88.66,86.0,86.99,535341
VISHNU,20260803,602.5,622.1,593.0,599.7,280125
VISHWARAJ,20260803,5.17,5.38,5.12,5.24,416008
VISL,20260803,32.8,33.89,31.88,33.89,46832885
VITAL,20260803,48.42,48.42,47.48,48.42,110
VIVIANA,20260803,722.1,734.9,701.1,717.9,15056
VIVIDHA,20260803,0.55,0.55,0.51,0.52,449682
VIVIMEDLAB,20260803,5.18,5.33,4.97,4.98,248176
VIYASH,20260803,256.05,266.15,252.8,263.7,2970032
VLEGOV,20260803,10.4,10.4,10.35,10.35,31765
VLSFINANCE,20260803,255.05,256.8,253.6,254.65,15584
VMART,20260803,782.9,786.0,765.8,777.95,104165
VMM,20260803,107.65,111.39,107.11,111.2,12521867
VMSTMT,20260803,45.0,45.32,43.95,44.38,28351
VOEPL,20260803,488.4,505.0,472.05,498.45,90890
VOGL,20260803,35.9,35.96,35.1,35.24,25163239
VOLTAMP,20260803,10215.0,10425.0,9886.0,10021.0,132224
VOLTAS,20260803,1328.9,1343.6,1315.0,1324.8,259054
VPRPL,20260803,27.03,28.2,27.0,28.05,179634
VRAJ,20260803,122.25,125.25,122.25,122.94,29729
VRLLOG,20260803,265.65,273.3,260.75,272.1,842000
VSSL,20260803,312.2,312.2,303.0,304.0,76665
VSTIND,20260803,221.5,223.56,217.0,219.29,522416
VSTL,20260803,110.9,112.33,109.0,109.81,13699
VSTTILLERS,20260803,4464.0,4522.0,4442.4,4472.8,9030
VTL,20260803,585.8,592.0,576.0,588.35,480679
WAAREEENER,20260803,2705.0,2719.0,2670.2,2676.0,671684
WAAREEINDO,20260803,310.0,322.0,305.6,322.0,97025
WAAREERTL,20260803,913.2,925.0,913.2,919.65,105874
WABAG,20260803,1987.3,2027.0,1971.0,2012.0,760477
WAKEFIT,20260803,126.2,132.0,125.0,130.05,1247319
WALCHANNAG,20260803,234.58,239.5,227.41,229.33,564388
WANBURY,20260803,294.0,300.95,283.0,286.2,225207
WCIL,20260803,90.89,92.11,89.81,90.48,49280
WEALTH,20260803,929.95,945.6,929.95,939.25,1110
WEBELSOLAR,20260803,98.07,98.7,97.36,97.58,1309761
WEIZMANIND,20260803,77.5,78.98,77.12,77.91,3079
WEL,20260803,122.9,128.5,120.11,123.02,791935
WELCORP,20260803,1672.0,1721.9,1659.2,1715.3,698272
WELENT,20260803,599.9,609.7,590.0,606.75,125389
WELINV,20260803,1879.9,1879.9,1869.9,1869.9,14
WELSPLSOL,20260803,51.07,51.89,49.7,50.73,394589
WELSPUNLIV,20260803,156.0,159.37,152.98,154.63,1531380
WENDT,20260803,8260.0,8314.5,8172.5,8206.0,4828
WESTLIFE,20260803,510.0,534.65,505.05,531.2,168396
WEWIN,20260803,46.0,46.0,45.5,45.59,205
WEWORK,20260803,750.0,754.0,726.6,744.6,163517
WHEELS,20260803,1410.1,1464.8,1410.1,1415.7,74118
WHIRLPOOL,20260803,807.0,829.5,806.25,824.45,291357
WILLAMAGOR,20260803,27.0,27.0,25.11,26.57,2370
WINDLAS,20260803,856.6,870.0,856.6,867.8,11626
WINDMACHIN,20260803,288.0,289.9,275.0,281.05,65736
WIPL,20260803,169.22,170.0,165.01,168.0,1366
WIPRO,20260803,184.02,189.81,184.02,188.66,15840516
WOCKPHARMA,20260803,1967.0,2035.0,1941.0,2028.4,1182004
WONDERLA,20260803,480.0,488.9,480.0,485.2,47508
WORTHPERI,20260803,148.0,148.0,145.01,145.93,7412
WPIL,20260803,467.0,467.0,452.35,455.95,23460
WSI,20260803,60.69,61.34,60.21,60.51,23812
WSTCSTPAPR,20260803,570.0,579.9,563.1,569.0,110065
XCHANGING,20260803,66.12,69.49,66.12,67.65,320112
XELPMOC,20260803,82.0,84.8,79.11,83.4,12434
XPROINDIA,20260803,1400.0,1401.4,1278.5,1302.8,349840
XTGLOBAL,20260803,34.0,35.0,32.4,33.38,115546
XTRANET,20260803,125.26,125.89,122.85,124.01,295731
YASHO,20260803,4120.0,4223.3,3701.1,3884.8,438114
YATHARTH,20260803,824.0,843.85,824.0,833.95,199791
YATRA,20260803,108.99,109.58,106.68,107.63,494101
YESBANK,20260803,22.8,23.0,22.75,23.0,35072952
YUKEN,20260803,724.0,736.35,710.3,718.6,10575
ZAGGLE,20260803,206.01,208.31,203.1,205.85,537714
ZEEL,20260803,103.0,106.7,95.55,98.14,107649848
ZEELEARN,20260803,8.09,8.5,8.0,8.14,570007
ZEEMEDIA,20260803,7.75,7.75,7.05,7.19,3278479
ZENITHEXPO,20260803,198.89,200.9,198.89,198.89,253
ZENITHSTL,20260803,5.55,5.85,5.5,5.63,70459
ZENSARTECH,20260803,510.15,521.0,500.6,518.0,2261287
ZENTEC,20260803,1635.0,1673.5,1624.0,1656.4,298507
ZFCVINDIA,20260803,2418.0,2468.5,2400.0,2447.8,105608
ZFSTEERING,20260803,670.35,682.0,664.0,679.0,2315
ZIMLAB,20260803,116.99,118.0,110.0,111.23,109300
ZODIAC,20260803,270.05,271.0,253.25,256.3,32586
ZODIACLOTH,20260803,76.61,78.49,75.2,76.65,4203
ZOTA,20260803,1290.0,1297.2,1260.5,1265.7,42565
ZSARACOM,20260803,12199.0,12481.0,12100.0,12179.0,14
ZUARI,20260803,234.55,240.98,232.96,233.27,107463
ZUARIIND,20260803,263.0,264.85,258.65,259.35,11327
ZYDUSLIFE,20260803,1135.0,1135.9,1108.1,1121.0,1420266
ZYDUSWELL,20260803,570.0,578.45,557.0,559.85,540492
