SYMBOL,TIMESTAMP,OPEN,HIGH,LOW,CLOSE,VOLUME
20MICRONS,20260804,196.03,198.45,194.61,196.72,89756
21STCENMGM,20260804,41.17,41.78,41.11,41.77,9244
360ONE,20260804,1147.8,1174.0,1144.4,1155.0,1180507
3BBLACKBIO,20260804,1248.1,1256.6,1218.0,1238.5,7132
3IINFOLTD,20260804,24.77,25.37,24.17,25.12,2395184
3MINDIA,20260804,36100.0,36100.0,35650.0,35725.0,1536
3PLAND,20260804,31.75,32.92,31.52,31.86,1116
5PAISA,20260804,353.25,359.95,348.1,351.0,41168
63MOONS,20260804,900.0,905.1,855.0,864.2,625426
A2ZINFRA,20260804,17.38,17.95,16.41,17.24,1357834
AAATECH,20260804,90.26,90.41,88.0,89.23,30888
AADHARHFC,20260804,504.1,504.15,491.15,492.8,155568
AAKASH,20260804,8.91,9.08,8.91,8.95,85467
AAREYDRUGS,20260804,83.8,84.15,83.0,83.9,258009
AARNAV,20260804,30.01,31.5,30.01,30.31,98562
AARON,20260804,128.01,134.69,128.01,130.61,10299
AARTECH,20260804,46.96,47.4,46.06,47.26,7625
AARTIDRUGS,20260804,411.0,418.0,407.25,414.05,168634
AARTIIND,20260804,486.8,489.9,480.55,481.75,460389
AARTIPHARM,20260804,678.0,702.8,678.0,690.0,199670
AARTISURF,20260804,529.95,559.3,488.9,541.85,895447
AARVI,20260804,155.21,161.31,155.21,156.37,38312
AASTHA,20260804,76.88,83.73,76.25,83.72,4012089
AAVAS,20260804,1450.0,1450.0,1386.0,1392.6,34360
ABAN,20260804,17.39,17.39,17.39,17.39,60203
ABANSENT,20260804,25.95,26.35,25.05,25.77,5504
ABB,20260804,7601.0,7894.5,7600.5,7700.0,718380
ABBOTINDIA,20260804,27895.0,27925.0,27730.0,27825.0,2409
ABCAPITAL,20260804,424.35,425.6,415.35,420.0,3928195
ABCOTS,20260804,202.0,203.49,199.25,200.81,6945
ABDL,20260804,619.65,628.2,606.4,622.85,504030
ABFRL,20260804,62.05,62.09,60.55,61.0,3662877
ABGSEC,20260804,113.9,114.57,113.9,114.16,19
ABINFRA,20260804,10.15,10.18,9.85,10.02,378240
ABLBL,20260804,95.9,95.9,94.4,94.57,525495
ABMINTLLTD,20260804,42.45,46.0,42.45,42.45,467
ABMKNO,20260804,202.95,202.95,192.51,196.69,128
ABREL,20260804,1428.0,1437.6,1412.0,1424.1,65477
ABSL10BANK,20260804,174.75,174.75,170.0,170.52,41752
ABSLAMC,20260804,1012.0,1022.6,989.8,995.6,318393
ABSLBANETF,20260804,59.14,59.74,58.81,59.24,71589
ABSLLIQUID,20260804,999.99,1000.01,999.99,1000.0,13766
ABSLMSCIN,20260804,30.21,30.23,30.0,30.0,414
ABSLNN50ET,20260804,78.4,78.6,77.9,77.99,8900
ABSLPSE,20260804,10.41,10.41,10.27,10.31,173455
ACC,20260804,1404.9,1404.9,1380.0,1384.7,261992
ACCELYA,20260804,1141.2,1154.2,1132.5,1139.0,8009
ACCURACY,20260804,4.86,4.86,4.75,4.84,26336
ACE,20260804,1110.9,1130.0,1090.1,1098.6,451848
ACEINTEG,20260804,19.2,19.64,19.01,19.09,2179
ACI,20260804,538.0,539.0,527.5,532.2,268953
ACL,20260804,47.05,49.0,47.05,47.59,36264
ACMESOLAR,20260804,370.1,386.4,369.25,381.65,2929270
ACSTECH,20260804,40.95,42.22,40.81,42.22,291095
ACUTAAS,20260804,3050.0,3237.8,3050.0,3224.3,327508
ADANIENSOL,20260804,1650.0,1664.3,1638.0,1646.0,845598
ADANIENT,20260804,3063.1,3091.5,3020.9,3050.0,854172
ADANIGREEN,20260804,1400.6,1418.0,1382.2,1384.0,1825412
ADANIPORTS,20260804,1703.1,1713.9,1690.0,1706.7,1099071
ADANIPOWER,20260804,212.8,213.35,209.0,209.95,11392298
ADFFOODS,20260804,274.7,276.0,270.0,273.25,107407
ADL,20260804,80.19,80.19,74.0,75.33,1652
ADOR,20260804,1505.0,1520.0,1475.7,1510.8,33602
ADROITINFO,20260804,9.7,10.35,9.7,9.85,31173
ADSL,20260804,117.88,118.02,116.42,116.86,91701
ADVAIT,20260804,2380.5,2399.0,2333.9,2343.0,22584
ADVANCE,20260804,124.97,128.89,123.01,125.11,522419
ADVANIHOTR,20260804,52.44,53.49,51.66,52.43,29987
ADVENTHTL,20260804,147.88,148.98,147.0,147.86,61424
ADVENZYMES,20260804,325.7,328.0,321.75,322.65,280030
AEGISLOG,20260804,1380.0,1391.1,1350.0,1357.9,678515
AEGISVOPAK,20260804,304.0,306.55,293.5,296.15,1038734
AEPL,20260804,14.2,14.47,13.3,14.08,25725
AEQUS,20260804,233.99,235.38,230.0,230.79,1253371
AEROENTER,20260804,123.3,133.3,122.63,132.67,1605803
AEROFLEX,20260804,433.4,466.9,431.8,463.8,2504272
AERONEU,20260804,90.54,91.01,84.1,85.15,50590
AEROPLANE,20260804,204.7,204.7,189.0,201.39,1018532
AETHER,20260804,1525.0,1605.5,1521.0,1578.3,1047312
AFCONS,20260804,274.15,284.15,273.2,281.6,1098820
AFFLE,20260804,1667.0,1692.0,1638.0,1683.3,362539
AFFORDABLE,20260804,178.9,181.9,173.0,180.29,10863
AFIL,20260804,9.37,9.37,9.14,9.27,229174
AFSL,20260804,202.72,204.46,201.02,201.27,1163
AGARIND,20260804,514.4,534.8,507.05,526.0,165232
AGARWALEYE,20260804,485.85,504.4,485.85,493.5,204451
AGI,20260804,704.25,735.0,703.05,714.7,238422
AGIIL,20260804,308.45,312.85,302.15,306.85,555455
AGL,20260804,12.24,13.6,12.24,13.27,3257640
AGRITECH,20260804,111.99,111.99,109.01,109.91,2280
AGROPHOS,20260804,29.19,29.64,27.11,28.1,75888
AGSTRA,20260804,2.19,2.28,2.14,2.18,252651
AHCL,20260804,14.71,14.73,14.53,14.57,1560422
AHLADA,20260804,37.2,37.5,36.3,37.2,8614
AHLEAST,20260804,143.31,144.85,142.0,143.28,409
AHLUCONT,20260804,837.0,837.0,825.65,830.7,11439
AHLWEST,20260804,549.0,560.0,511.05,520.0,1313
AIAENG,20260804,4640.0,4740.0,4606.8,4627.0,37479
AIIL,20260804,544.5,565.95,543.0,558.55,265010
AIRAN,20260804,15.1,15.28,14.92,15.05,32893
AIROLAM,20260804,89.99,90.0,87.25,89.69,4020
AJANTPHARM,20260804,3535.0,3550.0,3504.4,3525.1,83877
AJAXENGG,20260804,593.0,600.45,588.0,593.8,33664
AJMERA,20260804,131.0,131.83,120.84,122.97,2019234
AJOONI,20260804,4.02,4.02,3.88,3.92,188993
AKASH,20260804,26.34,26.87,26.28,26.37,6343
AKCAPIT,20260804,1748.4,1750.0,1704.1,1728.3,365
AKG,20260804,10.15,10.26,9.95,10.03,12591
AKI,20260804,4.09,4.14,4.0,4.04,150715
AKSHAR,20260804,0.41,0.41,0.39,0.4,774196
AKSHARCHEM,20260804,256.1,264.0,250.0,261.49,15747
AKSHOPTFBR,20260804,5.96,5.99,5.81,5.99,164000
AKUMS,20260804,680.0,681.2,665.1,667.4,82522
ALANKIT,20260804,7.7,7.94,7.7,7.81,123919
ALBERTDAVD,20260804,691.85,699.5,685.55,694.75,1781
ALEMBICLTD,20260804,89.0,89.1,87.6,88.55,418274
ALGOQUANT,20260804,69.7,70.78,68.04,68.77,1049399
ALICON,20260804,716.8,716.8,690.9,694.85,10097
ALIVUS,20260804,1225.0,1358.0,1201.2,1335.8,1241662
ALKALI,20260804,69.75,70.75,68.75,70.62,2653
ALKEM,20260804,5699.0,5710.0,5608.0,5608.0,37653
ALKYLAMINE,20260804,1838.0,1989.0,1819.8,1921.2,1239588
ALLCARGO,20260804,8.19,8.35,8.12,8.21,2997978
ALLDIGI,20260804,817.15,817.15,803.3,813.1,11776
ALLTIME,20260804,222.0,223.76,220.0,221.45,64205
ALMONDZ,20260804,13.98,14.26,13.26,13.73,101776
ALOKINDS,20260804,12.03,12.07,11.93,11.96,2035257
ALPA,20260804,66.72,67.39,66.7,67.1,13700
ALPHA,20260804,52.24,53.0,52.23,52.64,1527601
ALPHAETF,20260804,26.33,26.6,26.3,26.36,442412
ALPHAGEO,20260804,269.5,269.5,245.0,247.68,139328
ALPINETEX,20260804,70.44,71.14,67.67,68.04,540802
ALPL30IETF,20260804,28.49,28.57,28.01,28.31,288745
AMAGI,20260804,670.1,688.0,660.0,674.7,224712
AMANTA,20260804,172.09,172.09,169.0,169.75,13870
AMBALALSA,20260804,36.82,43.5,36.76,42.7,1635531
AMBER,20260804,7425.5,7510.0,7280.0,7395.0,248625
AMBICAAGAR,20260804,24.99,25.0,24.4,24.65,7675
AMBIKCO,20260804,1800.0,1800.0,1758.9,1779.3,11718
AMBUJACEM,20260804,444.45,444.45,436.05,436.05,1852313
AMDIND,20260804,47.95,48.51,45.3,46.24,17388
AMJLAND,20260804,37.78,39.5,37.78,39.26,14160
AMNPLST,20260804,196.0,203.75,195.51,201.77,5944
AMRUTANJAN,20260804,524.95,524.95,513.3,517.85,17991
ANANDRATHI,20260804,2051.2,2067.7,2030.2,2034.0,131979
ANANTRAJ,20260804,626.25,634.0,623.35,630.4,1481640
ANDHRAPAP,20260804,61.99,62.9,61.61,61.94,304349
ANDHRSUGAR,20260804,86.5,89.0,85.48,87.19,517971
ANGELONE,20260804,301.0,305.05,299.0,300.35,5039236
ANIKINDS,20260804,43.26,43.99,41.3,43.45,3458
ANKITMETAL,20260804,1.62,1.62,1.55,1.6,8197
ANMOL,20260804,10.01,10.3,9.9,10.07,16934
ANSALAPI,20260804,3.45,3.45,3.45,3.45,11799
ANTELOPUS,20260804,833.05,876.25,825.5,852.95,265100
ANTGRAPHIC,20260804,0.75,0.78,0.75,0.75,188917
ANTHEM,20260804,831.9,847.0,810.0,819.25,832079
ANUHPHR,20260804,80.9,81.4,79.67,80.39,36717
ANUP,20260804,2170.0,2217.2,2160.0,2189.5,13712
ANURAS,20260804,1212.0,1220.0,1204.8,1214.4,234655
AONEGOLD,20260804,13.27,13.35,13.22,13.25,176500
AONELIQUID,20260804,1076.29,1076.29,1070.94,1071.07,21460
AONENIFTY,20260804,10.13,10.33,9.94,10.1,220327
AONESILVER,20260804,8.34,8.34,8.28,8.29,216071
AONETMMQ50,20260804,10.15,10.2,10.02,10.15,103277
AONETOTAL,20260804,12.26,12.47,12.01,12.02,217075
APARINDS,20260804,14820.0,15600.0,14790.0,15433.0,234863
APCL,20260804,101.2,104.0,101.2,102.1,7157
APCOTEXIND,20260804,624.0,639.95,615.0,626.2,361018
APEX,20260804,384.95,384.95,376.05,378.3,49301
APLAPOLLO,20260804,1956.9,1973.6,1913.0,1920.0,627555
APLLTD,20260804,805.75,825.0,799.1,809.4,485095
APOLLO,20260804,398.45,405.0,395.55,398.2,4430954
APOLLOHOSP,20260804,8800.0,9050.0,8760.0,9050.0,259286
APOLLOPIPE,20260804,515.0,533.0,513.4,527.35,760421
APOLLOTYRE,20260804,438.95,445.35,435.5,438.35,549304
APOLSINHOT,20260804,1218.0,1218.0,1189.1,1198.5,449
APTECHT,20260804,95.27,95.6,93.12,94.07,38057
APTUS,20260804,267.4,268.0,260.0,260.6,1263676
AQYLON,20260804,26.69,28.08,25.42,25.42,9811617
ARCHIDPLY,20260804,82.47,82.91,80.0,80.86,9237
ARCHIES,20260804,14.2,14.95,13.9,14.2,19636
ARE&M,20260804,937.85,946.55,917.0,921.0,660058
ARENTERP,20260804,38.96,39.9,38.77,39.49,1524
ARFIN,20260804,85.0,88.2,84.59,86.23,2261372
ARIES,20260804,343.85,345.0,338.8,341.1,5368
ARIHANT,20260804,1165.3,1175.0,1112.4,1149.6,3408
ARIHANTCAP,20260804,77.58,79.39,76.97,77.95,185824
ARIHANTSUP,20260804,260.1,265.0,258.25,258.85,8037
ARIS,20260804,130.95,134.6,129.0,130.51,2028754
ARKADE,20260804,141.31,141.31,138.91,139.18,180498
ARMANFIN,20260804,1999.9,2005.0,1943.1,1998.8,30571
AROGRANITE,20260804,25.2,25.73,24.99,25.04,20369
ARROWGREEN,20260804,727.5,763.85,725.5,753.45,27971
ARSHIYA,20260804,0.97,0.98,0.96,0.97,61326
ARSSBL,20260804,511.5,517.8,511.0,515.35,69032
ARTEMISMED,20260804,305.0,309.0,299.55,301.75,721007
ARTNIRMAN,20260804,40.9,40.99,39.46,40.58,1175
ARVEE,20260804,159.34,159.34,157.7,158.55,526
ARVIND,20260804,540.0,554.8,535.0,547.35,1547743
ARVINDFASN,20260804,449.85,452.75,443.5,445.9,105676
ARVSMART,20260804,607.55,615.0,599.95,604.2,59929
ASAHIINDIA,20260804,905.0,905.0,892.5,898.0,87231
ASAHISONG,20260804,378.15,404.9,376.0,391.2,26857
ASAL,20260804,507.8,516.0,505.05,507.3,13847
ASALCBR,20260804,785.55,786.4,765.0,768.8,24051
ASHAPURMIN,20260804,722.8,722.8,700.8,719.3,425174
ASHIANA,20260804,390.0,390.0,381.0,387.8,36058
ASHIKAG,20260804,480.0,481.95,455.0,459.3,365581
ASHIMASYN,20260804,18.41,18.49,18.1,18.16,88626
ASHOKA,20260804,121.3,122.3,119.73,120.33,927088
ASHOKAMET,20260804,14.2,14.48,14.07,14.14,14635
ASHOKLEY,20260804,175.0,175.16,172.08,172.08,15240052
ASIANENE,20260804,415.0,420.0,403.15,417.6,438685
ASIANHOTNR,20260804,307.45,307.55,299.85,301.55,157784
ASIANPAINT,20260804,2774.9,2807.3,2732.4,2775.0,820097
ASIANTILES,20260804,53.83,54.0,52.66,53.1,3448062
ASKAUTOLTD,20260804,571.35,571.35,544.05,551.3,271933
ASMS,20260804,7.08,7.4,7.0,7.19,490589
ASPINWALL,20260804,242.96,243.0,237.1,242.16,622
ASTAR,20260804,623.8,623.8,590.0,590.0,14
ASTEC,20260804,628.25,639.9,618.6,622.25,29678
ASTERDM,20260804,815.15,837.5,815.1,834.7,785776
ASTRAL,20260804,1446.0,1466.1,1435.0,1448.0,245864
ASTRAMICRO,20260804,1855.3,1869.0,1816.8,1835.4,306406
ASTRAZEN,20260804,8210.0,8293.0,8180.0,8210.5,4269
ASTRON,20260804,3.88,4.07,3.69,3.74,84115
ATALREAL,20260804,33.54,34.37,33.46,33.97,10946737
ATAM,20260804,67.0,67.0,65.02,66.56,2683
ATGL,20260804,668.0,674.85,662.7,666.95,581973
ATHERENERG,20260804,1341.2,1500.0,1336.5,1450.4,23853424
ATL,20260804,23.16,24.0,23.16,23.3,85093
ATLANTAA,20260804,36.5,39.8,35.2,37.62,32864
ATLANTAELE,20260804,1606.0,1636.3,1570.1,1614.0,89810
ATLASCYCLE,20260804,97.25,99.0,96.0,97.96,9503
ATUL,20260804,6800.0,6900.0,6762.0,6793.5,77770
ATULAUTO,20260804,570.0,579.8,552.0,557.8,640801
AUBANK,20260804,1055.0,1059.0,1035.2,1059.0,774989
AURIONPRO,20260804,748.0,748.0,734.0,738.5,127884
AUROPHARMA,20260804,1555.0,1585.9,1536.8,1585.9,2243122
AURUM,20260804,219.95,234.91,205.35,216.21,1375067
AURUS,20260804,4.6,4.63,4.54,4.62,9484
AUSOMENT,20260804,143.0,143.0,137.05,141.1,5637
AUTOAXLES,20260804,1880.0,1907.7,1850.0,1870.4,26471
AUTOBEES,20260804,299.69,301.0,297.71,300.01,320943
AUTOIETF,20260804,30.04,30.1,29.32,29.71,837247
AUTOIND,20260804,89.99,91.0,84.42,90.11,64817
AVADHSUGAR,20260804,570.0,645.9,570.0,615.05,4835388
AVALON,20260804,1754.4,1814.0,1746.5,1805.4,401084
AVANTEL,20260804,163.5,164.49,162.32,164.07,602140
AVANTIFEED,20260804,910.0,913.45,888.25,893.4,549462
AVG,20260804,205.0,208.08,202.0,203.73,9975
AVL,20260804,623.65,638.2,613.15,634.4,160158
AVONMORE,20260804,11.13,11.39,11.04,11.16,125826
AVROIND,20260804,8.79,9.0,8.55,8.87,181172
AVTNPL,20260804,71.19,71.8,70.51,70.83,23676
AWFIS,20260804,279.95,281.55,271.9,273.05,158642
AWHCL,20260804,429.95,439.2,424.8,429.55,115507
AWL,20260804,190.55,192.9,189.66,190.59,2329922
AXISBANK,20260804,1264.0,1264.0,1244.0,1261.8,5694891
AXISCADES,20260804,1575.0,1644.0,1569.6,1583.2,135431
AXITA,20260804,7.34,7.4,7.32,7.35,4581963
AYE,20260804,172.6,173.51,167.2,167.77,387411
AYMSYNTEX,20260804,254.55,260.0,239.1,256.25,189642
AZAD,20260804,2320.0,2418.3,2310.9,2374.4,509849
BAFNAPH,20260804,273.55,273.55,273.55,273.55,4253
BAGFILMS,20260804,4.45,4.52,4.42,4.44,44415
BAIDFIN,20260804,9.91,10.02,9.91,9.98,52568
BAJAJ-AUTO,20260804,11750.0,11751.0,11541.0,11600.0,307958
BAJAJCON,20260804,533.0,550.0,528.85,544.2,760142
BAJAJELEC,20260804,337.65,365.0,336.1,349.7,1432494
BAJAJFINSV,20260804,2075.0,2105.0,2068.0,2105.0,1959197
BAJAJHCARE,20260804,342.1,343.6,333.0,335.6,78317
BAJAJHFL,20260804,86.83,88.4,86.52,87.11,4961226
BAJAJHIND,20260804,17.52,18.58,17.38,18.06,19356962
BAJAJHLDNG,20260804,11530.0,11598.0,11364.0,11475.0,26227
BAJAJINDEF,20260804,237.0,237.0,230.2,232.08,17471
BAJAJST,20260804,394.8,394.8,385.75,390.35,7934
BAJEL,20260804,177.35,180.5,176.93,178.69,117729
BAJFINANCE,20260804,1164.0,1164.0,1139.5,1149.0,9437990
BALAJEE,20260804,27.5,27.5,27.17,27.41,16076
BALAJITELE,20260804,84.9,87.75,84.54,85.12,74262
BALAMINES,20260804,2050.0,2076.0,1985.1,1994.9,286462
BALAXI,20260804,24.65,24.65,23.72,24.03,23587
BALKRISHNA,20260804,17.6,18.0,17.4,17.47,11021
BALKRISIND,20260804,2479.7,2530.0,2412.4,2491.9,275218
BALMLAWRIE,20260804,174.0,176.14,173.51,174.42,136017
BALPHARMA,20260804,89.49,89.69,87.21,87.87,19937
BALRAMCHIN,20260804,650.0,664.95,636.75,658.7,1590621
BALUFORGE,20260804,440.5,446.5,436.0,439.45,501487
BANARBEADS,20260804,116.4,117.0,113.08,113.97,2753
BANARISUG,20260804,3484.7,3505.0,3475.0,3480.4,321
BANCOINDIA,20260804,664.0,678.2,656.6,669.75,203017
BANDHANBNK,20260804,174.44,175.22,173.12,173.6,8403143
BANG,20260804,30.2,30.78,29.6,30.1,24914
BANK10ADD,20260804,17.15,17.18,16.96,17.02,76390
BANK10BETF,20260804,20.99,21.09,20.76,20.79,4192
BANKA,20260804,85.0,92.3,84.5,90.32,2367
BANKADD,20260804,59.15,60.1,58.81,59.14,34017
BANKBARODA,20260804,247.19,249.15,245.0,245.0,4143561
BANKBEES,20260804,597.35,599.99,594.5,595.76,508335
BANKBETA,20260804,59.76,59.99,59.41,59.63,105638
BANKBETF,20260804,58.77,58.88,58.34,58.6,23375
BANKETF,20260804,587.84,590.96,584.53,588.47,9831
BANKIETF,20260804,59.24,59.63,58.94,59.07,338583
BANKINDIA,20260804,140.29,141.25,138.92,140.44,5544174
BANKNIFTY1,20260804,60.51,60.51,59.62,59.69,233887
BANKPSU,20260804,85.33,85.94,85.18,85.4,14680
BANSALWIRE,20260804,318.5,327.7,312.0,314.7,166136
BANSWRAS,20260804,127.21,128.2,124.0,125.49,32678
BASF,20260804,3738.0,4250.0,3713.5,3947.1,775498
BASML,20260804,27.9,27.9,26.55,27.46,50860
BATAINDIA,20260804,712.3,742.95,706.4,709.55,939426
BATLIBOI,20260804,82.92,84.98,82.51,84.02,25269
BAYERCROP,20260804,4324.6,4355.0,4294.8,4331.0,26809
BBETF0432,20260804,1353.13,1356.69,1350.0,1352.71,532
BBL,20260804,2572.7,2601.0,2368.0,2390.2,184418
BBNPNBETF,20260804,58.29,58.61,57.85,58.16,622
BBNPPGOLD,20260804,137.7,137.8,136.85,137.35,461
BBOX,20260804,762.0,780.0,747.0,750.05,316417
BBTC,20260804,1540.9,1548.9,1501.2,1505.7,25557
BBTCL,20260804,222.48,225.7,217.0,221.2,9176
BCG,20260804,9.31,9.63,9.25,9.46,5797052
BCLIND,20260804,37.89,37.94,37.05,37.21,575944
BCONCEPTS,20260804,189.94,190.0,182.35,183.91,22860
BCPL,20260804,71.3,71.5,68.5,69.0,16953
BDL,20260804,1265.0,1278.3,1259.1,1265.0,422213
BEARDSELL,20260804,26.95,27.73,26.95,27.33,23662
BECTORFOOD,20260804,211.5,214.27,207.98,209.96,1433966
BEDMUTHA,20260804,111.71,113.0,109.31,109.53,2101
BEEKAY,20260804,393.0,407.8,393.0,400.7,974
BEL,20260804,390.2,394.1,389.25,391.5,10632551
BELLACASA,20260804,248.0,254.7,243.61,246.38,6994
BELRISE,20260804,242.9,243.86,239.0,240.34,2278509
BEML,20260804,1750.0,1774.0,1685.0,1690.6,320006
BENGALASM,20260804,6237.0,6307.5,6206.0,6256.0,727
BEPL,20260804,121.32,123.5,119.71,122.94,2481561
BERGEPAINT,20260804,527.0,544.0,526.6,533.8,488585
BESTAGRO,20260804,18.78,22.66,18.5,22.66,29742912
BETA,20260804,2370.0,2390.0,2302.1,2365.0,16520
BFINVEST,20260804,483.5,487.6,473.0,480.55,39521
BFSI,20260804,27.97,28.12,27.65,27.8,395280
BFUTILITIE,20260804,575.4,580.0,567.35,568.5,30519
BGRENERGY,20260804,278.0,282.5,265.0,272.15,91699
BHAGCHEM,20260804,294.7,298.05,285.0,286.1,212998
BHAGERIA,20260804,219.57,224.0,208.6,212.24,28286
BHAGYANGR,20260804,394.0,395.0,377.0,380.5,86982
BHANDARI,20260804,2.93,2.93,2.85,2.87,63010
BHARATCOAL,20260804,34.2,34.44,34.04,34.2,4040386
BHARATFORG,20260804,2213.2,2214.9,2177.1,2195.0,699993
BHARATGEAR,20260804,117.4,117.4,117.4,117.4,16129
BHARATRAS,20260804,1337.2,1393.4,1335.0,1345.4,30373
BHARATSE,20260804,223.3,237.75,219.11,231.87,1941113
BHARATWIRE,20260804,202.65,205.91,200.0,200.4,121455
BHARTIARTL,20260804,1980.0,1980.0,1936.0,1970.1,4977391
BHARTIHEXA,20260804,1645.8,1646.5,1610.0,1616.8,67498
BHEL,20260804,411.15,412.85,406.25,411.95,4709584
BI,20260804,61.83,62.0,59.25,60.53,4865
BIGBLOC,20260804,47.5,47.5,44.3,46.48,36881
BIKAJI,20260804,652.0,654.15,642.0,647.9,50727
BIL,20260804,760.1,832.15,760.1,801.75,33586
BILVYAPAR,20260804,4.06,4.09,3.92,4.0,3928
BIMETAL,20260804,642.25,659.0,640.05,645.75,120
BIOCON,20260804,425.95,427.0,421.65,422.0,2478487
BIOFILCHEM,20260804,33.78,33.78,32.6,32.9,8743
BIRLACABLE,20260804,224.7,224.7,224.7,224.7,37620
BIRLACORPN,20260804,906.1,909.15,889.0,902.3,70050
BIRLAMONEY,20260804,134.82,138.4,132.53,133.74,40299
BIRLANU,20260804,1343.2,1371.0,1336.4,1355.3,8967
BIRLAPREC,20260804,34.99,35.02,34.01,34.48,13686
BLACKBUCK,20260804,554.0,557.7,544.95,546.5,147838
BLACKROSE,20260804,114.4,115.95,111.01,113.93,11972
BLAL,20260804,174.62,174.69,170.01,173.61,20392
BLBLIMITED,20260804,15.45,15.72,15.32,15.5,13349
BLIL,20260804,71.19,71.19,70.35,70.76,59495
BLISSGVS,20260804,474.5,489.75,469.0,489.75,459494
BLKASHYAP,20260804,54.36,54.75,54.01,54.45,77064
BLS,20260804,253.0,254.48,247.01,247.95,805638
BLSE,20260804,300.4,304.85,290.0,301.45,397609
BLUECHIP,20260804,1.7,1.7,1.7,1.7,718
BLUECOAST,20260804,25.49,25.61,23.45,25.38,1231
BLUEDART,20260804,5375.5,5443.5,5344.0,5364.5,67817
BLUEJET,20260804,589.5,612.6,580.25,582.05,1572783
BLUESTARCO,20260804,1736.1,1737.6,1677.4,1685.0,866482
BLUESTONE,20260804,800.7,865.0,787.1,848.75,11927196
BLUSPRING,20260804,115.73,115.73,110.22,111.48,192613
BMWVENTLTD,20260804,57.7,58.22,57.03,57.16,72361
BNAGROCHEM,20260804,288.6,288.6,271.5,271.5,884
BNALTD,20260804,400.0,402.8,395.0,402.8,183
BNKETFAXIS,20260804,608.55,608.55,593.0,594.79,306
BODALCHEM,20260804,74.98,75.0,72.0,72.8,184700
BOHRAIND,20260804,14.42,15.59,14.42,14.81,6024
BOMDYEING,20260804,121.99,123.49,121.5,121.96,257728
BONLON,20260804,41.23,42.67,40.13,41.86,6059
BORANA,20260804,317.7,326.9,315.2,319.0,18846
BOROLTD,20260804,232.54,241.74,232.54,239.87,104081
BORORENEW,20260804,556.9,567.4,553.95,559.05,493470
BOROSCI,20260804,153.03,153.03,144.0,145.75,518635
BOSCH-HCIL,20260804,1400.0,1444.8,1383.2,1439.4,103983
BOSCHLTD,20260804,41160.0,41555.0,41000.0,41200.0,14478
BPCL,20260804,328.55,328.55,320.65,324.0,5331584
BPL,20260804,54.6,54.99,53.2,53.42,30568
BRIGADE,20260804,581.55,585.95,575.3,580.2,290721
BRIGHOTEL,20260804,61.04,62.38,60.5,61.8,106741
BRITANNIA,20260804,5502.0,5503.5,5393.5,5478.0,272040
BRNL,20260804,18.45,18.45,17.21,17.45,41826
BROOKS,20260804,61.6,62.0,60.15,60.79,12417
BSE,20260804,3575.0,3637.8,3555.4,3618.0,2817947
BSE500IETF,20260804,40.0,42.05,39.83,39.9,226051
BSHSL,20260804,86.86,88.0,86.0,87.44,3806
BSL,20260804,127.2,127.2,122.7,124.87,2703
BSLGOLDETF,20260804,127.8,127.8,124.33,124.71,182289
BSLNIFTY,20260804,28.54,28.91,28.11,28.74,578237
BSLSENETFG,20260804,77.97,80.57,77.97,79.02,2628
BSOFT,20260804,324.8,326.3,316.6,323.2,1492292
BTML,20260804,6.94,7.2,6.64,6.69,210627
BTTL,20260804,46.49,48.44,46.0,46.61,8251
BUILDPRO,20260804,1343.6,1380.0,1307.4,1337.8,164304
BUTTERFLY,20260804,730.0,736.5,660.0,664.45,171815
BVCL,20260804,40.8,43.39,40.5,41.7,39527
BYKE,20260804,35.5,35.5,33.56,34.83,24354
CALSOFT,20260804,22.4,22.4,21.54,21.66,20976
CAMLINFINE,20260804,129.39,133.8,128.02,130.23,1005309
CAMPUS,20260804,223.2,225.0,221.1,223.77,480578
CAMS,20260804,791.5,830.5,789.0,809.4,4699513
CANBK,20260804,127.09,128.95,126.26,128.0,21657270
CANFINHOME,20260804,823.0,823.0,807.5,809.8,202140
CANHLIFE,20260804,153.41,153.41,148.1,148.66,412018
CANTABIL,20260804,248.6,253.5,247.01,247.86,435830
CAPACITE,20260804,214.15,221.74,212.17,213.52,891218
CAPILLARY,20260804,498.7,584.0,488.05,534.95,6482411
CAPITALSFB,20260804,299.5,299.5,293.75,295.3,26721
CAPLIPOINT,20260804,2571.0,2614.6,2550.4,2571.9,57214
CAPTRUST,20260804,19.7,20.02,19.7,20.02,104095
CARBORUNIV,20260804,1090.4,1099.8,1075.0,1078.5,67012
CARERATING,20260804,1715.6,1750.9,1705.0,1729.4,34587
CARRARO,20260804,544.95,545.95,538.0,540.4,59651
CARTRADE,20260804,2804.0,2820.0,2763.5,2805.4,170294
CARYSIL,20260804,1184.0,1205.0,1170.0,1178.2,45497
CASHIETF,20260804,1073.77,1073.77,1073.75,1073.76,169972
CASTROLIND,20260804,186.75,188.95,186.1,187.06,3139767
CCAVENUE,20260804,17.65,17.73,16.87,16.96,27551808
CCCL,20260804,15.77,16.6,15.4,15.68,253037
CCHHL,20260804,13.06,13.26,12.71,12.82,16521
CCL,20260804,1136.0,1142.4,1106.0,1122.0,308954
CDSL,20260804,1318.0,1362.0,1312.5,1340.0,1929942
CEATLTD,20260804,3549.4,3624.5,3518.4,3611.2,109956
CEIGALL,20260804,349.0,349.0,337.3,339.85,81183
CEINSYS,20260804,833.0,874.5,831.8,861.65,69576
CELEBRITY,20260804,7.2,7.35,6.91,7.17,42940
CELLO,20260804,344.05,346.75,342.6,344.85,115794
CEMNTGROWW,20260804,15.69,15.69,15.3,15.5,127830
CEMPRO,20260804,1366.0,1366.0,1297.7,1329.8,640614
CENTENKA,20260804,627.0,631.3,616.35,620.5,79525
CENTEXT,20260804,20.39,24.0,20.1,23.67,4067536
CENTRALBK,20260804,31.46,31.5,31.17,31.23,4894350
CENTRUM,20260804,24.27,24.8,23.4,23.6,300503
CENTUM,20260804,3676.5,3740.3,3640.0,3698.6,21707
CENTURYPLY,20260804,772.8,776.5,765.0,769.5,71842
CERA,20260804,6315.5,6364.5,6240.0,6301.0,6080
CEREBRAINT,20260804,2.9,3.09,2.9,2.97,51840
CESC,20260804,166.07,167.49,164.1,164.76,560175
CEWATER,20260804,287.95,288.0,279.1,279.6,90239
CGCL,20260804,228.0,232.6,227.0,228.68,2613901
CGPOWER,20260804,846.6,882.8,846.45,880.05,8524215
CHALET,20260804,821.5,837.85,815.0,825.65,116249
CHAMBLFERT,20260804,456.55,456.7,450.05,454.6,341969
CHEMBOND,20260804,173.91,177.3,169.0,171.82,4827
CHEMBONDCH,20260804,230.3,230.3,222.0,229.11,1474
CHEMCON,20260804,193.29,193.29,193.29,193.29,26608
CHEMFAB,20260804,376.95,378.0,370.15,371.35,3702
CHEMICAL,20260804,31.45,31.74,30.32,30.53,328514
CHEMPLASTS,20260804,196.11,198.06,194.0,194.41,130556
CHENNPETRO,20260804,1342.0,1351.0,1301.3,1325.7,1993696
CHEVIOT,20260804,1130.0,1139.6,1124.1,1130.6,1826
CHOICEGOLD,20260804,140.54,142.48,139.27,140.62,11910
CHOICEIN,20260804,826.85,831.0,821.0,824.8,333380
CHOLAFIN,20260804,1888.2,1888.2,1859.4,1875.0,1345656
CHOLAHLDNG,20260804,1580.0,1580.0,1541.7,1545.9,178999
CIEINDIA,20260804,419.95,420.7,409.5,410.6,358037
CIFL,20260804,21.98,21.98,20.59,21.13,137970
CINELINE,20260804,88.21,89.7,88.0,89.51,10245
CINEVISTA,20260804,15.49,15.49,14.82,14.87,5727
CIPLA,20260804,1469.6,1469.6,1449.3,1460.0,947279
CLCIND,20260804,62.55,62.55,56.61,61.67,32226
CLEAN,20260804,768.0,782.0,763.2,774.55,513308
CLEANMAX,20260804,1356.2,1364.0,1310.4,1326.7,116333
CLEDUCATE,20260804,58.19,58.95,56.5,56.69,17126
CLSEL,20260804,293.7,293.95,280.45,290.15,37182
CMLL,20260804,566.0,577.15,558.0,565.9,1049275
CMPDI,20260804,248.35,250.6,245.7,247.05,1400155
CMRGREEN,20260804,224.0,229.35,221.85,228.59,790829
CMSINFO,20260804,275.4,280.5,273.05,279.4,467946
CNL,20260804,1014.6,1084.9,987.0,1055.8,189433
COALINDIA,20260804,415.0,417.6,413.0,417.6,4057342
COASTCORP,20260804,51.04,52.0,47.72,48.53,443577
COCHINSHIP,20260804,1441.0,1455.7,1430.0,1430.0,758781
COCKERILL,20260804,8975.0,9129.0,8825.0,8989.0,3626
COFFEEDAY,20260804,32.7,33.63,32.57,33.63,459446
COFORGE,20260804,1772.0,1774.8,1733.2,1749.9,1189895
COHANCE,20260804,428.05,428.35,421.75,424.9,247065
COLPAL,20260804,2080.0,2080.2,2010.0,2010.0,562942
COMFINTE,20260804,6.9,6.98,6.35,6.4,997220
COMMOIETF,20260804,101.49,101.67,100.7,101.02,78239
COMPINFO,20260804,1.13,1.17,1.1,1.12,4538
COMPUSOFT,20260804,13.4,13.54,13.16,13.2,16245
COMSYN,20260804,210.24,215.87,208.5,211.05,152230
CONCOR,20260804,526.05,526.1,514.0,515.0,1523968
CONCORDBIO,20260804,1460.0,1469.6,1412.0,1420.0,246334
CONFIPET,20260804,84.79,84.79,80.11,82.08,2152778
CONS,20260804,12.7,12.7,12.5,12.53,29234
CONSOFINVT,20260804,295.75,306.0,292.0,304.4,16796
CONSUMAXIS,20260804,125.53,126.04,124.91,125.21,2289
CONSUMBEES,20260804,135.2,137.35,132.05,133.57,118344
CONSUMER,20260804,12.42,12.42,12.15,12.16,454105
CONSUMIETF,20260804,125.98,126.61,123.38,125.23,10990
CONTROLPR,20260804,572.0,579.8,570.4,575.05,12383
CORALFINAC,20260804,33.1,34.69,32.41,32.66,8293
CORDELIA,20260804,809.0,837.0,806.55,819.65,111499
CORDSCABLE,20260804,216.0,222.18,211.0,222.18,39845
COROMANDEL,20260804,2128.0,2129.9,2096.8,2115.5,84790
CORONA,20260804,2130.0,2270.1,2130.0,2159.7,207658
COSMOFIRST,20260804,910.05,934.0,907.0,922.35,100984
COUNCODOS,20260804,6.15,6.18,6.01,6.02,17722
CPCAP,20260804,111.25,115.25,111.15,113.85,12081
CPEDU,20260804,205.11,212.0,204.09,210.11,7033
CPL,20260804,71.73,71.8,70.66,71.76,16305
CPPLUS,20260804,3425.2,3549.9,3420.0,3499.2,167512
CPSEETF,20260804,95.99,95.99,94.5,94.62,817151
CRAFTSMAN,20260804,10370.0,10397.0,10150.0,10175.0,27276
CRAMC,20260804,260.35,271.0,260.35,266.6,534093
CREATIVEYE,20260804,6.36,6.36,6.22,6.27,5847
CREDITACC,20260804,1550.0,1574.9,1530.0,1557.6,137441
CREST,20260804,394.5,395.0,381.6,386.25,5381
CRISIL,20260804,4410.2,4423.8,4340.0,4357.2,19668
CRIZAC,20260804,199.0,199.0,190.5,191.74,293223
CROMPTON,20260804,266.5,271.0,263.1,263.1,1865616
CROWN,20260804,115.11,116.0,110.62,114.7,20811
CSBBANK,20260804,333.4,333.4,327.95,329.9,217303
CSLFINANCE,20260804,223.74,223.99,215.02,216.4,5190
CSM,20260804,104.77,104.77,99.31,100.38,173715
CTE,20260804,37.73,40.5,37.65,39.82,67702
CUB,20260804,204.0,205.0,200.74,201.47,4808855
CUBEXTUB,20260804,79.25,79.25,77.72,78.53,18581
CUMMINSIND,20260804,5536.5,5595.0,5439.0,5550.0,324047
CUPID,20260804,234.1,239.99,233.35,237.99,28917322
CURAA,20260804,72.0,77.7,71.0,77.7,229
CYBERMEDIA,20260804,16.19,16.19,15.6,15.7,4588
CYBERTECH,20260804,142.99,142.99,138.0,139.35,7268
CYIENT,20260804,855.0,879.45,855.0,867.6,493282
CYIENTDLM,20260804,674.35,697.4,663.8,667.5,460772
DABUR,20260804,420.8,420.8,405.35,409.65,6370534
DAICHI,20260804,315.6,320.95,310.0,318.85,505
DALBHARAT,20260804,1844.2,1844.2,1808.2,1827.0,94107
DALMIASUG,20260804,425.0,427.0,399.35,412.75,3674329
DAMCAPITAL,20260804,153.7,156.31,151.96,153.14,289922
DAMODARIND,20260804,28.05,28.05,27.41,28.05,750
DANGEE,20260804,2.98,3.12,2.98,3.02,91662
DATAMATICS,20260804,826.6,847.4,823.0,840.35,67748
DATAPATTNS,20260804,4445.0,4625.0,4440.1,4554.7,1293591
DAVANGERE,20260804,3.18,3.21,3.06,3.08,7308966
DBCORP,20260804,211.51,212.73,208.84,210.18,71224
DBEIL,20260804,7.54,7.54,7.3,7.39,50356
DBL,20260804,449.0,473.85,449.0,467.25,1339118
DBOL,20260804,104.8,112.9,103.5,108.15,396880
DBREALTY,20260804,113.03,114.45,112.0,112.92,170042
DBSTOCKBRO,20260804,34.16,34.5,33.5,33.5,54515
DCAL,20260804,188.41,190.44,185.85,188.24,100109
DCBBANK,20260804,191.85,192.3,189.61,191.8,441045
DCI,20260804,339.85,347.0,332.4,340.35,67371
DCM,20260804,81.25,84.94,79.47,82.0,14813
DCMFINSERV,20260804,5.28,5.34,4.98,5.26,12868
DCMNVL,20260804,138.3,149.69,138.3,149.69,20433
DCMSHRIRAM,20260804,1037.8,1037.8,1020.0,1026.7,54450
DCMSIL,20260804,74.01,78.8,73.15,78.16,41823
DCMSRIND,20260804,41.56,44.9,41.56,44.15,508003
DCW,20260804,46.81,47.0,46.48,46.69,359162
DCXINDIA,20260804,184.49,185.2,179.5,180.06,408404
DDEVPLSTIK,20260804,288.95,288.95,282.05,283.9,87182
DECCANCE,20260804,554.2,599.0,552.1,583.35,126129
DECNGOLD,20260804,206.0,206.57,199.01,199.45,900326
DEEDEV,20260804,700.0,704.0,657.75,657.75,259064
DEEPAKFERT,20260804,1581.0,1681.0,1578.5,1599.1,2177566
DEEPAKNTR,20260804,1720.0,1753.5,1710.4,1717.7,281164
DEEPINDS,20260804,643.25,661.75,634.75,654.0,1173476
DEFENCE,20260804,79.46,79.9,79.0,79.21,174018
DELHIVERY,20260804,470.0,482.0,468.8,482.0,1756448
DELPHIFX,20260804,6.81,6.98,6.72,6.8,34385
DELTACORP,20260804,63.4,64.6,63.3,63.75,725345
DELTAMAGNT,20260804,58.45,58.45,57.0,57.5,4006
DEN,20260804,27.87,27.87,27.24,27.42,483398
DENORA,20260804,898.3,918.9,876.5,880.05,7634
DENTA,20260804,363.3,372.0,358.85,364.25,486359
DEVIT,20260804,27.01,29.2,26.4,27.47,65977
DEVX,20260804,34.5,34.5,33.9,33.95,129708
DEVYANI,20260804,117.25,120.95,116.17,119.75,4920431
DGCONTENT,20260804,23.84,25.0,23.3,23.88,7403
DHAMPURSUG,20260804,144.0,154.82,143.5,151.38,1737108
DHANBANK,20260804,32.8,32.88,32.09,32.15,751760
DHANUKA,20260804,1029.9,1029.9,990.0,1008.1,45496
DHARAN,20260804,0.16,0.16,0.15,0.16,34308795
DHARMAJ,20260804,269.8,270.95,263.15,267.85,102204
DHRUV,20260804,24.55,25.7,24.55,25.49,582
DHUNINV,20260804,865.0,896.4,865.0,884.95,448
DIACABS,20260804,320.0,322.85,306.75,316.4,2905533
DIAMINESQ,20260804,241.0,241.41,238.51,239.82,3953
DIAMONDYD,20260804,1169.8,1180.0,1134.1,1171.5,18608
DICIND,20260804,522.0,522.0,505.15,513.35,940
DIFFNKG,20260804,408.25,431.0,408.25,423.7,378227
DIGIDRIVE,20260804,17.76,18.59,17.62,18.1,13638
DIGISPICE,20260804,18.05,18.05,17.09,17.18,257367
DIGITIDE,20260804,99.52,100.77,97.68,98.48,228674
DIGJAMLMTD,20260804,48.98,49.85,47.32,48.9,18842
DISAQ,20260804,12340.0,12795.0,12298.0,12470.0,647
DISHTV,20260804,2.85,2.86,2.8,2.83,558769
DIVGIITTS,20260804,975.0,990.0,955.2,961.35,19891
DIVIDEND,20260804,36.54,36.68,36.43,36.52,18668
DIVISLAB,20260804,8451.0,8460.5,8243.0,8378.0,970329
DIVOPPBEES,20260804,79.41,79.59,79.02,79.25,72181
DIXON,20260804,13900.0,14086.0,13812.0,13988.0,300730
DJML,20260804,113.7,114.17,110.0,110.75,83210
DLF,20260804,654.8,659.8,643.4,643.4,7016514
DLINKINDIA,20260804,449.85,455.0,435.0,441.3,125932
DMART,20260804,4023.0,4023.0,3969.7,4023.0,448874
DMCC,20260804,278.0,283.0,275.0,281.65,28633
DNAMEDIA,20260804,3.1,3.1,2.8,2.86,35166
DODLA,20260804,1056.0,1059.0,1030.6,1043.7,19663
DOLATALGO,20260804,67.56,68.49,67.15,67.9,71446
DOLLAR,20260804,268.6,275.0,264.8,271.1,130195
DOLPHIN,20260804,405.7,411.2,397.0,402.4,14802
DOMS,20260804,2175.0,2260.9,2175.0,2253.1,336617
DONEAR,20260804,85.49,85.49,84.06,85.24,9359
DPABHUSHAN,20260804,1434.9,1495.0,1388.1,1486.6,89314
DPSCLTD,20260804,7.69,7.69,7.21,7.42,91506
DPWIRES,20260804,165.91,170.6,162.5,169.56,6851
DRAGARWQ,20260804,5199.5,5499.0,5017.5,5081.0,6564
DRCSYSTEMS,20260804,13.57,13.68,13.0,13.57,51568
DREAMFOLKS,20260804,68.83,74.0,67.49,70.41,272339
DREDGECORP,20260804,1095.7,1130.8,1094.5,1120.9,110401
DRREDDY,20260804,1174.0,1174.0,1154.4,1172.6,2165315
DSFCL,20260804,25.8,26.07,25.58,26.07,11817
DSKULKARNI,20260804,9.48,9.48,9.48,9.48,22
DSSL,20260804,1252.0,1254.6,1226.0,1238.6,14794
DTIL,20260804,131.0,132.49,128.2,132.11,2312
DUCON,20260804,3.09,3.09,2.86,2.91,289117
DVL,20260804,247.2,251.95,245.0,248.24,14178
DWARKESH,20260804,38.98,41.52,38.85,41.26,2919109
DYCL,20260804,401.0,405.9,396.1,398.3,303618
DYNAMATECH,20260804,10779.0,10921.0,10700.0,10752.0,8784
DYNPRO,20260804,270.45,271.75,261.0,265.65,9051
E2E,20260804,552.0,570.15,551.6,570.15,2968119
EASEMYTRIP,20260804,6.58,6.65,6.53,6.59,31060463
EASTSILK,20260804,63.88,65.49,59.8,60.01,804
EBANKNIFTY,20260804,58.29,58.4,57.99,58.0,2036
EBBETF0430,20260804,1615.4,1615.4,1607.81,1611.7,32754
EBBETF0431,20260804,1447.81,1447.81,1434.0,1442.72,5041
EBBETF0433,20260804,1319.23,1322.36,1312.0,1312.8,72241
EBGNG,20260804,531.0,539.65,508.45,508.45,491165
ECAPINSURE,20260804,23.8,23.96,23.49,23.66,178455
ECLERX,20260804,1898.2,1945.0,1882.0,1919.2,98270
ECOSMOBLTY,20260804,136.89,137.0,132.0,133.52,32051
EDELWEISS,20260804,116.5,118.9,115.52,117.68,2009712
EFCIL,20260804,192.25,194.39,191.0,191.15,167600
EGOLD,20260804,138.15,142.15,138.15,141.4,156717
EICHERMOT,20260804,8024.0,8024.0,7867.5,7935.0,599769
EIDPARRY,20260804,784.5,807.5,781.05,803.1,430866
EIEL,20260804,222.64,228.84,222.64,224.48,960834
EIFFL,20260804,284.15,284.15,284.15,284.15,40728
EIHAHOTELS,20260804,314.1,319.95,307.2,315.75,37637
EIHOTEL,20260804,330.15,332.9,326.3,327.1,60713
EIMCOELECO,20260804,1860.0,1921.3,1813.5,1873.8,39008
EKC,20260804,110.2,111.0,108.5,109.04,90937
ELANTAS,20260804,9907.0,9967.0,9712.5,9873.0,647
ELCIDIN,20260804,110000.0,112300.0,106560.0,110915.0,30
ELDEHSG,20260804,795.0,799.0,781.4,782.2,393
ELECON,20260804,431.6,444.2,427.0,429.55,803384
ELECTCAST,20260804,72.0,72.44,71.23,71.57,606606
ELECTHERM,20260804,1006.5,1019.0,1001.0,1010.0,6167
ELGIEQUIP,20260804,582.0,599.0,576.0,591.2,559904
ELGIRUBCO,20260804,57.81,59.29,57.81,58.48,44701
ELIN,20260804,103.55,105.0,100.77,101.49,129389
ELIQUID,20260804,1042.19,1042.19,1042.17,1042.17,86358
ELITECON,20260804,17.19,18.9,17.16,18.89,17464828
ELLEN,20260804,276.05,284.65,273.0,282.15,358494
ELM250,20260804,16.98,16.98,16.8,16.84,19495
ELPROINTL,20260804,178.5,179.8,178.0,178.9,67359
EMAMILTD,20260804,406.0,407.95,389.55,391.8,1135991
EMAMIPAP,20260804,115.0,119.75,110.1,113.12,41626
EMAMIREAL,20260804,80.79,80.79,77.1,77.1,7174
EMBDL,20260804,61.08,61.77,60.6,61.12,1321761
EMCURE,20260804,1969.7,1995.0,1960.1,1978.1,103614
EMETAL,20260804,13.0,13.47,12.96,13.06,35921
EMIL,20260804,132.9,136.3,131.67,133.17,4992918
EMKAY,20260804,243.49,260.0,243.49,247.05,61947
EMMBI,20260804,85.55,87.0,83.12,86.97,20956
EMMVEE,20260804,317.9,325.65,317.0,323.5,1147121
EMPOWER,20260804,2.79,2.79,2.69,2.69,5611955
EMSLIMITED,20260804,412.25,413.95,406.05,408.6,132096
EMUDHRA,20260804,481.5,518.0,472.55,514.0,519341
EMULTIMQ,20260804,40.85,41.65,40.85,41.55,83584
ENDURANCE,20260804,2764.1,2878.0,2750.2,2838.7,239750
ENERGY,20260804,39.38,39.38,38.88,38.95,175921
ENERGYDEV,20260804,16.93,17.09,16.61,16.65,6653
ENEXT50,20260804,74.0,74.5,73.74,74.0,1758
ENGINERSIN,20260804,227.05,228.0,223.8,224.89,1201128
ENIFTY,20260804,25.4,25.4,24.23,24.27,7000
ENIL,20260804,114.9,114.9,108.61,109.6,12492
ENRIN,20260804,3265.0,3360.0,3265.0,3310.3,478730
ENTERO,20260804,1231.0,1293.3,1224.1,1231.2,197022
EPACK,20260804,230.9,233.75,228.03,231.13,383603
EPACKPEB,20260804,244.05,272.6,242.4,260.35,18645922
EPIGRAL,20260804,1126.3,1134.3,1094.6,1100.7,40192
EPL,20260804,226.6,229.59,225.58,227.71,168289
EQUAL200,20260804,14.43,14.43,14.0,14.02,15940
EQUAL50,20260804,342.88,342.88,339.31,339.49,1614
EQUAL50ADD,20260804,352.05,352.83,346.5,349.78,15265
EQUIPPP,20260804,23.0,23.5,22.99,23.49,8851
EQUITASBNK,20260804,76.0,76.8,75.35,76.38,1695743
ERIS,20260804,1383.2,1388.7,1363.4,1373.0,92040
ESABINDIA,20260804,5619.5,5680.0,5585.0,5637.5,2000
ESAFSFB,20260804,40.92,43.5,40.77,41.98,8115114
ESCORTS,20260804,3149.4,3173.1,3078.5,3101.2,127346
ESENSEX,20260804,78.7,79.7,77.38,78.85,1777
ESG,20260804,42.5,42.57,42.16,42.17,35127
ESILVER,20260804,216.05,217.23,215.55,216.09,27975
ESSARSHPNG,20260804,20.57,21.34,20.0,20.04,374894
ESSENTIA,20260804,1.2,1.2,1.18,1.2,490651
ESTER,20260804,86.75,89.05,86.55,87.2,63463
ETERNAL,20260804,311.0,312.7,309.0,312.4,16096034
ETHOSLTD,20260804,2960.0,3073.3,2813.5,2853.2,467423
EUREKAFORB,20260804,455.0,475.95,452.75,464.0,252130
EUROBOND,20260804,162.92,168.76,161.41,163.9,19361
EUROPRATIK,20260804,305.35,323.0,300.55,317.8,234795
EUROTEXIND,20260804,12.81,12.94,12.81,12.94,160
EVEREADY,20260804,353.0,356.0,349.2,354.2,113896
EVERESTIND,20260804,465.5,474.0,460.0,464.8,14410
EVIETF,20260804,33.33,33.4,33.17,33.31,419080
EVINDIA,20260804,34.11,34.11,33.18,33.33,818605
EXCELINDUS,20260804,1002.0,1060.0,1002.0,1050.6,20096
EXCELSOFT,20260804,85.0,85.42,81.0,81.72,552465
EXICOM,20260804,165.0,168.96,163.0,165.87,965207
EXIDEIND,20260804,449.15,460.95,441.6,458.35,5887710
EXPLEOSOL,20260804,805.15,818.4,801.05,813.95,40075
EXXARO,20260804,6.25,6.25,6.12,6.18,197016
FABTECH,20260804,150.88,153.0,149.65,151.55,89932
FACT,20260804,835.65,849.4,835.6,842.3,71656
FAIRCHEMOR,20260804,829.25,829.25,796.75,796.75,18464
FAZE3Q,20260804,549.9,549.9,539.1,540.95,18626
FCL,20260804,39.5,39.79,38.25,38.44,4118653
FCSSOFT,20260804,1.5,1.5,1.48,1.48,908142
FDC,20260804,404.65,407.1,399.7,402.65,83458
FEDDERSHOL,20260804,42.03,42.64,41.5,41.75,272290
FEDERALBNK,20260804,364.55,364.55,357.1,362.45,5569382
FEDFINA,20260804,151.0,151.36,148.5,149.29,1061284
FEL,20260804,0.39,0.39,0.37,0.37,144196
FELDVR,20260804,2.37,2.48,2.37,2.48,1862
FERMENTA,20260804,516.65,551.0,515.0,547.05,442994
FIBERWEB,20260804,29.89,29.89,28.83,29.05,10954
FIEMIND,20260804,2344.1,2345.0,2309.0,2324.5,42264
FILATEX,20260804,77.6,79.0,76.2,77.92,5586071
FILATFASH,20260804,0.19,0.19,0.18,0.18,10249659
FINCABLES,20260804,999.0,1005.9,989.15,993.25,183648
FINEORG,20260804,4933.7,4950.0,4869.1,4929.5,5680
FINIETF,20260804,33.74,33.96,33.5,33.69,376788
FINKURVE,20260804,59.75,61.0,58.79,60.01,75636
FINOPB,20260804,163.06,163.75,159.36,161.03,324513
FINPIPE,20260804,166.0,167.2,164.51,165.43,418419
FIRSTCRY,20260804,215.4,215.98,213.2,214.73,407647
FISCHER,20260804,39.15,39.15,37.6,37.89,1812494
FIVESTAR,20260804,551.4,556.5,540.95,544.75,277951
FLAIR,20260804,250.0,253.4,249.05,249.95,72808
FLEXIADD,20260804,10.4,10.4,10.27,10.28,146316
FLEXITUFF,20260804,4.15,4.15,3.99,3.99,62538
FLFL,20260804,1.24,1.27,1.18,1.22,67224
FLUOROCHEM,20260804,4440.1,4631.0,4440.0,4612.8,128125
FMCGADD,20260804,49.86,49.97,49.3,49.45,12652
FMCGIETF,20260804,54.35,54.35,52.65,53.25,1024195
FMGOETZE,20260804,474.45,480.45,469.5,470.35,34081
FMNL,20260804,9.36,10.2,9.36,9.44,32756
FOCUS,20260804,69.2,69.97,68.1,68.7,17296
FOODSIN,20260804,54.91,55.19,53.8,53.9,41362
FORCEMOT,20260804,18489.0,18489.0,18112.0,18378.0,75092
FORTIS,20260804,940.05,942.0,924.05,932.8,1509985
FOSECOIND,20260804,5349.5,5544.5,5203.5,5263.0,16972
FRACTAL,20260804,803.2,805.9,788.3,797.8,188567
FRONTSP,20260804,1380.9,1391.5,1366.4,1373.4,9121
FSL,20260804,324.35,333.75,318.65,330.7,3491149
FUSION,20260804,211.8,215.0,205.0,208.93,725198
GABRIEL,20260804,1527.0,1584.8,1501.0,1530.8,754485
GAEL,20260804,180.42,184.03,174.0,176.21,2216383
GAIL,20260804,174.25,177.22,173.16,175.0,18131149
GALAPREC,20260804,1090.0,1113.0,1081.0,1102.7,19808
GALAXYSURF,20260804,1988.0,2019.1,1940.0,1980.6,10455
GALLANTT,20260804,630.0,641.8,617.5,629.2,171014
GANDHAR,20260804,233.48,239.5,230.0,236.1,2789863
GANDHITUBE,20260804,888.0,914.4,880.95,900.3,24369
GANECOS,20260804,1195.0,1207.6,1110.1,1126.8,336899
GANESHBE,20260804,115.75,119.32,115.0,119.32,153552
GANESHCP,20260804,177.82,180.0,174.0,175.62,64425
GANESHHOU,20260804,788.0,791.0,773.0,778.5,14655
GANGAFORGE,20260804,1.79,1.87,1.78,1.86,12736301
GANGESSECU,20260804,120.0,121.5,116.2,119.3,1734
GARFIBRES,20260804,761.0,778.5,757.05,774.6,56006
GARUDA,20260804,172.22,180.0,172.0,173.39,510846
GATECH,20260804,0.76,0.77,0.68,0.68,18451265
GATECHDVR,20260804,0.54,0.54,0.51,0.51,428080
GATEWAY,20260804,58.14,60.06,58.14,59.7,2092961
GAUDIUMIVF,20260804,132.06,132.06,132.06,132.06,80387
GAYAHWS,20260804,2.09,2.09,1.93,1.99,175761
GAYAPROJ,20260804,20.23,20.23,19.0,19.66,328444
GCSL,20260804,508.7,519.5,490.0,508.15,643337
GEECEE,20260804,360.5,367.0,355.0,362.0,1640
GEEKAYWIRE,20260804,23.49,24.5,22.55,23.08,178027
GEMAROMA,20260804,198.78,198.78,186.0,187.71,78679
GENCON,20260804,39.62,40.15,39.11,39.33,233935
GENESYS,20260804,313.0,320.15,297.4,316.65,1811595
GENSOL,20260804,18.47,19.0,17.55,18.25,317424
GENUSPAPER,20260804,12.5,12.85,12.34,12.5,93774
GENUSPOWER,20260804,317.9,319.5,315.05,316.05,747802
GEOJITFSL,20260804,77.4,79.8,76.76,78.17,254561
GESHIP,20260804,1590.3,1598.9,1428.0,1434.9,8556675
GFLLIMITED,20260804,48.89,48.89,47.0,48.37,53552
GHCL,20260804,448.65,448.65,441.2,445.1,91777
GHCLTEXTIL,20260804,115.59,117.35,113.9,114.24,990699
GICHSGFIN,20260804,148.31,150.89,148.02,148.66,27972
GICL,20260804,18.07,18.29,18.0,18.26,82626
GICRE,20260804,360.0,362.0,358.5,359.7,671392
GILLANDERS,20260804,87.8,90.58,87.1,88.35,3638
GILLETTE,20260804,7760.0,7760.0,7630.0,7662.0,11732
GILT10BETA,20260804,26.84,26.84,26.31,26.35,1070
GILT5BETA,20260804,66.0,66.99,65.71,65.71,1316
GILT5YBEES,20260804,66.2,66.35,66.01,66.13,241382
GINNIFILA,20260804,46.85,46.85,45.01,46.03,13729
GIPCL,20260804,162.15,163.8,161.05,162.23,217539
GKENERGY,20260804,131.79,131.81,129.69,130.08,212816
GKSL,20260804,128.0,131.0,126.76,130.55,290909
GKWLIMITED,20260804,1701.0,1701.0,1626.0,1649.9,327
GLAND,20260804,2579.2,2634.3,2561.1,2583.1,765513
GLAXO,20260804,2680.2,2684.0,2601.3,2647.0,99739
GLENMARK,20260804,2238.0,2244.0,2200.0,2225.0,444946
GLFL,20260804,5.85,6.1,5.56,5.86,4284
GLOBAL,20260804,101.0,104.0,101.0,102.83,24722
GLOBALE,20260804,10.69,10.98,10.6,10.85,2496
GLOBALVECT,20260804,163.5,167.99,160.15,163.24,14618
GLOBE,20260804,2.13,2.15,2.04,2.07,288912
GLOBECIVIL,20260804,39.93,40.9,39.5,40.64,20211
GLOBUSSPR,20260804,904.1,910.0,888.0,890.95,41160
GLOSTERLTD,20260804,670.05,677.0,668.5,672.3,2277
GLOTTIS,20260804,66.22,67.98,66.22,67.01,27612
GMBREW,20260804,895.05,905.0,895.05,900.75,16288
GMDCLTD,20260804,561.25,575.0,554.0,556.0,1507304
GMMPFAUDLR,20260804,857.0,857.45,841.0,847.7,52303
GMRAIRPORT,20260804,105.55,106.89,105.03,106.56,6839743
GMRP&UI,20260804,97.28,98.0,96.9,97.21,421944
GNA,20260804,538.4,563.45,505.0,515.8,999691
GNFC,20260804,518.05,526.0,516.15,519.75,419043
GNRL,20260804,93.6,95.78,93.4,95.09,44813
GOACARBON,20260804,385.0,389.0,379.0,383.9,9651
GOCLCORP,20260804,417.45,419.5,408.0,411.65,43149
GOCOLORS,20260804,325.0,325.5,318.2,320.05,172882
GODAVARIB,20260804,260.1,263.35,260.1,261.75,52896
GODFRYPHLP,20260804,2250.1,2410.0,2250.1,2336.9,2227258
GODIGIT,20260804,264.0,264.45,259.05,263.3,264738
GODREJAGRO,20260804,562.1,568.0,561.2,563.25,61517
GODREJCP,20260804,1080.0,1080.1,1057.6,1058.2,644342
GODREJIND,20260804,1337.5,1344.5,1302.2,1308.8,56912
GODREJPROP,20260804,2088.0,2088.0,1990.0,2033.6,1202012
GOKEX,20260804,800.5,801.45,776.1,796.75,587691
GOKUL,20260804,39.02,39.89,39.0,39.26,145431
GOKULAGRO,20260804,231.5,242.16,229.47,231.12,878991
GOLD1,20260804,118.3,118.98,117.63,118.28,690480
GOLD360,20260804,138.5,139.25,138.0,138.3,11311
GOLDADD,20260804,137.47,138.15,137.33,137.65,1892026
GOLDAXIS,20260804,119.41,119.41,117.83,118.14,748389
GOLDBEES,20260804,117.26,117.48,116.54,117.15,11644048
GOLDBETA,20260804,119.15,119.6,118.75,119.3,427678
GOLDBND,20260804,141.95,143.61,140.81,141.87,4880
GOLDCASE,20260804,22.46,22.46,21.86,22.29,7340388
GOLDENTOBC,20260804,25.99,25.99,24.0,24.88,2867
GOLDETF,20260804,137.91,138.2,137.58,137.76,570557
GOLDIAM,20260804,363.05,368.0,355.65,361.1,509486
GOLDIETF,20260804,121.99,121.99,121.22,121.34,3336194
GOLDTECH,20260804,54.94,56.49,53.0,54.51,27091
GOODLUCK,20260804,1507.2,1517.9,1498.0,1502.3,42163
GOODYEAR,20260804,865.0,876.0,860.0,871.35,78651
GOPAL,20260804,279.0,279.0,275.85,277.2,140381
GOYALALUM,20260804,6.64,6.64,6.4,6.46,81439
GPIL,20260804,243.96,247.5,242.56,244.71,562383
GPPL,20260804,152.0,152.95,151.6,151.8,795946
GPTHEALTH,20260804,170.0,172.35,161.0,162.16,709567
GPTINFRA,20260804,114.99,114.99,110.0,112.83,384166
GRADIENTE,20260804,2.77,2.84,2.66,2.7,246520
GRANDOAK,20260804,38.4,38.41,37.11,38.41,11351
GRANULES,20260804,839.7,841.1,822.0,825.7,827852
GRAPHITE,20260804,662.0,718.0,657.1,710.05,7526768
GRASIM,20260804,3219.0,3219.1,3115.0,3138.0,770936
GRAUWEIL,20260804,79.0,79.0,71.0,71.75,1283857
GRAVISSHO,20260804,30.99,30.99,29.4,29.4,686
GRAVITA,20260804,1674.8,1684.0,1630.2,1658.6,214880
GREAVESCOT,20260804,233.0,236.9,197.5,200.0,13042294
GREENLAM,20260804,252.95,253.3,245.3,247.7,45506
GREENPANEL,20260804,195.94,201.0,195.94,199.83,105552
GREENPLY,20260804,285.25,292.4,285.25,287.65,98941
GREENPOWER,20260804,10.07,10.12,9.98,10.0,1223999
GRINDWELL,20260804,2077.0,2146.9,2065.8,2094.5,20860
GRINFRA,20260804,903.4,921.9,895.0,905.8,18389
GRMOVER,20260804,95.9,95.9,91.5,91.78,1053722
GROBTEA,20260804,905.3,905.3,902.35,903.2,3
GROWW,20260804,193.0,196.99,191.01,191.33,28769660
GROWWCAPM,20260804,11.31,11.31,11.03,11.14,335632
GROWWCHEM,20260804,30.84,30.84,29.75,30.02,93300
GROWWDEFNC,20260804,94.98,94.98,92.03,93.77,181092
GROWWEV,20260804,33.48,33.48,33.04,33.11,499835
GROWWGOLD,20260804,13.85,13.92,13.81,13.85,561520
GROWWHOSPI,20260804,54.53,54.53,53.61,53.81,272891
GROWWLIQID,20260804,110.2,110.2,110.19,110.19,157615
GROWWLOVOL,20260804,10.7,10.94,10.6,10.66,10308
GROWWMC150,20260804,232.82,236.15,229.0,234.05,780
GROWWMETAL,20260804,12.3,12.43,12.21,12.34,488129
GROWWMOM50,20260804,11.5,11.5,10.7,10.78,388090
GROWWN200,20260804,11.84,11.84,11.5,11.53,77572
GROWWNET,20260804,10.31,10.4,10.11,10.2,406799
GROWWNIFTY,20260804,10.13,10.13,9.69,9.9,704864
GROWWNXT50,20260804,74.41,76.67,74.35,75.71,28384
GROWWPOWER,20260804,11.63,11.72,11.55,11.65,1564621
GROWWPSE,20260804,100.44,100.44,99.74,99.82,2691
GROWWPSUBK,20260804,85.68,85.68,84.56,84.94,1010
GROWWRAIL,20260804,29.78,29.97,29.39,29.53,751870
GROWWRLTY,20260804,10.29,10.29,9.97,10.0,204446
GROWWSC250,20260804,10.77,10.77,10.51,10.54,161081
GROWWSLVR,20260804,21.25,21.32,21.21,21.23,1209934
GRPLTD,20260804,1971.5,2057.9,1971.5,1988.3,827
GRSE,20260804,2582.0,2589.7,2544.0,2546.9,465645
GRWRHITECH,20260804,7205.0,7366.5,7190.0,7326.0,72786
GSEC10IETF,20260804,265.44,265.44,264.5,264.5,4626
GSEC10YEAR,20260804,30.34,30.55,30.24,30.25,888
GSEC5IETF,20260804,66.67,66.67,65.96,66.5,869
GSFC,20260804,160.99,161.7,159.5,160.68,324505
GSLSU,20260804,28.43,28.48,27.51,28.04,43105
GSPCROP,20260804,585.0,603.0,580.25,592.3,288114
GSS,20260804,14.02,14.88,13.38,14.24,291049
GTECJAINX,20260804,27.15,29.45,26.65,29.14,15491
GTL,20260804,7.58,7.58,7.3,7.39,111060
GTLINFRA,20260804,1.32,1.33,1.28,1.28,44825603
GTPL,20260804,60.78,60.89,59.8,60.52,18079
GUFICBIO,20260804,393.4,401.45,390.05,397.05,58483
GUJALKALI,20260804,694.1,696.05,678.7,683.5,87584
GUJAPOLLO,20260804,363.75,372.0,356.55,366.45,5199
GUJENERGY,20260804,277.75,280.55,276.35,278.85,427627
GUJRAFFIA,20260804,39.02,39.99,38.01,38.99,3411
GUJTHEM,20260804,351.05,356.0,351.05,353.7,62254
GULFOILLUB,20260804,1141.7,1211.9,1135.8,1160.3,887256
GULFPETRO,20260804,55.07,55.07,50.2,54.73,911500
GULPOLY,20260804,197.6,203.7,197.6,199.9,187176
GVKPIL,20260804,2.39,2.43,2.35,2.42,597911
GVPIL,20260804,769.0,785.0,740.1,758.65,245338
GVPTECH,20260804,7.1,7.2,6.97,6.98,51357
GVT&D,20260804,4370.0,4420.0,4325.0,4333.2,758352
GYFTR,20260804,165.91,165.91,157.0,159.46,32430
HAL,20260804,4680.0,4718.0,4626.0,4635.0,686746
HALDER,20260804,255.18,258.0,250.59,254.51,26896
HALDYNGL,20260804,132.57,132.57,132.57,132.57,48964
HALEOSLABS,20260804,1619.5,1619.5,1522.1,1539.6,159
HAPPSTMNDS,20260804,384.95,391.0,379.8,388.1,756158
HAPPYFORGE,20260804,1676.6,1727.0,1620.7,1703.4,341972
HARDWYN,20260804,11.4,11.4,11.22,11.24,982526
HARIOMPIPE,20260804,400.0,408.0,398.5,404.95,147501
HARRMALAYA,20260804,217.8,223.0,214.41,216.84,24360
HARSHA,20260804,410.0,413.75,405.9,408.1,73924
HATHWAY,20260804,11.04,11.06,10.89,10.92,980748
HATSUN,20260804,885.15,908.0,881.5,891.4,34345
HAVELLS,20260804,1286.0,1301.5,1277.3,1295.0,1437161
HAVISHA,20260804,1.37,1.39,1.31,1.36,65988
HAWKINCOOK,20260804,8500.0,8601.0,8450.5,8566.0,539
HBESD,20260804,75.0,75.0,74.25,74.25,198
HBLENGINE,20260804,727.0,736.6,721.1,729.2,984184
HBSL,20260804,51.9,55.5,51.9,55.34,20502
HCC,20260804,21.9,22.3,21.8,21.84,15549478
HCG,20260804,668.9,679.1,664.05,672.25,134025
HCL-INSYS,20260804,11.8,11.8,11.57,11.64,140813
HCLTECH,20260804,1375.7,1375.9,1347.4,1369.9,3013543
HDBFS,20260804,684.85,687.05,675.0,678.55,390961
HDFCAMC,20260804,2589.0,2589.0,2533.0,2556.0,1035685
HDFCBANK,20260804,753.2,753.2,738.0,742.0,31559802
HDFCBSE500,20260804,37.86,38.44,37.83,38.09,286554
HDFCGOLD,20260804,121.6,121.7,120.83,121.12,1407452
HDFCGROWTH,20260804,123.35,124.58,121.85,122.52,29014
HDFCLIFE,20260804,551.8,551.8,530.5,535.95,9286204
HDFCLIQUID,20260804,1072.2,1072.22,1072.2,1072.2,27579
HDFCLOWVOL,20260804,21.29,21.33,21.14,21.15,12321
HDFCMID150,20260804,23.07,23.78,23.07,23.64,562230
HDFCMOMENT,20260804,30.96,31.38,30.96,31.07,316856
HDFCNEXT50,20260804,75.69,76.25,74.2,75.15,1194233
HDFCNIF100,20260804,26.45,26.69,26.4,26.44,21506
HDFCNIFBAN,20260804,59.0,60.47,59.0,59.24,81914
HDFCNIFIT,20260804,33.63,33.84,33.37,33.47,323030
HDFCNIFTY,20260804,277.99,277.99,270.3,272.18,77222
HDFCNIMEG,20260804,130.75,152.55,127.2,142.82,124313
HDFCPSUBK,20260804,85.28,86.18,83.8,84.77,100177
HDFCPVTBAN,20260804,28.69,28.69,28.11,28.28,147039
HDFCQUAL,20260804,59.29,59.9,59.29,59.44,43138
HDFCSENSEX,20260804,89.89,89.89,88.41,89.11,40540
HDFCSILVER,20260804,206.54,208.08,206.54,207.22,994367
HDFCSML250,20260804,183.39,184.15,181.64,183.29,1333399
HDFCVALUE,20260804,128.53,128.63,127.73,127.9,1069
HDIL,20260804,1.68,1.69,1.61,1.65,106042
HEADSUP,20260804,7.2,7.2,6.76,7.17,30467
HEALTHADD,20260804,16.86,16.95,16.77,16.84,32099
HEALTHAXIS,20260804,169.0,173.72,169.0,170.08,4574
HEALTHCARE,20260804,21.63,21.72,21.55,21.62,42236
HEALTHIETF,20260804,172.56,173.0,170.85,171.54,65261
HEALTHX,20260804,316.0,324.5,315.0,316.7,8727
HEALTHY,20260804,17.03,17.39,17.03,17.2,286217
HECPROJECT,20260804,135.95,139.31,133.2,136.89,4990
HEG,20260804,665.5,683.9,663.0,678.95,1832144
HEIDELBERG,20260804,156.65,156.89,155.0,156.13,51886
HEMIPROP,20260804,140.89,141.65,138.1,138.88,420075
HERANBA,20260804,182.74,183.98,180.0,181.3,14763
HERITGFOOD,20260804,335.1,337.75,334.8,335.55,137486
HEROMOTOCO,20260804,5460.0,5606.0,5425.0,5548.0,1013842
HESTERBIO,20260804,2430.2,2495.0,2407.2,2481.9,5848
HEXAGON,20260804,66.79,68.0,65.56,66.81,472479
HEXATRADEX,20260804,155.16,166.0,155.16,162.09,7839
HEXT,20260804,561.0,568.1,552.15,554.95,321435
HFCL,20260804,202.4,207.0,200.22,202.78,19636718
HGINFRA,20260804,549.0,549.9,543.75,547.5,28693
HGM,20260804,49.4,50.49,47.52,49.62,11997
HGS,20260804,432.0,435.0,420.2,421.45,30514
HIKAL,20260804,230.88,233.39,227.01,228.54,250091
HILINFRA,20260804,47.3,48.09,44.61,45.73,112937
HILTON,20260804,20.95,21.4,20.8,21.05,90690
HIMATSEIDE,20260804,80.76,81.64,79.87,81.05,374899
HINDALCO,20260804,995.0,1020.0,993.1,1020.0,7690755
HINDCOMPOS,20260804,417.5,430.0,417.5,425.8,2150
HINDCON,20260804,23.15,23.61,22.46,22.78,5356
HINDCOPPER,20260804,495.05,504.3,490.05,492.35,4448305
HINDOILEXP,20260804,160.67,162.5,158.4,161.49,269806
HINDPETRO,20260804,395.0,395.05,390.55,391.5,4974075
HINDUNILVR,20260804,2119.1,2119.1,2070.2,2096.5,1657094
HINDWAREAP,20260804,222.48,223.86,218.2,219.54,33930
HINDZINC,20260804,550.0,564.0,546.55,562.9,5784368
HIRECT,20260804,1345.0,1388.7,1310.1,1320.4,145123
HISARMETAL,20260804,148.5,151.0,146.0,148.75,3054
HITECH,20260804,85.49,87.0,85.4,85.95,427799
HITECHCORP,20260804,322.9,323.0,320.1,321.85,6828
HITECHGEAR,20260804,577.95,579.9,562.05,565.25,1782
HLEGLAS,20260804,420.25,425.9,413.45,422.95,247856
HLVLTD,20260804,7.15,7.25,7.0,7.09,168607
HMAAGRO,20260804,20.9,21.57,20.45,20.8,1280779
HMT,20260804,60.95,61.7,60.0,60.04,6895
HMVL,20260804,95.75,108.16,93.1,104.45,1046645
HNDFDS,20260804,595.0,595.0,575.15,586.85,98375
HNGSNGBEES,20260804,494.5,498.46,483.18,489.22,142857
HOMEFIRST,20260804,1166.0,1177.8,1156.0,1169.7,102458
HONASA,20260804,459.95,469.5,453.75,459.4,1085673
HONAUT,20260804,38720.0,38720.0,38055.0,38190.0,3050
HONDAPOWER,20260804,2122.9,2122.9,2095.4,2104.3,1646
HPAL,20260804,34.48,34.48,33.2,34.07,61202
HPIL,20260804,127.7,127.7,117.0,125.05,6823
HPL,20260804,336.0,338.9,333.8,335.65,48543
HSBCGOLD,20260804,123.4,124.04,123.38,123.72,551
HSCL,20260804,752.0,760.0,740.95,751.65,2503579
HTMEDIA,20260804,24.87,27.5,24.87,26.5,319976
HUBTOWN,20260804,186.0,193.75,185.0,188.64,553678
HUDCO,20260804,198.5,205.15,196.65,203.41,2681603
HUHTAMAKI,20260804,299.65,299.7,283.35,288.3,276612
HYBRIDETF,20260804,10.26,10.26,10.08,10.09,32764
HYBRIDFIN,20260804,18.9,18.9,17.8,18.11,3395
HYUNDAI,20260804,2208.0,2241.0,2198.5,2220.0,760246
IBULLSLTD,20260804,27.2,28.0,27.09,27.67,3945167
ICDSLTD,20260804,39.6,43.61,39.6,43.61,2845
ICEMAKE,20260804,836.0,836.0,819.45,820.85,12382
ICICIAMC,20260804,3090.0,3111.0,3056.3,3063.8,323730
ICICIB22,20260804,118.93,118.93,116.6,117.12,755902
ICICIBANK,20260804,1452.0,1454.6,1430.8,1454.6,11458963
ICICIGI,20260804,1675.0,1675.0,1632.2,1644.8,427517
ICICIPRULI,20260804,521.8,521.8,502.2,513.55,5351839
ICIL,20260804,410.1,421.8,407.0,419.75,389287
ICRA,20260804,5125.0,5181.9,5061.0,5149.0,40059
IDBI,20260804,85.0,85.0,83.91,84.55,2999829
IDEA,20260804,12.89,13.05,12.73,12.9,308781891
IDEAFORGE,20260804,896.7,896.7,870.0,882.3,89989
IDFCFIRSTB,20260804,85.87,86.13,84.45,86.0,12931033
IDFNIFTYET,20260804,271.51,272.45,269.83,271.13,562
IEX,20260804,128.0,129.49,126.8,129.2,4937910
IFBAGRO,20260804,965.0,998.0,965.0,973.6,4651
IFBIND,20260804,1350.0,1375.0,1349.1,1369.4,47874
IFCI,20260804,76.99,77.55,75.6,75.9,10223172
IFGLEXPOR,20260804,207.35,220.0,206.51,217.08,91142
IGARASHI,20260804,470.0,476.0,457.8,460.75,53765
IGCL,20260804,76.03,76.18,75.0,75.28,45784
IGIL,20260804,369.0,369.85,350.1,362.1,1052707
IGL,20260804,156.1,156.73,153.6,153.93,881087
IGPL,20260804,500.45,512.05,495.1,503.9,79372
IIFL,20260804,619.0,619.0,605.0,607.65,2042867
IIFLCAPS,20260804,334.5,338.7,334.5,334.9,201230
IITL,20260804,164.0,164.0,138.75,141.19,368898
IKIO,20260804,200.6,203.38,197.35,199.95,104785
IKS,20260804,1850.0,1884.4,1839.1,1845.9,143965
IL&FSENGG,20260804,35.1,35.97,34.0,35.16,4587
IL&FSTRANS,20260804,2.19,2.19,2.1,2.13,53200
IMAGICAA,20260804,49.38,50.09,48.1,48.7,546642
IMFA,20260804,1499.0,1532.0,1460.0,1467.3,1157333
IMPAL,20260804,1100.2,1132.9,1086.4,1116.1,3551
IMPEXFERRO,20260804,2.75,2.75,2.75,2.75,7463
INA,20260804,113.9,117.5,111.6,115.92,1115093
INCREDIBLE,20260804,33.99,33.99,32.35,32.4,1169
INDBANK,20260804,32.89,32.89,32.11,32.25,20833
INDGN,20260804,547.2,567.8,542.55,553.75,1047239
INDHOTEL,20260804,750.95,750.95,739.2,750.0,1481783
INDIACEM,20260804,388.0,396.85,387.4,391.4,201453
INDIAGLYCO,20260804,1141.9,1186.0,1138.4,1164.1,191408
INDIAMART,20260804,1805.0,1815.0,1771.0,1774.8,97037
INDIANB,20260804,845.8,852.75,837.3,845.0,885832
INDIANCARD,20260804,224.25,229.0,222.25,224.99,1532
INDIANHUME,20260804,414.5,415.7,393.4,396.8,105052
INDIASHLTR,20260804,724.5,737.0,720.0,732.45,125622
INDIGO,20260804,5400.0,5429.0,5297.5,5358.0,618644
INDIGOPNTS,20260804,1087.4,1099.0,1079.0,1089.2,26084
INDIQUBE,20260804,171.97,174.9,170.71,171.93,5817
INDNIPPON,20260804,1165.0,1190.0,1159.2,1183.0,21535
INDOAMIN,20260804,126.24,127.8,125.0,126.23,36074
INDOBORAX,20260804,416.0,416.0,403.2,404.6,130521
INDOCO,20260804,221.85,228.56,221.0,223.58,214800
INDOFARM,20260804,161.6,162.0,157.0,157.65,109668
INDOMIM,20260804,773.0,779.7,750.5,769.4,3399506
INDORAMA,20260804,63.11,66.45,61.7,64.46,1285167
INDOSTAR,20260804,245.25,246.95,235.9,238.3,210912
INDOTECH,20260804,3491.0,3573.0,3451.9,3556.0,14535
INDOTHAI,20260804,136.6,136.6,136.6,136.6,171475
INDOUS,20260804,84.46,84.46,82.05,82.79,44722
INDOWIND,20260804,9.18,9.27,9.04,9.17,90657
INDPRUD,20260804,6647.0,6647.0,6552.0,6567.0,35
INDRAMEDCO,20260804,372.6,374.0,366.8,370.45,253508
INDSWFTLAB,20260804,227.7,237.7,227.7,230.21,339157
INDTERRAIN,20260804,36.41,38.3,31.6,31.89,793593
INDUSINDBK,20260804,1028.9,1028.9,1014.6,1026.0,720413
INDUSTOWER,20260804,396.0,396.5,387.15,390.0,3918825
INFOBEAN,20260804,171.6,174.0,169.5,172.73,317703
INFOMEDIA,20260804,5.49,5.58,5.21,5.38,13272
INFRA,20260804,12.28,12.33,12.2,12.2,49937
INFRABEES,20260804,976.94,979.73,959.9,968.52,6605
INFRAIETF,20260804,95.57,97.88,95.57,97.01,222179
INFY,20260804,1168.0,1175.7,1153.3,1167.5,9243589
INGERRAND,20260804,4325.0,4449.6,4305.6,4401.4,6249
INNOVACAP,20260804,955.8,963.95,938.95,941.95,24677
INNOVANA,20260804,335.8,335.8,320.6,323.75,3054
INNOVISION,20260804,285.0,287.7,285.0,286.75,9196
INOXGREEN,20260804,174.32,179.78,170.0,178.29,405287
INOXINDIA,20260804,1850.0,1949.0,1824.0,1901.4,418512
INOXWIND,20260804,79.0,80.68,78.75,79.21,8427344
INSECTICID,20260804,663.95,669.9,646.0,658.35,14184
INSPIRISYS,20260804,98.0,98.0,96.11,97.0,1932
INTELLECT,20260804,759.0,760.35,741.3,748.7,381735
INTENTECH,20260804,83.07,86.39,79.71,81.64,59394
INTERARCH,20260804,1846.2,1870.8,1822.0,1843.1,26351
INTERNET,20260804,13.95,13.99,13.83,13.87,189848
INTLCONV,20260804,73.83,75.89,73.83,74.93,20919
INVENTURE,20260804,0.92,0.93,0.91,0.91,842138
INVPRECQ,20260804,1138.0,1149.0,1090.0,1135.2,8677
IOB,20260804,34.11,34.49,34.05,34.29,1709183
IOC,20260804,143.47,143.82,141.6,141.6,7539898
IOLCP,20260804,152.39,155.4,150.7,153.74,1607367
IONEXCHANG,20260804,433.0,433.0,422.3,424.6,323002
IPCALAB,20260804,1725.3,1730.7,1683.7,1694.7,222711
IPL,20260804,148.4,150.08,145.1,145.69,241438
IRB,20260804,20.24,20.24,20.08,20.13,4606262
IRCON,20260804,131.88,132.97,129.82,131.93,1955675
IRCTC,20260804,512.95,512.95,506.35,510.25,927912
IREDA,20260804,121.29,121.6,118.19,120.35,16002448
IRFC,20260804,90.39,90.49,89.55,89.6,6727736
IRIS,20260804,258.0,264.0,252.98,258.17,34077
IRISDOREME,20260804,53.44,54.0,52.8,53.25,318592
IRMENERGY,20260804,269.0,277.0,265.05,272.6,183306
ISFT,20260804,83.0,85.0,78.26,79.52,18972
ISGEC,20260804,837.7,840.0,830.0,832.35,39781
ISHANCH,20260804,51.21,53.55,50.66,51.75,23092
IT,20260804,34.56,35.55,34.24,34.71,494597
ITADD,20260804,33.06,33.42,33.06,33.21,44324
ITAXIS,20260804,344.84,349.99,344.8,346.56,3360
ITBEES,20260804,35.85,36.98,34.5,34.7,10508288
ITBETA,20260804,325.17,332.17,325.17,330.06,3552
ITC,20260804,286.05,289.0,284.7,289.0,12689243
ITCHOTELS,20260804,165.5,166.0,163.1,165.45,1697228
ITDC,20260804,712.05,714.65,701.0,705.05,113261
ITETF,20260804,33.73,33.73,33.12,33.19,548492
ITI,20260804,282.15,286.7,280.15,282.6,166453
ITIETF,20260804,34.9,35.5,34.0,34.46,651547
IVALUE,20260804,273.9,277.7,273.0,276.4,225743
IVC,20260804,8.51,8.55,8.45,8.48,169823
IVP,20260804,164.8,164.8,155.25,157.18,12114
IVZINGOLD,20260804,126.3,126.3,122.8,123.25,6530
IVZINNIFTY,20260804,287.99,287.99,280.0,280.01,1398
IWP,20260804,33.13,33.96,33.13,33.85,1554
IXIGO,20260804,200.0,200.0,195.27,196.15,201274
IZMO,20260804,986.4,1009.0,968.2,996.45,97940
J&KBANK,20260804,156.12,158.55,155.19,157.81,4665962
JAGRAN,20260804,63.35,63.4,62.72,63.02,243398
JAGSNPHARM,20260804,235.25,239.55,230.21,236.5,111099
JAIBALAJI,20260804,61.9,63.61,61.0,63.34,753733
JAICORPLTD,20260804,103.83,104.25,102.92,103.28,148420
JAINREC,20260804,318.0,332.35,312.55,323.45,8542314
JAIPURKURT,20260804,27.9,27.9,26.51,26.61,66307
JAMNAAUTO,20260804,142.0,143.5,140.12,142.27,3866384
JARO,20260804,472.55,473.2,455.25,457.35,101001
JASH,20260804,498.1,500.0,492.0,495.0,72438
JAYAGROGN,20260804,231.9,232.8,221.0,222.64,20655
JAYBARMARU,20260804,161.5,165.0,160.0,162.48,512261
JAYKAY,20260804,164.0,166.0,160.05,161.27,83529
JAYNECOIND,20260804,88.88,89.57,87.25,87.86,2524487
JAYSREETEA,20260804,82.99,89.08,82.15,88.16,140908
JBMA,20260804,664.0,664.0,657.15,659.7,126575
JETFREIGHT,20260804,22.94,23.11,21.26,21.95,321532
JGCHEM,20260804,509.0,516.7,497.0,505.75,194390
JHS,20260804,7.61,7.79,7.51,7.67,34198
JINDALPHOT,20260804,1069.3,1077.3,1060.2,1066.5,1059
JINDALPOLY,20260804,628.0,631.9,619.0,624.8,14873
JINDALSAW,20260804,261.0,266.5,259.45,264.4,1578595
JINDALSTEL,20260804,1106.1,1124.0,1101.4,1124.0,822310
JINDRILL,20260804,614.2,617.1,608.05,614.3,97057
JINDWORLD,20260804,40.61,41.1,38.85,39.88,21204810
JIOFIN,20260804,264.0,266.6,261.9,265.0,24776731
JISLDVREQS,20260804,22.97,23.7,22.5,22.52,27612
JISLJALEQS,20260804,31.29,32.3,30.83,30.92,2342606
JITFINFRA,20260804,341.05,355.55,333.0,338.95,26521
JKCEMENT,20260804,5598.0,5598.0,5480.0,5492.5,29085
JKIL,20260804,487.0,494.1,485.6,493.15,37955
JKIPL,20260804,96.5,101.67,95.11,97.89,14732
JKLAKSHMI,20260804,573.85,573.95,565.45,570.55,68462
JKPAPER,20260804,388.0,390.0,380.4,382.75,302889
JKTYRE,20260804,413.45,413.45,404.4,410.4,966612
JLHL,20260804,322.75,323.0,311.5,321.55,230250
JMA,20260804,89.0,90.5,88.45,89.33,5382
JMFINANCIL,20260804,122.3,127.48,121.78,123.58,12541393
JNKINDIA,20260804,407.0,435.0,405.1,429.3,437487
JOCIL,20260804,156.0,156.0,146.0,146.23,14980
JPOLYINVST,20260804,1035.1,1072.0,1031.2,1061.8,4077
JPPOWER,20260804,18.73,19.19,18.64,18.84,93040370
JSFB,20260804,589.0,590.4,570.0,573.9,454156
JSL,20260804,736.05,741.0,726.35,735.65,785405
JSLL,20260804,579.5,585.0,569.9,574.2,285505
JSWCEMENT,20260804,133.99,134.29,131.5,131.91,916515
JSWDULUX,20260804,3005.5,3078.0,2952.0,2992.6,19335
JSWENERGY,20260804,569.0,571.0,565.05,568.0,1555497
JSWHL,20260804,12055.0,12435.0,11960.0,12175.0,6581
JSWINFRA,20260804,330.0,336.6,326.35,329.25,3135043
JSWSTEEL,20260804,1280.5,1300.0,1275.9,1300.0,1475041
JTEKTINDIA,20260804,142.43,143.2,139.7,140.77,154780
JTLIND,20260804,76.07,79.45,75.6,78.86,3173275
JUBLCPL,20260804,1839.8,1904.3,1816.1,1882.4,4324
JUBLFOOD,20260804,470.0,472.95,461.6,465.0,2099849
JUBLINGREA,20260804,760.0,765.9,747.45,751.35,167638
JUBLPHARMA,20260804,939.8,940.0,925.0,932.75,50913
JUNIORBEES,20260804,805.6,810.6,801.25,802.0,308254
JUNIPER,20260804,198.5,198.5,195.0,195.97,35206
JUSTDIAL,20260804,711.0,718.9,701.0,703.75,297332
JWL,20260804,266.0,266.25,258.95,259.85,1298200
JYOTHYLAB,20260804,206.06,206.06,200.8,201.91,506004
JYOTICNC,20260804,861.0,874.75,845.4,847.9,647132
JYOTISTRUC,20260804,11.7,11.75,11.41,11.57,4785106
KABRAEXTRU,20260804,419.05,424.0,410.0,412.45,118797
KAJARIACER,20260804,1224.4,1238.4,1189.5,1197.8,318749
KAKATCEM,20260804,120.0,121.5,114.5,117.65,2862
KALAMANDIR,20260804,90.03,90.95,88.01,88.26,509017
KALPATARU,20260804,293.0,295.0,283.15,285.15,170060
KALYANIFRG,20260804,602.55,619.9,590.0,609.65,1644
KALYANKJIL,20260804,610.0,610.8,586.55,591.4,28511014
KAMAHOLD,20260804,2532.9,2544.0,2500.0,2522.6,2372
KAMATHOTEL,20260804,170.3,174.0,170.3,172.8,27688
KAMDHENU,20260804,34.0,34.8,33.8,34.55,385016
KAMOPAINTS,20260804,4.63,4.65,4.53,4.56,209657
KANANIIND,20260804,1.49,1.54,1.49,1.51,103594
KANCHI,20260804,366.0,372.2,357.0,357.6,589
KANORICHEM,20260804,139.0,148.13,139.0,142.43,20789
KANPRPLA,20260804,211.01,219.65,208.99,211.35,13844
KANSAINER,20260804,208.55,212.41,198.0,198.92,1052958
KAPSTON,20260804,539.9,539.9,512.0,533.75,126892
KARMAENG,20260804,38.78,39.38,37.57,38.13,3272
KARURVYSYA,20260804,349.5,349.7,340.8,341.45,1754151
KAUSHALYA,20260804,918.95,918.95,898.2,915.0,173
KAVDEFENCE,20260804,57.87,58.9,57.0,57.18,66437
KAYA,20260804,270.9,274.7,260.5,262.5,23538
KAYNES,20260804,3805.0,3880.0,3795.0,3875.0,916015
KCP,20260804,152.0,156.6,151.28,153.32,190035
KCPSUGIND,20260804,32.75,33.7,30.99,31.37,672199
KDDL,20260804,3526.0,3750.8,3480.5,3652.8,158177
KEC,20260804,485.0,487.8,473.0,474.1,1374074
KECL,20260804,133.0,139.47,130.0,136.56,187047
KEEPLEARN,20260804,1.99,1.99,1.85,1.92,21168
KEI,20260804,5201.0,5510.0,5201.0,5500.0,3728753
KELLTONTEC,20260804,14.3,14.4,14.14,14.23,1140755
KENNAMET,20260804,2968.0,3038.0,2912.0,3000.7,19806
KERNEX,20260804,2296.1,2440.0,2286.1,2419.1,245332
KESORAMIND,20260804,13.6,13.75,12.5,13.53,2227206
KEYFINSERV,20260804,253.2,266.95,248.3,261.45,4039
KFINTECH,20260804,949.0,961.25,937.05,948.95,790186
KHADIM,20260804,97.29,99.7,95.31,98.0,12961
KHAICHEM,20260804,49.75,49.99,49.05,49.39,104777
KHAITANLTD,20260804,158.0,162.0,145.0,146.18,54350
KHANDSE,20260804,17.44,17.9,16.51,17.54,220
KICL,20260804,5519.0,5537.0,5427.0,5450.5,707
KILITCH,20260804,190.0,194.99,189.0,190.32,18145
KIMS,20260804,801.35,822.9,785.1,795.9,1148795
KINGFA,20260804,5251.0,5273.0,5141.5,5174.5,3170
KIOCL,20260804,395.95,397.6,384.0,391.3,275222
KIRANVYPAR,20260804,198.8,203.9,194.2,197.73,4269
KIRIINDUS,20260804,428.45,428.45,415.5,418.75,119506
KIRLFER,20260804,470.3,475.0,463.0,464.15,38264
KIRLOSBROS,20260804,1872.1,1907.9,1838.2,1891.7,96905
KIRLOSENG,20260804,2223.0,2286.0,2223.0,2273.9,489300
KIRLOSIND,20260804,3974.0,3999.0,3910.0,3945.4,2813
KIRLPNU,20260804,1475.0,1497.5,1445.0,1449.1,141874
KISSHT,20260804,315.85,318.0,304.85,307.65,1456363
KITEX,20260804,145.76,149.0,145.0,146.48,284169
KKCL,20260804,508.1,549.0,507.95,534.55,368224
KLBRENG-B,20260804,426.95,427.95,417.0,419.65,58742
KMEW,20260804,2494.9,2550.0,2415.6,2532.2,100767
KMSUGAR,20260804,28.5,29.8,28.25,28.84,349280
KNACK,20260804,198.79,203.85,197.51,198.7,1098988
KNAGRI,20260804,209.0,210.0,207.02,207.93,2190
KNRCON,20260804,126.53,129.5,125.0,128.23,1034481
KOHINOOR,20260804,23.1,23.91,22.92,23.5,56343
KOKUYOCMLN,20260804,86.0,86.69,83.8,85.15,47892
KOLTEPATIL,20260804,388.0,399.85,380.05,398.0,81690
KOPRAN,20260804,190.27,194.0,186.0,189.06,73742
KOTAKBANK,20260804,395.5,398.25,392.1,398.0,9131231
KOTARISUG,20260804,26.0,27.0,25.5,26.34,107612
KOTHARIPET,20260804,147.99,147.99,143.47,144.29,71177
KOTHARIPRO,20260804,68.66,69.59,66.0,67.14,10671
KOTIC,20260804,158.0,159.86,156.0,157.16,4471
KOTYARK,20260804,36.63,36.63,36.63,36.63,51952
KOVAI,20260804,5885.0,5919.5,5811.5,5862.0,2299
KPEL,20260804,317.7,324.0,313.05,322.8,166203
KPIGREEN,20260804,380.0,388.6,376.4,382.2,648810
KPIL,20260804,1279.1,1296.2,1274.2,1279.7,55887
KPITTECH,20260804,624.0,629.3,617.9,625.6,2143138
KPL,20260804,2525.0,2598.0,2512.5,2587.0,11878
KPRMILL,20260804,1065.0,1078.9,1054.0,1057.3,106206
KRBL,20260804,379.3,380.05,367.4,368.6,288974
KREBSBIO,20260804,56.9,56.9,54.21,54.29,1995
KRIDHANINF,20260804,2.35,2.37,2.29,2.3,39760
KRISHANA,20260804,179.8,183.0,177.5,181.28,482147
KRISHIVAL,20260804,390.0,393.55,387.5,388.55,2709
KRISHNADEF,20260804,1220.0,1244.5,1196.5,1201.6,108173
KRITI,20260804,68.6,71.0,68.6,70.2,7791
KRITIKA,20260804,6.01,6.06,5.91,5.93,110269
KRITINUT,20260804,74.49,81.05,73.0,81.05,50779
KRN,20260804,1195.0,1230.0,1191.1,1196.6,51234
KRONOX,20260804,153.8,163.5,153.59,161.83,592131
KROSS,20260804,204.29,209.9,203.0,207.48,373928
KRSNAA,20260804,546.8,568.55,539.0,562.15,142182
KRYSTAL,20260804,607.0,608.5,600.0,600.55,8776
KSB,20260804,856.0,891.95,844.0,856.95,492209
KSCL,20260804,777.95,789.25,773.55,779.7,66986
KSHINTL,20260804,880.6,914.45,867.55,910.25,190327
KSHITIJPOL,20260804,3.0,3.0,2.95,2.96,880264
KSL,20260804,886.5,892.0,870.0,870.9,19900
KSOLVES,20260804,280.65,285.0,278.85,283.05,21605
KSR,20260804,30.9,30.9,29.0,29.03,5195
KTKBANK,20260804,290.1,297.5,286.6,296.05,3234907
KUANTUM,20260804,79.5,81.37,78.81,79.4,140649
KUSUMGAR,20260804,620.6,643.8,600.05,622.05,1809484
KWIL,20260804,33.25,33.32,32.5,32.69,4454112
LAGNAM,20260804,87.0,89.89,85.1,86.15,12591
LAHOTIOV,20260804,41.99,42.43,40.65,41.7,3640
LAKPRE,20260804,4.9,5.0,4.9,5.0,608
LAL,20260804,8.01,8.94,8.0,8.42,1781469
LALPATHLAB,20260804,1911.9,1955.1,1871.0,1889.4,500180
LAMBODHARA,20260804,113.43,114.5,111.45,113.28,2083
LANCORHOL,20260804,26.68,26.68,26.01,26.34,51644
LANDMARK,20260804,545.0,548.45,535.6,543.5,135357
LANDSMILL,20260804,0.81,0.82,0.79,0.8,2335453
LAOPALA,20260804,187.7,191.4,187.0,190.31,119245
LASA,20260804,7.2,7.2,6.84,7.11,22598
LASERPOWER,20260804,295.8,299.5,285.95,287.45,1352390
LATENTVIEW,20260804,299.1,300.3,295.8,298.05,585801
LATTEYS,20260804,19.6,20.29,19.6,19.78,19925
LAURUSLABS,20260804,1811.0,1850.0,1806.1,1850.0,1405192
LAXMICOT,20260804,14.51,14.95,14.11,14.26,10469
LAXMIDENTL,20260804,219.67,221.97,217.0,218.23,108321
LAXMIINDIA,20260804,131.0,137.5,124.5,136.02,144286
LCCINFOTEC,20260804,4.3,4.3,4.06,4.19,20668
LCL,20260804,518.0,527.45,509.05,519.2,1119100
LEMERITE,20260804,23.89,24.0,22.26,23.12,416735
LEMONTREE,20260804,114.03,114.39,112.5,113.29,2489083
LENSKART,20260804,566.15,572.85,565.6,567.5,2501779
LEXUS,20260804,14.5,15.12,14.5,14.88,5314
LFIC,20260804,141.05,143.0,137.0,142.68,3918
LGBBROSLTD,20260804,1544.9,1548.8,1504.0,1519.8,36838
LGEINDIA,20260804,1569.8,1580.0,1539.0,1542.5,147961
LGHL,20260804,206.36,206.36,200.2,201.82,17019
LIBAS,20260804,10.1,10.1,9.62,9.9,27482
LIBERTSHOE,20260804,264.75,265.0,259.45,260.9,17597
LICHSGFIN,20260804,516.95,518.6,509.35,512.0,1388121
LICI,20260804,392.0,402.4,388.8,391.3,52718651
LICMFGOLD,20260804,128.2,128.55,127.6,127.95,240966
LICNETFGSC,20260804,29.65,29.65,29.22,29.44,46708
LICNETFN50,20260804,276.27,276.77,275.09,275.44,1172
LICNETFSEN,20260804,888.5,891.33,867.17,888.0,518
LICNFNHGP,20260804,282.45,282.67,279.99,281.47,367
LICNMID100,20260804,63.8,64.65,63.35,63.6,8394
LIKHITHA,20260804,220.2,228.05,220.2,221.97,28451
LINC,20260804,101.7,104.02,100.5,101.68,14615
LINCOLN,20260804,580.0,600.45,572.0,593.3,43978
LINDEINDIA,20260804,6975.0,7319.5,6970.0,7156.5,68811
LIQGRWBEES,20260804,1050.25,1050.27,1050.25,1050.26,110234
LIQUID,20260804,999.99,1000.0,999.99,999.99,1069939
LIQUID1,20260804,1116.58,1116.6,1116.58,1116.59,804516
LIQUIDADD,20260804,1138.7,1138.73,1138.7,1138.72,247151
LIQUIDBEES,20260804,1001.0,1001.0,999.99,999.99,2882079
LIQUIDBETA,20260804,1002.78,1002.8,1002.78,1002.78,408
LIQUIDBETF,20260804,1093.11,1093.13,1093.11,1093.12,181702
LIQUIDCASE,20260804,115.3,115.32,115.3,115.31,19205542
LIQUIDETF,20260804,1000.0,1000.01,999.99,999.99,72082
LIQUIDIETF,20260804,999.99,1000.01,999.99,999.99,1055760
LIQUIDPLUS,20260804,1097.36,1097.36,1097.34,1097.34,3249928
LIQUIDSBI,20260804,1000.0,1000.0,999.99,999.99,3890
LIQUIDSHRI,20260804,1115.83,1115.85,1115.83,1115.83,1055
LLOYDSENGG,20260804,92.25,93.99,90.55,92.72,15573787
LLOYDSENT,20260804,81.44,82.94,80.3,81.15,2988870
LLOYDSME,20260804,2042.1,2070.5,2037.3,2053.0,361959
LMW,20260804,16195.0,16259.0,15987.0,16064.0,2003
LODHA,20260804,1243.0,1260.9,1229.8,1229.8,912671
LOKESHMACH,20260804,333.0,333.0,328.4,331.5,7645
LORDSCHLO,20260804,147.0,150.0,146.38,147.53,9697
LOTUSDEV,20260804,202.2,202.2,191.05,193.65,7058850
LOTUSEYE,20260804,117.61,119.1,116.0,116.56,5615
LOVABLE,20260804,74.72,74.8,72.1,73.31,5345
LOWVOL,20260804,213.46,213.91,211.65,211.92,744
LOWVOL1,20260804,21.86,21.86,21.21,21.46,262217
LOWVOLIETF,20260804,23.27,23.27,22.3,22.53,5340733
LOYALTEX,20260804,219.32,219.32,205.05,208.99,588
LPDC,20260804,6.14,6.35,6.14,6.32,20650
LT,20260804,4007.2,4042.4,3988.2,3990.0,1827982
LTF,20260804,320.05,321.95,315.65,317.9,5387646
LTFOODS,20260804,415.0,427.7,413.75,417.4,723566
LTGILTBEES,20260804,29.96,29.98,29.86,29.9,2291192
LTGILTCASE,20260804,30.59,30.59,30.43,30.49,131797
LTM,20260804,4690.0,4694.8,4550.6,4559.0,316156
LTTS,20260804,3563.8,3563.8,3465.3,3502.0,115842
LUMAXIND,20260804,5828.0,5839.0,5680.5,5704.5,16489
LUMAXTECH,20260804,1626.3,1645.7,1590.5,1634.3,142707
LUPIN,20260804,2394.0,2410.0,2377.1,2410.0,1169093
LUXIND,20260804,1266.0,1309.7,1259.0,1267.9,47511
LXCHEM,20260804,180.5,186.99,179.97,184.29,1917493
LYKALABS,20260804,63.84,67.03,63.0,66.66,20764
M&M,20260804,3401.0,3434.1,3384.6,3433.0,2450782
M&MFIN,20260804,399.65,403.95,392.8,398.6,3039050
MAANALU,20260804,126.0,132.16,126.0,127.09,120211
MACPOWER,20260804,1457.8,1540.0,1450.4,1530.3,62517
MADHAV,20260804,35.01,35.01,33.3,33.59,1172
MADHAVIPL,20260804,7.94,7.99,7.76,7.89,64792
MADHUCON,20260804,5.28,5.28,5.05,5.12,16007
MADRASFERT,20260804,67.45,67.63,66.31,66.87,43782
MAFANG,20260804,193.69,193.69,193.69,193.69,119762
MAFATIND,20260804,134.87,135.98,128.5,132.01,32953
MAGADSUGAR,20260804,540.1,578.0,531.2,548.75,418222
MAGNUM,20260804,20.45,20.45,19.35,19.94,19820
MAHABANK,20260804,79.6,79.89,78.3,78.42,7746114
MAHAPEXLTD,20260804,45.65,46.09,44.44,45.41,4166
MAHASTEEL,20260804,1048.0,1103.7,1009.0,1074.9,77900
MAHEPC,20260804,106.8,107.91,106.38,107.68,9377
MAHESHWARI,20260804,71.52,73.5,71.52,73.0,13067
MAHKTECH,20260804,23.67,23.67,23.67,23.67,698787
MAHLIFE,20260804,401.0,401.4,394.65,397.55,131736
MAHLOG,20260804,417.0,422.3,412.15,421.0,167066
MAHSCOOTER,20260804,14000.0,14125.0,13530.0,13833.0,8723
MAHSEAMLES,20260804,573.7,582.5,571.05,579.1,70989
MAITHANALL,20260804,958.0,978.8,955.45,962.75,58516
MAJESAUT,20260804,485.0,498.8,471.25,482.45,85374
MAKEINDIA,20260804,167.8,168.38,166.97,167.01,51177
MALLCOM,20260804,993.95,995.0,984.85,992.7,1705
MALUPAPER,20260804,33.27,34.5,32.8,33.45,19625
MAMATA,20260804,402.15,417.9,401.05,414.4,142140
MANAKALUCO,20260804,34.56,35.26,34.56,35.12,21715
MANAKCOAT,20260804,119.89,121.23,118.0,119.42,242862
MANAKSIA,20260804,56.25,57.94,56.25,56.74,13745
MANAKSTEEL,20260804,75.99,80.86,72.74,79.26,61418
MANALIPETC,20260804,67.25,68.0,66.1,66.57,353389
MANAPPURAM,20260804,365.0,366.7,352.0,356.6,8392284
MANBA,20260804,137.5,137.99,134.0,134.68,160259
MANCREDIT,20260804,257.5,258.5,241.15,245.15,263184
MANGALAM,20260804,26.61,27.3,26.56,26.98,23901
MANGLMCEM,20260804,945.95,949.95,940.25,944.65,4106
MANINDS,20260804,548.6,555.0,534.05,542.7,208672
MANINFRA,20260804,99.24,113.2,99.11,111.61,9068086
MANKIND,20260804,2483.0,2487.0,2438.0,2438.0,346444
MANOMAY,20260804,215.42,217.91,210.1,213.43,100558
MANORAMA,20260804,1640.0,1655.0,1612.0,1617.8,88206
MANORG,20260804,478.2,480.0,469.7,470.05,6582
MANUFGBEES,20260804,163.54,166.87,163.54,165.99,11347
MANUGRAPH,20260804,14.5,15.22,14.5,15.22,23854
MANYAVAR,20260804,416.95,496.8,415.9,485.9,30164506
MAPMYINDIA,20260804,1204.0,1214.0,1092.7,1139.7,277378
MARALOVER,20260804,56.07,57.33,54.16,54.28,37390
MARATHON,20260804,399.8,401.75,389.1,391.45,53060
MARICO,20260804,880.95,881.0,852.15,875.0,2333652
MARINE,20260804,289.0,306.0,284.5,300.6,3136932
MARKOLINES,20260804,177.28,179.54,175.75,176.17,177739
MARKSANS,20260804,262.3,270.25,260.8,269.1,1316602
MARSONS,20260804,110.45,111.0,107.5,108.15,1923406
MARUTI,20260804,14124.0,14254.0,14015.0,14168.0,619717
MASFIN,20260804,321.2,321.2,310.0,310.75,105196
MASKINVEST,20260804,147.0,147.0,142.01,147.0,85
MASPTOP50,20260804,77.96,77.96,77.96,77.96,30564
MASTEK,20260804,1893.0,1893.0,1833.0,1842.6,103225
MASTERTR,20260804,84.95,86.12,83.21,84.03,348979
MATRIMONY,20260804,431.0,436.95,426.3,431.2,13563
MAWANASUG,20260804,115.35,115.35,115.35,115.35,13949
MAXESTATES,20260804,403.35,403.45,392.0,392.6,47039
MAXHEALTH,20260804,1105.1,1105.1,1066.1,1077.0,1492388
MAXIND,20260804,176.85,176.85,169.08,171.8,61238
MAYURUNIQ,20260804,785.9,807.6,772.0,774.45,50457
MAZDA,20260804,222.2,227.0,222.2,226.37,4944
MAZDOCK,20260804,2390.0,2412.0,2380.2,2389.0,459020
MBAPL,20260804,160.99,161.2,157.0,158.62,424599
MBEL,20260804,294.9,299.8,292.5,295.75,86778
MBLINFRA,20260804,25.9,25.9,25.0,25.18,7419
MCCHRLS-B,20260804,698.95,698.95,679.95,680.0,390
MCL,20260804,57.57,57.57,55.0,55.25,43596
MCLEODRUSS,20260804,51.95,52.5,50.7,50.97,78404
MCLOUD,20260804,29.19,29.19,28.6,28.76,1664375
MCX,20260804,2655.7,2699.0,2637.0,2680.0,1513020
MEDANTA,20260804,1450.0,1450.0,1415.0,1435.1,197187
MEDIASSIST,20260804,362.2,364.75,351.55,357.7,152210
MEDICAMEQ,20260804,242.46,254.2,240.08,250.83,23156
MEDICO,20260804,50.25,50.25,44.7,49.06,1878329
MEDPLUS,20260804,697.15,697.15,681.0,684.05,283972
MEESHO,20260804,192.5,195.9,190.55,191.88,15087463
MEGASTAR,20260804,325.2,334.5,319.75,329.8,3448
MEIL,20260804,288.0,290.95,286.05,286.55,12976
MENNPIS,20260804,75.0,82.0,71.35,73.34,575410
MENONBE,20260804,222.0,232.14,222.0,232.14,60593
MEP,20260804,0.54,0.54,0.54,0.54,154942
MERCANTILE,20260804,24.85,26.44,23.7,24.16,3491
MERCURYEV,20260804,34.7,36.45,33.9,35.74,311062
METAL,20260804,13.32,13.32,12.91,13.12,2558661
METALIETF,20260804,13.14,13.15,12.94,13.1,10880947
METROBRAND,20260804,1034.9,1045.8,1022.0,1040.7,24742
METROGLOBL,20260804,132.0,135.99,130.17,132.42,1246
METROPOLIS,20260804,597.35,597.35,581.4,584.5,165890
MFML,20260804,19.44,20.88,18.91,19.62,7526
MFSL,20260804,1544.0,1548.5,1495.3,1519.3,667396
MGEL,20260804,15.37,15.79,14.99,15.24,120967
MGL,20260804,1119.9,1129.0,1109.0,1111.6,161168
MHLXMIRU,20260804,148.33,155.74,146.81,155.71,22860
MHRIL,20260804,219.89,229.9,217.0,227.98,283956
MICEL,20260804,39.25,39.25,36.81,37.86,294173
MID150,20260804,23.82,23.85,23.32,23.64,82670
MID150BEES,20260804,241.51,243.9,241.02,241.47,1105495
MID150CASE,20260804,12.02,12.02,11.7,11.73,1201752
MIDCAP,20260804,18.61,19.0,18.52,18.57,556408
MIDCAPADD,20260804,23.45,23.51,23.37,23.4,49703
MIDCAPBETA,20260804,236.2,237.11,235.01,236.96,5620
MIDCAPETF,20260804,23.86,23.99,23.8,23.85,2654883
MIDCAPIETF,20260804,24.75,24.75,24.12,24.21,844596
MIDHANI,20260804,403.35,415.0,403.35,412.6,439267
MIDQ50ADD,20260804,25.97,25.97,25.45,25.46,47003
MIDSELIETF,20260804,19.94,19.94,19.57,19.62,447724
MIDSMALL,20260804,51.42,51.81,51.42,51.65,356203
MIDWESTLTD,20260804,1210.7,1224.9,1210.7,1216.8,3528
MINDACORP,20260804,732.0,732.0,718.5,722.2,233679
MINDTECK,20260804,192.4,196.49,192.0,192.39,18952
MIRZAINT,20260804,33.9,34.35,33.64,34.2,162717
MITCON,20260804,77.0,77.0,75.7,76.45,3043
MITTAL,20260804,0.91,0.93,0.89,0.9,252468
MKPL,20260804,4.28,4.29,4.15,4.18,135729
MMFL,20260804,555.0,572.0,550.0,552.85,136092
MMP,20260804,296.85,304.0,291.1,301.05,111095
MMTC,20260804,63.65,64.65,63.63,63.65,1304788
MMWL,20260804,14.38,14.59,13.5,13.82,121876
MNC,20260804,34.35,34.71,34.2,34.38,106624
MOALPHA50,20260804,55.23,55.23,54.66,54.96,14064
MOBANK10,20260804,17.2,17.21,17.0,17.06,6226
MOBIKWIK,20260804,216.25,216.8,204.7,205.97,3237820
MOCAPITAL,20260804,54.07,54.07,52.65,53.04,884520
MODEFENCE,20260804,103.28,104.15,102.99,103.07,869879
MODINATUR,20260804,405.95,406.0,390.0,398.0,1278
MODIRUBBER,20260804,121.37,130.0,121.37,124.51,2055
MODIS,20260804,398.9,400.4,394.0,396.0,6146
MODISONLTD,20260804,288.0,290.7,278.0,283.95,49117
MODTHREAD,20260804,48.85,50.0,48.0,48.05,1533
MOENERGY,20260804,39.76,39.76,38.7,38.94,104750
MOGOLD,20260804,140.9,140.9,140.0,140.3,288952
MOGSEC,20260804,66.0,66.1,64.98,65.24,2227
MOHEALTH,20260804,52.13,52.13,51.36,51.71,46392
MOHITIND,20260804,24.0,26.94,23.0,26.94,297820
MOIL,20260804,283.7,284.55,280.2,282.75,418216
MOINFRA,20260804,62.48,62.5,60.6,60.73,22552
MOIPO,20260804,49.03,49.03,47.5,47.96,2289
MOKSH,20260804,10.3,10.47,10.14,10.29,20807
MOL,20260804,54.36,55.0,53.51,54.07,663181
MOLDTECH,20260804,149.5,153.2,148.18,151.46,75662
MOLDTKPAC,20260804,682.8,702.9,680.0,684.9,90999
MOLOWVOL,20260804,38.7,38.84,36.71,37.5,133280
MOM100,20260804,68.22,68.79,67.32,68.12,411928
MOM30IETF,20260804,31.35,31.59,31.24,31.4,750806
MOM50,20260804,261.54,261.54,255.79,256.27,2193
MOMENTUM,20260804,30.92,31.43,30.92,31.21,79054
MOMENTUM30,20260804,30.6,31.05,30.6,30.85,64698
MOMENTUM50,20260804,53.19,53.7,53.1,53.43,704540
MOMGF,20260804,164.1,165.29,161.1,161.78,6432
MOMIDMTM,20260804,64.0,64.46,64.0,64.22,87445
MOMMIDCAP,20260804,12.74,12.86,12.74,12.8,913267
MOMNC,20260804,33.5,33.63,33.21,33.32,2512
MOMOMENTUM,20260804,62.09,62.75,62.09,62.53,103875
MON100,20260804,316.35,316.35,316.35,316.35,284139
MON50EQUAL,20260804,34.41,34.41,34.03,34.3,62260
MONARCH,20260804,384.55,395.65,379.6,394.25,241933
MONEXT50,20260804,73.05,74.51,73.05,74.13,4035
MONEYBOXX,20260804,59.95,63.0,59.6,61.73,6045
MONIFTY100,20260804,25.97,25.97,25.71,25.71,34452
MONIFTY500,20260804,24.29,24.29,24.11,24.16,547536
MONQ50,20260804,140.42,140.42,140.42,140.42,15443
MONTECARLO,20260804,537.8,540.0,531.4,538.15,41212
MOPSE,20260804,101.49,101.94,101.41,101.41,164
MOQUALITY,20260804,206.55,206.55,200.4,202.27,3148
MOREALTY,20260804,89.02,90.75,89.0,89.43,604571
MOREPENLAB,20260804,57.65,69.18,55.91,69.18,67096271
MOSCHIP,20260804,209.5,212.9,206.02,208.59,1349069
MOSERVICE,20260804,32.08,32.08,31.63,31.65,5391
MOSILVER,20260804,215.48,215.48,213.95,214.22,11132
MOSMALL250,20260804,18.16,18.35,17.95,18.13,6061165
MOTHERSON,20260804,155.01,155.87,148.34,151.0,26900441
MOTILALOFS,20260804,870.0,882.45,861.0,861.0,797586
MOTISONS,20260804,14.25,14.29,14.11,14.18,6560230
MOTOGENFIN,20260804,26.0,27.78,25.16,26.42,64044
MOTOUR,20260804,80.98,80.98,80.1,80.12,35234
MOVALUE,20260804,115.05,115.75,114.73,115.17,46446
MPHASIS,20260804,2429.4,2441.8,2375.4,2380.0,244238
MPSLTD,20260804,2784.2,2799.8,2687.3,2726.1,42334
MRF,20260804,133730.0,134000.0,132570.0,132745.0,3192
MRPL,20260804,173.73,173.88,168.1,169.64,4545273
MSCI360,20260804,10.62,10.62,10.26,10.26,1705
MSCIADD,20260804,30.08,30.15,29.93,30.15,12571
MSCIINDIA,20260804,30.41,30.56,30.25,30.25,131732
MSPL,20260804,35.08,35.35,34.0,34.19,801549
MSTCLTD,20260804,606.0,606.95,595.0,599.8,161961
MSUMI,20260804,41.5,42.1,39.46,39.75,31346920
MTARTECH,20260804,6312.5,6312.5,6312.5,6312.5,60442
MTEDUCARE,20260804,2.08,2.1,1.91,1.95,21546
MTNL,20260804,28.11,28.13,27.67,27.81,419957
MUFIN,20260804,132.99,134.25,131.0,132.22,1124439
MUFTI,20260804,82.11,82.99,82.05,82.23,28429
MUKANDLTD,20260804,143.8,144.96,142.0,142.25,52584
MUKKA,20260804,23.1,24.0,22.86,22.95,188968
MUKTAARTS,20260804,55.01,57.88,52.66,54.25,2851
MULTICAP,20260804,17.25,17.27,16.86,16.9,153092
MUNJALAU,20260804,103.01,106.0,102.7,104.05,393297
MUNJALSHOW,20260804,143.75,145.94,142.1,144.3,212933
MURUDCERA,20260804,31.1,31.29,30.33,30.75,8438
MUTHOOTCAP,20260804,240.3,243.0,236.71,239.64,28667
MUTHOOTFIN,20260804,2891.3,2907.0,2870.0,2870.0,1372471
MUTHOOTMF,20260804,233.41,234.5,223.0,226.3,658611
MVGJL,20260804,170.8,170.99,166.0,167.39,27924
MWL,20260804,38.45,43.0,37.9,42.25,11760620
NACLIND,20260804,179.9,182.59,177.0,181.13,600708
NAGREEKCAP,20260804,23.5,23.9,22.75,23.75,1658
NAGREEKEXP,20260804,22.99,23.0,22.1,22.61,7701
NAHARCAP,20260804,269.99,269.99,257.35,263.18,2563
NAHARINDUS,20260804,119.7,124.0,119.1,120.61,31256
NAHARPOLY,20260804,275.5,285.0,275.5,278.6,48112
NAHARSPING,20260804,314.95,327.4,313.0,323.7,172277
NAM-INDIA,20260804,1170.0,1202.0,1161.7,1202.0,1990516
NARMADA,20260804,16.64,17.0,15.1,15.95,4562109
NATCAPSUQ,20260804,161.0,161.0,151.21,152.56,29136
NATCOPHARM,20260804,930.95,931.45,912.0,917.0,315967
NATHBIOGEN,20260804,159.0,166.99,159.0,164.72,40345
NATIONALUM,20260804,373.0,382.45,367.15,377.0,15775994
NATIONSTD,20260804,223.74,223.74,223.74,223.74,3132
NAUKRI,20260804,1274.5,1276.8,1251.7,1260.0,1053721
NAVA,20260804,579.85,581.75,568.1,571.7,191096
NAVINFLUOR,20260804,7595.0,7753.5,7557.5,7629.0,197050
NAVKARCORP,20260804,104.5,104.84,102.11,102.71,285936
NAVKARURB,20260804,1.06,1.06,1.0,1.03,438809
NAVNETEDUL,20260804,130.52,132.0,127.92,128.63,404365
NAZARA,20260804,335.0,355.2,330.2,349.5,8439332
NBCC,20260804,95.4,96.05,94.7,94.84,4304105
NBIFIN,20260804,2211.4,2225.0,2160.0,2168.2,561
NCC,20260804,145.2,145.69,141.0,143.11,1102480
NCLIND,20260804,182.95,184.3,172.2,174.62,151819
NDGL,20260804,2800.0,2800.0,2725.0,2799.0,216
NDL,20260804,2.4,2.42,2.35,2.37,657765
NDLVENTURE,20260804,127.01,130.14,126.0,127.27,10542
NDRAUTO,20260804,830.8,833.25,814.05,819.85,12515
NDTV,20260804,77.37,77.54,76.35,76.66,76698
NECCLTD,20260804,16.35,16.35,15.5,15.72,10894
NECLIFE,20260804,10.69,10.9,10.5,10.53,209897
NELCAST,20260804,120.31,125.69,120.15,124.3,114522
NELCO,20260804,1007.5,1022.9,976.9,981.7,543844
NEOGEN,20260804,2113.9,2128.4,2072.8,2083.2,219702
NEPHROPLUS,20260804,688.8,718.2,682.0,713.15,165491
NESCO,20260804,1081.7,1081.7,1040.0,1047.6,33363
NESTLEIND,20260804,1523.0,1535.9,1448.3,1520.0,4023569
NETF,20260804,273.39,273.39,265.6,265.69,5855
NETWEB,20260804,4609.0,4780.0,4593.1,4762.2,1899271
NETWORK18,20260804,29.35,30.25,29.21,30.05,3520378
NEULANDLAB,20260804,19650.0,19780.0,19155.0,19273.0,35321
NEWGEN,20260804,563.0,570.3,555.05,561.35,706009
NEXT30ADD,20260804,43.86,43.86,43.4,43.73,3115
NEXT50,20260804,772.23,772.23,763.37,765.09,25826
NEXT50ADD,20260804,74.6,75.0,74.59,74.59,1066
NEXT50BETA,20260804,79.4,80.5,79.4,79.66,351771
NEXT50ETF,20260804,76.5,76.5,74.7,75.01,23940
NEXT50IETF,20260804,80.01,80.01,77.35,78.04,1050969
NEXTMEDIA,20260804,3.87,4.0,3.87,3.94,4075
NFL,20260804,71.98,72.55,71.5,71.84,539286
NGIL,20260804,41.0,41.0,39.15,39.15,7048
NGLFINE,20260804,3240.0,3324.6,3233.8,3258.1,4161
NH,20260804,1919.7,1925.1,1891.4,1919.4,866179
NHPC,20260804,79.7,81.4,79.4,80.5,13752798
NIACL,20260804,175.46,176.03,171.32,171.77,617415
NIBE,20260804,1364.4,1396.9,1364.4,1383.1,34573
NIBL,20260804,34.5,35.98,34.5,35.35,10172
NIF100BEES,20260804,273.0,274.65,271.11,272.03,65276
NIF100IETF,20260804,28.64,28.77,28.48,28.5,87080
NIFTY1,20260804,270.01,274.0,270.01,272.14,88409
NIFTY100EW,20260804,35.79,36.06,35.73,35.79,357873
NIFTYADD,20260804,259.11,259.8,256.85,257.88,24788
NIFTYAXIS,20260804,277.29,277.29,270.0,270.96,9025
NIFTYBEES,20260804,279.87,281.1,278.0,278.79,5038181
NIFTYBETA,20260804,274.89,274.89,270.0,270.7,154308
NIFTYBETF,20260804,252.82,255.0,251.42,251.76,9099
NIFTYCASE,20260804,10.09,10.09,9.81,9.83,1583891
NIFTYETF,20260804,267.96,267.96,266.05,266.53,423297
NIFTYIETF,20260804,278.48,282.2,277.07,277.65,658638
NIFTYQLITY,20260804,21.92,21.92,21.46,21.71,60802
NIITLTD,20260804,96.71,96.94,95.16,96.24,188066
NIITMTS,20260804,249.06,253.99,244.94,250.19,166986
NILAINFRA,20260804,7.69,7.75,7.5,7.53,150178
NILASPACES,20260804,12.71,12.98,12.2,12.23,396761
NILE,20260804,1995.0,2000.0,1675.0,1686.0,32472
NILKAMAL,20260804,1704.9,1745.0,1640.0,1734.7,90588
NIMBSPROJ,20260804,183.0,183.0,179.05,180.66,1440
NINSYS,20260804,746.0,749.0,713.95,734.2,8937
NIPPOBATRY,20260804,327.15,327.15,319.1,320.9,2764
NIRAJ,20260804,29.47,29.47,28.7,28.76,33562
NIRAJISPAT,20260804,216.0,216.0,216.0,216.0,11
NIRLON,20260804,609.25,628.95,609.25,620.0,4339
NITCO,20260804,108.04,109.34,106.5,107.06,223395
NITINSPIN,20260804,573.65,584.5,569.0,571.65,86997
NITIRAJ,20260804,218.79,218.79,204.97,214.44,3943
NITTAGELA,20260804,1725.0,1750.0,1620.0,1637.7,16688
NIVABUPA,20260804,86.79,87.8,86.4,87.31,786794
NKIND,20260804,62.0,63.5,60.1,63.03,604
NLCINDIA,20260804,298.05,303.0,295.95,300.7,1454291
NMDC,20260804,84.2,84.7,83.23,84.2,19524046
NOCIL,20260804,175.39,180.5,170.1,170.99,3528389
NOIDATOLL,20260804,4.55,4.6,4.35,4.54,117555
NORBTEAEXP,20260804,65.5,66.99,65.29,65.29,472
NORTHARC,20260804,284.15,289.2,281.85,285.05,523851
NOVAAGRI,20260804,23.48,23.48,22.83,22.99,20942
NOVARTIND,20260804,1638.0,1657.0,1608.2,1622.0,11819
NPBET,20260804,289.49,289.49,286.38,286.86,455
NPST,20260804,1550.0,1559.0,1500.0,1521.2,23141
NRAIL,20260804,487.0,492.0,475.0,483.5,9391
NRBBEARING,20260804,433.95,434.05,426.2,429.9,122389
NRL,20260804,108.99,110.89,108.99,110.89,56716
NSIL,20260804,5640.0,5683.5,5562.0,5596.0,1922
NSLNISP,20260804,43.35,44.12,43.12,44.01,2883825
NTPC,20260804,348.0,348.95,341.6,343.65,7201524
NTPCGREEN,20260804,91.1,91.93,90.45,90.72,3806645
NUCLEUS,20260804,693.0,704.1,692.05,698.3,17966
NURECA,20260804,335.55,335.55,325.0,326.05,14971
NUVAMA,20260804,1765.7,1765.7,1680.0,1694.2,309828
NUVOCO,20260804,352.65,352.65,346.0,348.6,356006
NV20,20260804,14.55,14.55,14.14,14.19,45969
NV20BEES,20260804,143.33,143.33,141.5,141.85,27168
NV20IETF,20260804,13.9,13.98,13.8,13.85,696859
NYKAA,20260804,342.0,342.5,334.6,342.5,5155389
OAL,20260804,382.0,388.4,379.05,380.55,16843
OBCL,20260804,53.9,54.29,52.82,53.18,4226
OBEROIRLTY,20260804,1847.1,1847.1,1778.8,1778.8,307429
OCCLLTD,20260804,183.03,183.03,166.05,180.37,615029
ODIGMA,20260804,23.28,23.28,22.53,22.79,8755
OFSS,20260804,11425.0,11685.0,11425.0,11600.0,257150
OIL,20260804,454.0,454.0,447.1,450.0,603531
OILCOUNTUB,20260804,56.99,58.1,56.25,57.99,46900
OILIETF,20260804,11.45,11.5,11.35,11.36,1000123
OLAELEC,20260804,38.92,39.7,38.21,38.57,43361629
OLECTRA,20260804,1344.2,1350.0,1331.8,1347.8,194604
OMAXAUTO,20260804,189.01,189.1,181.38,181.38,155775
OMAXE,20260804,85.49,89.8,85.13,87.6,293863
OMFREIGHT,20260804,88.1,89.9,84.97,88.98,3686
OMINFRAL,20260804,91.04,93.0,89.1,90.31,73361
OMNI,20260804,605.0,620.0,600.0,610.5,229019
OMPOWER,20260804,169.4,176.8,168.0,170.54,122062
ONELIFECAP,20260804,34.6,36.69,34.29,35.52,27706
ONEPOINT,20260804,57.04,57.89,56.2,56.93,1838910
ONESOURCE,20260804,1563.6,1563.6,1506.7,1530.6,268093
ONGC,20260804,242.0,243.2,240.6,242.0,10470809
ONIDA,20260804,39.05,40.0,38.21,38.4,284402
ONMOBILE,20260804,68.9,69.9,67.91,69.9,206232
ONWARDTEC,20260804,291.3,293.4,288.0,289.95,26045
OPTIEMUS,20260804,655.15,657.0,610.0,625.65,339697
ORBTEXP,20260804,243.99,250.0,243.0,246.71,51082
ORCHASP,20260804,1.65,1.7,1.57,1.61,215300
ORCHPHARMA,20260804,987.7,1020.0,983.4,1006.4,23659
ORICONENT,20260804,54.89,55.19,53.71,54.58,16558
ORIENTALTL,20260804,5.29,5.29,5.1,5.19,71192
ORIENTBELL,20260804,319.2,323.15,312.25,317.6,2779
ORIENTCEM,20260804,139.51,139.51,137.01,137.67,143079
ORIENTCER,20260804,41.55,41.55,40.32,40.72,25409
ORIENTELEC,20260804,176.9,185.4,173.69,176.74,1388413
ORIENTHOT,20260804,136.01,137.5,129.52,132.7,326597
ORIENTLTD,20260804,77.0,78.09,75.61,77.52,1291
ORIENTPPR,20260804,19.34,19.41,18.75,19.21,458602
ORIENTTECH,20260804,261.5,264.5,259.8,260.75,166714
ORISSAMINE,20260804,4090.0,4391.0,4080.2,4307.8,52007
ORKLAINDIA,20260804,573.6,585.5,568.2,579.4,73030
ORTEL,20260804,1.96,1.96,1.9,1.95,8821
ORTINGLOBE,20260804,15.03,15.9,15.03,15.27,10361
OSIAHYPER,20260804,2.98,3.0,2.92,2.94,233478
OSWALAGRO,20260804,39.3,39.49,38.32,38.93,20669
OSWALGREEN,20260804,21.76,22.5,21.16,21.52,167017
OSWALPUMPS,20260804,332.9,334.0,322.5,325.7,624157
OSWALSEEDS,20260804,10.42,11.0,10.41,10.47,22248
PACEDIGITK,20260804,202.5,203.7,198.0,198.81,1083895
PAGEIND,20260804,40200.0,40265.0,39750.0,39750.0,18775
PAISALO,20260804,71.52,72.05,69.3,71.11,6399088
PAKKA,20260804,71.9,71.98,71.1,71.59,28151
PALASHSECU,20260804,88.1,89.5,86.01,88.63,1786
PALREDTEC,20260804,45.84,47.65,45.39,47.0,1605
PANACEABIO,20260804,423.0,442.4,415.0,419.4,236204
PANACHE,20260804,449.9,449.9,430.0,440.7,14927
PANAMAPET,20260804,464.0,465.0,453.35,458.45,81490
PANSARI,20260804,342.95,342.95,327.05,335.95,2262
PAR,20260804,99.09,102.0,97.6,99.17,4124
PARACABLES,20260804,66.51,67.01,64.35,64.88,1012665
PARADEEP,20260804,145.49,147.8,144.03,144.94,4964148
PARAGMILK,20260804,225.99,237.14,223.5,233.16,902603
PARAS,20260804,1292.3,1316.0,1272.1,1300.3,912543
PARASPETRO,20260804,2.56,2.56,2.45,2.51,595782
PARKHOSPS,20260804,285.75,291.4,279.95,283.95,907208
PARKHOTELS,20260804,124.9,125.8,123.0,123.7,87466
PARSVNATH,20260804,1.74,1.74,1.74,1.74,144146
PASHUPATI,20260804,86.3,86.3,84.15,84.61,221702
PASUPTAC,20260804,60.49,61.9,60.0,61.12,46799
PATANJALI,20260804,363.45,365.6,356.75,359.9,4508428
PATELENG,20260804,28.85,29.05,28.31,28.4,3291132
PATELRMART,20260804,227.0,231.0,225.0,225.47,116661
PATINTLOG,20260804,14.56,14.56,14.01,14.42,47169
PAUSHAKLTD,20260804,662.0,780.6,654.95,735.2,1387101
PAVNAIND,20260804,17.92,18.39,17.81,18.23,25232
PAYTM,20260804,1436.0,1436.6,1388.4,1400.0,6114443
PCBL,20260804,324.95,327.6,320.4,322.55,1045554
PCJEWELLER,20260804,9.7,9.92,9.58,9.82,201109236
PDMJEPAPER,20260804,96.9,98.14,95.05,96.71,96412
PDSL,20260804,357.25,357.6,350.9,352.55,52495
PEARLPOLY,20260804,17.05,17.43,16.43,16.84,3658
PENIND,20260804,169.0,169.09,165.0,166.28,210783
PENINLAND,20260804,15.7,15.82,15.7,15.81,61693
PERSISTENT,20260804,5590.0,5599.0,5462.5,5499.0,464955
PETRONET,20260804,284.85,285.0,277.45,285.0,1436491
PFC,20260804,420.0,421.8,416.25,420.0,8639728
PFIZER,20260804,4915.0,4920.6,4809.0,4862.1,29850
PFOCUS,20260804,300.95,306.0,296.4,302.8,474952
PFS,20260804,28.41,28.65,27.73,28.07,723561
PGEL,20260804,619.0,629.45,607.0,612.0,1299002
PGHH,20260804,8649.0,8737.0,8600.0,8639.5,10073
PGHL,20260804,6539.0,6539.0,6440.0,6482.5,5589
PGIL,20260804,2108.8,2128.0,2083.1,2122.4,62034
PHARMABEES,20260804,27.23,27.92,27.0,27.26,3320548
PHOENIXLTD,20260804,1937.2,1964.2,1916.5,1932.3,828958
PICCADIL,20260804,750.0,789.0,746.2,784.5,658422
PIDILITIND,20260804,1642.5,1659.0,1602.0,1620.0,2924363
PIGL,20260804,111.0,113.8,109.26,110.62,55651
PIIND,20260804,2806.5,2840.0,2785.5,2785.5,152536
PILANIINVS,20260804,4375.0,4375.0,4327.0,4344.3,360
PILITA,20260804,8.65,8.82,8.26,8.55,45245
PINELABS,20260804,154.0,156.5,149.0,151.19,32675774
PIONEEREMB,20260804,25.5,25.5,24.0,24.14,20379
PIONRINV,20260804,86.8,86.8,82.85,86.75,916
PIRAMALFIN,20260804,2052.0,2080.0,2007.0,2052.3,178183
PITTIENG,20260804,934.0,940.0,926.55,939.75,12405
PIXTRANS,20260804,1701.1,1709.0,1676.5,1687.3,5136
PKTEA,20260804,715.0,715.0,677.8,688.4,39
PLASTIBLEN,20260804,191.0,192.8,187.62,188.44,22042
PLATIND,20260804,228.82,231.0,225.1,227.03,47762
PLAZACABLE,20260804,45.48,46.21,44.15,46.2,51599
PML,20260804,507.1,512.0,494.05,508.55,470
PNB,20260804,113.49,114.0,112.64,113.99,7961139
PNBGILTS,20260804,83.5,84.44,82.51,82.79,262155
PNBHOUSING,20260804,1091.9,1091.9,1051.9,1080.0,1412986
PNC,20260804,20.87,21.2,19.4,19.59,47479
PNCINFRA,20260804,247.11,252.07,246.0,251.06,381163
PNGJL,20260804,658.0,658.0,638.05,654.15,357740
PNGSREVA,20260804,443.25,520.0,436.9,510.95,5264815
POCL,20260804,551.0,557.8,526.5,531.2,457371
PODDARMENT,20260804,253.7,258.9,250.1,251.75,6092
POKARNA,20260804,942.0,942.0,919.0,930.9,27003
POLICYBZR,20260804,1647.5,1647.5,1591.6,1597.0,643991
POLYCAB,20260804,9084.0,9215.0,9070.0,9176.0,318448
POLYMED,20260804,1721.1,1736.8,1712.1,1724.5,63211
POLYPLEX,20260804,1091.1,1127.4,1091.1,1116.6,54961
PONNIERODE,20260804,326.0,341.9,324.05,327.6,75876
POONAWALLA,20260804,471.7,472.2,465.0,469.65,477616
POWERGRID,20260804,294.1,294.1,281.7,283.4,7656558
POWERICA,20260804,518.95,529.75,511.9,521.3,127527
POWERINDIA,20260804,32005.0,32695.0,32000.0,32005.0,77400
POWERMECH,20260804,2601.2,2626.9,2570.0,2615.8,43422
PPAP,20260804,288.0,294.0,280.0,282.9,15849
PPL,20260804,259.0,271.85,258.15,262.05,27603
PPLPHARMA,20260804,200.34,203.95,197.75,202.5,7037103
PRABHA,20260804,153.0,155.8,152.19,155.13,45428
PRADPME,20260804,517.9,517.9,505.25,508.05,1441
PRAENG,20260804,21.74,21.74,19.75,20.35,34746
PRAJIND,20260804,320.9,330.25,317.1,318.75,2482155
PRAKASH,20260804,126.49,127.48,124.35,125.24,225117
PRAKASHSTL,20260804,4.04,4.04,3.96,3.99,146554
PRAVEG,20260804,295.05,297.9,285.0,287.25,38785
PRAXIS,20260804,6.74,6.74,6.26,6.46,59451
PRECAM,20260804,143.16,146.92,142.32,142.94,149595
PRECOT,20260804,820.15,820.15,796.3,805.05,3142
PRECWIRE,20260804,381.9,384.65,373.4,381.2,140307
PREMCO,20260804,380.0,384.95,380.0,384.0,1169
PREMEXPLN,20260804,662.0,664.95,660.1,661.1,121092
PREMIER,20260804,2.85,2.9,2.7,2.73,14226
PREMIERENE,20260804,1023.2,1054.0,1023.2,1036.3,1063672
PREMIERPOL,20260804,74.43,74.43,71.26,72.48,122570
PRESTIGE,20260804,1655.0,1655.0,1576.0,1595.0,614003
PRICOLLTD,20260804,738.7,772.0,732.0,766.75,926661
PRIMESECU,20260804,285.0,286.0,274.0,283.25,76947
PRIMO,20260804,24.5,24.84,24.04,24.12,91546
PRINCEPIPE,20260804,264.85,281.0,263.75,276.1,1549631
PRITI,20260804,38.49,38.49,36.52,37.84,6488
PRITIKAUTO,20260804,17.8,17.9,17.55,17.82,57756
PRIVISCL,20260804,3585.0,3678.0,3571.4,3660.5,108893
PROSTARM,20260804,135.0,135.1,132.55,133.58,116641
PROTEAN,20260804,630.5,648.0,618.5,621.55,430454
PROZONER,20260804,42.96,43.52,42.21,42.58,70084
PRSMJOHNSN,20260804,108.72,109.46,107.72,108.84,68586
PRUDENT,20260804,3380.0,3394.5,3253.2,3300.6,34190
PRUDMOULI,20260804,13.45,13.51,13.0,13.02,22014
PSB,20260804,23.79,23.97,23.56,23.87,795748
PSPPROJECT,20260804,951.0,965.0,930.0,934.7,85361
PSUBANK,20260804,84.59,85.25,82.93,84.29,110165
PSUBANKADD,20260804,85.6,86.1,85.0,85.35,15622
PSUBNKBEES,20260804,94.62,95.2,94.26,94.54,1301926
PSUBNKIETF,20260804,83.5,86.4,83.5,85.4,209527
PTC,20260804,181.6,184.39,179.9,183.44,2170561
PTCIL,20260804,18100.0,18340.0,17941.0,18099.0,8064
PTL,20260804,40.0,40.37,39.7,40.13,29936
PUNJABCHEM,20260804,1150.0,1155.8,1100.0,1111.4,13883
PURVA,20260804,207.0,210.0,206.5,208.47,110537
PVP,20260804,27.5,29.64,27.32,27.92,1142347
PVRINOX,20260804,1140.0,1194.2,1131.4,1188.1,454570
PVSL,20260804,106.19,110.97,106.19,109.07,36845
PVTBANIETF,20260804,28.26,28.26,27.91,27.99,1006464
PVTBANK,20260804,27.84,28.03,27.72,28.0,10542
PVTBANKADD,20260804,28.22,28.34,28.05,28.19,196021
PVTBKGROWW,20260804,27.79,28.15,27.55,27.71,7543
PWL,20260804,126.2,128.48,125.03,126.13,2667639
PYRAMID,20260804,185.47,188.0,183.2,183.9,35005
QGOLDHALF,20260804,117.47,118.5,117.19,117.37,107207
QMSMEDI,20260804,114.41,115.0,111.4,114.9,9742
QNIFTY,20260804,271.0,271.77,269.4,269.84,1763
QPOWER,20260804,1166.0,1180.0,1120.0,1136.8,84506
QUADFUTURE,20260804,360.05,362.7,351.1,353.1,108814
QUAL30IETF,20260804,21.65,21.71,21.23,21.44,96029
QUALITY30,20260804,21.22,21.29,21.08,21.21,6013
QUESS,20260804,346.95,347.8,319.1,323.05,1194524
QUICKHEAL,20260804,160.0,164.75,155.0,155.82,35328
QUINT,20260804,39.0,39.1,37.11,38.9,2338
RACE,20260804,112.34,112.94,110.32,111.27,3189
RACLGEAR,20260804,1292.0,1394.4,1288.6,1353.8,67884
RADAAN,20260804,3.26,3.26,3.16,3.2,24906
RADHIKAJWE,20260804,70.75,71.38,68.61,69.04,571990
RADIANTCMS,20260804,37.57,37.7,36.9,37.57,57421
RADICO,20260804,4455.0,4484.8,4414.3,4450.0,338977
RADIOCITY,20260804,7.1,7.1,6.41,6.72,38254
RAILTEL,20260804,291.75,294.3,289.0,289.95,423772
RAIN,20260804,231.0,239.1,230.25,238.07,6964233
RAINBOW,20260804,1540.1,1586.0,1535.0,1579.0,159672
RAJESHEXPO,20260804,84.8,86.15,84.2,84.88,80553
RAJMET,20260804,3.37,3.37,3.2,3.31,151665
RAJOOENG,20260804,52.1,52.85,51.05,51.47,178461
RAJPALAYAM,20260804,830.0,847.95,815.1,829.55,1208
RAJRATAN,20260804,520.0,553.0,515.35,540.05,796001
RAJRILTD,20260804,21.64,21.64,21.25,21.39,11257
RAJSREESUG,20260804,30.54,32.19,30.35,30.91,81224
RAJTV,20260804,10.58,10.89,10.23,10.23,247885
RALLIS,20260804,217.82,218.9,216.6,217.6,421692
RAMANEWS,20260804,30.5,34.2,29.3,33.37,379957
RAMAPHO,20260804,130.94,132.0,123.2,126.23,59393
RAMASTEEL,20260804,4.27,4.43,4.21,4.43,3309029
RAMBHAJO,20260804,183.34,188.0,183.34,185.81,146163
RAMCOCEM,20260804,950.0,950.0,935.75,945.9,44356
RAMCOIND,20260804,334.25,338.0,327.05,327.95,118517
RAMCOSYS,20260804,564.85,592.1,564.85,592.1,173859
RAMKY,20260804,390.65,392.0,385.3,389.6,21467
RAMRAT,20260804,438.0,438.0,418.1,429.25,194310
RANASUG,20260804,12.5,13.44,12.42,12.95,726847
RANEHOLDIN,20260804,1894.5,1894.5,1827.8,1864.6,23877
RATEGAIN,20260804,974.0,987.0,953.5,970.7,601765
RATNAMANI,20260804,2371.8,2393.6,2348.0,2374.3,12299
RATNAVEER,20260804,207.79,215.5,206.23,209.33,18731333
RAYMOND,20260804,606.0,608.4,595.05,605.1,548439
RAYMONDLSL,20260804,730.0,767.0,730.0,743.8,405689
RAYMONDREL,20260804,672.0,682.0,665.05,672.7,315490
RBA,20260804,78.9,84.91,76.73,84.91,114839192
RBLBANK,20260804,379.95,384.5,377.2,380.55,2210039
RBZJEWEL,20260804,153.25,153.25,148.01,151.08,75877
RCF,20260804,128.0,128.4,126.85,127.01,395675
RCOM,20260804,0.85,0.85,0.83,0.83,2228188
RECLTD,20260804,368.15,370.8,366.8,368.0,3526856
REDINGTON,20260804,349.8,353.9,340.0,349.6,18684536
REDTAPE,20260804,130.7,132.0,129.11,130.49,237135
REFEX,20260804,306.8,309.5,304.0,306.35,260567
REGAAL,20260804,87.7,90.26,86.0,89.99,352483
REGENCERAM,20260804,33.98,34.95,30.21,33.84,3707
RELAXO,20260804,408.9,413.4,405.65,406.6,146819
RELCHEMQ,20260804,124.91,126.9,123.0,126.19,1579
RELIABLE,20260804,148.0,149.7,141.1,142.44,41571
RELIANCE,20260804,1315.0,1315.0,1286.4,1290.9,10759546
RELIGARE,20260804,258.35,262.05,256.0,256.5,336620
RELINFRA,20260804,66.19,66.19,66.19,66.19,29171
RELTD,20260804,166.0,169.49,162.92,168.56,240637
REMSONSIND,20260804,83.44,84.99,82.05,82.61,39519
RENUKA,20260804,22.3,22.99,22.26,22.41,9970752
REPCOHOME,20260804,387.85,389.6,381.0,383.05,49751
REPL,20260804,62.15,66.67,62.15,65.99,2183
REPRO,20260804,419.7,419.7,390.25,393.8,100694
RESPONIND,20260804,172.2,178.5,172.2,176.49,126857
RETAIL,20260804,16.95,17.49,16.45,17.33,6788
RGL,20260804,115.5,117.8,114.0,117.11,172545
RHETAN,20260804,31.75,32.13,31.75,31.76,7535787
RHFL,20260804,1.87,1.88,1.84,1.86,585823
RHIM,20260804,415.75,415.95,407.05,408.35,167228
RHL,20260804,172.9,179.34,172.13,175.64,7422
RICOAUTO,20260804,142.0,150.48,142.0,145.75,4577901
RIIL,20260804,750.0,750.0,741.55,745.0,28654
RIR,20260804,160.43,161.2,158.0,159.26,63897
RISHABH,20260804,654.8,660.5,647.05,653.0,85575
RITCO,20260804,298.4,318.0,297.3,310.6,429683
RITES,20260804,220.95,221.0,214.01,216.14,1375609
RKDL,20260804,18.66,19.27,18.66,19.18,2805
RKEC,20260804,26.97,26.97,26.5,26.84,16659
RKFORGE,20260804,684.55,708.8,676.15,688.7,2926912
RKSWAMY,20260804,101.98,103.69,101.35,101.93,16540
RMC,20260804,304.0,337.0,286.05,331.05,768833
RMDRIP,20260804,18.22,18.95,18.0,18.24,177655
RML,20260804,1224.9,1224.9,1167.5,1173.6,24739
RNBDENIMS,20260804,9.08,9.18,8.95,8.99,173034
ROHLTD,20260804,315.0,315.55,312.0,313.55,12740
ROLEXRINGS,20260804,139.1,143.5,138.3,141.34,1273948
ROLLT,20260804,2.7,2.7,2.7,2.7,194049
ROML,20260804,45.9,45.9,44.17,44.47,1041
ROSSARI,20260804,507.85,517.45,506.6,512.9,48975
ROSSELLIND,20260804,59.97,59.97,57.76,58.22,18362
ROSSTECH,20260804,1060.0,1078.35,1033.0,1064.2,252411
ROTO,20260804,67.57,67.89,66.3,66.48,263017
ROUTE,20260804,535.0,540.0,530.35,532.6,207965
RPEL,20260804,1234.0,1285.1,1234.0,1276.5,41993
RPGLIFE,20260804,2784.2,2791.8,2727.1,2745.7,8328
RPOWER,20260804,23.92,24.35,23.77,24.07,17348078
RPPINFRA,20260804,59.93,60.95,58.92,59.49,21821
RPPL,20260804,21.7,23.08,21.67,22.92,243194
RPSGVENT,20260804,955.0,964.6,946.05,959.85,27759
RPTECH,20260804,892.0,900.0,855.0,870.9,669266
RRIL,20260804,18.34,18.34,16.5,17.15,29874
RRKABEL,20260804,2639.5,2662.4,2598.7,2641.1,499327
RSDFIN,20260804,134.85,146.16,133.54,145.88,156418
RSL,20260804,142.89,147.75,138.65,142.11,1569049
RSSOFTWARE,20260804,31.25,31.25,30.4,30.57,23521
RSWM,20260804,223.0,235.99,223.0,235.26,294639
RSYSTEMS,20260804,275.3,276.55,266.9,271.6,292811
RTNINDIA,20260804,33.12,33.21,32.5,32.53,783070
RTNPOWER,20260804,8.8,8.85,8.71,8.74,12680644
RUBFILA,20260804,71.0,72.4,70.61,71.57,16889
RUBICON,20260804,1498.0,1522.1,1461.6,1516.4,224555
RUBYMILLS,20260804,369.75,375.0,351.3,356.4,12584
RUCHINFRA,20260804,6.1,6.1,5.75,5.78,67431
RUCHIRA,20260804,109.59,109.6,107.97,108.87,19939
RUDRA,20260804,18.0,18.49,17.83,18.32,34009
RUPA,20260804,164.2,165.45,162.0,162.88,69962
RUSHIL,20260804,17.15,18.95,16.85,18.28,3875947
RUSTOMJEE,20260804,399.0,433.2,393.6,411.8,7049110
RVHL,20260804,46.0,46.0,45.0,45.16,3387
RVNL,20260804,232.9,235.2,229.8,231.4,4277319
RVTH,20260804,706.5,712.4,697.0,704.1,405
S&SPOWER,20260804,337.7,345.15,318.0,322.45,3802
SAATVIKGL,20260804,435.0,437.8,417.15,426.3,106085
SABEVENTS,20260804,6.63,6.63,6.63,6.63,329
SADBHAV,20260804,8.73,8.98,8.35,8.57,233177
SADBHIN,20260804,2.58,2.58,2.49,2.49,67214
SADHNANIQ,20260804,2.92,2.92,2.85,2.92,3482341
SAFARI,20260804,1557.3,1569.7,1475.1,1512.9,138551
SAGARDEEP,20260804,24.99,24.99,24.56,24.58,637
SAGCEM,20260804,172.7,174.2,172.57,172.94,15875
SAGILITY,20260804,43.88,44.58,43.4,44.09,26219384
SAHLIBHFI,20260804,80.8,82.79,75.66,78.18,751
SAHYADRI,20260804,327.05,328.5,320.0,321.4,6399
SAIL,20260804,168.25,174.15,168.02,173.55,25348224
SAILIFE,20260804,1339.0,1380.0,1333.4,1366.4,423531
SAIPARENT,20260804,546.6,549.7,529.65,531.7,147217
SAKAR,20260804,929.9,929.9,902.0,916.05,60702
SAKHTISUG,20260804,17.6,18.02,17.44,17.74,193531
SAKSOFT,20260804,178.6,179.0,173.86,177.84,670156
SAKUMA,20260804,1.65,1.66,1.63,1.63,659633
SALASAR,20260804,5.88,5.95,5.87,5.92,1762304
SALONA,20260804,248.0,255.99,248.0,251.68,304
SALSTEEL,20260804,57.99,59.87,56.05,56.95,77739
SALZERELEC,20260804,591.3,618.0,590.0,612.1,67903
SAMBHAAV,20260804,6.58,6.7,6.42,6.49,19175
SAMBHV,20260804,122.57,129.5,121.38,124.73,11479123
SAMHI,20260804,179.0,179.0,170.4,171.75,2382403
SAMMAANCAP,20260804,161.19,162.49,159.73,160.28,4560041
SAMPANN,20260804,27.06,27.78,27.06,27.08,2980
SANATHAN,20260804,462.05,482.8,462.05,477.95,99034
SANDESH,20260804,1000.0,1023.45,978.0,1001.7,1057
SANDHAR,20260804,648.05,666.6,636.0,645.35,322579
SANDUMA,20260804,212.07,214.05,209.05,210.98,516814
SANGAMIND,20260804,609.5,621.0,607.0,613.3,21486
SANGHVIMOV,20260804,439.45,442.85,428.0,438.55,419502
SANGINITA,20260804,62.78,62.78,62.78,62.78,7335
SANOFI,20260804,3389.0,3401.0,3363.7,3394.3,17756
SANOFICONR,20260804,4559.2,4559.2,4520.0,4529.2,1602
SANSERA,20260804,3468.0,3550.0,3443.6,3508.7,248124
SANSTAR,20260804,117.0,118.49,115.72,116.74,238018
SANWARIA,20260804,0.21,0.21,0.21,0.21,228366
SAPPHIRE,20260804,187.0,194.53,185.12,192.3,960476
SAPPL,20260804,293.85,300.05,289.0,290.0,596
SARDAEN,20260804,518.05,527.0,505.5,509.4,350239
SAREGAMA,20260804,511.95,547.5,493.7,542.55,6169224
SARLAPOLY,20260804,101.51,102.6,100.62,101.53,47572
SARVESHWAR,20260804,3.4,3.45,3.35,3.41,785719
SASKEN,20260804,1997.4,1997.4,1997.4,1997.4,18668
SATIA,20260804,62.5,63.33,61.72,62.49,118525
SATIN,20260804,234.16,241.98,229.54,235.05,766121
SAURASHCEM,20260804,59.75,63.2,59.4,62.32,149374
SAYAJIHOTL,20260804,310.85,312.15,310.8,312.0,135
SBC,20260804,42.18,42.5,40.72,41.53,7184232
SBCL,20260804,771.2,782.0,767.25,778.0,472185
SBFC,20260804,92.0,93.0,91.74,92.17,566352
SBGLP,20260804,25.55,25.55,24.52,25.02,5397
SBIBPB,20260804,49.34,49.38,48.9,49.01,39125
SBICARD,20260804,668.35,668.4,657.7,658.0,686610
SBIETFCON,20260804,124.4,126.0,124.4,125.05,5450
SBIETFIT,20260804,348.05,351.39,346.05,347.41,15322
SBIETFPB,20260804,283.45,284.5,282.0,283.35,3443
SBIETFQLTY,20260804,228.0,228.64,226.26,227.02,3062
SBIFUNDS,20260804,585.0,588.0,568.75,569.7,4878368
SBILIFE,20260804,1901.0,1909.8,1856.6,1899.0,1516326
SBILIQETF,20260804,1050.31,1050.33,1050.31,1050.33,20373
SBIMIDMOM,20260804,63.0,63.76,63.0,63.54,18970
SBIN,20260804,1047.6,1047.6,1030.9,1042.7,8544184
SBINEQWETF,20260804,33.39,34.64,33.39,33.87,34643
SBINMID150,20260804,23.54,23.58,23.3,23.44,102672
SBISILVER,20260804,211.66,213.07,211.66,212.3,523634
SBISMLETF,20260804,17.98,18.3,17.98,18.23,64174
SBIVALETF,20260804,15.11,15.15,15.04,15.11,3814
SCANSTL,20260804,59.59,62.59,57.8,62.42,187821
SCHAEFFLER,20260804,4060.0,4110.0,4045.0,4055.5,26698
SCHAND,20260804,144.35,145.98,143.5,144.31,11100
SCHNEIDER,20260804,1341.1,1375.0,1328.6,1333.9,148573
SCI,20260804,297.55,306.5,297.55,300.9,8886690
SCILAL,20260804,42.0,43.87,41.39,41.64,800336
SCODATUBES,20260804,151.0,153.0,149.2,150.66,90105
SCPL,20260804,650.0,652.4,620.2,632.15,93943
SDBL,20260804,71.84,72.27,70.9,71.24,414053
SEAMECLTD,20260804,1450.0,1503.0,1450.0,1480.5,90260
SECMARK,20260804,128.4,128.4,124.01,124.21,1383
SECURKLOUD,20260804,18.0,18.3,17.42,18.28,11455
SEDEMAC,20260804,2753.0,2851.2,2740.0,2795.9,186540
SEIL,20260804,207.49,211.99,202.64,203.0,144950
SEJALLTD,20260804,715.05,744.85,715.05,735.95,14584
SELECTIPO,20260804,49.0,49.0,47.61,47.61,35180
SELMC,20260804,27.89,28.5,26.0,27.85,16751
SEMAC,20260804,314.0,315.0,311.7,311.7,312
SENCO,20260804,384.0,395.0,378.4,387.9,1428731
SENORES,20260804,1369.0,1370.0,1344.0,1360.5,104570
SENSEXADD,20260804,81.2,81.44,80.68,81.15,838
SENSEXAXIS,20260804,80.6,82.19,80.6,81.31,2258
SENSEXBETA,20260804,861.22,874.69,861.22,867.62,1606
SENSEXETF,20260804,81.45,81.5,80.7,80.93,16231
SENSEXIETF,20260804,905.09,908.75,898.81,900.68,11710
SEPC,20260804,6.01,6.07,5.93,5.95,6535462
SERVOTECH,20260804,86.15,87.87,85.3,87.51,580872
SESHAPAPER,20260804,240.1,241.0,226.1,227.99,289160
SETCO,20260804,17.9,18.0,17.6,17.61,13454
SETF10GILT,20260804,263.01,264.99,263.01,264.95,4548
SETFGOLD,20260804,121.7,124.05,120.7,120.97,3999584
SETFNIF50,20260804,264.58,268.6,263.22,263.77,678228
SETFNIFBK,20260804,593.56,595.15,589.56,590.95,19122
SETFNN50,20260804,801.48,801.48,773.93,789.01,39099
SETL,20260804,284.95,284.95,274.05,275.4,193470
SETUINFRA,20260804,0.43,0.44,0.4,0.41,7490
SEYAIND,20260804,12.25,12.49,12.01,12.47,3171
SFL,20260804,792.55,832.45,735.0,768.05,628990
SGFIN,20260804,700.95,712.4,700.0,705.9,182163
SGIL,20260804,601.55,603.25,589.15,595.1,3691
SGL,20260804,10.0,10.0,9.84,9.85,1969
SGMART,20260804,692.1,725.0,687.35,718.8,705862
SHADOWFAX,20260804,240.7,250.0,240.0,248.15,11761960
SHAH,20260804,4.09,4.28,3.82,4.01,9293182
SHAHALLOYS,20260804,69.0,69.0,67.05,67.4,3319
SHAILY,20260804,3053.9,3122.0,3041.2,3075.7,194597
SHAKTIPUMP,20260804,519.95,521.0,517.15,519.4,292812
SHALBY,20260804,164.0,167.19,164.0,165.04,34080
SHALPAINTS,20260804,83.0,89.8,80.5,82.54,10074498
SHANKARA,20260804,141.92,145.68,141.92,144.74,558900
SHANTI,20260804,7.1,7.25,6.71,6.91,12206
SHANTIGEAR,20260804,415.05,420.5,406.3,409.5,15663
SHANTIGOLD,20260804,219.9,220.99,217.5,218.05,424532
SHARDACROP,20260804,826.15,843.9,826.15,840.65,208022
SHARDAMOTR,20260804,912.3,917.9,884.25,887.95,41125
SHARDUL,20260804,43.99,45.75,43.5,45.66,35712
SHAREINDIA,20260804,180.74,181.99,175.5,176.08,503497
SHARIABEES,20260804,473.0,478.72,470.65,473.86,7244
SHBAJRG,20260804,182.55,194.9,182.55,187.13,2438
SHEKHAWATI,20260804,14.84,14.84,13.88,14.29,49968
SHEMAROO,20260804,118.57,118.98,113.45,116.43,6607
SHILCTECH,20260804,4670.1,4700.0,4600.0,4663.7,17272
SHILPAMED,20260804,622.95,655.75,621.25,644.65,1440785
SHINDL,20260804,161.55,161.95,159.0,159.74,93021
SHIVALIK,20260804,250.0,254.0,246.5,248.05,29869
SHIVAMAUTO,20260804,17.64,17.99,17.64,17.99,3444
SHIVAMILLS,20260804,61.5,62.98,60.45,62.96,524
SHIVATEX,20260804,163.05,164.69,163.0,163.14,634
SHIVAUM,20260804,428.05,428.05,415.1,419.75,2533
SHK,20260804,166.5,167.0,162.12,165.77,594231
SHOPERSTOP,20260804,403.35,427.9,400.0,406.85,186011
SHRADHA,20260804,33.76,34.39,33.76,33.82,5370
SHREDIGCEM,20260804,73.5,73.5,72.45,72.55,28537
SHREECEM,20260804,27000.0,27040.0,26600.0,26900.0,17586
SHREEJISPG,20260804,669.9,673.9,658.0,660.55,455972
SHREEPUSHK,20260804,408.95,426.0,404.0,421.95,47361
SHREERAMA,20260804,40.36,40.36,37.8,38.29,140726
SHRENIK,20260804,0.33,0.34,0.32,0.34,1429493
SHREYANIND,20260804,141.88,142.41,138.92,140.85,1192
SHRIKRISH,20260804,40.12,40.41,40.12,40.25,568
SHRINGARMS,20260804,230.45,233.8,228.59,232.28,544490
SHRIPISTON,20260804,4525.0,4549.0,4090.0,4402.7,60833
SHRIRAMFIN,20260804,1080.0,1091.7,1075.1,1087.3,3516949
SHRIRAMPPS,20260804,85.65,85.99,84.5,84.67,194896
SHYAMCENT,20260804,5.09,5.31,5.09,5.3,47044
SHYAMMETL,20260804,1025.1,1029.4,1014.1,1019.8,407730
SHYAMTEL,20260804,16.65,17.5,16.25,16.45,4972
SICAGEN,20260804,50.0,50.74,49.65,49.73,5339
SICALLOG,20260804,101.57,101.57,101.57,101.57,13553
SIEMENS,20260804,3919.6,4073.8,3919.6,4000.5,1107988
SIGACHI,20260804,25.99,26.8,25.45,26.38,893262
SIGIND,20260804,55.35,57.57,54.56,56.96,122854
SIGMA,20260804,50.7,51.49,47.0,48.09,415541
SIGMAADV,20260804,687.4,687.4,665.0,686.8,630674
SIGNATURE,20260804,833.65,833.65,815.0,818.35,172342
SIGNPOST,20260804,274.9,285.9,266.0,274.0,366107
SIKA,20260804,1124.3,1159.0,1100.0,1113.2,23025
SIKKO,20260804,5.44,5.44,5.15,5.3,1852757
SIL,20260804,17.11,17.11,16.67,16.9,22178
SILGO,20260804,69.61,73.4,69.04,70.99,205853
SILINV,20260804,427.6,433.95,411.0,424.55,4377
SILLYMONKS,20260804,14.9,15.84,14.9,15.38,17846
SILVER,20260804,215.0,217.04,215.0,216.41,694678
SILVER1,20260804,21.47,21.47,20.92,21.01,3270531
SILVER360,20260804,217.6,217.6,212.33,213.39,7940
SILVERADD,20260804,208.62,209.48,208.31,208.73,240883
SILVERAG,20260804,210.52,211.92,210.52,211.29,142938
SILVERAXIS,20260804,216.87,216.87,215.07,215.38,455814
SILVERBEES,20260804,206.55,207.95,206.36,207.35,12935016
SILVERBETA,20260804,209.65,209.96,208.81,209.33,204273
SILVERBND,20260804,217.75,218.39,216.72,217.74,1836
SILVERCASE,20260804,22.3,22.3,21.8,21.96,4382533
SILVERIETF,20260804,215.05,217.0,214.09,216.3,2250240
SILVERTUC,20260804,197.99,202.6,191.3,193.54,389873
SIMBHALS,20260804,7.0,7.23,6.73,7.09,21086
SIMPLEXINF,20260804,235.4,239.25,223.85,233.16,42379
SINCLAIR,20260804,75.0,75.79,72.81,74.03,11487
SINDHUTRAD,20260804,24.37,24.7,24.18,24.37,396292
SINGERIND,20260804,65.7,65.7,64.13,65.3,20080
SINTERCOM,20260804,85.25,87.0,82.12,82.66,3814
SIRCA,20260804,435.0,439.6,429.9,437.0,548456
SIS,20260804,425.1,432.35,422.6,430.05,186973
SITINET,20260804,0.31,0.32,0.3,0.31,492095
SIYSIL,20260804,629.7,638.8,620.0,622.9,59367
SJS,20260804,2485.0,2542.0,2381.5,2432.4,266543
SJVN,20260804,69.74,69.75,68.75,69.0,1402588
SKFINDIA,20260804,1508.8,1530.2,1490.0,1493.3,43510
SKFINDUS,20260804,2770.0,2811.5,2709.8,2771.9,39180
SKIPPER,20260804,551.0,554.8,543.85,546.35,328379
SKMEGGPROD,20260804,245.0,245.0,239.0,240.14,381942
SKYGOLD,20260804,691.85,694.3,673.25,675.5,438087
SMALL250,20260804,18.37,18.37,18.22,18.26,529291
SMALLADD,20260804,18.27,18.39,18.21,18.25,181066
SMALLCAP,20260804,47.4,47.87,47.18,47.61,1463933
SMALLGROWW,20260804,47.0,47.89,47.0,47.73,5217
SMALLIETF,20260804,18.25,18.31,18.17,18.24,177525
SMARTLINK,20260804,220.9,220.94,220.9,220.94,2349
SMARTWORKS,20260804,475.0,483.45,473.0,476.65,30363
SMCGLOBAL,20260804,79.5,80.52,78.62,79.46,241163
SML100CASE,20260804,11.37,11.43,11.14,11.17,2576286
SMLMAH,20260804,5470.0,5544.0,5281.0,5425.0,117012
SMLT,20260804,68.1,71.34,68.1,70.08,23106
SMSPHARMA,20260804,365.5,369.8,361.7,363.5,236700
SNOWMAN,20260804,38.25,40.2,38.02,39.43,272784
SNXT30BEES,20260804,43.88,44.2,43.0,43.68,141166
SNXT50BETA,20260804,96.77,96.77,95.15,95.86,2563
SOBHA,20260804,1372.3,1375.0,1350.0,1358.4,62598
SOFTTECH,20260804,411.0,428.45,411.0,428.45,70
SOLARA,20260804,518.85,522.8,514.05,520.65,128193
SOLARINDS,20260804,18659.0,18800.0,18537.0,18700.0,58255
SOLARWORLD,20260804,184.62,186.0,168.0,169.72,1968506
SOLEX,20260804,946.8,948.8,920.05,925.75,20303
SOMANYCERA,20260804,507.5,519.0,504.75,509.3,75092
SOMATEX,20260804,95.65,97.49,95.0,95.9,8313
SOMICONVEY,20260804,95.93,95.93,93.81,94.76,4072
SONACOMS,20260804,785.0,794.45,774.5,787.0,2041296
SONAL,20260804,89.0,89.0,88.01,88.01,266
SONAMLTD,20260804,55.0,56.0,53.8,54.17,21662
SONATSOFTW,20260804,344.25,354.85,340.4,350.3,2413398
SOTL,20260804,632.0,650.25,622.25,643.0,327137
SOUTHBANK,20260804,47.07,47.25,46.76,46.86,4904547
SOUTHWEST,20260804,240.56,240.56,234.65,235.88,67193
SPAL,20260804,980.0,1034.95,963.55,1032.4,226883
SPANDANA,20260804,263.6,263.6,250.9,256.55,482272
SPARC,20260804,209.79,210.19,206.5,207.27,557756
SPCENET,20260804,3.47,3.51,3.43,3.47,217683
SPECIALITY,20260804,133.9,142.0,129.48,139.46,130939
SPECTRUM,20260804,2550.0,2585.0,2500.0,2552.1,18558
SPENCERS,20260804,33.07,33.99,32.05,32.2,57523
SPIC,20260804,67.3,69.0,67.16,68.09,337746
SPLIL,20260804,30.45,31.79,30.44,31.24,5933
SPLPETRO,20260804,715.0,723.95,710.0,716.8,63483
SPMLINFRA,20260804,195.5,196.19,193.6,194.25,60461
SPORTKING,20260804,233.0,233.0,216.01,217.51,1217820
SRD,20260804,39.21,39.73,38.1,38.68,7154
SREEL,20260804,215.5,217.51,209.0,212.61,15979
SRF,20260804,2663.0,2663.0,2611.0,2642.3,255133
SRGHFL,20260804,308.8,308.85,291.65,294.45,1868
SRHHYPOLTD,20260804,494.05,494.05,483.1,486.7,7152
SRM,20260804,496.4,516.0,493.35,509.85,96753
SRTL,20260804,41.08,41.08,40.11,40.39,23924
SSDL,20260804,54.8,55.8,54.03,54.91,53658
SSWL,20260804,318.0,322.0,313.0,316.5,508275
STALLION,20260804,263.4,269.8,260.3,268.55,1701004
STANLEY,20260804,156.0,157.18,154.01,155.05,53742
STAR,20260804,1029.1,1032.0,976.0,994.6,212103
STARCEMENT,20260804,204.4,204.95,202.78,203.72,110212
STARHEALTH,20260804,593.0,594.45,582.75,587.7,224540
STARPAPER,20260804,148.0,152.57,148.0,152.0,20319
STARTECK,20260804,284.0,284.0,251.0,256.65,7903
STCINDIA,20260804,120.0,120.89,119.0,119.27,23287
STEELCAS,20260804,326.0,341.0,321.0,339.05,488377
STEELCITY,20260804,83.7,91.68,83.2,86.52,547099
STEELXIND,20260804,11.4,11.45,11.14,11.26,1189644
STEL,20260804,557.3,579.2,557.3,561.9,1766
STERTOOLS,20260804,255.05,259.95,248.05,251.65,12824
STLNETWORK,20260804,24.89,25.06,24.24,24.36,298180
STLTECH,20260804,614.1,614.1,595.0,604.45,4970340
STOVEKRAFT,20260804,787.1,813.65,754.55,759.85,982396
STUDDS,20260804,453.8,453.8,443.5,445.6,25333
STYL,20260804,370.65,372.0,360.5,361.7,59843
STYLAMIND,20260804,3470.2,3567.3,3470.2,3523.0,40283
STYLEBAAZA,20260804,281.0,282.0,272.5,277.3,100473
STYRENIX,20260804,2495.0,2653.0,2471.1,2488.6,641179
SUBEXLTD,20260804,12.99,13.49,12.99,13.49,1832562
SUBROS,20260804,823.0,829.25,814.1,826.45,42165
SUDARCOLOR,20260804,372.0,382.8,368.35,377.75,10606
SUDARSCHEM,20260804,1069.9,1081.0,1035.1,1047.2,101653
SUDEEPPHRM,20260804,869.0,890.0,860.1,871.8,131410
SUKHJITS,20260804,163.1,168.89,160.68,165.31,13824
SULA,20260804,165.23,165.23,162.0,163.12,346655
SUMEETINDS,20260804,20.13,20.13,20.13,20.13,48261
SUMICHEM,20260804,519.0,519.15,504.05,511.9,270708
SUMIT,20260804,58.0,58.0,55.22,55.85,41520
SUMMITSEC,20260804,1541.0,1649.0,1521.0,1540.1,33385
SUNCLAY,20260804,1265.5,1269.0,1246.5,1254.6,2922
SUNDARAM,20260804,1.27,1.27,1.24,1.25,400118
SUNDARMFIN,20260804,4849.9,4919.0,4742.5,4779.3,91369
SUNDRMBRAK,20260804,792.95,792.95,772.1,775.0,287
SUNDRMFAST,20260804,993.25,999.0,984.65,992.85,27544
SUNDROP,20260804,679.5,679.5,661.0,666.8,56570
SUNFLAG,20260804,368.0,375.9,365.6,368.25,240042
SUNPHARMA,20260804,1951.1,1965.0,1947.0,1964.0,1452888
SUNTECK,20260804,308.0,309.4,301.6,302.85,145830
SUNTV,20260804,505.0,506.0,500.1,502.35,189211
SUPERHOUSE,20260804,158.0,161.39,154.75,157.69,2970
SUPERSPIN,20260804,6.24,6.24,6.21,6.24,15728
SUPRAJIT,20260804,515.0,515.95,506.0,506.9,96734
SUPREME,20260804,46.03,46.96,45.52,46.83,14876
SUPREMEENG,20260804,2.17,2.17,2.17,2.17,159027
SUPREMEIND,20260804,3530.0,3568.0,3500.0,3501.0,182306
SUPREMEINF,20260804,83.99,89.89,83.0,87.12,115735
SUPRIYA,20260804,879.8,892.05,861.05,887.65,192508
SURAJEST,20260804,203.23,203.23,199.0,200.14,44862
SURAJLTD,20260804,220.0,223.0,215.0,219.96,404
SURAKSHA,20260804,251.9,255.0,250.0,251.1,39895
SURANASOL,20260804,26.53,26.59,25.9,25.95,49294
SURANAT&P,20260804,18.25,18.39,17.75,18.27,41694
SURYALA,20260804,419.75,419.75,405.5,406.55,147
SURYALAXMI,20260804,60.23,61.9,59.2,61.14,10543
SURYAROSNI,20260804,237.32,241.31,236.71,238.22,289165
SURYODAY,20260804,164.5,164.67,161.17,162.76,824515
SUTLEJTEX,20260804,38.0,39.5,38.0,38.12,34342
SUVEN,20260804,307.95,315.0,300.0,309.85,512402
SUVIDHAA,20260804,2.56,2.62,2.48,2.59,138451
SUYOG,20260804,872.15,881.0,831.6,852.55,14412
SUZLON,20260804,48.59,49.15,47.9,48.01,61548498
SVLL,20260804,751.0,751.1,751.0,751.1,377
SVPGLOB,20260804,3.9,3.9,3.77,3.77,24956
SWANCORP,20260804,310.0,315.5,310.0,313.55,1005391
SWANDEF,20260804,2527.0,2590.0,2480.0,2528.8,12860
SWARAJENG,20260804,3635.5,3659.0,3585.1,3598.6,5915
SWELECTES,20260804,613.65,626.95,608.7,620.45,9653
SWIGGY,20260804,286.35,293.85,285.4,291.0,14273970
SWSOLAR,20260804,209.9,210.0,205.63,206.1,567402
SYMPHONY,20260804,679.0,701.55,671.0,672.3,507063
SYNCOMF,20260804,13.17,13.41,12.87,13.3,1610853
SYNGENE,20260804,403.0,412.5,398.9,410.2,925377
SYRMA,20260804,1360.6,1428.0,1354.5,1421.6,2055261
SYSTMTXC,20260804,61.99,62.5,59.1,61.79,2402
TAALTECH,20260804,4099.0,4099.0,3908.0,3930.5,1681
TAINWALCHM,20260804,210.49,212.5,203.15,207.41,1306
TAJGVK,20260804,366.15,371.7,361.05,369.95,174471
TAKE,20260804,22.87,22.87,21.76,22.39,1059947
TALBROAUTO,20260804,417.45,433.9,411.0,415.25,212022
TAMBOLIIN,20260804,217.6,218.7,207.0,209.61,6056
TANLA,20260804,611.0,614.7,600.2,612.5,529241
TARACHAND,20260804,59.25,59.75,58.5,58.88,78290
TARAPUR,20260804,15.9,15.9,14.99,14.99,103865
TARC,20260804,135.1,135.73,132.25,133.31,262865
TARIL,20260804,296.0,301.2,293.05,294.2,1168629
TARMAT,20260804,49.66,50.5,49.66,49.9,2243
TARSONS,20260804,320.35,327.25,313.55,324.2,186710
TASTYBITE,20260804,9417.0,9614.5,9357.0,9461.0,3666
TATACAP,20260804,364.4,366.0,358.3,360.6,856801
TATACHEM,20260804,676.0,677.25,667.0,668.3,268716
TATACOMM,20260804,1781.2,1784.0,1752.2,1778.5,178632
TATACONSUM,20260804,1102.9,1104.4,1079.7,1092.0,2064394
TATAELXSI,20260804,3778.5,3789.0,3732.8,3737.0,162634
TATAGOLD,20260804,13.78,13.88,13.76,13.77,23261566
TATAINVEST,20260804,678.0,688.5,674.0,677.6,231717
TATAPOWER,20260804,382.0,384.2,380.0,380.0,2280780
TATASTEEL,20260804,190.7,192.6,189.0,190.95,22165429
TATATECH,20260804,769.5,769.7,756.4,762.55,443846
TATSILV,20260804,21.5,21.5,20.62,21.06,25767099
TATVA,20260804,1741.1,1797.7,1740.0,1766.3,59337
TBOTEK,20260804,1614.9,1650.3,1575.6,1603.2,721289
TBZ,20260804,286.5,286.5,271.6,275.85,1227601
TCC,20260804,294.0,297.05,285.35,289.4,49952
TCI,20260804,905.0,924.45,905.0,914.05,29558
TCIEXP,20260804,559.8,566.0,553.1,557.35,16451
TCIFINANCE,20260804,15.59,15.59,14.7,15.02,13960
TCPLPACK,20260804,3250.8,3280.0,3200.0,3211.5,2812
TCS,20260804,2463.1,2467.4,2435.1,2460.0,2792792
TDPOWERSYS,20260804,1117.0,1151.5,1117.0,1127.5,647536
TEAMGTY,20260804,217.5,229.9,217.5,218.0,34
TEAMLEASE,20260804,1235.0,1269.9,1231.9,1261.0,46134
TECH,20260804,34.48,35.14,34.26,34.29,87273
TECHM,20260804,1652.9,1659.0,1640.1,1648.5,1978047
TECHNOE,20260804,1000.95,1007.65,982.7,985.4,144769
TECHNVISN,20260804,4466.1,4469.7,4344.0,4407.9,346
TECILCHEM,20260804,11.31,11.31,9.61,9.98,147575
TEGA,20260804,1586.8,1610.0,1562.0,1579.8,101896
TEJASNET,20260804,522.1,541.6,520.2,533.95,2208218
TEMBO,20260804,564.0,581.0,561.0,574.15,260499
TENNIND,20260804,548.7,562.25,544.45,550.55,698958
TERASOFT,20260804,385.3,408.55,385.3,408.55,43076
TEXINFRA,20260804,113.93,114.4,109.81,113.95,558084
TEXMOPIPES,20260804,43.45,43.8,42.26,42.82,16763
TEXRAIL,20260804,115.0,115.18,108.24,108.76,4118673
TFCILTD,20260804,105.65,109.9,105.3,109.48,16566048
TFL,20260804,11.02,11.35,11.02,11.33,7317
TGBHOTELS,20260804,9.15,9.38,9.15,9.22,4892
THACKER,20260804,1050.0,1050.0,1050.0,1050.0,12
THANGAMAYL,20260804,4717.5,4898.0,4717.5,4717.5,807489
THEINVEST,20260804,102.35,102.7,100.52,101.98,2854
THEJO,20260804,2156.0,2171.9,2062.0,2092.9,7484
THELEELA,20260804,500.0,508.95,491.4,500.1,573188
THEMISMED,20260804,107.96,117.9,106.99,115.41,235433
THERMAX,20260804,4118.0,4163.0,4000.0,4015.0,536528
THOMASCOOK,20260804,107.0,111.45,102.58,105.97,4433005
THOMASCOTT,20260804,315.75,316.8,295.85,305.7,57150
THYROCARE,20260804,594.25,607.0,591.5,604.65,1049678
TI,20260804,465.8,493.9,465.8,491.15,2389271
TICL,20260804,9.63,9.8,9.4,9.62,42551
TIGERLOGS,20260804,27.86,27.86,26.77,26.81,131716
TIIL,20260804,2640.0,2675.0,2601.2,2638.9,5141
TIINDIA,20260804,2778.0,2805.3,2724.0,2744.3,430580
TIJARIA,20260804,5.0,5.0,4.83,4.88,174768
TIL,20260804,258.7,263.4,255.05,259.7,713973
TIMETECHNO,20260804,211.0,212.72,206.1,208.83,3504984
TIMEX,20260804,549.25,559.8,542.1,556.95,260662
TIMKEN,20260804,3234.6,3250.6,3200.0,3231.9,61229
TINNARUBR,20260804,1110.0,1144.9,1095.2,1121.0,66169
TIPSFILMS,20260804,379.0,385.75,374.0,378.5,6563
TIPSMUSIC,20260804,686.0,689.65,667.0,669.3,205063
TIRUMALCHM,20260804,184.55,189.0,181.35,185.36,1154931
TIRUPATIFL,20260804,75.0,75.0,72.0,73.21,135259
TITAGARH,20260804,864.0,864.0,846.7,849.75,279304
TITAN,20260804,4935.0,4935.0,4862.0,4935.0,1181747
TMB,20260804,865.8,868.05,851.0,856.8,184830
TMCV,20260804,452.5,455.6,444.2,446.75,5049283
TMPV,20260804,348.95,349.55,345.0,348.55,8003110
TNIDETF,20260804,91.9,92.34,88.5,89.82,70140
TNPETRO,20260804,98.33,99.3,96.3,96.58,60115
TNPL,20260804,155.8,155.8,153.0,153.56,64930
TNTELE,20260804,9.22,9.22,8.93,9.01,17610
TOKYOPLAST,20260804,77.85,79.89,77.85,79.89,133
TOLINS,20260804,103.85,104.8,103.05,103.45,26383
TOP100CASE,20260804,10.52,10.94,10.52,10.75,921662
TOP10ADD,20260804,89.6,89.89,89.06,89.34,174756
TOP15IETF,20260804,10.05,10.17,10.05,10.07,181086
TOP20,20260804,9.16,9.16,9.07,9.1,342243
TORNTPHARM,20260804,5058.0,5058.5,4996.0,5030.0,658560
TORNTPOWER,20260804,1390.0,1390.0,1338.3,1341.0,668171
TOTAL,20260804,52.05,62.46,51.75,62.46,215517
TOUCHWOOD,20260804,66.99,67.44,66.32,66.33,950
TPHQ,20260804,0.42,0.43,0.42,0.43,749854
TPLPLASTEH,20260804,80.0,81.69,79.48,80.37,80407
TRACXN,20260804,30.49,30.96,29.75,30.07,157061
TRANSPEK,20260804,1386.5,1425.0,1336.1,1380.4,24507
TRANSRAILL,20260804,498.75,504.7,494.85,495.8,173362
TRANSWORLD,20260804,163.0,163.0,156.1,159.02,5301
TRAVELFOOD,20260804,1354.0,1371.0,1310.5,1366.1,45504
TREEHOUSE,20260804,6.36,6.48,6.22,6.31,14110
TREJHARA,20260804,135.9,137.5,135.0,137.09,16944
TREL,20260804,23.8,24.64,23.8,24.48,61452
TRENT,20260804,3058.0,3111.0,3038.0,3107.7,1525660
TRF,20260804,229.31,230.7,225.55,228.44,37292
TRIDENT,20260804,24.94,25.16,24.81,24.97,3650643
TRIGYN,20260804,54.5,55.0,53.1,54.03,45801
TRITURBINE,20260804,612.0,635.9,610.15,618.8,1552465
TRIVENI,20260804,235.0,243.91,235.0,243.91,655106
TRU,20260804,4.62,4.91,4.6,4.66,160503
TRUALT,20260804,437.4,444.0,433.05,436.7,137633
TSFINV,20260804,451.0,468.0,451.0,463.2,147059
TTKHLTCARE,20260804,1051.0,1067.9,1025.0,1037.7,14745
TTKPRESTIG,20260804,650.05,656.7,620.0,630.8,111401
TTL,20260804,6.55,6.55,6.21,6.28,99941
TTML,20260804,40.45,40.45,39.82,39.88,738282
TURTLEMINT,20260804,118.93,118.96,114.11,114.65,375136
TVSELECT,20260804,495.0,503.0,493.55,500.45,29222
TVSHLTD,20260804,14985.0,14985.0,14751.0,14790.0,2212
TVSMOTOR,20260804,4389.0,4392.8,4336.0,4360.0,1390832
TVSSCS,20260804,135.9,139.6,135.0,135.54,473681
TVSSRICHAK,20260804,3997.6,4022.9,3872.0,3982.2,3839
TVTODAY,20260804,117.79,117.79,115.0,115.67,23606
TVVISION,20260804,4.73,4.79,4.33,4.45,20666
TWCGOLDETF,20260804,141.39,146.31,140.91,141.39,6345
UBL,20260804,1447.5,1455.8,1423.9,1434.1,166105
UCAL,20260804,112.0,117.0,112.0,115.99,6470
UCOBANK,20260804,26.45,26.45,26.2,26.33,2213528
UDS,20260804,205.0,208.66,201.22,203.83,178636
UEL,20260804,202.91,202.91,185.12,202.91,124594
UFBL,20260804,700.45,735.45,700.0,735.1,936937
UFLEX,20260804,482.25,482.25,472.15,475.35,38067
UFO,20260804,68.8,68.8,67.06,68.11,25682
UGARSUGAR,20260804,42.98,45.15,42.05,44.98,668470
UGROCAP,20260804,99.0,100.0,95.5,97.09,779761
UJJIVANSFB,20260804,70.95,71.76,68.52,70.35,22530135
ULTRACEMCO,20260804,11920.0,12050.0,11905.0,12050.0,126569
ULTRAMAR,20260804,385.2,390.9,382.6,389.0,15109
UMAEXPORTS,20260804,20.42,20.75,20.4,20.49,3517
UMESLTD,20260804,5.51,5.66,5.45,5.46,4847
UMIYA-MRO,20260804,88.85,96.9,88.17,93.06,51763
UNICHEMLAB,20260804,509.95,509.95,495.55,500.3,32909
UNIDT,20260804,234.0,241.0,233.0,238.65,12058
UNIECOM,20260804,86.8,86.81,85.5,86.12,197116
UNIENTER,20260804,96.5,98.97,96.05,96.96,1973
UNIINFO,20260804,12.0,12.5,11.55,12.47,276
UNIMECH,20260804,1340.0,1377.9,1301.1,1334.1,1228868
UNIONBANK,20260804,174.37,175.2,172.44,174.0,6867862
UNIONGOLD,20260804,139.0,139.4,138.4,138.5,1495
UNIPARTS,20260804,740.0,757.0,715.0,732.95,212369
UNITDSPR,20260804,1530.0,1548.0,1521.5,1525.0,553258
UNITECH,20260804,4.26,4.31,4.22,4.23,1453800
UNITEDPOLY,20260804,29.8,30.5,28.55,29.72,62277
UNITEDTEA,20260804,479.05,479.05,468.0,471.4,1144
UNIVASTU,20260804,141.0,146.0,138.0,144.68,202352
UNIVCABLES,20260804,1441.0,1475.0,1415.0,1427.7,186532
UNIVPHOTO,20260804,467.1,479.9,467.1,467.6,36
UNOMINDA,20260804,1218.5,1243.9,1202.0,1227.0,2361917
UPL,20260804,618.75,619.65,580.2,581.9,7452417
URAVIDEF,20260804,115.0,117.6,111.71,113.55,4518
URBANCO,20260804,148.47,151.34,140.55,141.89,29549685
URJA,20260804,10.39,10.39,9.94,10.05,1472678
USHAMART,20260804,503.0,508.0,498.0,503.6,567524
USK,20260804,22.32,22.74,22.11,22.5,32993
UTIAMC,20260804,915.75,922.95,904.5,909.1,178099
UTKARSHBNK,20260804,14.45,14.66,14.37,14.54,2928114
UTLSOLAR,20260804,393.0,395.0,382.6,389.55,178439
UTTAMSUGAR,20260804,240.1,263.0,239.1,253.12,856990
UYFINCORP,20260804,19.79,19.97,18.72,19.36,759105
V2RETAIL,20260804,218.0,220.88,213.91,217.74,831636
VADILALIND,20260804,7349.0,7349.0,7276.0,7294.5,7897
VAIBHAVGBL,20260804,265.7,271.0,260.4,270.1,513857
VAISHALI,20260804,7.89,7.91,7.54,7.82,207489
VAKRANGEE,20260804,6.03,6.12,5.97,6.03,833836
VAL30IETF,20260804,15.62,15.62,15.4,15.44,146650
VALIANTLAB,20260804,62.0,62.8,60.0,62.18,11685
VALIANTORG,20260804,280.0,292.0,280.0,290.75,28740
VALUE,20260804,16.43,16.47,16.33,16.36,9157
VALUEAXIS,20260804,33.06,33.5,32.52,33.3,151592
VAML,20260804,460.1,470.0,455.6,467.6,11199354
VARDHACRLC,20260804,46.7,46.7,44.5,44.53,34131
VARDMNPOLY,20260804,6.14,6.14,6.0,6.03,148760
VARROC,20260804,686.65,688.5,672.55,680.75,116971
VASCONEQ,20260804,33.9,33.91,33.02,33.48,105312
VASWANI,20260804,52.4,52.99,51.61,52.56,8515
VBL,20260804,447.15,447.15,439.0,439.0,3152444
VCL,20260804,1.17,1.17,1.17,1.17,155462
VEDL,20260804,268.0,271.9,266.05,269.0,14077888
VEDPOWER,20260804,35.1,36.48,34.91,35.62,31685114
VEEDOL,20260804,1418.9,1450.0,1413.2,1434.4,16896
VELJAN,20260804,1682.0,1728.0,1615.0,1640.8,2300
VENKEYS,20260804,1565.0,1619.6,1548.1,1595.2,110945
VENTIVE,20260804,630.0,630.0,622.7,626.7,20929
VENUSPIPES,20260804,1564.9,1648.0,1540.0,1633.9,132681
VENUSREM,20260804,1590.0,1599.0,1532.0,1552.9,30996
VERANDA,20260804,256.5,267.45,253.5,257.3,619443
VERTOZ,20260804,35.78,36.88,35.3,35.78,38339
VESUVIUS,20260804,450.0,462.85,449.85,456.6,65317
VETO,20260804,124.0,124.83,121.65,122.56,10108
VGL,20260804,64.0,64.5,61.15,61.33,51839
VGUARD,20260804,315.1,322.0,310.0,313.35,1068101
VHL,20260804,3435.1,3523.7,3332.0,3362.1,998
VHLTD,20260804,137.98,137.98,128.09,129.5,5372
VIDHIING,20260804,345.2,345.2,329.1,330.85,16764
VIDYAWIRES,20260804,94.0,95.65,91.5,92.14,958126
VIJAYA,20260804,1348.0,1394.0,1341.9,1385.1,149377
VIJIFIN,20260804,10.61,10.61,10.61,10.61,17251
VIKASECO,20260804,1.12,1.12,1.1,1.11,1550612
VIKASLIFE,20260804,1.28,1.29,1.25,1.26,2835764
VIKRAMSOLR,20260804,178.0,181.79,176.5,180.04,1808584
VIKRAN,20260804,72.8,73.0,72.0,72.25,640259
VIMTALABS,20260804,625.0,648.0,616.1,642.25,441428
VINATIORGA,20260804,1334.3,1341.2,1315.0,1319.6,27133
VINCOFE,20260804,153.6,154.55,150.99,152.75,1480893
VINDHYATEL,20260804,2440.0,2467.7,2300.1,2336.6,225961
VINEETLAB,20260804,39.8,39.8,37.61,39.75,66441
VINNY,20260804,1.07,1.1,1.06,1.07,470909
VINYLINDIA,20260804,246.29,250.51,243.81,247.61,15530
VIPCLOTHNG,20260804,21.6,21.89,21.5,21.51,19420
VIPIND,20260804,311.0,311.95,300.0,301.5,98445
VIPULLTD,20260804,11.21,11.38,10.9,11.19,317447
VIRINCHI,20260804,15.9,15.9,15.33,15.61,42817
VISACHROME,20260804,37.85,38.05,37.0,38.05,7909
VISAKAIND,20260804,87.42,88.49,85.9,86.74,166517
VISHNU,20260804,599.7,606.75,592.25,594.05,76100
VISHWARAJ,20260804,5.33,5.6,5.24,5.47,323900
VISL,20260804,33.9,35.58,33.71,35.55,75372766
VITAL,20260804,48.66,49.38,48.66,49.38,2200
VIVIANA,20260804,716.95,728.9,690.0,702.65,16567
VIVIDHA,20260804,0.54,0.54,0.51,0.51,183944
VIVIMEDLAB,20260804,5.1,5.15,4.93,5.04,38408
VIYASH,20260804,265.45,268.9,262.25,266.4,1939437
VLEGOV,20260804,10.35,10.55,10.35,10.55,36827
VLSFINANCE,20260804,258.0,258.0,254.25,255.15,4573
VMART,20260804,781.95,785.0,770.0,775.35,47498
VMM,20260804,111.2,112.83,110.85,111.3,12245621
VMSTMT,20260804,43.76,45.01,43.76,44.66,19056
VOEPL,20260804,499.0,500.95,478.0,484.15,50374
VOGL,20260804,35.1,38.43,34.72,37.8,72774029
VOLTAMP,20260804,9970.0,10020.0,9767.5,9881.5,51031
VOLTAS,20260804,1331.4,1358.0,1310.1,1327.7,511249
VPRPL,20260804,28.38,29.1,27.5,28.48,179711
VRAJ,20260804,124.05,124.08,121.15,121.59,22708
VRLLOG,20260804,277.0,283.0,270.0,280.25,4798296
VSSL,20260804,303.0,309.7,300.6,304.8,152977
VSTIND,20260804,220.0,222.66,219.54,221.22,186606
VSTL,20260804,111.8,113.98,109.63,111.52,15619
VSTTILLERS,20260804,4472.8,4498.0,4405.0,4462.4,8353
VTL,20260804,590.0,603.45,589.0,598.05,377714
WAAREEENER,20260804,2678.0,2695.0,2662.0,2670.0,614626
WAAREEINDO,20260804,329.05,329.05,312.0,313.35,89050
WAAREERTL,20260804,919.65,924.0,911.25,912.6,99370
WABAG,20260804,2025.0,2025.0,1944.0,1951.4,377146
WAKEFIT,20260804,128.81,130.7,127.15,128.02,625556
WALCHANNAG,20260804,230.0,234.95,227.9,233.88,371095
WANBURY,20260804,286.2,294.65,276.0,278.9,328605
WCIL,20260804,90.8,91.8,90.32,91.39,19934
WEALTH,20260804,928.05,943.15,918.0,928.5,1724
WEBELSOLAR,20260804,98.0,98.49,95.7,96.32,1313772
WEIZMANIND,20260804,77.11,78.97,77.11,77.3,880
WEL,20260804,125.49,125.49,116.62,117.69,176162
WELCORP,20260804,1706.0,1743.5,1701.0,1736.6,570737
WELENT,20260804,608.0,616.95,600.0,606.9,738163
WELINV,20260804,1850.0,1949.0,1812.1,1900.0,186
WELSPLSOL,20260804,50.7,51.4,50.49,50.57,123716
WELSPUNLIV,20260804,154.0,161.32,153.16,160.73,1726771
WENDT,20260804,8230.0,8230.0,8080.0,8102.0,4866
WESTLIFE,20260804,535.0,548.55,523.55,542.55,161027
WEWIN,20260804,44.5,47.0,44.5,45.21,884
WEWORK,20260804,744.6,759.9,736.0,737.35,348646
WHEELS,20260804,1420.0,1439.5,1400.0,1408.8,49460
WHIRLPOOL,20260804,829.4,836.0,817.0,820.5,210664
WILLAMAGOR,20260804,26.57,26.57,25.6,25.6,1487
WINDLAS,20260804,862.05,879.35,856.15,862.25,19979
WINDMACHIN,20260804,282.0,286.0,280.3,282.9,16491
WIPL,20260804,172.99,173.0,168.51,168.51,1100
WIPRO,20260804,189.0,189.4,186.3,186.3,11903457
WOCKPHARMA,20260804,2028.4,2067.7,2004.7,2022.6,787321
WONDERLA,20260804,485.0,522.5,481.1,508.85,1330442
WORTHPERI,20260804,147.67,158.0,145.0,152.98,60961
WPIL,20260804,457.9,457.9,444.5,446.1,13209
WSI,20260804,60.52,61.0,59.8,60.01,26752
WSTCSTPAPR,20260804,568.9,581.0,567.0,571.75,135852
XCHANGING,20260804,67.85,68.84,67.0,68.39,60951
XELPMOC,20260804,84.0,84.0,80.0,81.52,8868
XPROINDIA,20260804,1301.0,1320.8,1158.5,1178.2,219434
XTGLOBAL,20260804,33.1,33.77,32.15,33.17,145165
XTRANET,20260804,122.5,130.0,122.5,127.94,545948
YASHO,20260804,4000.0,4490.0,3961.0,4359.9,370550
YATHARTH,20260804,833.95,849.5,831.75,845.5,221744
YATRA,20260804,108.8,108.8,106.0,106.95,545069
YESBANK,20260804,23.0,23.01,22.78,23.0,41667544
YUKEN,20260804,719.1,722.0,712.0,714.9,2800
ZAGGLE,20260804,208.0,208.0,203.25,203.84,472398
ZEEL,20260804,99.0,100.8,98.05,99.55,27006787
ZEELEARN,20260804,8.25,8.25,7.95,8.07,104189
ZEEMEDIA,20260804,7.22,7.31,7.04,7.05,2845367
ZENITHEXPO,20260804,198.89,198.89,196.0,197.0,217
ZENITHSTL,20260804,5.74,5.74,5.59,5.61,36460
ZENSARTECH,20260804,519.0,522.95,506.2,511.8,1222797
ZENTEC,20260804,1656.0,1724.4,1656.0,1683.4,470480
ZFCVINDIA,20260804,2458.3,2575.0,2445.8,2555.6,303524
ZFSTEERING,20260804,682.0,682.0,662.65,665.95,1799
ZIMLAB,20260804,109.35,110.99,106.1,109.03,23348
ZODIAC,20260804,253.0,266.3,253.0,257.6,12702
ZODIACLOTH,20260804,76.75,78.25,76.71,76.93,1892
ZOTA,20260804,1280.0,1309.0,1236.2,1252.5,40376
ZSARACOM,20260804,12119.0,12281.0,11862.0,12048.0,53
ZUARI,20260804,233.27,235.0,230.04,231.65,73234
ZUARIIND,20260804,260.6,265.0,259.3,263.65,14894
ZYDUSLIFE,20260804,1125.0,1130.0,1113.1,1130.0,1085433
ZYDUSWELL,20260804,564.5,564.5,530.6,550.2,1482668
