SYMBOL,TIMESTAMP,OPEN,HIGH,LOW,CLOSE,VOLUME
20MICRONS,20260806,195.0,195.3,191.5,191.71,114716
21STCENMGM,20260806,43.45,43.45,42.01,43.3,17825
360ONE,20260806,1193.1,1197.0,1180.9,1186.0,959901
3BBLACKBIO,20260806,1207.0,1226.8,1201.0,1205.9,5430
3IINFOLTD,20260806,25.25,25.65,24.95,25.5,1726151
3MINDIA,20260806,35805.0,36595.0,35710.0,36000.0,4631
3PLAND,20260806,31.76,32.1,31.47,32.1,1258
5PAISA,20260806,370.0,372.0,364.8,366.1,23398
63MOONS,20260806,867.3,884.9,855.0,858.2,223129
A2ZINFRA,20260806,16.63,16.89,15.8,16.73,723134
AAATECH,20260806,91.8,94.01,91.4,93.12,65396
AADHARHFC,20260806,506.35,517.8,499.0,514.9,380689
AAKASH,20260806,9.0,9.09,8.91,8.99,91148
AAREYDRUGS,20260806,86.9,86.9,81.15,81.8,81861
AARNAV,20260806,30.25,31.49,30.25,30.86,30002
AARON,20260806,133.56,136.85,133.0,134.57,10219
AARTECH,20260806,47.62,47.71,46.27,47.25,12975
AARTIDRUGS,20260806,412.4,417.4,409.95,410.85,98981
AARTIIND,20260806,485.95,507.3,483.4,501.2,2569945
AARTIPHARM,20260806,683.0,699.0,679.8,692.25,165905
AARTISURF,20260806,532.0,563.0,525.0,551.35,85585
AARVI,20260806,158.93,159.49,155.0,155.87,26550
AASTHA,20260806,82.88,82.88,82.88,82.88,249739
AAVAS,20260806,1390.0,1396.4,1367.7,1376.3,47943
ABAN,20260806,19.16,19.16,18.55,19.16,87544
ABANSENT,20260806,25.1,26.6,25.1,26.48,1159
ABB,20260806,7737.0,7784.5,7671.0,7735.0,159592
ABBOTINDIA,20260806,27830.0,27990.0,27750.0,27855.0,6071
ABCAPITAL,20260806,424.0,425.95,419.0,421.5,2147659
ABCOTS,20260806,202.9,202.9,199.15,200.87,1989
ABDL,20260806,615.05,619.65,596.85,605.0,364877
ABFRL,20260806,62.2,64.1,61.15,63.26,12219124
ABGSEC,20260806,114.01,114.89,114.01,114.89,232
ABINFRA,20260806,10.13,10.15,9.91,10.01,355328
ABLBL,20260806,95.49,95.6,94.11,94.66,495226
ABMINTLLTD,20260806,45.47,45.47,41.36,41.41,192
ABMKNO,20260806,194.0,197.0,190.1,190.87,1738
ABREL,20260806,1428.9,1428.9,1384.1,1390.8,98585
ABSL10BANK,20260806,171.21,172.5,170.73,171.96,30772
ABSLAMC,20260806,1017.1,1028.5,1005.6,1024.1,169770
ABSLBANETF,20260806,59.3,59.53,59.01,59.43,34064
ABSLLIQUID,20260806,1000.0,1000.01,999.99,999.99,6398
ABSLMSCIN,20260806,30.23,30.25,30.07,30.22,839
ABSLNN50ET,20260806,78.11,78.7,78.11,78.38,79396
ABSLPSE,20260806,10.35,10.35,10.29,10.34,90041
ACC,20260806,1399.5,1399.8,1370.1,1378.4,161060
ACCELYA,20260806,1137.9,1147.4,1133.0,1137.2,5880
ACCURACY,20260806,4.81,4.87,4.65,4.77,76950
ACE,20260806,1134.4,1148.0,1110.0,1113.7,246747
ACEINTEG,20260806,19.78,19.78,18.94,19.0,3186
ACI,20260806,524.0,526.75,516.1,517.85,194162
ACL,20260806,47.43,48.48,47.2,47.99,11990
ACMESOLAR,20260806,380.7,380.7,373.0,375.45,1423424
ACSTECH,20260806,46.4,46.54,44.71,45.97,635273
ACUTAAS,20260806,3289.8,3294.9,3233.0,3260.6,107779
ADANIENSOL,20260806,1641.9,1641.9,1603.9,1620.0,938596
ADANIENT,20260806,3050.0,3072.4,3025.7,3026.0,843121
ADANIGREEN,20260806,1385.1,1386.8,1370.0,1371.5,814990
ADANIPORTS,20260806,1704.0,1706.0,1685.8,1695.0,1254956
ADANIPOWER,20260806,208.59,210.2,206.7,208.12,15357824
ADFFOODS,20260806,265.95,265.95,256.05,261.4,374343
ADL,20260806,71.75,73.49,70.0,70.1,1377
ADOR,20260806,1518.0,1518.0,1462.7,1484.8,22159
ADROITINFO,20260806,10.02,10.02,9.77,9.81,5796
ADSL,20260806,117.25,119.6,116.0,116.92,169652
ADVAIT,20260806,2293.6,2330.6,2250.2,2313.1,49255
ADVANCE,20260806,137.5,141.5,126.35,129.78,4647623
ADVANIHOTR,20260806,50.54,51.16,50.36,50.77,26013
ADVENTHTL,20260806,146.29,148.09,145.7,146.8,60150
ADVENZYMES,20260806,332.75,334.2,328.15,329.8,167539
AEGISLOG,20260806,1398.0,1497.8,1340.4,1400.0,3282416
AEGISVOPAK,20260806,280.95,299.95,277.95,288.7,3393107
AEPL,20260806,14.53,14.59,14.05,14.52,16796
AEQUS,20260806,240.0,244.15,237.53,239.05,2165682
AEROENTER,20260806,132.01,133.9,128.07,130.32,367932
AEROFLEX,20260806,459.5,459.5,431.1,438.5,1044958
AERONEU,20260806,87.15,87.15,84.61,85.44,137199
AEROPLANE,20260806,201.0,204.0,195.01,196.8,350369
AETHER,20260806,1580.0,1619.9,1561.2,1584.4,240048
AFCONS,20260806,280.0,287.95,276.5,278.75,1942703
AFFLE,20260806,1676.8,1700.5,1662.2,1688.7,221349
AFFORDABLE,20260806,180.87,190.85,180.01,190.85,17931
AFIL,20260806,9.35,9.35,8.8,9.06,827513
AFSL,20260806,201.9,201.95,201.07,201.25,3729
AGARIND,20260806,525.0,527.85,515.2,524.2,24208
AGARWALEYE,20260806,519.0,549.7,518.0,532.3,241448
AGI,20260806,719.3,719.3,708.0,710.55,36879
AGIIL,20260806,304.0,309.0,301.3,304.35,1406107
AGL,20260806,13.29,14.46,13.12,14.46,12134338
AGRITECH,20260806,110.0,111.7,108.23,109.02,2743
AGROPHOS,20260806,28.44,28.5,27.7,28.46,16101
AGSTRA,20260806,2.09,2.09,2.0,2.04,371029
AHCL,20260806,14.5,14.58,13.81,14.21,2562428
AHLADA,20260806,37.79,37.8,37.0,37.57,2849
AHLEAST,20260806,141.2,145.8,141.2,142.41,1431
AHLUCONT,20260806,835.6,838.95,825.0,829.25,12407
AHLWEST,20260806,519.9,543.0,519.9,542.0,1073
AIAENG,20260806,4626.6,4859.8,4602.6,4795.4,82559
AIIL,20260806,575.0,607.7,568.95,596.2,3428888
AIRAN,20260806,14.96,15.16,14.96,15.05,23900
AIROLAM,20260806,91.19,93.0,88.34,90.8,1040
AJANTPHARM,20260806,3445.0,3491.0,3442.5,3470.4,49287
AJAXENGG,20260806,585.0,588.95,555.85,568.05,357055
AJMERA,20260806,125.0,125.0,122.83,123.47,184197
AJOONI,20260806,3.96,3.97,3.9,3.91,153583
AKASH,20260806,26.55,27.0,26.43,26.45,11936
AKCAPIT,20260806,1741.0,1763.9,1671.4,1690.3,1295
AKG,20260806,8.8,8.98,8.43,8.65,102120
AKI,20260806,4.27,5.0,4.21,4.5,1005418
AKSHAR,20260806,0.45,0.46,0.44,0.44,563897
AKSHARCHEM,20260806,273.28,286.5,262.0,280.84,9279
AKSHOPTFBR,20260806,6.5,6.59,6.48,6.58,438341
AKUMS,20260806,670.0,670.95,656.5,662.55,99826
ALANKIT,20260806,7.93,8.1,7.93,8.09,87414
ALBERTDAVD,20260806,709.0,745.0,696.0,730.55,20899
ALEMBICLTD,20260806,87.5,87.5,86.5,86.66,272858
ALGOQUANT,20260806,68.14,68.14,65.27,66.15,1568371
ALICON,20260806,730.0,742.4,700.0,737.9,117208
ALIVUS,20260806,1329.9,1377.9,1312.6,1325.2,167654
ALKALI,20260806,68.0,68.96,66.0,68.7,11357
ALKEM,20260806,5692.0,5695.5,5586.0,5597.5,109477
ALKYLAMINE,20260806,1940.0,1969.5,1916.0,1921.9,91905
ALLCARGO,20260806,8.35,9.76,8.3,9.76,169686303
ALLDIGI,20260806,815.7,815.7,801.6,808.8,6526
ALLTIME,20260806,217.6,221.65,217.09,217.82,80657
ALMONDZ,20260806,14.3,14.89,14.15,14.35,93954
ALOKINDS,20260806,11.98,12.03,11.95,11.98,1698810
ALPA,20260806,68.9,72.5,67.06,69.97,41530
ALPHA,20260806,53.2,53.6,52.62,53.51,810315
ALPHAETF,20260806,26.66,26.66,26.4,26.45,581154
ALPHAGEO,20260806,239.78,240.0,224.1,233.57,29077
ALPINETEX,20260806,67.85,68.85,66.0,66.25,283168
ALPL30IETF,20260806,28.46,28.65,28.2,28.47,251434
AMAGI,20260806,669.5,673.85,645.1,649.1,251570
AMANTA,20260806,169.54,169.54,169.54,169.54,7356
AMBALALSA,20260806,43.3,44.72,42.11,43.7,336057
AMBER,20260806,7526.0,7550.0,7416.0,7425.0,102768
AMBICAAGAR,20260806,25.1,25.4,24.81,24.83,5807
AMBIKCO,20260806,1827.0,1840.0,1791.0,1826.0,41789
AMBUJACEM,20260806,447.5,447.5,436.0,436.5,3853693
AMDIND,20260806,47.05,47.5,46.33,46.39,3493
AMJLAND,20260806,38.24,39.69,38.24,38.97,5609
AMNPLST,20260806,198.0,201.7,192.9,195.43,11501
AMRUTANJAN,20260806,522.75,524.65,518.1,520.0,17958
ANANDRATHI,20260806,2047.0,2080.0,2028.5,2071.5,560790
ANANTRAJ,20260806,629.7,632.2,615.3,617.4,1198644
ANDHRAPAP,20260806,60.58,61.1,60.26,60.68,91350
ANDHRSUGAR,20260806,86.75,87.89,86.37,87.12,127361
ANGELONE,20260806,299.2,300.9,296.45,297.1,2142791
ANIKINDS,20260806,45.79,45.79,42.0,43.09,2145
ANKITMETAL,20260806,1.56,1.62,1.56,1.57,36717
ANMOL,20260806,10.13,10.4,9.9,10.02,17738
ANSALAPI,20260806,3.58,3.58,3.54,3.57,34015
ANTELOPUS,20260806,869.9,895.9,856.0,860.4,138558
ANTGRAPHIC,20260806,0.77,0.77,0.74,0.75,66373
ANTHEM,20260806,832.65,837.0,813.0,825.65,799264
ANUHPHR,20260806,79.0,79.92,78.71,79.31,57112
ANUP,20260806,2225.0,2296.4,1901.0,1993.3,678945
ANURAS,20260806,1224.0,1224.0,1210.0,1213.0,88592
AONEGOLD,20260806,13.75,13.86,13.67,13.8,903756
AONELIQUID,20260806,1071.35,1071.37,1071.35,1071.36,29025
AONENIFTY,20260806,10.38,10.38,10.13,10.16,145413
AONESILVER,20260806,8.55,8.61,8.51,8.57,775067
AONETMMQ50,20260806,10.26,10.26,10.15,10.2,23891
AONETOTAL,20260806,12.25,12.25,12.01,12.1,151531
APARINDS,20260806,15711.0,16316.0,15531.0,16126.0,207441
APCL,20260806,108.6,108.6,104.1,105.43,7046
APCOTEXIND,20260806,632.5,635.0,612.0,620.6,192331
APEX,20260806,379.8,381.9,373.5,375.15,49137
APLAPOLLO,20260806,1968.0,1996.0,1945.0,1945.0,824303
APLLTD,20260806,818.2,838.4,817.15,834.45,210314
APOLLO,20260806,400.15,408.55,396.55,403.95,5525788
APOLLOHOSP,20260806,8947.0,9015.0,8880.0,8974.5,399856
APOLLOPIPE,20260806,538.1,540.0,527.0,527.25,829287
APOLLOTYRE,20260806,445.25,451.75,441.25,449.7,907493
APOLSINHOT,20260806,1216.9,1300.0,1195.2,1243.6,2384
APTECHT,20260806,99.0,99.99,96.0,97.0,75380
APTUS,20260806,263.15,265.7,260.05,260.8,824005
AQYLON,20260806,27.45,28.01,27.21,28.0,11196913
ARCHIDPLY,20260806,83.48,85.95,80.65,82.04,26416
ARCHIES,20260806,14.02,14.44,14.0,14.35,14992
ARE&M,20260806,940.0,944.0,925.0,927.45,494562
ARENTERP,20260806,38.93,41.4,36.6,37.82,5024
ARFIN,20260806,85.76,88.74,85.26,86.98,1940966
ARIES,20260806,344.8,348.9,335.2,344.05,11553
ARIHANT,20260806,1102.8,1147.0,1072.0,1130.4,1815
ARIHANTCAP,20260806,77.75,77.75,76.5,76.79,50052
ARIHANTSUP,20260806,258.0,270.2,256.1,267.3,25583
ARIS,20260806,133.7,135.0,125.0,132.03,2775519
ARKADE,20260806,139.0,140.49,138.37,139.75,193019
ARMANFIN,20260806,2064.9,2065.5,2011.0,2031.5,32572
AROGRANITE,20260806,25.6,26.9,25.51,26.05,4150
ARROWGREEN,20260806,766.75,767.0,733.2,746.1,17337
ARSHIYA,20260806,0.93,0.95,0.92,0.94,640074
ARSSBL,20260806,515.0,518.45,509.3,510.8,66329
ARTEMISMED,20260806,320.2,324.0,310.0,311.7,457583
ARTNIRMAN,20260806,41.38,42.78,40.06,41.75,1839
ARVEE,20260806,158.16,160.0,155.0,155.7,662
ARVIND,20260806,547.5,553.95,538.05,546.1,466341
ARVINDFASN,20260806,461.35,467.6,455.75,459.5,193939
ARVSMART,20260806,598.0,605.85,590.7,603.3,29048
ASAHIINDIA,20260806,926.7,932.8,886.15,913.95,588303
ASAHISONG,20260806,385.6,385.6,370.0,373.7,21298
ASAL,20260806,518.0,522.5,507.0,509.9,19693
ASALCBR,20260806,765.0,780.6,764.75,767.25,18234
ASHAPURMIN,20260806,739.8,751.95,726.05,729.1,676599
ASHIANA,20260806,386.0,389.95,380.0,381.8,36743
ASHIKAG,20260806,468.5,478.0,461.25,474.05,420087
ASHIMASYN,20260806,18.25,18.4,17.77,18.12,104672
ASHOKA,20260806,120.9,120.9,119.6,119.83,542817
ASHOKAMET,20260806,14.48,14.48,14.08,14.11,4995
ASHOKLEY,20260806,176.99,177.85,175.29,177.5,15063477
ASIANENE,20260806,398.5,401.8,390.0,391.65,259676
ASIANHOTNR,20260806,307.0,317.85,306.6,316.0,119244
ASIANPAINT,20260806,2788.0,2788.0,2741.6,2755.0,797083
ASIANTILES,20260806,53.05,56.48,53.02,55.98,5759159
ASKAUTOLTD,20260806,637.55,687.7,626.15,678.8,9246516
ASMS,20260806,7.5,7.54,7.15,7.21,202555
ASPINWALL,20260806,249.04,249.04,233.71,242.03,1494
ASTAR,20260806,619.9,619.9,590.0,590.0,63
ASTEC,20260806,618.4,627.9,615.0,620.35,11032
ASTERDM,20260806,823.9,874.0,809.6,844.45,2438796
ASTRAL,20260806,1439.6,1456.8,1434.2,1442.0,196726
ASTRAMICRO,20260806,1822.9,1822.9,1783.0,1802.2,232224
ASTRAZEN,20260806,8099.0,8124.5,8050.0,8075.5,3198
ASTRON,20260806,3.74,3.77,3.69,3.72,19949
ATALREAL,20260806,34.67,34.89,34.29,34.64,10925158
ATAM,20260806,65.0,65.8,64.5,64.61,3200
ATGL,20260806,662.8,664.15,655.05,660.25,373836
ATHERENERG,20260806,1470.8,1505.0,1440.0,1453.2,4844393
ATL,20260806,23.57,25.95,23.34,25.57,1027024
ATLANTAA,20260806,39.71,41.67,39.16,40.31,31647
ATLANTAELE,20260806,1667.0,1667.0,1580.0,1592.9,49951
ATLASCYCLE,20260806,97.85,98.3,96.25,97.68,5875
ATUL,20260806,6859.0,6875.0,6770.0,6796.5,85917
ATULAUTO,20260806,583.2,586.0,574.6,579.55,239269
AUBANK,20260806,1051.3,1105.9,1045.7,1087.6,4756035
AURIONPRO,20260806,731.1,737.0,727.0,730.0,192815
AUROPHARMA,20260806,1625.0,1634.4,1584.2,1588.9,1299019
AURUM,20260806,227.99,227.99,220.0,222.48,197698
AURUS,20260806,4.79,4.79,4.42,4.56,48050
AUSOMENT,20260806,145.0,145.65,136.5,138.28,1270
AUTOAXLES,20260806,1900.0,1910.4,1837.8,1848.9,33724
AUTOBEES,20260806,303.23,304.7,300.54,301.21,322531
AUTOIETF,20260806,30.36,30.5,30.11,30.16,596505
AUTOIND,20260806,97.4,98.9,93.61,95.79,168959
AVADHSUGAR,20260806,600.05,619.85,591.45,602.9,100930
AVALON,20260806,1821.0,1871.9,1750.3,1774.5,507302
AVANTEL,20260806,164.87,167.49,163.78,164.44,950624
AVANTIFEED,20260806,905.0,913.5,884.0,891.9,388968
AVG,20260806,205.0,205.0,200.35,202.42,8187
AVL,20260806,623.9,634.45,620.3,629.7,145725
AVONMORE,20260806,11.55,11.58,11.02,11.1,163708
AVROIND,20260806,9.15,9.35,8.85,9.11,461290
AVTNPL,20260806,71.0,72.38,70.82,71.59,54031
AWFIS,20260806,276.4,277.4,271.05,271.9,180716
AWHCL,20260806,427.0,432.9,424.0,426.2,76171
AWL,20260806,193.01,199.33,192.15,197.38,4418267
AXISBANK,20260806,1256.1,1259.9,1248.3,1256.0,4845792
AXISCADES,20260806,1601.0,1644.0,1574.1,1631.4,168146
AXITA,20260806,7.39,7.42,7.3,7.3,714393
AYE,20260806,167.23,168.85,164.05,166.55,370391
AYMSYNTEX,20260806,252.0,258.4,250.0,251.65,17588
AZAD,20260806,2455.0,2480.0,2426.0,2455.8,292541
BAFNAPH,20260806,284.55,284.55,284.55,284.55,672182
BAGFILMS,20260806,4.36,4.4,4.2,4.35,104176
BAIDFIN,20260806,10.03,10.17,10.0,10.1,22997
BAJAJ-AUTO,20260806,11748.0,11778.0,11549.0,11620.0,250127
BAJAJCON,20260806,530.0,539.0,527.2,532.6,282091
BAJAJELEC,20260806,348.0,407.5,345.0,382.5,12003859
BAJAJFINSV,20260806,2070.0,2103.0,2068.6,2086.0,1819169
BAJAJHCARE,20260806,332.95,335.95,327.1,329.2,97013
BAJAJHFL,20260806,86.98,87.1,86.11,86.41,2170026
BAJAJHIND,20260806,17.8,17.81,17.46,17.53,4374149
BAJAJHLDNG,20260806,11496.0,11583.0,11387.0,11387.0,49087
BAJAJINDEF,20260806,232.1,238.0,231.21,236.77,11072
BAJAJST,20260806,396.6,398.9,384.05,386.8,16562
BAJEL,20260806,186.0,196.9,184.31,194.34,1245603
BAJFINANCE,20260806,1155.5,1160.2,1144.6,1144.8,6472397
BALAJEE,20260806,27.31,27.95,26.16,27.17,29212
BALAJITELE,20260806,84.35,86.79,84.12,85.54,68265
BALAMINES,20260806,2008.9,2129.8,1998.0,2100.8,299578
BALAXI,20260806,24.55,24.8,24.17,24.2,35022
BALKRISHNA,20260806,17.5,17.99,17.37,17.37,2210
BALKRISIND,20260806,2488.0,2521.7,2397.3,2465.7,126576
BALMLAWRIE,20260806,175.99,177.2,175.12,176.74,70934
BALPHARMA,20260806,89.0,90.18,86.21,86.89,15870
BALRAMCHIN,20260806,638.15,639.8,623.3,629.3,436928
BALUFORGE,20260806,448.0,464.9,444.05,458.45,944256
BANARBEADS,20260806,116.35,117.5,112.25,114.23,3865
BANARISUG,20260806,3475.0,3525.0,3475.0,3510.5,1600
BANCOINDIA,20260806,690.0,693.6,677.15,681.85,132280
BANDHANBNK,20260806,173.0,176.8,173.0,174.66,28299072
BANG,20260806,30.5,30.5,29.71,30.16,6104
BANK10ADD,20260806,17.07,17.18,16.95,17.0,108407
BANK10BETF,20260806,20.94,21.29,20.94,21.29,2305
BANKA,20260806,87.0,87.99,86.0,87.22,1694
BANKADD,20260806,59.02,59.45,58.8,59.39,4746
BANKBARODA,20260806,246.11,251.0,245.6,251.0,9633422
BANKBEES,20260806,596.31,601.0,595.0,600.16,783588
BANKBETA,20260806,59.31,60.2,59.2,60.08,61181
BANKBETF,20260806,59.41,59.41,58.41,58.96,7334
BANKETF,20260806,588.3,591.99,588.3,591.34,4890
BANKIETF,20260806,60.48,60.48,59.1,59.49,229997
BANKINDIA,20260806,141.7,143.17,140.61,142.66,6155628
BANKNIFTY1,20260806,59.91,60.46,59.91,60.35,238638
BANKPSU,20260806,86.11,88.0,86.11,87.9,19862
BANSALWIRE,20260806,324.2,341.0,322.6,331.1,512649
BANSWRAS,20260806,124.8,125.0,123.06,123.78,8095
BASF,20260806,4050.0,4186.0,4012.3,4125.0,173703
BASML,20260806,27.3,27.71,26.75,27.1,45865
BATAINDIA,20260806,734.45,740.0,725.0,728.1,410022
BATLIBOI,20260806,98.0,106.5,98.0,102.67,1102786
BAYERCROP,20260806,4302.0,4338.9,4201.0,4214.9,45900
BBETF0432,20260806,1356.95,1356.95,1348.02,1351.96,1596
BBL,20260806,2330.0,2379.9,2322.0,2345.8,34358
BBNPNBETF,20260806,57.44,58.59,57.44,58.44,2614
BBNPPGOLD,20260806,141.0,143.5,141.0,142.95,8614
BBOX,20260806,756.0,767.55,739.0,741.7,203591
BBTC,20260806,1505.0,1533.8,1495.0,1498.0,29429
BBTCL,20260806,222.5,227.89,220.0,221.83,18107
BCG,20260806,9.39,9.4,8.52,9.24,5557161
BCLIND,20260806,37.03,37.43,36.6,36.75,511450
BCONCEPTS,20260806,181.0,184.39,175.05,177.36,17843
BCPL,20260806,70.1,71.68,68.05,70.09,10467
BDL,20260806,1243.1,1308.6,1235.2,1299.0,2795990
BEARDSELL,20260806,27.26,27.75,26.8,27.29,9298
BECTORFOOD,20260806,213.7,214.44,209.0,210.48,1790852
BEDMUTHA,20260806,116.02,119.0,112.0,112.41,2335
BEEKAY,20260806,396.45,410.0,394.0,394.45,6638
BEL,20260806,389.65,400.9,388.65,399.2,17574744
BELLACASA,20260806,243.65,243.65,239.75,240.39,5597
BELRISE,20260806,243.25,245.5,240.85,244.61,4084296
BEML,20260806,1680.0,1738.6,1670.5,1725.1,304335
BENGALASM,20260806,6296.0,6296.0,6200.0,6230.5,582
BEPL,20260806,121.98,123.3,120.08,122.42,1506377
BERGEPAINT,20260806,546.0,557.3,535.6,537.6,1078895
BESTAGRO,20260806,21.84,21.84,20.0,20.24,6418696
BETA,20260806,2400.0,2550.0,2398.9,2518.9,66076
BFINVEST,20260806,481.0,485.25,471.0,472.95,35930
BFSI,20260806,27.82,27.98,27.82,27.95,193991
BFUTILITIE,20260806,560.8,564.95,558.0,560.15,42520
BGRENERGY,20260806,257.95,260.0,246.1,254.1,102680
BHAGCHEM,20260806,281.0,286.4,273.0,275.4,109660
BHAGERIA,20260806,212.4,214.06,203.1,207.07,43484
BHAGYANGR,20260806,383.75,386.5,376.0,382.05,61428
BHANDARI,20260806,2.87,2.87,2.83,2.86,67845
BHARATCOAL,20260806,34.5,34.5,34.21,34.26,2960617
BHARATFORG,20260806,2197.1,2222.4,2176.1,2210.0,897784
BHARATGEAR,20260806,109.0,110.0,106.75,107.63,45196
BHARATRAS,20260806,1398.9,1403.0,1365.0,1375.3,9352
BHARATSE,20260806,226.0,226.0,221.6,223.47,131260
BHARATWIRE,20260806,203.84,208.0,202.65,205.78,100265
BHARTIARTL,20260806,1969.0,1970.0,1944.3,1948.0,5391645
BHARTIHEXA,20260806,1546.0,1552.4,1494.6,1514.5,231683
BHEL,20260806,410.1,411.9,404.95,408.15,5362227
BI,20260806,63.5,63.5,60.61,61.25,6705
BIGBLOC,20260806,47.96,47.96,46.0,46.72,92633
BIKAJI,20260806,645.05,651.05,621.0,624.25,493064
BIL,20260806,811.65,824.9,800.0,809.9,3594
BILVYAPAR,20260806,3.96,4.15,3.83,3.9,4261
BIMETAL,20260806,638.0,662.0,638.0,660.15,174
BIOCON,20260806,428.0,442.5,421.25,436.6,10929015
BIOFILCHEM,20260806,33.41,33.87,32.05,32.23,8739
BIRLACABLE,20260806,247.72,247.72,247.72,247.72,45827
BIRLACORPN,20260806,903.0,913.0,894.0,909.1,67934
BIRLAMONEY,20260806,134.27,134.3,132.5,133.53,34206
BIRLANU,20260806,1404.2,1638.0,1360.0,1538.7,473688
BIRLAPREC,20260806,34.99,35.7,34.5,34.94,14206
BLACKBUCK,20260806,555.8,560.55,550.85,557.55,121001
BLACKROSE,20260806,111.03,116.99,111.03,114.42,8906
BLAL,20260806,172.63,174.0,172.5,173.37,10563
BLBLIMITED,20260806,15.74,16.1,15.74,16.06,43483
BLIL,20260806,71.33,71.33,70.71,71.12,28704
BLISSGVS,20260806,501.0,508.0,491.0,493.65,192304
BLKASHYAP,20260806,53.84,57.0,53.6,55.97,1233121
BLS,20260806,258.6,262.6,252.7,253.98,1538165
BLSE,20260806,318.95,324.9,312.2,317.65,637488
BLUECHIP,20260806,1.65,1.71,1.65,1.68,20679
BLUECOAST,20260806,25.66,25.66,24.39,25.49,1252
BLUEDART,20260806,5281.0,5281.0,5061.5,5112.5,38960
BLUEJET,20260806,595.0,613.4,584.5,587.9,1676997
BLUESTARCO,20260806,1658.1,1671.6,1549.4,1571.0,2327347
BLUESTONE,20260806,850.0,866.0,812.3,824.4,6203985
BLUSPRING,20260806,116.24,118.0,112.61,115.59,235207
BMWVENTLTD,20260806,59.67,61.49,58.15,60.75,242546
BNAGROCHEM,20260806,272.3,275.0,259.3,273.0,31952
BNALTD,20260806,390.0,390.0,390.0,390.0,1
BNKETFAXIS,20260806,583.05,624.92,583.05,598.76,56808
BODALCHEM,20260806,75.19,76.0,71.44,71.44,604089
BOHRAIND,20260806,14.71,15.59,14.71,14.94,4861
BOMDYEING,20260806,120.15,125.48,119.7,120.48,1709754
BONLON,20260806,44.94,44.94,42.0,42.66,11608
BORANA,20260806,329.5,353.95,327.05,344.6,103923
BOROLTD,20260806,243.22,255.0,240.51,247.99,155623
BORORENEW,20260806,561.1,563.35,554.0,556.8,179075
BOROSCI,20260806,141.05,141.06,138.21,138.92,89299
BOSCH-HCIL,20260806,1541.2,1670.0,1525.1,1645.2,227724
BOSCHLTD,20260806,42920.0,42920.0,41870.0,42000.0,30753
BPCL,20260806,326.5,327.0,322.7,323.7,3694266
BPL,20260806,53.11,54.29,53.01,53.42,32002
BRIGADE,20260806,570.95,579.25,564.1,571.95,196857
BRIGHOTEL,20260806,62.25,62.75,60.75,61.74,278819
BRITANNIA,20260806,5440.0,5475.0,5363.5,5404.0,342179
BRNL,20260806,17.85,18.1,17.5,17.62,24585
BROOKS,20260806,61.95,61.95,60.0,60.05,27618
BSE,20260806,3534.6,3536.8,3432.0,3435.0,3925729
BSE500IETF,20260806,39.96,40.27,39.96,40.18,88312
BSHSL,20260806,88.23,88.93,86.0,86.67,1676
BSL,20260806,126.26,127.76,123.13,123.92,3912
BSLGOLDETF,20260806,129.45,130.19,128.95,130.06,961371
BSLNIFTY,20260806,29.52,29.52,28.5,29.05,713204
BSLSENETFG,20260806,80.45,80.7,78.0,79.54,3668
BSOFT,20260806,325.25,331.0,317.2,318.25,1713596
BTML,20260806,6.52,7.29,6.52,7.2,4223298
BTTL,20260806,46.41,47.61,45.27,45.53,5396
BUILDPRO,20260806,1355.0,1368.7,1192.2,1335.2,485451
BUTTERFLY,20260806,673.25,698.4,661.3,681.65,49840
BVCL,20260806,42.85,42.88,41.56,42.53,16624
BYKE,20260806,33.9,34.98,33.85,34.11,14906
CALSOFT,20260806,22.19,22.19,21.3,21.72,42231
CAMLINFINE,20260806,129.89,131.59,127.1,127.83,303863
CAMPUS,20260806,227.0,233.55,216.99,219.0,4382319
CAMS,20260806,812.0,814.55,798.25,799.45,808249
CANBK,20260806,129.0,131.74,128.33,131.7,23441604
CANFINHOME,20260806,813.5,822.0,806.35,808.25,154598
CANHLIFE,20260806,149.92,153.26,146.5,150.55,631047
CANTABIL,20260806,244.9,244.9,225.15,228.1,674303
CAPACITE,20260806,224.36,228.8,221.5,225.92,533583
CAPILLARY,20260806,566.0,587.0,560.2,580.6,666934
CAPITALSFB,20260806,295.9,298.2,294.05,295.85,27025
CAPLIPOINT,20260806,2542.0,2599.9,2542.0,2585.8,48098
CAPTRUST,20260806,18.08,18.85,18.08,18.44,127205
CARBORUNIV,20260806,1091.2,1094.8,1065.2,1069.1,79070
CARERATING,20260806,1751.4,1765.0,1722.0,1730.1,50498
CARRARO,20260806,540.0,554.85,534.0,542.15,305063
CARTRADE,20260806,2837.1,2837.1,2770.2,2788.4,222528
CARYSIL,20260806,1200.0,1228.0,1191.1,1213.9,87856
CASHIETF,20260806,1073.43,1074.05,1072.99,1074.03,602998
CASTROLIND,20260806,192.45,195.0,191.62,194.17,9762712
CCAVENUE,20260806,17.39,17.72,17.03,17.13,16128672
CCCL,20260806,15.69,15.9,15.52,15.6,155717
CCHHL,20260806,12.72,13.47,12.72,12.78,29499
CCL,20260806,1129.0,1140.0,1118.0,1131.2,177800
CDSL,20260806,1327.8,1341.9,1325.1,1331.0,817532
CEATLTD,20260806,3703.5,3770.0,3667.0,3755.4,98294
CEIGALL,20260806,341.0,342.4,331.1,331.9,97870
CEINSYS,20260806,858.0,858.0,840.0,844.5,23017
CELEBRITY,20260806,7.3,7.3,6.9,6.98,25640
CELLO,20260806,400.95,403.45,376.0,379.25,5094832
CEMNTGROWW,20260806,16.27,16.27,15.43,15.51,412920
CEMPRO,20260806,1290.0,1291.0,1240.0,1245.8,413143
CENTENKA,20260806,613.0,614.95,600.1,602.7,68935
CENTEXT,20260806,23.35,23.65,22.39,22.72,503931
CENTRALBK,20260806,31.25,31.58,31.22,31.51,5567744
CENTRUM,20260806,24.7,24.9,23.86,24.65,415718
CENTUM,20260806,3785.2,3848.0,3716.0,3790.3,20538
CENTURYPLY,20260806,770.0,792.7,770.0,783.75,79648
CERA,20260806,6325.0,6439.0,6263.0,6324.5,6508
CEREBRAINT,20260806,2.91,3.02,2.79,2.79,441094
CESC,20260806,163.7,163.83,162.11,162.48,569474
CEWATER,20260806,277.3,279.8,275.0,276.65,41336
CGCL,20260806,239.5,243.87,238.0,241.07,4519331
CGPOWER,20260806,880.0,885.9,874.2,876.0,1509786
CHALET,20260806,837.0,869.0,831.9,863.1,178373
CHAMBLFERT,20260806,462.0,466.15,457.5,459.75,488463
CHEMBOND,20260806,177.83,180.0,170.0,178.8,3364
CHEMBONDCH,20260806,229.8,234.2,221.32,231.77,45411
CHEMCON,20260806,196.9,196.9,192.0,192.62,14424
CHEMFAB,20260806,377.6,377.6,365.0,367.0,1740
CHEMICAL,20260806,29.9,30.95,29.75,30.9,477562
CHEMPLASTS,20260806,196.6,198.0,193.0,194.61,672129
CHENNPETRO,20260806,1318.0,1318.0,1278.0,1292.3,1365189
CHEVIOT,20260806,1234.9,1236.0,1175.0,1179.4,14522
CHOICEGOLD,20260806,140.0,149.64,140.0,146.76,3285
CHOICEIN,20260806,825.3,841.85,824.5,833.2,684783
CHOLAFIN,20260806,1882.0,1952.5,1871.3,1940.0,2644332
CHOLAHLDNG,20260806,1604.0,1655.0,1595.0,1648.0,196653
CIEINDIA,20260806,415.05,417.7,409.6,410.3,309665
CIFL,20260806,21.73,22.75,20.9,21.55,350756
CINELINE,20260806,91.9,91.9,88.03,90.07,14044
CINEVISTA,20260806,14.9,15.13,14.77,14.81,12459
CIPLA,20260806,1461.0,1488.1,1461.0,1477.0,1462279
CLCIND,20260806,55.67,55.67,55.67,55.67,557
CLEAN,20260806,771.95,781.25,765.0,771.65,297900
CLEANMAX,20260806,1390.2,1415.0,1340.0,1357.8,224976
CLEDUCATE,20260806,58.99,59.88,57.23,59.77,18582
CLSEL,20260806,298.7,303.0,291.2,294.15,220417
CMLL,20260806,559.95,590.0,557.0,579.95,2270882
CMPDI,20260806,243.5,247.9,241.5,244.18,832971
CMRGREEN,20260806,227.4,237.0,225.5,231.47,1343882
CMSINFO,20260806,275.0,279.4,275.0,277.55,350373
CNL,20260806,1142.0,1142.0,1062.0,1089.45,78752
COALINDIA,20260806,414.5,415.75,412.15,415.6,4753639
COASTCORP,20260806,47.57,48.54,43.92,45.03,576727
COCHINSHIP,20260806,1425.0,1499.9,1416.5,1490.0,3352181
COCKERILL,20260806,8894.5,9725.0,8871.0,9462.0,13096
COFFEEDAY,20260806,34.5,34.7,32.5,34.1,581851
COFORGE,20260806,1813.9,1813.9,1757.9,1772.8,1606627
COHANCE,20260806,417.9,466.95,416.9,438.9,6018027
COLPAL,20260806,2040.0,2041.6,2025.5,2028.4,280296
COMFINTE,20260806,6.4,6.85,6.14,6.72,372628
COMMOIETF,20260806,101.68,101.97,101.27,101.32,26264
COMPINFO,20260806,1.1,1.19,1.1,1.1,27364
COMPUSOFT,20260806,13.42,13.42,12.97,13.08,39131
COMSYN,20260806,210.0,226.4,205.25,209.58,1181335
CONCOR,20260806,519.0,522.0,510.0,512.0,788586
CONCORDBIO,20260806,1391.9,1413.0,1365.0,1374.7,112184
CONFIPET,20260806,82.11,82.99,77.77,79.39,1931883
CONS,20260806,12.57,12.59,12.4,12.55,24961
CONSOFINVT,20260806,320.0,320.0,298.0,300.3,5602
CONSUMAXIS,20260806,125.51,126.11,125.04,125.12,729
CONSUMBEES,20260806,135.9,136.19,135.3,135.47,75710
CONSUMER,20260806,12.27,12.4,12.03,12.19,238074
CONSUMIETF,20260806,126.17,126.73,124.16,125.77,13189
CONTROLPR,20260806,572.55,572.7,561.3,562.15,12479
CORALFINAC,20260806,33.5,34.99,33.15,33.48,270800
CORDELIA,20260806,841.05,862.0,838.05,846.35,215798
CORDSCABLE,20260806,225.0,229.0,218.2,222.46,21495
COROMANDEL,20260806,2086.4,2096.2,2043.0,2083.1,93460
CORONA,20260806,2120.3,2123.9,2035.0,2045.5,44125
COSMOFIRST,20260806,916.0,919.9,862.0,871.95,176631
COUNCODOS,20260806,6.05,6.49,5.8,6.22,56906
CPCAP,20260806,113.95,113.95,112.9,112.95,1891
CPEDU,20260806,210.6,216.98,210.6,212.82,9359
CPL,20260806,72.5,73.2,71.11,72.2,29541
CPPLUS,20260806,3563.7,3709.0,3550.1,3656.2,204110
CPSEETF,20260806,96.63,96.63,93.87,94.21,1103837
CRAFTSMAN,20260806,10464.5,10644.0,10316.5,10555.0,40822
CRAMC,20260806,265.3,265.65,262.0,263.05,151966
CREATIVEYE,20260806,6.29,6.7,5.76,6.27,36956
CREDITACC,20260806,1527.0,1559.4,1518.4,1547.0,233078
CREST,20260806,388.15,389.95,376.45,378.9,624
CRISIL,20260806,4488.1,4573.0,4425.0,4550.6,88604
CRIZAC,20260806,185.2,186.0,181.8,185.12,470782
CROMPTON,20260806,267.4,270.55,265.7,270.0,2143916
CROWN,20260806,115.5,115.5,113.06,113.98,4048
CSBBANK,20260806,327.6,330.5,321.2,323.95,446301
CSLFINANCE,20260806,218.0,221.5,211.5,213.04,37857
CSM,20260806,100.94,105.1,99.02,102.58,794440
CTE,20260806,38.0,39.0,36.04,37.97,17520
CUB,20260806,205.0,210.1,203.22,208.39,3131786
CUBEXTUB,20260806,79.4,81.79,78.3,80.05,70407
CUMMINSIND,20260806,5175.0,5455.0,5175.0,5402.0,2063594
CUPID,20260806,254.0,263.0,253.8,262.61,38625175
CURAA,20260806,72.0,77.9,72.0,75.1,874
CYBERMEDIA,20260806,15.5,16.39,15.5,16.2,6938
CYBERTECH,20260806,139.95,139.95,137.01,137.49,12290
CYIENT,20260806,866.65,872.9,852.05,854.9,327050
CYIENTDLM,20260806,665.0,678.15,650.0,662.5,405473
DABUR,20260806,415.0,415.2,411.05,411.3,1596570
DAICHI,20260806,310.0,326.0,310.0,322.2,4315
DALBHARAT,20260806,1835.0,1842.0,1819.8,1822.5,124954
DALMIASUG,20260806,393.4,405.0,388.3,395.8,300066
DAMCAPITAL,20260806,155.73,155.73,153.1,154.44,148696
DAMODARIND,20260806,28.85,28.85,28.0,28.5,1715
DANGEE,20260806,2.99,3.05,2.95,2.95,54542
DATAMATICS,20260806,860.0,876.15,848.0,853.25,279914
DATAPATTNS,20260806,4415.0,4458.1,4271.8,4392.6,1005390
DAVANGERE,20260806,3.22,3.22,3.08,3.09,6047600
DBCORP,20260806,210.38,213.8,209.26,210.65,137968
DBEIL,20260806,7.42,7.42,7.14,7.26,91195
DBL,20260806,462.35,466.0,452.5,455.25,225828
DBOL,20260806,112.25,112.86,108.35,110.92,133125
DBREALTY,20260806,112.04,112.5,110.2,111.74,215378
DBSTOCKBRO,20260806,33.37,33.37,32.13,32.66,9601
DCAL,20260806,195.41,199.2,190.01,194.66,222101
DCBBANK,20260806,189.12,196.71,189.12,194.93,2804380
DCI,20260806,355.0,360.2,344.4,350.9,27286
DCM,20260806,82.58,83.0,81.0,82.21,3114
DCMFINSERV,20260806,5.02,5.89,5.02,5.55,61809
DCMNVL,20260806,154.2,163.79,154.2,160.78,8993
DCMSHRIRAM,20260806,1017.9,1019.0,1006.9,1010.4,53791
DCMSIL,20260806,83.87,85.92,83.87,85.92,85831
DCMSRIND,20260806,43.7,44.2,42.52,42.76,137841
DCW,20260806,47.7,48.7,46.5,46.69,1892278
DCXINDIA,20260806,180.59,184.8,179.52,181.84,549292
DDEVPLSTIK,20260806,288.4,313.0,287.65,310.6,748894
DECCANCE,20260806,570.35,585.85,570.35,578.25,12116
DECNGOLD,20260806,202.5,232.0,202.5,225.43,21194506
DEEDEV,20260806,650.0,662.0,640.4,651.65,137209
DEEPAKFERT,20260806,1600.1,1602.0,1545.0,1559.0,320790
DEEPAKNTR,20260806,1737.0,1763.7,1720.5,1750.4,429324
DEEPINDS,20260806,639.1,642.8,613.05,627.0,526380
DEFENCE,20260806,79.21,81.1,78.89,80.9,309379
DELHIVERY,20260806,470.5,473.45,463.6,463.6,1689564
DELPHIFX,20260806,7.05,7.15,6.61,6.73,44843
DELTACORP,20260806,64.0,64.0,63.21,63.45,465980
DELTAMAGNT,20260806,59.4,59.4,57.5,58.44,7539
DEN,20260806,27.7,27.87,27.3,27.36,230105
DENORA,20260806,885.25,902.65,867.0,869.95,5378
DENTA,20260806,348.05,350.8,330.6,335.25,386504
DEVIT,20260806,27.01,27.55,27.01,27.06,17498
DEVX,20260806,33.77,34.55,33.75,34.04,181453
DEVYANI,20260806,124.96,125.4,122.93,123.86,4720615
DGCONTENT,20260806,26.11,27.6,25.1,25.19,135692
DHAMPURSUG,20260806,148.45,152.24,147.8,149.41,252333
DHANBANK,20260806,32.75,33.18,32.32,32.74,950556
DHANUKA,20260806,1005.3,1035.0,992.0,1026.6,41872
DHARAN,20260806,0.16,0.16,0.15,0.15,5446044
DHARMAJ,20260806,270.9,277.7,260.2,264.85,329506
DHRUV,20260806,25.35,25.35,24.55,24.72,1820
DHUNINV,20260806,892.0,937.0,887.5,917.55,389
DIACABS,20260806,338.0,348.8,334.3,348.8,704735
DIAMINESQ,20260806,267.15,274.98,260.0,266.95,29496
DIAMONDYD,20260806,1189.0,1194.0,1164.1,1166.2,14509
DICIND,20260806,514.95,528.0,504.1,523.25,2558
DIFFNKG,20260806,425.9,453.7,422.05,443.9,787650
DIGIDRIVE,20260806,18.45,18.45,17.0,17.33,44650
DIGISPICE,20260806,16.73,17.33,16.73,17.2,64334
DIGITIDE,20260806,99.02,100.24,98.1,99.0,183547
DIGJAMLMTD,20260806,49.0,52.5,47.63,48.84,6503
DISAQ,20260806,12228.0,12239.0,11621.0,11769.0,874
DISHTV,20260806,2.82,2.84,2.74,2.76,914562
DIVGIITTS,20260806,1002.2,1019.0,982.05,988.6,40463
DIVIDEND,20260806,36.67,36.7,36.4,36.4,10715
DIVISLAB,20260806,8408.0,8448.0,8268.5,8349.0,327434
DIVOPPBEES,20260806,80.09,80.09,79.21,79.48,37480
DIXON,20260806,14310.0,14445.0,14137.0,14200.0,207079
DJML,20260806,106.7,111.5,104.43,110.78,407091
DLF,20260806,652.65,656.1,636.3,642.0,4883685
DLINKINDIA,20260806,447.0,448.3,442.0,443.3,75153
DMART,20260806,3988.9,3988.9,3927.6,3931.2,250186
DMCC,20260806,287.95,292.5,276.35,278.75,135102
DNAMEDIA,20260806,2.87,2.87,2.76,2.76,42782
DODLA,20260806,1048.0,1052.9,1040.0,1045.5,18015
DOLATALGO,20260806,68.4,68.4,67.1,67.34,117574
DOLLAR,20260806,274.0,287.5,272.8,281.9,416827
DOLPHIN,20260806,402.0,410.0,401.55,405.75,5051
DOMS,20260806,2250.0,2256.3,2226.1,2251.2,42508
DONEAR,20260806,85.25,85.44,84.23,84.53,5236
DPABHUSHAN,20260806,1509.9,1510.1,1450.1,1458.8,18502
DPSCLTD,20260806,7.49,7.49,7.31,7.43,56459
DPWIRES,20260806,169.99,169.99,166.0,166.43,3907
DRAGARWQ,20260806,5220.0,5300.0,5198.0,5253.0,1730
DRCSYSTEMS,20260806,13.34,13.96,13.26,13.76,90799
DREAMFOLKS,20260806,69.03,71.27,68.12,70.66,80728
DREDGECORP,20260806,1122.0,1149.0,1089.2,1094.4,142291
DRREDDY,20260806,1174.0,1174.4,1163.0,1171.0,1329196
DSFCL,20260806,25.48,25.6,25.48,25.6,82590
DSKULKARNI,20260806,10.44,10.44,10.44,10.44,4
DSSL,20260806,1264.7,1265.0,1226.0,1239.4,13441
DTIL,20260806,134.16,136.0,131.66,132.98,3434
DUCON,20260806,3.01,3.25,2.95,3.08,523977
DVL,20260806,269.7,277.0,266.0,273.01,30355
DWARKESH,20260806,40.6,40.9,39.8,40.37,624032
DYCL,20260806,405.0,414.0,398.05,405.0,231635
DYNAMATECH,20260806,11005.0,11499.0,10921.0,11403.0,20383
DYNPRO,20260806,269.0,269.0,256.0,260.6,11199
E2E,20260806,594.35,627.7,580.5,605.7,3029968
EASEMYTRIP,20260806,6.59,6.65,6.55,6.61,7198149
EASTSILK,20260806,63.01,63.5,58.24,60.0,626
EBANK10,20260806,16.95,17.06,16.88,17.05,1801
EBANKNIFTY,20260806,58.4,58.6,58.18,58.43,2096
EBBETF0430,20260806,1618.79,1619.89,1611.0,1613.33,3073
EBBETF0431,20260806,1443.21,1443.21,1440.05,1441.23,3056
EBBETF0433,20260806,1319.38,1321.97,1316.13,1320.49,3216
EBGNG,20260806,535.0,545.0,519.0,523.9,553303
ECAPINSURE,20260806,23.79,23.86,23.56,23.67,37337
ECLERX,20260806,1890.0,1898.0,1811.3,1872.4,773314
ECOSMOBLTY,20260806,133.21,135.44,129.2,131.64,32326
EDELWEISS,20260806,117.89,124.44,117.78,121.16,11630931
EFCIL,20260806,192.2,192.2,185.12,188.61,231349
EGOLD,20260806,146.1,148.1,146.1,148.0,382317
EICHERMOT,20260806,7986.5,8044.0,7896.5,7967.5,377530
EIDPARRY,20260806,824.05,828.0,808.25,809.85,180253
EIEL,20260806,218.0,219.95,214.56,215.5,644558
EIFFL,20260806,256.5,256.5,256.5,256.5,6580
EIHAHOTELS,20260806,312.0,314.7,308.2,310.7,18592
EIHOTEL,20260806,328.0,333.3,324.15,325.65,120225
EIMCOELECO,20260806,1823.9,1823.9,1801.0,1811.7,8782
EKC,20260806,109.5,113.0,105.92,111.65,248693
ELANTAS,20260806,12347.5,13200.0,12061.5,12376.5,35359
ELCIDIN,20260806,114480.0,114480.0,111010.0,112400.0,67
ELDEHSG,20260806,806.9,850.0,701.55,718.95,117466
ELECON,20260806,439.95,452.0,439.85,450.45,874052
ELECTCAST,20260806,72.1,72.8,71.67,72.26,776569
ELECTHERM,20260806,992.0,1029.9,992.0,1007.7,14919
ELGIEQUIP,20260806,584.1,592.0,583.0,589.25,140041
ELGIRUBCO,20260806,63.61,66.66,60.02,60.9,270028
ELIN,20260806,101.76,104.0,97.1,102.03,830066
ELIQUID,20260806,1042.44,1042.46,1042.44,1042.44,12752
ELITECON,20260806,19.19,19.84,18.45,18.59,2523843
ELLEN,20260806,284.0,287.95,278.1,281.3,167719
ELM250,20260806,16.72,17.04,16.72,16.98,101769
ELMDIV,20260806,38.15,38.67,36.88,36.91,48736
ELPROINTL,20260806,177.14,178.58,177.01,177.98,76236
EMAMILTD,20260806,403.0,411.0,401.9,409.0,1435524
EMAMIPAP,20260806,111.85,115.0,110.0,112.06,70884
EMAMIREAL,20260806,79.49,80.87,75.2,76.65,47392
EMBDL,20260806,61.01,61.62,59.81,60.7,2047166
EMCURE,20260806,1968.8,1968.8,1912.5,1936.7,270432
EMETAL,20260806,13.27,13.28,13.17,13.17,15277
EMIL,20260806,149.0,153.0,147.53,149.78,9559297
EMKAY,20260806,252.2,255.0,241.0,243.34,21848
EMMBI,20260806,87.42,88.3,83.0,85.98,12919
EMMVEE,20260806,326.05,333.2,322.5,328.15,1564717
EMPOWER,20260806,2.68,2.72,2.55,2.55,7202810
EMSLIMITED,20260806,402.0,408.6,398.2,406.1,153004
EMUDHRA,20260806,523.15,545.9,514.9,540.5,420532
EMULTIMQ,20260806,41.6,41.72,41.4,41.54,16202
ENDURANCE,20260806,2879.0,2959.9,2851.1,2877.7,143187
ENERGY,20260806,39.33,39.33,38.75,38.85,212995
ENERGYDEV,20260806,17.27,17.27,16.71,16.79,20019
ENEXT50,20260806,74.4,74.5,74.4,74.4,925
ENGINERSIN,20260806,240.27,245.75,236.26,242.39,4137200
ENIFTY,20260806,25.4,25.41,24.23,24.92,9210
ENIL,20260806,109.1,109.18,106.0,106.51,16925
ENRIN,20260806,3285.1,3295.0,3216.5,3252.2,298730
ENTERO,20260806,1275.0,1275.0,1226.0,1242.5,65278
EPACK,20260806,230.85,231.4,227.1,227.61,300119
EPACKPEB,20260806,258.95,258.95,246.1,248.35,1047634
EPIGRAL,20260806,1120.0,1125.0,1091.0,1095.8,43941
EPL,20260806,229.5,230.27,227.89,228.98,148654
EQUAL200,20260806,14.09,14.11,14.06,14.07,112751
EQUAL50,20260806,341.44,342.32,340.34,340.34,21140
EQUAL50ADD,20260806,351.77,355.07,351.77,352.85,11971
EQUIPPP,20260806,23.92,23.96,22.98,23.34,607
EQUITASBNK,20260806,76.4,76.7,75.21,76.09,1197409
ERIS,20260806,1375.1,1394.2,1368.5,1382.9,53999
ESABINDIA,20260806,5657.5,5674.0,5611.0,5624.0,2001
ESAFSFB,20260806,41.72,43.43,41.13,42.54,3800131
ESCORTS,20260806,3099.9,3099.9,3065.0,3081.0,61901
ESENSEX,20260806,79.19,79.57,79.19,79.55,342
ESG,20260806,42.45,42.58,42.4,42.5,10112
ESILVER,20260806,224.75,225.06,222.72,223.67,35039
ESSARSHPNG,20260806,20.3,20.6,19.75,19.86,249579
ESSENTIA,20260806,1.31,1.32,1.22,1.23,2704193
ESTER,20260806,88.88,89.66,87.12,88.0,28795
ETERNAL,20260806,311.0,319.7,310.0,316.25,29960978
ETHOSLTD,20260806,2829.1,2900.3,2809.9,2824.5,40277
EUREKAFORB,20260806,472.0,480.0,457.0,459.75,187757
EUROBOND,20260806,162.95,164.35,160.3,161.6,4342
EUROPRATIK,20260806,311.05,315.0,306.5,309.35,117492
EUROTEXIND,20260806,13.11,13.11,13.11,13.11,111
EVEREADY,20260806,361.7,361.7,352.95,357.3,86932
EVERESTIND,20260806,469.95,483.7,461.0,477.05,11456
EVIETF,20260806,34.66,34.66,33.6,33.68,346996
EVINDIA,20260806,34.52,34.52,33.6,33.63,362942
EXCELINDUS,20260806,1046.0,1049.0,1025.15,1029.55,2795
EXCELSOFT,20260806,85.01,86.24,82.3,83.09,596088
EXICOM,20260806,166.0,173.47,164.52,169.56,1784213
EXIDEIND,20260806,467.2,479.4,462.6,474.25,4895622
EXPLEOSOL,20260806,811.6,834.4,809.95,821.05,30113
EXXARO,20260806,6.09,6.34,6.09,6.27,129044
FABTECH,20260806,152.99,152.99,149.5,150.25,29509
FACT,20260806,844.0,850.25,840.0,843.1,46846
FAIRCHEMOR,20260806,774.0,774.0,765.25,765.25,10809
FAZE3Q,20260806,560.0,560.0,536.05,540.6,6436
FCL,20260806,39.05,42.51,38.73,41.75,25011385
FCSSOFT,20260806,1.48,1.49,1.47,1.47,1224077
FDC,20260806,386.05,388.95,368.0,370.0,857790
FEDDERSHOL,20260806,42.47,43.0,41.76,42.34,277079
FEDERALBNK,20260806,356.45,356.45,351.6,353.55,3780768
FEDFINA,20260806,150.83,152.8,149.03,152.53,816734
FEL,20260806,0.37,0.38,0.37,0.37,200418
FELDVR,20260806,2.41,2.57,2.33,2.33,3840
FERMENTA,20260806,555.0,557.0,544.9,552.6,82953
FIBERWEB,20260806,29.01,29.86,28.9,29.21,20139
FIEMIND,20260806,2530.0,2530.0,2468.3,2479.5,94557
FILATEX,20260806,81.7,83.75,81.15,81.81,4655530
FILATFASH,20260806,0.19,0.19,0.18,0.18,23235962
FINCABLES,20260806,1010.0,1042.85,1003.35,1034.75,507703
FINEORG,20260806,4950.0,5014.7,4902.2,4989.0,15029
FINIETF,20260806,33.87,34.1,33.4,33.72,426038
FINKURVE,20260806,60.0,60.84,58.72,59.2,25820
FINOPB,20260806,161.99,162.54,159.04,159.68,248911
FINPIPE,20260806,168.0,172.0,167.24,171.31,1161951
FIRSTCRY,20260806,215.47,216.29,213.16,213.89,371924
FISCHER,20260806,37.5,38.04,37.26,37.45,1817741
FIVESTAR,20260806,547.7,555.75,545.0,553.25,300190
FLAIR,20260806,256.0,259.4,248.5,250.55,293419
FLEXIADD,20260806,10.41,10.41,10.3,10.3,70548
FLEXITUFF,20260806,4.0,4.0,3.65,3.69,118378
FLFL,20260806,1.21,1.22,1.2,1.2,44082
FLUOROCHEM,20260806,4498.1,4589.8,4490.0,4548.0,70208
FMCGADD,20260806,49.53,49.67,49.45,49.6,5651
FMCGIETF,20260806,52.93,53.28,52.69,53.04,820037
FMGOETZE,20260806,488.0,491.15,479.75,485.8,51348
FMNL,20260806,9.5,9.5,9.18,9.39,8930
FOCUS,20260806,67.0,68.44,65.6,67.97,27109
FOODSIN,20260806,54.94,54.94,52.41,53.03,96501
FORCEMOT,20260806,18550.0,18886.0,18331.0,18690.0,73575
FORTIS,20260806,926.0,927.0,916.1,920.0,815182
FOSECOIND,20260806,5336.0,5495.0,5286.0,5409.0,6133
FRACTAL,20260806,797.0,819.35,789.15,807.6,254449
FRONTSP,20260806,1405.4,1428.9,1401.0,1409.7,11068
FSL,20260806,339.0,339.0,280.3,293.95,24119467
FUSION,20260806,211.0,218.0,210.76,214.99,1077905
GABRIEL,20260806,1585.0,1585.0,1513.8,1531.8,354330
GAEL,20260806,173.0,180.0,172.95,177.72,1888741
GAIL,20260806,176.22,177.7,174.83,176.4,14800641
GALAPREC,20260806,1135.0,1184.0,1115.8,1162.2,60231
GALAXYSURF,20260806,2005.0,2011.3,1969.0,1980.3,11961
GALLANTT,20260806,630.0,632.0,609.55,615.35,73173
GANDHAR,20260806,233.95,250.0,232.03,242.95,6759414
GANDHITUBE,20260806,872.0,899.1,870.55,893.15,5768
GANECOS,20260806,1094.1,1102.3,1072.4,1076.0,100263
GANESHBE,20260806,120.98,124.3,119.0,120.02,144168
GANESHCP,20260806,172.09,173.37,163.1,164.94,205454
GANESHHOU,20260806,778.75,783.95,755.0,761.85,20068
GANGAFORGE,20260806,2.0,2.03,1.99,2.02,12184856
GANGESSECU,20260806,120.23,122.49,118.1,118.85,1647
GARFIBRES,20260806,799.7,863.4,765.55,838.85,544036
GARUDA,20260806,179.1,185.1,178.9,182.45,597321
GATECH,20260806,0.64,0.65,0.64,0.64,22637684
GATECHDVR,20260806,0.49,0.51,0.49,0.5,453538
GATEWAY,20260806,56.0,58.0,55.85,56.79,4579049
GAUDIUMIVF,20260806,129.01,133.62,129.01,133.62,125853
GAYAHWS,20260806,2.02,2.02,1.95,1.98,188912
GAYAPROJ,20260806,19.0,19.94,18.5,19.8,300009
GCSL,20260806,523.95,542.8,523.95,529.65,882382
GEECEE,20260806,364.0,368.0,360.0,360.25,8372
GEEKAYWIRE,20260806,22.3,22.87,22.15,22.52,53585
GEMAROMA,20260806,186.15,186.49,182.0,182.87,44776
GENCON,20260806,39.43,40.2,38.5,39.38,297602
GENESYS,20260806,215.05,232.95,215.05,229.0,1029321
GENSOL,20260806,17.93,18.29,17.55,17.71,89000
GENUSPAPER,20260806,12.5,12.75,12.4,12.56,51708
GENUSPOWER,20260806,312.0,312.25,307.05,309.45,1165184
GEOJITFSL,20260806,77.0,79.8,76.62,78.54,345365
GESHIP,20260806,1408.9,1408.9,1346.2,1352.9,1948210
GFLLIMITED,20260806,50.75,52.0,49.01,51.94,152484
GHCL,20260806,440.0,443.95,436.5,438.0,68657
GHCLTEXTIL,20260806,115.59,121.0,114.95,120.0,1855411
GICHSGFIN,20260806,150.0,150.0,148.01,149.59,63528
GICL,20260806,19.0,19.69,19.0,19.59,244080
GICRE,20260806,360.0,361.95,358.55,358.85,593786
GILLANDERS,20260806,88.0,94.9,88.0,88.55,11025
GILLETTE,20260806,7690.0,7739.5,7678.0,7694.0,8660
GILT10BETA,20260806,26.43,26.96,26.43,26.83,125
GILT5BETA,20260806,65.47,67.27,65.47,67.26,258
GILT5YBEES,20260806,66.67,66.67,66.35,66.5,306741
GINNIFILA,20260806,45.01,46.24,44.3,44.94,33849
GIPCL,20260806,160.79,162.0,158.51,159.21,340905
GKENERGY,20260806,132.51,133.37,129.0,130.15,323708
GKSL,20260806,134.0,140.27,131.75,133.95,1028884
GKWLIMITED,20260806,1627.3,1655.0,1624.0,1629.7,75
GLAND,20260806,2570.0,2626.4,2557.0,2608.3,503618
GLAXO,20260806,2546.9,2591.0,2540.5,2579.5,40361
GLENMARK,20260806,2270.0,2290.0,2247.0,2270.0,556267
GLFL,20260806,5.53,5.84,5.36,5.4,3259
GLOBAL,20260806,105.8,105.8,99.01,100.47,59664
GLOBALE,20260806,10.66,10.95,10.35,10.8,1945
GLOBALVECT,20260806,162.0,165.31,162.0,163.79,3746
GLOBE,20260806,2.05,2.1,2.0,2.03,313699
GLOBECIVIL,20260806,39.75,39.99,39.0,39.73,11274
GLOBUSSPR,20260806,900.0,936.0,895.1,903.75,263446
GLOSTERLTD,20260806,683.9,685.0,677.45,679.55,1101
GLOTTIS,20260806,67.09,67.97,66.5,67.51,30228
GMBREW,20260806,908.95,914.0,905.55,907.5,18095
GMDCLTD,20260806,585.0,603.65,581.35,596.75,4412031
GMMPFAUDLR,20260806,865.0,1028.5,850.9,979.85,6204622
GMRAIRPORT,20260806,106.99,106.99,105.45,106.59,5850034
GMRP&UI,20260806,96.19,98.8,95.8,97.83,748526
GNA,20260806,529.7,541.45,526.35,530.25,298194
GNFC,20260806,545.0,561.95,539.0,542.95,2522027
GNRL,20260806,93.91,97.0,93.0,95.25,65685
GOACARBON,20260806,386.95,386.95,377.25,380.0,6913
GOCLCORP,20260806,412.35,414.05,408.6,410.55,22976
GOCOLORS,20260806,328.2,334.8,326.9,327.95,228521
GODAVARIB,20260806,260.0,262.0,250.1,255.35,280590
GODFRYPHLP,20260806,2325.0,2338.3,2288.2,2290.0,278917
GODIGIT,20260806,279.1,280.15,269.0,270.1,385430
GODREJAGRO,20260806,557.9,557.9,534.3,545.55,435682
GODREJCP,20260806,1075.0,1084.8,1071.2,1077.3,493543
GODREJIND,20260806,1326.9,1333.7,1300.1,1304.8,33908
GODREJPROP,20260806,2099.0,2109.0,2072.2,2081.9,291365
GOKEX,20260806,810.0,813.4,792.8,796.7,354969
GOKUL,20260806,39.79,40.7,39.41,40.04,141015
GOKULAGRO,20260806,229.0,231.24,223.22,224.53,175123
GOLD1,20260806,122.9,123.65,121.75,123.49,4277296
GOLD360,20260806,142.1,144.75,142.05,144.05,18091
GOLDADD,20260806,142.77,144.1,142.58,143.86,2055515
GOLDAXIS,20260806,123.66,124.11,122.21,123.96,2193073
GOLDBEES,20260806,122.37,122.75,121.41,122.48,36636415
GOLDBETA,20260806,124.0,124.65,123.5,124.55,949108
GOLDBND,20260806,145.04,148.33,145.01,147.78,6508
GOLDCASE,20260806,23.16,23.35,22.97,23.29,13981335
GOLDENTOBC,20260806,24.5,24.92,23.94,24.01,941
GOLDETF,20260806,143.17,143.99,142.08,143.77,2361769
GOLDIAM,20260806,363.5,382.5,360.15,376.15,1555115
GOLDIETF,20260806,125.0,127.2,123.88,127.05,9006241
GOLDTECH,20260806,54.87,55.39,53.0,54.16,18190
GOODLUCK,20260806,1506.0,1574.1,1445.0,1534.1,1035469
GOODYEAR,20260806,826.15,852.0,794.45,814.95,43257
GOPAL,20260806,278.5,279.55,272.0,273.9,152522
GOYALALUM,20260806,6.58,6.62,6.46,6.49,53526
GPIL,20260806,248.4,251.89,240.1,244.76,2039264
GPPL,20260806,152.14,152.36,151.01,151.26,597571
GPTHEALTH,20260806,164.5,167.63,163.09,165.03,121651
GPTINFRA,20260806,117.25,119.43,116.0,117.99,106456
GRADIENTE,20260806,2.65,2.72,2.6,2.68,634078
GRANDOAK,20260806,39.0,41.84,39.0,41.75,5804
GRANULES,20260806,850.0,858.15,835.05,838.65,447705
GRAPHITE,20260806,709.9,729.0,703.8,722.05,1656518
GRASIM,20260806,3223.1,3232.8,3183.6,3220.0,365593
GRAUWEIL,20260806,69.35,71.35,68.81,69.24,571504
GRAVISSHO,20260806,30.51,31.65,29.01,29.26,15698
GRAVITA,20260806,1697.9,1725.8,1680.5,1719.1,223625
GREAVESCOT,20260806,196.75,204.49,196.4,201.55,2270377
GREENLAM,20260806,267.7,278.55,267.7,273.15,424695
GREENPANEL,20260806,200.38,204.0,197.29,202.27,89880
GREENPLY,20260806,296.95,296.95,284.85,286.85,377490
GREENPOWER,20260806,10.0,10.06,9.9,9.93,1841622
GRINDWELL,20260806,2094.0,2124.0,2076.0,2107.6,31623
GRINFRA,20260806,899.0,904.35,882.0,889.95,24525
GRMOVER,20260806,90.9,91.87,89.75,90.09,1342331
GROBTEA,20260806,850.0,920.0,850.0,899.4,423
GROWW,20260806,192.0,193.06,188.11,189.04,16109066
GROWWCAPM,20260806,11.39,11.39,11.02,11.04,500635
GROWWCHEM,20260806,30.07,31.12,30.03,30.97,4953575
GROWWDEFNC,20260806,94.39,97.03,94.01,96.73,429451
GROWWEV,20260806,34.64,34.64,33.42,33.6,669703
GROWWGOLD,20260806,14.46,14.49,14.35,14.46,2172354
GROWWHOSPI,20260806,54.94,54.98,53.8,53.99,278761
GROWWLIQID,20260806,110.23,110.23,110.22,110.22,321774
GROWWLOVOL,20260806,10.55,10.88,10.55,10.64,8788
GROWWMC150,20260806,231.58,236.15,231.54,232.9,747
GROWWMETAL,20260806,12.59,12.97,12.49,12.59,1123677
GROWWMOM50,20260806,11.13,11.13,10.77,10.85,501757
GROWWN200,20260806,11.55,11.63,11.51,11.54,98728
GROWWNET,20260806,10.47,10.47,10.16,10.32,757978
GROWWNIFTY,20260806,10.19,10.19,9.95,9.98,500520
GROWWNXT50,20260806,74.97,76.0,74.4,75.18,9859
GROWWPOWER,20260806,11.61,11.64,11.45,11.47,3550965
GROWWPSE,20260806,99.82,101.48,99.13,100.04,3993
GROWWPSUBK,20260806,85.37,87.89,85.37,87.81,17947
GROWWRAIL,20260806,29.53,29.62,29.1,29.5,438482
GROWWRLTY,20260806,10.21,10.21,9.92,9.97,345018
GROWWSC250,20260806,10.59,10.7,10.47,10.64,193117
GROWWSLVR,20260806,22.04,22.1,21.85,21.98,1915015
GRPLTD,20260806,1977.0,2074.0,1950.0,2042.2,5989
GRSE,20260806,2508.0,2644.5,2471.7,2599.4,1437003
GRWRHITECH,20260806,7540.0,7990.0,7152.5,7338.5,566953
GSEC10ABSL,20260806,113.0,113.27,113.0,113.27,46
GSEC10IETF,20260806,263.68,265.45,263.68,265.0,62
GSEC10YEAR,20260806,30.4,30.59,30.4,30.55,133
GSEC5IETF,20260806,66.35,67.06,66.22,66.51,1535
GSFC,20260806,163.75,165.74,161.99,162.43,413416
GSLSU,20260806,29.33,29.5,28.32,29.21,26327
GSPCROP,20260806,596.25,600.0,580.05,592.35,383694
GSS,20260806,13.54,14.29,13.32,13.54,46784
GTECJAINX,20260806,28.99,30.45,28.5,30.07,6328
GTL,20260806,7.54,7.54,7.34,7.38,275988
GTLINFRA,20260806,1.28,1.28,1.22,1.23,80513830
GTPL,20260806,60.77,60.77,59.8,59.86,14586
GUFICBIO,20260806,394.15,408.0,394.15,404.35,102721
GUJALKALI,20260806,685.9,700.0,675.5,680.8,81514
GUJAPOLLO,20260806,367.15,370.0,360.75,367.6,6028
GUJENERGY,20260806,272.55,278.7,272.55,275.6,695173
GUJRAFFIA,20260806,39.95,40.5,39.1,39.93,4124
GUJTHEM,20260806,357.1,366.0,352.15,361.9,32491
GULFOILLUB,20260806,1189.0,1230.4,1186.7,1204.5,205723
GULFPETRO,20260806,52.08,54.68,52.0,54.68,207798
GULPOLY,20260806,209.0,211.0,202.55,207.21,1141312
GVKPIL,20260806,2.41,2.45,2.39,2.4,381439
GVPIL,20260806,740.1,750.9,724.9,726.6,131591
GVPTECH,20260806,7.08,7.08,6.85,6.9,40133
GVT&D,20260806,4150.0,4452.0,4051.0,4366.7,2343579
GYFTR,20260806,160.13,162.1,157.2,159.4,42413
HAL,20260806,4695.3,4950.0,4685.4,4920.0,4796689
HALDER,20260806,261.0,265.0,255.8,260.77,27448
HALDYNGL,20260806,133.0,134.0,131.15,132.79,52816
HALEOSLABS,20260806,1431.0,1500.0,1430.0,1438.7,1201
HAPPSTMNDS,20260806,400.8,417.0,400.0,406.15,1653011
HAPPYFORGE,20260806,1860.0,1908.0,1831.5,1870.0,154871
HARDWYN,20260806,11.3,11.39,11.23,11.27,2477682
HARIOMPIPE,20260806,405.65,407.0,393.15,396.7,86156
HARRMALAYA,20260806,224.8,228.0,215.0,222.27,36047
HARSHA,20260806,418.0,428.0,417.5,425.0,110076
HATHWAY,20260806,10.9,10.98,10.8,10.83,1055693
HATSUN,20260806,910.6,939.0,909.0,927.25,51026
HAVELLS,20260806,1290.0,1290.0,1277.1,1285.5,1078858
HAVISHA,20260806,1.48,1.58,1.4,1.44,293415
HAWKINCOOK,20260806,8517.5,8578.5,8402.0,8465.0,1032
HBESD,20260806,78.0,78.0,74.1,75.28,10624
HBLENGINE,20260806,740.0,743.85,730.5,736.15,599935
HBSL,20260806,59.15,59.93,57.0,58.11,5287
HCC,20260806,22.0,22.06,21.45,21.55,12654859
HCG,20260806,666.9,685.0,652.6,678.5,167093
HCL-INSYS,20260806,11.75,11.75,11.44,11.6,79205
HCLTECH,20260806,1349.9,1363.2,1332.5,1335.0,3821560
HDBFS,20260806,675.25,682.6,673.25,674.9,361024
HDFCAMC,20260806,2560.0,2566.0,2533.9,2538.1,400755
HDFCBANK,20260806,739.0,740.5,733.55,734.3,44772122
HDFCBSE500,20260806,38.2,38.38,38.11,38.27,613785
HDFCGOLD,20260806,126.52,126.9,125.12,126.44,3633878
HDFCGROWTH,20260806,123.0,123.76,122.2,122.4,8172
HDFCLIFE,20260806,545.0,545.0,538.3,542.5,2727203
HDFCLIQUID,20260806,1070.25,1072.49,1070.25,1072.48,25608
HDFCLOWVOL,20260806,21.75,21.75,21.17,21.18,10009
HDFCMID150,20260806,23.71,23.85,23.56,23.66,621380
HDFCMOMENT,20260806,32.0,32.0,30.8,31.03,157328
HDFCNEXT50,20260806,76.0,76.21,75.53,75.89,739359
HDFCNIF100,20260806,26.58,26.66,26.3,26.55,27026
HDFCNIFBAN,20260806,61.0,61.0,59.45,59.63,53757
HDFCNIFIT,20260806,33.77,33.85,32.9,33.25,157880
HDFCNIFTY,20260806,279.39,279.39,274.9,276.66,247297
HDFCNIMEG,20260806,132.68,132.95,131.28,132.02,45508
HDFCPSUBK,20260806,86.74,88.21,85.51,87.69,516460
HDFCPVTBAN,20260806,28.26,28.47,27.9,28.25,150786
HDFCQUAL,20260806,59.9,60.03,59.2,59.38,21394
HDFCSENSEX,20260806,89.13,89.54,89.0,89.26,86179
HDFCSILVER,20260806,214.52,215.61,213.36,214.75,2640249
HDFCSML250,20260806,185.1,185.73,184.85,185.47,1027788
HDFCVALUE,20260806,126.92,128.71,126.92,128.52,2755
HDIL,20260806,1.61,1.64,1.59,1.6,99208
HEADSUP,20260806,7.08,7.09,6.87,7.02,5289
HEALTHADD,20260806,16.6,17.47,16.6,16.87,155855
HEALTHAXIS,20260806,171.01,171.22,169.38,169.9,21552
HEALTHCARE,20260806,21.77,21.85,21.64,21.68,31934
HEALTHIETF,20260806,170.78,172.47,170.64,171.24,72709
HEALTHX,20260806,306.1,318.5,306.0,308.9,12752
HEALTHY,20260806,17.31,17.34,17.12,17.17,268436
HECPROJECT,20260806,130.22,134.4,130.0,131.74,4107
HEG,20260806,689.95,694.4,676.45,685.1,1107334
HEIDELBERG,20260806,156.75,157.75,156.02,157.17,34254
HEMIPROP,20260806,138.3,138.68,137.8,137.93,136917
HERANBA,20260806,179.43,182.38,178.1,179.05,30476
HERITGFOOD,20260806,337.0,360.95,337.0,358.55,1597774
HEROMOTOCO,20260806,5680.0,5755.0,5550.5,5550.5,533656
HESTERBIO,20260806,2413.5,2470.0,2412.2,2458.5,3165
HEXAGON,20260806,66.56,66.9,64.5,65.16,171999
HEXATRADEX,20260806,159.01,164.85,159.01,164.01,4318
HEXT,20260806,574.9,574.95,554.5,556.0,416438
HFCL,20260806,212.4,213.45,203.0,203.67,19195935
HGINFRA,20260806,542.9,560.0,542.9,552.3,110578
HGM,20260806,49.64,50.63,49.04,49.1,2180
HGS,20260806,423.5,429.0,422.0,423.05,19812
HIKAL,20260806,233.9,239.9,216.05,221.43,3163619
HILINFRA,20260806,45.98,46.49,45.13,45.53,41642
HILTON,20260806,21.39,21.39,20.9,21.05,17630
HIMATSEIDE,20260806,79.89,80.09,79.2,79.53,346574
HINDALCO,20260806,1044.0,1044.0,1016.0,1027.0,6345953
HINDCOMPOS,20260806,430.0,432.65,415.0,419.9,6035
HINDCON,20260806,23.4,23.4,22.8,22.85,7908
HINDCOPPER,20260806,542.45,551.0,525.55,545.95,19838083
HINDOILEXP,20260806,158.8,159.08,156.0,157.41,297314
HINDPETRO,20260806,396.9,398.9,392.5,395.0,4603878
HINDUNILVR,20260806,2081.0,2094.0,2075.2,2079.5,1160270
HINDWAREAP,20260806,220.72,221.68,217.5,218.59,44036
HINDZINC,20260806,604.25,606.2,587.45,590.0,6577691
HIRECT,20260806,1330.0,1331.5,1286.0,1297.2,88612
HISARMETAL,20260806,148.0,150.89,148.0,148.25,1058
HITECH,20260806,85.4,86.18,84.8,84.99,381157
HITECHCORP,20260806,320.4,323.4,316.4,320.1,8212
HITECHGEAR,20260806,581.0,581.0,560.0,566.75,3773
HLEGLAS,20260806,430.0,466.0,425.0,454.4,1064006
HLVLTD,20260806,7.13,7.34,7.12,7.25,122981
HMAAGRO,20260806,20.68,21.29,20.5,20.92,735329
HMT,20260806,61.4,61.4,60.31,61.16,4782
HMVL,20260806,105.0,107.8,101.73,103.81,92987
HNDFDS,20260806,577.9,592.0,572.2,575.0,95173
HNGSNGBEES,20260806,488.99,489.99,481.55,486.98,121500
HOMEFIRST,20260806,1188.2,1196.0,1182.3,1191.1,57718
HONASA,20260806,462.8,469.0,459.85,465.65,628711
HONAUT,20260806,38325.0,38695.0,38080.0,38315.0,2587
HONDAPOWER,20260806,2110.7,2125.3,2082.0,2090.5,5642
HPAL,20260806,34.88,35.32,33.6,35.15,42143
HPIL,20260806,129.61,130.99,125.0,128.85,2518
HPL,20260806,347.95,351.0,342.1,344.4,99090
HSBCGOLD,20260806,126.4,129.0,126.4,128.59,2609
HSCL,20260806,753.05,769.4,748.15,761.0,2555878
HTMEDIA,20260806,28.8,29.4,26.66,26.91,771516
HUBTOWN,20260806,182.0,183.25,178.15,179.7,295581
HUDCO,20260806,202.0,204.24,200.97,202.11,2002727
HUHTAMAKI,20260806,283.5,296.0,283.4,289.95,257774
HYBRIDETF,20260806,10.12,10.14,10.1,10.14,9013
HYBRIDFIN,20260806,18.08,18.5,17.1,17.5,15514
HYUNDAI,20260806,2208.2,2233.0,2181.6,2212.0,694415
IBULLSLTD,20260806,29.89,30.5,29.63,30.5,4589185
ICDSLTD,20260806,43.52,47.6,40.13,40.72,2285
ICEMAKE,20260806,817.85,834.0,810.0,828.1,15044
ICICIAMC,20260806,3087.0,3095.0,3061.0,3080.4,123997
ICICIB22,20260806,118.0,118.0,116.86,117.42,245630
ICICIBANK,20260806,1460.0,1460.0,1448.3,1457.5,14954726
ICICIGI,20260806,1676.0,1691.4,1638.0,1658.0,1843593
ICICIPRULI,20260806,516.0,516.0,504.4,507.0,3072294
ICIL,20260806,418.65,426.4,410.0,421.55,314507
ICRA,20260806,5122.0,5205.0,5089.3,5175.4,32116
IDBI,20260806,84.32,84.99,84.1,84.54,2634487
IDEA,20260806,12.89,12.9,12.63,12.63,204537429
IDEAFORGE,20260806,871.6,916.0,860.0,916.0,114348
IDFCFIRSTB,20260806,85.21,85.54,84.65,85.35,10687868
IDFNIFTYET,20260806,272.26,278.0,271.61,275.78,2540
IEX,20260806,129.59,130.32,127.74,128.83,2460962
IFBAGRO,20260806,989.95,989.95,960.2,968.25,3396
IFBIND,20260806,1449.6,1468.0,1420.1,1440.9,95344
IFCI,20260806,75.64,75.95,74.35,74.91,8317737
IFGLEXPOR,20260806,220.4,228.5,217.85,225.45,93478
IGARASHI,20260806,461.05,537.9,451.75,493.8,7802657
IGCL,20260806,74.73,75.9,74.1,74.72,52606
IGIL,20260806,363.65,367.5,357.0,360.35,713810
IGL,20260806,155.0,155.31,153.72,154.33,788950
IGPL,20260806,521.6,532.45,490.55,503.0,373464
IIFL,20260806,612.9,616.7,603.35,609.35,1097633
IIFLCAPS,20260806,335.4,336.25,335.1,335.45,152334
IITL,20260806,141.0,146.59,141.0,141.83,168088
IKIO,20260806,207.9,207.9,200.01,201.65,99577
IKS,20260806,1890.0,1907.4,1757.7,1763.1,590774
IL&FSENGG,20260806,35.0,35.75,34.51,35.52,59660
IL&FSTRANS,20260806,2.11,2.14,2.03,2.09,32863
IMAGICAA,20260806,49.3,51.5,49.04,51.1,1434634
IMFA,20260806,1500.0,1541.5,1500.0,1510.1,388975
IMPAL,20260806,1081.1,1122.5,1081.1,1096.9,1313
IMPEXFERRO,20260806,3.02,3.02,3.02,3.02,8166
INA,20260806,114.23,114.23,111.41,112.44,197108
INCREDIBLE,20260806,32.86,33.84,32.86,33.04,6349
INDBANK,20260806,32.88,32.88,31.75,32.26,15603
INDGN,20260806,550.3,564.4,539.5,550.2,3351725
INDHOTEL,20260806,741.1,743.8,732.0,736.0,1965855
INDIACEM,20260806,390.2,394.35,388.25,393.05,127290
INDIAGLYCO,20260806,1155.0,1163.2,1148.0,1151.0,64880
INDIAMART,20260806,1775.7,1789.9,1759.4,1763.5,94108
INDIANB,20260806,856.0,879.4,849.3,877.9,2583415
INDIANCARD,20260806,222.0,226.99,216.51,220.15,2158
INDIANHUME,20260806,388.1,398.1,382.85,387.8,38937
INDIASHLTR,20260806,730.05,741.3,728.1,734.85,222679
INDIGO,20260806,5400.5,5424.0,5315.0,5318.5,486230
INDIGOPNTS,20260806,1091.7,1133.8,1090.7,1128.6,94430
INDIQUBE,20260806,175.16,182.99,171.91,181.75,66036
INDNIPPON,20260806,1137.0,1175.0,1136.2,1152.5,31621
INDOAMIN,20260806,129.99,135.0,129.5,132.11,143387
INDOBORAX,20260806,413.0,414.2,405.7,410.25,91647
INDOCO,20260806,224.62,226.25,221.0,221.83,68629
INDOFARM,20260806,161.15,166.5,160.81,163.97,197711
INDOMIM,20260806,809.0,882.1,804.0,878.75,9644015
INDORAMA,20260806,63.0,64.0,59.51,60.37,399250
INDOSTAR,20260806,235.0,236.45,230.7,233.4,209403
INDOTECH,20260806,3640.0,3787.5,3550.0,3787.5,22967
INDOTHAI,20260806,110.65,110.65,110.65,110.65,82995
INDOUS,20260806,83.77,83.77,79.67,80.35,14043
INDOWIND,20260806,9.17,9.18,9.0,9.08,55987
INDPRUD,20260806,6560.0,6560.0,6405.0,6472.5,62
INDRAMEDCO,20260806,368.3,370.7,360.8,361.85,220817
INDSWFTLAB,20260806,230.45,234.5,225.0,226.48,324739
INDTERRAIN,20260806,31.84,33.3,31.0,32.32,50380
INDUSINDBK,20260806,1016.0,1033.9,1011.0,1016.2,769423
INDUSTOWER,20260806,386.95,389.6,383.3,383.3,5731783
INFOBEAN,20260806,169.62,171.49,167.2,167.77,184932
INFOMEDIA,20260806,5.53,5.53,5.26,5.4,7265
INFRA,20260806,12.22,12.28,12.2,12.23,45211
INFRABEES,20260806,974.11,979.57,974.11,977.36,4864
INFRAIETF,20260806,96.93,97.47,96.93,97.35,69972
INFY,20260806,1174.1,1185.8,1163.0,1165.0,8521064
INGERRAND,20260806,4275.6,4370.8,4275.6,4337.9,3173
INNOVACAP,20260806,949.9,970.0,942.55,954.05,24212
INNOVANA,20260806,331.15,337.95,327.95,331.8,1891
INNOVISION,20260806,285.2,286.45,285.0,285.1,9389
INOXGREEN,20260806,178.28,180.0,171.5,175.96,901176
INOXINDIA,20260806,1928.1,1967.9,1924.0,1954.4,130519
INOXWIND,20260806,79.3,79.3,78.01,78.2,5653025
INSECTICID,20260806,645.6,659.0,640.2,650.65,11255
INSPIRISYS,20260806,99.5,99.5,97.0,97.6,2356
INSUREIETF,20260806,15.73,16.46,15.55,15.6,684822
INTELLECT,20260806,745.0,759.8,718.05,721.65,554196
INTENTECH,20260806,87.3,87.3,82.25,82.99,18120
INTERARCH,20260806,1855.0,1900.0,1826.3,1860.4,66069
INTERNET,20260806,13.89,14.06,13.87,13.92,145450
INTLCONV,20260806,76.1,76.3,74.6,75.14,18194
INVENTURE,20260806,0.91,0.93,0.91,0.92,567731
INVPRECQ,20260806,1160.0,1160.0,1090.1,1136.5,2289
IOB,20260806,34.37,35.0,34.01,34.8,3157439
IOC,20260806,144.0,144.75,142.3,142.66,9474034
IOLCP,20260806,162.9,166.0,158.41,163.18,2373584
IONEXCHANG,20260806,388.5,397.7,382.0,386.4,2208794
IPCALAB,20260806,1775.0,1785.0,1728.1,1734.2,151963
IPL,20260806,145.51,146.99,145.01,145.61,92080
IRB,20260806,20.08,20.08,19.92,19.93,4352770
IRCON,20260806,131.36,132.95,130.44,132.11,1444747
IRCTC,20260806,511.0,523.0,509.8,520.45,1584430
IREDA,20260806,120.25,122.13,120.0,121.02,6669871
IRFC,20260806,88.9,89.95,88.75,89.29,7130936
IRIS,20260806,271.0,271.9,260.0,261.54,12209
IRISDOREME,20260806,53.52,54.5,53.4,54.02,320450
IRMENERGY,20260806,277.05,303.0,266.1,293.0,621106
ISFT,20260806,80.28,80.28,78.2,78.65,2610
ISGEC,20260806,832.05,838.35,815.8,820.35,31532
ISHANCH,20260806,50.5,50.99,48.4,49.0,41619
IT,20260806,35.3,35.3,34.24,34.44,507264
ITADD,20260806,33.54,33.54,32.7,32.92,92480
ITAXIS,20260806,347.0,347.0,341.1,342.62,2918
ITBEES,20260806,35.58,35.9,34.52,34.56,7030542
ITBETA,20260806,330.0,330.8,318.13,323.33,19844
ITC,20260806,285.45,286.35,283.7,285.9,12447629
ITCHOTELS,20260806,169.0,171.7,168.6,171.08,2261618
ITDC,20260806,706.0,717.05,705.3,708.2,117032
ITETF,20260806,33.02,33.56,32.95,32.98,353092
ITI,20260806,281.55,289.7,280.3,287.25,573736
ITIETF,20260806,34.85,35.23,34.27,34.54,669590
IVALUE,20260806,274.9,276.2,272.2,274.4,301726
IVC,20260806,8.15,8.28,8.0,8.09,199267
IVP,20260806,161.0,166.0,157.9,160.68,19616
IVZINGOLD,20260806,128.35,128.9,127.7,128.7,23775
IVZINNIFTY,20260806,291.34,298.4,277.13,283.31,21849
IWP,20260806,36.5,36.5,33.6,33.6,3385
IXIGO,20260806,206.49,207.35,195.0,202.67,490116
IZMO,20260806,1061.85,1083.35,1018.95,1023.0,216918
J&KBANK,20260806,157.0,164.3,157.0,160.08,6458285
JAGRAN,20260806,63.09,63.3,62.6,62.78,188877
JAGSNPHARM,20260806,238.97,244.99,233.0,238.05,173712
JAIBALAJI,20260806,63.99,63.99,61.0,62.93,236864
JAICORPLTD,20260806,104.33,105.33,103.5,103.95,341699
JAINREC,20260806,324.05,325.0,311.3,315.35,1605551
JAIPURKURT,20260806,27.8,27.8,26.16,26.53,100854
JAMNAAUTO,20260806,144.0,145.5,143.21,143.97,2153995
JARO,20260806,458.7,462.1,450.7,453.65,66127
JASH,20260806,495.0,503.0,490.0,493.0,58844
JAYAGROGN,20260806,224.3,227.5,221.41,224.47,9566
JAYBARMARU,20260806,146.65,146.65,146.65,146.65,101111
JAYKAY,20260806,155.05,160.6,154.4,156.42,245405
JAYNECOIND,20260806,92.9,93.44,91.84,92.57,2897273
JAYSREETEA,20260806,90.6,91.79,88.8,89.69,40982
JBMA,20260806,665.0,666.4,652.15,657.55,167082
JETFREIGHT,20260806,22.74,23.35,22.61,22.94,96248
JGCHEM,20260806,549.95,560.0,535.0,539.5,455971
JHS,20260806,7.7,7.85,7.6,7.8,32612
JINDALPHOT,20260806,1088.9,1089.9,1058.1,1063.6,1077
JINDALPOLY,20260806,626.45,648.0,625.55,632.75,19802
JINDALSAW,20260806,265.0,269.1,261.6,265.25,1690905
JINDALSTEL,20260806,1122.0,1124.5,1097.7,1101.0,1715023
JINDRILL,20260806,623.0,631.85,610.35,615.85,203271
JINDWORLD,20260806,39.1,39.24,38.11,38.5,5231452
JIOFIN,20260806,262.2,266.35,260.3,263.1,15775224
JISLDVREQS,20260806,22.97,23.38,22.7,23.15,8895
JISLJALEQS,20260806,31.15,31.89,31.13,31.44,1027555
JITFINFRA,20260806,355.25,355.25,331.0,336.8,26621
JKCEMENT,20260806,5485.0,5504.5,5405.0,5421.0,22983
JKIL,20260806,492.0,499.0,471.05,491.75,359777
JKIPL,20260806,99.01,101.0,97.01,97.97,11832
JKLAKSHMI,20260806,580.0,622.0,567.2,571.25,3679483
JKPAPER,20260806,387.0,392.0,385.1,389.2,229091
JKTYRE,20260806,417.9,418.9,411.3,413.25,565965
JLHL,20260806,323.0,325.55,317.0,319.25,158043
JMA,20260806,90.4,90.4,86.0,87.29,17641
JMFINANCIL,20260806,126.81,129.99,126.32,129.78,5439998
JNKINDIA,20260806,418.0,428.15,416.0,420.9,199835
JNPR,20260806,245.0,264.72,232.11,259.71,69638657
JOCIL,20260806,149.0,151.7,145.0,149.55,1662
JPOLYINVST,20260806,1049.9,1084.5,1038.3,1065.8,52573
JPPOWER,20260806,18.32,18.48,18.06,18.1,59560961
JSFB,20260806,574.95,581.8,557.2,560.95,486432
JSL,20260806,746.0,747.6,730.0,732.5,359503
JSLL,20260806,583.2,610.0,576.85,604.25,960929
JSWCEMENT,20260806,132.47,134.45,131.9,132.62,1142669
JSWDULUX,20260806,3048.0,3109.9,3023.0,3077.0,22234
JSWENERGY,20260806,564.95,568.6,561.5,561.5,989604
JSWHL,20260806,12355.0,12450.0,12001.0,12082.0,6338
JSWINFRA,20260806,335.0,335.0,324.5,327.5,1090704
JSWSTEEL,20260806,1330.0,1335.0,1303.5,1307.9,2307926
JTEKTINDIA,20260806,141.7,142.39,140.48,141.16,71584
JTLIND,20260806,78.5,80.5,76.5,76.81,3275518
JUBLCPL,20260806,1910.3,1917.0,1880.0,1890.3,1896
JUBLFOOD,20260806,480.0,482.5,470.1,473.0,3933013
JUBLINGREA,20260806,746.1,769.7,744.4,757.0,379357
JUBLPHARMA,20260806,924.5,938.7,916.3,926.25,158398
JUNIORBEES,20260806,810.6,810.6,803.8,807.25,234994
JUNIPER,20260806,202.0,219.01,196.66,198.05,1746581
JUSTDIAL,20260806,685.1,689.8,675.0,681.55,193598
JWL,20260806,259.4,263.0,258.15,262.1,783328
JYOTHYLAB,20260806,204.85,207.45,204.36,205.87,489212
JYOTICNC,20260806,861.4,870.25,852.15,865.05,442570
JYOTISTRUC,20260806,12.21,12.28,11.6,11.71,6298833
KABRAEXTRU,20260806,457.0,485.45,452.85,477.6,1101775
KAJARIACER,20260806,1185.9,1192.8,1166.4,1175.4,177094
KAKATCEM,20260806,116.3,120.85,116.3,116.55,2671
KALAMANDIR,20260806,88.99,89.74,88.04,88.18,386392
KALPATARU,20260806,284.4,286.95,282.0,283.0,37424
KALYANIFRG,20260806,612.4,613.8,595.05,606.35,2365
KALYANKJIL,20260806,575.0,600.0,561.25,598.0,24595955
KAMAHOLD,20260806,2514.2,2522.9,2487.1,2510.4,731
KAMATHOTEL,20260806,175.0,175.0,171.25,172.06,21459
KAMDHENU,20260806,34.4,35.7,34.15,35.05,295702
KAMOPAINTS,20260806,4.52,4.61,4.52,4.56,162722
KANANIIND,20260806,1.53,1.53,1.5,1.51,51953
KANCHI,20260806,361.9,363.7,354.0,361.9,344
KANORICHEM,20260806,149.4,156.99,147.65,151.07,29049
KANPRPLA,20260806,209.99,211.59,205.0,207.03,17184
KANSAINER,20260806,210.49,212.14,208.22,211.12,371479
KAPSTON,20260806,535.0,535.0,508.55,515.5,80046
KARMAENG,20260806,39.8,39.8,38.2,39.03,5634
KARURVYSYA,20260806,339.9,343.75,332.0,337.5,1675844
KAUSHALYA,20260806,923.0,970.0,903.0,951.05,733
KAVDEFENCE,20260806,57.85,58.19,56.51,57.16,95345
KAYA,20260806,282.0,287.9,271.0,273.7,25132
KAYNES,20260806,3900.0,3928.5,3822.0,3830.0,942467
KCP,20260806,154.99,155.68,150.65,151.35,115647
KCPSUGIND,20260806,31.47,31.84,30.16,30.73,281176
KDDL,20260806,3695.0,3799.0,3654.5,3706.1,57633
KEC,20260806,478.8,480.3,472.6,477.7,626161
KECL,20260806,152.8,155.0,147.01,148.39,905006
KEEPLEARN,20260806,2.1,2.35,1.9,2.03,123030
KEI,20260806,5525.0,5595.0,5485.5,5595.0,374795
KELLTONTEC,20260806,14.17,14.34,14.1,14.19,1222987
KENNAMET,20260806,3088.0,3182.8,3088.0,3123.7,28478
KERNEX,20260806,2568.8,2580.0,2380.0,2432.5,227314
KESORAMIND,20260806,13.0,13.0,13.0,13.0,225717
KEYFINSERV,20260806,264.75,264.75,250.25,252.45,1440
KFINTECH,20260806,950.4,950.4,923.2,930.0,591577
KHADIM,20260806,96.78,99.0,95.5,97.04,7823
KHAICHEM,20260806,53.49,53.8,52.99,53.56,142316
KHAITANLTD,20260806,158.99,162.4,153.0,157.13,23099
KHANDSE,20260806,17.75,17.75,16.75,17.05,2553
KICL,20260806,5545.0,5660.5,5500.0,5528.0,2143
KILITCH,20260806,192.33,194.09,191.38,192.23,18884
KIMS,20260806,803.0,819.8,801.0,808.6,504230
KINGFA,20260806,5200.0,5450.0,5102.5,5344.0,24750
KIOCL,20260806,395.9,409.6,391.0,394.45,297023
KIRANVYPAR,20260806,202.0,203.0,196.5,197.57,1033
KIRIINDUS,20260806,420.15,445.85,419.25,436.55,900788
KIRLFER,20260806,455.4,465.0,441.3,444.35,170312
KIRLOSBROS,20260806,1990.0,1992.7,1947.1,1959.4,72989
KIRLOSENG,20260806,2221.4,2278.5,2200.0,2248.9,372981
KIRLOSIND,20260806,3803.8,3846.0,3750.0,3767.2,7482
KIRLPNU,20260806,1468.0,1484.3,1450.0,1455.2,94058
KISSHT,20260806,309.0,316.05,302.2,304.35,951002
KITEX,20260806,145.3,145.8,144.2,144.74,257914
KKCL,20260806,544.0,549.55,513.75,522.5,95132
KLBRENG-B,20260806,396.2,402.0,379.5,399.05,411822
KMEW,20260806,2535.0,2595.0,2502.0,2519.2,49820
KMSUGAR,20260806,28.23,28.99,28.16,28.37,83580
KNACK,20260806,214.8,215.98,205.5,207.71,1880069
KNAGRI,20260806,209.6,212.0,207.0,211.65,14930
KNRCON,20260806,133.53,142.0,132.11,140.35,5496409
KOHINOOR,20260806,23.48,23.48,22.85,23.14,57666
KOKUYOCMLN,20260806,87.81,92.4,87.3,89.95,216698
KOLTEPATIL,20260806,402.25,438.0,402.25,429.3,1221264
KOPRAN,20260806,192.5,195.9,188.25,190.66,98071
KOTAKBANK,20260806,397.25,398.8,393.75,394.0,10378024
KOTARISUG,20260806,25.5,26.25,25.5,26.07,39834
KOTHARIPET,20260806,145.77,151.68,143.22,149.53,312232
KOTHARIPRO,20260806,68.6,68.6,67.61,68.0,3046
KOTIC,20260806,154.99,157.0,152.0,154.73,10200
KOTYARK,20260806,40.38,40.38,40.38,40.38,115721
KOVAI,20260806,5950.5,5989.0,5833.5,5893.5,3575
KPEL,20260806,312.25,314.5,302.6,304.2,239296
KPIGREEN,20260806,377.0,378.9,373.75,375.35,418329
KPIL,20260806,1289.9,1300.0,1267.2,1294.1,198579
KPITTECH,20260806,628.9,640.7,619.7,623.0,3620699
KPL,20260806,2550.0,2690.0,2550.0,2652.1,30735
KPRMILL,20260806,1077.2,1092.9,1069.0,1086.0,169826
KRBL,20260806,375.8,377.2,370.25,374.05,238847
KREBSBIO,20260806,54.15,55.85,54.01,54.51,3238
KRIDHANINF,20260806,2.37,2.39,2.28,2.28,54109
KRISHANA,20260806,178.99,180.99,178.03,179.41,381699
KRISHIVAL,20260806,391.0,391.2,388.0,390.1,360
KRISHNADEF,20260806,1145.9,1194.0,1115.1,1176.9,142262
KRITI,20260806,70.1,72.3,68.26,69.31,9871
KRITIKA,20260806,5.65,5.85,5.51,5.74,206366
KRITINUT,20260806,95.0,95.7,91.5,94.09,200864
KRN,20260806,1201.1,1222.0,1201.1,1214.7,43487
KRONOX,20260806,162.19,170.0,160.09,166.78,306885
KROSS,20260806,204.94,205.76,199.0,200.09,206663
KRSNAA,20260806,560.0,563.3,553.5,559.9,33332
KRYSTAL,20260806,600.05,602.9,600.0,600.05,7347
KSB,20260806,801.0,805.0,782.1,788.05,201763
KSCL,20260806,790.0,790.95,768.0,770.85,94653
KSHINTL,20260806,899.9,909.9,887.55,899.35,118245
KSHITIJPOL,20260806,2.99,2.99,2.8,2.86,860894
KSL,20260806,885.0,899.0,877.0,882.25,22097
KSOLVES,20260806,280.1,285.0,280.0,283.0,25107
KSR,20260806,29.5,30.3,28.65,29.05,42277
KTKBANK,20260806,299.55,316.8,297.3,306.8,7797697
KUANTUM,20260806,80.74,82.44,79.62,80.61,137017
KUSUMGAR,20260806,643.9,657.75,623.0,650.5,976578
KWIL,20260806,32.33,35.05,32.01,34.82,27827650
LAGNAM,20260806,86.31,86.9,84.5,84.54,14382
LAHOTIOV,20260806,41.97,42.0,41.26,41.26,2959
LAKPRE,20260806,4.81,5.2,4.81,5.2,165
LAL,20260806,8.21,9.1,8.21,8.8,316590
LALPATHLAB,20260806,1882.0,1949.0,1880.0,1928.0,427191
LAMBODHARA,20260806,115.0,115.7,110.96,114.27,2081
LANCORHOL,20260806,27.25,27.25,24.66,25.51,110570
LANDMARK,20260806,548.0,555.0,542.05,546.9,140202
LANDSMILL,20260806,0.81,0.82,0.8,0.8,1513371
LAOPALA,20260806,196.56,200.37,192.3,193.79,689122
LASA,20260806,7.92,8.3,7.73,7.85,88299
LASERPOWER,20260806,292.7,303.2,289.3,292.0,1654581
LATENTVIEW,20260806,295.45,301.55,295.0,297.8,487788
LATTEYS,20260806,20.05,20.69,19.8,20.41,46269
LAURUSLABS,20260806,1843.0,1854.9,1830.0,1830.0,2037418
LAXMICOT,20260806,14.3,14.97,14.1,14.78,4070
LAXMIDENTL,20260806,220.4,220.5,215.83,218.58,53415
LAXMIINDIA,20260806,132.76,136.5,131.0,133.26,47193
LCCINFOTEC,20260806,4.11,4.13,3.86,3.88,56785
LCL,20260806,520.0,543.7,514.0,531.45,1939474
LEMERITE,20260806,23.7,23.88,23.26,23.79,474526
LEMONTREE,20260806,112.9,113.75,112.32,112.79,2126094
LENSKART,20260806,574.7,575.0,563.65,565.0,1594454
LEXUS,20260806,14.93,14.94,14.16,14.79,21753
LFIC,20260806,140.6,147.7,138.1,139.33,836
LGBBROSLTD,20260806,1522.6,1531.3,1515.0,1520.4,9092
LGEINDIA,20260806,1576.1,1593.0,1565.0,1578.3,196103
LGHL,20260806,206.77,206.8,196.01,201.83,20437
LIBAS,20260806,10.0,10.0,9.62,9.71,14141
LIBERTSHOE,20260806,268.5,268.8,262.9,264.25,21496
LICHSGFIN,20260806,513.5,515.0,504.8,505.0,2575192
LICI,20260806,387.25,391.4,387.25,387.55,57401466
LICMFGOLD,20260806,131.3,133.25,131.3,132.95,208180
LICNETFGSC,20260806,29.54,29.6,29.4,29.56,37980
LICNETFN50,20260806,269.04,278.7,269.04,275.59,648
LICNETFSEN,20260806,892.15,893.66,892.0,893.0,23
LICNFNHGP,20260806,282.34,282.34,275.16,281.79,871
LICNMID100,20260806,64.2,64.5,63.57,63.94,24181
LIKHITHA,20260806,224.55,224.55,218.0,220.06,22706
LINC,20260806,104.0,104.0,101.01,101.3,21044
LINCOLN,20260806,616.9,622.2,600.65,606.2,31762
LINDEINDIA,20260806,7085.0,7188.5,7026.5,7152.5,14507
LIQGRWBEES,20260806,1049.82,1050.53,1049.82,1050.52,113541
LIQUID,20260806,999.99,1000.0,999.99,999.99,1314845
LIQUID1,20260806,1117.73,1117.73,1115.8,1116.87,408295
LIQUIDADD,20260806,1139.01,1139.02,1139.0,1139.01,609868
LIQUIDBEES,20260806,1000.0,1000.01,999.99,999.99,3520701
LIQUIDBETF,20260806,1093.4,1093.4,1093.38,1093.38,462508
LIQUIDCASE,20260806,115.33,115.35,115.33,115.34,14352926
LIQUIDETF,20260806,1000.0,1000.01,999.99,1000.0,1603864
LIQUIDIETF,20260806,1000.0,1000.01,999.99,999.99,161626
LIQUIDPLUS,20260806,1097.62,1097.63,1097.61,1097.61,388437
LIQUIDSBI,20260806,999.99,1000.01,999.99,1000.01,2404
LIQUIDSHRI,20260806,1116.1,1116.11,1116.09,1116.09,8914
LLOYDSENGG,20260806,93.25,94.98,86.25,88.46,24459058
LLOYDSENT,20260806,81.44,82.1,79.2,79.48,3518310
LLOYDSME,20260806,2093.4,2104.0,2051.0,2059.0,345815
LMW,20260806,16399.0,16980.0,16372.0,16635.0,6652
LODHA,20260806,1255.0,1255.0,1214.0,1214.0,1279323
LOKESHMACH,20260806,344.85,344.85,344.85,344.85,15328
LORDSCHLO,20260806,146.0,147.64,142.64,144.63,10615
LOTUSDEV,20260806,193.8,196.06,193.45,195.61,1034151
LOTUSEYE,20260806,117.01,118.49,116.7,117.24,2460
LOVABLE,20260806,73.0,75.59,73.0,74.08,14932
LOWVOL,20260806,213.22,214.13,212.95,213.27,29623
LOWVOL1,20260806,21.91,21.97,21.6,21.78,54653
LOWVOLIETF,20260806,23.09,23.29,22.82,22.82,2486029
LOYALTEX,20260806,212.0,219.3,212.0,214.53,831
LPDC,20260806,6.38,6.48,6.2,6.42,14608
LT,20260806,4056.0,4070.0,4045.0,4061.8,1401341
LTF,20260806,320.55,322.2,316.65,316.65,1807929
LTFOODS,20260806,416.0,422.3,413.1,419.4,255995
LTGILTBEES,20260806,30.01,30.08,30.01,30.05,740320
LTGILTCASE,20260806,30.58,30.75,29.97,30.61,81319
LTM,20260806,4535.5,4591.1,4462.9,4528.0,320411
LTTS,20260806,3564.1,3627.0,3540.0,3555.4,79100
LUMAXIND,20260806,5748.0,5832.0,5680.5,5799.5,15036
LUMAXTECH,20260806,1690.0,1732.0,1682.8,1698.3,180268
LUPIN,20260806,2397.0,2427.7,2382.6,2385.0,1185492
LUXIND,20260806,1290.9,1291.8,1263.0,1266.4,21937
LXCHEM,20260806,182.4,183.85,179.0,179.67,863609
LYKALABS,20260806,72.0,72.45,68.0,68.1,9030
M&M,20260806,3449.0,3449.0,3406.0,3406.0,1656879
M&MFIN,20260806,399.0,399.95,387.45,388.8,1785952
MAANALU,20260806,128.35,130.0,126.7,128.76,64496
MACPOWER,20260806,1534.9,1604.7,1479.0,1581.0,46652
MADHAV,20260806,35.0,36.0,34.91,35.74,1111
MADHAVIPL,20260806,7.95,8.18,7.67,7.78,203226
MADHUCON,20260806,5.41,5.41,5.07,5.25,35765
MADRASFERT,20260806,67.04,67.25,66.61,67.08,26346
MAFANG,20260806,203.93,207.88,200.95,205.91,1334265
MAFATIND,20260806,134.8,135.0,131.5,133.05,24656
MAGADSUGAR,20260806,507.85,540.65,505.0,517.6,157298
MAGNUM,20260806,19.85,19.85,19.25,19.51,7853
MAHABANK,20260806,79.59,79.59,77.75,78.17,9359746
MAHAPEXLTD,20260806,46.9,46.9,44.0,44.88,31919
MAHASTEEL,20260806,1076.9,1076.9,1010.0,1024.1,7044
MAHEPC,20260806,108.79,109.88,106.4,107.7,56076
MAHESHWARI,20260806,71.6,73.01,71.6,73.0,10801
MAHKTECH,20260806,23.95,23.95,23.75,23.91,1063561
MAHLIFE,20260806,384.0,388.95,380.8,386.4,134129
MAHLOG,20260806,409.9,418.75,409.9,413.9,177015
MAHSCOOTER,20260806,13972.0,13972.0,13750.0,13817.0,2355
MAHSEAMLES,20260806,585.7,590.3,580.0,583.8,65218
MAITHANALL,20260806,964.65,977.45,963.0,967.7,25353
MAJESAUT,20260806,492.0,497.0,490.0,495.45,47654
MAKEINDIA,20260806,168.26,169.41,168.18,168.89,68820
MALLCOM,20260806,1011.0,1022.0,995.0,1015.1,1052
MALUPAPER,20260806,33.2,34.25,32.82,33.75,10340
MAMATA,20260806,428.8,429.9,425.0,425.1,66698
MANAKALUCO,20260806,35.99,38.84,35.51,38.36,178435
MANAKCOAT,20260806,117.21,118.23,113.0,113.87,438535
MANAKSIA,20260806,57.5,57.98,56.62,57.26,17850
MANAKSTEEL,20260806,82.0,89.47,78.02,88.13,492125
MANALIPETC,20260806,66.44,66.49,65.12,65.54,220768
MANAPPURAM,20260806,368.7,373.0,362.0,364.0,3913831
MANBA,20260806,135.41,135.41,132.0,133.08,85922
MANCREDIT,20260806,243.05,257.0,239.22,252.56,874266
MANGALAM,20260806,27.39,27.39,26.8,27.01,11872
MANGLMCEM,20260806,950.0,950.0,935.0,941.15,38501
MANINDS,20260806,533.3,554.7,532.05,552.2,247747
MANINFRA,20260806,113.0,114.4,109.51,110.41,911356
MANIPALHOS,20260806,657.55,663.9,625.45,650.5,6563793
MANKIND,20260806,2450.0,2463.8,2420.3,2420.3,241909
MANOMAY,20260806,216.73,219.45,210.6,216.43,88333
MANORAMA,20260806,1608.0,1635.7,1588.9,1623.9,92425
MANORG,20260806,466.0,468.0,456.5,459.5,5060
MANUFGBEES,20260806,169.96,169.96,166.11,166.8,6854
MANUGRAPH,20260806,16.59,16.68,15.52,16.22,9117
MANYAVAR,20260806,506.0,506.8,488.05,500.35,1706831
MAPMYINDIA,20260806,1050.0,1076.0,1042.5,1070.7,316655
MARALOVER,20260806,56.0,56.0,52.25,53.86,15792
MARATHON,20260806,391.05,391.35,382.35,385.8,46094
MARICO,20260806,851.0,864.9,848.0,860.0,1939903
MARINE,20260806,306.0,323.9,302.55,321.85,2276706
MARKOLINES,20260806,179.7,182.5,178.1,180.65,301294
MARKSANS,20260806,270.65,276.45,267.6,268.9,1245329
MARSONS,20260806,108.15,110.15,106.9,107.82,1761268
MARUTI,20260806,14181.0,14181.0,13985.0,14080.0,333510
MASFIN,20260806,306.7,312.0,306.7,309.95,59584
MASKINVEST,20260806,150.0,156.97,146.0,152.0,524
MASPTOP50,20260806,80.94,80.94,80.65,80.94,442591
MASTEK,20260806,1833.8,1857.9,1799.0,1823.0,46398
MASTERTR,20260806,82.49,82.49,79.1,80.14,215306
MATRIMONY,20260806,434.9,457.0,426.0,447.9,103194
MAWANASUG,20260806,111.78,116.0,111.78,113.2,135534
MAXESTATES,20260806,393.95,417.0,393.95,409.4,111982
MAXHEALTH,20260806,1079.5,1079.5,1064.1,1072.4,1728681
MAXIND,20260806,170.86,174.21,170.86,172.82,42807
MAYURUNIQ,20260806,739.05,818.0,730.0,773.85,656145
MAZDA,20260806,227.8,232.0,223.36,228.35,4655
MAZDOCK,20260806,2380.5,2574.0,2373.3,2530.0,4183448
MBAPL,20260806,158.0,161.49,158.0,160.39,515434
MBEL,20260806,289.95,293.85,285.0,288.25,209950
MBLINFRA,20260806,25.49,25.95,25.0,25.13,11088
MCCHRLS-B,20260806,715.0,715.0,660.0,675.9,439
MCL,20260806,55.87,60.85,54.9,57.57,273838
MCLEODRUSS,20260806,48.41,48.5,46.71,46.71,378180
MCLOUD,20260806,29.04,29.1,28.69,28.95,1381718
MCX,20260806,2620.5,2667.4,2617.2,2640.0,2085783
MEDANTA,20260806,1412.9,1460.0,1405.8,1444.3,362251
MEDIASSIST,20260806,363.95,372.85,360.0,367.15,88988
MEDICAMEQ,20260806,244.95,249.8,235.51,237.67,18553
MEDICO,20260806,49.6,49.6,46.81,47.72,447464
MEDPLUS,20260806,692.6,692.6,682.4,690.2,85998
MEESHO,20260806,189.0,189.5,184.64,186.17,14682819
MEGASTAR,20260806,330.35,331.05,322.0,324.6,1748
MEIL,20260806,274.0,280.45,269.0,276.0,63417
MENNPIS,20260806,77.0,77.89,74.5,75.35,190108
MENONBE,20260806,226.0,235.7,224.6,229.82,25649
MEP,20260806,0.56,0.56,0.56,0.56,23115
MERCANTILE,20260806,23.81,25.59,23.81,24.52,2548
MERCURYEV,20260806,34.62,36.0,34.62,35.73,111191
METAL,20260806,13.6,13.6,13.1,13.27,3401626
METALIETF,20260806,13.51,13.51,13.21,13.23,7764069
METROBRAND,20260806,1018.1,1019.4,975.0,981.1,96791
METROGLOBL,20260806,135.0,135.9,131.0,135.02,977
METROPOLIS,20260806,582.35,588.65,551.1,564.6,218066
MFML,20260806,19.9,19.9,19.1,19.44,226
MFSL,20260806,1525.2,1544.0,1513.2,1518.8,1101308
MGEL,20260806,15.51,15.69,14.8,15.02,169220
MGL,20260806,1124.0,1133.3,1108.1,1123.7,187854
MHLXMIRU,20260806,162.99,163.47,153.32,156.34,8410
MHRIL,20260806,233.0,234.59,229.1,230.98,95828
MICEL,20260806,37.5,37.68,36.15,37.3,150880
MID150,20260806,23.87,23.87,23.7,23.75,30572
MID150BEES,20260806,242.1,243.54,239.67,241.55,1308249
MID150CASE,20260806,11.77,11.81,11.64,11.75,886011
MIDCAP,20260806,18.64,18.88,18.5,18.54,361169
MIDCAPADD,20260806,23.52,23.52,23.42,23.43,2453
MIDCAPBETA,20260806,236.73,237.28,233.55,235.73,979
MIDCAPETF,20260806,24.4,24.57,23.81,23.86,2041078
MIDCAPIETF,20260806,24.24,24.34,24.17,24.17,659583
MIDHANI,20260806,416.1,441.9,415.05,434.25,3174076
MIDQ50ADD,20260806,25.65,25.7,25.5,25.52,48792
MIDSELIETF,20260806,19.81,19.87,19.71,19.75,422262
MIDSMALL,20260806,51.87,52.05,51.74,51.9,210338
MIDWESTLTD,20260806,1210.0,1216.9,1198.1,1203.7,9497
MINDACORP,20260806,724.5,729.05,715.0,716.9,155958
MINDTECK,20260806,191.96,198.0,190.51,196.51,70285
MIRZAINT,20260806,34.2,34.44,33.0,33.47,475277
MITCON,20260806,82.37,82.37,76.44,78.51,2611
MITTAL,20260806,0.9,0.92,0.9,0.91,144975
MKPL,20260806,4.28,4.28,4.14,4.14,123984
MMFL,20260806,577.0,607.0,568.1,603.55,468380
MMP,20260806,330.0,339.95,322.6,330.25,161583
MMTC,20260806,64.59,65.33,64.0,64.05,1385858
MMWL,20260806,15.0,15.22,13.85,15.05,53009
MNC,20260806,34.64,34.64,34.2,34.4,66973
MOALPHA50,20260806,55.69,55.88,55.25,55.72,19904
MOBANK10,20260806,17.57,17.57,17.08,17.12,14342
MOBIKWIK,20260806,204.75,207.64,203.0,204.43,1305611
MOCAPITAL,20260806,54.09,54.09,52.45,52.61,3659731
MODEFENCE,20260806,102.97,106.39,102.14,106.1,3287631
MODINATUR,20260806,399.3,399.3,391.1,391.35,983
MODIRUBBER,20260806,123.18,123.18,120.12,121.11,454
MODIS,20260806,415.0,423.0,407.05,411.15,70237
MODISONLTD,20260806,282.5,287.95,277.25,279.95,19965
MODTHREAD,20260806,49.02,49.02,48.21,48.24,51
MOENERGY,20260806,39.0,39.34,38.3,38.71,77906
MOGOLD,20260806,144.15,146.25,144.15,146.05,35624
MOGSEC,20260806,65.24,66.7,65.24,66.01,46199
MOHEALTH,20260806,51.97,52.15,51.72,51.9,43542
MOHITIND,20260806,26.25,27.3,25.03,25.51,61382
MOIL,20260806,283.5,289.5,280.6,282.45,869718
MOINFRA,20260806,60.56,60.86,60.43,60.7,2399
MOIPO,20260806,47.97,48.19,47.96,48.02,2683
MOKSH,20260806,10.59,11.25,10.41,11.14,132281
MOL,20260806,53.69,53.78,52.13,52.28,1345922
MOLDTECH,20260806,166.4,199.68,161.1,198.6,3577835
MOLDTKPAC,20260806,694.85,698.0,679.1,683.5,74729
MOLOWVOL,20260806,38.62,38.62,37.28,37.64,112450
MOM100,20260806,69.48,69.48,67.85,68.41,206391
MOM30IETF,20260806,31.48,31.6,31.36,31.46,404372
MOM50,20260806,258.8,258.8,257.48,258.49,2271
MOMENTUM,20260806,31.27,31.4,30.33,30.64,422037
MOMENTUM30,20260806,30.97,31.07,30.78,30.88,191378
MOMENTUM50,20260806,55.06,55.06,53.41,53.71,477428
MOMETAL,20260806,13.29,13.29,13.15,13.17,20965
MOMGF,20260806,165.49,167.0,165.21,166.75,1125
MOMIDMTM,20260806,64.17,64.97,64.17,64.57,235893
MOMMIDCAP,20260806,12.92,12.92,12.78,12.89,1349951
MOMNC,20260806,33.4,33.54,33.4,33.49,887
MOMOMENTUM,20260806,62.4,62.83,62.4,62.56,46740
MON100,20260806,332.58,332.58,327.32,332.36,1424604
MON50EQUAL,20260806,34.36,34.6,33.71,34.44,3343
MONARCH,20260806,398.95,398.95,386.0,388.6,62306
MONEXT50,20260806,74.98,74.98,73.6,74.12,6220
MONEYBOXX,20260806,61.65,63.0,60.51,62.68,8977
MONIFTY100,20260806,26.35,26.35,25.78,26.02,41662
MONIFTY500,20260806,24.34,24.35,24.23,24.3,462352
MONQ50,20260806,146.87,146.88,145.26,146.88,206443
MONTECARLO,20260806,501.9,518.2,495.0,498.95,199687
MOOILGAS,20260806,11.24,11.35,11.23,11.3,57530
MOPSE,20260806,101.34,103.05,100.79,101.24,1768
MOQUALITY,20260806,206.25,206.5,202.53,205.72,20463
MOREALTY,20260806,90.47,90.47,89.02,89.18,591839
MOREPENLAB,20260806,76.39,83.5,75.11,79.42,100581767
MOSCHIP,20260806,208.5,210.99,208.01,209.21,1091769
MOSERVICE,20260806,31.68,31.83,31.65,31.76,5399
MOSILVER,20260806,221.88,222.79,220.48,221.84,25907
MOSMALL250,20260806,18.48,18.64,18.28,18.46,1266277
MOTHERSON,20260806,155.3,157.99,151.61,155.0,39983472
MOTILALOFS,20260806,881.95,882.6,863.5,874.0,516195
MOTISONS,20260806,13.91,13.94,13.8,13.87,8364680
MOTOGENFIN,20260806,25.99,26.25,25.92,25.92,3857
MOTOUR,20260806,81.03,81.2,80.1,80.45,34811
MOVALUE,20260806,115.36,115.99,115.06,115.86,88920
MPHASIS,20260806,2456.8,2458.0,2395.8,2421.9,179783
MPSLTD,20260806,2870.0,2873.6,2700.1,2763.9,56267
MRF,20260806,134500.0,135150.0,133300.0,133930.0,3690
MRPL,20260806,171.1,171.3,166.9,167.78,3023271
MSCI360,20260806,10.48,10.77,10.26,10.35,13879
MSCIADD,20260806,30.08,30.27,30.08,30.23,1964
MSCIINDIA,20260806,30.43,30.53,30.43,30.5,111375
MSPL,20260806,36.5,37.68,36.31,37.55,2320928
MSTCLTD,20260806,612.0,616.95,600.45,605.2,114914
MSUMI,20260806,41.1,41.39,40.7,41.01,10595418
MTARTECH,20260806,6959.0,6959.0,6700.0,6959.0,346004
MTEDUCARE,20260806,2.05,2.05,1.92,1.94,34810
MTNL,20260806,27.84,27.91,27.61,27.69,451850
MUFIN,20260806,134.4,135.5,132.25,134.07,871081
MUFTI,20260806,81.69,88.5,81.69,87.44,210664
MUKANDLTD,20260806,142.29,144.13,142.2,143.29,85719
MUKKA,20260806,22.92,23.6,22.77,23.1,239352
MUKTAARTS,20260806,56.95,58.99,54.52,58.78,2428
MULTICAP,20260806,17.01,17.05,16.96,16.97,118246
MUNJALAU,20260806,104.0,104.59,103.1,103.66,143099
MUNJALSHOW,20260806,136.13,137.0,133.3,133.62,51995
MURUDCERA,20260806,31.0,31.63,30.82,30.95,16526
MUTHOOTCAP,20260806,266.0,266.0,261.19,263.94,30659
MUTHOOTFIN,20260806,2933.0,2959.4,2881.2,2894.2,1271961
MUTHOOTMF,20260806,232.6,240.0,220.5,221.94,1069666
MVELECTRO,20260806,520.0,624.0,520.0,624.0,17538016
MVGJL,20260806,170.9,170.9,165.0,165.82,37421
MWL,20260806,42.62,43.5,42.3,43.04,3547315
NACLIND,20260806,181.45,182.77,176.62,178.14,450992
NAGREEKCAP,20260806,22.23,23.49,22.23,22.62,13178
NAGREEKEXP,20260806,22.01,23.22,22.01,22.81,3055
NAHARCAP,20260806,290.0,293.0,266.83,273.78,78385
NAHARINDUS,20260806,119.25,123.0,119.11,121.08,13269
NAHARPOLY,20260806,244.1,253.85,237.95,240.25,174101
NAHARSPING,20260806,346.0,349.0,303.25,309.8,342549
NAM-INDIA,20260806,1214.1,1214.1,1189.7,1200.0,512681
NARMADA,20260806,15.16,15.23,13.61,13.85,2467878
NATCAPSUQ,20260806,150.0,159.99,145.61,149.91,27472
NATCOPHARM,20260806,918.75,932.0,910.0,912.5,209740
NATHBIOGEN,20260806,164.31,165.92,158.2,160.88,48707
NATIONALUM,20260806,385.0,385.05,376.5,381.0,6636333
NATIONSTD,20260806,201.94,201.94,201.94,201.94,4281
NAUKRI,20260806,1245.0,1257.0,1229.5,1240.0,1210220
NAVA,20260806,582.0,600.45,580.0,594.2,401360
NAVINFLUOR,20260806,7950.0,8775.5,7834.5,8650.0,3853522
NAVKARCORP,20260806,102.14,102.79,100.02,100.9,380301
NAVKARURB,20260806,1.04,1.04,1.0,1.01,306954
NAVNETEDUL,20260806,128.4,130.44,126.68,127.93,352474
NAZARA,20260806,348.25,358.0,338.5,352.85,5602341
NBCC,20260806,96.6,96.96,95.25,96.25,6704370
NBIFIN,20260806,2180.2,2183.2,2134.8,2158.1,135
NCC,20260806,144.0,144.4,142.4,143.73,1093984
NCLIND,20260806,169.0,180.31,169.0,177.69,72017
NDGL,20260806,2760.0,2760.0,2650.0,2750.0,121
NDL,20260806,2.4,2.4,2.28,2.31,1228677
NDLVENTURE,20260806,126.47,128.8,126.06,128.37,4426
NDRAUTO,20260806,826.1,832.8,808.45,814.15,18292
NDTV,20260806,77.17,77.83,76.94,77.38,64051
NEAGI,20260806,3155.0,3155.0,3150.0,3150.0,28
NECCLTD,20260806,15.03,15.44,15.03,15.14,18608
NECLIFE,20260806,10.43,10.73,10.4,10.5,111259
NELCAST,20260806,125.97,125.97,124.0,124.6,58388
NELCO,20260806,992.0,1001.0,978.0,983.8,168096
NEOGEN,20260806,2012.0,2049.9,1984.6,2031.5,69468
NEPHROPLUS,20260806,711.0,711.0,690.0,691.65,80857
NESCO,20260806,1059.0,1059.0,1040.8,1049.2,23204
NESTLEIND,20260806,1531.9,1535.0,1518.2,1535.0,1666312
NETF,20260806,272.79,272.79,263.02,267.52,3771
NETWEB,20260806,4900.0,4980.0,4783.0,4816.0,1117424
NETWORK18,20260806,29.5,30.19,29.29,29.91,2837897
NEULANDLAB,20260806,21800.0,22490.0,21000.0,21543.0,929534
NEWGEN,20260806,560.0,565.2,540.0,542.4,944921
NEXT30ADD,20260806,43.87,44.21,43.87,44.05,4245
NEXT50,20260806,768.38,771.0,767.55,769.91,11116
NEXT50ADD,20260806,74.34,75.16,74.34,75.11,1160
NEXT50BETA,20260806,79.53,80.55,79.23,79.77,125824
NEXT50ETF,20260806,76.57,76.57,74.44,75.17,152331
NEXT50IETF,20260806,78.26,78.83,78.23,78.51,539736
NEXTMEDIA,20260806,4.02,4.02,3.82,3.95,2989
NFL,20260806,72.53,73.4,72.31,72.5,379736
NGIL,20260806,41.43,41.43,38.0,38.52,11278
NGLFINE,20260806,3426.0,3529.0,3350.1,3428.5,14595
NH,20260806,1912.5,1913.4,1877.1,1885.0,703113
NHPC,20260806,78.24,78.57,77.5,77.5,11610748
NIACL,20260806,182.0,182.07,177.0,178.93,1490286
NIBE,20260806,1397.2,1456.9,1386.8,1420.9,91687
NIBL,20260806,36.4,36.97,34.0,34.04,34526
NIF100BEES,20260806,273.33,274.23,270.6,272.82,128942
NIF100IETF,20260806,27.88,28.86,27.88,28.71,110238
NIFTY1,20260806,274.0,274.0,271.7,272.83,45851
NIFTY100EW,20260806,36.08,36.17,35.75,36.05,22447
NIFTYADD,20260806,258.7,269.0,257.0,258.89,8132
NIFTYAXIS,20260806,274.91,274.91,267.2,272.13,338002
NIFTYBEES,20260806,279.96,281.38,278.01,280.59,4188159
NIFTYBETA,20260806,277.96,277.96,270.48,272.82,27275
NIFTYBETF,20260806,253.87,254.16,251.53,253.09,2076
NIFTYCASE,20260806,10.09,10.09,9.87,9.9,563639
NIFTYETF,20260806,267.4,268.6,267.35,268.33,213961
NIFTYIETF,20260806,278.48,279.8,278.0,279.06,445128
NIFTYQLITY,20260806,21.95,21.95,21.53,21.79,98436
NIITLTD,20260806,98.99,99.8,97.28,98.09,304795
NIITMTS,20260806,247.3,251.68,241.0,243.55,444326
NILAINFRA,20260806,7.42,7.86,7.31,7.63,502024
NILASPACES,20260806,12.38,12.48,12.13,12.17,352015
NILE,20260806,1635.7,1648.8,1579.9,1595.0,8688
NILKAMAL,20260806,1810.3,1820.0,1760.0,1776.7,31568
NIMBSPROJ,20260806,182.0,196.0,181.0,181.0,1111
NINSYS,20260806,717.65,735.3,698.15,734.9,1736
NIPPOBATRY,20260806,328.0,335.0,320.2,333.45,3904
NIRAJ,20260806,30.59,30.59,29.2,29.49,56517
NIRLON,20260806,624.2,624.2,619.9,620.95,3756
NITCO,20260806,103.31,105.0,101.5,101.96,360396
NITINSPIN,20260806,579.6,590.0,570.1,572.35,77582
NITIRAJ,20260806,211.7,213.39,207.0,211.29,3314
NITTAGELA,20260806,1694.0,1720.0,1682.2,1695.5,5760
NIVABUPA,20260806,87.52,87.78,86.82,87.18,540098
NKIND,20260806,60.5,63.0,60.5,63.0,407
NLCINDIA,20260806,304.8,306.0,300.9,304.0,1524983
NMDC,20260806,86.32,87.19,85.66,86.2,26097300
NOCIL,20260806,173.25,174.78,169.3,170.71,603320
NOIDATOLL,20260806,4.57,4.57,4.33,4.38,76487
NORBTEAEXP,20260806,66.4,66.6,65.31,65.52,558
NORTHARC,20260806,285.25,287.9,278.8,280.4,373329
NOVAAGRI,20260806,22.98,23.38,22.98,23.06,21582
NOVARTIND,20260806,1637.0,1681.6,1556.0,1609.7,27545
NPBET,20260806,288.38,288.65,287.35,287.35,45
NPST,20260806,1533.5,1543.8,1506.0,1511.0,12218
NRAIL,20260806,523.95,574.0,511.05,521.65,178415
NRBBEARING,20260806,462.9,468.0,443.0,445.6,715909
NRL,20260806,115.36,115.36,115.36,115.36,39063
NSIL,20260806,5726.0,5775.0,5671.0,5711.5,2315
NSLNISP,20260806,45.0,45.4,44.52,44.81,3840820
NTPC,20260806,347.5,349.25,343.1,345.0,10079779
NTPCGREEN,20260806,90.74,91.66,90.42,91.33,2298895
NUCLEUS,20260806,698.75,707.2,691.25,698.55,27141
NURECA,20260806,339.0,354.0,335.85,338.65,34037
NUVAMA,20260806,1676.5,1682.0,1642.4,1658.3,319925
NUVOCO,20260806,347.75,357.6,346.25,352.85,333539
NV20,20260806,14.33,14.33,14.1,14.22,73776
NV20BEES,20260806,142.71,142.84,142.04,142.48,17677
NV20IETF,20260806,14.24,14.24,13.7,13.84,292275
NYKAA,20260806,335.35,335.9,330.0,331.95,6083027
OAL,20260806,376.15,383.9,372.3,380.95,8141
OBCL,20260806,53.34,55.0,53.0,53.5,9381
OBEROIRLTY,20260806,1807.5,1807.5,1772.3,1777.0,579391
OCCLLTD,20260806,162.8,169.3,162.8,162.8,291836
ODIGMA,20260806,22.9,23.5,22.9,23.14,4243
OFSS,20260806,11800.0,11898.0,11642.0,11735.0,225914
OIL,20260806,444.0,447.0,440.65,444.0,1670224
OILCOUNTUB,20260806,60.84,61.8,58.5,60.01,21092
OILIETF,20260806,11.55,11.55,11.36,11.5,3364780
OLAELEC,20260806,41.7,41.9,41.14,41.44,45760166
OLECTRA,20260806,1405.0,1421.0,1384.4,1399.4,486029
OMAXAUTO,20260806,195.99,199.96,183.25,192.6,54805
OMAXE,20260806,85.66,89.0,85.56,87.35,290880
OMFREIGHT,20260806,86.5,90.1,84.0,89.29,28215
OMINFRAL,20260806,90.13,91.08,89.13,89.67,62719
OMNI,20260806,752.1,764.85,604.25,627.05,11785459
OMPOWER,20260806,167.85,176.5,167.85,172.57,183875
ONELIFECAP,20260806,34.15,34.15,33.75,33.78,19195
ONEPOINT,20260806,57.43,57.43,56.19,57.1,537856
ONESOURCE,20260806,1555.7,1570.0,1535.0,1557.1,200704
ONGC,20260806,241.4,241.4,236.5,237.8,13959109
ONIDA,20260806,37.2,37.5,36.9,36.98,218612
ONMOBILE,20260806,72.8,72.8,69.74,71.09,168674
ONWARDTEC,20260806,275.0,285.45,275.0,278.6,81147
OPTIEMUS,20260806,590.0,615.3,576.0,581.2,340961
ORBTEXP,20260806,244.0,254.0,244.0,249.94,94041
ORCHASP,20260806,1.6,1.61,1.56,1.59,135330
ORCHPHARMA,20260806,998.95,1015.65,985.1,997.55,49403
ORICONENT,20260806,53.1,55.24,53.1,54.27,11349
ORIENTALTL,20260806,5.44,5.44,5.11,5.15,70513
ORIENTBELL,20260806,314.0,318.7,314.0,315.55,14448
ORIENTCEM,20260806,140.58,140.58,137.7,138.17,163893
ORIENTCER,20260806,40.9,41.7,40.53,41.43,17181
ORIENTELEC,20260806,179.93,182.51,175.5,178.23,3641753
ORIENTHOT,20260806,130.94,131.25,126.88,128.77,370636
ORIENTLTD,20260806,78.65,78.7,76.55,78.5,3386
ORIENTPPR,20260806,19.39,19.39,18.7,18.83,320033
ORIENTTECH,20260806,260.9,262.95,259.0,259.6,179170
ORISSAMINE,20260806,4480.0,4617.0,4231.6,4320.2,41906
ORKLAINDIA,20260806,574.9,574.9,557.0,559.35,104535
ORTEL,20260806,2.13,2.13,2.1,2.13,32253
ORTINGLOBE,20260806,15.15,15.3,14.4,15.2,24376
OSIAHYPER,20260806,2.81,2.87,2.67,2.75,1131519
OSWALAGRO,20260806,41.5,44.6,41.0,42.57,137065
OSWALGREEN,20260806,21.91,22.9,21.91,22.07,183499
OSWALPUMPS,20260806,327.95,334.75,321.0,322.95,598566
OSWALSEEDS,20260806,10.8,10.8,10.4,10.48,15484
PACEDIGITK,20260806,191.5,193.9,186.0,186.92,4403814
PAGEIND,20260806,40175.0,40200.0,39765.0,40050.0,15718
PAISALO,20260806,69.5,71.45,68.48,68.98,18177924
PAKKA,20260806,72.75,73.59,72.0,72.15,21974
PALASHSECU,20260806,87.51,87.98,85.25,87.1,3530
PALREDTEC,20260806,47.61,48.8,47.6,47.66,826
PANACEABIO,20260806,421.9,429.65,412.55,418.65,199352
PANACHE,20260806,447.8,447.8,436.0,442.85,11714
PANAMAPET,20260806,477.95,500.7,472.35,494.95,1103047
PANSARI,20260806,323.65,333.0,323.65,329.25,815
PAR,20260806,98.11,101.74,98.0,100.92,3011
PARACABLES,20260806,64.85,67.3,64.27,66.05,1588245
PARADEEP,20260806,146.98,149.0,145.8,148.13,2908697
PARAGMILK,20260806,231.0,233.0,220.54,225.99,504483
PARAS,20260806,1295.3,1340.0,1272.2,1316.7,1491316
PARASPETRO,20260806,2.63,2.75,2.63,2.72,531101
PARKHOSPS,20260806,286.0,293.9,285.0,292.25,701450
PARKHOTELS,20260806,121.53,122.89,120.25,120.93,110296
PARSVNATH,20260806,1.68,1.68,1.68,1.68,129153
PASHUPATI,20260806,85.81,89.02,84.15,85.07,793990
PASUPTAC,20260806,62.3,62.9,59.11,59.67,62558
PATANJALI,20260806,356.5,358.5,349.55,355.0,1987849
PATELENG,20260806,28.77,28.98,28.5,28.79,2421806
PATELRMART,20260806,224.2,226.39,219.51,221.02,54814
PATINTLOG,20260806,14.62,14.88,14.55,14.79,85157
PAUSHAKLTD,20260806,715.0,719.3,685.25,691.7,43267
PAVNAIND,20260806,17.13,19.77,17.13,19.09,198768
PAYTM,20260806,1429.0,1459.5,1421.0,1442.0,3673541
PCBL,20260806,328.9,335.9,322.15,324.8,1290431
PCJEWELLER,20260806,9.78,9.79,9.59,9.68,117626538
PDMJEPAPER,20260806,96.3,101.59,94.96,98.18,244326
PDSL,20260806,363.0,363.9,354.1,358.05,67265
PEARLPOLY,20260806,17.35,17.35,16.05,16.35,6045
PENIND,20260806,165.5,166.59,161.56,162.66,438861
PENINLAND,20260806,16.44,16.44,16.44,16.44,63178
PERSISTENT,20260806,5520.0,5572.0,5459.5,5459.5,239382
PETRONET,20260806,281.0,282.8,276.95,276.95,1356475
PFC,20260806,416.0,418.0,412.95,418.0,3704243
PFIZER,20260806,4932.0,4934.6,4875.0,4900.0,16772
PFOCUS,20260806,303.05,303.95,286.1,291.9,563203
PFS,20260806,29.08,29.39,28.64,28.87,457289
PGEL,20260806,607.7,616.2,597.0,609.75,2646585
PGHH,20260806,8484.5,8599.0,8462.0,8484.0,18092
PGHL,20260806,6460.0,6670.0,5980.0,6068.0,144705
PGIL,20260806,2150.0,2248.1,2065.1,2221.5,642491
PHARMABEES,20260806,28.01,28.01,27.0,27.29,6465098
PHOENIXLTD,20260806,1929.9,1941.5,1910.2,1913.0,227313
PICCADIL,20260806,764.15,770.0,744.3,746.2,167474
PIDILITIND,20260806,1658.0,1686.4,1652.0,1686.0,1808445
PIGL,20260806,108.21,109.86,104.15,105.71,45558
PIIND,20260806,2819.0,2819.0,2779.1,2796.0,93539
PILANIINVS,20260806,4368.2,4368.2,4305.0,4315.0,1259
PILITA,20260806,8.69,8.7,8.45,8.51,39949
PINELABS,20260806,148.0,158.7,147.01,156.04,46391035
PIONEEREMB,20260806,24.26,24.89,24.0,24.3,668
PIONRINV,20260806,87.7,88.5,83.0,84.05,1840
PIRAMALFIN,20260806,2100.0,2140.0,2090.3,2109.7,121223
PITTIENG,20260806,950.05,954.2,935.1,940.8,16748
PIXTRANS,20260806,1730.0,1757.8,1680.7,1698.6,11352
PLASTIBLEN,20260806,188.72,205.2,188.72,197.49,355578
PLATIND,20260806,229.5,229.5,225.55,226.14,24615
PLAZACABLE,20260806,48.0,48.0,46.15,47.43,24804
PML,20260806,511.25,511.25,490.4,506.25,452
PNB,20260806,113.55,114.85,113.2,114.3,11910351
PNBGILTS,20260806,83.75,84.24,80.51,82.0,418234
PNBHOUSING,20260806,1138.1,1167.0,1131.3,1150.0,1934928
PNC,20260806,19.8,20.4,19.26,19.48,2762
PNCINFRA,20260806,249.9,250.98,238.5,239.76,1284326
PNGJL,20260806,662.0,662.0,627.1,635.2,1623242
PNGSREVA,20260806,508.0,508.0,494.0,499.3,138469
POCL,20260806,515.8,516.0,485.0,487.65,1597345
PODDARMENT,20260806,250.05,258.45,250.0,256.9,1406
POKARNA,20260806,960.0,1001.0,945.05,967.15,179364
POLICYBZR,20260806,1665.0,1673.9,1578.4,1599.0,4221823
POLYCAB,20260806,9200.0,9315.0,9170.5,9315.0,221520
POLYMED,20260806,1708.5,1718.4,1701.0,1709.3,38010
POLYPLEX,20260806,1112.1,1126.4,1110.0,1115.1,19280
PONNIERODE,20260806,320.0,325.75,320.0,322.9,8384
POONAWALLA,20260806,483.0,494.0,475.6,490.85,2831890
POWERGRID,20260806,279.75,281.0,269.65,270.75,18258733
POWERICA,20260806,552.3,552.3,520.05,522.75,282784
POWERINDIA,20260806,32000.0,32145.0,31140.0,31900.0,78579
POWERMECH,20260806,2580.8,2644.6,2566.1,2617.0,64814
PPAP,20260806,304.9,311.85,298.9,311.85,21175
PPL,20260806,255.05,264.0,253.5,262.45,35786
PPLPHARMA,20260806,206.0,212.43,205.0,208.24,7183683
PRABHA,20260806,157.8,159.4,153.0,156.44,34854
PRADPME,20260806,514.0,520.15,507.0,513.6,4960
PRAENG,20260806,20.3,20.79,20.12,20.49,20955
PRAJIND,20260806,314.75,328.15,314.55,319.65,858605
PRAKASH,20260806,126.15,131.9,126.0,128.72,686026
PRAKASHSTL,20260806,4.03,4.09,3.95,3.97,141628
PRAVEG,20260806,281.05,291.4,280.0,287.25,45702
PRAXIS,20260806,7.0,7.31,6.4,7.23,463258
PRECAM,20260806,145.47,146.85,144.0,144.48,76223
PRECOT,20260806,826.85,865.0,818.6,852.65,14748
PRECWIRE,20260806,416.05,433.5,413.1,418.95,797490
PREMCO,20260806,386.0,394.05,375.0,385.0,6610
PREMEXPLN,20260806,659.05,670.0,659.05,664.65,245352
PREMIER,20260806,2.88,2.95,2.86,2.87,1128
PREMIERENE,20260806,1044.0,1045.2,1030.0,1041.7,589524
PREMIERPOL,20260806,72.8,73.66,71.92,72.24,89837
PRESTIGE,20260806,1604.2,1613.6,1570.5,1578.0,746853
PRICOLLTD,20260806,762.0,766.7,753.2,761.45,361184
PRIMESECU,20260806,285.0,289.85,282.0,283.7,7089
PRIMO,20260806,24.13,24.71,23.0,23.73,162741
PRINCEPIPE,20260806,279.45,279.45,272.25,274.35,233594
PRITI,20260806,37.99,37.99,36.39,37.1,5572
PRITIKAUTO,20260806,18.7,19.4,18.42,18.52,187773
PRIVISCL,20260806,3645.0,3697.6,3601.8,3660.0,31098
PROSTARM,20260806,134.1,147.76,134.0,144.13,1394406
PROTEAN,20260806,570.5,570.5,557.1,558.65,427150
PROZONER,20260806,42.33,43.18,41.88,42.26,95005
PRSMJOHNSN,20260806,112.77,114.77,112.01,113.32,209729
PRUDENT,20260806,3335.6,3378.9,3232.5,3266.7,9579
PRUDMOULI,20260806,13.39,13.89,13.0,13.43,3906
PSB,20260806,23.85,24.09,23.72,23.98,1120347
PSPPROJECT,20260806,945.5,980.0,932.4,973.95,81091
PSUBANK,20260806,85.53,87.32,85.4,86.96,320894
PSUBANKADD,20260806,86.05,88.34,86.02,88.02,130325
PSUBNKBEES,20260806,95.39,97.7,95.35,97.35,5668858
PSUBNKIETF,20260806,86.98,88.5,86.46,88.27,633808
PTC,20260806,200.0,201.52,198.12,200.17,7809024
PTCIL,20260806,18110.0,18540.0,17973.0,18221.0,25380
PTL,20260806,40.28,40.4,39.9,39.94,29476
PUNJABCHEM,20260806,1100.1,1119.7,1090.1,1110.6,5529
PURVA,20260806,211.7,211.9,209.0,209.41,87100
PVP,20260806,28.07,33.25,27.6,33.14,10496593
PVRINOX,20260806,1163.1,1170.0,1130.0,1150.4,157049
PVSL,20260806,109.54,110.0,107.0,109.39,18935
PVTBANIETF,20260806,28.03,28.14,27.99,28.03,3417849
PVTBANK,20260806,27.95,28.1,27.7,27.84,12197
PVTBANKADD,20260806,28.27,28.28,28.09,28.12,57591
PVTBKGROWW,20260806,27.76,27.98,27.7,27.9,13222
PWL,20260806,128.0,128.0,124.63,125.49,1963238
PYRAMID,20260806,182.22,183.5,177.22,178.55,41360
QGOLDHALF,20260806,121.93,122.9,121.8,122.69,157792
QMSMEDI,20260806,112.32,115.0,112.0,114.51,18708
QNIFTY,20260806,271.6,272.0,271.0,271.54,1864
QPOWER,20260806,1128.0,1170.0,1118.0,1157.0,139639
QUADFUTURE,20260806,359.2,382.95,356.05,378.0,619016
QUAL30IETF,20260806,21.77,21.77,21.41,21.65,158021
QUALITY30,20260806,21.62,21.62,20.84,21.22,4165
QUESS,20260806,312.85,321.8,312.05,315.25,341665
QUICKHEAL,20260806,156.6,158.0,154.0,155.65,33489
QUINT,20260806,39.89,39.89,39.86,39.86,269
RACE,20260806,109.5,109.5,103.51,104.38,2320
RACLGEAR,20260806,1400.0,1500.0,1385.2,1475.0,195869
RADAAN,20260806,3.09,3.17,2.86,3.04,32947
RADHIKAJWE,20260806,70.3,70.3,69.1,69.84,316544
RADIANTCMS,20260806,39.5,39.5,38.47,38.84,71052
RADICO,20260806,4561.0,4577.1,4410.8,4470.0,434263
RADIOCITY,20260806,7.09,7.09,6.52,6.87,45521
RAILTEL,20260806,290.75,293.8,288.1,290.85,529814
RAIN,20260806,243.49,247.75,239.55,243.0,6138266
RAINBOW,20260806,1598.6,1606.0,1561.0,1573.2,100916
RAJESHEXPO,20260806,84.11,85.5,83.1,84.54,134189
RAJMET,20260806,3.29,3.35,3.29,3.34,174800
RAJOOENG,20260806,51.1,52.5,51.1,51.84,133632
RAJPALAYAM,20260806,840.0,842.0,826.0,833.6,845
RAJRATAN,20260806,536.7,546.25,517.2,521.95,168860
RAJRILTD,20260806,22.15,22.24,21.46,21.63,14423
RAJSREESUG,20260806,30.99,31.4,30.01,30.5,31556
RAJTV,20260806,10.15,10.2,9.93,9.95,50242
RALLIS,20260806,216.65,217.17,214.4,214.86,718016
RAMANEWS,20260806,33.5,34.0,31.51,33.52,77454
RAMAPHO,20260806,125.05,126.96,124.2,124.5,21232
RAMASTEEL,20260806,4.8,4.8,4.55,4.77,4649051
RAMBHAJO,20260806,184.45,187.7,182.05,186.6,128171
RAMCOCEM,20260806,924.0,945.85,919.05,937.1,80023
RAMCOIND,20260806,328.85,341.45,328.85,333.75,146879
RAMCOSYS,20260806,630.0,640.0,610.1,626.5,408857
RAMKY,20260806,392.6,408.0,390.95,405.3,64332
RAMRAT,20260806,438.0,470.0,436.95,467.15,941695
RANASUG,20260806,12.91,12.92,12.51,12.64,133682
RANEHOLDIN,20260806,1795.1,1817.0,1740.0,1761.6,21841
RATEGAIN,20260806,978.4,1050.0,921.15,944.95,4578350
RATNAMANI,20260806,2381.5,2420.0,2351.0,2370.6,34705
RATNAVEER,20260806,206.0,213.69,203.12,205.61,5915194
RAYMOND,20260806,640.0,641.0,624.8,627.6,450599
RAYMONDLSL,20260806,759.0,759.85,744.0,745.55,69374
RAYMONDREL,20260806,691.5,702.45,682.05,688.2,273345
RBA,20260806,87.7,91.8,86.6,90.25,50121871
RBLBANK,20260806,390.0,392.0,387.45,392.0,2903774
RBZJEWEL,20260806,151.2,152.16,150.0,150.96,67746
RCF,20260806,128.0,129.14,127.6,128.05,412239
RCOM,20260806,0.84,0.86,0.83,0.83,2332461
RECLTD,20260806,366.05,367.0,361.5,361.5,3944657
REDINGTON,20260806,346.95,354.15,343.15,350.75,4479973
REDTAPE,20260806,134.2,138.5,133.71,136.86,564078
REFEX,20260806,303.0,305.65,298.0,298.65,303703
REGAAL,20260806,87.39,87.39,83.51,86.88,83291
REGENCERAM,20260806,32.03,33.99,32.03,33.5,291
RELAXO,20260806,422.0,427.35,418.0,425.55,496257
RELCHEMQ,20260806,127.59,131.51,125.01,130.03,3990
RELIABLE,20260806,148.5,148.5,142.58,145.64,17500
RELIANCE,20260806,1285.0,1325.2,1281.2,1325.0,20342297
RELIGARE,20260806,257.4,257.7,254.2,256.55,233023
RELINFRA,20260806,72.96,72.96,70.88,72.96,2262371
RELTD,20260806,170.98,173.5,168.48,170.14,158018
REMSONSIND,20260806,87.9,90.8,86.1,88.64,283790
RENUKA,20260806,22.0,22.27,21.66,22.12,5113131
REPCOHOME,20260806,385.0,399.7,382.95,391.3,201001
REPL,20260806,65.97,65.97,63.07,64.98,3455
REPRO,20260806,376.75,380.0,368.8,375.1,9223
RESPONIND,20260806,173.0,174.7,170.01,171.43,61225
RETAIL,20260806,17.6,17.78,16.5,17.25,5208
RGL,20260806,125.0,127.4,121.25,122.48,519850
RHETAN,20260806,32.81,33.39,32.81,32.85,22355131
RHFL,20260806,1.93,1.93,1.89,1.91,479717
RHIM,20260806,413.1,417.5,408.0,411.15,265325
RHL,20260806,173.09,177.9,171.2,177.53,5078
RICOAUTO,20260806,156.4,157.6,151.25,152.38,2844996
RIIL,20260806,752.9,764.95,750.4,761.2,59892
RIR,20260806,161.85,161.85,159.0,160.05,48782
RISHABH,20260806,649.9,661.25,643.0,647.05,73004
RITCO,20260806,310.95,313.0,302.3,306.05,162063
RITES,20260806,226.8,232.98,222.81,231.38,2202147
RKDL,20260806,19.28,19.28,19.0,19.07,11672
RKEC,20260806,26.3,27.19,26.07,26.18,29786
RKFORGE,20260806,710.0,718.6,695.0,700.5,1444907
RKSWAMY,20260806,101.5,109.1,101.5,104.7,163251
RMC,20260806,350.0,360.0,347.0,355.2,259732
RMDRIP,20260806,18.17,18.46,17.8,17.9,105369
RML,20260806,1114.6,1123.2,1028.7,1041.4,140551
RNBDENIMS,20260806,9.2,9.2,8.92,9.04,252562
ROHLTD,20260806,313.2,321.0,311.35,312.5,13576
ROLEXRINGS,20260806,145.9,156.0,145.7,152.8,15721968
ROLLT,20260806,2.97,2.97,2.97,2.97,169684
ROML,20260806,45.4,45.4,44.25,45.13,3650
ROSSARI,20260806,527.5,536.7,521.0,525.95,117427
ROSSELLIND,20260806,59.4,59.4,53.5,54.95,64663
ROSSTECH,20260806,1072.6,1118.0,1057.1,1090.2,275629
ROTO,20260806,66.39,70.38,66.0,69.31,699027
ROUTE,20260806,534.8,535.45,531.0,533.5,124345
RPEL,20260806,1262.8,1275.0,1244.0,1267.4,26798
RPGLIFE,20260806,2724.0,2765.0,2657.0,2688.9,11038
RPOWER,20260806,24.26,24.58,24.06,24.24,18237056
RPPINFRA,20260806,59.95,60.3,57.25,57.85,1124300
RPPL,20260806,24.02,25.69,23.95,25.38,652152
RPSGVENT,20260806,960.0,969.9,915.15,921.05,34573
RPTECH,20260806,902.85,904.9,851.1,865.55,585187
RRIL,20260806,19.49,19.49,17.41,17.72,40525
RRKABEL,20260806,2793.0,2810.5,2744.6,2764.4,427544
RSDFIN,20260806,168.48,168.48,152.44,152.44,14787
RSL,20260806,151.0,155.0,150.5,152.85,556922
RSSOFTWARE,20260806,29.9,30.35,29.0,29.6,42158
RSWM,20260806,216.01,216.05,213.39,213.39,118862
RSYSTEMS,20260806,257.15,258.2,250.0,255.95,452802
RTNINDIA,20260806,32.75,33.18,31.36,31.47,1793221
RTNPOWER,20260806,8.76,8.84,8.69,8.77,12132090
RUBFILA,20260806,72.5,74.0,71.1,72.99,16252
RUBICON,20260806,1574.0,1582.9,1501.0,1533.4,255419
RUBYMILLS,20260806,347.8,366.5,342.0,364.9,17187
RUCHINFRA,20260806,6.07,6.07,5.82,5.84,24935
RUCHIRA,20260806,111.99,111.99,110.01,111.21,19843
RUDRA,20260806,18.0,18.05,17.75,17.91,14910
RUPA,20260806,162.0,169.55,162.0,167.62,253848
RUSHIL,20260806,17.77,18.78,17.77,18.17,946814
RUSTOMJEE,20260806,388.4,393.05,381.0,383.9,492346
RVHL,20260806,46.44,46.5,44.4,45.36,15124
RVNL,20260806,229.49,236.25,227.59,235.0,6727373
RVTH,20260806,718.0,724.4,703.4,713.9,223
S&SPOWER,20260806,322.0,332.0,306.15,309.65,13584
SAATVIKGL,20260806,423.0,429.95,421.0,427.65,45101
SADBHAV,20260806,8.98,9.28,8.82,8.93,178061
SADBHIN,20260806,2.68,2.71,2.6,2.63,113085
SADHNANIQ,20260806,2.8,2.95,2.73,2.88,3697351
SAFARI,20260806,1500.1,1519.4,1486.1,1490.8,113970
SAGARDEEP,20260806,25.9,25.9,24.51,25.23,6749
SAGCEM,20260806,173.0,174.5,172.32,173.87,21741
SAGILITY,20260806,43.96,44.48,43.63,43.76,10914497
SAHLIBHFI,20260806,82.0,82.39,76.5,79.55,3832
SAHYADRI,20260806,319.6,335.0,313.55,332.15,15723
SAIL,20260806,176.21,179.75,174.87,176.74,17549959
SAILIFE,20260806,1394.5,1449.8,1386.6,1413.5,1284015
SAIPARENT,20260806,525.0,544.45,517.3,541.15,153119
SAKAR,20260806,899.95,937.0,895.6,919.7,132037
SAKHTISUG,20260806,17.55,17.7,17.39,17.5,36769
SAKSOFT,20260806,177.2,177.92,173.2,175.56,347806
SAKUMA,20260806,1.64,1.66,1.63,1.63,517861
SALASAR,20260806,5.92,5.95,5.88,5.89,2308237
SALONA,20260806,249.0,256.9,200.0,236.17,7386
SALSTEEL,20260806,61.9,62.77,60.12,62.77,242571
SALZERELEC,20260806,610.0,627.15,609.2,616.0,51182
SAMBHAAV,20260806,6.61,6.99,6.5,6.59,150585
SAMBHV,20260806,121.8,122.5,118.2,118.59,1127963
SAMHI,20260806,173.0,176.9,173.0,176.24,837173
SAMMAANCAP,20260806,161.5,169.36,160.55,167.22,12368225
SAMPANN,20260806,27.87,27.87,26.7,27.5,15645
SANATHAN,20260806,476.75,480.2,470.05,474.7,21789
SANDESH,20260806,1180.0,1187.75,1160.0,1187.75,15349
SANDHAR,20260806,660.0,662.75,655.0,656.35,145611
SANDUMA,20260806,216.0,217.1,212.1,213.88,870537
SANGAMIND,20260806,613.8,640.0,612.25,615.5,43200
SANGHVIMOV,20260806,475.0,488.8,467.0,481.55,645352
SANGINITA,20260806,60.3,60.3,60.3,60.3,121827
SANOFI,20260806,3329.3,3360.0,3305.4,3352.6,23429
SANOFICONR,20260806,4541.7,4555.9,4521.0,4533.8,869
SANSERA,20260806,3750.1,3870.0,3732.3,3787.3,349481
SANSTAR,20260806,115.58,115.9,113.01,113.63,148274
SANWARIA,20260806,0.21,0.21,0.19,0.19,608951
SAPPHIRE,20260806,203.0,203.1,197.35,199.74,3020466
SAPPL,20260806,290.0,294.9,281.0,294.8,1292
SARDAEN,20260806,504.95,508.5,499.0,500.9,266980
SAREGAMA,20260806,561.9,561.9,523.85,528.0,1169148
SARLAPOLY,20260806,110.0,111.0,101.62,102.15,369350
SARVESHWAR,20260806,3.44,3.45,3.4,3.44,1276966
SASKEN,20260806,2003.0,2015.0,1905.0,1917.1,29486
SATIA,20260806,63.6,64.0,62.42,63.8,53967
SATIN,20260806,231.5,234.7,230.81,232.89,159851
SAURASHCEM,20260806,68.42,70.09,66.01,68.93,639199
SAYAJIHOTL,20260806,312.9,327.6,301.0,316.1,1361
SBC,20260806,41.42,42.45,40.9,41.18,5493748
SBCL,20260806,782.75,796.5,761.5,767.45,489680
SBFC,20260806,93.02,95.75,93.02,95.29,1432387
SBGLP,20260806,26.39,26.39,24.32,25.37,14969
SBIBPB,20260806,49.49,50.5,49.39,50.18,128983
SBICARD,20260806,664.65,665.7,658.2,660.0,530440
SBIETFCON,20260806,126.16,127.78,124.4,125.27,1826
SBIETFIT,20260806,349.98,351.0,345.14,345.92,6277
SBIETFPB,20260806,283.62,285.69,282.83,283.64,971
SBIETFQLTY,20260806,221.16,229.72,221.16,228.14,5315
SBIFUNDS,20260806,576.0,577.95,565.5,568.95,2441610
SBILIFE,20260806,1870.0,1886.0,1860.3,1861.5,474116
SBILIQETF,20260806,1050.59,1050.61,1050.59,1050.6,18994
SBIMIDMOM,20260806,64.57,64.57,62.9,63.21,14280
SBIN,20260806,1052.5,1088.1,1052.5,1085.0,13822265
SBINEQWETF,20260806,34.78,34.78,33.42,34.54,60789
SBINMID150,20260806,23.44,23.57,23.04,23.24,15333
SBISILVER,20260806,219.17,220.79,218.5,219.88,941026
SBISMLETF,20260806,18.58,18.97,18.06,18.41,146417
SBIVALETF,20260806,15.16,15.16,15.1,15.15,3671
SCANSTL,20260806,68.4,68.81,62.27,64.04,87251
SCHAEFFLER,20260806,4089.0,4104.3,4026.0,4036.3,34157
SCHAND,20260806,143.99,145.38,141.62,143.07,16990
SCHNEIDER,20260806,1357.3,1364.2,1331.0,1335.2,150459
SCI,20260806,302.45,311.0,300.55,308.6,5638778
SCILAL,20260806,41.16,41.49,40.7,41.14,209811
SCODATUBES,20260806,145.15,150.0,142.22,142.99,493081
SCPL,20260806,647.0,660.0,635.05,648.6,37169
SDBL,20260806,73.3,74.9,72.5,74.11,755869
SEAMECLTD,20260806,1531.5,1531.5,1480.0,1495.5,20316
SECMARK,20260806,127.0,127.0,122.2,126.0,95
SECURKLOUD,20260806,18.33,18.55,17.82,18.48,3928
SEDEMAC,20260806,2843.0,2866.3,2790.0,2794.3,66308
SEIL,20260806,206.0,206.0,200.14,202.6,256525
SEJALLTD,20260806,729.0,729.0,711.15,720.9,4514
SELECTIPO,20260806,48.0,48.2,47.9,48.01,38052
SELMC,20260806,27.54,28.3,27.54,27.98,1741
SEMAC,20260806,313.45,320.0,308.0,309.05,236
SENCO,20260806,400.0,406.7,382.2,391.6,1362727
SENORES,20260806,1335.0,1345.6,1324.0,1328.5,90244
SENSEXADD,20260806,81.05,81.45,80.97,81.16,4713
SENSEXAXIS,20260806,80.28,82.9,80.28,81.82,1813
SENSEXBETA,20260806,870.0,876.0,862.0,863.74,956
SENSEXETF,20260806,81.39,81.5,81.14,81.43,20462
SENSEXIETF,20260806,908.96,909.0,903.94,908.01,28140
SEPC,20260806,6.55,6.72,6.47,6.54,37031441
SERVOTECH,20260806,86.5,86.56,84.5,85.15,512296
SESHAPAPER,20260806,232.0,234.66,230.81,233.05,22200
SETCO,20260806,17.75,17.75,17.6,17.75,38801
SETF10GILT,20260806,265.99,266.99,265.54,266.0,3339
SETFGOLD,20260806,120.25,126.51,120.25,126.4,8247095
SETFNIF50,20260806,264.07,267.23,264.07,265.17,364502
SETFNIFBK,20260806,591.11,596.54,591.11,594.3,19632
SETFNN50,20260806,799.97,800.38,795.0,796.72,26581
SETL,20260806,281.4,289.8,271.0,274.65,825655
SETUINFRA,20260806,0.4,0.42,0.39,0.42,24732
SEYAIND,20260806,12.77,12.78,12.31,12.77,3614
SFL,20260806,773.95,773.95,693.0,697.05,1353563
SGFIN,20260806,696.0,715.9,690.1,709.85,232377
SGIL,20260806,600.0,603.0,590.0,597.1,12068
SGL,20260806,10.15,10.15,9.7,9.92,19902
SGMART,20260806,705.7,720.25,705.7,717.15,222589
SHADOWFAX,20260806,245.0,250.15,237.6,240.1,10385962
SHAH,20260806,3.94,3.96,3.86,3.89,1281675
SHAHALLOYS,20260806,72.9,72.9,69.75,71.26,2913
SHAILY,20260806,3170.1,3434.0,3166.5,3366.3,644898
SHAKTIPUMP,20260806,519.8,520.15,517.0,517.75,231720
SHALBY,20260806,162.44,165.1,159.02,162.16,132892
SHALPAINTS,20260806,87.1,89.5,85.55,88.17,763615
SHANKARA,20260806,142.7,142.7,139.5,140.99,657418
SHANTI,20260806,6.75,7.13,6.74,6.94,13885
SHANTIGEAR,20260806,417.4,417.45,407.1,408.2,17592
SHANTIGOLD,20260806,218.0,220.01,215.98,218.65,283081
SHARDACROP,20260806,828.0,829.9,817.65,822.6,201253
SHARDAMOTR,20260806,901.35,973.0,895.55,934.15,424144
SHARDUL,20260806,44.37,44.37,41.39,41.45,19992
SHAREINDIA,20260806,177.97,178.61,172.0,173.7,462715
SHARIABEES,20260806,475.99,478.84,472.7,473.9,5204
SHBAJRG,20260806,183.6,185.0,177.99,178.76,6571
SHEKHAWATI,20260806,14.01,14.47,13.53,13.92,16890
SHEMAROO,20260806,115.98,119.99,115.98,119.67,22624
SHILCTECH,20260806,4480.1,4568.9,4459.4,4532.2,18764
SHILPAMED,20260806,739.1,786.15,730.3,738.8,20729663
SHINDL,20260806,160.99,161.9,155.9,160.79,102907
SHIVALIK,20260806,252.0,261.0,250.0,259.72,32896
SHIVAMAUTO,20260806,18.0,18.0,17.72,17.85,11440
SHIVAMILLS,20260806,64.26,64.26,60.07,62.38,378
SHIVATEX,20260806,166.99,167.09,161.01,164.69,934
SHIVAUM,20260806,430.0,432.1,419.0,419.8,2585
SHK,20260806,167.34,173.0,166.86,170.06,1297630
SHOPERSTOP,20260806,405.4,424.65,400.35,419.5,64354
SHRADHA,20260806,34.5,34.5,33.5,33.92,14248
SHREDIGCEM,20260806,72.0,73.22,72.0,72.22,66999
SHREECEM,20260806,26915.0,26920.0,26170.0,26245.0,24420
SHREEJISPG,20260806,667.0,677.2,655.4,673.3,708345
SHREEPUSHK,20260806,416.45,430.0,408.1,424.75,36584
SHREERAMA,20260806,39.19,39.19,37.75,38.03,51158
SHRENIK,20260806,0.34,0.35,0.33,0.34,313738
SHREYANIND,20260806,143.1,144.68,141.0,141.55,3857
SHRIKRISH,20260806,42.29,42.89,42.29,42.29,325
SHRINGARMS,20260806,232.4,235.0,230.0,231.13,421869
SHRIPISTON,20260806,4510.0,4510.0,4312.5,4325.4,36877
SHRIRAMFIN,20260806,1130.0,1153.7,1120.0,1141.0,12605459
SHRIRAMPPS,20260806,85.3,85.83,84.55,84.92,380855
SHYAMCENT,20260806,5.47,5.66,5.14,5.14,142008
SHYAMMETL,20260806,1031.0,1040.8,1008.6,1015.5,568173
SHYAMTEL,20260806,15.75,16.58,15.26,16.25,2261
SICAGEN,20260806,55.0,61.81,51.49,61.72,268108
SICALLOG,20260806,99.37,104.35,96.82,103.85,51127
SIEMENS,20260806,3990.4,4019.0,3948.8,3952.0,213389
SIGACHI,20260806,25.89,26.4,25.67,25.8,393212
SIGIND,20260806,61.4,73.0,61.31,70.03,637807
SIGMA,20260806,49.5,50.0,46.1,47.42,363703
SIGMAADV,20260806,715.0,721.5,680.0,692.05,302489
SIGNATURE,20260806,814.6,824.0,810.8,815.0,211788
SIGNPOST,20260806,269.9,272.2,264.35,268.1,71407
SIKA,20260806,1108.0,1129.0,1100.7,1113.7,18131
SIKKO,20260806,5.46,5.96,5.43,5.91,2338511
SIL,20260806,17.15,17.15,16.8,17.02,27889
SILGO,20260806,69.35,70.4,66.7,69.3,214107
SILINV,20260806,426.0,436.0,425.0,433.7,1555
SILLYMONKS,20260806,16.39,16.88,15.16,15.7,28677
SILVER,20260806,217.1,224.99,217.1,223.95,939012
SILVER1,20260806,22.21,22.21,21.61,21.77,5600108
SILVER360,20260806,219.01,221.49,219.01,220.44,14581
SILVERADD,20260806,216.72,217.13,214.9,216.17,244504
SILVERAG,20260806,218.43,219.37,217.1,218.71,282485
SILVERAXIS,20260806,221.8,223.97,221.67,222.94,1191300
SILVERBEES,20260806,213.53,215.46,213.2,214.53,26982774
SILVERBETA,20260806,216.0,217.6,215.25,216.64,331030
SILVERBND,20260806,226.25,226.39,223.94,225.09,15165
SILVERCASE,20260806,23.16,23.17,22.6,22.74,8368540
SILVERIETF,20260806,225.9,228.16,218.11,223.8,3649189
SILVERTUC,20260806,192.0,196.1,189.54,193.6,720934
SIMBHALS,20260806,6.97,7.05,6.8,7.0,19722
SIMPLEXINF,20260806,231.9,240.5,231.19,237.48,53241
SINCLAIR,20260806,74.32,81.61,73.78,76.59,180216
SINDHUTRAD,20260806,24.75,24.9,23.71,24.19,259203
SINGERIND,20260806,65.95,69.5,65.4,68.72,92796
SINTERCOM,20260806,84.1,85.0,82.51,84.93,1201
SIRCA,20260806,444.45,452.7,441.0,449.95,559902
SIS,20260806,433.55,444.1,429.65,435.9,264788
SITINET,20260806,0.31,0.32,0.3,0.31,286910
SIYSIL,20260806,628.0,637.9,623.5,628.15,18900
SJS,20260806,2520.0,2590.0,2402.0,2437.7,375740
SJVN,20260806,69.44,69.44,68.1,68.43,1220038
SKFINDIA,20260806,1509.9,1527.2,1503.1,1519.2,53256
SKFINDUS,20260806,2765.0,2850.2,2705.0,2747.8,37614
SKIPPER,20260806,550.0,558.7,524.25,526.5,781008
SKMEGGPROD,20260806,232.38,246.79,230.74,237.19,820167
SKYGOLD,20260806,683.95,700.0,678.6,691.15,819048
SMALL250,20260806,18.77,18.77,18.36,18.44,415719
SMALLADD,20260806,18.54,18.54,18.41,18.43,69412
SMALLCAP,20260806,48.09,48.45,47.6,48.25,2195322
SMALLGROWW,20260806,48.69,48.69,48.3,48.3,2677
SMALLIETF,20260806,18.54,18.54,18.32,18.41,16365
SMARTLINK,20260806,230.59,230.59,219.9,220.48,5419
SMARTWORKS,20260806,471.0,498.4,470.6,485.0,158897
SMCGLOBAL,20260806,80.4,81.0,79.52,80.6,1033229
SML100CASE,20260806,11.26,11.56,10.84,11.3,3516262
SMLMAH,20260806,5773.0,5884.0,5608.0,5672.5,188084
SMLT,20260806,70.9,70.9,68.05,68.48,5186
SMSPHARMA,20260806,366.0,368.2,355.5,357.2,179849
SNOWMAN,20260806,40.94,41.69,40.16,40.71,473802
SNXT30BEES,20260806,44.14,44.14,43.79,43.8,17677
SNXT50BETA,20260806,97.2,97.2,96.0,96.18,995
SOBHA,20260806,1369.9,1371.4,1347.0,1355.9,73903
SOFTTECH,20260806,417.2,429.0,417.05,418.1,299
SOLARA,20260806,514.15,522.3,509.0,511.1,84257
SOLARINDS,20260806,18440.0,18830.0,18353.0,18496.0,63360
SOLARWORLD,20260806,169.12,172.45,167.66,169.13,400433
SOLEX,20260806,929.0,949.0,911.55,914.5,18074
SOMANYCERA,20260806,506.8,514.9,500.0,504.0,67244
SOMATEX,20260806,98.15,98.15,93.3,94.38,13572
SOMICONVEY,20260806,97.99,97.99,90.42,91.42,36799
SONACOMS,20260806,821.9,824.6,786.25,792.0,2671715
SONAL,20260806,92.0,92.0,89.95,89.95,21
SONAMLTD,20260806,54.31,55.5,53.61,54.65,11168
SONATSOFTW,20260806,337.6,343.55,327.0,331.95,1219670
SOTL,20260806,774.0,814.8,756.2,781.95,6004735
SOUTHBANK,20260806,46.97,47.76,46.93,47.43,10025026
SOUTHWEST,20260806,233.37,236.39,231.2,232.42,68261
SPAL,20260806,1057.4,1057.4,1003.5,1014.5,63563
SPANDANA,20260806,259.35,261.7,255.0,256.75,118798
SPARC,20260806,220.5,222.8,215.98,216.98,1086243
SPCENET,20260806,3.66,3.66,3.5,3.52,443929
SPECIALITY,20260806,142.0,147.7,140.0,142.42,124577
SPECTRUM,20260806,2523.2,2637.2,2504.4,2568.0,23515
SPENCERS,20260806,32.84,33.44,32.21,33.01,18158
SPIC,20260806,68.02,68.8,68.0,68.28,154271
SPLIL,20260806,31.79,32.4,31.21,31.8,10650
SPLPETRO,20260806,700.3,712.1,698.0,702.65,44910
SPMLINFRA,20260806,197.0,198.98,193.25,194.7,101439
SPORTKING,20260806,211.1,211.92,202.0,206.66,810326
SRD,20260806,39.45,39.45,36.75,37.11,19642
SREEL,20260806,213.0,217.89,213.0,215.37,2904
SRF,20260806,2649.0,2659.0,2620.2,2624.9,550578
SRGHFL,20260806,287.0,296.0,287.0,291.75,4703
SRHHYPOLTD,20260806,493.5,518.2,493.5,512.65,22054
SRM,20260806,520.0,536.3,511.0,529.05,282712
SRTL,20260806,40.96,40.96,39.0,39.72,32509
SSDL,20260806,54.25,54.7,53.22,53.54,15487
SSWL,20260806,320.45,322.65,304.1,309.2,722236
STALLION,20260806,269.8,279.0,265.55,270.2,2104762
STANLEY,20260806,155.0,156.6,152.54,153.62,66701
STAR,20260806,966.0,1011.8,964.0,997.2,424992
STARCEMENT,20260806,205.5,205.5,203.01,203.34,114840
STARHEALTH,20260806,588.0,588.0,571.2,573.65,366660
STARPAPER,20260806,151.55,153.0,151.13,152.31,8290
STARTECK,20260806,259.9,263.85,253.95,257.3,8590
STCINDIA,20260806,120.2,121.8,118.1,120.77,56484
STEELCAS,20260806,340.0,343.0,335.5,337.75,52728
STEELCITY,20260806,84.93,85.84,84.0,84.65,16909
STEELXIND,20260806,11.53,11.67,11.32,11.45,796527
STEL,20260806,558.25,571.1,553.15,564.1,2419
STERTOOLS,20260806,264.0,264.0,245.0,249.0,26143
STLNETWORK,20260806,24.49,25.06,24.3,24.71,704366
STLTECH,20260806,651.0,666.3,626.55,633.85,4123270
STOVEKRAFT,20260806,768.95,849.8,760.0,800.2,3348885
STUDDS,20260806,442.8,458.95,440.65,446.55,67958
STYL,20260806,360.0,390.65,360.0,388.35,246127
STYLAMIND,20260806,3459.6,3659.4,3455.4,3594.3,60951
STYLEBAAZA,20260806,289.7,305.65,289.3,305.4,379067
STYRENIX,20260806,2465.0,2465.0,2243.0,2279.0,275640
SUBEXLTD,20260806,14.0,14.3,13.5,14.13,2392034
SUBROS,20260806,829.5,835.35,823.4,826.7,28041
SUDARCOLOR,20260806,390.1,437.95,382.4,428.6,249219
SUDARSCHEM,20260806,1090.0,1134.5,1080.2,1115.6,518451
SUDEEPPHRM,20260806,973.75,990.0,952.5,974.15,622265
SUKHJITS,20260806,164.88,165.58,160.0,161.2,8798
SULA,20260806,172.0,174.3,166.0,167.54,589248
SUMEETINDS,20260806,18.18,18.18,18.18,18.18,72804
SUMICHEM,20260806,507.55,529.9,503.05,525.2,543785
SUMIT,20260806,57.8,57.8,54.93,56.78,69473
SUMMITSEC,20260806,1523.4,1547.8,1507.0,1511.1,6438
SUNCLAY,20260806,1264.0,1301.5,1259.3,1269.4,4177
SUNDARAM,20260806,1.26,1.26,1.23,1.23,342402
SUNDARMFIN,20260806,4699.0,4738.3,4630.9,4647.4,44340
SUNDRMBRAK,20260806,782.0,792.35,771.2,775.5,181
SUNDRMFAST,20260806,1037.05,1094.6,1021.3,1085.25,699524
SUNDROP,20260806,672.0,675.0,661.2,664.8,18026
SUNFLAG,20260806,379.5,394.4,379.0,388.95,896376
SUNPHARMA,20260806,1930.0,1965.9,1930.0,1951.0,1864891
SUNTECK,20260806,302.0,305.25,300.3,301.65,135234
SUNTV,20260806,493.35,497.2,487.25,489.2,254130
SUPERHOUSE,20260806,156.33,162.99,156.25,159.02,2536
SUPERSPIN,20260806,6.48,6.48,6.48,6.48,50155
SUPRAJIT,20260806,530.0,538.9,523.1,527.55,522228
SUPREME,20260806,46.54,46.57,45.5,45.82,4493
SUPREMEENG,20260806,2.25,2.25,2.25,2.25,156589
SUPREMEIND,20260806,3459.2,3525.4,3450.0,3477.0,172388
SUPREMEINF,20260806,93.21,96.98,91.26,92.75,152905
SUPRIYA,20260806,918.15,951.0,883.3,890.85,469337
SURAJEST,20260806,207.0,207.0,202.94,204.06,70493
SURAJLTD,20260806,220.0,222.0,216.31,218.68,431
SURAKSHA,20260806,252.3,254.85,249.2,250.75,32676
SURANASOL,20260806,26.2,28.47,26.19,27.62,187284
SURANAT&P,20260806,18.19,18.27,17.87,17.97,24962
SURYALA,20260806,418.85,418.85,397.15,399.6,585
SURYALAXMI,20260806,59.6,61.2,58.5,58.85,7936
SURYAROSNI,20260806,247.7,252.1,243.3,250.73,767569
SURYODAY,20260806,163.7,165.0,161.9,162.62,668778
SUTLEJTEX,20260806,38.03,40.92,37.7,40.44,127378
SUVEN,20260806,324.95,324.95,307.15,317.8,798961
SUVIDHAA,20260806,2.52,2.6,2.5,2.58,117849
SUYOG,20260806,845.75,870.95,833.0,862.55,19656
SUZLON,20260806,48.3,48.49,47.83,48.1,29846769
SVLL,20260806,770.0,770.0,749.1,749.1,1546
SVPGLOB,20260806,3.97,3.97,3.79,3.81,26236
SWANCORP,20260806,311.4,315.4,308.5,310.9,582055
SWANDEF,20260806,2600.0,2650.0,2510.0,2649.0,23484
SWARAJENG,20260806,3608.0,3645.0,3560.0,3595.8,6734
SWELECTES,20260806,632.0,667.0,610.45,663.3,51698
SWIGGY,20260806,290.3,305.0,285.0,288.65,51405488
SWSOLAR,20260806,210.0,211.12,206.52,206.92,484387
SYMPHONY,20260806,647.0,661.0,645.3,652.4,127823
SYNCOMF,20260806,13.26,13.62,13.15,13.18,1892178
SYNGENE,20260806,408.9,409.85,393.35,399.75,806023
SYRMA,20260806,1434.0,1460.0,1405.0,1418.0,1123973
SYSTMTXC,20260806,58.21,60.47,58.21,59.55,4267
TAALTECH,20260806,4020.1,4348.0,3840.1,4110.2,32272
TAINWALCHM,20260806,219.49,219.5,205.0,206.16,13856
TAJGVK,20260806,366.0,372.95,361.65,369.15,89672
TAKE,20260806,22.78,22.8,22.1,22.39,1312903
TALBROAUTO,20260806,449.85,449.85,433.1,437.0,343827
TAMBOLIIN,20260806,215.0,218.84,209.0,218.79,7645
TANLA,20260806,615.0,620.75,607.0,608.9,506148
TARACHAND,20260806,59.95,59.99,47.02,49.89,1656087
TARAPUR,20260806,14.25,14.7,13.54,13.54,124498
TARC,20260806,136.18,137.0,134.16,135.51,201489
TARIL,20260806,295.5,297.9,292.2,296.15,899091
TARMAT,20260806,50.15,51.3,49.32,49.48,7574
TARSONS,20260806,329.95,334.4,315.5,317.5,127804
TASTYBITE,20260806,9296.0,9313.0,9151.0,9175.0,1149
TATACAP,20260806,375.0,390.2,371.05,382.7,7207122
TATACHEM,20260806,667.9,675.0,661.7,663.3,602174
TATACOMM,20260806,1747.9,1755.5,1721.5,1735.5,204750
TATACONSUM,20260806,1102.0,1102.0,1086.0,1090.0,1350606
TATAELXSI,20260806,3750.1,3800.8,3715.0,3715.0,166412
TATAGOLD,20260806,14.03,14.45,13.76,14.37,68009499
TATAINVEST,20260806,670.5,673.05,666.0,667.1,102840
TATAPOWER,20260806,382.05,382.75,377.2,378.6,2531350
TATASTEEL,20260806,193.45,193.65,188.99,189.3,18802510
TATATECH,20260806,759.6,805.75,756.0,801.55,8537872
TATSILV,20260806,22.22,22.22,21.2,21.78,36919583
TATVA,20260806,1720.0,1763.8,1701.0,1731.1,33841
TBOTEK,20260806,1672.8,1676.1,1606.0,1623.1,110389
TBZ,20260806,273.45,274.9,265.1,271.0,926047
TCC,20260806,289.4,289.4,269.9,273.0,53607
TCI,20260806,929.2,932.1,921.75,927.0,18254
TCIEXP,20260806,578.0,614.7,527.0,579.6,1661821
TCIFINANCE,20260806,15.03,15.44,14.84,15.08,8179
TCPLPACK,20260806,3146.1,3191.9,3116.0,3131.4,2137
TCS,20260806,2417.0,2434.5,2368.5,2373.0,2729141
TDPOWERSYS,20260806,1210.0,1250.8,1181.1,1227.7,1125206
TEAMGTY,20260806,223.8,223.8,215.23,223.8,67
TEAMLEASE,20260806,1252.4,1271.3,1240.0,1253.5,20052
TECH,20260806,35.0,35.0,33.62,34.05,21964
TECHM,20260806,1655.0,1670.0,1631.0,1632.2,3585913
TECHNOE,20260806,1009.5,1009.5,990.3,992.25,75498
TECHNVISN,20260806,4825.6,5308.2,4592.1,5307.1,2711
TECILCHEM,20260806,10.76,10.85,8.9,9.38,181577
TEGA,20260806,1585.0,1595.9,1554.2,1583.3,47262
TEJASNET,20260806,527.6,528.3,520.25,522.3,681461
TEMBO,20260806,66.0,66.7,59.7,63.8,7180582
TENNIND,20260806,561.0,574.55,541.0,570.55,3504702
TERASOFT,20260806,444.0,444.0,419.65,424.05,59266
TEXINFRA,20260806,111.9,113.99,110.83,113.48,168133
TEXMOPIPES,20260806,42.7,43.0,42.5,42.83,15702
TEXRAIL,20260806,107.45,109.15,107.45,108.33,1075035
TFCILTD,20260806,111.65,111.65,107.5,110.81,18425822
TFL,20260806,11.3,11.64,11.04,11.49,12544
TGBHOTELS,20260806,9.69,9.94,9.14,9.2,51914
THAKDEV,20260806,134.0,134.0,128.25,128.25,128
THANGAMAYL,20260806,4989.5,5200.0,4953.0,5144.0,517167
THEINVEST,20260806,101.7,102.45,100.02,101.06,2208
THEJO,20260806,2112.3,2186.3,2088.3,2159.1,6755
THELEELA,20260806,500.0,523.5,498.3,511.0,1027540
THEMISMED,20260806,116.06,116.88,112.5,112.78,36207
THERMAX,20260806,4064.9,4064.9,3975.0,3991.0,184241
THOMASCOOK,20260806,104.36,106.8,103.9,106.14,1133947
THOMASCOTT,20260806,320.0,324.0,307.2,310.5,54673
THYROCARE,20260806,599.0,603.8,588.5,598.05,179627
TI,20260806,501.35,508.7,482.0,488.45,1100172
TICL,20260806,9.95,10.25,9.8,10.25,53573
TIGERLOGS,20260806,26.2,27.15,25.99,26.57,270331
TIIL,20260806,2656.0,2687.1,2616.8,2635.2,5022
TIINDIA,20260806,2800.3,2800.3,2750.1,2753.8,362526
TIJARIA,20260806,4.94,4.94,4.46,4.74,135039
TIL,20260806,261.0,264.5,247.9,252.5,482784
TIMETECHNO,20260806,207.81,212.1,204.02,206.82,4332234
TIMEX,20260806,549.05,558.95,540.25,543.05,229730
TIMKEN,20260806,3310.0,3390.4,3285.5,3343.1,66427
TINNARUBR,20260806,1131.0,1131.0,1076.3,1100.6,52591
TIPSFILMS,20260806,386.0,386.0,375.5,376.85,4103
TIPSMUSIC,20260806,673.0,675.0,647.7,654.4,305241
TIRUMALCHM,20260806,171.0,171.39,167.32,170.0,793889
TIRUPATIFL,20260806,70.5,73.14,69.16,70.62,208229
TITAGARH,20260806,853.2,867.7,848.05,861.65,418636
TITAN,20260806,4883.9,5005.0,4883.9,4998.0,1283840
TMB,20260806,862.95,875.0,855.0,873.4,215771
TMCV,20260806,450.5,461.7,450.5,459.65,9546090
TMPV,20260806,349.0,349.0,343.0,345.35,5218339
TNIDETF,20260806,89.73,90.88,88.25,89.09,41886
TNPETRO,20260806,97.93,101.0,97.41,98.68,204069
TNPL,20260806,154.8,158.34,153.99,157.15,198280
TNTELE,20260806,9.12,9.22,8.91,8.93,32779
TOKYOPLAST,20260806,79.9,81.0,78.02,81.0,440
TOLINS,20260806,103.3,104.1,102.7,103.09,23759
TOP100CASE,20260806,10.97,10.97,10.62,10.8,1727652
TOP10ADD,20260806,89.45,89.99,88.81,89.27,49409
TOP15IETF,20260806,10.14,10.17,10.11,10.13,58552
TOP20,20260806,9.16,9.16,9.13,9.14,60675
TORNTPHARM,20260806,5020.0,5030.0,4937.5,4956.0,701944
TORNTPOWER,20260806,1326.0,1345.5,1318.8,1325.2,404065
TOTAL,20260806,64.95,71.48,64.95,67.87,214858
TOUCHWOOD,20260806,66.9,67.6,65.3,67.09,2284
TPHQ,20260806,0.43,0.43,0.41,0.42,773717
TPLPLASTEH,20260806,78.8,79.86,77.72,78.73,103992
TRACXN,20260806,30.68,30.7,29.96,30.09,173581
TRANSPEK,20260806,1378.6,1378.6,1312.1,1321.4,3113
TRANSRAILL,20260806,499.45,500.15,487.1,490.95,363311
TRANSWORLD,20260806,159.0,162.74,157.0,158.43,11365
TRAVELFOOD,20260806,1328.0,1396.5,1321.0,1337.2,80581
TREEHOUSE,20260806,6.49,6.5,6.2,6.26,9459
TREJHARA,20260806,162.0,165.86,155.26,165.13,238674
TREL,20260806,23.8,24.99,23.8,24.63,132815
TRENT,20260806,3120.0,3244.5,3046.2,3107.1,4403351
TRF,20260806,230.5,235.38,228.01,232.41,36738
TRIDENT,20260806,24.91,25.03,24.83,24.9,2044786
TRIGYN,20260806,54.98,56.15,53.77,54.8,96876
TRITURBINE,20260806,624.5,652.5,621.5,646.35,1270213
TRIVENI,20260806,236.99,240.5,229.5,230.53,1036500
TRU,20260806,4.73,4.76,4.57,4.61,74583
TRUALT,20260806,461.55,472.3,460.4,464.3,275309
TSFINV,20260806,456.0,456.0,435.0,437.7,83782
TTKHLTCARE,20260806,1050.0,1210.0,1038.2,1094.1,211813
TTKPRESTIG,20260806,631.0,640.85,624.1,636.8,105175
TTL,20260806,6.3,6.4,6.25,6.28,33025
TTML,20260806,40.0,40.05,39.52,39.57,902891
TURTLEMINT,20260806,115.99,116.22,112.5,112.75,242966
TVSELECT,20260806,503.95,530.85,503.1,508.15,227540
TVSHLTD,20260806,14770.0,15067.0,14770.0,14908.0,4451
TVSMOTOR,20260806,4410.0,4436.9,4370.4,4375.0,1143968
TVSSCS,20260806,135.52,136.8,132.0,132.38,417724
TVSSRICHAK,20260806,3996.3,4012.6,3952.0,3971.2,1295
TVTODAY,20260806,118.99,119.56,114.45,115.65,35529
TVVISION,20260806,4.21,4.4,4.21,4.34,90270
TWCGOLDETF,20260806,146.24,147.58,146.24,147.5,11437
UBL,20260806,1409.1,1427.0,1403.0,1415.3,90278
UCAL,20260806,118.9,118.9,116.47,117.01,3949
UCOBANK,20260806,26.49,26.77,26.4,26.64,3699848
UDS,20260806,212.49,213.9,206.25,210.57,228987
UEL,20260806,245.52,245.52,245.52,245.52,8985
UFBL,20260806,790.85,810.4,773.4,804.3,274202
UFLEX,20260806,474.35,487.9,471.55,483.9,88565
UFO,20260806,69.41,69.41,67.55,67.86,18641
UGARSUGAR,20260806,45.0,46.35,44.05,45.73,869343
UGROCAP,20260806,96.24,97.5,94.8,96.16,325766
UJJIVANSFB,20260806,70.34,72.58,70.0,72.05,16057454
ULTRACEMCO,20260806,12190.0,12204.0,12011.0,12075.0,208304
ULTRAMAR,20260806,390.15,395.0,385.35,389.4,56980
UMAEXPORTS,20260806,20.98,20.98,19.86,20.06,35020
UMESLTD,20260806,5.55,5.65,5.35,5.48,1694
UMIYA-MRO,20260806,92.0,92.0,90.01,90.17,8232
UNICHEMLAB,20260806,509.95,512.7,493.0,497.4,94960
UNIDT,20260806,241.95,241.99,230.0,237.86,6360
UNIECOM,20260806,86.08,86.08,84.65,84.95,124710
UNIENTER,20260806,99.01,99.01,96.23,97.37,12560
UNIINFO,20260806,12.0,12.35,11.85,11.88,360
UNIMECH,20260806,1353.9,1392.5,1326.7,1336.5,282034
UNIONBANK,20260806,176.8,182.5,175.21,182.5,19962851
UNIONGOLD,20260806,143.7,145.5,143.7,145.3,7247
UNIPARTS,20260806,812.2,820.35,775.0,781.5,283602
UNITDSPR,20260806,1520.0,1534.0,1516.4,1525.0,408969
UNITECH,20260806,4.18,4.25,4.13,4.14,3996457
UNITEDPOLY,20260806,28.21,29.5,28.21,29.01,29469
UNITEDTEA,20260806,490.8,490.8,476.15,483.3,1216
UNIVASTU,20260806,150.5,150.5,139.59,141.55,228924
UNIVCABLES,20260806,1411.0,1438.4,1358.7,1416.3,137452
UNIVPHOTO,20260806,480.0,489.5,472.0,478.95,1088
UNOMINDA,20260806,1257.0,1278.0,1241.6,1278.0,785428
UPL,20260806,576.7,584.45,572.75,572.75,2528114
URAVIDEF,20260806,115.0,116.0,112.5,114.22,5715
URBANCO,20260806,143.1,144.58,141.21,142.67,3616093
URJA,20260806,10.0,10.0,9.65,9.78,1134563
USHAMART,20260806,523.3,524.8,514.0,515.65,444244
USK,20260806,22.5,23.3,22.32,22.9,15310
UTIAMC,20260806,902.0,908.0,895.0,900.3,75540
UTKARSHBNK,20260806,14.56,14.56,14.3,14.37,2923982
UTLSOLAR,20260806,390.9,403.75,385.0,400.65,376306
UTTAMSUGAR,20260806,248.49,259.0,247.2,254.82,137088
UYFINCORP,20260806,19.69,19.7,19.0,19.2,476546
V2RETAIL,20260806,218.75,219.0,215.81,218.31,695043
VADILALIND,20260806,7145.0,7386.0,7090.5,7327.5,22113
VAIBHAVGBL,20260806,250.0,250.0,241.6,242.6,729862
VAISHALI,20260806,8.14,8.14,7.9,7.98,127505
VAKRANGEE,20260806,6.08,6.1,5.98,6.0,989802
VAL30IETF,20260806,15.67,15.67,15.51,15.55,177880
VALIANTLAB,20260806,61.23,62.0,61.0,61.52,7425
VALIANTORG,20260806,290.0,294.9,278.2,278.7,12694
VALUE,20260806,16.45,16.47,16.39,16.44,5859
VALUEAXIS,20260806,33.64,33.64,33.34,33.48,83753
VAML,20260806,471.55,487.7,470.45,480.65,17348696
VARDHACRLC,20260806,46.5,46.5,45.11,45.51,14042
VARDMNPOLY,20260806,6.01,6.12,5.93,6.0,122015
VARROC,20260806,726.0,757.45,719.6,737.85,796119
VASCONEQ,20260806,33.55,33.94,32.96,33.03,256839
VASWANI,20260806,52.42,52.51,50.5,51.68,57316
VBL,20260806,437.95,449.0,437.2,444.0,4923022
VCL,20260806,1.28,1.28,1.28,1.28,138385
VEDL,20260806,280.95,282.35,273.6,275.0,18499108
VEDPOWER,20260806,35.6,36.15,35.45,35.78,13299378
VEEDOL,20260806,1454.0,1517.0,1450.1,1489.9,65239
VELJAN,20260806,1639.8,1692.1,1630.0,1651.8,241
VENKEYS,20260806,1581.9,1591.9,1551.5,1565.1,19180
VENTIVE,20260806,615.6,621.35,610.0,612.8,21866
VENUSPIPES,20260806,1632.0,1640.2,1580.0,1589.9,40022
VENUSREM,20260806,1531.7,1600.0,1490.0,1562.7,47240
VERANDA,20260806,258.5,264.7,255.8,258.3,270948
VERTOZ,20260806,36.84,36.84,35.3,35.73,57680
VESUVIUS,20260806,453.9,454.1,444.6,445.85,46036
VETO,20260806,124.01,125.0,120.3,122.91,15895
VGL,20260806,62.81,63.38,61.21,62.28,18774
VGUARD,20260806,312.0,325.55,311.2,322.25,3151241
VHL,20260806,3421.0,3650.0,3421.0,3579.0,7889
VHLTD,20260806,124.97,127.71,120.1,127.03,51741
VIDHIING,20260806,320.05,327.95,320.05,322.05,12002
VIDYAWIRES,20260806,92.5,95.61,92.5,94.86,847396
VIJAYA,20260806,1390.0,1423.3,1340.5,1369.8,156032
VIJIFIN,20260806,11.03,11.03,11.03,11.03,53073
VIKASECO,20260806,1.11,1.13,1.11,1.11,1875706
VIKASLIFE,20260806,1.27,1.28,1.26,1.26,1355532
VIKRAMSOLR,20260806,181.1,181.11,173.07,173.96,4140678
VIKRAN,20260806,72.97,73.01,71.5,71.71,777429
VIMTALABS,20260806,662.0,667.8,637.1,641.95,298786
VINATIORGA,20260806,1327.7,1355.0,1320.1,1349.6,80636
VINCOFE,20260806,156.3,156.69,149.8,150.3,1694199
VINDHYATEL,20260806,2357.5,2369.0,2231.0,2286.9,95466
VINEETLAB,20260806,39.6,39.6,38.27,38.7,53980
VINNY,20260806,1.05,1.08,1.05,1.07,156440
VINYLINDIA,20260806,245.0,246.76,243.0,244.38,6163
VIPCLOTHNG,20260806,21.28,22.23,21.28,21.64,69757
VIPIND,20260806,311.0,319.8,309.3,314.5,326301
VIPULLTD,20260806,12.32,12.32,12.06,12.31,144349
VIRINCHI,20260806,15.79,15.86,15.35,15.49,87375
VISACHROME,20260806,37.01,38.0,37.01,37.99,25144
VISAKAIND,20260806,87.99,88.21,80.57,86.39,598626
VISHNU,20260806,588.8,599.9,586.05,594.8,89080
VISHWARAJ,20260806,5.48,5.64,5.26,5.3,234713
VISL,20260806,36.84,37.46,35.51,35.89,37539135
VITAL,20260806,50.33,50.33,49.5,49.5,1043
VIVIANA,20260806,727.95,729.85,702.0,710.2,29467
VIVIDHA,20260806,0.54,0.54,0.52,0.53,167459
VIVIMEDLAB,20260806,5.18,5.2,4.94,5.04,77115
VIYASH,20260806,275.0,276.45,271.25,272.65,1336484
VLEGOV,20260806,10.97,10.97,10.97,10.97,41704
VLSFINANCE,20260806,264.9,269.85,256.95,261.45,25940
VMART,20260806,807.1,823.25,806.0,813.9,146279
VMM,20260806,110.91,111.47,109.33,109.52,4458233
VMSTMT,20260806,45.27,45.27,44.6,44.75,8939
VOEPL,20260806,504.95,514.8,495.15,508.7,65043
VOGL,20260806,37.24,37.6,35.01,35.9,77176976
VOLTAMP,20260806,10050.0,10129.5,9887.0,9941.0,28346
VOLTAS,20260806,1300.5,1314.9,1268.4,1275.0,598220
VPRPL,20260806,29.5,30.3,28.7,29.46,308948
VRAJ,20260806,124.8,125.19,122.01,122.26,12389
VRLLOG,20260806,282.1,294.5,282.1,284.65,1192983
VSSL,20260806,334.7,349.5,327.0,333.85,1000790
VSTIND,20260806,221.41,222.5,219.04,219.56,156097
VSTL,20260806,111.32,112.39,105.9,108.27,61945
VSTTILLERS,20260806,4485.2,4700.7,4418.0,4545.1,52403
VTL,20260806,605.0,609.5,600.0,602.2,166411
WAAREEENER,20260806,2690.0,2692.8,2660.9,2660.9,363839
WAAREEINDO,20260806,329.0,345.45,329.0,344.8,259128
WAAREERTL,20260806,906.05,916.0,904.0,905.15,88955
WABAG,20260806,1998.8,2007.7,1974.5,1990.7,203687
WAKEFIT,20260806,130.85,133.4,126.36,127.9,1011609
WALCHANNAG,20260806,235.0,240.56,231.01,231.82,687264
WANBURY,20260806,278.8,289.8,265.0,274.25,478206
WCIL,20260806,90.7,91.19,89.1,89.88,40126
WEALTH,20260806,936.6,947.45,920.05,925.95,1751
WEBELSOLAR,20260806,95.72,95.99,92.69,93.61,2297748
WEIZMANIND,20260806,77.5,79.99,77.32,79.97,88
WEL,20260806,118.57,123.46,115.64,120.3,129222
WELCORP,20260806,1800.0,1862.0,1791.1,1819.6,1493012
WELENT,20260806,585.2,587.95,561.0,567.8,665214
WELINV,20260806,1865.0,1865.0,1801.6,1851.4,15
WELSPLSOL,20260806,50.68,51.11,49.6,50.02,530330
WELSPUNLIV,20260806,160.78,162.0,159.0,159.25,507113
WENDT,20260806,8082.5,8189.0,8001.0,8063.5,5466
WESTLIFE,20260806,585.05,587.45,568.8,578.75,160065
WEWIN,20260806,45.0,45.95,45.0,45.9,1328
WEWORK,20260806,753.5,794.5,736.0,748.2,1029138
WHEELS,20260806,1429.6,1439.2,1400.0,1404.3,74022
WHIRLPOOL,20260806,800.0,835.4,790.6,830.45,685424
WILLAMAGOR,20260806,25.5,26.55,25.0,25.25,626
WINDLAS,20260806,861.05,877.0,861.0,873.75,29896
WINDMACHIN,20260806,282.1,298.0,275.25,276.5,473427
WIPL,20260806,170.51,170.51,164.98,167.0,5700
WIPRO,20260806,186.0,188.24,185.41,186.12,6629768
WOCKPHARMA,20260806,1998.9,2024.0,1951.0,1975.0,578202
WONDERLA,20260806,505.5,507.95,482.15,485.8,378148
WORTHPERI,20260806,153.21,153.21,148.37,149.86,34163
WPIL,20260806,440.0,444.95,437.0,438.9,17629
WSI,20260806,61.4,61.4,60.0,60.07,47673
WSTCSTPAPR,20260806,591.9,596.45,584.6,594.35,130485
XCHANGING,20260806,68.15,68.84,67.71,68.26,58292
XELPMOC,20260806,82.8,85.0,81.21,83.86,6832
XPROINDIA,20260806,1123.9,1168.0,1108.8,1115.2,146814
XTGLOBAL,20260806,34.25,34.8,31.6,32.37,73512
XTRANET,20260806,128.0,132.89,128.0,129.73,517519
YASHO,20260806,4120.2,4214.9,3985.8,4166.1,67222
YATHARTH,20260806,855.0,877.0,850.7,871.45,342884
YATRA,20260806,110.5,110.94,108.66,110.21,383756
YESBANK,20260806,22.97,23.06,22.68,22.68,37986003
YUKEN,20260806,749.55,827.4,741.05,803.4,26596
ZAGGLE,20260806,208.8,210.2,205.1,206.13,425021
ZEEL,20260806,95.0,96.0,92.0,92.57,30094304
ZEELEARN,20260806,8.01,8.15,7.9,7.99,244923
ZEEMEDIA,20260806,7.02,7.3,6.93,7.1,3089031
ZENITHEXPO,20260806,199.39,199.4,194.29,197.24,109
ZENITHSTL,20260806,5.69,5.72,5.49,5.65,29028
ZENSARTECH,20260806,502.1,505.0,497.45,500.65,732645
ZENTEC,20260806,1674.7,1748.0,1660.0,1734.6,733298
ZFCVINDIA,20260806,2600.0,2605.0,2545.4,2580.3,74023
ZFSTEERING,20260806,677.0,677.9,656.05,659.85,12852
ZIMLAB,20260806,118.85,120.18,112.0,115.15,78572
ZODIAC,20260806,255.0,258.0,252.0,253.35,6235
ZODIACLOTH,20260806,77.54,78.24,76.0,76.42,2838
ZOTA,20260806,1252.1,1264.4,1243.0,1246.4,16600
ZUARI,20260806,229.45,229.45,226.0,226.69,75641
ZUARIIND,20260806,265.0,266.0,260.2,262.15,12368
ZYDUSLIFE,20260806,1121.0,1122.8,1101.5,1108.0,596998
ZYDUSWELL,20260806,530.4,534.4,526.55,531.5,247611
