SYMBOL,TIMESTAMP,OPEN,HIGH,LOW,CLOSE,VOLUME
20MICRONS,20260811,189.5,189.5,185.34,185.92,68836
21STCENMGM,20260811,42.31,42.31,42.31,42.31,1953
360ONE,20260811,1162.2,1176.7,1147.8,1168.0,477268
3BBLACKBIO,20260811,1240.0,1241.0,1188.0,1208.0,6179
3IINFOLTD,20260811,27.34,27.73,27.06,27.6,1500401
3MINDIA,20260811,36200.0,36470.0,35740.0,36115.0,3128
3PLAND,20260811,31.85,32.45,31.47,32.17,59969
5PAISA,20260811,384.4,389.0,375.1,377.35,30571
63MOONS,20260811,859.1,878.0,855.0,858.65,169985
A2ZINFRA,20260811,16.3,16.58,15.77,15.82,446560
AAATECH,20260811,101.98,101.98,96.81,97.98,19795
AADHARHFC,20260811,501.55,506.3,495.0,501.55,157842
AAKASH,20260811,9.06,9.14,9.03,9.11,59588
AAREYDRUGS,20260811,82.79,85.95,81.0,85.51,121254
AARNAV,20260811,30.62,32.39,30.62,31.8,45309
AARON,20260811,139.98,140.0,135.09,138.59,17603
AARTECH,20260811,46.0,48.53,45.8,48.53,45312
AARTIDRUGS,20260811,426.0,453.65,421.5,439.35,1384949
AARTIIND,20260811,501.25,510.8,497.05,505.3,1309229
AARTIPHARM,20260811,848.9,932.6,826.2,883.7,14873286
AARTISURF,20260811,510.0,572.0,500.9,572.0,168065
AARVI,20260811,153.97,155.8,153.61,155.03,7592
AASTHA,20260811,74.8,74.8,73.01,73.12,916506
AAVAS,20260811,1414.0,1440.0,1378.0,1396.8,159507
ABAN,20260811,19.6,19.6,19.6,19.6,4227
ABANSENT,20260811,26.0,27.3,26.0,26.26,11681
ABB,20260811,7649.5,7714.0,7561.5,7611.5,147983
ABBOTINDIA,20260811,27535.0,28135.0,27330.0,28020.0,8470
ABCAPITAL,20260811,409.9,409.9,403.0,407.15,4097499
ABCOTS,20260811,199.0,201.99,198.61,199.68,11158
ABDL,20260811,630.0,630.7,616.05,619.8,188769
ABFRL,20260811,61.0,61.3,58.1,58.63,15922412
ABGSEC,20260811,114.57,114.57,114.57,114.57,165
ABINFRA,20260811,10.25,10.95,10.16,10.81,2326421
ABLBL,20260811,91.55,92.9,91.02,91.48,498817
ABMINTLLTD,20260811,52.56,52.56,47.99,52.56,17560
ABMKNO,20260811,192.0,200.0,192.0,197.95,1290
ABREL,20260811,1391.0,1405.0,1380.2,1400.8,52419
ABSL10BANK,20260811,169.17,170.97,168.95,169.49,93913
ABSLAMC,20260811,1008.8,1021.2,1001.5,1019.7,114010
ABSLBANETF,20260811,59.35,59.35,58.7,58.85,59762
ABSLLIQUID,20260811,1000.0,1000.01,999.99,1000.01,817
ABSLMSCIN,20260811,30.02,30.39,30.0,30.08,1436
ABSLNN50ET,20260811,79.43,79.43,78.18,78.4,13307
ABSLPSE,20260811,10.24,10.34,10.18,10.23,615509
ACC,20260811,1362.0,1362.0,1338.0,1339.8,132670
ACCELYA,20260811,1152.5,1155.0,1141.8,1146.6,5032
ACCURACY,20260811,4.77,4.95,4.74,4.81,18079
ACE,20260811,1113.6,1118.8,1065.3,1073.3,269214
ACEINTEG,20260811,18.36,19.1,18.35,18.49,6201
ACI,20260811,523.3,523.3,513.0,513.55,83197
ACL,20260811,47.77,48.5,47.77,48.43,8485
ACMESOLAR,20260811,364.0,370.7,362.95,368.45,667352
ACSTECH,20260811,51.9,53.56,49.5,50.45,697758
ACUTAAS,20260811,3298.0,3298.0,3222.0,3246.0,153105
ADANIENSOL,20260811,1660.0,1672.0,1616.1,1622.0,2222288
ADANIENT,20260811,3062.0,3062.0,2980.0,2995.5,1422452
ADANIGREEN,20260811,1415.0,1416.0,1354.0,1366.0,3232524
ADANIPORTS,20260811,1700.0,1703.4,1661.8,1668.2,2263466
ADANIPOWER,20260811,213.0,213.8,208.2,209.0,17507515
ADFFOODS,20260811,264.9,269.85,260.25,265.45,150603
ADL,20260811,75.59,75.59,68.01,70.19,262
ADOR,20260811,1508.8,1521.0,1492.1,1505.6,16237
ADROITINFO,20260811,10.11,10.3,9.3,10.17,114483
ADSL,20260811,115.14,115.55,113.49,114.09,82175
ADVAIT,20260811,2197.8,2233.4,2171.2,2180.9,57633
ADVANCE,20260811,121.85,124.6,120.61,122.21,155096
ADVANIHOTR,20260811,50.35,50.9,50.08,50.27,16593
ADVENTHTL,20260811,146.34,147.39,142.8,143.66,69171
ADVENZYMES,20260811,294.55,299.55,291.05,298.3,366896
AEGISLOG,20260811,1333.7,1345.1,1286.5,1297.6,826977
AEGISVOPAK,20260811,276.45,283.95,271.4,280.55,1235949
AEPL,20260811,16.01,16.2,15.2,15.87,67228
AEQUS,20260811,244.99,245.5,237.06,240.73,1920098
AEROENTER,20260811,127.79,131.0,123.38,129.41,385997
AEROFLEX,20260811,421.7,426.5,416.0,422.65,797908
AERONEU,20260811,85.5,85.5,83.41,84.06,39116
AEROPLANE,20260811,192.4,194.95,181.42,182.92,346641
AETHER,20260811,1597.5,1645.0,1596.0,1634.2,214948
AFCONS,20260811,261.95,271.05,259.1,263.65,1403363
AFFLE,20260811,1598.0,1698.0,1595.2,1677.3,345397
AFFORDABLE,20260811,190.65,194.99,188.74,192.56,8352
AFIL,20260811,10.12,10.73,9.75,9.76,2238294
AFSL,20260811,215.0,218.69,205.24,210.74,220151
AGARIND,20260811,518.0,518.05,506.75,512.1,24152
AGARWALEYE,20260811,565.0,567.75,535.0,542.0,218413
AGI,20260811,715.05,728.0,713.1,717.2,69858
AGIIL,20260811,300.85,305.9,298.75,300.15,2103842
AGL,20260811,13.37,13.9,13.32,13.58,1696722
AGRITECH,20260811,110.8,110.8,106.11,108.98,3009
AGROPHOS,20260811,28.44,28.7,28.01,28.32,14455
AGSTRA,20260811,2.06,2.09,2.0,2.03,173076
AHCL,20260811,14.59,14.59,14.36,14.41,1335679
AHLADA,20260811,38.86,40.69,38.21,39.83,24489
AHLEAST,20260811,142.96,142.96,140.99,141.16,2114
AHLUCONT,20260811,836.2,836.2,819.75,833.95,18401
AHLWEST,20260811,545.0,545.0,526.0,535.0,257
AIAENG,20260811,4823.6,4885.9,4763.5,4781.6,32387
AIIL,20260811,589.9,592.1,567.3,573.45,216216
AIRAN,20260811,15.02,15.22,14.99,15.0,31446
AIROLAM,20260811,92.75,92.95,90.25,91.85,1805
AJANTPHARM,20260811,3506.5,3586.9,3495.9,3507.0,86524
AJAXENGG,20260811,568.95,572.0,560.0,567.35,40239
AJMERA,20260811,123.25,123.78,121.31,121.87,158534
AJOONI,20260811,3.84,3.9,3.75,3.81,218757
AKASH,20260811,26.32,26.83,26.29,26.5,2909
AKCAPIT,20260811,1761.4,1801.0,1705.0,1717.4,3064
AKG,20260811,8.88,8.88,8.11,8.7,28750
AKI,20260811,4.42,4.74,4.26,4.31,95100
AKSHAR,20260811,0.41,0.43,0.4,0.41,679079
AKSHARCHEM,20260811,278.61,288.0,265.3,284.19,2028
AKSHOPTFBR,20260811,6.46,6.46,6.14,6.14,122802
AKUMS,20260811,732.0,769.45,728.35,760.95,1147714
ALANKIT,20260811,8.44,8.66,7.76,8.14,257713
ALBERTDAVD,20260811,792.0,807.95,780.05,788.85,9035
ALEMBICLTD,20260811,84.84,86.94,84.65,86.73,238817
ALGOQUANT,20260811,66.3,69.2,66.3,67.44,1792902
ALICON,20260811,720.3,749.0,720.3,728.55,12610
ALIVUS,20260811,1384.0,1418.0,1374.3,1393.6,188900
ALKALI,20260811,67.98,68.7,67.1,67.84,4225
ALKEM,20260811,5590.0,5590.0,5475.0,5527.5,115598
ALKYLAMINE,20260811,1916.5,1983.0,1900.1,1947.4,134962
ALLCARGO,20260811,9.73,10.47,9.45,10.25,81247120
ALLDIGI,20260811,808.2,815.65,802.0,809.85,9926
ALLTIME,20260811,218.93,221.79,216.28,217.36,32968
ALMONDZ,20260811,14.12,14.9,13.95,14.17,344880
ALOKINDS,20260811,11.91,11.94,11.81,11.84,2369575
ALPA,20260811,69.5,69.5,67.7,67.86,6464
ALPHA,20260811,53.75,54.05,53.6,53.8,943856
ALPHAETF,20260811,26.77,26.92,26.7,26.76,265969
ALPHAGEO,20260811,248.8,293.62,240.8,284.94,361461
ALPINETEX,20260811,63.74,64.0,62.05,62.27,221443
ALPL30IETF,20260811,27.83,28.67,27.83,28.41,179534
AMAGI,20260811,647.75,673.9,621.0,659.5,1161163
AMANTA,20260811,159.58,159.58,159.58,159.58,7498
AMBALALSA,20260811,48.58,48.8,44.1,45.94,243027
AMBER,20260811,7100.0,7204.0,7050.0,7078.5,290400
AMBICAAGAR,20260811,25.0,25.0,24.42,24.66,1103
AMBIKCO,20260811,1660.0,1711.8,1628.5,1635.7,63873
AMBUJACEM,20260811,434.0,434.25,422.8,424.0,1440747
AMDIND,20260811,47.72,53.0,46.6,51.94,98922
AMJLAND,20260811,39.5,41.0,38.01,40.73,33841
AMNPLST,20260811,195.52,201.22,195.52,199.4,4646
AMRUTANJAN,20260811,535.0,539.7,522.9,533.75,59212
ANANDRATHI,20260811,2130.5,2161.0,2117.2,2158.0,248922
ANANTRAJ,20260811,604.8,613.0,597.35,606.25,1211984
ANDHRAPAP,20260811,61.0,61.63,60.14,60.28,93508
ANDHRSUGAR,20260811,100.9,101.48,98.01,99.2,1349407
ANGELONE,20260811,294.8,296.9,289.8,291.4,6599125
ANIKINDS,20260811,43.3,43.86,41.5,43.31,12771
ANKITMETAL,20260811,1.57,1.6,1.51,1.51,37412
ANMOL,20260811,10.68,10.68,10.22,10.26,24884
ANSALAPI,20260811,3.51,3.58,3.5,3.57,15123
ANTELOPUS,20260811,795.0,830.3,795.0,812.7,137717
ANTGRAPHIC,20260811,0.74,0.76,0.73,0.74,66519
ANTHEM,20260811,857.0,899.9,852.5,891.65,1605598
ANUHPHR,20260811,78.5,79.3,77.56,77.76,95757
ANUP,20260811,1884.9,1925.0,1870.4,1907.9,30303
ANURAS,20260811,1216.3,1220.0,1200.0,1209.3,505730
AONEGOLD,20260811,14.32,14.63,14.08,14.17,525309
AONELIQUID,20260811,1072.07,1072.07,1072.05,1072.06,11342
AONENIFTY,20260811,10.39,10.39,10.06,10.1,153542
AONESILVER,20260811,8.83,8.97,8.81,8.88,995126
AONETMMQ50,20260811,10.37,10.6,10.28,10.32,84386
AONETOTAL,20260811,12.25,12.25,12.01,12.07,155676
APARINDS,20260811,16400.0,16986.0,16388.0,16748.0,168416
APCL,20260811,103.0,105.5,102.0,104.27,3019
APCOTEXIND,20260811,623.1,628.45,612.6,616.9,221005
APEX,20260811,384.0,389.0,376.0,377.75,75315
APLAPOLLO,20260811,2027.0,2027.0,1991.6,2012.7,735881
APLLTD,20260811,831.35,849.0,823.85,838.85,217637
APOLLO,20260811,387.0,392.5,385.8,388.7,2790989
APOLLOHOSP,20260811,8982.0,8990.0,8672.5,8750.5,562067
APOLLOPIPE,20260811,529.8,529.8,505.55,508.05,573629
APOLLOTYRE,20260811,445.0,447.6,441.8,443.0,352788
APOLSINHOT,20260811,1246.1,1260.0,1220.0,1229.5,881
APTECHT,20260811,94.01,96.58,93.11,94.44,92008
APTUS,20260811,255.0,257.95,251.0,256.7,852421
AQYLON,20260811,26.49,26.73,25.4,25.4,910340
ARCHIDPLY,20260811,97.0,97.9,91.75,92.95,95026
ARCHIES,20260811,14.39,14.39,13.5,13.81,9187
ARE&M,20260811,900.0,974.0,899.15,970.25,8417269
ARENTERP,20260811,37.94,41.0,36.36,39.45,7021
ARFIN,20260811,86.9,88.49,84.5,85.08,2071919
ARIES,20260811,344.8,359.0,340.35,355.8,44528
ARIHANT,20260811,1126.3,1126.5,1105.1,1119.2,1019
ARIHANTCAP,20260811,75.38,76.59,74.2,74.76,93283
ARIHANTSUP,20260811,263.8,263.8,258.0,260.45,4497
ARIS,20260811,138.0,138.0,131.75,133.76,874196
ARKADE,20260811,135.09,136.89,133.5,133.96,348185
ARMANFIN,20260811,1991.0,2010.0,1970.0,2002.8,39677
AROGRANITE,20260811,24.77,25.8,24.77,25.49,12188
ARROWGREEN,20260811,772.3,785.0,760.2,777.05,11062
ARSHIYA,20260811,0.93,0.96,0.9,0.94,299904
ARSSBL,20260811,501.0,510.9,500.0,509.15,104911
ARTEMISMED,20260811,318.5,318.95,312.1,313.3,173343
ARTNIRMAN,20260811,41.91,42.22,41.11,41.51,817
ARVEE,20260811,155.1,184.99,155.1,176.76,77723
ARVIND,20260811,553.0,574.25,549.7,567.65,1045064
ARVINDFASN,20260811,462.0,462.0,445.7,447.5,348990
ARVSMART,20260811,658.0,658.85,635.0,636.4,121093
ASAHIINDIA,20260811,908.9,920.95,900.1,901.65,69149
ASAHISONG,20260811,355.85,355.85,338.1,338.1,57907
ASAL,20260811,496.0,509.8,496.0,508.5,13618
ASALCBR,20260811,739.8,739.8,727.65,730.25,17679
ASHAPURMIN,20260811,650.0,657.9,638.65,651.95,478221
ASHIANA,20260811,385.0,388.0,377.1,381.3,38863
ASHIKAG,20260811,421.0,427.0,410.45,418.35,24326
ASHIMASYN,20260811,17.8,18.11,17.45,17.91,55916
ASHOKA,20260811,118.0,119.57,116.7,116.99,827986
ASHOKAMET,20260811,14.39,14.39,14.03,14.09,10093
ASHOKLEY,20260811,173.61,176.33,172.0,174.83,16455927
ASIANENE,20260811,405.0,408.4,395.55,401.8,198268
ASIANHOTNR,20260811,310.2,318.0,310.2,312.6,8078
ASIANPAINT,20260811,2742.1,2747.6,2720.0,2735.5,951134
ASIANTILES,20260811,54.0,56.4,52.57,52.85,5585818
ASKAUTOLTD,20260811,655.6,665.7,649.35,654.25,276433
ASMS,20260811,7.35,7.54,7.16,7.36,162233
ASPINWALL,20260811,230.13,243.99,226.38,241.21,10584
ASTAR,20260811,628.0,628.0,580.1,590.05,111
ASTEC,20260811,622.15,627.5,604.2,615.2,40270
ASTERDM,20260811,867.15,883.2,852.7,854.9,1001255
ASTRAL,20260811,1437.0,1443.8,1418.7,1424.9,228442
ASTRAMICRO,20260811,1691.0,1738.9,1675.0,1703.7,724979
ASTRAZEN,20260811,7966.0,8050.0,7930.0,7946.5,6721
ASTRON,20260811,3.66,3.66,3.57,3.6,3227
ATALREAL,20260811,34.79,35.35,34.37,35.02,12328031
ATAM,20260811,65.45,65.45,63.05,63.29,7110
ATGL,20260811,670.8,673.8,663.05,666.15,979081
ATHERENERG,20260811,1472.4,1534.8,1472.0,1525.4,4867021
ATL,20260811,24.7,25.5,24.4,24.58,176958
ATLANTAA,20260811,47.71,49.95,43.18,44.7,1276964
ATLANTAELE,20260811,1607.3,1625.0,1575.0,1586.3,48966
ATLASCYCLE,20260811,97.98,97.98,96.5,97.37,967
ATUL,20260811,6855.0,6962.0,6832.0,6850.0,53427
ATULAUTO,20260811,513.0,516.8,490.95,494.1,479032
AUBANK,20260811,1068.0,1072.0,1048.3,1070.9,1875527
AURIONPRO,20260811,737.0,741.85,725.35,727.15,130078
AUROPHARMA,20260811,1648.0,1658.0,1639.9,1658.0,420527
AURUM,20260811,232.0,232.9,227.01,228.56,121834
AURUS,20260811,4.58,4.78,4.58,4.7,8891
AUSOMENT,20260811,139.34,144.95,137.12,141.95,4993
AUTOAXLES,20260811,1821.4,1830.5,1795.9,1803.8,6149
AUTOBEES,20260811,306.33,308.58,303.13,304.51,329042
AUTOIETF,20260811,30.73,30.87,30.5,30.52,1189867
AUTOIND,20260811,92.0,96.3,92.0,95.02,136026
AVADHSUGAR,20260811,635.0,638.0,618.0,634.8,80895
AVALON,20260811,1930.0,1959.0,1894.0,1938.3,212945
AVANTEL,20260811,161.13,162.48,160.04,160.27,409909
AVANTIFEED,20260811,893.15,899.55,849.0,859.8,862094
AVG,20260811,198.84,203.29,194.3,199.06,98190
AVL,20260811,626.9,631.4,611.9,616.1,80512
AVONMORE,20260811,11.09,11.45,11.01,11.36,501713
AVROIND,20260811,8.75,8.75,8.0,8.27,477442
AVTNPL,20260811,71.77,72.68,69.72,70.24,52942
AWFIS,20260811,274.0,274.0,264.6,266.65,232163
AWHCL,20260811,398.0,407.7,374.55,389.35,1216353
AWL,20260811,196.15,196.21,192.2,192.86,1060660
AXISBANK,20260811,1242.0,1243.0,1225.4,1229.8,5843702
AXISCADES,20260811,1555.3,1575.5,1525.0,1545.5,63934
AXITA,20260811,7.28,7.5,7.25,7.29,399361
AYE,20260811,177.94,184.0,176.59,178.78,641762
AYMSYNTEX,20260811,261.7,269.0,251.0,255.85,73890
AZAD,20260811,2560.0,2560.0,2465.0,2472.1,367151
BAFNAPH,20260811,275.0,275.0,273.75,273.75,6583
BAGFILMS,20260811,4.38,4.43,4.27,4.33,47339
BAIDFIN,20260811,9.93,10.03,9.77,9.87,140138
BAJAJ-AUTO,20260811,11734.0,11863.0,11615.0,11717.0,268237
BAJAJCON,20260811,544.55,544.8,532.05,540.95,319003
BAJAJELEC,20260811,363.6,366.2,355.8,360.35,308620
BAJAJFINSV,20260811,2014.0,2043.9,2012.0,2032.0,1058625
BAJAJHCARE,20260811,330.2,333.0,327.6,328.6,72292
BAJAJHFL,20260811,85.21,86.0,84.9,85.18,2192616
BAJAJHIND,20260811,18.15,18.22,17.81,18.06,4454390
BAJAJHLDNG,20260811,11490.0,11599.0,11412.0,11550.0,36058
BAJAJINDEF,20260811,231.02,232.63,223.86,226.51,41850
BAJAJST,20260811,388.75,388.75,371.25,379.05,36417
BAJEL,20260811,193.8,193.8,186.42,189.07,153044
BAJFINANCE,20260811,1098.0,1101.5,1086.3,1093.3,6523358
BALAJEE,20260811,27.98,27.98,27.0,27.2,16320
BALAJITELE,20260811,91.1,94.0,90.0,90.76,209603
BALAMINES,20260811,2047.0,2178.0,2046.1,2123.7,249766
BALAXI,20260811,24.44,24.49,23.6,23.65,39143
BALKRISHNA,20260811,17.37,17.97,17.13,17.41,7908
BALKRISIND,20260811,2535.8,2554.5,2475.0,2498.9,82830
BALMLAWRIE,20260811,175.0,175.01,172.0,172.89,202797
BALPHARMA,20260811,91.8,91.8,86.27,86.99,41798
BALRAMCHIN,20260811,650.0,658.0,613.1,627.8,645686
BALUFORGE,20260811,460.0,468.05,454.4,459.0,899132
BANARBEADS,20260811,115.15,117.95,114.71,115.38,3700
BANARISUG,20260811,3499.0,3499.0,3431.7,3484.1,1042
BANCOINDIA,20260811,626.0,637.85,622.5,633.85,172294
BANDHANBNK,20260811,172.62,175.3,171.0,174.0,5260473
BANG,20260811,30.16,30.6,29.8,29.99,2053
BANK10ADD,20260811,16.97,17.05,16.89,17.0,53078
BANK10BETF,20260811,21.35,21.35,20.82,20.93,18451
BANKA,20260811,82.65,84.0,80.61,80.61,15886
BANKADD,20260811,58.72,58.9,58.63,58.76,84918
BANKBARODA,20260811,247.0,247.47,243.6,246.2,13598893
BANKBEES,20260811,596.77,598.97,592.5,594.87,464724
BANKBETA,20260811,59.87,59.87,59.24,59.38,181072
BANKBETF,20260811,58.53,58.53,58.1,58.46,9258
BANKETF,20260811,588.0,588.0,583.02,585.99,189988
BANKIETF,20260811,59.3,59.3,58.82,59.0,940850
BANKINDIA,20260811,141.0,143.09,139.37,142.9,6783716
BANKNIFTY1,20260811,59.99,60.11,59.46,59.69,223084
BANKPSU,20260811,87.0,87.34,86.49,87.08,6474
BANSALWIRE,20260811,324.95,327.2,317.85,319.9,82010
BANSWRAS,20260811,124.5,125.12,122.76,123.14,6686
BASF,20260811,4057.5,4082.6,4016.2,4037.2,23357
BASML,20260811,27.0,27.35,26.93,26.93,177616
BATAINDIA,20260811,713.0,715.3,697.0,699.85,247663
BATLIBOI,20260811,87.89,88.99,84.01,84.6,101301
BAYERCROP,20260811,4157.5,4166.8,4105.1,4116.1,19247
BBETF0432,20260811,1357.89,1357.89,1353.12,1353.18,458
BBL,20260811,2299.5,2349.5,2286.0,2324.4,19902
BBNPNBETF,20260811,57.13,58.14,57.13,58.14,400
BBNPPGOLD,20260811,145.0,148.45,145.0,146.6,4747
BBOX,20260811,755.0,763.3,739.15,743.35,153748
BBTC,20260811,1510.0,1519.6,1487.3,1490.4,27988
BBTCL,20260811,219.0,226.38,219.0,224.76,3186
BCG,20260811,9.97,10.0,9.76,9.88,6072117
BCLIND,20260811,37.62,37.62,36.7,37.08,448537
BCONCEPTS,20260811,173.86,179.0,168.31,175.78,12518
BCPL,20260811,69.18,71.6,68.21,69.53,4958
BDL,20260811,1312.0,1319.2,1294.6,1307.6,505756
BEARDSELL,20260811,26.99,26.99,25.91,26.12,26912
BECTORFOOD,20260811,233.8,243.64,228.01,240.62,5183888
BEDMUTHA,20260811,114.0,118.5,112.02,116.93,2832
BEEKAY,20260811,399.0,399.0,385.35,397.9,2350
BEL,20260811,405.25,406.8,401.4,405.85,6803132
BELLACASA,20260811,243.93,246.37,241.1,243.28,2284
BELRISE,20260811,253.9,257.75,251.53,253.97,2947908
BEML,20260811,1884.4,1937.6,1865.1,1902.3,628418
BENGALASM,20260811,6243.5,6293.0,6200.5,6204.5,158
BEPL,20260811,126.45,126.45,121.39,122.53,1266451
BERGEPAINT,20260811,541.8,545.0,533.65,534.95,291938
BESTAGRO,20260811,20.3,20.3,19.11,19.47,1790739
BETA,20260811,2480.0,2712.0,2470.0,2668.3,100763
BFINVEST,20260811,478.0,479.3,461.1,468.3,56673
BFSI,20260811,27.87,27.87,27.37,27.45,855862
BFUTILITIE,20260811,562.75,567.45,558.95,561.55,25129
BGRENERGY,20260811,264.0,264.4,255.3,260.45,25257
BHAGCHEM,20260811,285.35,297.8,280.0,286.6,175298
BHAGERIA,20260811,208.8,210.0,206.11,206.98,20071
BHAGYANGR,20260811,370.0,390.95,363.65,386.3,117099
BHANDARI,20260811,2.88,2.89,2.83,2.87,61333
BHARATCOAL,20260811,34.0,34.17,33.8,33.86,2806730
BHARATFORG,20260811,2114.9,2144.4,2028.0,2051.0,4011397
BHARATGEAR,20260811,108.99,108.99,104.2,105.03,26908
BHARATRAS,20260811,1370.3,1396.0,1365.0,1383.9,10221
BHARATSE,20260811,239.32,249.48,228.45,231.58,379621
BHARATWIRE,20260811,193.7,197.0,190.1,190.59,164423
BHARTIARTL,20260811,1934.8,1938.3,1914.4,1915.2,6798617
BHARTIHEXA,20260811,1510.5,1524.2,1494.5,1515.0,90068
BHEL,20260811,409.9,413.4,401.65,403.0,5246729
BI,20260811,62.5,68.5,61.0,64.92,30816
BIGBLOC,20260811,47.0,47.19,46.26,46.55,32207
BIKAJI,20260811,626.7,626.7,610.6,619.85,117528
BIL,20260811,840.0,844.95,817.4,833.1,3250
BILVYAPAR,20260811,4.46,4.46,4.04,4.06,5730
BIMETAL,20260811,645.05,656.25,624.0,648.9,851
BIOCON,20260811,424.1,426.0,420.3,426.0,1959909
BIOFILCHEM,20260811,32.64,34.0,32.2,32.64,9737
BIRLACABLE,20260811,279.0,280.26,270.1,280.26,220900
BIRLACORPN,20260811,898.05,904.8,887.7,898.2,72102
BIRLAMONEY,20260811,133.71,133.91,131.96,133.07,18526
BIRLANU,20260811,1603.8,1724.0,1586.4,1684.8,92173
BIRLAPREC,20260811,34.5,36.9,34.41,35.75,55940
BLACKBUCK,20260811,576.0,578.8,564.8,571.5,194305
BLACKROSE,20260811,110.99,113.7,110.0,110.01,7760
BLAL,20260811,171.91,173.79,171.65,171.76,9001
BLBLIMITED,20260811,16.6,16.6,16.01,16.06,40101
BLIL,20260811,70.98,71.4,70.75,70.88,47050
BLISSGVS,20260811,473.3,501.9,470.6,494.05,368326
BLKASHYAP,20260811,55.0,55.94,53.69,53.99,229120
BLS,20260811,261.0,266.98,258.03,260.86,2717857
BLSE,20260811,315.9,319.0,311.6,317.65,275655
BLUECHIP,20260811,1.72,1.72,1.72,1.72,22587
BLUECOAST,20260811,27.0,27.0,25.1,25.1,5599
BLUEDART,20260811,5210.0,5210.0,5081.0,5092.5,9794
BLUEJET,20260811,590.0,596.65,586.25,590.7,451052
BLUESTARCO,20260811,1516.3,1541.2,1487.0,1497.9,756778
BLUESTONE,20260811,836.95,856.9,829.55,837.85,2639399
BLUSPRING,20260811,114.78,119.0,112.65,117.85,348322
BMWVENTLTD,20260811,59.22,60.29,58.21,58.84,97997
BNAGROCHEM,20260811,265.05,273.9,251.8,255.25,401632
BNALTD,20260811,408.2,409.0,399.0,399.0,16
BNKETFAXIS,20260811,594.7,594.7,591.41,593.19,260
BODALCHEM,20260811,68.86,70.6,67.2,69.25,119116
BOHRAIND,20260811,15.5,16.45,15.04,15.84,21166
BOMDYEING,20260811,117.1,119.16,115.97,116.11,700124
BONLON,20260811,42.0,42.99,39.02,40.6,3304
BORANA,20260811,345.1,348.95,320.0,328.1,59958
BOROLTD,20260811,241.1,246.5,238.0,244.65,50537
BORORENEW,20260811,548.0,568.7,548.0,562.5,562733
BOROSCI,20260811,138.5,138.64,135.5,135.85,48104
BOSCH-HCIL,20260811,1709.1,1718.4,1651.3,1696.8,65711
BOSCHLTD,20260811,44105.0,45750.0,44000.0,45185.0,150509
BPCL,20260811,316.95,318.95,314.9,317.8,2733485
BPL,20260811,53.9,54.0,53.45,53.77,27683
BRIGADE,20260811,611.05,619.45,601.35,605.1,551988
BRIGHOTEL,20260811,60.0,60.86,59.6,59.8,45392
BRITANNIA,20260811,5650.0,5652.0,5598.0,5598.0,332689
BRNL,20260811,17.67,17.99,17.32,17.48,31853
BROOKS,20260811,61.89,61.89,59.0,59.51,10923
BSE,20260811,3620.0,3628.0,3534.6,3605.0,5475430
BSE500IETF,20260811,40.14,40.54,39.91,40.04,67144
BSHSL,20260811,89.98,89.98,85.77,88.34,10471
BSL,20260811,125.24,125.34,122.3,122.76,3322
BSLGOLDETF,20260811,135.81,135.81,132.96,133.55,2328590
BSLNIFTY,20260811,28.17,29.62,28.17,28.75,622239
BSLSENETFG,20260811,79.87,79.87,78.74,79.3,4984
BSOFT,20260811,320.9,330.0,319.0,320.3,2644985
BTML,20260811,7.9,9.15,7.8,8.55,9501050
BTTL,20260811,42.41,45.04,41.62,44.2,20921
BUILDPRO,20260811,1272.1,1293.7,1241.1,1270.0,50941
BURNPUR,20260811,20.2,21.39,20.0,21.35,234401
BUTTERFLY,20260811,683.45,683.45,668.0,669.85,16787
BVCL,20260811,41.72,41.99,40.5,41.41,12122
BYKE,20260811,32.83,33.49,32.2,32.95,39776
CALSOFT,20260811,21.21,21.74,21.06,21.26,47690
CAMLINFINE,20260811,125.48,128.89,124.83,125.5,555185
CAMPUS,20260811,223.5,223.51,217.59,218.82,581797
CAMS,20260811,787.0,796.5,784.05,788.0,681139
CANBK,20260811,129.0,130.48,127.86,130.3,11765490
CANFINHOME,20260811,827.0,829.0,813.0,825.9,149920
CANHLIFE,20260811,149.39,151.4,148.71,149.35,1086576
CANTABIL,20260811,233.21,233.61,225.17,227.6,70554
CAPACITE,20260811,210.07,213.72,208.82,211.12,197317
CAPILLARY,20260811,520.0,533.3,509.95,522.95,910956
CAPITALSFB,20260811,291.3,297.0,288.55,295.2,19501
CAPLIPOINT,20260811,2629.7,2659.9,2604.6,2629.6,93909
CAPTRUST,20260811,20.28,21.24,19.35,20.03,73040
CARBORUNIV,20260811,1145.0,1185.0,1103.9,1173.8,356443
CARERATING,20260811,1732.0,1732.0,1676.2,1688.6,47706
CARRARO,20260811,497.0,513.65,492.25,508.95,138957
CARTRADE,20260811,2764.0,2818.7,2755.0,2763.6,178293
CARYSIL,20260811,1258.0,1266.3,1180.5,1196.3,265861
CASHIETF,20260811,1074.74,1074.76,1074.74,1074.75,162838
CASTROLIND,20260811,187.49,188.0,186.11,186.82,3384947
CCAVENUE,20260811,17.52,17.71,16.25,16.42,20188410
CCCL,20260811,15.6,16.5,15.2,15.56,401080
CCHHL,20260811,12.57,12.84,12.29,12.46,14268
CCL,20260811,1123.0,1149.9,1116.2,1123.6,231813
CDSL,20260811,1332.5,1349.9,1326.1,1347.0,970597
CEATLTD,20260811,3800.0,3824.8,3726.1,3750.2,104166
CEIGALL,20260811,314.95,329.7,313.6,325.75,431443
CEINSYS,20260811,845.0,870.05,775.4,796.05,246621
CELEBRITY,20260811,6.81,7.05,6.81,6.91,13433
CELLO,20260811,361.95,382.4,359.15,378.6,1402152
CEMNTGROWW,20260811,15.69,15.69,15.24,15.27,148267
CEMPRO,20260811,1275.0,1294.0,1235.3,1274.6,515968
CENTENKA,20260811,610.45,618.4,601.1,604.1,64674
CENTEXT,20260811,22.75,22.89,21.15,22.03,750365
CENTRALBK,20260811,31.12,31.27,30.87,31.19,4663038
CENTRUM,20260811,26.99,27.4,26.01,26.89,975208
CENTUM,20260811,3850.0,3897.7,3791.0,3821.2,23797
CENTURYPLY,20260811,775.0,784.85,771.55,776.4,31115
CERA,20260811,6099.0,6100.0,5934.0,5984.5,6089
CEREBRAINT,20260811,2.74,2.89,2.74,2.74,51834
CESC,20260811,166.31,166.31,160.4,161.01,1652565
CEWATER,20260811,275.6,280.0,273.3,275.2,42365
CGCL,20260811,233.99,236.79,231.4,235.46,2491050
CGPOWER,20260811,875.0,881.0,865.9,881.0,1064285
CHALET,20260811,844.6,848.0,815.0,821.2,154118
CHAMBLFERT,20260811,446.45,450.8,442.9,444.35,289902
CHEMBOND,20260811,180.0,180.0,170.13,178.32,7528
CHEMBONDCH,20260811,258.9,261.75,251.1,261.75,30864
CHEMCON,20260811,189.6,193.0,188.01,189.55,10880
CHEMFAB,20260811,378.0,380.0,372.0,376.25,5334
CHEMICAL,20260811,30.75,30.99,30.51,30.67,407338
CHEMPLASTS,20260811,178.7,180.74,170.02,171.68,429930
CHENNPETRO,20260811,1249.0,1449.0,1237.0,1426.1,17236108
CHEVIOT,20260811,1183.0,1183.0,1155.0,1168.5,2336
CHOICEGOLD,20260811,149.72,152.0,149.72,150.38,6869
CHOICEIN,20260811,850.05,854.3,820.0,822.4,820404
CHOLAFIN,20260811,1909.9,1926.0,1892.9,1914.4,1453808
CHOLAHLDNG,20260811,1622.1,1625.4,1600.1,1610.6,113826
CIEINDIA,20260811,411.45,419.7,407.55,413.0,3533773
CIFL,20260811,22.77,22.77,21.96,22.12,111742
CINELINE,20260811,90.21,90.93,88.01,88.03,15520
CINEVISTA,20260811,15.13,15.3,14.75,15.1,14722
CIPLA,20260811,1466.1,1469.8,1457.2,1463.0,958909
CLCIND,20260811,50.93,51.93,50.93,51.89,677
CLEAN,20260811,803.55,816.6,798.0,810.0,575716
CLEANMAX,20260811,1302.6,1319.0,1261.3,1272.2,124802
CLEDUCATE,20260811,55.98,59.0,55.05,58.18,47480
CLSEL,20260811,274.55,279.0,274.55,277.25,24540
CMLL,20260811,572.25,585.3,560.05,576.8,793973
CMPDI,20260811,247.8,253.98,247.0,250.09,2026403
CMRGREEN,20260811,218.87,221.8,212.9,219.09,1477599
CMSINFO,20260811,279.35,279.35,265.0,266.1,852791
CNL,20260811,1078.2,1123.0,1078.2,1115.6,38480
COALINDIA,20260811,411.0,413.45,409.25,412.6,10739893
COASTCORP,20260811,42.35,43.83,42.18,42.32,90420
COCHINSHIP,20260811,1502.0,1510.7,1487.3,1496.0,462009
COCKERILL,20260811,9570.0,9794.0,9490.5,9661.5,4639
COFFEEDAY,20260811,30.75,31.45,30.0,30.46,719989
COFORGE,20260811,1820.0,1836.0,1809.8,1819.0,1694152
COHANCE,20260811,447.0,474.7,445.55,463.95,2268116
COLPAL,20260811,2018.0,2019.0,1999.0,2008.0,272703
COMFINTE,20260811,6.47,6.78,6.36,6.41,648048
COMMOIETF,20260811,102.08,102.56,100.82,101.25,519309
COMPINFO,20260811,1.11,1.15,1.05,1.07,21628
COMPUSOFT,20260811,13.14,13.47,13.09,13.11,18560
COMSYN,20260811,269.9,282.77,260.11,267.55,2417982
CONCOR,20260811,501.9,512.0,498.75,512.0,1100404
CONCORDBIO,20260811,1424.6,1471.9,1421.1,1428.9,274179
CONFIPET,20260811,83.15,86.0,75.18,78.42,15164879
CONS,20260811,12.53,12.7,12.51,12.55,16693
CONSOFINVT,20260811,280.0,289.7,272.0,274.7,8203
CONSUMAXIS,20260811,125.86,125.86,125.05,125.3,2142
CONSUMBEES,20260811,136.78,136.78,135.2,135.4,87846
CONSUMER,20260811,12.46,12.46,12.23,12.24,122089
CONSUMIETF,20260811,127.4,127.4,125.4,125.92,17328
CONTROLPR,20260811,583.0,583.0,568.0,569.7,13604
CORALFINAC,20260811,34.0,34.0,33.01,33.34,17570
CORDELIA,20260811,845.0,877.45,810.0,833.75,359200
CORDSCABLE,20260811,224.4,230.0,218.0,226.83,23511
COROMANDEL,20260811,2090.0,2099.0,2074.5,2085.2,32780
CORONA,20260811,2098.0,2161.0,2071.3,2101.7,87592
COSMOFIRST,20260811,939.0,947.3,923.05,930.3,130167
COUNCODOS,20260811,6.13,6.23,5.82,6.04,33481
CPCAP,20260811,117.7,120.9,116.0,116.12,14780
CPEDU,20260811,210.21,215.0,210.01,212.86,6310
CPL,20260811,69.9,74.0,69.85,70.0,42371
CPPLUS,20260811,3764.8,3915.0,3762.0,3805.5,342856
CPSEETF,20260811,96.14,96.14,93.28,93.84,1138622
CRAFTSMAN,20260811,10282.5,10404.0,10211.0,10294.0,10648
CRAMC,20260811,261.45,264.0,256.05,256.65,188099
CREATIVEYE,20260811,6.13,6.28,6.08,6.26,2426
CREDITACC,20260811,1530.0,1554.9,1523.3,1540.3,219135
CREST,20260811,370.0,373.8,353.35,368.65,6588
CRISIL,20260811,4650.0,4650.0,4470.0,4480.8,46066
CRIZAC,20260811,187.0,187.0,184.02,185.33,137835
CROMPTON,20260811,248.7,249.0,244.4,245.4,1599469
CROWN,20260811,110.0,110.85,106.21,107.6,13074
CSBBANK,20260811,325.55,326.95,318.8,324.55,256584
CSLFINANCE,20260811,219.9,226.39,218.66,224.21,48409
CSM,20260811,105.24,105.5,101.55,102.72,274370
CTE,20260811,38.8,38.8,37.12,37.67,5236
CUB,20260811,215.34,215.67,210.1,213.69,2247321
CUBEXTUB,20260811,80.05,81.59,79.5,79.79,30031
CUMMINSIND,20260811,5418.0,5447.0,5356.0,5378.5,370560
CUPID,20260811,265.02,277.0,264.7,276.65,37869272
CURAA,20260811,75.1,75.1,73.5,73.55,56
CYBERMEDIA,20260811,16.49,16.49,16.0,16.34,5613
CYBERTECH,20260811,136.75,136.75,135.01,136.39,7205
CYIENT,20260811,855.0,863.6,849.0,853.4,269359
CYIENTDLM,20260811,695.0,716.0,693.0,709.0,708485
DABUR,20260811,414.0,414.0,411.05,412.65,1132096
DAICHI,20260811,304.0,323.95,304.0,319.9,1742
DALBHARAT,20260811,1851.4,1851.4,1817.1,1835.6,74191
DALMIASUG,20260811,418.95,427.8,404.65,408.3,252739
DAMCAPITAL,20260811,151.01,154.85,151.01,152.38,249625
DAMODARIND,20260811,28.25,28.98,27.69,28.45,8836
DANGEE,20260811,2.95,3.14,2.95,2.98,74496
DATAMATICS,20260811,856.3,870.0,854.0,862.7,54643
DATAPATTNS,20260811,4433.7,4515.0,4372.0,4391.6,313404
DAVANGERE,20260811,3.09,3.11,3.07,3.09,2219106
DBCORP,20260811,211.28,212.5,208.29,211.86,111480
DBEIL,20260811,7.35,7.35,7.12,7.18,68910
DBL,20260811,424.0,438.6,418.0,422.2,660366
DBOL,20260811,116.78,117.99,114.2,114.64,83355
DBREALTY,20260811,116.0,117.0,113.5,114.17,427017
DBSTOCKBRO,20260811,33.0,34.4,32.7,33.24,3837
DCAL,20260811,189.81,193.95,188.95,193.43,222447
DCBBANK,20260811,187.99,188.8,182.08,185.02,1791504
DCI,20260811,359.5,365.15,351.7,353.0,52502
DCM,20260811,82.0,84.8,81.02,83.75,3262
DCMFINSERV,20260811,5.75,5.75,5.11,5.13,18600
DCMNVL,20260811,172.99,172.99,172.99,172.99,5311
DCMSHRIRAM,20260811,1011.0,1018.0,999.0,1007.0,62848
DCMSIL,20260811,81.5,83.0,80.12,82.06,35063
DCMSRIND,20260811,44.54,44.6,43.0,43.17,46761
DCW,20260811,46.92,47.78,46.34,46.62,926311
DCXINDIA,20260811,179.05,180.0,177.51,178.02,224824
DDEVPLSTIK,20260811,305.5,308.5,286.2,290.3,864665
DECCANCE,20260811,571.05,571.05,556.0,558.5,6334
DECNGOLD,20260811,214.58,225.0,214.57,221.31,3134040
DEEDEV,20260811,619.0,639.85,608.4,623.2,131732
DEEPAKFERT,20260811,1538.0,1542.1,1490.0,1498.0,207212
DEEPAKNTR,20260811,1779.1,1805.0,1772.6,1784.8,370508
DEEPINDS,20260811,651.0,680.0,646.0,670.05,803835
DEFENCE,20260811,81.06,81.3,80.21,80.69,150081
DELHIVERY,20260811,478.1,486.75,470.05,473.45,3139145
DELPHIFX,20260811,6.93,6.93,6.46,6.7,45076
DELTACORP,20260811,63.82,64.56,61.2,63.27,1185266
DELTAMAGNT,20260811,60.0,60.0,58.1,59.83,3004
DEN,20260811,27.26,27.38,26.97,27.21,283562
DENORA,20260811,861.1,890.0,861.1,874.55,3589
DENTA,20260811,344.45,344.95,331.0,332.55,109985
DEVIT,20260811,26.99,28.49,26.51,27.09,37361
DEVX,20260811,33.85,36.25,33.85,35.76,400431
DEVYANI,20260811,133.56,144.7,132.76,142.79,24729302
DGCONTENT,20260811,26.15,26.15,25.02,25.53,26111
DHAMPURSUG,20260811,161.0,163.0,157.0,158.0,602063
DHANBANK,20260811,33.22,33.22,32.6,32.73,352934
DHANUKA,20260811,1015.5,1053.6,995.0,1040.4,82139
DHARAN,20260811,0.15,0.16,0.14,0.15,10490031
DHARMAJ,20260811,285.0,285.0,275.5,280.0,181101
DHRUV,20260811,24.69,25.35,23.7,24.18,2121
DHUNINV,20260811,976.0,991.0,952.0,964.7,1814
DIACABS,20260811,355.25,364.0,349.8,362.0,1119222
DIAMINESQ,20260811,247.5,252.99,239.65,243.39,7761
DIAMONDYD,20260811,1206.4,1245.0,1175.1,1207.5,86787
DICIND,20260811,528.0,528.0,506.15,511.0,400
DIFFNKG,20260811,397.9,412.95,370.0,372.85,793101
DIGIDRIVE,20260811,17.78,18.45,17.3,17.79,52847
DIGISPICE,20260811,17.79,17.99,17.11,17.33,51188
DIGITIDE,20260811,104.86,105.43,101.41,102.37,218084
DIGJAMLMTD,20260811,48.6,49.5,48.0,48.88,10544
DISAQ,20260811,11880.0,12100.0,11829.0,12023.0,222
DISHTV,20260811,2.84,2.85,2.8,2.81,654427
DIVGIITTS,20260811,1069.65,1082.25,1056.6,1076.4,157980
DIVIDEND,20260811,36.4,36.47,36.19,36.23,6406
DIVISLAB,20260811,8315.0,8578.5,8285.5,8578.5,603820
DIVOPPBEES,20260811,79.42,80.13,79.2,79.56,49059
DIXON,20260811,14115.0,14198.0,14011.0,14023.0,140977
DJML,20260811,110.95,111.08,107.25,108.51,78369
DLF,20260811,658.0,662.0,648.2,650.1,2776692
DLINKINDIA,20260811,435.0,438.3,429.9,432.45,83506
DMART,20260811,4054.0,4085.0,4003.2,4054.9,413763
DMCC,20260811,317.4,326.0,296.75,302.15,566270
DNAMEDIA,20260811,2.71,2.79,2.7,2.78,14513
DODLA,20260811,1056.0,1056.0,1040.0,1043.8,13746
DOLATALGO,20260811,71.5,71.95,69.5,70.18,67880
DOLLAR,20260811,276.0,297.85,273.4,288.65,596668
DOLPHIN,20260811,422.1,446.45,422.0,440.55,64917
DOMS,20260811,2250.1,2260.0,2223.3,2231.8,44725
DONEAR,20260811,83.92,84.84,83.35,83.62,4314
DPABHUSHAN,20260811,1474.3,1485.2,1455.4,1466.9,11849
DPSCLTD,20260811,7.36,7.6,7.22,7.55,117009
DPWIRES,20260811,165.05,168.89,164.0,166.92,4954
DRAGARWQ,20260811,5386.5,5400.0,5275.0,5314.5,921
DRCSYSTEMS,20260811,13.08,13.08,12.58,12.76,111501
DREAMFOLKS,20260811,70.0,71.26,67.1,69.1,58799
DREDGECORP,20260811,1057.3,1069.4,1050.1,1059.2,39779
DRREDDY,20260811,1159.1,1206.6,1155.1,1205.0,3936813
DSFCL,20260811,25.5,25.5,25.5,25.5,10270
DSKULKARNI,20260811,12.07,12.07,12.07,12.07,304
DSSL,20260811,1263.0,1269.4,1235.0,1239.8,13588
DTIL,20260811,136.75,139.7,134.0,138.44,9535
DUCON,20260811,3.44,3.44,3.2,3.22,294942
DVL,20260811,280.0,295.0,279.41,287.81,91502
DWARKESH,20260811,42.13,42.5,41.51,41.68,902740
DYCL,20260811,425.0,448.6,418.8,441.2,860070
DYNAMATECH,20260811,11130.0,11237.0,10405.0,10600.0,54362
DYNPRO,20260811,264.65,268.95,256.35,260.1,10547
E2E,20260811,580.0,631.6,580.0,627.4,863149
EASEMYTRIP,20260811,6.54,6.6,6.52,6.58,8117722
EASTSILK,20260811,69.45,69.45,66.36,69.45,12994
EBANK10,20260811,16.94,16.94,16.7,16.8,2178
EBANKNIFTY,20260811,58.01,58.09,57.67,58.0,305
EBBETF0430,20260811,1619.0,1619.0,1608.09,1614.73,6215
EBBETF0431,20260811,1441.32,1443.0,1438.96,1441.12,8004
EBBETF0433,20260811,1319.38,1321.75,1317.2,1321.09,4865
EBGNG,20260811,558.35,578.2,552.25,572.55,777784
ECAPINSURE,20260811,23.62,23.69,23.49,23.66,54349
ECLERX,20260811,1765.0,1830.0,1733.0,1795.6,240474
ECOSMOBLTY,20260811,130.0,134.0,129.56,132.37,13123
EDELWEISS,20260811,118.0,120.89,117.62,119.08,2733960
EFCIL,20260811,183.59,183.79,177.0,177.84,158201
EGOLD,20260811,154.55,154.55,150.95,151.75,43759
EICHERMOT,20260811,7955.0,8110.0,7955.0,8000.0,600951
EIDPARRY,20260811,801.05,807.9,783.0,788.5,1342514
EIEL,20260811,218.95,219.39,205.5,213.97,865668
EIFFL,20260811,289.0,296.85,288.45,296.85,13363
EIHAHOTELS,20260811,295.0,298.1,291.35,295.0,13836
EIHOTEL,20260811,303.15,303.8,299.5,302.35,184703
EIMCOELECO,20260811,1802.0,1810.2,1766.0,1806.4,9413
EKC,20260811,114.55,116.27,113.1,113.62,229547
ELANTAS,20260811,11746.0,12170.0,11490.0,11657.5,2553
ELCIDIN,20260811,109515.0,112300.0,109105.0,112150.0,19
ELDEHSG,20260811,797.7,797.7,740.7,764.5,1477
ELECON,20260811,437.75,440.25,433.9,436.4,172186
ELECTCAST,20260811,74.51,77.1,73.2,73.56,1656702
ELECTHERM,20260811,1013.6,1050.0,1009.1,1018.5,20881
ELGIEQUIP,20260811,585.4,585.4,569.45,573.85,177046
ELGIRUBCO,20260811,62.0,62.0,60.0,60.19,49525
ELIN,20260811,96.44,96.9,94.0,94.25,128871
ELIQUID,20260811,1043.12,1043.14,1043.12,1043.14,36264
ELITECON,20260811,17.28,17.99,17.0,17.44,1097590
ELLEN,20260811,299.95,300.0,289.05,294.4,558076
ELM250,20260811,16.88,17.11,16.8,17.05,49455
ELMDIV,20260811,37.59,37.59,36.77,36.89,10373
ELPROINTL,20260811,170.01,175.96,170.01,174.84,28030
EMAMILTD,20260811,408.6,409.2,401.05,402.3,329648
EMAMIPAP,20260811,110.5,114.0,110.01,112.35,24437
EMAMIREAL,20260811,73.2,75.87,73.2,75.87,13901
EMBDL,20260811,68.8,69.6,64.12,64.72,8778994
EMCURE,20260811,1995.2,2024.9,1985.0,1998.7,97589
EMETAL,20260811,13.29,13.29,13.1,13.11,6419
EMIL,20260811,180.9,188.84,178.1,184.75,44142568
EMKAY,20260811,240.0,242.3,235.48,238.99,26000
EMMBI,20260811,85.0,87.0,83.55,84.09,3531
EMMVEE,20260811,325.7,325.7,317.6,318.4,1382856
EMPOWER,20260811,2.2,2.2,2.2,2.2,956711
EMSLIMITED,20260811,399.7,399.7,390.5,393.9,117877
EMUDHRA,20260811,531.15,537.6,522.8,525.75,78365
EMULTIMQ,20260811,42.26,42.26,41.71,41.95,45757
ENDURANCE,20260811,2969.0,3022.0,2950.2,2987.8,216591
ENERGY,20260811,38.95,39.28,38.79,38.88,640342
ENERGYDEV,20260811,16.31,16.88,16.0,16.0,32388
ENEXT50,20260811,73.95,74.2,73.95,74.2,452
ENGINERSIN,20260811,248.0,249.8,242.35,242.99,1930528
ENIFTY,20260811,25.42,25.42,24.6,24.6,8597
ENIL,20260811,103.0,104.67,100.5,101.59,57698
ENRIN,20260811,3576.0,3614.0,3532.6,3563.8,260159
ENTERO,20260811,1363.9,1439.0,1328.3,1427.2,613774
EPACK,20260811,231.74,234.1,222.0,227.27,415756
EPACKPEB,20260811,254.4,260.85,245.05,247.15,843455
EPIGRAL,20260811,1126.6,1133.0,1103.4,1106.9,35814
EPL,20260811,231.9,237.0,228.21,235.78,482668
EQUAL200,20260811,14.23,14.23,14.03,14.07,106975
EQUAL50,20260811,340.39,340.52,339.1,339.49,5800
EQUAL50ADD,20260811,351.17,351.91,349.96,351.05,19972
EQUIPPP,20260811,22.0,22.6,21.24,21.24,24316
EQUITASBNK,20260811,75.5,75.98,74.6,74.78,1308205
ERIS,20260811,1393.0,1410.0,1379.0,1390.3,340882
ESABINDIA,20260811,5746.0,5918.0,5660.0,5820.5,7909
ESAFSFB,20260811,39.84,39.85,37.86,38.49,1464656
ESCORTS,20260811,3082.1,3138.0,3071.4,3107.0,131606
ESENSEX,20260811,78.96,78.96,78.47,78.96,91
ESG,20260811,43.44,43.44,42.12,42.23,12246
ESILVER,20260811,231.62,234.91,230.51,231.75,31953
ESSARSHPNG,20260811,19.81,20.3,19.56,19.71,120944
ESSENTIA,20260811,1.34,1.35,1.34,1.34,11132045
ESTER,20260811,100.5,107.9,98.0,104.5,1789401
ETERNAL,20260811,310.5,318.5,306.2,318.0,20749569
ETHOSLTD,20260811,2840.0,2889.0,2810.0,2829.3,24836
EUREKAFORB,20260811,447.0,454.95,445.85,452.2,94051
EUROBOND,20260811,163.62,166.0,160.0,161.22,15882
EUROPRATIK,20260811,313.05,313.05,294.55,303.0,452248
EUROTEXIND,20260811,13.64,13.65,13.64,13.65,15
EVEREADY,20260811,352.0,360.8,351.0,357.35,121454
EVERESTIND,20260811,490.0,490.0,465.0,470.9,8428
EVIETF,20260811,34.34,34.36,34.1,34.19,295774
EVINDIA,20260811,34.58,35.01,34.11,34.19,386839
EXCELINDUS,20260811,1017.45,1040.0,1011.0,1034.4,5262
EXCELSOFT,20260811,77.69,78.4,75.5,75.81,542567
EXICOM,20260811,153.22,155.0,143.15,143.95,1821559
EXIDEIND,20260811,483.05,496.4,478.8,483.35,4288232
EXPLEOSOL,20260811,832.0,841.0,817.0,821.1,30948
EXXARO,20260811,6.3,6.3,6.12,6.14,158660
FABTECH,20260811,146.64,148.61,146.25,147.64,36658
FACT,20260811,831.1,837.0,826.5,828.4,31198
FAIRCHEMOR,20260811,749.95,749.95,745.2,745.2,2566
FAZE3Q,20260811,570.0,615.0,561.0,603.35,157072
FCL,20260811,43.35,43.7,42.11,42.99,9099303
FCSSOFT,20260811,1.47,1.48,1.44,1.44,2173677
FDC,20260811,361.75,363.5,354.1,360.9,272970
FEDDERSHOL,20260811,42.5,43.1,41.2,41.86,254370
FEDERALBNK,20260811,357.2,357.2,352.2,354.55,4843398
FEDFINA,20260811,150.0,156.75,148.2,154.63,2448688
FEL,20260811,0.39,0.39,0.37,0.38,352786
FELDVR,20260811,2.48,2.48,2.28,2.45,296
FERMENTA,20260811,553.05,554.75,442.2,483.85,1226414
FIBERWEB,20260811,29.88,30.5,28.75,29.73,19082
FIEMIND,20260811,2538.2,2611.5,2535.0,2592.2,95849
FILATEX,20260811,84.53,85.69,82.0,83.12,4509636
FILATFASH,20260811,0.19,0.19,0.18,0.18,16685063
FINCABLES,20260811,1070.0,1224.5,1052.65,1207.85,8840419
FINEORG,20260811,5027.0,5240.8,5021.0,5120.7,232633
FINIETF,20260811,34.3,34.3,33.29,33.51,220545
FINKURVE,20260811,59.85,61.67,59.0,60.02,47654
FINOPB,20260811,158.73,164.25,155.06,162.47,658071
FINPIPE,20260811,161.7,163.32,161.11,162.66,350230
FIRSTCRY,20260811,212.5,216.13,212.21,214.08,394631
FISCHER,20260811,39.15,39.51,38.26,38.47,287685
FIVESTAR,20260811,546.55,558.8,544.55,546.25,146592
FLAIR,20260811,251.3,255.2,247.5,248.3,205375
FLEXIADD,20260811,10.35,10.4,10.33,10.36,88883
FLEXITUFF,20260811,3.51,3.51,3.34,3.34,255374
FLFL,20260811,1.19,1.24,1.18,1.2,59069
FLUOROCHEM,20260811,4518.0,4522.0,4401.8,4416.2,73911
FMCGADD,20260811,49.44,49.6,49.1,49.12,9704
FMCGIETF,20260811,54.49,54.49,52.51,52.56,1053546
FMGOETZE,20260811,491.25,495.95,481.6,487.4,51444
FMNL,20260811,8.93,9.55,8.93,9.39,33708
FOCUS,20260811,69.0,70.5,66.21,67.69,59630
FOODSIN,20260811,53.5,54.66,51.76,53.07,49704
FORCEMOT,20260811,18349.0,18456.0,18222.0,18330.0,41651
FORTIS,20260811,945.0,948.55,923.6,935.2,1666135
FOSECOIND,20260811,5595.0,5671.0,5380.5,5500.5,5847
FRACTAL,20260811,815.0,842.65,815.0,828.3,368782
FRONTSP,20260811,1423.0,1515.0,1395.1,1481.7,91585
FSL,20260811,281.0,284.3,275.9,279.6,2249644
FUSION,20260811,210.35,223.4,210.1,212.11,4377435
GABRIEL,20260811,1470.0,1509.0,1465.1,1501.4,280027
GAEL,20260811,171.35,173.78,167.91,168.87,969399
GAIL,20260811,172.0,175.34,171.11,175.34,15482707
GALAPREC,20260811,985.8,1034.0,983.1,1006.4,51906
GALAXYSURF,20260811,2094.4,2094.4,2028.1,2043.1,9195
GALLANTT,20260811,605.5,607.5,586.05,593.5,85957
GANDHAR,20260811,237.7,245.8,237.0,243.41,1899221
GANDHITUBE,20260811,884.9,953.85,884.9,931.3,58650
GANECOS,20260811,1035.0,1058.0,1022.0,1049.1,108598
GANESHBE,20260811,120.89,121.9,115.0,116.74,91907
GANESHCP,20260811,161.5,163.99,160.39,161.7,68827
GANESHHOU,20260811,769.0,773.2,760.0,763.95,11279
GANGAFORGE,20260811,2.3,2.31,2.3,2.3,15372827
GANGESSECU,20260811,116.5,120.5,115.82,118.06,2435
GARFIBRES,20260811,797.0,799.0,780.05,786.4,38619
GARUDA,20260811,192.01,198.95,189.6,190.67,1881465
GATECH,20260811,0.71,0.71,0.7,0.7,12975021
GATECHDVR,20260811,0.51,0.53,0.5,0.51,579588
GATEWAY,20260811,57.2,57.41,56.01,56.3,1449521
GAUDIUMIVF,20260811,125.79,125.79,125.79,125.79,43804
GAYAHWS,20260811,1.99,2.06,1.91,1.96,93010
GAYAPROJ,20260811,19.81,20.15,19.1,19.5,161767
GCSL,20260811,518.65,521.8,456.55,465.8,824422
GEECEE,20260811,374.0,388.0,364.05,385.1,9468
GEEKAYWIRE,20260811,22.87,23.25,22.53,22.59,98915
GEMAROMA,20260811,181.3,184.5,178.2,181.45,78413
GENCON,20260811,39.63,39.99,39.06,39.51,269244
GENESYS,20260811,221.0,223.7,213.0,214.45,160769
GENSOL,20260811,17.21,17.55,16.73,16.9,68032
GENUSPAPER,20260811,12.65,13.1,12.08,12.2,205329
GENUSPOWER,20260811,305.1,307.0,301.5,305.55,991698
GEOJITFSL,20260811,77.74,78.48,76.36,76.78,146265
GESHIP,20260811,1330.0,1330.0,1285.7,1292.6,1161969
GFLLIMITED,20260811,49.0,49.12,47.0,47.27,58873
GHCL,20260811,435.5,435.55,429.8,432.25,114541
GHCLTEXTIL,20260811,120.86,120.86,117.25,119.27,475810
GICHSGFIN,20260811,154.2,154.2,149.81,150.42,76858
GICL,20260811,20.88,21.77,20.88,21.7,485087
GICRE,20260811,353.05,356.5,352.1,355.7,300455
GILLANDERS,20260811,92.45,93.7,91.52,91.6,2047
GILLETTE,20260811,7651.5,7689.0,7600.0,7641.5,11533
GILT10BETA,20260811,26.96,27.01,26.49,27.01,507
GILT5BETA,20260811,67.23,67.23,66.49,67.04,462
GILT5YBEES,20260811,66.55,66.55,66.22,66.37,182190
GINNIFILA,20260811,45.79,45.95,44.51,45.1,26813
GIPCL,20260811,165.5,167.19,163.5,164.64,421246
GKENERGY,20260811,134.0,134.0,130.0,130.73,459501
GKSL,20260811,133.0,134.94,133.0,133.8,96922
GKWLIMITED,20260811,1651.5,1659.9,1640.0,1655.3,1205
GLAND,20260811,2845.5,2988.4,2808.0,2924.4,8760097
GLAXO,20260811,2617.0,2617.0,2577.0,2601.9,34056
GLENMARK,20260811,2265.2,2291.0,2245.0,2276.0,284670
GLFL,20260811,5.5,5.72,5.5,5.62,2261
GLOBAL,20260811,100.05,102.18,99.5,100.12,53086
GLOBALE,20260811,10.4,10.8,10.35,10.44,3459
GLOBALVECT,20260811,161.8,163.7,160.0,162.8,9404
GLOBE,20260811,2.0,2.09,2.0,2.04,617397
GLOBECIVIL,20260811,43.99,45.75,42.6,44.35,203001
GLOBUSSPR,20260811,894.05,894.05,860.1,870.1,225487
GLOSTERLTD,20260811,676.95,676.95,648.65,652.7,2255
GLOTTIS,20260811,67.1,68.5,67.0,67.0,42010
GMBREW,20260811,900.0,906.1,894.55,900.0,13771
GMDCLTD,20260811,603.15,609.15,599.35,603.0,1132164
GMMPFAUDLR,20260811,985.0,1015.5,984.2,1003.8,169338
GMRAIRPORT,20260811,106.3,106.47,104.61,105.11,10991427
GMRP&UI,20260811,96.48,97.09,95.5,95.82,367162
GNA,20260811,543.0,556.0,535.0,537.35,920755
GNFC,20260811,544.45,550.8,540.75,548.4,347424
GNRL,20260811,104.77,110.6,103.81,110.09,439566
GOACARBON,20260811,380.85,380.85,371.0,373.7,8359
GOCLCORP,20260811,426.0,434.4,420.4,429.55,72155
GOCOLORS,20260811,328.0,329.25,321.45,323.0,112040
GODAVARIB,20260811,241.9,279.65,239.75,273.6,9219974
GODFRYPHLP,20260811,2262.0,2272.9,2212.0,2224.9,327551
GODIGIT,20260811,268.4,268.4,262.0,265.2,407842
GODREJAGRO,20260811,556.85,557.0,545.0,546.4,80659
GODREJCP,20260811,1032.0,1034.1,1017.0,1025.0,920192
GODREJIND,20260811,1308.9,1310.1,1280.3,1289.8,42363
GODREJPROP,20260811,2108.0,2108.0,2030.1,2037.9,568576
GOKEX,20260811,798.05,802.9,776.5,788.95,314192
GOKUL,20260811,39.22,40.5,39.22,40.1,147421
GOKULAGRO,20260811,229.15,229.15,225.6,226.03,143555
GOLD1,20260811,129.05,129.05,126.1,126.85,2633700
GOLD360,20260811,147.7,149.95,147.7,148.8,23437
GOLDADD,20260811,148.42,148.95,146.83,147.61,2022013
GOLDAXIS,20260811,129.03,129.03,125.91,126.37,5002414
GOLDBEES,20260811,126.66,126.73,125.0,125.52,30064670
GOLDBETA,20260811,128.9,129.3,127.25,127.8,548727
GOLDBND,20260811,151.43,153.73,151.01,152.26,48121
GOLDCASE,20260811,24.3,24.3,23.8,23.91,10455961
GOLDENTOBC,20260811,24.11,25.25,24.11,24.28,2739
GOLDETF,20260811,148.05,148.75,146.98,147.57,1377333
GOLDIAM,20260811,375.0,398.2,369.0,384.05,3058925
GOLDIETF,20260811,132.0,132.0,129.22,130.16,6529018
GOLDTECH,20260811,52.85,53.8,52.0,52.83,13980
GOODLUCK,20260811,1446.0,1448.9,1295.0,1330.5,1492136
GOODYEAR,20260811,800.0,800.0,770.0,778.25,9837
GOPAL,20260811,275.0,276.0,273.0,273.1,176383
GOYALALUM,20260811,6.45,6.6,6.35,6.36,69099
GPIL,20260811,235.0,237.35,231.0,232.18,1892197
GPPL,20260811,150.38,150.45,147.8,148.13,1218220
GPTHEALTH,20260811,157.0,162.0,153.91,160.51,157689
GPTINFRA,20260811,113.85,117.8,113.85,116.5,108814
GRADIENTE,20260811,2.46,2.59,2.35,2.57,4168106
GRANDOAK,20260811,44.7,44.7,40.79,40.81,11349
GRANULES,20260811,855.0,873.75,852.5,861.0,377278
GRAPHITE,20260811,723.0,741.0,720.3,730.85,1179294
GRASIM,20260811,3360.0,3402.8,3301.9,3322.2,755928
GRAUWEIL,20260811,67.9,68.8,67.0,67.67,170336
GRAVISSHO,20260811,31.0,31.31,29.45,30.65,1009
GRAVITA,20260811,1783.0,1810.0,1771.5,1784.5,177973
GREAVESCOT,20260811,195.0,198.5,191.97,197.78,2874115
GREENLAM,20260811,248.0,249.0,237.4,242.35,483773
GREENPANEL,20260811,191.45,191.45,182.61,183.59,234636
GREENPLY,20260811,282.9,283.3,277.1,278.85,64333
GREENPOWER,20260811,9.76,9.85,9.71,9.73,1999287
GRINDWELL,20260811,2116.0,2120.8,2071.1,2080.8,11086
GRINFRA,20260811,885.2,885.4,870.55,880.15,28270
GRMOVER,20260811,91.0,95.1,90.31,94.19,2788567
GROBTEA,20260811,900.0,900.0,891.4,895.0,4
GROWW,20260811,193.0,194.1,191.8,193.5,15283484
GROWWCAPM,20260811,11.17,11.26,11.1,11.19,390773
GROWWCHEM,20260811,30.51,30.88,30.45,30.61,57715
GROWWDEFNC,20260811,96.84,97.08,94.7,95.92,272196
GROWWEV,20260811,34.3,34.35,33.9,33.95,661903
GROWWGOLD,20260811,14.99,14.99,14.77,14.81,2153104
GROWWHOSPI,20260811,54.76,54.76,53.33,53.55,906144
GROWWLIQID,20260811,110.29,110.3,110.29,110.29,457275
GROWWLOVOL,20260811,10.58,10.82,10.53,10.65,39346
GROWWMC150,20260811,235.96,239.98,233.9,236.79,1798
GROWWMETAL,20260811,12.86,12.86,12.42,12.51,435396
GROWWMOM50,20260811,11.0,11.1,10.88,11.0,119923
GROWWN200,20260811,11.55,11.72,11.41,11.56,31184
GROWWNET,20260811,10.67,10.67,10.2,10.61,611933
GROWWNIFTY,20260811,10.17,10.17,9.86,9.88,907906
GROWWNXT50,20260811,74.75,76.0,74.38,74.95,11358
GROWWPOWER,20260811,11.62,11.63,11.46,11.48,1856899
GROWWPSE,20260811,100.0,100.5,98.11,98.98,1685
GROWWPSUBK,20260811,86.99,87.78,85.26,86.25,19602
GROWWRAIL,20260811,29.34,29.4,29.1,29.28,402438
GROWWRLTY,20260811,9.9,10.19,9.9,9.96,198655
GROWWSC250,20260811,10.82,10.82,10.56,10.64,107451
GROWWSLVR,20260811,22.99,23.11,22.65,22.77,2043295
GRPLTD,20260811,1985.8,1990.2,1925.0,1925.9,2237
GRSE,20260811,2590.0,2612.0,2571.5,2575.4,251700
GRWRHITECH,20260811,6980.0,7064.0,6927.0,7020.5,46164
GSEC10IETF,20260811,264.36,267.26,264.36,267.26,78
GSEC10YEAR,20260811,30.42,30.73,30.42,30.53,15239
GSEC5IETF,20260811,66.77,66.9,66.19,66.4,10662
GSFC,20260811,161.85,162.29,159.97,161.34,372905
GSLSU,20260811,27.3,28.15,27.0,28.15,60122
GSPCROP,20260811,595.1,600.0,581.0,592.4,260527
GSS,20260811,13.88,13.88,13.31,13.61,19276
GTECJAINX,20260811,31.0,31.0,29.58,30.99,9088
GTL,20260811,7.68,7.75,7.52,7.59,187431
GTLINFRA,20260811,1.24,1.25,1.23,1.24,15830648
GTPL,20260811,59.3,60.0,51.0,52.56,783958
GUFICBIO,20260811,434.5,442.0,423.55,431.1,121864
GUJALKALI,20260811,687.0,692.15,673.55,677.35,28660
GUJAPOLLO,20260811,357.85,357.9,345.55,352.65,10231
GUJENERGY,20260811,266.0,279.0,266.0,274.4,1459559
GUJRAFFIA,20260811,36.02,40.43,36.02,39.02,1119
GUJTHEM,20260811,367.55,371.95,360.05,362.05,37876
GULFOILLUB,20260811,1180.0,1205.4,1179.9,1189.8,62320
GULFPETRO,20260811,58.55,62.47,58.55,62.33,480222
GULPOLY,20260811,201.0,203.57,198.0,198.18,238027
GVKPIL,20260811,2.35,2.38,2.33,2.33,518259
GVPIL,20260811,742.0,780.0,740.4,760.25,213975
GVPTECH,20260811,7.09,7.1,7.0,7.06,62177
GVT&D,20260811,4300.0,4435.0,4273.1,4420.0,798491
GYFTR,20260811,161.35,165.6,153.22,160.33,78622
HAL,20260811,4930.1,4963.8,4855.6,4909.0,447081
HALDER,20260811,261.11,270.0,261.0,265.04,37005
HALDYNGL,20260811,127.25,131.0,127.25,129.46,16069
HALEOSLABS,20260811,1449.0,1452.3,1412.6,1444.7,436
HAPPSTMNDS,20260811,401.5,406.4,392.35,394.35,646260
HAPPYFORGE,20260811,1940.0,1965.9,1897.2,1907.8,141867
HARDWYN,20260811,11.28,11.33,11.05,11.17,2473794
HARIOMPIPE,20260811,400.0,401.45,389.55,392.65,114466
HARRMALAYA,20260811,228.0,228.0,220.2,221.29,18242
HARSHA,20260811,428.4,436.7,402.1,410.45,950116
HATHWAY,20260811,10.81,10.87,10.73,10.76,986517
HATSUN,20260811,948.55,948.55,932.1,942.5,21539
HAVELLS,20260811,1285.0,1285.0,1270.1,1274.4,473568
HAVISHA,20260811,1.46,1.46,1.34,1.38,50247
HAWKINCOOK,20260811,8400.0,8426.0,8013.5,8193.0,2216
HBESD,20260811,75.05,78.0,74.01,75.79,1946
HBLENGINE,20260811,700.0,713.85,693.8,695.25,1122351
HBSL,20260811,60.99,60.99,57.2,57.48,6895
HCC,20260811,20.29,20.32,19.69,20.05,25570077
HCG,20260811,720.0,755.0,705.05,738.95,545536
HCL-INSYS,20260811,11.58,11.68,11.4,11.44,98162
HCLTECH,20260811,1360.1,1379.8,1358.0,1365.4,1828636
HDBFS,20260811,675.7,695.35,670.35,693.1,500739
HDFCAMC,20260811,2554.0,2554.1,2504.2,2515.0,1036363
HDFCBANK,20260811,730.5,730.85,726.55,729.0,29154365
HDFCBSE500,20260811,38.51,40.0,38.08,38.62,5667451
HDFCGOLD,20260811,131.98,131.98,125.55,129.72,3421802
HDFCGROWTH,20260811,126.12,127.0,123.91,124.38,21349
HDFCLIFE,20260811,540.0,540.55,532.4,536.0,3642366
HDFCLIQUID,20260811,1073.19,1073.19,1073.17,1073.18,18844
HDFCLOWVOL,20260811,21.25,21.29,21.12,21.18,8949
HDFCMID150,20260811,24.31,25.2,23.55,23.9,659186
HDFCMOMENT,20260811,31.66,31.66,31.21,31.34,142958
HDFCNEXT50,20260811,76.49,76.5,75.49,75.85,269222
HDFCNIF100,20260811,26.74,27.0,26.45,26.54,52122
HDFCNIFBAN,20260811,59.27,59.27,58.91,59.2,167046
HDFCNIFIT,20260811,33.99,34.13,33.7,33.83,148158
HDFCNIFTY,20260811,270.8,278.11,270.8,275.89,385600
HDFCNIMEG,20260811,132.43,132.92,130.85,131.09,87463
HDFCPSUBK,20260811,86.93,87.59,86.58,87.09,43696
HDFCPVTBAN,20260811,28.78,28.78,27.81,27.92,230889
HDFCQUAL,20260811,60.41,60.5,59.63,60.21,36531
HDFCSENSEX,20260811,88.74,89.38,88.48,88.66,29655
HDFCSILVER,20260811,224.2,225.26,221.01,222.6,2912810
HDFCSML250,20260811,184.64,185.97,184.51,184.95,1729869
HDFCVALUE,20260811,129.94,129.94,127.82,127.89,7981
HDIL,20260811,1.56,1.58,1.54,1.56,69725
HEADSUP,20260811,7.02,7.24,6.81,6.86,4291
HEALTHADD,20260811,16.8,16.89,16.71,16.85,9708
HEALTHAXIS,20260811,170.41,170.41,168.16,169.64,9677
HEALTHCARE,20260811,21.7,21.85,21.61,21.83,60455
HEALTHIETF,20260811,171.9,171.9,169.54,171.33,87641
HEALTHX,20260811,303.25,308.9,300.3,301.05,4291
HEALTHY,20260811,17.31,17.31,17.02,17.1,350524
HECPROJECT,20260811,133.5,140.7,130.99,137.99,9621
HEG,20260811,675.0,686.95,674.0,678.25,761804
HEIDELBERG,20260811,155.99,155.99,154.0,154.45,38250
HEMIPROP,20260811,137.4,141.9,135.5,136.92,1075704
HERANBA,20260811,176.61,179.97,173.26,173.97,20308
HERITGFOOD,20260811,362.0,365.0,357.35,362.6,200708
HEROMOTOCO,20260811,5848.0,5937.0,5803.5,5865.5,801380
HESTERBIO,20260811,2499.9,2546.8,2471.0,2487.8,9173
HEXAGON,20260811,63.09,67.0,62.51,63.84,458678
HEXATRADEX,20260811,159.2,162.0,158.0,158.24,2008
HEXT,20260811,572.9,577.0,562.95,565.15,102328
HFCL,20260811,214.0,215.8,209.25,214.24,15006611
HGINFRA,20260811,553.55,557.0,545.0,547.8,38059
HGM,20260811,48.01,48.95,47.48,48.66,1776
HGS,20260811,412.5,417.15,409.0,411.3,15105
HIKAL,20260811,223.82,224.23,214.22,217.98,297314
HILINFRA,20260811,46.6,46.6,44.11,46.33,57706
HILTON,20260811,21.45,21.45,20.26,20.39,146551
HIMATSEIDE,20260811,79.14,79.54,76.0,76.31,661990
HINDALCO,20260811,1053.4,1068.75,1049.1,1049.1,4831839
HINDCOMPOS,20260811,418.2,429.0,411.0,415.0,4435
HINDCON,20260811,22.5,23.0,22.16,22.96,46527
HINDCOPPER,20260811,531.0,538.8,527.7,533.3,5547022
HINDOILEXP,20260811,165.5,168.8,163.84,164.85,563383
HINDPETRO,20260811,391.8,394.4,385.65,390.85,10390810
HINDUNILVR,20260811,2086.0,2086.5,2063.8,2064.9,956661
HINDWAREAP,20260811,214.0,220.5,208.9,210.03,241072
HINDZINC,20260811,599.0,607.0,584.0,586.65,5163720
HIRECT,20260811,1299.0,1306.3,1162.3,1222.3,566618
HISARMETAL,20260811,160.0,165.25,154.4,155.38,1744
HITECH,20260811,83.85,84.74,83.55,84.18,352019
HITECHCORP,20260811,323.0,325.0,323.0,323.15,6822
HITECHGEAR,20260811,555.0,563.75,540.05,547.85,3718
HLEGLAS,20260811,379.6,379.6,379.6,379.6,139036
HLVLTD,20260811,7.25,7.4,7.16,7.22,118645
HMAAGRO,20260811,21.91,22.86,21.9,22.05,1370215
HMT,20260811,60.99,60.99,59.04,59.92,8834
HMVL,20260811,94.7,94.7,91.5,91.61,19335
HNDFDS,20260811,582.2,585.35,576.0,578.2,32172
HNGSNGBEES,20260811,489.49,489.49,480.0,484.47,112912
HOMEFIRST,20260811,1180.1,1189.6,1170.1,1176.0,48450
HONASA,20260811,480.25,481.55,465.0,467.3,838783
HONAUT,20260811,38035.0,38500.0,37760.0,37935.0,1079
HONDAPOWER,20260811,2113.5,2135.0,2100.0,2107.4,1919
HPAL,20260811,33.8,39.56,33.27,38.94,454497
HPIL,20260811,127.0,130.8,127.0,128.37,339
HPL,20260811,329.5,331.25,321.1,326.15,221317
HSBCGOLD,20260811,132.0,133.21,130.15,131.92,4356
HSCL,20260811,775.0,777.5,751.05,755.5,6808669
HTMEDIA,20260811,27.56,27.88,27.03,27.35,109595
HUBTOWN,20260811,178.23,180.69,175.52,179.4,357502
HUDCO,20260811,199.1,199.79,194.82,195.77,1327575
HUHTAMAKI,20260811,286.0,294.8,285.25,291.65,414856
HYBRIDETF,20260811,10.19,10.19,10.14,10.17,10962
HYBRIDFIN,20260811,16.85,17.75,16.5,17.75,17934
HYUNDAI,20260811,2223.0,2237.0,2200.0,2200.0,439174
IBULLSLTD,20260811,28.7,29.38,27.9,28.11,9437336
ICDSLTD,20260811,41.2,41.7,39.0,40.7,3728
ICEMAKE,20260811,820.0,828.5,806.95,811.45,15431
ICICIAMC,20260811,3062.0,3065.0,3023.7,3028.5,290518
ICICIB22,20260811,116.59,117.24,115.81,116.06,147964
ICICIBANK,20260811,1432.1,1434.0,1412.2,1429.6,10471914
ICICIGI,20260811,1651.0,1654.9,1629.4,1643.5,514500
ICICIPRULI,20260811,498.55,502.2,491.05,501.5,1605136
ICIL,20260811,431.0,442.85,421.85,423.2,394041
ICRA,20260811,5122.0,5122.0,4987.8,5069.4,40566
IDBI,20260811,83.05,83.1,82.08,82.44,4318156
IDEA,20260811,13.14,13.3,12.79,12.89,662095209
IDEAFORGE,20260811,852.9,870.0,852.9,852.9,662384
IDFCFIRSTB,20260811,84.76,84.96,84.07,84.27,5693150
IDFNIFTYET,20260811,273.1,273.1,269.91,270.63,482
IEX,20260811,126.5,126.65,125.25,126.0,1905837
IFBAGRO,20260811,971.0,994.0,971.0,990.1,3825
IFBIND,20260811,1405.0,1417.1,1366.0,1375.7,47742
IFCI,20260811,76.03,76.8,75.25,75.7,10592250
IFGLEXPOR,20260811,221.0,226.29,217.11,218.24,33785
IGARASHI,20260811,459.5,461.15,452.95,457.8,89136
IGCL,20260811,72.5,73.38,71.05,71.92,54190
IGIL,20260811,356.0,356.7,346.1,347.2,221537
IGL,20260811,152.3,154.2,151.71,153.07,608706
IGPL,20260811,473.05,478.4,458.9,466.4,155068
IIFL,20260811,626.3,630.25,615.95,619.25,1026272
IIFLCAPS,20260811,332.5,335.75,332.5,334.8,148829
IITL,20260811,145.99,147.5,143.01,145.41,96182
IKIO,20260811,194.6,207.7,194.6,203.64,264145
IKS,20260811,1728.8,1770.0,1728.8,1745.0,151894
IL&FSENGG,20260811,36.21,36.21,35.0,35.19,7200
IL&FSTRANS,20260811,2.09,2.18,2.0,2.17,137866
IMAGICAA,20260811,49.1,49.39,46.27,47.42,956555
IMFA,20260811,1458.0,1514.0,1458.0,1481.6,179806
IMPAL,20260811,1095.5,1105.5,1071.4,1093.4,1488
IMPEXFERRO,20260811,3.38,3.38,3.38,3.38,27654
INA,20260811,108.0,108.49,102.92,104.04,1071702
INCREDIBLE,20260811,33.95,34.2,32.12,32.36,8830
INDBANK,20260811,33.49,33.49,32.54,32.69,20442
INDGN,20260811,571.35,583.6,564.35,567.6,1020394
INDHOTEL,20260811,728.2,729.95,721.05,724.0,664219
INDIACEM,20260811,392.55,392.55,382.2,383.8,418293
INDIAGLYCO,20260811,1077.6,1102.1,1056.1,1073.1,164611
INDIAMART,20260811,1790.0,1809.0,1778.6,1784.3,216604
INDIANB,20260811,888.85,889.0,874.9,875.6,1060250
INDIANCARD,20260811,218.0,220.15,208.0,211.44,4784
INDIANHUME,20260811,388.7,389.9,383.15,386.05,17455
INDIASHLTR,20260811,641.0,653.6,640.0,646.85,228050
INDIGO,20260811,5330.0,5330.0,5217.5,5284.0,517989
INDIGOPNTS,20260811,1140.0,1154.8,1120.0,1125.5,33132
INDIQUBE,20260811,182.7,189.0,182.7,184.05,71117
INDNIPPON,20260811,1124.4,1154.2,1123.0,1132.1,18190
INDOAMIN,20260811,133.5,134.0,130.0,131.34,45394
INDOBORAX,20260811,430.0,437.15,413.25,433.4,258978
INDOCO,20260811,223.03,223.5,214.06,216.53,82157
INDOFARM,20260811,150.0,151.5,147.4,150.31,123135
INDOMIM,20260811,831.0,844.7,816.35,821.8,1846394
INDORAMA,20260811,56.56,59.3,56.1,58.05,232275
INDOSTAR,20260811,243.8,253.05,242.55,248.55,111220
INDOTECH,20260811,3801.0,3845.0,3700.0,3725.2,21315
INDOTHAI,20260811,89.89,89.89,89.89,89.89,164141
INDOUS,20260811,80.44,82.97,80.44,80.52,9118
INDOWIND,20260811,9.0,9.14,8.86,9.06,72919
INDPRUD,20260811,6450.0,6489.0,6350.0,6455.0,726
INDRAMEDCO,20260811,391.0,391.0,382.2,384.35,306439
INDSWFTLAB,20260811,266.0,284.68,255.64,284.68,9123251
INDTERRAIN,20260811,32.5,32.5,31.59,31.9,16144
INDUSINDBK,20260811,1023.0,1024.0,1005.0,1008.9,1400560
INDUSTOWER,20260811,370.0,377.7,367.4,369.35,9925209
INFOBEAN,20260811,164.12,167.0,163.21,166.67,143512
INFOMEDIA,20260811,5.41,5.58,5.11,5.24,12356
INFRA,20260811,12.31,12.31,12.15,12.19,31966
INFRABEES,20260811,980.6,980.6,968.86,973.02,12748
INFRAIETF,20260811,97.59,97.79,96.1,96.7,87766
INFY,20260811,1188.0,1193.5,1182.0,1190.7,10160091
INGERRAND,20260811,4270.0,4319.9,4252.3,4309.4,6020
INNOVACAP,20260811,976.35,1029.0,970.0,1018.9,167241
INNOVANA,20260811,337.05,342.0,330.6,332.35,1184
INNOVISION,20260811,282.25,287.0,282.05,285.2,19133
INOXGREEN,20260811,178.0,185.0,176.5,184.41,480280
INOXINDIA,20260811,1975.1,2010.0,1912.3,1938.0,279065
INOXWIND,20260811,73.5,74.7,72.7,74.4,12189561
INSECTICID,20260811,649.65,655.65,603.35,636.55,131112
INSPIRISYS,20260811,103.0,104.95,100.06,102.01,10748
INSUREIETF,20260811,15.52,15.6,15.34,15.47,3077696
INTELLECT,20260811,727.85,736.8,721.3,723.65,180178
INTENTECH,20260811,83.0,84.9,80.74,82.81,72391
INTERARCH,20260811,1697.0,1704.0,1660.1,1689.9,136928
INTERNET,20260811,14.08,14.33,14.06,14.3,283656
INTLCONV,20260811,74.74,76.19,73.6,74.33,34235
INVENTURE,20260811,0.9,0.91,0.89,0.89,1134234
INVPRECQ,20260811,1144.0,1154.0,1099.0,1141.0,9047
IOB,20260811,33.88,34.25,33.59,34.21,3194255
IOC,20260811,141.5,141.6,139.4,140.0,13163732
IOLCP,20260811,165.0,170.7,163.03,164.14,4425221
IONEXCHANG,20260811,383.95,385.2,379.6,380.9,303420
IPCALAB,20260811,1686.0,1751.9,1683.1,1748.4,233132
IPL,20260811,143.1,143.67,142.5,143.22,78528
IRB,20260811,19.63,19.7,19.5,19.56,7312019
IRCON,20260811,130.01,130.32,127.7,128.14,1047600
IRCTC,20260811,522.6,523.25,512.75,515.05,727042
IREDA,20260811,119.65,119.78,118.4,118.7,3648191
IRFC,20260811,88.5,88.52,87.87,87.91,4430145
IRIS,20260811,239.8,258.85,235.21,246.36,66636
IRISDOREME,20260811,56.93,57.71,56.1,56.32,2461416
IRMENERGY,20260811,298.0,309.5,294.55,302.55,361833
ISFT,20260811,78.94,80.0,75.85,79.52,10335
ISGEC,20260811,806.25,826.25,793.05,806.95,127835
ISHANCH,20260811,49.72,50.98,48.62,50.31,89041
IT,20260811,35.95,35.96,34.66,35.22,379358
ITADD,20260811,33.82,33.85,33.57,33.64,23624
ITAXIS,20260811,351.72,352.09,348.11,349.5,6054
ITBEES,20260811,35.05,35.98,35.05,35.24,8763409
ITBETA,20260811,335.0,335.73,333.47,334.5,473
ITC,20260811,282.0,282.6,278.0,279.0,13053722
ITCHOTELS,20260811,168.85,169.8,166.18,166.89,1953502
ITDC,20260811,685.0,689.7,674.5,676.65,145589
ITETF,20260811,33.71,33.84,33.57,33.69,275445
ITI,20260811,284.75,287.7,283.0,285.5,257344
ITIETF,20260811,35.23,35.5,35.05,35.23,1431684
IVALUE,20260811,278.9,284.7,276.1,278.05,268703
IVC,20260811,8.2,8.45,8.14,8.37,192235
IVP,20260811,176.85,184.0,172.0,179.29,54419
IVZINGOLD,20260811,132.95,133.3,131.5,132.55,56382
IVZINNIFTY,20260811,282.45,282.45,280.9,281.31,814
IWP,20260811,35.24,35.24,33.47,33.64,3834
IXIGO,20260811,183.99,184.3,180.25,183.5,611041
IZMO,20260811,993.5,993.5,934.0,943.5,105838
J&KBANK,20260811,155.2,157.36,153.3,156.86,1631465
JAGRAN,20260811,63.46,63.74,63.03,63.6,168858
JAGSNPHARM,20260811,234.1,234.1,229.99,230.99,50652
JAIBALAJI,20260811,69.5,69.5,65.5,66.88,1059597
JAICORPLTD,20260811,103.1,104.21,102.21,102.67,250707
JAINREC,20260811,303.45,304.65,294.0,297.75,1980707
JAIPURKURT,20260811,28.8,30.0,27.55,28.31,56693
JAMNAAUTO,20260811,128.97,128.97,124.74,125.51,3352803
JARO,20260811,463.0,463.0,439.1,441.4,125262
JASH,20260811,509.0,520.0,496.5,511.8,220261
JAYAGROGN,20260811,217.04,217.5,213.0,214.3,5708
JAYBARMARU,20260811,129.0,134.0,125.75,127.16,1054377
JAYKAY,20260811,153.62,155.0,151.1,152.24,138816
JAYNECOIND,20260811,91.4,93.93,91.4,93.0,4075534
JAYSREETEA,20260811,86.9,89.01,85.0,88.74,67866
JBMA,20260811,640.0,652.0,638.0,643.9,213552
JETFREIGHT,20260811,22.46,24.01,22.0,22.42,643218
JGCHEM,20260811,614.8,654.0,609.95,622.35,2150986
JHS,20260811,7.99,9.41,7.99,9.06,1198095
JINDALPHOT,20260811,1068.0,1068.0,1049.5,1064.1,1187
JINDALPOLY,20260811,621.1,635.0,621.1,629.5,5546
JINDALSAW,20260811,277.55,281.0,272.1,273.55,1020419
JINDALSTEL,20260811,1125.0,1126.0,1094.5,1095.0,807811
JINDRILL,20260811,595.25,599.45,588.5,592.25,191506
JINDWORLD,20260811,37.01,37.63,35.81,36.38,4871975
JIOFIN,20260811,253.9,254.0,252.0,252.75,6019790
JISLDVREQS,20260811,20.8,21.89,20.6,21.66,65392
JISLJALEQS,20260811,28.35,28.47,27.7,27.88,2766236
JITFINFRA,20260811,355.7,355.7,344.55,348.7,19631
JKCEMENT,20260811,5390.0,5427.5,5345.0,5361.0,17960
JKIL,20260811,495.0,499.45,495.0,497.6,33677
JKIPL,20260811,97.78,99.28,95.27,97.21,11385
JKLAKSHMI,20260811,559.0,561.8,546.05,549.25,340095
JKPAPER,20260811,395.0,398.05,388.1,390.65,350967
JKTYRE,20260811,385.0,392.5,383.0,390.85,1012219
JLHL,20260811,321.9,321.9,301.7,312.55,685650
JMA,20260811,88.98,88.98,87.0,87.41,4879
JMFINANCIL,20260811,127.16,127.5,125.4,126.17,1823489
JNKINDIA,20260811,417.0,425.0,410.1,418.8,187085
JNPR,20260811,238.75,263.07,233.1,255.91,9162498
JOCIL,20260811,148.2,150.9,148.0,150.9,284
JPOLYINVST,20260811,1049.3,1062.7,1035.1,1040.4,50193
JPPOWER,20260811,17.9,17.98,17.7,17.75,24265642
JSFB,20260811,537.1,540.0,524.2,526.6,187993
JSL,20260811,735.0,735.0,720.05,725.1,327591
JSLL,20260811,538.0,548.45,533.75,539.2,1151819
JSWCEMENT,20260811,132.3,133.43,130.5,131.52,1285574
JSWDULUX,20260811,3084.9,3195.0,3066.0,3157.0,62678
JSWENERGY,20260811,581.9,583.4,562.1,563.0,2284945
JSWHL,20260811,11912.0,12100.0,11751.0,11941.0,4491
JSWINFRA,20260811,341.65,346.0,339.65,341.85,2466677
JSWSTEEL,20260811,1299.0,1303.9,1276.1,1283.4,1514657
JTEKTINDIA,20260811,142.88,143.93,140.1,141.16,202359
JTLIND,20260811,77.55,77.94,76.62,76.79,791693
JUBLCPL,20260811,1771.8,1888.0,1771.8,1861.5,5156
JUBLFOOD,20260811,495.0,497.55,485.2,488.2,2648480
JUBLINGREA,20260811,754.0,768.2,730.85,733.1,294949
JUBLPHARMA,20260811,929.7,995.0,908.2,965.0,886877
JUNIORBEES,20260811,801.0,810.48,792.82,807.7,307666
JUNIPER,20260811,194.16,197.49,193.76,194.23,102033
JUSTDIAL,20260811,688.0,701.0,680.6,694.95,186713
JWL,20260811,262.35,268.95,260.8,262.4,2774010
JYOTHYLAB,20260811,205.41,205.44,202.75,204.04,190611
JYOTICNC,20260811,795.0,808.65,789.55,805.0,606009
JYOTISTRUC,20260811,11.62,11.62,11.25,11.27,3424812
KABRAEXTRU,20260811,503.75,523.8,492.05,508.7,431893
KAJARIACER,20260811,1188.0,1230.0,1188.0,1225.6,467680
KAKATCEM,20260811,115.25,115.25,108.39,108.72,8522
KALAMANDIR,20260811,87.0,87.64,86.3,86.59,368247
KALPATARU,20260811,286.0,291.85,285.0,287.0,57227
KALYANIFRG,20260811,640.4,647.95,613.5,626.7,2252
KALYANKJIL,20260811,602.05,609.0,594.7,602.2,9767762
KAMAHOLD,20260811,2490.4,2516.9,2461.3,2478.9,2923
KAMATHOTEL,20260811,167.8,179.0,165.21,176.01,142215
KAMDHENU,20260811,35.5,35.8,34.5,34.98,373654
KAMOPAINTS,20260811,4.58,4.61,4.52,4.55,89272
KANANIIND,20260811,1.5,1.5,1.32,1.46,106273
KANCHI,20260811,367.0,375.0,353.5,355.8,1258
KANORICHEM,20260811,150.0,161.83,150.0,160.62,94219
KANPRPLA,20260811,203.0,218.2,203.0,215.92,24647
KANSAINER,20260811,215.7,217.85,212.0,212.26,243106
KAPSTON,20260811,589.05,589.05,550.1,563.4,129427
KARMAENG,20260811,40.81,41.8,39.31,39.51,5420
KARURVYSYA,20260811,334.0,335.45,330.25,334.2,1149581
KAUSHALYA,20260811,931.0,940.0,902.6,940.0,259
KAVDEFENCE,20260811,60.7,60.7,58.0,58.89,91696
KAYA,20260811,277.65,296.5,272.5,289.2,71849
KAYNES,20260811,3750.0,3869.9,3640.8,3717.7,2146314
KCP,20260811,153.2,155.49,151.1,152.18,176252
KCPSUGIND,20260811,30.4,30.4,29.0,29.09,101725
KDDL,20260811,3865.0,3971.2,3828.5,3842.2,41293
KEC,20260811,460.0,467.9,449.5,450.75,4244240
KECL,20260811,152.99,154.9,147.1,148.52,289587
KEEPLEARN,20260811,2.04,2.04,1.93,1.96,22683
KEI,20260811,5658.0,5691.0,5572.2,5645.0,415486
KELLTONTEC,20260811,13.5,14.06,13.5,13.98,1126881
KENNAMET,20260811,3362.0,3362.0,3230.0,3301.9,14198
KERNEX,20260811,2300.0,2414.0,2290.0,2387.3,227290
KESORAMIND,20260811,12.35,12.35,12.35,12.35,94790
KEYFINSERV,20260811,246.0,255.0,246.0,254.5,1292
KFINTECH,20260811,929.3,937.0,921.5,935.0,344812
KHADIM,20260811,93.0,93.69,89.03,89.82,57590
KHAICHEM,20260811,51.9,52.18,50.71,51.15,58048
KHAITANLTD,20260811,159.99,159.99,142.5,143.66,13809
KHANDSE,20260811,17.5,17.5,15.6,17.33,4283
KICL,20260811,5405.0,5449.0,5269.0,5350.0,1098
KILITCH,20260811,192.2,194.81,188.51,191.46,14356
KIMS,20260811,819.0,819.5,806.1,813.05,852451
KINGFA,20260811,5665.0,5748.0,5595.0,5708.0,13171
KIOCL,20260811,396.0,397.4,389.8,390.9,89617
KIRANVYPAR,20260811,202.0,202.55,195.0,196.83,872
KIRIINDUS,20260811,429.35,430.7,425.05,426.7,87260
KIRLFER,20260811,450.0,450.0,434.5,440.15,57779
KIRLOSBROS,20260811,1934.1,1977.0,1934.1,1955.9,63634
KIRLOSENG,20260811,2145.0,2148.2,2054.5,2101.5,662007
KIRLOSIND,20260811,3771.0,3771.5,3704.0,3722.6,6904
KIRLPNU,20260811,1495.0,1515.5,1464.0,1492.0,110432
KISSHT,20260811,293.4,305.25,293.0,295.45,1448710
KITEX,20260811,138.05,139.24,132.25,133.99,849254
KKCL,20260811,518.9,539.0,516.55,532.6,83780
KLBRENG-B,20260811,381.0,381.6,353.0,360.1,181227
KMEW,20260811,2596.8,2648.0,2572.6,2621.1,58904
KMSUGAR,20260811,27.9,27.95,27.21,27.47,111827
KNACK,20260811,217.0,218.0,205.5,206.78,1385163
KNAGRI,20260811,205.0,205.9,203.0,204.6,6272
KNRCON,20260811,142.69,143.59,136.5,136.84,1005466
KOHINOOR,20260811,23.48,23.48,22.83,23.04,25434
KOKUYOCMLN,20260811,84.05,84.05,82.3,82.47,28127
KOLTEPATIL,20260811,490.2,554.6,490.2,516.6,12115889
KOPRAN,20260811,175.6,177.0,166.0,174.36,191956
KOTAKBANK,20260811,392.1,392.9,388.3,392.9,7853813
KOTARISUG,20260811,26.39,26.41,26.02,26.19,32185
KOTHARIPET,20260811,145.47,149.0,143.32,145.65,83456
KOTHARIPRO,20260811,68.61,74.84,68.6,70.58,50851
KOTIC,20260811,152.07,152.39,148.0,149.93,12992
KOTYARK,20260811,42.0,42.9,41.85,42.37,791704
KOVAI,20260811,6194.5,6194.5,5751.0,5865.5,23449
KPEL,20260811,283.8,294.9,263.0,271.25,2061017
KPIGREEN,20260811,367.2,375.0,332.9,350.9,11787049
KPIL,20260811,1317.3,1364.9,1303.3,1347.7,355341
KPITTECH,20260811,628.0,634.15,621.15,627.0,1460797
KPL,20260811,3264.0,3450.0,3031.2,3310.5,568350
KPRMILL,20260811,1100.0,1152.8,1089.0,1096.5,1361133
KRBL,20260811,373.7,375.7,368.1,370.55,164492
KREBSBIO,20260811,57.23,57.23,55.0,56.0,2414
KRIDHANINF,20260811,2.35,2.35,2.23,2.24,18543
KRISHANA,20260811,182.8,188.49,180.39,186.45,567553
KRISHIVAL,20260811,402.0,407.0,397.75,402.15,13910
KRISHNADEF,20260811,1198.0,1205.9,1140.0,1161.2,77573
KRITI,20260811,70.0,70.0,65.0,68.55,26432
KRITIKA,20260811,5.72,5.72,5.51,5.6,188337
KRITINUT,20260811,86.88,86.88,83.11,85.21,10465
KRN,20260811,1240.0,1287.7,1233.4,1287.7,205351
KRONOX,20260811,168.94,171.28,165.33,167.14,125324
KROSS,20260811,207.0,207.0,201.01,202.17,137031
KRSNAA,20260811,567.0,578.35,557.3,574.8,82340
KRYSTAL,20260811,611.85,639.8,605.0,625.95,251309
KSB,20260811,810.0,831.9,795.5,811.85,442419
KSCL,20260811,765.0,805.0,754.6,799.0,420932
KSHINTL,20260811,973.05,1045.5,933.25,988.95,3497625
KSHITIJPOL,20260811,2.89,2.89,2.73,2.79,842101
KSL,20260811,837.15,847.15,829.0,843.7,35224
KSOLVES,20260811,277.25,278.45,273.0,275.15,33242
KSR,20260811,27.0,28.99,26.52,27.11,44492
KTKBANK,20260811,305.25,305.95,298.6,302.85,2752855
KUANTUM,20260811,87.0,88.69,85.1,85.85,236333
KUSUMGAR,20260811,640.15,657.4,604.5,635.4,1659982
KWIL,20260811,34.66,35.24,34.11,34.84,6009358
LAGNAM,20260811,82.1,84.15,82.1,82.73,3566
LAHOTIOV,20260811,43.0,47.0,42.3,44.19,31128
LAKPRE,20260811,4.94,4.94,4.71,4.72,966
LAL,20260811,8.83,8.89,8.32,8.67,37417
LALPATHLAB,20260811,1954.2,1955.1,1917.1,1949.9,198678
LAMBODHARA,20260811,115.0,117.65,112.69,114.88,26718
LANCORHOL,20260811,26.55,29.2,26.42,27.72,546641
LANDMARK,20260811,564.7,585.0,549.1,571.75,581898
LANDSMILL,20260811,0.8,0.8,0.78,0.78,1483148
LAOPALA,20260811,194.8,194.8,190.5,190.79,120014
LASA,20260811,7.67,7.9,7.35,7.62,26148
LASERPOWER,20260811,287.95,300.9,282.3,289.05,5080059
LATENTVIEW,20260811,297.8,299.1,293.45,294.75,223740
LATTEYS,20260811,19.97,20.19,19.53,19.73,40298
LAURUSLABS,20260811,1851.0,1859.0,1833.1,1858.0,1514239
LAXMICOT,20260811,14.82,14.98,14.22,14.41,25558
LAXMIDENTL,20260811,215.24,215.24,209.7,210.76,217420
LAXMIINDIA,20260811,133.95,140.0,132.5,139.25,256253
LCCINFOTEC,20260811,3.51,3.85,3.51,3.63,93104
LCL,20260811,520.1,524.75,496.0,499.95,809128
LEMERITE,20260811,23.71,23.95,23.0,23.35,343561
LEMONTREE,20260811,109.1,110.05,108.1,109.36,2894386
LENSKART,20260811,587.9,592.2,582.15,589.2,4346106
LEXUS,20260811,14.98,15.3,14.36,14.49,38096
LFIC,20260811,139.7,142.01,139.7,140.53,5903
LGBBROSLTD,20260811,1555.0,1556.7,1528.2,1549.2,21500
LGEINDIA,20260811,1554.1,1576.2,1546.6,1566.5,412984
LGHL,20260811,201.76,201.76,190.5,195.06,20596
LIBAS,20260811,9.94,10.0,9.5,9.61,14766
LIBERTSHOE,20260811,246.35,251.7,244.25,245.3,33326
LICHSGFIN,20260811,502.0,504.6,499.2,502.0,1493009
LICI,20260811,394.4,410.45,393.2,406.0,49779915
LICMFGOLD,20260811,138.05,138.05,136.1,136.9,79576
LICNETFGSC,20260811,29.81,29.81,29.5,29.57,5944
LICNETFN50,20260811,274.65,275.72,273.71,275.5,765
LICNFNHGP,20260811,282.01,282.32,280.0,280.34,527
LICNMID100,20260811,64.55,64.78,63.88,64.52,16663
LIKHITHA,20260811,228.0,248.78,223.77,243.59,118149
LINC,20260811,102.0,102.5,96.2,97.27,73383
LINCOLN,20260811,603.0,604.8,576.3,596.5,57372
LINDEINDIA,20260811,7094.0,7189.5,6932.0,6972.0,25932
LIQGRWBEES,20260811,1051.15,1051.17,1051.15,1051.15,60771
LIQUID,20260811,999.99,1000.0,999.99,999.99,113758
LIQUID1,20260811,1117.64,1117.64,1117.62,1117.63,895256
LIQUIDADD,20260811,1139.73,1139.75,1139.73,1139.74,374927
LIQUIDBEES,20260811,999.99,1000.48,999.99,1000.0,3399185
LIQUIDBETA,20260811,1003.71,1003.71,1003.71,1003.71,9
LIQUIDBETF,20260811,1094.08,1094.1,1094.08,1094.09,560796
LIQUIDCASE,20260811,115.42,115.42,115.4,115.41,13220529
LIQUIDETF,20260811,1000.0,1000.01,999.99,1000.0,659356
LIQUIDIETF,20260811,1000.01,1000.01,999.99,999.99,623361
LIQUIDPLUS,20260811,1098.33,1098.35,1098.33,1098.33,123411
LIQUIDSBI,20260811,1000.01,1000.01,999.99,1000.0,2360
LIQUIDSHRI,20260811,1116.78,1116.8,1116.78,1116.79,3020
LLOYDSENGG,20260811,95.78,96.5,92.26,93.04,11135268
LLOYDSENT,20260811,82.97,83.33,79.1,80.48,10468601
LLOYDSME,20260811,2060.2,2065.0,1965.0,1986.2,1479892
LMW,20260811,17620.0,17800.0,17272.0,17323.0,5064
LODHA,20260811,1213.0,1229.0,1201.7,1212.0,795290
LOKESHMACH,20260811,358.25,358.25,354.0,354.0,24276
LORDSCHLO,20260811,140.6,142.94,140.0,140.54,15246
LOTUSDEV,20260811,167.77,172.99,167.72,167.72,1393329
LOTUSEYE,20260811,116.95,122.0,116.37,119.78,34712
LOVABLE,20260811,73.74,74.33,72.1,73.22,6964
LOWVOL,20260811,212.78,212.78,211.59,211.95,5096
LOWVOL1,20260811,21.84,21.85,21.45,21.73,242514
LOWVOLIETF,20260811,22.29,22.9,22.29,22.8,522303
LOYALTEX,20260811,213.02,220.0,213.02,219.64,506
LPDC,20260811,6.58,6.58,6.25,6.35,12132
LT,20260811,4075.1,4075.5,4028.5,4037.4,1401285
LTF,20260811,312.7,316.0,310.3,315.4,2372366
LTFOODS,20260811,421.4,422.5,415.4,419.3,358642
LTGILTBEES,20260811,30.08,30.08,30.0,30.01,1087165
LTGILTCASE,20260811,30.71,30.71,30.52,30.58,104967
LTM,20260811,4800.0,4850.0,4751.0,4850.0,407494
LTTS,20260811,3600.0,3708.0,3600.0,3652.7,162348
LUMAXIND,20260811,5700.0,6090.0,5661.5,5996.5,99574
LUMAXTECH,20260811,1795.0,2085.8,1795.0,2076.3,5661267
LUPIN,20260811,2285.0,2288.2,2258.6,2278.9,1304449
LUXIND,20260811,1242.0,1258.8,1235.5,1248.8,13474
LXCHEM,20260811,177.97,178.8,174.1,174.89,540207
LYKALABS,20260811,68.07,68.07,67.73,68.0,7112
M&M,20260811,3505.4,3514.6,3455.1,3460.1,2269936
M&MFIN,20260811,412.0,414.0,397.1,398.8,1587021
MAANALU,20260811,125.0,127.49,122.0,123.16,43969
MACPOWER,20260811,1820.0,1850.0,1720.0,1754.3,54067
MADHAV,20260811,35.48,36.2,34.16,34.84,2756
MADHAVIPL,20260811,7.55,7.55,7.1,7.22,321005
MADHUCON,20260811,5.33,5.35,5.16,5.19,3061
MADRASFERT,20260811,66.42,68.0,64.5,66.86,136483
MAFANG,20260811,209.72,209.72,201.16,209.72,432234
MAFATIND,20260811,128.0,128.98,124.75,125.63,70399
MAGADSUGAR,20260811,530.8,543.0,520.1,525.75,8901
MAGNUM,20260811,19.21,20.1,19.21,19.7,34688
MAHABANK,20260811,79.2,79.2,77.3,78.95,11170926
MAHAPEXLTD,20260811,49.5,56.55,49.0,52.98,176840
MAHASTEEL,20260811,1010.0,1048.0,990.0,1039.4,9640
MAHEPC,20260811,107.3,109.88,107.1,107.27,15500
MAHESHWARI,20260811,72.1,73.5,71.62,73.0,5182
MAHKTECH,20260811,23.78,23.78,23.78,23.78,367352
MAHLIFE,20260811,389.7,389.7,379.95,382.65,72387
MAHLOG,20260811,410.1,417.8,408.0,409.35,161825
MAHSCOOTER,20260811,13692.0,13859.0,13631.0,13786.0,2399
MAHSEAMLES,20260811,610.05,615.85,593.6,595.0,147431
MAITHANALL,20260811,976.75,1013.4,969.55,1005.6,114415
MAJESAUT,20260811,421.65,421.65,421.65,421.65,5286
MAKEINDIA,20260811,169.77,169.94,168.63,169.1,38386
MALLCOM,20260811,1013.2,1013.35,990.0,992.0,1147
MALUPAPER,20260811,31.51,32.24,31.0,31.6,13727
MAMATA,20260811,421.95,427.4,421.95,425.2,65765
MANAKALUCO,20260811,44.37,44.49,41.59,42.47,266909
MANAKCOAT,20260811,114.36,118.26,114.36,117.51,124220
MANAKSIA,20260811,58.34,59.2,57.25,58.8,23953
MANAKSTEEL,20260811,84.71,84.71,84.71,84.71,48208
MANALIPETC,20260811,64.7,65.7,64.35,65.53,298601
MANAPPURAM,20260811,371.9,373.05,357.05,360.0,6097517
MANBA,20260811,133.8,138.0,130.61,133.4,51386
MANCREDIT,20260811,239.52,249.19,238.01,247.05,205561
MANGALAM,20260811,27.29,27.61,26.67,26.93,11980
MANGLMCEM,20260811,903.8,913.55,897.0,906.15,14065
MANINDS,20260811,551.9,563.0,543.15,559.1,224910
MANINFRA,20260811,114.0,114.7,110.96,111.36,1438179
MANIPALHOS,20260811,688.6,717.0,681.2,701.45,5021601
MANKIND,20260811,2429.0,2439.6,2405.5,2425.0,229702
MANOMAY,20260811,219.5,219.5,214.11,216.41,26738
MANORAMA,20260811,1679.9,1679.9,1590.4,1597.8,227363
MANORG,20260811,450.0,462.45,447.6,449.9,23955
MANUFGBEES,20260811,168.37,168.37,166.33,166.85,3271
MANUGRAPH,20260811,15.79,16.08,15.3,15.99,2845
MANYAVAR,20260811,522.05,527.5,516.2,522.0,1091691
MAPMYINDIA,20260811,999.2,1015.0,979.3,1013.3,242175
MARALOVER,20260811,54.0,54.62,53.0,53.2,5541
MARATHON,20260811,381.25,384.55,377.3,377.8,29849
MARICO,20260811,861.0,861.0,853.35,855.0,977482
MARINE,20260811,357.35,363.85,345.1,349.7,1375942
MARKOLINES,20260811,179.5,180.21,175.15,176.84,83662
MARKSANS,20260811,271.5,279.9,271.0,278.95,1435370
MARSONS,20260811,103.9,105.44,101.48,102.19,1001958
MARUTI,20260811,14120.0,14175.0,13980.0,13990.0,334931
MASFIN,20260811,302.85,303.95,299.05,300.1,137268
MASKINVEST,20260811,151.1,153.0,150.65,151.75,510
MASPTOP50,20260811,81.09,81.09,81.09,81.09,153271
MASTEK,20260811,1805.1,1835.9,1790.0,1812.6,99125
MASTERTR,20260811,80.6,80.6,78.0,78.13,260022
MATRIMONY,20260811,480.0,555.0,475.05,537.1,1197864
MAWANASUG,20260811,112.5,117.98,109.74,115.17,394584
MAXESTATES,20260811,417.0,430.45,416.3,426.65,66441
MAXHEALTH,20260811,1065.4,1067.4,1034.7,1040.0,2892166
MAXIND,20260811,170.19,172.43,160.0,170.48,58150
MAYURUNIQ,20260811,778.0,785.0,767.15,779.1,54800
MAZDA,20260811,241.0,246.18,236.55,244.92,42119
MAZDOCK,20260811,2575.0,2588.8,2540.0,2554.0,629415
MBAPL,20260811,165.89,167.1,158.45,165.49,1522875
MBEL,20260811,271.7,281.65,262.7,267.1,772998
MBLINFRA,20260811,24.81,25.15,24.15,24.52,30159
MCCHRLS-B,20260811,699.95,699.95,677.0,679.65,49
MCL,20260811,58.8,58.95,57.1,58.34,72104
MCLEODRUSS,20260811,50.75,50.75,48.86,48.86,456145
MCLOUD,20260811,28.71,29.9,28.65,28.91,1169954
MCX,20260811,2779.5,2895.0,2742.6,2895.0,4190150
MEDANTA,20260811,1472.1,1486.3,1420.0,1440.4,224097
MEDIASSIST,20260811,355.8,356.45,341.3,346.25,378808
MEDICAMEQ,20260811,240.0,246.0,234.57,236.96,13336
MEDICO,20260811,46.23,47.1,45.02,45.25,284431
MEDPLUS,20260811,681.1,685.35,674.55,679.15,155229
MEESHO,20260811,191.81,193.05,190.01,190.41,7197767
MEGASTAR,20260811,323.1,325.95,310.3,319.45,3290
MEIL,20260811,275.0,277.0,270.0,270.15,25529
MENNPIS,20260811,75.08,76.0,72.01,73.28,105820
MENONBE,20260811,244.0,254.25,234.23,237.22,73726
MEP,20260811,0.59,0.59,0.59,0.59,4008
MERCANTILE,20260811,24.66,25.49,24.11,24.55,658
MERCURYEV,20260811,35.28,35.69,34.5,34.71,56913
METAL,20260811,13.57,13.57,13.19,13.21,2247083
METALIETF,20260811,13.61,13.61,12.94,13.16,6981879
METROBRAND,20260811,965.2,977.7,945.0,949.8,114540
METROGLOBL,20260811,130.5,135.6,130.5,134.46,403
METROPOLIS,20260811,577.0,577.0,562.35,566.25,201904
MFML,20260811,19.97,19.97,18.31,18.78,2515
MFSL,20260811,1510.0,1510.0,1467.5,1499.0,1564135
MGEL,20260811,14.22,14.69,14.22,14.34,70645
MGL,20260811,1122.0,1143.0,1115.0,1134.3,108937
MHLXMIRU,20260811,154.21,156.85,150.6,155.84,6932
MHRIL,20260811,229.58,231.72,224.1,225.57,58226
MICEL,20260811,36.44,37.5,36.3,36.44,237234
MID150,20260811,23.87,23.95,23.75,23.88,47156
MID150BEES,20260811,240.5,244.85,240.42,242.81,508324
MID150CASE,20260811,11.98,11.98,11.68,11.79,920801
MIDBANKADD,20260811,17.4,17.4,17.23,17.35,16952
MIDCAP,20260811,18.11,19.27,18.11,18.72,177886
MIDCAPADD,20260811,23.53,23.58,23.42,23.53,27025
MIDCAPBETA,20260811,237.7,238.9,233.05,237.02,11487
MIDCAPETF,20260811,24.55,24.55,23.89,23.98,2968063
MIDCAPIETF,20260811,24.48,24.48,24.2,24.31,1547621
MIDHANI,20260811,431.5,436.85,423.1,427.75,414944
MIDQ50ADD,20260811,25.61,25.83,25.57,25.68,50161
MIDSELIETF,20260811,19.86,19.93,19.73,19.84,210013
MIDSMALL,20260811,52.49,52.49,52.06,52.27,219287
MIDWESTLTD,20260811,1209.8,1209.8,1168.7,1174.1,15056
MINDACORP,20260811,738.05,741.9,712.4,721.45,297610
MINDTECK,20260811,191.0,194.6,191.0,192.75,36334
MIRZAINT,20260811,33.0,33.23,32.62,32.74,142603
MITCON,20260811,79.49,79.9,76.0,77.0,10852
MITTAL,20260811,0.9,0.91,0.89,0.89,310017
MKPL,20260811,4.22,4.25,4.16,4.19,53129
MMFL,20260811,657.55,661.65,636.8,643.15,179302
MMP,20260811,347.8,361.6,335.1,338.15,137820
MMTC,20260811,64.0,65.57,63.7,64.98,1722907
MMWL,20260811,15.3,16.28,15.3,15.95,95438
MNC,20260811,35.01,35.16,34.84,34.92,92655
MOALPHA50,20260811,56.24,56.31,55.87,56.0,6435
MOBANK10,20260811,17.03,17.03,16.86,16.93,4419
MOBIKWIK,20260811,207.49,214.5,205.25,212.2,3077790
MOCAPITAL,20260811,53.17,53.74,52.82,53.51,1435838
MODEFENCE,20260811,108.38,108.38,104.58,105.17,1066460
MODINATUR,20260811,391.1,400.0,391.0,392.1,2563
MODIRUBBER,20260811,121.4,123.35,121.08,121.29,332
MODIS,20260811,393.7,420.0,387.05,409.95,261540
MODISONLTD,20260811,307.45,307.45,298.0,307.45,70325
MODTHREAD,20260811,46.5,47.0,45.34,46.52,621
MOENERGY,20260811,39.8,39.8,38.67,38.82,110584
MOGOLD,20260811,151.7,151.7,149.45,150.2,34849
MOGSEC,20260811,65.83,66.24,65.32,65.42,8448
MOHEALTH,20260811,52.28,52.6,51.68,52.31,40588
MOHITIND,20260811,26.74,27.0,25.85,26.19,6499
MOIL,20260811,283.85,285.25,278.0,279.45,441883
MOINFRA,20260811,60.69,61.0,59.71,59.85,6811
MOIPO,20260811,48.37,48.68,48.3,48.6,2764
MOKSH,20260811,10.65,10.76,10.5,10.69,16869
MOL,20260811,58.48,60.3,56.7,57.15,3049631
MOLDTECH,20260811,189.0,189.0,182.49,182.75,96133
MOLDTKPAC,20260811,681.6,697.0,671.0,678.85,40063
MOLOWVOL,20260811,37.52,37.58,37.33,37.42,16900
MOM100,20260811,68.78,68.98,68.35,68.77,208864
MOM30IETF,20260811,31.82,31.94,31.55,31.65,719814
MOM50,20260811,257.36,257.36,255.44,255.94,5482
MOMENTUM,20260811,31.61,31.8,31.4,31.47,16695
MOMENTUM30,20260811,31.39,31.39,30.83,31.11,35368
MOMENTUM50,20260811,54.19,54.49,54.01,54.22,326885
MOMETAL,20260811,13.26,13.3,13.12,13.19,12666
MOMGF,20260811,166.41,169.02,165.36,166.58,1598
MOMIDMTM,20260811,65.65,65.65,64.57,64.79,152042
MOMMIDCAP,20260811,13.24,13.24,12.9,12.96,1355546
MOMNC,20260811,34.03,34.03,33.77,33.9,4511
MOMOMENTUM,20260811,63.29,63.48,62.7,63.12,35465
MON100,20260811,331.95,331.95,331.95,331.95,369483
MON50EQUAL,20260811,34.57,36.0,33.93,34.37,8721
MONARCH,20260811,382.1,386.0,366.3,376.25,473768
MONEXT50,20260811,74.85,75.0,74.2,74.82,38407
MONEYBOXX,20260811,61.0,63.77,61.0,62.0,8786
MONIFTY100,20260811,25.86,25.87,25.77,25.81,46799
MONIFTY500,20260811,24.87,24.87,24.18,24.23,382312
MONQ50,20260811,148.36,148.92,148.36,148.92,69515
MONTECARLO,20260811,509.8,512.0,500.0,504.15,68489
MOOILGAS,20260811,11.59,11.7,11.27,11.39,3088
MOPSE,20260811,99.85,104.5,99.79,100.02,9835
MOQUALITY,20260811,207.17,207.21,206.05,207.15,1099
MOREALTY,20260811,90.52,90.97,89.15,89.31,605968
MOREPENLAB,20260811,79.9,80.6,75.8,76.89,9409402
MOSCHIP,20260811,206.5,209.95,204.0,207.86,1384567
MOSERVICE,20260811,31.63,31.63,31.27,31.58,3078
MOSILVER,20260811,230.15,233.18,228.36,229.65,84258
MOSMALL250,20260811,18.47,18.53,18.31,18.45,1105617
MOTHERSON,20260811,168.5,170.03,167.44,169.26,17059449
MOTILALOFS,20260811,883.95,896.55,875.25,888.0,846234
MOTISONS,20260811,14.03,14.25,13.95,14.02,7437092
MOTOGENFIN,20260811,26.25,26.54,25.85,26.25,2593
MOTOUR,20260811,80.79,80.79,80.01,80.4,5904
MOVALUE,20260811,118.02,118.02,114.52,115.28,39264
MPHASIS,20260811,2519.0,2540.8,2498.5,2530.0,536301
MPSLTD,20260811,2888.0,2925.0,2818.3,2849.2,32249
MRF,20260811,134000.0,134000.0,129570.0,131125.0,17256
MRPL,20260811,163.0,183.0,161.2,181.14,57521318
MSCI360,20260811,10.33,10.33,10.23,10.32,93
MSCIADD,20260811,30.91,30.91,30.06,30.29,20712
MSCIINDIA,20260811,30.63,30.63,30.2,30.32,8707
MSPL,20260811,35.45,35.69,35.21,35.52,246900
MSTCLTD,20260811,582.85,584.65,570.0,571.0,140926
MSUMI,20260811,41.04,41.35,40.91,41.01,4961779
MTARTECH,20260811,6890.0,6969.0,6712.0,6893.0,111621
MTEDUCARE,20260811,2.04,2.04,1.87,1.99,48380
MTNL,20260811,27.51,27.65,27.28,27.37,390253
MUFIN,20260811,137.5,139.4,135.05,135.98,1644146
MUFTI,20260811,87.46,89.0,81.25,83.26,326707
MUKANDLTD,20260811,141.3,142.55,139.05,140.61,55478
MUKKA,20260811,24.0,24.39,23.5,23.78,206415
MUKTAARTS,20260811,54.9,57.45,53.1,57.18,3781
MULTICAP,20260811,17.0,17.04,16.94,16.97,135014
MUNJALAU,20260811,102.48,103.46,101.33,102.02,177064
MUNJALSHOW,20260811,136.21,137.76,133.78,134.9,41891
MURUDCERA,20260811,31.9,32.19,31.37,31.79,25875
MUTHOOTCAP,20260811,256.5,261.63,250.41,259.4,18874
MUTHOOTFIN,20260811,2920.6,2963.0,2915.0,2915.9,932507
MUTHOOTMF,20260811,220.0,222.1,211.9,218.9,561958
MVELECTRO,20260811,622.4,628.75,595.0,599.45,1408063
MVGJL,20260811,169.98,170.0,160.0,162.21,146743
MWL,20260811,41.7,42.4,40.43,41.93,673824
NACLIND,20260811,178.56,180.0,176.01,176.6,300700
NAGREEKCAP,20260811,22.33,23.78,22.33,23.22,9324
NAGREEKEXP,20260811,22.02,25.29,21.9,22.72,304348
NAHARCAP,20260811,268.7,270.0,263.75,264.58,3338
NAHARINDUS,20260811,131.9,131.9,127.0,128.85,13857
NAHARPOLY,20260811,247.5,253.9,244.6,250.7,25399
NAHARSPING,20260811,309.35,315.0,305.2,308.15,28058
NAM-INDIA,20260811,1174.2,1182.9,1160.7,1171.3,827143
NARMADA,20260811,13.64,13.8,13.4,13.48,524202
NATCAPSUQ,20260811,174.38,174.38,160.5,165.35,23663
NATCOPHARM,20260811,910.45,928.9,903.25,907.0,406109
NATHBIOGEN,20260811,157.22,158.74,155.5,157.14,9650
NATIONALUM,20260811,387.15,393.7,384.5,388.0,8155315
NATIONSTD,20260811,173.15,173.15,173.15,173.15,1516
NAUKRI,20260811,1297.0,1391.0,1291.1,1360.0,9948602
NAVA,20260811,577.15,579.15,568.1,569.15,114431
NAVINFLUOR,20260811,8204.0,8354.0,8136.5,8156.0,237800
NAVKARCORP,20260811,100.2,101.76,99.38,99.67,329785
NAVKARURB,20260811,1.01,1.03,0.99,0.99,494406
NAVNETEDUL,20260811,132.02,133.89,130.83,132.75,111730
NAZARA,20260811,355.85,359.0,352.15,355.4,690517
NBCC,20260811,94.85,95.03,93.25,93.8,5883330
NBIFIN,20260811,2160.0,2199.0,2120.1,2160.1,356
NCC,20260811,146.45,146.7,144.31,144.76,1196734
NCLIND,20260811,175.96,175.96,172.0,173.97,45882
NDGL,20260811,2700.0,2727.0,2660.0,2717.0,61
NDL,20260811,2.32,2.34,2.28,2.32,1513402
NDLVENTURE,20260811,127.45,131.98,127.0,128.02,6519
NDRAUTO,20260811,830.0,844.85,821.0,828.65,12070
NDTV,20260811,77.95,78.98,76.8,76.95,101239
NEAGI,20260811,3160.0,3252.7,3072.0,3138.4,220
NECCLTD,20260811,15.16,15.16,14.5,14.67,53586
NECLIFE,20260811,10.49,10.7,10.11,10.5,242392
NELCAST,20260811,123.5,124.71,121.42,121.95,61377
NELCO,20260811,1007.6,1019.0,992.1,995.1,291912
NEOGEN,20260811,2185.0,2185.0,2085.5,2092.7,186543
NEPHROPLUS,20260811,706.1,719.4,692.05,712.3,237830
NESCO,20260811,1052.9,1059.4,1038.8,1048.3,18388
NESTLEIND,20260811,1531.4,1541.0,1491.3,1493.2,1955836
NETF,20260811,267.61,267.88,266.0,266.52,1404
NETWEB,20260811,4903.0,4940.0,4792.5,4859.8,682980
NETWORK18,20260811,29.25,29.49,29.02,29.14,1551330
NEUEON,20260811,13.41,14.8,13.41,14.8,70387
NEULANDLAB,20260811,22300.0,23123.0,22281.0,22955.0,105018
NEWGEN,20260811,560.5,569.6,553.0,555.1,584006
NEXT30ADD,20260811,44.16,44.2,43.95,44.0,15275
NEXT50,20260811,775.77,775.77,768.51,771.15,14145
NEXT50ADD,20260811,74.9,75.18,74.73,74.99,341
NEXT50BETA,20260811,82.51,82.51,80.12,80.43,52944
NEXT50ETF,20260811,75.3,75.42,74.97,75.22,37953
NEXT50IETF,20260811,78.19,79.2,78.19,78.79,708323
NEXTMEDIA,20260811,3.8,3.95,3.62,3.7,8188
NFL,20260811,72.3,72.5,71.75,71.95,321268
NGIL,20260811,39.69,41.66,37.7,41.52,187400
NGLFINE,20260811,3490.5,3525.0,3425.5,3447.7,4992
NH,20260811,1848.0,1863.0,1825.9,1848.8,631597
NHPC,20260811,77.0,77.15,76.12,76.95,6122300
NIACL,20260811,180.0,180.99,177.31,179.37,828920
NIBE,20260811,1420.5,1447.0,1402.1,1434.2,65213
NIBL,20260811,33.02,33.68,32.86,33.34,25742
NIF100BEES,20260811,273.47,273.93,271.5,272.16,20860
NIF100IETF,20260811,28.8,28.99,28.59,28.67,55686
NIFTY1,20260811,272.85,275.58,271.52,272.06,103726
NIFTY100EW,20260811,36.78,36.78,35.9,35.95,303715
NIFTYADD,20260811,259.24,259.24,257.55,258.11,12853
NIFTYAXIS,20260811,279.26,279.26,270.61,271.21,88731
NIFTYBEES,20260811,281.0,281.0,277.1,279.13,6563173
NIFTYBETA,20260811,270.55,272.71,270.55,271.72,33423
NIFTYBETF,20260811,252.51,252.63,251.3,251.51,1409
NIFTYCASE,20260811,9.99,9.99,9.62,9.82,1055784
NIFTYETF,20260811,268.3,268.3,265.85,266.57,179362
NIFTYIETF,20260811,286.48,286.48,277.12,277.66,240511
NIFTYQLITY,20260811,22.17,22.17,21.93,21.98,33639
NIITLTD,20260811,96.49,96.49,92.21,95.44,381775
NIITMTS,20260811,250.0,252.79,245.0,245.48,80081
NILAINFRA,20260811,7.5,7.5,7.29,7.37,123383
NILASPACES,20260811,11.93,12.75,11.8,12.24,670193
NILE,20260811,1445.7,1549.0,1445.7,1515.7,9000
NILKAMAL,20260811,1725.8,1894.0,1721.0,1868.6,139943
NIMBSPROJ,20260811,181.0,185.98,181.0,185.49,59
NINSYS,20260811,704.0,762.3,704.0,730.65,1954
NIPPOBATRY,20260811,325.4,335.0,325.4,332.5,2838
NIRAJ,20260811,29.5,29.6,28.6,29.03,48474
NIRAJISPAT,20260811,201.0,211.0,199.41,211.0,25
NIRLON,20260811,633.6,647.4,633.6,640.1,6982
NITCO,20260811,97.55,100.39,95.56,97.14,526651
NITINSPIN,20260811,558.75,569.4,558.75,564.15,75361
NITIRAJ,20260811,214.8,214.8,205.0,209.51,2151
NITTAGELA,20260811,1645.2,1680.1,1600.0,1611.9,9470
NIVABUPA,20260811,85.75,86.38,84.61,85.47,1270871
NKIND,20260811,62.2,62.9,60.0,60.05,943
NLCINDIA,20260811,286.05,287.85,280.2,286.05,2444934
NMDC,20260811,85.5,86.44,84.81,85.45,14097831
NOCIL,20260811,167.8,168.37,165.73,165.96,199083
NOIDATOLL,20260811,4.17,4.2,4.01,4.15,115532
NORBTEAEXP,20260811,63.65,66.4,63.65,64.45,1156
NORTHARC,20260811,285.95,287.7,281.0,282.3,562573
NOVAAGRI,20260811,25.19,25.19,24.1,24.3,24502
NOVARTIND,20260811,1618.9,1618.9,1572.1,1593.7,7968
NPBET,20260811,285.0,289.4,282.79,283.63,1826
NPST,20260811,1569.9,1600.0,1520.1,1535.1,35238
NRAIL,20260811,527.1,527.1,518.95,519.9,8056
NRBBEARING,20260811,483.0,483.0,452.05,455.25,693246
NRL,20260811,114.0,117.32,114.0,117.32,79995
NSIL,20260811,5661.0,5761.0,5600.0,5609.0,1708
NSLNISP,20260811,44.67,44.95,44.01,44.15,1772886
NTPC,20260811,339.6,340.4,336.05,338.45,10043994
NTPCGREEN,20260811,91.85,93.29,91.36,93.01,3179422
NUCLEUS,20260811,695.0,709.55,685.0,691.7,21634
NURECA,20260811,334.25,334.25,317.7,324.1,12596
NUVAMA,20260811,1641.5,1714.2,1639.7,1706.7,536662
NUVOCO,20260811,336.0,342.45,330.1,331.25,259991
NV20,20260811,14.33,14.33,14.19,14.23,32924
NV20BEES,20260811,143.08,143.08,141.65,141.8,28506
NV20IETF,20260811,14.18,14.18,13.82,13.85,233363
NYKAA,20260811,324.5,326.3,320.75,325.0,7891934
OAL,20260811,379.3,383.85,370.65,378.65,23788
OBCL,20260811,53.49,53.88,52.11,52.72,55302
OBEROIRLTY,20260811,1801.0,1806.9,1784.2,1793.6,134987
OCCLLTD,20260811,157.98,159.6,150.0,155.88,57244
ODIGMA,20260811,22.84,23.0,22.6,22.62,8833
OFSS,20260811,11900.0,11968.0,11675.0,11896.0,241198
OIL,20260811,464.3,484.0,460.45,470.35,11117093
OILCOUNTUB,20260811,62.6,62.6,59.5,60.51,8698
OILIETF,20260811,11.4,11.48,11.39,11.41,3608169
OLAELEC,20260811,39.49,40.55,39.49,39.66,35661768
OLECTRA,20260811,1375.0,1416.6,1370.0,1391.6,662304
OMAXAUTO,20260811,208.0,208.99,200.99,203.92,141858
OMAXE,20260811,84.11,85.41,82.83,83.03,243610
OMFREIGHT,20260811,89.5,95.5,89.5,94.24,19516
OMINFRAL,20260811,87.53,88.6,86.0,86.26,53837
OMNI,20260811,561.6,608.8,548.25,598.25,9692722
OMPOWER,20260811,171.41,172.9,167.56,168.9,72428
ONELIFECAP,20260811,32.0,34.85,31.83,31.96,180203
ONEPOINT,20260811,57.75,59.8,57.7,58.87,724512
ONESOURCE,20260811,1590.0,1615.9,1570.2,1598.9,356777
ONGC,20260811,241.0,243.65,239.45,239.45,16004168
ONIDA,20260811,39.7,39.74,38.2,38.43,359735
ONMOBILE,20260811,66.95,66.95,66.95,66.95,9257
ONWARDTEC,20260811,288.2,288.35,283.6,286.05,24291
OPTIEMUS,20260811,557.2,560.55,542.0,543.95,155951
ORBTEXP,20260811,278.61,278.61,268.0,274.71,57877
ORCHASP,20260811,1.52,1.6,1.51,1.53,134622
ORCHPHARMA,20260811,1100.0,1133.0,1070.0,1078.55,188232
ORICONENT,20260811,52.51,53.98,52.51,52.91,13089
ORIENTALTL,20260811,5.17,5.2,5.05,5.1,41662
ORIENTBELL,20260811,321.0,367.0,315.2,352.5,157269
ORIENTCEM,20260811,137.0,137.0,133.8,134.13,341696
ORIENTCER,20260811,43.19,44.5,42.73,42.9,83872
ORIENTELEC,20260811,189.9,191.7,186.3,190.68,285838
ORIENTHOT,20260811,125.25,129.55,123.5,128.39,317151
ORIENTLTD,20260811,78.5,80.0,78.02,78.02,2295
ORIENTPPR,20260811,17.52,17.66,17.5,17.52,93844
ORIENTTECH,20260811,259.15,270.15,257.1,258.75,352080
ORISSAMINE,20260811,4450.0,4530.0,4422.0,4504.8,9737
ORKLAINDIA,20260811,569.0,569.75,552.1,555.0,82024
ORTEL,20260811,2.32,2.32,2.19,2.19,5910
ORTINGLOBE,20260811,14.7,15.25,14.7,15.14,7644
OSIAHYPER,20260811,2.72,2.72,2.63,2.63,574954
OSWALAGRO,20260811,38.12,39.46,37.5,37.85,55999
OSWALGREEN,20260811,21.6,21.98,21.26,21.48,82927
OSWALPUMPS,20260811,308.0,311.45,302.4,306.35,715406
OSWALSEEDS,20260811,10.49,10.64,10.3,10.36,35493
PACEDIGITK,20260811,178.15,186.2,176.31,183.55,1327003
PAGEIND,20260811,38550.0,38795.0,38020.0,38440.0,20292
PAISALO,20260811,70.5,70.86,68.85,69.31,6123344
PAKKA,20260811,72.8,72.8,70.55,71.07,23431
PALASHSECU,20260811,92.0,94.39,86.21,92.45,3569
PALREDTEC,20260811,47.6,49.9,47.25,49.18,8794
PANACEABIO,20260811,406.9,409.5,399.8,402.2,93131
PANACHE,20260811,457.55,505.5,457.4,503.05,49869
PANAMAPET,20260811,540.0,550.0,517.75,545.5,443456
PANSARI,20260811,322.05,322.1,305.0,314.9,3666
PAR,20260811,105.9,105.9,99.25,100.4,15069
PARACABLES,20260811,67.6,69.3,66.76,67.89,1069500
PARADEEP,20260811,150.0,153.4,149.64,151.8,2923896
PARAGMILK,20260811,220.0,221.5,218.0,219.27,299143
PARAS,20260811,1272.0,1292.0,1260.6,1284.0,540285
PARASPETRO,20260811,2.41,2.59,2.41,2.49,81809
PARKHOSPS,20260811,293.0,298.05,273.9,282.55,1314201
PARKHOTELS,20260811,120.0,120.21,118.05,118.63,115338
PARSVNATH,20260811,1.59,1.59,1.59,1.59,198765
PASHUPATI,20260811,84.94,85.0,83.7,84.15,9597
PASUPTAC,20260811,65.2,65.2,63.11,63.98,105429
PATANJALI,20260811,355.0,362.9,348.4,353.0,8725259
PATELENG,20260811,29.84,30.4,29.7,30.26,7105213
PATELRMART,20260811,219.9,227.0,219.9,225.96,76158
PATINTLOG,20260811,14.73,14.73,13.9,14.23,24656
PAUSHAKLTD,20260811,690.1,714.0,685.25,689.1,34654
PAVNAIND,20260811,18.81,19.5,18.52,18.66,55443
PAYTM,20260811,1593.5,1639.9,1576.1,1593.7,8421264
PCBL,20260811,324.45,325.4,317.65,322.15,930929
PCJEWELLER,20260811,10.2,10.57,9.87,9.97,589168362
PDMJEPAPER,20260811,98.53,99.98,88.26,89.91,948754
PDSL,20260811,382.25,384.65,375.0,376.5,112403
PEARLPOLY,20260811,17.0,17.0,16.31,16.51,8145
PENIND,20260811,161.5,161.51,158.98,159.31,244313
PENINLAND,20260811,15.81,15.81,15.81,15.81,25659
PERSISTENT,20260811,5474.0,5544.0,5430.5,5536.0,339035
PETRONET,20260811,279.15,279.15,273.4,277.0,1059438
PFC,20260811,386.0,387.0,380.15,381.0,10884187
PFIZER,20260811,4877.5,4913.1,4840.0,4898.5,30220
PFOCUS,20260811,283.95,286.4,279.2,281.55,263710
PFS,20260811,28.75,28.99,28.75,28.76,342328
PGEL,20260811,622.0,627.0,613.1,616.0,1307957
PGHH,20260811,8482.0,8519.0,8439.0,8455.0,11293
PGHL,20260811,6005.0,6059.5,5970.0,6031.5,11497
PGIL,20260811,2420.0,2475.0,2386.2,2434.9,108038
PHARMABEES,20260811,27.92,27.92,27.19,27.49,3219176
PHOENIXLTD,20260811,1939.5,1939.5,1905.7,1908.7,261975
PICCADIL,20260811,768.8,809.7,755.15,778.25,772512
PIDILITIND,20260811,1684.0,1686.3,1663.6,1685.8,1131653
PIGL,20260811,111.1,111.91,107.02,110.33,74563
PIIND,20260811,2752.0,2783.5,2711.6,2730.0,221971
PILANIINVS,20260811,4364.2,4420.0,4310.5,4390.3,4330
PILITA,20260811,8.5,8.7,8.3,8.37,28394
PINELABS,20260811,162.73,171.8,159.77,167.58,50029710
PIONEEREMB,20260811,22.85,23.33,22.7,22.84,4037
PIONRINV,20260811,90.0,90.0,88.99,89.0,500
PIRAMALFIN,20260811,2120.0,2120.2,2075.6,2114.7,144121
PITTIENG,20260811,972.9,980.0,937.8,960.35,60883
PIXTRANS,20260811,2068.0,2089.0,1960.0,1983.0,257838
PKTEA,20260811,710.0,710.0,650.0,673.75,149
PLASTIBLEN,20260811,198.69,209.14,198.0,204.51,188013
PLATIND,20260811,220.01,224.5,214.45,215.49,217369
PLAZACABLE,20260811,47.9,48.72,45.45,48.72,101490
PML,20260811,511.9,511.9,497.15,508.8,139
PNB,20260811,113.5,114.3,112.3,114.03,14258368
PNBGILTS,20260811,80.99,81.44,80.0,80.13,171820
PNBHOUSING,20260811,1153.0,1155.5,1135.7,1142.1,382464
PNC,20260811,19.56,19.79,18.8,19.1,31158
PNCINFRA,20260811,210.0,223.75,206.5,222.4,1346533
PNGJL,20260811,635.05,642.6,624.0,630.4,354583
PNGSREVA,20260811,517.9,574.05,511.65,560.4,1092713
POCL,20260811,484.2,505.7,479.9,492.9,580508
PODDARMENT,20260811,268.25,274.0,266.0,272.95,7334
POKARNA,20260811,958.0,985.0,940.2,979.35,89786
POLICYBZR,20260811,1620.0,1747.0,1618.0,1733.0,3116309
POLYCAB,20260811,9275.0,9319.5,9025.0,9125.0,357090
POLYMED,20260811,1790.0,1897.0,1790.0,1863.9,1023997
POLYPLEX,20260811,1193.4,1235.3,1183.0,1229.6,461852
PONNIERODE,20260811,339.0,339.0,327.55,329.85,14866
POONAWALLA,20260811,477.15,488.4,474.1,487.2,1133685
POWERGRID,20260811,270.0,270.8,266.65,267.95,7553241
POWERICA,20260811,538.8,549.75,522.05,528.35,341355
POWERINDIA,20260811,36230.0,36590.0,34730.0,35000.0,215956
POWERMECH,20260811,2526.8,2550.9,2422.5,2442.3,97060
PPAP,20260811,290.05,296.25,290.05,290.05,16145
PPL,20260811,264.25,269.0,256.05,266.1,28639
PPLPHARMA,20260811,214.79,217.85,212.98,214.19,3675806
PRABHA,20260811,157.21,166.35,155.1,159.96,151132
PRADPME,20260811,522.8,522.8,516.0,516.9,5332
PRAENG,20260811,19.7,20.5,19.7,19.86,27445
PRAJIND,20260811,327.5,332.45,323.7,329.9,468851
PRAKASH,20260811,130.5,130.9,120.0,121.79,898445
PRAKASHSTL,20260811,4.02,4.02,3.91,3.97,71926
PRAVEG,20260811,277.7,281.65,273.0,273.85,41266
PRAXIS,20260811,7.0,7.22,6.8,7.05,46746
PRECAM,20260811,141.77,142.91,139.1,140.57,108202
PRECOT,20260811,779.55,790.0,772.3,784.0,1900
PRECWIRE,20260811,437.0,447.0,409.0,414.2,1291382
PREMCO,20260811,380.0,387.0,375.15,379.1,1560
PREMEXPLN,20260811,649.15,653.95,649.0,651.35,90281
PREMIER,20260811,2.83,2.97,2.7,2.9,39726
PREMIERENE,20260811,1044.1,1053.2,1033.2,1050.0,470027
PREMIERPOL,20260811,70.55,71.18,68.42,69.48,192798
PRESTIGE,20260811,1607.9,1643.5,1574.9,1585.9,1259961
PRICOLLTD,20260811,730.0,741.4,727.0,737.15,386743
PRIMESECU,20260811,303.0,315.0,295.0,295.45,38400
PRIMO,20260811,23.7,24.52,23.7,24.39,125187
PRINCEPIPE,20260811,272.0,274.0,269.7,271.05,93441
PRITI,20260811,36.5,36.98,35.77,36.49,2956
PRITIKAUTO,20260811,17.93,18.14,17.46,17.66,60206
PRIVISCL,20260811,3625.5,3636.4,3575.0,3586.7,51116
PROSTARM,20260811,146.5,149.06,144.46,147.56,343128
PROTEAN,20260811,574.0,574.0,561.2,563.7,116240
PROZONER,20260811,42.2,44.0,42.2,42.58,108611
PRSMJOHNSN,20260811,111.55,113.6,107.2,108.59,1223721
PRUDENT,20260811,3400.0,3434.0,3296.2,3401.4,71743
PRUDMOULI,20260811,13.24,13.48,12.81,12.81,5745
PSB,20260811,23.68,23.84,23.52,23.74,981423
PSPPROJECT,20260811,953.8,953.8,931.0,934.5,41688
PSUBANK,20260811,86.45,87.0,85.8,86.62,65913
PSUBANKADD,20260811,87.5,87.8,86.54,87.28,44448
PSUBNKBEES,20260811,98.59,98.59,95.55,96.45,1601387
PSUBNKIETF,20260811,87.55,87.83,86.86,87.43,334988
PTC,20260811,176.95,176.95,171.2,171.95,2078585
PTCIL,20260811,19370.0,19520.0,18822.0,18906.0,9492
PTL,20260811,39.23,39.54,38.8,38.94,51051
PUNJABCHEM,20260811,1108.7,1124.0,1093.4,1104.0,4651
PURVA,20260811,213.15,214.5,210.5,212.31,51348
PVP,20260811,34.66,36.29,33.79,34.46,1534352
PVRINOX,20260811,1160.0,1176.7,1130.1,1160.2,311344
PVSL,20260811,108.2,112.0,106.13,111.17,32454
PVTBANIETF,20260811,27.92,27.92,27.58,27.63,3040508
PVTBANK,20260811,28.22,28.22,27.32,27.42,3433
PVTBANKADD,20260811,27.91,28.2,27.73,27.86,494569
PVTBKGROWW,20260811,27.54,27.67,27.38,27.55,17439
PWL,20260811,127.6,128.6,125.05,125.52,5045638
PYRAMID,20260811,176.0,183.0,169.2,170.75,404016
QGOLDHALF,20260811,126.33,127.64,125.32,125.89,214135
QMSMEDI,20260811,111.85,114.99,111.85,114.14,10517
QNIFTY,20260811,270.4,270.6,269.4,269.7,1523
QPOWER,20260811,1239.3,1239.3,1239.3,1239.3,101112
QUADFUTURE,20260811,373.4,382.95,352.2,356.9,609754
QUAL30IETF,20260811,21.81,21.98,21.6,21.74,63528
QUALITY30,20260811,21.49,21.49,21.31,21.35,3589
QUESS,20260811,324.0,334.7,320.45,324.2,530160
QUICKHEAL,20260811,150.89,151.99,150.0,151.36,32543
QUINT,20260811,37.1,38.5,36.88,38.44,4168
RACE,20260811,109.77,109.78,106.0,108.08,1603
RACLGEAR,20260811,1400.0,1468.9,1376.1,1419.8,73482
RADAAN,20260811,3.1,3.1,3.01,3.02,8531
RADHIKAJWE,20260811,68.6,75.5,68.21,71.54,15597369
RADIANTCMS,20260811,38.56,38.56,38.2,38.23,59405
RADICO,20260811,4564.0,4566.3,4508.0,4545.0,210908
RADIOCITY,20260811,6.76,6.95,6.67,6.78,21824
RAILTEL,20260811,292.0,293.35,286.6,287.3,393033
RAIN,20260811,204.82,209.23,201.0,202.92,7599409
RAINBOW,20260811,1547.0,1547.0,1496.0,1504.1,68590
RAJESHEXPO,20260811,81.95,83.5,81.0,83.16,69790
RAJMET,20260811,3.34,3.35,3.28,3.34,190145
RAJOOENG,20260811,51.9,51.9,51.1,51.22,58107
RAJPALAYAM,20260811,839.5,839.5,821.0,822.1,559
RAJRATAN,20260811,528.0,537.95,517.0,518.6,72755
RAJRILTD,20260811,22.2,22.5,21.76,22.04,6451
RAJSREESUG,20260811,31.37,31.63,30.5,30.67,14044
RAJTV,20260811,10.42,10.59,10.11,10.16,36164
RALLIS,20260811,213.14,214.0,210.5,211.5,1077903
RAMANEWS,20260811,34.0,34.0,32.91,33.36,51060
RAMAPHO,20260811,120.25,123.49,120.25,122.52,21815
RAMASTEEL,20260811,4.67,4.67,4.67,4.67,496672
RAMBHAJO,20260811,190.01,195.0,183.47,187.61,1236465
RAMCOCEM,20260811,953.75,957.0,930.1,934.05,226890
RAMCOIND,20260811,373.3,388.95,364.05,370.6,2586362
RAMCOSYS,20260811,670.0,674.8,649.85,652.5,174251
RAMKY,20260811,386.1,398.95,381.6,396.25,58951
RAMRAT,20260811,456.5,456.5,446.0,449.5,114044
RANASUG,20260811,13.28,13.32,12.92,13.0,204131
RANEHOLDIN,20260811,1747.3,1789.0,1747.3,1776.2,10635
RATEGAIN,20260811,937.1,938.5,897.55,908.85,515196
RATNAMANI,20260811,2269.1,2284.9,2246.6,2255.0,59428
RATNAVEER,20260811,209.48,213.0,204.41,206.16,1847953
RAYMOND,20260811,630.0,638.25,621.1,624.3,275238
RAYMONDLSL,20260811,727.0,748.65,720.2,725.8,431860
RAYMONDREL,20260811,609.95,626.9,604.45,609.3,398555
RBA,20260811,90.96,95.34,90.8,92.65,12420460
RBLBANK,20260811,391.0,391.0,385.25,389.7,1413494
RBZJEWEL,20260811,151.92,155.4,151.92,154.46,88022
RCF,20260811,126.9,126.96,125.05,125.55,495003
RCOM,20260811,0.83,0.84,0.82,0.83,1686386
RECLTD,20260811,345.0,347.0,341.15,344.7,9711188
REDINGTON,20260811,354.25,364.5,352.7,354.55,3999369
REDTAPE,20260811,133.0,135.5,126.93,127.59,798210
REFEX,20260811,304.0,308.8,293.4,294.75,429327
REGAAL,20260811,83.95,87.5,83.11,86.54,134692
REGENCERAM,20260811,33.49,33.5,32.02,32.39,7205
RELAXO,20260811,424.45,428.15,420.35,421.65,120291
RELCHEMQ,20260811,128.01,129.4,125.27,126.0,1836
RELIABLE,20260811,148.42,149.0,144.98,147.07,4938
RELIANCE,20260811,1326.6,1328.7,1314.1,1323.9,9953124
RELIGARE,20260811,229.95,231.95,226.9,227.35,581550
RELINFRA,20260811,71.29,71.29,71.29,71.29,46580
RELTD,20260811,164.92,169.94,164.92,168.99,102723
REMSONSIND,20260811,88.71,91.7,88.35,90.55,130825
RENUKA,20260811,22.44,22.48,22.12,22.19,2348989
REPCOHOME,20260811,380.85,382.15,373.05,376.35,142973
REPL,20260811,65.1,66.99,65.0,66.03,3598
REPRO,20260811,352.5,353.0,329.2,332.15,45892
RESPONIND,20260811,169.02,169.75,166.1,166.93,51878
RETAIL,20260811,16.9,19.94,16.55,18.06,13921
RGL,20260811,117.9,118.58,113.13,115.2,803455
RHETAN,20260811,34.81,34.87,27.01,27.01,41881425
RHFL,20260811,1.8,1.84,1.78,1.81,937425
RHIM,20260811,429.0,432.4,413.0,415.55,1614800
RHL,20260811,173.67,173.67,168.92,169.72,1841
RICOAUTO,20260811,143.49,145.4,141.01,144.19,1588826
RIIL,20260811,755.0,756.0,741.35,744.3,33263
RIR,20260811,165.0,185.99,164.0,176.13,2174035
RISHABH,20260811,672.0,687.95,661.7,678.85,267937
RITCO,20260811,306.2,306.2,299.0,302.3,101539
RITES,20260811,232.0,232.65,225.16,226.67,451457
RKDL,20260811,18.53,19.47,18.53,18.97,4305
RKEC,20260811,26.0,26.99,25.1,25.73,55513
RKFORGE,20260811,738.8,761.8,737.6,751.35,1655288
RKSWAMY,20260811,108.5,108.8,104.0,104.97,36770
RMC,20260811,330.0,337.9,275.0,283.2,160310
RMDRIP,20260811,17.6,18.25,17.45,17.57,2229374
RML,20260811,1050.2,1123.5,1050.2,1095.3,54728
RNBDENIMS,20260811,9.0,9.07,8.92,8.98,177999
ROHLTD,20260811,328.2,328.2,306.0,312.2,80750
ROLEXRINGS,20260811,157.18,180.0,155.73,177.29,56026330
ROLLT,20260811,3.1,3.16,3.02,3.1,1607615
ROML,20260811,44.55,44.97,44.13,44.25,198
ROSSARI,20260811,507.0,511.95,502.0,504.9,33188
ROSSELLIND,20260811,58.0,58.0,56.01,56.84,15954
ROSSTECH,20260811,1094.5,1134.95,1060.0,1066.65,263474
ROTO,20260811,66.8,70.28,65.93,68.9,1491992
ROUTE,20260811,534.8,534.8,526.35,530.1,115526
RPEL,20260811,1324.0,1325.0,1288.4,1301.9,40929
RPGLIFE,20260811,2625.0,2688.0,2605.8,2633.4,6795
RPOWER,20260811,23.9,24.04,23.55,23.62,16181647
RPPINFRA,20260811,61.83,61.83,58.2,58.56,919429
RPPL,20260811,26.11,26.11,24.81,24.87,92313
RPSGVENT,20260811,919.55,923.9,900.0,903.05,10791
RPTECH,20260811,895.0,900.25,882.0,887.8,171516
RRIL,20260811,17.45,17.45,16.74,16.87,20609
RRKABEL,20260811,2763.0,2845.0,2738.0,2812.8,311904
RSDFIN,20260811,130.9,130.9,130.71,130.71,1075
RSL,20260811,155.7,157.5,150.52,153.31,1333800
RSSOFTWARE,20260811,31.0,31.56,31.0,31.56,15132
RSWM,20260811,205.15,211.05,202.73,207.84,43324
RSYSTEMS,20260811,250.0,252.35,244.3,244.95,240748
RTNINDIA,20260811,31.19,31.38,30.64,30.68,771345
RTNPOWER,20260811,8.64,8.7,8.51,8.54,8185285
RUBFILA,20260811,71.05,79.1,71.05,74.44,149253
RUBICON,20260811,1599.0,1684.1,1596.3,1655.1,565201
RUBYMILLS,20260811,373.85,383.0,362.0,367.35,8131
RUCHINFRA,20260811,5.82,5.86,5.67,5.83,34565
RUCHIRA,20260811,111.23,112.0,110.65,111.28,25224
RUDRA,20260811,18.0,18.23,17.6,18.17,21608
RUPA,20260811,162.0,164.69,158.1,158.76,245286
RUSHIL,20260811,16.9,17.18,16.85,17.02,179831
RUSTOMJEE,20260811,374.65,374.65,367.0,370.0,65086
RVHL,20260811,44.3,44.99,42.32,43.53,9189
RVNL,20260811,230.68,231.6,227.13,230.0,6399915
RVTH,20260811,731.0,735.0,703.65,713.05,847
S&SPOWER,20260811,318.0,330.0,318.0,321.9,1837
SAATVIKGL,20260811,417.05,428.0,416.1,426.7,39519
SADBHAV,20260811,8.81,9.3,8.81,8.92,88223
SADBHIN,20260811,2.67,2.67,2.61,2.61,73943
SADHNANIQ,20260811,3.32,3.32,3.11,3.32,8427223
SAFARI,20260811,1514.9,1514.9,1495.7,1500.2,13791
SAGARDEEP,20260811,24.93,25.29,23.7,24.69,46426
SAGCEM,20260811,172.09,177.4,171.5,175.06,152728
SAGILITY,20260811,44.1,44.34,42.78,43.02,19352431
SAHLIBHFI,20260811,75.21,77.39,73.18,75.0,6551
SAHYADRI,20260811,355.0,355.0,335.45,340.55,17184
SAIL,20260811,171.5,173.45,169.32,173.0,13260979
SAILIFE,20260811,1420.0,1472.8,1414.7,1444.4,717758
SAIPARENT,20260811,588.5,593.1,570.0,573.5,119738
SAKAR,20260811,917.0,980.0,911.45,953.75,288800
SAKHTISUG,20260811,17.42,17.58,17.03,17.08,87098
SAKSOFT,20260811,165.55,166.49,163.53,164.6,349996
SAKUMA,20260811,1.7,1.73,1.65,1.67,1004128
SALASAR,20260811,5.81,5.88,5.77,5.79,3498019
SALONA,20260811,240.16,250.01,240.16,248.65,1364
SALSTEEL,20260811,59.09,62.2,58.01,58.89,183964
SALZERELEC,20260811,570.0,592.05,561.6,569.9,176163
SAMBHAAV,20260811,6.39,6.8,6.26,6.56,51017
SAMBHV,20260811,121.9,122.34,118.2,118.62,893608
SAMHI,20260811,167.6,169.07,164.2,164.81,987515
SAMMAANCAP,20260811,161.3,164.98,160.7,163.4,4923510
SAMPANN,20260811,27.69,27.69,26.12,26.65,16264
SANATHAN,20260811,480.0,509.0,477.1,501.4,256945
SANDESH,20260811,1103.0,1115.95,1049.95,1085.25,8868
SANDHAR,20260811,646.2,672.4,605.85,621.95,957341
SANDUMA,20260811,205.9,207.75,203.5,204.39,332474
SANGAMIND,20260811,583.2,592.6,578.05,581.95,23220
SANGHVIMOV,20260811,510.05,524.8,509.3,516.95,496024
SANGINITA,20260811,56.77,56.77,56.77,56.77,17787
SANOFI,20260811,3323.0,3327.1,3297.0,3303.2,13843
SANOFICONR,20260811,4485.7,4572.2,4469.6,4553.0,2734
SANSERA,20260811,3765.0,3798.9,3636.0,3685.1,339512
SANSTAR,20260811,112.96,113.9,111.11,111.88,89133
SANWARIA,20260811,0.19,0.21,0.19,0.2,734529
SAPPHIRE,20260811,220.5,237.79,219.57,236.02,12485494
SAPPL,20260811,291.35,291.35,279.0,281.65,1790
SARDAEN,20260811,501.0,502.95,495.0,495.85,136343
SAREGAMA,20260811,529.0,543.3,525.0,529.1,378968
SARLAPOLY,20260811,100.19,101.22,99.5,100.89,40688
SARVESHWAR,20260811,3.4,3.52,3.4,3.49,950905
SASKEN,20260811,1903.0,1998.0,1871.5,1982.6,32622
SATIA,20260811,61.4,62.36,60.75,60.99,43262
SATIN,20260811,226.43,227.58,223.22,225.04,388170
SAURASHCEM,20260811,60.7,61.52,60.7,60.89,78503
SAYAJIHOTL,20260811,328.0,328.0,313.05,313.05,33
SBC,20260811,41.2,42.18,41.11,41.51,9555449
SBCL,20260811,1070.0,1092.0,1025.6,1039.2,1830519
SBFC,20260811,93.93,94.14,92.7,93.84,1358910
SBGLP,20260811,26.38,26.38,25.0,25.4,8428
SBIBPB,20260811,50.09,50.39,49.51,49.89,63878
SBICARD,20260811,655.0,655.45,647.6,650.05,659365
SBIETFCON,20260811,126.5,126.5,124.12,125.66,3753
SBIETFIT,20260811,354.95,354.95,350.6,351.39,7307
SBIETFPB,20260811,282.03,282.03,278.31,280.2,124640
SBIETFQLTY,20260811,230.23,230.23,228.5,228.67,1026
SBIFUNDS,20260811,570.25,571.9,567.1,568.45,1254557
SBILIFE,20260811,1866.0,1866.0,1815.5,1837.6,1089291
SBILIQETF,20260811,1051.28,1051.3,1051.28,1051.29,27001
SBIMIDMOM,20260811,64.51,65.27,63.77,64.2,15799
SBIN,20260811,1071.0,1071.0,1060.4,1066.0,9456913
SBINEQWETF,20260811,34.26,34.37,34.02,34.13,37685
SBINMID150,20260811,24.06,24.06,23.48,23.58,10755
SBISILVER,20260811,231.76,231.77,226.39,227.88,926940
SBISMLETF,20260811,18.7,18.7,18.23,18.42,27322
SBIVALETF,20260811,15.07,15.14,14.97,15.13,22871
SCANSTL,20260811,62.5,64.0,59.9,61.77,118676
SCHAEFFLER,20260811,4064.6,4210.0,4063.2,4151.3,91373
SCHAND,20260811,139.0,141.59,136.5,139.37,117973
SCHNEIDER,20260811,1432.0,1444.5,1380.2,1403.3,289741
SCI,20260811,295.8,298.65,291.35,293.95,1857143
SCILAL,20260811,41.1,42.19,40.8,40.9,135884
SCODATUBES,20260811,141.33,142.28,139.4,140.06,101421
SCPL,20260811,631.05,659.0,604.15,615.7,57939
SDBL,20260811,74.9,74.9,73.0,73.52,543904
SEAMECLTD,20260811,1546.1,1555.0,1533.8,1547.2,31356
SECMARK,20260811,130.0,130.0,123.8,125.07,1380
SECURKLOUD,20260811,19.49,19.5,18.68,19.04,11874
SEDEMAC,20260811,2945.0,3116.0,2900.0,3096.2,328793
SEIL,20260811,198.05,209.9,198.05,207.95,222392
SEJALLTD,20260811,719.65,719.65,688.9,699.55,14940
SELECTIPO,20260811,48.28,48.5,48.16,48.48,27147
SELMC,20260811,27.69,27.98,26.69,27.57,4073
SEMAC,20260811,300.0,316.4,300.0,305.1,114
SENCO,20260811,400.5,405.8,397.3,401.25,1263839
SENORES,20260811,1429.3,1496.3,1410.8,1475.7,417444
SENSEXADD,20260811,80.84,80.87,80.5,80.85,448
SENSEXAXIS,20260811,81.25,82.79,80.92,81.43,1147
SENSEXBETA,20260811,870.0,871.0,865.0,866.54,2166
SENSEXETF,20260811,81.02,81.02,80.57,80.7,11725
SENSEXIETF,20260811,906.75,906.98,899.04,900.62,21024
SEPC,20260811,6.23,6.25,6.05,6.09,9265227
SERVOTECH,20260811,85.12,85.51,83.02,83.37,400757
SESHAPAPER,20260811,234.75,234.75,230.1,233.0,34249
SETCO,20260811,17.7,17.7,17.57,17.57,146686
SETF10GILT,20260811,267.8,267.8,264.5,266.45,1375
SETFGOLD,20260811,128.66,130.87,128.66,129.56,5971158
SETFNIF50,20260811,265.15,265.34,263.06,263.77,396918
SETFNIFBK,20260811,592.74,592.74,588.2,590.53,11988
SETFNN50,20260811,803.25,807.2,797.97,800.85,19585
SETL,20260811,285.0,297.9,281.8,297.3,2174754
SETUINFRA,20260811,0.42,0.42,0.4,0.41,42540
SEYAIND,20260811,12.75,12.98,12.5,12.75,755
SFL,20260811,670.25,684.45,670.0,679.25,145990
SGFIN,20260811,672.0,676.55,655.05,660.2,358544
SGIL,20260811,619.9,626.3,604.1,608.6,4069
SGL,20260811,9.87,10.05,9.77,9.87,2722
SGMART,20260811,710.0,722.9,697.7,717.95,237055
SHADOWFAX,20260811,248.8,256.0,244.1,249.03,7502039
SHAH,20260811,3.9,4.09,3.9,4.05,9317922
SHAHALLOYS,20260811,69.89,73.8,69.21,69.7,23083
SHAILY,20260811,3356.9,3615.2,3337.4,3457.9,712478
SHAKTIPUMP,20260811,509.9,514.9,508.0,510.6,216206
SHALBY,20260811,161.87,163.0,161.01,161.67,34995
SHALPAINTS,20260811,85.75,88.0,82.2,83.87,336143
SHANKARA,20260811,141.08,142.5,141.08,142.22,41495
SHANTI,20260811,6.61,7.0,5.83,6.09,371623
SHANTIGEAR,20260811,401.8,407.95,396.0,399.4,23689
SHANTIGOLD,20260811,227.91,230.0,223.11,227.77,673789
SHARDACROP,20260811,812.6,815.0,803.1,806.4,95174
SHARDAMOTR,20260811,899.0,916.35,872.85,876.9,255139
SHARDUL,20260811,45.18,45.18,44.51,45.18,24367
SHAREINDIA,20260811,167.5,168.88,166.44,167.56,155026
SHARIABEES,20260811,474.0,479.56,472.56,475.4,6377
SHBAJRG,20260811,184.8,184.8,180.0,181.38,1305
SHEKHAWATI,20260811,13.69,16.52,13.23,16.52,219973
SHEMAROO,20260811,126.0,126.88,124.1,126.88,18546
SHILCTECH,20260811,4684.1,4699.9,4551.1,4581.7,19666
SHILPAMED,20260811,809.45,825.4,804.25,819.7,2415553
SHINDL,20260811,174.0,174.0,158.8,164.67,133009
SHIVALIK,20260811,259.7,264.0,250.4,256.85,14594
SHIVAMAUTO,20260811,17.59,17.59,17.24,17.24,4720
SHIVAMILLS,20260811,67.0,67.0,61.23,61.98,2249
SHIVATEX,20260811,163.0,165.0,160.26,163.84,1132
SHIVAUM,20260811,430.05,445.0,423.0,425.2,134516
SHK,20260811,170.71,174.29,169.81,172.69,572680
SHOPERSTOP,20260811,428.0,430.65,422.5,427.7,54821
SHRADHA,20260811,34.99,34.99,33.02,33.73,40855
SHREDIGCEM,20260811,71.0,72.99,71.0,72.24,51725
SHREECEM,20260811,26135.0,26135.0,25450.0,25510.0,15647
SHREEJISPG,20260811,664.8,667.15,617.55,629.75,3467381
SHREEPUSHK,20260811,410.0,417.85,408.0,413.6,18171
SHREERAMA,20260811,37.91,38.7,37.86,38.09,24175
SHRENIK,20260811,0.32,0.33,0.31,0.32,584487
SHREYANIND,20260811,143.5,143.77,139.5,140.15,4498
SHRINGARMS,20260811,234.9,242.0,231.0,233.35,813752
SHRIPISTON,20260811,4450.0,4475.0,4341.0,4419.1,48152
SHRIRAMFIN,20260811,1135.8,1135.8,1121.2,1129.9,3789090
SHRIRAMPPS,20260811,86.64,86.8,85.67,86.26,272291
SHYAMCENT,20260811,5.15,5.19,5.01,5.09,30231
SHYAMMETL,20260811,1003.1,1003.1,977.0,984.8,684760
SHYAMTEL,20260811,14.99,15.49,14.31,14.82,2669
SICAGEN,20260811,66.84,66.84,60.0,60.0,320485
SICALLOG,20260811,102.0,107.17,101.1,107.17,28777
SIEMENS,20260811,3924.0,4040.0,3854.6,4011.0,1266007
SIGACHI,20260811,25.02,26.08,25.02,25.81,509440
SIGIND,20260811,69.5,73.5,69.5,71.49,128779
SIGMA,20260811,47.25,48.0,46.91,47.13,189162
SIGMAADV,20260811,700.0,709.95,690.0,701.45,150689
SIGNATURE,20260811,822.0,824.0,811.4,814.9,168942
SIGNPOST,20260811,267.7,273.15,267.15,270.75,47466
SIKA,20260811,1063.1,1124.8,1063.1,1102.6,24009
SIKKO,20260811,6.1,6.1,5.81,5.81,339093
SIL,20260811,21.7,21.7,20.08,20.91,1432157
SILGO,20260811,68.16,70.64,66.55,68.72,219514
SILINV,20260811,439.7,439.7,424.95,426.5,1027
SILLYMONKS,20260811,15.75,16.68,15.75,16.16,2429
SILVER,20260811,234.7,235.79,230.65,232.18,1452441
SILVER1,20260811,22.55,22.86,22.42,22.56,8017274
SILVER360,20260811,230.5,231.48,226.63,227.85,31689
SILVERADD,20260811,226.49,227.18,222.75,223.97,730701
SILVERAG,20260811,227.99,229.11,224.98,226.69,270138
SILVERAXIS,20260811,234.12,234.13,229.69,231.09,1278325
SILVERBEES,20260811,224.4,225.59,220.9,222.32,39896251
SILVERBETA,20260811,226.19,227.34,223.1,224.85,917475
SILVERBND,20260811,234.62,239.99,231.65,234.18,21460
SILVERCASE,20260811,22.92,23.95,22.8,23.57,12090323
SILVERIETF,20260811,224.44,235.4,224.44,232.14,4789277
SILVERTUC,20260811,206.0,210.0,205.0,206.52,509162
SIMBHALS,20260811,7.23,7.23,6.82,6.91,5618
SIMPLEXINF,20260811,260.06,269.5,254.63,263.49,238597
SINCLAIR,20260811,77.0,77.98,76.21,77.6,15312
SINDHUTRAD,20260811,24.66,24.87,24.34,24.45,140831
SINGERIND,20260811,68.6,77.57,68.25,76.09,742804
SINTERCOM,20260811,86.0,86.0,83.11,84.83,3898
SIRCA,20260811,453.0,454.95,435.75,442.35,335775
SIS,20260811,429.85,439.7,427.3,437.55,116676
SITINET,20260811,0.29,0.3,0.28,0.29,698735
SIYSIL,20260811,620.0,634.65,618.05,632.25,86951
SJS,20260811,2399.5,2429.7,2369.5,2402.8,294658
SJVN,20260811,67.9,68.1,66.9,67.24,2242721
SKFINDIA,20260811,1535.4,1549.5,1521.0,1522.7,24799
SKFINDUS,20260811,2742.1,2764.3,2705.3,2730.0,10112
SKIPPER,20260811,532.4,537.5,520.0,526.25,1107540
SKMEGGPROD,20260811,253.69,269.0,251.21,262.57,1232242
SKYGOLD,20260811,782.65,801.0,780.0,790.05,1562876
SMALL250,20260811,18.38,18.48,18.01,18.44,178110
SMALLADD,20260811,18.5,19.5,18.44,18.8,60272
SMALLCAP,20260811,49.47,49.47,47.78,48.42,1362858
SMALLGROWW,20260811,48.5,48.82,48.35,48.67,3340
SMALLIETF,20260811,18.45,18.45,18.37,18.41,38835
SMARTLINK,20260811,225.0,225.0,212.0,214.05,4936
SMARTWORKS,20260811,481.9,484.85,473.9,478.1,127857
SMCGLOBAL,20260811,78.82,79.9,78.1,79.42,350170
SML100CASE,20260811,11.33,11.33,11.26,11.29,762663
SMLMAH,20260811,5205.0,5445.0,5060.5,5208.5,219413
SMLT,20260811,70.98,70.98,67.0,69.45,3532
SMSPHARMA,20260811,370.2,380.0,367.3,378.75,192047
SNOWMAN,20260811,39.11,39.69,38.36,38.62,152414
SNXT30BEES,20260811,44.12,44.12,43.5,43.82,3072
SNXT50BETA,20260811,96.29,96.65,96.14,96.37,2207
SOBHA,20260811,1374.0,1374.0,1337.0,1342.1,265077
SOFTTECH,20260811,421.4,432.0,421.4,423.1,3788
SOLARA,20260811,514.6,520.0,504.0,508.7,131956
SOLARINDS,20260811,18819.0,18819.0,18420.0,18770.0,81535
SOLARWORLD,20260811,168.01,168.01,164.0,164.61,146694
SOLEX,20260811,909.25,924.0,898.25,909.5,25182
SOMANYCERA,20260811,503.2,517.0,495.85,510.25,98120
SOMATEX,20260811,94.0,96.07,92.02,93.52,6194
SOMICONVEY,20260811,98.4,98.4,93.2,95.38,17558
SONACOMS,20260811,808.45,821.0,798.0,800.0,1377316
SONAL,20260811,86.85,91.0,86.85,90.99,128
SONAMLTD,20260811,54.25,55.95,54.25,54.72,17143
SONATSOFTW,20260811,320.1,334.9,318.8,333.9,1316572
SOTL,20260811,691.0,718.5,687.55,700.05,381189
SOUTHBANK,20260811,46.0,46.04,45.37,45.81,6729091
SOUTHWEST,20260811,231.49,235.85,227.6,228.23,78035
SPAL,20260811,1068.0,1082.95,1054.7,1074.5,69139
SPANDANA,20260811,252.65,254.1,248.3,249.25,142688
SPARC,20260811,207.38,211.0,204.2,205.26,814470
SPCENET,20260811,3.9,4.0,3.58,3.82,419733
SPECIALITY,20260811,158.99,167.46,154.0,158.6,653579
SPECTRUM,20260811,2530.2,2530.2,2403.7,2403.7,3644
SPENCERS,20260811,32.18,32.97,30.65,31.53,94328
SPIC,20260811,67.67,67.99,66.2,66.87,187322
SPLIL,20260811,32.28,33.25,30.45,31.03,14390
SPLPETRO,20260811,693.0,699.25,681.85,685.25,66360
SPMLINFRA,20260811,186.5,191.38,185.5,186.43,191405
SPORTKING,20260811,209.32,211.62,206.0,208.19,355882
SRD,20260811,37.9,37.97,37.0,37.05,16796
SREEL,20260811,222.32,237.9,219.5,230.7,63959
SRF,20260811,2610.0,2613.1,2550.0,2570.0,377687
SRGHFL,20260811,287.05,287.05,262.15,272.1,35543
SRHHYPOLTD,20260811,499.55,507.9,486.1,500.95,13055
SRM,20260811,514.65,518.6,510.0,512.8,32256
SRTL,20260811,40.3,40.49,40.03,40.08,40889
SSDL,20260811,54.0,56.0,53.37,54.81,9195
SSWL,20260811,324.0,324.0,315.2,317.4,354982
STALLION,20260811,250.9,250.9,241.3,241.3,237023
STANLEY,20260811,143.19,146.59,141.57,143.48,181498
STAR,20260811,1012.4,1012.4,986.0,1002.8,188504
STARCEMENT,20260811,199.45,200.99,195.91,197.98,183219
STARHEALTH,20260811,574.95,587.9,567.0,584.7,469134
STARPAPER,20260811,153.81,154.5,151.02,154.07,6497
STARTECK,20260811,257.95,261.2,255.5,259.8,7161
STCINDIA,20260811,119.4,119.89,118.1,119.01,12234
STEELCAS,20260811,333.4,335.65,324.35,328.4,94136
STEELCITY,20260811,82.94,83.39,81.1,81.29,11493
STEELXIND,20260811,10.9,10.95,10.06,10.71,10867007
STEL,20260811,530.0,542.05,525.3,534.65,2884
STERTOOLS,20260811,231.65,231.65,220.6,222.3,56232
STLNETWORK,20260811,25.06,26.33,24.85,26.15,2107295
STLTECH,20260811,622.55,632.3,613.0,620.0,1089116
STOVEKRAFT,20260811,808.9,810.7,786.55,792.85,96213
STUDDS,20260811,432.25,441.25,412.3,421.4,146823
STYL,20260811,413.0,418.9,410.8,412.45,98251
STYLAMIND,20260811,3652.0,3652.1,3542.4,3568.7,32486
STYLEBAAZA,20260811,353.0,353.45,347.95,353.45,1709464
STYRENIX,20260811,2260.0,2266.0,2201.0,2230.5,59215
SUBEXLTD,20260811,14.0,14.18,13.89,13.97,622560
SUBROS,20260811,778.0,778.6,762.0,765.6,69050
SUDARCOLOR,20260811,410.7,410.7,405.1,406.55,7463
SUDARSCHEM,20260811,1122.1,1131.9,1102.2,1110.0,170216
SUDEEPPHRM,20260811,1066.0,1158.6,1060.0,1108.4,1156050
SUKHJITS,20260811,160.21,164.0,160.21,161.37,3917
SULA,20260811,153.0,154.68,151.62,152.3,224614
SUMEETINDS,20260811,15.6,15.6,15.6,15.6,1605105
SUMICHEM,20260811,563.85,569.0,553.6,558.1,798062
SUMIT,20260811,56.9,56.9,51.02,52.32,35871
SUMMITSEC,20260811,1459.5,1485.3,1456.0,1463.9,3093
SUNCLAY,20260811,1240.4,1275.0,1216.0,1221.4,13087
SUNDARAM,20260811,1.27,1.27,1.23,1.23,409364
SUNDARMFIN,20260811,4567.0,4575.0,4434.1,4447.4,33030
SUNDRMBRAK,20260811,808.0,808.0,777.05,799.8,940
SUNDRMFAST,20260811,1200.0,1226.0,1177.0,1210.05,1057516
SUNDROP,20260811,667.2,680.25,660.65,674.85,16775
SUNFLAG,20260811,384.0,384.4,363.15,369.0,222995
SUNPHARMA,20260811,1939.0,1951.1,1928.6,1942.0,2125972
SUNTECK,20260811,297.2,298.15,294.75,296.55,96946
SUNTV,20260811,491.0,491.0,481.9,483.7,147437
SUPERHOUSE,20260811,159.98,162.8,158.36,160.89,709
SUPERSPIN,20260811,6.12,6.12,6.12,6.12,1726
SUPRAJIT,20260811,528.95,533.95,525.85,531.25,114685
SUPREME,20260811,43.54,44.7,43.0,44.43,6353
SUPREMEENG,20260811,2.37,2.37,2.37,2.37,208581
SUPREMEIND,20260811,3475.1,3489.0,3396.1,3435.0,182104
SUPREMEINF,20260811,86.0,92.89,85.1,85.46,60434
SUPRIYA,20260811,915.1,939.8,845.0,851.0,902543
SURAJEST,20260811,208.0,218.0,208.0,208.78,246553
SURAJLTD,20260811,223.87,224.14,218.0,223.64,44
SURAKSHA,20260811,265.0,277.7,257.5,258.25,394091
SURANASOL,20260811,26.69,26.74,26.15,26.3,28262
SURANAT&P,20260811,16.5,16.74,15.57,16.31,240422
SURYALA,20260811,408.25,408.25,390.05,392.25,1577
SURYALAXMI,20260811,60.63,61.88,59.01,59.65,5384
SURYAROSNI,20260811,249.0,253.0,229.25,235.83,5245651
SURYODAY,20260811,162.5,164.75,160.86,163.66,497920
SUTLEJTEX,20260811,38.38,38.49,38.03,38.1,39754
SUVEN,20260811,333.0,344.65,330.6,340.5,786595
SUVIDHAA,20260811,2.52,2.59,2.52,2.54,60968
SUYOG,20260811,855.0,880.75,844.2,855.3,24530
SUZLON,20260811,47.59,47.71,47.1,47.5,37012060
SVLL,20260811,754.6,756.0,746.0,746.05,1444
SVPGLOB,20260811,4.07,4.07,3.8,3.97,25593
SWANCORP,20260811,307.5,313.35,307.5,311.25,933299
SWANDEF,20260811,2622.5,2750.0,2500.0,2573.8,21643
SWARAJENG,20260811,3623.4,3623.4,3590.0,3597.9,4836
SWELECTES,20260811,691.25,699.45,680.0,688.95,27575
SWIGGY,20260811,279.0,281.3,273.1,280.5,12129143
SWSOLAR,20260811,204.15,204.87,202.4,202.98,409231
SYMPHONY,20260811,647.4,649.2,640.0,641.15,62590
SYNCOMF,20260811,14.61,14.91,14.22,14.53,4933856
SYNGENE,20260811,404.9,408.0,402.0,407.25,405459
SYRMA,20260811,1516.4,1543.0,1486.9,1494.8,1508375
SYSTMTXC,20260811,59.39,60.5,58.0,59.95,121151
TAALTECH,20260811,4500.3,4550.1,4324.0,4334.8,4599
TAINWALCHM,20260811,201.0,204.9,201.0,203.21,3689
TAJGVK,20260811,353.9,360.0,351.45,358.7,62070
TAKE,20260811,23.27,23.45,22.22,23.25,1330458
TALBROAUTO,20260811,425.0,425.05,407.2,409.95,141590
TAMBOLIIN,20260811,223.1,230.0,223.1,226.06,2859
TANLA,20260811,633.0,645.6,613.65,616.65,799037
TARACHAND,20260811,48.65,50.5,48.65,49.56,112213
TARAPUR,20260811,14.72,15.48,14.3,14.56,68098
TARC,20260811,131.38,132.0,126.41,128.98,501810
TARIL,20260811,299.3,300.4,296.5,297.1,536493
TARMAT,20260811,54.8,59.0,53.9,56.81,116619
TARSONS,20260811,290.0,304.85,288.0,297.2,476243
TASTYBITE,20260811,9489.5,9666.0,9302.0,9357.0,6123
TATACAP,20260811,367.6,370.55,366.5,367.2,1019980
TATACHEM,20260811,670.0,671.2,666.35,668.75,221903
TATACOMM,20260811,1731.0,1759.0,1705.2,1746.1,259631
TATACONSUM,20260811,1108.7,1109.6,1074.6,1078.0,1933872
TATAELXSI,20260811,3810.0,3837.6,3775.1,3795.0,145353
TATAGOLD,20260811,14.99,14.99,14.63,14.74,64442513
TATAINVEST,20260811,687.9,693.9,680.6,688.75,257928
TATAPOWER,20260811,382.0,382.0,377.5,380.0,2965048
TATASTEEL,20260811,190.24,190.56,186.78,188.25,20973262
TATATECH,20260811,879.05,891.0,861.1,865.2,1561457
TATSILV,20260811,22.9,22.9,22.45,22.57,54572712
TATVA,20260811,1793.9,1810.0,1770.0,1785.5,39462
TBOTEK,20260811,1610.0,1655.0,1591.9,1639.7,119073
TBZ,20260811,277.6,288.5,275.0,282.05,1576487
TCC,20260811,275.95,276.4,263.95,266.75,24291
TCI,20260811,942.0,947.75,925.25,935.35,12443
TCIEXP,20260811,547.9,547.9,539.9,542.8,65261
TCIFINANCE,20260811,15.01,15.4,14.2,14.81,15277
TCPLPACK,20260811,3337.9,3960.0,3240.0,3675.8,68986
TCS,20260811,2438.0,2456.6,2428.0,2445.7,1514105
TDPOWERSYS,20260811,1240.1,1284.0,1221.0,1275.6,1262968
TEAMGTY,20260811,229.75,229.75,224.8,224.8,170
TEAMLEASE,20260811,1247.0,1256.8,1237.0,1246.6,14091
TECH,20260811,34.98,34.98,34.39,34.82,42970
TECHM,20260811,1645.9,1660.3,1640.0,1643.0,1923031
TECHNOE,20260811,1079.0,1079.0,1051.1,1058.05,136004
TECHNVISN,20260811,5649.8,5649.8,5252.2,5347.4,388
TECILCHEM,20260811,9.28,9.28,8.3,8.49,21372
TEGA,20260811,1625.0,1662.8,1614.5,1647.1,69665
TEJASNET,20260811,526.8,547.15,526.5,533.6,3096988
TEMBO,20260811,62.1,65.55,61.2,61.7,4555558
TENNIND,20260811,560.0,560.0,549.0,550.6,398715
TERASOFT,20260811,412.0,424.0,405.3,415.95,17587
TEXINFRA,20260811,111.07,113.5,110.52,112.23,171103
TEXMOPIPES,20260811,43.9,44.0,42.51,42.7,14086
TEXRAIL,20260811,108.74,109.77,107.0,107.34,1086776
TFCILTD,20260811,115.22,116.83,115.22,115.6,11603923
TFL,20260811,10.89,12.0,10.89,11.43,6798
TGBHOTELS,20260811,9.49,9.49,9.02,9.02,71305
THACKER,20260811,1049.2,1049.2,1049.2,1049.2,6
THAKDEV,20260811,156.7,156.7,142.11,144.9,2282
THANGAMAYL,20260811,5400.0,5430.0,5151.0,5228.0,145780
THEINVEST,20260811,101.99,102.4,96.1,96.74,5270
THEJO,20260811,2260.0,2286.6,2138.2,2154.5,8552
THELEELA,20260811,505.5,515.3,500.5,512.25,268991
THEMISMED,20260811,111.96,114.97,108.62,113.11,104658
THERMAX,20260811,4068.5,4084.4,4006.0,4025.7,116700
THOMASCOOK,20260811,105.81,110.5,105.72,109.43,2724931
THOMASCOTT,20260811,345.0,350.0,338.0,347.9,68208
THYROCARE,20260811,626.8,656.0,616.05,649.35,615933
TI,20260811,503.0,526.9,501.75,520.75,1907265
TICL,20260811,10.39,10.39,9.71,10.04,20260
TIGERLOGS,20260811,26.67,26.98,25.8,25.99,113202
TIIL,20260811,2683.9,2685.9,2575.0,2608.9,24647
TIINDIA,20260811,2816.0,2821.4,2750.3,2780.0,152287
TIJARIA,20260811,5.92,6.06,5.2,5.44,352378
TIL,20260811,232.5,233.5,223.0,227.95,163688
TIMETECHNO,20260811,207.2,212.1,205.0,207.28,3667246
TIMEX,20260811,566.0,574.85,557.3,573.1,217749
TIMKEN,20260811,3283.9,3295.0,3164.7,3211.6,29214
TINNARUBR,20260811,1122.0,1142.0,1122.0,1137.3,54852
TIPSFILMS,20260811,389.3,389.3,373.0,375.75,6976
TIPSMUSIC,20260811,670.0,673.0,654.05,669.1,214480
TIRUMALCHM,20260811,164.29,166.09,162.0,162.64,220386
TIRUPATIFL,20260811,69.5,70.99,67.7,68.21,161104
TITAGARH,20260811,839.95,850.15,834.65,844.8,291675
TITAN,20260811,5090.0,5168.0,5090.0,5128.0,1664853
TMB,20260811,881.5,886.25,862.55,867.0,125939
TMCV,20260811,450.25,452.5,444.1,450.05,5954856
TMPV,20260811,345.5,348.7,344.25,347.6,4864857
TNIDETF,20260811,90.0,92.0,89.51,91.22,115594
TNPETRO,20260811,99.99,106.0,98.0,103.77,779736
TNPL,20260811,153.88,155.37,150.9,154.02,207979
TNTELE,20260811,9.39,9.89,9.11,9.21,28943
TOKYOPLAST,20260811,80.0,82.8,76.43,81.28,3737
TOLINS,20260811,101.25,102.9,101.25,102.47,24118
TOP100CASE,20260811,10.99,10.99,10.68,10.77,363302
TOP10ADD,20260811,89.07,89.69,88.9,89.2,253196
TOP15IETF,20260811,10.19,10.23,10.07,10.09,62280
TOP20,20260811,9.13,9.13,9.08,9.12,36670
TORNTPHARM,20260811,4942.5,4942.5,4831.0,4886.0,360860
TORNTPOWER,20260811,1349.0,1349.0,1323.5,1330.4,195941
TOTAL,20260811,66.32,66.65,63.1,63.61,11902
TOUCHWOOD,20260811,74.05,74.05,66.53,67.36,3631
TPHQ,20260811,0.41,0.42,0.41,0.41,635541
TPLPLASTEH,20260811,76.25,76.96,74.52,75.89,156262
TRACXN,20260811,29.72,30.19,29.52,29.84,111575
TRANSPEK,20260811,1181.0,1225.0,1175.0,1195.4,1257
TRANSRAILL,20260811,478.6,481.1,471.95,473.4,284715
TRANSWORLD,20260811,157.3,159.82,155.1,157.78,7018
TRAVELFOOD,20260811,1396.9,1415.1,1372.6,1389.0,81962
TREEHOUSE,20260811,6.39,6.39,6.17,6.23,23734
TREJHARA,20260811,168.0,171.89,165.0,165.54,35183
TREL,20260811,28.09,28.1,26.96,27.17,193756
TRENT,20260811,3024.5,3029.8,2990.3,3000.0,589607
TRF,20260811,234.55,237.5,231.73,235.52,8421
TRIDENT,20260811,24.81,24.94,24.78,24.83,2024403
TRIGYN,20260811,53.76,54.62,52.81,53.8,37336
TRITURBINE,20260811,590.0,612.0,586.1,600.35,3884248
TRIVENI,20260811,245.4,247.0,238.01,238.4,620120
TRU,20260811,4.64,4.64,4.32,4.39,103087
TRUALT,20260811,480.95,482.75,473.1,478.1,203745
TSFINV,20260811,435.0,437.4,427.0,428.8,33725
TTKHLTCARE,20260811,1050.0,1115.9,1050.0,1085.3,22597
TTKPRESTIG,20260811,607.0,613.1,586.2,589.95,92790
TTL,20260811,5.97,6.0,5.5,5.74,178457
TTML,20260811,39.05,39.15,38.7,38.81,747259
TURTLEMINT,20260811,115.5,131.0,113.83,125.88,1296728
TVSELECT,20260811,461.1,469.95,458.0,459.35,62604
TVSHLTD,20260811,14635.0,14800.0,14512.0,14607.0,3999
TVSMOTOR,20260811,4460.0,4460.0,4370.0,4400.0,944062
TVSSCS,20260811,132.5,132.5,123.45,126.11,1312533
TVSSRICHAK,20260811,3954.5,3983.9,3915.1,3944.7,1030
TVTODAY,20260811,113.8,114.99,113.01,114.15,23427
TVVISION,20260811,4.35,4.43,4.04,4.04,35529
TWCGOLDETF,20260811,152.5,152.5,150.48,151.59,8715
UBL,20260811,1389.7,1405.0,1382.8,1400.0,69371
UCAL,20260811,119.65,121.96,116.1,117.65,10279
UCOBANK,20260811,26.02,26.23,25.92,26.12,2845024
UDS,20260811,211.95,211.95,206.15,208.28,200266
UEL,20260811,284.2,284.2,257.14,273.12,135936
UFBL,20260811,809.0,828.9,783.0,811.05,110749
UFLEX,20260811,491.7,509.9,491.2,497.05,101966
UFO,20260811,67.0,69.3,67.0,67.66,41014
UGARSUGAR,20260811,46.8,47.34,45.35,45.51,147767
UGROCAP,20260811,96.93,96.94,95.05,95.68,121313
UJJIVANSFB,20260811,70.4,70.98,69.6,70.14,9888564
ULTRACEMCO,20260811,12036.0,12061.0,11720.0,11780.0,184916
ULTRAMAR,20260811,401.0,404.9,380.0,388.1,65728
UMAEXPORTS,20260811,20.01,20.38,19.55,20.14,4003
UMESLTD,20260811,5.82,5.94,5.82,5.94,29611
UMIYA-MRO,20260811,89.35,89.89,88.5,88.61,5121
UNICHEMLAB,20260811,510.05,600.0,501.25,573.8,3187762
UNIDT,20260811,242.98,242.98,225.3,232.95,2376
UNIECOM,20260811,84.82,85.0,83.96,84.2,145211
UNIENTER,20260811,97.0,98.73,96.1,96.92,2215
UNIINFO,20260811,12.23,12.6,11.65,12.4,5692
UNIMECH,20260811,1469.9,1479.5,1405.4,1421.4,164201
UNIONBANK,20260811,181.94,184.85,179.88,182.5,14742300
UNIONGOLD,20260811,149.6,150.3,147.85,148.65,14354
UNIPARTS,20260811,831.0,831.0,804.25,806.2,183796
UNITDSPR,20260811,1513.2,1548.7,1513.2,1548.7,546668
UNITECH,20260811,4.05,4.13,4.01,4.06,4050102
UNITEDPOLY,20260811,29.96,31.4,29.51,31.06,57148
UNITEDTEA,20260811,469.15,471.9,460.0,464.8,1088
UNIVASTU,20260811,130.0,138.82,130.0,138.82,557671
UNIVCABLES,20260811,1715.0,1774.9,1650.0,1669.4,600029
UNIVPHOTO,20260811,466.7,470.0,446.0,454.95,1255
UNOMINDA,20260811,1288.9,1291.1,1267.0,1275.0,496593
UPL,20260811,567.0,570.9,564.0,568.0,981675
URAVIDEF,20260811,109.79,112.8,106.0,109.99,7313
URBANCO,20260811,139.96,140.8,137.5,139.75,2742433
URJA,20260811,9.65,9.7,9.51,9.64,670324
USHAMART,20260811,520.4,520.4,507.1,509.9,233948
USK,20260811,21.65,21.9,21.12,21.49,22756
UTIAMC,20260811,911.0,911.0,903.25,905.8,59431
UTKARSHBNK,20260811,14.09,14.09,13.87,14.0,2835435
UTLSOLAR,20260811,406.35,406.35,392.0,394.65,262437
UTTAMSUGAR,20260811,252.0,255.0,247.01,252.88,180070
UYFINCORP,20260811,21.3,21.35,19.97,19.97,118129
V2RETAIL,20260811,218.4,224.99,218.0,224.32,931470
VADILALIND,20260811,7380.0,7434.5,7230.5,7361.0,13107
VAIBHAVGBL,20260811,238.45,240.7,236.8,237.65,207796
VAISHALI,20260811,8.01,8.79,7.92,8.18,180795
VAKRANGEE,20260811,6.02,6.09,5.95,6.0,745422
VAL30IETF,20260811,15.54,15.56,15.4,15.45,146896
VALIANTLAB,20260811,71.2,71.2,71.2,71.2,7984
VALIANTORG,20260811,305.0,312.0,298.1,309.85,84117
VALUE,20260811,16.44,16.44,16.35,16.35,33097
VALUEAXIS,20260811,33.45,33.48,33.12,33.2,63470
VAML,20260811,475.6,481.7,459.75,463.5,10034455
VARDHACRLC,20260811,45.2,45.55,44.0,44.11,29392
VARDMNPOLY,20260811,6.92,6.92,6.4,6.44,555979
VARROC,20260811,822.0,854.65,813.45,842.15,823462
VASCONEQ,20260811,34.88,35.19,31.88,32.03,1526141
VASWANI,20260811,52.57,52.8,51.2,51.37,11443
VBL,20260811,445.5,448.5,435.4,437.0,5820816
VCL,20260811,1.47,1.47,1.33,1.47,3236113
VEDL,20260811,284.9,286.4,275.0,275.0,13475283
VEDPOWER,20260811,36.7,37.68,36.0,36.61,49965525
VEEDOL,20260811,1565.0,1565.0,1510.0,1531.3,68253
VELJAN,20260811,1700.0,1747.8,1690.0,1700.1,164
VENKEYS,20260811,1569.4,1679.0,1470.1,1537.8,974457
VENTIVE,20260811,599.3,601.9,593.0,596.75,19076
VENUSPIPES,20260811,1640.5,1643.9,1580.2,1597.3,137601
VENUSREM,20260811,1494.0,1593.0,1446.9,1568.7,98755
VERANDA,20260811,245.4,252.0,241.2,248.15,203461
VERTOZ,20260811,35.55,36.0,35.5,35.89,39148
VESUVIUS,20260811,465.8,465.8,456.3,457.15,57155
VETO,20260811,122.95,122.95,120.0,121.68,12363
VGL,20260811,61.25,61.8,60.44,60.76,9464
VGUARD,20260811,321.0,327.95,320.85,324.3,1811390
VHL,20260811,3530.1,3570.6,3475.0,3487.1,365
VHLTD,20260811,128.89,131.75,128.0,129.91,17759
VIDHIING,20260811,313.2,319.0,310.0,315.7,11591
VIDYAWIRES,20260811,98.8,99.72,96.5,97.69,1760943
VIJAYA,20260811,1389.1,1441.8,1382.9,1428.2,179249
VIJIFIN,20260811,11.69,11.69,11.69,11.69,35629
VIKASECO,20260811,1.12,1.13,1.11,1.11,1809865
VIKASLIFE,20260811,1.26,1.27,1.25,1.26,1868186
VIKRAMSOLR,20260811,157.56,161.0,155.81,160.61,2604944
VIKRAN,20260811,73.5,74.69,72.29,73.64,1886369
VIMTALABS,20260811,650.0,654.0,636.0,643.25,179001
VINATIORGA,20260811,1329.0,1329.0,1308.6,1315.3,22432
VINCOFE,20260811,147.0,150.21,145.5,149.0,2778308
VINDHYATEL,20260811,2498.4,2544.0,2405.0,2429.0,102596
VINEETLAB,20260811,36.37,37.43,35.01,37.43,41991
VINNY,20260811,1.05,1.08,1.05,1.07,1000042
VINYLINDIA,20260811,243.89,245.38,241.21,242.08,9501
VIPCLOTHNG,20260811,20.28,20.28,20.05,20.21,54320
VIPIND,20260811,315.0,319.0,314.8,316.9,122220
VIPULLTD,20260811,13.1,13.1,13.1,13.1,68594
VIRINCHI,20260811,15.63,15.8,15.17,15.29,69865
VISACHROME,20260811,37.9,38.46,37.18,37.56,6328
VISAKAIND,20260811,102.2,103.45,99.51,100.21,861792
VISHNU,20260811,582.2,591.75,580.9,587.15,56438
VISHWARAJ,20260811,5.45,5.45,5.37,5.39,112092
VISL,20260811,38.81,38.81,37.9,38.81,91473003
VITAL,20260811,52.47,52.47,52.21,52.47,12471
VIVIANA,20260811,695.1,710.0,690.0,691.35,14620
VIVIDHA,20260811,0.53,0.61,0.53,0.54,467324
VIVIMEDLAB,20260811,4.93,5.12,4.75,5.12,211177
VIYASH,20260811,274.9,279.0,256.3,261.45,6709993
VLEGOV,20260811,10.53,10.53,10.53,10.53,17319
VLSFINANCE,20260811,265.0,269.9,257.05,261.2,17965
VMART,20260811,818.05,823.0,807.6,814.7,78315
VMM,20260811,108.6,110.67,107.98,110.25,7578617
VMSTMT,20260811,48.35,50.9,48.35,50.02,276173
VOEPL,20260811,495.65,508.25,482.8,491.0,68589
VOGL,20260811,40.5,41.3,38.76,39.67,159518246
VOLTAMP,20260811,10302.5,10344.5,9975.0,10017.0,17427
VOLTAS,20260811,1277.9,1287.8,1269.1,1280.0,529635
VPRPL,20260811,38.0,42.75,37.7,40.69,5499808
VRAJ,20260811,126.0,129.99,124.75,125.32,38129
VRLLOG,20260811,284.5,310.0,284.5,305.25,1925689
VSSL,20260811,337.45,337.45,325.65,332.7,130909
VSTIND,20260811,220.0,220.0,218.2,218.96,151602
VSTL,20260811,107.91,107.91,106.0,106.69,10887
VSTTILLERS,20260811,4485.0,4519.3,4456.6,4465.5,5414
VTL,20260811,613.5,613.5,594.05,596.0,160271
WAAREEENER,20260811,2701.0,2719.3,2685.0,2704.0,336490
WAAREEINDO,20260811,311.25,318.0,304.85,306.75,97441
WAAREERTL,20260811,911.25,913.2,900.0,904.65,96797
WABAG,20260811,1970.0,1980.0,1942.0,1950.1,182827
WAKEFIT,20260811,126.05,126.59,124.01,124.48,787932
WALCHANNAG,20260811,237.8,240.0,230.16,232.8,375531
WANBURY,20260811,240.0,258.85,231.45,254.3,1372450
WCIL,20260811,87.99,87.99,85.85,86.11,80421
WEALTH,20260811,939.35,947.8,925.05,932.2,1319
WEBELSOLAR,20260811,93.03,93.75,89.77,89.77,2868326
WEIZMANIND,20260811,78.0,80.49,77.02,77.98,687
WEL,20260811,135.25,139.6,132.17,134.5,5856178
WELCORP,20260811,1848.1,1869.9,1816.5,1836.9,768460
WELENT,20260811,575.55,579.0,558.4,572.3,645089
WELINV,20260811,1807.5,1815.5,1800.0,1800.6,35
WELSPLSOL,20260811,48.01,49.5,48.0,48.08,300900
WELSPUNLIV,20260811,164.88,165.78,159.05,159.66,1257925
WENDT,20260811,8120.5,8174.5,7975.0,8017.0,4181
WESTLIFE,20260811,586.15,596.85,580.0,583.45,37482
WEWIN,20260811,46.63,47.49,44.0,45.54,3802
WEWORK,20260811,720.05,733.6,714.85,719.95,150526
WHEELS,20260811,1415.0,1415.5,1375.0,1382.4,41620
WHIRLPOOL,20260811,805.6,806.15,791.1,795.05,111267
WILLAMAGOR,20260811,26.0,26.43,24.7,25.4,13087
WINDLAS,20260811,839.8,962.0,808.05,943.1,2342310
WINDMACHIN,20260811,300.0,306.5,291.25,302.6,137284
WIPL,20260811,167.11,170.0,167.11,168.5,994
WIPRO,20260811,185.5,187.48,183.31,184.6,9182421
WOCKPHARMA,20260811,1970.0,1987.7,1900.1,1909.4,1073711
WONDERLA,20260811,489.7,489.7,478.15,481.5,66864
WORTHPERI,20260811,166.9,166.9,154.0,155.17,8838
WPIL,20260811,431.5,435.95,430.0,430.25,18561
WSI,20260811,59.87,60.6,56.17,56.93,97017
WSTCSTPAPR,20260811,589.4,602.0,586.95,597.1,127359
XCHANGING,20260811,68.19,69.24,68.07,68.44,99287
XELPMOC,20260811,83.99,83.99,80.61,81.66,2461
XPROINDIA,20260811,1073.0,1154.4,1060.0,1127.9,143639
XTGLOBAL,20260811,32.11,32.46,30.6,31.17,12893
XTRANET,20260811,150.17,150.17,150.17,150.17,281254
YASHO,20260811,4215.0,4360.0,4211.1,4306.4,43670
YATHARTH,20260811,910.5,919.5,857.9,865.7,1063773
YATRA,20260811,104.88,115.0,103.3,114.31,8590571
YESBANK,20260811,22.75,22.79,22.58,22.75,31365174
YUKEN,20260811,805.25,819.05,795.05,805.2,11285
ZAGGLE,20260811,203.35,206.09,202.75,203.64,421783
ZEEL,20260811,90.0,93.94,90.0,91.56,25485672
ZEELEARN,20260811,7.7,8.1,7.7,7.96,270925
ZEEMEDIA,20260811,6.9,7.1,6.9,7.05,1280763
ZENITHEXPO,20260811,241.0,257.8,238.17,251.07,7863
ZENITHSTL,20260811,5.2,5.46,5.2,5.41,58101
ZENSARTECH,20260811,500.3,509.95,499.0,500.6,589326
ZENTEC,20260811,1749.9,1827.4,1748.9,1819.8,859519
ZFCVINDIA,20260811,2608.8,2655.0,2600.1,2615.0,50484
ZFSTEERING,20260811,658.1,673.9,657.9,661.6,1325
ZIMLAB,20260811,113.39,113.39,110.12,110.53,39331
ZODIAC,20260811,255.0,255.0,248.0,250.95,10401
ZODIACLOTH,20260811,75.4,77.95,75.4,77.25,2247
ZOTA,20260811,1265.6,1287.5,1252.2,1257.6,22417
ZSARACOM,20260811,11600.0,11600.0,11001.0,11274.0,72
ZUARI,20260811,228.15,229.11,223.17,225.42,72569
ZUARIIND,20260811,258.05,262.85,257.5,258.3,9524
ZYDUSLIFE,20260811,1119.0,1205.0,1117.6,1191.0,8187351
ZYDUSWELL,20260811,514.0,516.1,503.05,506.1,256830
