SYMBOL,TIMESTAMP,OPEN,HIGH,LOW,CLOSE,VOLUME
20MICRONS,20260812,183.35,188.0,183.01,184.13,106819
21STCENMGM,20260812,41.47,43.15,41.47,42.36,34769
360ONE,20260812,1160.0,1167.5,1140.0,1161.0,997529
3BBLACKBIO,20260812,1216.8,1270.0,1190.0,1251.1,5704
3IINFOLTD,20260812,27.8,27.8,26.75,27.47,960631
3MINDIA,20260812,36300.0,36390.0,35760.0,35935.0,2637
3PLAND,20260812,32.2,32.2,31.6,31.99,3918
5PAISA,20260812,377.35,392.0,376.55,387.05,70773
63MOONS,20260812,858.0,880.0,826.0,867.4,382822
A2ZINFRA,20260812,15.89,16.25,15.03,15.66,994478
AAATECH,20260812,97.98,100.95,94.03,94.54,11862
AADHARHFC,20260812,498.2,506.0,496.1,502.0,240315
AAKASH,20260812,8.9,9.1,8.88,8.94,203530
AAREYDRUGS,20260812,82.0,83.5,82.0,83.1,13598
AARNAV,20260812,32.0,33.4,31.21,33.15,97252
AARON,20260812,135.05,144.8,135.05,140.27,34176
AARTECH,20260812,48.53,50.9,47.5,49.62,115973
AARTIDRUGS,20260812,445.05,445.05,419.9,431.5,365458
AARTIIND,20260812,510.0,534.0,503.25,530.9,5378998
AARTIPHARM,20260812,875.5,930.95,875.1,888.7,3552033
AARTISURF,20260812,582.0,625.0,557.5,612.45,241779
AARVI,20260812,155.11,157.6,150.0,153.31,44294
AASTHA,20260812,73.0,76.58,73.0,74.19,977862
AAVAS,20260812,1396.8,1433.3,1388.1,1416.2,70390
ABAN,20260812,19.21,19.21,19.21,19.21,3284
ABANSENT,20260812,27.57,27.57,27.57,27.57,4868
ABB,20260812,7611.5,7741.0,7585.5,7710.0,224512
ABBOTINDIA,20260812,28020.0,28250.0,27755.0,28140.0,11910
ABCAPITAL,20260812,407.15,410.95,403.05,410.95,2350295
ABCOTS,20260812,201.0,201.0,199.0,199.14,4577
ABDL,20260812,622.6,622.9,603.05,614.15,460412
ABFRL,20260812,58.8,59.1,57.02,57.16,5139419
ABGSEC,20260812,114.58,115.15,114.58,115.15,31
ABINFRA,20260812,10.89,11.5,10.6,11.1,15220917
ABLBL,20260812,91.45,92.49,90.02,90.29,602100
ABMINTLLTD,20260812,63.07,63.07,61.32,63.07,29243
ABMKNO,20260812,202.92,202.92,195.0,199.32,2163
ABREL,20260812,1419.3,1419.4,1371.1,1375.4,52933
ABSL10BANK,20260812,169.65,170.0,168.8,170.0,109371
ABSLAMC,20260812,1017.8,1042.0,1010.9,1038.6,161763
ABSLBANETF,20260812,58.86,59.45,58.85,59.4,8327
ABSLLIQUID,20260812,1000.0,1000.01,999.99,999.99,3880
ABSLMSCIN,20260812,30.23,30.23,29.93,29.93,392
ABSLNN50ET,20260812,79.22,79.35,77.95,78.43,18337
ABSLPSE,20260812,10.23,10.3,10.15,10.26,241384
ACC,20260812,1349.0,1349.0,1324.0,1332.8,137292
ACCELYA,20260812,1146.0,1149.7,1140.0,1142.3,3732
ACCURACY,20260812,4.72,4.87,4.66,4.7,44955
ACE,20260812,1073.3,1103.6,1062.3,1096.1,305682
ACEINTEG,20260812,18.99,18.99,18.4,18.43,3060
ACI,20260812,513.65,514.4,504.3,506.05,117980
ACL,20260812,48.45,48.45,45.0,46.15,38751
ACMESOLAR,20260812,369.0,375.0,367.5,372.6,647813
ACSTECH,20260812,51.45,52.4,49.54,50.09,578863
ACUTAAS,20260812,3242.0,3285.0,3136.2,3153.4,159044
ADANIENSOL,20260812,1628.5,1629.7,1570.2,1599.0,1586459
ADANIENT,20260812,3020.0,3020.0,2943.0,2985.7,1160458
ADANIGREEN,20260812,1370.0,1371.0,1315.0,1332.3,2152786
ADANIPORTS,20260812,1669.8,1672.7,1640.4,1665.0,1494540
ADANIPOWER,20260812,209.0,209.69,205.02,206.99,13943707
ADFFOODS,20260812,266.45,266.45,260.2,261.65,71300
ADL,20260812,72.28,72.8,70.12,70.21,845
ADOR,20260812,1505.6,1510.3,1470.0,1478.7,14554
ADROITINFO,20260812,10.2,10.2,9.77,10.04,18961
ADSL,20260812,113.35,114.42,112.87,113.25,75603
ADVAIT,20260812,2195.0,2195.0,2105.8,2117.7,39933
ADVANCE,20260812,122.21,124.9,117.01,118.01,457190
ADVANIHOTR,20260812,50.01,50.53,50.0,50.17,14978
ADVENTHTL,20260812,144.8,144.8,141.1,143.21,76067
ADVENZYMES,20260812,304.5,308.85,294.5,301.65,400660
AEGISLOG,20260812,1297.1,1322.9,1257.6,1264.5,836202
AEGISVOPAK,20260812,280.2,280.25,272.8,273.55,442476
AEPL,20260812,16.32,16.89,15.3,15.5,74354
AEQUS,20260812,241.0,241.0,233.01,236.76,1480520
AEROENTER,20260812,135.0,135.0,126.0,129.29,1019988
AEROFLEX,20260812,426.4,450.0,423.0,446.55,1802936
AERONEU,20260812,88.0,88.0,83.2,84.07,42626
AEROPLANE,20260812,182.0,184.8,175.21,183.63,885006
AETHER,20260812,1642.3,1644.6,1606.0,1612.7,106756
AFCONS,20260812,265.0,279.3,264.4,267.95,5079574
AFFLE,20260812,1690.0,1690.0,1656.9,1672.9,188627
AFFORDABLE,20260812,190.05,192.5,184.2,185.49,11476
AFIL,20260812,9.55,10.15,9.55,9.75,1489061
AFSL,20260812,219.95,223.0,210.2,213.82,69788
AGARIND,20260812,514.65,524.2,498.15,507.0,45421
AGARWALEYE,20260812,509.0,514.95,501.0,511.45,48136246
AGI,20260812,716.9,721.2,698.0,706.0,97630
AGIIL,20260812,301.8,304.0,296.7,300.6,1184916
AGL,20260812,13.99,15.9,13.71,14.59,17463534
AGRITECH,20260812,110.0,111.0,107.1,107.84,2978
AGROPHOS,20260812,27.8,29.0,27.8,28.15,17284
AGSTRA,20260812,2.05,2.07,1.98,2.02,140600
AHCL,20260812,14.44,14.44,14.18,14.23,1068884
AHLADA,20260812,40.69,41.9,39.0,41.45,35520
AHLEAST,20260812,144.5,145.5,141.16,141.5,1977
AHLUCONT,20260812,836.0,836.0,804.75,809.1,29882
AHLWEST,20260812,530.0,548.0,530.0,547.9,289
AIAENG,20260812,4786.0,4824.4,4490.2,4523.0,150211
AIIL,20260812,560.05,567.8,547.15,554.8,289425
AIRAN,20260812,15.0,15.2,14.9,14.93,36169
AIROLAM,20260812,89.1,94.5,89.1,91.35,1514
AJANTPHARM,20260812,3500.0,3555.0,3485.0,3541.0,82946
AJAXENGG,20260812,566.25,570.95,561.7,566.0,28368
AJMERA,20260812,122.65,122.65,116.15,117.48,362536
AJOONI,20260812,3.84,3.9,3.78,3.84,162405
AKASH,20260812,26.5,26.88,26.31,26.4,4242
AKCAPIT,20260812,1778.0,1778.0,1711.0,1728.6,1839
AKG,20260812,8.99,8.99,8.53,8.69,17749
AKI,20260812,4.38,4.43,4.21,4.26,73005
AKSHAR,20260812,0.42,0.42,0.4,0.4,949624
AKSHARCHEM,20260812,284.0,288.0,270.0,282.02,7488
AKSHOPTFBR,20260812,6.14,6.44,5.84,6.44,277114
AKUMS,20260812,760.95,775.0,746.35,749.95,359719
ALANKIT,20260812,8.39,8.41,8.01,8.22,123922
ALBERTDAVD,20260812,789.0,804.95,775.0,777.3,7817
ALEMBICLTD,20260812,86.5,86.5,83.31,84.79,341002
ALGOQUANT,20260812,67.84,67.84,66.87,67.28,971650
ALICON,20260812,730.15,782.0,722.25,772.95,170428
ALIVUS,20260812,1393.6,1398.9,1346.2,1361.0,82193
ALKALI,20260812,67.84,68.5,66.0,68.18,3134
ALKEM,20260812,5518.0,5534.5,5411.5,5480.0,110443
ALKYLAMINE,20260812,1942.0,1945.9,1881.5,1889.8,48728
ALLCARGO,20260812,10.4,10.79,10.1,10.62,63586945
ALLDIGI,20260812,810.15,810.15,800.0,804.45,14021
ALLTIME,20260812,218.82,221.4,212.21,218.61,144424
ALMONDZ,20260812,14.2,15.16,14.04,14.55,65335
ALOKINDS,20260812,11.85,11.88,11.73,11.78,2446953
ALPA,20260812,67.86,68.97,66.8,67.17,30798
ALPHA,20260812,53.79,54.5,53.79,54.4,1008904
ALPHAETF,20260812,26.95,27.04,26.78,26.95,678765
ALPHAGEO,20260812,286.0,315.0,285.5,306.39,359816
ALPINETEX,20260812,62.3,63.0,60.8,61.62,202684
ALPL30IETF,20260812,28.5,28.5,28.36,28.37,149137
AMAGI,20260812,664.0,669.0,636.0,638.75,187715
AMANTA,20260812,156.39,156.39,156.39,156.39,3858
AMBALALSA,20260812,45.71,45.93,43.0,44.85,242541
AMBER,20260812,7078.0,7106.0,6951.0,6985.0,371574
AMBICAAGAR,20260812,24.7,25.04,23.7,24.28,2679
AMBIKCO,20260812,1642.6,1645.0,1582.0,1587.7,27517
AMBUJACEM,20260812,426.7,426.7,418.05,421.0,5400539
AMDIND,20260812,51.6,53.0,48.3,51.18,35589
AMJLAND,20260812,39.66,40.51,38.8,39.38,10346
AMNPLST,20260812,199.44,203.0,198.02,199.6,2237
AMRUTANJAN,20260812,546.0,549.9,482.8,488.35,527871
ANANDRATHI,20260812,2170.0,2222.0,2160.1,2189.0,577193
ANANTRAJ,20260812,609.0,620.2,600.15,614.65,1700060
ANDHRAPAP,20260812,60.31,60.79,59.27,59.41,265349
ANDHRSUGAR,20260812,100.49,100.49,96.63,98.1,679444
ANGELONE,20260812,290.75,291.0,285.25,291.0,4505655
ANIKINDS,20260812,43.3,44.6,39.13,40.09,41347
ANKITMETAL,20260812,1.52,1.58,1.5,1.58,48300
ANMOL,20260812,10.23,10.43,10.07,10.28,12942
ANNAPURNA,20260812,160.0,163.95,141.85,147.2,66223
ANSALAPI,20260812,3.58,3.64,3.52,3.59,39631
ANTELOPUS,20260812,820.0,820.85,800.0,802.15,68367
ANTGRAPHIC,20260812,0.74,0.75,0.71,0.73,87370
ANTHEM,20260812,898.0,898.0,875.65,878.4,425829
ANUHPHR,20260812,77.83,78.5,77.0,77.18,64961
ANUP,20260812,1925.0,1925.0,1864.3,1870.1,17734
ANURAS,20260812,1205.5,1212.9,1194.7,1204.4,146323
AONEGOLD,20260812,14.38,14.38,14.15,14.27,266072
AONELIQUID,20260812,1072.19,1072.21,1072.19,1072.19,16563
AONENIFTY,20260812,10.18,10.18,9.85,10.08,153274
AONESILVER,20260812,8.92,9.04,8.87,9.02,953721
AONETMMQ50,20260812,10.37,10.47,10.37,10.44,149444
AONETOTAL,20260812,12.13,12.19,12.0,12.04,163268
APARINDS,20260812,16899.0,18465.0,16850.0,18000.0,378780
APCL,20260812,105.4,107.49,103.12,103.68,8246
APCOTEXIND,20260812,618.0,623.85,591.0,601.6,288795
APEX,20260812,379.2,379.3,362.25,366.75,101850
APLAPOLLO,20260812,2016.9,2018.8,1991.3,1997.1,714770
APLLTD,20260812,838.85,852.6,833.0,841.65,142034
APOLLO,20260812,389.7,391.0,378.0,379.85,3532851
APOLLOHOSP,20260812,8750.5,8775.5,8507.5,8597.0,876688
APOLLOPIPE,20260812,510.0,517.0,504.1,512.75,125063
APOLLOTYRE,20260812,443.0,448.25,441.35,445.15,560928
APOLSINHOT,20260812,1223.0,1244.9,1200.0,1225.7,1741
APTECHT,20260812,94.45,95.0,94.0,94.49,23103
APTUS,20260812,258.0,258.15,253.05,254.75,1675606
AQYLON,20260812,25.25,25.39,24.13,24.17,2680097
ARCHIDPLY,20260812,93.0,93.64,91.15,92.2,14860
ARCHIES,20260812,14.0,14.0,13.7,13.91,2104
ARDEE,20260812,72.0,73.19,65.8,67.12,130275850
ARE&M,20260812,970.25,1017.3,962.2,969.4,5108022
ARENTERP,20260812,40.95,40.95,36.02,37.29,2068
ARFIN,20260812,84.15,85.56,83.91,84.74,1216860
ARIES,20260812,365.0,425.0,365.0,397.35,547284
ARIHANT,20260812,1108.4,1110.2,1080.2,1096.8,1252
ARIHANTCAP,20260812,74.83,75.27,74.3,74.82,47338
ARIHANTSUP,20260812,260.5,262.5,257.6,258.05,3719
ARIS,20260812,133.76,137.9,133.5,135.55,1436154
ARKADE,20260812,133.0,133.5,125.6,129.66,924444
ARMANFIN,20260812,2010.0,2073.9,1954.2,2011.0,54184
AROGRANITE,20260812,25.7,25.7,25.0,25.1,6757
ARROWGREEN,20260812,770.0,808.0,761.3,784.6,37391
ARSHIYA,20260812,0.97,0.97,0.92,0.94,93295
ARSSBL,20260812,509.15,510.75,484.25,495.8,165771
ARTEMISMED,20260812,314.9,323.45,300.1,316.3,724360
ARTNIRMAN,20260812,43.97,43.97,40.61,42.39,2851
ARVEE,20260812,182.0,189.39,176.0,177.24,17422
ARVIND,20260812,569.95,574.2,559.0,566.85,405680
ARVINDFASN,20260812,451.15,451.15,438.3,444.15,174110
ARVSMART,20260812,650.0,667.0,644.0,665.55,261613
ASAHIINDIA,20260812,903.15,906.9,879.1,891.5,133831
ASAHISONG,20260812,338.1,354.0,328.0,329.5,65981
ASAL,20260812,505.0,513.0,497.15,502.95,19922
ASALCBR,20260812,730.25,730.5,719.05,723.2,39226
ASHAPURMIN,20260812,646.5,660.0,634.55,637.3,482223
ASHIANA,20260812,375.0,386.6,372.0,380.8,114743
ASHIKAG,20260812,428.8,439.25,415.1,439.25,40938
ASHIMASYN,20260812,18.17,18.17,17.35,17.48,42906
ASHOKA,20260812,116.45,116.5,113.0,113.9,1312834
ASHOKAMET,20260812,14.09,14.09,13.85,13.93,11898
ASHOKLEY,20260812,174.83,177.38,174.43,176.7,10612472
ASIANENE,20260812,405.0,411.9,401.15,405.8,201456
ASIANHOTNR,20260812,310.0,316.7,302.1,304.1,12946
ASIANPAINT,20260812,2733.2,2748.4,2698.2,2740.0,648174
ASIANTILES,20260812,53.7,55.49,52.53,53.12,8536751
ASKAUTOLTD,20260812,654.25,660.0,646.0,651.2,185247
ASMS,20260812,7.44,7.44,7.18,7.22,77954
ASPINWALL,20260812,246.0,246.0,236.15,237.0,1231
ASTAR,20260812,600.0,600.0,582.1,588.55,10
ASTEC,20260812,615.2,616.05,606.0,607.85,21701
ASTERDM,20260812,854.95,861.15,822.5,827.95,787879
ASTRAL,20260812,1431.9,1464.0,1425.7,1464.0,398896
ASTRAMICRO,20260812,1712.2,1749.3,1651.2,1665.4,531299
ASTRAZEN,20260812,7982.0,7999.0,7870.0,7906.5,4956
ASTRON,20260812,3.56,3.65,3.51,3.55,8753
ATALREAL,20260812,35.09,35.82,34.9,35.34,13344621
ATAM,20260812,64.0,66.0,63.36,64.88,8256
ATGL,20260812,668.0,669.95,656.5,660.35,878468
ATHERENERG,20260812,1531.7,1580.0,1511.1,1569.4,4521175
ATL,20260812,26.0,26.0,24.32,24.66,209555
ATLANTAA,20260812,44.5,44.5,41.8,42.13,164193
ATLANTAELE,20260812,1586.0,1699.0,1586.0,1660.4,219650
ATLASCYCLE,20260812,98.27,101.0,96.56,96.98,16769
ATUL,20260812,6851.0,6940.0,6785.0,6896.5,54244
ATULAUTO,20260812,498.0,515.0,496.8,504.0,388251
AUBANK,20260812,1070.9,1091.4,1062.0,1091.4,1572313
AURIONPRO,20260812,728.4,729.0,710.25,718.75,140242
AUROPHARMA,20260812,1658.0,1667.0,1652.3,1667.0,796061
AURUM,20260812,229.15,229.15,223.5,226.04,84742
AURUS,20260812,4.63,4.9,4.63,4.64,13414
AUSOMENT,20260812,139.11,142.09,135.52,141.4,5842
AUTOAXLES,20260812,1803.8,1811.8,1788.3,1798.4,3844
AUTOBEES,20260812,306.61,306.61,303.5,304.22,272735
AUTOIETF,20260812,31.13,31.13,30.17,30.49,721892
AUTOIND,20260812,94.8,99.77,93.5,99.77,371033
AVADHSUGAR,20260812,634.8,634.8,620.0,626.95,38188
AVALON,20260812,1940.0,2002.6,1927.0,1963.9,406426
AVANTEL,20260812,160.24,161.24,157.28,158.23,617572
AVANTIFEED,20260812,844.15,873.45,829.9,868.25,727054
AVG,20260812,202.3,207.0,195.0,201.8,12506
AVL,20260812,615.0,622.0,604.9,617.4,155701
AVONMORE,20260812,11.35,11.71,11.22,11.37,192262
AVROIND,20260812,8.24,8.5,8.0,8.21,366782
AVTNPL,20260812,71.0,71.35,70.05,70.26,25561
AWFIS,20260812,267.0,275.0,264.0,274.05,230792
AWHCL,20260812,388.05,397.7,386.5,392.15,142056
AWL,20260812,192.86,195.0,191.3,194.24,1431527
AXISBANK,20260812,1230.0,1234.9,1216.9,1230.0,7218881
AXISCADES,20260812,1531.0,1575.0,1531.0,1543.4,75360
AXITA,20260812,7.35,7.44,7.26,7.28,566985
AYE,20260812,178.0,181.89,173.87,176.96,599407
AYMSYNTEX,20260812,250.55,260.9,240.35,253.2,98725
AZAD,20260812,2472.1,2495.4,2450.4,2479.5,218236
BAFNAPH,20260812,269.0,269.0,268.3,268.3,3321
BAGFILMS,20260812,4.3,4.39,4.29,4.33,56027
BAIDFIN,20260812,9.87,10.0,9.81,9.96,53786
BAJAJ-AUTO,20260812,11729.0,11819.0,11678.0,11700.0,236192
BAJAJCON,20260812,539.95,542.4,530.35,538.25,260282
BAJAJELEC,20260812,361.45,368.9,358.0,363.95,333056
BAJAJFINSV,20260812,2023.0,2028.4,2006.1,2020.5,571047
BAJAJHCARE,20260812,330.6,331.0,323.35,327.45,77004
BAJAJHFL,20260812,85.6,85.62,84.62,84.76,1812989
BAJAJHIND,20260812,18.16,18.45,17.0,17.87,7410218
BAJAJHLDNG,20260812,11587.0,11587.0,11410.0,11579.0,21972
BAJAJINDEF,20260812,230.0,234.9,224.1,233.62,26892
BAJAJST,20260812,376.0,381.5,357.85,367.9,25044
BAJEL,20260812,191.99,198.0,187.22,192.77,609720
BAJFINANCE,20260812,1093.0,1094.7,1080.0,1094.2,7054842
BALAJEE,20260812,27.2,27.45,26.75,26.99,20195
BALAJITELE,20260812,90.76,91.95,90.5,91.0,153227
BALAMINES,20260812,2129.0,2148.9,2062.1,2080.9,101297
BALAXI,20260812,23.76,24.2,23.5,24.05,11702
BALKRISHNA,20260812,18.0,18.0,17.22,17.61,10286
BALKRISIND,20260812,2498.0,2525.0,2475.0,2496.9,156973
BALMLAWRIE,20260812,173.85,174.9,171.0,174.43,174627
BALPHARMA,20260812,87.9,91.5,86.04,90.5,34146
BALRAMCHIN,20260812,623.0,626.1,592.55,604.7,1096131
BALUFORGE,20260812,462.0,471.0,455.0,463.0,1012793
BANARBEADS,20260812,115.38,117.71,112.65,113.33,5587
BANARISUG,20260812,3460.0,3474.9,3410.0,3464.3,486
BANCOINDIA,20260812,638.0,639.05,626.6,628.65,132463
BANDHANBNK,20260812,173.82,176.79,172.57,176.0,7049218
BANG,20260812,29.91,30.44,29.1,29.6,9734
BANK10ADD,20260812,17.0,17.3,16.86,17.24,65626
BANK10BETF,20260812,20.93,20.96,20.82,20.83,1646
BANKA,20260812,80.61,84.64,80.0,84.64,7278
BANKADD,20260812,58.76,59.35,58.76,59.33,343335
BANKBARODA,20260812,246.0,251.4,245.5,251.0,8298917
BANKBEES,20260812,594.86,599.83,592.31,599.01,701165
BANKBETA,20260812,59.24,59.96,59.24,59.88,24665
BANKBETF,20260812,58.5,58.97,58.3,58.9,14796
BANKETF,20260812,588.64,590.65,584.29,590.16,7143
BANKIETF,20260812,59.26,59.5,58.82,59.43,306013
BANKINDIA,20260812,142.4,146.12,141.9,145.5,8946785
BANKNIFTY1,20260812,59.7,60.2,59.49,60.15,183539
BANKPSU,20260812,87.51,89.05,87.51,88.78,18250
BANSALWIRE,20260812,326.9,333.0,319.9,323.0,203013
BANSWRAS,20260812,124.95,124.95,121.31,122.0,13965
BASF,20260812,4022.0,4050.0,3980.0,3990.1,26790
BASML,20260812,26.68,26.68,25.59,25.83,112964
BATAINDIA,20260812,730.0,759.75,708.0,715.15,3783994
BATLIBOI,20260812,85.8,93.35,85.06,91.37,363179
BAYERCROP,20260812,4112.5,4127.5,4050.1,4114.6,33613
BBETF0432,20260812,1352.82,1357.89,1352.82,1357.08,1121
BBL,20260812,2334.9,2334.9,2290.0,2297.9,15469
BBNPNBETF,20260812,58.15,58.4,57.9,58.08,1424
BBNPPGOLD,20260812,147.65,150.95,147.35,147.8,3455
BBOX,20260812,729.0,795.0,721.5,772.1,550829
BBTC,20260812,1484.3,1501.1,1484.3,1490.9,17917
BBTCL,20260812,225.93,225.93,221.41,224.22,2906
BCG,20260812,9.87,10.01,9.7,9.87,5885197
BCLIND,20260812,37.03,38.7,36.06,37.48,606256
BCONCEPTS,20260812,175.98,175.99,166.0,170.13,21205
BCPL,20260812,69.3,71.0,68.5,69.7,13988
BDL,20260812,1309.0,1340.0,1308.0,1340.0,1279928
BEARDSELL,20260812,26.46,26.89,26.0,26.18,10627
BECTORFOOD,20260812,241.0,243.39,233.52,242.35,2242467
BEDMUTHA,20260812,117.0,118.8,115.0,117.16,4681
BEEKAY,20260812,454.0,454.0,422.0,435.65,77407
BEL,20260812,406.0,406.25,399.3,405.7,13125672
BELLACASA,20260812,240.44,248.16,239.11,241.74,5537
BELRISE,20260812,255.0,268.2,253.61,261.35,9422315
BEML,20260812,1920.1,1954.8,1891.4,1900.6,714898
BENGALASM,20260812,6186.0,6217.5,6155.0,6206.0,404
BEPL,20260812,122.5,122.86,120.1,120.54,779985
BERGEPAINT,20260812,539.8,564.9,535.9,559.8,1847256
BESTAGRO,20260812,19.5,19.74,18.8,19.04,970466
BETA,20260812,2721.0,2807.9,2544.1,2559.0,110912
BFINVEST,20260812,471.3,471.3,456.0,457.0,38808
BFSI,20260812,28.0,28.0,27.3,27.48,328425
BFUTILITIE,20260812,561.2,562.8,553.05,560.2,32875
BGRENERGY,20260812,260.45,261.9,255.05,256.4,12239
BHAGCHEM,20260812,284.5,286.3,279.1,280.35,40688
BHAGERIA,20260812,207.0,207.0,203.01,205.35,12301
BHAGYANGR,20260812,384.35,386.25,375.0,379.1,76254
BHANDARI,20260812,2.84,2.9,2.82,2.83,70357
BHARATCOAL,20260812,33.84,34.14,33.68,33.78,3368883
BHARATFORG,20260812,2051.0,2081.5,2042.9,2081.5,1981864
BHARATGEAR,20260812,103.7,105.5,103.05,103.62,18736
BHARATRAS,20260812,1380.0,1380.0,1343.4,1360.3,9821
BHARATSE,20260812,234.8,247.5,231.17,235.29,635306
BHARATWIRE,20260812,190.6,192.62,186.11,187.2,174138
BHARTIARTL,20260812,1908.6,1945.0,1901.3,1945.0,10871157
BHARTIHEXA,20260812,1515.1,1515.4,1477.8,1486.0,267203
BHEL,20260812,404.5,420.2,403.25,420.0,14607097
BI,20260812,66.9,67.0,63.32,64.62,11761
BIGBLOC,20260812,47.5,47.5,45.87,46.0,32054
BIKAJI,20260812,619.95,621.35,606.15,609.6,122851
BIL,20260812,844.0,844.0,800.0,820.6,2415
BILVYAPAR,20260812,4.06,4.25,4.06,4.1,2102
BIMETAL,20260812,648.9,656.25,645.0,647.95,201
BIOCON,20260812,427.75,430.5,422.6,427.4,3793310
BIOFILCHEM,20260812,33.33,33.39,32.16,32.67,2988
BIRLACABLE,20260812,280.26,294.27,280.26,294.17,290541
BIRLACORPN,20260812,901.0,906.95,890.0,904.4,37433
BIRLAMONEY,20260812,133.07,133.76,132.01,133.45,25717
BIRLANU,20260812,1700.0,1715.0,1650.0,1667.8,22411
BIRLAPREC,20260812,36.9,39.49,35.51,37.67,101653
BLACKBUCK,20260812,573.95,573.95,557.7,568.05,174316
BLACKROSE,20260812,110.5,111.05,107.01,108.14,10575
BLAL,20260812,171.1,172.43,170.0,170.9,15579
BLBLIMITED,20260812,16.24,16.26,16.01,16.12,31461
BLIL,20260812,70.75,71.4,70.75,70.93,67670
BLISSGVS,20260812,491.1,505.95,477.05,489.55,277203
BLKASHYAP,20260812,54.2,55.0,51.15,52.61,1038405
BLS,20260812,261.64,264.5,259.51,262.88,1254241
BLSE,20260812,319.7,322.0,308.65,316.65,743991
BLUECHIP,20260812,1.75,1.75,1.75,1.75,26124
BLUECOAST,20260812,25.6,26.3,24.26,24.4,1328
BLUEDART,20260812,5116.0,5145.5,5067.0,5093.0,8071
BLUEJET,20260812,591.0,591.0,578.55,587.1,312902
BLUESTARCO,20260812,1497.9,1507.7,1471.3,1490.0,603509
BLUESTONE,20260812,846.0,911.0,830.05,894.5,7488828
BLUSPRING,20260812,117.99,124.0,117.99,121.51,906199
BMWVENTLTD,20260812,58.61,59.59,57.92,58.52,43361
BNAGROCHEM,20260812,256.8,262.0,245.1,254.1,102060
BNALTD,20260812,390.3,414.8,388.0,391.0,242
BNKETFAXIS,20260812,593.19,595.86,593.19,595.35,285
BODALCHEM,20260812,69.89,69.89,68.06,68.78,41879
BOHRAIND,20260812,15.9,15.9,14.95,14.99,16078
BOMDYEING,20260812,117.0,117.3,115.7,116.23,373580
BONLON,20260812,42.97,42.97,40.21,41.05,2057
BORANA,20260812,340.0,340.1,324.0,329.05,48852
BOROLTD,20260812,246.44,250.0,240.01,241.57,29626
BORORENEW,20260812,565.1,581.35,562.05,573.45,759215
BOROSCI,20260812,136.0,136.63,132.1,133.4,80846
BOSCH-HCIL,20260812,1690.0,1743.9,1666.7,1713.8,45514
BOSCHLTD,20260812,45040.0,46735.0,45040.0,46480.0,96508
BPCL,20260812,317.0,318.5,311.5,317.0,6726295
BPL,20260812,53.77,54.0,51.2,52.86,38094
BRIGADE,20260812,605.5,607.65,585.45,592.95,308751
BRIGHOTEL,20260812,60.27,60.27,59.0,59.41,46061
BRITANNIA,20260812,5598.0,5645.5,5560.0,5645.5,257865
BRNL,20260812,17.56,18.0,17.26,17.6,17513
BROOKS,20260812,61.0,62.48,60.64,62.48,63114
BSE,20260812,3605.0,3605.9,3501.0,3527.0,3896840
BSE500IETF,20260812,39.92,40.05,39.81,39.97,81900
BSHSL,20260812,87.9,92.6,87.51,90.51,12944
BSL,20260812,125.0,125.0,122.1,123.08,1936
BSLGOLDETF,20260812,136.88,136.88,133.82,134.53,2790558
BSLNIFTY,20260812,28.75,29.46,28.5,28.66,726196
BSLSENETFG,20260812,80.0,80.0,78.04,78.39,3304
BSOFT,20260812,320.9,321.9,312.15,313.3,1103074
BTML,20260812,8.59,9.05,8.5,8.76,1108422
BTTL,20260812,45.09,45.3,41.99,43.94,11499
BUILDPRO,20260812,1269.9,1275.9,1234.3,1242.8,37351
BURNPUR,20260812,21.0,21.35,20.29,20.29,38966
BUTTERFLY,20260812,672.7,680.0,664.7,677.2,9716
BVCL,20260812,41.79,41.79,40.8,41.25,7283
BYKE,20260812,32.99,33.0,31.35,31.61,93883
CALSOFT,20260812,22.1,22.32,21.81,22.32,154567
CAMLINFINE,20260812,119.0,119.84,107.0,107.94,6115766
CAMPUS,20260812,218.99,220.1,217.1,219.03,530672
CAMS,20260812,787.0,788.5,771.0,777.4,1156640
CANBK,20260812,130.0,133.11,129.6,132.0,26542679
CANFINHOME,20260812,826.0,826.85,817.1,821.95,89754
CANHLIFE,20260812,149.0,150.29,146.91,147.6,388552
CANTABIL,20260812,228.09,230.6,226.6,228.63,64738
CAPACITE,20260812,211.73,211.73,208.22,209.05,161399
CAPILLARY,20260812,524.0,534.7,516.5,528.55,558490
CAPITALSFB,20260812,296.9,296.9,291.0,291.8,7573
CAPLIPOINT,20260812,2629.6,2672.1,2452.0,2472.4,427821
CAPTRUST,20260812,20.49,20.5,19.6,19.68,41439
CARBORUNIV,20260812,1180.0,1196.0,1146.6,1154.2,282309
CARERATING,20260812,1675.8,1723.3,1675.3,1687.6,44134
CARRARO,20260812,509.45,528.6,504.1,518.0,412049
CARTRADE,20260812,2778.0,2789.0,2705.0,2714.6,165943
CARYSIL,20260812,1205.9,1215.0,1171.2,1189.2,90488
CASHIETF,20260812,1074.88,1074.9,1074.88,1074.89,159877
CASTROLIND,20260812,186.5,190.45,186.11,188.38,5108944
CCAVENUE,20260812,16.5,16.6,15.85,16.05,15830282
CCCL,20260812,15.94,15.94,15.12,15.27,167143
CCHHL,20260812,12.71,12.71,12.31,12.36,12884
CCL,20260812,1123.9,1140.0,1122.0,1135.5,93753
CDSL,20260812,1349.8,1353.4,1333.1,1339.0,764487
CEATLTD,20260812,3763.0,3773.7,3707.4,3723.1,60641
CEIGALL,20260812,328.2,328.2,316.2,319.35,346338
CEINSYS,20260812,776.65,787.3,736.35,748.6,221452
CELEBRITY,20260812,6.98,6.98,6.85,6.86,4232
CELLO,20260812,382.35,382.35,366.5,374.9,604740
CEMNTGROWW,20260812,15.42,15.55,15.12,15.2,113890
CEMPRO,20260812,1270.9,1281.8,1249.5,1261.7,342032
CENTENKA,20260812,605.0,612.4,602.0,604.1,87960
CENTEXT,20260812,22.03,22.16,21.01,21.11,278334
CENTRALBK,20260812,31.23,31.66,31.0,31.28,8874627
CENTRUM,20260812,26.65,26.76,25.0,25.72,390735
CENTUM,20260812,3850.0,3920.0,3771.3,3794.7,41184
CENTURYPLY,20260812,776.4,776.4,761.1,763.85,49860
CERA,20260812,6007.0,6033.5,5872.5,5885.5,9233
CEREBRAINT,20260812,2.69,2.79,2.61,2.7,221849
CESC,20260812,160.96,162.84,160.4,162.43,720532
CEWATER,20260812,258.0,266.9,254.05,261.0,247113
CGCL,20260812,235.85,237.7,226.18,228.75,2592162
CGPOWER,20260812,881.0,888.0,872.0,888.0,1744914
CHALET,20260812,817.2,827.0,811.8,822.2,79279
CHAMBLFERT,20260812,444.3,444.95,441.35,442.3,165429
CHEMBOND,20260812,178.5,179.5,172.05,179.49,5152
CHEMBONDCH,20260812,259.0,274.83,253.0,274.82,62296
CHEMCON,20260812,191.6,195.7,189.5,192.3,10227
CHEMFAB,20260812,374.4,379.85,370.05,379.7,3387
CHEMICAL,20260812,30.82,30.89,30.43,30.54,316689
CHEMPLASTS,20260812,171.99,185.0,171.74,182.35,834690
CHENNPETRO,20260812,1418.0,1444.0,1370.1,1379.5,2824270
CHEVIOT,20260812,1230.0,1230.0,1152.0,1162.1,2233
CHOICEGOLD,20260812,150.38,152.48,150.3,151.71,5616
CHOICEIN,20260812,822.8,827.9,810.55,814.5,273711
CHOLAFIN,20260812,1909.5,1917.6,1888.4,1917.6,540582
CHOLAHLDNG,20260812,1619.4,1619.4,1400.1,1550.7,211407
CIEINDIA,20260812,415.2,423.0,411.0,411.7,520775
CIFL,20260812,22.33,22.45,21.72,21.92,95291
CINELINE,20260812,89.9,91.1,88.3,89.34,23195
CINEVISTA,20260812,15.32,15.32,14.65,14.82,7241
CIPLA,20260812,1460.0,1468.8,1456.1,1463.0,621021
CLCIND,20260812,50.0,51.89,49.5,50.11,1016
CLEAN,20260812,814.95,814.95,800.2,804.9,345999
CLEANMAX,20260812,1278.9,1294.9,1230.6,1269.9,165891
CLEDUCATE,20260812,57.99,60.69,57.51,60.0,27032
CLSEL,20260812,278.0,286.0,273.05,283.65,67158
CMLL,20260812,540.0,548.0,532.8,538.75,1682055
CMPDI,20260812,251.9,253.8,244.0,246.0,1018220
CMRGREEN,20260812,220.02,221.0,214.76,215.7,638667
CMSINFO,20260812,263.05,264.45,253.4,255.6,1333828
CNL,20260812,1130.2,1218.35,1130.2,1207.25,269539
COALINDIA,20260812,412.6,413.7,408.2,409.3,4089147
COASTCORP,20260812,42.49,42.71,41.25,41.65,92744
COCHINSHIP,20260812,1496.0,1514.9,1490.0,1506.0,622999
COCKERILL,20260812,9695.0,9880.5,9602.5,9693.5,4817
COFFEEDAY,20260812,30.59,30.63,29.7,29.91,493087
COFORGE,20260812,1819.0,1819.1,1780.4,1801.5,1592301
COHANCE,20260812,465.0,468.35,443.0,444.35,517907
COLPAL,20260812,2008.0,2008.0,1994.0,2005.0,318454
COMFINTE,20260812,6.68,6.68,6.47,6.52,172071
COMMOIETF,20260812,101.25,101.48,100.33,100.53,21734
COMPINFO,20260812,1.07,1.12,1.06,1.07,5031
COMPUSOFT,20260812,13.25,13.39,13.12,13.28,37255
COMSYN,20260812,270.2,275.0,254.2,269.25,480470
CONCOR,20260812,515.0,523.8,510.4,512.05,2354296
CONCORDBIO,20260812,1435.4,1460.0,1424.4,1444.7,93615
CONFIPET,20260812,78.71,78.91,72.51,73.82,4555642
CONS,20260812,12.56,12.56,12.39,12.45,32159
CONSOFINVT,20260812,274.0,281.9,272.0,278.8,2338
CONSUMAXIS,20260812,125.0,126.27,123.92,125.92,4269
CONSUMBEES,20260812,135.5,135.77,134.0,134.33,100635
CONSUMER,20260812,12.48,12.48,12.16,12.21,288920
CONSUMIETF,20260812,125.77,125.78,124.49,124.84,44894
CONTROLPR,20260812,563.7,571.3,563.7,567.5,17218
CORALFINAC,20260812,32.74,33.99,32.51,32.86,171223
CORDELIA,20260812,833.75,837.5,818.45,825.5,82363
CORDSCABLE,20260812,229.0,235.0,226.0,232.92,85496
COROMANDEL,20260812,2074.7,2085.9,2052.0,2073.3,105488
CORONA,20260812,2099.0,2144.9,2099.0,2135.9,16664
COSMOFIRST,20260812,939.65,944.45,902.0,909.0,70892
COUNCODOS,20260812,5.83,6.05,5.83,5.96,21621
CPCAP,20260812,115.2,134.8,115.2,131.81,221023
CPEDU,20260812,210.2,215.0,209.0,213.53,7478
CPL,20260812,70.0,70.4,68.4,69.86,24042
CPPLUS,20260812,3817.0,3965.0,3770.1,3899.1,287366
CPSEETF,20260812,93.84,94.98,93.21,93.86,1031400
CRAFTSMAN,20260812,10360.0,10723.0,10326.0,10511.0,71285
CRAMC,20260812,257.0,259.85,255.65,258.4,249804
CREATIVEYE,20260812,6.24,6.24,5.76,6.02,32020
CREDITACC,20260812,1540.0,1560.0,1535.0,1545.4,310316
CREST,20260812,371.0,374.8,360.0,363.35,5853
CRISIL,20260812,4508.6,4522.8,4450.0,4507.1,28123
CRIZAC,20260812,185.4,186.26,180.01,182.52,259977
CROMPTON,20260812,246.0,248.35,241.55,247.85,1952319
CROWN,20260812,107.1,108.65,105.76,107.29,5045
CSBBANK,20260812,326.05,326.2,317.0,319.2,247247
CSLFINANCE,20260812,225.0,228.49,219.99,224.18,24973
CSM,20260812,101.84,102.88,101.11,101.79,149206
CTE,20260812,37.6,37.68,36.6,37.02,4567
CUB,20260812,214.0,218.6,212.38,215.85,1867608
CUBEXTUB,20260812,79.79,81.19,79.0,79.11,42146
CUMMINSIND,20260812,5366.5,5406.5,5330.0,5365.0,554039
CUPID,20260812,281.0,290.0,279.42,289.87,48203967
CURAA,20260812,73.55,75.5,73.0,73.71,93
CYBERMEDIA,20260812,16.0,16.34,16.0,16.28,5667
CYBERTECH,20260812,136.39,138.0,134.0,135.04,15002
CYIENT,20260812,854.3,862.6,839.0,840.5,226541
CYIENTDLM,20260812,712.1,715.0,682.05,688.95,370815
DABUR,20260812,412.65,413.1,405.05,411.25,1677000
DAICHI,20260812,332.85,332.85,308.25,311.25,1061
DALBHARAT,20260812,1835.6,1844.0,1812.0,1841.4,89855
DALMIASUG,20260812,408.3,411.9,398.05,410.1,210455
DAMCAPITAL,20260812,145.0,148.4,144.78,146.15,577422
DAMODARIND,20260812,28.37,28.8,27.65,28.62,570
DANGEE,20260812,2.98,3.07,2.95,2.96,29185
DATAMATICS,20260812,865.5,872.25,851.3,862.95,225886
DATAPATTNS,20260812,4403.0,4546.1,4399.9,4491.0,836820
DAVANGERE,20260812,3.08,3.12,3.06,3.09,2779300
DBCORP,20260812,212.5,215.43,209.37,212.22,116431
DBEIL,20260812,7.09,7.3,7.07,7.14,168303
DBL,20260812,422.3,423.8,411.6,414.95,280623
DBOL,20260812,113.62,117.0,113.62,114.11,36778
DBREALTY,20260812,114.8,115.5,112.51,113.27,346535
DBSTOCKBRO,20260812,32.11,33.99,32.1,32.44,42250
DCAL,20260812,193.43,193.9,186.5,191.15,233026
DCBBANK,20260812,186.05,191.73,186.0,188.24,984286
DCI,20260812,355.05,358.75,352.05,352.2,26636
DCM,20260812,81.25,83.75,81.25,82.17,372
DCMFINSERV,20260812,5.59,5.59,4.95,5.09,37587
DCMNVL,20260812,181.63,181.63,172.1,179.26,190940
DCMSHRIRAM,20260812,1010.0,1013.0,991.0,993.7,47991
DCMSIL,20260812,82.06,82.06,79.0,81.38,31656
DCMSRIND,20260812,43.23,43.29,42.0,42.98,87842
DCW,20260812,46.7,46.8,45.88,45.97,643999
DCXINDIA,20260812,178.02,180.63,175.5,177.01,372578
DDEVPLSTIK,20260812,290.25,303.9,288.55,290.85,227613
DECCANCE,20260812,565.0,570.0,525.0,549.9,98210
DECNGOLD,20260812,223.09,229.0,218.6,220.35,3120188
DEEDEV,20260812,632.0,642.0,613.3,638.7,190766
DEEPAKFERT,20260812,1503.0,1504.0,1450.6,1455.7,332955
DEEPAKNTR,20260812,1779.8,1781.0,1711.0,1718.4,337575
DEEPINDS,20260812,675.0,699.0,650.0,696.1,782421
DEFENCE,20260812,80.69,81.09,80.0,80.68,160587
DELHIVERY,20260812,475.3,475.3,466.8,470.25,6123936
DELPHIFX,20260812,6.7,7.03,6.6,6.67,42491
DELTACORP,20260812,64.0,64.01,60.39,60.71,2262213
DELTAMAGNT,20260812,59.78,59.78,57.5,58.14,1222
DEN,20260812,27.3,27.3,26.74,26.99,397173
DENORA,20260812,864.0,883.65,821.65,846.3,10603
DENTA,20260812,332.35,334.15,322.25,323.1,146211
DEVIT,20260812,27.2,27.72,26.8,27.14,14615
DEVX,20260812,36.08,36.08,34.56,34.99,94481
DEVYANI,20260812,142.1,142.1,137.0,140.21,5819096
DGCONTENT,20260812,25.5,25.77,24.81,24.87,50112
DHAMPURSUG,20260812,158.1,162.77,156.01,159.23,462905
DHANBANK,20260812,32.73,32.93,32.41,32.5,271833
DHANUKA,20260812,1040.4,1040.4,1018.1,1026.7,19166
DHARAN,20260812,0.16,0.16,0.14,0.15,42856102
DHARMAJ,20260812,279.85,284.4,273.15,278.45,106140
DHRUV,20260812,23.8,25.3,23.0,23.17,4568
DHUNINV,20260812,988.0,988.0,961.15,972.2,1935
DIACABS,20260812,367.0,379.0,362.0,367.95,1355550
DIAMINESQ,20260812,243.17,249.9,239.5,240.72,11124
DIAMONDYD,20260812,1229.0,1229.0,1175.5,1192.6,27823
DICIND,20260812,529.95,529.95,497.65,505.8,1481
DIFFNKG,20260812,384.0,385.0,356.75,362.6,445456
DIGIDRIVE,20260812,18.38,18.44,17.62,17.79,31657
DIGISPICE,20260812,17.01,17.48,16.88,17.16,81288
DIGITIDE,20260812,101.8,104.7,99.5,103.86,354509
DIGJAMLMTD,20260812,48.59,49.9,48.2,48.92,7275
DISAQ,20260812,12017.0,12100.0,11580.0,11622.0,697
DISHTV,20260812,2.83,2.83,2.75,2.81,876451
DIVGIITTS,20260812,1188.8,1288.0,1176.95,1231.95,2717226
DIVIDEND,20260812,36.36,36.49,36.05,36.12,7857
DIVISLAB,20260812,8630.0,8674.0,8471.5,8600.0,559195
DIVOPPBEES,20260812,80.6,80.6,78.3,79.25,38315
DIXON,20260812,14061.0,14090.0,13670.0,13800.0,325889
DJML,20260812,109.59,110.37,101.1,103.58,187294
DLF,20260812,653.0,661.75,644.55,661.75,2681958
DLINKINDIA,20260812,435.0,435.0,422.85,425.95,90711
DMART,20260812,4035.0,4068.9,4020.0,4040.0,336886
DMCC,20260812,300.05,306.85,295.8,299.3,120683
DNAMEDIA,20260812,2.81,2.81,2.61,2.72,23777
DODLA,20260812,1054.0,1054.0,1038.0,1043.6,17436
DOLATALGO,20260812,70.15,71.2,69.1,69.81,79161
DOLLAR,20260812,290.0,293.0,274.65,277.3,232706
DOLPHIN,20260812,446.0,500.0,436.15,494.35,654932
DOMS,20260812,2231.8,2247.0,2219.3,2242.0,24235
DONEAR,20260812,84.0,85.25,82.16,85.0,19300
DPABHUSHAN,20260812,1470.0,1526.9,1395.0,1417.1,56163
DPSCLTD,20260812,7.55,7.55,7.32,7.34,107262
DPWIRES,20260812,166.92,167.89,164.0,166.79,8365
DRAGARWQ,20260812,5213.0,5475.0,5170.0,5311.5,2938
DRCSYSTEMS,20260812,13.19,13.19,12.52,12.81,40002
DREAMFOLKS,20260812,68.12,69.89,68.05,69.15,36476
DREDGECORP,20260812,1059.5,1067.9,1027.7,1036.8,80369
DRREDDY,20260812,1206.8,1206.8,1190.0,1200.0,2366909
DSFCL,20260812,25.65,25.65,24.99,25.65,10669
DSSL,20260812,1240.2,1258.3,1222.8,1238.9,19100
DTIL,20260812,137.95,143.5,134.1,140.5,20502
DUCON,20260812,3.28,3.29,3.1,3.14,107494
DVL,20260812,289.6,290.7,264.81,270.6,35608
DWARKESH,20260812,41.48,42.22,41.13,41.56,683122
DYCL,20260812,445.95,464.95,440.0,454.0,1716733
DYNAMATECH,20260812,10536.0,10828.0,10467.0,10674.0,29877
DYNPRO,20260812,262.15,267.0,260.5,262.1,9164
E2E,20260812,630.55,657.4,602.2,631.4,1123508
EASEMYTRIP,20260812,6.58,6.6,6.42,6.47,19904320
EASTSILK,20260812,69.45,69.45,65.98,65.98,904
EBANK10,20260812,16.96,16.96,16.82,16.86,194
EBANKNIFTY,20260812,57.77,58.36,57.77,58.32,225
EBBETF0430,20260812,1619.0,1619.0,1610.01,1615.08,7537
EBBETF0431,20260812,1434.11,1443.95,1433.92,1442.62,10457
EBBETF0433,20260812,1327.7,1327.7,1318.01,1322.42,5757
EBGNG,20260812,584.0,584.0,562.1,574.35,395288
ECAPINSURE,20260812,23.78,23.78,23.54,23.68,35904
ECLERX,20260812,1806.0,1822.0,1781.4,1810.2,98896
ECOSMOBLTY,20260812,129.12,132.4,125.76,125.76,117256
EDELWEISS,20260812,119.37,120.3,117.41,118.9,1403486
EFCIL,20260812,177.6,182.32,175.41,178.02,449243
EGOLD,20260812,152.15,153.2,151.85,152.9,67385
EICHERMOT,20260812,8000.5,8049.0,7940.0,8049.0,317282
EIDPARRY,20260812,788.0,791.85,759.0,772.5,733425
EIEL,20260812,212.0,212.89,200.84,203.13,2468285
EIFFL,20260812,311.55,311.55,282.1,293.75,23369
EIHAHOTELS,20260812,296.95,296.95,291.5,292.85,9539
EIHOTEL,20260812,300.35,302.5,297.7,298.5,142176
EIMCOELECO,20260812,1814.0,1814.0,1782.0,1795.1,6527
EKC,20260812,112.0,113.3,111.5,112.19,92282
ELANTAS,20260812,11840.0,11840.0,10880.0,11443.5,4628
ELCIDIN,20260812,113000.0,113000.0,109160.0,112500.0,25
ELDEHSG,20260812,764.5,768.75,741.5,750.3,1254
ELECON,20260812,433.3,443.1,428.0,441.45,486802
ELECTCAST,20260812,73.6,74.3,71.92,73.56,1539684
ELECTHERM,20260812,1016.2,1045.0,1001.4,1012.4,6998
ELGIEQUIP,20260812,572.0,583.2,572.0,575.55,351146
ELGIRUBCO,20260812,60.23,61.19,57.01,58.81,83761
ELIN,20260812,94.07,101.0,94.0,97.79,463918
ELIQUID,20260812,1043.25,1043.27,1043.25,1043.25,52864
ELITECON,20260812,17.43,17.91,16.6,16.96,1943493
ELLEN,20260812,295.0,323.8,286.7,323.8,3412223
ELM250,20260812,16.9,17.11,16.8,16.83,49292
ELMDIV,20260812,37.63,37.63,36.13,36.75,6045
ELPROINTL,20260812,174.0,178.0,174.0,174.49,34121
EMAMILTD,20260812,402.3,402.5,395.9,397.25,407075
EMAMIPAP,20260812,115.0,115.0,110.6,112.0,20453
EMAMIREAL,20260812,75.0,78.27,75.0,76.82,7929
EMBDL,20260812,65.0,65.1,61.45,61.96,3861184
EMCURE,20260812,2008.6,2023.0,1983.3,2009.6,214106
EMETAL,20260812,13.17,13.27,13.14,13.21,4123
EMIL,20260812,185.02,195.0,183.01,193.61,31604982
EMKAY,20260812,238.99,250.9,234.95,246.85,48493
EMMBI,20260812,84.93,85.77,83.16,85.0,19724
EMMVEE,20260812,319.0,319.55,313.45,317.2,895867
EMPOWER,20260812,2.09,2.31,2.09,2.3,6683163
EMSLIMITED,20260812,392.0,395.4,380.2,382.0,174831
EMUDHRA,20260812,525.95,529.85,512.1,522.65,104577
EMULTIMQ,20260812,41.98,42.23,41.98,42.19,35037
ENDURANCE,20260812,3006.0,3029.0,2984.2,3019.7,139376
ENERGY,20260812,39.66,39.66,38.65,38.92,125233
ENERGYDEV,20260812,16.08,17.24,16.08,16.72,62579
ENEXT50,20260812,74.57,74.57,74.15,74.48,646
ENGINERSIN,20260812,243.35,246.8,238.0,239.2,1264836
ENIFTY,20260812,23.98,24.72,23.98,24.65,7803
ENIL,20260812,102.02,102.98,100.5,101.33,51252
ENRIN,20260812,3582.0,3612.0,3488.0,3562.1,445189
ENTERO,20260812,1425.1,1459.8,1406.4,1420.3,234703
EPACK,20260812,225.0,226.0,209.76,212.22,1222863
EPACKPEB,20260812,247.15,248.5,234.1,236.4,893994
EPIGRAL,20260812,1112.0,1120.0,1097.3,1101.0,21285
EPL,20260812,244.27,259.83,236.29,243.64,15355500
EQUAL200,20260812,14.07,14.08,13.99,14.04,206225
EQUAL50,20260812,339.1,339.45,336.5,337.69,8827
EQUAL50ADD,20260812,352.1,352.16,347.57,348.06,14172
EQUIPPP,20260812,20.24,21.1,20.18,20.25,38681
EQUITASBNK,20260812,74.6,74.78,73.5,74.57,1185790
ERIS,20260812,1395.0,1395.0,1341.3,1351.7,67924
ESABINDIA,20260812,6312.0,6400.0,5951.0,6023.0,66506
ESAFSFB,20260812,38.43,40.4,36.57,39.83,1687946
ESCORTS,20260812,3128.9,3131.0,3097.5,3126.0,92021
ESENSEX,20260812,78.96,79.04,77.91,78.99,2970
ESG,20260812,42.14,42.22,41.8,42.06,56367
ESILVER,20260812,233.56,236.3,232.46,236.29,422704
ESSARSHPNG,20260812,20.0,20.0,19.4,19.57,117294
ESSENTIA,20260812,1.4,1.4,1.39,1.39,11778306
ESTER,20260812,102.07,103.09,95.8,96.27,595516
ETERNAL,20260812,318.95,318.95,312.6,314.05,19976751
ETHOSLTD,20260812,2829.9,2853.9,2768.1,2790.3,19720
EUREKAFORB,20260812,454.1,473.1,445.6,458.55,489669
EUROBOND,20260812,161.22,163.76,161.13,162.34,8121
EUROPRATIK,20260812,300.0,304.3,291.15,293.5,127671
EUROTEXIND,20260812,13.39,13.9,13.39,13.9,400
EVEREADY,20260812,354.0,359.9,351.3,353.7,53250
EVERESTIND,20260812,465.0,482.0,461.1,472.4,13499
EVIETF,20260812,34.87,34.87,34.03,34.19,194476
EVINDIA,20260812,35.04,35.04,34.09,34.16,380955
EXCELINDUS,20260812,1034.4,1060.0,1022.65,1051.0,6458
EXCELSOFT,20260812,76.4,76.68,74.8,75.17,328439
EXICOM,20260812,144.79,146.49,140.0,141.73,993093
EXIDEIND,20260812,485.0,495.25,482.35,490.65,4593999
EXPLEOSOL,20260812,819.05,825.0,810.25,823.05,16428
EXXARO,20260812,6.1,6.25,6.1,6.18,112168
FABTECH,20260812,147.0,149.5,145.0,145.81,94940
FACT,20260812,825.2,833.9,816.0,819.55,52303
FAIRCHEMOR,20260812,734.45,760.1,730.3,730.3,20021
FAZE3Q,20260812,543.05,564.0,543.05,543.05,115519
FCL,20260812,43.0,44.95,41.7,42.65,20028758
FCSSOFT,20260812,1.46,1.46,1.42,1.42,2269892
FDC,20260812,363.0,363.2,351.0,353.75,150265
FEDDERSHOL,20260812,42.02,42.5,40.0,41.04,380427
FEDERALBNK,20260812,354.55,357.65,353.8,356.85,3369817
FEDFINA,20260812,155.0,155.51,150.93,151.84,879332
FEL,20260812,0.39,0.39,0.38,0.38,108477
FELDVR,20260812,2.45,2.57,2.33,2.33,5089
FERMENTA,20260812,483.25,499.7,468.0,473.65,231376
FIBERWEB,20260812,29.5,29.9,29.14,29.35,3898
FIEMIND,20260812,2604.1,2674.8,2582.0,2645.9,153129
FILATEX,20260812,82.6,84.0,80.81,83.31,2332120
FILATFASH,20260812,0.19,0.19,0.18,0.18,10590900
FINCABLES,20260812,1240.0,1374.0,1233.0,1280.05,20153531
FINEORG,20260812,5120.7,5369.8,5115.7,5265.1,108822
FINIETF,20260812,34.34,34.34,33.25,33.39,376684
FINKURVE,20260812,60.54,62.0,59.5,61.39,13271
FINOPB,20260812,163.65,164.65,159.1,160.46,374355
FINPIPE,20260812,162.8,163.74,161.1,161.35,422174
FIRSTCRY,20260812,215.05,216.39,213.33,214.47,341283
FISCHER,20260812,38.47,39.0,36.7,37.66,946216
FIVESTAR,20260812,545.0,555.5,545.0,554.4,263148
FLAIR,20260812,247.0,252.8,245.0,249.45,196484
FLEXIADD,20260812,10.39,10.39,10.28,10.32,27909
FLEXITUFF,20260812,3.34,3.44,3.18,3.27,114193
FLFL,20260812,1.2,1.26,1.19,1.19,16829
FLUOROCHEM,20260812,4440.0,4695.0,4410.0,4565.8,979035
FMCGADD,20260812,48.9,49.46,48.41,48.82,15067
FMCGIETF,20260812,53.44,53.44,51.9,52.04,2412908
FMGOETZE,20260812,482.1,492.0,482.1,487.2,28850
FMNL,20260812,9.25,9.35,9.08,9.19,8770
FOCUS,20260812,67.6,69.0,67.0,67.22,18300
FOODSIN,20260812,53.07,53.24,50.25,51.29,88525
FORCEMOT,20260812,18347.0,19399.0,18347.0,19269.0,240317
FORTIS,20260812,935.25,936.0,879.1,900.0,4300020
FOSECOIND,20260812,5500.5,5574.5,5481.0,5530.5,3207
FRACTAL,20260812,828.0,832.75,812.15,823.0,147677
FRONTSP,20260812,1492.4,1575.0,1475.0,1509.5,82391
FSL,20260812,280.65,280.65,272.25,274.5,1861664
FUSION,20260812,213.17,215.53,200.1,203.78,1242445
GABRIEL,20260812,1510.0,1510.0,1471.2,1476.8,188740
GAEL,20260812,169.0,169.7,165.0,165.36,583895
GAIL,20260812,175.34,177.95,173.3,177.95,8976408
GALAPREC,20260812,1006.4,1030.0,988.2,993.6,27827
GALAXYSURF,20260812,2092.0,2092.0,2000.0,2022.4,9398
GALLANTT,20260812,601.9,601.9,588.3,590.7,36891
GANDHAR,20260812,242.01,242.82,235.01,236.28,930996
GANDHITUBE,20260812,933.0,969.0,922.15,957.75,39709
GANECOS,20260812,1050.0,1074.0,1037.7,1069.6,85205
GANESHBE,20260812,115.85,116.0,110.91,112.26,202097
GANESHCP,20260812,162.85,164.85,160.5,162.26,51839
GANESHHOU,20260812,766.15,771.0,751.25,765.5,14308
GANGAFORGE,20260812,2.4,2.41,2.4,2.4,18650121
GANGESSECU,20260812,117.0,119.0,113.0,118.31,5927
GARFIBRES,20260812,786.4,789.35,765.0,768.85,50951
GARUDA,20260812,191.05,193.48,182.2,183.49,1066354
GATECH,20260812,0.73,0.73,0.72,0.72,14611337
GATECHDVR,20260812,0.52,0.53,0.49,0.51,455211
GATEWAY,20260812,56.1,56.38,54.77,54.9,1657544
GAUDIUMIVF,20260812,123.28,123.28,123.28,123.28,29169
GAYAHWS,20260812,2.0,2.0,1.92,1.98,165138
GAYAPROJ,20260812,19.11,19.45,19.01,19.2,198073
GCSL,20260812,466.0,514.0,452.05,502.2,1178047
GEECEE,20260812,386.0,389.9,374.0,378.0,2340
GEEKAYWIRE,20260812,22.59,22.84,22.53,22.53,39280
GEMAROMA,20260812,181.5,181.65,169.0,170.59,152635
GENCON,20260812,39.65,39.9,39.18,39.64,225585
GENESYS,20260812,210.1,214.0,207.2,208.0,183143
GENSOL,20260812,16.9,17.5,16.56,16.78,61819
GENUSPAPER,20260812,12.27,12.27,11.78,11.83,79715
GENUSPOWER,20260812,306.1,312.8,301.1,304.95,1569937
GEOJITFSL,20260812,77.09,78.17,74.67,77.7,412527
GESHIP,20260812,1292.0,1297.7,1276.3,1281.9,522980
GFLLIMITED,20260812,48.8,49.0,47.13,47.9,43103
GHCL,20260812,432.25,434.95,429.25,431.35,86368
GHCLTEXTIL,20260812,119.6,119.6,115.31,115.93,298267
GICHSGFIN,20260812,151.0,151.27,148.4,149.41,80467
GICL,20260812,21.8,22.6,20.88,22.27,626606
GICRE,20260812,355.75,358.5,352.8,355.85,420356
GILLANDERS,20260812,91.62,93.25,90.21,90.21,2199
GILLETTE,20260812,7660.0,7660.0,7581.5,7589.5,9849
GILT10BETA,20260812,27.14,27.14,26.52,26.89,262
GILT5BETA,20260812,67.04,67.19,66.18,66.21,77
GILT5YBEES,20260812,66.16,66.46,66.15,66.35,154036
GINNIFILA,20260812,45.5,45.5,43.29,44.05,58435
GIPCL,20260812,172.0,181.4,170.78,174.05,8115461
GKENERGY,20260812,131.0,131.75,127.0,128.05,450828
GKSL,20260812,133.8,135.86,132.97,133.16,100848
GKWLIMITED,20260812,1656.3,1679.0,1635.0,1638.3,885
GLAND,20260812,2924.0,2949.9,2860.0,2891.2,732471
GLAXO,20260812,2601.0,2624.9,2579.5,2620.2,64718
GLENMARK,20260812,2276.0,2310.0,2272.4,2290.0,464575
GLFL,20260812,5.89,5.9,5.66,5.88,5512
GLOBAL,20260812,81.6,104.65,81.6,102.94,252665
GLOBALE,20260812,10.23,10.79,10.03,10.78,9187
GLOBALVECT,20260812,159.1,161.93,155.01,157.53,8955
GLOBE,20260812,2.03,2.07,1.86,2.0,2101182
GLOBECIVIL,20260812,44.89,45.25,41.56,43.11,153450
GLOBUSSPR,20260812,876.05,878.15,862.4,873.5,81489
GLOSTERLTD,20260812,675.7,675.7,638.2,640.95,1481
GLOTTIS,20260812,66.1,67.2,64.01,65.39,36652
GMBREW,20260812,900.0,904.45,890.0,896.0,19757
GMDCLTD,20260812,602.9,617.15,600.5,603.2,2552352
GMMPFAUDLR,20260812,1003.8,1008.3,988.0,997.3,89832
GMRAIRPORT,20260812,105.11,106.29,102.15,104.55,18618816
GMRP&UI,20260812,95.82,97.4,95.0,96.73,689644
GNA,20260812,541.7,556.4,537.05,552.6,341130
GNFC,20260812,549.85,556.4,548.9,551.05,449732
GNRL,20260812,111.94,116.2,111.0,114.3,357979
GOACARBON,20260812,374.15,375.9,369.4,370.15,5172
GOCLCORP,20260812,433.8,443.95,425.2,431.8,148130
GOCOLORS,20260812,323.05,324.6,320.55,323.35,69589
GODAVARIB,20260812,270.95,272.75,260.0,261.6,416516
GODFRYPHLP,20260812,2223.5,2228.7,2150.0,2199.0,205693
GODIGIT,20260812,266.9,266.9,260.35,262.8,221410
GODREJAGRO,20260812,552.4,554.85,546.15,552.25,92807
GODREJCP,20260812,922.5,951.8,907.8,910.0,22527411
GODREJIND,20260812,1304.8,1305.0,1219.1,1235.2,116124
GODREJPROP,20260812,2035.0,2042.0,1984.0,2015.0,466920
GOKEX,20260812,780.0,790.2,741.0,762.25,801501
GOKUL,20260812,40.7,40.7,39.25,39.53,150973
GOKULAGRO,20260812,227.83,239.49,225.45,236.6,845538
GOLD1,20260812,130.02,130.02,127.01,127.73,1649436
GOLD360,20260812,149.05,149.5,148.55,149.4,13283
GOLDADD,20260812,147.98,148.72,147.62,148.59,2068223
GOLDAXIS,20260812,127.62,127.64,126.69,127.48,896221
GOLDBEES,20260812,125.83,126.54,125.76,126.45,18273875
GOLDBETA,20260812,124.6,129.95,124.6,128.75,678882
GOLDBND,20260812,152.26,153.98,151.81,152.8,10787
GOLDCASE,20260812,24.18,24.19,23.94,24.08,7516321
GOLDENTOBC,20260812,24.16,25.03,24.16,24.51,669
GOLDETF,20260812,147.85,149.44,147.82,148.52,1579799
GOLDIAM,20260812,387.9,387.9,369.05,372.85,898754
GOLDIETF,20260812,130.16,131.18,126.9,131.06,4669000
GOLDTECH,20260812,53.49,54.95,52.5,53.41,14278
GOODLUCK,20260812,1340.0,1349.9,1301.0,1305.6,360258
GOODYEAR,20260812,780.0,820.0,770.0,810.85,22705
GOPAL,20260812,275.8,280.95,272.0,273.4,241136
GOYALALUM,20260812,6.58,6.58,6.3,6.31,71794
GPIL,20260812,234.18,234.95,228.31,228.99,1651494
GPPL,20260812,148.49,150.8,147.86,149.79,986838
GPTHEALTH,20260812,160.9,160.94,156.09,157.28,71280
GPTINFRA,20260812,116.27,120.19,115.21,118.87,104185
GRADIENTE,20260812,2.67,2.69,2.6,2.61,3791463
GRANDOAK,20260812,39.11,40.81,38.77,39.29,8213
GRANULES,20260812,857.5,870.0,854.4,864.8,283049
GRAPHITE,20260812,730.1,742.0,721.0,726.25,672656
GRASIM,20260812,3325.1,3393.9,3270.6,3307.8,2309486
GRAUWEIL,20260812,68.16,68.16,66.0,67.1,256410
GRAVISSHO,20260812,29.0,31.2,29.0,30.63,3768
GRAVITA,20260812,1789.9,1838.9,1755.5,1815.1,217427
GREAVESCOT,20260812,198.1,198.49,190.57,193.76,1212348
GREENLAM,20260812,242.95,253.65,242.5,248.5,519672
GREENPANEL,20260812,184.0,185.2,176.0,176.66,574131
GREENPLY,20260812,279.55,281.5,275.5,276.65,41681
GREENPOWER,20260812,9.71,9.73,9.5,9.54,1914469
GRINDWELL,20260812,2079.0,2127.6,2079.0,2106.2,28826
GRINFRA,20260812,876.65,887.05,870.45,881.95,32045
GRMOVER,20260812,94.84,96.49,90.02,91.38,1610382
GROBTEA,20260812,895.0,991.0,895.0,919.6,1109
GROWW,20260812,193.7,198.0,192.4,197.28,25335276
GROWWCAPM,20260812,11.29,11.29,11.12,11.23,177403
GROWWCHEM,20260812,30.41,30.78,30.3,30.48,30661
GROWWDEFNC,20260812,96.45,96.7,95.24,96.33,161249
GROWWEV,20260812,34.11,34.25,33.86,34.13,325847
GROWWGOLD,20260812,14.97,14.98,14.86,14.93,1604950
GROWWHOSPI,20260812,53.76,53.77,51.76,51.9,978519
GROWWLIQID,20260812,110.05,110.31,110.05,110.3,88874
GROWWLOVOL,20260812,10.68,10.68,10.52,10.55,7272
GROWWMC150,20260812,236.79,239.0,232.01,232.18,2786
GROWWMETAL,20260812,12.51,12.7,12.3,12.39,491560
GROWWMOM50,20260812,11.14,11.14,10.98,11.07,185413
GROWWN200,20260812,11.49,11.61,11.45,11.54,71141
GROWWNET,20260812,10.61,10.8,10.47,10.52,391714
GROWWNIFTY,20260812,9.78,9.99,9.78,9.86,612796
GROWWNXT50,20260812,75.78,75.78,74.58,74.92,7253
GROWWPOWER,20260812,11.57,11.58,11.42,11.48,1791343
GROWWPSE,20260812,98.27,100.4,98.0,100.4,16587
GROWWPSUBK,20260812,86.44,88.46,86.44,88.05,10061
GROWWRAIL,20260812,29.46,29.46,29.18,29.28,294972
GROWWRLTY,20260812,9.96,10.05,9.85,9.9,229853
GROWWSC250,20260812,10.72,10.72,10.57,10.62,146065
GROWWSLVR,20260812,23.1,23.17,22.8,23.11,1862603
GRPLTD,20260812,1926.1,1998.8,1920.3,1976.7,1435
GRSE,20260812,2579.0,2584.0,2546.6,2576.4,307019
GRWRHITECH,20260812,7040.5,7198.5,7000.0,7132.5,46023
GSEC10IETF,20260812,267.26,267.54,266.05,266.05,1334
GSEC10YEAR,20260812,31.04,31.04,30.25,30.65,2483
GSEC5IETF,20260812,66.4,67.51,66.28,66.55,12035
GSFC,20260812,162.0,163.72,159.04,160.69,905558
GSLSU,20260812,28.97,29.55,28.21,29.55,76139
GSPCROP,20260812,592.2,594.4,584.5,588.75,323005
GSS,20260812,13.62,13.62,13.21,13.27,24934
GTECJAINX,20260812,30.0,30.7,29.45,29.45,4411
GTL,20260812,7.75,7.95,7.56,7.6,256106
GTLINFRA,20260812,1.24,1.25,1.22,1.23,21421097
GTPL,20260812,52.99,54.99,52.99,53.94,147330
GUFICBIO,20260812,434.0,439.0,420.3,424.9,112334
GUJALKALI,20260812,670.05,677.55,666.05,672.45,35804
GUJAPOLLO,20260812,345.05,350.0,345.05,347.3,3094
GUJENERGY,20260812,299.45,299.45,272.4,274.35,6836300
GUJRAFFIA,20260812,41.4,42.92,40.3,41.98,24987
GUJTHEM,20260812,360.4,363.95,352.0,352.65,34119
GULFOILLUB,20260812,1200.8,1200.8,1171.0,1181.2,27354
GULFPETRO,20260812,63.74,64.15,62.1,62.75,353637
GULPOLY,20260812,198.89,199.96,188.04,189.89,377543
GVKPIL,20260812,2.33,2.37,2.31,2.36,443420
GVPIL,20260812,766.15,798.25,766.15,794.0,439433
GVPTECH,20260812,7.06,7.24,7.04,7.13,76963
GVT&D,20260812,4429.1,4549.0,4374.9,4406.5,1048083
GYFTR,20260812,161.35,162.0,156.99,160.15,36123
HAL,20260812,4909.0,5055.0,4803.4,4995.0,2901166
HALDER,20260812,265.09,289.0,265.09,275.08,36579
HALDYNGL,20260812,130.99,130.99,123.0,124.35,49133
HALEOSLABS,20260812,1415.4,1478.0,1415.0,1451.4,757
HAPPSTMNDS,20260812,394.0,394.65,384.75,390.0,583657
HAPPYFORGE,20260812,1907.8,2040.0,1907.8,2022.7,244242
HARDWYN,20260812,11.19,11.95,11.06,11.51,5272768
HARIOMPIPE,20260812,394.75,397.95,385.0,392.7,112617
HARRMALAYA,20260812,227.35,227.35,217.61,219.74,31265
HARSHA,20260812,410.0,410.0,395.45,399.9,254264
HATHWAY,20260812,10.76,10.85,10.62,10.67,1159753
HATSUN,20260812,949.3,955.0,940.0,950.05,57776
HAVELLS,20260812,1271.3,1276.9,1257.7,1265.0,420518
HAVISHA,20260812,1.41,1.41,1.34,1.39,36004
HAWKINCOOK,20260812,8190.5,8286.5,8105.5,8177.5,595
HBESD,20260812,74.01,78.5,74.01,74.99,1914
HBLENGINE,20260812,695.25,702.6,688.0,691.5,614610
HBSL,20260812,54.01,59.78,54.01,57.55,2964
HCC,20260812,20.24,20.24,19.71,20.04,18181740
HCG,20260812,735.0,738.95,724.15,736.5,183448
HCL-INSYS,20260812,11.6,12.0,10.8,11.78,543188
HCLTECH,20260812,1370.0,1370.0,1340.4,1365.4,1418468
HDBFS,20260812,685.7,699.2,685.0,688.75,277748
HDFCAMC,20260812,2520.0,2520.0,2482.3,2490.0,889475
HDFCBANK,20260812,729.0,730.65,722.0,729.0,26993177
HDFCBSE500,20260812,38.55,38.55,37.9,38.22,879737
HDFCGOLD,20260812,131.47,131.47,129.94,130.61,3549446
HDFCGROWTH,20260812,124.38,124.38,122.25,122.83,28517
HDFCLIFE,20260812,536.0,537.75,531.4,537.0,2392072
HDFCLIQUID,20260812,1073.33,1073.33,1073.31,1073.32,45955
HDFCLOWVOL,20260812,21.16,21.17,21.03,21.09,1356
HDFCMID150,20260812,24.01,24.01,23.65,23.76,716653
HDFCMOMENT,20260812,31.69,31.73,31.41,31.57,266556
HDFCNEXT50,20260812,75.57,76.5,75.57,76.0,279736
HDFCNIF100,20260812,26.78,26.9,26.29,26.36,34304
HDFCNIFBAN,20260812,59.2,59.65,59.11,59.57,75973
HDFCNIFIT,20260812,34.0,34.03,33.16,33.45,109656
HDFCNIFTY,20260812,275.89,276.92,274.02,275.29,61940
HDFCNIMEG,20260812,131.49,133.82,131.03,131.46,27865
HDFCPSUBK,20260812,87.33,89.25,87.33,88.92,319821
HDFCPVTBAN,20260812,27.99,28.04,27.8,28.0,73893
HDFCQUAL,20260812,60.43,60.43,59.86,60.06,16092
HDFCSENSEX,20260812,88.05,89.11,87.95,88.36,45453
HDFCSILVER,20260812,222.6,226.2,222.49,225.88,3709394
HDFCSML250,20260812,184.95,186.0,183.5,184.44,1346528
HDFCVALUE,20260812,130.3,130.3,127.04,127.94,8568
HDIL,20260812,1.57,1.57,1.49,1.5,265163
HEADSUP,20260812,6.88,7.39,6.8,7.11,10735
HEALTHADD,20260812,16.85,16.89,16.69,16.74,16036
HEALTHAXIS,20260812,169.3,169.56,168.08,168.95,10322
HEALTHCARE,20260812,22.29,22.29,21.57,21.6,54281
HEALTHIETF,20260812,171.33,171.74,169.71,170.43,88813
HEALTHX,20260812,307.75,307.75,292.5,293.9,5504
HEALTHY,20260812,17.39,17.39,17.0,17.06,241090
HECPROJECT,20260812,138.0,138.6,135.1,136.01,5860
HEG,20260812,678.25,686.4,671.0,674.35,861879
HEIDELBERG,20260812,155.0,155.99,152.2,155.12,31064
HEMIPROP,20260812,135.5,136.89,133.8,134.12,375144
HERANBA,20260812,177.0,177.0,171.0,171.82,25124
HERITGFOOD,20260812,365.0,365.0,353.7,357.65,184769
HEROMOTOCO,20260812,5875.0,5916.0,5844.0,5895.0,996651
HESTERBIO,20260812,2487.8,2500.0,2451.0,2465.3,5159
HEXAGON,20260812,64.9,67.0,63.0,65.91,500920
HEXATRADEX,20260812,158.0,161.7,156.5,156.82,2432
HEXT,20260812,565.05,579.4,552.5,566.95,209205
HFCL,20260812,215.4,223.61,215.0,221.52,28062533
HGINFRA,20260812,553.0,575.75,547.8,551.75,232826
HGM,20260812,49.0,49.3,47.0,48.11,5290
HGS,20260812,411.3,414.95,405.6,406.75,19030
HIKAL,20260812,217.98,218.35,211.1,212.84,242629
HILINFRA,20260812,45.0,46.0,44.5,44.96,97591
HILTON,20260812,20.67,20.67,19.66,20.0,131126
HIMATSEIDE,20260812,76.32,77.75,76.0,76.16,417971
HINDALCO,20260812,1063.2,1087.95,1056.9,1078.5,8786842
HINDCOMPOS,20260812,412.95,424.45,412.95,420.7,3970
HINDCON,20260812,22.96,23.65,21.11,22.04,25880
HINDCOPPER,20260812,530.85,569.9,529.6,547.7,36903374
HINDOILEXP,20260812,166.82,166.99,161.61,162.36,396114
HINDPETRO,20260812,392.0,393.0,385.8,390.0,10513694
HINDUNILVR,20260812,2065.0,2072.1,2050.1,2063.0,995523
HINDWAREAP,20260812,210.0,210.6,187.0,204.88,1369339
HINDZINC,20260812,589.95,597.8,576.5,584.6,7584733
HIRECT,20260812,1222.2,1269.9,1186.4,1242.4,135027
HISARMETAL,20260812,157.95,157.95,147.1,149.4,9665
HITECH,20260812,84.15,84.76,77.28,77.75,3099037
HITECHCORP,20260812,323.15,330.4,321.0,326.25,14905
HITECHGEAR,20260812,547.0,551.0,532.0,550.0,5143
HLEGLAS,20260812,351.0,366.0,321.0,326.45,2273511
HLVLTD,20260812,7.4,7.4,7.0,7.14,154860
HMAAGRO,20260812,22.11,22.79,21.71,21.8,682442
HMT,20260812,60.95,60.95,58.51,58.77,8561
HMVL,20260812,91.97,92.89,91.1,91.77,14010
HNDFDS,20260812,578.7,599.0,575.7,595.25,123983
HNGSNGBEES,20260812,486.55,486.55,480.0,480.32,108132
HOMEFIRST,20260812,1173.7,1187.0,1167.3,1181.2,91800
HONASA,20260812,467.45,477.0,461.3,467.4,987009
HONAUT,20260812,38000.0,38195.0,37520.0,37620.0,1435
HONDAPOWER,20260812,2116.3,2132.9,2100.0,2103.0,1815
HPAL,20260812,41.5,42.6,39.25,40.42,1285237
HPIL,20260812,129.5,129.5,120.3,126.37,5225
HPL,20260812,326.15,330.0,321.0,322.25,101650
HSBCGOLD,20260812,133.23,133.35,131.05,132.83,2352
HSCL,20260812,760.0,764.95,756.1,762.4,2240303
HTMEDIA,20260812,27.31,27.69,26.41,26.74,93367
HUBTOWN,20260812,179.1,179.68,176.62,178.19,357763
HUDCO,20260812,195.8,196.8,191.25,192.73,2361586
HUHTAMAKI,20260812,291.65,292.95,273.35,278.4,266172
HYBRIDETF,20260812,10.15,10.19,10.14,10.19,6005
HYBRIDFIN,20260812,17.25,18.5,17.25,17.82,7713
HYUNDAI,20260812,2192.7,2245.0,2192.7,2240.0,732935
IBULLSLTD,20260812,28.19,28.38,26.71,27.45,21450760
ICDSLTD,20260812,40.71,41.4,39.5,39.62,248
ICEMAKE,20260812,816.5,834.9,811.45,828.6,24217
ICICIAMC,20260812,3028.5,3083.2,3020.5,3074.6,149452
ICICIB22,20260812,117.0,117.0,115.75,116.2,282901
ICICIBANK,20260812,1429.4,1435.0,1418.6,1431.7,8201733
ICICIGI,20260812,1646.7,1649.6,1621.0,1635.0,745439
ICICIPRULI,20260812,501.5,506.4,494.5,506.4,1278410
ICIL,20260812,423.0,445.15,389.45,404.35,2410797
ICRA,20260812,5079.5,5160.0,5019.6,5131.5,18118
IDBI,20260812,82.44,83.44,82.2,82.46,3078680
IDEA,20260812,12.93,13.69,12.83,13.5,772547405
IDEAFORGE,20260812,810.3,824.4,810.3,810.3,978535
IDFCFIRSTB,20260812,83.61,85.8,83.61,85.8,16618607
IDFNIFTYET,20260812,270.7,274.59,268.92,272.96,394
IEX,20260812,127.0,127.19,123.9,125.95,2436267
IFBAGRO,20260812,1010.0,1035.0,985.0,1013.15,8174
IFBIND,20260812,1370.5,1377.7,1347.2,1357.7,30250
IFCI,20260812,75.0,75.29,72.71,73.51,14279371
IFGLEXPOR,20260812,219.9,224.77,212.0,212.93,31996
IGARASHI,20260812,457.7,459.3,445.5,447.85,80073
IGCL,20260812,71.93,77.51,70.0,72.36,432956
IGIL,20260812,351.5,351.95,339.9,343.25,301469
IGL,20260812,154.0,155.0,152.53,154.54,989560
IGPL,20260812,472.9,473.7,457.6,467.0,53511
IIFL,20260812,622.0,628.7,615.2,625.75,959585
IIFLCAPS,20260812,334.8,338.0,333.9,335.0,207047
IITL,20260812,146.48,147.61,144.0,146.68,101140
IKIO,20260812,207.7,216.0,205.0,214.9,598092
IKS,20260812,1753.0,1813.7,1740.2,1785.6,169710
IL&FSENGG,20260812,35.01,35.19,34.38,34.53,5368
IL&FSTRANS,20260812,2.17,2.17,2.07,2.11,18103
IMAGICAA,20260812,48.8,49.25,47.25,47.5,503033
IMFA,20260812,1481.0,1505.0,1465.0,1470.7,131612
IMPAL,20260812,1093.0,1093.0,1061.0,1071.5,582
IMPEXFERRO,20260812,3.44,3.44,3.44,3.44,6220
INA,20260812,104.8,107.9,102.0,105.99,715013
INCREDIBLE,20260812,33.08,33.08,32.25,32.76,420
INDBANK,20260812,32.99,33.59,32.7,33.22,45795
INDGN,20260812,569.9,577.7,562.8,565.4,439544
INDHOTEL,20260812,724.0,724.0,713.05,724.0,1298404
INDIACEM,20260812,385.0,390.0,383.35,385.5,124919
INDIAGLYCO,20260812,1077.0,1085.0,1044.0,1049.4,103709
INDIAMART,20260812,1798.0,1810.0,1764.1,1784.6,139878
INDIANB,20260812,875.6,897.65,873.1,897.0,2076183
INDIANCARD,20260812,223.95,223.95,209.5,211.22,1118
INDIANHUME,20260812,383.35,389.5,373.0,375.35,30664
INDIASHLTR,20260812,642.6,688.2,642.6,682.75,352904
INDIGO,20260812,5266.5,5333.0,5228.0,5333.0,215913
INDIGOPNTS,20260812,1127.0,1144.9,1116.1,1122.1,28881
INDIQUBE,20260812,184.05,188.0,176.63,183.79,34840
INDNIPPON,20260812,1130.0,1174.0,1120.5,1163.2,29074
INDOAMIN,20260812,136.0,136.0,130.0,133.14,68679
INDOBORAX,20260812,435.0,464.2,430.1,449.05,505140
INDOCO,20260812,217.81,221.06,216.0,217.49,68570
INDOFARM,20260812,151.0,151.09,145.76,148.9,138216
INDOMIM,20260812,821.8,837.9,808.5,823.65,1315318
INDORAMA,20260812,58.4,60.35,57.07,58.16,239333
INDOSTAR,20260812,252.1,252.1,242.85,246.5,78676
INDOTECH,20260812,3670.0,3725.0,3539.0,3539.0,40977
INDOTHAI,20260812,85.4,85.4,85.4,85.4,71897
INDOUS,20260812,82.91,82.91,80.0,80.48,4864
INDOWIND,20260812,9.11,9.11,8.85,8.96,97672
INDPRUD,20260812,6450.0,6450.0,6262.0,6343.5,621
INDRAMEDCO,20260812,386.05,386.05,375.3,376.95,200127
INDSWFTLAB,20260812,302.9,320.5,293.0,300.0,8635452
INDTERRAIN,20260812,31.58,32.74,31.27,31.31,22600
INDUSINDBK,20260812,1009.0,1022.7,1006.5,1017.5,915131
INDUSTOWER,20260812,370.0,385.2,369.75,383.4,10079537
INFOBEAN,20260812,168.99,169.5,162.05,162.88,190816
INFOMEDIA,20260812,5.15,5.45,5.15,5.21,21510
INFRA,20260812,12.19,12.21,12.12,12.19,25828
INFRABEES,20260812,973.02,974.61,963.03,968.74,11408
INFRAIETF,20260812,96.98,96.98,95.89,96.26,86485
INFY,20260812,1185.6,1190.4,1163.3,1176.1,7529777
INGERRAND,20260812,4305.0,4340.0,4275.0,4292.2,4191
INNOVACAP,20260812,1100.1,1120.0,986.5,1012.2,579709
INNOVANA,20260812,332.3,338.8,318.0,327.35,806
INNOVISION,20260812,285.2,292.0,274.0,288.6,99785
INOXGREEN,20260812,182.31,187.75,175.19,187.25,1069323
INOXINDIA,20260812,1925.0,1951.3,1897.7,1911.2,92266
INOXWIND,20260812,74.27,74.84,73.55,74.0,8299658
INSECTICID,20260812,628.0,638.0,622.6,628.6,25916
INSPIRISYS,20260812,96.91,96.91,96.91,96.91,2320
INSUREIETF,20260812,15.47,15.98,15.41,15.52,47724
INTELLECT,20260812,723.8,724.85,697.5,703.25,417539
INTENTECH,20260812,84.0,84.0,81.0,81.44,9550
INTERARCH,20260812,1698.0,1721.4,1680.2,1699.7,41994
INTERNET,20260812,14.3,14.33,14.17,14.23,200516
INTLCONV,20260812,74.93,74.98,72.09,73.12,48433
INVENTURE,20260812,0.9,0.93,0.89,0.9,1283354
INVPRECQ,20260812,1164.0,1164.0,1115.0,1135.3,2801
IOB,20260812,34.3,34.51,33.71,33.84,3192118
IOC,20260812,140.63,142.05,139.29,140.6,10106894
IOLCP,20260812,163.99,164.14,157.27,158.42,2000252
IONEXCHANG,20260812,381.0,381.55,375.0,376.85,266067
IPCALAB,20260812,1758.5,1784.4,1744.0,1766.6,149151
IPL,20260812,142.57,143.35,141.72,142.09,122014
IRB,20260812,19.56,19.62,19.3,19.33,8884401
IRCON,20260812,128.14,129.38,125.77,126.18,1396832
IRCTC,20260812,517.3,519.1,510.0,513.55,647305
IREDA,20260812,118.69,119.0,117.0,117.8,4344077
IRFC,20260812,87.91,88.35,87.49,88.26,5812334
IRIS,20260812,249.97,252.01,240.0,251.13,39761
IRISDOREME,20260812,56.37,57.25,56.15,56.83,789276
IRMENERGY,20260812,305.8,306.85,292.05,295.15,128474
ISFT,20260812,79.0,79.5,77.51,79.16,210173
ISGEC,20260812,800.0,803.0,741.05,746.3,219189
ISHANCH,20260812,50.75,50.8,49.44,50.18,8980
IT,20260812,35.22,35.34,34.47,34.66,294307
ITADD,20260812,33.69,33.74,32.97,33.26,15117
ITAXIS,20260812,348.89,350.31,342.4,346.37,5360
ITBEES,20260812,35.24,35.51,34.43,34.65,13117804
ITBETA,20260812,334.59,334.59,326.46,329.02,1305
ITC,20260812,279.0,279.55,275.4,276.15,12630816
ITCHOTELS,20260812,167.0,168.96,166.25,168.32,1579629
ITDC,20260812,676.95,761.75,667.15,721.05,3428743
ITETF,20260812,34.02,34.03,32.92,33.12,295478
ITI,20260812,284.0,289.4,282.25,283.5,234439
ITIETF,20260812,35.52,35.52,34.47,34.68,2350345
IVALUE,20260812,275.7,286.45,275.7,283.45,274259
IVC,20260812,8.3,9.8,8.3,8.56,446794
IVP,20260812,180.05,185.0,178.7,180.49,20017
IVZINGOLD,20260812,133.15,133.45,132.55,133.2,17774
IVZINNIFTY,20260812,281.0,282.0,278.79,280.55,1004
IWP,20260812,33.32,33.99,33.32,33.96,5149
IXIGO,20260812,183.95,183.95,177.67,178.37,465902
IZMO,20260812,949.9,959.2,924.5,954.1,94262
J&KBANK,20260812,157.19,157.94,155.26,157.48,1408763
JAGRAN,20260812,63.9,64.2,63.0,63.55,144334
JAGSNPHARM,20260812,230.4,231.98,224.6,225.47,153442
JAIBALAJI,20260812,66.6,67.53,65.01,65.81,218036
JAICORPLTD,20260812,102.7,106.0,100.73,104.15,525064
JAINREC,20260812,298.95,306.0,297.0,303.0,1065167
JAIPURKURT,20260812,28.9,28.9,27.45,27.74,15349
JAMNAAUTO,20260812,125.4,127.62,123.3,123.76,2078458
JARO,20260812,441.4,453.0,435.1,444.4,56568
JASH,20260812,499.9,504.95,473.9,495.65,347068
JAYAGROGN,20260812,214.95,221.0,208.5,210.37,8449
JAYBARMARU,20260812,127.01,132.9,127.0,130.8,569514
JAYKAY,20260812,154.49,154.49,147.42,148.66,230844
JAYNECOIND,20260812,92.7,93.66,89.57,90.67,2518788
JAYSREETEA,20260812,89.0,91.8,88.52,90.66,110538
JBMA,20260812,647.0,650.0,622.5,627.35,336875
JETFREIGHT,20260812,22.9,23.07,22.45,22.7,95687
JGCHEM,20260812,621.05,624.75,594.0,605.7,555453
JHS,20260812,9.01,9.24,8.16,8.82,179552
JINDALPHOT,20260812,1074.6,1074.6,1053.0,1057.2,1299
JINDALPOLY,20260812,648.0,692.45,637.5,666.55,221626
JINDALSAW,20260812,273.5,276.4,268.25,269.55,898986
JINDALSTEL,20260812,1096.0,1112.0,1093.2,1112.0,396526
JINDRILL,20260812,596.7,600.95,588.5,595.65,108377
JINDWORLD,20260812,35.65,37.46,35.65,36.74,7686074
JIOFIN,20260812,252.75,256.05,249.0,256.05,13290344
JISLDVREQS,20260812,22.4,22.4,20.7,21.05,27590
JISLJALEQS,20260812,27.83,27.94,26.9,27.07,2474637
JITFINFRA,20260812,355.9,356.8,342.6,348.4,16036
JKCEMENT,20260812,5359.5,5438.5,5290.0,5393.5,49895
JKIL,20260812,497.9,501.55,490.0,491.35,37171
JKIPL,20260812,97.21,100.6,94.25,99.95,41023
JKLAKSHMI,20260812,551.0,553.2,547.75,549.3,75610
JKPAPER,20260812,391.9,395.5,386.1,388.9,376041
JKTYRE,20260812,392.95,392.95,385.5,386.5,479266
JLHL,20260812,312.55,316.5,302.65,306.25,195568
JMA,20260812,88.9,89.0,87.0,88.74,6666
JMFINANCIL,20260812,126.1,130.13,126.1,129.67,4221891
JNKINDIA,20260812,425.0,439.0,405.05,407.25,601506
JNPR,20260812,257.0,257.9,246.14,252.9,1388456
JOCIL,20260812,146.0,149.4,145.51,148.41,2471
JPOLYINVST,20260812,1045.0,1073.8,1043.0,1046.4,6983
JPPOWER,20260812,17.72,17.84,17.55,17.73,24901247
JSFB,20260812,528.0,555.05,519.0,546.35,500850
JSL,20260812,728.0,742.2,712.5,737.9,486337
JSLL,20260812,539.25,541.45,505.0,511.5,888284
JSWCEMENT,20260812,131.52,132.45,130.2,130.55,836481
JSWDULUX,20260812,3169.9,3169.9,3080.0,3099.4,39483
JSWENERGY,20260812,561.4,563.0,552.2,558.75,1396161
JSWHL,20260812,11889.0,11902.0,11531.0,11572.0,2989
JSWINFRA,20260812,341.85,355.0,339.0,346.6,8419123
JSWSTEEL,20260812,1285.9,1288.9,1268.2,1269.1,862476
JTEKTINDIA,20260812,141.16,141.33,138.38,139.46,90753
JTLIND,20260812,76.79,77.43,75.05,75.44,1019870
JUBLCPL,20260812,1900.0,2110.0,1876.0,1935.5,94499
JUBLFOOD,20260812,487.0,489.0,477.25,484.7,3122764
JUBLINGREA,20260812,733.1,738.2,714.3,716.2,254422
JUBLPHARMA,20260812,967.05,967.15,880.0,890.6,697403
JUNIORBEES,20260812,813.3,813.3,802.5,806.31,258176
JUNIPER,20260812,195.5,203.0,195.5,199.26,349711
JUSTDIAL,20260812,700.95,707.65,673.6,687.45,160462
JWL,20260812,262.0,262.25,257.5,259.05,459989
JYOTHYLAB,20260812,203.5,203.5,190.11,200.27,3414689
JYOTICNC,20260812,804.95,832.35,802.6,818.85,757009
JYOTISTRUC,20260812,11.25,11.29,10.97,11.05,3427345
KABRAEXTRU,20260812,505.0,516.85,488.8,494.9,170668
KAJARIACER,20260812,1230.0,1259.0,1211.9,1252.2,541562
KAKATCEM,20260812,110.69,110.69,106.0,107.38,3404
KALAMANDIR,20260812,86.59,87.07,84.82,85.3,636951
KALPATARU,20260812,293.0,296.95,285.3,285.65,66668
KALYANIFRG,20260812,665.0,750.0,661.5,694.4,69135
KALYANKJIL,20260812,605.0,608.6,585.05,596.7,9251306
KAMAHOLD,20260812,2471.0,2516.8,2465.0,2494.6,2279
KAMATHOTEL,20260812,177.0,179.0,174.61,177.76,61544
KAMDHENU,20260812,35.49,35.49,33.35,33.88,250043
KAMOPAINTS,20260812,4.61,4.61,4.53,4.56,204487
KANANIIND,20260812,1.45,1.6,1.45,1.56,163525
KANCHI,20260812,338.05,373.55,338.05,373.55,2471
KANORICHEM,20260812,159.9,159.9,153.99,157.29,44710
KANPRPLA,20260812,218.7,234.1,214.5,232.45,101318
KANSAINER,20260812,212.97,214.03,207.1,208.19,420252
KAPSTON,20260812,579.0,585.0,562.55,578.2,88955
KARMAENG,20260812,40.84,40.84,39.42,39.45,811
KARURVYSYA,20260812,332.5,340.0,332.4,338.8,1752090
KAUSHALYA,20260812,940.0,959.0,912.0,934.8,90
KAVDEFENCE,20260812,58.95,60.97,57.71,58.59,89442
KAYA,20260812,289.2,318.0,284.65,306.7,185323
KAYNES,20260812,3718.1,3860.0,3700.5,3828.0,1218140
KCP,20260812,152.0,153.8,150.5,152.99,73619
KCPSUGIND,20260812,29.0,30.54,29.0,30.54,156105
KDDL,20260812,3842.2,3885.0,3790.9,3850.6,28584
KEC,20260812,450.8,453.7,439.85,441.8,1598645
KECL,20260812,152.99,152.99,142.81,145.51,275774
KEEPLEARN,20260812,2.03,2.03,1.93,1.99,21628
KEI,20260812,5645.0,5754.0,5593.8,5754.0,454178
KELLTONTEC,20260812,13.98,13.98,13.73,13.83,882650
KENNAMET,20260812,3326.1,3614.9,3230.7,3572.3,197969
KERNEX,20260812,2369.4,2387.7,2121.1,2170.5,530089
KESORAMIND,20260812,12.11,12.11,12.11,12.11,167005
KEYFINSERV,20260812,259.0,266.0,253.3,261.85,1626
KFINTECH,20260812,938.05,938.05,916.1,922.0,319991
KHADIM,20260812,91.39,91.99,89.0,89.43,18858
KHAICHEM,20260812,52.0,53.95,50.82,51.86,89797
KHAITANLTD,20260812,148.5,148.5,138.1,140.99,14228
KHANDSE,20260812,17.28,17.64,16.41,17.05,634
KICL,20260812,5350.0,5459.5,5311.0,5419.0,827
KILITCH,20260812,196.25,196.25,182.0,191.21,33559
KIMS,20260812,810.5,814.55,800.0,803.95,459515
KINGFA,20260812,5730.0,6077.0,5720.0,5949.5,53262
KIOCL,20260812,390.9,407.05,390.0,395.4,309155
KIRANVYPAR,20260812,198.0,200.0,194.0,196.0,1152
KIRIINDUS,20260812,429.95,449.45,417.05,434.45,1842255
KIRLFER,20260812,439.9,442.2,434.65,438.15,68556
KIRLOSBROS,20260812,1972.5,1972.5,1895.2,1909.2,47986
KIRLOSENG,20260812,2101.5,2122.4,2041.1,2053.4,449080
KIRLOSIND,20260812,3798.0,3870.0,3550.1,3769.0,81936
KIRLPNU,20260812,1498.8,1506.0,1480.3,1499.0,107924
KISSHT,20260812,295.05,298.5,289.0,292.75,1254071
KITEX,20260812,133.99,135.68,132.01,134.63,503454
KKCL,20260812,536.5,536.5,520.05,523.6,16973
KLBRENG-B,20260812,360.65,368.55,360.0,361.15,54077
KMEW,20260812,2622.2,2638.2,2554.8,2599.8,41333
KMSUGAR,20260812,27.5,28.49,27.12,28.0,213844
KNACK,20260812,206.78,210.29,201.0,202.67,1201243
KNAGRI,20260812,203.04,203.04,200.42,201.28,3651
KNRCON,20260812,136.84,137.14,131.47,133.57,1269079
KOHINOOR,20260812,23.49,23.49,22.98,23.13,55907
KOKUYOCMLN,20260812,82.8,82.8,81.0,81.87,32420
KOLTEPATIL,20260812,516.95,519.8,472.05,492.7,815709
KOPRAN,20260812,172.4,173.88,169.0,172.53,82102
KOTAKBANK,20260812,391.0,394.25,387.5,390.5,10733474
KOTARISUG,20260812,26.0,26.77,25.11,26.13,44740
KOTHARIPET,20260812,146.0,153.7,142.0,150.63,171773
KOTHARIPRO,20260812,70.58,71.0,68.6,69.11,9184
KOTIC,20260812,149.93,153.67,147.0,147.47,4233
KOTYARK,20260812,43.0,43.01,42.0,42.85,737651
KOVAI,20260812,5870.0,5950.0,5820.5,5825.5,9806
KPEL,20260812,270.0,271.2,255.35,259.6,627535
KPIGREEN,20260812,348.0,352.75,335.1,337.2,1775887
KPIL,20260812,1348.3,1468.0,1348.3,1396.8,3715117
KPITTECH,20260812,627.0,628.0,609.0,609.2,1196638
KPL,20260812,3300.0,3374.8,3240.1,3313.8,46929
KPRMILL,20260812,1103.0,1104.0,1085.0,1088.7,144628
KRBL,20260812,370.4,376.05,366.0,373.2,214572
KREBSBIO,20260812,59.88,59.88,54.71,54.79,791
KRIDHANINF,20260812,2.24,2.35,2.16,2.2,92972
KRISHANA,20260812,186.65,190.1,184.5,186.45,388061
KRISHIVAL,20260812,449.9,449.9,404.0,405.7,18653
KRISHNADEF,20260812,1170.5,1190.9,1138.0,1169.0,95055
KRITI,20260812,67.0,68.49,65.0,67.95,21718
KRITIKA,20260812,5.58,5.64,5.51,5.53,96354
KRITINUT,20260812,81.0,87.0,81.0,85.07,24385
KRN,20260812,1295.0,1345.0,1294.0,1331.9,341240
KRONOX,20260812,169.96,178.73,167.3,173.93,717477
KROSS,20260812,201.99,211.5,200.58,204.77,948369
KRSNAA,20260812,575.1,577.0,563.2,573.75,147606
KRYSTAL,20260812,628.0,634.0,620.0,620.5,20395
KSB,20260812,811.85,814.45,785.05,788.05,89522
KSCL,20260812,808.95,808.95,781.1,788.15,89601
KSHINTL,20260812,988.95,1059.9,966.0,997.65,1174005
KSHITIJPOL,20260812,2.75,2.92,2.75,2.84,975809
KSL,20260812,843.7,874.95,833.25,856.1,45448
KSOLVES,20260812,275.9,277.75,271.05,273.3,28312
KSR,20260812,27.0,27.99,26.56,26.8,9686
KTKBANK,20260812,303.5,314.0,301.2,313.7,3017208
KUANTUM,20260812,86.0,86.79,84.12,85.08,160582
KUSUMGAR,20260812,634.0,646.0,611.0,616.25,640856
KWIL,20260812,34.85,36.75,34.24,36.4,33564531
LAGNAM,20260812,82.58,83.27,78.35,80.5,6950
LAHOTIOV,20260812,44.5,44.99,43.0,43.0,4469
LAKPRE,20260812,4.76,4.76,4.51,4.55,104
LAL,20260812,8.67,9.1,8.52,8.82,228957
LALPATHLAB,20260812,1954.8,1988.9,1940.0,1953.3,351481
LAMBODHARA,20260812,114.11,116.39,113.0,113.8,3518
LANCORHOL,20260812,27.98,27.98,25.76,25.95,145746
LANDMARK,20260812,571.95,573.05,528.0,548.05,785083
LANDSMILL,20260812,0.78,0.78,0.76,0.77,3014954
LAOPALA,20260812,191.7,192.0,187.25,189.83,212255
LASA,20260812,7.61,7.8,7.4,7.57,14261
LASERPOWER,20260812,289.95,289.95,279.3,281.55,1179002
LATENTVIEW,20260812,295.95,296.8,287.5,290.05,423620
LATTEYS,20260812,20.4,20.4,19.5,20.09,24674
LAURUSLABS,20260812,1856.3,1862.3,1835.0,1850.0,1088545
LAXMICOT,20260812,14.43,14.77,13.51,13.95,29976
LAXMIDENTL,20260812,213.0,214.0,199.0,200.3,482580
LAXMIINDIA,20260812,140.0,143.0,135.0,135.83,216338
LCCINFOTEC,20260812,3.66,3.99,3.61,3.87,109930
LCL,20260812,503.0,524.0,493.55,514.55,666707
LEMERITE,20260812,23.71,23.75,23.01,23.25,252716
LEMONTREE,20260812,109.5,110.5,107.89,109.16,2941490
LENSKART,20260812,592.9,593.35,581.3,586.45,5027988
LEXUS,20260812,14.99,14.99,13.81,14.14,17384
LFIC,20260812,142.0,145.0,134.0,138.07,4439
LGBBROSLTD,20260812,1550.4,1610.0,1546.5,1602.4,41027
LGEINDIA,20260812,1566.5,1584.4,1554.0,1578.8,291304
LGHL,20260812,198.71,202.0,194.61,200.45,10757
LIBAS,20260812,9.94,9.94,9.6,9.78,12356
LIBERTSHOE,20260812,242.0,246.4,240.0,240.4,22856
LICHSGFIN,20260812,502.95,508.0,499.45,508.0,1559589
LICI,20260812,409.0,417.0,404.7,417.0,20957554
LICMFGOLD,20260812,137.0,138.45,137.0,137.55,41420
LICNETFGSC,20260812,29.78,29.78,29.52,29.54,8195
LICNETFN50,20260812,273.56,275.44,272.9,274.16,307
LICNETFSEN,20260812,884.09,886.37,874.47,883.05,101
LICNFNHGP,20260812,282.11,282.11,278.51,280.95,199
LICNMID100,20260812,64.52,64.89,63.68,64.51,3853
LIKHITHA,20260812,247.39,247.39,226.55,227.33,95998
LINC,20260812,98.66,98.89,96.71,98.34,19459
LINCOLN,20260812,585.0,597.8,585.0,592.85,30057
LINDEINDIA,20260812,6931.0,6931.0,6709.5,6777.5,48476
LIQGRWBEES,20260812,1051.2,1051.3,1051.2,1051.28,60790
LIQUID,20260812,999.99,1000.0,999.99,999.99,1514104
LIQUID1,20260812,1117.63,1117.78,1117.63,1117.77,587415
LIQUIDADD,20260812,1139.88,1139.9,1139.88,1139.89,660672
LIQUIDBEES,20260812,1000.0,1000.97,999.61,1000.0,1935134
LIQUIDBETF,20260812,1094.21,1094.23,1094.21,1094.22,244639
LIQUIDCASE,20260812,115.42,115.44,115.42,115.43,14897272
LIQUIDETF,20260812,1000.0,1000.01,999.99,1000.0,434077
LIQUIDIETF,20260812,1000.01,1000.01,999.99,999.99,776574
LIQUIDPLUS,20260812,1098.47,1098.49,1098.43,1098.47,1157633
LIQUIDSBI,20260812,999.99,1000.01,999.99,999.99,5824
LIQUIDSHRI,20260812,1116.93,1116.93,1116.91,1116.91,4346
LLOYDSENGG,20260812,93.75,94.25,91.0,92.41,7926085
LLOYDSENT,20260812,80.0,80.0,77.0,77.89,3241276
LLOYDSME,20260812,1976.5,1983.1,1877.5,1893.6,1221771
LMW,20260812,17423.0,17625.0,17100.0,17550.0,6027
LODHA,20260812,1215.0,1217.6,1185.0,1209.0,1174178
LOKESHMACH,20260812,347.0,348.5,347.0,348.5,13629
LORDSCHLO,20260812,139.9,145.0,136.0,137.71,14114
LOTUSDEV,20260812,160.01,176.1,159.75,173.88,1556874
LOTUSEYE,20260812,119.8,119.8,116.1,117.62,8967
LOVABLE,20260812,72.2,73.7,72.16,72.83,4343
LOWVOL,20260812,211.89,211.89,210.75,210.75,109
LOWVOL1,20260812,21.69,21.69,21.48,21.5,1143550
LOWVOLIETF,20260812,22.81,22.81,22.54,22.61,2560685
LOYALTEX,20260812,255.0,255.0,225.35,228.91,15005
LPDC,20260812,6.41,6.59,6.27,6.3,12466
LT,20260812,4038.0,4044.1,3990.0,4020.0,2226623
LTF,20260812,315.0,317.2,309.75,317.2,4688109
LTFOODS,20260812,419.35,432.1,417.0,426.7,502746
LTGILTBEES,20260812,30.1,30.1,30.01,30.05,613477
LTGILTCASE,20260812,30.7,30.7,30.55,30.64,27236
LTM,20260812,4850.0,4850.0,4691.0,4762.1,318929
LTTS,20260812,3652.7,3656.1,3557.7,3578.9,59654
LUMAXIND,20260812,6069.5,6189.0,5880.5,5966.0,39065
LUMAXTECH,20260812,2085.0,2110.0,2000.1,2039.3,1053290
LUPIN,20260812,2286.6,2287.8,2249.5,2281.0,861217
LUXIND,20260812,1252.0,1253.1,1200.0,1211.9,38011
LXCHEM,20260812,175.35,176.46,171.93,172.85,490815
LYKALABS,20260812,67.5,67.5,66.75,66.8,2899
M&M,20260812,3460.0,3471.8,3403.6,3403.6,1834082
M&MFIN,20260812,398.35,410.0,392.5,395.85,4492168
MAANALU,20260812,120.5,131.0,120.5,125.01,148917
MACPOWER,20260812,1752.7,1799.0,1694.2,1726.3,22812
MADHAV,20260812,34.41,35.0,34.27,34.27,2210
MADHAVIPL,20260812,7.12,7.25,7.0,7.05,169844
MADHUCON,20260812,5.02,5.37,5.02,5.36,3471
MADRASFERT,20260812,67.0,67.06,65.02,65.49,29416
MAFANG,20260812,210.2,210.2,208.6,208.88,590048
MAFATIND,20260812,126.15,127.8,123.62,126.23,61199
MAGADSUGAR,20260812,520.65,530.45,516.0,520.35,11813
MAGNUM,20260812,19.31,20.18,19.31,19.58,47871
MAHABANK,20260812,78.85,81.99,78.75,81.87,26570514
MAHAPEXLTD,20260812,55.0,59.8,54.0,56.84,147048
MAHASTEEL,20260812,1039.4,1039.4,987.6,994.6,5673
MAHEPC,20260812,107.27,109.88,107.02,107.52,14406
MAHESHWARI,20260812,74.39,74.39,71.56,73.05,10475
MAHKTECH,20260812,23.99,23.99,23.53,23.7,777537
MAHLIFE,20260812,383.0,385.75,378.1,382.85,69600
MAHLOG,20260812,411.35,414.0,402.0,406.95,188205
MAHSCOOTER,20260812,13786.0,13786.0,13559.0,13640.0,1350
MAHSEAMLES,20260812,597.75,612.05,592.9,609.95,118552
MAITHANALL,20260812,1005.6,1006.0,986.0,991.7,41434
MAJESAUT,20260812,400.6,400.6,400.6,400.6,3459
MAKEINDIA,20260812,169.1,169.69,168.41,169.02,32509
MALLCOM,20260812,995.3,1000.0,977.0,981.35,1292
MALUPAPER,20260812,32.0,32.29,31.52,31.56,2744
MAMATA,20260812,423.45,427.0,421.0,426.05,64203
MANAKALUCO,20260812,42.0,42.0,38.73,39.32,292935
MANAKCOAT,20260812,117.51,118.2,112.06,117.5,805369
MANAKSIA,20260812,59.0,59.5,57.7,58.42,17745
MANAKSTEEL,20260812,88.94,88.94,81.1,82.75,572953
MANALIPETC,20260812,65.5,69.28,65.5,67.39,1189183
MANAPPURAM,20260812,369.95,369.95,351.0,352.6,31501308
MANBA,20260812,132.63,134.8,130.0,131.44,33354
MANCREDIT,20260812,247.1,248.09,243.0,243.44,41301
MANGALAM,20260812,26.93,27.48,26.93,27.27,15474
MANGLMCEM,20260812,906.15,907.75,891.05,903.75,17065
MANINDS,20260812,575.0,638.7,573.0,598.65,10838305
MANINFRA,20260812,113.0,116.49,107.11,108.55,5029976
MANIPALHOS,20260812,701.45,708.35,685.15,692.45,2196188
MANKIND,20260812,2418.0,2433.1,2381.3,2433.1,754503
MANOMAY,20260812,217.99,218.59,210.35,216.56,73452
MANORAMA,20260812,1599.0,1639.4,1594.6,1626.0,122560
MANORG,20260812,455.0,460.0,448.8,450.05,22206
MANUFGBEES,20260812,167.0,167.61,166.02,166.94,4435
MANUGRAPH,20260812,15.26,15.96,15.26,15.42,7453
MANYAVAR,20260812,526.9,526.9,511.0,521.9,468600
MAPMYINDIA,20260812,1018.3,1020.1,986.6,996.2,165017
MARALOVER,20260812,54.2,54.2,52.0,52.96,6323
MARATHON,20260812,378.9,383.95,371.2,373.3,34628
MARICO,20260812,855.0,857.05,839.05,855.0,1770553
MARINE,20260812,349.7,355.3,341.0,347.0,870386
MARKOLINES,20260812,176.53,177.9,174.0,175.12,115552
MARKSANS,20260812,280.0,320.0,277.45,312.6,47809908
MARSONS,20260812,102.89,104.76,100.25,103.16,1976838
MARUTI,20260812,13990.0,14067.0,13875.0,13875.0,354408
MASFIN,20260812,302.3,305.0,299.0,302.85,80187
MASPTOP50,20260812,80.96,80.96,80.61,80.96,408724
MASTEK,20260812,1812.6,1831.0,1793.2,1819.1,53013
MASTERTR,20260812,78.6,78.71,76.59,77.51,147885
MATRIMONY,20260812,529.4,549.7,502.0,541.5,365358
MAWANASUG,20260812,115.17,116.0,111.1,111.99,265742
MAXESTATES,20260812,421.45,426.7,412.5,420.65,59253
MAXHEALTH,20260812,1030.8,1034.9,1001.5,1007.5,2762821
MAXIND,20260812,168.66,169.99,161.0,162.64,247434
MAYURUNIQ,20260812,775.5,779.3,745.1,750.75,81890
MAZDA,20260812,240.12,249.5,235.61,240.54,18163
MAZDOCK,20260812,2554.0,2569.9,2485.9,2552.0,692659
MBAPL,20260812,165.96,170.94,164.49,165.75,582352
MBEL,20260812,269.95,276.0,263.3,268.05,579001
MBLINFRA,20260812,24.36,24.94,24.35,24.57,25458
MCCHRLS-B,20260812,710.0,710.0,677.0,679.95,67
MCL,20260812,58.7,58.99,57.22,58.58,101885
MCLEODRUSS,20260812,47.99,47.99,46.8,47.75,436901
MCLOUD,20260812,28.9,29.7,27.8,29.08,2480178
MCX,20260812,2965.0,2987.9,2880.1,2970.1,6169318
MEDANTA,20260812,1440.4,1446.7,1380.0,1393.5,243269
MEDIASSIST,20260812,346.3,355.95,343.55,352.05,124679
MEDICAMEQ,20260812,237.95,249.0,235.2,238.98,24769
MEDICO,20260812,45.25,47.99,45.25,47.45,525021
MEDPLUS,20260812,680.0,690.5,672.0,675.05,166414
MEESHO,20260812,190.75,194.17,190.44,191.89,8383592
MEGASTAR,20260812,320.2,330.0,310.0,319.95,7978
MEIL,20260812,270.0,277.0,270.0,274.95,33202
MENNPIS,20260812,73.74,74.05,71.15,72.14,101699
MENONBE,20260812,244.0,246.0,228.55,235.63,35816
MEP,20260812,0.6,0.6,0.6,0.6,3453
MERCANTILE,20260812,25.49,25.49,24.2,24.36,1426
MERCURYEV,20260812,35.44,35.44,34.63,35.02,63748
METAL,20260812,13.21,13.54,13.16,13.26,1521099
METALIETF,20260812,13.01,13.72,13.01,13.24,5890040
METROBRAND,20260812,950.3,959.2,932.0,937.8,133770
METROGLOBL,20260812,137.0,137.0,132.0,133.05,1536
METROPOLIS,20260812,570.0,582.4,550.1,552.4,365205
MFML,20260812,19.0,19.04,18.6,18.64,5378
MFSL,20260812,1500.4,1531.6,1495.0,1516.0,489596
MGEL,20260812,14.41,14.65,14.12,14.45,64451
MGL,20260812,1138.0,1138.0,1114.0,1118.5,55339
MHLXMIRU,20260812,162.0,171.42,162.0,171.42,147574
MHRIL,20260812,225.57,227.0,223.22,224.88,57137
MICEL,20260812,36.95,36.95,36.0,36.12,195569
MID150,20260812,23.88,23.89,23.72,23.81,25920
MID150BEES,20260812,244.84,244.84,241.78,242.77,520360
MID150CASE,20260812,11.87,11.87,11.7,11.8,1235831
MIDBANKADD,20260812,17.36,17.45,17.3,17.45,1018
MIDCAP,20260812,19.09,19.09,18.59,18.72,511295
MIDCAPADD,20260812,23.51,23.55,23.38,23.53,12461
MIDCAPBETA,20260812,237.64,239.9,235.93,239.83,820
MIDCAPETF,20260812,23.98,24.1,23.89,23.99,1913020
MIDCAPIETF,20260812,24.31,24.49,24.19,24.28,811710
MIDHANI,20260812,427.75,438.6,400.15,408.45,2359127
MIDQ50ADD,20260812,25.92,25.92,25.5,25.63,77824
MIDSELIETF,20260812,19.88,19.96,19.73,19.85,160576
MIDSMALL,20260812,52.77,52.77,52.26,52.49,577422
MIDWESTLTD,20260812,1180.0,1215.9,1094.3,1112.4,91798
MINDACORP,20260812,721.7,743.9,719.3,736.3,507767
MINDTECK,20260812,192.0,196.0,178.0,180.65,157420
MIRZAINT,20260812,32.89,32.99,32.01,32.16,124656
MITCON,20260812,77.0,78.48,73.15,77.0,5410
MITTAL,20260812,0.91,0.91,0.89,0.89,300303
MKPL,20260812,4.16,4.22,4.1,4.18,74702
MMFL,20260812,642.9,656.2,632.05,636.85,100275
MMP,20260812,340.65,349.5,336.0,345.2,48700
MMTC,20260812,65.8,66.2,64.01,64.43,1977239
MMWL,20260812,16.25,16.25,15.16,15.24,20937
MNC,20260812,34.92,34.97,34.73,34.82,41775
MOALPHA50,20260812,56.66,56.68,56.25,56.4,13908
MOBANK10,20260812,16.8,17.2,16.8,16.95,9587
MOBIKWIK,20260812,212.9,213.14,206.1,207.01,666651
MOCAPITAL,20260812,53.51,53.83,53.2,53.64,809037
MODEFENCE,20260812,106.23,106.31,104.58,105.7,1269680
MODINATUR,20260812,399.95,401.5,390.0,390.0,2847
MODIRUBBER,20260812,119.5,122.06,119.5,120.85,789
MODIS,20260812,415.0,415.0,402.0,404.9,16211
MODISONLTD,20260812,322.8,322.8,292.1,308.8,291029
MODTHREAD,20260812,46.03,46.07,45.53,45.91,576
MOENERGY,20260812,38.82,39.33,33.3,38.87,135976
MOGOLD,20260812,150.6,151.45,150.45,151.3,33804
MOGSEC,20260812,65.6,65.9,65.3,65.4,2735
MOHEALTH,20260812,52.31,52.77,51.62,51.78,72614
MOHITIND,20260812,26.0,26.96,24.51,25.2,13190
MOIL,20260812,280.0,288.95,278.15,280.55,1135494
MOINFRA,20260812,59.89,60.93,59.65,60.03,3332
MOIPO,20260812,48.6,48.6,48.4,48.49,1563
MOKSH,20260812,10.88,10.88,10.5,10.54,29281
MOL,20260812,56.88,59.65,56.0,57.29,2268227
MOLDTECH,20260812,182.75,191.0,173.62,180.65,138008
MOLDTKPAC,20260812,678.85,689.15,675.0,685.45,31504
MOLOWVOL,20260812,37.42,37.42,37.1,37.33,144718
MOM100,20260812,68.78,68.91,68.52,68.76,346105
MOM30IETF,20260812,31.87,31.96,31.7,31.85,1336756
MOM50,20260812,257.5,257.5,254.24,255.88,10312
MOMENTUM,20260812,31.63,31.79,31.4,31.7,44449
MOMENTUM30,20260812,31.11,31.39,31.11,31.22,92542
MOMENTUM50,20260812,54.22,54.77,54.0,54.72,713320
MOMETAL,20260812,13.32,13.32,13.14,13.16,2640
MOMGF,20260812,166.46,166.8,165.5,165.54,898
MOMIDMTM,20260812,64.14,65.37,64.14,65.05,105085
MOMMIDCAP,20260812,13.02,13.18,13.0,13.11,1103236
MOMNC,20260812,33.87,33.87,33.65,33.8,4447
MOMOMENTUM,20260812,63.43,63.72,63.0,63.21,23102
MON100,20260812,331.16,331.16,331.16,331.16,105204
MON50EQUAL,20260812,34.67,34.67,33.52,34.08,17776
MONARCH,20260812,376.25,390.0,375.35,377.75,165266
MONEXT50,20260812,75.89,75.89,74.05,74.54,14359
MONEYBOXX,20260812,61.0,62.0,60.0,60.0,28227
MONIFTY100,20260812,25.83,26.25,25.61,25.76,32104
MONIFTY500,20260812,23.75,24.37,23.75,24.21,853714
MONQ50,20260812,148.2,148.2,148.2,148.2,10197
MONTECARLO,20260812,508.0,508.0,498.1,500.45,59178
MOOILGAS,20260812,11.67,11.7,11.21,11.28,23743
MOPSE,20260812,101.48,101.96,99.16,100.27,11006
MOQUALITY,20260812,207.19,207.19,204.98,205.99,9389
MOREALTY,20260812,89.36,89.36,88.08,88.66,619787
MOREPENLAB,20260812,77.09,77.57,72.56,73.46,13287951
MOSCHIP,20260812,207.86,208.61,204.5,205.19,852556
MOSERVICE,20260812,31.46,31.8,31.19,31.34,6312
MOSILVER,20260812,230.83,233.99,229.81,233.02,101634
MOSMALL250,20260812,18.56,18.58,18.37,18.48,3559277
MOTHERSON,20260812,170.1,171.83,168.62,169.5,15747026
MOTILALOFS,20260812,890.15,901.0,873.3,901.0,713954
MOTISONS,20260812,14.09,14.23,13.51,13.6,27928421
MOTOGENFIN,20260812,26.8,26.8,26.06,26.64,4944
MOTOUR,20260812,80.4,80.4,79.61,80.14,13717
MOVALUE,20260812,115.45,115.99,114.84,115.78,75227
MPHASIS,20260812,2536.0,2540.1,2472.0,2537.6,366804
MPSLTD,20260812,2831.0,2887.9,2811.0,2871.9,27994
MRF,20260812,131540.0,131985.0,130430.0,130785.0,4123
MRPL,20260812,180.24,180.78,173.22,175.38,10085904
MSCI360,20260812,10.32,10.32,10.17,10.29,4277
MSCIADD,20260812,30.29,30.5,29.84,30.04,12396
MSCIINDIA,20260812,30.44,30.45,30.2,30.37,17351
MSPL,20260812,35.5,35.6,34.5,34.87,409960
MSTCLTD,20260812,573.2,599.0,573.0,588.85,232536
MSUMI,20260812,41.01,41.2,40.56,41.04,9094596
MTARTECH,20260812,6748.0,7199.0,6733.0,7111.5,217622
MTEDUCARE,20260812,2.03,2.03,1.9,1.96,59513
MTNL,20260812,27.35,27.55,26.87,26.99,376690
MUFIN,20260812,139.99,139.99,132.0,135.4,2414696
MUFTI,20260812,80.75,83.18,77.01,80.07,412623
MUKANDLTD,20260812,140.01,143.8,134.39,135.56,1701821
MUKKA,20260812,23.9,24.9,23.53,24.18,695575
MUKTAARTS,20260812,57.0,58.49,56.0,56.56,2733
MULTICAP,20260812,17.31,17.31,16.9,16.94,128679
MUNJALAU,20260812,102.0,102.69,99.05,99.83,204799
MUNJALSHOW,20260812,134.14,135.63,132.0,132.39,33323
MURUDCERA,20260812,32.34,32.5,31.0,31.8,36313
MUTHOOTCAP,20260812,261.0,262.38,257.0,259.83,11817
MUTHOOTFIN,20260812,2925.4,2932.9,2870.1,2876.3,822104
MUTHOOTMF,20260812,219.2,222.8,212.21,213.06,450472
MVELECTRO,20260812,600.9,607.7,571.2,582.85,1534434
MVGJL,20260812,160.05,163.99,154.91,155.89,79302
MWL,20260812,42.24,42.59,41.17,41.59,259389
NACLIND,20260812,177.48,177.48,170.5,171.27,503552
NAGREEKCAP,20260812,22.35,23.7,22.3,22.8,1177
NAGREEKEXP,20260812,23.15,23.49,22.12,22.55,127445
NAHARCAP,20260812,257.4,265.2,254.0,256.15,2357
NAHARINDUS,20260812,127.85,128.85,118.4,119.95,88513
NAHARPOLY,20260812,250.7,254.0,246.05,249.95,21903
NAHARSPING,20260812,310.75,313.55,296.05,305.55,37219
NAM-INDIA,20260812,1180.2,1183.0,1167.6,1182.3,639623
NARMADA,20260812,13.5,14.47,13.4,14.23,1171073
NATCAPSUQ,20260812,167.0,167.0,156.0,159.08,21717
NATCOPHARM,20260812,907.95,922.15,906.0,915.3,270111
NATHBIOGEN,20260812,158.99,158.99,154.01,154.63,13153
NATIONALUM,20260812,398.5,422.2,398.5,420.0,34388331
NATIONSTD,20260812,164.5,164.5,164.5,164.5,2925
NAUKRI,20260812,1360.1,1364.0,1329.6,1339.0,1787437
NAVA,20260812,570.95,598.5,568.75,589.2,733849
NAVINFLUOR,20260812,8200.0,8444.0,8125.5,8356.5,290940
NAVKARCORP,20260812,98.61,100.36,98.61,100.05,230854
NAVKARURB,20260812,1.01,1.02,0.99,1.0,513721
NAVNETEDUL,20260812,132.6,136.01,131.22,134.9,254987
NAZARA,20260812,354.55,358.0,350.0,352.2,674988
NBCC,20260812,93.8,94.14,90.9,92.17,11484423
NBIFIN,20260812,2200.0,2200.0,2049.0,2105.5,810
NCC,20260812,144.82,145.38,143.01,143.41,1041362
NCLIND,20260812,174.9,174.9,173.0,173.23,23006
NDGL,20260812,2720.0,2909.1,2700.0,2850.2,872
NDL,20260812,2.29,2.38,2.26,2.34,748908
NDLVENTURE,20260812,126.83,130.99,125.85,127.03,460385
NDRAUTO,20260812,821.05,831.85,806.2,809.85,20149
NDTV,20260812,76.95,76.95,75.42,76.11,101594
NEAGI,20260812,3138.4,3138.4,3138.4,3138.4,1
NECCLTD,20260812,14.97,14.97,14.61,14.9,27475
NECLIFE,20260812,10.55,10.95,10.5,10.8,169332
NELCAST,20260812,121.75,121.87,118.63,119.7,189919
NELCO,20260812,999.6,1002.9,971.5,974.1,161030
NEOGEN,20260812,2099.7,2099.7,2016.2,2068.2,139950
NEPHROPLUS,20260812,725.0,725.0,677.0,679.15,380577
NESCO,20260812,1050.0,1060.0,1034.0,1043.9,31445
NESTLEIND,20260812,1503.0,1515.7,1495.3,1507.0,1990581
NETF,20260812,259.85,266.99,259.85,265.3,2801
NETWEB,20260812,4866.0,4907.9,4753.0,4837.4,613049
NETWORK18,20260812,29.09,29.12,28.57,28.71,2435163
NEUEON,20260812,15.54,15.54,15.54,15.54,9868
NEULANDLAB,20260812,22988.0,23100.0,22419.0,22510.0,53189
NEWGEN,20260812,555.0,555.65,525.5,535.2,1175816
NEXT30ADD,20260812,44.09,44.09,43.71,43.88,11427
NEXT50,20260812,775.02,775.02,765.3,767.82,55721
NEXT50ADD,20260812,74.99,75.09,74.53,74.8,1394
NEXT50BETA,20260812,81.18,81.18,80.0,80.29,97471
NEXT50ETF,20260812,73.33,78.0,73.33,75.37,20182
NEXT50IETF,20260812,79.49,79.49,78.03,78.61,659950
NEXTMEDIA,20260812,3.72,3.85,3.65,3.79,12814
NFL,20260812,72.07,72.39,71.33,71.92,346984
NGIL,20260812,41.48,42.33,40.0,40.78,88792
NGLFINE,20260812,3427.1,3602.0,3380.0,3409.0,11567
NH,20260812,1848.8,1858.8,1819.4,1831.3,368370
NHPC,20260812,76.65,76.85,76.0,76.85,7294107
NIACL,20260812,180.0,187.1,178.72,181.09,2560837
NIBE,20260812,1441.0,1460.9,1420.0,1445.7,74511
NIBL,20260812,33.5,33.5,32.45,32.94,17158
NIF100BEES,20260812,273.08,273.08,270.01,271.56,34616
NIF100IETF,20260812,28.67,28.67,28.43,28.56,99633
NIFTY1,20260812,272.06,274.78,269.9,270.87,82693
NIFTY100EW,20260812,35.05,36.4,35.05,35.71,50709
NIFTYADD,20260812,255.53,259.57,255.53,258.35,23301
NIFTYAXIS,20260812,271.22,272.0,269.01,270.5,4328
NIFTYBEES,20260812,279.93,279.93,277.0,278.32,5635248
NIFTYBETA,20260812,271.72,274.57,269.53,270.65,36036
NIFTYBETF,20260812,251.36,252.3,249.84,250.72,7618
NIFTYCASE,20260812,9.92,9.92,9.76,9.8,399468
NIFTYETF,20260812,266.58,266.59,264.41,265.57,275925
NIFTYIETF,20260812,277.99,277.99,275.6,276.8,496268
NIFTYQLITY,20260812,21.98,22.04,21.75,21.83,25191
NIITLTD,20260812,95.31,95.54,93.21,93.7,190674
NIITMTS,20260812,247.28,247.28,240.47,243.73,80183
NILAINFRA,20260812,7.37,7.49,7.2,7.29,142796
NILASPACES,20260812,12.38,12.78,12.05,12.09,583592
NILE,20260812,1515.7,1599.9,1515.7,1592.9,7863
NILKAMAL,20260812,1869.8,1875.0,1820.9,1859.3,56775
NIMBSPROJ,20260812,181.0,184.99,179.01,184.99,267
NINSYS,20260812,730.65,745.3,704.0,720.3,3477
NIPPOBATRY,20260812,332.0,332.0,326.0,327.95,2347
NIRAJ,20260812,28.91,29.3,28.91,29.19,35082
NIRLON,20260812,642.05,649.55,632.0,637.55,4051
NITCO,20260812,97.14,98.48,93.85,96.81,647580
NITINSPIN,20260812,563.0,569.0,535.5,537.8,116025
NITIRAJ,20260812,211.6,211.6,205.02,208.5,1922
NITTAGELA,20260812,1621.5,1659.3,1579.8,1582.7,6221
NIVABUPA,20260812,85.01,85.63,83.5,84.09,552981
NKIND,20260812,60.4,62.9,60.25,60.25,463
NLCINDIA,20260812,286.95,286.95,274.5,276.75,2980168
NMDC,20260812,85.87,86.07,84.89,85.9,18266091
NOCIL,20260812,165.96,166.4,162.73,163.44,520337
NOIDATOLL,20260812,4.14,4.24,4.01,4.09,63390
NORBTEAEXP,20260812,62.35,63.98,62.0,62.34,2002
NORTHARC,20260812,283.2,287.45,280.8,284.2,405745
NOVAAGRI,20260812,24.6,25.15,24.0,24.74,53834
NOVARTIND,20260812,1605.4,1630.0,1584.1,1591.7,9409
NPBET,20260812,284.21,284.36,282.11,282.97,2979
NPST,20260812,1435.0,1575.0,1416.3,1537.2,74068
NRAIL,20260812,523.85,527.9,521.05,522.6,5025
NRBBEARING,20260812,457.0,473.3,445.25,461.65,557944
NRL,20260812,118.0,118.0,115.0,115.25,23933
NSIL,20260812,5600.0,5649.0,5454.0,5513.5,1290
NSLNISP,20260812,44.2,44.65,43.7,44.0,2802778
NTPC,20260812,338.45,341.35,335.35,339.45,10152704
NTPCGREEN,20260812,93.01,93.24,91.7,92.46,1946814
NUCLEUS,20260812,691.95,696.3,684.6,692.75,34074
NURECA,20260812,334.9,340.3,320.1,340.3,19796
NUVAMA,20260812,1722.9,1722.9,1673.3,1696.7,279558
NUVOCO,20260812,331.25,334.65,326.4,333.9,338524
NV20,20260812,14.33,14.33,14.07,14.21,71104
NV20BEES,20260812,142.81,143.45,141.1,142.61,16555
NV20IETF,20260812,13.94,13.94,13.74,13.79,197954
NYKAA,20260812,325.9,328.05,321.6,328.05,3832007
OAL,20260812,379.0,379.0,361.35,364.6,10610
OBCL,20260812,52.75,53.82,52.7,53.0,52099
OBEROIRLTY,20260812,1790.0,1799.9,1764.5,1799.9,172080
OCCLLTD,20260812,158.0,158.0,148.09,148.61,133153
ODIGMA,20260812,22.51,23.0,22.31,22.31,8354
OFSS,20260812,11851.0,11899.0,11532.0,11679.0,244704
OIL,20260812,471.9,475.55,466.65,472.0,2772626
OILCOUNTUB,20260812,59.9,61.45,57.8,58.23,15274
OILIETF,20260812,11.42,11.48,11.37,11.42,964231
OLAELEC,20260812,39.85,40.81,39.29,39.86,40404612
OLECTRA,20260812,1394.0,1398.7,1375.0,1383.6,207608
OMAXAUTO,20260812,208.95,213.5,194.31,207.28,288669
OMAXE,20260812,83.03,83.39,80.8,81.98,331510
OMFREIGHT,20260812,98.5,98.5,92.6,95.89,22546
OMINFRAL,20260812,87.99,89.99,87.11,88.29,102478
OMNI,20260812,601.0,606.0,565.0,573.35,1437605
OMPOWER,20260812,166.0,167.49,158.01,160.2,212124
ONELIFECAP,20260812,32.11,32.8,30.37,30.61,97706
ONEPOINT,20260812,59.16,60.95,57.0,59.99,1859092
ONESOURCE,20260812,1598.9,1609.9,1530.1,1539.2,135574
ONGC,20260812,240.0,241.33,238.65,239.05,10695237
ONIDA,20260812,38.43,38.5,36.8,37.1,396256
ONMOBILE,20260812,65.62,65.62,65.62,65.62,25642
ONWARDTEC,20260812,287.75,289.25,279.15,285.9,27332
OPTIEMUS,20260812,541.0,564.0,536.4,558.25,179725
ORBTEXP,20260812,268.8,268.8,260.98,260.98,8420
ORCHASP,20260812,1.53,1.56,1.43,1.48,692583
ORCHPHARMA,20260812,1084.0,1089.0,1053.1,1063.3,49202
ORICONENT,20260812,52.5,54.45,52.5,52.66,21738
ORIENTALTL,20260812,5.1,5.24,5.0,5.05,78590
ORIENTBELL,20260812,364.0,365.9,354.25,361.95,104366
ORIENTCEM,20260812,134.1,134.57,132.38,133.55,237182
ORIENTCER,20260812,43.76,43.76,41.1,41.75,52496
ORIENTELEC,20260812,191.5,191.68,188.0,189.79,236890
ORIENTHOT,20260812,128.39,128.62,125.66,126.53,116457
ORIENTLTD,20260812,78.5,78.5,75.25,76.0,1015
ORIENTPPR,20260812,17.52,17.61,17.1,17.16,217696
ORIENTTECH,20260812,259.15,265.95,255.1,260.0,195705
ORISSAMINE,20260812,4549.4,5199.0,4535.2,4839.4,596630
ORKLAINDIA,20260812,554.85,556.6,543.7,551.35,121851
ORTINGLOBE,20260812,15.84,15.89,14.72,15.4,68089
OSIAHYPER,20260812,2.68,2.68,2.52,2.59,482173
OSWALAGRO,20260812,37.85,38.44,37.0,37.4,41103
OSWALGREEN,20260812,21.3,21.69,20.95,21.05,116893
OSWALPUMPS,20260812,305.25,307.95,299.4,301.15,425262
OSWALSEEDS,20260812,10.6,10.6,9.66,9.99,40399
PACEDIGITK,20260812,182.5,184.39,180.71,183.21,630612
PAGEIND,20260812,38440.0,38610.0,37695.0,38295.0,17278
PAISALO,20260812,68.9,69.7,68.5,68.75,5772773
PAKKA,20260812,72.49,72.49,70.7,70.76,24345
PALASHSECU,20260812,91.4,92.5,88.0,89.62,10054
PALREDTEC,20260812,49.5,51.3,48.7,50.79,3403
PANACEABIO,20260812,401.0,404.15,391.9,399.85,225505
PANACHE,20260812,503.05,520.0,482.1,490.55,13746
PANAMAPET,20260812,555.6,599.6,456.45,480.55,11231024
PANSARI,20260812,320.0,327.85,311.0,322.5,906
PAR,20260812,103.7,103.7,99.25,103.14,16121
PARACABLES,20260812,67.98,69.36,65.45,68.22,1708709
PARADEEP,20260812,152.0,152.7,146.61,147.18,3085716
PARAGMILK,20260812,221.13,221.13,214.7,215.79,225650
PARAS,20260812,1284.0,1308.8,1263.5,1280.7,590759
PARASPETRO,20260812,2.52,2.57,2.38,2.41,153152
PARKHOSPS,20260812,282.55,288.35,281.0,283.2,552846
PARKHOTELS,20260812,119.6,119.6,118.31,118.9,65178
PARSVNATH,20260812,1.56,1.56,1.56,1.56,79168
PASHUPATI,20260812,84.62,84.8,83.5,83.9,7788
PASUPTAC,20260812,64.29,64.85,60.79,60.79,111369
PATANJALI,20260812,352.95,353.6,342.15,352.6,4146144
PATELENG,20260812,30.38,30.47,29.06,29.19,3775901
PATELRMART,20260812,226.94,229.9,219.0,220.18,254931
PATINTLOG,20260812,14.09,14.5,13.81,13.99,49562
PAUSHAKLTD,20260812,686.0,715.4,675.0,697.3,32306
PAVNAIND,20260812,19.72,19.73,18.6,18.74,19930
PAYTM,20260812,1593.7,1623.7,1591.3,1610.0,2609810
PCBL,20260812,323.0,323.55,313.0,316.45,848789
PCJEWELLER,20260812,9.99,10.0,9.7,9.8,153619636
PDMJEPAPER,20260812,89.91,94.69,89.8,90.46,277013
PDSL,20260812,378.8,381.95,366.6,379.4,107810
PEARLPOLY,20260812,17.19,17.19,15.82,16.79,3742
PENIND,20260812,159.5,162.19,159.5,159.7,318048
PENINLAND,20260812,15.9,15.9,15.6,15.6,15025
PERSISTENT,20260812,5530.0,5530.0,5390.0,5474.0,347580
PETRONET,20260812,277.0,281.9,277.0,279.85,1408161
PFC,20260812,381.0,381.65,375.3,376.5,12028949
PFIZER,20260812,4892.0,5149.0,4891.7,5017.6,148835
PFOCUS,20260812,282.5,285.3,265.4,268.0,867452
PFS,20260812,28.75,28.94,28.52,28.83,583930
PGEL,20260812,616.0,620.8,604.25,614.65,2976044
PGHH,20260812,8470.0,8470.0,8430.0,8446.0,7911
PGHL,20260812,6031.5,6050.0,5937.0,5950.5,5275
PGIL,20260812,2425.1,2484.6,2400.1,2480.4,103039
PHARMABEES,20260812,27.49,27.69,27.31,27.43,4941859
PHOENIXLTD,20260812,1906.2,1910.0,1870.0,1905.0,545788
PICCADIL,20260812,711.0,725.2,640.7,692.4,3217206
PIDILITIND,20260812,1685.8,1701.5,1679.0,1701.5,1724562
PIGL,20260812,111.0,114.99,111.0,112.52,179738
PIIND,20260812,2700.5,2700.6,2457.0,2483.0,2138051
PILANIINVS,20260812,4409.2,4409.2,4320.2,4365.0,926
PILITA,20260812,8.36,8.7,8.3,8.31,38751
PINELABS,20260812,168.52,171.05,164.51,169.93,19985559
PIONEEREMB,20260812,22.84,23.39,22.41,22.77,1905
PIONRINV,20260812,89.0,91.9,89.0,89.02,130
PIRAMALFIN,20260812,2114.7,2119.8,2060.0,2073.3,108943
PITTIENG,20260812,967.4,1055.0,961.05,1044.1,696512
PIXTRANS,20260812,1961.0,1999.0,1928.1,1947.0,35188
PKTEA,20260812,684.0,691.15,684.0,691.0,112
PLASTIBLEN,20260812,206.0,206.19,201.0,201.48,56867
PLATIND,20260812,216.5,221.7,215.73,220.59,101415
PLAZACABLE,20260812,51.15,51.15,48.75,51.15,75644
PML,20260812,512.0,525.0,495.0,495.75,395
PNB,20260812,113.95,119.5,113.72,118.98,51235935
PNBGILTS,20260812,80.19,81.79,80.01,80.41,231524
PNBHOUSING,20260812,1141.9,1166.0,1140.5,1157.6,872646
PNC,20260812,19.15,19.15,18.75,18.9,15917
PNCINFRA,20260812,223.4,224.19,216.74,223.26,993122
PNGJL,20260812,630.4,633.45,608.5,617.0,764710
PNGSREVA,20260812,558.0,644.0,548.25,620.75,2136412
POCL,20260812,495.8,495.9,485.0,489.6,206232
PODDARMENT,20260812,272.85,274.8,260.2,263.55,7117
POKARNA,20260812,980.0,1024.0,967.25,988.95,152763
POLICYBZR,20260812,1733.0,1739.0,1691.2,1739.0,787209
POLYCAB,20260812,9125.0,9289.0,9090.5,9289.0,293852
POLYMED,20260812,1873.0,1913.7,1846.1,1869.4,219951
POLYPLEX,20260812,1259.5,1264.0,1169.8,1185.5,704313
PONNIERODE,20260812,329.75,334.45,324.95,328.3,9159
POONAWALLA,20260812,489.95,492.25,482.1,484.1,726456
POWERGRID,20260812,267.95,270.0,266.3,269.45,6699919
POWERICA,20260812,529.85,564.2,529.0,559.35,348047
POWERINDIA,20260812,35000.0,35925.0,34730.0,35800.0,180600
POWERMECH,20260812,2430.9,2438.9,2400.0,2407.0,69969
PPAP,20260812,280.0,304.55,275.55,299.05,54417
PPL,20260812,267.95,275.0,261.0,265.0,25483
PPLPHARMA,20260812,214.2,216.96,209.0,210.24,2720946
PRABHA,20260812,163.39,164.0,156.02,158.6,40444
PRADPME,20260812,517.5,519.85,503.0,506.8,6625
PRAENG,20260812,19.95,20.32,19.69,19.86,25093
PRAJIND,20260812,329.9,332.5,324.0,324.35,296523
PRAKASH,20260812,122.0,123.4,118.91,122.02,607428
PRAKASHSTL,20260812,3.9,4.0,3.9,3.99,83370
PRAVEG,20260812,273.85,276.35,265.0,272.1,50919
PRAXIS,20260812,7.2,7.2,6.52,6.92,85101
PRECAM,20260812,136.22,137.9,133.0,134.83,178282
PRECOT,20260812,808.5,810.95,789.05,799.15,2217
PRECWIRE,20260812,412.5,430.5,406.4,422.3,652034
PREMCO,20260812,386.95,386.95,376.0,380.6,2339
PREMEXPLN,20260812,651.95,653.85,649.0,651.15,87050
PREMIER,20260812,2.97,2.97,2.76,2.88,14977
PREMIERENE,20260812,1049.0,1056.0,1021.4,1026.1,595125
PREMIERPOL,20260812,70.09,75.0,68.0,73.21,348294
PRESTIGE,20260812,1592.0,1594.0,1555.3,1590.7,221177
PRICOLLTD,20260812,744.0,792.55,739.1,783.25,1368057
PRIMESECU,20260812,295.0,300.45,286.55,291.25,109629
PRIMO,20260812,23.81,25.2,23.81,24.29,195358
PRINCEPIPE,20260812,270.9,271.05,266.1,269.6,124999
PRITI,20260812,36.49,36.71,34.67,35.99,8126
PRITIKAUTO,20260812,17.97,17.97,17.02,17.33,70046
PRIVISCL,20260812,3582.1,3603.2,3552.5,3580.6,49047
PROSTARM,20260812,148.64,149.55,140.0,142.5,256986
PROTEAN,20260812,563.7,566.75,556.6,558.6,115011
PROZONER,20260812,42.58,44.0,41.51,41.97,146565
PRSMJOHNSN,20260812,109.46,110.5,105.4,106.04,685755
PRUDENT,20260812,3404.0,3429.9,3340.0,3364.2,15772
PRUDMOULI,20260812,12.81,13.35,12.45,12.7,4320
PSB,20260812,23.72,24.13,23.64,23.73,1383232
PSPPROJECT,20260812,941.35,942.2,903.1,908.0,63244
PSUBANK,20260812,86.35,88.5,86.34,88.21,200641
PSUBANKADD,20260812,87.62,89.17,87.52,88.82,60562
PSUBNKBEES,20260812,96.45,98.59,96.08,98.27,3997530
PSUBNKIETF,20260812,87.65,89.5,87.55,89.13,307604
PTC,20260812,172.03,172.07,165.05,165.41,2677463
PTCIL,20260812,18898.0,19063.0,18720.0,18895.0,6812
PTL,20260812,39.25,39.44,38.71,39.28,22161
PUNJABCHEM,20260812,1102.1,1105.9,1090.0,1091.4,6288
PURVA,20260812,211.5,214.6,209.6,212.55,63859
PVP,20260812,35.73,35.73,33.61,34.15,994773
PVRINOX,20260812,1155.0,1198.9,1155.0,1189.5,346505
PVSL,20260812,115.0,124.0,115.0,120.55,643833
PVTBANIETF,20260812,27.78,27.79,27.55,27.76,916411
PVTBANK,20260812,27.49,28.33,27.37,27.59,256281
PVTBANKADD,20260812,27.73,27.98,27.67,27.89,30899
PVTBKGROWW,20260812,27.26,27.62,27.26,27.41,15285
PWL,20260812,125.95,127.4,123.21,123.9,3295580
PYRAMID,20260812,172.0,174.28,156.2,162.42,237245
QGOLDHALF,20260812,126.16,148.0,126.1,127.98,140458
QMSMEDI,20260812,117.9,129.99,114.71,126.97,108120
QNIFTY,20260812,269.6,269.6,267.4,268.21,798
QPOWER,20260812,1301.2,1301.2,1280.3,1294.5,894885
QUADFUTURE,20260812,351.2,364.1,348.8,355.8,317489
QUAL30IETF,20260812,21.74,21.78,21.53,21.61,158670
QUALITY30,20260812,21.37,21.38,21.0,21.1,6612
QUESS,20260812,324.0,335.5,323.35,334.2,441540
QUICKHEAL,20260812,153.9,153.9,148.0,149.66,28148
QUINT,20260812,38.8,39.84,36.16,37.92,2334
RACE,20260812,107.0,108.89,101.0,102.31,12964
RACLGEAR,20260812,1447.6,1449.8,1400.0,1411.5,20472
RADAAN,20260812,3.02,3.1,3.01,3.01,2102
RADHIKAJWE,20260812,73.3,74.62,71.02,72.37,1844671
RADIANTCMS,20260812,38.23,38.68,37.5,38.09,48522
RADICO,20260812,4553.0,4553.0,4485.0,4533.0,236362
RADIOCITY,20260812,6.65,6.89,6.55,6.63,48995
RAILTEL,20260812,287.0,287.7,284.0,285.8,309175
RAIN,20260812,203.7,211.29,200.15,209.38,6310349
RAINBOW,20260812,1514.0,1516.4,1472.2,1482.0,66397
RAJESHEXPO,20260812,82.0,83.45,80.7,83.13,92260
RAJMET,20260812,3.34,3.36,3.07,3.3,224209
RAJOOENG,20260812,51.23,51.89,50.11,50.64,83467
RAJPALAYAM,20260812,822.0,839.9,822.0,838.1,1242
RAJRATAN,20260812,522.35,524.95,515.0,518.5,56723
RAJRILTD,20260812,22.0,22.0,21.6,21.68,6314
RAJSREESUG,20260812,30.67,31.25,30.32,31.09,17996
RAJTV,20260812,10.4,10.4,10.0,10.07,35726
RALLIS,20260812,212.0,212.1,207.53,209.41,1372270
RAMANEWS,20260812,33.36,34.5,33.11,33.47,19116
RAMAPHO,20260812,124.75,124.75,122.05,122.97,7832
RAMASTEEL,20260812,4.58,4.58,4.58,4.58,457651
RAMBHAJO,20260812,188.3,191.73,183.83,184.96,145792
RAMCOCEM,20260812,938.4,940.0,914.0,918.55,210443
RAMCOIND,20260812,371.7,374.25,355.1,359.1,700935
RAMCOSYS,20260812,650.85,652.5,619.9,619.9,147493
RAMKY,20260812,395.35,395.35,386.0,386.9,27075
RAMRAT,20260812,454.8,476.85,449.8,473.95,777143
RANASUG,20260812,13.0,13.14,12.8,12.88,164403
RANEHOLDIN,20260812,1768.8,1824.5,1768.8,1801.7,13999
RATEGAIN,20260812,912.0,935.0,909.3,932.65,342776
RATNAMANI,20260812,2255.0,2300.0,2223.0,2240.4,46513
RATNAVEER,20260812,207.0,216.5,206.01,210.01,4209276
RAYMOND,20260812,623.75,623.75,612.05,618.95,717601
RAYMONDLSL,20260812,729.0,729.6,712.8,716.45,113518
RAYMONDREL,20260812,611.0,611.0,576.0,580.9,540310
RBA,20260812,93.0,95.35,92.32,93.82,5706033
RBLBANK,20260812,389.7,390.2,384.45,389.8,2289848
RBZJEWEL,20260812,148.0,149.0,139.9,141.21,227286
RCF,20260812,125.55,126.07,124.0,124.11,523390
RCOM,20260812,0.82,0.83,0.82,0.82,2238318
RECLTD,20260812,344.7,347.2,339.0,346.0,11330857
REDINGTON,20260812,355.0,356.2,338.0,339.4,3024132
REDTAPE,20260812,128.61,128.61,124.5,125.87,455948
REFEX,20260812,297.0,297.7,291.75,293.4,322872
REGAAL,20260812,86.0,89.44,85.1,87.69,221714
REGENCERAM,20260812,37.25,38.86,34.61,38.86,29812
RELAXO,20260812,422.0,439.0,412.55,417.0,837534
RELCHEMQ,20260812,129.9,129.9,113.9,119.75,16170
RELIABLE,20260812,151.86,151.86,138.25,140.37,21460
RELIANCE,20260812,1323.9,1329.0,1309.2,1329.0,7901012
RELIGARE,20260812,227.35,240.5,226.2,237.5,1145480
RELINFRA,20260812,69.87,69.87,69.87,69.87,17432
RELTD,20260812,169.6,173.01,167.0,167.3,211904
REMSONSIND,20260812,90.6,91.13,88.0,88.36,78612
RENUKA,20260812,22.21,22.25,21.9,21.99,2750061
REPCOHOME,20260812,363.85,374.8,363.85,367.2,104340
REPL,20260812,65.96,65.96,64.01,64.07,3669
REPRO,20260812,339.75,339.75,314.0,316.95,42833
RESPONIND,20260812,166.0,173.39,166.0,167.19,140777
RETAIL,20260812,18.01,18.2,17.5,17.56,3551
RGL,20260812,116.05,116.05,107.82,110.14,918270
RHETAN,20260812,26.82,27.5,26.0,26.17,11996072
RHFL,20260812,1.81,1.81,1.77,1.77,606890
RHIM,20260812,420.0,420.0,385.0,385.9,5130721
RHL,20260812,169.08,171.9,169.0,170.0,915
RICOAUTO,20260812,143.0,145.44,124.92,127.99,8766179
RIIL,20260812,747.0,755.5,738.0,745.9,41500
RIR,20260812,178.97,185.15,172.25,176.8,673721
RISHABH,20260812,683.0,683.35,652.0,668.3,343137
RITCO,20260812,308.8,310.0,297.5,301.95,195859
RITES,20260812,226.74,228.0,222.58,223.55,447470
RKDL,20260812,19.06,19.06,18.0,18.5,46540
RKEC,20260812,25.9,26.0,24.52,24.96,40796
RKFORGE,20260812,755.8,760.0,739.9,743.3,978319
RKSWAMY,20260812,102.9,107.5,100.61,100.78,76845
RMC,20260812,287.9,319.0,285.05,302.2,232604
RMDRIP,20260812,17.45,18.09,17.25,17.75,1432100
RML,20260812,1096.0,1116.8,1091.0,1107.8,21453
RNBDENIMS,20260812,8.82,9.09,8.82,8.94,156503
ROHLTD,20260812,312.2,312.2,306.0,307.4,19465
ROLEXRINGS,20260812,177.21,177.29,170.01,173.01,14359357
ROLLT,20260812,3.15,3.25,2.97,3.22,587861
ROML,20260812,44.28,44.96,44.28,44.82,610
ROSSARI,20260812,503.9,510.0,498.6,505.4,40915
ROSSELLIND,20260812,55.5,57.91,55.5,56.97,6134
ROSSTECH,20260812,1050.05,1092.35,1045.0,1089.5,183289
ROTO,20260812,69.4,69.4,66.75,67.04,365660
ROUTE,20260812,531.05,531.15,515.7,518.55,146149
RPEL,20260812,1308.6,1308.6,1272.7,1289.3,39443
RPGLIFE,20260812,2625.0,2645.8,2604.0,2612.7,6528
RPOWER,20260812,23.72,23.8,23.3,23.38,15262302
RPPINFRA,20260812,60.3,60.3,58.3,58.78,1216276
RPPL,20260812,24.87,24.87,23.63,23.63,120689
RPSGVENT,20260812,900.0,905.3,876.05,884.55,34466
RPTECH,20260812,894.1,894.1,844.45,854.9,297069
RRIL,20260812,17.47,17.47,16.5,16.97,12002
RRKABEL,20260812,2835.0,2844.9,2775.0,2789.6,234123
RSDFIN,20260812,124.18,124.18,124.18,124.18,468
RSL,20260812,156.0,159.0,152.8,155.92,1172456
RSSOFTWARE,20260812,33.13,33.13,33.13,33.13,4185
RSWM,20260812,205.0,206.8,201.8,204.38,18357
RSYSTEMS,20260812,244.0,244.95,239.1,240.1,222242
RTNINDIA,20260812,30.68,31.02,30.02,30.26,2641745
RTNPOWER,20260812,8.54,8.58,8.43,8.45,8677132
RUBFILA,20260812,72.44,74.4,68.0,68.59,119162
RUBICON,20260812,1659.9,1679.8,1625.1,1653.6,289009
RUBYMILLS,20260812,368.9,380.0,357.25,372.65,7487
RUCHINFRA,20260812,5.96,6.08,5.67,5.77,36697
RUCHIRA,20260812,111.44,111.47,104.71,105.89,105207
RUDRA,20260812,18.22,21.8,17.71,20.56,1714251
RUPA,20260812,159.92,160.59,154.31,155.59,100300
RUSHIL,20260812,16.86,18.02,16.6,17.35,1231580
RUSTOMJEE,20260812,370.0,377.0,367.05,374.3,51374
RVHL,20260812,43.53,43.6,41.8,42.93,3059
RVNL,20260812,231.16,233.67,227.65,230.0,5612306
RVTH,20260812,743.95,743.95,719.6,721.3,1085
S&SPOWER,20260812,316.1,330.3,312.5,317.65,4176
SAATVIKGL,20260812,434.7,444.7,430.05,435.35,112853
SADBHAV,20260812,9.06,9.18,8.7,8.88,70228
SADBHIN,20260812,2.66,2.67,2.56,2.62,104557
SADHNANIQ,20260812,3.26,3.26,3.26,3.26,2917949
SAFARI,20260812,1502.0,1507.0,1476.8,1483.6,26166
SAGARDEEP,20260812,24.8,25.23,24.0,24.39,8264
SAGCEM,20260812,174.1,177.98,173.5,175.15,28813
SAGILITY,20260812,43.02,43.5,42.69,43.31,12081362
SAHLIBHFI,20260812,76.8,79.5,76.7,79.04,3607
SAHYADRI,20260812,342.9,375.0,339.0,346.8,186684
SAIL,20260812,172.69,175.9,171.16,174.0,18936094
SAILIFE,20260812,1446.4,1474.0,1443.3,1463.6,430058
SAIPARENT,20260812,580.95,589.0,514.05,552.4,349508
SAKAR,20260812,962.4,963.95,925.15,935.8,77546
SAKHTISUG,20260812,17.4,17.4,16.8,16.93,68669
SAKSOFT,20260812,163.77,164.99,162.5,163.0,259744
SAKUMA,20260812,1.67,1.68,1.64,1.65,630510
SALASAR,20260812,5.79,5.83,5.7,5.76,2679015
SALONA,20260812,249.88,255.0,247.07,254.95,1940
SALSTEEL,20260812,60.6,63.7,58.81,63.05,830005
SALZERELEC,20260812,570.0,578.55,564.75,568.9,71508
SAMBHAAV,20260812,6.81,7.06,6.61,6.69,32538
SAMBHV,20260812,118.98,118.99,116.83,118.45,592877
SAMHI,20260812,164.81,166.5,164.0,164.51,655222
SAMMAANCAP,20260812,164.8,164.8,158.66,160.79,6698353
SAMPANN,20260812,26.75,27.25,26.31,26.41,9660
SANATHAN,20260812,512.0,512.0,468.0,475.85,108307
SANDESH,20260812,1109.4,1109.4,1065.1,1080.75,2396
SANDHAR,20260812,621.95,644.85,619.0,626.5,245172
SANDUMA,20260812,204.4,207.28,201.49,202.89,684005
SANGAMIND,20260812,581.0,587.9,570.0,578.1,27222
SANGHVIMOV,20260812,515.0,518.9,497.25,500.45,360614
SANGINITA,20260812,55.64,55.64,55.64,55.64,42684
SANOFI,20260812,3304.5,3305.4,3232.0,3243.6,20847
SANOFICONR,20260812,4530.0,4543.9,4465.0,4478.5,1361
SANSERA,20260812,3685.1,3933.0,3665.3,3878.3,328395
SANSTAR,20260812,112.0,113.49,110.05,111.92,130754
SANWARIA,20260812,0.21,0.21,0.19,0.19,357897
SAPPHIRE,20260812,236.98,238.89,226.7,231.74,3516974
SAPPL,20260812,281.8,282.2,281.8,282.2,26
SARDAEN,20260812,497.35,499.75,487.9,489.45,170619
SAREGAMA,20260812,529.1,529.5,514.05,516.05,178262
SARLAPOLY,20260812,101.87,101.87,99.55,100.44,34730
SARVESHWAR,20260812,3.47,3.62,3.42,3.46,2465205
SASKEN,20260812,2018.9,2018.9,1920.0,1926.4,16668
SATIA,20260812,60.05,62.06,60.0,61.53,53459
SATIN,20260812,225.0,225.39,220.89,223.41,384703
SAURASHCEM,20260812,61.06,61.23,59.2,60.93,131597
SAYAJIHOTL,20260812,328.0,328.0,328.0,328.0,1
SBC,20260812,41.49,42.06,33.56,40.19,43595847
SBCL,20260812,1060.0,1060.0,1017.0,1026.65,469720
SBFC,20260812,93.8,94.75,93.47,94.01,4553086
SBGLP,20260812,26.27,26.27,24.71,25.69,16564
SBIBPB,20260812,50.36,51.1,50.05,50.71,171464
SBICARD,20260812,650.0,656.6,644.4,656.6,535832
SBIETFCON,20260812,125.79,125.79,124.02,124.43,11216
SBIETFIT,20260812,353.0,353.0,344.0,346.76,13940
SBIETFPB,20260812,281.0,281.0,278.37,280.02,3321
SBIETFQLTY,20260812,228.65,228.65,225.72,227.59,1479
SBIFUNDS,20260812,570.0,570.9,563.1,568.8,1734065
SBILIFE,20260812,1840.8,1840.8,1816.5,1830.0,1053505
SBILIQETF,20260812,1051.4,1051.42,1051.4,1051.42,8316
SBIMIDMOM,20260812,64.97,64.97,63.75,64.63,173664
SBIN,20260812,1066.0,1085.5,1066.0,1082.0,17673922
SBINEQWETF,20260812,34.3,34.3,33.81,34.01,26760
SBINMID150,20260812,23.58,23.65,23.39,23.56,18539
SBISILVER,20260812,227.0,231.66,227.0,231.39,1320008
SBISMLETF,20260812,18.6,18.6,18.3,18.35,26073
SBIVALETF,20260812,15.11,15.13,14.97,15.05,9919
SCANSTL,20260812,59.55,62.5,59.55,60.68,30759
SCHAEFFLER,20260812,4151.3,4189.9,4105.5,4125.8,60324
SCHAND,20260812,139.3,141.0,137.0,139.48,39265
SCHNEIDER,20260812,1400.0,1439.8,1380.0,1431.9,418698
SCI,20260812,294.0,300.95,293.35,298.8,2156081
SCILAL,20260812,41.0,41.13,40.51,40.6,126870
SCODATUBES,20260812,141.09,141.09,133.2,133.63,252583
SCPL,20260812,616.85,664.0,606.2,652.1,246811
SDBL,20260812,69.81,71.9,69.15,71.5,1604785
SEAMECLTD,20260812,1561.2,1562.1,1489.1,1521.8,603244
SECMARK,20260812,130.0,131.0,124.6,127.77,2691
SECURKLOUD,20260812,19.3,19.5,17.65,18.64,12147
SEDEMAC,20260812,3120.0,3135.0,3012.6,3050.0,203000
SEIL,20260812,213.0,217.98,203.5,205.07,297597
SEJALLTD,20260812,710.0,710.0,672.15,679.95,17103
SELECTIPO,20260812,48.72,48.72,48.28,48.57,41535
SELMC,20260812,27.57,27.57,27.08,27.49,1218
SEMAC,20260812,300.0,312.5,300.0,301.2,195
SENCO,20260812,376.0,379.45,343.0,345.65,7359766
SENORES,20260812,1475.7,1501.0,1455.0,1492.4,267987
SENSEXADD,20260812,80.85,80.98,79.94,80.26,707
SENSEXAXIS,20260812,79.77,82.0,79.77,81.0,3224
SENSEXBETA,20260812,869.0,870.0,857.75,863.94,2356
SENSEXETF,20260812,80.72,80.77,79.97,80.44,25034
SENSEXIETF,20260812,897.12,904.11,893.01,896.87,10261
SEPC,20260812,5.1,6.14,5.1,6.03,31291302
SERVOTECH,20260812,83.13,84.28,82.47,83.24,375768
SESHAPAPER,20260812,232.21,234.95,229.0,232.62,23698
SETCO,20260812,17.6,17.6,17.32,17.6,44827
SETF10GILT,20260812,266.99,266.99,265.25,265.84,2009
SETFGOLD,20260812,131.74,131.74,129.74,130.48,3657812
SETFNIF50,20260812,263.77,264.2,261.81,262.98,717458
SETFNIFBK,20260812,591.06,594.99,589.19,594.26,13405
SETFNN50,20260812,799.27,803.0,796.01,799.62,25786
SETL,20260812,301.9,307.0,286.0,300.05,1920788
SETUINFRA,20260812,0.42,0.43,0.4,0.43,34117
SEYAIND,20260812,12.92,12.92,12.5,12.5,6718
SFL,20260812,691.35,717.85,687.7,691.1,674656
SGFIN,20260812,665.2,665.2,639.9,651.45,328563
SGIL,20260812,605.0,606.9,600.0,600.15,5343
SGL,20260812,9.95,10.19,9.75,9.91,2041
SGMART,20260812,717.9,723.0,709.0,717.6,128136
SHADOWFAX,20260812,249.03,252.31,244.22,247.39,4161609
SHAH,20260812,4.05,4.19,4.02,4.09,3743749
SHAHALLOYS,20260812,71.98,72.0,70.0,71.46,6717
SHAILY,20260812,3457.9,3496.3,3402.5,3434.0,151320
SHAKTIPUMP,20260812,510.0,514.0,508.0,510.25,302641
SHALBY,20260812,161.5,161.5,156.24,157.28,97370
SHALPAINTS,20260812,84.1,85.89,82.5,82.9,111104
SHANKARA,20260812,143.0,143.0,140.02,141.84,324045
SHANTI,20260812,6.26,6.44,6.0,6.24,67981
SHANTIGEAR,20260812,401.15,401.5,392.8,399.2,11092
SHANTIGOLD,20260812,225.0,232.15,218.13,230.2,1488878
SHARDACROP,20260812,803.3,808.85,795.05,797.85,142876
SHARDAMOTR,20260812,883.9,897.95,877.35,880.55,66149
SHARDUL,20260812,47.43,47.43,46.0,47.43,36045
SHAREINDIA,20260812,167.99,168.87,165.0,165.72,182206
SHARIABEES,20260812,478.14,478.6,470.01,471.76,10763
SHBAJRG,20260812,187.95,187.95,176.35,178.4,3394
SHEKHAWATI,20260812,18.4,19.82,18.4,19.82,627763
SHEMAROO,20260812,132.0,133.0,128.01,130.07,26178
SHILCTECH,20260812,3972.0,4069.0,3784.9,3854.3,318052
SHILPAMED,20260812,819.5,820.95,800.1,805.2,977909
SHINDL,20260812,165.88,167.02,159.45,163.82,165060
SHIVALIK,20260812,259.85,267.89,259.85,265.14,25676
SHIVAMAUTO,20260812,17.1,17.1,17.0,17.1,12264
SHIVAMILLS,20260812,61.98,64.0,58.89,59.59,6740
SHIVATEX,20260812,162.22,164.0,161.06,161.18,1328
SHIVAUM,20260812,450.0,455.0,426.1,449.55,6877
SHK,20260812,173.5,177.06,168.22,170.89,675184
SHOPERSTOP,20260812,429.85,431.95,418.0,423.9,38400
SHRADHA,20260812,34.94,34.94,33.23,33.73,19492
SHREDIGCEM,20260812,72.23,72.23,70.35,71.12,24941
SHREECEM,20260812,25470.0,25570.0,25150.0,25570.0,19869
SHREEJISPG,20260812,632.65,645.05,617.7,641.65,1099497
SHREEPUSHK,20260812,415.4,417.7,398.0,400.9,35145
SHREERAMA,20260812,37.92,40.0,37.7,38.38,115769
SHRENIK,20260812,0.32,0.33,0.32,0.32,283396
SHREYANIND,20260812,140.85,145.0,139.01,142.53,6600
SHRIKRISH,20260812,40.5,42.71,40.01,40.83,208
SHRINGARMS,20260812,234.9,236.0,228.1,229.71,829910
SHRIPISTON,20260812,4419.1,4588.0,4400.0,4478.7,82738
SHRIRAMFIN,20260812,1135.5,1135.5,1117.0,1117.2,3582194
SHRIRAMPPS,20260812,86.25,86.52,82.62,83.3,720386
SHYAMCENT,20260812,4.92,5.16,4.92,5.08,22706
SHYAMMETL,20260812,984.8,992.9,981.4,986.6,466532
SHYAMTEL,20260812,14.12,14.99,14.12,14.4,4482
SICAGEN,20260812,60.9,63.8,57.99,60.67,131149
SICALLOG,20260812,109.0,112.52,104.99,111.81,47048
SIEMENS,20260812,4022.0,4097.9,3991.7,4019.0,716413
SIGACHI,20260812,25.99,26.8,25.81,26.52,1560364
SIGIND,20260812,71.14,71.14,65.65,68.46,110819
SIGMA,20260812,48.25,48.25,45.11,46.05,124845
SIGMAADV,20260812,701.45,710.0,666.4,683.85,289657
SIGNATURE,20260812,814.9,814.9,801.05,807.95,171961
SIGNPOST,20260812,272.45,275.95,268.0,269.35,44169
SIKA,20260812,1102.0,1122.3,1080.3,1111.6,18060
SIKKO,20260812,5.52,5.52,5.52,5.52,117248
SIL,20260812,21.09,21.5,18.66,19.38,236016
SILGO,20260812,67.7,70.14,67.65,69.8,204438
SILINV,20260812,426.5,430.0,419.0,424.35,1448
SILLYMONKS,20260812,16.49,16.49,15.79,15.8,6080
SILVER,20260812,229.85,236.0,229.85,235.69,1159061
SILVER1,20260812,22.8,22.97,22.25,22.9,4832336
SILVER360,20260812,229.15,232.5,228.49,232.06,61118
SILVERADD,20260812,225.86,228.8,224.3,227.85,269027
SILVERAG,20260812,227.27,230.15,226.36,229.95,323452
SILVERAXIS,20260812,231.09,235.06,231.0,234.77,967657
SILVERBEES,20260812,222.83,226.16,222.42,225.76,27311475
SILVERBETA,20260812,224.85,228.29,224.6,228.02,416324
SILVERBND,20260812,228.32,237.58,228.32,236.53,17946
SILVERCASE,20260812,24.15,24.15,23.59,23.93,11902596
SILVERIETF,20260812,232.5,236.05,232.25,235.61,4320270
SILVERTUC,20260812,207.11,208.76,203.0,205.88,490828
SIMBHALS,20260812,7.18,7.25,6.85,7.04,26661
SIMPLEXINF,20260812,257.21,261.59,248.66,252.31,173405
SINCLAIR,20260812,76.52,77.87,76.52,77.0,8944
SINDHUTRAD,20260812,24.2,24.5,24.03,24.2,678929
SINGERIND,20260812,76.0,91.3,73.68,91.3,2216151
SINTERCOM,20260812,89.3,90.0,73.35,82.95,20233
SIRCA,20260812,442.6,443.6,431.9,435.9,369452
SIS,20260812,437.55,441.9,435.0,438.8,120755
SITINET,20260812,0.29,0.3,0.28,0.29,310906
SIYSIL,20260812,632.9,638.0,624.9,630.9,47589
SJS,20260812,2411.0,2478.0,2408.6,2436.8,152165
SJVN,20260812,67.25,67.47,66.96,67.11,1127777
SKFINDIA,20260812,1527.2,1545.0,1510.0,1527.6,38956
SKFINDUS,20260812,2640.1,2754.0,2605.1,2722.4,80353
SKIPPER,20260812,522.65,546.45,509.5,540.85,1183882
SKMEGGPROD,20260812,263.0,265.99,254.77,257.38,451587
SKYGOLD,20260812,797.9,840.0,793.1,833.1,1979236
SMALL250,20260812,18.53,18.53,18.35,18.36,362385
SMALLADD,20260812,18.77,18.77,18.42,18.45,196048
SMALLCAP,20260812,48.41,48.73,48.4,48.55,1237553
SMALLGROWW,20260812,48.99,48.99,48.39,48.89,8647
SMALLIETF,20260812,18.41,18.64,18.31,18.4,43277
SMARTLINK,20260812,217.5,223.0,214.1,218.54,2261
SMARTWORKS,20260812,491.5,494.5,470.1,488.5,133870
SMCGLOBAL,20260812,79.13,79.83,77.13,79.04,217678
SML100CASE,20260812,11.57,11.57,11.26,11.28,582754
SMLMAH,20260812,5200.0,5270.0,5125.5,5172.0,71634
SMLT,20260812,70.0,70.25,68.2,68.75,4047
SMSPHARMA,20260812,378.75,383.9,366.0,369.55,230141
SNOWMAN,20260812,38.63,40.5,38.0,39.12,165926
SNXT30BEES,20260812,43.95,44.02,43.57,43.77,5165
SNXT50BETA,20260812,95.89,97.2,95.61,95.65,2872
SOBHA,20260812,1355.0,1355.0,1327.0,1333.7,55797
SOFTTECH,20260812,402.0,429.4,402.0,411.35,2432
SOLARA,20260812,514.2,515.2,503.0,505.6,57746
SOLARINDS,20260812,18800.0,18800.0,18530.0,18730.0,92222
SOLARWORLD,20260812,165.5,166.56,160.62,161.37,548203
SOLEX,20260812,914.9,914.9,893.0,899.55,25553
SOMANYCERA,20260812,513.0,527.5,486.1,508.05,913797
SOMATEX,20260812,93.24,94.84,92.13,92.29,2567
SOMICONVEY,20260812,94.99,94.99,86.19,87.59,65763
SONACOMS,20260812,801.05,807.7,797.4,804.5,1894549
SONAL,20260812,95.0,95.0,90.0,91.0,30
SONAMLTD,20260812,57.5,57.5,54.26,54.7,39735
SONATSOFTW,20260812,333.9,334.65,322.0,323.45,771417
SOTL,20260812,702.05,713.25,684.05,695.9,308529
SOUTHBANK,20260812,45.81,46.56,45.6,46.22,6627720
SOUTHWEST,20260812,228.23,232.93,215.0,219.13,260525
SPAL,20260812,1049.5,1049.5,971.3,975.9,227439
SPANDANA,20260812,251.1,252.35,244.15,245.0,204596
SPARC,20260812,206.0,206.64,201.0,202.21,733126
SPCENET,20260812,3.75,3.98,3.64,3.8,651448
SPECIALITY,20260812,158.6,163.7,157.21,158.38,114955
SPECTRUM,20260812,2283.6,2332.1,2283.6,2283.6,5837
SPENCERS,20260812,31.61,32.44,31.37,31.78,98221
SPIC,20260812,66.87,67.64,66.71,67.2,179034
SPLIL,20260812,33.3,33.3,31.02,31.34,5598
SPLPETRO,20260812,685.9,731.7,684.55,725.65,502560
SPMLINFRA,20260812,186.43,194.3,183.0,191.34,377809
SPORTKING,20260812,208.79,208.79,202.5,203.53,192829
SRD,20260812,37.9,41.0,37.37,40.48,122292
SREEL,20260812,233.9,240.8,230.74,239.12,34299
SRF,20260812,2570.1,2594.0,2552.0,2585.0,276269
SRGHFL,20260812,277.0,281.75,273.05,274.05,491
SRHHYPOLTD,20260812,511.0,511.0,493.0,502.0,21324
SRM,20260812,515.0,531.25,507.05,516.7,82291
SRTL,20260812,40.12,40.5,39.55,39.82,22449
SSDL,20260812,54.5,65.77,54.45,65.03,383517
SSWL,20260812,318.3,320.0,311.5,312.5,369223
STALLION,20260812,229.25,253.35,229.25,253.35,875374
STANLEY,20260812,144.88,144.88,141.55,142.01,66790
STAR,20260812,1004.0,1009.9,990.0,993.8,101431
STARCEMENT,20260812,199.43,201.38,197.61,199.75,176109
STARHEALTH,20260812,584.7,587.75,580.7,583.25,255220
STARPAPER,20260812,154.07,156.0,151.8,153.69,8494
STARTECK,20260812,257.9,259.75,254.45,257.25,7783
STCINDIA,20260812,119.5,120.85,117.12,117.37,44119
STEELCAS,20260812,331.2,333.2,324.9,329.75,114037
STEELCITY,20260812,81.29,81.29,79.0,79.42,12058
STEELXIND,20260812,10.8,10.88,10.55,10.65,823913
STEL,20260812,543.0,544.7,534.0,538.95,1726
STERTOOLS,20260812,223.95,224.8,216.05,222.65,36115
STLNETWORK,20260812,26.87,26.87,25.82,26.17,923433
STLTECH,20260812,621.2,651.0,620.0,651.0,2563401
STOVEKRAFT,20260812,795.0,805.0,792.5,799.1,96008
STUDDS,20260812,421.0,424.4,416.8,420.55,34475
STYL,20260812,412.45,417.9,402.35,410.85,133168
STYLAMIND,20260812,3568.7,3572.9,3500.0,3544.7,16356
STYLEBAAZA,20260812,356.5,362.8,340.1,351.3,985489
STYRENIX,20260812,2260.0,2260.0,2203.1,2215.5,31884
SUBEXLTD,20260812,13.77,14.0,13.3,13.47,1101623
SUBROS,20260812,765.6,775.0,753.65,764.15,54886
SUDARCOLOR,20260812,406.0,412.45,404.0,405.8,6067
SUDARSCHEM,20260812,1119.7,1123.1,1030.1,1044.7,436812
SUDEEPPHRM,20260812,1112.0,1146.3,1078.1,1103.75,275504
SUKHJITS,20260812,166.0,166.0,158.38,161.57,8040
SULA,20260812,152.31,153.62,150.25,151.0,370257
SUMEETINDS,20260812,14.82,15.19,14.82,14.82,56881355
SUMICHEM,20260812,558.15,558.25,541.05,547.35,354667
SUMIT,20260812,56.8,56.8,50.11,51.75,43185
SUMMITSEC,20260812,1482.0,1482.0,1429.0,1446.3,3762
SUNCLAY,20260812,1226.7,1249.9,1184.6,1188.4,11020
SUNDARAM,20260812,1.24,1.25,1.15,1.19,1559551
SUNDARMFIN,20260812,4477.9,4528.0,4401.5,4473.4,38609
SUNDRMBRAK,20260812,800.0,813.0,800.0,800.45,1687
SUNDRMFAST,20260812,1210.0,1224.4,1199.15,1210.0,190308
SUNDROP,20260812,679.8,679.8,660.55,669.8,28339
SUNFLAG,20260812,372.0,374.6,355.0,359.6,276471
SUNPHARMA,20260812,1942.0,1945.7,1926.8,1944.0,1536383
SUNTECK,20260812,296.55,296.55,290.45,292.7,156209
SUNTV,20260812,485.0,487.8,475.85,478.2,242137
SUPERHOUSE,20260812,160.04,162.0,158.2,158.53,3626
SUPERSPIN,20260812,6.0,6.0,6.0,6.0,1265
SUPRAJIT,20260812,536.05,538.75,522.5,523.45,74691
SUPREME,20260812,46.8,46.8,41.5,42.51,67105
SUPREMEENG,20260812,2.41,2.41,2.41,2.41,1675042
SUPREMEIND,20260812,3419.1,3459.9,3383.0,3459.9,102447
SUPREMEINF,20260812,86.49,87.49,82.16,83.89,36807
SUPRIYA,20260812,848.3,852.95,825.35,831.05,274814
SURAJEST,20260812,208.76,211.19,205.51,209.33,110654
SURAJLTD,20260812,220.0,222.99,215.01,218.38,153
SURAKSHA,20260812,259.9,272.0,259.85,270.35,203580
SURANASOL,20260812,26.3,26.48,25.7,25.88,42388
SURANAT&P,20260812,16.15,16.8,15.82,16.44,97151
SURYALA,20260812,395.1,399.0,388.1,393.55,2217
SURYALAXMI,20260812,60.0,60.0,58.0,58.43,2010
SURYAROSNI,20260812,239.5,239.5,222.15,224.55,1627671
SURYODAY,20260812,163.65,163.65,159.54,160.89,417814
SUTLEJTEX,20260812,38.01,38.5,38.01,38.3,47788
SUVEN,20260812,343.0,343.1,327.05,330.55,466245
SUVIDHAA,20260812,2.57,2.57,2.52,2.54,28904
SUYOG,20260812,842.5,850.0,802.5,830.6,57663
SUZLON,20260812,47.49,47.49,46.9,47.35,41760811
SVLL,20260812,732.3,743.5,732.3,743.5,1078
SVPGLOB,20260812,3.97,3.97,3.82,3.9,11084
SWANCORP,20260812,313.0,313.0,306.1,307.7,1125207
SWANDEF,20260812,2568.0,2568.0,2445.2,2465.1,38191
SWARAJENG,20260812,3597.9,3629.9,3597.9,3608.9,7192
SWELECTES,20260812,687.95,696.75,678.05,690.5,37266
SWIGGY,20260812,282.0,282.0,276.0,279.35,6996952
SWSOLAR,20260812,203.58,203.99,200.05,202.54,743629
SYMPHONY,20260812,647.75,650.0,625.1,630.95,83762
SYNCOMF,20260812,15.5,17.2,15.21,15.88,58681244
SYNGENE,20260812,410.0,411.8,403.8,408.65,591399
SYRMA,20260812,1494.8,1514.0,1465.1,1473.3,749197
SYSTMTXC,20260812,59.91,59.91,58.5,59.44,3607
TAALTECH,20260812,4400.0,4484.9,4132.0,4189.0,7591
TAINWALCHM,20260812,201.05,207.0,199.0,203.94,4404
TAJGVK,20260812,356.2,357.4,350.0,352.85,76036
TAKE,20260812,23.94,24.28,23.26,23.54,1578857
TALBROAUTO,20260812,409.25,436.0,405.0,417.35,273558
TAMBOLIIN,20260812,220.6,232.0,220.6,229.88,4177
TANLA,20260812,620.05,620.85,591.3,594.4,606531
TARACHAND,20260812,50.05,50.25,47.21,47.72,187072
TARAPUR,20260812,14.7,15.5,13.9,14.04,56051
TARC,20260812,126.65,132.9,126.65,128.53,816652
TARIL,20260812,297.0,298.7,291.0,292.45,692010
TARMAT,20260812,55.1,56.8,54.9,55.09,8376
TARSONS,20260812,300.2,328.9,291.0,312.8,1619130
TASTYBITE,20260812,9360.5,9550.0,9225.0,9505.5,4553
TATACAP,20260812,367.2,370.5,364.8,367.05,1040104
TATACHEM,20260812,668.45,708.9,663.0,673.15,2753913
TATACOMM,20260812,1754.0,1754.0,1709.4,1736.2,195930
TATACONSUM,20260812,1077.0,1078.0,1054.3,1061.9,1713131
TATAELXSI,20260812,3799.9,3799.9,3685.0,3711.9,187415
TATAGOLD,20260812,14.75,14.94,14.74,14.85,53145837
TATAINVEST,20260812,685.8,714.8,677.3,680.65,662394
TATAPOWER,20260812,378.6,380.0,374.1,379.45,4430571
TATASTEEL,20260812,188.35,188.88,183.6,186.2,36484049
TATATECH,20260812,865.2,868.55,836.0,842.1,1473993
TATSILV,20260812,22.88,22.96,22.58,22.91,56194573
TATVA,20260812,1810.0,1829.0,1722.5,1732.0,53241
TBOTEK,20260812,1637.3,1647.0,1590.0,1596.6,91830
TBZ,20260812,270.7,271.0,232.5,236.9,4748902
TCC,20260812,267.9,268.95,250.0,252.1,46674
TCI,20260812,930.7,932.95,910.0,913.65,21692
TCIEXP,20260812,545.55,556.75,539.9,549.15,33547
TCIFINANCE,20260812,14.23,15.28,14.23,14.91,6939
TCPLPACK,20260812,3788.0,4410.9,3701.0,4394.9,481743
TCS,20260812,2445.7,2445.8,2300.1,2349.7,7022647
TDPOWERSYS,20260812,1395.0,1530.0,1358.4,1480.1,11127581
TEAMGTY,20260812,219.01,227.9,215.05,220.28,28107
TEAMLEASE,20260812,1245.0,1263.3,1227.6,1257.2,15172
TECH,20260812,34.72,34.86,33.98,34.15,5122842
TECHM,20260812,1654.0,1657.0,1622.1,1625.0,3746023
TECHNOE,20260812,976.15,1009.2,975.7,983.05,845640
TECHNVISN,20260812,5347.4,5444.9,5080.1,5146.0,1212
TECILCHEM,20260812,8.47,8.96,8.47,8.67,8178
TEGA,20260812,1656.5,1662.9,1621.0,1628.1,31706
TEJASNET,20260812,532.0,532.45,515.5,527.25,1282649
TEMBO,20260812,64.0,64.4,60.0,61.25,3117022
TENNIND,20260812,542.0,551.0,525.0,540.65,58478202
TERASOFT,20260812,400.0,400.0,351.05,370.65,126604
TEXINFRA,20260812,112.46,114.0,110.0,111.09,34260
TEXMOPIPES,20260812,44.9,44.9,42.6,42.77,28031
TEXRAIL,20260812,107.34,108.25,106.61,107.76,773469
TFCILTD,20260812,116.0,116.0,114.05,115.13,8796573
TFL,20260812,11.43,11.57,11.01,11.49,5088
TGBHOTELS,20260812,9.3,9.49,9.03,9.26,21212
THACKER,20260812,1020.1,1020.1,1020.1,1020.1,3
THANGAMAYL,20260812,5236.5,5390.0,5235.0,5328.0,141031
THEINVEST,20260812,97.34,99.5,96.12,97.23,4478
THEJO,20260812,2100.0,2174.6,2080.4,2122.8,3576
THELEELA,20260812,513.7,523.7,494.4,499.75,312729
THEMISMED,20260812,113.11,114.7,105.7,108.64,83197
THERMAX,20260812,4030.9,4099.6,3992.0,4083.3,241006
THOMASCOOK,20260812,110.35,110.35,106.49,107.08,1269201
THOMASCOTT,20260812,345.45,345.65,331.3,337.5,52371
THYROCARE,20260812,649.0,662.0,637.6,642.95,1159737
TI,20260812,520.0,539.0,515.4,530.9,1733388
TICL,20260812,10.05,10.09,9.54,9.66,121530
TIGERLOGS,20260812,26.38,26.78,25.03,25.88,125760
TIIL,20260812,2650.0,2925.0,2650.0,2878.3,192964
TIINDIA,20260812,2780.0,2839.0,2746.2,2839.0,486582
TIJARIA,20260812,5.38,5.58,5.21,5.35,70286
TIL,20260812,233.8,233.8,224.0,228.65,126867
TIMETECHNO,20260812,206.75,210.9,206.35,208.56,3032023
TIMEX,20260812,571.1,573.1,558.55,563.65,108031
TIMKEN,20260812,3219.9,3252.6,3200.0,3235.0,44928
TINNARUBR,20260812,1134.1,1143.0,1065.6,1084.1,108242
TIPSFILMS,20260812,378.0,378.95,351.2,362.0,13247
TIPSMUSIC,20260812,677.0,680.35,666.4,674.3,171365
TIRUMALCHM,20260812,162.79,163.05,160.09,160.72,212072
TIRUPATIFL,20260812,69.2,69.98,64.8,66.49,267714
TITAGARH,20260812,847.1,848.95,826.0,833.55,222868
TITAN,20260812,5128.0,5128.0,4992.0,5099.0,1105157
TMB,20260812,832.95,871.95,832.95,858.1,140341
TMCV,20260812,451.0,459.5,448.3,457.05,8148968
TMPV,20260812,348.4,351.25,334.2,343.0,22384343
TNIDETF,20260812,92.89,92.89,89.4,90.66,87448
TNPETRO,20260812,114.0,120.89,105.11,106.77,5595159
TNPL,20260812,154.99,161.0,152.0,154.5,636200
TNTELE,20260812,9.21,9.67,9.03,9.09,10291
TOKYOPLAST,20260812,81.0,81.0,77.91,79.99,1161
TOLINS,20260812,102.47,103.5,97.6,100.6,48076
TOP100CASE,20260812,10.97,10.97,10.7,10.73,545277
TOP10ADD,20260812,89.55,89.55,87.95,88.46,260110
TOP15IETF,20260812,10.07,10.09,9.97,10.0,112785
TOP20,20260812,9.11,9.11,9.02,9.05,30079
TORNTPHARM,20260812,4864.0,4893.5,4824.5,4893.0,400740
TORNTPOWER,20260812,1335.0,1338.9,1311.4,1319.0,168475
TOTAL,20260812,65.5,66.0,63.0,65.08,6465
TOUCHWOOD,20260812,72.9,72.9,67.55,68.09,8095
TPHQ,20260812,0.42,0.42,0.41,0.41,1050624
TPLPLASTEH,20260812,76.0,78.42,75.51,76.25,128982
TRACXN,20260812,29.84,30.09,29.25,29.93,99288
TRANSPEK,20260812,1175.0,1190.0,1135.7,1140.2,5896
TRANSRAILL,20260812,473.9,476.0,463.9,467.05,318603
TRANSWORLD,20260812,159.89,159.89,154.05,157.87,3243
TRAVELFOOD,20260812,1399.0,1404.4,1379.4,1390.1,35161
TREEHOUSE,20260812,6.23,6.39,6.11,6.16,38631
TREJHARA,20260812,166.0,168.0,158.0,162.07,18901
TREL,20260812,27.99,27.99,27.0,27.52,196352
TRENT,20260812,3000.0,3019.0,2972.9,2987.0,692694
TRF,20260812,236.54,236.54,228.17,230.15,21695
TRIDENT,20260812,24.83,24.91,24.61,24.66,1954051
TRIGYN,20260812,57.0,57.0,54.51,55.92,57252
TRITURBINE,20260812,600.0,601.45,581.0,586.75,525830
TRIVENI,20260812,239.0,244.0,238.4,242.24,623829
TRU,20260812,4.4,4.44,4.22,4.33,62239
TRUALT,20260812,478.1,481.2,457.45,465.1,213395
TSFINV,20260812,427.5,431.65,414.0,417.65,96739
TTKHLTCARE,20260812,1085.3,1133.0,1075.1,1103.4,33426
TTKPRESTIG,20260812,590.0,599.15,581.2,586.3,51692
TTL,20260812,5.89,6.05,5.6,5.92,203235
TTML,20260812,38.75,38.81,38.0,38.17,1103045
TURTLEMINT,20260812,127.16,138.0,125.0,132.31,2035339
TVSELECT,20260812,459.35,461.05,451.0,454.1,46841
TVSHLTD,20260812,14607.0,14775.0,14500.0,14532.0,3030
TVSMOTOR,20260812,4400.0,4427.8,4347.2,4375.0,911635
TVSSCS,20260812,126.95,137.0,126.74,129.03,3139526
TVSSRICHAK,20260812,3951.1,3951.1,3853.0,3868.2,3070
TVTODAY,20260812,114.55,116.8,111.44,114.07,32582
TVVISION,20260812,4.12,4.12,3.84,3.91,35244
TWCGOLDETF,20260812,150.51,152.51,150.51,152.44,16184
UBL,20260812,1405.0,1405.5,1384.0,1388.3,54951
UCAL,20260812,117.65,117.89,116.0,116.02,2470
UCOBANK,20260812,25.92,26.45,25.92,26.17,3124920
UDS,20260812,208.0,211.0,201.61,210.06,507699
UEL,20260812,259.47,259.47,259.47,259.47,13502
UFBL,20260812,775.0,810.8,770.5,779.8,95262
UFLEX,20260812,498.3,504.2,493.0,497.75,72505
UFO,20260812,68.77,68.99,67.0,68.68,29848
UGARSUGAR,20260812,45.6,45.6,43.52,44.15,219969
UGROCAP,20260812,95.68,95.94,92.83,93.27,229604
UJJIVANSFB,20260812,70.39,72.68,70.23,72.38,18062565
ULTRACEMCO,20260812,11790.0,11891.0,11650.0,11891.0,328113
ULTRAMAR,20260812,389.0,399.85,389.0,395.9,40082
UMAEXPORTS,20260812,19.65,20.44,19.6,20.12,4762
UMESLTD,20260812,6.48,6.51,6.1,6.27,114107
UMIYA-MRO,20260812,88.5,89.9,88.5,89.8,1220
UNICHEMLAB,20260812,583.95,590.9,536.2,544.95,955511
UNIDT,20260812,230.01,230.01,222.3,228.68,9729
UNIECOM,20260812,84.62,93.4,83.6,92.08,3575930
UNIENTER,20260812,98.15,98.15,95.5,97.08,3945
UNIINFO,20260812,12.43,12.43,12.0,12.36,166
UNIMECH,20260812,1426.9,1441.8,1407.1,1418.5,89651
UNIONBANK,20260812,182.5,187.6,181.82,187.0,22005359
UNIONGOLD,20260812,150.9,150.9,148.2,149.9,6567
UNIPARTS,20260812,808.2,816.0,790.5,813.55,139656
UNITDSPR,20260812,1546.6,1546.6,1518.1,1535.0,450036
UNITECH,20260812,4.1,4.11,4.03,4.06,2081925
UNITEDPOLY,20260812,32.6,32.6,30.0,31.61,88730
UNITEDTEA,20260812,470.0,470.0,458.0,461.5,2820
UNIVASTU,20260812,144.85,145.76,140.5,145.76,133985
UNIVCABLES,20260812,1680.1,1730.0,1664.5,1708.9,173152
UNIVPHOTO,20260812,462.1,477.65,435.0,476.15,1290
UNOMINDA,20260812,1275.0,1278.7,1232.4,1232.4,520011
UPL,20260812,570.75,574.75,564.25,570.5,1452949
URAVIDEF,20260812,112.0,112.0,106.7,107.07,4614
URBANCO,20260812,139.01,141.28,137.39,139.05,1683235
URJA,20260812,9.54,9.7,9.5,9.51,611562
USHAMART,20260812,514.4,516.0,499.0,502.9,415137
USK,20260812,21.49,21.95,21.1,21.47,8304
UTIAMC,20260812,907.0,924.9,907.0,917.1,186050
UTKARSHBNK,20260812,14.05,14.24,13.95,14.11,3007783
UTLSOLAR,20260812,395.95,398.95,382.7,389.0,331296
UTTAMSUGAR,20260812,251.9,255.98,248.21,253.53,74239
UYFINCORP,20260812,18.98,20.0,18.98,19.21,372149
V2RETAIL,20260812,225.15,225.15,217.8,219.82,566703
VADILALIND,20260812,7362.0,7362.0,7200.0,7246.5,14261
VAIBHAVGBL,20260812,236.2,238.4,231.25,232.85,410352
VAISHALI,20260812,8.01,8.6,8.01,8.32,278492
VAKRANGEE,20260812,5.98,6.0,5.91,5.95,959283
VAL30IETF,20260812,15.83,15.83,15.39,15.51,1027112
VALIANTLAB,20260812,74.76,74.76,74.76,74.76,11746
VALIANTORG,20260812,314.0,325.3,314.0,325.3,165655
VALUE,20260812,16.47,16.47,16.31,16.39,11834
VALUEAXIS,20260812,33.34,33.57,33.19,33.3,31134
VAML,20260812,464.65,476.95,460.1,461.45,10276140
VARDHACRLC,20260812,44.7,45.39,43.5,44.63,37576
VARDMNPOLY,20260812,6.5,6.6,6.32,6.38,421044
VARROC,20260812,840.0,864.9,826.05,836.15,467591
VASCONEQ,20260812,32.4,32.45,29.53,31.26,1350368
VASWANI,20260812,51.52,53.49,51.52,52.07,19033
VBL,20260812,439.15,440.5,434.0,440.5,1837489
VCL,20260812,1.53,1.54,1.43,1.54,1932641
VEDL,20260812,276.25,281.0,273.0,275.8,10568708
VEDPOWER,20260812,36.5,37.15,36.36,36.75,22883820
VEEDOL,20260812,1533.0,1550.0,1502.0,1513.4,17376
VELJAN,20260812,1701.5,1759.0,1701.5,1715.7,199
VENKEYS,20260812,1575.0,1588.0,1504.0,1515.1,133915
VENTIVE,20260812,593.0,609.95,590.1,591.5,11394
VENUSPIPES,20260812,1595.1,1610.0,1545.0,1563.8,88868
VENUSREM,20260812,1539.8,1647.1,1530.3,1647.0,76658
VERANDA,20260812,249.9,253.45,245.3,251.35,265678
VERTOZ,20260812,35.5,36.0,35.2,35.49,43730
VESUVIUS,20260812,459.95,465.3,453.5,456.95,73515
VETO,20260812,121.95,122.93,120.0,120.46,19170
VGL,20260812,62.5,63.19,60.02,60.14,38093
VGUARD,20260812,323.8,336.7,321.9,331.75,1980024
VHL,20260812,3491.0,3578.0,3491.0,3513.0,416
VHLTD,20260812,132.99,132.99,129.1,129.62,16023
VIDHIING,20260812,315.7,317.5,313.05,314.95,7118
VIDYAWIRES,20260812,97.8,97.8,92.81,92.81,1171868
VIJAYA,20260812,1428.2,1525.0,1421.1,1510.6,1399910
VIJIFIN,20260812,11.92,11.92,11.92,11.92,72826
VIKASECO,20260812,1.12,1.12,1.1,1.11,1944983
VIKASLIFE,20260812,1.27,1.27,1.25,1.25,1091905
VIKRAMSOLR,20260812,161.86,161.86,158.44,159.58,1311248
VIKRAN,20260812,67.0,68.88,65.5,66.12,7668032
VIMTALABS,20260812,648.9,660.45,625.45,627.15,195048
VINATIORGA,20260812,1310.0,1335.6,1300.2,1327.4,275358
VINCOFE,20260812,148.82,150.2,146.0,146.42,1172226
VINDHYATEL,20260812,2429.0,2600.0,2412.9,2582.7,174110
VINEETLAB,20260812,38.8,39.3,37.72,38.98,73758
VINNY,20260812,1.06,1.07,1.06,1.06,418561
VINYLINDIA,20260812,242.14,244.0,239.61,243.12,4792
VIPCLOTHNG,20260812,20.1,20.68,20.0,20.42,36863
VIPIND,20260812,320.0,321.15,308.05,310.25,112036
VIPULLTD,20260812,13.75,13.75,13.75,13.75,29264
VIRINCHI,20260812,15.3,15.62,15.05,15.2,83123
VISACHROME,20260812,37.56,37.99,36.1,37.5,9496
VISAKAIND,20260812,100.22,102.0,98.16,98.76,498772
VISHNU,20260812,590.0,596.25,582.5,589.45,87223
VISHWARAJ,20260812,5.34,5.43,5.28,5.32,177684
VISL,20260812,38.8,40.7,38.55,39.08,65157004
VITAL,20260812,52.47,52.5,52.47,52.5,1552
VIVIANA,20260812,698.35,724.0,661.0,706.9,41972
VIVIDHA,20260812,0.57,0.6,0.54,0.55,507391
VIVIMEDLAB,20260812,5.3,5.33,5.0,5.02,86287
VIYASH,20260812,262.7,267.8,258.55,262.75,2076289
VLEGOV,20260812,10.32,10.32,10.32,10.32,11143
VLSFINANCE,20260812,267.7,277.0,263.6,270.35,56004
VMART,20260812,814.7,815.2,795.0,801.1,98907
VMM,20260812,111.0,111.0,105.45,108.0,11426190
VMSTMT,20260812,50.02,51.99,49.5,49.88,335119
VOEPL,20260812,493.0,535.1,492.95,518.65,213883
VOGL,20260812,39.7,40.26,38.0,38.4,71829639
VOLTAMP,20260812,10056.0,10110.0,9982.0,10007.0,19049
VOLTAS,20260812,1280.0,1290.0,1266.1,1290.0,991550
VPRPL,20260812,40.31,40.4,35.55,37.25,2270413
VRAJ,20260812,126.76,126.76,122.0,123.34,19611
VRLLOG,20260812,305.25,310.2,298.15,300.9,581608
VSSL,20260812,332.6,341.0,326.45,331.1,123427
VSTIND,20260812,218.96,219.46,217.8,218.2,136143
VSTL,20260812,106.69,108.0,105.25,106.21,10586
VSTTILLERS,20260812,4450.0,4475.4,4416.0,4441.5,4692
VTL,20260812,596.15,600.6,588.1,591.9,145328
WAAREEENER,20260812,2704.0,2709.1,2650.9,2668.0,542431
WAAREEINDO,20260812,307.35,309.9,297.1,299.1,78992
WAAREERTL,20260812,903.0,904.5,894.0,894.55,88268
WABAG,20260812,1950.0,1965.0,1875.0,1903.6,821901
WAKEFIT,20260812,125.03,126.0,122.2,122.87,589186
WALCHANNAG,20260812,237.4,242.0,229.4,232.26,1300831
WANBURY,20260812,243.5,271.95,230.0,262.75,2576174
WCIL,20260812,86.2,86.8,85.0,85.59,40440
WEALTH,20260812,922.35,947.0,922.35,933.7,689
WEBELSOLAR,20260812,85.29,87.8,85.29,85.29,4071727
WEIZMANIND,20260812,77.98,78.49,77.5,77.94,888
WEL,20260812,134.5,139.6,131.5,135.04,1436570
WELCORP,20260812,1844.4,1873.0,1840.0,1867.6,583807
WELENT,20260812,574.5,579.5,568.0,574.05,122967
WELINV,20260812,1790.0,1880.0,1790.0,1830.0,143
WELSPLSOL,20260812,48.37,48.37,47.5,47.66,156451
WELSPUNLIV,20260812,159.99,165.8,159.26,165.23,2292744
WENDT,20260812,8025.0,8070.5,7920.0,7954.5,3855
WESTLIFE,20260812,583.45,599.1,571.3,594.7,83844
WEWIN,20260812,45.48,46.89,45.48,46.2,2230
WEWORK,20260812,717.0,724.15,704.05,708.6,85704
WHEELS,20260812,1387.0,1421.1,1347.3,1360.0,88919
WHIRLPOOL,20260812,800.0,800.0,782.1,790.15,153449
WILLAMAGOR,20260812,26.8,26.8,25.85,26.25,517
WINDLAS,20260812,944.9,957.6,887.3,894.7,157341
WINDMACHIN,20260812,302.2,314.6,295.15,305.1,203775
WIPL,20260812,168.5,169.9,165.5,167.9,1288
WIPRO,20260812,184.51,185.0,181.91,183.94,8624548
WOCKPHARMA,20260812,1910.0,1915.0,1840.0,1847.4,577896
WONDERLA,20260812,479.1,480.3,468.8,470.05,142721
WORTHPERI,20260812,158.5,165.79,155.06,157.13,33723
WPIL,20260812,438.35,440.8,425.0,427.8,24423
WSI,20260812,56.93,59.9,53.8,58.99,103443
WSTCSTPAPR,20260812,602.05,645.0,574.0,624.55,2906450
XCHANGING,20260812,68.99,68.99,66.7,67.07,84472
XELPMOC,20260812,81.26,82.5,79.0,79.78,10695
XPROINDIA,20260812,1127.9,1147.0,1085.5,1092.0,46224
XTGLOBAL,20260812,31.52,32.0,31.21,31.91,65103
XTRANET,20260812,154.0,157.67,142.67,156.18,947162
YASHO,20260812,4390.0,4390.0,4207.0,4213.0,20489
YATHARTH,20260812,862.6,880.0,856.05,868.85,431376
YATRA,20260812,115.0,120.4,113.15,118.99,8462912
YESBANK,20260812,22.75,22.98,22.62,22.98,68269921
YUKEN,20260812,799.0,864.4,797.7,846.2,37575
ZAGGLE,20260812,207.5,207.5,198.5,201.71,697796
ZEEL,20260812,92.5,98.85,90.26,97.52,45453756
ZEELEARN,20260812,7.9,8.05,7.8,7.92,111585
ZEEMEDIA,20260812,7.05,7.2,6.91,7.15,1380313
ZENITHEXPO,20260812,257.34,257.34,238.52,238.52,1223
ZENITHSTL,20260812,5.5,5.62,5.42,5.54,34701
ZENSARTECH,20260812,502.85,503.0,489.8,494.45,477614
ZENTEC,20260812,1826.0,1853.0,1810.1,1824.3,502987
ZFCVINDIA,20260812,2615.0,2644.7,2605.3,2613.4,38354
ZFSTEERING,20260812,665.6,672.0,650.05,667.3,3415
ZIMLAB,20260812,108.34,111.5,106.51,107.92,37663
ZODIAC,20260812,250.0,253.95,244.1,245.15,7638
ZODIACLOTH,20260812,76.0,78.47,75.52,77.13,8032
ZOTA,20260812,1266.8,1274.9,1236.1,1249.6,209617
ZSARACOM,20260812,11600.0,11695.0,11204.0,11549.0,20
ZUARI,20260812,226.6,226.6,218.05,219.45,111345
ZUARIIND,20260812,257.0,267.45,256.55,265.95,38173
ZYDUSLIFE,20260812,1190.0,1205.0,1151.0,1205.0,4567528
ZYDUSWELL,20260812,507.95,512.0,501.95,507.55,217895
