SYMBOL,TIMESTAMP,OPEN,HIGH,LOW,CLOSE,VOLUME
20MICRONS,20260814,182.28,193.0,182.0,190.9,219809
21STCENMGM,20260814,44.04,44.05,42.35,44.05,20836
360ONE,20260814,1179.0,1191.5,1167.0,1180.0,396813
3BBLACKBIO,20260814,1181.2,1197.9,1140.0,1174.6,28814
3IINFOLTD,20260814,26.8,27.5,25.59,26.95,734406
3MINDIA,20260814,36565.0,37300.0,35000.0,35340.0,20827
3PLAND,20260814,32.5,32.5,31.55,32.18,1357
5PAISA,20260814,393.4,408.35,381.05,383.8,109705
63MOONS,20260814,801.65,807.0,782.0,786.25,255921
A2ZINFRA,20260814,14.7,15.18,14.58,14.72,176616
AAATECH,20260814,90.36,92.5,90.36,92.18,12899
AADHARHFC,20260814,499.4,503.1,497.0,498.2,159621
AAKASH,20260814,8.78,8.91,8.75,8.79,56830
AAREYDRUGS,20260814,84.39,87.5,81.21,83.87,176407
AARNAV,20260814,32.81,32.91,30.96,31.46,47462
AARON,20260814,140.95,145.0,134.07,135.46,13239
AARTECH,20260814,50.5,51.8,49.1,50.23,73254
AARTIDRUGS,20260814,429.0,430.0,414.1,416.35,165069
AARTIIND,20260814,538.2,538.2,512.5,534.1,2578695
AARTIPHARM,20260814,873.0,881.5,845.3,851.2,395281
AARTISURF,20260814,645.0,677.7,632.15,658.55,103714
AARVI,20260814,154.01,158.0,152.7,153.47,12338
AASTHA,20260814,74.1,75.47,73.5,74.31,321964
AAVAS,20260814,1431.8,1435.9,1385.2,1397.4,51565
ABAN,20260814,18.46,18.46,18.46,18.46,1111
ABANSENT,20260814,30.38,30.38,30.38,30.38,14445
ABB,20260814,7710.0,7825.0,7639.0,7649.0,163080
ABBOTINDIA,20260814,27800.0,27800.0,27000.0,27060.0,18516
ABCAPITAL,20260814,405.6,408.2,401.0,401.0,1264602
ABCOTS,20260814,201.0,201.0,198.9,199.0,3258
ABDL,20260814,630.7,631.95,591.1,599.45,528711
ABFRL,20260814,56.86,57.33,55.66,55.98,5318321
ABGSEC,20260814,115.49,115.49,115.49,115.49,23
ABINFRA,20260814,11.17,11.49,10.46,10.81,1387821
ABLBL,20260814,89.97,90.24,88.65,88.77,446038
ABMINTLLTD,20260814,72.8,72.8,62.44,62.44,23052
ABMKNO,20260814,200.0,203.0,196.01,199.77,6433
ABREL,20260814,1401.0,1427.9,1381.2,1402.9,201919
ABSL10BANK,20260814,168.99,170.5,168.75,169.44,1787
ABSLAMC,20260814,1030.0,1030.0,1010.0,1011.2,61108
ABSLBANETF,20260814,59.35,59.35,58.91,59.1,21376
ABSLLIQUID,20260814,999.99,1000.01,999.99,1000.0,7248
ABSLMSCIN,20260814,30.09,30.09,29.96,29.98,953
ABSLNN50ET,20260814,78.78,78.78,78.32,78.48,4165
ABSLPSE,20260814,10.3,10.3,10.2,10.21,148689
ACC,20260814,1332.0,1332.0,1319.0,1321.4,99400
ACCELYA,20260814,1133.9,1147.9,1130.6,1139.7,3790
ACCURACY,20260814,4.81,4.98,4.61,4.83,156944
ACE,20260814,1079.1,1092.5,1076.5,1085.6,153417
ACEINTEG,20260814,17.96,17.98,17.54,17.8,3254
ACI,20260814,511.95,511.95,501.15,503.3,85513
ACL,20260814,46.8,46.8,45.6,46.14,8242
ACMESOLAR,20260814,374.55,379.0,372.15,374.1,440108
ACSTECH,20260814,50.5,52.25,49.5,49.98,590961
ACUTAAS,20260814,3111.0,3255.0,3111.0,3235.6,331013
ADANIENSOL,20260814,1588.0,1624.0,1575.0,1616.0,7047548
ADANIENT,20260814,2965.0,3048.0,2950.0,3035.1,1666749
ADANIGREEN,20260814,1319.0,1348.0,1315.1,1348.0,1093447
ADANIPORTS,20260814,1658.0,1700.0,1657.2,1700.0,1978204
ADANIPOWER,20260814,205.91,208.14,205.0,205.25,13864195
ADFFOODS,20260814,262.9,268.1,259.4,262.45,127124
ADL,20260814,70.5,71.01,68.4,69.54,2535
ADOR,20260814,1519.8,1582.2,1478.8,1538.5,74207
ADROITINFO,20260814,9.62,10.4,9.62,9.81,13544
ADSL,20260814,114.0,114.9,112.51,112.82,63785
ADVAIT,20260814,2095.0,2163.8,2080.6,2095.2,51469
ADVANCE,20260814,119.1,120.79,118.24,118.79,82889
ADVANIHOTR,20260814,51.44,53.6,51.0,52.09,62739
ADVENTHTL,20260814,142.0,144.14,139.1,141.58,92304
ADVENZYMES,20260814,301.7,308.75,299.25,304.3,343928
AEGISLOG,20260814,1244.0,1290.0,1242.0,1265.4,515288
AEGISVOPAK,20260814,273.0,274.7,267.8,269.1,403221
AEPL,20260814,15.67,15.67,15.23,15.3,26872
AEQUS,20260814,253.0,259.0,248.83,249.64,3888971
AEROENTER,20260814,126.0,129.9,121.31,127.95,555683
AEROFLEX,20260814,448.95,464.8,448.95,459.85,1134930
AERONEU,20260814,83.14,88.0,82.91,86.0,25957
AEROPLANE,20260814,191.36,195.0,188.01,192.14,319876
AETHER,20260814,1588.0,1658.0,1582.5,1625.1,262061
AFCONS,20260814,269.5,272.95,268.2,268.8,379340
AFFLE,20260814,1643.0,1676.3,1632.5,1668.8,103119
AFFORDABLE,20260814,181.89,181.89,181.89,181.89,9572
AFIL,20260814,9.76,10.0,9.61,9.68,280176
AFSL,20260814,212.1,214.22,203.0,204.67,9359
AGARIND,20260814,485.0,494.0,482.0,484.75,42780
AGARWALEYE,20260814,505.0,511.4,502.0,506.5,564021
AGI,20260814,701.9,710.7,701.9,703.8,30325
AGIIL,20260814,300.0,304.9,298.8,301.9,2533929
AGL,20260814,14.95,15.19,14.5,14.91,2095582
AGRITECH,20260814,106.12,108.8,103.0,105.49,4189
AGROPHOS,20260814,29.0,29.0,27.11,27.33,34399
AGSTRA,20260814,2.06,2.06,1.97,2.01,149391
AHCL,20260814,14.23,14.55,14.1,14.43,2724717
AHLADA,20260814,41.0,41.9,37.9,38.36,14833
AHLEAST,20260814,144.89,144.89,136.21,138.12,4836
AHLUCONT,20260814,822.0,848.0,815.15,837.35,39157
AHLWEST,20260814,521.0,555.0,521.0,550.0,409
AIAENG,20260814,4437.9,4629.9,4414.7,4482.8,97062
AIIL,20260814,579.8,583.0,561.65,564.9,94880
AIRAN,20260814,15.44,15.99,15.05,15.26,155521
AIROLAM,20260814,90.0,90.0,87.05,87.29,3802
AJANTPHARM,20260814,3620.9,3700.6,3603.1,3672.8,95494
AJAXENGG,20260814,561.0,597.4,551.15,582.2,292385
AJMERA,20260814,117.25,121.49,116.38,118.23,222043
AJOONI,20260814,3.75,4.03,3.75,3.86,302997
AKASH,20260814,26.23,26.6,24.0,24.6,51219
AKCAPIT,20260814,1732.7,1772.5,1716.6,1737.0,1694
AKG,20260814,8.3,8.8,8.3,8.72,19757
AKI,20260814,4.22,4.31,4.01,4.15,119065
AKSHAR,20260814,0.42,0.42,0.4,0.41,375652
AKSHARCHEM,20260814,310.9,310.92,299.6,305.64,49946
AKSHOPTFBR,20260814,6.98,6.99,6.55,6.65,252450
AKUMS,20260814,748.15,763.25,724.8,726.6,184803
ALANKIT,20260814,8.01,8.5,8.01,8.29,99691
ALBERTDAVD,20260814,801.9,819.0,788.45,812.5,11468
ALEMBICLTD,20260814,83.35,87.56,83.12,86.85,445111
ALGOQUANT,20260814,65.6,67.0,64.73,66.0,1250846
ALICON,20260814,745.0,749.65,708.15,719.6,58734
ALIVUS,20260814,1374.6,1394.9,1361.5,1386.7,83207
ALKALI,20260814,69.96,69.96,66.64,66.87,4994
ALKEM,20260814,5432.0,5448.0,5175.0,5368.0,635598
ALKYLAMINE,20260814,1923.1,1928.9,1904.4,1916.9,35382
ALLCARGO,20260814,10.1,10.43,9.76,10.0,22152371
ALLDIGI,20260814,814.55,817.65,812.0,813.4,3792
ALLTIME,20260814,218.69,219.79,215.0,215.54,20758
ALMONDZ,20260814,14.45,14.56,14.11,14.3,73306
ALOKINDS,20260814,11.79,11.79,11.61,11.62,1996993
ALPA,20260814,65.85,67.4,63.1,64.27,34944
ALPHA,20260814,54.64,54.64,53.87,53.97,608263
ALPHAETF,20260814,26.8,26.85,26.66,26.67,240571
ALPHAGEO,20260814,290.53,303.89,290.53,301.36,33009
ALPINETEX,20260814,60.0,61.99,58.49,58.6,300193
ALPL30IETF,20260814,28.32,28.55,28.25,28.35,142917
AMAGI,20260814,661.2,669.0,587.05,608.7,3361436
AMANTA,20260814,150.5,156.33,150.5,156.33,174084
AMBALALSA,20260814,41.3,43.49,41.3,42.27,206876
AMBER,20260814,7170.5,7350.0,7055.0,7222.0,749611
AMBICAAGAR,20260814,24.89,25.0,24.4,24.93,1234
AMBIKCO,20260814,1584.1,1610.0,1571.1,1598.6,12600
AMBUJACEM,20260814,419.6,419.85,416.0,417.5,1586889
AMDIND,20260814,57.2,58.0,54.3,54.8,60270
AMJLAND,20260814,39.0,39.74,38.6,39.36,2796
AMNPLST,20260814,195.5,204.38,187.96,193.05,10698
AMRUTANJAN,20260814,491.6,498.7,484.35,496.05,50767
ANANDRATHI,20260814,2209.0,2225.0,2167.0,2174.7,150902
ANANTRAJ,20260814,629.9,631.45,618.5,629.95,1472651
ANDHRAPAP,20260814,60.98,60.99,59.35,59.69,85980
ANDHRSUGAR,20260814,100.43,103.0,99.65,101.88,601583
ANGELONE,20260814,292.0,294.3,286.25,287.3,3898187
ANIKINDS,20260814,41.9,43.2,40.0,42.69,13305
ANKITMETAL,20260814,1.54,1.6,1.5,1.58,23856
ANMOL,20260814,10.15,10.37,9.75,10.16,83657
ANNAPURNA,20260814,157.85,157.85,150.0,152.6,63691
ANSALAPI,20260814,3.59,3.59,3.45,3.45,12792
ANTELOPUS,20260814,815.9,815.9,776.45,782.6,82586
ANTGRAPHIC,20260814,0.74,0.75,0.73,0.73,171040
ANTHEM,20260814,870.6,892.7,865.65,890.1,390266
ANUHPHR,20260814,78.0,78.0,76.0,76.21,46254
ANUP,20260814,1860.9,1868.0,1838.0,1852.8,27254
ANURAS,20260814,1214.0,1233.8,1205.0,1209.4,597433
AONEGOLD,20260814,14.2,14.2,14.0,14.1,172867
AONELIQUID,20260814,1072.78,1072.79,1072.76,1072.78,18575
AONENIFTY,20260814,10.32,10.32,10.0,10.05,148478
AONESILVER,20260814,8.84,8.96,8.71,8.82,270420
AONETMMQ50,20260814,10.45,10.49,10.4,10.42,95553
AONETOTAL,20260814,12.34,12.34,12.04,12.05,164699
APARINDS,20260814,17000.0,17118.0,16650.0,16691.0,175323
APCL,20260814,104.51,104.51,101.0,103.55,4989
APCOTEXIND,20260814,592.25,603.0,592.0,599.5,70028
APEX,20260814,425.1,441.2,403.15,426.35,9316207
APLAPOLLO,20260814,2060.0,2099.0,2037.0,2083.3,594481
APLLTD,20260814,832.2,834.4,815.4,831.25,86735
APOLLO,20260814,390.0,396.55,386.4,393.55,5445787
APOLLOHOSP,20260814,8615.0,8925.0,8588.5,8920.5,1275740
APOLLOPIPE,20260814,507.15,514.3,506.95,510.85,73725
APOLLOTYRE,20260814,444.75,446.65,440.9,444.1,274273
APOLSINHOT,20260814,1241.3,1242.0,1201.0,1208.0,833
APTECHT,20260814,94.97,94.97,90.0,92.41,61511
APTUS,20260814,253.5,253.8,249.05,250.5,784152
AQYLON,20260814,23.7,23.79,22.5,22.93,398745
ARCHIDPLY,20260814,94.62,94.62,91.56,93.3,10833
ARCHIES,20260814,14.14,14.19,13.51,13.76,24866
ARDEE,20260814,64.78,64.78,58.61,59.15,22017200
ARE&M,20260814,951.0,957.0,944.05,945.95,491377
ARENTERP,20260814,39.7,39.8,36.51,38.99,2397
ARFIN,20260814,84.96,85.45,81.4,84.05,2169848
ARIES,20260814,386.1,416.05,386.1,413.5,220076
ARIHANT,20260814,1071.6,1100.0,982.0,1048.5,4716
ARIHANTCAP,20260814,74.63,74.66,73.75,74.14,43389
ARIHANTSUP,20260814,252.0,253.8,238.05,247.55,3777
ARIS,20260814,137.1,137.15,133.65,134.09,543522
ARKADE,20260814,136.92,138.59,132.1,133.34,492099
ARMANFIN,20260814,2025.2,2044.0,1964.0,1969.4,80602
AROGRANITE,20260814,24.95,25.58,24.91,25.37,4944
ARROWGREEN,20260814,821.6,821.6,790.0,809.1,120662
ARSHIYA,20260814,0.94,0.96,0.91,0.94,77913
ARSSBL,20260814,500.0,509.05,500.0,508.2,106068
ARTEMISMED,20260814,318.3,319.0,311.85,314.75,165255
ARTNIRMAN,20260814,42.39,42.52,41.06,41.07,463
ARVEE,20260814,167.0,169.0,161.07,166.01,1929
ARVIND,20260814,552.9,578.0,538.05,571.85,1283356
ARVINDFASN,20260814,446.45,453.0,443.55,447.85,154559
ARVSMART,20260814,667.4,671.2,653.0,655.6,72163
ASAHIINDIA,20260814,898.0,947.0,893.15,939.2,643741
ASAHISONG,20260814,363.2,363.2,358.35,361.9,18049
ASAL,20260814,498.4,507.95,495.5,499.1,30947
ASALCBR,20260814,726.0,734.75,711.0,713.95,27325
ASHAPURMIN,20260814,612.0,616.5,599.25,603.45,450080
ASHIANA,20260814,362.0,364.95,356.0,362.45,39279
ASHIKAG,20260814,449.05,458.9,442.0,443.2,29616
ASHIMASYN,20260814,17.53,17.99,17.01,17.13,62391
ASHOKA,20260814,113.0,114.45,112.11,112.39,720685
ASHOKAMET,20260814,14.02,14.02,13.0,13.78,33257
ASHOKLEY,20260814,177.11,179.5,169.75,171.64,39171573
ASIANENE,20260814,399.0,399.0,366.4,374.4,1033788
ASIANHOTNR,20260814,305.0,305.0,292.45,301.65,5425
ASIANPAINT,20260814,2751.0,2751.0,2690.3,2696.3,667311
ASIANTILES,20260814,53.18,53.64,49.64,50.55,5423667
ASKAUTOLTD,20260814,645.8,655.0,641.55,644.7,148256
ASMS,20260814,7.24,7.24,6.95,7.05,127092
ASPINWALL,20260814,239.0,242.0,236.0,236.0,346
ASTAR,20260814,612.3,619.95,585.0,600.85,63
ASTEC,20260814,599.05,610.2,590.3,593.95,25874
ASTERDM,20260814,824.25,834.3,819.25,822.35,616929
ASTRAL,20260814,1592.0,1597.0,1552.2,1556.3,889819
ASTRAMICRO,20260814,1701.1,1756.0,1701.1,1739.3,361917
ASTRAZEN,20260814,7834.5,7889.5,7730.0,7753.0,5616
ASTRON,20260814,3.5,3.55,3.38,3.49,26003
ATALREAL,20260814,36.19,36.7,35.8,36.13,13879589
ATAM,20260814,54.8,59.95,54.53,59.03,78794
ATGL,20260814,655.15,661.2,652.05,654.05,469323
ATHERENERG,20260814,1530.0,1541.0,1501.9,1511.5,2250949
ATL,20260814,23.79,23.95,23.22,23.7,158605
ATLANTAA,20260814,39.5,41.0,39.5,40.02,72825
ATLANTAELE,20260814,1680.0,1734.0,1660.0,1680.8,173984
ATLASCYCLE,20260814,97.1,97.1,94.53,96.41,4117
ATUL,20260814,6891.0,6939.0,6712.0,6729.0,26831
ATULAUTO,20260814,500.0,509.85,492.3,494.6,105062
AUBANK,20260814,1098.0,1098.0,1078.6,1081.9,1009455
AURIONPRO,20260814,735.0,743.0,726.8,734.0,180111
AUROPHARMA,20260814,1662.4,1670.0,1621.9,1622.1,824842
AURUM,20260814,225.1,236.8,218.4,220.47,313585
AURUS,20260814,4.58,4.85,4.5,4.74,33812
AUSOMENT,20260814,153.9,153.9,143.0,147.06,2604
AUTOAXLES,20260814,1790.0,1813.1,1779.5,1783.0,3591
AUTOBEES,20260814,304.75,304.75,301.55,302.93,154252
AUTOIETF,20260814,29.71,30.55,29.71,30.38,440608
AUTOIND,20260814,98.27,98.27,98.27,98.27,14583
AVADHSUGAR,20260814,637.2,661.0,634.0,653.15,118094
AVALON,20260814,1939.1,1960.0,1921.7,1940.8,177125
AVANTEL,20260814,160.8,160.96,158.1,158.5,543971
AVANTIFEED,20260814,830.0,883.15,830.0,861.4,942470
AVG,20260814,209.37,210.0,200.1,205.0,8717
AVL,20260814,618.85,630.7,614.7,624.65,94353
AVONMORE,20260814,12.39,12.85,12.0,12.35,445591
AVROIND,20260814,8.6,9.0,8.21,8.63,460843
AVTNPL,20260814,71.99,82.86,69.9,81.25,2546303
AWFIS,20260814,279.0,279.9,265.4,266.55,639661
AWHCL,20260814,395.0,396.1,387.5,390.3,78530
AWL,20260814,192.0,193.0,190.3,192.16,3033920
AXISBANK,20260814,1216.0,1218.7,1208.6,1217.4,5557745
AXISCADES,20260814,1416.1,1521.1,1416.1,1484.8,578240
AXITA,20260814,7.33,7.39,7.26,7.27,239632
AYE,20260814,176.96,176.96,171.2,172.82,263036
AYMSYNTEX,20260814,261.75,276.6,258.0,266.75,110188
AZAD,20260814,2665.1,2735.0,2652.1,2717.8,621810
BAFNAPH,20260814,257.7,257.7,257.7,257.7,618
BAGFILMS,20260814,4.69,4.8,4.16,4.52,197755
BAIDFIN,20260814,9.86,10.14,9.81,9.9,87692
BAJAJ-AUTO,20260814,11698.0,11785.0,11665.0,11700.0,241415
BAJAJCON,20260814,526.0,532.55,498.0,500.6,961969
BAJAJELEC,20260814,356.6,366.75,353.5,362.4,328959
BAJAJFINSV,20260814,2033.5,2033.6,2006.6,2008.3,956605
BAJAJHCARE,20260814,333.8,334.95,326.55,329.25,48898
BAJAJHFL,20260814,84.5,84.57,84.05,84.33,1348710
BAJAJHIND,20260814,17.52,17.85,17.2,17.3,6182405
BAJAJHLDNG,20260814,11540.0,11541.0,11387.0,11475.0,31456
BAJAJINDEF,20260814,218.0,221.39,215.5,217.15,18781
BAJAJST,20260814,370.35,375.55,360.3,362.15,22523
BAJEL,20260814,195.4,195.4,187.15,188.35,136565
BAJFINANCE,20260814,1090.8,1098.5,1085.2,1087.0,4225781
BALAJEE,20260814,27.2,28.29,27.2,27.71,31846
BALAJITELE,20260814,100.5,104.38,91.1,92.38,1505126
BALAMINES,20260814,2096.1,2153.0,2075.1,2133.8,96197
BALAXI,20260814,23.6,24.23,23.53,24.0,25968
BALKRISHNA,20260814,17.41,18.0,17.0,17.54,7983
BALKRISIND,20260814,2410.0,2423.2,2350.1,2363.6,359889
BALMLAWRIE,20260814,173.5,174.48,172.15,173.43,66889
BALPHARMA,20260814,86.65,89.01,86.25,87.05,16232
BALRAMCHIN,20260814,620.95,633.4,616.25,624.85,363038
BALUFORGE,20260814,450.0,506.9,449.15,493.75,8980616
BANARBEADS,20260814,115.38,115.38,112.49,112.51,1135
BANARISUG,20260814,3475.0,3523.5,3450.0,3450.0,721
BANCOINDIA,20260814,627.0,629.9,613.35,618.1,111264
BANDHANBNK,20260814,175.5,176.3,173.51,174.55,2509360
BANG,20260814,30.0,30.5,28.24,28.57,30980
BANK10ADD,20260814,16.82,17.05,16.82,16.95,18412
BANK10BETF,20260814,20.78,21.0,20.67,21.0,511
BANKA,20260814,82.0,83.0,79.5,81.44,1410
BANKADD,20260814,59.02,59.23,58.87,59.09,33487
BANKBARODA,20260814,248.0,250.79,247.5,248.22,7812221
BANKBEES,20260814,592.01,598.63,592.01,596.37,309671
BANKBETA,20260814,59.85,59.85,59.39,59.5,118986
BANKBETF,20260814,58.65,58.75,58.33,58.54,2558
BANKETF,20260814,602.92,602.92,585.61,587.02,4017
BANKIETF,20260814,59.31,59.32,59.02,59.22,216747
BANKINDIA,20260814,145.0,145.0,143.11,144.1,3859204
BANKNIFTY1,20260814,61.38,61.38,59.59,59.77,72250
BANKPSU,20260814,88.39,88.59,87.92,87.99,6062
BANSALWIRE,20260814,325.95,325.95,316.6,318.25,58785
BANSWRAS,20260814,121.04,123.0,112.06,116.03,124733
BASF,20260814,4144.9,4158.5,4050.0,4077.9,25080
BASML,20260814,24.88,25.1,23.69,24.74,53417
BATAINDIA,20260814,732.45,767.95,725.4,755.7,2120239
BATLIBOI,20260814,88.45,90.4,87.25,89.56,34795
BAYERCROP,20260814,4095.0,4115.6,4036.2,4045.8,21236
BBETF0432,20260814,1350.92,1360.0,1350.92,1355.15,7626
BBL,20260814,2319.9,2319.9,2280.2,2284.8,24593
BBNPNBETF,20260814,58.4,58.98,57.76,57.89,1194
BBNPPGOLD,20260814,146.35,146.9,144.8,146.2,2439
BBOX,20260814,841.0,841.0,790.0,795.85,784114
BBTC,20260814,1478.9,1491.4,1464.9,1468.2,23135
BBTCL,20260814,237.0,252.55,231.25,244.64,46603
BCG,20260814,9.69,10.08,9.61,9.93,8073215
BCLIND,20260814,36.45,36.94,35.52,35.63,515345
BCONCEPTS,20260814,164.3,171.83,157.55,159.02,36170
BCPL,20260814,68.05,77.2,68.05,72.84,44007
BDL,20260814,1381.6,1419.8,1347.3,1398.0,8457532
BEARDSELL,20260814,24.9,25.9,24.56,24.72,31806
BECTORFOOD,20260814,238.22,245.5,237.17,240.37,1285215
BEDMUTHA,20260814,114.5,115.0,111.01,113.63,2165
BEEKAY,20260814,445.35,461.95,430.0,435.35,3085
BEL,20260814,410.45,412.5,408.25,410.8,7388147
BELLACASA,20260814,237.39,237.4,214.68,223.74,40771
BELRISE,20260814,254.39,261.0,251.17,255.35,5210897
BEML,20260814,1915.0,1925.7,1869.1,1874.4,171580
BENGALASM,20260814,6090.5,6237.5,6090.5,6210.0,126
BEPL,20260814,122.6,124.19,121.7,123.7,742282
BERGEPAINT,20260814,547.0,561.0,543.0,545.1,891866
BESTAGRO,20260814,19.48,19.48,18.53,18.87,860444
BETA,20260814,2600.0,2600.0,2473.0,2550.7,14886
BFINVEST,20260814,468.6,499.0,456.6,463.45,216730
BFSI,20260814,28.02,28.02,27.25,27.3,124394
BFUTILITIE,20260814,559.3,564.0,525.0,533.6,527106
BGRENERGY,20260814,256.05,262.0,256.05,257.45,30954
BHAGCHEM,20260814,277.0,292.35,275.1,289.85,74053
BHAGERIA,20260814,202.98,204.9,194.0,199.25,30048
BHAGYANGR,20260814,361.1,381.0,357.6,364.3,162486
BHANDARI,20260814,2.92,2.96,2.82,2.86,144790
BHARATCOAL,20260814,33.9,33.98,33.64,33.69,2039542
BHARATFORG,20260814,2088.0,2090.7,2052.6,2065.0,804954
BHARATGEAR,20260814,103.0,103.95,102.6,103.28,12965
BHARATRAS,20260814,1330.0,1349.0,1298.0,1302.6,34607
BHARATSE,20260814,248.5,251.78,242.36,248.05,421271
BHARATWIRE,20260814,191.93,191.93,185.0,188.01,106265
BHARTIARTL,20260814,1939.1,2005.8,1932.0,1992.1,12282580
BHARTIHEXA,20260814,1558.0,1633.7,1553.1,1621.1,349991
BHEL,20260814,419.95,430.0,416.55,421.7,11362612
BI,20260814,69.94,76.81,68.5,76.81,121676
BIGBLOC,20260814,46.0,46.0,44.62,44.95,47243
BIKAJI,20260814,617.95,622.0,607.95,613.3,282263
BIL,20260814,839.8,850.0,810.0,837.4,19545
BILVYAPAR,20260814,4.1,4.29,4.1,4.14,5758
BIMETAL,20260814,629.05,633.0,625.0,628.6,315
BIOCON,20260814,418.0,420.8,413.15,417.0,3992844
BIOFILCHEM,20260814,32.0,32.75,31.8,31.84,2776
BIRLACABLE,20260814,297.0,304.0,287.85,288.44,238984
BIRLACORPN,20260814,898.5,908.7,896.65,904.9,25173
BIRLAMONEY,20260814,132.6,134.0,131.0,131.88,26744
BIRLANU,20260814,1625.0,1673.6,1545.2,1555.2,23294
BIRLAPREC,20260814,39.35,39.35,35.3,35.92,60302
BLACKBUCK,20260814,578.2,582.55,568.1,571.15,197304
BLACKROSE,20260814,100.5,106.89,100.0,104.81,25608
BLAL,20260814,171.42,172.9,169.81,171.49,12013
BLBLIMITED,20260814,16.45,16.59,15.75,15.96,81886
BLIL,20260814,71.49,71.49,70.52,70.94,42420
BLISSGVS,20260814,522.0,530.8,496.1,519.25,390435
BLKASHYAP,20260814,52.0,52.54,51.31,51.62,281200
BLS,20260814,269.32,279.11,268.55,278.12,3214940
BLSE,20260814,314.0,317.7,309.55,314.25,842849
BLUECHIP,20260814,1.81,1.81,1.81,1.81,32318
BLUECOAST,20260814,25.05,25.05,23.74,24.49,1345
BLUEDART,20260814,5160.0,5280.0,5070.0,5141.0,22745
BLUEJET,20260814,597.2,599.25,582.95,584.5,571595
BLUESTARCO,20260814,1514.0,1527.5,1497.1,1508.0,322229
BLUESTONE,20260814,874.3,888.3,835.0,845.25,2362537
BLUSPRING,20260814,116.45,116.45,107.44,111.07,771500
BMWVENTLTD,20260814,57.98,58.08,56.31,57.29,55064
BNAGROCHEM,20260814,245.3,245.3,243.95,244.95,513
BNALTD,20260814,385.1,385.1,380.0,380.0,223
BNKETFAXIS,20260814,595.1,595.34,592.03,595.34,22
BODALCHEM,20260814,68.39,69.0,67.05,68.48,58847
BOHRAIND,20260814,14.55,15.55,14.55,14.84,2541
BOMDYEING,20260814,116.2,116.45,114.0,114.4,278685
BONLON,20260814,43.9,43.9,40.66,42.44,3612
BORANA,20260814,320.0,326.8,302.05,319.95,28797
BOROLTD,20260814,242.7,245.69,237.05,238.55,40301
BORORENEW,20260814,582.8,582.8,568.2,577.05,280169
BOROSCI,20260814,135.44,136.79,133.5,133.92,26600
BOSCH-HCIL,20260814,1677.0,1693.0,1640.1,1654.2,36479
BOSCHLTD,20260814,46810.0,47315.0,46480.0,47100.0,33575
BPCL,20260814,314.85,319.45,314.05,319.45,8035947
BPL,20260814,51.95,51.95,48.82,49.54,110780
BRIGADE,20260814,593.0,605.9,585.1,591.55,448246
BRIGHOTEL,20260814,59.22,59.99,58.8,59.66,59039
BRITANNIA,20260814,5614.5,5630.0,5550.0,5558.0,246713
BRNL,20260814,17.51,17.98,17.31,17.42,17554
BROOKS,20260814,63.02,64.9,62.32,62.41,34218
BSE,20260814,3501.0,3502.0,3435.0,3447.0,3018212
BSE500IETF,20260814,40.32,40.32,39.8,40.01,71412
BSHSL,20260814,91.0,91.0,87.3,88.95,21088
BSL,20260814,122.08,123.49,122.0,122.45,2049
BSLGOLDETF,20260814,132.76,133.26,131.85,133.19,163430
BSLNIFTY,20260814,29.35,29.35,28.3,28.66,763106
BSLSENETFG,20260814,76.58,79.5,76.58,78.14,1274
BSOFT,20260814,316.0,320.4,311.0,312.05,561496
BTML,20260814,8.8,8.97,8.3,8.82,1063014
BTTL,20260814,42.74,43.19,40.75,43.0,3076
BUILDPRO,20260814,1287.4,1287.9,1245.0,1248.6,40023
BURNPUR,20260814,18.32,18.32,18.32,18.32,4498
BUTTERFLY,20260814,681.3,685.95,670.05,677.9,7693
BVCL,20260814,41.0,41.39,40.57,40.98,4219
BYKE,20260814,31.0,31.45,31.0,31.2,14054
CALSOFT,20260814,24.6,24.6,24.6,24.6,151900
CAMLINFINE,20260814,108.0,109.64,101.15,103.76,2698158
CAMPUS,20260814,220.0,220.29,217.95,218.4,205173
CAMS,20260814,776.0,776.0,761.3,762.25,880470
CANBK,20260814,131.8,131.8,127.77,131.25,10082358
CANFINHOME,20260814,822.0,823.15,815.1,820.8,90795
CANHLIFE,20260814,150.31,150.47,148.23,148.71,187916
CANTABIL,20260814,231.29,242.9,229.68,237.78,415090
CAPACITE,20260814,209.54,215.4,208.96,214.53,374962
CAPILLARY,20260814,536.25,544.8,531.0,538.05,398221
CAPITALSFB,20260814,291.5,293.7,283.05,285.7,35013
CAPLIPOINT,20260814,2502.8,2519.7,2460.6,2480.5,56745
CAPTRUST,20260814,21.65,21.69,20.03,21.23,143923
CARBORUNIV,20260814,1179.2,1179.2,1132.3,1151.6,227617
CARERATING,20260814,1732.0,1732.0,1699.3,1717.4,18199
CARRARO,20260814,524.55,528.85,512.3,514.65,63299
CARTRADE,20260814,2760.1,2804.5,2726.6,2797.8,177887
CARYSIL,20260814,1207.3,1258.9,1175.2,1179.8,263338
CASHIETF,20260814,1075.47,1075.49,1075.47,1075.49,351821
CASTROLIND,20260814,187.39,188.0,186.52,186.82,1409953
CCAVENUE,20260814,15.65,15.72,15.3,15.43,8361344
CCCL,20260814,15.2,16.35,15.16,16.0,438225
CCHHL,20260814,12.41,12.59,12.17,12.23,25622
CCL,20260814,1143.0,1143.8,1130.1,1133.4,50093
CDSL,20260814,1355.0,1358.3,1338.3,1344.4,482964
CEATLTD,20260814,3696.0,3715.8,3663.1,3688.8,34048
CEIGALL,20260814,320.0,325.2,315.1,318.4,115105
CEINSYS,20260814,806.9,831.9,775.65,817.7,133155
CELEBRITY,20260814,6.95,6.99,6.73,6.77,16666
CELLO,20260814,371.9,379.75,368.45,377.6,543154
CEMNTGROWW,20260814,15.36,15.36,14.78,15.0,208476
CEMPRO,20260814,1243.2,1298.8,1243.2,1298.8,305460
CENTENKA,20260814,582.0,585.45,566.0,569.15,50424
CENTEXT,20260814,22.0,22.0,19.8,21.29,593271
CENTRALBK,20260814,31.36,31.48,31.3,31.4,3453194
CENTRUM,20260814,25.11,26.49,24.65,25.77,356039
CENTUM,20260814,3700.0,3874.0,3512.5,3538.5,175313
CENTURYPLY,20260814,763.7,767.4,754.0,756.55,28704
CERA,20260814,5950.0,5979.0,5757.0,5872.0,57050
CEREBRAINT,20260814,2.63,2.67,2.55,2.57,79075
CESC,20260814,166.74,172.0,165.6,167.83,5557236
CEWATER,20260814,265.0,273.2,261.0,264.65,121649
CGCL,20260814,231.0,233.87,225.81,226.52,2235455
CGPOWER,20260814,886.55,892.55,878.2,890.15,1539330
CHALET,20260814,826.0,828.0,814.35,825.1,71318
CHAMBLFERT,20260814,442.5,444.8,441.35,442.7,204506
CHEMBOND,20260814,179.95,180.0,171.0,178.85,2395
CHEMBONDCH,20260814,272.34,277.99,266.5,269.06,12873
CHEMCON,20260814,190.0,192.89,188.52,191.14,13896
CHEMFAB,20260814,376.9,379.45,371.65,375.8,1831
CHEMICAL,20260814,31.0,31.02,30.69,30.8,816455
CHEMPLASTS,20260814,182.26,188.0,179.56,184.1,288034
CHENNPETRO,20260814,1341.8,1368.8,1311.0,1321.9,755166
CHEVIOT,20260814,1165.2,1166.0,1148.0,1159.0,764
CHOICEGOLD,20260814,150.44,150.61,146.6,150.04,8345
CHOICEIN,20260814,813.0,816.5,803.0,804.35,359840
CHOLAFIN,20260814,1900.1,1913.7,1885.0,1894.4,626875
CHOLAHLDNG,20260814,1583.7,1642.7,1560.4,1597.2,730857
CIEINDIA,20260814,410.0,412.0,406.6,407.75,180153
CIFL,20260814,22.22,22.28,20.95,21.17,146283
CINELINE,20260814,90.1,90.79,89.2,89.79,5534
CINEVISTA,20260814,15.25,15.25,14.7,14.72,819
CIPLA,20260814,1457.5,1474.3,1449.2,1450.0,784917
CLCIND,20260814,49.99,51.0,48.11,50.43,23324
CLEAN,20260814,842.0,843.85,818.15,821.5,331921
CLEANMAX,20260814,1247.0,1281.9,1240.1,1248.5,68805
CLEDUCATE,20260814,59.11,60.0,56.88,58.85,22999
CLSEL,20260814,280.0,282.3,270.3,278.45,44815
CMLL,20260814,550.0,550.0,520.25,526.85,351891
CMPDI,20260814,240.9,242.72,236.45,237.25,584039
CMRGREEN,20260814,218.49,219.31,212.0,213.57,614699
CMSINFO,20260814,265.95,267.95,262.0,263.45,910556
CNL,20260814,1232.1,1253.1,1206.1,1243.0,51192
COALINDIA,20260814,409.8,410.4,405.6,407.1,5000302
COASTCORP,20260814,41.7,44.27,40.87,41.82,203473
COCHINSHIP,20260814,1509.1,1524.2,1485.0,1496.5,1027659
COCKERILL,20260814,8624.0,9040.0,8222.0,8578.5,115890
COFFEEDAY,20260814,29.49,29.59,28.51,28.82,384023
COFORGE,20260814,1830.0,1836.4,1804.2,1812.0,1580043
COHANCE,20260814,444.95,448.7,438.5,440.65,388718
COLPAL,20260814,1985.5,1989.2,1971.3,1981.0,153432
COMFINTE,20260814,6.57,6.77,6.5,6.63,189750
COMMOIETF,20260814,100.52,100.68,99.7,100.06,21474
COMPINFO,20260814,1.1,1.13,1.04,1.1,29034
COMPUSOFT,20260814,13.2,13.4,13.02,13.09,22945
COMSYN,20260814,289.99,290.39,278.1,288.33,398994
CONCOR,20260814,535.0,543.7,527.0,527.0,2639193
CONCORDBIO,20260814,1461.6,1461.6,1428.0,1451.3,115788
CONFIPET,20260814,73.96,73.96,71.56,71.99,1331828
CONS,20260814,12.5,12.6,12.46,12.55,20896
CONSOFINVT,20260814,272.0,276.9,270.0,270.0,2302
CONSUMAXIS,20260814,124.99,125.44,124.81,125.44,310
CONSUMBEES,20260814,135.25,135.66,134.85,135.52,51690
CONSUMER,20260814,12.26,12.33,12.24,12.29,566449
CONSUMIETF,20260814,126.21,126.25,125.44,126.0,15056
CONTROLPR,20260814,570.45,590.95,566.8,584.65,28911
CORALFINAC,20260814,33.73,34.34,32.16,33.06,378398
CORDELIA,20260814,844.8,845.95,833.0,837.85,45213
CORDSCABLE,20260814,224.8,224.99,214.51,218.51,50368
COROMANDEL,20260814,2088.0,2106.0,2075.1,2095.3,85771
CORONA,20260814,2113.2,2180.9,2113.2,2137.1,41202
COSMOFIRST,20260814,919.0,950.0,917.05,938.35,153451
COUNCODOS,20260814,6.25,6.5,6.25,6.45,92456
CPCAP,20260814,139.35,142.0,125.0,126.57,72907
CPEDU,20260814,208.29,211.79,203.5,204.84,11138
CPL,20260814,69.95,70.65,68.0,68.36,146727
CPPLUS,20260814,3575.0,3616.6,3519.0,3519.0,68933
CPSEETF,20260814,94.2,94.57,93.75,93.85,548323
CRAFTSMAN,20260814,10370.0,10474.0,10205.0,10251.0,16667
CRAMC,20260814,256.1,258.9,255.7,256.2,126260
CREATIVEYE,20260814,6.08,6.4,6.08,6.2,11448
CREDITACC,20260814,1540.0,1566.9,1537.0,1549.4,306423
CREST,20260814,372.0,372.0,355.35,360.8,2082
CRISIL,20260814,4447.6,4482.8,4428.2,4475.9,14615
CRIZAC,20260814,181.0,181.69,177.38,179.32,169851
CROMPTON,20260814,245.1,248.5,243.15,248.3,1750971
CROWN,20260814,109.41,110.0,107.16,107.94,4161
CSBBANK,20260814,323.75,324.55,319.0,319.8,197144
CSLFINANCE,20260814,220.98,222.95,214.56,219.0,16143
CSM,20260814,100.94,102.48,100.0,100.71,219390
CTE,20260814,37.8,39.19,36.7,38.83,13900
CUB,20260814,209.25,212.0,208.01,208.64,1351730
CUBEXTUB,20260814,82.6,83.75,81.0,82.6,62184
CUMMINSIND,20260814,5348.0,5426.0,5339.5,5400.0,415052
CUPID,20260814,295.0,299.0,288.01,293.88,25656653
CURAA,20260814,70.9,79.31,70.3,71.35,354
CYBERMEDIA,20260814,16.78,16.9,16.25,16.49,9624
CYBERTECH,20260814,136.2,137.89,132.5,133.94,8668
CYIENT,20260814,875.0,883.85,862.15,867.05,209193
CYIENTDLM,20260814,725.9,725.9,690.0,696.65,391201
DABUR,20260814,408.0,410.45,405.25,405.25,1463543
DAICHI,20260814,335.0,339.8,314.0,336.25,16340
DALBHARAT,20260814,1843.7,1849.0,1822.3,1842.0,83214
DALMIASUG,20260814,430.9,441.75,416.65,422.4,434147
DAMCAPITAL,20260814,148.0,148.83,144.9,145.32,193149
DAMODARIND,20260814,28.0,28.9,27.19,27.5,4759
DANGEE,20260814,2.93,2.99,2.9,2.95,21904
DATAMATICS,20260814,866.0,907.0,862.65,866.25,279870
DATAPATTNS,20260814,4545.0,4623.3,4440.0,4455.8,444565
DAVANGERE,20260814,3.0,3.03,2.99,3.01,2489864
DBCORP,20260814,212.88,212.88,210.0,211.48,68092
DBEIL,20260814,7.23,7.28,7.1,7.11,74032
DBL,20260814,414.0,420.3,411.0,412.35,139760
DBOL,20260814,119.99,122.8,118.05,119.8,331361
DBREALTY,20260814,112.98,114.0,111.5,111.91,312740
DBSTOCKBRO,20260814,32.64,33.9,32.63,32.63,57055
DCAL,20260814,199.0,200.97,188.31,190.66,231995
DCBBANK,20260814,186.23,187.77,181.49,182.04,1196744
DCI,20260814,369.05,385.2,362.0,365.1,22771
DCM,20260814,82.0,84.2,81.8,82.66,8000
DCMFINSERV,20260814,5.83,5.83,5.05,5.31,47606
DCMNVL,20260814,177.05,179.98,176.01,179.27,10075
DCMSHRIRAM,20260814,1009.0,1030.0,1002.1,1024.7,81052
DCMSIL,20260814,84.0,84.49,80.01,82.36,37414
DCMSRIND,20260814,41.3,43.13,41.3,42.24,169375
DCW,20260814,45.0,45.15,43.7,44.05,2073365
DCXINDIA,20260814,171.59,177.5,170.5,176.19,733083
DDEVPLSTIK,20260814,286.9,288.65,276.0,276.95,256177
DECCANCE,20260814,542.1,550.6,541.8,545.35,7200
DECNGOLD,20260814,228.0,238.5,223.65,225.46,4248141
DEEDEV,20260814,634.0,641.15,622.0,631.95,79097
DEEPAKFERT,20260814,1462.0,1505.9,1456.0,1496.4,547795
DEEPAKNTR,20260814,1709.9,1749.9,1694.0,1723.2,234652
DEEPINDS,20260814,670.0,681.3,661.25,668.7,180967
DEFENCE,20260814,82.21,82.68,81.69,82.46,140285
DELHIVERY,20260814,466.95,469.6,459.7,459.7,1469446
DELPHIFX,20260814,6.8,6.8,6.42,6.66,50288
DELTACORP,20260814,61.05,61.22,60.45,60.54,452173
DELTAMAGNT,20260814,57.47,59.9,57.47,58.5,4451
DEN,20260814,27.7,27.75,27.17,27.51,217501
DENORA,20260814,845.0,857.85,837.5,839.8,873
DENTA,20260814,311.0,318.7,293.3,295.75,414592
DEVIT,20260814,26.35,27.8,25.88,26.09,82509
DEVX,20260814,34.15,34.15,32.75,32.85,144691
DEVYANI,20260814,138.5,145.0,138.25,143.76,10735853
DGCONTENT,20260814,24.85,25.48,24.35,24.57,48640
DHAMPURSUG,20260814,161.99,168.63,160.1,160.93,575804
DHANBANK,20260814,32.4,32.5,32.17,32.34,463383
DHANUKA,20260814,1010.1,1015.9,1005.0,1009.7,15110
DHARAN,20260814,0.17,0.17,0.16,0.16,11337112
DHARMAJ,20260814,273.05,277.2,268.4,270.15,25569
DHRUV,20260814,24.5,24.79,23.0,23.97,10308
DHUNINV,20260814,1060.0,1084.8,1045.0,1063.5,4490
DIACABS,20260814,368.0,372.9,354.05,368.5,1892463
DIAMINESQ,20260814,240.0,252.0,238.04,242.06,5585
DIAMONDYD,20260814,1187.8,1195.0,1167.1,1191.4,19266
DICIND,20260814,569.1,589.0,558.0,569.25,30634
DIFFNKG,20260814,391.15,405.0,388.15,391.95,193638
DIGIDRIVE,20260814,17.9,17.9,17.0,17.3,5922
DIGISPICE,20260814,17.31,17.95,17.0,17.06,72379
DIGITIDE,20260814,102.06,103.0,99.75,100.09,318380
DIGJAMLMTD,20260814,49.48,51.0,47.37,50.38,20735
DISAQ,20260814,11730.0,11737.0,11399.0,11661.0,788
DISHTV,20260814,2.82,2.85,2.8,2.82,768098
DIVGIITTS,20260814,1229.9,1318.8,1219.35,1301.05,598493
DIVIDEND,20260814,36.26,36.26,35.84,35.97,10542
DIVISLAB,20260814,8499.5,8574.5,8465.5,8477.0,340336
DIVOPPBEES,20260814,79.01,79.72,78.65,78.97,18943
DIXON,20260814,14009.0,14209.0,13999.0,14130.0,206105
DJML,20260814,115.0,115.0,101.2,106.78,476551
DLF,20260814,664.0,669.85,659.6,665.0,1527565
DLINKINDIA,20260814,418.8,427.15,416.1,420.45,104316
DMART,20260814,4074.8,4098.9,4038.0,4060.0,357867
DMCC,20260814,301.5,305.5,291.25,294.15,51685
DNAMEDIA,20260814,2.76,2.76,2.62,2.62,18927
DODLA,20260814,1109.8,1134.7,1099.3,1109.4,47158
DOLATALGO,20260814,69.53,71.0,68.84,69.4,67191
DOLLAR,20260814,272.0,280.2,271.1,273.5,113741
DOLPHIN,20260814,487.0,515.0,475.3,508.1,56783
DOMS,20260814,2230.5,2242.9,2202.3,2215.9,19246
DONEAR,20260814,85.1,94.1,84.16,87.28,84772
DPABHUSHAN,20260814,1366.9,1437.0,1340.0,1429.3,35766
DPSCLTD,20260814,7.36,7.44,7.2,7.32,62112
DPWIRES,20260814,167.0,167.99,160.2,162.39,9513
DRAGARWQ,20260814,5420.5,5427.5,5250.0,5403.0,1343
DRCSYSTEMS,20260814,12.94,12.98,12.66,12.79,19607
DREAMFOLKS,20260814,65.2,67.5,65.2,66.71,78829
DREDGECORP,20260814,1069.7,1190.0,1058.2,1166.4,1436038
DRREDDY,20260814,1205.9,1205.9,1192.4,1200.0,2136998
DSFCL,20260814,25.0,25.49,25.0,25.25,22456
DSKULKARNI,20260814,13.3,13.3,13.3,13.3,98
DSSL,20260814,1199.1,1230.0,1196.4,1196.4,54624
DTIL,20260814,138.4,138.4,134.32,135.52,3333
DUCON,20260814,3.02,3.17,3.02,3.09,188269
DVL,20260814,279.0,279.0,266.04,266.99,19218
DWARKESH,20260814,42.85,44.48,42.71,42.95,1215110
DYCL,20260814,455.0,472.95,447.1,450.2,614949
DYNAMATECH,20260814,10846.0,11300.0,10612.0,11188.0,25144
DYNPRO,20260814,236.35,236.75,229.1,231.85,15097
E2E,20260814,641.05,666.75,636.0,666.75,1171587
EASEMYTRIP,20260814,6.25,6.44,6.19,6.4,20584423
EASTSILK,20260814,59.56,59.56,59.56,59.56,310
EBANK10,20260814,16.94,16.94,16.8,16.86,270
EBANKNIFTY,20260814,58.04,58.25,58.04,58.22,119
EBBETF0430,20260814,1619.0,1619.0,1611.0,1613.9,4518
EBBETF0431,20260814,1444.0,1444.0,1441.2,1442.32,5099
EBBETF0433,20260814,1318.29,1322.74,1316.03,1316.79,8149
EBGNG,20260814,572.0,579.5,560.85,565.2,181918
ECAPINSURE,20260814,23.93,23.93,23.65,23.76,25274
ECLERX,20260814,1879.0,1925.4,1862.1,1897.0,179772
ECOSMOBLTY,20260814,115.06,123.0,113.51,120.26,180593
EDELWEISS,20260814,125.0,126.0,121.55,121.98,2099538
EFCIL,20260814,177.25,182.08,177.25,179.92,293333
EGOLD,20260814,151.4,151.4,149.8,151.2,57533
EICHERMOT,20260814,8100.0,8143.0,8030.0,8066.5,297145
EIDPARRY,20260814,782.65,801.3,772.65,775.2,419179
EIEL,20260814,203.0,204.12,195.67,196.73,895050
EIFFL,20260814,284.95,288.0,269.2,274.7,11180
EIHAHOTELS,20260814,298.95,301.4,293.6,299.25,10893
EIHOTEL,20260814,298.8,302.05,298.3,300.35,144245
EIMCOELECO,20260814,1910.0,2019.9,1900.0,2005.5,179460
EKC,20260814,113.9,113.9,108.5,110.41,557041
ELANTAS,20260814,11499.0,12320.0,11351.0,11807.5,5875
ELCIDIN,20260814,110350.0,112115.0,108815.0,110390.0,19
ELDEHSG,20260814,769.7,778.95,756.0,759.3,1819
ELECON,20260814,440.6,445.2,425.2,432.35,406869
ELECTCAST,20260814,72.79,73.1,70.46,70.74,864467
ELECTHERM,20260814,1012.2,1028.6,995.0,1003.5,8897
ELGIEQUIP,20260814,590.0,619.0,585.0,609.5,6010479
ELGIRUBCO,20260814,59.0,60.05,56.3,58.33,65656
ELIN,20260814,100.32,106.0,97.55,101.55,1012733
ELIQUID,20260814,1043.81,1043.83,1043.81,1043.82,14208
ELITECON,20260814,16.92,17.35,16.76,17.17,561983
ELLEN,20260814,340.05,343.95,330.0,332.6,690288
ELM250,20260814,17.05,17.19,16.82,16.91,50221
ELMDIV,20260814,36.99,37.35,36.75,36.87,2669
ELPROINTL,20260814,174.02,175.62,174.02,174.85,6400
EMAMILTD,20260814,401.95,407.4,401.15,403.3,288917
EMAMIPAP,20260814,111.99,111.99,108.56,109.16,27550
EMAMIREAL,20260814,75.39,76.3,74.37,75.27,10815
EMBDL,20260814,62.1,62.4,61.5,61.62,965314
EMCURE,20260814,2009.6,2012.0,1925.0,1932.3,132011
EMETAL,20260814,13.19,13.28,12.85,12.96,8984
EMIL,20260814,191.78,194.5,186.1,189.44,3872427
EMKAY,20260814,238.11,242.5,234.49,237.11,22111
EMMBI,20260814,85.85,86.5,84.0,85.72,5668
EMMVEE,20260814,322.0,323.0,317.0,321.5,1100704
EMPOWER,20260814,2.09,2.09,2.09,2.09,2760023
EMSLIMITED,20260814,375.65,376.55,359.05,362.7,214118
EMUDHRA,20260814,532.15,532.15,516.1,518.8,48785
EMULTIMQ,20260814,42.38,42.38,42.03,42.29,30176
ENDURANCE,20260814,2920.0,2985.5,2878.0,2899.0,204866
ENERGY,20260814,39.01,39.01,38.7,38.78,120297
ENERGYDEV,20260814,16.58,17.7,16.26,16.85,49668
ENEXT50,20260814,75.0,75.0,73.37,73.92,1332
ENGINERSIN,20260814,245.5,253.4,241.3,243.68,7323273
ENIFTY,20260814,24.61,24.64,24.48,24.63,2081
ENIL,20260814,102.93,102.93,100.6,101.01,33401
ENRIN,20260814,3561.1,3619.0,3522.8,3536.3,190991
ENTERO,20260814,1456.8,1462.0,1411.7,1416.6,66873
EPACK,20260814,219.2,221.96,214.1,215.47,218167
EPACKPEB,20260814,239.95,239.95,225.6,229.7,1122008
EPIGRAL,20260814,1124.7,1124.7,1091.0,1098.4,88349
EPL,20260814,247.8,252.5,243.0,244.6,1971775
EQUAL200,20260814,14.07,14.08,14.02,14.05,25510
EQUAL50,20260814,337.69,338.15,337.0,337.0,2658
EQUAL50ADD,20260814,347.91,349.75,347.71,349.22,10120
EQUIPPP,20260814,21.1,21.69,20.61,21.5,10515
EQUITASBNK,20260814,76.0,76.01,74.26,74.52,1914335
ERIS,20260814,1381.0,1381.0,1356.2,1358.5,39198
ESABINDIA,20260814,6222.0,6471.0,6179.5,6232.0,26609
ESAFSFB,20260814,40.35,40.6,37.76,38.62,706588
ESCORTS,20260814,3080.0,3119.0,3080.0,3113.7,33698
ESENSEX,20260814,81.73,81.73,78.35,78.75,6701
ESG,20260814,41.97,42.09,41.9,42.06,15714
ESILVER,20260814,235.57,235.57,227.58,231.22,19930
ESSARSHPNG,20260814,19.48,19.94,17.24,17.49,1168596
ESSENTIA,20260814,1.52,1.52,1.38,1.38,21721251
ESTER,20260814,102.15,104.0,100.0,101.02,291340
ETERNAL,20260814,317.8,325.0,316.8,318.5,30147388
ETHOSLTD,20260814,2870.0,2870.0,2732.3,2747.4,14010
EUREKAFORB,20260814,444.8,446.2,429.55,442.75,248786
EUROBOND,20260814,168.3,168.3,157.5,158.44,10950
EUROPRATIK,20260814,285.35,290.0,282.0,287.4,109371
EUROTEXIND,20260814,13.4,13.92,13.4,13.92,209
EVEREADY,20260814,359.45,362.0,351.55,356.5,42703
EVERESTIND,20260814,471.8,471.8,455.25,456.65,5609
EVIETF,20260814,34.42,34.42,34.08,34.12,264133
EVINDIA,20260814,34.46,34.46,34.1,34.16,154187
EXCELINDUS,20260814,1035.0,1035.0,974.35,1013.65,34333
EXCELSOFT,20260814,75.0,75.07,73.6,73.96,296236
EXICOM,20260814,151.25,153.27,148.51,151.79,718365
EXIDEIND,20260814,484.5,486.9,475.2,476.1,1563140
EXPLEOSOL,20260814,821.5,837.0,808.0,815.95,22113
EXXARO,20260814,6.29,6.29,6.12,6.19,61847
FABTECH,20260814,147.0,149.83,143.61,147.77,90677
FACT,20260814,819.9,831.6,794.55,807.7,385151
FAIRCHEMOR,20260814,701.4,701.5,701.4,701.4,15290
FAZE3Q,20260814,494.75,510.0,482.35,487.35,61021
FCL,20260814,41.66,43.5,41.66,43.36,9160593
FCSSOFT,20260814,1.41,1.52,1.39,1.49,5045957
FDC,20260814,359.55,362.85,352.85,354.2,110958
FEDDERSHOL,20260814,41.0,42.5,40.16,42.18,196967
FEDERALBNK,20260814,352.0,354.6,351.05,351.3,2420967
FEDFINA,20260814,152.1,153.96,150.5,150.87,554779
FEL,20260814,0.4,0.4,0.39,0.39,157741
FELDVR,20260814,2.25,2.36,2.25,2.36,922
FERMENTA,20260814,467.0,467.0,442.0,450.05,153117
FIBERWEB,20260814,30.0,30.0,28.9,29.02,9861
FIEMIND,20260814,2419.5,2439.9,2321.0,2350.4,269801
FILATEX,20260814,81.71,83.39,81.0,81.39,1406935
FILATFASH,20260814,0.18,0.19,0.18,0.18,15687091
FINCABLES,20260814,1249.3,1283.95,1231.65,1246.85,1271289
FINEORG,20260814,5166.0,5311.8,5126.7,5143.8,26767
FINIETF,20260814,33.62,33.62,33.2,33.27,251280
FINKURVE,20260814,63.7,75.39,62.19,72.74,812183
FINOPB,20260814,158.0,158.0,149.0,150.24,1323230
FINPIPE,20260814,162.5,162.87,158.84,159.24,345404
FIRSTCRY,20260814,220.0,222.5,204.75,206.09,4052569
FISCHER,20260814,38.95,39.74,38.16,38.64,438494
FIVESTAR,20260814,544.0,552.95,535.1,550.2,336043
FLAIR,20260814,256.3,256.3,251.0,253.9,51300
FLEXIADD,20260814,10.3,10.6,10.25,10.33,56842
FLEXITUFF,20260814,3.26,3.26,3.15,3.19,31307
FLFL,20260814,1.21,1.24,1.17,1.2,66220
FLUOROCHEM,20260814,4752.4,4898.0,4713.5,4737.8,476419
FMCGADD,20260814,48.92,49.15,48.81,48.89,2827
FMCGIETF,20260814,52.66,52.66,52.26,52.36,2050319
FMGOETZE,20260814,472.0,478.4,452.65,457.25,68948
FMNL,20260814,9.5,9.5,9.02,9.18,2450
FOCUS,20260814,67.6,67.6,65.05,66.44,19503
FOODSIN,20260814,53.05,58.8,53.05,57.21,259035
FORCEMOT,20260814,18539.0,18666.0,18318.0,18361.0,48067
FORTIS,20260814,905.9,929.0,897.6,929.0,1535625
FOSECOIND,20260814,5900.0,5900.0,5405.0,5655.0,41929
FRACTAL,20260814,809.0,838.0,784.35,834.35,509055
FRONTSP,20260814,1330.0,1338.2,1302.2,1330.3,34616
FSL,20260814,273.65,273.65,266.1,267.1,793587
FUSION,20260814,205.25,206.56,194.5,198.55,1055366
GABRIEL,20260814,1440.0,1471.2,1440.0,1459.0,117649
GAEL,20260814,170.02,174.95,168.1,172.81,1307854
GAIL,20260814,175.4,175.4,173.45,174.9,4645490
GALAPREC,20260814,1020.0,1027.8,995.0,1000.6,19775
GALAXYSURF,20260814,2412.5,2508.4,2391.2,2508.4,632628
GALLANTT,20260814,581.25,590.0,574.05,582.05,80082
GANDHAR,20260814,243.03,247.66,241.0,245.57,807585
GANDHITUBE,20260814,882.65,894.0,875.9,882.85,7689
GANECOS,20260814,1064.0,1069.1,1028.0,1060.6,108518
GANESHBE,20260814,112.0,118.2,111.61,117.65,104144
GANESHCP,20260814,160.94,166.1,159.1,160.54,239392
GANESHHOU,20260814,823.35,845.0,818.55,835.6,63983
GANGAFORGE,20260814,2.62,2.63,2.62,2.62,40584666
GANGESSECU,20260814,116.61,119.75,116.45,118.51,266
GARFIBRES,20260814,750.5,767.95,748.7,755.5,35907
GARUDA,20260814,185.5,188.66,180.01,183.04,600750
GATECH,20260814,0.77,0.77,0.76,0.76,22553287
GATECHDVR,20260814,0.48,0.5,0.47,0.49,514051
GATEWAY,20260814,55.0,55.25,54.8,54.86,587311
GAUDIUMIVF,20260814,123.23,123.23,123.23,123.23,42002
GAYAHWS,20260814,1.99,1.99,1.8,1.89,189418
GAYAPROJ,20260814,21.16,21.16,21.16,21.16,589925
GCSL,20260814,517.7,523.95,507.05,517.75,665465
GEECEE,20260814,375.0,380.0,370.05,371.6,1093
GEEKAYWIRE,20260814,23.45,23.45,22.53,22.6,117362
GEMAROMA,20260814,163.27,172.0,163.27,167.2,304141
GENCON,20260814,39.11,39.95,38.5,39.61,248025
GENESYS,20260814,209.45,211.3,173.65,181.15,1572472
GENESYS-RE,20260814,141.0,141.0,114.0,119.15,1288813
GENSOL,20260814,16.66,16.95,16.5,16.62,33415
GENUSPAPER,20260814,11.34,11.64,10.95,11.09,146933
GENUSPOWER,20260814,303.8,317.0,302.55,309.1,2241462
GEOJITFSL,20260814,81.45,81.45,78.78,80.37,407474
GESHIP,20260814,1309.0,1310.0,1274.1,1284.5,517405
GFLLIMITED,20260814,52.0,52.0,49.53,50.79,76677
GHCL,20260814,431.45,433.7,427.1,429.0,130816
GHCLTEXTIL,20260814,122.49,122.49,116.41,118.15,492714
GICHSGFIN,20260814,139.62,142.0,139.35,141.08,103500
GICL,20260814,22.79,23.7,22.2,23.05,411359
GICRE,20260814,348.2,353.15,347.05,352.1,705812
GILLANDERS,20260814,89.0,90.43,89.0,89.0,429
GILLETTE,20260814,7600.0,7669.5,7585.0,7600.0,9908
GILT10BETA,20260814,27.0,27.04,26.6,27.03,761
GILT5BETA,20260814,66.92,66.92,66.87,66.87,10
GILT5YBEES,20260814,67.37,67.37,66.37,66.53,175108
GINNIFILA,20260814,43.0,45.22,43.0,45.03,42593
GIPCL,20260814,175.8,176.9,173.4,175.77,461050
GKENERGY,20260814,129.4,130.4,127.3,127.64,307466
GKSL,20260814,136.18,139.0,134.42,136.43,138973
GKWLIMITED,20260814,1640.0,1640.0,1600.0,1609.1,332
GLAND,20260814,2950.4,3039.8,2946.6,2970.2,789574
GLAXO,20260814,2667.0,2697.0,2648.0,2688.8,94952
GLENMARK,20260814,2320.0,2341.6,2307.2,2318.4,629081
GLFL,20260814,5.83,5.83,5.57,5.6,1401
GLOBAL,20260814,103.0,107.0,101.65,106.42,118916
GLOBALE,20260814,11.0,11.33,10.46,10.74,4110
GLOBALVECT,20260814,155.9,156.33,149.51,150.53,7788
GLOBE,20260814,2.05,2.05,1.99,1.99,400289
GLOBECIVIL,20260814,44.39,45.45,43.1,44.41,269022
GLOBUSSPR,20260814,874.65,883.35,869.0,871.05,35526
GLOSTERLTD,20260814,649.05,667.5,634.1,634.65,1324
GLOTTIS,20260814,64.73,66.0,62.82,65.02,31020
GMBREW,20260814,892.65,899.95,892.0,894.75,11904
GMDCLTD,20260814,591.0,596.0,578.5,580.8,906062
GMMPFAUDLR,20260814,1015.0,1053.8,997.05,1048.25,334486
GMRAIRPORT,20260814,103.07,103.47,101.51,101.51,8232504
GMRP&UI,20260814,99.4,99.5,96.5,97.07,930492
GNA,20260814,540.0,549.3,538.0,542.7,283067
GNFC,20260814,550.1,570.0,549.35,568.95,908144
GNRL,20260814,114.5,115.1,110.5,111.34,108093
GOACARBON,20260814,369.0,369.9,359.0,362.55,13807
GOCLCORP,20260814,417.55,418.1,394.1,397.1,148404
GOCOLORS,20260814,330.0,331.95,326.25,327.5,48829
GODAVARIB,20260814,254.6,259.1,245.8,247.25,203153
GODFRYPHLP,20260814,2160.0,2167.9,2141.4,2149.0,121955
GODIGIT,20260814,258.1,262.95,258.1,259.65,124219
GODREJAGRO,20260814,563.0,588.85,560.55,580.5,814850
GODREJCP,20260814,941.5,942.6,930.0,934.3,2075321
GODREJIND,20260814,1256.1,1283.1,1241.0,1252.5,60302
GODREJPROP,20260814,2019.0,2032.2,1988.2,1990.0,447214
GOKEX,20260814,781.45,786.5,770.1,783.65,178167
GOKUL,20260814,40.2,40.2,38.61,38.87,176871
GOKULAGRO,20260814,236.5,237.0,230.62,231.65,241265
GOLD1,20260814,125.0,126.49,123.74,126.35,1527268
GOLD360,20260814,147.9,147.9,146.45,147.4,12502
GOLDADD,20260814,147.57,147.57,145.45,147.07,230265
GOLDAXIS,20260814,125.27,126.12,124.63,126.02,1133358
GOLDBEES,20260814,124.54,125.2,123.81,125.13,21344677
GOLDBETA,20260814,127.15,127.4,126.15,127.35,347116
GOLDBND,20260814,151.5,151.5,149.5,151.22,64418
GOLDCASE,20260814,24.39,24.39,23.43,23.81,8268485
GOLDENTOBC,20260814,25.72,25.72,24.61,24.99,462
GOLDETF,20260814,146.88,147.25,145.7,147.18,673887
GOLDIAM,20260814,362.9,371.35,355.2,365.65,2540560
GOLDIETF,20260814,126.67,129.69,126.66,129.6,4673870
GOLDTECH,20260814,50.98,50.98,48.21,48.6,33830
GOODLUCK,20260814,1275.0,1328.6,1267.7,1324.7,347558
GOODYEAR,20260814,792.0,792.0,774.05,777.4,3346
GOPAL,20260814,277.95,279.05,272.0,272.15,155293
GOYALALUM,20260814,6.4,6.6,6.36,6.51,53501
GPIL,20260814,241.63,242.07,233.5,235.43,2146682
GPPL,20260814,153.75,160.85,153.37,158.68,7349923
GPTHEALTH,20260814,156.04,156.98,154.01,156.15,66664
GPTINFRA,20260814,115.51,117.99,115.0,115.8,37076
GRADIENTE,20260814,2.73,2.78,2.71,2.72,1780823
GRANDOAK,20260814,39.0,39.0,37.2,38.24,1025
GRANULES,20260814,855.0,864.6,854.0,858.4,319463
GRAPHITE,20260814,737.5,748.5,718.45,721.6,1190606
GRASIM,20260814,3264.8,3264.8,3221.0,3248.7,476082
GRAUWEIL,20260814,67.0,68.0,66.77,67.39,203896
GRAVISSHO,20260814,29.05,29.99,29.05,29.18,2116
GRAVITA,20260814,1818.5,1825.4,1779.0,1794.3,111629
GREAVESCOT,20260814,198.4,198.4,193.5,194.37,587124
GREENLAM,20260814,253.6,257.15,250.2,251.3,92793
GREENPANEL,20260814,171.77,175.89,171.46,174.54,501546
GREENPLY,20260814,284.55,289.85,280.15,280.95,50398
GREENPOWER,20260814,9.51,9.63,9.49,9.53,1186490
GRINDWELL,20260814,2146.3,2194.0,2135.1,2167.5,53403
GRINFRA,20260814,883.4,885.0,870.25,872.7,12129
GRMOVER,20260814,90.1,90.99,89.01,89.66,922657
GROBTEA,20260814,926.9,978.0,903.4,958.05,352
GROWW,20260814,198.0,198.25,194.6,196.17,11500813
GROWWCAPM,20260814,11.48,11.48,11.16,11.2,301213
GROWWCHEM,20260814,30.9,30.92,30.52,30.83,36697
GROWWDEFNC,20260814,96.73,98.39,96.73,98.09,206393
GROWWEV,20260814,34.15,34.45,33.91,34.2,319130
GROWWGOLD,20260814,14.67,14.8,14.61,14.77,4457083
GROWWHOSPI,20260814,53.76,53.76,52.0,52.91,250947
GROWWLIQID,20260814,110.37,110.37,110.36,110.36,126495
GROWWLOVOL,20260814,10.41,10.62,10.4,10.6,3826
GROWWMC150,20260814,235.0,236.32,234.45,236.07,601
GROWWMETAL,20260814,12.55,12.55,12.1,12.4,560618
GROWWMOM50,20260814,11.21,11.21,10.93,10.98,561513
GROWWN200,20260814,11.47,11.59,11.39,11.55,40656
GROWWNET,20260814,10.39,10.7,10.39,10.62,517166
GROWWNIFTY,20260814,9.71,9.99,9.71,9.83,464753
GROWWNXT50,20260814,75.48,75.48,74.03,74.65,4575
GROWWPOWER,20260814,11.78,11.78,11.45,11.49,2344438
GROWWPSE,20260814,97.58,100.87,97.58,98.68,8830
GROWWPSUBK,20260814,84.85,88.0,84.85,87.54,8386
GROWWRAIL,20260814,29.36,29.45,29.11,29.21,301209
GROWWRLTY,20260814,10.12,10.15,10.0,10.04,138314
GROWWSC250,20260814,10.72,10.75,10.56,10.63,72863
GROWWSLVR,20260814,22.48,22.7,22.33,22.66,1840661
GRPLTD,20260814,1992.8,2023.9,1981.4,2009.5,2169
GRSE,20260814,2636.0,2665.7,2603.7,2618.6,433845
GRWRHITECH,20260814,7232.0,7267.5,7013.0,7088.5,42191
GSEC10IETF,20260814,265.0,267.11,265.0,267.11,50
GSEC10YEAR,20260814,30.77,30.77,30.55,30.55,809
GSEC5IETF,20260814,66.64,66.95,66.36,66.36,363
GSFC,20260814,159.1,160.78,158.02,160.25,641476
GSLSU,20260814,32.57,32.57,29.99,32.11,269390
GSPCROP,20260814,596.25,600.0,590.4,596.25,248745
GSS,20260814,13.41,13.66,13.31,13.34,13440
GTECJAINX,20260814,28.49,29.4,28.49,28.99,76208
GTL,20260814,7.65,7.85,7.56,7.66,173301
GTLINFRA,20260814,1.23,1.24,1.21,1.21,20958496
GTPL,20260814,54.89,54.89,52.76,52.89,52617
GUFICBIO,20260814,433.7,437.75,415.1,422.2,165948
GUJALKALI,20260814,694.35,700.0,684.0,698.2,62980
GUJAPOLLO,20260814,343.6,350.0,300.5,341.95,13667
GUJENERGY,20260814,285.0,294.35,279.8,282.95,3458345
GUJRAFFIA,20260814,44.4,45.94,42.63,43.22,8106
GUJTHEM,20260814,347.25,352.0,345.0,348.75,30262
GULFOILLUB,20260814,1176.7,1177.4,1148.0,1159.3,49635
GULFPETRO,20260814,62.79,62.79,60.06,61.65,136725
GULPOLY,20260814,189.18,193.5,187.49,188.08,241113
GVKPIL,20260814,2.33,2.38,2.33,2.36,611783
GVPIL,20260814,781.15,789.6,769.6,769.6,284769
GVPTECH,20260814,7.15,7.15,7.0,7.07,36140
GVT&D,20260814,4325.3,4367.7,4272.0,4350.0,785600
GYFTR,20260814,160.0,170.0,159.1,161.87,205712
HAL,20260814,4940.0,5047.0,4924.2,5029.9,1537351
HALDER,20260814,285.71,308.05,281.21,301.9,41982
HALDYNGL,20260814,125.1,126.9,122.71,123.76,24455
HALEOSLABS,20260814,1475.0,1496.4,1460.0,1484.4,117
HAPPSTMNDS,20260814,394.0,426.45,390.15,420.2,6697476
HAPPYFORGE,20260814,2028.0,2105.0,2016.4,2089.6,214368
HARDWYN,20260814,11.5,11.87,11.32,11.33,501095
HARIOMPIPE,20260814,364.95,366.9,350.25,351.9,244003
HARRMALAYA,20260814,209.07,209.5,197.49,198.81,56164
HARSHA,20260814,407.0,416.85,402.05,412.25,96071
HATHWAY,20260814,10.72,10.77,10.54,10.6,1411322
HATSUN,20260814,951.2,990.0,951.2,980.8,82072
HAVELLS,20260814,1270.0,1303.4,1262.2,1298.0,834715
HAVISHA,20260814,1.35,1.44,1.25,1.34,84707
HAWKINCOOK,20260814,8308.0,8450.0,8199.5,8351.0,1012
HBESD,20260814,78.73,78.73,74.5,76.0,7816
HBLENGINE,20260814,693.05,697.1,677.05,678.5,663865
HBSL,20260814,55.5,60.0,55.5,57.96,4918
HCC,20260814,19.7,20.0,19.63,19.82,10947392
HCG,20260814,721.0,726.1,711.25,714.3,86719
HCL-INSYS,20260814,11.59,11.6,11.2,11.33,107641
HCLTECH,20260814,1372.8,1374.9,1346.5,1360.0,1033374
HDBFS,20260814,684.95,688.15,678.7,686.95,220359
HDFCAMC,20260814,2502.5,2507.2,2470.2,2485.0,1564593
HDFCBANK,20260814,725.0,729.6,723.5,727.0,20364131
HDFCBSE500,20260814,38.48,38.48,37.84,38.07,528792
HDFCGOLD,20260814,132.89,132.89,128.01,129.33,1763210
HDFCGROWTH,20260814,123.16,123.16,122.3,122.68,29206
HDFCLIFE,20260814,539.5,540.0,535.6,535.85,805941
HDFCLIQUID,20260814,1075.0,1075.0,1073.88,1073.88,42999
HDFCLOWVOL,20260814,21.1,21.15,21.05,21.05,2917
HDFCMID150,20260814,24.37,24.37,23.74,23.8,499891
HDFCMOMENT,20260814,31.5,31.5,31.21,31.38,66967
HDFCNEXT50,20260814,78.07,78.07,75.83,76.05,335378
HDFCNIF100,20260814,26.33,26.44,26.33,26.37,30242
HDFCNIFBAN,20260814,59.3,59.54,59.17,59.29,194117
HDFCNIFIT,20260814,33.8,33.89,33.22,33.44,46523
HDFCNIFTY,20260814,282.08,282.08,274.13,275.17,21732
HDFCNIMEG,20260814,129.06,129.96,128.33,129.87,6963
HDFCPSUBK,20260814,89.14,89.14,87.86,88.2,48838
HDFCPVTBAN,20260814,27.89,27.91,27.75,27.82,191377
HDFCQUAL,20260814,60.19,60.28,59.94,60.07,5960
HDFCSENSEX,20260814,88.02,88.69,88.01,88.21,38920
HDFCSILVER,20260814,221.18,221.54,217.82,221.2,1703982
HDFCSML250,20260814,185.9,185.9,184.17,184.64,768149
HDFCVALUE,20260814,126.85,127.23,126.11,126.99,4160
HDIL,20260814,1.49,1.54,1.49,1.53,88088
HEADSUP,20260814,7.06,7.25,6.9,6.93,1836
HEALTHADD,20260814,17.1,17.1,16.64,16.68,36751
HEALTHAXIS,20260814,168.45,171.06,167.61,167.82,10610
HEALTHCARE,20260814,21.68,21.71,21.54,21.57,76256
HEALTHIETF,20260814,170.26,171.22,169.25,169.72,47746
HEALTHX,20260814,295.0,295.15,288.05,290.15,2796
HEALTHY,20260814,17.26,17.26,16.94,17.03,171387
HECPROJECT,20260814,137.5,148.39,123.0,130.05,101413
HEG,20260814,691.5,711.2,685.3,701.0,3739354
HEIDELBERG,20260814,158.88,158.88,157.2,158.24,62829
HEMIPROP,20260814,132.55,134.53,132.0,132.34,229488
HERANBA,20260814,167.8,174.53,167.8,169.76,51257
HERITGFOOD,20260814,359.0,361.9,356.2,358.0,79355
HEROMOTOCO,20260814,5830.0,5849.0,5765.0,5790.0,508239
HESTERBIO,20260814,2429.5,2464.8,2401.0,2414.4,3722
HEXAGON,20260814,64.49,65.0,63.28,63.98,111505
HEXATRADEX,20260814,158.5,159.93,157.0,157.05,1712
HEXT,20260814,575.05,576.1,565.55,569.85,109375
HFCL,20260814,228.0,230.7,220.7,223.11,16693107
HGINFRA,20260814,528.8,533.95,521.0,523.75,51203
HGM,20260814,47.53,47.53,46.0,46.06,2472
HGS,20260814,402.4,410.0,402.4,408.65,12093
HIKAL,20260814,217.5,223.99,216.5,217.99,253073
HILINFRA,20260814,44.72,45.44,44.1,44.4,30457
HILTON,20260814,20.24,20.44,19.8,19.9,45674
HIMATSEIDE,20260814,74.25,75.3,72.51,72.95,578666
HINDALCO,20260814,1035.8,1036.8,1021.35,1029.5,3423326
HINDCOMPOS,20260814,415.35,416.45,406.1,410.25,4001
HINDCON,20260814,22.58,22.99,22.5,22.71,8941
HINDCOPPER,20260814,546.5,546.7,515.0,529.05,8696054
HINDOILEXP,20260814,157.79,157.79,149.92,152.1,849784
HINDPETRO,20260814,374.0,374.95,371.0,373.5,8013809
HINDUNILVR,20260814,2089.0,2090.9,2066.4,2077.0,1148419
HINDWAREAP,20260814,199.1,202.19,191.61,195.47,189530
HINDZINC,20260814,575.0,575.0,557.8,561.9,4702210
HIRECT,20260814,1254.0,1272.1,1242.1,1256.0,66521
HISARMETAL,20260814,152.0,153.86,149.35,151.22,1967
HITECH,20260814,79.13,79.74,77.81,78.22,284325
HITECHCORP,20260814,330.0,334.0,329.0,332.3,20257
HITECHGEAR,20260814,567.0,567.0,542.0,550.0,1315
HLEGLAS,20260814,334.9,336.4,325.5,327.7,241233
HLVLTD,20260814,6.99,7.04,6.9,6.98,156950
HMAAGRO,20260814,23.0,25.34,22.0,24.24,11840343
HMT,20260814,58.0,59.0,57.01,58.74,8076
HMVL,20260814,89.5,89.5,86.2,86.64,24515
HNDFDS,20260814,595.3,600.4,587.0,591.4,62236
HNGSNGBEES,20260814,492.01,492.01,479.0,482.66,58245
HOMEFIRST,20260814,1176.4,1187.9,1162.8,1176.5,71934
HONASA,20260814,495.4,509.8,486.6,502.8,22425106
HONAUT,20260814,37000.0,37395.0,36725.0,37205.0,10176
HONDAPOWER,20260814,2105.3,2171.9,2105.3,2149.9,9540
HPAL,20260814,36.89,36.89,35.0,35.15,91699
HPIL,20260814,124.0,130.94,123.8,125.05,4652
HPL,20260814,317.7,320.0,314.7,317.45,93695
HSBCGOLD,20260814,131.0,131.43,130.01,131.42,76672
HSCL,20260814,781.0,794.5,775.15,781.05,3402990
HTMEDIA,20260814,26.52,26.84,26.07,26.37,82474
HUBTOWN,20260814,189.6,192.0,185.1,186.62,313667
HUDCO,20260814,194.0,194.1,189.31,189.99,3880141
HUHTAMAKI,20260814,283.95,283.95,274.2,277.05,99049
HYBRIDETF,20260814,10.18,10.18,10.14,10.16,139004
HYBRIDFIN,20260814,17.86,17.9,17.31,17.47,3116
HYUNDAI,20260814,2225.0,2255.0,2191.6,2199.0,629978
IBULLSLTD,20260814,27.1,27.5,26.36,27.08,6881042
ICEMAKE,20260814,799.0,808.0,747.55,751.65,135770
ICICIAMC,20260814,3160.0,3160.0,3080.0,3097.9,255457
ICICIB22,20260814,115.9,116.78,115.44,115.64,239537
ICICIBANK,20260814,1403.0,1417.8,1401.0,1417.0,6097934
ICICIGI,20260814,1633.8,1633.8,1616.0,1630.0,534759
ICICIPRULI,20260814,506.0,512.0,501.0,509.15,778149
ICIL,20260814,391.5,394.95,377.05,379.9,530561
ICRA,20260814,5200.0,5322.0,5160.8,5265.6,61407
IDBI,20260814,82.6,83.14,82.1,82.45,1946299
IDEA,20260814,13.53,14.19,13.49,14.11,778908986
IDEAFORGE,20260814,778.1,820.85,770.0,820.85,786126
IDFCFIRSTB,20260814,86.42,86.52,85.53,85.69,7407001
IDFNIFTYET,20260814,273.0,273.0,264.3,267.57,4363
IEX,20260814,125.5,125.5,124.0,124.75,1246737
IFBAGRO,20260814,1025.0,1040.5,975.5,1029.3,4317
IFBIND,20260814,1386.6,1401.5,1360.0,1383.6,39816
IFCI,20260814,76.9,77.84,76.1,76.94,14123805
IFGLEXPOR,20260814,223.13,230.0,217.59,225.31,114598
IGARASHI,20260814,451.0,461.5,447.0,457.05,87794
IGCL,20260814,71.04,71.83,70.67,70.91,34480
IGIL,20260814,345.7,349.9,344.4,345.9,181161
IGL,20260814,151.6,153.24,150.82,151.7,880808
IGPL,20260814,460.8,464.9,455.05,458.3,32865
IIFL,20260814,635.95,641.65,627.05,631.15,967374
IIFLCAPS,20260814,334.4,337.0,334.25,335.2,112191
IITL,20260814,146.83,148.2,146.02,147.69,98606
IKIO,20260814,211.5,211.51,202.77,204.97,163916
IKS,20260814,1787.0,1848.1,1781.5,1840.0,214154
IL&FSENGG,20260814,35.5,36.75,35.5,36.73,13556
IL&FSTRANS,20260814,2.16,2.24,2.04,2.07,180557
IMAGICAA,20260814,47.02,48.4,46.81,47.66,570012
IMFA,20260814,1450.0,1451.0,1401.6,1404.5,108093
IMPAL,20260814,1068.5,1095.0,1047.5,1068.3,2001
IMPEXFERRO,20260814,3.57,3.57,3.57,3.57,15300
INA,20260814,98.75,99.95,96.9,99.02,613257
INCREDIBLE,20260814,31.28,32.99,31.28,32.23,2483
INDBANK,20260814,32.72,33.19,32.32,32.49,14295
INDGN,20260814,569.8,571.85,552.05,555.8,285759
INDHOTEL,20260814,717.9,723.65,715.1,720.0,1365381
INDIACEM,20260814,382.0,382.45,372.15,375.3,166712
INDIAGLYCO,20260814,1060.0,1070.9,1045.9,1061.1,84957
INDIAMART,20260814,1803.6,1815.0,1780.0,1789.9,81307
INDIANB,20260814,890.0,902.8,885.3,894.95,732478
INDIANCARD,20260814,215.55,224.39,215.55,223.09,1061
INDIANHUME,20260814,367.85,373.0,366.3,369.15,15220
INDIASHLTR,20260814,677.2,677.4,668.55,670.7,65964
INDIGO,20260814,5370.0,5370.0,5310.0,5310.0,184350
INDIGOPNTS,20260814,1211.3,1220.9,1135.3,1148.7,2405565
INDIQUBE,20260814,184.68,184.68,178.2,180.0,50896
INDNIPPON,20260814,1123.5,1148.6,1118.0,1123.2,25550
INDOAMIN,20260814,130.0,132.69,127.0,130.0,43662
INDOBORAX,20260814,437.95,441.3,418.2,425.35,130210
INDOCO,20260814,222.1,225.59,218.0,219.51,52231
INDOFARM,20260814,147.0,149.85,145.0,145.78,120815
INDOMIM,20260814,835.0,852.35,815.3,849.35,1678600
INDORAMA,20260814,57.07,57.99,55.52,56.09,120847
INDOSTAR,20260814,248.0,248.0,237.2,239.25,299209
INDOTECH,20260814,3412.0,3599.0,3412.0,3558.1,23020
INDOTHAI,20260814,77.08,77.08,77.08,77.08,54315
INDOUS,20260814,79.74,82.82,76.75,81.01,8003
INDOWIND,20260814,8.9,9.08,8.61,8.81,144909
INDPRUD,20260814,6287.0,6329.0,6280.0,6280.0,90
INDRAMEDCO,20260814,371.5,376.0,371.0,373.4,153246
INDSWFTLAB,20260814,296.63,305.9,293.55,304.18,618959
INDTERRAIN,20260814,31.8,32.47,31.05,31.1,12338
INDUSINDBK,20260814,1022.5,1026.6,1014.2,1020.8,1034094
INDUSTOWER,20260814,383.15,388.55,379.45,384.35,5956784
INFOBEAN,20260814,162.37,163.5,161.11,162.4,77595
INFOMEDIA,20260814,5.49,5.49,5.07,5.16,4021
INFRA,20260814,12.23,12.3,12.22,12.27,34515
INFRABEES,20260814,968.22,979.0,967.88,976.93,9130
INFRAIETF,20260814,96.77,97.48,96.4,97.23,208992
INFY,20260814,1170.4,1174.1,1158.9,1169.2,5844763
INGERRAND,20260814,4599.0,4768.7,4552.6,4608.7,127789
INNOVACAP,20260814,1050.0,1052.2,1026.15,1036.0,54909
INNOVANA,20260814,340.0,350.0,315.65,319.4,4667
INNOVISION,20260814,284.4,284.45,281.7,281.95,35367
INOXGREEN,20260814,187.1,188.5,180.0,187.07,1104816
INOXINDIA,20260814,1932.1,1974.6,1911.2,1943.0,130161
INOXWIND,20260814,73.99,75.2,73.2,73.67,6072136
INSECTICID,20260814,655.0,655.0,628.6,631.15,10436
INSPIRISYS,20260814,87.47,87.47,87.47,87.47,4707
INSUREIETF,20260814,15.42,15.51,15.35,15.47,55403
INTELLECT,20260814,701.05,703.7,695.1,700.6,165377
INTENTECH,20260814,81.08,82.45,80.04,80.34,11416
INTERARCH,20260814,1728.7,1745.2,1709.0,1736.2,28053
INTERNET,20260814,14.67,14.67,14.26,14.27,189539
INTLCONV,20260814,73.25,79.0,72.2,75.72,214201
INVENTURE,20260814,0.9,0.93,0.9,0.92,1304031
INVPRECQ,20260814,1145.0,1251.0,1145.0,1217.3,11724
IOB,20260814,33.73,33.73,33.51,33.59,1958494
IOC,20260814,140.85,140.85,138.82,139.4,9237608
IOLCP,20260814,165.7,169.5,158.76,165.58,2595681
IONEXCHANG,20260814,377.5,381.4,372.1,372.95,128670
IPCALAB,20260814,1800.8,1805.0,1720.0,1734.2,390591
IPL,20260814,141.3,142.32,140.0,140.52,91542
IRB,20260814,19.2,19.35,19.06,19.26,5641520
IRCON,20260814,125.7,126.25,124.5,124.79,761739
IRCTC,20260814,504.45,507.25,495.3,497.5,920342
IREDA,20260814,117.01,117.7,116.15,116.25,3365825
IRFC,20260814,88.2,88.5,87.5,87.57,3841249
IRIS,20260814,241.0,246.77,237.01,238.99,9952
IRISDOREME,20260814,57.9,58.65,57.36,57.93,760524
IRMENERGY,20260814,294.0,305.0,292.05,294.15,104580
ISFT,20260814,77.89,84.5,77.89,82.33,129557
ISGEC,20260814,744.7,753.45,730.0,732.15,128277
ISHANCH,20260814,50.8,50.99,47.25,48.17,25135
IT,20260814,33.87,35.05,33.87,34.75,277897
ITADD,20260814,33.4,33.4,32.97,33.3,16250
ITAXIS,20260814,337.62,349.48,337.62,346.0,1773
ITBEES,20260814,35.35,35.35,34.5,34.81,5521357
ITBETA,20260814,330.17,330.84,327.45,328.81,3693
ITC,20260814,278.35,278.35,275.95,278.2,7338537
ITCHOTELS,20260814,167.0,167.87,163.94,164.93,1325268
ITDC,20260814,700.0,710.0,692.1,696.75,166881
ITETF,20260814,33.4,33.41,32.95,33.2,179371
ITI,20260814,280.0,284.95,274.0,276.75,281046
ITIETF,20260814,34.8,35.03,34.53,34.84,255577
IVALUE,20260814,279.35,283.0,275.35,278.8,76515
IVC,20260814,8.35,8.53,7.99,8.27,312089
IVP,20260814,178.0,178.0,174.01,174.84,21354
IVZINGOLD,20260814,131.55,131.6,129.95,131.4,13205
IVZINNIFTY,20260814,279.18,280.26,279.0,279.72,1080
IWP,20260814,34.9,37.0,33.9,34.96,14259
IXIGO,20260814,172.0,175.45,171.6,174.03,603188
IZMO,20260814,946.6,949.0,928.1,939.45,55853
J&KBANK,20260814,157.0,157.46,154.28,155.48,1261873
JAGRAN,20260814,63.37,63.41,62.3,62.46,182925
JAGSNPHARM,20260814,231.7,231.95,225.55,226.55,35685
JAIBALAJI,20260814,68.87,71.75,68.1,70.6,994397
JAICORPLTD,20260814,103.0,104.62,100.21,100.63,555471
JAINREC,20260814,302.0,307.0,291.55,293.4,1340227
JAIPURKURT,20260814,27.99,27.99,27.0,27.49,7843
JAMNAAUTO,20260814,127.59,127.9,122.7,123.12,1610868
JARO,20260814,460.1,469.0,451.0,453.45,80971
JASH,20260814,486.0,492.0,482.55,490.05,57648
JAYAGROGN,20260814,226.37,228.63,221.0,222.54,4220
JAYBARMARU,20260814,133.23,133.53,126.9,127.86,344081
JAYKAY,20260814,150.19,160.24,149.0,155.87,508230
JAYNECOIND,20260814,90.84,90.95,88.21,88.93,1515113
JAYSREETEA,20260814,89.5,92.79,88.11,92.04,93449
JBMA,20260814,630.6,632.9,621.05,622.95,141101
JETFREIGHT,20260814,23.0,23.42,22.11,22.23,152779
JGCHEM,20260814,619.1,631.3,601.1,606.15,310507
JHS,20260814,8.4,9.1,8.4,8.95,71047
JINDALPHOT,20260814,1074.2,1077.1,1053.0,1057.7,1733
JINDALPOLY,20260814,651.5,652.9,630.15,636.3,19186
JINDALSAW,20260814,265.7,268.4,263.15,267.1,422666
JINDALSTEL,20260814,1098.9,1105.6,1086.0,1091.5,493678
JINDRILL,20260814,597.05,601.9,585.1,588.0,86607
JINDWORLD,20260814,35.75,35.89,35.0,35.26,2581458
JIOFIN,20260814,255.6,255.6,249.05,249.05,16541508
JISLDVREQS,20260814,20.96,21.8,20.75,21.02,10285
JISLJALEQS,20260814,27.0,27.13,26.4,26.49,1814788
JITFINFRA,20260814,329.0,337.8,311.05,314.4,80091
JKCEMENT,20260814,5349.0,5393.5,5275.5,5306.5,13544
JKIL,20260814,499.0,503.0,496.0,497.65,40349
JKIPL,20260814,100.9,102.99,97.11,100.75,8000
JKLAKSHMI,20260814,549.2,554.75,544.95,549.05,73119
JKPAPER,20260814,395.3,395.55,377.5,379.9,343464
JKTYRE,20260814,384.0,385.8,382.1,384.1,974368
JLHL,20260814,315.0,318.9,313.15,315.75,61691
JMA,20260814,91.0,91.0,87.01,87.84,11199
JMFINANCIL,20260814,129.0,129.8,126.0,126.43,1183496
JNKINDIA,20260814,429.85,459.95,425.0,456.25,1481681
JNPR,20260814,252.9,258.8,247.81,251.36,2046891
JOCIL,20260814,153.99,153.99,145.4,146.28,1189
JPOLYINVST,20260814,1053.9,1076.0,985.0,1011.1,74132
JPPOWER,20260814,17.55,17.9,17.3,17.39,40020775
JSFB,20260814,571.95,580.0,566.2,577.75,454213
JSL,20260814,736.1,741.35,733.65,737.85,273090
JSLL,20260814,529.4,536.25,515.5,521.35,359295
JSWCEMENT,20260814,131.0,131.36,128.2,130.02,1890822
JSWDULUX,20260814,3141.0,3179.2,3116.1,3167.4,11795
JSWENERGY,20260814,557.2,561.75,554.95,560.0,1214322
JSWHL,20260814,11727.0,12017.0,11567.0,11874.0,5712
JSWINFRA,20260814,341.3,341.35,336.05,339.15,2085129
JSWSTEEL,20260814,1267.3,1276.7,1260.3,1270.0,975420
JTEKTINDIA,20260814,132.66,133.0,128.52,131.71,292301
JTLIND,20260814,76.64,76.66,74.9,75.24,2012124
JUBLCPL,20260814,2420.0,2479.0,2280.2,2407.5,170516
JUBLFOOD,20260814,495.35,521.0,495.0,504.1,12894239
JUBLINGREA,20260814,739.8,740.0,729.45,736.95,161001
JUBLPHARMA,20260814,891.0,894.95,860.0,865.8,221700
JUNIORBEES,20260814,815.1,815.1,794.0,807.81,586595
JUNIPER,20260814,193.81,195.88,192.4,192.98,140098
JUSTDIAL,20260814,677.85,688.3,676.1,681.0,96374
JWL,20260814,258.8,260.95,254.5,256.5,502956
JYOTHYLAB,20260814,200.51,200.62,196.66,199.36,301848
JYOTICNC,20260814,838.7,841.0,822.4,826.9,681580
JYOTISTRUC,20260814,11.05,11.13,10.41,10.62,7186157
KABRAEXTRU,20260814,486.2,521.4,486.2,517.4,485584
KAJARIACER,20260814,1267.0,1275.0,1235.5,1253.4,321026
KAKATCEM,20260814,107.28,107.98,105.71,107.58,1131
KALAMANDIR,20260814,86.09,87.8,86.0,87.04,350643
KALPATARU,20260814,287.9,292.25,284.05,286.25,47881
KALYANIFRG,20260814,668.3,668.3,629.65,643.5,6113
KALYANKJIL,20260814,614.45,619.7,605.0,608.25,7183291
KAMAHOLD,20260814,2475.0,2783.9,2435.4,2449.5,58635
KAMATHOTEL,20260814,188.8,197.0,188.0,195.87,217673
KAMDHENU,20260814,34.19,35.11,31.77,34.75,1026983
KAMOPAINTS,20260814,4.5,5.31,4.24,4.54,920413
KANANIIND,20260814,1.6,1.6,1.44,1.49,221832
KANCHI,20260814,377.9,381.0,365.0,370.6,1663
KANORICHEM,20260814,154.88,158.6,150.0,152.29,24723
KANPRPLA,20260814,261.68,264.01,250.0,251.18,88216
KANSAINER,20260814,209.8,210.01,204.1,204.75,110705
KAPSTON,20260814,593.0,593.0,585.0,588.4,56502
KARMAENG,20260814,41.9,42.6,39.51,39.71,3116
KARURVYSYA,20260814,335.5,336.2,331.1,331.75,687275
KAUSHALYA,20260814,901.0,939.9,901.0,907.2,423
KAVDEFENCE,20260814,58.4,58.5,56.15,56.96,75502
KAYA,20260814,288.0,305.0,287.45,296.85,12712
KAYNES,20260814,3756.6,3788.9,3650.0,3660.2,683138
KCP,20260814,154.78,161.49,150.99,156.22,365598
KCPSUGIND,20260814,30.27,31.41,29.12,30.49,227110
KDDL,20260814,3928.1,3949.9,3870.2,3930.2,20113
KEC,20260814,445.1,446.25,438.0,439.9,610849
KECL,20260814,145.79,148.0,141.0,143.56,373366
KEEPLEARN,20260814,2.04,2.04,1.79,1.83,32707
KEI,20260814,5770.0,5795.0,5672.2,5700.0,189387
KELLTONTEC,20260814,13.76,13.92,13.64,13.71,983381
KENNAMET,20260814,3775.0,3775.0,3492.5,3513.3,164275
KERNEX,20260814,2225.0,2340.0,2001.0,2024.2,1262801
KESORAMIND,20260814,11.64,11.87,11.64,11.7,287226
KEYFINSERV,20260814,270.0,270.0,265.0,267.2,3342
KFINTECH,20260814,929.0,946.5,911.7,940.0,813246
KHADIM,20260814,94.54,98.59,94.07,98.59,75190
KHAICHEM,20260814,51.45,52.79,50.3,52.37,323529
KHAITANLTD,20260814,143.0,143.4,139.0,139.18,4409
KHANDSE,20260814,16.91,18.0,16.71,17.7,125
KICL,20260814,5459.0,5462.0,5270.0,5305.0,1104
KILITCH,20260814,181.66,181.66,181.66,181.66,7225
KIMS,20260814,809.9,827.95,804.1,809.1,414165
KINGFA,20260814,6000.0,6077.5,5777.0,5870.0,27699
KIOCL,20260814,384.9,397.6,382.1,389.55,156282
KIRANVYPAR,20260814,199.31,201.31,196.0,201.18,2777
KIRIINDUS,20260814,417.95,419.6,409.6,411.45,174742
KIRLFER,20260814,435.55,438.7,428.0,432.3,74535
KIRLOSBROS,20260814,1936.0,1950.0,1900.0,1905.5,24200
KIRLOSENG,20260814,2069.9,2111.9,2069.9,2100.1,304869
KIRLOSIND,20260814,3806.4,3826.3,3728.1,3754.4,2462
KIRLPNU,20260814,1510.0,1535.8,1489.0,1524.7,188824
KISSHT,20260814,300.9,311.0,296.0,309.5,1707351
KITEX,20260814,139.21,141.0,133.8,134.24,508982
KKCL,20260814,524.1,528.9,511.0,512.7,44827
KLBRENG-B,20260814,361.45,371.0,353.55,358.2,97180
KMEW,20260814,2730.0,2815.8,2650.3,2730.8,159236
KMSUGAR,20260814,27.75,28.75,27.5,27.56,180341
KNACK,20260814,205.5,211.9,205.25,208.02,1008256
KNAGRI,20260814,217.4,231.0,216.99,225.91,62154
KNRCON,20260814,130.01,138.19,127.06,132.43,3965385
KOHINOOR,20260814,23.11,27.72,22.97,27.72,982184
KOKUYOCMLN,20260814,81.76,82.5,80.31,81.54,56037
KOLTEPATIL,20260814,490.0,490.6,472.65,477.7,162676
KOPRAN,20260814,184.0,190.2,182.5,190.2,147065
KOTAKBANK,20260814,393.1,394.35,389.85,391.15,9519332
KOTARISUG,20260814,26.68,27.0,26.15,26.28,67646
KOTHARIPET,20260814,148.5,151.18,141.35,143.92,102829
KOTHARIPRO,20260814,69.45,70.99,68.8,68.98,11706
KOTIC,20260814,144.16,147.9,143.08,146.18,15271
KOTYARK,20260814,40.28,40.28,40.28,40.28,78790
KOVAI,20260814,5920.0,6083.5,5892.0,6038.5,7285
KPEL,20260814,256.0,257.0,251.0,252.1,344649
KPIGREEN,20260814,325.0,330.0,317.0,319.0,1330666
KPIL,20260814,1354.1,1387.9,1342.8,1352.2,319973
KPITTECH,20260814,623.6,625.4,610.85,614.0,640338
KPL,20260814,3364.8,3486.0,3280.3,3436.5,41296
KPRMILL,20260814,1087.3,1113.7,1081.1,1110.0,170694
KRBL,20260814,389.5,402.0,381.75,386.4,4140543
KREBSBIO,20260814,55.7,56.0,53.52,54.6,3920
KRIDHANINF,20260814,2.34,2.34,2.2,2.22,33862
KRISHANA,20260814,188.99,192.3,187.01,190.68,806519
KRISHIVAL,20260814,407.0,409.95,405.5,406.6,12680
KRISHNADEF,20260814,1076.0,1093.0,1038.0,1077.7,162907
KRITI,20260814,66.25,71.7,66.25,67.77,4439
KRITIKA,20260814,5.71,5.71,5.54,5.59,112333
KRITINUT,20260814,84.95,84.95,81.11,82.16,11075
KRN,20260814,1468.3,1468.3,1468.3,1468.3,407590
KRONOX,20260814,155.0,157.76,148.11,150.53,338385
KROSS,20260814,202.5,211.94,202.5,210.2,826357
KRSNAA,20260814,557.95,586.0,557.0,575.3,273308
KRYSTAL,20260814,622.3,623.0,620.0,620.0,16022
KSB,20260814,807.5,813.7,799.15,801.25,61194
KSCL,20260814,761.0,784.3,755.0,779.95,165036
KSHINTL,20260814,1007.35,1039.4,1006.45,1028.6,327748
KSHITIJPOL,20260814,3.1,3.12,3.05,3.11,4329051
KSL,20260814,860.25,866.95,832.1,838.95,35202
KSOLVES,20260814,276.3,278.0,272.35,277.1,18161
KSR,20260814,29.48,30.99,28.0,29.86,15229
KTKBANK,20260814,313.0,316.0,308.8,309.65,2960239
KUANTUM,20260814,79.9,82.0,79.87,80.66,164943
KUSUMGAR,20260814,595.05,610.6,594.05,601.85,381572
KWIL,20260814,37.25,37.25,35.51,35.99,11770440
LAGNAM,20260814,79.02,79.95,77.22,78.79,11384
LAHOTIOV,20260814,42.9,42.9,41.0,41.03,7031
LAKPRE,20260814,4.8,4.8,4.8,4.8,85
LAL,20260814,9.13,9.13,8.61,8.8,16228
LALPATHLAB,20260814,1968.4,1968.4,1907.9,1916.3,229786
LAMBODHARA,20260814,113.7,115.72,111.0,111.54,4255
LANCORHOL,20260814,28.9,29.59,27.5,28.88,207596
LANDMARK,20260814,532.0,533.65,507.45,511.65,148999
LANDSMILL,20260814,0.76,0.77,0.75,0.76,2005926
LAOPALA,20260814,194.0,195.2,191.05,192.51,167876
LASA,20260814,7.49,7.55,7.25,7.41,10223
LASERPOWER,20260814,297.9,306.6,295.6,302.9,1688928
LATENTVIEW,20260814,286.0,289.8,283.5,285.2,197641
LATTEYS,20260814,21.64,21.64,20.0,20.59,87358
LAURUSLABS,20260814,1849.9,1853.2,1777.7,1787.3,1581352
LAXMICOT,20260814,13.89,14.47,13.0,13.42,33833
LAXMIDENTL,20260814,205.82,205.82,200.56,201.82,117987
LAXMIINDIA,20260814,124.13,128.89,122.59,124.38,251213
LCCINFOTEC,20260814,4.05,4.05,3.9,3.92,33273
LCL,20260814,533.95,542.4,523.2,528.95,271602
LEAPIND,20260814,165.9,167.0,143.0,144.93,92916431
LEMERITE,20260814,23.55,23.55,22.31,23.17,410983
LEMONTREE,20260814,109.05,109.74,108.53,108.92,2255426
LENSKART,20260814,597.75,616.0,597.75,611.85,8204077
LEXUS,20260814,14.05,14.3,13.51,13.57,9278
LFIC,20260814,139.31,143.1,139.31,140.21,1527
LGBBROSLTD,20260814,1590.0,1601.5,1580.0,1596.7,18048
LGEINDIA,20260814,1620.0,1736.1,1611.0,1729.7,9832158
LGHL,20260814,198.0,199.81,178.5,182.0,53218
LIBAS,20260814,10.02,10.02,9.52,9.72,29438
LIBERTSHOE,20260814,238.0,242.0,238.0,238.7,17825
LICHSGFIN,20260814,502.0,502.1,498.0,500.0,874975
LICI,20260814,411.0,416.15,406.25,413.5,14993510
LICMFGOLD,20260814,136.45,136.8,135.05,136.4,36493
LICNETFGSC,20260814,29.64,29.74,29.62,29.73,14623
LICNETFN50,20260814,274.56,274.57,272.36,273.15,770
LICNETFSEN,20260814,884.14,884.74,874.93,880.0,138
LICNFNHGP,20260814,280.92,281.77,278.73,278.73,74
LICNMID100,20260814,64.72,64.73,64.35,64.46,2725
LIKHITHA,20260814,229.75,231.79,215.0,217.17,57860
LINC,20260814,98.99,100.39,96.72,97.92,16272
LINCOLN,20260814,638.0,644.4,609.3,613.4,134766
LINDEINDIA,20260814,6735.0,6735.0,6645.0,6696.0,16630
LIQGRWBEES,20260814,1051.81,1051.83,1051.81,1051.81,73028
LIQUID,20260814,999.99,1000.0,999.99,999.99,503451
LIQUID1,20260814,1119.0,1119.0,1118.37,1118.38,757684
LIQUIDADD,20260814,1140.44,1140.5,1140.44,1140.49,336323
LIQUIDBEES,20260814,999.99,1000.01,999.0,1000.0,2686770
LIQUIDBETF,20260814,1094.77,1094.79,1094.77,1094.78,209412
LIQUIDCASE,20260814,115.5,115.5,115.48,115.49,17379135
LIQUIDETF,20260814,1000.0,1000.01,999.99,999.99,278309
LIQUIDIETF,20260814,999.99,1000.01,955.0,998.9,419597
LIQUIDPLUS,20260814,1098.63,1099.58,1098.63,1099.09,887203
LIQUIDSBI,20260814,999.99,1000.01,999.99,1000.0,2803
LIQUIDSHRI,20260814,1117.48,1117.5,1117.48,1117.48,4818
LLOYDSENGG,20260814,91.15,94.5,91.15,93.53,8313171
LLOYDSENT,20260814,76.39,77.87,75.68,76.49,3029612
LLOYDSME,20260814,1900.0,1933.0,1884.6,1918.6,370653
LMW,20260814,18735.0,19179.0,18403.0,18921.0,11951
LODHA,20260814,1237.9,1254.6,1227.0,1243.9,1145101
LOKESHMACH,20260814,347.0,347.1,347.0,347.1,21428
LORDSCHLO,20260814,140.9,140.9,137.71,138.53,11935
LOTUSDEV,20260814,174.0,175.9,166.01,172.45,1513363
LOTUSEYE,20260814,117.5,118.2,115.0,115.22,9918
LOVABLE,20260814,73.5,74.0,72.0,72.7,9153
LOWVOL,20260814,211.39,211.52,210.85,210.85,3184
LOWVOL1,20260814,21.58,21.88,21.5,21.58,973756
LOWVOLIETF,20260814,22.81,22.81,22.17,22.59,1220552
LOYALTEX,20260814,220.0,220.5,216.0,218.2,836
LPDC,20260814,8.62,9.05,8.0,8.12,1401701
LT,20260814,4068.7,4072.5,4033.1,4057.0,934044
LTF,20260814,314.9,315.3,306.0,306.3,3682349
LTFOODS,20260814,418.95,425.95,418.35,419.8,345320
LTGILTBEES,20260814,30.15,30.15,30.08,30.12,1089898
LTGILTCASE,20260814,31.08,31.08,30.65,30.7,58682
LTM,20260814,4725.0,4801.2,4686.1,4715.0,189073
LTTS,20260814,3604.7,3604.7,3460.0,3476.8,142849
LUMAXIND,20260814,5886.0,5925.0,5773.5,5796.5,13046
LUMAXTECH,20260814,1970.0,2055.0,1970.0,2025.7,261553
LUPIN,20260814,2255.0,2263.1,2230.1,2235.0,591412
LUXIND,20260814,1209.3,1216.0,1175.0,1188.1,38933
LXCHEM,20260814,175.0,179.3,174.58,176.05,796176
LYKALABS,20260814,67.5,67.5,66.64,66.7,3584
M&M,20260814,3425.0,3430.0,3378.3,3428.3,1032969
M&MFIN,20260814,398.9,400.45,388.9,390.1,1855407
MAANALU,20260814,123.0,125.0,118.81,120.15,44569
MACPOWER,20260814,1752.0,1825.0,1725.0,1749.3,17852
MADHAV,20260814,35.04,36.2,35.04,35.04,221
MADHAVIPL,20260814,7.05,7.18,7.02,7.07,87530
MADHUCON,20260814,5.51,5.51,5.25,5.3,35768
MADRASFERT,20260814,66.5,66.5,65.07,65.56,21016
MAFANG,20260814,207.39,207.39,207.39,207.39,84336
MAFATIND,20260814,126.98,127.0,119.6,122.55,143374
MAGADSUGAR,20260814,544.0,560.15,537.55,543.3,26991
MAGNUM,20260814,19.2,19.85,19.0,19.03,38658
MAHABANK,20260814,81.95,81.95,79.8,80.12,10900006
MAHAPEXLTD,20260814,53.8,53.8,49.25,50.41,73053
MAHASTEEL,20260814,1033.8,1069.9,1028.7,1066.0,5720
MAHEPC,20260814,108.8,108.83,106.5,107.56,11162
MAHESHWARI,20260814,72.5,72.55,70.1,72.5,24666
MAHKTECH,20260814,23.41,23.41,23.41,23.41,348941
MAHLIFE,20260814,386.0,386.4,383.0,384.9,43419
MAHLOG,20260814,406.0,409.8,403.95,405.5,74988
MAHSCOOTER,20260814,13340.0,13533.0,13262.0,13330.0,1291
MAHSEAMLES,20260814,610.0,615.0,606.5,612.45,85390
MAITHANALL,20260814,974.0,997.0,967.6,971.25,28418
MAJESAUT,20260814,372.0,398.5,364.0,378.5,16595
MAKEINDIA,20260814,168.62,169.0,168.18,168.82,25558
MALLCOM,20260814,965.0,982.55,960.0,969.55,1937
MALUPAPER,20260814,32.0,32.0,31.4,31.63,602
MAMATA,20260814,420.0,435.0,420.0,426.5,94965
MANAKALUCO,20260814,40.41,40.8,39.1,39.33,56618
MANAKCOAT,20260814,117.28,119.0,115.11,116.35,933858
MANAKSIA,20260814,60.7,60.7,58.02,59.0,17685
MANAKSTEEL,20260814,85.97,86.75,84.75,86.12,40175
MANALIPETC,20260814,71.13,74.45,69.01,69.27,4376876
MANAPPURAM,20260814,348.0,352.0,344.55,349.0,3722962
MANBA,20260814,131.0,132.51,128.5,130.02,68384
MANCREDIT,20260814,245.74,246.55,236.0,238.07,47667
MANGALAM,20260814,29.0,29.9,27.6,28.07,41613
MANGLMCEM,20260814,900.8,905.2,891.0,896.35,21568
MANINDS,20260814,588.1,616.0,588.1,599.45,1277039
MANINFRA,20260814,107.0,108.56,105.11,106.15,1031223
MANIPALHOS,20260814,695.3,715.0,690.5,706.95,1401443
MANKIND,20260814,2412.5,2458.0,2412.5,2425.2,465158
MANOMAY,20260814,219.45,219.45,210.35,215.12,88951
MANORAMA,20260814,1729.0,1868.0,1683.1,1737.1,7298393
MANORG,20260814,451.05,454.25,445.15,449.9,11519
MANUFGBEES,20260814,167.86,170.0,165.95,169.27,2141
MANUGRAPH,20260814,15.7,16.29,15.5,15.59,37727
MANYAVAR,20260814,526.0,532.25,519.15,528.75,374338
MAPMYINDIA,20260814,993.7,999.0,985.0,989.7,69778
MARALOVER,20260814,53.0,53.69,51.1,53.1,3234
MARATHON,20260814,367.8,375.0,361.25,365.15,98450
MARICO,20260814,864.45,867.05,857.65,865.2,1050654
MARINE,20260814,372.0,388.0,362.25,370.7,1686077
MARKOLINES,20260814,179.15,179.5,173.83,175.12,65488
MARKSANS,20260814,301.15,336.6,300.75,333.0,20243407
MARSONS,20260814,102.3,109.9,101.75,104.52,3581844
MARUTI,20260814,13905.0,13943.0,13760.0,13834.0,216810
MASFIN,20260814,305.0,305.95,300.35,301.5,71544
MASKINVEST,20260814,148.13,148.13,148.13,148.13,1
MASPTOP50,20260814,80.72,80.72,80.72,80.72,40028
MASTEK,20260814,1833.0,1850.0,1805.0,1832.2,24933
MASTERTR,20260814,78.02,80.77,77.52,78.38,142450
MATRIMONY,20260814,539.9,542.9,528.05,538.4,61565
MAWANASUG,20260814,115.18,122.7,114.8,116.04,319639
MAXESTATES,20260814,442.8,455.0,435.0,441.95,95873
MAXHEALTH,20260814,1013.3,1017.9,981.1,1008.6,4051822
MAXIND,20260814,158.54,158.84,149.5,151.13,243638
MAYURUNIQ,20260814,759.0,767.45,742.25,744.4,50059
MAZDA,20260814,232.65,239.95,232.65,235.16,2678
MAZDOCK,20260814,2571.0,2603.7,2554.0,2580.0,1101261
MBAPL,20260814,166.5,170.59,166.5,168.46,427384
MBEL,20260814,270.1,279.0,268.6,270.4,231776
MBLINFRA,20260814,25.02,25.49,24.54,24.61,17395
MCCHRLS-B,20260814,699.8,700.0,675.0,679.35,97
MCL,20260814,56.61,58.6,56.61,57.2,52136
MCLEODRUSS,20260814,46.98,46.98,45.99,46.27,119892
MCLOUD,20260814,29.06,29.06,28.1,28.48,1019083
MCX,20260814,2970.0,2977.4,2911.5,2911.5,1478383
MEDANTA,20260814,1410.0,1429.9,1390.4,1422.6,296264
MEDIASSIST,20260814,352.9,352.9,345.0,348.7,87125
MEDICAMEQ,20260814,243.99,244.54,232.05,240.45,12895
MEDICO,20260814,47.0,47.0,43.63,45.58,572694
MEDPLUS,20260814,667.45,671.55,665.0,668.95,58139
MEESHO,20260814,193.1,193.34,190.1,191.16,6853564
MEGASTAR,20260814,302.0,316.9,299.75,315.6,4965
MEIL,20260814,272.35,274.85,270.0,272.5,18631
MENNPIS,20260814,72.78,75.0,71.69,73.72,36121
MENONBE,20260814,234.72,237.95,226.0,229.68,57837
MEP,20260814,0.62,0.62,0.62,0.62,4363
MERCANTILE,20260814,25.95,25.95,23.61,24.07,7196
MERCURYEV,20260814,35.08,36.4,34.0,36.08,140532
METAL,20260814,12.8,13.45,12.8,13.12,2057548
METALIETF,20260814,12.84,13.11,12.84,13.07,7037859
METROBRAND,20260814,940.0,947.9,930.0,944.1,24118
METROGLOBL,20260814,135.0,147.95,133.5,146.11,23758
METROPOLIS,20260814,560.0,561.0,542.2,545.5,242030
MFML,20260814,19.23,19.65,18.61,19.34,2106
MFSL,20260814,1555.0,1574.9,1511.2,1538.1,3968114
MGEL,20260814,14.65,14.65,14.3,14.43,16535
MGL,20260814,1127.4,1162.6,1127.4,1138.7,234621
MHLXMIRU,20260814,202.4,203.41,186.97,188.77,81013
MHRIL,20260814,225.87,229.99,223.88,226.62,91789
MICEL,20260814,36.0,36.79,35.75,36.55,121506
MID150,20260814,24.39,24.39,23.75,23.8,116034
MID150BEES,20260814,242.0,244.99,241.1,242.91,380128
MID150CASE,20260814,12.12,12.12,11.79,11.81,1139811
MIDBANKADD,20260814,17.47,17.47,17.34,17.39,5295
MIDCAP,20260814,18.78,18.82,18.65,18.7,332629
MIDCAPADD,20260814,23.56,23.59,23.51,23.53,8089
MIDCAPBETA,20260814,237.56,237.56,236.44,237.22,531
MIDCAPETF,20260814,24.01,24.5,23.94,23.98,928746
MIDCAPIETF,20260814,24.36,24.47,24.25,24.33,602947
MIDHANI,20260814,444.0,447.7,413.15,416.7,4346943
MIDQ50ADD,20260814,25.61,25.79,25.52,25.68,58296
MIDSELIETF,20260814,20.0,20.0,19.82,19.9,119642
MIDSMALL,20260814,52.29,52.76,52.1,52.19,143965
MIDWESTLTD,20260814,1130.2,1180.4,1119.1,1125.7,20513
MINDACORP,20260814,716.7,769.0,716.7,720.05,4747307
MINDTECK,20260814,176.36,179.52,176.36,177.85,21771
MIRZAINT,20260814,31.7,32.5,31.6,31.73,116240
MITCON,20260814,81.0,81.0,75.55,79.59,4095
MITTAL,20260814,0.91,0.92,0.9,0.91,152848
MKPL,20260814,4.21,4.21,4.1,4.13,118812
MMFL,20260814,615.95,619.8,580.25,589.75,242897
MMP,20260814,337.0,348.4,331.55,337.5,46178
MMTC,20260814,64.1,64.99,64.0,64.35,1263041
MMWL,20260814,15.46,16.05,15.0,15.87,182890
MNC,20260814,35.08,35.26,34.67,34.79,95710
MOALPHA50,20260814,56.3,56.3,56.0,56.15,2766
MOBANK10,20260814,17.27,17.29,16.75,16.93,9548
MOBIKWIK,20260814,204.4,207.8,202.1,203.21,701717
MOCAPITAL,20260814,53.74,53.8,53.11,53.26,758080
MODEFENCE,20260814,107.47,107.95,106.81,107.64,1680578
MODINATUR,20260814,398.05,403.9,388.05,400.65,11488
MODIRUBBER,20260814,120.0,120.5,118.0,119.33,820
MODIS,20260814,398.05,405.0,398.05,400.05,43066
MODISONLTD,20260814,339.15,339.15,339.15,339.15,50260
MODTHREAD,20260814,49.8,49.8,46.01,48.28,560
MOENERGY,20260814,39.33,39.33,38.65,38.82,73730
MOGOLD,20260814,149.8,150.05,148.35,149.95,35441
MOGSEC,20260814,65.44,65.8,65.39,65.5,460
MOHEALTH,20260814,52.04,52.04,51.26,51.76,38464
MOHITIND,20260814,24.6,24.75,23.67,23.81,22005
MOIL,20260814,279.6,279.85,273.25,274.15,561480
MOINFRA,20260814,59.9,60.03,59.54,59.94,1538
MOIPO,20260814,49.05,49.05,48.52,48.76,768
MOKSH,20260814,10.75,10.77,10.23,10.53,57429
MOL,20260814,57.99,63.67,57.54,63.23,12711413
MOLDTECH,20260814,185.0,189.0,184.0,185.54,38965
MOLDTKPAC,20260814,698.0,698.0,685.0,694.4,35526
MOLOWVOL,20260814,37.3,37.99,37.15,37.36,4431
MOM100,20260814,69.01,69.2,68.7,68.86,209236
MOM30IETF,20260814,31.73,31.81,31.57,31.65,230950
MOM50,20260814,255.1,255.67,253.96,254.25,3147
MOMENTUM,20260814,32.35,32.35,31.38,31.65,19599
MOMENTUM30,20260814,31.21,31.24,31.0,31.17,170325
MOMENTUM50,20260814,54.67,54.74,54.22,54.41,345589
MOMETAL,20260814,13.3,13.3,12.85,13.05,17506
MOMGF,20260814,165.87,167.42,165.0,165.88,799
MOMIDMTM,20260814,65.88,65.88,64.75,65.04,81382
MOMMIDCAP,20260814,13.39,13.39,13.01,13.02,739455
MOMNC,20260814,33.82,33.84,33.59,33.76,2495
MOMOMENTUM,20260814,63.43,63.7,62.74,62.96,34185
MON100,20260814,332.6,332.6,332.6,332.6,127466
MON50EQUAL,20260814,33.88,33.98,33.88,33.9,2339
MONARCH,20260814,380.0,406.95,377.85,390.6,874751
MONEXT50,20260814,74.6,74.83,74.35,74.66,2790
MONEYBOXX,20260814,57.76,59.0,57.25,58.49,1706
MONIFTY100,20260814,25.92,26.25,25.61,25.8,6591
MONIFTY500,20260814,24.27,24.37,24.12,24.21,290694
MONQ50,20260814,150.15,150.15,150.15,150.15,27732
MONTECARLO,20260814,505.9,513.9,502.05,508.4,47646
MOOILGAS,20260814,11.38,11.38,11.19,11.21,1675
MOPSE,20260814,101.48,101.49,99.9,100.39,1737
MOQUALITY,20260814,205.02,205.38,204.37,205.35,1367
MOREALTY,20260814,89.95,90.32,89.31,89.67,476160
MOREPENLAB,20260814,81.7,84.84,78.5,84.19,40157885
MOSCHIP,20260814,209.6,211.48,207.0,208.31,705281
MOSERVICE,20260814,31.19,31.42,31.19,31.4,1403
MOSILVER,20260814,228.37,229.68,225.25,229.02,28199
MOSMALL250,20260814,18.53,18.53,18.37,18.43,476071
MOTHERSON,20260814,167.42,169.28,166.71,168.3,10509453
MOTILALOFS,20260814,900.05,905.95,890.0,903.7,473233
MOTISONS,20260814,14.76,17.5,14.48,16.75,410441404
MOTOGENFIN,20260814,26.07,26.07,26.07,26.07,755
MOTOUR,20260814,80.49,80.7,79.7,80.18,16303
MOVALUE,20260814,115.79,115.9,113.97,114.71,76391
MPHASIS,20260814,2537.0,2556.9,2501.0,2545.0,370677
MPSLTD,20260814,2750.1,2827.9,2750.1,2808.7,20957
MRF,20260814,130985.0,133855.0,130560.0,133490.0,4857
MRPL,20260814,173.81,176.69,170.0,170.54,3410330
MSCI360,20260814,10.25,10.7,10.25,10.25,31972
MSCIADD,20260814,30.0,30.0,29.99,29.99,20
MSCIINDIA,20260814,30.33,30.4,30.18,30.38,41707
MSPL,20260814,33.51,33.87,33.0,33.48,685622
MSTCLTD,20260814,579.55,628.8,578.0,623.4,831926
MSUMI,20260814,40.4,40.97,40.26,40.35,4647176
MTARTECH,20260814,7268.0,7268.0,7020.0,7056.0,54652
MTEDUCARE,20260814,1.97,1.97,1.8,1.87,30523
MTNL,20260814,26.54,26.69,26.3,26.35,460875
MUFIN,20260814,136.99,138.0,134.76,135.54,655319
MUFTI,20260814,79.87,80.0,78.01,78.2,58497
MUKANDLTD,20260814,135.7,136.52,133.03,134.14,84973
MUKKA,20260814,26.25,27.17,25.44,26.5,920331
MUKTAARTS,20260814,56.0,57.83,56.0,56.5,2538
MULTICAP,20260814,16.93,16.98,16.89,16.92,77676
MUNJALAU,20260814,122.06,125.23,116.68,120.53,24017145
MUNJALSHOW,20260814,140.5,143.3,137.3,138.21,76446
MURUDCERA,20260814,30.5,31.25,30.32,30.5,15413
MUTHOOTCAP,20260814,260.5,260.87,254.97,255.41,3956
MUTHOOTFIN,20260814,2875.7,2883.0,2841.3,2842.0,514052
MUTHOOTMF,20260814,213.0,213.35,207.72,208.41,425096
MVELECTRO,20260814,618.8,632.0,585.0,588.65,980894
MVGJL,20260814,155.97,160.0,154.83,157.14,31522
MWL,20260814,41.69,41.9,40.33,41.28,221649
NACLIND,20260814,172.0,172.9,165.0,166.54,652171
NAGREEKCAP,20260814,22.8,24.34,22.38,23.84,16605
NAGREEKEXP,20260814,23.49,25.49,22.9,24.32,525284
NAHARCAP,20260814,259.98,259.98,253.0,256.06,1220
NAHARINDUS,20260814,123.71,123.75,119.5,122.04,12612
NAHARPOLY,20260814,254.9,254.95,236.35,243.3,18847
NAHARSPING,20260814,302.3,308.95,301.25,302.0,6077
NAM-INDIA,20260814,1170.0,1177.4,1159.6,1167.9,512668
NARMADA,20260814,14.85,15.3,14.72,15.19,1450147
NATCAPSUQ,20260814,150.85,151.49,147.42,149.72,7278
NATCOPHARM,20260814,951.7,964.85,886.35,903.15,2494304
NATHBIOGEN,20260814,156.0,156.0,154.0,155.06,8765
NATIONALUM,20260814,378.6,384.95,375.0,376.0,14954594
NATIONSTD,20260814,148.47,148.47,148.47,148.47,1513
NAUKRI,20260814,1365.0,1367.1,1337.0,1343.0,1048678
NAVA,20260814,578.55,588.4,560.5,572.65,1150751
NAVINFLUOR,20260814,8340.0,8345.5,8213.0,8235.0,71116
NAVKARCORP,20260814,99.2,100.34,98.4,99.49,219651
NAVKARURB,20260814,1.0,1.03,0.96,0.99,332048
NAVNETEDUL,20260814,134.55,135.0,133.41,134.01,77803
NAZARA,20260814,354.6,362.0,354.6,355.9,1553469
NBCC,20260814,91.99,92.46,89.1,89.15,10143348
NBIFIN,20260814,2093.0,2120.0,2077.1,2092.5,384
NCC,20260814,143.2,143.71,140.47,140.65,1330863
NCLIND,20260814,173.25,174.6,172.1,172.57,23482
NDGL,20260814,2951.0,3140.9,2825.1,2927.9,1195
NDL,20260814,2.37,2.38,2.31,2.32,837890
NDLVENTURE,20260814,129.9,129.9,125.22,127.46,7223
NDRAUTO,20260814,808.8,822.5,796.0,817.0,29059
NDTV,20260814,76.0,76.84,75.77,76.53,110333
NEAGI,20260814,3139.0,3139.0,3139.0,3139.0,18
NECCLTD,20260814,15.1,15.15,14.85,15.1,16575
NECLIFE,20260814,11.65,11.65,10.8,11.0,315029
NELCAST,20260814,118.22,119.7,117.6,117.78,57674
NELCO,20260814,1050.0,1075.1,1014.1,1024.6,409428
NEOGEN,20260814,2139.0,2223.1,2112.2,2204.9,176126
NEPHROPLUS,20260814,675.9,722.0,675.6,696.7,261296
NESCO,20260814,1041.2,1051.4,1035.0,1038.0,17492
NESTLEIND,20260814,1506.9,1515.8,1496.1,1499.1,1500577
NETF,20260814,258.76,267.84,258.76,264.83,658
NETWEB,20260814,5200.0,5269.0,4991.3,5007.2,1695255
NETWORK18,20260814,28.98,29.37,28.74,29.01,1774237
NEUEON,20260814,17.12,17.12,16.0,16.97,65737
NEULANDLAB,20260814,23100.0,23650.0,23030.0,23320.0,83744
NEWGEN,20260814,537.0,547.25,533.8,535.15,327706
NEXT30ADD,20260814,43.71,44.29,43.65,43.78,5286
NEXT50,20260814,774.37,774.37,767.64,770.84,15145
NEXT50ADD,20260814,75.07,75.19,74.84,75.1,2824
NEXT50BETA,20260814,80.11,80.73,80.1,80.2,150951
NEXT50ETF,20260814,75.37,75.43,75.09,75.24,4422
NEXT50IETF,20260814,79.13,79.13,78.24,78.58,836526
NEXTMEDIA,20260814,3.83,3.94,3.74,3.86,2650
NFL,20260814,72.4,72.77,71.52,71.81,396176
NGIL,20260814,40.11,42.48,40.11,42.26,17884
NGLFINE,20260814,3460.6,3529.0,3424.1,3454.0,3632
NH,20260814,1840.0,1843.3,1815.0,1832.6,222945
NHPC,20260814,77.52,77.95,76.8,76.9,3897275
NIACL,20260814,181.25,181.35,176.6,179.08,572844
NIBE,20260814,1496.0,1570.0,1467.7,1490.1,98084
NIBL,20260814,35.55,35.55,32.26,33.29,16702
NIF100BEES,20260814,271.0,272.73,268.81,271.73,49492
NIF100IETF,20260814,28.42,28.7,28.42,28.53,32823
NIFTY1,20260814,270.72,271.2,269.71,270.84,47395
NIFTY100EW,20260814,35.13,36.3,35.13,35.85,27340
NIFTYADD,20260814,254.39,257.71,254.39,257.3,2147
NIFTYAXIS,20260814,270.67,270.67,269.02,270.39,2677
NIFTYBEES,20260814,279.99,279.99,277.24,278.35,3170444
NIFTYBETA,20260814,270.72,271.13,269.58,270.48,23962
NIFTYBETF,20260814,251.27,251.68,249.96,251.56,1173
NIFTYCASE,20260814,9.92,9.92,9.76,9.82,472245
NIFTYETF,20260814,265.33,265.89,263.11,265.71,81743
NIFTYIETF,20260814,276.76,277.24,275.96,276.84,271480
NIFTYQLITY,20260814,22.04,22.04,21.81,21.9,38467
NIITLTD,20260814,96.25,96.9,93.52,95.55,115693
NIITMTS,20260814,244.41,246.78,237.0,240.96,92727
NILAINFRA,20260814,7.22,7.3,7.1,7.14,191691
NILASPACES,20260814,12.15,13.0,12.01,12.31,894430
NILE,20260814,1563.9,1563.9,1475.0,1487.3,10476
NILKAMAL,20260814,1940.0,1950.0,1853.5,1860.0,36199
NIMBSPROJ,20260814,179.0,182.0,176.0,180.0,25750
NINSYS,20260814,703.1,751.0,683.15,738.95,19081
NIPPOBATRY,20260814,325.0,336.8,323.45,330.15,3152
NIRAJ,20260814,28.74,29.45,28.0,28.2,110215
NIRLON,20260814,630.0,645.0,623.05,626.6,2544
NITCO,20260814,91.95,93.79,91.5,93.26,248519
NITINSPIN,20260814,534.0,558.95,534.0,552.95,195614
NITIRAJ,20260814,208.17,212.0,205.0,205.89,2561
NITTAGELA,20260814,1583.5,1640.0,1560.4,1607.4,6033
NIVABUPA,20260814,84.19,84.21,82.37,82.72,625509
NLCINDIA,20260814,274.8,277.3,271.65,275.4,1346829
NMDC,20260814,85.33,85.35,83.14,84.4,18589633
NOCIL,20260814,163.9,163.9,160.5,161.42,163388
NOIDATOLL,20260814,4.15,4.27,3.95,4.03,173118
NORBTEAEXP,20260814,62.0,63.8,60.82,63.02,3728
NORTHARC,20260814,285.0,288.4,280.05,281.35,403196
NOVAAGRI,20260814,25.11,25.2,24.5,24.5,42410
NOVARTIND,20260814,1548.3,1675.1,1548.3,1582.5,16470
NPBET,20260814,282.65,283.55,281.89,283.44,57
NPST,20260814,1648.0,1670.0,1572.0,1586.2,35535
NRAIL,20260814,502.7,530.95,500.0,523.95,11295
NRBBEARING,20260814,470.95,474.85,457.05,458.9,288700
NRL,20260814,116.9,117.0,116.0,117.0,47212
NSIL,20260814,5494.5,5559.5,5471.0,5496.0,663
NSLNISP,20260814,45.51,46.19,44.0,44.5,10079897
NTPC,20260814,343.65,343.65,337.5,340.0,7507624
NTPCGREEN,20260814,92.35,92.89,91.6,91.93,1345741
NUCLEUS,20260814,716.8,722.55,700.55,703.9,31196
NURECA,20260814,349.5,358.0,345.0,346.3,9598
NUVAMA,20260814,1713.4,1713.7,1644.4,1670.1,204091
NUVOCO,20260814,336.0,336.0,330.25,331.55,197592
NV20,20260814,14.15,14.15,14.0,14.07,54664
NV20BEES,20260814,141.39,142.0,140.21,141.24,15473
NV20IETF,20260814,13.78,13.8,13.69,13.75,226612
NYKAA,20260814,329.95,332.9,328.55,331.0,2229320
OAL,20260814,355.2,373.45,345.35,348.1,23256
OBCL,20260814,53.5,54.69,53.5,54.43,2494
OBEROIRLTY,20260814,1855.0,1863.0,1835.1,1846.0,259326
OCCLLTD,20260814,149.5,155.1,149.5,152.21,31447
ODIGMA,20260814,22.11,23.35,22.11,22.59,6721
OFSS,20260814,11449.0,11850.0,11318.0,11828.0,258662
OIL,20260814,478.0,478.0,465.8,468.5,1994908
OILCOUNTUB,20260814,60.5,60.5,58.5,59.1,26314
OILIETF,20260814,11.43,11.43,11.35,11.37,1361509
OLAELEC,20260814,39.6,39.79,38.46,38.73,33130857
OLECTRA,20260814,1330.0,1360.4,1311.0,1316.9,897090
OMAXAUTO,20260814,205.0,211.93,203.0,204.96,61818
OMAXE,20260814,103.0,108.61,95.51,99.14,18269128
OMFREIGHT,20260814,98.5,99.0,93.16,97.1,11424
OMINFRAL,20260814,86.8,86.98,84.91,85.04,62807
OMNI,20260814,585.0,597.0,575.0,579.0,443076
OMPOWER,20260814,170.73,172.0,167.46,169.95,101287
ONELIFECAP,20260814,32.17,33.74,32.17,33.73,303047
ONEPOINT,20260814,59.2,59.28,57.44,58.38,1176128
ONESOURCE,20260814,1566.0,1579.0,1533.0,1559.2,239351
ONGC,20260814,239.49,239.6,235.25,236.4,12128656
ONIDA,20260814,37.0,37.09,35.26,35.79,294820
ONMOBILE,20260814,63.03,63.03,63.03,63.03,11815
ONWARDTEC,20260814,289.5,289.5,280.45,284.05,17108
OPTIEMUS,20260814,553.0,566.6,546.7,561.1,110782
ORBTEXP,20260814,235.55,245.0,235.55,235.93,30608
ORCHASP,20260814,1.5,1.5,1.41,1.46,96412
ORCHPHARMA,20260814,1042.0,1070.0,1035.0,1045.65,64474
ORICONENT,20260814,51.79,53.61,51.55,53.12,25192
ORIENTALTL,20260814,5.05,5.28,5.0,5.13,67907
ORIENTBELL,20260814,357.3,357.3,346.65,350.75,11479
ORIENTCEM,20260814,132.39,133.27,131.61,132.55,281578
ORIENTCER,20260814,42.5,44.6,40.06,43.38,197195
ORIENTELEC,20260814,191.02,191.02,187.0,187.31,95167
ORIENTHOT,20260814,123.2,127.19,123.2,124.2,254428
ORIENTLTD,20260814,75.01,76.2,73.0,74.11,2426
ORIENTPPR,20260814,17.0,17.07,16.85,16.88,237567
ORIENTTECH,20260814,253.8,260.3,253.55,258.55,118463
ORISSAMINE,20260814,4976.0,5030.0,4805.0,4883.1,32045
ORKLAINDIA,20260814,547.65,552.5,542.6,549.75,132578
ORTINGLOBE,20260814,16.0,16.2,15.51,15.8,8426
OSIAHYPER,20260814,2.43,2.5,2.41,2.46,468397
OSWALAGRO,20260814,37.66,38.0,37.0,37.78,29663
OSWALGREEN,20260814,21.21,21.46,20.95,20.99,63794
OSWALPUMPS,20260814,309.4,313.0,299.0,300.5,583995
OSWALSEEDS,20260814,11.79,12.15,11.0,12.15,952278
PACEDIGITK,20260814,180.95,183.9,178.99,180.92,557657
PAGEIND,20260814,37750.0,38290.0,36620.0,36750.0,119084
PAISALO,20260814,69.85,70.29,68.5,68.67,4853988
PAKKA,20260814,75.84,75.84,73.0,74.4,47224
PALASHSECU,20260814,91.0,91.0,88.21,90.8,984
PALREDTEC,20260814,51.5,53.5,51.2,51.8,13131
PANACEABIO,20260814,418.9,430.0,395.1,396.45,243984
PANACHE,20260814,508.4,524.75,481.65,524.75,19738
PANAMAPET,20260814,499.0,499.0,477.5,482.6,787943
PANSARI,20260814,318.5,322.15,305.0,311.7,1023
PAR,20260814,98.2,103.0,98.2,102.25,7976
PARACABLES,20260814,68.73,70.5,61.83,65.27,5182492
PARADEEP,20260814,147.34,148.5,146.97,147.85,1220736
PARAGMILK,20260814,219.65,219.65,210.0,210.8,566489
PARAS,20260814,1345.0,1400.0,1339.6,1377.5,2826601
PARASPETRO,20260814,2.48,2.49,2.34,2.36,115710
PARKHOSPS,20260814,283.0,284.55,279.5,281.35,206154
PARKHOTELS,20260814,122.0,122.0,117.0,117.7,77360
PARSVNATH,20260814,1.5,1.5,1.5,1.5,168178
PASHUPATI,20260814,85.5,85.77,84.41,84.65,9420
PASUPTAC,20260814,61.93,61.93,58.11,58.97,46147
PATANJALI,20260814,353.85,353.85,347.2,352.0,2464334
PATELENG,20260814,28.53,28.79,28.3,28.45,1782968
PATELRMART,20260814,213.11,221.39,212.5,219.62,48018
PATINTLOG,20260814,13.35,14.47,13.35,13.91,53280
PAUSHAKLTD,20260814,751.4,756.6,720.05,740.8,54889
PAVNAIND,20260814,19.5,19.5,17.67,17.94,56902
PAYTM,20260814,1644.2,1657.6,1603.0,1603.0,3221449
PCBL,20260814,314.8,317.2,308.75,309.8,626280
PCJEWELLER,20260814,9.55,9.7,9.45,9.64,94796940
PDMJEPAPER,20260814,90.0,90.84,87.0,88.08,122515
PDSL,20260814,371.2,378.5,368.6,369.85,29629
PEARLPOLY,20260814,17.65,17.7,16.27,16.77,13287
PENIND,20260814,159.0,159.0,150.82,152.43,506119
PENINLAND,20260814,15.5,15.5,15.25,15.5,34189
PERSISTENT,20260814,5549.0,5618.5,5447.0,5580.0,633514
PETRONET,20260814,279.25,283.5,277.15,282.6,4682500
PFC,20260814,376.95,379.8,374.95,376.0,5851335
PFIZER,20260814,5036.0,5036.0,4864.0,4874.8,11698
PFOCUS,20260814,276.75,279.2,267.6,269.6,255736
PFS,20260814,28.55,28.59,27.92,28.35,362570
PGEL,20260814,611.95,615.9,599.5,601.0,840464
PGHH,20260814,8487.0,8585.0,8418.0,8426.5,7264
PGHL,20260814,5920.0,5985.0,5901.0,5932.0,20396
PGIL,20260814,2464.6,2495.0,2445.1,2474.6,50702
PHARMABEES,20260814,27.49,27.72,27.19,27.25,3835127
PHOENIXLTD,20260814,1898.3,1900.0,1880.1,1890.0,204495
PICCADIL,20260814,661.6,675.45,639.5,641.9,652212
PIDILITIND,20260814,1690.1,1707.5,1684.4,1693.0,680220
PIGL,20260814,109.24,109.9,105.1,106.36,38955
PIIND,20260814,2478.8,2505.0,2461.0,2490.1,352632
PILANIINVS,20260814,4549.5,4620.0,4534.0,4547.0,4873
PILITA,20260814,8.6,8.6,8.1,8.48,67790
PINELABS,20260814,167.0,169.1,164.3,164.86,7778096
PIONEEREMB,20260814,23.21,24.0,22.28,23.57,2918
PIONRINV,20260814,84.99,84.99,81.0,81.2,903
PIRAMALFIN,20260814,2060.0,2075.0,2051.0,2057.7,67688
PITTIENG,20260814,1074.0,1092.0,1052.1,1059.8,111273
PIXTRANS,20260814,1917.0,1969.0,1881.5,1896.8,30304
PKTEA,20260814,653.45,694.0,653.4,679.95,396
PLASTIBLEN,20260814,197.47,202.8,197.13,199.17,44465
PLATIND,20260814,222.0,222.0,212.71,215.42,31808
PLAZACABLE,20260814,56.38,56.38,55.12,56.38,97124
PML,20260814,499.95,499.95,484.05,490.0,481
PNB,20260814,117.88,118.9,117.4,118.0,11249012
PNBGILTS,20260814,79.56,80.5,78.81,79.41,204045
PNBHOUSING,20260814,1163.0,1166.0,1146.7,1150.5,207572
PNC,20260814,18.65,19.15,17.95,18.4,12221
PNCINFRA,20260814,219.39,220.85,216.2,217.92,541991
PNGJL,20260814,628.2,631.8,608.25,610.7,558445
PNGSREVA,20260814,603.8,603.8,565.0,571.75,318815
POCL,20260814,493.9,495.8,484.5,491.95,286907
PODDARMENT,20260814,262.45,269.0,259.0,264.2,7393
POKARNA,20260814,973.8,986.95,949.0,952.4,36935
POLICYBZR,20260814,1743.4,1754.6,1732.1,1741.0,751002
POLYCAB,20260814,9297.0,9329.0,9225.0,9240.0,128223
POLYMED,20260814,1811.5,1819.2,1765.0,1786.2,139114
POLYPLEX,20260814,1162.0,1207.3,1160.0,1181.5,116987
PONNIERODE,20260814,350.0,353.9,339.6,345.3,52974
POONAWALLA,20260814,505.05,511.9,492.75,497.9,2731211
POWERGRID,20260814,267.0,268.2,265.75,266.05,6758273
POWERICA,20260814,580.4,580.4,542.7,549.95,127624
POWERINDIA,20260814,35385.0,36230.0,35280.0,35700.0,113737
POWERMECH,20260814,2460.0,2478.0,2440.1,2455.2,35493
PPAP,20260814,287.9,295.3,283.0,291.9,11549
PPL,20260814,261.0,277.0,260.0,274.35,70442
PPLPHARMA,20260814,203.4,215.85,202.01,206.64,11439262
PRABHA,20260814,158.5,160.0,155.0,155.93,15282
PRADPME,20260814,499.0,507.9,494.95,497.6,3722
PRAENG,20260814,19.7,21.09,19.7,20.2,24632
PRAJIND,20260814,321.55,347.7,321.0,335.25,6284959
PRAKASH,20260814,121.8,147.03,117.5,137.68,3123125
PRAKASHSTL,20260814,3.99,3.99,3.94,3.94,48632
PRAVEG,20260814,263.1,285.55,252.3,269.7,219208
PRAXIS,20260814,6.9,6.9,6.13,6.21,398161
PRECAM,20260814,135.0,136.99,133.12,135.0,70647
PRECOT,20260814,788.0,788.0,710.1,717.15,17344
PRECWIRE,20260814,464.0,474.65,451.65,458.35,830337
PREMCO,20260814,375.5,386.0,375.5,385.95,384
PREMEXPLN,20260814,647.1,658.85,647.1,651.9,424986
PREMIER,20260814,2.83,2.83,2.75,2.8,4322
PREMIERENE,20260814,1036.0,1038.8,1015.0,1017.3,535800
PREMIERPOL,20260814,72.0,74.94,71.31,73.55,122816
PRESTIGE,20260814,1620.0,1623.9,1582.4,1592.5,275252
PRICOLLTD,20260814,762.45,795.0,761.6,792.05,543858
PRIMESECU,20260814,286.0,291.05,280.6,281.95,18599
PRIMO,20260814,24.11,26.6,22.35,25.62,1299946
PRINCEPIPE,20260814,281.6,289.0,280.25,284.0,336008
PRITI,20260814,35.69,36.85,34.31,35.79,7358
PRITIKAUTO,20260814,17.11,17.99,17.1,17.3,87481
PRIVISCL,20260814,3501.0,3541.5,3451.5,3482.2,61365
PROSTARM,20260814,136.25,139.0,132.01,134.39,229560
PROTEAN,20260814,555.85,559.5,547.75,551.9,155533
PROZONER,20260814,41.6,42.5,40.69,42.02,151446
PRSMJOHNSN,20260814,105.51,106.2,105.0,105.12,381468
PRUDENT,20260814,3315.0,3384.9,3249.5,3257.1,43980
PRUDMOULI,20260814,13.6,13.6,12.66,13.35,15654
PSB,20260814,23.59,23.7,23.5,23.59,483499
PSPPROJECT,20260814,918.0,936.05,906.1,922.4,50643
PSUBANK,20260814,87.71,88.12,86.94,87.24,60337
PSUBANKADD,20260814,88.93,88.93,87.93,88.22,22992
PSUBNKBEES,20260814,97.9,98.71,97.31,97.52,1891699
PSUBNKIETF,20260814,89.0,89.23,88.09,88.46,125770
PTC,20260814,164.11,164.67,160.6,161.47,1981660
PTCIL,20260814,19235.0,19328.0,18921.0,19050.0,15593
PTL,20260814,39.38,39.38,38.45,38.64,56158
PUNJABCHEM,20260814,1093.6,1104.9,1084.1,1094.8,2111
PURVA,20260814,218.95,222.34,216.0,218.21,198836
PVP,20260814,35.96,36.78,35.12,35.43,577134
PVRINOX,20260814,1176.1,1189.9,1165.0,1174.0,125565
PVSL,20260814,114.3,116.95,112.05,116.51,26108
PVTBANIETF,20260814,27.63,27.65,27.53,27.61,2019794
PVTBANK,20260814,27.34,27.85,27.25,27.37,19096
PVTBANKADD,20260814,27.65,27.99,27.61,27.79,3093809
PVTBKGROWW,20260814,27.77,27.77,27.26,27.51,11852
PWL,20260814,118.51,119.62,115.6,117.12,5446152
PYRAMID,20260814,162.0,164.18,160.0,162.97,31718
QGOLDHALF,20260814,127.28,127.28,124.01,125.29,153604
QMSMEDI,20260814,129.61,135.0,126.0,131.92,46602
QNIFTY,20260814,268.4,269.0,268.0,268.8,628
QPOWER,20260814,1287.7,1290.0,1235.5,1249.3,190213
QUADFUTURE,20260814,364.0,368.0,358.25,360.45,147515
QUAL30IETF,20260814,21.66,21.86,21.61,21.67,68631
QUALITY30,20260814,21.28,21.3,21.24,21.27,7428
QUESS,20260814,331.25,340.0,325.05,337.8,444663
QUICKHEAL,20260814,150.0,152.99,148.2,149.09,40522
QUINT,20260814,37.16,38.84,36.7,37.56,3162
RACE,20260814,103.99,103.99,99.39,100.07,18793
RACLGEAR,20260814,1391.0,1416.9,1380.0,1387.3,19205
RADAAN,20260814,3.08,3.1,2.99,3.06,17481
RADHIKAJWE,20260814,70.92,70.92,68.55,69.29,317500
RADIANTCMS,20260814,36.75,36.75,35.86,36.08,145668
RADICO,20260814,4670.5,4670.5,4575.6,4650.0,311862
RADIOCITY,20260814,6.8,6.94,6.61,6.71,25035
RAILTEL,20260814,284.0,285.8,281.7,282.15,184599
RAIN,20260814,211.0,213.19,206.25,208.69,3240000
RAINBOW,20260814,1453.0,1468.0,1414.5,1461.8,230835
RAJESHEXPO,20260814,81.0,82.0,81.0,81.62,55846
RAJMET,20260814,3.27,3.3,3.1,3.21,335604
RAJOOENG,20260814,51.2,51.2,50.1,50.98,66303
RAJPALAYAM,20260814,840.0,855.0,831.0,838.15,1697
RAJRATAN,20260814,528.0,532.3,514.0,515.8,73116
RAJRILTD,20260814,21.6,21.74,20.9,21.7,12790
RAJSREESUG,20260814,33.0,34.0,32.0,32.67,34828
RAJTV,20260814,10.14,10.25,10.0,10.22,27304
RALLIS,20260814,213.0,216.2,211.12,212.48,825829
RAMANEWS,20260814,31.5,33.3,30.9,31.62,11064
RAMAPHO,20260814,120.11,120.89,118.84,119.85,21747
RAMASTEEL,20260814,4.41,4.41,4.41,4.41,468955
RAMBHAJO,20260814,182.45,184.4,173.1,177.79,220456
RAMCOCEM,20260814,911.8,937.8,902.25,907.2,446773
RAMCOIND,20260814,358.2,361.9,352.9,356.95,170959
RAMCOSYS,20260814,595.75,611.0,583.3,595.7,129582
RAMKY,20260814,392.1,395.0,387.0,390.05,24128
RAMRAT,20260814,473.8,478.85,469.0,475.05,138081
RANASUG,20260814,13.37,13.52,13.01,13.05,243663
RANEHOLDIN,20260814,1758.1,1779.9,1642.0,1674.4,44974
RATEGAIN,20260814,888.9,944.9,888.5,942.6,639243
RATNAMANI,20260814,2282.2,2360.3,2281.0,2352.0,29086
RATNAVEER,20260814,221.0,233.02,209.0,230.16,21537789
RAYMOND,20260814,643.5,644.8,630.25,635.45,273383
RAYMONDLSL,20260814,737.75,758.0,733.0,741.2,195702
RAYMONDREL,20260814,570.9,581.85,567.05,577.8,223402
RBA,20260814,98.5,102.1,96.79,99.08,12303317
RBLBANK,20260814,387.25,388.3,382.25,385.0,1471037
RBZJEWEL,20260814,139.39,142.09,139.23,140.84,31601
RCF,20260814,126.0,126.79,123.6,124.05,1142528
RCOM,20260814,0.81,0.82,0.8,0.81,3013940
RECLTD,20260814,344.15,344.5,334.5,335.0,7298422
REDINGTON,20260814,346.0,347.7,332.65,334.05,1569582
REDTAPE,20260814,124.19,124.33,121.85,122.19,249769
REFEX,20260814,293.4,302.0,291.0,297.25,390259
REGAAL,20260814,87.3,87.5,81.75,86.0,86091
REGENCERAM,20260814,43.99,43.99,35.5,36.31,29386
RELAXO,20260814,409.6,420.0,394.2,396.25,463818
RELCHEMQ,20260814,124.9,124.9,117.99,118.99,6778
RELIABLE,20260814,144.6,144.6,136.0,139.86,317803
RELIANCE,20260814,1317.0,1317.5,1301.5,1310.0,10497358
RELIGARE,20260814,234.0,236.3,229.95,234.75,1513186
RELINFRA,20260814,67.12,67.12,67.12,67.12,13785
RELTD,20260814,170.99,170.99,164.0,164.7,166613
REMSONSIND,20260814,88.3,90.1,87.91,88.25,93316
RENUKA,20260814,22.15,22.55,21.9,21.95,3607964
REPCOHOME,20260814,362.5,369.95,356.3,357.55,70965
REPL,20260814,64.5,64.99,62.81,64.0,1164
REPRO,20260814,330.0,331.2,318.0,324.75,22325
RESPONIND,20260814,167.5,170.8,164.0,165.9,78035
RETAIL,20260814,17.31,19.8,17.31,19.03,7001
RGL,20260814,115.0,124.9,115.0,123.03,5684564
RHETAN,20260814,20.9,21.55,20.9,21.05,23892340
RHFL,20260814,1.79,1.81,1.77,1.78,340613
RHIM,20260814,393.55,394.55,378.05,379.85,581225
RHL,20260814,169.8,174.4,166.11,166.94,5723
RICOAUTO,20260814,132.25,136.25,131.06,132.0,1561117
RIIL,20260814,744.8,745.9,735.0,743.6,28667
RIR,20260814,167.95,168.62,163.21,165.36,165640
RISHABH,20260814,673.9,673.95,642.0,648.65,298554
RITCO,20260814,300.0,303.0,273.05,295.6,162454
RITES,20260814,224.39,225.56,220.22,221.06,192372
RKDL,20260814,18.56,18.9,18.2,18.63,12485
RKEC,20260814,24.95,25.55,24.66,25.02,23050
RKFORGE,20260814,730.0,741.8,728.35,732.6,404732
RKSWAMY,20260814,98.35,99.05,94.0,94.59,40589
RMC,20260814,268.1,274.95,265.0,267.0,55955
RMDRIP,20260814,17.99,18.88,17.55,17.65,471888
RML,20260814,1120.5,1148.3,1102.0,1113.5,24084
RNBDENIMS,20260814,8.88,9.34,8.81,8.93,116781
ROHLTD,20260814,315.75,316.0,311.0,312.35,7692
ROLEXRINGS,20260814,177.8,181.8,174.26,176.3,4236117
ROLLT,20260814,3.18,3.27,2.97,3.02,580793
ROML,20260814,45.0,45.0,44.07,44.52,1130
ROSSARI,20260814,497.4,510.0,496.85,503.0,39908
ROSSELLIND,20260814,55.77,56.8,55.04,55.58,18979
ROSSTECH,20260814,1057.15,1102.0,1057.15,1073.45,156621
ROTO,20260814,66.5,66.9,65.56,66.11,322644
ROUTE,20260814,514.0,514.0,504.0,505.25,183802
RPEL,20260814,1399.0,1473.0,1389.6,1433.9,243416
RPGLIFE,20260814,2830.5,2843.0,2757.8,2782.3,14339
RPOWER,20260814,23.3,23.4,22.91,22.98,11979556
RPPINFRA,20260814,61.9,61.9,58.51,59.65,53729
RPPL,20260814,23.56,24.0,22.55,23.33,11283
RPSGVENT,20260814,900.0,919.0,867.0,890.15,60010
RPTECH,20260814,871.15,874.45,828.45,834.05,298989
RRIL,20260814,17.0,17.21,16.7,16.71,3947
RRKABEL,20260814,2830.0,2845.0,2765.4,2785.6,202673
RSDFIN,20260814,112.1,112.1,112.09,112.09,3283
RSL,20260814,168.79,171.37,164.4,165.42,471828
RSSOFTWARE,20260814,33.82,34.49,32.36,33.14,14042
RSWM,20260814,203.0,203.05,197.0,199.1,24442
RSYSTEMS,20260814,242.4,244.0,238.5,241.8,98387
RTNINDIA,20260814,30.39,30.42,30.0,30.05,1093480
RTNPOWER,20260814,8.46,8.53,8.43,8.45,7177211
RUBFILA,20260814,68.95,70.33,66.0,66.78,70873
RUBICON,20260814,1629.7,1650.7,1591.5,1619.1,257007
RUBYMILLS,20260814,370.0,370.1,356.0,364.25,5510
RUCHINFRA,20260814,6.09,6.09,5.82,5.89,29272
RUCHIRA,20260814,103.5,106.19,102.7,104.09,23306
RUDRA,20260814,22.5,22.69,21.51,22.46,211866
RUPA,20260814,153.0,153.5,150.05,151.05,166610
RUSHIL,20260814,17.73,17.73,17.13,17.21,147456
RUSTOMJEE,20260814,372.1,375.85,368.95,371.45,27601
RVHL,20260814,42.4,43.92,42.2,43.47,3990
RVNL,20260814,228.0,228.92,225.55,227.35,2580170
RVTH,20260814,719.8,739.4,709.3,729.9,2258
S&SPOWER,20260814,319.95,330.0,316.8,325.6,2613
SAATVIKGL,20260814,448.0,449.0,420.1,427.4,196637
SADBHAV,20260814,8.77,8.9,8.45,8.54,180721
SADBHIN,20260814,2.88,2.88,2.81,2.86,281382
SADHNANIQ,20260814,3.14,3.14,3.14,3.14,1233310
SAFARI,20260814,1492.5,1505.0,1475.4,1498.5,30643
SAGARDEEP,20260814,23.99,24.98,23.59,23.71,14347
SAGCEM,20260814,175.12,175.57,172.12,173.39,13416
SAGILITY,20260814,42.7,42.85,42.0,42.28,9663209
SAHLIBHFI,20260814,75.26,76.0,73.25,74.2,3304
SAHYADRI,20260814,369.0,374.3,358.0,360.1,15285
SAIL,20260814,167.99,171.6,158.73,169.51,28039740
SAILIFE,20260814,1456.0,1470.9,1437.8,1449.9,142027
SAIPARENT,20260814,563.15,568.95,550.0,551.65,76796
SAKAR,20260814,917.0,924.25,831.55,875.95,272747
SAKHTISUG,20260814,16.9,17.64,16.11,17.05,330181
SAKSOFT,20260814,170.0,170.0,165.05,165.71,254321
SAKUMA,20260814,1.66,1.66,1.56,1.62,1094378
SALASAR,20260814,5.8,6.09,5.74,5.96,7464628
SALONA,20260814,256.02,264.76,255.07,259.62,1825
SALSTEEL,20260814,72.5,73.9,65.0,66.42,2066870
SALZERELEC,20260814,572.05,578.45,567.65,570.25,26144
SAMBHAAV,20260814,6.58,6.65,6.4,6.5,10654
SAMBHV,20260814,116.9,122.4,116.9,121.06,1423310
SAMHI,20260814,164.0,165.99,163.0,163.37,367602
SAMMAANCAP,20260814,160.0,162.9,152.0,152.39,22679522
SAMPANN,20260814,26.51,26.99,26.0,26.28,17344
SANATHAN,20260814,484.55,484.55,467.0,471.35,14711
SANDESH,20260814,1082.05,1090.0,1072.0,1079.7,989
SANDHAR,20260814,620.45,648.6,616.45,639.85,348360
SANDUMA,20260814,202.2,203.43,197.11,198.01,689151
SANGAMIND,20260814,603.0,603.0,582.15,601.0,19506
SANGHVIMOV,20260814,498.0,504.95,486.1,489.05,200600
SANGINITA,20260814,53.44,54.0,53.44,54.0,648064
SANOFI,20260814,3264.0,3297.0,3231.0,3242.9,6333
SANOFICONR,20260814,4471.7,4499.9,4435.0,4444.9,1322
SANSERA,20260814,3837.9,4038.0,3795.5,3924.6,688015
SANSTAR,20260814,110.0,112.5,104.3,111.5,481369
SANWARIA,20260814,0.21,0.21,0.19,0.2,211073
SAPPHIRE,20260814,233.3,239.57,231.5,234.72,1505065
SAPPL,20260814,275.05,300.05,275.0,277.95,1654
SARDAEN,20260814,520.7,534.0,512.75,531.15,1572136
SAREGAMA,20260814,535.65,536.0,515.2,527.3,747795
SARLAPOLY,20260814,100.5,102.9,100.5,101.19,34895
SARVESHWAR,20260814,3.46,3.49,3.42,3.46,913699
SASKEN,20260814,2037.9,2037.9,1951.5,1971.4,11470
SATIA,20260814,60.88,62.0,59.25,59.88,87134
SATIN,20260814,219.89,229.08,219.55,225.54,397440
SAURASHCEM,20260814,60.8,62.16,59.25,60.34,127798
SAYAJIHOTL,20260814,327.0,327.0,327.0,327.0,2
SBC,20260814,39.41,39.67,38.11,38.6,12439208
SBCL,20260814,1010.65,1050.0,1006.9,1040.1,270327
SBFC,20260814,94.32,94.53,93.45,94.05,557926
SBGLP,20260814,25.53,25.96,24.35,25.52,37932
SBIBPB,20260814,51.74,51.74,50.52,50.62,40839
SBICARD,20260814,641.2,642.95,629.0,633.0,1566601
SBIETFCON,20260814,126.97,126.97,125.24,125.56,4738
SBIETFIT,20260814,341.88,353.97,341.88,346.72,7388
SBIETFPB,20260814,279.9,280.2,278.0,279.76,3454
SBIETFQLTY,20260814,228.29,228.86,227.54,228.82,212
SBIFUNDS,20260814,563.0,563.5,555.5,559.1,1641085
SBILIFE,20260814,1812.8,1820.9,1789.4,1795.0,564182
SBILIQETF,20260814,1051.97,1051.99,1051.97,1051.98,197353
SBIMIDMOM,20260814,64.5,65.07,64.0,64.17,238922
SBIN,20260814,1082.0,1082.0,1065.1,1067.7,6273501
SBINEQWETF,20260814,34.34,34.34,33.81,33.99,22429
SBINMID150,20260814,23.67,23.7,23.47,23.61,5153
SBISILVER,20260814,231.96,231.96,223.22,226.67,714638
SBISMLETF,20260814,18.46,18.46,18.28,18.35,17005
SBIVALETF,20260814,14.96,14.97,14.88,14.92,8178
SCANSTL,20260814,61.0,61.2,57.12,59.75,28386
SCHAEFFLER,20260814,4117.0,4126.0,4026.1,4043.2,170338
SCHAND,20260814,137.5,139.99,136.01,137.86,26414
SCHNEIDER,20260814,1370.3,1419.9,1358.0,1369.2,347152
SCI,20260814,295.6,298.35,291.05,292.25,1244758
SCILAL,20260814,40.59,40.96,40.11,40.32,155773
SCODATUBES,20260814,134.97,134.99,132.19,133.23,93783
SCPL,20260814,628.2,665.0,605.7,653.05,113388
SDBL,20260814,74.37,77.6,74.0,74.2,1106156
SEAMECLTD,20260814,1504.3,1557.0,1476.5,1541.9,140951
SECMARK,20260814,126.07,138.4,125.1,128.26,1180
SECURKLOUD,20260814,18.9,18.9,18.02,18.26,16852
SEDEMAC,20260814,3059.8,3183.5,3020.1,3152.9,159985
SEIL,20260814,206.94,214.2,202.65,212.71,433209
SEJALLTD,20260814,678.95,686.95,665.05,679.9,4103
SELECTIPO,20260814,49.95,49.95,48.5,48.55,127013
SELMC,20260814,27.2,28.2,27.2,27.6,3545
SEMAC,20260814,331.95,331.95,312.25,326.0,279
SENCO,20260814,353.0,353.9,340.05,341.85,1086724
SENORES,20260814,1491.4,1509.9,1470.1,1477.7,99387
SENSEXADD,20260814,80.48,80.49,80.05,80.32,5157
SENSEXAXIS,20260814,82.5,82.5,80.59,80.92,2114
SENSEXBETA,20260814,863.78,864.53,860.0,862.82,642
SENSEXETF,20260814,80.47,80.64,80.23,80.58,7987
SENSEXIETF,20260814,897.03,904.0,892.54,898.14,9425
SEPC,20260814,5.97,5.97,5.75,5.77,8813725
SERVOTECH,20260814,82.18,83.88,82.18,82.78,260314
SESHAPAPER,20260814,229.05,234.0,226.02,232.04,26979
SETCO,20260814,17.5,17.5,17.22,17.22,19179
SETF10GILT,20260814,267.79,267.8,266.0,267.1,2942
SETFGOLD,20260814,128.75,129.15,127.71,129.06,2851695
SETFNIF50,20260814,262.84,263.25,260.01,263.05,402200
SETFNIFBK,20260814,591.82,593.39,590.01,592.3,12272
SETFNN50,20260814,801.14,805.15,794.81,799.65,32716
SETL,20260814,297.65,300.8,292.15,298.4,408670
SETUINFRA,20260814,0.41,0.44,0.4,0.42,58387
SEYAIND,20260814,12.54,12.54,12.14,12.29,6139
SFL,20260814,699.4,705.0,691.5,699.95,141739
SGFIN,20260814,663.7,669.0,650.0,662.05,141224
SGIL,20260814,538.75,567.15,534.05,560.85,41218
SGL,20260814,9.98,9.98,9.67,9.73,2964
SGMART,20260814,757.4,757.4,735.0,735.85,174450
SHADOWFAX,20260814,250.0,253.0,248.51,251.33,2596502
SHAH,20260814,4.24,4.24,4.03,4.1,3426265
SHAHALLOYS,20260814,74.38,74.38,70.55,72.11,7849
SHAILY,20260814,3407.0,3441.1,3340.0,3365.0,62751
SHAKTIPUMP,20260814,506.1,511.2,497.5,500.3,424782
SHALBY,20260814,155.4,157.0,151.7,152.91,94433
SHALPAINTS,20260814,91.39,91.39,91.39,91.39,202400
SHANKARA,20260814,140.51,141.51,140.51,141.04,23699
SHANTI,20260814,6.25,6.25,6.06,6.22,10180
SHANTI-RE,20260814,18.0,23.66,11.05,23.52,236023
SHANTIGEAR,20260814,397.2,400.85,396.0,397.45,11521
SHANTIGOLD,20260814,228.18,251.99,227.1,247.66,8748136
SHARDACROP,20260814,792.7,793.65,782.1,786.4,115668
SHARDAMOTR,20260814,878.05,916.35,878.05,898.25,118577
SHARDUL,20260814,52.29,52.29,52.29,52.29,10666
SHAREINDIA,20260814,173.31,178.42,170.4,174.47,509646
SHARIABEES,20260814,473.8,474.99,467.45,471.72,3198
SHBAJRG,20260814,172.61,176.69,169.0,173.8,2372
SHEKHAWATI,20260814,19.52,20.0,18.77,19.33,147630
SHEMAROO,20260814,127.0,129.7,125.01,129.13,8916
SHILCTECH,20260814,3965.0,3965.0,3880.1,3904.2,22158
SHILPAMED,20260814,811.6,825.0,810.05,822.0,1036681
SHINDL,20260814,162.99,165.59,161.54,163.32,32173
SHIVALIK,20260814,262.95,269.0,255.0,267.99,35168
SHIVAMAUTO,20260814,16.81,17.07,16.81,16.81,5963
SHIVAMILLS,20260814,62.96,62.96,59.15,62.2,2458
SHIVATEX,20260814,161.0,165.65,161.0,162.68,3819
SHIVAUM,20260814,453.95,474.05,437.0,447.1,3726
SHK,20260814,173.49,173.49,167.66,170.72,402676
SHOPERSTOP,20260814,424.9,438.3,420.15,424.35,41167
SHRADHA,20260814,32.8,34.85,32.0,34.45,27544
SHREDIGCEM,20260814,72.4,73.1,71.8,71.91,56593
SHREECEM,20260814,25260.0,25300.0,24600.0,24795.0,51210
SHREEJISPG,20260814,664.75,666.0,642.8,653.4,598467
SHREEPUSHK,20260814,376.55,387.8,371.0,384.3,56016
SHREERAMA,20260814,41.99,44.88,40.6,43.8,718477
SHRENIK,20260814,0.33,0.33,0.31,0.31,509203
SHREYANIND,20260814,133.9,139.0,129.01,130.27,11534
SHRIKRISH,20260814,42.08,42.08,40.0,40.0,433
SHRINGARMS,20260814,227.9,231.0,222.4,223.27,774766
SHRIPISTON,20260814,4455.0,4515.8,4455.0,4492.4,30922
SHRIRAMFIN,20260814,1130.0,1134.9,1118.0,1122.0,2463317
SHRIRAMPPS,20260814,78.01,78.84,77.69,78.11,448939
SHUKRAPHAR,20260814,42.04,43.4,40.06,41.42,1113804
SHYAMCENT,20260814,4.98,5.1,4.88,4.99,41932
SHYAMMETL,20260814,978.7,1002.8,970.0,999.6,691717
SHYAMTEL,20260814,14.6,14.73,14.12,14.12,1003
SICAGEN,20260814,61.9,61.9,58.0,58.8,40997
SICALLOG,20260814,119.9,119.9,111.53,115.73,46940
SIEMENS,20260814,3968.1,4052.0,3924.0,3940.0,299051
SIGACHI,20260814,26.39,27.7,26.39,27.28,1325268
SIGIND,20260814,69.99,70.05,65.88,66.32,46143
SIGMA,20260814,45.5,47.48,45.25,46.16,93516
SIGMAADV,20260814,652.8,672.0,652.8,660.1,367773
SIGNATURE,20260814,803.9,816.7,802.4,809.25,198454
SIGNPOST,20260814,269.5,270.0,265.55,267.4,31546
SIKA,20260814,1104.0,1119.0,1092.4,1098.8,20787
SIKKO,20260814,5.6,5.97,5.55,5.56,761860
SIL,20260814,19.5,20.0,18.97,19.59,223482
SILGO,20260814,70.13,70.47,68.49,69.78,180949
SILINV,20260814,440.0,444.0,432.0,440.55,3766
SILLYMONKS,20260814,16.5,16.5,15.3,15.63,8801
SILVER,20260814,233.4,233.4,227.6,231.05,747893
SILVER1,20260814,21.95,22.7,21.95,22.43,3208414
SILVER360,20260814,227.32,228.21,224.5,227.36,12899
SILVERADD,20260814,224.8,224.8,219.62,223.12,224529
SILVERAG,20260814,223.86,225.64,221.75,224.97,183612
SILVERAXIS,20260814,234.58,234.58,226.73,229.93,261838
SILVERBEES,20260814,219.23,221.51,217.9,221.22,20353939
SILVERBETA,20260814,223.17,223.89,220.0,223.3,397563
SILVERBND,20260814,232.0,232.39,228.35,231.56,30089
SILVERCASE,20260814,23.34,23.5,22.97,23.45,11011330
SILVERIETF,20260814,235.0,235.0,227.56,230.92,2839963
SILVERTUC,20260814,206.32,214.5,205.63,209.29,593952
SIMBHALS,20260814,6.99,6.99,6.8,6.94,5509
SIMPLEXINF,20260814,250.2,254.11,249.0,250.1,50128
SINCLAIR,20260814,76.11,77.43,74.05,74.58,12369
SINDHUTRAD,20260814,23.81,25.25,23.4,23.64,1333718
SINGERIND,20260814,87.8,88.4,82.38,83.22,228057
SINTERCOM,20260814,84.4,84.4,81.29,82.46,2304
SIRCA,20260814,435.0,438.4,424.1,426.9,313908
SIS,20260814,438.5,439.2,425.2,429.65,266075
SITINET,20260814,0.28,0.3,0.28,0.29,779206
SIYSIL,20260814,646.1,646.1,633.4,637.4,51075
SJS,20260814,2400.0,2588.9,2400.0,2532.5,459507
SJVN,20260814,67.13,67.51,66.99,67.21,1313507
SKFINDIA,20260814,1598.3,1614.8,1563.1,1573.3,50759
SKFINDUS,20260814,2738.0,2745.0,2676.9,2684.7,18899
SKIPPER,20260814,542.75,545.15,521.15,525.35,358754
SKMEGGPROD,20260814,260.8,266.0,257.15,259.5,271363
SKYGOLD,20260814,768.15,792.0,763.5,773.4,1180385
SMALL250,20260814,18.83,18.83,18.3,18.34,392515
SMALLADD,20260814,18.51,18.51,18.38,18.44,103806
SMALLCAP,20260814,48.62,48.78,48.3,48.44,2190083
SMALLGROWW,20260814,48.37,49.29,48.33,48.7,4715
SMALLIETF,20260814,18.49,19.49,18.12,18.57,109273
SMARTLINK,20260814,220.0,232.05,220.0,225.51,9432
SMARTWORKS,20260814,496.3,500.0,486.1,488.75,120201
SMCGLOBAL,20260814,79.0,79.89,78.55,79.46,636425
SML100CASE,20260814,11.4,11.4,11.16,11.21,909546
SMLMAH,20260814,5190.0,5360.0,5075.0,5134.5,145136
SMLT,20260814,67.96,72.89,67.95,71.61,51433
SMSPHARMA,20260814,366.4,366.65,360.15,361.35,128222
SNOWMAN,20260814,38.31,38.65,37.62,37.92,117197
SNXT30BEES,20260814,43.56,43.75,43.43,43.74,1225
SNXT50BETA,20260814,96.7,97.19,96.11,96.63,2839
SOBHA,20260814,1348.6,1348.6,1322.0,1328.2,33841
SOFTTECH,20260814,420.0,431.0,420.0,428.55,1339
SOLARA,20260814,515.75,527.0,509.05,512.3,76954
SOLARINDS,20260814,20290.0,20314.0,19480.0,19969.0,487516
SOLARWORLD,20260814,165.17,167.0,155.4,158.1,326348
SOLEX,20260814,890.25,933.45,857.65,879.85,85345
SOMANYCERA,20260814,526.95,544.0,519.3,522.65,515694
SOMATEX,20260814,91.58,93.76,87.4,91.37,8654
SOMICONVEY,20260814,89.84,89.84,85.5,86.52,7398
SONACOMS,20260814,795.7,798.8,790.0,792.0,909039
SONAL,20260814,95.0,95.0,90.0,90.98,26
SONAMLTD,20260814,54.5,56.3,54.0,55.38,44272
SONATSOFTW,20260814,327.0,333.0,318.65,325.9,599961
SOTL,20260814,682.0,713.75,680.2,699.15,302022
SOUTHBANK,20260814,45.63,46.0,45.55,45.74,3369025
SOUTHWEST,20260814,222.57,224.32,217.5,220.25,70342
SPAL,20260814,965.05,971.65,927.65,937.3,91100
SPANDANA,20260814,250.7,250.9,243.95,245.8,123196
SPARC,20260814,204.35,206.0,196.57,197.98,945379
SPCENET,20260814,3.81,3.87,3.58,3.6,1033448
SPECIALITY,20260814,141.33,145.0,139.2,139.67,30974
SPECTRUM,20260814,2309.9,2326.9,2236.9,2236.9,5544
SPENCERS,20260814,32.78,32.98,30.3,30.77,64377
SPIC,20260814,67.8,68.78,67.5,67.68,296078
SPLIL,20260814,31.5,32.5,31.26,31.72,5073
SPLPETRO,20260814,714.9,732.45,709.55,726.55,69436
SPMLINFRA,20260814,186.26,191.76,186.0,190.56,134791
SPORTKING,20260814,199.48,203.53,199.0,199.89,216911
SRD,20260814,41.0,41.88,40.1,40.5,29105
SREEL,20260814,244.75,245.78,237.0,240.82,11063
SRF,20260814,2609.0,2616.7,2587.6,2606.0,168380
SRGHFL,20260814,277.25,282.15,262.55,266.8,2141
SRHHYPOLTD,20260814,498.1,505.3,496.1,496.55,8658
SRM,20260814,489.0,495.0,477.65,483.7,172493
SRTL,20260814,39.3,40.0,39.26,39.56,27479
SSDL,20260814,69.1,69.99,63.35,65.14,65020
SSWL,20260814,310.6,317.6,310.3,312.9,369552
STALLION,20260814,236.0,238.0,229.3,229.85,548328
STANLEY,20260814,145.0,148.39,135.0,136.22,376252
STAR,20260814,988.0,994.8,960.0,967.8,168371
STARCEMENT,20260814,201.3,201.3,199.5,200.06,29918
STARHEALTH,20260814,584.6,590.75,578.5,585.15,327484
STARPAPER,20260814,151.09,151.49,147.7,147.98,4357
STARTECK,20260814,264.65,267.65,255.05,257.05,7276
STCINDIA,20260814,117.11,118.49,116.01,116.7,36748
STEELCAS,20260814,356.0,357.0,345.35,351.85,120698
STEELCITY,20260814,83.88,84.85,82.0,83.53,16557
STEELXIND,20260814,10.76,11.25,10.76,10.87,1637168
STEL,20260814,566.0,584.0,557.9,581.2,5622
STERTOOLS,20260814,221.8,224.9,218.1,223.95,21863
STLNETWORK,20260814,27.25,27.3,25.61,25.78,1257603
STLTECH,20260814,653.0,677.8,637.0,647.75,1136302
STOVEKRAFT,20260814,775.4,781.95,748.0,750.7,113529
STUDDS,20260814,437.25,437.25,424.0,425.25,25634
STYL,20260814,418.85,421.0,405.1,408.3,132777
STYLAMIND,20260814,3632.7,3755.9,3610.7,3642.0,89719
STYLEBAAZA,20260814,350.0,365.25,342.6,365.25,2040177
STYRENIX,20260814,2193.0,2203.5,2173.1,2183.7,24549
SUBEXLTD,20260814,13.79,13.95,13.65,13.88,489559
SUBROS,20260814,753.0,763.65,753.0,758.25,29299
SUDARCOLOR,20260814,423.45,423.45,403.15,413.4,6791
SUDARSCHEM,20260814,1065.0,1131.0,1013.7,1118.1,3806017
SUDEEPPHRM,20260814,1129.0,1145.4,1080.0,1105.55,192483
SUKHJITS,20260814,163.15,163.15,159.2,159.78,3350
SULA,20260814,150.35,151.55,149.0,149.93,216285
SUMEETINDS,20260814,13.89,14.78,13.65,14.77,25096413
SUMICHEM,20260814,544.0,567.4,542.85,564.95,487672
SUMIT,20260814,52.49,52.49,50.11,51.06,14937
SUMMITSEC,20260814,1440.0,1460.0,1435.0,1443.9,1460
SUNCLAY,20260814,1245.0,1277.0,1236.2,1249.9,5022
SUNDARAM,20260814,1.1,1.16,1.03,1.04,3800741
SUNDARMFIN,20260814,4540.0,4540.0,4440.0,4470.5,28864
SUNDRMBRAK,20260814,881.05,881.05,842.0,881.05,12596
SUNDRMFAST,20260814,1229.0,1243.35,1214.5,1217.6,139223
SUNDROP,20260814,663.2,668.9,658.1,660.1,9619
SUNFLAG,20260814,357.3,360.55,352.35,355.15,98181
SUNPHARMA,20260814,1932.0,1937.0,1914.7,1930.0,881282
SUNTECK,20260814,297.7,302.4,295.1,299.05,103071
SUNTV,20260814,490.0,493.6,481.45,484.6,326103
SUPERHOUSE,20260814,170.0,174.0,165.0,169.52,16710
SUPERSPIN,20260814,5.77,5.77,5.77,5.77,2732
SUPRAJIT,20260814,526.5,534.0,522.9,524.6,130968
SUPREME,20260814,43.17,43.17,40.56,41.61,20037
SUPREMEENG,20260814,2.33,2.33,2.33,2.33,52526
SUPREMEIND,20260814,3497.0,3585.0,3446.5,3558.9,239576
SUPREMEINF,20260814,92.0,93.96,88.16,90.87,94521
SUPRIYA,20260814,745.0,813.0,740.45,791.65,1697782
SURAJEST,20260814,215.97,219.0,212.21,214.32,145939
SURAJLTD,20260814,225.0,227.4,219.0,223.44,130
SURAKSHA,20260814,303.0,308.0,296.6,304.9,287250
SURANASOL,20260814,25.9,25.9,25.36,25.6,52867
SURANAT&P,20260814,16.54,16.6,16.26,16.55,63166
SURYALA,20260814,379.05,384.45,375.0,375.9,407
SURYALAXMI,20260814,57.72,57.72,56.01,56.24,391
SURYAROSNI,20260814,223.6,225.49,220.99,222.98,413187
SURYODAY,20260814,156.0,157.79,151.1,152.06,658449
SUTLEJTEX,20260814,38.1,38.49,38.01,38.09,18883
SUVEN,20260814,326.95,343.7,326.45,342.35,598704
SUVIDHAA,20260814,2.5,2.56,2.49,2.52,27292
SUYOG,20260814,825.0,849.0,812.15,831.75,10712
SUZLON,20260814,47.4,47.44,47.0,47.1,25913687
SVLL,20260814,755.0,756.2,752.0,756.2,5114
SVPGLOB,20260814,3.95,4.0,3.83,3.95,15908
SWANCORP,20260814,305.0,311.55,298.15,304.6,2167856
SWANDEF,20260814,2439.9,2529.9,2420.0,2421.0,8093
SWARAJ,20260814,372.75,372.75,368.1,369.85,192684
SWARAJENG,20260814,3606.1,3657.8,3606.1,3638.2,4830
SWELECTES,20260814,663.0,667.95,613.0,616.75,83509
SWIGGY,20260814,279.0,282.75,274.3,276.3,8088166
SWSOLAR,20260814,203.1,204.89,201.5,202.01,385192
SYMPHONY,20260814,632.0,634.5,618.2,621.3,79110
SYNCOMF,20260814,15.4,15.67,14.8,14.92,4835194
SYNGENE,20260814,401.2,402.75,397.5,401.45,497308
SYRMA,20260814,1480.0,1506.7,1452.0,1465.2,811337
SYSTMTXC,20260814,58.0,60.0,56.71,59.71,6072
TAALTECH,20260814,4350.0,4350.0,4270.0,4280.0,3109
TAINWALCHM,20260814,202.95,212.76,202.94,205.78,11171
TAJGVK,20260814,349.2,350.0,341.0,341.65,87575
TAKE,20260814,24.3,24.3,23.3,23.76,1451037
TALBROAUTO,20260814,422.0,431.2,414.65,419.5,129290
TAMBOLIIN,20260814,244.5,245.0,235.0,243.99,22664
TANLA,20260814,586.0,593.5,578.25,582.05,317184
TARACHAND,20260814,48.0,48.7,47.5,47.89,50975
TARAPUR,20260814,14.98,14.98,14.0,14.48,15911
TARC,20260814,126.56,128.79,125.0,125.2,214664
TARIL,20260814,292.0,305.9,291.15,298.05,3460818
TARMAT,20260814,68.5,69.65,57.44,58.7,613433
TARSONS,20260814,312.7,375.0,311.9,360.3,9830521
TASTYBITE,20260814,9100.5,10470.0,9100.0,10005.0,226724
TATACAP,20260814,363.05,366.25,361.3,364.2,902119
TATACHEM,20260814,672.05,677.0,668.05,670.65,371285
TATACOMM,20260814,1758.2,1765.0,1714.4,1718.1,242658
TATACONSUM,20260814,1090.5,1093.4,1079.5,1079.5,1039725
TATAELXSI,20260814,3778.1,3809.5,3751.7,3772.7,93110
TATAGOLD,20260814,14.74,14.74,14.26,14.7,45166414
TATAINVEST,20260814,673.0,674.0,664.2,667.3,138702
TATAPOWER,20260814,382.5,390.4,379.6,382.05,8187038
TATASTEEL,20260814,184.0,184.19,180.0,183.5,16131505
TATATECH,20260814,868.0,871.85,855.85,867.9,795292
TATSILV,20260814,22.38,22.49,22.07,22.45,30782811
TATVA,20260814,1709.6,1735.9,1683.0,1717.3,34277
TBOTEK,20260814,1606.4,1662.8,1600.0,1633.3,224139
TBZ,20260814,248.95,255.0,243.1,251.35,857584
TCC,20260814,254.7,267.85,251.05,259.55,56180
TCI,20260814,915.5,923.6,912.0,915.2,10342
TCIEXP,20260814,557.4,567.0,548.7,559.85,35028
TCIFINANCE,20260814,15.0,15.21,14.76,15.2,12010
TCPLPACK,20260814,4250.1,4250.1,4029.1,4088.8,15484
TCS,20260814,2375.1,2390.0,2333.4,2361.0,2232160
TDPOWERSYS,20260814,1481.0,1505.0,1464.0,1484.6,759298
TEAMGTY,20260814,230.0,235.0,226.86,227.94,17597
TEAMLEASE,20260814,1250.8,1270.0,1244.3,1255.0,15117
TECH,20260814,33.48,34.43,33.48,34.29,21457
TECHM,20260814,1635.0,1652.0,1614.4,1632.8,3398051
TECHNOCRAF,20260814,284.0,334.4,284.0,311.15,28679235
TECHNOE,20260814,988.0,993.55,964.95,968.4,153212
TECHNVISN,20260814,5673.4,5673.4,5134.0,5220.5,903
TECILCHEM,20260814,8.48,8.87,8.4,8.59,2825
TEGA,20260814,1667.1,1732.7,1663.9,1703.8,350386
TEJASNET,20260814,543.7,546.85,534.0,538.5,832774
TEMBO,20260814,59.6,63.0,59.55,60.8,1028275
TENNIND,20260814,539.0,541.5,532.15,538.25,987360
TERASOFT,20260814,346.0,370.15,340.0,345.65,27674
TEXINFRA,20260814,110.0,110.95,107.31,107.81,105511
TEXMOPIPES,20260814,46.04,47.0,45.5,46.03,58961
TEXRAIL,20260814,107.05,107.58,104.51,104.85,990482
TFCILTD,20260814,117.24,119.5,116.3,117.44,10567267
TFL,20260814,11.39,11.79,11.01,11.64,7855
TGBHOTELS,20260814,9.01,9.8,9.01,9.53,35776
THAKDEV,20260814,153.0,153.0,141.51,146.48,4
THANGAMAYL,20260814,5250.0,5470.0,5204.0,5427.0,112108
THEINVEST,20260814,102.45,103.8,98.3,99.99,18491
THEJO,20260814,2073.5,2115.0,2060.0,2104.9,4614
THELEELA,20260814,508.45,511.65,504.6,510.05,209132
THEMISMED,20260814,103.96,105.48,101.25,104.85,114390
THERMAX,20260814,4006.4,4061.7,3934.0,4044.9,221825
THOMASCOOK,20260814,108.25,108.84,105.5,105.88,472048
THOMASCOTT,20260814,326.3,350.0,323.0,346.9,205099
THYROCARE,20260814,610.0,625.0,608.0,624.05,1262241
TI,20260814,553.0,583.75,550.0,568.75,3914329
TICL,20260814,9.69,9.98,9.41,9.51,15175
TIGERLOGS,20260814,25.95,25.95,25.1,25.46,396115
TIIL,20260814,3145.0,3299.9,3052.0,3088.7,697944
TIINDIA,20260814,2788.0,2788.0,2685.0,2733.5,539329
TIJARIA,20260814,5.86,6.4,5.42,6.03,374036
TIL,20260814,227.6,238.95,224.45,238.95,173826
TIMETECHNO,20260814,198.4,199.5,191.1,193.27,3960759
TIMEX,20260814,540.0,544.65,522.2,524.65,236525
TIMKEN,20260814,3263.0,3316.5,3244.2,3275.8,24947
TINNARUBR,20260814,1102.8,1105.9,1083.0,1089.7,32910
TIPSFILMS,20260814,370.25,370.5,339.0,348.2,18019
TIPSMUSIC,20260814,675.0,679.0,664.2,670.9,147853
TIRUMALCHM,20260814,161.2,161.63,156.3,159.66,382459
TIRUPATIFL,20260814,62.54,67.99,62.54,65.84,411575
TITAGARH,20260814,850.75,853.95,830.0,831.35,280102
TITAN,20260814,5064.0,5090.5,5046.4,5056.2,587764
TMB,20260814,854.45,863.6,847.05,849.4,92788
TMCV,20260814,474.8,486.3,470.45,474.3,10302331
TMPV,20260814,329.0,337.75,329.0,334.5,31933028
TNIDETF,20260814,90.1,92.39,90.1,91.51,117183
TNPETRO,20260814,110.65,112.0,108.65,110.93,363044
TNPL,20260814,142.1,142.59,139.5,141.12,201360
TNTELE,20260814,9.29,9.29,8.96,9.04,13899
TOKYOPLAST,20260814,79.59,79.89,78.5,78.5,1000
TOLINS,20260814,98.99,99.0,96.34,96.7,38458
TOP100CASE,20260814,10.91,10.91,10.66,10.74,725125
TOP10ADD,20260814,88.89,89.0,88.32,88.85,50424
TOP15IETF,20260814,10.04,10.12,10.0,10.07,16774
TOP20,20260814,9.08,9.09,9.04,9.07,51436
TORNTPHARM,20260814,4888.0,4915.5,4833.0,4833.0,166892
TORNTPOWER,20260814,1317.9,1330.4,1307.0,1309.1,111913
TOTAL,20260814,63.03,65.4,62.3,64.17,28950
TOUCHWOOD,20260814,65.0,66.79,64.0,64.74,774
TPHQ,20260814,0.42,0.49,0.42,0.49,8857331
TPLPLASTEH,20260814,76.29,77.59,76.28,77.33,84720
TRACXN,20260814,29.6,29.85,29.32,29.61,67000
TRANSPEK,20260814,1176.0,1220.0,1120.0,1125.8,2560
TRANSRAILL,20260814,473.0,475.75,468.1,468.95,179765
TRANSWORLD,20260814,156.34,156.99,155.0,155.75,3764
TRAVELFOOD,20260814,1362.2,1385.0,1340.0,1364.9,70680
TREEHOUSE,20260814,6.34,6.39,6.1,6.13,19864
TREJHARA,20260814,167.95,167.95,160.0,162.3,10102
TREL,20260814,26.0,26.5,25.57,25.93,60501
TRENT,20260814,2947.7,3020.6,2945.0,2978.0,1648536
TRF,20260814,232.19,234.49,229.55,230.71,13964
TRIDENT,20260814,24.6,24.88,24.14,24.34,3808007
TRIGYN,20260814,56.0,56.67,55.71,56.07,24374
TRITURBINE,20260814,595.9,602.7,579.0,592.4,396736
TRIVENI,20260814,252.0,271.0,252.0,266.42,2421033
TRU,20260814,4.17,4.21,4.0,4.08,141655
TRUALT,20260814,493.0,494.0,479.85,481.6,232321
TSFINV,20260814,421.15,421.15,412.1,415.45,64194
TTKHLTCARE,20260814,1147.5,1170.7,1112.0,1157.7,28737
TTKPRESTIG,20260814,595.5,603.7,594.0,595.9,31039
TTL,20260814,6.1,6.35,6.01,6.14,371765
TTML,20260814,38.78,38.88,38.44,38.59,882700
TURTLEMINT,20260814,143.0,145.85,135.76,137.44,990909
TVSELECT,20260814,462.2,462.2,449.1,451.55,20686
TVSHLTD,20260814,14429.0,14430.0,13925.0,13994.0,5164
TVSMOTOR,20260814,4307.4,4340.0,4297.1,4307.0,560053
TVSSCS,20260814,127.11,128.15,122.91,123.39,704554
TVSSRICHAK,20260814,4028.9,4628.0,3960.0,4478.1,711409
TVTODAY,20260814,113.23,113.99,112.0,112.42,16450
TVVISION,20260814,4.04,4.2,4.0,4.15,26953
TWCGOLDETF,20260814,151.0,151.0,149.22,150.85,3411
UBL,20260814,1390.5,1396.4,1374.1,1376.6,48886
UCAL,20260814,134.9,141.5,132.55,139.85,226474
UCOBANK,20260814,26.01,26.08,25.93,26.0,2028065
UDS,20260814,211.2,212.26,208.2,211.5,307712
UEL,20260814,234.18,234.18,234.18,234.18,2876
UFBL,20260814,746.4,794.5,732.0,754.9,48210
UFLEX,20260814,494.15,503.45,482.2,488.4,150907
UFO,20260814,66.58,67.89,66.58,67.14,10510
UGARSUGAR,20260814,48.99,52.26,48.0,48.19,1337931
UGROCAP,20260814,93.08,94.0,90.35,93.34,253625
UJJIVANSFB,20260814,71.55,72.85,71.1,72.47,16653738
ULTRACEMCO,20260814,11657.0,11698.0,11587.0,11619.0,198920
ULTRAMAR,20260814,399.85,405.9,393.55,398.2,33524
UMAEXPORTS,20260814,21.8,22.14,20.04,21.59,74266
UMESLTD,20260814,5.99,6.28,5.74,5.82,16024
UMIYA-MRO,20260814,88.63,90.0,87.5,89.69,2725
UNICHEMLAB,20260814,548.2,548.2,531.5,540.2,95319
UNIDT,20260814,231.6,231.6,220.5,224.28,6890
UNIECOM,20260814,88.31,89.4,84.67,86.05,884372
UNIENTER,20260814,99.0,99.0,94.5,95.36,5363
UNIINFO,20260814,11.56,12.6,11.56,11.7,18341
UNIMECH,20260814,1446.0,1555.0,1434.1,1522.6,668915
UNIONBANK,20260814,187.33,189.34,186.39,187.38,17139005
UNIONGOLD,20260814,148.5,148.5,146.45,147.7,3702
UNIPARTS,20260814,824.4,829.0,805.45,816.0,79302
UNITDSPR,20260814,1515.5,1545.5,1510.1,1536.0,603589
UNITECH,20260814,3.99,4.03,3.94,3.96,3338593
UNITEDPOLY,20260814,32.38,33.44,31.75,33.31,231518
UNITEDTEA,20260814,462.05,462.05,453.0,458.3,1196
UNIVASTU,20260814,158.8,160.69,154.2,160.69,184862
UNIVCABLES,20260814,1707.0,1739.2,1635.0,1644.4,132271
UNIVPHOTO,20260814,455.4,480.0,445.0,472.6,1068
UNOMINDA,20260814,1240.3,1246.9,1230.1,1240.0,185823
UPL,20260814,568.2,568.2,558.05,563.0,1557252
URAVIDEF,20260814,108.0,109.15,106.0,108.82,5492
URBANCO,20260814,141.0,145.65,139.83,144.39,9659315
URJA,20260814,9.55,9.6,9.47,9.49,502528
USHAMART,20260814,495.0,496.95,486.1,487.95,298728
USK,20260814,21.15,22.03,21.15,21.41,18403
UTIAMC,20260814,909.0,913.45,906.5,908.05,40938
UTKARSHBNK,20260814,14.21,14.21,13.95,14.04,2900359
UTLSOLAR,20260814,415.0,432.05,415.0,423.85,1117655
UTTAMSUGAR,20260814,263.85,279.9,259.5,264.29,364386
UYFINCORP,20260814,20.16,21.15,20.0,21.08,205537
V2RETAIL,20260814,218.7,218.7,212.0,216.4,1916642
VADILALIND,20260814,7814.0,7894.5,7720.5,7749.0,21461
VAIBHAVGBL,20260814,233.1,236.25,227.3,228.3,368191
VAISHALI,20260814,8.31,8.69,8.31,8.51,116620
VAKRANGEE,20260814,5.95,5.97,5.9,5.92,636697
VAL30IETF,20260814,15.51,15.51,15.32,15.37,136930
VALIANTLAB,20260814,82.41,82.41,82.41,82.41,41064
VALIANTORG,20260814,334.9,334.9,324.5,324.5,28548
VALUE,20260814,16.37,16.37,16.16,16.16,767343
VALUEAXIS,20260814,33.44,33.44,32.83,32.96,106516
VAML,20260814,450.0,450.65,440.1,443.8,5526133
VARDHACRLC,20260814,44.9,44.9,43.9,44.61,14752
VARDMNPOLY,20260814,6.6,6.6,6.3,6.3,118954
VARROC,20260814,848.0,860.0,838.05,847.9,385330
VASCONEQ,20260814,31.75,31.96,31.1,31.82,217174
VASWANI,20260814,51.51,52.9,51.51,52.17,7428
VBL,20260814,440.05,440.35,431.85,435.0,1811603
VCL,20260814,1.69,1.69,1.69,1.69,273928
VEDL,20260814,270.0,271.1,266.55,267.5,10612499
VEDPOWER,20260814,36.72,37.02,36.38,36.54,10410449
VEEDOL,20260814,1505.3,1530.0,1490.2,1512.9,12636
VELJAN,20260814,1814.4,1880.0,1780.0,1824.3,533
VENKEYS,20260814,1536.5,1563.3,1517.7,1528.0,57364
VENTIVE,20260814,586.0,600.65,579.0,582.95,44523
VENUSPIPES,20260814,1583.1,1592.3,1560.4,1577.3,39532
VENUSREM,20260814,1815.7,1815.7,1750.0,1782.1,61640
VERANDA,20260814,243.4,249.9,239.45,245.9,253260
VERTOZ,20260814,36.4,36.4,35.0,35.58,62958
VESUVIUS,20260814,440.0,445.7,429.35,431.55,66857
VETO,20260814,125.95,127.0,122.2,123.88,25788
VGL,20260814,60.18,60.18,57.15,58.66,11808
VGUARD,20260814,330.8,334.2,325.25,326.75,410582
VHL,20260814,3500.0,3535.0,3420.0,3439.0,488
VHLTD,20260814,133.5,133.5,125.14,125.14,44049
VIDHIING,20260814,310.95,311.35,305.5,309.9,40855
VIDYAWIRES,20260814,88.0,91.0,87.0,89.45,1382877
VIJAYA,20260814,1479.0,1508.0,1465.0,1474.1,130438
VIJIFIN,20260814,12.39,12.39,12.39,12.39,64653
VIKASECO,20260814,1.12,1.12,1.09,1.09,2365506
VIKASLIFE,20260814,1.26,1.26,1.24,1.25,2450513
VIKRAMSOLR,20260814,163.46,163.99,158.92,160.15,1545227
VIKRAN,20260814,65.3,65.49,61.53,62.22,2288798
VIMTALABS,20260814,633.2,639.1,612.05,617.0,126069
VINATIORGA,20260814,1343.9,1349.9,1332.0,1338.3,33228
VINCOFE,20260814,146.5,152.0,145.89,148.05,2245773
VINDHYATEL,20260814,2431.0,2471.9,2375.0,2401.6,47655
VINEETLAB,20260814,40.0,40.0,37.02,37.29,63735
VINNY,20260814,1.06,1.08,1.05,1.06,526934
VINYLINDIA,20260814,234.0,242.84,233.0,238.64,4311
VIPCLOTHNG,20260814,20.23,20.33,19.9,20.14,103405
VIPIND,20260814,306.7,309.0,298.7,299.8,254156
VIPULLTD,20260814,14.3,14.3,14.3,14.3,1308863
VIRINCHI,20260814,15.1,15.66,14.75,14.88,59473
VISACHROME,20260814,37.46,37.85,36.13,36.89,12683
VISAKAIND,20260814,95.6,98.48,95.0,95.46,232565
VISHNU,20260814,604.0,609.4,595.9,608.1,73188
VISHWARAJ,20260814,5.35,5.48,5.26,5.29,250320
VISL,20260814,38.8,39.2,36.86,36.87,26082607
VITAL,20260814,54.6,54.6,54.5,54.5,6000
VIVIANA,20260814,723.9,723.9,692.0,700.75,10588
VIVIDHA,20260814,0.58,0.58,0.53,0.54,173693
VIVIMEDLAB,20260814,4.85,5.09,4.85,4.91,38513
VIYASH,20260814,267.8,271.4,255.0,255.65,2194311
VLEGOV,20260814,9.92,9.92,9.92,9.92,102058
VLSFINANCE,20260814,269.0,269.0,257.2,259.15,6173
VMART,20260814,805.0,810.8,797.2,807.5,68695
VMM,20260814,107.0,107.28,105.05,105.2,4906421
VMSTMT,20260814,52.99,53.05,51.11,51.36,211486
VOEPL,20260814,501.0,511.95,489.5,506.0,116930
VOGL,20260814,37.98,37.99,36.93,37.14,22132913
VOLTAMP,20260814,10054.0,10267.0,10001.0,10141.0,36544
VOLTAS,20260814,1292.0,1347.5,1290.0,1320.5,2374305
VPRPL,20260814,33.4,36.0,32.4,32.86,1434355
VRAJ,20260814,122.17,124.99,122.17,122.97,10520
VRLLOG,20260814,298.9,303.25,295.0,296.3,137124
VSSL,20260814,327.5,356.0,327.5,353.35,784785
VSTIND,20260814,217.17,218.5,215.12,215.44,168118
VSTL,20260814,107.46,108.5,106.81,107.91,10513
VSTTILLERS,20260814,4645.8,4709.0,4463.8,4511.6,31054
VTL,20260814,590.0,596.55,589.8,590.6,79833
WAAREEENER,20260814,2703.9,2703.9,2660.1,2682.0,372863
WAAREEINDO,20260814,297.95,300.95,292.5,297.25,82694
WAAREERTL,20260814,888.0,895.95,887.25,891.55,83960
WABAG,20260814,1895.0,1985.0,1895.0,1904.6,571284
WAKEFIT,20260814,122.9,122.9,121.0,121.38,432281
WALCHANNAG,20260814,225.99,230.49,222.98,224.8,449818
WANBURY,20260814,250.0,263.0,248.15,261.35,341962
WCIL,20260814,88.49,89.2,86.18,86.55,42011
WEALTH,20260814,912.7,912.7,895.0,902.15,2189
WEBELSOLAR,20260814,86.81,86.81,84.32,85.1,1628457
WEIZMANIND,20260814,79.9,79.9,77.25,77.38,578
WEL,20260814,141.45,149.0,141.09,145.05,1044448
WELCORP,20260814,1889.8,1896.0,1854.3,1873.3,554562
WELENT,20260814,568.25,568.25,557.1,561.7,122164
WELINV,20260814,1968.0,1968.0,1848.0,1848.0,126
WELSPLSOL,20260814,48.59,48.6,47.75,47.96,113306
WELSPUNLIV,20260814,170.0,178.0,162.84,164.06,73543291
WENDT,20260814,7961.0,8130.0,7905.5,7932.0,2611
WESTLIFE,20260814,592.0,597.75,576.25,582.9,38967
WEWIN,20260814,46.03,46.5,46.0,46.17,924
WEWORK,20260814,713.65,726.8,699.7,708.5,358599
WHEELS,20260814,1356.0,1447.0,1355.0,1435.6,178607
WHIRLPOOL,20260814,785.0,792.45,777.0,778.9,82859
WILLAMAGOR,20260814,25.58,25.58,24.52,25.06,6216
WINDLAS,20260814,948.2,970.0,941.15,949.45,143016
WINDMACHIN,20260814,300.0,304.8,295.0,302.55,41354
WIPL,20260814,170.9,170.9,167.81,167.98,24
WIPRO,20260814,183.55,185.84,183.1,184.0,7366162
WOCKPHARMA,20260814,1916.0,1959.3,1908.1,1932.7,480219
WONDERLA,20260814,469.05,475.4,466.45,468.25,84053
WORTHPERI,20260814,152.0,155.39,152.0,154.5,10235
WPIL,20260814,420.9,428.45,415.0,418.25,44872
WSI,20260814,58.28,61.85,57.92,59.65,161661
WSTCSTPAPR,20260814,609.7,616.45,604.65,611.35,192328
XCHANGING,20260814,64.68,64.74,63.21,63.88,103831
XELPMOC,20260814,80.63,83.0,80.0,82.25,2476
XPROINDIA,20260814,1125.2,1134.5,1082.5,1097.0,27398
XTGLOBAL,20260814,31.51,31.55,30.61,30.71,34773
XTRANET,20260814,148.5,176.78,148.5,172.5,2182519
YASHO,20260814,4276.5,4445.0,4157.3,4215.7,49724
YATHARTH,20260814,845.1,849.9,824.0,844.7,286086
YATRA,20260814,117.48,119.44,110.71,114.01,3517860
YESBANK,20260814,22.98,23.0,22.67,22.67,38939042
YUKEN,20260814,845.65,869.0,833.05,853.2,7707
ZAGGLE,20260814,201.4,203.76,199.76,200.59,778513
ZEEL,20260814,97.0,104.74,95.46,102.28,111249116
ZEELEARN,20260814,8.47,8.47,8.05,8.13,258716
ZEEMEDIA,20260814,9.39,9.85,8.88,9.63,51464754
ZENITHEXPO,20260814,226.6,226.6,215.27,215.27,240
ZENITHSTL,20260814,5.61,5.61,5.46,5.59,60255
ZENSARTECH,20260814,498.65,501.7,490.0,490.8,573135
ZENTEC,20260814,1832.4,1878.5,1831.8,1857.2,410906
ZFCVINDIA,20260814,2616.2,2647.6,2608.0,2636.7,66941
ZFSTEERING,20260814,667.9,674.65,658.15,662.75,1616
ZIMLAB,20260814,108.0,110.99,106.11,107.55,28778
ZODIAC,20260814,270.45,294.8,263.0,266.9,97594
ZODIACLOTH,20260814,76.5,76.5,75.0,75.21,3364
ZOTA,20260814,1231.3,1236.1,1050.3,1131.3,399730
ZSARACOM,20260814,12793.0,12977.0,12000.0,12143.0,234
ZUARI,20260814,221.4,222.0,219.52,220.58,43233
ZUARIIND,20260814,255.0,259.0,252.4,257.8,25986
ZYDUSLIFE,20260814,1168.9,1173.3,1135.2,1135.2,804336
ZYDUSWELL,20260814,505.95,513.0,504.0,510.3,116874
