SYMBOL,TIMESTAMP,OPEN,HIGH,LOW,CLOSE,VOLUME
20MICRONS,20260819,197.16,197.16,193.86,196.04,73392
21STCENMGM,20260819,45.02,46.49,44.75,44.81,5815
360ONE,20260819,1163.6,1185.5,1157.5,1180.5,634522
3BBLACKBIO,20260819,1135.0,1160.9,1124.8,1143.8,20123
3IINFOLTD,20260819,23.36,23.87,23.15,23.15,206080
3MINDIA,20260819,35100.0,35100.0,33355.0,33505.0,7449
3PLAND,20260819,32.2,32.5,31.7,31.96,907
5PAISA,20260819,391.0,416.95,386.55,405.6,416349
63MOONS,20260819,765.0,793.85,755.55,788.85,359763
A2ZINFRA,20260819,14.26,14.97,14.06,14.47,217078
AAATECH,20260819,93.6,95.0,92.6,94.18,23265
AADHARHFC,20260819,487.4,487.5,469.1,474.4,983771
AAKASH,20260819,9.13,9.2,8.06,8.45,719756
AAREYDRUGS,20260819,82.24,83.48,81.42,82.59,14594
AARNAV,20260819,36.9,36.9,34.01,34.19,29325
AARON,20260819,145.5,145.5,137.6,140.32,18598
AARTECH,20260819,51.38,52.2,48.82,49.08,169904
AARTIDRUGS,20260819,415.8,417.0,407.2,408.45,133354
AARTIIND,20260819,532.7,535.35,520.25,527.05,1436341
AARTIPHARM,20260819,878.0,878.95,826.55,834.15,377267
AARTISURF,20260819,590.0,623.0,564.7,589.1,28439
AARVI,20260819,151.51,161.0,151.51,155.81,67775
AASTHA,20260819,73.99,74.29,73.0,73.14,534460
AAVAS,20260819,1387.1,1407.9,1365.6,1372.8,75310
ABAN,20260819,17.39,17.39,17.39,17.39,1488
ABANSENT,20260819,28.9,30.0,28.79,28.79,10552
ABB,20260819,7525.0,7543.0,7391.5,7430.0,187000
ABBOTINDIA,20260819,26580.0,26605.0,26300.0,26405.0,7485
ABCAPITAL,20260819,402.4,402.4,393.9,396.0,4164096
ABCOTS,20260819,224.8,225.0,215.0,218.07,40918
ABDL,20260819,614.9,614.9,595.0,598.05,198476
ABFRL,20260819,55.0,55.17,54.1,54.47,2601608
ABGSEC,20260819,115.22,115.22,114.55,114.55,11
ABINFRA,20260819,12.55,14.21,12.26,13.45,75877258
ABLBL,20260819,88.7,88.96,86.71,86.89,950590
ABMINTLLTD,20260819,50.73,50.73,50.73,50.73,1000
ABMKNO,20260819,192.1,192.1,189.0,191.07,984
ABREL,20260819,1377.6,1400.0,1377.6,1395.1,60733
ABSL10BANK,20260819,168.06,172.0,167.5,168.33,5025
ABSLAMC,20260819,1009.4,1015.3,1000.1,1003.4,58093
ABSLBANETF,20260819,60.57,60.57,58.51,58.67,288523
ABSLLIQUID,20260819,999.99,1000.01,999.99,999.99,3509
ABSLMSCIN,20260819,29.72,29.72,29.57,29.62,845
ABSLNN50ET,20260819,78.32,78.32,77.6,77.75,12986
ABSLPSE,20260819,10.46,10.46,10.11,10.13,162788
ACC,20260819,1310.3,1310.3,1286.0,1288.7,129546
ACCELYA,20260819,1131.0,1136.0,1127.1,1134.6,3446
ACCURACY,20260819,4.72,4.72,4.58,4.6,70325
ACE,20260819,1190.7,1196.0,1160.0,1181.2,624925
ACEINTEG,20260819,18.7,18.8,17.6,17.91,612
ACGL,20260819,1780.2,1814.9,1780.0,1793.0,257
ACI,20260819,515.3,515.9,505.0,506.0,84538
ACL,20260819,46.95,46.95,45.57,46.08,6599
ACMESOLAR,20260819,371.5,386.95,367.55,380.4,2120971
ACSTECH,20260819,50.25,51.0,48.42,49.66,289690
ACUTAAS,20260819,3399.1,3399.1,3219.0,3228.9,279967
ADANIENSOL,20260819,1604.8,1604.8,1536.5,1540.7,3477602
ADANIENT,20260819,3012.7,3019.0,2967.3,2990.3,938700
ADANIGREEN,20260819,1312.9,1312.9,1281.1,1293.0,1333768
ADANIPORTS,20260819,1684.0,1684.0,1667.0,1681.9,1217074
ADANIPOWER,20260819,205.9,205.9,202.69,204.02,10553545
ADDIND,20260819,86.9,87.0,86.9,87.0,59
ADFFOODS,20260819,269.6,269.75,262.3,263.3,50262
ADL,20260819,69.9,73.39,68.4,71.98,544
ADOR,20260819,1573.3,1650.0,1543.0,1634.6,112826
ADROITINFO,20260819,10.1,10.24,9.8,9.85,19995
ADSL,20260819,111.01,111.01,109.12,109.39,58919
ADVAIT,20260819,2141.9,2146.0,2086.6,2096.2,26243
ADVANCE,20260819,116.99,120.6,116.11,116.62,114727
ADVANIHOTR,20260819,50.06,50.4,49.1,49.46,30694
ADVENTHTL,20260819,135.0,135.59,131.07,133.95,64326
ADVENZYMES,20260819,303.0,307.65,302.0,305.2,188598
ADVIKCA,20260819,1.25,1.25,1.21,1.22,95397
AEGISLOG,20260819,1372.1,1396.0,1338.6,1364.0,801926
AEGISVOPAK,20260819,277.8,277.8,268.1,270.15,357042
AEPL,20260819,15.5,15.55,14.11,14.89,11919
AEQUS,20260819,262.0,269.0,255.14,262.45,5350029
AEROENTER,20260819,131.0,131.99,128.17,130.14,314178
AEROFLEX,20260819,488.5,490.55,470.2,474.15,1054421
AERONEU,20260819,83.43,87.2,80.68,84.36,89766
AEROPLANE,20260819,182.0,183.45,176.42,179.3,407703
AETHER,20260819,1633.7,1648.4,1620.3,1640.1,128284
AFCONS,20260819,278.0,282.7,277.5,277.95,360109
AFFLE,20260819,1713.5,1718.9,1676.3,1693.8,100667
AFFORDABLE,20260819,160.05,172.36,160.05,170.0,29759
AFIL,20260819,9.36,9.67,9.27,9.36,388532
AFSL,20260819,207.49,207.49,201.11,201.43,10286
AGARIND,20260819,500.0,500.3,488.0,491.6,14758
AGARWALEYE,20260819,502.0,504.45,498.0,501.85,282306
AGI,20260819,711.5,719.45,705.0,706.2,44696
AGIIL,20260819,295.2,298.85,292.2,294.25,798376
AGL,20260819,13.25,13.5,13.05,13.12,2613507
AGRITECH,20260819,100.0,103.99,100.0,100.38,4202
AGROPHOS,20260819,26.9,26.9,25.2,25.56,16335
AGSTRA,20260819,2.07,2.07,2.02,2.05,142288
AHCL,20260819,14.6,14.7,14.38,14.53,2031806
AHLADA,20260819,37.4,43.71,36.16,40.82,230285
AHLEAST,20260819,139.54,143.4,139.5,139.73,1510
AHLUCONT,20260819,707.0,718.0,696.0,698.55,112329
AHLWEST,20260819,536.0,536.1,526.0,536.1,148
AIAENG,20260819,4412.5,4447.6,4368.0,4384.9,34136
AIIL,20260819,553.25,571.2,542.6,550.5,1020291
AIRAN,20260819,14.78,15.22,14.78,14.95,26993
AIROLAM,20260819,91.7,91.7,87.2,88.5,1413
AJANTPHARM,20260819,3706.4,3782.7,3668.0,3697.9,84540
AJAXENGG,20260819,558.4,570.0,545.5,566.9,65346
AJMERA,20260819,116.55,121.09,114.5,116.41,454495
AJOONI,20260819,3.84,3.84,3.75,3.78,127968
AKASH,20260819,25.09,25.78,25.01,25.02,26946
AKCAPIT,20260819,1774.1,1780.0,1750.1,1754.2,1890
AKG,20260819,8.65,9.47,8.6,8.87,90945
AKI,20260819,4.32,4.34,4.12,4.24,103380
AKSHAR,20260819,0.41,0.42,0.4,0.41,672485
AKSHARCHEM,20260819,301.2,304.0,298.0,299.94,3571
AKSHOPTFBR,20260819,7.68,7.68,7.68,7.68,631418
AKUMS,20260819,746.0,773.35,746.0,753.3,541992
ALANKIT,20260819,8.13,8.31,8.11,8.18,62941
ALBERTDAVD,20260819,837.8,849.0,824.75,839.55,14295
ALEMBICLTD,20260819,89.15,89.87,87.8,88.43,236169
ALFREDHE,20260819,2986.0,3100.0,2985.0,3034.9,38
ALGOQUANT,20260819,66.27,67.47,65.45,65.7,999104
ALICON,20260819,760.0,762.7,745.05,752.65,36472
ALIVUS,20260819,1398.7,1416.6,1356.3,1369.0,54800
ALKALI,20260819,67.22,68.5,66.21,68.23,839
ALKEM,20260819,5475.0,5489.5,5370.0,5382.5,213076
ALKYLAMINE,20260819,1895.0,1990.0,1878.0,1956.1,174877
ALLCARGO,20260819,9.94,10.23,9.9,10.1,11067728
ALLDIGI,20260819,810.4,813.55,806.1,812.45,3165
ALLTIME,20260819,211.5,217.7,209.82,210.53,63087
ALMONDZ,20260819,14.06,15.0,13.5,13.72,150446
ALOKINDS,20260819,11.41,11.52,11.35,11.38,2619244
ALPA,20260819,62.56,63.0,60.05,61.08,9967
ALPHA,20260819,53.99,54.06,53.35,53.48,824010
ALPHAETF,20260819,26.63,26.63,26.36,26.45,341006
ALPHAGEO,20260819,356.0,367.98,335.0,345.41,87241
ALPINETEX,20260819,60.77,61.9,58.51,58.88,175751
ALPL30IETF,20260819,28.25,28.25,27.96,28.06,270287
ALUFLUOR,20260819,455.0,455.0,442.0,446.6,6116
AMAGI,20260819,576.0,579.9,548.05,555.6,785085
AMAL,20260819,740.45,766.0,736.05,740.15,3658
AMANTA,20260819,171.99,179.4,167.8,177.63,218312
AMARJOTHI,20260819,160.0,160.0,150.35,155.16,1537
AMBALALSA,20260819,47.9,47.94,45.15,46.32,149485
AMBER,20260819,7348.0,7364.5,7205.0,7250.0,231498
AMBICAAGAR,20260819,24.29,25.0,23.85,24.83,16120
AMBIKCO,20260819,1610.7,1663.0,1595.1,1648.1,14961
AMBUJACEM,20260819,412.4,412.4,405.5,407.5,2103066
AMDIND,20260819,53.35,55.5,52.12,52.69,24594
AMJLAND,20260819,37.82,39.25,37.82,38.66,31570
AMNPLST,20260819,186.61,188.33,180.0,181.66,4179
AMRUTANJAN,20260819,488.25,500.0,488.0,498.8,36135
ANANDRATHI,20260819,2194.8,2199.8,2145.1,2189.2,193397
ANANTRAJ,20260819,627.0,640.5,621.0,631.55,4252327
ANDHRAPAP,20260819,62.01,62.02,60.66,61.07,103844
ANDHRSUGAR,20260819,100.46,103.9,99.0,99.53,1268483
ANDREWYU,20260819,26.5,26.5,25.72,26.0,28910
ANGELONE,20260819,291.75,294.4,288.85,289.5,2506672
ANIKINDS,20260819,42.5,44.65,41.6,44.15,18492
ANKITMETAL,20260819,1.51,1.58,1.51,1.53,67008
ANMOL,20260819,9.92,10.2,9.9,9.98,17714
ANNAPURNA,20260819,163.8,163.8,153.0,153.35,72814
ANSALAPI,20260819,3.4,3.4,3.33,3.33,82617
ANTELOPUS,20260819,863.0,863.0,793.75,798.35,209723
ANTGRAPHIC,20260819,0.73,0.75,0.73,0.73,140336
ANTHEM,20260819,897.0,897.0,879.2,881.9,304472
ANUHPHR,20260819,76.86,76.86,75.4,75.86,25866
ANUP,20260819,1835.3,1838.9,1800.0,1804.8,17650
ANURAS,20260819,1220.0,1243.0,1213.5,1225.4,435478
AONEGOLD,20260819,14.28,14.35,14.11,14.22,540010
AONELIQUID,20260819,1073.21,1073.21,1073.19,1073.2,23463
AONENIFTY,20260819,9.75,10.18,9.75,9.95,125923
AONESILVER,20260819,8.83,8.83,8.61,8.67,433341
AONETMMQ50,20260819,10.48,10.55,10.3,10.32,42365
AONETOTAL,20260819,12.08,12.08,11.9,11.92,166717
APARINDS,20260819,17320.0,17525.0,16461.0,16615.0,168975
APCL,20260819,106.23,107.7,103.0,103.07,2277
APCOTEXIND,20260819,637.55,637.55,617.0,620.25,146009
APEX,20260819,400.0,423.8,395.1,400.05,1014301
APLAPOLLO,20260819,2115.0,2121.8,2097.2,2121.8,292451
APLLTD,20260819,823.15,824.4,806.25,817.5,98543
APOLLO,20260819,388.0,393.6,385.0,386.7,3287403
APOLLOHOSP,20260819,8817.0,8862.5,8695.5,8750.0,298438
APOLLOPIPE,20260819,551.35,589.0,546.0,576.45,1125051
APOLLOTYRE,20260819,434.5,435.05,426.5,427.35,1931870
APOLSINHOT,20260819,1193.9,1198.9,1182.3,1184.7,276
APTECHT,20260819,93.2,95.0,92.11,92.85,49219
APTUS,20260819,257.35,257.65,251.1,253.05,400106
AQYLON,20260819,23.0,24.0,22.99,23.92,2259682
ARCHIDPLY,20260819,96.25,99.0,96.0,96.18,19673
ARCHIES,20260819,13.65,13.97,13.65,13.82,9178
ARCL,20260819,233.75,233.75,222.07,230.99,526
ARDEE,20260819,64.19,64.6,62.52,63.38,8831911
ARE&M,20260819,934.75,942.9,925.8,928.55,302381
ARENTERP,20260819,38.42,38.42,37.4,37.9,544
ARFIN,20260819,81.35,83.9,81.35,83.62,1083845
ARIES,20260819,446.7,449.65,430.5,438.4,46727
ARIHANT,20260819,1021.1,1059.6,977.0,1029.5,2750
ARIHANTCAP,20260819,73.98,79.0,73.09,77.68,541197
ARIHANTSUP,20260819,250.9,253.3,247.4,248.4,1597
ARIS,20260819,136.0,136.97,134.06,136.0,380169
ARKADE,20260819,130.8,132.15,127.0,127.65,536055
ARMANFIN,20260819,1930.3,1965.0,1913.1,1931.6,23796
AROGRANITE,20260819,24.66,25.1,24.08,24.9,4241
ARROWGREEN,20260819,693.75,727.0,693.75,714.15,52790
ARSHIYA,20260819,0.92,0.94,0.91,0.91,123430
ARSSBL,20260819,514.5,514.5,492.6,497.45,203569
ARTEMISMED,20260819,311.9,318.0,309.05,313.95,184191
ARTNIRMAN,20260819,43.23,43.23,41.26,43.19,799
ARVEE,20260819,180.0,184.9,171.2,174.39,1583
ARVIND,20260819,528.35,530.75,511.8,516.5,1491724
ARVINDFASN,20260819,438.0,438.0,427.85,429.3,75845
ARVSMART,20260819,668.15,673.95,660.6,662.6,49923
ARYAMAN,20260819,590.0,590.0,583.95,587.0,20
ASAHIINDIA,20260819,974.0,974.0,948.1,957.05,239354
ASAHISONG,20260819,345.2,361.7,337.0,357.3,17852
ASAL,20260819,499.55,508.7,494.4,496.25,12475
ASALCBR,20260819,721.9,732.9,710.0,718.15,31384
ASHAPURMIN,20260819,595.0,598.1,587.1,589.65,225687
ASHIANA,20260819,365.75,371.0,361.4,368.25,29101
ASHIKAG,20260819,438.0,439.0,425.1,428.7,23901
ASHIMASYN,20260819,17.06,18.2,17.06,17.49,72449
ASHOKA,20260819,111.7,112.68,111.3,111.6,287864
ASHOKAMET,20260819,13.6,13.61,13.0,13.39,19711
ASHOKLEY,20260819,175.0,176.1,173.1,173.1,10072866
ASIANENE,20260819,466.0,483.85,461.0,478.75,1461296
ASIANHOTNR,20260819,303.6,303.6,291.9,297.8,10257
ASIANPAINT,20260819,2625.0,2634.9,2601.0,2630.8,742443
ASIANTILES,20260819,46.1,48.27,44.51,46.04,11179143
ASIANTNE,20260819,9.0,9.7,8.8,9.03,11910
ASKAUTOLTD,20260819,642.2,651.5,640.55,646.35,243997
ASMS,20260819,7.04,7.16,6.95,7.03,134094
ASPINWALL,20260819,236.01,236.15,234.95,235.41,191
ASTAR,20260819,619.0,619.0,574.4,583.05,194
ASTEC,20260819,585.5,623.8,585.5,603.8,156684
ASTERDM,20260819,779.9,835.0,766.1,800.2,73948298
ASTRAL,20260819,1535.7,1577.0,1516.2,1544.9,385557
ASTRAMICRO,20260819,1777.1,1798.4,1690.1,1701.1,416834
ASTRAZEN,20260819,7680.0,7738.5,7481.0,7500.5,53650
ASTRON,20260819,3.41,3.41,3.18,3.18,26871
ATALREAL,20260819,33.99,34.28,32.93,33.18,16506363
ATAM,20260819,61.0,61.0,58.6,59.36,7496
ATGL,20260819,652.9,687.9,652.9,664.25,8506454
ATHERENERG,20260819,1468.1,1473.3,1431.0,1438.2,1688332
ATL,20260819,23.51,24.16,23.32,23.48,224922
ATLANTAA,20260819,39.9,40.05,38.5,38.95,37685
ATLANTAELE,20260819,1809.2,1809.2,1705.1,1716.5,193933
ATLASCYCLE,20260819,96.6,98.44,96.5,97.0,1722
ATUL,20260819,6639.5,6668.0,6522.0,6596.0,32042
ATULAUTO,20260819,495.75,495.75,488.2,489.1,60495
AUBANK,20260819,1071.0,1080.9,1063.7,1075.0,1035506
AURIONPRO,20260819,712.9,719.55,681.0,684.45,227818
AUROPHARMA,20260819,1645.0,1645.0,1611.7,1624.5,752484
AURUM,20260819,228.5,231.69,225.02,229.73,86298
AURUS,20260819,4.72,4.8,4.55,4.66,17364
AUSOMENT,20260819,146.4,148.9,142.1,146.4,2108
AUSTENG,20260819,111.5,133.9,111.5,121.3,12941
AUTOAXLES,20260819,1794.7,1794.7,1755.2,1759.7,4594
AUTOBEES,20260819,304.41,304.42,300.73,301.93,160307
AUTOIETF,20260819,30.4,30.46,30.04,30.13,917682
AUTOIND,20260819,84.27,88.0,84.27,85.04,382853
AVADHSUGAR,20260819,711.3,764.0,696.15,743.9,856332
AVALON,20260819,2199.9,2269.4,2070.0,2245.6,931710
AVANCE,20260819,0.92,0.93,0.9,0.9,2676392
AVANTEL,20260819,163.8,165.1,162.01,163.86,1118755
AVANTIFEED,20260819,862.0,878.4,852.0,860.6,208261
AVG,20260819,193.54,200.0,192.15,196.23,5626
AVL,20260819,609.95,616.8,597.35,605.5,95703
AVONMORE,20260819,13.57,13.65,12.97,13.03,244813
AVROIND,20260819,8.63,9.83,8.42,9.54,1245153
AVTNPL,20260819,88.15,90.0,85.3,86.59,528304
AWFIS,20260819,265.0,269.2,264.85,266.45,140063
AWHCL,20260819,378.25,386.0,375.55,381.6,77806
AWL,20260819,189.7,191.27,186.96,188.72,1235686
AXISBANK,20260819,1243.1,1245.0,1224.0,1235.0,3061937
AXISCADES,20260819,1619.0,1619.0,1561.6,1592.8,166468
AXITA,20260819,7.38,7.38,7.27,7.27,172399
AXTEL,20260819,411.0,417.05,401.25,406.6,3012
AYE,20260819,173.77,174.0,168.54,170.34,240578
AYMSYNTEX,20260819,267.45,275.9,263.35,265.2,41511
AZAD,20260819,2870.9,2901.1,2802.2,2828.4,377114
AZADIND,20260819,91.01,93.7,90.9,91.74,24680
BAFNAPH,20260819,242.55,242.55,242.55,242.55,4244
BAGFILMS,20260819,4.48,4.48,4.4,4.43,46337
BAIDFIN,20260819,9.87,9.87,9.62,9.69,39622
BAJAJ-AUTO,20260819,11607.0,11722.0,11534.0,11645.0,222810
BAJAJCON,20260819,485.4,506.7,477.05,500.7,964461
BAJAJELEC,20260819,355.55,358.4,350.2,353.55,125708
BAJAJFINSV,20260819,2002.1,2013.0,1985.0,2012.0,920207
BAJAJHCARE,20260819,323.9,323.9,317.0,319.25,63963
BAJAJHFL,20260819,84.0,85.16,83.85,85.01,2898978
BAJAJHIND,20260819,18.6,21.28,18.54,20.38,176515155
BAJAJHLDNG,20260819,11264.0,11383.0,11234.0,11380.0,25169
BAJAJINDEF,20260819,214.19,218.0,213.13,215.04,15712
BAJAJST,20260819,366.6,369.0,353.05,355.95,7853
BAJEL,20260819,183.22,185.0,180.0,180.22,74158
BAJFINANCE,20260819,1093.9,1093.9,1076.4,1080.2,2877930
BALAJEE,20260819,26.85,26.95,26.04,26.26,22441
BALAJITELE,20260819,92.79,93.89,90.55,91.46,121922
BALAMINES,20260819,2117.0,2130.0,2057.0,2092.7,114417
BALAXI,20260819,24.25,24.3,23.32,23.79,30405
BALKRISHNA,20260819,18.0,18.0,17.16,17.23,24821
BALKRISIND,20260819,2380.0,2389.5,2347.2,2366.4,96953
BALMLAWRIE,20260819,174.0,175.19,173.0,173.61,76239
BALPHARMA,20260819,85.0,86.06,84.3,84.82,4444
BALRAMCHIN,20260819,651.55,667.7,648.0,650.8,1617563
BALUFORGE,20260819,542.1,547.0,533.4,537.5,935580
BANARBEADS,20260819,113.4,114.0,112.13,112.41,501
BANARISUG,20260819,3573.0,3721.0,3485.9,3617.4,4672
BANCOINDIA,20260819,631.0,631.0,621.0,622.75,55044
BANDHANBNK,20260819,170.51,170.89,167.64,169.2,4976272
BANG,20260819,29.54,29.54,28.5,29.06,14556
BANK10ADD,20260819,16.9,16.9,16.71,16.81,52263
BANK10BETF,20260819,20.79,20.79,20.62,20.62,1282
BANKA,20260819,82.55,84.6,77.16,78.4,3841
BANKADD,20260819,58.67,58.76,58.49,58.7,3215
BANKBARODA,20260819,244.07,245.55,243.15,245.0,6256020
BANKBEES,20260819,594.65,597.99,591.72,593.26,360616
BANKBETA,20260819,59.33,59.35,59.03,59.23,225047
BANKBETF,20260819,57.2,58.38,57.2,58.17,4375
BANKETF,20260819,583.39,584.97,582.02,583.92,3884
BANKIETF,20260819,58.72,58.98,58.65,58.82,340691
BANKINDIA,20260819,142.1,143.2,141.15,141.7,5252432
BANKNIFTY1,20260819,59.64,59.65,59.21,59.44,422108
BANKPSU,20260819,87.1,87.28,86.68,86.76,2136
BANSALWIRE,20260819,323.65,324.5,320.0,322.85,44770
BANSWRAS,20260819,115.32,117.38,115.0,115.45,5205
BASF,20260819,3990.0,3990.0,3911.4,3930.0,15085
BASML,20260819,25.12,25.25,24.65,24.76,22920
BATAINDIA,20260819,730.0,730.0,710.15,721.3,770121
BATLIBOI,20260819,88.72,89.0,85.0,85.53,18057
BAYERCROP,20260819,4108.8,4125.1,4055.0,4069.9,10990
BBETF0432,20260819,1353.93,1360.14,1350.76,1357.42,2184
BBL,20260819,2349.9,2349.9,2301.1,2304.4,15997
BBNPNBETF,20260819,57.8,57.8,57.4,57.4,278
BBNPPGOLD,20260819,147.65,149.45,146.15,146.95,1329
BBOX,20260819,781.25,793.95,761.1,767.75,256114
BBTC,20260819,1473.2,1476.7,1442.0,1445.0,42832
BBTCL,20260819,260.0,260.0,243.01,246.04,88133
BCG,20260819,9.31,9.38,9.14,9.15,4590438
BCLIND,20260819,36.27,36.59,35.78,35.82,465828
BCONCEPTS,20260819,155.8,161.99,155.8,159.7,8177
BCPL,20260819,70.79,70.85,69.36,69.52,3871
BDL,20260819,1393.0,1401.7,1347.4,1349.0,1670098
BEARDSELL,20260819,25.59,27.0,24.6,25.05,25021
BECTORFOOD,20260819,262.0,265.8,258.4,263.32,1551749
BEDMUTHA,20260819,112.0,118.0,112.0,112.05,1158
BEEKAY,20260819,415.0,434.0,415.0,427.3,429
BEL,20260819,412.0,412.75,406.4,409.2,10660149
BELLACASA,20260819,224.15,227.67,221.0,223.98,12452
BELRISE,20260819,237.02,237.59,232.2,233.01,3366246
BEML,20260819,1975.2,1984.0,1924.0,1966.9,421551
BENARAS,20260819,10050.0,10500.0,10000.0,10189.0,160
BENGALASM,20260819,6250.0,6250.0,6153.0,6201.5,109
BEPL,20260819,122.16,122.8,118.45,119.05,641179
BERGEPAINT,20260819,538.0,544.5,531.0,535.9,344433
BESTAGRO,20260819,18.5,18.65,18.13,18.31,673796
BETA,20260819,2356.0,2451.0,2345.0,2399.2,24209
BFINVEST,20260819,463.25,464.15,437.5,447.15,34196
BFSI,20260819,27.9,27.9,27.01,27.08,93175
BFUTILITIE,20260819,533.25,534.95,527.0,530.65,29182
BGRENERGY,20260819,244.15,250.0,241.0,246.55,17679
BHAGCHEM,20260819,286.7,292.0,281.65,287.4,54351
BHAGERIA,20260819,203.8,206.35,203.1,204.4,14153
BHAGYANGR,20260819,409.0,409.0,381.0,382.4,274120
BHANDARI,20260819,3.09,3.09,3.01,3.04,146191
BHARATCOAL,20260819,33.1,33.36,32.9,32.94,4147797
BHARATFORG,20260819,2090.0,2095.0,2048.6,2069.0,1263394
BHARATGEAR,20260819,102.0,103.45,100.7,101.96,5483
BHARATRAS,20260819,1284.1,1297.9,1266.0,1278.4,8522
BHARATSE,20260819,240.91,240.91,224.99,227.19,441229
BHARATWIRE,20260819,189.26,191.28,186.0,186.33,80119
BHARTIARTL,20260819,1924.8,1941.8,1922.0,1922.0,6252338
BHARTIHEXA,20260819,1600.9,1615.0,1581.1,1596.3,51641
BHEL,20260819,425.0,425.15,414.3,419.8,5840962
BI,20260819,103.04,111.51,91.25,91.66,1005935
BIGBLOC,20260819,44.05,44.72,43.2,43.39,58659
BIKAJI,20260819,606.15,613.65,606.15,609.15,28502
BIL,20260819,848.85,855.0,829.65,842.6,8355
BILVYAPAR,20260819,4.2,4.25,4.06,4.1,3778
BIMETAL,20260819,621.0,643.9,616.05,624.55,402
BIOCON,20260819,416.55,417.75,411.0,412.75,1683297
BIOFILCHEM,20260819,31.5,31.96,30.5,30.91,6400
BIRLACABLE,20260819,295.5,298.4,280.55,284.77,110505
BIRLACORPN,20260819,890.3,897.35,877.0,884.9,94608
BIRLAMONEY,20260819,128.6,132.73,127.0,127.43,26134
BIRLANU,20260819,1582.3,1625.0,1553.6,1560.5,6465
BIRLAPREC,20260819,36.79,37.2,35.65,36.63,30143
BLACKBUCK,20260819,595.0,628.95,585.4,616.35,3425004
BLACKROSE,20260819,107.0,112.0,105.52,110.88,27930
BLAL,20260819,171.42,171.42,167.0,168.45,16048
BLBLIMITED,20260819,16.24,16.4,16.02,16.16,238169
BLEL,20260819,465.0,537.0,458.7,502.2,37618013
BLIL,20260819,71.3,71.69,70.91,71.14,56460
BLISSGVS,20260819,565.0,573.8,554.1,573.8,1030454
BLKASHYAP,20260819,52.54,53.1,51.9,52.04,143206
BLS,20260819,269.07,272.57,265.36,271.37,1243199
BLSE,20260819,309.0,317.75,308.55,314.1,189004
BLUECHIP,20260819,1.9,1.9,1.9,1.9,7570
BLUECLOUDS,20260819,22.86,22.98,22.1,22.36,1565205
BLUECOAST,20260819,23.19,24.34,22.54,24.3,3403
BLUEDART,20260819,5110.5,5122.5,5050.0,5067.0,5868
BLUEJET,20260819,607.95,611.25,590.9,592.3,449751
BLUESTARCO,20260819,1498.8,1501.1,1478.0,1493.2,292749
BLUESTONE,20260819,825.0,837.5,810.0,816.2,660504
BLUSPRING,20260819,111.25,120.76,110.0,119.86,872674
BMWVENTLTD,20260819,57.02,60.0,56.7,57.18,133072
BNAGROCHEM,20260819,231.7,240.0,221.65,238.75,2568
BNALTD,20260819,401.0,415.7,401.0,414.4,8
BNKETFAXIS,20260819,589.9,591.94,588.43,591.94,412
BODALCHEM,20260819,68.94,72.0,68.25,71.75,286961
BOHRAIND,20260819,14.99,16.0,14.15,14.74,14346
BOMDYEING,20260819,114.5,115.1,111.0,111.57,518025
BONLON,20260819,44.4,44.4,40.4,41.54,7169
BORANA,20260819,317.25,317.25,306.5,309.15,26897
BOROLTD,20260819,250.45,252.95,245.58,248.11,82607
BORORENEW,20260819,561.55,565.3,546.6,549.7,336191
BOROSCI,20260819,130.9,131.01,127.92,128.96,49197
BOSCH-HCIL,20260819,1732.1,1770.0,1699.3,1762.6,59313
BOSCHLTD,20260819,48730.0,49130.0,48315.0,48460.0,52957
BPCL,20260819,310.3,311.85,304.7,307.0,4757433
BPL,20260819,50.8,50.8,49.9,50.33,22080
BPLPHARMA,20260819,1299.8,1325.0,1216.3,1274.3,190
BRAHMINFRA,20260819,184.0,184.0,168.5,170.5,11764
BRIGADE,20260819,589.05,594.05,582.15,587.7,228030
BRIGHOTEL,20260819,60.9,61.37,60.26,60.65,58762
BRIGHTBR,20260819,253.86,259.0,221.0,242.35,744
BRITANNIA,20260819,5495.0,5550.0,5453.0,5453.0,251106
BRNL,20260819,17.3,17.57,17.3,17.45,17197
BROOKS,20260819,60.0,61.0,58.75,59.08,16196
BSE,20260819,3317.0,3395.0,3291.7,3352.0,4767443
BSE500IETF,20260819,39.84,40.79,39.51,39.64,85980
BSHSL,20260819,87.95,91.98,87.77,88.72,10820
BSL,20260819,122.01,123.5,120.5,121.23,2317
BSLGOLDETF,20260819,138.04,138.04,133.02,133.97,254256
BSLNIFTY,20260819,27.9,28.75,27.72,28.28,707466
BSLSENETFG,20260819,78.21,79.62,77.45,79.47,4894
BSOFT,20260819,307.4,311.8,305.05,305.9,657008
BTML,20260819,8.9,9.07,8.5,8.72,1743868
BTTL,20260819,44.0,44.0,42.36,43.12,6016
BUILDPRO,20260819,1255.9,1282.9,1253.1,1273.0,35005
BURNPUR,20260819,15.72,15.72,15.72,15.72,4369
BUTTERFLY,20260819,652.15,659.4,650.1,654.5,7521
BVCL,20260819,40.8,40.94,40.22,40.41,7283
BYKE,20260819,31.77,31.96,31.45,31.5,6210
CALSOFT,20260819,28.45,28.47,28.05,28.47,253243
CAMLINFINE,20260819,110.4,110.4,105.0,106.15,1192215
CAMPUS,20260819,216.63,225.0,215.8,222.54,955590
CAMS,20260819,762.0,763.85,752.0,754.3,1126243
CANBK,20260819,129.1,129.4,128.1,129.08,7255746
CANFINHOME,20260819,818.85,824.15,815.0,817.65,136451
CANHLIFE,20260819,149.26,153.51,148.19,151.63,511276
CANTABIL,20260819,229.45,234.87,228.11,232.12,1152604
CAPACITE,20260819,209.11,209.25,204.3,205.53,201920
CAPILLARY,20260819,513.45,523.6,508.05,510.15,181534
CAPITALSFB,20260819,285.15,292.05,285.0,287.6,22189
CAPLIPOINT,20260819,2530.0,2589.0,2516.3,2571.0,77302
CAPTRUST,20260819,21.79,21.79,20.34,20.49,39314
CARBORUNIV,20260819,1125.9,1129.8,1084.4,1087.2,162917
CARERATING,20260819,1738.4,1738.4,1703.0,1706.7,58016
CARRARO,20260819,514.0,522.5,506.5,518.85,105556
CARTRADE,20260819,2800.0,2822.4,2770.0,2783.5,154924
CARYSIL,20260819,1183.3,1187.0,1164.2,1181.9,48175
CASHIETF,20260819,1075.87,1075.89,1075.87,1075.87,129751
CASTROLIND,20260819,187.2,190.9,186.85,188.75,5360631
CCAVENUE,20260819,15.08,15.28,14.84,14.89,9027765
CCCL,20260819,15.5,15.8,15.01,15.16,193963
CCHHL,20260819,12.49,12.61,12.07,12.34,10981
CCL,20260819,1140.4,1140.4,1119.0,1124.6,104901
CDSL,20260819,1340.6,1345.0,1325.0,1329.0,560859
CEATLTD,20260819,3601.0,3607.2,3524.8,3534.8,63735
CEIGALL,20260819,312.2,316.55,306.8,313.65,748158
CEINSYS,20260819,784.0,788.2,760.0,763.7,35769
CELEBRITY,20260819,6.85,7.1,6.7,6.86,54065
CELLO,20260819,362.6,365.75,357.0,358.8,249962
CEMNTGROWW,20260819,15.1,15.1,14.76,14.89,92141
CEMPRO,20260819,1324.0,1334.0,1257.8,1265.7,344424
CENTENKA,20260819,579.95,580.0,566.55,569.9,22805
CENTEXT,20260819,22.0,22.5,21.6,22.08,765319
CENTRALBK,20260819,31.0,31.07,30.9,30.91,2621532
CENTRUM,20260819,24.33,24.33,23.75,23.9,178770
CENTUM,20260819,3469.0,3522.4,3342.0,3368.9,85384
CENTURYPLY,20260819,756.3,759.95,740.2,747.0,47383
CERA,20260819,5792.5,5838.5,5650.0,5691.5,5531
CEREBRAINT,20260819,2.58,2.7,2.52,2.7,52791
CESC,20260819,162.0,162.26,158.5,159.66,2882634
CEWATER,20260819,273.8,283.4,270.1,275.7,295025
CFEL,20260819,31.63,31.63,30.05,30.5,10228
CGCL,20260819,225.0,231.2,224.38,226.23,2959311
CGPOWER,20260819,885.85,886.0,860.2,863.05,4061889
CGVAK,20260819,151.24,151.24,136.62,140.73,508
CHALET,20260819,835.0,855.0,821.15,848.05,98895
CHAMBLFERT,20260819,433.3,437.7,432.2,434.85,362458
CHEMBOND,20260819,173.69,173.69,163.0,166.0,6165
CHEMBONDCH,20260819,270.3,274.0,261.1,269.78,11521
CHEMCON,20260819,191.4,191.4,186.11,187.8,10218
CHEMCRUX,20260819,85.0,88.7,84.82,85.25,5926
CHEMFAB,20260819,362.0,382.4,362.0,372.55,6380
CHEMICAL,20260819,30.88,30.93,30.36,30.48,342658
CHEMPLASTS,20260819,179.0,181.49,178.05,179.68,91535
CHENNPETRO,20260819,1429.0,1489.7,1421.2,1440.3,5720727
CHEVIOT,20260819,1167.5,1175.9,1139.0,1141.1,1548
CHOICEGOLD,20260819,151.59,152.34,149.04,150.73,10638
CHOICEIN,20260819,803.5,814.6,795.35,800.45,485815
CHOLAFIN,20260819,1866.1,1873.5,1853.1,1873.5,555561
CHOLAHLDNG,20260819,1563.3,1579.9,1548.4,1557.3,94359
CIEINDIA,20260819,409.7,410.55,405.7,406.65,147101
CIFL,20260819,20.7,21.22,20.35,20.4,33946
CINELINE,20260819,87.9,89.69,85.01,87.33,24094
CINEVISTA,20260819,14.6,14.65,13.8,14.07,20741
CIPLA,20260819,1429.0,1435.1,1415.4,1422.0,433654
CLCIND,20260819,49.97,50.0,49.01,49.02,7439
CLEAN,20260819,828.1,830.75,815.0,819.3,146477
CLEANMAX,20260819,1255.7,1269.5,1221.1,1243.8,108325
CLEDUCATE,20260819,61.57,61.57,59.0,60.33,19282
CLSEL,20260819,279.05,283.05,276.9,279.2,34476
CMLL,20260819,529.0,534.6,511.0,514.5,673167
CMPDI,20260819,232.4,241.5,224.96,238.14,3273203
CMRGREEN,20260819,211.35,214.0,205.25,213.08,1064703
CMSINFO,20260819,248.0,249.0,240.5,246.0,1477319
CNL,20260819,1255.35,1264.15,1210.95,1226.35,41265
COALINDIA,20260819,406.95,407.6,397.3,400.0,6030203
COASTCORP,20260819,42.0,42.58,41.41,42.04,71172
COCHINSHIP,20260819,1499.0,1506.5,1473.2,1485.0,680465
COCKERILL,20260819,8484.0,8484.0,7972.0,8010.5,13649
COFFEEDAY,20260819,29.98,29.98,29.16,29.35,167208
COFORGE,20260819,1790.0,1818.0,1785.4,1813.1,2592917
COHANCE,20260819,457.4,458.2,444.05,446.85,282289
COLPAL,20260819,1905.0,1913.6,1863.9,1879.6,571246
COMFINTE,20260819,6.41,7.1,6.2,6.57,238400
COMMOIETF,20260819,99.84,100.0,99.0,99.15,25771
COMPEAU,20260819,354.0,355.0,342.1,344.05,1648
COMPINFO,20260819,1.07,1.07,1.02,1.04,29171
COMPUSOFT,20260819,13.36,13.95,12.85,13.87,49475
COMSYN,20260819,281.95,284.98,277.22,280.55,148275
CONCOR,20260819,518.55,519.65,511.55,514.35,724297
CONCORDBIO,20260819,1570.0,1603.8,1548.0,1587.5,194664
CONFIPET,20260819,70.19,73.89,69.92,72.49,3849623
CONS,20260819,12.43,12.43,12.32,12.37,12279
CONSOFINVT,20260819,277.95,283.8,272.0,282.45,1911
CONSUMAXIS,20260819,123.78,125.91,123.73,125.91,252
CONSUMBEES,20260819,133.38,134.49,131.2,133.42,41453
CONSUMER,20260819,12.2,12.24,12.15,12.21,305144
CONSUMIETF,20260819,124.4,124.74,124.08,124.09,15531
CONTROLPR,20260819,581.0,581.05,567.0,570.1,8718
CORALFINAC,20260819,35.4,36.45,33.56,33.82,244062
CORDELIA,20260819,834.0,840.0,825.0,825.25,1316682
CORDSCABLE,20260819,230.0,235.98,224.0,235.98,51209
COROMANDEL,20260819,2060.2,2062.7,2025.7,2038.1,49013
CORONA,20260819,2119.1,2160.5,2107.1,2121.4,62064
COSMOFIRST,20260819,969.7,969.75,923.75,930.7,62705
COUNCODOS,20260819,7.05,7.18,6.71,6.99,184190
CPCAP,20260819,124.52,127.76,121.1,123.46,13045
CPEDU,20260819,207.95,208.72,202.74,205.47,7049
CPL,20260819,68.0,69.74,66.69,68.06,153649
CPPLUS,20260819,3361.1,3393.0,3251.0,3303.5,275085
CPSEETF,20260819,94.5,94.5,93.01,93.14,1093832
CRAFTSMAN,20260819,10910.0,10930.0,10612.5,10779.0,34911
CRAMC,20260819,254.0,254.4,249.65,250.75,374322
CRAVATEX,20260819,347.9,347.9,337.0,347.9,228
CREATIVEYE,20260819,6.45,6.45,5.77,6.15,15625
CREDITACC,20260819,1520.0,1532.5,1504.0,1519.4,53715
CREST,20260819,351.0,370.0,345.25,363.85,11696
CRISIL,20260819,4444.9,4549.5,4444.0,4499.4,51182
CRIZAC,20260819,175.0,181.32,170.29,171.62,383204
CROMPTON,20260819,245.0,247.1,242.05,245.5,2206730
CROWN,20260819,109.45,109.99,102.5,103.68,14439
CRSL,20260819,2.18,2.58,2.14,2.58,3004809
CSBBANK,20260819,317.45,317.6,314.2,314.6,111560
CSLFINANCE,20260819,222.07,225.0,221.44,223.47,15777
CSM,20260819,102.0,102.0,96.11,99.25,516095
CTE,20260819,44.94,44.94,43.0,44.94,115442
CUB,20260819,222.19,225.85,219.58,221.03,5707017
CUBEXTUB,20260819,79.5,80.97,77.8,78.06,42519
CUMMINSIND,20260819,5301.5,5347.0,5206.5,5220.0,321107
CUPID,20260819,285.45,290.9,277.21,284.56,33857821
CURAA,20260819,72.0,72.0,71.4,72.0,24
CYBERMEDIA,20260819,16.23,16.8,16.05,16.7,8550
CYBERTECH,20260819,131.51,136.98,131.51,135.54,15108
CYIENT,20260819,860.0,903.0,860.0,894.5,2033629
CYIENTDLM,20260819,736.2,740.95,711.15,715.6,348134
DABUR,20260819,403.5,403.5,398.0,399.75,927611
DAICHI,20260819,330.0,332.9,315.0,322.0,1802
DALBHARAT,20260819,1837.1,1875.0,1825.0,1875.0,276847
DALMIASUG,20260819,452.7,478.75,450.0,475.55,844725
DAMCAPITAL,20260819,146.8,147.5,144.2,144.85,182790
DAMODARIND,20260819,27.6,27.6,27.6,27.6,1
DANGEE,20260819,2.95,3.0,2.81,2.87,26583
DATAMATICS,20260819,837.25,838.3,814.0,817.1,66019
DATAPATTNS,20260819,4755.0,4797.9,4690.0,4774.2,840297
DAVANGERE,20260819,3.18,3.44,2.95,2.99,53680313
DBCORP,20260819,209.85,212.5,206.51,207.42,69922
DBEIL,20260819,6.89,6.89,6.6,6.74,63611
DBL,20260819,421.3,421.5,414.0,416.2,72295
DBOL,20260819,123.0,131.4,123.0,129.26,814499
DBREALTY,20260819,107.5,107.75,101.5,101.79,1242300
DBSTOCKBRO,20260819,33.92,33.92,31.6,32.48,736
DCAL,20260819,169.4,173.5,167.31,172.4,379715
DCBBANK,20260819,182.0,184.39,180.0,181.81,743355
DCI,20260819,371.1,378.0,365.45,366.85,31767
DCM,20260819,81.5,83.9,80.0,81.1,10825
DCMFINSERV,20260819,5.67,5.75,5.4,5.5,5992
DCMNVL,20260819,178.29,180.0,173.65,175.89,45740
DCMSHRIRAM,20260819,1035.0,1063.2,1022.0,1049.4,205387
DCMSIL,20260819,70.0,75.11,68.02,74.58,144562
DCMSRIND,20260819,46.85,50.14,46.66,49.89,736392
DCW,20260819,43.84,43.84,42.5,43.26,1391061
DCXINDIA,20260819,180.01,180.16,173.55,174.67,390796
DDEVPLSTIK,20260819,272.75,284.6,269.45,280.2,215760
DECCANCE,20260819,549.8,554.95,535.0,549.9,41413
DECNGOLD,20260819,244.9,244.95,232.1,233.21,1792043
DEEDEV,20260819,657.25,667.0,637.25,644.6,90935
DEEP,20260819,36.95,38.3,35.62,37.9,31899
DEEPAKFERT,20260819,1472.1,1483.0,1453.0,1476.2,138269
DEEPAKNTR,20260819,1769.2,1809.3,1759.0,1768.3,477429
DEEPINDS,20260819,717.95,720.0,656.7,667.35,622935
DEFENCE,20260819,85.6,85.6,82.21,82.37,252572
DELHIVERY,20260819,449.95,451.8,446.4,450.0,1321278
DELPHIFX,20260819,6.65,6.85,6.5,6.63,129267
DELTACORP,20260819,60.53,60.67,59.4,59.68,410587
DELTAMAGNT,20260819,59.3,59.3,57.03,57.28,808
DEN,20260819,27.5,27.68,27.3,27.38,197363
DENORA,20260819,846.25,855.4,829.0,835.65,1838
DENTA,20260819,286.85,301.7,286.1,289.0,408689
DEVIT,20260819,25.7,25.88,24.35,24.97,31585
DEVX,20260819,32.6,34.25,32.6,33.96,54113
DEVYANI,20260819,141.1,143.7,140.96,142.9,1339201
DGCONTENT,20260819,24.34,24.48,23.76,23.8,10459
DHABRIYA,20260819,566.9,593.0,558.05,587.0,62401
DHAMPURSUG,20260819,170.05,181.87,170.05,176.18,2578499
DHANBANK,20260819,32.02,32.43,31.89,32.22,468948
DHANUKA,20260819,1002.4,1006.0,990.1,994.1,13414
DHARAN,20260819,0.17,0.17,0.15,0.15,5202798
DHARMAJ,20260819,270.45,274.25,268.0,269.2,23518
DHATRE,20260819,4.58,4.75,4.23,4.37,73072
DHOOTTRANS,20260819,1297.7,1436.3,1272.0,1404.05,16993686
DHRUV,20260819,26.0,26.13,24.03,25.62,6363
DHUNINV,20260819,968.4,1026.0,948.5,955.45,2399
DIACABS,20260819,372.0,374.0,355.0,359.4,806819
DIAMINESQ,20260819,240.0,241.0,233.02,238.98,3749
DIAMONDYD,20260819,1199.8,1199.8,1161.8,1179.2,10918
DICIND,20260819,585.0,593.0,572.9,576.9,4405
DIFFNKG,20260819,413.0,416.9,405.0,406.2,97082
DIGIDRIVE,20260819,17.42,17.85,17.1,17.21,9550
DIGISPICE,20260819,16.77,17.09,16.62,17.02,30751
DIGITIDE,20260819,97.3,97.8,94.19,94.69,224185
DIGJAMLMTD,20260819,51.0,52.85,50.4,51.3,17248
DISAQ,20260819,11830.0,11949.0,11694.0,11803.0,394
DISHTV,20260819,2.82,2.82,2.76,2.78,549320
DIVGIITTS,20260819,1266.95,1279.4,1245.2,1267.4,194072
DIVIDEND,20260819,35.62,35.67,35.48,35.53,19516
DIVISLAB,20260819,8600.0,8600.0,8508.0,8560.0,179152
DIVOPPBEES,20260819,77.99,77.99,77.04,77.39,121615
DIXON,20260819,14149.0,14550.0,14026.0,14462.0,468989
DJML,20260819,109.5,109.5,102.1,104.92,137976
DLF,20260819,666.0,674.65,658.3,669.9,2895273
DLINKINDIA,20260819,419.9,457.95,417.0,445.75,2580208
DMART,20260819,3988.8,4024.7,3965.0,3965.0,214608
DMCC,20260819,289.9,293.6,279.25,291.1,52647
DNAMEDIA,20260819,2.6,2.6,2.45,2.49,55810
DODLA,20260819,1094.8,1112.7,1093.0,1102.0,31265
DOLATALGO,20260819,71.14,75.75,70.65,75.13,763181
DOLLAR,20260819,268.8,272.7,266.25,268.0,57593
DOLPHIN,20260819,619.4,645.0,608.1,619.25,142063
DOMS,20260819,2215.0,2217.9,2190.0,2193.1,26995
DONEAR,20260819,89.18,90.5,88.0,88.6,15478
DPABHUSHAN,20260819,1459.9,1495.1,1435.2,1467.9,26869
DPSCLTD,20260819,7.0,7.25,7.0,7.14,84973
DPWIRES,20260819,160.0,163.97,159.0,160.07,3758
DRAGARWQ,20260819,5322.0,5409.5,5226.0,5327.5,1590
DRCSYSTEMS,20260819,13.15,13.15,12.75,12.83,21128
DREAMFOLKS,20260819,66.65,67.8,64.57,65.35,80482
DREDGECORP,20260819,1159.9,1198.0,1150.1,1189.2,261766
DRREDDY,20260819,1171.9,1187.2,1168.0,1170.0,1150424
DSFCL,20260819,26.53,26.53,26.53,26.53,114701
DSKULKARNI,20260819,15.38,15.38,15.38,15.38,321
DSSL,20260819,1184.0,1184.0,1100.0,1116.3,37049
DTIL,20260819,135.99,139.9,134.51,134.88,9605
DUCON,20260819,3.5,3.58,3.25,3.4,916245
DVL,20260819,266.05,269.9,263.2,263.83,16148
DWARKESH,20260819,44.86,50.05,44.56,48.28,9613344
DYCL,20260819,453.0,454.35,444.0,445.95,200418
DYNAMATECH,20260819,12000.0,12213.0,11601.0,11735.0,25587
DYNPRO,20260819,228.0,229.1,224.4,226.45,17936
E2E,20260819,636.8,655.0,631.35,631.35,860290
EASEMYTRIP,20260819,6.2,6.22,6.08,6.11,9820894
EASTSILK,20260819,61.95,61.95,61.0,61.9,3003
EASTWEST,20260819,2.38,2.45,2.23,2.38,29043
EBANK10,20260819,16.74,17.5,16.6,17.08,3046
EBANKNIFTY,20260819,57.79,57.94,57.57,57.93,1002
EBBETF0430,20260819,1615.39,1615.4,1611.16,1613.51,3806
EBBETF0431,20260819,1438.01,1446.36,1437.63,1443.17,1979
EBBETF0433,20260819,1317.0,1319.96,1312.9,1316.42,3836
EBGNG,20260819,570.7,594.0,569.0,588.4,405714
EBIX,20260819,17.8,17.91,17.7,17.91,35195
ECAPINSURE,20260819,23.85,23.85,23.66,23.8,53916
ECLERX,20260819,1806.0,1855.2,1791.0,1832.9,122581
ECORECO,20260819,470.0,478.0,454.0,458.75,9480
ECOSMOBLTY,20260819,113.79,114.95,111.5,112.45,55970
EDELWEISS,20260819,121.38,124.15,120.27,122.27,2668421
EFCIL,20260819,190.5,193.87,183.3,184.89,410780
EGOLD,20260819,151.8,152.6,151.0,151.95,21687
EICHERMOT,20260819,8016.5,8060.0,7947.5,7990.5,344004
EIDPARRY,20260819,780.95,800.0,775.0,787.05,733626
EIEL,20260819,198.16,201.9,196.0,196.12,447738
EIFFL,20260819,252.2,259.9,251.1,256.3,3807
EIHAHOTELS,20260819,294.0,296.9,292.45,294.4,10096
EIHOTEL,20260819,296.55,298.4,294.3,297.65,181605
EIMCOELECO,20260819,2164.9,2197.9,2128.4,2170.8,51552
EKC,20260819,108.98,114.09,107.7,111.93,380740
EKI,20260819,79.58,82.5,78.35,79.82,18144
ELANTAS,20260819,11744.5,11800.0,11560.0,11600.5,1965
ELCIDIN,20260819,110000.0,110000.0,108150.0,108465.0,17
ELDEHSG,20260819,817.0,845.35,795.0,828.45,7102
ELECON,20260819,435.0,435.3,427.0,428.85,188815
ELECTCAST,20260819,71.2,72.0,70.55,71.76,770393
ELECTHERM,20260819,1029.6,1059.0,1016.1,1033.9,15980
ELGIEQUIP,20260819,620.0,641.0,608.1,637.8,1705661
ELGIRUBCO,20260819,57.1,58.5,56.1,57.05,26347
ELIN,20260819,101.97,101.97,99.01,99.65,198875
ELIQUID,20260819,1044.21,1044.23,1044.21,1044.21,25638
ELITECON,20260819,17.13,17.24,16.81,16.85,591137
ELLEN,20260819,325.7,332.6,317.7,328.5,509281
ELM250,20260819,16.95,17.25,16.71,16.75,220828
ELMDIV,20260819,36.7,37.17,36.45,36.49,2545
ELPROINTL,20260819,175.15,176.92,175.0,175.1,35363
EMAMILTD,20260819,399.35,407.0,396.5,400.6,557886
EMAMIPAP,20260819,116.94,116.96,111.5,113.73,26781
EMAMIREAL,20260819,73.35,74.6,70.05,71.06,17120
EMBDL,20260819,62.5,62.81,61.01,62.29,2529169
EMCURE,20260819,1875.0,1908.9,1866.3,1891.0,124266
EMETAL,20260819,13.24,13.24,12.95,12.97,3783
EMIL,20260819,191.29,194.35,189.16,191.24,1184214
EMKAY,20260819,237.0,244.4,234.61,240.19,17306
EMMBI,20260819,82.0,82.85,80.5,81.97,4906
EMMVEE,20260819,315.15,321.55,314.35,316.95,1462761
EMPIND,20260819,1137.0,1195.0,1133.0,1173.3,4106
EMPOWER,20260819,2.25,2.29,2.11,2.23,17449264
EMSLIMITED,20260819,388.8,411.0,382.2,394.95,3336792
EMUDHRA,20260819,560.4,564.5,532.05,545.2,398524
EMULTIMQ,20260819,42.15,42.15,41.61,41.82,28659
ENDURANCE,20260819,3034.8,3034.8,2979.0,2988.6,138855
ENERGY,20260819,38.96,38.97,38.23,38.32,274531
ENERGYDEV,20260819,16.69,16.94,16.3,16.45,22508
ENEXT50,20260819,74.05,75.0,73.4,75.0,14447
ENGINERSIN,20260819,244.78,246.9,235.35,236.9,1464796
ENIFTY,20260819,24.38,24.38,24.19,24.28,700
ENIL,20260819,100.86,102.98,100.86,101.49,15956
ENKEIWHEL,20260819,409.5,420.0,402.0,415.65,2690
ENRIN,20260819,3595.0,3602.5,3452.4,3483.0,448914
ENTERO,20260819,1420.0,1420.0,1380.6,1386.8,77945
EPACK,20260819,209.57,211.61,205.28,206.14,274290
EPACKPEB,20260819,225.0,225.15,219.15,223.05,491134
EPIGRAL,20260819,1084.8,1097.7,1054.6,1082.2,118759
EPL,20260819,246.25,255.7,244.5,250.8,5477431
EQUAL200,20260819,13.97,13.97,13.89,13.91,37880
EQUAL50,20260819,333.88,333.94,332.5,332.71,7596
EQUAL50ADD,20260819,346.12,352.2,343.55,345.44,9552
EQUIPPP,20260819,22.35,23.4,22.35,23.39,910
EQUITASBNK,20260819,75.2,75.96,74.32,74.69,1617730
ERIS,20260819,1345.0,1354.2,1336.3,1348.3,77295
ESABINDIA,20260819,6185.0,6190.0,6041.0,6057.5,5295
ESAFSFB,20260819,40.5,42.2,39.5,41.92,1513468
ESCORTS,20260819,3062.1,3081.0,3042.2,3054.9,52749
ESENSEX,20260819,78.09,78.09,77.5,77.68,856
ESG,20260819,41.69,41.69,41.44,41.53,5099
ESILVER,20260819,227.01,228.69,224.74,226.44,305307
ESSARSHPNG,20260819,16.2,16.2,15.71,15.81,234420
ESSENTIA,20260819,1.22,1.25,1.2,1.2,7574592
ESTER,20260819,97.5,98.69,95.7,96.08,67707
ETERNAL,20260819,316.15,322.85,315.85,320.0,28100651
ETHOSLTD,20260819,2888.8,2919.9,2864.8,2899.9,42165
EUREKAFORB,20260819,432.0,432.0,418.5,419.85,216570
EUROBOND,20260819,156.89,160.8,156.0,157.35,7378
EUROPRATIK,20260819,274.3,278.9,261.3,268.15,314788
EUROTEXIND,20260819,14.0,14.0,14.0,14.0,305
EVEREADY,20260819,360.0,360.0,348.9,357.15,88629
EVERESTIND,20260819,442.0,442.0,422.5,427.7,7995
EVIETF,20260819,34.17,34.31,33.81,33.88,235455
EVINDIA,20260819,34.0,34.31,33.81,33.89,292688
EXCELINDUS,20260819,991.05,1148.55,990.9,1133.25,1055831
EXCELSOFT,20260819,72.89,74.75,70.5,71.09,518974
EXICOM,20260819,159.9,160.85,154.65,155.71,1372053
EXIDEIND,20260819,465.25,470.65,456.55,459.5,2001169
EXPLEOSOL,20260819,898.0,902.85,878.1,887.05,68419
EXXARO,20260819,6.18,6.24,6.01,6.1,104039
FABTECH,20260819,146.08,147.38,143.41,145.48,54795
FACT,20260819,790.0,812.9,781.2,787.15,112895
FAIRCHEMOR,20260819,670.0,670.0,660.25,660.25,4398
FAZE3Q,20260819,499.0,499.0,479.45,488.95,19512
FCL,20260819,44.19,46.2,43.0,44.98,23876877
FCSSOFT,20260819,1.49,1.51,1.46,1.47,1220218
FDC,20260819,349.1,352.75,339.1,344.7,149521
FEDDERSHOL,20260819,41.21,41.6,39.0,39.9,139465
FEDERALBNK,20260819,357.8,360.0,355.15,358.8,2198228
FEDFINA,20260819,151.0,151.5,149.3,149.8,559951
FEL,20260819,0.41,0.41,0.39,0.41,172746
FELDVR,20260819,2.47,2.47,2.3,2.32,3590
FERMENTA,20260819,456.3,460.05,446.05,456.1,68970
FIBERWEB,20260819,26.48,28.0,26.05,26.43,64974
FIEMIND,20260819,2220.0,2262.0,2205.2,2241.0,71605
FILATEX,20260819,86.5,86.6,82.51,83.15,1502803
FILATFASH,20260819,0.18,0.19,0.17,0.18,72890893
FINCABLES,20260819,1329.1,1329.1,1265.95,1313.7,787232
FINEORG,20260819,5093.1,5151.0,5061.3,5130.1,36441
FINIETF,20260819,33.13,33.15,32.92,33.0,145228
FINKURVE,20260819,77.0,78.29,70.57,71.36,318389
FINOPB,20260819,150.6,150.95,146.0,147.03,201019
FINPIPE,20260819,158.34,159.25,157.21,158.26,351056
FIRSTCRY,20260819,205.6,206.35,194.34,196.5,3007970
FISCHER,20260819,38.39,39.95,37.36,38.96,788637
FIVESTAR,20260819,531.05,534.7,516.1,521.25,253901
FLAIR,20260819,250.8,253.95,247.1,248.95,44342
FLEXIADD,20260819,10.26,10.26,10.16,10.18,35370
FLEXITUFF,20260819,2.84,2.89,2.75,2.81,136338
FLFL,20260819,1.21,1.21,1.11,1.15,68842
FLUOROCHEM,20260819,4710.0,4749.0,4650.0,4689.1,165198
FMCGADD,20260819,48.0,48.11,47.66,47.73,21566
FMCGIETF,20260819,51.48,51.54,50.94,51.05,1017354
FMGOETZE,20260819,460.75,475.0,460.55,471.65,26786
FMNL,20260819,8.52,8.99,8.31,8.51,22315
FOCUS,20260819,71.0,71.0,67.1,67.63,21602
FOODSIN,20260819,55.12,55.12,53.55,53.86,21705
FORCEMOT,20260819,18250.0,18299.0,17718.0,17837.0,66917
FORTIS,20260819,925.0,927.0,907.3,911.3,2496457
FOSECOIND,20260819,5511.0,5599.0,5440.0,5467.0,2276
FRACTAL,20260819,821.0,837.8,813.95,834.2,528310
FREDUN,20260819,1412.6,1449.9,1404.6,1428.0,11940
FRONTSP,20260819,1297.0,1322.4,1273.1,1281.4,20430
FSL,20260819,265.95,274.65,263.1,273.05,2921585
FUSION,20260819,193.89,196.0,189.21,192.08,614493
GABRIEL,20260819,1469.0,1474.9,1433.2,1438.6,116822
GAEL,20260819,177.76,177.76,173.0,173.83,701529
GAIL,20260819,172.6,174.02,170.7,172.5,8840419
GALAPREC,20260819,1065.0,1068.1,1011.6,1017.6,33590
GALAXYSURF,20260819,2455.0,2528.4,2336.2,2361.3,100832
GALLANTT,20260819,582.0,582.35,571.95,575.7,27956
GANDHAR,20260819,256.2,256.2,248.0,250.15,959345
GANDHITUBE,20260819,887.3,894.9,885.0,886.6,5869
GANECOS,20260819,1095.0,1111.8,1061.2,1065.9,66366
GANESHBE,20260819,115.0,116.35,112.01,112.44,83935
GANESHCP,20260819,165.99,165.99,163.17,164.02,67750
GANESHHOU,20260819,847.0,858.45,825.0,825.9,28757
GANGAFORGE,20260819,2.26,2.26,2.26,2.26,566710
GANGESSECU,20260819,117.0,122.0,117.0,118.98,4398
GARFIBRES,20260819,778.85,787.95,753.35,759.85,39772
GARUDA,20260819,183.7,185.99,180.45,180.78,299058
GATECH,20260819,0.84,0.84,0.83,0.83,25702408
GATECHDVR,20260819,0.51,0.53,0.5,0.51,621596
GATEWAY,20260819,54.5,54.79,53.6,54.43,1111474
GAUDIUMIVF,20260819,116.0,116.0,116.0,116.0,18704
GAYAHWS,20260819,1.94,1.97,1.88,1.93,136393
GAYAPROJ,20260819,21.89,22.15,20.86,21.59,600444
GCSL,20260819,513.8,529.7,510.35,521.7,574014
GEECEE,20260819,365.05,372.0,353.7,370.85,4775
GEEKAYWIRE,20260819,23.1,23.39,22.51,22.62,144712
GEMAROMA,20260819,170.57,179.89,168.01,175.55,136060
GENCON,20260819,38.72,39.0,38.21,38.39,240332
GENESYS,20260819,183.8,188.8,180.35,182.45,553574
GENSOL,20260819,18.9,19.23,18.65,19.17,161327
GENUSPAPER,20260819,11.69,11.7,11.26,11.43,36557
GENUSPOWER,20260819,312.0,313.65,308.25,309.3,939067
GEOJITFSL,20260819,80.69,81.03,79.8,80.01,177787
GESHIP,20260819,1329.9,1342.0,1308.0,1315.5,1437658
GFLLIMITED,20260819,52.0,58.05,51.23,56.76,770053
GHCL,20260819,439.85,454.0,437.1,438.7,334558
GHCLTEXTIL,20260819,128.9,128.9,123.65,126.4,635762
GICHSGFIN,20260819,139.05,139.08,136.6,137.25,58316
GICL,20260819,23.9,24.39,23.46,23.99,113297
GICRE,20260819,359.9,363.1,358.4,359.6,569396
GILLANDERS,20260819,91.54,91.54,88.8,89.05,1777
GILLETTE,20260819,7530.0,7530.0,7475.5,7505.0,13982
GILT10BETA,20260819,26.94,26.94,26.61,26.8,27
GILT5BETA,20260819,67.06,67.06,65.77,65.85,42
GILT5YBEES,20260819,66.23,66.29,66.2,66.23,69863
GINNIFILA,20260819,45.02,45.75,44.06,44.42,24481
GIPCL,20260819,171.99,173.19,171.12,171.96,194670
GKB,20260819,63.5,64.5,60.5,60.9,762
GKENERGY,20260819,123.8,124.48,121.16,122.13,291629
GKSL,20260819,153.46,161.22,152.0,157.25,1459210
GKWLIMITED,20260819,1628.9,1628.9,1601.0,1604.0,89
GLAND,20260819,2852.9,2881.4,2827.5,2841.3,254909
GLAXO,20260819,2877.3,3054.9,2851.0,3032.4,1374693
GLENMARK,20260819,2301.0,2313.9,2222.5,2246.5,833583
GLFL,20260819,5.9,5.9,5.56,5.82,6738
GLOBAL,20260819,106.55,109.3,106.4,107.58,34554
GLOBALE,20260819,11.55,11.6,11.06,11.45,9385
GLOBALVECT,20260819,147.2,152.28,147.2,149.02,5577
GLOBE,20260819,1.98,2.01,1.96,1.99,204314
GLOBECIVIL,20260819,44.62,45.85,44.6,44.97,54568
GLOBUSSPR,20260819,903.0,919.8,900.4,905.2,118314
GLOSTERLTD,20260819,595.2,606.75,595.0,596.0,1914
GLOTTIS,20260819,65.75,66.79,65.2,65.39,34114
GMBREW,20260819,880.3,884.6,871.0,873.5,23678
GMDCLTD,20260819,571.05,573.35,555.8,557.75,910963
GMMPFAUDLR,20260819,1032.0,1042.0,1010.25,1019.85,100103
GMRAIRPORT,20260819,102.0,103.45,101.3,102.5,13282311
GMRP&UI,20260819,96.0,99.8,95.1,98.67,2022909
GNA,20260819,582.9,584.25,566.8,577.15,386282
GNFC,20260819,608.95,613.9,598.7,602.3,484634
GNRL,20260819,104.7,107.99,104.0,105.4,45032
GOACARBON,20260819,352.8,357.45,352.8,355.65,5667
GOCLCORP,20260819,402.4,404.95,396.1,398.55,35729
GOCOLORS,20260819,347.95,348.05,332.0,333.6,116641
GODAVARIB,20260819,251.5,251.5,242.0,247.15,121946
GODFRYPHLP,20260819,2106.0,2167.7,2093.7,2117.6,415947
GODIGIT,20260819,255.95,255.95,251.05,252.05,187084
GODREJAGRO,20260819,587.0,591.75,571.4,573.35,211149
GODREJCP,20260819,938.1,939.4,928.0,930.0,1206186
GODREJIND,20260819,1224.6,1229.8,1205.8,1218.0,48002
GODREJPROP,20260819,1997.4,2009.8,1970.0,2007.3,424483
GOKEX,20260819,813.5,813.55,796.0,797.2,184078
GOKUL,20260819,38.93,40.8,38.71,40.12,221741
GOKULAGRO,20260819,236.94,245.49,235.0,243.02,844481
GOLD1,20260819,127.2,127.2,126.18,127.05,1328114
GOLD360,20260819,148.95,148.95,147.55,148.3,6410
GOLDADD,20260819,147.41,148.0,146.84,147.89,150951
GOLDAXIS,20260819,127.73,127.73,125.8,126.63,1438313
GOLDBEES,20260819,125.63,125.9,125.0,125.73,16219822
GOLDBETA,20260819,128.3,128.35,127.2,128.0,129711
GOLDBND,20260819,154.33,154.33,150.82,151.78,2264
GOLDCASE,20260819,24.5,24.5,23.8,23.93,6387539
GOLDENTOBC,20260819,24.45,25.7,24.45,24.56,1308
GOLDETF,20260819,147.59,148.2,147.04,148.06,554944
GOLDIAM,20260819,364.3,366.85,357.6,363.7,636295
GOLDIETF,20260819,133.0,134.22,129.44,130.18,2955605
GOLDTECH,20260819,47.5,48.8,46.0,48.12,19986
GOODLUCK,20260819,1340.0,1370.4,1316.8,1363.3,319719
GOODYEAR,20260819,763.5,767.0,752.05,761.4,3881
GOPAL,20260819,271.8,294.0,269.7,288.45,1097692
GOYALALUM,20260819,6.3,6.44,6.3,6.35,26436
GPIL,20260819,254.0,254.44,245.54,246.1,1219967
GPPL,20260819,160.91,166.15,160.51,165.13,3619269
GPTHEALTH,20260819,153.0,155.89,152.12,154.06,114732
GPTINFRA,20260819,115.12,115.12,112.0,113.03,101628
GRADIENTE,20260819,2.89,2.94,2.71,2.86,6246832
GRANDOAK,20260819,40.99,40.99,37.58,37.81,5138
GRANULES,20260819,853.45,860.4,827.6,841.15,287607
GRAPHITE,20260819,739.9,744.5,715.0,717.55,642444
GRASIM,20260819,3278.7,3278.7,3223.0,3270.0,978120
GRAUWEIL,20260819,66.2,67.83,66.0,66.59,192381
GRAVISSHO,20260819,28.72,28.72,28.72,28.72,57
GRAVITA,20260819,1809.5,1814.1,1783.1,1793.1,73944
GREAVESCOT,20260819,198.58,198.59,194.12,195.03,697212
GREENLAM,20260819,257.0,258.7,252.15,254.7,105319
GREENPANEL,20260819,167.3,169.36,159.25,160.66,320047
GREENPLY,20260819,286.2,291.85,282.2,283.9,104927
GREENPOWER,20260819,9.45,9.51,9.4,9.43,1279241
GRINDWELL,20260819,2100.0,2110.4,2041.0,2052.5,25108
GRINFRA,20260819,866.75,892.8,860.1,883.3,25062
GRMOVER,20260819,87.6,90.0,87.5,88.79,1088405
GROBTEA,20260819,931.4,931.4,908.15,915.0,310
GROWW,20260819,193.7,198.18,193.5,194.14,27442709
GROWWCAPM,20260819,11.28,11.29,11.17,11.26,866015
GROWWCHEM,20260819,30.28,30.72,30.28,30.44,98011
GROWWDEFNC,20260819,100.59,102.07,97.07,98.11,354707
GROWWEV,20260819,33.95,34.16,33.5,33.69,250710
GROWWGOLD,20260819,14.95,14.95,14.76,14.84,3128829
GROWWHOSPI,20260819,53.08,53.08,52.11,52.19,463086
GROWWLIQID,20260819,110.41,110.41,110.4,110.4,210322
GROWWLOVOL,20260819,10.57,10.57,10.36,10.44,3119
GROWWMC150,20260819,235.0,238.36,231.87,232.56,1356
GROWWMETAL,20260819,12.66,12.66,12.22,12.32,200330
GROWWMOM50,20260819,11.24,11.24,10.89,10.94,175978
GROWWN200,20260819,11.65,11.65,11.34,11.35,41719
GROWWNET,20260819,10.61,10.66,10.45,10.56,197282
GROWWNIFTY,20260819,9.84,10.0,9.73,9.74,605172
GROWWNXT50,20260819,74.86,75.58,74.2,74.44,2581
GROWWPOWER,20260819,11.48,11.48,11.27,11.29,2639761
GROWWPSE,20260819,96.79,99.95,96.79,98.23,1406
GROWWPSUBK,20260819,86.0,87.0,85.87,86.51,1076
GROWWRAIL,20260819,28.88,29.01,28.64,28.73,455103
GROWWRLTY,20260819,10.15,10.15,9.97,10.01,153601
GROWWSC250,20260819,10.63,10.63,10.52,10.57,93231
GROWWSLVR,20260819,22.36,22.36,22.05,22.18,1415670
GRPLTD,20260819,1992.7,2037.3,1982.1,1985.4,876
GRSE,20260819,2689.0,2706.0,2630.0,2638.3,479078
GRWRHITECH,20260819,7030.0,7127.0,6990.0,7080.5,31731
GSEC10IETF,20260819,264.99,266.89,264.99,266.89,575
GSEC10YEAR,20260819,30.79,30.79,30.37,30.64,2188
GSEC5IETF,20260819,67.02,67.02,66.16,66.72,901
GSFC,20260819,160.5,164.25,159.55,161.98,1602786
GSLSU,20260819,36.93,36.93,35.39,36.61,188513
GSPCROP,20260819,590.9,600.0,585.4,594.1,190879
GSS,20260819,12.76,13.36,12.06,12.5,45404
GTECJAINX,20260819,29.05,29.99,29.0,29.0,2990
GTL,20260819,7.57,7.64,6.71,7.25,320856
GTLINFRA,20260819,1.22,1.24,1.2,1.21,38106348
GTPL,20260819,53.5,54.39,52.7,53.78,121141
GUFICBIO,20260819,424.0,426.0,416.65,421.75,63874
GUJALKALI,20260819,678.55,682.95,655.5,664.45,49357
GUJAPOLLO,20260819,345.15,371.0,339.0,365.05,22184
GUJENERGY,20260819,275.0,277.65,265.15,266.1,2269169
GUJRAFFIA,20260819,42.45,42.45,40.26,40.66,2024
GUJTHEM,20260819,374.25,385.65,369.35,372.3,189017
GULFOILLUB,20260819,1170.9,1170.9,1148.0,1153.7,35759
GULFPETRO,20260819,63.69,65.42,63.69,64.61,474381
GULPOLY,20260819,188.62,189.25,180.9,182.18,493720
GVKPIL,20260819,2.33,2.36,2.3,2.32,457063
GVPIL,20260819,710.0,718.7,682.1,685.0,251856
GVPTECH,20260819,6.92,7.07,6.92,7.01,25518
GVT&D,20260819,4152.6,4160.7,4041.3,4100.0,1124808
GYFTR,20260819,160.47,160.47,148.72,151.9,48275
HAL,20260819,5099.0,5099.3,5005.0,5017.0,983643
HALDER,20260819,290.66,300.0,282.71,290.77,30491
HALDYNGL,20260819,126.98,130.9,125.0,129.67,50020
HALEOSLABS,20260819,1484.0,1484.0,1450.4,1456.4,98
HAMPTON,20260819,8.29,8.29,7.62,7.93,12274
HAPPSTMNDS,20260819,415.0,419.75,405.15,410.4,2389705
HAPPYFORGE,20260819,2280.0,2340.0,2220.2,2307.9,169635
HARDWYN,20260819,9.47,10.36,9.11,9.21,5519657
HARIOMPIPE,20260819,355.0,355.0,346.5,348.0,63089
HARRMALAYA,20260819,192.88,198.76,188.0,192.53,24648
HARSHA,20260819,442.0,444.6,432.8,436.55,202689
HATHWAY,20260819,10.51,10.56,10.43,10.43,1149530
HATSUN,20260819,985.35,1000.0,921.0,930.3,147018
HAVELLS,20260819,1293.0,1306.6,1275.0,1287.0,567244
HAVISHA,20260819,1.47,1.47,1.36,1.4,77150
HAWKINCOOK,20260819,8196.0,8201.5,7930.0,8049.0,4353
HAZOOR,20260819,21.34,21.51,21.01,21.2,60106
HBESD,20260819,75.0,76.9,74.8,74.8,1487
HBLENGINE,20260819,670.05,675.5,661.25,671.85,814522
HBPOR,20260819,60.5,62.9,59.75,60.0,894
HBSL,20260819,54.1,57.0,54.1,55.08,2340
HCC,20260819,20.06,20.24,19.71,19.83,17175564
HCG,20260819,716.05,755.0,709.3,745.25,406194
HCL-INSYS,20260819,11.32,11.47,11.2,11.26,68548
HCLTECH,20260819,1309.0,1324.8,1301.4,1324.8,1693632
HDBFS,20260819,700.0,700.6,680.1,681.1,511731
HDFCAMC,20260819,2515.1,2552.6,2501.0,2551.7,792412
HDFCBANK,20260819,724.0,725.4,715.1,720.0,21342651
HDFCBSE500,20260819,37.77,37.77,37.58,37.71,567561
HDFCGOLD,20260819,133.97,133.97,129.19,130.07,2160183
HDFCGROWTH,20260819,120.63,120.85,120.28,120.44,15331
HDFCLIFE,20260819,538.0,539.75,533.3,536.3,2892561
HDFCLIQUID,20260819,1074.5,1075.5,1067.5,1074.3,36671
HDFCLOWVOL,20260819,20.85,20.85,20.74,20.77,8907
HDFCMID150,20260819,23.9,23.9,23.53,23.63,282003
HDFCMOMENT,20260819,31.49,31.49,30.95,31.06,207377
HDFCNEXT50,20260819,75.93,76.02,75.14,75.43,131385
HDFCNIF100,20260819,26.0,26.48,25.82,26.05,44052
HDFCNIFBAN,20260819,59.05,59.25,58.79,59.0,312773
HDFCNIFIT,20260819,32.33,32.8,32.29,32.37,59959
HDFCNIFTY,20260819,273.21,273.3,271.25,271.65,59746
HDFCNIMEG,20260819,129.88,130.8,128.52,130.07,53424
HDFCPSUBK,20260819,87.17,87.59,85.99,86.53,33934
HDFCPVTBAN,20260819,28.53,28.53,27.65,27.77,222559
HDFCQUAL,20260819,59.55,59.55,59.0,59.1,15846
HDFCSENSEX,20260819,89.96,89.96,87.1,87.23,24563
HDFCSILVER,20260819,217.94,217.94,215.01,216.41,2714611
HDFCSML250,20260819,186.0,186.0,183.67,184.15,894851
HDFCVALUE,20260819,125.4,125.52,124.8,124.97,4291
HDIL,20260819,1.48,1.54,1.48,1.52,133348
HEADSUP,20260819,6.65,6.95,6.61,6.78,3535
HEALTHADD,20260819,16.62,16.67,16.53,16.57,3784
HEALTHAXIS,20260819,167.77,170.0,166.58,166.94,2255
HEALTHCARE,20260819,21.58,22.29,21.41,21.47,39334
HEALTHIETF,20260819,169.8,169.99,168.0,168.86,56446
HEALTHX,20260819,288.0,327.9,286.5,313.7,8983
HEALTHY,20260819,17.37,17.37,16.8,16.86,144930
HECPROJECT,20260819,124.9,124.9,115.5,116.8,18313
HEG,20260819,741.0,743.9,700.0,708.05,2902144
HEIDELBERG,20260819,160.0,160.89,157.5,158.1,96917
HEMIPROP,20260819,133.0,133.53,129.6,130.39,344946
HERANBA,20260819,162.0,164.77,158.99,162.99,121371
HERITGFOOD,20260819,361.0,362.1,356.25,360.0,100022
HEROMOTOCO,20260819,5699.5,5767.5,5664.5,5709.5,348863
HESTERBIO,20260819,2451.2,2492.0,2400.0,2412.3,3423
HEXAGON,20260819,67.2,69.73,66.99,68.97,832383
HEXATRADEX,20260819,159.9,167.0,157.01,161.94,6278
HEXT,20260819,556.65,578.0,547.2,553.3,280030
HFCL,20260819,233.0,234.4,224.0,226.53,14962246
HGINFRA,20260819,520.05,562.45,511.35,518.55,4792216
HGM,20260819,44.5,47.79,44.0,44.0,2455
HGS,20260819,402.9,417.75,402.9,408.0,9729
HIKAL,20260819,214.56,216.0,212.8,214.11,76141
HILINFRA,20260819,46.8,46.8,45.25,45.68,60714
HILTON,20260819,20.35,20.4,20.0,20.2,66005
HIMATSEIDE,20260819,71.5,71.63,69.6,69.75,304499
HINDADH,20260819,389.4,394.0,366.55,369.95,30491
HINDALCO,20260819,1030.6,1039.2,1025.55,1038.95,2125136
HINDALUMI,20260819,101.9,101.9,96.51,98.46,2867
HINDCOMPOS,20260819,414.0,416.05,401.5,407.3,3300
HINDCON,20260819,22.61,22.89,21.15,21.55,16265
HINDCOPPER,20260819,560.0,569.0,553.0,554.85,5929490
HINDOILEXP,20260819,156.99,157.73,153.51,153.71,428461
HINDPETRO,20260819,367.0,368.0,364.6,366.45,2352028
HINDUNILVR,20260819,2035.0,2041.7,2008.3,2020.7,1449442
HINDWAREAP,20260819,201.35,202.79,196.0,199.19,253302
HINDZINC,20260819,550.0,561.9,548.8,557.0,3683890
HIRECT,20260819,1252.5,1297.6,1245.4,1263.8,58199
HISARMETAL,20260819,152.11,153.87,150.62,152.05,1617
HITECH,20260819,77.5,78.25,76.72,77.06,322670
HITECHCORP,20260819,335.0,338.0,330.7,332.0,9326
HITECHGEAR,20260819,553.95,553.95,530.5,530.9,1102
HLEGLAS,20260819,307.0,328.8,305.0,315.95,761084
HLVLTD,20260819,6.7,6.74,6.63,6.63,114950
HMAAGRO,20260819,22.4,22.98,21.5,21.94,2998242
HMT,20260819,61.02,61.96,60.5,61.37,19346
HMVL,20260819,94.49,95.75,91.01,95.05,19225
HNDFDS,20260819,670.0,677.75,640.0,643.25,455616
HNGSNGBEES,20260819,493.25,493.25,478.9,479.18,77201
HOMEFIRST,20260819,1177.1,1191.7,1174.6,1184.4,106775
HONASA,20260819,477.0,479.95,471.05,476.6,736456
HONAUT,20260819,36400.0,36560.0,35880.0,36140.0,1381
HONDAPOWER,20260819,2111.0,2115.5,2066.1,2082.4,5251
HPAL,20260819,34.67,35.5,34.0,34.51,79179
HPIL,20260819,130.0,131.99,126.5,131.04,2925
HPL,20260819,316.9,316.95,310.0,310.8,62190
HRYNSHP,20260819,104.0,104.05,99.0,99.01,1402
HSBCGOLD,20260819,132.66,133.67,130.05,132.56,127855
HSCL,20260819,782.5,785.0,701.7,750.25,33126152
HTMEDIA,20260819,26.78,26.97,25.8,26.09,86119
HUBTOWN,20260819,180.55,182.79,178.5,180.12,242206
HUDCO,20260819,187.21,192.0,187.0,188.32,2510381
HUHTAMAKI,20260819,275.25,278.9,266.7,268.05,117971
HYBRIDETF,20260819,10.13,11.99,9.93,10.06,224209
HYBRIDFIN,20260819,17.68,17.68,16.98,17.0,11820
HYUNDAI,20260819,2185.0,2218.8,2160.1,2174.5,810355
IBULLSLTD,20260819,26.89,27.14,25.81,26.47,14770355
ICDSLTD,20260819,40.38,41.48,40.0,40.0,1381
ICEMAKE,20260819,723.8,736.1,702.5,728.25,41901
ICICIAMC,20260819,3099.0,3292.0,3083.9,3260.9,1108876
ICICIB22,20260819,115.91,115.91,114.05,114.39,572227
ICICIBANK,20260819,1412.0,1416.0,1391.5,1402.0,10304210
ICICIGI,20260819,1625.0,1632.8,1611.0,1615.7,325133
ICICIPRULI,20260819,499.0,502.2,493.85,499.5,664569
ICIL,20260819,434.0,449.4,424.1,443.8,2511743
ICRA,20260819,4975.6,4978.6,4880.1,4893.3,26402
IDBI,20260819,81.09,81.69,80.5,80.72,2162834
IDEA,20260819,14.12,14.22,13.88,14.07,320742876
IDEAFORGE,20260819,862.0,876.55,820.05,825.2,1065873
IDFCFIRSTB,20260819,85.24,85.55,85.0,85.49,8681089
IDFNIFTYET,20260819,267.14,270.0,265.49,268.75,473
IEX,20260819,124.06,124.35,122.1,123.0,3276922
IFBAGRO,20260819,1013.5,1026.3,980.0,992.1,7303
IFBIND,20260819,1413.4,1415.9,1385.0,1398.4,26037
IFCI,20260819,81.87,84.19,81.0,81.68,63787696
IFGLEXPOR,20260819,222.83,227.99,218.11,220.69,21248
IGARASHI,20260819,450.0,451.95,437.0,438.9,56091
IGCL,20260819,72.25,72.92,71.12,72.13,106618
IGIL,20260819,352.0,352.0,337.0,338.4,665912
IGL,20260819,153.35,157.68,150.1,152.64,13762283
IGPL,20260819,480.0,497.7,474.05,476.4,63337
IIFL,20260819,622.7,636.8,617.4,630.85,1564558
IIFLCAPS,20260819,334.1,335.95,333.6,334.05,148563
IITL,20260819,146.94,150.3,145.1,145.86,92776
IKIO,20260819,196.65,198.0,194.35,195.17,79152
IKS,20260819,1870.0,1876.2,1800.0,1812.3,144201
IL&FSENGG,20260819,37.55,38.0,35.75,37.54,37062
IL&FSTRANS,20260819,2.09,2.09,2.01,2.01,41787
IMAGICAA,20260819,46.25,49.99,45.45,48.52,2738575
IMFA,20260819,1411.2,1464.8,1401.2,1457.9,150756
IMPAL,20260819,1100.1,1126.4,1086.2,1096.0,2744
IMPEXFERRO,20260819,3.78,3.78,3.78,3.78,21418
INA,20260819,95.48,96.9,92.2,93.31,571563
INCREDIBLE,20260819,31.37,32.99,31.23,31.99,2528
INDBANK,20260819,32.95,32.95,31.28,31.58,55232
INDGN,20260819,567.65,574.0,560.4,565.6,302162
INDHOTEL,20260819,715.0,724.95,714.15,723.35,881149
INDIACEM,20260819,374.95,376.8,366.2,369.7,87660
INDIAGLYCO,20260819,1144.7,1145.0,1095.2,1106.3,182200
INDIAMART,20260819,1753.0,1759.9,1730.0,1734.3,87736
INDIANB,20260819,878.35,881.0,865.0,873.15,464807
INDIANCARD,20260819,218.0,221.93,213.4,214.04,1370
INDIANHUME,20260819,359.75,368.7,359.75,363.2,15420
INDIASHLTR,20260819,664.65,679.8,652.7,655.25,74733
INDIGO,20260819,5189.5,5218.0,5149.5,5193.0,372642
INDIGOPNTS,20260819,1150.8,1156.0,1134.5,1148.8,83159
INDIQUBE,20260819,187.01,196.8,187.01,192.17,192480
INDNIPPON,20260819,1120.3,1123.9,1106.5,1110.1,8682
INDOAMIN,20260819,121.11,126.5,119.6,124.85,45144
INDOBORAX,20260819,437.1,440.95,422.25,433.85,99946
INDOCO,20260819,221.0,222.8,215.26,217.19,39220
INDOFARM,20260819,143.9,144.17,135.91,137.16,324275
INDOKEM,20260819,585.5,601.0,560.0,587.35,3093
INDOMIM,20260819,965.2,989.9,936.65,967.95,6583796
INDORAMA,20260819,56.81,56.99,55.36,56.29,70893
INDOSTAR,20260819,250.2,253.8,248.85,250.55,87804
INDOTECH,20260819,3917.4,3917.4,3680.0,3709.8,44647
INDOTHAI,20260819,66.1,66.1,66.1,66.1,42916
INDOUS,20260819,88.99,90.88,86.17,86.86,40328
INDOWIND,20260819,8.33,8.75,7.99,8.53,288458
INDPRUD,20260819,6136.0,6300.0,6136.0,6175.0,33
INDRAMEDCO,20260819,370.0,380.35,367.25,374.45,363437
INDSWFTLAB,20260819,347.47,348.0,320.05,322.06,1535652
INDTERRAIN,20260819,31.5,31.5,30.25,30.55,21571
INDUSINDBK,20260819,1011.9,1016.7,1007.6,1016.7,433216
INDUSTOWER,20260819,372.4,373.05,368.7,372.4,3330556
INFOBEAN,20260819,156.39,161.5,156.39,157.76,170916
INFOMEDIA,20260819,5.17,5.43,4.9,5.09,21621
INFRA,20260819,12.24,12.24,12.09,12.11,17335
INFRABEES,20260819,970.0,971.72,958.0,963.99,10407
INFRAIETF,20260819,96.02,96.53,95.26,95.56,89012
INFY,20260819,1125.6,1134.7,1113.8,1119.8,8408573
INGERRAND,20260819,4739.9,4748.0,4628.0,4641.4,30593
INNOVACAP,20260819,1043.0,1053.55,1001.0,1039.75,36984
INNOVANA,20260819,307.1,315.0,295.35,310.05,21610
INNOVISION,20260819,272.0,277.75,263.7,266.35,15830
INOXGREEN,20260819,179.0,179.0,174.0,175.89,623298
INOXINDIA,20260819,1946.9,1964.2,1879.8,1930.3,133025
INOXWIND,20260819,75.0,75.15,73.5,73.74,12507160
INSECTICID,20260819,619.0,624.5,610.35,613.55,17498
INSPIRISYS,20260819,90.0,91.9,89.0,91.49,1570
INSUREIETF,20260819,15.42,15.74,15.32,15.47,116173
INTELLECT,20260819,696.0,699.1,677.0,678.45,272420
INTENTECH,20260819,79.1,81.29,79.1,80.22,21885
INTERARCH,20260819,1748.2,1778.3,1695.0,1703.4,83456
INTERNET,20260819,14.24,14.4,14.24,14.32,115578
INTLCONV,20260819,76.06,77.55,75.18,75.63,41200
INVENTURE,20260819,0.9,0.91,0.88,0.89,1448773
INVPRECQ,20260819,1270.0,1319.3,1270.0,1316.6,24346
IOB,20260819,33.5,33.5,33.09,33.18,1425176
IOC,20260819,137.5,138.1,136.25,136.3,8404311
IOLCP,20260819,159.52,159.98,155.06,156.92,1216026
IONEXCHANG,20260819,367.85,375.05,364.0,372.95,260589
IPCALAB,20260819,1882.1,1937.9,1863.0,1903.7,753334
IPL,20260819,138.19,138.97,136.35,137.29,81251
IPRINGLTD,20260819,147.97,151.0,143.29,147.67,4317
IRB,20260819,19.03,19.06,18.9,18.98,5476549
IRCON,20260819,123.02,125.99,122.21,122.62,1117122
IRCTC,20260819,492.0,494.95,488.0,488.35,711247
IREDA,20260819,115.27,115.86,113.75,113.92,3591311
IRFC,20260819,86.11,87.3,85.0,85.18,9477952
IRIS,20260819,252.0,254.71,243.0,244.92,26239
IRISDOREME,20260819,59.43,60.18,58.25,58.62,2170964
IRMENERGY,20260819,291.8,300.95,285.05,286.8,127778
ISFT,20260819,78.49,86.0,78.49,84.76,119678
ISGEC,20260819,791.9,791.9,754.0,756.6,63757
ISHANCH,20260819,46.81,50.44,46.52,47.82,506377
ISTLTD,20260819,645.65,650.25,636.6,637.1,326
IT,20260819,33.7,34.19,33.51,33.67,199896
ITADD,20260819,32.57,32.57,31.99,32.14,25442
ITAXIS,20260819,335.74,337.99,332.41,335.05,2048
ITBEES,20260819,33.96,34.06,33.51,33.68,6963773
ITBETA,20260819,320.0,325.0,318.0,322.95,206
ITC,20260819,270.0,270.95,265.85,267.05,13821291
ITCHOTELS,20260819,164.5,165.3,163.24,163.49,808045
ITDC,20260819,692.95,706.8,678.6,683.0,105967
ITETF,20260819,32.41,32.54,32.0,32.18,224853
ITI,20260819,282.0,295.9,277.35,279.95,1540125
ITIETF,20260819,34.0,34.12,33.54,33.71,348747
ITL,20260819,327.0,331.0,319.8,326.9,880
IVALUE,20260819,280.0,286.0,276.0,278.65,167061
IVC,20260819,8.21,8.26,8.08,8.22,79905
IVP,20260819,174.05,184.63,174.05,182.68,34532
IVZINGOLD,20260819,132.15,132.5,131.15,132.4,17486
IVZINNIFTY,20260819,277.38,277.38,276.07,276.07,244
IWP,20260819,33.85,34.7,33.6,34.16,1774
IXIGO,20260819,171.66,171.66,168.01,168.79,729318
IZMO,20260819,914.2,915.0,866.15,871.55,98265
J&KBANK,20260819,151.37,152.17,148.55,148.95,1386238
JAGRAN,20260819,61.31,61.93,61.31,61.54,121413
JAGSNPHARM,20260819,233.28,233.28,229.32,230.28,41427
JAIBALAJI,20260819,68.84,69.18,65.21,66.39,404340
JAICORPLTD,20260819,101.0,101.0,98.25,98.68,217163
JAINREC,20260819,296.35,297.0,287.5,288.85,791900
JAIPURKURT,20260819,27.01,27.99,26.7,27.03,4703
JAMNAAUTO,20260819,122.58,122.9,120.23,120.5,895584
JARO,20260819,448.0,450.7,437.25,439.5,70165
JASH,20260819,476.6,500.5,476.6,485.15,143728
JAYAGROGN,20260819,221.1,223.49,217.0,220.45,6451
JAYBARMARU,20260819,130.13,130.32,124.6,125.6,304594
JAYKAY,20260819,152.0,153.59,143.1,147.61,352243
JAYNECOIND,20260819,91.0,92.39,88.87,91.22,3330445
JAYSREETEA,20260819,88.9,97.8,88.9,93.88,462886
JBMA,20260819,619.8,621.15,614.1,618.65,146933
JENBURPH,20260819,1064.0,1064.9,1045.0,1054.4,450
JETFREIGHT,20260819,22.95,22.95,21.5,21.86,135507
JGCHEM,20260819,650.0,663.1,623.55,627.95,387772
JHS,20260819,8.6,8.6,8.22,8.41,44959
JINDALPHOT,20260819,1062.3,1066.3,1048.0,1053.3,3461
JINDALPOLY,20260819,645.05,648.5,632.5,638.35,10047
JINDALSAW,20260819,269.8,277.6,267.1,268.7,1115766
JINDALSTEL,20260819,1102.3,1121.8,1095.2,1115.0,1140894
JINDRILL,20260819,648.9,666.45,626.0,635.1,2919966
JINDWORLD,20260819,36.12,36.37,35.31,35.58,1532622
JIOFIN,20260819,245.8,246.3,241.5,243.15,9712757
JISLDVREQS,20260819,21.0,21.8,20.53,21.58,45976
JISLJALEQS,20260819,27.6,28.6,27.5,28.05,1767020
JITFINFRA,20260819,302.1,335.4,302.1,312.2,57723
JKCEMENT,20260819,5360.5,5397.5,5255.0,5276.0,15818
JKIL,20260819,506.0,519.85,502.5,504.7,173621
JKIPL,20260819,95.01,97.45,95.01,95.31,7627
JKLAKSHMI,20260819,555.9,561.75,551.3,558.25,150640
JKPAPER,20260819,383.0,383.0,377.3,379.0,219094
JKTYRE,20260819,382.0,382.85,373.0,374.85,595197
JLHL,20260819,322.5,323.3,316.4,320.55,103023
JMA,20260819,89.28,91.99,87.5,90.28,78429
JMFINANCIL,20260819,125.2,128.0,125.1,126.3,1652727
JNKINDIA,20260819,463.5,469.25,447.3,454.0,150476
JNPR,20260819,241.1,258.8,238.81,253.71,3169674
JOCIL,20260819,150.0,152.95,146.0,149.92,1619
JPOLYINVST,20260819,1004.6,1011.9,963.1,987.7,61515
JPPOWER,20260819,17.35,17.38,17.0,17.03,30914830
JSFB,20260819,577.7,577.7,565.6,571.15,353564
JSL,20260819,730.0,734.2,722.8,724.0,182939
JSLL,20260819,511.0,511.05,494.35,497.6,386195
JSWCEMENT,20260819,127.2,127.8,122.94,123.66,1827342
JSWDULUX,20260819,3123.4,3136.7,3092.2,3094.2,6061
JSWENERGY,20260819,548.1,548.15,540.5,543.95,1124071
JSWHL,20260819,11460.0,11609.0,11250.0,11329.0,1848
JSWINFRA,20260819,329.15,331.9,326.4,329.9,1424786
JSWSTEEL,20260819,1273.7,1285.8,1262.1,1285.8,1009930
JTEKTINDIA,20260819,130.76,131.25,128.5,128.73,118763
JTLIND,20260819,74.95,75.39,71.21,72.18,1585747
JUBLCPL,20260819,2200.0,2395.0,2200.0,2312.3,28326
JUBLFOOD,20260819,500.9,504.15,494.75,498.3,859757
JUBLINGREA,20260819,732.45,737.0,702.0,708.4,706886
JUBLPHARMA,20260819,866.0,876.75,853.35,868.0,944269
JUNIORBEES,20260819,799.86,806.06,799.1,799.85,1560194
JUNIPER,20260819,199.24,199.73,194.91,197.79,906091
JUSTDIAL,20260819,661.3,665.0,652.0,660.45,130135
JWL,20260819,249.7,252.95,246.6,248.5,778096
JYOTHYLAB,20260819,210.68,212.94,207.2,207.88,1121196
JYOTICNC,20260819,929.2,962.05,912.95,950.65,2751939
JYOTIRES,20260819,847.05,870.0,847.05,864.55,5821
JYOTISTRUC,20260819,10.79,10.82,10.59,10.71,3527779
KABRAEXTRU,20260819,509.2,518.95,494.0,500.8,166334
KAJARIACER,20260819,1230.6,1230.6,1202.6,1208.9,81349
KAKATCEM,20260819,110.0,117.0,110.0,114.98,4174
KALAMANDIR,20260819,85.82,86.27,84.5,84.7,306909
KALPATARU,20260819,279.05,279.8,269.55,273.6,152703
KALYANIFRG,20260819,655.0,690.0,650.35,675.55,6908
KALYANKJIL,20260819,604.0,604.0,588.0,595.2,6600446
KAMAHOLD,20260819,2452.0,2455.0,2435.0,2442.7,3395
KAMANWALA,20260819,19.38,19.51,18.0,18.63,474236
KAMATHOTEL,20260819,194.42,195.29,188.02,189.42,22169
KAMDHENU,20260819,32.8,34.79,32.71,33.78,1224901
KAMOPAINTS,20260819,4.3,4.45,4.3,4.35,176307
KANANIIND,20260819,1.48,1.5,1.44,1.47,126346
KANCHI,20260819,372.0,380.0,371.0,374.6,452
KANCOTEA,20260819,49.0,53.95,49.0,51.64,569
KANORICHEM,20260819,151.4,155.0,146.3,151.6,28818
KANPRPLA,20260819,244.05,265.92,242.28,256.59,72365
KANSAINER,20260819,201.05,201.99,198.71,201.37,111941
KAPSTON,20260819,530.0,531.95,513.2,523.4,40723
KARMAENG,20260819,40.9,40.99,38.0,38.26,4506
KARURVYSYA,20260819,333.35,335.65,329.0,331.05,1164557
KAUSHALYA,20260819,908.0,908.0,873.0,876.35,170
KAVDEFENCE,20260819,59.29,59.29,56.11,57.07,137081
KAYA,20260819,329.4,350.0,325.0,338.45,56692
KAYNES,20260819,3645.4,3828.0,3639.1,3823.3,1892334
KCP,20260819,151.25,152.54,149.05,151.39,182201
KCPSUGIND,20260819,31.7,32.5,31.1,32.03,319926
KDDL,20260819,4099.6,4099.6,3925.1,3950.1,20927
KEC,20260819,428.6,433.2,422.0,423.5,682834
KECL,20260819,135.35,135.36,129.43,131.63,205026
KEEPLEARN,20260819,2.05,2.05,1.9,1.91,50562
KEI,20260819,5790.4,5790.4,5646.4,5681.1,306096
KELLTONTEC,20260819,13.76,13.76,13.3,13.34,1537449
KENNAMET,20260819,3527.7,3687.8,3501.6,3616.1,160721
KERNEX,20260819,1916.0,1916.0,1814.4,1875.0,416515
KESORAMIND,20260819,12.15,12.18,11.72,11.72,611319
KEYFINSERV,20260819,259.7,259.7,254.1,254.1,729
KFINTECH,20260819,957.55,962.0,943.05,948.0,1008770
KHADIM,20260819,97.5,97.59,94.01,97.0,19578
KHAICHEM,20260819,56.99,58.9,56.6,57.65,314571
KHAITANLTD,20260819,144.0,149.75,143.12,148.8,2076
KHANDSE,20260819,17.47,17.47,16.81,17.18,2704
KICL,20260819,5295.0,5339.5,5175.5,5222.5,1459
KILITCH,20260819,161.1,165.0,156.0,158.1,67972
KIMS,20260819,803.05,809.0,785.0,788.65,451527
KINGFA,20260819,6060.0,6100.0,5670.0,5780.0,29327
KIOCL,20260819,383.7,387.0,376.3,377.5,60650
KIRANVYPAR,20260819,199.0,203.0,195.0,201.99,1229
KIRIINDUS,20260819,409.5,439.85,408.95,431.3,2162415
KIRLFER,20260819,435.3,439.5,429.4,430.15,28336
KIRLOSBROS,20260819,1910.0,1976.7,1910.0,1951.4,108067
KIRLOSENG,20260819,2116.0,2118.2,2065.9,2079.9,419323
KIRLOSIND,20260819,3753.0,3771.4,3711.0,3729.7,3122
KIRLPNU,20260819,755.0,767.8,732.9,736.7,168519
KISSHT,20260819,303.7,305.4,299.5,300.25,597147
KITEX,20260819,129.93,129.93,123.8,124.28,941830
KJMCFIN,20260819,61.99,61.99,55.35,55.35,322
KKCL,20260819,516.05,524.45,514.1,517.95,34278
KLBRENG-B,20260819,365.0,369.65,356.55,363.5,228643
KMCSHIL,20260819,141.01,142.56,136.0,136.95,132475
KMEW,20260819,2725.0,2788.4,2715.0,2748.4,69905
KMSUGAR,20260819,31.5,33.5,31.5,32.63,1134828
KNACK,20260819,204.25,204.85,198.5,199.6,832530
KNAGRI,20260819,215.8,215.8,212.9,214.88,5252
KNRCON,20260819,130.0,131.0,127.05,127.37,858509
KOHINOOR,20260819,27.88,32.73,27.42,31.27,1434186
KOKUYOCMLN,20260819,85.5,85.5,79.8,80.24,83330
KOLTEPATIL,20260819,476.0,476.0,455.1,456.7,117143
KOPRAN,20260819,202.0,211.0,192.05,207.46,275598
KOTAKBANK,20260819,387.0,393.1,386.75,390.25,6704930
KOTARISUG,20260819,26.8,28.87,26.52,27.22,469442
KOTHARIPET,20260819,134.99,136.47,132.66,133.39,38506
KOTHARIPRO,20260819,68.28,69.35,67.95,68.13,2100
KOTIC,20260819,146.0,146.9,144.0,144.8,3984
KOTYARK,20260819,34.55,34.55,34.55,34.55,81835
KOVAI,20260819,6013.0,6054.5,5891.0,5999.5,4574
KPEL,20260819,267.95,273.0,256.85,268.2,662180
KPIGREEN,20260819,308.0,315.5,302.3,308.35,1385558
KPIL,20260819,1404.0,1427.9,1372.1,1376.6,177855
KPITTECH,20260819,602.85,608.1,585.5,589.1,1451052
KPL,20260819,3550.1,3576.0,3436.5,3452.4,23949
KPRMILL,20260819,1124.6,1137.0,1113.9,1126.2,122435
KRBL,20260819,393.8,412.0,392.6,399.6,1043549
KREBSBIO,20260819,55.77,55.77,54.06,54.13,6622
KRIDHANINF,20260819,2.2,2.2,2.12,2.18,43310
KRISHANA,20260819,190.95,200.36,187.4,194.3,1869755
KRISHIVAL,20260819,360.9,370.15,352.1,366.25,66782
KRISHNADEF,20260819,1130.0,1143.7,1072.0,1077.8,94943
KRITI,20260819,68.69,68.69,63.13,66.43,315103
KRITIKA,20260819,5.59,5.84,5.5,5.62,175764
KRITINUT,20260819,86.21,86.75,83.3,84.27,8463
KRN,20260819,1519.5,1598.2,1461.1,1501.2,573007
KRONOX,20260819,151.7,157.4,149.53,155.16,129361
KROSS,20260819,202.1,204.82,197.0,198.27,184362
KRSNAA,20260819,544.0,547.95,532.1,536.0,77614
KRYSTAL,20260819,628.0,647.0,625.8,629.45,40532
KSB,20260819,791.0,813.75,788.0,807.1,174711
KSCL,20260819,763.05,779.8,760.65,771.35,265792
KSE,20260819,198.75,200.0,196.0,197.69,56036
KSHINTL,20260819,1008.95,1016.65,995.45,1006.05,125080
KSHITIJPOL,20260819,2.97,2.99,2.85,2.89,938028
KSL,20260819,821.0,889.0,816.0,875.55,204933
KSOLVES,20260819,271.9,273.65,269.1,272.65,33672
KSR,20260819,28.8,29.4,28.25,28.84,5470
KTKBANK,20260819,311.6,324.85,311.55,324.05,7346849
KUANTUM,20260819,80.01,80.85,78.15,78.7,220108
KUSUMGAR,20260819,595.95,599.0,560.7,566.35,451848
KWIL,20260819,38.02,38.1,36.81,37.71,21288510
LADDERUP,20260819,48.05,49.69,48.0,49.69,967
LAGNAM,20260819,77.43,78.5,76.26,77.93,21702
LAHOTIOV,20260819,42.0,42.49,41.01,41.16,6511
LAKPRE,20260819,4.35,4.78,4.35,4.36,1601
LAKSHMIMIL,20260819,8155.0,8398.5,8059.0,8059.0,51
LAL,20260819,8.51,8.78,8.5,8.58,8464
LALPATHLAB,20260819,1894.0,1903.7,1877.3,1887.2,156564
LAMBODHARA,20260819,113.0,113.0,110.0,110.18,1949
LANCER,20260819,11.1,11.1,10.2,10.4,205983
LANCORHOL,20260819,28.3,29.5,26.93,27.22,150635
LANDMARK,20260819,510.0,514.05,504.0,510.25,81619
LANDSMILL,20260819,0.77,0.77,0.75,0.75,1484148
LAOPALA,20260819,190.0,190.7,186.45,187.24,204160
LASA,20260819,7.21,7.4,6.95,7.09,21874
LASERPOWER,20260819,330.0,341.95,318.0,322.5,2685452
LATENTVIEW,20260819,280.85,281.0,271.4,276.5,1074963
LATTEYS,20260819,23.35,23.35,22.53,22.84,149613
LAURUSLABS,20260819,1814.0,1818.0,1789.9,1801.8,1426377
LAXMICOT,20260819,13.75,16.15,13.5,14.89,357640
LAXMIDENTL,20260819,198.0,198.99,194.8,195.77,151135
LAXMIINDIA,20260819,132.5,133.81,125.61,130.89,214550
LCCINFOTEC,20260819,3.95,3.95,3.65,3.75,27780
LCL,20260819,580.4,580.4,551.6,561.3,867092
LEAPIND,20260819,159.3,171.25,156.15,159.69,33309665
LEENEE,20260819,8.71,8.73,7.58,7.77,25358
LEMERITE,20260819,23.32,23.77,23.0,23.54,321526
LEMONTREE,20260819,108.9,109.0,107.4,108.08,2118870
LENSKART,20260819,629.9,644.95,623.15,639.6,8791922
LEXUS,20260819,13.94,14.3,13.61,14.13,7317
LFIC,20260819,140.18,140.18,140.18,140.18,2
LGBBROSLTD,20260819,1585.0,1608.0,1559.4,1603.0,22749
LGEINDIA,20260819,1650.0,1656.9,1614.6,1645.1,1294924
LGHL,20260819,185.0,185.0,168.0,173.69,7267
LIBAS,20260819,9.9,9.9,9.55,9.68,38825
LIBERTSHOE,20260819,246.55,249.0,240.0,244.25,22563
LICHSGFIN,20260819,501.0,501.25,496.7,497.0,971490
LICI,20260819,411.0,415.4,410.0,413.1,9495877
LICMFGOLD,20260819,137.05,137.1,136.3,136.8,39884
LICNETFGSC,20260819,29.57,29.9,29.51,29.79,68488
LICNETFN50,20260819,271.06,271.47,269.65,271.0,251
LICNETFSEN,20260819,872.14,873.98,872.0,873.98,82
LICNFNHGP,20260819,278.14,278.14,275.64,276.87,355
LICNMID100,20260819,63.9,64.11,63.64,63.64,1779
LIKHITHA,20260819,217.99,217.99,205.8,207.48,45838
LINC,20260819,95.02,97.5,95.02,96.33,8490
LINCOLN,20260819,623.7,623.7,606.45,609.5,18710
LINDEINDIA,20260819,6743.5,6850.0,6680.0,6702.5,7925
LIQGRWBEES,20260819,1052.22,1052.22,1052.2,1052.2,53590
LIQUID,20260819,1000.0,1000.0,999.99,999.99,88912
LIQUID1,20260819,1118.81,1118.83,1118.81,1118.81,667480
LIQUIDADD,20260819,1140.76,1140.94,1140.76,1140.92,210569
LIQUIDBEES,20260819,1000.0,1000.01,999.99,999.99,2458263
LIQUIDBETA,20260819,1004.76,1004.76,1004.76,1004.76,14
LIQUIDBETF,20260819,1095.05,1095.21,1095.05,1095.2,231942
LIQUIDCASE,20260819,115.54,115.54,115.52,115.53,13984358
LIQUIDETF,20260819,1000.0,1000.01,999.99,999.99,126162
LIQUIDIETF,20260819,1000.0,1000.01,999.96,999.99,204388
LIQUIDPLUS,20260819,1099.45,1099.51,1099.45,1099.49,264816
LIQUIDSBI,20260819,1000.0,1000.01,1000.0,1000.0,3682
LIQUIDSHRI,20260819,1117.91,1117.91,1117.89,1117.89,1125
LKPSEC,20260819,18.43,18.43,16.0,16.25,35294
LLOYDSENGG,20260819,93.9,94.62,92.29,92.9,4584105
LLOYDSENT,20260819,79.41,79.94,77.75,78.57,2417152
LLOYDSME,20260819,1942.0,1942.0,1895.8,1919.0,259494
LMW,20260819,19760.0,19939.0,19464.0,19665.0,5014
LODHA,20260819,1217.0,1220.0,1195.2,1210.0,1076314
LOKESHMACH,20260819,334.75,334.75,318.0,321.4,10114
LORDSCHLO,20260819,137.79,137.79,132.2,133.04,8082
LOTUSCHO,20260819,621.35,627.25,619.95,623.25,1159
LOTUSDEV,20260819,168.9,168.9,163.5,164.02,480005
LOTUSEYE,20260819,119.97,119.97,112.2,115.51,13167
LOVABLE,20260819,72.7,72.7,70.0,70.76,3726
LOWVOL,20260819,208.0,208.03,207.35,207.71,381
LOWVOL1,20260819,21.34,21.34,21.18,21.3,279914
LOWVOLIETF,20260819,22.36,22.36,22.16,22.22,1480900
LOYALTEX,20260819,214.05,216.7,214.05,215.62,520
LPDC,20260819,7.21,7.7,7.02,7.26,58495
LT,20260819,4064.0,4069.0,4024.8,4041.3,1190832
LTF,20260819,327.0,327.0,312.75,315.4,14527880
LTFOODS,20260819,424.65,431.55,421.7,429.5,494011
LTGILTBEES,20260819,30.09,30.09,29.97,30.01,561225
LTGILTCASE,20260819,30.7,30.7,30.52,30.58,123541
LTM,20260819,4599.6,4657.4,4525.4,4564.4,457017
LTTS,20260819,3559.4,3625.2,3512.1,3540.9,141790
LUMAXIND,20260819,5768.0,5768.0,5555.0,5629.0,7660
LUMAXTECH,20260819,2010.0,2038.0,1969.6,1987.1,91754
LUPIN,20260819,2230.0,2230.0,2202.5,2225.0,781480
LUXIND,20260819,1225.5,1227.9,1208.0,1217.4,14894
LXCHEM,20260819,174.99,176.23,173.56,174.31,366845
LYKALABS,20260819,70.77,70.77,70.5,70.77,15512
M&M,20260819,3396.2,3425.6,3371.1,3415.0,1601024
M&MFIN,20260819,386.2,394.45,381.5,389.6,2316241
MAANALU,20260819,120.0,123.29,118.63,118.85,19455
MACPOWER,20260819,1983.6,1983.6,1921.0,1943.2,48884
MADHAV,20260819,36.6,36.6,35.3,35.38,1030
MADHAVIPL,20260819,7.05,7.38,7.0,7.02,113529
MADHUCON,20260819,5.25,5.53,5.1,5.19,5864
MADRASFERT,20260819,64.25,66.5,63.01,65.36,74584
MAFANG,20260819,208.03,208.03,206.25,207.48,480833
MAFATIND,20260819,120.01,124.5,120.01,122.4,28579
MAGADSUGAR,20260819,567.7,595.0,566.0,580.55,126187
MAGNUM,20260819,19.48,19.6,19.15,19.26,17270
MAHABANK,20260819,80.72,80.73,79.6,79.82,6506548
MAHAPEXLTD,20260819,58.45,58.9,55.25,57.08,34897
MAHASTEEL,20260819,1133.0,1145.0,1105.0,1140.7,32160
MAHEPC,20260819,107.54,108.79,106.6,107.4,14762
MAHESHWARI,20260819,72.3,72.4,71.51,72.4,7936
MAHKTECH,20260819,23.4,23.4,23.11,23.19,937285
MAHLIFE,20260819,380.25,385.0,368.35,373.7,554824
MAHLOG,20260819,406.0,414.5,404.55,406.25,165802
MAHSCOOTER,20260819,13293.0,13441.0,13178.0,13347.0,1890
MAHSEAMLES,20260819,624.3,625.0,612.4,613.9,147532
MAITHANALL,20260819,993.1,1012.0,977.65,989.25,51812
MAJESAUT,20260819,345.0,358.9,341.2,355.0,9303
MAKEINDIA,20260819,170.63,170.63,167.39,167.71,40807
MAKERSL,20260819,158.0,175.0,150.0,168.72,9939
MALLCOM,20260819,962.9,975.0,955.1,964.65,3078
MALUPAPER,20260819,32.2,32.2,30.2,30.82,61698
MAMATA,20260819,408.8,413.35,400.0,401.45,33383
MANAKALUCO,20260819,37.5,37.99,37.5,37.72,24316
MANAKCOAT,20260819,125.0,127.93,123.0,124.74,514636
MANAKSIA,20260819,60.7,61.0,58.15,58.72,29778
MANAKSTEEL,20260819,88.0,88.0,85.0,85.55,38716
MANALIPETC,20260819,71.64,78.72,71.11,72.8,10738729
MANAPPURAM,20260819,345.55,346.6,336.4,340.0,4290224
MANBA,20260819,130.86,131.3,129.28,129.86,69031
MANBRO,20260819,53.0,58.41,52.8,58.41,141932
MANCREDIT,20260819,231.0,233.68,219.69,222.03,195240
MANGALAM,20260819,28.68,28.69,26.14,26.94,34560
MANGLMCEM,20260819,868.75,900.0,861.3,894.8,29836
MANINDS,20260819,648.0,652.1,633.0,643.05,407549
MANINFRA,20260819,106.02,110.45,105.24,109.99,2206548
MANIPALHOS,20260819,728.95,753.95,720.2,744.8,1816639
MANKIND,20260819,2380.0,2423.0,2380.0,2394.0,370273
MANOMAY,20260819,216.5,219.79,212.17,214.11,33636
MANORAMA,20260819,1909.0,1973.5,1876.0,1935.0,917890
MANORG,20260819,443.0,447.45,433.0,440.35,13045
MANUFGBEES,20260819,167.68,167.68,164.68,166.02,6883
MANUGRAPH,20260819,16.84,17.16,15.8,15.81,18964
MANYAVAR,20260819,536.0,545.45,530.8,542.6,332251
MAPMYINDIA,20260819,1012.4,1012.6,999.1,1007.6,77036
MARALOVER,20260819,52.7,53.45,51.15,52.02,6564
MARATHON,20260819,349.2,366.35,348.3,359.3,192304
MARICO,20260819,842.0,854.6,840.35,850.0,1366779
MARINE,20260819,380.0,387.9,369.0,371.45,586016
MARKOLINES,20260819,171.6,174.98,170.5,172.85,207738
MARKSANS,20260819,327.2,335.3,323.35,327.0,2579745
MARSONS,20260819,102.78,111.6,102.31,108.37,4951490
MARUTI,20260819,13744.0,13745.0,13628.0,13690.0,175646
MASFIN,20260819,304.6,304.6,299.9,300.45,354496
MASKINVEST,20260819,148.13,148.13,146.66,146.66,25
MASPTOP50,20260819,80.83,80.83,80.36,80.83,94313
MASTEK,20260819,1717.0,1731.1,1686.5,1716.8,125305
MASTERTR,20260819,77.8,79.45,76.97,78.92,194567
MATRIMONY,20260819,540.8,555.0,537.0,552.35,34155
MAWANASUG,20260819,125.76,133.26,125.02,128.72,980313
MAXESTATES,20260819,479.8,510.0,479.0,490.15,456251
MAXHEALTH,20260819,1016.0,1016.9,994.1,997.0,1320461
MAXIND,20260819,149.74,151.48,147.5,148.46,103414
MAYURUNIQ,20260819,738.8,761.0,722.0,758.15,134684
MAZDA,20260819,235.8,240.0,230.5,237.47,5235
MAZDOCK,20260819,2587.0,2604.5,2538.0,2563.8,513343
MBAPL,20260819,163.9,165.3,160.56,163.63,649418
MBEL,20260819,285.0,286.45,277.0,278.5,113323
MBLINFRA,20260819,24.45,24.45,24.01,24.28,9434
MCCHRLS-B,20260819,680.0,680.0,670.0,679.55,17
MCL,20260819,59.24,59.96,57.8,58.36,41696
MCLEODRUSS,20260819,46.1,47.58,45.32,47.58,125244
MCLOUD,20260819,28.85,31.0,28.58,29.72,11806711
MCX,20260819,3060.0,3068.0,2960.1,2973.0,3238717
MEDANTA,20260819,1442.9,1445.0,1412.0,1417.2,80452
MEDIASSIST,20260819,346.8,355.9,345.95,349.8,182890
MEDICAMEQ,20260819,227.0,230.0,223.25,228.73,11260
MEDICAPQ,20260819,26.5,27.45,21.0,23.56,2778
MEDICO,20260819,43.09,43.1,41.12,42.67,110244
MEDPLUS,20260819,664.8,665.0,648.0,649.3,167334
MEESHO,20260819,192.0,200.0,192.0,196.88,20750848
MEGASTAR,20260819,310.0,313.8,308.15,308.45,3225
MEIL,20260819,276.0,276.0,264.1,266.4,22609
MENNPIS,20260819,72.05,73.5,70.82,71.61,56872
MENONBE,20260819,265.87,265.87,265.87,265.87,133168
MEP,20260819,0.65,0.65,0.65,0.65,3579
MERCANTILE,20260819,23.61,25.18,23.6,24.37,2327
MERCURYEV,20260819,36.09,38.25,34.85,37.63,491197
METAL,20260819,12.84,13.17,12.84,13.13,1570736
METALIETF,20260819,13.08,13.12,12.93,13.05,4588969
METROBRAND,20260819,933.8,936.2,921.1,924.7,14326
METROGLOBL,20260819,149.94,151.0,140.26,142.27,3267
METROPOLIS,20260819,553.35,565.5,544.4,555.0,241847
MFML,20260819,18.7,18.95,18.53,18.55,303
MFSL,20260819,1576.6,1578.5,1546.1,1546.1,286908
MGEL,20260819,14.98,15.14,14.61,14.8,24245
MGL,20260819,1142.0,1173.2,1121.0,1128.0,1595429
MHLXMIRU,20260819,186.01,194.8,186.0,190.05,4118
MHRIL,20260819,221.48,222.72,218.93,219.48,61792
MICEL,20260819,35.9,36.5,35.21,35.92,152004
MID150,20260819,23.81,24.0,23.33,23.7,517840
MID150BEES,20260819,244.75,244.75,240.9,241.32,5112200
MID150CASE,20260819,11.4,11.87,11.4,11.7,896816
MIDBANKADD,20260819,17.35,17.47,17.35,17.47,3919
MIDCAP,20260819,18.73,18.78,18.52,18.58,145195
MIDCAPADD,20260819,23.37,23.45,23.35,23.37,39089
MIDCAPBETA,20260819,238.36,238.36,233.4,236.0,7631
MIDCAPETF,20260819,23.98,23.99,23.77,23.81,2522855
MIDCAPIETF,20260819,24.86,24.86,24.1,24.15,977275
MIDHANI,20260819,435.0,437.2,423.5,428.15,544058
MIDQ50ADD,20260819,25.48,25.55,25.45,25.46,22583
MIDSELIETF,20260819,19.9,19.99,19.73,19.87,368753
MIDSMALL,20260819,52.33,52.34,51.79,51.85,277258
MIDWESTLTD,20260819,1189.0,1189.0,1143.1,1150.0,16753
MIIL,20260819,707.95,718.1,690.1,701.05,77497
MILKYMIST,20260819,190.0,199.65,190.0,199.65,29368751
MINALIND,20260819,2.09,2.24,2.01,2.21,75580
MINDACORP,20260819,749.0,756.8,735.95,738.9,346698
MINDTECK,20260819,176.34,176.34,170.72,171.82,31025
MIRZAINT,20260819,31.4,31.64,31.0,31.07,86999
MITCON,20260819,80.0,80.0,77.0,79.03,2198
MITTAL,20260819,0.91,0.91,0.85,0.89,657109
MKEXIM,20260819,53.62,61.9,53.62,56.13,28554
MKPL,20260819,4.16,4.19,4.11,4.16,68957
MLKFOOD,20260819,80.0,82.59,76.05,80.1,12147
MMFL,20260819,687.0,687.7,651.2,657.8,248113
MMP,20260819,376.0,405.1,370.0,391.5,350099
MMTC,20260819,63.44,63.67,61.55,62.15,703075
MMWL,20260819,14.98,15.35,14.17,14.37,40624
MNC,20260819,34.5,34.5,34.0,34.09,42555
MOALPHA50,20260819,55.99,56.62,55.34,55.67,17578
MOBANK10,20260819,16.77,16.88,16.75,16.87,3333
MOBIKWIK,20260819,199.0,201.51,195.0,195.61,691827
MOCAPITAL,20260819,53.49,53.71,53.16,53.43,485840
MODEFENCE,20260819,110.8,110.8,107.7,107.95,1437913
MODINATUR,20260819,355.1,364.45,353.1,354.6,17618
MODIRUBBER,20260819,115.41,118.8,115.41,117.75,3214
MODIS,20260819,413.55,423.0,408.0,410.15,242003
MODISONLTD,20260819,383.0,392.55,375.0,392.35,202733
MODTHREAD,20260819,57.47,57.47,51.0,52.28,32489
MOENERGY,20260819,38.77,38.97,38.25,38.34,132516
MOGOLD,20260819,150.85,150.85,149.45,150.3,12497
MOGSEC,20260819,65.69,65.8,65.1,65.19,5062
MOHEALTH,20260819,51.71,51.89,51.1,51.25,27562
MOHITE,20260819,2.21,2.65,2.21,2.39,9626
MOHITIND,20260819,24.0,24.38,23.0,23.37,9638
MOIL,20260819,257.95,257.95,252.0,253.05,753309
MOINFRA,20260819,59.5,59.62,59.0,59.31,2537
MOIPO,20260819,48.5,48.5,48.16,48.46,1993
MOKSH,20260819,10.4,10.69,10.21,10.43,20338
MOL,20260819,62.25,64.4,61.2,61.87,1835555
MOLBIO,20260819,1085.0,1132.85,1012.0,1036.65,6151804
MOLDTECH,20260819,173.0,180.07,172.14,180.07,41088
MOLDTKPAC,20260819,678.65,694.0,664.5,669.85,102847
MOLOWVOL,20260819,36.66,36.9,36.49,36.67,221798
MOM100,20260819,70.32,70.32,68.17,68.39,171697
MOM30IETF,20260819,31.67,31.69,31.19,31.27,872216
MOM50,20260819,254.18,254.18,252.0,252.25,2584
MOMENTUM,20260819,31.47,31.47,31.06,31.17,163712
MOMENTUM30,20260819,30.91,30.91,30.62,30.79,42455
MOMENTUM50,20260819,54.93,54.93,53.63,53.81,541800
MOMETAL,20260819,12.98,13.03,12.92,13.02,897
MOMGF,20260819,165.0,166.2,163.98,164.96,2530
MOMIDMTM,20260819,65.19,65.19,64.29,64.5,189223
MOMMIDCAP,20260819,13.17,13.17,12.93,12.95,1337247
MOMNC,20260819,33.65,33.65,33.0,33.02,5811
MOMOMENTUM,20260819,64.0,64.0,62.0,62.28,53710
MON100,20260819,336.38,336.38,327.92,336.38,966987
MON50EQUAL,20260819,34.0,34.08,33.4,33.51,3363
MONARCH,20260819,388.0,394.0,381.0,385.15,65955
MONEXT50,20260819,73.83,75.5,73.62,74.16,1892
MONEYBOXX,20260819,56.5,56.99,54.5,55.16,8738
MONIFTY100,20260819,25.51,26.0,25.15,25.44,476606
MONIFTY500,20260819,24.76,24.76,23.94,24.01,554753
MONQ50,20260819,151.65,151.65,151.2,151.65,134519
MONTECARLO,20260819,543.85,547.8,537.8,545.45,42945
MOOILGAS,20260819,11.3,11.3,11.1,11.12,5515
MOPSE,20260819,99.5,100.53,99.15,99.38,4706
MOQUALITY,20260819,201.58,205.0,201.49,202.92,145
MOREALTY,20260819,90.54,90.54,89.01,89.43,471213
MOREPENLAB,20260819,88.06,89.49,86.26,88.42,10662238
MOSCHIP,20260819,210.29,210.3,205.51,206.24,713932
MOSERVICE,20260819,31.0,31.01,30.82,30.92,5541
MOSILVER,20260819,226.95,226.95,221.2,223.89,29885
MOSMALL250,20260819,18.48,18.49,18.23,18.25,863296
MOTHERSON,20260819,170.8,173.27,169.31,170.29,15320296
MOTILALOFS,20260819,938.75,948.45,930.05,942.1,605680
MOTISONS,20260819,16.9,17.25,16.32,16.62,95035984
MOTOGENFIN,20260819,26.9,26.9,26.21,26.59,731
MOTOUR,20260819,79.81,79.81,79.13,79.44,12910
MOVALUE,20260819,113.68,113.68,112.89,113.04,87863
MPDL,20260819,28.6,28.99,28.6,28.6,185
MPHASIS,20260819,2449.5,2472.5,2385.0,2424.5,438635
MPSLTD,20260819,2850.0,2949.0,2849.0,2929.6,51554
MRF,20260819,133505.0,133875.0,132720.0,133630.0,3065
MRPL,20260819,179.5,183.85,175.0,176.51,25690510
MSCI360,20260819,10.22,10.4,10.1,10.4,7857
MSCIADD,20260819,29.68,29.72,29.62,29.7,628
MSCIINDIA,20260819,30.06,30.06,29.9,29.98,3112
MSL,20260819,144.0,147.0,143.39,144.9,341
MSPL,20260819,34.59,34.75,33.4,34.55,1445413
MSTCLTD,20260819,702.0,722.0,700.0,703.75,787852
MSUMI,20260819,40.28,40.59,39.12,39.26,7395325
MTARTECH,20260819,6989.5,7077.0,6901.0,6918.5,78861
MTEDUCARE,20260819,1.93,1.94,1.76,1.87,53075
MTNL,20260819,27.0,27.35,26.6,26.71,401932
MUFIN,20260819,135.8,137.9,134.56,135.11,688723
MUFTI,20260819,78.3,79.25,77.15,77.46,62917
MUKANDLTD,20260819,135.65,135.65,133.12,134.57,56014
MUKESHB,20260819,145.0,146.44,138.0,144.14,1154
MUKKA,20260819,27.05,27.4,25.93,26.38,590377
MUKTAARTS,20260819,57.9,57.98,56.0,56.0,3110
MULTICAP,20260819,17.03,17.03,16.75,16.76,186853
MUNJALAU,20260819,119.6,120.99,114.0,114.85,1483458
MUNJALSHOW,20260819,135.1,136.0,131.65,132.35,49692
MURUDCERA,20260819,30.3,31.1,30.16,30.43,8508
MUTHOOTCAP,20260819,250.5,260.0,249.0,249.94,11105
MUTHOOTFIN,20260819,2878.0,2886.8,2845.0,2859.0,495026
MUTHOOTMF,20260819,211.0,212.0,207.51,208.61,241514
MVELECTRO,20260819,577.75,583.55,560.15,570.2,620974
MVGJL,20260819,151.37,153.99,147.1,148.21,51856
MWL,20260819,40.75,42.8,40.1,41.25,420115
MYSORPETRO,20260819,116.0,137.91,116.0,137.91,68040
NACLIND,20260819,174.05,177.73,170.51,173.99,383919
NAGREEKCAP,20260819,23.9,23.9,23.25,23.31,1439
NAGREEKEXP,20260819,23.95,23.95,22.8,23.01,183840
NAHARCAP,20260819,259.6,259.6,253.25,256.81,847
NAHARINDUS,20260819,119.85,121.9,117.25,117.62,41685
NAHARPOLY,20260819,239.4,244.8,236.05,237.6,6342
NAHARSPING,20260819,305.0,307.95,295.35,298.75,28083
NAM-INDIA,20260819,1178.9,1218.0,1175.0,1217.0,1411986
NARMADA,20260819,14.88,14.93,14.49,14.63,296330
NATCAPSUQ,20260819,149.34,150.3,147.0,149.7,7144
NATCOPHARM,20260819,898.95,916.0,883.0,886.85,318070
NATHBIOGEN,20260819,154.5,155.01,152.21,153.83,14252
NATIONALUM,20260819,382.0,386.55,379.0,386.55,3939022
NATIONSTD,20260819,127.3,127.3,127.3,127.3,11328
NAUKRI,20260819,1355.0,1378.4,1351.5,1378.4,826319
NAVA,20260819,559.2,566.95,545.15,549.2,399882
NAVINFLUOR,20260819,8260.5,8318.0,8198.0,8277.5,119823
NAVKARCORP,20260819,98.41,98.52,97.0,97.4,194590
NAVKARURB,20260819,0.98,1.0,0.94,0.96,563307
NAVNETEDUL,20260819,133.17,136.0,132.0,133.88,172720
NAZARA,20260819,354.0,361.0,354.0,357.35,1731629
NBCC,20260819,88.0,88.02,87.0,87.19,4316941
NBIFIN,20260819,2030.0,2030.0,1950.1,2000.0,597
NCC,20260819,140.38,141.85,138.5,139.57,969124
NCLIND,20260819,172.7,175.0,171.2,173.19,50235
NDGL,20260819,2750.0,2779.7,2701.0,2711.0,191
NDL,20260819,2.26,2.29,2.24,2.25,882925
NDLVENTURE,20260819,116.0,119.39,115.0,116.08,9455
NDRAUTO,20260819,790.95,800.5,775.3,781.05,14499
NDTV,20260819,76.5,76.5,72.68,73.34,129724
NEAGI,20260819,3438.0,3438.0,3339.0,3420.8,19
NECCLTD,20260819,14.46,14.58,14.28,14.37,13704
NECLIFE,20260819,10.75,10.95,10.06,10.52,178945
NELCAST,20260819,119.05,119.67,116.5,117.33,75371
NELCO,20260819,948.8,950.6,875.5,910.1,1328147
NEOGEN,20260819,2360.0,2390.0,2319.0,2328.8,210832
NEPHROPLUS,20260819,691.05,714.05,676.1,691.0,193664
NESCO,20260819,1034.7,1047.9,1028.0,1033.0,38385
NESTLEIND,20260819,1462.4,1481.3,1457.1,1465.0,1837329
NETF,20260819,261.16,263.9,261.16,262.18,1677
NETWEB,20260819,5324.9,5338.0,5025.0,5065.0,1923210
NETWORK18,20260819,28.45,28.6,27.81,28.07,6499973
NEUEON,20260819,16.8,17.4,16.5,16.74,43010
NEULANDLAB,20260819,23399.0,23435.0,23002.0,23290.0,33339
NEWGEN,20260819,531.05,538.95,518.7,519.95,500666
NEXT30ADD,20260819,43.66,43.66,43.25,43.31,4080
NEXT50,20260819,768.05,768.05,761.37,762.25,48780
NEXT50ADD,20260819,74.35,74.64,74.14,74.43,9342
NEXT50BETA,20260819,80.2,80.46,79.65,79.84,84719
NEXT50ETF,20260819,74.83,74.98,74.45,74.6,29029
NEXT50IETF,20260819,78.98,78.98,78.0,78.08,739148
NEXTMEDIA,20260819,3.75,3.89,3.75,3.87,4320
NFL,20260819,70.23,71.26,70.0,70.07,511032
NGIL,20260819,39.2,41.9,39.2,40.8,1965
NGLFINE,20260819,3051.4,3206.6,2954.6,3040.4,19655
NH,20260819,1803.0,1815.6,1781.0,1785.7,267386
NHPC,20260819,76.9,76.9,75.85,76.17,5333949
NIACL,20260819,185.25,189.0,183.25,185.68,2774754
NIBE,20260819,1449.0,1449.0,1407.0,1411.1,44618
NIBL,20260819,32.5,32.5,31.02,31.24,10661
NICCOPAR,20260819,76.21,79.54,75.42,76.52,1280
NIF100BEES,20260819,270.68,270.68,267.25,267.57,21818
NIF100IETF,20260819,28.22,28.32,28.15,28.22,65425
NIFTY1,20260819,269.09,269.09,267.16,267.5,57562
NIFTY100EW,20260819,35.82,35.82,35.3,35.4,20493
NIFTYADD,20260819,255.79,255.79,253.56,254.07,8875
NIFTYAXIS,20260819,266.25,268.01,266.25,266.67,9223
NIFTYBEES,20260819,276.38,276.38,274.45,274.62,6107344
NIFTYBETA,20260819,268.59,268.59,266.86,267.46,39383
NIFTYBETF,20260819,249.2,249.2,247.6,248.28,815
NIFTYCASE,20260819,9.85,9.85,9.66,9.67,1517401
NIFTYETF,20260819,263.73,263.73,261.82,262.19,820285
NIFTYIETF,20260819,281.46,281.46,272.97,273.27,474062
NIFTYQLITY,20260819,21.55,21.65,21.43,21.52,173979
NIITLTD,20260819,93.08,94.99,91.65,92.32,307481
NIITMTS,20260819,236.05,240.0,234.53,236.34,156811
NILAINFRA,20260819,7.09,7.09,6.93,6.96,110992
NILASPACES,20260819,12.78,12.87,12.51,12.65,554273
NILE,20260819,1549.9,1555.0,1524.2,1544.4,2317
NILKAMAL,20260819,1848.7,2105.0,1832.5,2033.8,1424389
NIMBSPROJ,20260819,176.0,176.15,176.0,176.0,205
NINSYS,20260819,715.8,744.95,711.7,720.4,2266
NIPPOBATRY,20260819,334.0,334.0,326.0,327.8,822
NIRAJ,20260819,28.98,29.54,27.4,27.78,172630
NIRAJISPAT,20260819,205.65,224.0,205.65,224.0,12
NIRLON,20260819,622.95,639.8,620.0,621.6,4727
NITCO,20260819,91.81,91.81,89.16,90.15,574211
NITINSPIN,20260819,611.0,617.55,580.1,583.55,277902
NITIRAJ,20260819,209.0,209.0,185.61,199.28,2194
NITTAGELA,20260819,1609.0,1624.6,1546.2,1559.5,7362
NIVABUPA,20260819,83.74,84.5,83.37,83.96,368300
NKIND,20260819,62.0,62.0,58.6,61.55,299
NLCINDIA,20260819,276.0,276.55,263.3,268.05,2163796
NMDC,20260819,84.01,84.06,82.86,83.35,20291366
NOCIL,20260819,163.3,163.96,160.65,161.57,347785
NOIDATOLL,20260819,4.11,4.27,4.0,4.14,68206
NORBTEAEXP,20260819,63.51,70.0,63.51,69.14,2396
NORTHARC,20260819,289.2,289.95,282.3,284.35,313788
NOVAAGRI,20260819,25.39,25.39,24.6,24.76,40079
NOVARTIND,20260819,1606.0,1617.0,1527.1,1531.7,13069
NPBET,20260819,282.18,282.81,281.41,281.95,298
NPST,20260819,1615.9,1615.9,1554.6,1594.2,20234
NRAIL,20260819,501.1,509.95,498.05,499.15,13742
NRBBEARING,20260819,490.0,503.9,478.0,483.15,851443
NRL,20260819,114.0,114.0,113.0,113.1,18566
NSIL,20260819,5599.5,5599.5,5500.0,5518.5,1932
NSLNISP,20260819,40.51,40.6,40.05,40.15,3296435
NTCIND,20260819,146.0,146.0,133.57,140.11,444
NTPC,20260819,336.3,338.85,333.6,336.55,7502595
NTPCGREEN,20260819,92.0,92.62,91.5,91.7,1795920
NUCLEUS,20260819,718.95,738.0,714.05,727.8,47362
NURECA,20260819,327.75,329.9,316.1,317.0,5128
NUVAMA,20260819,1759.0,1759.0,1700.0,1733.4,263043
NUVOCO,20260819,328.0,328.0,317.2,318.5,294134
NV20,20260819,14.01,14.12,13.84,13.9,84750
NV20BEES,20260819,139.9,141.66,138.53,139.75,16718
NV20IETF,20260819,13.65,13.77,13.51,13.54,517758
NYKAA,20260819,320.6,329.9,320.3,327.35,5601280
OAL,20260819,344.05,344.5,338.45,341.9,6320
OBCL,20260819,54.4,54.4,53.75,54.19,53732
OBEROIRLTY,20260819,1860.0,1890.0,1830.4,1869.7,613359
OCCLLTD,20260819,167.5,173.05,164.5,165.14,97785
ODIGMA,20260819,22.35,22.84,22.25,22.51,16284
ODYCORP,20260819,6.92,7.58,6.54,7.03,79268
OFSS,20260819,11703.0,11854.0,11640.0,11774.0,233633
OIL,20260819,485.8,485.8,472.9,474.85,1699810
OILCOUNTUB,20260819,59.25,59.8,57.8,58.97,6191
OILIETF,20260819,11.49,11.49,11.32,11.33,688050
OLAELEC,20260819,38.62,38.74,37.0,37.28,26676515
OLECTRA,20260819,1334.5,1334.5,1297.0,1305.6,214310
OMAXAUTO,20260819,198.69,198.69,193.0,195.27,30180
OMAXE,20260819,103.43,104.0,99.0,99.41,1170450
OMFREIGHT,20260819,93.8,94.98,91.8,93.69,6738
OMINFRAL,20260819,86.84,86.96,85.01,85.04,57569
OMNI,20260819,589.0,595.0,575.0,586.65,768086
OMPOWER,20260819,165.89,167.3,164.0,165.28,77579
ONEGLOBAL,20260819,533.0,563.9,533.0,560.65,20875
ONELIFECAP,20260819,33.5,33.9,32.21,33.0,132344
ONEPOINT,20260819,56.95,56.95,55.23,56.31,1300696
ONESOURCE,20260819,1539.8,1551.3,1511.1,1520.5,67691
ONGC,20260819,241.1,242.19,237.52,238.0,17345994
ONIDA,20260819,36.35,37.44,33.9,36.93,803798
ONIXSOLAR,20260819,338.85,338.85,338.85,338.85,5926
ONMOBILE,20260819,59.33,59.33,59.33,59.33,14461
ONWARDTEC,20260819,282.1,284.7,280.5,282.4,14293
OPTIEMUS,20260819,548.9,555.95,537.05,546.7,163363
OPTIFIN,20260819,12.0,12.19,11.51,11.91,32550
ORBTEXP,20260819,235.0,237.89,230.0,230.12,5401
ORCHASP,20260819,1.42,1.44,1.38,1.39,121148
ORCHPHARMA,20260819,959.0,998.5,959.0,979.5,74461
ORICONENT,20260819,56.79,57.37,55.05,56.71,40572
ORIENTALTL,20260819,5.11,5.11,4.92,5.06,125177
ORIENTBELL,20260819,343.3,355.0,342.0,343.35,15415
ORIENTCEM,20260819,131.76,131.76,128.86,129.47,380340
ORIENTCER,20260819,44.48,44.48,42.5,43.12,93863
ORIENTELEC,20260819,185.14,185.14,179.2,180.59,120228
ORIENTHOT,20260819,124.0,143.0,124.0,139.5,49651038
ORIENTLTD,20260819,78.0,79.7,77.7,79.3,6970
ORIENTPPR,20260819,17.38,17.49,16.65,16.85,211944
ORIENTTECH,20260819,248.9,250.85,238.35,240.65,243621
ORIRAIL,20260819,107.75,109.8,104.0,105.09,54954
ORISSAMINE,20260819,4726.6,4755.0,4621.0,4637.0,9382
ORKLAINDIA,20260819,542.3,555.15,542.3,551.0,38521
ORTINGLOBE,20260819,15.33,16.39,15.33,15.48,12361
OSIAHYPER,20260819,2.83,2.83,2.83,2.83,63936
OSWALAGRO,20260819,36.67,37.84,36.41,37.46,13514
OSWALGREEN,20260819,20.8,21.07,20.72,20.89,61734
OSWALPUMPS,20260819,297.95,298.7,291.2,292.1,499585
OSWALSEEDS,20260819,12.99,13.6,12.99,13.3,236970
PACEDIGITK,20260819,177.3,177.99,174.61,175.81,429482
PACIFICI,20260819,141.16,141.16,129.0,133.55,94
PAGEIND,20260819,36440.0,36460.0,35240.0,35240.0,40937
PAISALO,20260819,67.57,69.9,67.44,69.37,6857545
PAKKA,20260819,95.8,96.4,88.1,88.54,446675
PALASHSECU,20260819,87.46,87.98,84.55,86.37,4755
PALREDTEC,20260819,55.74,56.0,54.0,55.0,10893
PANACEABIO,20260819,408.0,416.7,401.3,402.65,89623
PANACHE,20260819,544.95,554.4,530.15,541.1,8613
PANAMAPET,20260819,508.0,509.0,486.05,489.65,477808
PANCHMAHQ,20260819,285.0,294.5,285.0,294.45,1829
PANORAMA,20260819,47.0,47.0,44.1,45.95,250800
PANSARI,20260819,377.0,377.0,311.1,312.6,2140
PAR,20260819,101.25,106.99,100.16,100.86,10180
PARACABLES,20260819,63.83,64.9,62.1,62.73,1102168
PARADEEP,20260819,147.5,152.7,146.72,150.89,3628505
PARAGMILK,20260819,212.14,215.0,208.4,208.95,583907
PARAS,20260819,1527.5,1577.0,1467.9,1496.4,3160134
PARASPETRO,20260819,2.3,2.3,2.21,2.21,105472
PARKHOSPS,20260819,277.8,277.8,270.0,270.65,373633
PARKHOTELS,20260819,116.4,119.49,115.0,116.85,166075
PARNAXLAB,20260819,122.45,122.45,119.5,120.24,526
PARSVNATH,20260819,1.43,1.43,1.43,1.43,205255
PASHUPATI,20260819,88.61,89.49,85.6,86.31,26573
PASUPTAC,20260819,61.8,63.4,59.55,61.56,75112
PATANJALI,20260819,351.65,356.2,348.1,350.95,1841471
PATELENG,20260819,27.73,28.34,27.71,27.8,1870276
PATELRMART,20260819,229.89,241.89,228.0,238.23,339070
PATINTLOG,20260819,13.65,14.0,13.25,13.76,94075
PAUSHAKLTD,20260819,788.0,814.65,769.35,777.8,327085
PAVNAIND,20260819,17.75,18.98,17.75,18.87,42426
PAYTM,20260819,1551.1,1604.9,1546.3,1583.5,5645397
PBMPOLY,20260819,60.0,60.0,60.0,60.0,30
PCBL,20260819,330.0,333.85,324.1,326.7,1990420
PCJEWELLER,20260819,9.65,9.87,9.58,9.68,96035205
PDMJEPAPER,20260819,89.47,89.89,87.05,87.52,56430
PDSL,20260819,364.85,366.65,358.9,361.9,47279
PEARLPOLY,20260819,16.86,16.86,15.61,15.9,5138
PENIND,20260819,152.7,159.25,152.0,158.23,476230
PENINLAND,20260819,14.81,14.91,14.81,14.91,77807
PERMAGN,20260819,821.0,929.0,821.0,882.2,43018
PERSISTENT,20260819,5520.0,5577.0,5475.5,5510.0,474744
PETRONET,20260819,286.25,291.5,285.65,288.15,5252827
PFC,20260819,374.95,376.4,371.15,374.45,7426828
PFIZER,20260819,4838.0,4969.3,4813.9,4919.5,160066
PFOCUS,20260819,286.25,289.7,276.5,279.2,1454122
PFS,20260819,28.37,28.42,27.8,27.92,561827
PGEL,20260819,595.9,606.0,584.5,601.9,1419102
PGHH,20260819,8330.5,8352.0,8235.0,8239.0,7942
PGHL,20260819,5885.0,5886.5,5751.0,5781.0,11247
PGIL,20260819,2354.0,2435.7,2326.5,2413.7,61775
PHARMABEES,20260819,27.85,27.85,26.76,27.04,3526949
PHOENIXLTD,20260819,1950.0,1950.0,1905.9,1919.0,272032
PHOENXINTL,20260819,30.85,30.9,30.0,30.76,393
PICCADIL,20260819,692.8,720.25,685.0,705.85,347241
PIDILITIND,20260819,1670.0,1673.0,1644.1,1650.0,1011213
PIGL,20260819,105.05,108.74,102.11,105.0,122933
PIIND,20260819,2521.7,2523.2,2488.2,2505.0,262916
PILANIINVS,20260819,4386.3,4391.4,4275.0,4291.8,3368
PILITA,20260819,8.0,8.29,7.96,8.0,119272
PINELABS,20260819,160.75,161.5,157.01,157.62,9494711
PIONEEREMB,20260819,22.9,22.9,21.9,22.03,25112
PIONRINV,20260819,80.46,80.46,80.41,80.41,150
PIRAMALFIN,20260819,2072.9,2088.0,2050.0,2057.4,137295
PITTIENG,20260819,1042.0,1096.7,1042.0,1069.35,329780
PIXTRANS,20260819,1885.0,1934.7,1808.2,1815.2,42608
PKTEA,20260819,703.8,735.0,680.0,728.35,11027
PLASTIBLEN,20260819,191.01,197.0,185.0,187.13,52775
PLATIND,20260819,210.74,213.15,205.2,206.38,43386
PLAZACABLE,20260819,51.5,53.02,49.77,49.86,75805
PML,20260819,515.0,515.0,491.1,492.1,134
PNB,20260819,116.45,117.59,116.03,117.48,7920810
PNBGILTS,20260819,80.0,80.01,78.5,78.78,177700
PNBHOUSING,20260819,1143.9,1175.9,1138.0,1174.0,1249429
PNC,20260819,18.24,18.45,17.5,18.2,10296
PNCINFRA,20260819,215.0,215.88,210.7,212.01,426509
PNGJL,20260819,612.0,612.35,602.15,603.45,243991
PNGSREVA,20260819,581.9,589.0,561.2,564.35,143870
POCL,20260819,501.95,502.5,495.0,500.6,255975
PODDARMENT,20260819,255.15,255.15,245.35,248.9,2713
POEL,20260819,160.0,165.0,159.0,162.15,20374
POKARNA,20260819,923.7,933.25,894.0,901.85,61183
POLICYBZR,20260819,1755.0,1798.8,1741.6,1782.1,2185071
POLYCAB,20260819,9105.0,9150.0,8963.5,9140.0,333641
POLYMED,20260819,1785.1,1814.9,1755.2,1770.3,100462
POLYPLEX,20260819,1182.0,1191.5,1166.9,1171.9,51103
POLYSPIN,20260819,30.5,30.5,30.48,30.48,25
PONNIERODE,20260819,363.9,393.0,360.35,384.15,237864
POONAWALLA,20260819,497.9,500.0,491.2,493.3,408949
POWERGRID,20260819,267.05,267.5,262.05,263.5,9674185
POWERICA,20260819,562.8,562.8,530.3,532.85,218334
POWERINDIA,20260819,35100.0,35100.0,33360.0,33800.0,186593
POWERMECH,20260819,2440.1,2469.1,2412.5,2427.7,55380
PPAP,20260819,268.5,276.0,265.55,271.7,9496
PPL,20260819,273.9,275.0,266.4,271.5,23108
PPLPHARMA,20260819,211.58,213.4,207.7,209.64,2926756
PRABHA,20260819,183.1,210.57,181.11,199.79,5365224
PRADPME,20260819,526.0,543.9,520.1,534.55,4610
PRAENG,20260819,19.95,19.95,19.0,19.04,27779
PRAJIND,20260819,338.0,347.5,335.85,340.5,1782668
PRAKASH,20260819,133.52,134.18,130.5,131.38,353073
PRAKASHSTL,20260819,3.91,3.97,3.83,3.92,123675
PRAVEG,20260819,255.0,268.95,255.0,267.5,81643
PRAXIS,20260819,5.4,5.55,5.4,5.51,163759
PRECAM,20260819,133.0,134.95,130.21,131.02,59355
PRECOT,20260819,745.1,750.4,702.5,721.6,1184
PRECWIRE,20260819,458.0,458.0,425.1,429.7,883319
PREMCO,20260819,383.2,388.0,372.45,376.6,586
PREMEXPLN,20260819,668.1,676.95,661.1,663.1,273713
PREMIER,20260819,2.9,2.9,2.7,2.72,3505
PREMIERENE,20260819,1019.5,1023.3,1002.0,1002.0,421715
PREMIERPOL,20260819,86.99,94.14,85.0,91.61,4381568
PRESTIGE,20260819,1595.0,1595.0,1570.0,1581.8,187224
PRICOLLTD,20260819,799.95,808.45,794.0,804.6,261488
PRIMESECU,20260819,281.35,281.95,276.4,278.35,13028
PRIMO,20260819,22.98,23.4,22.01,22.16,190528
PRINCEPIPE,20260819,289.7,289.75,281.6,282.8,120519
PRISMX,20260819,0.55,0.55,0.53,0.53,242669
PRITI,20260819,33.21,34.48,33.21,33.55,6134
PRITIKAUTO,20260819,17.78,17.78,17.21,17.58,54041
PRIVISCL,20260819,3410.0,3485.9,3410.0,3467.8,47062
PROSTARM,20260819,133.48,136.14,131.65,134.96,148454
PROTEAN,20260819,551.75,553.1,544.5,545.7,111761
PROZONER,20260819,42.02,42.45,41.43,41.52,125051
PRSMJOHNSN,20260819,107.5,116.88,107.5,110.27,37736715
PRUDENT,20260819,3373.1,3423.0,3301.0,3393.6,17915
PRUDMOULI,20260819,14.24,14.24,13.12,14.02,22108
PSB,20260819,23.21,23.48,23.1,23.24,821429
PSPPROJECT,20260819,943.0,943.15,913.1,918.85,62658
PSUBANK,20260819,86.23,86.69,86.01,86.23,83154
PSUBANKADD,20260819,85.62,88.12,85.62,86.9,14661
PSUBNKBEES,20260819,96.52,96.88,95.52,96.13,875252
PSUBNKIETF,20260819,87.45,87.93,87.13,87.37,54357
PTC,20260819,158.89,159.0,155.15,155.5,1876714
PTCIL,20260819,19602.0,19743.0,19134.0,19475.0,37803
PTL,20260819,39.49,39.49,38.5,38.6,22391
PUNJABCHEM,20260819,1139.9,1179.8,1129.3,1156.3,20971
PURVA,20260819,224.3,224.3,215.5,218.74,417695
PVP,20260819,40.51,43.0,38.35,39.13,3540158
PVRINOX,20260819,1198.1,1221.9,1190.1,1200.9,307429
PVSL,20260819,117.79,118.67,112.7,113.43,45816
PVTBANIETF,20260819,27.67,27.68,27.46,27.55,1210942
PVTBANK,20260819,27.49,27.49,27.23,27.28,1735
PVTBANKADD,20260819,27.76,27.83,27.58,27.76,44088
PVTBKGROWW,20260819,27.31,27.69,27.2,27.47,61699
PWL,20260819,123.0,124.09,118.17,121.92,19723170
PYRAMID,20260819,164.36,164.49,159.1,161.5,26899
QGOLDHALF,20260819,127.12,127.12,125.35,126.03,128474
QMSMEDI,20260819,138.0,139.5,133.5,134.6,27339
QNIFTY,20260819,266.8,266.8,265.0,265.2,721
QPOWER,20260819,1330.0,1330.0,1280.3,1295.3,198873
QUADFUTURE,20260819,342.8,351.3,334.45,339.75,292451
QUAL30IETF,20260819,21.39,21.39,21.21,21.27,146975
QUALITY30,20260819,21.0,21.0,20.84,20.84,1710
QUESS,20260819,333.75,337.15,329.35,336.55,154156
QUICKHEAL,20260819,144.49,144.49,139.0,140.31,72246
QUINT,20260819,38.11,38.11,36.05,36.18,9422
RACE,20260819,103.35,103.88,99.8,100.03,2838
RACLGEAR,20260819,1381.7,1535.0,1381.7,1438.7,244586
RADAAN,20260819,2.95,3.08,2.91,2.94,27387
RADHIKAJWE,20260819,66.39,67.29,64.49,64.9,302097
RADIANTCMS,20260819,34.95,35.08,33.56,34.1,252717
RADICO,20260819,4720.2,4747.0,4633.0,4696.0,261975
RADIOCITY,20260819,6.89,6.89,6.65,6.7,39235
RAILTEL,20260819,282.65,297.6,282.15,287.25,12340844
RAIN,20260819,204.3,208.2,203.74,205.54,2239195
RAINBOW,20260819,1458.0,1475.0,1443.0,1461.8,42464
RAJESHEXPO,20260819,81.51,82.25,80.8,80.95,55654
RAJMET,20260819,3.24,3.32,3.24,3.26,155145
RAJOOENG,20260819,51.34,51.5,50.11,50.98,125916
RAJPALAYAM,20260819,843.0,843.0,810.1,812.5,3156
RAJRATAN,20260819,507.0,518.0,503.3,506.2,54851
RAJRILTD,20260819,22.46,22.46,22.16,22.46,14756
RAJSREESUG,20260819,35.25,38.44,34.96,36.9,308611
RAJTV,20260819,10.03,10.8,10.02,10.58,55843
RALLIS,20260819,213.3,213.69,211.0,211.72,414727
RAMANEWS,20260819,32.65,33.5,31.6,32.4,6278
RAMAPHO,20260819,120.05,123.2,120.0,121.43,32179
RAMASTEEL,20260819,4.17,4.17,4.17,4.17,648646
RAMBHAJO,20260819,182.0,182.0,176.0,177.39,112565
RAMCOCEM,20260819,910.1,916.25,892.35,902.2,250361
RAMCOIND,20260819,344.0,347.2,338.5,339.9,132633
RAMCOSYS,20260819,555.0,561.8,545.0,552.4,201180
RAMKY,20260819,391.15,395.9,389.05,391.0,10496
RAMRAT,20260819,472.7,492.0,471.5,484.65,276330
RANASUG,20260819,13.6,14.5,13.4,13.76,1684641
RANEHOLDIN,20260819,1565.0,1581.5,1541.1,1566.5,21592
RATEGAIN,20260819,937.65,942.9,920.0,930.6,191450
RATNAMANI,20260819,2385.4,2390.0,2290.0,2307.3,15351
RATNAVEER,20260819,252.49,257.36,248.6,250.4,6400524
RAYMOND,20260819,624.25,644.55,621.95,630.5,453757
RAYMONDLSL,20260819,746.1,753.65,719.5,727.5,133360
RAYMONDREL,20260819,578.0,584.0,569.05,572.6,153682
RBA,20260819,104.5,104.6,99.5,101.06,12914795
RBLBANK,20260819,383.3,384.0,378.3,381.5,1110741
RBZJEWEL,20260819,135.0,141.89,135.0,137.38,81839
RCF,20260819,121.4,122.63,118.25,119.03,1170334
RCOM,20260819,0.81,0.81,0.79,0.79,2043406
RECLTD,20260819,339.2,340.7,336.3,337.0,5097595
REDINGTON,20260819,326.75,336.85,322.7,335.05,3781274
REDTAPE,20260819,124.6,127.89,123.1,126.04,426270
REFEX,20260819,302.0,302.05,296.05,297.05,143103
REGAAL,20260819,100.3,103.0,97.0,97.65,1036730
REGENCERAM,20260819,36.8,36.8,35.12,35.74,14024
RELAXO,20260819,385.8,391.5,372.0,373.2,247764
RELCHEMQ,20260819,118.75,118.75,112.45,113.65,12797
RELIABLE,20260819,142.4,142.4,136.0,137.54,208674
RELIANCE,20260819,1320.3,1321.6,1303.5,1311.0,7489365
RELIGARE,20260819,230.85,232.0,226.7,230.7,471995
RELINFRA,20260819,63.19,63.19,63.19,63.19,57460
RELTD,20260819,158.01,162.58,156.87,160.07,174284
REMSONSIND,20260819,82.0,84.8,81.99,82.75,52896
RENUKA,20260819,23.49,25.98,23.32,24.24,67106466
REPCOHOME,20260819,353.0,363.0,348.2,360.85,314758
REPL,20260819,64.83,64.83,59.4,60.18,9086
REPRO,20260819,330.0,331.95,321.4,329.2,8878
RESPONIND,20260819,159.0,161.28,155.53,156.54,94245
RETAIL,20260819,18.0,18.78,16.6,17.45,8416
RGL,20260819,125.97,131.0,124.69,130.13,1199058
RHETAN,20260819,21.61,22.08,21.61,21.62,15822998
RHFL,20260819,1.76,1.76,1.71,1.73,550433
RHIM,20260819,381.8,381.95,373.2,374.9,196869
RHL,20260819,168.0,168.74,166.0,166.0,1060
RICOAUTO,20260819,133.27,133.99,128.5,129.13,1160371
RIIL,20260819,738.65,742.0,729.0,731.45,24419
RIR,20260819,170.3,170.3,165.0,166.23,129460
RISHABH,20260819,665.9,701.9,660.25,695.0,549633
RITCO,20260819,314.5,319.0,310.0,313.0,110827
RITES,20260819,218.49,223.17,215.61,216.94,397733
RKDL,20260819,18.97,18.97,17.32,18.19,38321
RKEC,20260819,22.9,25.0,21.12,23.23,65976
RKFORGE,20260819,761.0,772.8,745.0,749.2,1126629
RKSWAMY,20260819,100.22,100.22,93.74,94.79,80874
RMC,20260819,254.9,264.45,249.0,251.35,55746
RMDRIP,20260819,17.3,17.75,16.72,17.67,489243
RML,20260819,1105.7,1106.1,1075.5,1080.3,6155
RNBDENIMS,20260819,8.43,8.66,8.15,8.17,330067
ROHLTD,20260819,309.8,309.8,300.0,301.5,20058
ROLEXRINGS,20260819,177.97,179.0,173.36,174.7,1321249
ROLLT,20260819,3.12,3.31,3.12,3.31,1058226
ROML,20260819,44.01,44.99,43.7,43.93,844
ROSSARI,20260819,495.9,509.65,491.6,496.25,76086
ROSSELLIND,20260819,58.12,58.12,55.6,56.15,13976
ROSSTECH,20260819,1109.4,1118.35,1064.5,1079.7,174674
ROTO,20260819,66.34,66.68,65.7,66.0,154427
ROUTE,20260819,499.5,505.9,498.0,501.5,112307
RPEL,20260819,1500.0,1665.0,1500.0,1637.4,375056
RPGLIFE,20260819,2699.0,2699.0,2640.8,2667.7,9044
RPOWER,20260819,22.4,22.41,21.51,21.7,17827717
RPPINFRA,20260819,57.52,59.39,56.51,57.47,67887
RPPL,20260819,23.19,23.59,22.56,22.72,50721
RPSGVENT,20260819,875.25,875.25,859.2,864.1,25062
RPTECH,20260819,857.85,857.85,830.25,838.25,229347
RRECL,20260819,136.35,149.9,136.0,143.5,1377
RRIL,20260819,18.48,18.48,16.65,17.03,34907
RRKABEL,20260819,2790.0,2920.9,2777.5,2898.8,631666
RSDFIN,20260819,96.12,100.7,96.12,96.34,3197
RSL,20260819,166.27,169.87,164.0,165.37,138111
RSSOFTWARE,20260819,32.0,32.9,30.6,31.31,16281
RSWM,20260819,202.05,205.0,198.0,199.73,18544
RSYSTEMS,20260819,240.35,243.25,236.8,238.9,179902
RTNINDIA,20260819,30.56,30.67,30.0,30.1,1357967
RTNPOWER,20260819,8.1,8.11,7.79,7.81,24105901
RTSPOWR,20260819,96.72,99.7,94.33,94.56,480
RUBFILA,20260819,68.84,69.88,67.5,69.27,6030
RUBICON,20260819,1820.0,1820.1,1730.8,1798.8,356862
RUBYMILLS,20260819,417.55,417.55,404.05,410.25,10957
RUCHINFRA,20260819,5.9,5.9,5.74,5.79,9186
RUCHIRA,20260819,103.15,104.97,100.12,101.93,51500
RUDRA,20260819,22.5,22.97,21.57,21.89,153980
RUPA,20260819,149.23,151.0,149.23,150.27,55700
RUSHIL,20260819,16.82,17.45,16.65,17.3,423032
RUSTOMJEE,20260819,371.9,374.95,369.1,369.85,19434
RVHL,20260819,42.75,42.75,41.55,41.72,10000
RVNL,20260819,226.07,226.54,221.25,223.5,4106168
RVTH,20260819,744.95,750.0,730.4,731.4,386
S&SPOWER,20260819,277.7,287.4,270.6,277.35,1609
SAATVIKGL,20260819,399.0,406.0,397.55,399.45,129816
SAB,20260819,170.0,170.0,170.0,170.0,5
SADBHAV,20260819,7.9,8.28,7.75,7.99,274722
SADBHIN,20260819,2.89,2.92,2.72,2.76,101844
SADHNANIQ,20260819,3.02,3.02,2.97,2.97,1188917
SAFARI,20260819,1482.0,1494.2,1474.0,1483.0,13239
SAGARDEEP,20260819,23.51,24.29,23.51,23.96,1866
SAGCEM,20260819,168.29,169.95,159.93,162.07,127043
SAGILITY,20260819,42.16,42.8,41.77,42.44,10336138
SAHLIBHFI,20260819,70.97,72.0,70.05,71.09,77265
SAHYADRI,20260819,377.0,384.2,373.25,378.9,13400
SAICAPI,20260819,152.0,152.0,150.8,150.8,146
SAIL,20260819,169.9,173.95,169.32,172.75,10694324
SAILIFE,20260819,1440.0,1444.0,1415.0,1422.2,154803
SAIPARENT,20260819,543.0,547.0,539.0,540.4,57227
SAKAR,20260819,901.6,901.6,864.55,871.0,65665
SAKHTISUG,20260819,18.22,21.0,18.22,19.7,1451898
SAKSOFT,20260819,168.02,168.02,163.11,164.37,245358
SAKUMA,20260819,1.57,1.58,1.53,1.55,787367
SALASAR,20260819,6.09,6.09,6.0,6.06,2308952
SALONA,20260819,265.0,273.75,263.04,265.34,286
SALSTEEL,20260819,72.9,79.22,72.07,79.22,923773
SALZERELEC,20260819,566.1,582.1,566.1,572.6,38870
SAMBANDAM,20260819,97.7,119.6,97.7,105.0,534
SAMBHAAV,20260819,6.26,6.4,6.26,6.35,39875
SAMBHV,20260819,124.0,127.27,122.2,122.91,1988530
SAMHI,20260819,160.0,160.86,158.1,159.48,379417
SAMMAANCAP,20260819,150.99,158.49,150.4,153.63,22151184
SAMPANN,20260819,26.42,26.42,26.0,26.02,10726
SANATHAN,20260819,457.9,459.55,446.0,447.8,15975
SANDESH,20260819,1080.0,1082.0,1028.05,1051.5,1043
SANDHAR,20260819,632.0,643.0,626.65,636.65,172625
SANDUMA,20260819,198.77,199.5,195.0,196.45,345453
SANGAMIND,20260819,592.25,597.95,574.0,576.75,16471
SANGHVIMOV,20260819,524.4,524.4,490.6,498.75,352894
SANGINITA,20260819,62.5,62.5,62.5,62.5,40852
SANOFI,20260819,3254.8,3299.0,3221.9,3271.3,17740
SANOFICONR,20260819,4345.8,4345.8,4211.1,4221.7,5312
SANSERA,20260819,3990.0,3999.6,3857.5,3894.3,143714
SANSTAR,20260819,107.83,109.29,105.5,106.19,464980
SANWARIA,20260819,0.2,0.2,0.18,0.19,916320
SAPPHIRE,20260819,231.96,237.5,231.96,233.71,578744
SAPPL,20260819,288.1,299.75,281.05,289.55,4816
SARDAEN,20260819,517.0,518.4,508.5,512.05,450381
SAREGAMA,20260819,514.0,521.6,507.1,508.5,243353
SARLAPOLY,20260819,101.5,101.92,99.5,100.1,27421
SARVESHWAR,20260819,3.47,3.49,3.37,3.4,897607
SASKEN,20260819,1952.7,1968.9,1893.2,1913.4,9761
SATIA,20260819,59.2,59.2,57.1,57.74,65037
SATIN,20260819,229.7,229.7,223.0,225.09,222235
SAURASHCEM,20260819,58.3,59.3,57.1,57.7,137387
SAYAJIHOTL,20260819,319.0,326.95,319.0,323.6,2036
SAYAJIIND,20260819,111.9,111.9,111.9,111.9,100
SBC,20260819,38.65,39.5,38.34,38.88,12250649
SBCL,20260819,1030.9,1039.4,1001.3,1025.55,213174
SBFC,20260819,93.99,94.11,91.55,92.77,6398813
SBGLP,20260819,25.37,25.37,24.0,24.36,14570
SBIBPB,20260819,50.77,50.77,49.7,49.85,46320
SBICARD,20260819,611.0,627.15,610.0,623.65,2246351
SBIETFCON,20260819,124.77,124.77,123.17,123.36,1819
SBIETFIT,20260819,332.98,339.9,332.98,336.74,6690
SBIETFPB,20260819,278.01,280.98,276.94,278.82,5221
SBIETFQLTY,20260819,225.24,225.24,223.6,224.63,12411
SBIFUNDS,20260819,555.2,558.1,550.2,553.95,2387572
SBILIFE,20260819,1779.5,1786.7,1746.4,1780.4,1208471
SBILIQETF,20260819,1052.2,1052.4,1052.2,1052.4,113804
SBIMIDMOM,20260819,64.61,64.61,63.42,63.66,128697
SBIN,20260819,1053.2,1054.8,1041.4,1048.6,7182636
SBINEQWETF,20260819,34.13,34.13,33.4,33.45,24602
SBINMID150,20260819,24.03,24.03,23.27,23.38,13152
SBISILVER,20260819,221.49,223.41,220.42,221.77,874785
SBISMLETF,20260819,18.7,18.7,18.21,18.26,112951
SBIVALETF,20260819,14.88,15.14,14.7,15.03,15049
SCANSTL,20260819,62.65,64.49,62.3,63.54,39687
SCHAEFFLER,20260819,4080.0,4138.1,4069.1,4104.9,41516
SCHAND,20260819,139.0,139.38,135.25,137.14,44875
SCHNEIDER,20260819,1288.9,1289.0,1226.0,1253.8,675084
SCI,20260819,298.0,300.2,294.0,295.35,1995957
SCILAL,20260819,40.47,40.99,40.01,40.21,103650
SCODATUBES,20260819,128.99,129.7,124.46,126.07,180401
SCPL,20260819,668.5,684.0,657.5,678.2,71365
SDBL,20260819,74.02,74.3,72.95,73.11,386656
SEAMECLTD,20260819,1585.9,1646.6,1564.8,1635.7,134885
SECMARK,20260819,133.0,133.0,125.41,128.0,1649
SECURKLOUD,20260819,18.0,18.3,17.75,17.85,12754
SEDEMAC,20260819,3244.7,3270.7,3168.2,3222.7,98073
SEIL,20260819,205.0,211.99,204.13,210.93,228157
SEJALLTD,20260819,678.95,692.85,670.45,684.3,4906
SEKURITIND,20260819,123.7,124.18,119.01,119.69,14877
SELECTIPO,20260819,48.38,48.49,48.21,48.32,13364
SELMC,20260819,29.5,29.5,27.02,27.09,6766
SEMAC,20260819,303.95,303.95,285.5,296.65,2702
SENCO,20260819,335.0,338.35,329.05,331.6,618055
SENORES,20260819,1544.3,1577.5,1526.9,1550.9,162872
SENSEXADD,20260819,79.69,79.69,79.21,79.55,2116
SENSEXAXIS,20260819,80.19,80.19,79.6,79.69,8431
SENSEXBETA,20260819,858.0,869.88,851.0,863.42,1999
SENSEXETF,20260819,79.76,79.78,79.34,79.51,17254
SENSEXIETF,20260819,889.28,889.39,884.7,886.4,6303
SEPC,20260819,5.82,5.83,5.7,5.71,4471915
SERVOTECH,20260819,82.0,82.24,80.49,81.14,304883
SESHAPAPER,20260819,230.03,238.0,226.0,226.75,36820
SETCO,20260819,16.99,16.99,16.83,16.83,34235
SETF10GILT,20260819,267.0,267.0,264.52,265.4,284
SETFGOLD,20260819,133.63,133.63,128.88,129.74,2794216
SETFNIF50,20260819,267.46,267.46,259.3,259.51,664464
SETFNIFBK,20260819,575.22,589.84,575.22,588.77,24583
SETFNN50,20260819,796.6,799.99,791.27,793.19,19357
SETL,20260819,310.0,312.85,305.9,309.6,640051
SETUINFRA,20260819,0.45,0.45,0.43,0.44,181105
SEYAIND,20260819,12.43,12.68,12.2,12.67,6158
SFL,20260819,668.8,681.5,665.35,678.45,115691
SGFIN,20260819,674.9,706.25,668.05,692.75,559188
SGIL,20260819,554.25,560.0,550.0,555.25,4996
SGL,20260819,9.85,9.95,9.61,9.76,2041
SGLRES,20260819,2.48,2.57,2.35,2.4,49039
SGMART,20260819,804.15,819.65,784.85,803.2,276071
SGRL,20260819,524.4,532.1,512.0,518.35,3846
SHADOWFAX,20260819,259.2,267.47,256.2,264.84,8598394
SHAH,20260819,4.05,4.05,3.9,3.91,1242173
SHAHALLOYS,20260819,79.45,82.52,74.01,80.68,63164
SHAILY,20260819,3370.0,3390.0,3299.4,3367.2,119984
SHAKTIPUMP,20260819,498.5,498.6,491.3,492.4,259077
SHALBY,20260819,152.0,156.87,152.0,155.45,72181
SHALPAINTS,20260819,84.0,86.0,82.54,82.54,133747
SHANKARA,20260819,140.52,143.29,140.52,142.54,38535
SHANTI,20260819,6.3,6.58,6.1,6.28,22179
SHANTIGEAR,20260819,389.3,391.95,385.4,386.65,9323
SHANTIGOLD,20260819,256.65,256.65,235.11,241.75,2559743
SHARDACROP,20260819,774.85,798.85,761.1,770.7,278541
SHARDAMOTR,20260819,938.25,951.0,926.55,943.0,70693
SHARDUL,20260819,53.9,54.47,52.52,53.07,42527
SHAREINDIA,20260819,178.0,178.0,173.98,175.26,194833
SHARIABEES,20260819,462.4,464.89,453.0,457.62,6032
SHBAJRG,20260819,177.15,178.0,169.0,173.58,1619
SHEKHAWATI,20260819,18.11,18.72,18.11,18.43,40507
SHEMAROO,20260819,126.0,133.37,126.0,133.32,32912
SHERVANI,20260819,367.4,367.4,338.0,342.15,4397
SHILCTECH,20260819,3944.0,3959.0,3893.0,3913.3,16731
SHILGRAVQ,20260819,165.13,179.7,165.0,169.49,9565
SHILPAMED,20260819,810.0,819.0,802.35,807.75,618924
SHINDL,20260819,159.21,175.0,157.29,165.38,48819
SHIPROCKET,20260819,131.0,156.0,131.0,143.45,224002350
SHIVAAGRO,20260819,41.0,42.0,39.0,40.39,13862
SHIVACEM,20260819,17.05,17.05,16.66,16.97,13981
SHIVALIK,20260819,243.0,256.15,243.0,256.11,39233
SHIVAMAUTO,20260819,15.8,15.8,15.15,15.32,32803
SHIVAMILLS,20260819,60.71,61.9,59.02,61.4,101
SHIVATEX,20260819,165.99,167.5,165.99,166.1,2129
SHIVAUM,20260819,446.95,450.0,445.0,447.15,51140
SHK,20260819,159.9,161.37,156.93,160.0,336958
SHOPERSTOP,20260819,429.7,435.95,414.35,417.15,38176
SHRADDHA,20260819,155.0,156.0,148.55,154.14,2740
SHRADHA,20260819,33.0,33.95,33.0,33.88,5110
SHREDIGCEM,20260819,70.1,71.6,70.1,70.36,36372
SHREECEM,20260819,24700.0,24700.0,24150.0,24340.0,25056
SHREEJISPG,20260819,617.25,654.25,617.25,649.45,780638
SHREEPUSHK,20260819,376.9,391.0,376.9,385.8,37475
SHREERAMA,20260819,46.8,46.8,44.11,44.37,113898
SHRENIK,20260819,0.3,0.31,0.3,0.3,437517
SHREYANIND,20260819,131.0,131.4,127.0,127.83,3666
SHRINGARMS,20260819,225.7,227.59,223.5,224.48,254117
SHRIPISTON,20260819,4521.0,4521.0,4411.4,4454.0,47533
SHRIRAMFIN,20260819,1108.4,1113.0,1098.2,1106.0,1912179
SHRIRAMPPS,20260819,78.57,78.57,76.85,77.31,194878
SHRJAGP,20260819,683.3,723.75,683.3,709.2,395
SHUKRAPHAR,20260819,42.0,43.14,41.51,42.67,889499
SHYAMCENT,20260819,5.24,5.24,4.9,4.98,32179
SHYAMMETL,20260819,995.4,998.9,982.8,989.9,38685
SHYAMTEL,20260819,13.94,15.26,13.36,14.19,11826
SICAGEN,20260819,55.5,56.47,55.15,55.85,33861
SICALLOG,20260819,114.7,114.7,108.6,109.85,22169
SIEL,20260819,42.42,42.42,39.39,42.42,20184
SIEMENS,20260819,3940.0,3956.3,3875.3,3898.9,146047
SIGACHI,20260819,29.99,30.24,28.1,28.88,3644800
SIGIND,20260819,68.89,70.9,67.0,70.32,51801
SIGMA,20260819,46.3,49.29,45.11,46.12,450682
SIGMAADV,20260819,691.35,691.35,691.35,691.35,89369
SIGNATURE,20260819,809.0,812.0,781.0,784.9,182535
SIGNPOST,20260819,274.0,274.0,265.75,266.15,24425
SIKA,20260819,1031.9,1070.0,1030.0,1035.1,22642
SIKKO,20260819,5.45,5.5,5.11,5.27,435119
SIL,20260819,20.23,20.4,19.4,19.56,185552
SILGO,20260819,69.55,70.49,68.51,69.89,206329
SILINV,20260819,450.0,453.75,433.2,438.05,1628
SILLYMONKS,20260819,15.98,15.99,15.64,15.89,6520
SILVER,20260819,227.72,227.84,224.71,226.09,747948
SILVER1,20260819,22.12,22.14,21.82,21.99,4494226
SILVER360,20260819,225.0,225.0,221.57,223.38,11536
SILVERADD,20260819,219.94,220.44,216.85,218.13,245146
SILVERAG,20260819,221.87,222.54,218.92,220.56,227864
SILVERAXIS,20260819,236.0,236.0,223.7,225.02,189873
SILVERBEES,20260819,217.78,217.97,215.11,216.43,21476282
SILVERBETA,20260819,229.49,229.49,217.16,218.66,712454
SILVERBND,20260819,230.2,230.2,225.73,227.39,53273
SILVERCASE,20260819,23.12,23.15,22.83,22.97,4026555
SILVERIETF,20260819,229.98,229.98,224.68,226.2,2123216
SILVERTUC,20260819,195.0,199.0,192.75,196.52,361130
SIMBHALS,20260819,7.25,7.52,7.2,7.52,37376
SIMPLEXINF,20260819,258.8,265.1,255.27,261.65,59913
SIMPLXREA,20260819,136.5,136.5,123.66,123.92,51
SINCLAIR,20260819,74.36,75.86,74.36,75.22,14379
SINDHUTRAD,20260819,25.2,25.75,23.99,24.11,946045
SINGERIND,20260819,79.8,84.99,77.42,83.36,116136
SINTERCOM,20260819,84.8,87.0,82.51,85.0,6343
SIRCA,20260819,444.0,446.95,439.8,442.3,1080171
SIS,20260819,412.0,426.0,412.0,414.5,204010
SITINET,20260819,0.3,0.3,0.28,0.28,1115064
SIYSIL,20260819,643.95,646.45,631.0,632.8,40379
SJS,20260819,2497.8,2520.4,2460.0,2508.0,85821
SJVN,20260819,66.3,66.4,65.96,66.04,1212546
SKFINDIA,20260819,1621.4,1670.0,1621.0,1629.7,106088
SKFINDUS,20260819,2660.0,2819.4,2655.8,2800.4,186777
SKIPPER,20260819,536.0,559.9,530.8,550.85,1480211
SKMEGGPROD,20260819,263.0,263.75,250.71,253.26,205539
SKYGOLD,20260819,795.05,799.45,770.8,777.75,580669
SMALL250,20260819,18.07,18.46,18.04,18.31,269499
SMALLADD,20260819,18.53,18.53,18.3,18.3,62255
SMALLCAP,20260819,49.0,49.98,48.41,48.54,904311
SMALLGROWW,20260819,49.35,49.35,48.5,48.76,1457
SMALLIETF,20260819,18.59,18.59,18.24,18.32,35056
SMARTLINK,20260819,222.0,230.0,222.0,227.16,6230
SMARTWORKS,20260819,503.95,507.95,500.1,502.35,35122
SMCGLOBAL,20260819,80.69,81.5,79.9,81.33,237097
SML100CASE,20260819,11.4,11.4,11.16,11.19,751962
SMLMAH,20260819,5310.0,5389.5,5210.0,5228.5,60377
SMLT,20260819,69.28,70.75,67.25,68.53,2938
SMSPHARMA,20260819,360.0,362.95,354.5,356.05,103007
SNOWMAN,20260819,38.01,38.23,37.51,37.61,113809
SNXT30BEES,20260819,43.54,44.56,42.64,43.29,127449
SNXT50BETA,20260819,96.79,96.79,95.66,96.28,1264
SOBHA,20260819,1319.9,1319.9,1268.0,1274.1,193129
SOFTTECH,20260819,421.0,424.4,418.0,421.45,3120
SOLARA,20260819,548.7,556.65,543.6,550.05,121098
SOLARINDS,20260819,20080.0,20140.0,19550.0,19721.0,197246
SOLARWORLD,20260819,157.66,157.66,152.58,153.57,192098
SOLEX,20260819,815.5,815.5,776.05,789.1,45219
SOMANYCERA,20260819,512.35,519.0,507.3,509.25,161687
SOMATEX,20260819,88.38,88.38,85.17,85.94,15972
SOMICONVEY,20260819,88.0,88.37,82.65,86.61,11678
SONACOMS,20260819,829.0,829.75,816.5,823.5,1726390
SONAL,20260819,90.8,91.25,90.35,90.46,140
SONAMLTD,20260819,62.3,68.99,60.74,67.19,977582
SONATSOFTW,20260819,312.45,321.15,305.1,307.8,962529
SOTL,20260819,721.7,723.45,696.9,699.4,181996
SOUTHBANK,20260819,45.09,45.45,44.81,45.0,4428294
SOUTHWEST,20260819,219.05,225.94,214.55,216.75,346450
SPAL,20260819,952.45,953.5,918.9,920.9,47530
SPANDANA,20260819,240.45,243.7,236.35,239.3,113704
SPARC,20260819,194.24,197.0,191.91,193.11,433409
SPCENET,20260819,3.43,3.57,3.35,3.36,825732
SPECIALITY,20260819,140.0,144.9,135.11,141.37,17783
SPECTRUM,20260819,2260.0,2342.8,2260.0,2284.8,8682
SPELS,20260819,151.8,151.8,145.86,147.13,30338
SPENCERS,20260819,31.2,31.2,30.22,30.57,60074
SPIC,20260819,66.63,69.37,66.3,68.05,752272
SPLIL,20260819,31.0,31.0,29.1,29.42,10529
SPLPETRO,20260819,712.6,712.6,700.0,702.6,22107
SPMLINFRA,20260819,194.51,196.9,192.0,195.56,227519
SPORTKING,20260819,215.79,215.98,208.1,209.62,265689
SRD,20260819,40.74,41.5,40.52,40.94,17420
SREEL,20260819,258.8,259.7,246.85,248.27,11435
SRF,20260819,2624.4,2628.9,2562.3,2578.6,267803
SRGHFL,20260819,260.0,265.0,260.0,260.1,99
SRHHYPOLTD,20260819,489.8,490.7,477.1,479.2,7779
SRIKPRIND,20260819,20.61,20.61,19.55,20.2,1468
SRM,20260819,488.85,500.0,483.3,493.75,94741
SRTL,20260819,39.88,39.88,38.75,38.84,17020
SSDL,20260819,61.0,61.0,59.21,59.76,24052
SSWL,20260819,317.0,317.95,312.9,315.85,292767
STALLION,20260819,234.0,235.0,224.0,225.15,488362
STANLEY,20260819,134.5,137.5,134.05,136.09,101288
STAR,20260819,949.1,965.0,931.3,957.5,346391
STARCEMENT,20260819,198.61,198.61,193.43,193.94,349565
STARHEALTH,20260819,582.3,587.2,578.5,582.8,139550
STARPAPER,20260819,146.85,148.8,145.21,146.22,3229
STARTECK,20260819,258.0,258.0,255.0,257.05,7474
STCINDIA,20260819,116.71,117.19,115.6,116.06,10410
STEELCAS,20260819,361.0,363.5,354.35,357.35,88700
STEELCITY,20260819,83.39,83.39,80.2,82.18,7209
STEELXIND,20260819,10.71,10.89,10.52,10.67,662433
STEL,20260819,575.0,592.45,575.0,581.0,3435
STERTOOLS,20260819,218.5,227.9,216.0,223.5,36016
STLNETWORK,20260819,25.78,25.98,24.85,24.97,530215
STLSTRINF,20260819,18.91,20.0,18.5,19.09,229
STLTECH,20260819,633.1,638.8,613.7,621.2,2138772
STOVEKRAFT,20260819,774.65,775.95,748.5,756.55,110184
STUDDS,20260819,443.95,448.7,443.85,448.0,33983
STYL,20260819,390.25,405.0,374.0,379.5,218923
STYLAMIND,20260819,3755.1,3763.9,3654.8,3664.3,31804
STYLEBAAZA,20260819,414.0,422.75,410.0,422.75,3147338
STYRENIX,20260819,2157.5,2169.7,2116.0,2126.6,23593
SUBEXLTD,20260819,16.29,17.39,15.65,15.92,20492917
SUBROS,20260819,752.15,752.15,735.0,737.2,35713
SUDARCOLOR,20260819,409.0,409.0,400.05,405.75,5854
SUDARSCHEM,20260819,1137.8,1145.0,1125.0,1134.9,263281
SUDEEPPHRM,20260819,1098.6,1159.3,1098.55,1156.4,453138
SUKHJITS,20260819,159.8,163.55,155.15,156.21,28414
SULA,20260819,147.53,147.99,145.2,145.43,247820
SUMEDHA,20260819,37.05,42.8,37.05,39.87,4292
SUMEETINDS,20260819,13.4,13.4,12.75,12.75,3255671
SUMICHEM,20260819,563.0,563.8,551.0,554.2,188533
SUMIT,20260819,52.55,55.48,52.0,53.51,42879
SUMMITSEC,20260819,1435.8,1444.9,1425.0,1430.2,1881
SUNCLAY,20260819,1290.0,1293.1,1275.0,1281.1,7586
SUNDARAM,20260819,1.25,1.36,1.23,1.29,1974503
SUNDARMFIN,20260819,4625.4,4628.9,4466.0,4485.1,38437
SUNDRMBRAK,20260819,855.0,868.9,832.05,851.1,939
SUNDRMFAST,20260819,1235.0,1250.3,1229.0,1242.2,224417
SUNDROP,20260819,657.65,657.65,647.55,649.95,5533
SUNFLAG,20260819,357.55,357.55,352.05,353.55,69288
SUNPHARMA,20260819,1871.0,1900.0,1871.0,1900.0,1566692
SUNRAKSHAK,20260819,382.4,382.4,375.5,377.25,5329
SUNSHIEL,20260819,1268.7,1280.0,1235.6,1273.4,1781
SUNTECK,20260819,296.4,299.7,295.0,296.2,164778
SUNTV,20260819,482.85,485.65,480.05,480.9,207536
SUPERHOUSE,20260819,165.11,168.2,162.1,164.0,3761
SUPERSPIN,20260819,5.93,5.93,5.82,5.91,28596
SUPRAJIT,20260819,527.8,529.25,516.65,517.65,46175
SUPREME,20260819,40.5,41.99,39.01,39.53,19017
SUPREMEENG,20260819,2.45,2.45,2.45,2.45,189502
SUPREMEIND,20260819,3622.9,3635.2,3568.1,3610.0,305616
SUPREMEINF,20260819,87.8,87.9,85.41,86.15,21290
SUPRIYA,20260819,811.0,811.0,786.0,787.8,133358
SUPTANERY,20260819,8.59,8.59,7.54,7.81,517793
SURAJEST,20260819,207.0,210.09,205.0,205.87,114590
SURAJLTD,20260819,210.0,214.0,200.0,203.32,6588
SURAKSHA,20260819,320.0,322.6,306.2,308.5,79209
SURANASOL,20260819,25.6,26.48,25.22,26.11,54765
SURANAT&P,20260819,16.5,16.5,15.9,16.15,47266
SURYALA,20260819,382.95,382.95,380.1,380.1,293
SURYALAXMI,20260819,58.93,58.93,56.0,56.37,3688
SURYAROSNI,20260819,223.44,225.29,217.62,218.71,606213
SURYODAY,20260819,152.99,153.99,150.78,151.73,388266
SUTLEJTEX,20260819,38.95,39.45,38.0,38.09,34398
SUVEN,20260819,339.95,346.65,331.0,332.55,378962
SUVIDHAA,20260819,2.52,2.52,2.36,2.38,239034
SUYOG,20260819,801.85,805.05,750.5,759.25,90236
SUZLON,20260819,47.7,47.76,46.7,46.77,47341396
SVGLOBAL,20260819,118.0,130.0,118.0,130.0,670
SVLL,20260819,770.0,771.0,770.0,770.0,1350
SVPGLOB,20260819,3.75,3.76,3.7,3.72,47880
SWANCORP,20260819,304.0,305.5,300.4,303.2,628582
SWANDEF,20260819,2331.0,2400.3,2311.0,2348.2,6736
SWARAJ,20260819,369.3,374.95,363.6,367.05,325159
SWARAJENG,20260819,3594.0,3608.6,3561.0,3588.8,4852
SWARNSAR,20260819,36.5,36.6,33.05,34.25,6075
SWELECTES,20260819,621.55,624.9,605.0,606.55,27755
SWIGGY,20260819,277.15,277.6,269.75,272.4,19048103
SWISSMLTRY,20260819,13.87,15.2,13.87,14.75,278773
SWSOLAR,20260819,199.9,200.27,195.1,195.99,551559
SYMPHONY,20260819,615.0,620.45,599.95,602.05,80645
SYNCOMF,20260819,15.57,15.71,15.11,15.33,2036352
SYNGENE,20260819,403.5,404.8,395.0,396.85,366481
SYRMA,20260819,1507.9,1514.6,1475.0,1494.8,901426
SYSTMTXC,20260819,58.68,59.16,57.02,58.03,2623
TAALTECH,20260819,4196.2,4331.0,4180.7,4227.7,1635
TAINWALCHM,20260819,214.72,221.45,210.0,218.22,6970
TAJGVK,20260819,345.15,347.25,340.45,344.05,38510
TAKE,20260819,23.48,23.69,22.71,22.89,1213425
TALBROAUTO,20260819,426.95,430.45,420.0,423.05,142451
TAMBOLIIN,20260819,262.0,262.0,252.0,255.04,17591
TANAA,20260819,322.0,322.0,306.5,310.2,4802
TANLA,20260819,578.0,586.15,570.0,571.2,347360
TARACHAND,20260819,48.0,48.1,47.22,47.95,49333
TARAPUR,20260819,15.98,15.98,14.71,15.34,46483
TARC,20260819,121.37,121.88,119.4,119.84,590440
TARIL,20260819,297.0,298.4,290.0,291.25,680935
TARMAT,20260819,55.0,55.9,52.5,52.78,17610
TARSONS,20260819,338.95,346.0,332.55,343.1,366306
TASTYBITE,20260819,10155.0,10544.0,10019.0,10392.0,16670
TATACAP,20260819,363.15,370.0,361.35,365.55,1399819
TATACHEM,20260819,655.0,658.25,633.35,636.3,477491
TATACOMM,20260819,1685.0,1697.8,1652.9,1660.0,284561
TATACONSUM,20260819,1061.1,1071.5,1056.8,1068.0,1241204
TATAELXSI,20260819,3650.0,3675.0,3635.0,3659.7,143684
TATAGOLD,20260819,14.84,14.85,14.51,14.77,32916616
TATAINVEST,20260819,647.0,656.0,643.5,652.9,171234
TATAPOWER,20260819,380.0,380.75,375.05,378.9,3880698
TATASTEEL,20260819,184.16,184.95,182.5,184.0,15509632
TATATECH,20260819,837.9,846.45,805.95,812.55,914308
TATSILV,20260819,22.54,22.54,21.85,21.96,53645390
TATVA,20260819,1692.9,1692.9,1640.0,1647.8,33389
TBOTEK,20260819,1715.0,1732.5,1647.2,1661.4,170567
TBZ,20260819,251.25,253.85,247.5,248.05,306767
TCC,20260819,252.0,258.4,246.3,252.35,35870
TCI,20260819,914.0,919.4,903.0,907.8,24422
TCIEXP,20260819,555.0,555.0,544.0,547.2,12825
TCIFINANCE,20260819,15.3,15.74,14.77,15.38,8181
TCPLPACK,20260819,4234.8,4290.8,4066.0,4094.2,7453
TCS,20260819,2293.6,2308.2,2258.3,2289.0,3368922
TDPOWERSYS,20260819,1580.0,1588.6,1530.1,1545.6,1371248
TEAMGTY,20260819,230.3,235.99,228.01,229.99,10052
TEAMLEASE,20260819,1241.1,1250.9,1226.0,1235.2,8790
TECH,20260819,33.32,34.3,33.07,34.16,28052
TECHM,20260819,1601.5,1610.7,1575.8,1589.8,1752634
TECHNOCRAF,20260819,305.0,322.99,303.1,314.8,4038608
TECHNOE,20260819,1004.7,1013.0,985.45,996.95,244509
TECHNVISN,20260819,5005.2,5262.5,4800.0,5083.8,853
TECILCHEM,20260819,8.75,10.24,8.35,10.24,80792
TEGA,20260819,1735.4,1747.0,1689.6,1726.6,152174
TEJASNET,20260819,520.0,522.95,508.05,509.55,815740
TEMBO,20260819,59.6,60.85,59.1,59.75,1970791
TENNIND,20260819,553.8,559.7,548.15,556.85,1354648
TERASOFT,20260819,355.65,355.65,326.1,329.45,15441
TEXINFRA,20260819,107.51,109.29,106.31,107.46,142722
TEXMOPIPES,20260819,44.9,44.99,44.0,44.38,25648
TEXRAIL,20260819,104.49,105.69,102.1,102.65,1298026
TFCILTD,20260819,125.0,131.99,124.5,131.41,18203710
TFL,20260819,11.1,11.5,11.1,11.41,41490
TGBHOTELS,20260819,9.12,9.43,9.01,9.18,7437
TGVSL,20260819,105.83,106.65,102.5,105.4,330548
THAKDEV,20260819,150.0,150.0,150.0,150.0,63
THANGAMAYL,20260819,5485.0,5544.0,5399.0,5514.5,82597
THEINVEST,20260819,98.0,99.95,97.21,98.18,2009
THEJO,20260819,2174.9,2174.9,2040.0,2124.6,20115
THELEELA,20260819,519.7,541.8,519.65,532.8,1462202
THEMISMED,20260819,107.0,108.7,104.0,104.21,47591
THERMAX,20260819,4073.2,4074.5,3981.0,4025.5,145951
THOMASCOOK,20260819,103.0,106.0,97.3,100.55,759648
THOMASCOTT,20260819,280.95,294.6,277.0,288.8,118303
THYROCARE,20260819,620.0,620.0,577.0,582.5,544224
TI,20260819,581.5,584.9,567.0,573.85,875524
TICL,20260819,9.97,10.0,9.46,9.64,19258
TIGERLOGS,20260819,29.18,29.18,28.26,28.98,479465
TIIL,20260819,3295.8,3309.9,3109.3,3127.5,61366
TIINDIA,20260819,2942.2,2972.0,2898.3,2961.0,696512
TIJARIA,20260819,5.59,6.81,5.59,6.12,378115
TIL,20260819,228.0,231.9,224.0,227.0,124719
TIMETECHNO,20260819,181.5,193.35,179.31,190.89,4541538
TIMEX,20260819,546.05,569.0,537.3,563.0,340374
TIMKEN,20260819,3322.8,3324.0,3201.0,3231.8,50571
TINNARUBR,20260819,1070.0,1078.9,1039.4,1049.4,27404
TIPSFILMS,20260819,332.15,357.0,332.15,349.75,19947
TIPSMUSIC,20260819,657.0,664.0,650.0,651.7,156034
TIRUMALCHM,20260819,150.3,152.0,143.5,144.28,710856
TIRUPATIFL,20260819,63.76,66.0,63.76,64.88,140931
TITAGARH,20260819,841.0,847.2,826.15,831.75,224196
TITAN,20260819,5045.0,5074.8,5038.0,5068.0,412981
TMB,20260819,847.15,847.55,823.6,838.85,172377
TMCV,20260819,470.9,480.0,468.0,478.3,6450490
TMPV,20260819,323.85,324.0,320.2,321.3,5659002
TNIDETF,20260819,91.5,91.5,89.56,90.06,49553
TNPETRO,20260819,113.0,117.35,112.08,113.47,970418
TNPL,20260819,137.45,139.85,136.01,138.69,227301
TNTELE,20260819,9.13,9.13,8.8,8.99,4812
TOKYOPLAST,20260819,77.7,77.7,77.0,77.01,1268
TOLINS,20260819,95.55,97.89,95.02,95.95,40555
TOP100CASE,20260819,10.95,10.95,10.57,10.59,575217
TOP10ADD,20260819,87.77,87.77,85.63,86.76,58489
TOP15IETF,20260819,9.97,9.97,9.88,9.89,98434
TOP20,20260819,8.96,8.96,8.92,8.94,12929
TORNTPHARM,20260819,4979.5,5032.5,4945.5,5013.0,412375
TORNTPOWER,20260819,1272.6,1274.0,1240.9,1243.7,375458
TOTAL,20260819,69.0,73.0,68.56,70.43,33080
TOUCHWOOD,20260819,61.55,62.89,61.5,61.71,1004
TOYAMSL,20260819,0.69,0.69,0.65,0.66,285141
TPHQ,20260819,0.65,0.69,0.61,0.69,23488941
TPLPLASTEH,20260819,78.76,80.0,77.63,78.89,173356
TRACXN,20260819,29.04,29.07,28.0,28.23,160838
TRANSCOR,20260819,24.61,24.98,23.25,24.64,752
TRANSPEK,20260819,1132.8,1189.4,1115.0,1189.4,957
TRANSRAILL,20260819,458.0,462.6,452.2,457.6,356163
TRANSWORLD,20260819,151.0,164.97,151.0,164.97,7845
TRAVELFOOD,20260819,1349.5,1354.2,1318.0,1321.7,29916
TREEHOUSE,20260819,6.02,6.31,5.96,6.08,34167
TREJHARA,20260819,168.0,173.0,161.05,162.56,11556
TREL,20260819,26.92,27.39,26.1,26.86,81879
TRENT,20260819,2942.1,2972.0,2938.0,2953.0,484117
TRF,20260819,233.27,233.27,228.18,229.05,7645
TRIDENT,20260819,24.47,24.98,24.32,24.49,2360339
TRIGYN,20260819,54.6,55.88,54.0,54.7,19779
TRITONV,20260819,1219.3,1219.3,1147.0,1179.7,6965
TRITURBINE,20260819,582.1,585.9,561.05,569.65,813709
TRIVENI,20260819,280.12,291.68,278.11,289.23,1890903
TRU,20260819,4.55,4.55,4.12,4.3,98778
TRUALT,20260819,476.95,479.45,469.85,472.0,86380
TSFINV,20260819,417.35,422.5,414.0,414.7,38917
TTKHLTCARE,20260819,1114.0,1122.9,1088.0,1099.1,12239
TTKPRESTIG,20260819,591.25,599.0,579.6,585.1,65670
TTL,20260819,6.5,6.7,6.31,6.33,159229
TTML,20260819,37.82,37.92,37.44,37.67,1288969
TURTLEMINT,20260819,147.9,148.0,138.0,138.92,1526191
TUTIALKA,20260819,56.8,56.8,52.0,55.62,7079
TVSELECT,20260819,453.15,453.15,436.05,438.95,33945
TVSHLTD,20260819,14097.0,14097.0,13888.0,13946.0,3985
TVSMOTOR,20260819,4380.3,4394.9,4342.1,4361.1,456943
TVSSCS,20260819,122.77,122.84,120.4,120.84,352752
TVSSRICHAK,20260819,4735.9,4924.9,4625.1,4821.8,58859
TVTODAY,20260819,113.55,123.68,112.99,117.41,82230
TVVISION,20260819,3.95,3.95,3.7,3.94,19919
TWCGOLDETF,20260819,152.23,152.23,150.82,151.59,2501
UBL,20260819,1357.9,1372.3,1346.7,1354.8,110559
UCAL,20260819,151.8,151.8,144.2,146.18,73316
UCOBANK,20260819,25.8,25.88,25.65,25.68,1993714
UDAYJEW,20260819,144.5,147.0,140.5,143.8,40375
UDS,20260819,208.52,218.25,208.52,216.63,1179709
UEL,20260819,200.8,200.8,200.8,200.8,4624
UFBL,20260819,768.05,800.0,756.75,779.3,41280
UFLEX,20260819,607.1,635.0,595.0,620.95,1360604
UFO,20260819,67.44,67.44,64.25,64.82,21633
UGARSUGAR,20260819,51.48,53.2,49.85,50.41,1622906
UGROCAP,20260819,90.99,91.54,87.53,88.18,252423
UJJIVANSFB,20260819,72.45,72.97,71.5,71.8,12226495
ULTRACEMCO,20260819,11499.0,11499.0,11396.0,11450.0,251888
ULTRAMAR,20260819,403.8,403.8,390.3,399.05,35462
UMAEXPORTS,20260819,22.66,23.25,22.0,22.49,42597
UMESLTD,20260819,5.86,6.39,5.71,5.8,74662
UMIYA-MRO,20260819,88.32,90.45,87.01,88.55,21000
UNICHEMLAB,20260819,529.9,529.95,509.0,512.9,84321
UNIDT,20260819,221.0,227.49,217.2,220.77,2071
UNIECOM,20260819,88.84,90.0,86.25,86.83,352670
UNIENTER,20260819,98.5,98.98,95.26,95.49,3664
UNIINFO,20260819,11.25,11.75,11.25,11.29,1786
UNIMECH,20260819,1516.2,1516.2,1492.0,1498.4,91249
UNIONBANK,20260819,185.0,187.6,184.9,186.9,7514657
UNIONGOLD,20260819,149.35,149.8,147.9,148.9,1356
UNIPARTS,20260819,830.0,836.85,818.0,820.0,65268
UNITDSPR,20260819,1534.2,1534.2,1512.0,1524.0,263050
UNITECH,20260819,3.99,4.02,3.95,3.95,2624328
UNITEDPOLY,20260819,35.5,35.7,33.45,35.23,174273
UNITEDTEA,20260819,448.7,458.6,446.0,451.65,6094
UNIVASTU,20260819,168.05,173.35,168.05,168.05,38051
UNIVCABLES,20260819,1744.8,1748.6,1645.0,1662.0,185311
UNIVPHOTO,20260819,463.15,466.95,453.05,456.2,252
UNOMINDA,20260819,1274.1,1288.0,1259.0,1272.0,673868
UPL,20260819,559.2,571.4,557.95,568.0,2733671
URAVIDEF,20260819,103.0,105.0,101.0,103.51,6168
URBANCO,20260819,143.69,148.35,143.3,147.83,7114914
URJA,20260819,9.41,9.52,9.23,9.3,454474
USHAMART,20260819,500.15,503.5,492.25,501.55,269629
USK,20260819,22.5,22.5,21.56,21.95,9005
UTIAMC,20260819,894.6,900.0,888.2,892.45,110652
UTKARSHBNK,20260819,14.01,14.02,13.85,13.88,1744447
UTLSOLAR,20260819,472.0,490.0,469.9,483.95,620413
UTTAMSUGAR,20260819,291.7,306.79,286.51,300.99,693578
UYFINCORP,20260819,21.08,21.08,19.55,20.22,177227
V2RETAIL,20260819,219.1,223.25,218.81,220.27,952411
VADILALIND,20260819,7400.0,7590.0,7350.0,7401.5,11509
VADILENT,20260819,10002.0,10100.0,10002.0,10100.0,2
VAIBHAVGBL,20260819,223.0,226.0,220.1,221.0,212103
VAISHALI,20260819,8.2,8.52,8.2,8.25,69396
VAKRANGEE,20260819,5.83,5.83,5.75,5.78,632079
VAL30IETF,20260819,14.9,15.33,14.9,15.19,608697
VALIANTLAB,20260819,95.1,95.1,86.31,91.96,523142
VALIANTORG,20260819,300.05,321.0,295.0,316.55,63373
VALUE,20260819,16.16,16.16,16.02,16.05,7033
VALUEAXIS,20260819,33.15,33.26,32.55,32.6,144398
VAML,20260819,443.0,445.35,435.1,436.2,4568963
VARDHACRLC,20260819,44.13,44.69,43.77,43.98,22354
VARDMNPOLY,20260819,6.4,6.4,6.04,6.12,98207
VARROC,20260819,851.4,852.4,823.55,830.9,174635
VASCONEQ,20260819,30.86,31.3,30.6,30.93,234374
VASWANI,20260819,47.98,48.89,47.51,48.36,17850
VBL,20260819,436.75,439.0,431.85,431.85,2990073
VCL,20260819,1.94,1.94,1.94,1.94,870987
VEDAVAAG,20260819,18.98,19.8,18.27,18.47,36135
VEDL,20260819,264.0,264.7,261.35,262.6,8301777
VEDPOWER,20260819,36.19,36.27,35.73,35.87,9691147
VEEDOL,20260819,1503.3,1563.0,1503.3,1517.8,27759
VELJAN,20260819,1829.3,1829.3,1775.0,1800.6,142
VENKEYS,20260819,1515.2,1522.5,1499.0,1502.2,21382
VENTIVE,20260819,580.0,590.0,579.8,586.75,10101
VENUSPIPES,20260819,1572.2,1590.5,1544.3,1549.4,47761
VENUSREM,20260819,1819.5,1841.9,1760.0,1769.8,17049
VERANDA,20260819,240.0,240.35,232.1,233.7,167410
VERTOZ,20260819,35.3,36.0,34.81,35.84,27266
VESUVIUS,20260819,435.9,435.9,431.8,433.65,26213
VETO,20260819,124.69,124.69,121.06,122.51,34865
VGCL,20260819,56.8,57.92,56.0,57.92,354
VGL,20260819,57.6,59.0,55.35,58.06,21272
VGUARD,20260819,336.35,337.1,330.4,333.35,384575
VHL,20260819,3400.0,3479.1,3400.0,3412.4,156
VHLTD,20260819,129.74,136.22,128.0,133.11,149033
VIDHIING,20260819,330.3,331.7,307.4,315.7,134644
VIDYAWIRES,20260819,88.07,90.79,87.74,88.25,527789
VIJAYA,20260819,1490.0,1505.9,1482.4,1490.0,50795
VIJIFIN,20260819,13.13,13.13,13.13,13.13,77526
VIJSOLX,20260819,703.5,719.9,703.05,706.0,320
VIKASECO,20260819,1.09,1.1,1.08,1.08,1298754
VIKASLIFE,20260819,1.22,1.23,1.2,1.21,1841517
VIKRAMSOLR,20260819,177.95,177.95,170.02,170.84,5004577
VIKRAN,20260819,61.09,61.58,60.3,60.78,1279773
VIMTALABS,20260819,621.2,633.95,617.0,621.65,95900
VINATIORGA,20260819,1346.0,1346.0,1317.6,1326.7,30283
VINCOFE,20260819,147.79,154.95,147.13,152.91,2835221
VINDHYATEL,20260819,2524.9,2525.0,2425.0,2438.8,29601
VINEETLAB,20260819,37.69,37.9,35.71,37.74,107399
VINNY,20260819,1.05,1.06,1.05,1.06,236189
VINYLINDIA,20260819,235.05,241.33,234.0,235.75,8054
VIPCLOTHNG,20260819,20.25,21.0,20.0,20.81,44066
VIPIND,20260819,310.95,312.0,304.5,310.8,144121
VIPULLTD,20260819,15.16,15.16,15.16,15.16,77043
VIRAT,20260819,330.0,338.0,320.0,333.95,1066
VIRINCHI,20260819,15.43,15.5,14.95,15.02,38360
VIRTUALG,20260819,0.43,0.45,0.42,0.43,306406
VISACHROME,20260819,38.65,38.65,37.49,37.78,6979
VISAKAIND,20260819,96.0,97.29,93.0,93.29,205709
VISHAL,20260819,18.34,18.34,18.01,18.06,12802
VISHNU,20260819,640.3,641.4,620.1,622.1,52381
VISHWARAJ,20260819,5.39,5.89,5.39,5.5,1729809
VISL,20260819,37.4,37.54,35.94,36.11,21860325
VITAL,20260819,51.33,52.38,48.81,50.03,4748
VIVIANA,20260819,704.0,704.0,687.55,690.25,8487
VIVIDHA,20260819,0.53,0.59,0.52,0.54,477579
VIVIMEDLAB,20260819,5.55,5.67,5.4,5.67,129453
VIVOBIOT,20260819,18.56,19.28,18.56,19.05,17072
VIYASH,20260819,253.7,275.45,253.4,271.4,7425137
VLEGOV,20260819,9.35,9.35,9.35,9.35,29542
VLSFINANCE,20260819,251.85,255.1,250.0,250.7,15806
VMART,20260819,815.0,815.0,799.7,806.95,31646
VMM,20260819,103.75,104.15,102.5,103.4,4398688
VMSTMT,20260819,48.9,50.4,48.2,48.38,26931
VOEPL,20260819,480.05,504.65,473.0,494.35,99841
VOGL,20260819,37.4,37.66,35.98,36.08,23328252
VOITHPAPR,20260819,1512.0,1512.0,1475.0,1489.0,406
VOLTAMP,20260819,10113.5,10113.5,9950.5,10000.0,9359
VOLTAS,20260819,1250.0,1251.9,1217.0,1223.0,1178662
VPRPL,20260819,35.0,35.39,33.1,33.4,368974
VRAJ,20260819,122.0,122.79,120.0,120.84,5931
VRLLOG,20260819,297.5,299.95,293.5,295.1,85154
VSSL,20260819,361.8,362.9,353.55,358.65,112118
VSTIND,20260819,213.5,213.98,211.0,211.33,168911
VSTL,20260819,107.99,107.99,105.14,106.39,7614
VSTTILLERS,20260819,4495.6,4521.9,4420.0,4442.2,5780
VTL,20260819,603.2,603.6,592.0,596.15,136119
VTMLTD,20260819,46.76,47.5,45.0,46.34,56854
WAAREEENER,20260819,2711.0,2711.8,2660.0,2679.0,438529
WAAREEINDO,20260819,295.0,297.5,291.6,293.15,34526
WAAREERTL,20260819,890.0,890.0,880.0,881.05,65525
WABAG,20260819,1992.9,1995.0,1946.8,1977.3,343516
WAKEFIT,20260819,130.0,134.38,128.5,133.14,1215647
WALCHANNAG,20260819,222.26,226.6,216.52,221.86,1084486
WANBURY,20260819,255.15,271.5,253.0,269.55,395572
WARDINMOBI,20260819,6.32,6.44,6.0,6.32,214500
WATERBASE,20260819,47.2,51.0,45.6,49.21,54472
WCIL,20260819,86.0,87.79,85.41,86.09,88992
WEALTH,20260819,860.3,862.0,843.0,850.95,3716
WEBELSOLAR,20260819,86.93,87.12,82.59,82.72,2436130
WEIZMANIND,20260819,77.0,77.39,75.67,75.9,838
WEL,20260819,146.24,147.9,142.1,146.26,1237922
WELCORP,20260819,1929.2,1984.0,1926.7,1973.9,1215546
WELENT,20260819,575.85,585.8,565.2,579.8,654989
WELINV,20260819,1817.7,1905.0,1790.0,1905.0,30355
WELSPLSOL,20260819,47.5,49.6,46.78,48.28,316504
WELSPUNLIV,20260819,177.5,181.99,172.56,181.24,11674821
WENDT,20260819,8099.5,8128.0,7920.0,7967.5,4119
WESTLIFE,20260819,591.0,591.0,563.5,574.45,159532
WEWIN,20260819,47.4,47.4,46.0,46.55,450
WEWORK,20260819,696.0,697.4,686.0,691.65,68013
WHEELS,20260819,1442.8,1475.0,1411.0,1466.1,102072
WHIRLPOOL,20260819,771.0,773.85,751.0,753.45,271774
WILLAMAGOR,20260819,26.9,26.9,24.0,24.52,8072
WINDLAS,20260819,919.5,1000.6,915.05,964.95,434776
WINDMACHIN,20260819,322.0,322.0,314.0,314.3,82166
WIPL,20260819,160.0,172.9,160.0,168.98,430
WIPRO,20260819,179.06,179.95,178.22,179.55,5964187
WOCKPHARMA,20260819,1855.1,1882.7,1814.4,1826.0,503577
WONDERLA,20260819,474.05,484.95,472.0,480.95,125120
WORTHPERI,20260819,154.75,156.46,152.5,152.59,9789
WPIL,20260819,435.0,455.0,426.35,452.0,228486
WSI,20260819,59.5,61.99,59.0,60.11,53412
WSTCSTPAPR,20260819,617.7,622.0,612.1,615.05,69676
XCHANGING,20260819,62.0,62.47,61.1,61.19,52767
XELPMOC,20260819,81.0,81.0,77.05,77.97,5298
XPROINDIA,20260819,1094.5,1139.6,1084.9,1106.8,175364
XTGLOBAL,20260819,29.55,29.74,28.7,29.02,49273
XTRANET,20260819,173.3,174.3,161.08,169.11,782615
YASHO,20260819,4910.0,4911.2,4411.6,4470.8,167724
YATHARTH,20260819,855.0,861.5,845.0,852.35,149592
YATRA,20260819,116.5,116.5,112.5,113.35,726718
YESBANK,20260819,22.5,22.77,22.42,22.74,49505267
YOGI,20260819,169.96,170.0,158.0,164.0,1270
YUKEN,20260819,900.0,949.7,882.55,937.9,79140
ZAGGLE,20260819,187.4,194.7,180.0,186.04,39149680
ZEEL,20260819,105.31,105.88,101.25,102.22,15207062
ZEELEARN,20260819,7.66,8.0,7.66,7.76,122477
ZEEMEDIA,20260819,9.5,9.5,9.0,9.26,3921012
ZENITHEXPO,20260819,197.45,207.32,197.45,207.32,135
ZENITHSTL,20260819,5.55,5.55,5.32,5.4,105319
ZENSARTECH,20260819,485.2,492.9,476.45,477.85,539098
ZENTEC,20260819,1995.0,2043.7,1921.9,1932.6,997323
ZFCVINDIA,20260819,2665.0,2675.5,2612.0,2616.9,45368
ZFSTEERING,20260819,689.7,689.7,665.0,673.75,3707
ZIMLAB,20260819,114.0,120.0,112.76,118.04,61072
ZODIAC,20260819,253.0,273.9,238.5,245.25,75799
ZODIACLOTH,20260819,74.15,75.5,73.12,74.49,2341
ZOTA,20260819,1095.0,1139.5,1084.1,1114.9,199584
ZSARACOM,20260819,13300.0,13300.0,12431.0,12454.0,56
ZUARI,20260819,225.7,230.0,223.04,225.5,82257
ZUARIIND,20260819,263.5,270.0,261.0,262.1,49949
ZYDUSLIFE,20260819,1115.6,1127.7,1104.5,1104.5,1255247
ZYDUSWELL,20260819,497.0,500.4,491.35,492.7,86155
