SYMBOL,TIMESTAMP,OPEN,HIGH,LOW,CLOSE,VOLUME
20MICRONS,20260825,215.2,215.9,208.0,210.65,149537
21STCENMGM,20260825,43.97,44.62,43.15,43.17,4222
360ONE,20260825,1191.2,1210.0,1186.4,1210.0,539607
3BBLACKBIO,20260825,1261.5,1279.0,1230.1,1262.4,11001
3IINFOLTD,20260825,25.0,25.0,23.51,23.98,421670
3MINDIA,20260825,33800.0,33990.0,33400.0,33695.0,1288
3PLAND,20260825,32.2,32.2,31.53,31.99,2281
5PAISA,20260825,374.8,383.0,369.2,380.65,30476
63MOONS,20260825,799.55,822.0,780.0,782.75,227133
A2ZINFRA,20260825,16.07,16.38,15.85,15.97,368912
AAATECH,20260825,95.0,95.98,91.1,92.04,11730
AADHARHFC,20260825,466.45,477.85,465.0,475.0,541218
AAKASH,20260825,8.85,8.96,8.66,8.8,93840
AAREYDRUGS,20260825,78.11,78.83,74.6,76.91,111186
AARNAV,20260825,32.01,34.0,31.56,33.26,12167
AARON,20260825,139.0,139.38,137.61,138.98,6874
AARTECH,20260825,47.4,47.95,46.7,47.1,22746
AARTIDRUGS,20260825,423.0,426.45,415.8,422.2,119365
AARTIIND,20260825,543.15,551.75,534.2,538.9,1301000
AARTIPHARM,20260825,844.0,851.2,826.6,834.95,387475
AARTISURF,20260825,539.95,560.0,521.55,548.9,17886
AARVI,20260825,152.71,153.54,147.55,150.76,31722
AASTHA,20260825,73.02,75.0,73.0,73.05,312284
AAVAS,20260825,1329.8,1334.9,1310.1,1313.2,92050
ABAN,20260825,16.1,16.1,16.06,16.06,6338
ABANSENT,20260825,27.55,27.9,26.8,27.62,1769
ABB,20260825,7510.0,7627.0,7435.0,7627.0,178245
ABBOTINDIA,20260825,26550.0,26560.0,26180.0,26415.0,10984
ABCAPITAL,20260825,412.2,414.5,405.3,410.85,3953527
ABCOTS,20260825,212.0,212.0,200.1,204.6,6782
ABDL,20260825,615.0,643.9,613.4,633.45,1119810
ABFRL,20260825,54.34,54.64,53.55,54.48,2967447
ABGSEC,20260825,114.87,114.87,114.1,114.48,141
ABINFRA,20260825,12.99,12.99,12.3,12.57,2369281
ABLBL,20260825,85.15,86.0,84.95,85.44,358997
ABMINTLLTD,20260825,56.0,60.99,55.46,60.49,1969
ABMKNO,20260825,188.0,197.0,183.0,192.24,1014
ABREL,20260825,1425.0,1434.4,1401.1,1408.0,118346
ABSL10BANK,20260825,169.52,170.8,169.0,169.79,409
ABSLAMC,20260825,992.6,1007.0,992.6,1001.8,121089
ABSLBANETF,20260825,58.92,59.18,58.63,58.92,203155
ABSLLIQUID,20260825,1000.0,1000.01,999.99,1000.0,1977
ABSLMSCIN,20260825,29.84,29.84,29.65,29.8,4
ABSLNN50ET,20260825,77.99,78.69,77.72,78.69,12099
ABSLPSE,20260825,10.16,10.29,10.12,10.15,106143
ACC,20260825,1301.1,1310.0,1291.0,1305.9,73952
ACCELYA,20260825,1137.1,1142.7,1130.0,1134.8,2637
ACCURACY,20260825,4.51,4.51,4.45,4.5,61696
ACE,20260825,1172.6,1179.0,1150.1,1154.8,166212
ACEINTEG,20260825,17.81,18.63,16.98,17.21,11753
ACGL,20260825,1799.9,1828.8,1789.9,1794.4,102
ACI,20260825,517.0,518.0,484.05,499.25,948451
ACL,20260825,44.6,46.0,44.0,44.3,20682
ACMESOLAR,20260825,404.0,405.85,389.8,399.3,1881116
ACSTECH,20260825,52.49,52.49,50.5,50.96,283434
ACUTAAS,20260825,3189.9,3325.0,3138.0,3313.4,409528
ADANIENSOL,20260825,1554.9,1594.5,1532.0,1594.5,2043772
ADANIENT,20260825,2998.0,3110.0,2962.5,3110.0,2025912
ADANIGREEN,20260825,1294.8,1330.0,1294.8,1330.0,2436191
ADANIPORTS,20260825,1674.0,1702.7,1671.0,1702.7,1300541
ADANIPOWER,20260825,203.06,206.8,201.43,206.33,14258939
ADDIND,20260825,93.99,93.99,82.5,86.89,1138
ADFFOODS,20260825,272.6,283.25,268.2,276.7,161203
ADL,20260825,76.99,76.99,73.65,75.9,757
ADOR,20260825,1625.0,1625.0,1556.1,1580.4,29717
ADROITINFO,20260825,10.79,10.79,10.01,10.1,10061
ADSL,20260825,107.35,108.9,106.0,108.51,63019
ADVAIT,20260825,2085.7,2085.7,2053.0,2061.6,18526
ADVANCE,20260825,117.21,120.5,117.21,119.19,127445
ADVANIHOTR,20260825,50.43,50.8,50.0,50.34,15503
ADVENTHTL,20260825,131.97,145.0,131.1,141.83,1730034
ADVENZYMES,20260825,302.35,304.9,296.1,299.75,215361
ADVIKCA,20260825,1.21,1.23,1.16,1.2,261735
AEGISLOG,20260825,1356.1,1361.2,1311.1,1321.6,571623
AEGISVOPAK,20260825,273.0,273.05,266.1,267.7,352115
AEPL,20260825,14.41,14.83,14.22,14.41,10551
AEQUS,20260825,257.0,258.38,248.3,255.2,1873451
AEROENTER,20260825,140.0,142.0,136.08,140.74,675104
AEROFLEX,20260825,503.0,511.0,489.05,495.75,949113
AERONEU,20260825,82.92,87.0,81.2,84.64,4728
AEROPLANE,20260825,173.06,182.4,173.06,180.39,691459
AETHER,20260825,1666.8,1673.0,1622.2,1633.9,220552
AFCONS,20260825,287.0,290.9,281.45,285.7,3986090
AFFLE,20260825,1735.1,1735.1,1683.4,1710.8,133100
AFFORDABLE,20260825,169.29,169.29,161.11,162.99,10966
AFIL,20260825,10.23,10.23,9.7,9.8,879536
AFSL,20260825,201.96,202.66,201.0,201.0,6605
AGARIND,20260825,485.8,487.75,465.5,471.8,65961
AGARWALEYE,20260825,497.8,502.95,493.0,500.4,113399
AGI,20260825,742.0,757.0,725.3,730.85,203476
AGIIL,20260825,291.0,291.2,280.8,283.0,396981
AGL,20260825,13.92,14.5,13.8,14.07,5444136
AGRITECH,20260825,102.51,102.51,101.0,101.16,759
AGROPHOS,20260825,27.34,27.7,25.7,26.49,34120
AGSTRA,20260825,1.97,2.06,1.92,1.93,190766
AHCL,20260825,15.45,15.45,14.97,15.05,1384779
AHLADA,20260825,37.64,38.16,36.8,37.0,13327
AHLEAST,20260825,142.0,142.0,140.22,140.22,32
AHLUCONT,20260825,649.6,665.0,643.5,651.75,121256
AHLWEST,20260825,535.55,535.6,535.55,535.6,163
AIAENG,20260825,4276.9,4318.9,4245.0,4267.4,24623
AIIL,20260825,554.95,573.3,554.95,566.65,279835
AIRAN,20260825,14.9,15.15,14.9,15.0,31105
AIROLAM,20260825,88.99,89.0,88.95,88.95,1515
AJANTPHARM,20260825,3580.0,3580.0,3500.7,3554.9,116770
AJAXENGG,20260825,576.8,576.8,565.0,570.6,64413
AJMERA,20260825,117.0,119.88,116.7,117.44,184520
AJOONI,20260825,3.75,3.81,3.6,3.62,554802
AKASH,20260825,25.89,25.89,24.38,24.77,4314
AKCAPIT,20260825,1780.0,1780.0,1743.8,1752.8,284
AKG,20260825,8.92,9.25,8.86,8.99,44934
AKI,20260825,4.24,4.28,4.06,4.17,569416
AKSHAR,20260825,0.41,0.42,0.41,0.41,605009
AKSHARCHEM,20260825,333.3,334.29,322.2,333.72,19354
AKSHOPTFBR,20260825,8.0,8.23,7.48,7.48,593284
AKUMS,20260825,776.5,783.0,744.0,745.05,245722
ALANKIT,20260825,8.11,8.2,8.01,8.1,83755
ALBERTDAVD,20260825,895.0,895.0,860.0,867.95,10291
ALEMBICLTD,20260825,92.37,97.0,91.16,94.66,1990793
ALFREDHE,20260825,2985.0,3000.0,2985.0,2985.0,24
ALGOQUANT,20260825,66.37,67.57,65.9,67.13,1229668
ALICON,20260825,727.0,727.25,690.0,697.8,57256
ALIVUS,20260825,1369.0,1370.0,1335.2,1348.4,33422
ALKALI,20260825,67.5,67.53,65.54,67.2,792
ALKEM,20260825,5378.0,5378.0,5297.0,5368.0,48065
ALKYLAMINE,20260825,2055.0,2100.5,2022.1,2061.5,101592
ALLCARGO,20260825,13.32,13.32,12.0,12.26,47066996
ALLDIGI,20260825,818.9,818.9,806.1,814.85,3045
ALLTIME,20260825,201.29,209.84,197.13,204.62,152131
ALMONDZ,20260825,14.2,15.5,14.2,15.25,701633
ALOKINDS,20260825,11.43,11.64,11.23,11.29,4447573
ALPA,20260825,63.6,63.6,61.5,62.09,4708
ALPHA,20260825,54.39,54.68,54.03,54.61,553469
ALPHAETF,20260825,26.96,27.2,26.87,27.17,492963
ALPHAGEO,20260825,319.0,324.99,310.05,317.14,9487
ALPINETEX,20260825,56.94,57.29,55.55,55.84,135275
ALPL30IETF,20260825,28.07,28.15,27.98,28.1,255723
ALUFLUOR,20260825,457.9,458.6,451.0,452.0,4291
AMAGI,20260825,585.8,590.9,549.9,581.35,255641
AMAL,20260825,761.1,789.7,750.05,754.5,6381
AMANTA,20260825,200.0,202.0,194.92,194.92,77385
AMARJOTHI,20260825,158.61,165.0,157.0,160.05,1788
AMBALALSA,20260825,43.89,45.9,43.25,43.79,51920
AMBER,20260825,7307.5,7445.0,7307.5,7432.0,170338
AMBICAAGAR,20260825,24.75,25.6,24.43,25.42,8821
AMBIKCO,20260825,1666.8,1677.6,1604.5,1629.7,15414
AMBUJACEM,20260825,408.0,413.1,405.0,413.1,1476314
AMDIND,20260825,52.49,54.7,52.49,53.47,5689
AMJLAND,20260825,38.99,39.25,38.01,38.32,15242
AMNPLST,20260825,187.01,192.0,185.35,187.73,3079
AMRUTANJAN,20260825,524.9,536.05,520.1,523.2,128011
ANANDRATHI,20260825,2170.0,2173.0,2151.3,2164.4,138326
ANANTRAJ,20260825,614.0,616.4,609.0,613.15,821262
ANDHRAPAP,20260825,60.99,61.49,59.33,59.66,157602
ANDHRSUGAR,20260825,99.86,100.39,97.5,97.74,489160
ANDREWYU,20260825,26.11,26.9,26.11,26.76,63676
ANGELONE,20260825,286.8,301.55,284.0,300.9,10825633
ANIKINDS,20260825,46.2,48.49,46.0,46.53,42656
ANKITMETAL,20260825,1.8,1.8,1.8,1.8,26500
ANMOL,20260825,10.04,10.15,9.86,10.09,61511
ANNAPURNA,20260825,152.0,158.0,146.55,148.65,95753
ANSALAPI,20260825,3.35,3.41,3.34,3.36,17477
ANSALBU,20260825,74.97,75.0,74.0,74.0,5001
ANTELOPUS,20260825,793.55,798.4,780.35,786.6,63120
ANTGRAPHIC,20260825,0.75,0.75,0.73,0.73,121406
ANTHEM,20260825,888.95,895.0,871.0,874.7,317840
ANUHPHR,20260825,79.29,79.29,77.01,77.27,20147
ANUP,20260825,1794.1,1810.0,1769.1,1772.4,17269
ANURAS,20260825,1265.7,1266.3,1251.3,1264.6,223832
AONEGOLD,20260825,15.25,15.25,14.89,14.99,745441
AONELIQUID,20260825,1074.2,1074.2,1074.18,1074.18,20114
AONENIFTY,20260825,10.23,10.23,9.91,10.02,173078
AONESILVER,20260825,9.23,9.23,9.02,9.14,391206
AONETMMQ50,20260825,10.18,10.56,10.18,10.44,39259
AONETOTAL,20260825,11.99,12.08,11.75,12.02,109890
APARINDS,20260825,16705.0,17170.0,16705.0,17001.0,145435
APCL,20260825,104.6,104.6,101.5,101.64,2080
APCOTEXIND,20260825,626.0,626.0,613.4,617.25,58055
APEX,20260825,397.0,397.75,387.0,389.1,155392
APLAPOLLO,20260825,2145.0,2151.8,2124.0,2139.3,612263
APLLTD,20260825,816.9,820.0,801.05,803.1,37809
APOLLO,20260825,386.2,390.35,381.5,389.65,5272746
APOLLOHOSP,20260825,8663.0,8889.0,8640.0,8889.0,256819
APOLLOPIPE,20260825,609.25,668.8,605.1,663.75,2312376
APOLLOTYRE,20260825,447.0,447.15,440.0,441.4,473677
APOLSINHOT,20260825,1201.4,1216.3,1189.2,1210.2,868
APTECHT,20260825,91.1,92.0,90.1,90.95,58516
APTUS,20260825,254.0,258.7,250.75,254.4,5103135
AQYLON,20260825,26.0,26.5,25.2,25.2,2759505
ARCHIDPLY,20260825,116.5,124.78,112.5,114.33,517060
ARCHIES,20260825,13.74,13.74,13.05,13.4,17275
ARCL,20260825,229.0,229.0,222.3,225.95,358
ARDEE,20260825,59.8,61.85,56.0,56.99,12659023
ARE&M,20260825,922.8,927.95,918.0,920.85,244774
ARENTERP,20260825,36.6,38.0,36.03,36.48,1764
ARFIN,20260825,83.98,84.95,83.61,84.52,871564
ARIES,20260825,462.25,462.25,433.0,446.75,19980
ARIHANT,20260825,1018.5,1019.4,962.6,971.9,5562
ARIHANTCAP,20260825,75.58,81.0,75.58,78.19,611755
ARIHANTSUP,20260825,252.95,253.55,250.0,250.0,654
ARIS,20260825,146.1,146.1,142.1,144.26,1165184
ARKADE,20260825,130.6,131.79,125.0,126.35,365011
ARMANFIN,20260825,1950.0,1960.4,1872.0,1907.8,68058
AROGRANITE,20260825,24.75,25.32,24.36,24.76,2105
ARROWGREEN,20260825,690.0,719.3,680.25,710.5,19986
ARSHIYA,20260825,0.93,0.94,0.88,0.89,291337
ARSSBL,20260825,526.0,546.05,521.15,537.35,352745
ARTEMISMED,20260825,327.8,329.95,320.2,323.7,193504
ARTNIRMAN,20260825,40.57,42.0,40.06,40.15,2305
ARVEE,20260825,162.0,184.99,162.0,182.05,34993
ARVIND,20260825,525.0,540.9,524.9,539.3,1077722
ARVINDFASN,20260825,442.95,443.95,434.95,438.0,75563
ARVSMART,20260825,698.55,699.95,681.0,683.75,52859
ARYAMAN,20260825,605.15,630.0,605.15,625.05,789
ASAHIINDIA,20260825,963.0,966.7,945.0,955.9,114291
ASAHISONG,20260825,373.0,373.0,365.6,369.7,3462
ASAL,20260825,493.8,500.4,486.25,489.75,17271
ASALCBR,20260825,725.35,731.5,720.0,722.55,14075
ASHAPURMIN,20260825,585.0,588.45,568.5,570.5,570382
ASHIANA,20260825,365.0,368.2,362.0,365.25,21656
ASHIKAG,20260825,436.4,436.4,423.0,428.75,25976
ASHIMASYN,20260825,18.55,19.2,18.14,18.25,128155
ASHOKA,20260825,113.2,114.5,112.53,114.01,507744
ASHOKAMET,20260825,14.0,14.3,13.11,13.92,18986
ASHOKLEY,20260825,172.36,174.69,171.58,174.69,8635802
ASIANENE,20260825,466.9,470.0,448.6,451.4,242050
ASIANHOTNR,20260825,301.95,301.95,294.25,299.35,4731
ASIANPAINT,20260825,2631.0,2640.0,2605.2,2639.8,479480
ASIANTILES,20260825,46.26,46.69,45.51,46.37,2829146
ASIANTNE,20260825,9.9,9.9,9.3,9.59,3298
ASKAUTOLTD,20260825,613.0,615.95,598.85,605.2,452810
ASMS,20260825,7.02,7.02,6.95,6.95,119138
ASPINWALL,20260825,260.0,265.9,259.9,260.61,4020
ASTAR,20260825,590.0,600.0,570.0,600.0,123
ASTEC,20260825,590.0,608.9,584.25,597.25,21963
ASTERDM,20260825,752.0,767.0,752.0,765.25,1997998
ASTRAL,20260825,1524.6,1544.7,1519.0,1540.0,565330
ASTRAMICRO,20260825,1676.5,1726.9,1676.5,1708.0,429429
ASTRAZEN,20260825,7264.0,7275.0,7110.0,7146.0,15334
ASTRON,20260825,3.02,3.05,2.89,2.95,37400
ATALREAL,20260825,33.55,34.85,33.45,34.06,8739787
ATAM,20260825,55.55,56.38,54.9,55.49,9364
ATGL,20260825,639.6,644.95,635.45,640.25,483227
ATHERENERG,20260825,1454.8,1467.7,1430.0,1439.4,1064648
ATL,20260825,27.49,27.99,26.72,27.16,319637
ATLANTAA,20260825,38.7,38.7,37.51,37.79,23305
ATLANTAELE,20260825,1801.0,1812.0,1712.6,1719.6,120669
ATLASCYCLE,20260825,96.67,99.45,95.81,97.1,817
ATUL,20260825,6425.0,6510.0,6386.5,6492.5,30738
ATULAUTO,20260825,488.95,488.95,480.55,485.95,84857
AUBANK,20260825,1114.0,1144.1,1105.1,1128.6,5688015
AURIONPRO,20260825,709.0,715.05,690.05,711.35,201399
AUROPHARMA,20260825,1604.1,1623.8,1598.8,1617.8,589518
AURUM,20260825,232.0,237.0,230.38,236.46,140550
AURUS,20260825,4.74,4.74,4.48,4.59,16685
AUSOMENT,20260825,149.98,151.0,146.0,147.59,5315
AUSTENG,20260825,127.0,128.99,122.75,123.17,336
AUTOAXLES,20260825,1743.8,1752.3,1715.2,1731.2,5745
AUTOBEES,20260825,305.02,305.02,299.11,302.0,174214
AUTOIETF,20260825,30.12,30.36,29.99,30.22,462586
AUTOIND,20260825,89.1,91.14,87.41,89.47,152853
AVADHSUGAR,20260825,809.0,829.5,788.45,806.15,352766
AVALON,20260825,2119.4,2151.7,2077.0,2111.5,200866
AVANCE,20260825,0.9,0.9,0.88,0.88,3142695
AVANTEL,20260825,158.0,159.33,157.5,157.78,450556
AVANTIFEED,20260825,853.45,861.3,841.0,843.9,147810
AVG,20260825,187.99,187.99,183.0,186.35,4754
AVL,20260825,585.0,587.0,573.0,574.9,178965
AVONMORE,20260825,13.79,13.8,13.3,13.44,233097
AVROIND,20260825,9.15,9.6,8.95,9.14,511483
AVTNPL,20260825,87.6,89.5,86.1,87.17,184728
AWFIS,20260825,279.05,284.0,271.35,272.55,310975
AWHCL,20260825,378.0,386.8,377.35,379.55,47069
AWL,20260825,194.0,204.82,192.98,200.64,16360851
AXISBANK,20260825,1236.1,1240.5,1229.8,1235.0,3606504
AXISCADES,20260825,1564.8,1615.0,1557.8,1604.1,130984
AXITA,20260825,8.05,8.3,7.8,7.98,2172120
AXTEL,20260825,406.3,418.9,406.0,416.4,1452
AYE,20260825,168.86,177.9,164.28,172.84,2001332
AYMSYNTEX,20260825,248.0,260.0,248.0,254.6,21209
AZAD,20260825,2791.0,2916.9,2791.0,2804.5,738435
AZADIND,20260825,91.0,92.06,90.56,90.71,25897
BAFNAPH,20260825,255.0,267.25,255.0,267.25,10741
BAGFILMS,20260825,4.46,4.53,4.18,4.38,222152
BAIDFIN,20260825,9.74,9.88,9.6,9.7,29473
BAJAJ-AUTO,20260825,11800.0,11927.0,11722.0,11927.0,159272
BAJAJCON,20260825,468.8,481.8,453.7,455.05,939360
BAJAJELEC,20260825,342.3,345.8,332.65,334.35,384533
BAJAJFINSV,20260825,2004.9,2011.7,1985.0,2004.0,410121
BAJAJHCARE,20260825,324.9,324.9,319.05,320.1,40621
BAJAJHFL,20260825,84.0,84.33,83.78,84.02,1822737
BAJAJHIND,20260825,24.1,24.35,22.2,22.81,113245372
BAJAJHLDNG,20260825,11120.0,11290.0,10811.0,11290.0,64609
BAJAJINDEF,20260825,219.9,249.0,215.0,225.93,193789
BAJAJST,20260825,350.55,359.1,350.55,356.85,6924
BAJEL,20260825,190.8,190.8,187.2,188.0,66495
BAJFINANCE,20260825,1077.0,1087.4,1066.3,1087.4,2770499
BALAJEE,20260825,27.0,27.0,26.26,26.4,14264
BALAJITELE,20260825,96.37,97.15,94.18,95.09,153988
BALAMINES,20260825,2241.6,2390.0,2205.3,2343.6,600325
BALAXI,20260825,23.35,23.35,22.31,22.83,10635
BALKRISHNA,20260825,17.45,17.8,17.1,17.21,27160
BALKRISIND,20260825,2379.4,2379.4,2311.0,2366.3,237695
BALMLAWRIE,20260825,176.1,176.89,174.81,175.16,68298
BALPHARMA,20260825,86.99,86.99,85.07,85.22,4675
BALRAMCHIN,20260825,686.55,703.1,663.3,668.1,5009522
BALUFORGE,20260825,622.75,626.8,607.0,609.6,2738438
BANARBEADS,20260825,112.67,114.71,110.15,110.52,2387
BANARISUG,20260825,3965.1,3965.1,3882.2,3899.9,3615
BANCOINDIA,20260825,623.8,625.65,609.9,616.75,164040
BANDHANBNK,20260825,174.4,175.47,172.45,173.5,4336723
BANG,20260825,35.0,36.3,32.77,34.71,690961
BANK10ADD,20260825,16.84,17.55,16.84,16.89,38105
BANK10BETF,20260825,20.85,21.54,20.69,20.88,941
BANKA,20260825,81.9,81.9,79.1,79.9,1432
BANKADD,20260825,58.77,59.1,58.67,58.85,2400
BANKBARODA,20260825,241.5,242.9,239.9,241.0,11320890
BANKBEES,20260825,597.98,597.99,593.01,595.07,557898
BANKBETA,20260825,59.08,59.72,59.08,59.44,225583
BANKBETF,20260825,58.38,58.72,58.17,58.36,3236
BANKETF,20260825,584.21,587.64,584.21,586.5,75025
BANKIETF,20260825,58.9,59.25,58.85,59.02,1520209
BANKINDIA,20260825,141.43,143.99,140.9,143.99,6580120
BANKNIFTY1,20260825,61.01,61.01,59.45,59.61,16563254
BANKPSU,20260825,86.29,86.94,86.08,86.92,9931
BANSALWIRE,20260825,319.2,322.25,315.6,318.15,65662
BANSWRAS,20260825,121.64,123.49,118.5,119.58,19160
BASF,20260825,3904.5,3909.0,3841.0,3872.2,16102
BASML,20260825,25.01,25.71,25.01,25.2,12525
BATAINDIA,20260825,686.25,689.35,680.8,684.7,111675
BATLIBOI,20260825,87.5,88.5,85.3,86.13,20769
BAYERCROP,20260825,4049.0,4095.8,4030.5,4089.5,20364
BBETF0432,20260825,1349.36,1351.99,1343.15,1347.05,1556
BBL,20260825,2384.9,2393.6,2329.2,2348.7,21847
BBNPNBETF,20260825,58.12,59.72,57.68,59.72,6080
BBNPPGOLD,20260825,156.05,156.95,154.1,155.35,5765
BBOX,20260825,756.0,762.85,744.0,746.9,227896
BBTC,20260825,1424.0,1430.0,1419.2,1422.4,15971
BBTCL,20260825,239.95,240.0,233.2,235.77,5177
BCG,20260825,9.07,9.15,9.05,9.09,3569325
BCLIND,20260825,37.98,38.3,37.42,37.71,716112
BCONCEPTS,20260825,162.94,162.94,155.0,159.63,20773
BCPL,20260825,70.6,70.6,69.0,69.84,5847
BDL,20260825,1363.0,1393.7,1352.0,1359.9,2155826
BEARDSELL,20260825,25.96,27.0,25.73,26.79,24345
BECTORFOOD,20260825,258.7,258.8,250.0,250.89,631876
BEDMUTHA,20260825,109.05,109.05,104.0,108.12,6336
BEEKAY,20260825,435.0,438.0,426.2,434.35,1905
BEL,20260825,407.0,413.25,405.95,413.25,9410099
BELLACASA,20260825,229.0,230.47,216.0,223.36,18153
BELRISE,20260825,229.2,231.1,227.2,227.95,1815539
BEML,20260825,1926.0,1977.0,1902.6,1923.0,362954
BENARAS,20260825,10300.0,10300.0,10201.0,10201.0,33
BENGALASM,20260825,6170.0,6170.0,6150.5,6165.0,32
BEPL,20260825,126.5,131.5,125.21,129.62,4645166
BERGEPAINT,20260825,515.5,517.4,508.0,509.85,210006
BESTAGRO,20260825,17.86,18.16,17.47,17.69,471922
BETA,20260825,2307.0,2319.5,2251.0,2287.2,9982
BFINVEST,20260825,451.0,451.0,446.35,448.95,8250
BFSI,20260825,27.16,27.35,27.14,27.27,330438
BFUTILITIE,20260825,515.0,521.9,515.0,519.9,24380
BGRENERGY,20260825,232.5,244.75,230.05,244.75,76431
BHAGCHEM,20260825,283.0,289.9,280.0,287.2,41915
BHAGERIA,20260825,227.0,233.0,218.0,222.19,106368
BHAGYANGR,20260825,392.0,394.3,380.4,383.3,54521
BHANDARI,20260825,3.1,3.1,3.03,3.04,61811
BHARATCOAL,20260825,34.8,34.89,34.14,34.35,4854950
BHARATFORG,20260825,2040.5,2052.5,2026.0,2052.5,559434
BHARATGEAR,20260825,102.0,104.52,101.05,104.02,8135
BHARATRAS,20260825,1275.2,1298.8,1269.0,1273.2,9935
BHARATSE,20260825,224.45,225.0,220.15,222.27,137370
BHARATWIRE,20260825,185.79,191.0,185.19,189.25,75622
BHARTIARTL,20260825,1926.0,1947.0,1923.4,1947.0,3820206
BHARTIHEXA,20260825,1594.8,1611.3,1587.3,1592.9,56186
BHEL,20260825,410.8,417.0,408.15,417.0,4652600
BI,20260825,97.64,97.64,90.63,94.39,59397
BIGBLOC,20260825,43.0,43.98,43.0,43.73,21650
BIKAJI,20260825,602.95,605.0,598.1,599.8,106743
BIL,20260825,846.6,850.0,840.0,845.75,8250
BILVYAPAR,20260825,4.22,4.4,4.22,4.25,8800
BIMETAL,20260825,619.75,625.0,604.0,623.05,464
BIOCON,20260825,410.9,417.2,407.0,417.2,3087232
BIOFILCHEM,20260825,32.34,33.98,31.46,32.06,424640
BIRLACABLE,20260825,271.0,271.0,262.0,266.11,64742
BIRLACORPN,20260825,889.05,890.95,878.0,880.1,27511
BIRLAMONEY,20260825,127.95,128.19,125.18,127.3,23814
BIRLANU,20260825,1503.2,1542.5,1502.5,1529.2,9311
BIRLAPREC,20260825,45.07,45.99,43.32,44.07,587954
BLACKBUCK,20260825,601.0,605.95,596.2,601.25,355284
BLACKROSE,20260825,116.5,117.97,113.1,114.68,19102
BLAL,20260825,169.83,169.83,166.91,167.0,27147
BLBLIMITED,20260825,15.71,16.3,15.71,16.03,383957
BLEL,20260825,463.75,474.55,441.3,450.3,2752275
BLIL,20260825,72.47,72.47,71.5,71.9,52679
BLISSGVS,20260825,563.0,569.5,546.8,561.5,220471
BLKASHYAP,20260825,52.45,53.25,51.89,52.45,188829
BLS,20260825,243.99,246.96,234.51,243.32,8461840
BLSE,20260825,315.0,318.0,310.75,312.1,241258
BLUECHIP,20260825,2.02,2.02,2.02,2.02,9084
BLUECLOUDS,20260825,23.99,23.99,22.1,22.28,2393447
BLUECOAST,20260825,22.98,22.98,22.4,22.4,1149
BLUEDART,20260825,5053.5,5079.0,4980.0,4994.5,7372
BLUEJET,20260825,590.0,595.15,583.5,589.15,314126
BLUESTARCO,20260825,1504.0,1516.0,1493.7,1515.0,337829
BLUESTONE,20260825,817.0,825.9,805.15,810.65,407155
BLUSPRING,20260825,133.67,134.79,122.51,126.83,817693
BMWVENTLTD,20260825,57.05,58.4,56.75,56.97,78445
BNAGROCHEM,20260825,235.05,239.9,227.1,229.8,15584
BNKETFAXIS,20260825,593.7,594.44,590.62,592.0,313
BODALCHEM,20260825,87.05,87.05,83.01,87.05,1395471
BOHRAIND,20260825,14.92,14.92,13.6,13.73,35661
BOMDYEING,20260825,110.7,111.66,109.21,110.26,416247
BONLON,20260825,40.05,40.96,38.99,40.06,91480
BORANA,20260825,305.6,312.5,303.35,306.95,19751
BOROLTD,20260825,253.0,289.0,253.0,261.45,18593567
BORORENEW,20260825,538.0,546.05,526.3,529.05,416936
BOROSCI,20260825,126.29,129.75,124.25,125.47,109338
BOSCH-HCIL,20260825,1686.0,1689.4,1644.0,1664.8,33644
BOSCHLTD,20260825,48110.0,48680.0,47790.0,48680.0,27786
BPCL,20260825,312.05,319.75,311.1,318.1,6592471
BPL,20260825,49.99,51.69,49.01,50.22,84711
BPLPHARMA,20260825,1499.9,1499.9,1410.8,1472.4,1334
BRAHMINFRA,20260825,159.0,159.0,152.97,156.14,19977
BRIGADE,20260825,659.4,671.0,643.3,660.9,804919
BRIGHOTEL,20260825,61.1,62.92,58.75,59.35,989297
BRIGHTBR,20260825,260.0,260.0,253.0,253.0,3019
BRITANNIA,20260825,5310.5,5382.5,5286.0,5382.5,361146
BRNL,20260825,17.55,17.55,17.0,17.3,9183
BROOKS,20260825,61.65,62.0,60.56,61.83,11626
BSE,20260825,3315.0,3324.0,3285.3,3303.0,2216219
BSE500IETF,20260825,39.51,40.14,39.51,39.78,399935
BSHSL,20260825,88.7,89.19,86.0,88.6,3089
BSL,20260825,126.0,128.45,121.0,122.04,8189
BSLGOLDETF,20260825,141.35,141.95,140.82,141.41,2482465
BSLNIFTY,20260825,29.12,29.12,28.28,28.54,786598
BSLSENETFG,20260825,77.79,78.95,77.61,78.14,1445
BSOFT,20260825,299.15,302.45,289.1,291.0,1232832
BTML,20260825,7.83,9.06,7.75,8.96,2508920
BTTL,20260825,44.5,45.5,44.0,45.43,1112
BUILDPRO,20260825,1244.0,1264.5,1200.0,1241.3,94849
BURNPUR,20260825,12.5,13.6,12.15,12.15,381146
BUTTERFLY,20260825,648.2,648.45,631.55,632.7,12024
BVCL,20260825,41.21,44.4,41.21,42.81,244547
BYKE,20260825,31.25,32.0,30.6,31.51,43720
CALSOFT,20260825,30.67,30.67,30.67,30.67,105597
CAMLINFINE,20260825,107.85,107.85,105.11,106.45,412578
CAMPUS,20260825,228.55,228.65,224.9,226.08,351888
CAMS,20260825,752.0,752.75,742.3,749.95,811311
CANBK,20260825,127.23,128.81,126.25,128.81,14786516
CANFINHOME,20260825,812.0,816.8,802.8,805.4,173234
CANHLIFE,20260825,154.8,155.38,152.0,152.2,265914
CANTABIL,20260825,243.6,246.6,242.81,245.14,52496
CAPACITE,20260825,219.0,231.7,218.33,223.38,935636
CAPILLARY,20260825,504.3,512.0,497.15,510.4,123921
CAPITALSFB,20260825,287.5,289.6,285.25,288.05,11608
CAPLIPOINT,20260825,2506.9,2516.8,2459.8,2471.8,50538
CAPTRUST,20260825,20.0,20.59,19.32,20.11,22267
CARBORUNIV,20260825,1118.1,1129.3,1100.7,1106.7,210305
CARERATING,20260825,1614.0,1623.0,1590.2,1618.6,74984
CARRARO,20260825,534.45,537.3,526.45,532.15,40266
CARTRADE,20260825,3138.6,3175.0,3020.0,3144.8,418313
CARYSIL,20260825,1155.0,1160.1,1135.2,1145.2,47079
CASHIETF,20260825,1076.89,1076.89,1076.87,1076.87,124527
CASTROLIND,20260825,187.04,188.0,186.25,186.88,1139927
CCAVENUE,20260825,15.03,15.18,14.91,15.06,6372614
CCCL,20260825,15.25,15.25,14.96,15.04,199696
CCHHL,20260825,12.95,13.0,12.5,12.55,19241
CCL,20260825,1085.0,1104.7,1078.5,1099.0,167716
CDSL,20260825,1382.2,1400.2,1375.2,1394.8,997537
CEATLTD,20260825,3565.1,3565.8,3506.0,3532.9,35657
CEIGALL,20260825,333.0,338.7,321.55,324.35,1219258
CEINSYS,20260825,723.95,736.95,714.1,722.4,48920
CELEBRITY,20260825,6.9,6.94,6.67,6.89,7121
CELLO,20260825,356.6,358.5,353.0,354.5,145044
CEMNTGROWW,20260825,15.08,15.08,14.65,14.84,170662
CEMPRO,20260825,1265.9,1296.0,1257.1,1279.9,96056
CENTENKA,20260825,552.85,557.75,549.5,552.0,30350
CENTEXT,20260825,22.8,22.89,21.96,22.18,200011
CENTRALBK,20260825,31.09,31.57,30.65,30.73,13909555
CENTRUM,20260825,23.16,23.54,23.16,23.26,157335
CENTUM,20260825,3359.5,3384.9,3255.1,3274.8,36018
CENTURYPLY,20260825,744.95,760.9,737.0,757.55,59173
CERA,20260825,5799.5,5925.0,5752.0,5819.0,10261
CEREBRAINT,20260825,2.71,2.92,2.68,2.71,109508
CESC,20260825,155.5,155.5,152.86,154.0,1286177
CEWATER,20260825,253.5,271.4,251.95,265.45,219284
CFEL,20260825,31.0,31.6,30.01,30.06,6212
CGCL,20260825,235.49,247.89,233.65,239.67,11815103
CGPOWER,20260825,873.1,882.5,867.0,878.5,1629938
CGVAK,20260825,152.69,152.69,147.52,148.8,2656
CHALET,20260825,871.35,905.0,860.55,894.05,1031889
CHAMBLFERT,20260825,434.8,446.9,425.1,427.6,2511636
CHEMBOND,20260825,178.45,178.45,170.0,170.5,3324
CHEMBONDCH,20260825,277.99,278.25,263.55,267.41,24279
CHEMCON,20260825,194.0,200.0,194.0,198.82,38109
CHEMCRUX,20260825,85.72,86.28,84.0,84.84,2592
CHEMFAB,20260825,380.0,380.0,362.05,364.85,2155
CHEMICAL,20260825,30.06,30.34,29.94,30.18,356043
CHEMPLASTS,20260825,178.33,179.48,177.1,177.82,79493
CHENNPETRO,20260825,1420.0,1420.0,1389.6,1401.2,581107
CHEVIOT,20260825,1162.3,1163.7,1150.1,1155.4,479
CHOICEGOLD,20260825,159.96,160.12,158.2,159.38,15946
CHOICEIN,20260825,797.95,801.75,786.6,788.75,358035
CHOLAFIN,20260825,1837.3,1873.0,1821.1,1873.0,428763
CHOLAHLDNG,20260825,1542.1,1555.2,1530.2,1548.6,68030
CIEINDIA,20260825,403.0,403.0,392.55,395.95,382862
CIFL,20260825,20.41,20.9,20.41,20.87,12964
CINELINE,20260825,88.0,91.46,88.0,90.35,43766
CINEVISTA,20260825,14.95,14.95,13.98,14.37,9766
CIPLA,20260825,1435.9,1435.9,1411.1,1422.0,799235
CLCIND,20260825,48.0,49.0,48.0,48.02,3025
CLEAN,20260825,830.95,832.0,816.05,821.9,184542
CLEANMAX,20260825,1262.8,1262.8,1225.0,1233.7,110558
CLEDUCATE,20260825,62.96,64.99,62.6,63.63,12290
CLSEL,20260825,318.0,324.8,308.0,319.05,600906
CMLL,20260825,532.0,535.45,514.0,517.25,245604
CMPDI,20260825,236.0,238.25,232.1,233.32,861505
CMRGREEN,20260825,223.28,223.28,215.1,217.92,597043
CMSINFO,20260825,248.0,248.6,243.25,244.85,470186
CNL,20260825,1210.5,1250.0,1168.5,1186.9,24639
COALINDIA,20260825,408.0,408.0,401.1,404.0,8450049
COASTCORP,20260825,41.33,41.46,40.21,40.45,81139
COCHINSHIP,20260825,1515.0,1524.4,1503.0,1518.5,973455
COCKERILL,20260825,8079.0,8143.0,7856.0,7889.5,5112
COFFEEDAY,20260825,29.0,30.5,28.6,30.18,477334
COFORGE,20260825,1885.3,1899.9,1870.0,1892.8,1288356
COHANCE,20260825,449.75,450.0,441.0,445.4,635089
COLPAL,20260825,1878.0,1878.5,1861.4,1876.8,193846
COMFINTE,20260825,6.09,6.21,6.05,6.08,129643
COMMOIETF,20260825,100.55,100.55,99.53,99.99,49260
COMPEAU,20260825,360.0,360.0,349.1,351.5,763
COMPINFO,20260825,1.06,1.14,1.06,1.11,7053
COMPUSOFT,20260825,13.29,13.29,13.08,13.19,12178
COMSYN,20260825,290.9,291.9,285.01,287.68,25700
CONCOR,20260825,518.4,518.4,511.3,516.0,559738
CONCORDBIO,20260825,1557.0,1560.0,1523.2,1548.0,53615
CONFIPET,20260825,73.45,78.42,71.6,77.85,8227545
CONS,20260825,12.47,12.54,12.31,12.38,7843
CONSOFINVT,20260825,272.0,275.45,272.0,274.75,979
CONSUMAXIS,20260825,123.69,125.0,123.45,125.0,1774
CONSUMBEES,20260825,134.38,134.5,133.29,134.3,60666
CONSUMER,20260825,12.3,12.44,12.27,12.39,111707
CONSUMIETF,20260825,126.0,126.0,124.04,124.89,11266
CONTROLPR,20260825,600.0,608.55,593.05,605.2,20484
CORALFINAC,20260825,34.4,34.71,33.14,34.12,118953
CORDELIA,20260825,102.0,107.5,100.95,104.45,4673297
CORDSCABLE,20260825,259.8,259.8,244.0,247.52,58557
COROMANDEL,20260825,1926.6,1931.9,1896.3,1913.6,470177
CORONA,20260825,2149.2,2150.1,2093.0,2097.3,14193
COSMOFIRST,20260825,905.0,935.0,905.0,930.65,78279
COUNCODOS,20260825,6.75,6.95,6.46,6.86,161765
CPCAP,20260825,120.58,122.9,116.5,120.72,20388
CPEDU,20260825,191.17,191.99,175.1,178.04,17102
CPL,20260825,65.3,67.67,64.5,67.21,145250
CPPLUS,20260825,3434.8,3455.0,3330.1,3393.5,219200
CPSEETF,20260825,94.07,94.69,93.42,93.78,513537
CRAFTSMAN,20260825,10594.0,10594.0,10350.0,10375.0,20205
CRAMC,20260825,259.0,261.7,255.0,256.55,356727
CRAVATEX,20260825,340.0,345.0,339.0,345.0,46
CREATIVEYE,20260825,6.11,6.5,6.11,6.15,6831
CREDITACC,20260825,1440.0,1444.8,1404.0,1415.5,344584
CREST,20260825,371.0,371.0,356.2,358.7,2714
CRISIL,20260825,4462.1,4520.0,4437.0,4480.0,18922
CRIZAC,20260825,174.9,180.0,172.5,177.08,200787
CROMPTON,20260825,244.35,246.15,241.25,243.0,3723358
CROWN,20260825,105.4,106.0,102.3,104.31,12021
CRSL,20260825,2.76,2.76,2.76,2.76,328890
CSBBANK,20260825,332.0,342.85,329.15,339.35,855147
CSLFINANCE,20260825,225.27,236.77,225.1,229.48,79562
CSM,20260825,98.0,98.5,97.25,97.56,58968
CTE,20260825,53.5,53.99,49.4,49.4,84448
CUB,20260825,213.89,224.0,212.48,221.6,4102236
CUBEXTUB,20260825,79.24,82.0,77.01,79.07,40691
CUMMINSIND,20260825,5220.0,5239.5,5150.0,5239.5,562078
CUPID,20260825,287.45,287.75,281.0,281.76,11345561
CURAA,20260825,73.6,74.9,72.3,72.3,449
CYBERMEDIA,20260825,18.4,19.3,17.53,18.67,116868
CYBERTECH,20260825,133.32,135.75,131.5,134.88,4415
CYIENT,20260825,909.0,989.0,898.65,979.05,4712618
CYIENTDLM,20260825,733.0,778.0,732.95,769.35,973603
DABUR,20260825,397.9,398.1,392.15,395.05,3323557
DAICHI,20260825,326.1,340.0,326.1,339.15,8135
DALBHARAT,20260825,1854.8,1854.8,1780.1,1824.0,513247
DALMIASUG,20260825,478.75,492.95,454.3,470.25,514173
DAMCAPITAL,20260825,145.3,155.24,145.2,149.38,1042896
DAMODARIND,20260825,28.0,28.0,27.15,27.87,3603
DANGEE,20260825,2.94,2.99,2.82,2.83,53556
DATAMATICS,20260825,815.9,817.75,796.8,799.2,46031
DATAPATTNS,20260825,4730.0,4768.7,4500.1,4542.3,1198526
DAVANGERE,20260825,2.91,2.94,2.86,2.88,9209404
DBCORP,20260825,208.33,208.33,204.0,205.43,71454
DBEIL,20260825,6.5,6.67,6.46,6.57,148020
DBL,20260825,416.0,417.05,413.1,414.85,51221
DBOL,20260825,127.3,131.78,126.51,128.94,459359
DBREALTY,20260825,106.46,108.0,105.57,107.28,584365
DBSTOCKBRO,20260825,29.03,29.28,27.8,28.67,16520
DCAL,20260825,174.75,174.75,170.9,172.05,180599
DCBBANK,20260825,201.5,210.1,200.16,207.37,7870975
DCI,20260825,386.85,386.85,365.1,370.15,38862
DCM,20260825,80.35,81.4,78.6,80.7,20780
DCMFINSERV,20260825,5.13,5.49,5.01,5.33,9336
DCMNVL,20260825,173.0,180.44,171.01,180.29,21635
DCMSHRIRAM,20260825,1070.0,1075.1,1050.0,1052.9,77649
DCMSIL,20260825,76.7,79.79,75.01,77.8,67148
DCMSRIND,20260825,52.16,53.06,49.25,50.5,255135
DCW,20260825,44.99,46.35,44.75,45.38,953415
DCXINDIA,20260825,176.62,177.0,172.6,173.76,253359
DDEVPLSTIK,20260825,276.0,284.0,274.5,276.05,68193
DECCANCE,20260825,555.1,567.55,545.0,564.05,58941
DECNGOLD,20260825,249.0,249.49,231.1,232.84,2097704
DEEDEV,20260825,635.0,654.0,631.0,647.8,99366
DEEP,20260825,37.0,37.0,35.9,36.08,8927
DEEPAKFERT,20260825,1470.2,1508.0,1445.4,1460.0,475338
DEEPAKNTR,20260825,1737.0,1782.0,1737.0,1751.0,513767
DEEPINDS,20260825,675.45,678.35,645.15,649.65,206309
DEFENCE,20260825,83.72,83.72,81.3,82.38,234783
DELHIVERY,20260825,441.65,447.95,439.1,447.95,1174352
DELPHIFX,20260825,6.5,6.68,6.35,6.62,107513
DELTACORP,20260825,59.17,62.24,58.9,61.52,3357809
DELTAMAGNT,20260825,56.74,59.5,56.32,56.63,2448
DEN,20260825,28.14,28.34,27.7,28.12,240029
DENORA,20260825,822.5,845.0,816.9,824.4,4929
DENTA,20260825,284.2,286.0,281.55,284.75,57440
DEVIT,20260825,25.6,26.5,25.27,25.41,33671
DEVX,20260825,35.0,35.0,33.75,33.97,35507
DEVYANI,20260825,149.0,150.25,146.41,149.9,2461729
DGCONTENT,20260825,24.41,25.1,24.31,24.58,1674
DHABRIYA,20260825,569.95,584.0,555.0,563.85,15783
DHAMPURSUG,20260825,180.0,186.0,177.2,179.72,1670593
DHANBANK,20260825,33.76,33.97,32.8,33.12,758275
DHANUKA,20260825,990.0,996.0,980.0,983.7,13953
DHARAN,20260825,0.16,0.17,0.16,0.16,7942895
DHARMAJ,20260825,260.65,278.0,256.9,271.25,59403
DHATRE,20260825,4.27,4.39,4.16,4.27,25881
DHOOTTRANS,20260825,1443.4,1541.1,1410.1,1521.75,5545253
DHRUV,20260825,24.38,24.4,22.6,23.47,7173
DHUNINV,20260825,980.0,980.0,957.0,959.8,528
DIACABS,20260825,353.0,353.0,335.55,339.3,2026896
DIAMINESQ,20260825,240.0,249.9,240.0,248.17,7032
DIAMONDYD,20260825,1180.1,1190.3,1156.0,1165.2,15819
DICIND,20260825,587.95,603.0,587.95,594.6,2626
DIFFNKG,20260825,404.55,404.55,389.25,392.05,47145
DIGIDRIVE,20260825,18.24,18.24,17.51,17.71,4537
DIGISPICE,20260825,16.97,17.08,16.51,16.86,37495
DIGITIDE,20260825,99.53,101.0,97.6,99.91,204772
DIGJAMLMTD,20260825,51.5,53.25,50.34,50.66,11118
DISAQ,20260825,11850.0,12020.0,11622.0,11906.0,514
DISHTV,20260825,2.73,2.77,2.73,2.73,789201
DIVGIITTS,20260825,1228.4,1240.0,1183.9,1190.35,56959
DIVIDEND,20260825,35.85,35.85,35.6,35.77,3309
DIVISLAB,20260825,8500.0,8744.5,8497.0,8744.5,563721
DIVOPPBEES,20260825,77.46,78.0,77.17,77.76,24698
DIXON,20260825,14529.0,14990.0,14400.0,14990.0,522440
DJML,20260825,81.0,81.0,71.15,73.26,2170369
DLF,20260825,688.0,688.2,678.3,682.95,2158853
DLINKINDIA,20260825,452.0,452.0,442.45,448.75,61634
DMART,20260825,3940.0,3960.0,3897.4,3909.6,215829
DMCC,20260825,289.25,292.2,280.1,282.1,28099
DNAMEDIA,20260825,2.78,2.78,2.51,2.56,75778
DODLA,20260825,1154.0,1154.4,1101.0,1110.4,41308
DOLATALGO,20260825,75.83,75.83,73.2,74.49,123419
DOLLAR,20260825,275.0,276.3,273.0,274.6,38650
DOLPHIN,20260825,616.45,627.4,605.0,610.25,27817
DOMS,20260825,2201.7,2219.4,2182.0,2212.3,17687
DONEAR,20260825,84.28,85.89,84.28,84.73,7101
DPABHUSHAN,20260825,1544.9,1550.0,1450.0,1459.5,40300
DPSCLTD,20260825,7.25,7.25,7.05,7.15,64648
DPWIRES,20260825,158.35,158.35,152.25,154.04,3949
DRAGARWQ,20260825,5363.5,5386.5,5205.0,5328.5,649
DRCSYSTEMS,20260825,13.16,13.16,12.72,12.9,25492
DREAMFOLKS,20260825,68.95,68.99,67.05,67.42,41721
DREDGECORP,20260825,1109.4,1109.4,1087.1,1100.2,64931
DRREDDY,20260825,1189.0,1193.5,1175.0,1193.5,1569853
DSFCL,20260825,27.11,27.15,26.99,26.99,15143
DSKULKARNI,20260825,17.27,17.27,17.27,17.27,1
DSSL,20260825,1095.0,1099.3,1073.2,1089.2,19640
DTIL,20260825,140.09,156.72,140.09,152.69,45562
DUCON,20260825,2.26,2.54,2.21,2.4,3685709
DVL,20260825,286.75,287.0,278.4,280.89,15907
DWARKESH,20260825,53.83,55.69,53.01,53.94,5340136
DYCL,20260825,433.7,434.9,422.6,428.25,284853
DYNAMATECH,20260825,11650.0,11658.0,11410.0,11514.0,8848
DYNPRO,20260825,236.0,236.0,227.1,228.95,12314
E2E,20260825,605.0,606.9,587.25,596.35,522118
EASEMYTRIP,20260825,6.14,6.17,6.08,6.11,10194528
EASTSILK,20260825,61.0,64.0,60.66,62.1,796
EASTWEST,20260825,2.59,2.59,2.2,2.48,73039
EBANK10,20260825,17.0,17.0,16.82,16.85,887
EBANKNIFTY,20260825,58.13,58.13,57.91,58.1,128
EBBETF0430,20260825,1613.8,1613.8,1603.0,1609.41,11948
EBBETF0431,20260825,1440.18,1441.92,1432.5,1433.54,1523
EBBETF0433,20260825,1318.0,1318.9,1307.14,1310.96,4452
EBGNG,20260825,594.5,601.2,575.15,584.75,387034
EBIX,20260825,21.75,21.75,21.75,21.75,16226
ECAPINSURE,20260825,24.29,24.47,24.21,24.32,53571
ECLERX,20260825,1836.8,1890.0,1815.0,1879.5,192701
ECORECO,20260825,464.95,469.9,447.3,450.25,14000
ECOSMOBLTY,20260825,111.89,112.98,110.1,110.56,29934
EDELWEISS,20260825,125.48,132.4,125.04,128.15,9835758
EFCIL,20260825,203.0,203.0,196.35,199.87,330545
EGOLD,20260825,162.0,162.0,159.8,160.3,139448
EICHERMOT,20260825,8008.5,8070.0,7984.0,8055.0,244623
EIDPARRY,20260825,820.0,823.4,805.1,810.4,1046053
EIEL,20260825,194.4,196.22,193.5,194.71,375300
EIFFL,20260825,260.0,272.9,253.35,267.8,6675
EIHAHOTELS,20260825,302.6,302.6,295.1,300.8,8852
EIHOTEL,20260825,299.75,303.95,298.2,302.75,201193
EIMCOELECO,20260825,2245.0,2290.1,2216.1,2237.6,56938
EKC,20260825,113.18,114.17,110.8,111.21,102836
EKI,20260825,76.41,78.44,75.05,75.92,7055
ELANTAS,20260825,11745.5,11760.0,11589.5,11660.0,1261
ELCIDIN,20260825,107400.0,109000.0,107000.0,109000.0,23
ELDEHSG,20260825,810.1,820.1,803.15,809.75,1429
ELECON,20260825,434.15,437.6,424.8,426.25,396621
ELECTCAST,20260825,75.0,78.0,74.51,76.59,3914352
ELECTHERM,20260825,1054.7,1057.8,1022.9,1049.0,10573
ELGIEQUIP,20260825,621.0,625.45,606.25,610.25,591241
ELGIRUBCO,20260825,61.19,61.19,58.1,59.82,37058
ELIN,20260825,99.69,100.55,97.5,98.22,64253
ELIQUID,20260825,1045.19,1045.19,1045.18,1045.18,52096
ELITECON,20260825,15.2,15.48,13.7,13.76,4559258
ELLEN,20260825,322.5,324.6,312.0,315.1,302307
ELM250,20260825,16.97,16.97,16.72,16.83,284156
ELMDIV,20260825,37.0,37.1,36.68,37.07,6448
ELPROINTL,20260825,175.1,176.19,173.98,174.51,16979
EMAMILTD,20260825,403.6,407.0,400.6,402.7,1559698
EMAMIPAP,20260825,116.0,117.9,115.4,117.13,27001
EMAMIREAL,20260825,70.5,71.0,68.07,68.21,13286
EMBDL,20260825,64.25,64.25,61.86,62.73,2435619
EMCURE,20260825,1871.9,1874.9,1830.1,1846.9,77343
EMETAL,20260825,13.36,13.36,13.21,13.34,12298
EMIL,20260825,183.0,184.51,176.72,180.34,1333108
EMKAY,20260825,239.2,246.49,239.2,241.66,17930
EMMBI,20260825,80.12,81.55,80.12,81.04,3261
EMMVEE,20260825,323.85,334.75,322.05,333.7,1801097
EMPIND,20260825,1218.9,1219.0,1193.0,1207.6,2664
EMPOWER,20260825,2.38,2.48,2.37,2.46,10792984
EMSLIMITED,20260825,384.0,386.2,377.3,381.05,132655
EMUDHRA,20260825,553.0,553.0,539.85,543.5,68768
EMULTIMQ,20260825,42.25,42.4,41.87,42.02,27416
ENDURANCE,20260825,3010.0,3015.0,2978.0,2987.5,115513
ENERGY,20260825,39.43,39.43,38.27,38.45,119278
ENERGYDEV,20260825,16.3,16.58,15.56,16.01,67101
ENEXT50,20260825,74.5,74.5,73.44,74.0,2983
ENGINERSIN,20260825,256.0,258.55,248.7,250.38,2645946
ENIFTY,20260825,24.94,24.94,24.23,24.4,699
ENIL,20260825,101.77,108.64,101.25,102.18,218929
ENKEIWHEL,20260825,414.0,419.0,403.8,416.4,1752
ENRIN,20260825,3490.0,3495.5,3371.0,3389.6,395921
ENTERO,20260825,1595.0,1667.0,1535.1,1633.0,2229594
EPACK,20260825,201.29,203.0,199.06,199.91,399174
EPACKPEB,20260825,228.7,236.8,227.45,236.1,453135
EPIGRAL,20260825,1212.0,1248.0,1203.1,1240.9,144103
EPL,20260825,265.7,267.26,257.4,258.32,1597604
EQUAL200,20260825,13.99,14.08,13.94,14.05,18574
EQUAL50,20260825,333.5,335.43,333.0,335.43,2786
EQUAL50ADD,20260825,346.9,347.47,343.82,346.64,5156
EQUIPPP,20260825,23.7,23.93,23.0,23.1,13253
EQUITASBNK,20260825,75.0,75.5,74.71,75.06,1023679
ERIS,20260825,1325.1,1326.7,1306.7,1309.6,59489
ESABINDIA,20260825,6279.0,6279.0,6146.0,6168.5,3001
ESAFSFB,20260825,43.52,44.5,42.5,43.3,640088
ESCORTS,20260825,3097.3,3103.9,3050.0,3064.8,31808
ESENSEX,20260825,77.7,78.32,77.56,78.32,175
ESG,20260825,41.71,41.88,41.53,41.87,2460
ESILVER,20260825,240.99,241.2,238.11,239.15,22056
ESSARSHPNG,20260825,16.76,16.94,16.25,16.62,182365
ESSENTIA,20260825,1.16,1.19,1.13,1.13,5396157
ESTER,20260825,94.8,96.87,94.13,95.86,64817
ETERNAL,20260825,330.0,331.0,325.5,331.0,29062006
ETHOSLTD,20260825,2908.0,2936.6,2861.1,2894.7,43319
EUREKAFORB,20260825,422.0,422.0,409.0,410.35,177903
EUROBOND,20260825,155.5,162.18,152.6,153.56,7996
EUROPRATIK,20260825,265.0,266.65,258.9,261.25,214652
EVEREADY,20260825,352.9,353.45,333.7,341.75,239931
EVERESTIND,20260825,423.9,429.9,414.0,416.0,2848
EVIETF,20260825,33.55,33.89,33.29,33.49,191130
EVINDIA,20260825,33.5,33.6,33.3,33.49,179391
EXCELINDUS,20260825,1081.7,1093.95,1050.5,1057.25,16113
EXCELSOFT,20260825,70.3,70.5,69.66,70.27,146518
EXICOM,20260825,159.95,160.73,154.62,157.36,525530
EXIDEIND,20260825,452.1,456.0,446.7,448.75,1017559
EXPLEOSOL,20260825,891.0,896.95,866.0,870.65,22360
EXXARO,20260825,6.1,6.14,6.02,6.13,92061
FABTECH,20260825,146.59,151.8,145.0,147.62,163750
FACT,20260825,805.0,920.0,800.0,876.1,34307227
FAIRCHEMOR,20260825,671.0,671.0,666.5,667.0,4401
FAZE3Q,20260825,498.0,507.0,485.2,489.05,28749
FCL,20260825,49.78,49.79,47.2,48.78,13246093
FCSSOFT,20260825,1.47,1.49,1.44,1.44,4127018
FDC,20260825,344.3,350.6,340.85,343.65,97739
FEDDERSHOL,20260825,39.49,41.07,39.04,40.53,191082
FEDERALBNK,20260825,357.7,358.7,342.05,346.95,16134284
FEDFINA,20260825,159.05,160.3,157.48,159.02,578600
FEL,20260825,0.4,0.4,0.39,0.39,228549
FELDVR,20260825,2.39,2.39,2.23,2.33,2234
FERMENTA,20260825,480.0,480.0,456.05,468.4,91861
FIBERWEB,20260825,26.7,26.9,26.01,26.07,9315
FIEMIND,20260825,2164.1,2182.4,2150.0,2165.6,50034
FILATEX,20260825,83.85,83.87,80.37,82.11,1602492
FILATFASH,20260825,0.18,0.19,0.18,0.18,12344597
FINCABLES,20260825,1291.9,1291.9,1244.7,1259.85,343314
FINEORG,20260825,5280.3,5317.0,5176.5,5186.9,18816
FINIETF,20260825,33.38,33.6,33.25,33.52,263142
FINKURVE,20260825,80.21,83.0,78.55,79.84,72496
FINOPB,20260825,147.3,147.8,145.0,145.53,164819
FINPIPE,20260825,165.5,165.5,161.0,162.81,333322
FIRSTCRY,20260825,194.77,196.98,191.62,192.04,834106
FISCHER,20260825,36.1,37.4,36.1,36.93,567350
FIVESTAR,20260825,500.0,507.0,489.5,501.0,758823
FLAIR,20260825,251.05,252.55,249.5,250.95,35830
FLEXIADD,20260825,10.2,10.22,10.14,10.19,48258
FLEXITUFF,20260825,2.67,2.67,2.55,2.61,62015
FLFL,20260825,1.14,1.15,1.1,1.12,43916
FLUOROCHEM,20260825,4645.0,4675.9,4585.0,4606.2,84922
FMCGADD,20260825,47.48,47.82,47.48,47.81,14191
FMCGIETF,20260825,49.72,51.4,49.72,51.17,590863
FMGOETZE,20260825,500.0,560.0,494.8,534.1,20771319
FMNL,20260825,9.66,9.66,9.55,9.66,38548
FOCUS,20260825,68.64,68.64,66.33,67.65,103098
FOODSIN,20260825,55.0,55.01,53.0,54.53,23535
FORCEMOT,20260825,17600.0,17625.0,17276.0,17431.0,75854
FORTIS,20260825,916.4,923.95,901.4,923.95,1498492
FOSECOIND,20260825,5384.5,5698.5,5365.0,5615.5,25761
FRACTAL,20260825,829.7,839.0,814.0,834.2,331804
FREDUN,20260825,1431.1,1465.0,1420.6,1448.6,15597
FRONTSP,20260825,1265.0,1285.0,1260.1,1278.5,8192
FSL,20260825,272.8,276.65,269.3,275.4,775808
FUSION,20260825,203.0,205.0,198.17,200.05,277753
GABRIEL,20260825,1359.0,1372.5,1335.6,1346.0,395008
GAEL,20260825,180.5,182.0,176.45,177.53,1065445
GAIL,20260825,173.0,176.29,172.39,175.5,7837508
GALAPREC,20260825,1093.0,1093.0,1060.2,1076.6,22097
GALAXYSURF,20260825,2332.0,2349.7,2275.6,2284.2,17850
GALLANTT,20260825,579.65,590.0,576.1,581.5,34223
GANDHAR,20260825,257.35,257.4,251.0,255.42,667901
GANDHITUBE,20260825,894.15,904.8,875.6,898.8,11730
GANECOS,20260825,1072.0,1074.5,1045.7,1051.6,48288
GANESHBE,20260825,119.25,122.0,119.0,120.19,77614
GANESHCP,20260825,162.83,168.2,161.05,166.23,187614
GANESHHOU,20260825,809.8,845.0,806.25,838.7,57126
GANGAFORGE,20260825,1.86,2.0,1.86,1.86,18772857
GANGESSECU,20260825,123.7,126.25,122.0,123.4,1361
GARFIBRES,20260825,812.8,812.8,782.15,800.5,56227
GARUDA,20260825,183.25,185.27,181.6,183.15,278876
GATECH,20260825,0.97,0.97,0.96,0.96,76402951
GATECHDVR,20260825,0.52,0.52,0.5,0.51,698196
GATEWAY,20260825,54.0,54.09,52.75,52.93,885634
GAUDIUMIVF,20260825,115.19,115.9,113.9,115.9,74094
GAYAHWS,20260825,1.96,1.97,1.91,1.93,131643
GAYAPROJ,20260825,22.34,22.89,21.75,22.28,394559
GCSL,20260825,515.0,527.5,512.9,523.1,366323
GEECEE,20260825,373.7,373.7,368.15,368.65,4927
GEEKAYWIRE,20260825,22.99,23.69,22.45,22.6,83689
GEMAROMA,20260825,173.67,174.84,167.41,172.8,82131
GENCON,20260825,42.26,42.35,41.15,41.5,282055
GENESYS,20260825,181.3,214.25,181.3,214.25,4190457
GENSOL,20260825,18.23,18.23,17.41,17.96,61112
GENUSPAPER,20260825,11.29,12.5,11.12,12.09,269410
GENUSPOWER,20260825,340.0,343.7,333.1,335.05,1964249
GEOJITFSL,20260825,82.9,83.84,80.3,80.63,397241
GESHIP,20260825,1349.0,1380.0,1338.0,1342.6,2444622
GFLLIMITED,20260825,56.0,56.0,54.09,54.37,54747
GHCL,20260825,447.9,447.9,440.0,440.8,78861
GHCLTEXTIL,20260825,124.9,127.0,123.46,125.6,497625
GICHSGFIN,20260825,137.3,141.47,137.0,140.44,117914
GICL,20260825,23.97,23.97,23.4,23.75,192683
GICRE,20260825,356.95,358.65,350.8,351.4,904213
GILLANDERS,20260825,102.77,108.99,100.0,105.88,45011
GILLETTE,20260825,7406.5,7458.5,7378.0,7439.0,23437
GILT10BETA,20260825,26.35,26.87,26.35,26.57,487
GILT5BETA,20260825,66.5,66.5,65.75,65.75,1188
GILT5YBEES,20260825,66.01,66.33,66.01,66.25,150539
GINNIFILA,20260825,44.94,45.05,44.15,44.47,27468
GIPCL,20260825,177.4,191.25,177.4,190.72,3504842
GKENERGY,20260825,125.5,126.9,125.0,126.19,232229
GKSL,20260825,152.54,157.44,150.16,152.46,574445
GKWLIMITED,20260825,1622.0,1622.0,1590.0,1596.1,592
GLAND,20260825,2810.9,2835.9,2776.1,2824.6,139251
GLAXO,20260825,2953.8,3010.0,2917.6,2963.4,174436
GLENMARK,20260825,2391.7,2421.0,2376.0,2400.0,653245
GLFL,20260825,5.89,6.05,5.55,5.71,3318
GLOBAL,20260825,107.29,109.74,104.4,106.71,308947
GLOBALE,20260825,11.5,11.99,11.41,11.7,4478
GLOBALVECT,20260825,147.0,150.0,147.0,148.9,3179
GLOBE,20260825,2.0,2.04,1.98,2.02,250887
GLOBECIVIL,20260825,42.14,45.9,42.14,45.69,229737
GLOBUSSPR,20260825,910.95,924.15,907.5,917.7,116295
GLOSTERLTD,20260825,623.0,623.0,592.0,595.05,802
GLOTTIS,20260825,67.99,67.99,65.1,65.88,36824
GMBREW,20260825,877.85,894.4,877.85,887.55,12829
GMDCLTD,20260825,574.35,578.8,563.1,567.35,554608
GMMPFAUDLR,20260825,981.0,1013.8,981.0,1004.9,99442
GMRAIRPORT,20260825,98.82,99.85,98.15,99.85,5880177
GMRP&UI,20260825,96.1,97.0,95.61,96.11,484469
GNA,20260825,559.0,561.3,546.1,548.8,183814
GNFC,20260825,595.0,603.65,583.25,588.0,654241
GNRL,20260825,100.77,100.77,99.5,99.54,21837
GOACARBON,20260825,352.05,359.0,350.1,357.45,11342
GOCLCORP,20260825,399.25,407.0,394.2,395.7,29011
GOCOLORS,20260825,354.8,354.8,337.1,340.25,197710
GODAVARIB,20260825,242.05,243.0,239.0,241.2,77978
GODFRYPHLP,20260825,2105.0,2107.0,2067.1,2107.0,235034
GODIGIT,20260825,259.7,263.5,257.9,258.8,147132
GODREJAGRO,20260825,570.0,625.0,569.95,610.1,3498758
GODREJCP,20260825,928.9,930.9,918.2,929.2,676534
GODREJIND,20260825,1180.0,1181.0,1131.3,1165.9,306506
GODREJPROP,20260825,2035.1,2049.0,2011.5,2049.0,384390
GOKEX,20260825,797.5,802.55,786.25,791.25,112600
GOKUL,20260825,44.87,46.0,43.56,44.98,289698
GOKULAGRO,20260825,243.49,259.5,242.71,252.85,2542528
GOLD1,20260825,133.69,134.94,133.51,134.03,1289621
GOLD360,20260825,158.2,158.2,156.15,156.45,129924
GOLDADD,20260825,160.27,160.27,155.5,156.04,1662509
GOLDAXIS,20260825,134.31,134.51,133.24,133.78,1620658
GOLDBEES,20260825,133.02,133.45,132.28,132.78,39819108
GOLDBETA,20260825,132.15,135.9,132.15,135.35,1231168
GOLDBND,20260825,160.67,161.98,159.54,159.81,17409
GOLDCASE,20260825,25.56,25.56,25.2,25.3,11155936
GOLDENTOBC,20260825,25.0,25.45,24.0,24.01,544
GOLDETF,20260825,156.52,156.75,155.51,156.17,1299275
GOLDIAM,20260825,356.05,362.95,356.05,360.0,246651
GOLDIETF,20260825,137.71,138.25,136.97,137.52,8023326
GOLDTECH,20260825,50.03,52.4,48.56,51.83,30066
GOODLUCK,20260825,475.0,477.0,454.1,456.2,383822
GOODYEAR,20260825,760.0,760.0,749.5,754.1,4422
GOPAL,20260825,286.9,287.9,280.5,280.75,153952
GOYALALUM,20260825,6.47,6.47,6.37,6.42,31262
GPIL,20260825,245.27,247.04,243.24,244.26,633517
GPPL,20260825,165.0,165.39,162.96,164.51,1164173
GPTHEALTH,20260825,151.06,152.0,148.66,149.92,85347
GPTINFRA,20260825,114.1,115.49,113.11,114.33,74308
GRADIENTE,20260825,3.03,3.03,2.84,2.84,1971270
GRANDOAK,20260825,38.89,38.89,36.01,36.25,7226
GRANULES,20260825,847.0,857.8,842.0,845.95,606461
GRAPHITE,20260825,721.6,722.0,700.5,704.55,551281
GRASIM,20260825,3287.9,3300.2,3222.1,3289.6,1752045
GRAUWEIL,20260825,71.8,71.8,67.25,67.83,332841
GRAVISSHO,20260825,28.99,29.5,28.22,29.24,5259
GRAVITA,20260825,1801.4,1814.7,1790.0,1800.4,106679
GREAVESCOT,20260825,192.6,193.74,189.52,192.18,771967
GREENLAM,20260825,251.0,252.25,246.0,248.85,52026
GREENPANEL,20260825,155.01,159.56,155.01,156.34,237045
GREENPLY,20260825,291.95,291.95,286.2,287.9,42071
GREENPOWER,20260825,9.5,9.52,9.39,9.42,1626998
GRINDWELL,20260825,2053.1,2075.1,1992.0,2005.8,64421
GRINFRA,20260825,875.05,905.0,871.05,902.05,32712
GRMOVER,20260825,90.2,90.25,88.26,89.13,1130114
GROBTEA,20260825,959.5,968.0,936.9,967.15,250
GROWW,20260825,196.4,205.21,196.11,203.01,53203469
GROWWCAPM,20260825,11.58,11.59,11.46,11.54,350625
GROWWCHEM,20260825,30.04,30.5,29.86,30.19,156385
GROWWDEFNC,20260825,97.14,97.79,96.1,97.42,156059
GROWWEV,20260825,33.61,33.61,33.03,33.42,232734
GROWWGOLD,20260825,15.72,15.76,15.61,15.68,2150663
GROWWHOSPI,20260825,51.65,52.32,51.51,52.21,199339
GROWWLIQID,20260825,110.51,110.51,110.5,110.5,219548
GROWWLOVOL,20260825,10.47,10.62,10.38,10.5,7635
GROWWMC150,20260825,233.99,236.4,233.7,234.92,732
GROWWMETAL,20260825,13.03,13.17,12.5,12.69,363148
GROWWMOM50,20260825,11.24,11.24,10.97,11.05,785480
GROWWN200,20260825,11.42,11.59,11.36,11.49,24080
GROWWNET,20260825,11.0,11.02,10.65,10.97,1411953
GROWWNIFTY,20260825,9.55,9.94,9.55,9.8,589009
GROWWNXT50,20260825,74.5,74.8,73.95,74.78,13437
GROWWPOWER,20260825,11.09,11.48,11.09,11.39,1217173
GROWWPSE,20260825,98.21,98.7,97.65,97.86,390
GROWWPSUBK,20260825,85.0,86.89,84.59,86.72,1408
GROWWRAIL,20260825,28.72,28.8,28.48,28.6,574602
GROWWRLTY,20260825,10.47,10.47,10.03,10.3,282579
GROWWSC250,20260825,10.63,10.74,10.56,10.61,86198
GROWWSLVR,20260825,23.15,23.67,23.14,23.45,1842538
GRPLTD,20260825,1973.2,2015.2,1960.0,1967.8,832
GRSE,20260825,2592.3,2622.0,2577.0,2607.5,344854
GRWRHITECH,20260825,7250.0,7310.0,7102.0,7264.0,30276
GSEC10ADD,20260825,26.93,26.93,26.91,26.91,31
GSEC10IETF,20260825,263.61,265.77,263.61,265.77,3
GSEC10YEAR,20260825,30.52,30.58,30.38,30.45,440
GSEC5IETF,20260825,66.35,66.81,66.03,66.81,1522
GSFC,20260825,160.39,162.88,158.61,159.16,3644998
GSLSU,20260825,30.0,31.48,29.83,29.83,67349
GSPCROP,20260825,605.1,667.95,603.15,631.4,978249
GSS,20260825,13.36,13.36,12.3,12.47,70767
GTECJAINX,20260825,28.6,29.98,28.3,28.3,16477
GTL,20260825,7.6,7.6,7.32,7.36,181890
GTLINFRA,20260825,1.22,1.23,1.2,1.21,38295102
GTPL,20260825,54.49,55.85,54.45,54.83,13450
GUFICBIO,20260825,414.75,418.65,410.0,413.65,53726
GUJALKALI,20260825,729.4,734.5,714.65,726.7,159577
GUJAPOLLO,20260825,355.15,355.15,345.25,349.55,4269
GUJENERGY,20260825,259.9,263.4,255.2,256.5,1302116
GUJRAFFIA,20260825,40.49,41.49,40.0,40.62,1201
GUJTHEM,20260825,409.95,416.65,392.0,404.7,926859
GULFOILLUB,20260825,1164.9,1173.9,1140.0,1154.4,61072
GULFPETRO,20260825,71.0,71.4,68.0,69.14,217734
GULPOLY,20260825,193.0,202.2,192.78,196.25,553235
GVKPIL,20260825,2.16,2.19,2.16,2.16,1026660
GVPIL,20260825,648.1,658.5,641.0,644.5,183645
GVPTECH,20260825,7.45,7.48,7.0,7.08,59398
GVT&D,20260825,4160.0,4185.0,4060.1,4185.0,868892
GYFTR,20260825,161.8,162.7,160.0,160.74,11160
HAL,20260825,4890.2,4900.0,4805.0,4900.0,565718
HALDER,20260825,300.05,300.05,292.66,295.58,28621
HALDYNGL,20260825,134.89,136.4,130.1,134.15,17554
HALEOSLABS,20260825,1480.0,1524.0,1462.4,1500.3,400
HAMPTON,20260825,8.1,8.55,7.99,8.02,28459
HAPPSTMNDS,20260825,440.2,450.3,432.75,445.95,1616573
HAPPYFORGE,20260825,2209.0,2209.0,2135.3,2151.1,58440
HARDWYN,20260825,9.09,9.21,9.02,9.03,887925
HARIOMPIPE,20260825,347.95,350.0,345.1,348.95,43937
HARRMALAYA,20260825,204.0,204.0,196.5,198.85,10281
HARSHA,20260825,443.0,445.4,426.0,428.3,75260
HATHWAY,20260825,10.53,10.69,10.51,10.56,1342048
HATSUN,20260825,1055.05,1055.1,1025.55,1030.5,36136
HAVELLS,20260825,1260.1,1299.1,1252.3,1269.1,637730
HAVISHA,20260825,1.4,1.64,1.36,1.39,126723
HAWKINCOOK,20260825,8155.0,8220.0,8090.0,8152.5,1927
HAZOOR,20260825,19.8,20.95,19.8,20.52,166713
HBESD,20260825,74.52,77.0,74.52,74.55,705
HBLENGINE,20260825,690.9,699.7,686.6,694.6,442819
HBPOR,20260825,62.7,62.7,60.66,60.74,250
HBSL,20260825,54.8,55.0,51.99,52.27,3019
HCC,20260825,22.56,23.16,22.32,22.61,42033627
HCG,20260825,721.45,732.0,715.3,724.85,54195
HCL-INSYS,20260825,10.99,11.25,10.86,11.02,211173
HCLTECH,20260825,1322.0,1322.9,1294.4,1315.8,1314934
HDBFS,20260825,690.0,690.05,682.7,687.6,92824
HDFCAMC,20260825,2609.9,2698.0,2606.8,2698.0,1157541
HDFCBANK,20260825,726.6,728.7,722.0,727.5,17511874
HDFCBSE500,20260825,37.97,38.07,37.64,38.0,1213254
HDFCGOLD,20260825,137.2,138.0,134.0,137.09,5660949
HDFCGROWTH,20260825,120.64,121.64,120.33,121.14,49840
HDFCLIFE,20260825,549.95,555.65,545.8,546.7,2264810
HDFCLIQUID,20260825,1075.35,1075.35,1075.28,1075.29,79114
HDFCLOWVOL,20260825,20.77,20.93,20.69,20.85,5095
HDFCMID150,20260825,24.32,24.32,23.66,23.77,373521
HDFCMOMENT,20260825,31.42,31.49,31.23,31.43,146069
HDFCNEXT50,20260825,75.58,75.89,75.31,75.82,140339
HDFCNIF100,20260825,26.17,26.45,26.12,26.24,81607
HDFCNIFBAN,20260825,60.52,60.52,59.01,59.11,234012
HDFCNIFIT,20260825,32.1,33.08,32.1,32.56,40135
HDFCNIFTY,20260825,279.89,279.89,272.22,273.73,141775
HDFCNIMEG,20260825,133.11,133.12,132.28,133.08,1676
HDFCPSUBK,20260825,86.2,86.93,86.0,86.71,10358
HDFCPVTBAN,20260825,28.12,28.12,27.92,27.97,55077
HDFCQUAL,20260825,59.11,59.54,58.92,59.31,4385
HDFCSENSEX,20260825,87.11,88.21,87.11,88.13,23938
HDFCSILVER,20260825,229.69,230.89,227.95,228.72,2278256
HDFCSML250,20260825,185.18,187.0,183.41,185.21,1237409
HDFCVALUE,20260825,128.2,128.2,125.0,125.3,6822
HDIL,20260825,1.51,1.56,1.45,1.47,216241
HEADSUP,20260825,6.95,6.95,6.52,6.7,21026
HEALTHADD,20260825,16.04,16.79,16.03,16.77,259404
HEALTHAXIS,20260825,166.88,190.0,166.78,169.82,2708
HEALTHCARE,20260825,21.39,21.66,21.33,21.59,65536
HEALTHIETF,20260825,170.36,170.36,167.82,169.83,98183
HEALTHX,20260825,299.65,303.5,296.3,296.65,1505
HEALTHY,20260825,16.94,17.18,16.78,16.99,323335
HECPROJECT,20260825,119.9,123.0,116.51,121.21,12034
HEG,20260825,726.35,730.0,708.0,721.55,1078477
HEIDELBERG,20260825,160.1,162.48,159.71,161.72,128498
HEMIPROP,20260825,129.5,131.0,128.62,130.56,246005
HERANBA,20260825,177.85,179.0,170.0,174.27,95670
HERITGFOOD,20260825,387.55,392.0,375.8,389.85,282371
HEROMOTOCO,20260825,5665.0,5682.0,5590.0,5624.5,432456
HESTERBIO,20260825,2360.0,2449.0,2355.1,2421.8,2361
HEXAGON,20260825,70.1,70.99,68.11,69.81,170310
HEXATRADEX,20260825,157.02,165.7,157.02,162.4,1538
HEXT,20260825,559.4,561.5,548.85,556.9,222581
HFCL,20260825,239.7,244.3,235.65,238.01,16055915
HGINFRA,20260825,512.35,512.35,500.2,502.85,49614
HGM,20260825,44.4,44.99,42.56,43.83,3183
HGS,20260825,397.2,404.45,397.2,401.3,7587
HIKAL,20260825,212.1,212.91,205.81,208.37,169295
HILINFRA,20260825,45.82,46.58,45.25,45.27,81037
HILTON,20260825,19.94,20.0,19.75,19.84,43062
HIMATSEIDE,20260825,73.25,73.9,71.5,72.41,302957
HINDADH,20260825,360.3,360.3,349.55,352.6,4266
HINDALCO,20260825,1055.0,1057.0,1040.45,1051.05,3495294
HINDALUMI,20260825,100.0,100.0,98.01,98.72,888
HINDCOMPOS,20260825,411.1,419.8,406.0,413.45,8213
HINDCON,20260825,22.95,24.5,21.85,23.92,157165
HINDCOPPER,20260825,542.0,551.85,529.35,532.65,44652248
HINDOILEXP,20260825,157.9,159.32,157.1,158.57,268206
HINDPETRO,20260825,372.5,374.15,369.5,373.2,5703835
HINDUNILVR,20260825,2024.0,2029.2,2012.0,2024.2,1019583
HINDWAREAP,20260825,196.5,198.02,193.05,194.03,115718
HINDZINC,20260825,600.0,600.6,586.85,592.6,9509559
HIRECT,20260825,1226.9,1254.3,1215.4,1235.4,52908
HISARMETAL,20260825,149.3,153.98,149.3,149.99,447
HITECH,20260825,80.72,81.79,80.72,81.16,261637
HITECHCORP,20260825,334.0,345.0,327.5,335.45,40091
HITECHGEAR,20260825,548.0,562.0,540.0,548.4,5689
HLEGLAS,20260825,310.2,318.0,310.2,315.8,62974
HLVLTD,20260825,6.53,6.53,6.43,6.47,171880
HMAAGRO,20260825,20.91,22.4,20.91,21.14,4676628
HMT,20260825,59.0,64.01,59.0,64.01,60845
HMVL,20260825,90.41,91.7,86.2,89.94,13250
HNDFDS,20260825,635.9,639.35,623.0,628.75,44402
HNGSNGBEES,20260825,464.95,478.89,464.95,472.0,164170
HOMEFIRST,20260825,1193.0,1195.0,1176.0,1191.3,97446
HONASA,20260825,487.8,491.2,483.15,485.5,427593
HONAUT,20260825,36505.0,36935.0,36350.0,36740.0,1209
HONDAPOWER,20260825,2087.9,2098.7,2065.0,2073.6,2284
HORIZONIND,20260825,59.0,59.79,55.15,55.6,8930228
HPAL,20260825,33.82,35.89,33.82,35.11,50607
HPIL,20260825,129.78,139.2,121.8,127.74,40746
HPL,20260825,315.45,315.45,308.6,310.25,64030
HRYNSHP,20260825,100.16,100.16,99.0,100.0,3672
HSBCGOLD,20260825,140.9,140.9,139.13,139.53,2123
HSCL,20260825,662.5,666.25,652.0,659.75,3736145
HTMEDIA,20260825,27.01,27.69,26.61,27.29,82797
HUBTOWN,20260825,192.12,194.14,187.8,188.64,442573
HUDCO,20260825,187.0,187.83,185.75,186.22,901822
HUHTAMAKI,20260825,272.1,274.9,266.1,267.4,117118
HYBRIDETF,20260825,10.33,10.35,9.87,10.15,13406
HYBRIDFIN,20260825,16.8,17.48,16.8,17.1,7507
HYUNDAI,20260825,2206.0,2243.8,2190.0,2232.5,672338
IBULLSLTD,20260825,27.0,28.19,26.32,27.09,24556789
ICDSLTD,20260825,39.61,41.1,39.61,40.34,190
ICEMAKE,20260825,720.05,735.0,720.05,726.15,12536
ICICIAMC,20260825,3221.4,3305.0,3207.1,3291.8,200060
ICICIB22,20260825,117.0,117.4,114.51,116.17,551199
ICICIBANK,20260825,1408.0,1424.9,1408.0,1422.7,7983249
ICICIGI,20260825,1612.0,1622.3,1602.0,1616.0,706848
ICICIPRULI,20260825,510.0,513.3,506.25,510.0,937538
ICIL,20260825,429.95,437.4,417.1,422.5,448809
ICRA,20260825,4998.0,5173.7,4960.0,5106.5,50385
IDBI,20260825,88.48,89.39,86.9,88.31,18803734
IDEA,20260825,14.09,15.31,14.08,15.19,1534470198
IDEAFORGE,20260825,800.0,806.25,776.8,788.8,317754
IDFCFIRSTB,20260825,85.92,86.17,85.0,85.0,11785661
IDFNIFTYET,20260825,266.82,268.6,265.0,268.6,1788
IEX,20260825,123.3,124.28,122.51,124.2,2251075
IFBAGRO,20260825,972.0,989.0,950.0,959.3,8311
IFBIND,20260825,1415.9,1415.9,1365.0,1370.1,19458
IFCI,20260825,82.65,85.24,82.41,83.25,49384082
IFGLEXPOR,20260825,213.55,214.22,210.0,211.79,10581
IGARASHI,20260825,430.6,432.5,425.25,427.55,45964
IGCL,20260825,71.69,72.7,71.32,72.38,54565
IGIL,20260825,342.5,345.25,336.5,343.95,460701
IGL,20260825,147.74,149.3,147.11,148.68,918317
IGPL,20260825,501.05,502.45,485.1,488.05,62402
IIFL,20260825,667.0,681.1,643.55,666.25,8288695
IIFLCAPS,20260825,334.45,336.95,333.5,334.95,162992
IITL,20260825,155.0,162.0,152.87,160.41,113165
IKIO,20260825,194.05,194.39,189.0,191.63,73619
IKS,20260825,1775.6,1800.0,1766.2,1790.9,60597
IL&FSENGG,20260825,36.0,36.0,35.5,35.8,22816
IL&FSTRANS,20260825,2.05,2.13,2.05,2.11,18801
IMAGICAA,20260825,49.53,50.72,49.0,49.79,401949
IMFA,20260825,1401.8,1409.8,1373.8,1377.7,60188
IMPAL,20260825,1080.4,1100.0,1080.4,1095.9,334
IMPEXFERRO,20260825,4.06,4.06,4.06,4.06,10340
INA,20260825,95.2,95.33,92.95,93.47,355418
INCREDIBLE,20260825,35.0,35.0,32.6,33.48,2054
INDBANK,20260825,32.0,32.2,31.36,31.86,20019
INDGN,20260825,566.65,570.4,557.7,563.55,197235
INDHOTEL,20260825,735.0,735.0,724.55,730.0,998494
INDIACEM,20260825,366.65,369.95,362.3,364.3,82943
INDIAGLYCO,20260825,1200.0,1219.0,1166.0,1170.5,528480
INDIAMART,20260825,1752.0,1763.2,1730.0,1750.3,34838
INDIANB,20260825,870.45,881.75,869.0,878.0,1428100
INDIANCARD,20260825,212.49,213.0,206.54,208.01,2456
INDIANHUME,20260825,397.5,401.95,385.1,389.6,55797
INDIASHLTR,20260825,672.0,679.95,650.0,655.85,112550
INDIGO,20260825,5088.0,5227.5,5080.5,5218.0,333283
INDIGOPNTS,20260825,1138.0,1146.5,1125.0,1135.9,43033
INDIQUBE,20260825,192.75,195.0,190.0,192.5,39280
INDNIPPON,20260825,1075.0,1099.5,1055.3,1070.6,11250
INDOAMIN,20260825,123.64,125.25,121.2,122.84,24902
INDOBORAX,20260825,504.0,504.6,481.65,487.4,224662
INDOCO,20260825,219.5,229.0,216.0,225.34,128259
INDOFARM,20260825,139.7,141.61,137.67,138.61,55303
INDOKEM,20260825,599.9,657.0,582.0,627.85,17940
INDOMIM,20260825,890.0,909.0,878.0,889.9,1819819
INDORAMA,20260825,62.61,62.76,59.89,60.53,148993
INDOSTAR,20260825,261.45,262.45,255.1,257.55,97365
INDOTECH,20260825,3899.7,3900.0,3720.0,3742.2,7190
INDOTHAI,20260825,53.85,53.85,53.85,53.85,36205
INDOUS,20260825,84.9,84.9,81.0,81.99,3658
INDOWIND,20260825,9.38,9.38,9.06,9.27,118704
INDPRUD,20260825,6275.0,6275.0,6161.0,6200.0,52
INDRAMEDCO,20260825,373.0,378.0,370.0,372.95,163587
INDSWFTLAB,20260825,326.1,328.99,320.06,324.38,269737
INDTERRAIN,20260825,30.6,30.69,30.05,30.07,5503
INDUSINDBK,20260825,1014.9,1022.0,1003.6,1015.0,1427222
INDUSTOWER,20260825,374.25,388.6,374.25,387.25,6995675
INFOBEAN,20260825,156.09,156.91,155.0,155.87,164908
INFOMEDIA,20260825,5.44,5.44,5.11,5.28,2545
INFRA,20260825,12.16,12.22,12.12,12.21,18543
INFRABEES,20260825,967.81,971.0,961.27,968.17,5971
INFRAIETF,20260825,96.94,96.94,95.61,96.73,142191
INFY,20260825,1132.0,1144.0,1119.9,1144.0,8121237
INGERRAND,20260825,4660.0,4694.3,4571.0,4594.0,20758
INNOVACAP,20260825,1063.05,1069.8,1035.0,1040.4,21916
INNOVANA,20260825,320.0,325.0,308.95,310.3,19852
INNOVISION,20260825,261.4,261.4,256.0,257.45,11964
INOXGREEN,20260825,175.92,176.23,170.98,173.51,2007260
INOXINDIA,20260825,1942.3,1942.3,1880.3,1900.0,97315
INOXWIND,20260825,73.87,74.2,72.79,73.74,13891746
INSECTICID,20260825,580.0,580.05,573.05,579.45,24299
INSPIRISYS,20260825,95.0,95.0,91.02,91.05,3078
INSUREIETF,20260825,15.49,15.61,15.36,15.44,5273127
INTELLECT,20260825,688.3,688.3,679.0,682.8,128627
INTENTECH,20260825,81.55,81.99,80.0,81.38,16320
INTERARCH,20260825,1692.1,1704.5,1667.0,1686.1,55526
INTERNET,20260825,14.55,14.8,14.39,14.77,172139
INTLCONV,20260825,77.01,77.46,75.0,75.42,52501
INVENTURE,20260825,0.85,0.93,0.85,0.91,2156622
INVPRECQ,20260825,1262.8,1288.5,1262.8,1288.5,6609
IOB,20260825,33.25,33.45,32.92,33.03,2479749
IOC,20260825,138.0,139.0,137.0,139.0,7676722
IOLCP,20260825,168.55,176.5,167.63,172.37,4808790
IONEXCHANG,20260825,370.0,373.1,367.2,369.5,143749
IPCALAB,20260825,1916.0,1958.6,1911.6,1928.5,427720
IPL,20260825,140.0,142.2,139.3,139.66,94282
IPRINGLTD,20260825,145.0,148.99,140.03,145.0,601
IRB,20260825,18.91,18.95,18.76,18.81,5495135
IRCON,20260825,123.08,125.57,122.25,123.35,1390771
IRCTC,20260825,483.15,485.8,481.0,482.55,516657
IREDA,20260825,115.0,121.14,114.4,120.61,11109563
IRFC,20260825,85.98,86.44,85.05,85.45,9606478
IRIS,20260825,242.91,244.54,235.81,238.33,9079
IRISDOREME,20260825,57.1,58.33,55.96,56.89,971325
IRMENERGY,20260825,282.45,283.0,276.0,277.5,64440
ISFT,20260825,86.12,95.95,85.35,91.44,215600
ISGEC,20260825,789.6,789.6,753.3,764.05,67510
ISHANCH,20260825,47.21,47.21,42.52,44.0,166360
ISTLTD,20260825,688.0,688.25,657.05,671.45,370
IT,20260825,33.76,34.16,33.65,33.93,248585
ITADD,20260825,32.31,32.6,32.21,32.41,1399698
ITAXIS,20260825,337.89,339.2,334.0,337.8,935
ITBEES,20260825,34.54,34.54,33.24,33.92,5731023
ITBETA,20260825,322.17,322.56,319.81,322.4,152
ITC,20260825,269.7,271.4,267.65,271.4,8414719
ITCHOTELS,20260825,165.1,167.24,164.75,166.24,960827
ITDC,20260825,678.7,693.0,676.75,681.6,80984
ITETF,20260825,32.76,32.76,32.13,32.5,143146
ITI,20260825,279.0,279.85,276.0,278.15,107329
ITIETF,20260825,34.72,34.72,33.72,33.98,315308
ITL,20260825,372.0,373.0,335.2,366.0,5383
IVALUE,20260825,286.5,288.0,278.3,280.9,199974
IVC,20260825,8.22,8.23,8.0,8.08,181353
IVP,20260825,180.0,183.45,179.09,181.67,6370
IVZBANKNF,20260825,57.33,57.45,57.26,57.44,453
IVZINGOLD,20260825,140.6,140.6,138.85,140.3,79894
IVZINNIFTY,20260825,284.64,284.64,276.73,277.72,6983
IVZSENSEX,20260825,75.54,77.45,75.54,77.45,1950
IWP,20260825,33.24,35.0,33.0,33.65,73807
IXIGO,20260825,168.59,170.77,166.7,168.37,688164
IZMO,20260825,853.0,862.0,836.1,848.1,57972
J&KBANK,20260825,146.56,152.4,146.3,149.52,2847499
JAGRAN,20260825,62.0,62.2,61.41,61.65,154523
JAGSNPHARM,20260825,242.56,244.9,236.3,241.43,44621
JAIBALAJI,20260825,68.7,68.7,64.5,65.61,743671
JAICORPLTD,20260825,101.52,102.29,100.4,101.39,286391
JAINREC,20260825,294.9,296.35,287.5,288.4,784049
JAIPURKURT,20260825,27.29,27.29,26.21,26.32,8972
JAMNAAUTO,20260825,118.82,121.27,117.38,120.65,1323499
JARO,20260825,450.0,476.4,445.9,468.55,344066
JASH,20260825,470.05,485.9,470.05,484.3,78125
JAYAGROGN,20260825,228.63,233.98,227.0,229.64,24987
JAYBARMARU,20260825,126.81,127.06,122.26,122.98,258776
JAYKAY,20260825,155.51,161.8,155.0,158.67,376351
JAYNECOIND,20260825,103.49,105.17,100.36,100.88,4832107
JAYSREETEA,20260825,104.0,108.54,103.7,106.57,343007
JBMA,20260825,658.95,659.5,645.4,647.55,313030
JENBURPH,20260825,1069.9,1069.9,1037.8,1046.2,2829
JETFREIGHT,20260825,22.73,23.0,22.0,22.32,276255
JGCHEM,20260825,608.0,608.0,575.35,579.05,437478
JHS,20260825,9.05,9.3,8.66,8.89,67127
JINDALPHOT,20260825,1022.0,1059.8,1022.0,1051.2,1889
JINDALPOLY,20260825,640.0,655.5,632.1,646.6,12983
JINDALSAW,20260825,287.25,289.8,281.0,281.75,909612
JINDALSTEL,20260825,1147.9,1157.0,1140.1,1154.1,670829
JINDRILL,20260825,630.9,633.4,613.1,615.9,183424
JINDWORLD,20260825,35.6,35.64,34.8,34.96,1455958
JIOFIN,20260825,242.0,243.15,240.4,243.15,9800689
JISLDVREQS,20260825,21.06,21.99,20.9,20.95,7446
JISLJALEQS,20260825,27.75,28.39,27.5,27.95,1159115
JITFINFRA,20260825,318.85,325.5,316.0,318.55,12949
JKCEMENT,20260825,5244.0,5245.0,5171.0,5197.5,12441
JKIL,20260825,504.65,505.0,495.8,497.05,32313
JKIPL,20260825,102.0,104.4,102.0,103.33,17120
JKLAKSHMI,20260825,554.9,558.0,540.45,542.45,166979
JKPAPER,20260825,393.3,393.5,386.45,388.9,214145
JKTYRE,20260825,382.0,383.55,380.0,380.65,193842
JLHL,20260825,308.0,308.0,295.15,298.7,330397
JMA,20260825,88.0,90.0,87.51,89.54,8811
JMFINANCIL,20260825,130.58,133.45,129.35,130.39,5034536
JNKINDIA,20260825,453.5,461.95,447.0,453.7,116110
JNPR,20260825,260.7,268.65,257.01,258.96,709261
JOCIL,20260825,148.0,154.0,146.52,153.17,9979
JPOLYINVST,20260825,949.4,961.8,940.2,953.6,2399
JPPOWER,20260825,17.1,17.15,16.91,16.97,23623584
JSFB,20260825,581.55,583.75,561.2,570.65,1777402
JSL,20260825,702.9,707.25,696.65,701.4,161234
JSLL,20260825,515.0,519.0,509.0,516.3,277056
JSWCEMENT,20260825,126.8,126.94,124.1,124.99,560460
JSWDULUX,20260825,3137.3,3139.9,3088.0,3114.3,9079
JSWENERGY,20260825,544.55,548.4,539.15,548.4,1268060
JSWHL,20260825,11360.0,11506.0,11112.0,11446.0,2861
JSWINFRA,20260825,340.2,345.5,337.85,343.95,2348613
JSWSTEEL,20260825,1326.0,1326.3,1310.1,1320.3,1234494
JTEKTINDIA,20260825,127.2,127.48,125.0,125.61,102312
JTLIND,20260825,79.24,79.9,78.35,78.82,934708
JUBLCPL,20260825,2127.1,2198.0,2120.7,2139.5,5315
JUBLFOOD,20260825,506.5,515.0,504.95,515.0,2203796
JUBLINGREA,20260825,711.25,720.8,705.0,706.8,135879
JUBLPHARMA,20260825,905.3,921.7,892.7,896.65,191721
JUNIORBEES,20260825,807.14,807.14,797.2,804.14,192124
JUNIPER,20260825,209.9,213.37,205.6,211.67,179523
JUSTDIAL,20260825,664.95,666.0,652.6,655.45,73841
JWL,20260825,248.4,253.45,245.25,246.9,625980
JYOTHYLAB,20260825,213.3,214.14,210.0,212.64,915660
JYOTICNC,20260825,980.25,1007.1,976.95,989.95,903848
JYOTIRES,20260825,853.4,879.75,835.3,864.6,16021
JYOTISTRUC,20260825,10.65,10.73,10.41,10.5,4241824
KABRAEXTRU,20260825,611.95,616.45,591.25,609.15,270498
KAJARIACER,20260825,1205.6,1227.0,1192.4,1213.9,164716
KAKATCEM,20260825,118.85,118.85,115.0,115.62,1346
KALAMANDIR,20260825,88.45,88.86,86.7,86.9,452209
KALPATARU,20260825,289.7,289.7,277.5,279.15,32954
KALYANIFRG,20260825,684.9,684.9,666.2,677.95,656
KALYANKJIL,20260825,607.95,625.3,604.25,612.6,11752343
KAMAHOLD,20260825,2430.2,2443.9,2387.8,2394.4,6974
KAMANWALA,20260825,17.5,17.5,16.5,16.56,596
KAMATHOTEL,20260825,223.0,229.8,215.0,227.2,163009
KAMDHENU,20260825,34.0,35.99,34.0,35.44,853936
KAMOPAINTS,20260825,4.63,4.84,4.5,4.58,212004
KANANIIND,20260825,1.52,1.52,1.45,1.45,142464
KANCHI,20260825,392.3,392.3,382.3,392.3,8126
KANCOTEA,20260825,56.35,56.45,51.65,56.45,106
KANORICHEM,20260825,156.45,162.0,152.5,158.95,113269
KANPRPLA,20260825,278.4,283.14,276.01,277.19,53611
KANSAINER,20260825,201.66,202.99,198.55,200.43,114463
KAPSTON,20260825,512.2,519.25,502.6,511.5,39865
KARMAENG,20260825,38.21,38.99,37.65,38.2,3120
KARURVYSYA,20260825,337.95,347.9,337.0,346.0,2922187
KAUSHALYA,20260825,885.0,892.8,861.4,883.8,91
KAVDEFENCE,20260825,57.2,62.09,56.8,59.51,311832
KAYA,20260825,367.35,375.0,349.0,349.85,23219
KAYNES,20260825,3859.3,3996.5,3804.0,3936.0,1815929
KCP,20260825,174.51,178.46,171.57,177.06,301672
KCPSUGIND,20260825,33.85,34.75,32.6,33.68,209322
KDDL,20260825,3900.0,4011.5,3855.3,3924.6,71886
KEC,20260825,430.5,433.9,425.2,426.35,608190
KECL,20260825,132.4,132.4,128.25,129.03,122655
KEEPLEARN,20260825,1.85,1.95,1.85,1.92,14846
KEI,20260825,5496.0,5590.2,5482.9,5588.0,435936
KELLTONTEC,20260825,13.76,14.05,13.55,13.63,1302102
KENNAMET,20260825,4190.0,4241.9,4103.0,4132.1,28142
KERNEX,20260825,1958.0,1959.0,1885.6,1899.4,163771
KESORAMIND,20260825,11.35,11.35,11.33,11.33,106597
KEYFINSERV,20260825,260.0,267.95,255.0,256.45,1585
KFINTECH,20260825,970.0,976.6,956.2,966.0,707013
KHADIM,20260825,105.29,106.94,103.3,106.94,38493
KHAICHEM,20260825,54.21,58.79,54.21,56.75,897796
KHAITANLTD,20260825,151.8,151.8,144.01,146.98,1954
KHANDSE,20260825,18.15,18.5,17.0,17.09,3694
KICL,20260825,5268.0,5340.0,5219.0,5238.0,406
KILITCH,20260825,165.9,175.1,164.4,171.04,28059
KIMS,20260825,770.0,783.4,765.5,772.5,1119308
KINGFA,20260825,5837.0,5946.0,5731.0,5909.5,12406
KIOCL,20260825,387.7,389.25,379.0,379.8,91621
KIRANVYPAR,20260825,202.99,203.0,200.35,202.5,4556
KIRIINDUS,20260825,506.0,511.0,496.8,498.7,842684
KIRLFER,20260825,441.4,444.25,436.0,442.5,19763
KIRLOSBROS,20260825,1939.1,1939.1,1886.0,1899.0,28327
KIRLOSENG,20260825,2075.0,2088.2,2025.8,2029.3,270982
KIRLOSIND,20260825,3633.9,3714.6,3633.9,3701.1,1755
KIRLPNU,20260825,729.9,736.9,716.1,721.9,98887
KISSHT,20260825,305.0,311.95,304.75,310.3,627682
KITEX,20260825,127.16,127.97,125.68,126.56,233788
KJMCFIN,20260825,64.56,77.0,64.56,71.97,13899
KKCL,20260825,523.0,523.0,512.8,515.45,13202
KLBRENG-B,20260825,400.0,400.0,389.05,393.9,188822
KMCSHIL,20260825,139.6,141.6,137.5,140.22,72174
KMEW,20260825,2705.0,2735.0,2660.4,2685.1,40991
KMSUGAR,20260825,34.04,35.0,31.12,32.48,552868
KNACK,20260825,203.0,203.9,194.6,196.58,1003094
KNAGRI,20260825,225.0,227.69,213.25,218.01,72200
KNRCON,20260825,127.95,127.95,123.1,123.79,1858731
KOHINOOR,20260825,36.0,38.47,35.51,35.78,267850
KOKUYOCMLN,20260825,81.55,83.0,78.9,79.11,86886
KOLTEPATIL,20260825,453.0,461.95,443.65,459.45,181065
KOPRAN,20260825,195.0,195.0,188.0,192.5,67197
KOTAKBANK,20260825,398.3,402.05,398.15,401.6,10154716
KOTARISUG,20260825,38.6,38.6,35.25,35.25,805383
KOTHARIPET,20260825,134.99,135.85,133.21,134.05,31292
KOTHARIPRO,20260825,69.98,70.65,68.34,68.92,4864
KOTIC,20260825,157.02,159.7,145.2,146.69,15386
KOTYARK,20260825,34.4,35.25,33.81,34.46,173677
KOVAI,20260825,5951.0,6000.0,5905.5,5985.5,3612
KPEL,20260825,257.0,257.0,249.65,253.45,229515
KPIGREEN,20260825,322.05,323.65,316.55,319.25,490139
KPIL,20260825,1388.9,1402.7,1380.5,1384.4,130685
KPITTECH,20260825,583.1,592.0,577.0,592.0,1582973
KPL,20260825,3465.9,3529.8,3350.0,3373.1,45124
KPRMILL,20260825,1110.0,1125.0,1100.1,1120.0,136421
KRBL,20260825,436.0,436.0,419.0,423.0,1535674
KREBSBIO,20260825,53.5,54.38,52.99,53.78,4704
KRIDHANINF,20260825,2.06,2.08,1.99,2.05,23196
KRISHANA,20260825,199.02,204.7,196.58,201.72,1569099
KRISHIVAL,20260825,409.1,410.2,405.0,406.25,10510
KRISHNADEF,20260825,1014.4,1048.6,1014.4,1030.6,81197
KRITI,20260825,65.0,67.39,63.7,64.35,32019
KRITIKA,20260825,5.5,5.63,5.4,5.49,100206
KRITINUT,20260825,88.68,91.99,88.06,90.39,14617
KRN,20260825,1470.0,1540.0,1465.0,1524.8,251622
KRONOX,20260825,205.36,205.36,184.83,186.14,1026770
KROSS,20260825,209.54,215.2,208.0,209.11,374846
KRSNAA,20260825,564.0,569.1,560.0,564.8,22306
KRYSTAL,20260825,648.0,654.45,620.0,621.05,30001
KSB,20260825,788.0,808.0,785.65,802.85,206809
KSCL,20260825,768.35,793.6,760.85,786.85,291436
KSE,20260825,176.26,178.0,174.0,175.94,26206
KSHINTL,20260825,982.35,989.8,962.5,970.2,132107
KSHITIJPOL,20260825,2.88,2.97,2.88,2.97,1431205
KSL,20260825,879.0,885.3,866.3,874.2,18022
KSOLVES,20260825,275.75,276.0,271.55,274.15,11188
KSR,20260825,29.4,29.99,28.12,28.65,33612
KTKBANK,20260825,333.25,337.7,332.0,334.6,2784058
KUANTUM,20260825,72.41,74.0,71.1,72.12,87346
KUSUMGAR,20260825,609.0,616.0,595.0,599.2,318445
KWIL,20260825,48.4,50.35,46.81,47.19,51218456
LADDERUP,20260825,51.5,51.5,49.0,49.0,281
LAGNAM,20260825,74.6,76.99,74.6,75.93,3062
LAHOTIOV,20260825,41.75,42.49,41.51,42.17,2411
LAKPRE,20260825,4.37,4.37,4.1,4.28,1060
LAKSHMIMIL,20260825,8120.0,8350.0,7900.0,8020.5,30
LAL,20260825,8.8,9.09,8.78,8.83,12307
LALITHAA,20260825,250.0,259.19,248.0,249.87,29783775
LALPATHLAB,20260825,1893.8,1929.8,1875.1,1913.7,194732
LAMBODHARA,20260825,144.0,145.85,130.2,142.03,423658
LANCER,20260825,10.98,11.48,10.3,11.34,735822
LANCORHOL,20260825,33.2,33.9,30.9,32.14,465423
LANDMARK,20260825,536.05,537.9,525.05,528.45,65953
LANDSMILL,20260825,0.75,0.76,0.69,0.7,6015449
LAOPALA,20260825,169.46,173.95,166.5,170.88,276685
LARGEMID50,20260825,36.8,36.92,36.75,36.83,9786
LASA,20260825,7.05,7.5,6.76,7.07,32176
LASERPOWER,20260825,334.0,343.5,331.1,335.4,1330667
LATENTVIEW,20260825,278.5,281.35,277.45,279.35,233761
LATTEYS,20260825,23.05,23.05,22.0,22.25,44345
LAURUSLABS,20260825,1808.0,1869.4,1796.5,1866.2,3550945
LAXMICOT,20260825,13.8,14.13,13.2,13.67,24014
LAXMIDENTL,20260825,196.35,196.35,192.44,193.1,62870
LAXMIINDIA,20260825,124.5,129.5,121.66,125.96,395709
LCCINFOTEC,20260825,3.53,3.53,3.31,3.41,100687
LCL,20260825,582.9,599.5,575.0,587.0,837602
LEAPIND,20260825,158.66,162.45,157.45,158.31,3568532
LEENEE,20260825,10.72,11.48,9.81,9.91,81045
LEMERITE,20260825,23.3,23.58,22.45,22.9,296619
LEMONTREE,20260825,109.0,109.5,108.15,109.21,1541936
LENSKART,20260825,655.95,670.5,647.1,655.95,6221160
LEXUS,20260825,14.49,14.49,13.13,13.27,21392
LFIC,20260825,138.0,140.01,137.91,138.04,773
LGBBROSLTD,20260825,1608.6,1618.0,1592.1,1611.5,15587
LGEINDIA,20260825,1662.3,1695.0,1654.0,1690.4,614640
LGHL,20260825,182.66,182.66,172.0,174.84,7367
LIBAS,20260825,9.71,10.25,9.71,10.15,43855
LIBERTSHOE,20260825,243.75,250.95,241.35,247.15,64963
LICHSGFIN,20260825,490.0,506.4,489.15,506.0,3617182
LICI,20260825,421.9,428.15,420.2,424.0,11707497
LICMFGOLD,20260825,144.9,145.5,143.85,145.0,113234
LICNETFGSC,20260825,29.56,29.72,29.52,29.59,26681
LICNETFN50,20260825,272.36,274.58,270.44,274.58,302
LICNETFSEN,20260825,877.27,880.0,872.06,880.0,64
LICNFNHGP,20260825,278.75,278.96,278.75,278.82,71
LICNMID100,20260825,64.07,64.74,63.61,64.74,105789
LIKHITHA,20260825,210.2,212.99,207.1,210.78,19975
LINC,20260825,95.01,98.01,95.01,96.11,12031
LINCOLN,20260825,616.8,631.3,609.2,618.2,44784
LINDEINDIA,20260825,6540.0,6599.5,6458.0,6493.5,18701
LIQGRWBEES,20260825,1051.1,1053.13,1051.1,1053.03,130057
LIQUID,20260825,1000.0,1000.0,999.99,999.99,176298
LIQUID1,20260825,1119.66,1120.69,1119.52,1119.86,791809
LIQUIDADD,20260825,1141.96,1141.98,1141.95,1141.96,228842
LIQUIDBEES,20260825,999.99,1000.01,999.62,1000.0,4374134
LIQUIDBETA,20260825,1005.71,1005.71,1005.71,1005.71,501
LIQUIDBETF,20260825,1096.17,1096.19,1096.17,1096.18,178990
LIQUIDCASE,20260825,115.63,115.65,115.63,115.63,16916174
LIQUIDETF,20260825,1000.0,1000.01,999.99,999.99,91075
LIQUIDIETF,20260825,1000.0,1000.01,999.95,999.99,536237
LIQUIDPLUS,20260825,1100.5,1100.52,1100.5,1100.5,59164
LIQUIDSBI,20260825,999.99,1000.01,999.99,999.99,2386
LIQUIDSHRI,20260825,1118.86,1118.88,1118.86,1118.88,1176
LKPSEC,20260825,16.29,16.64,15.05,15.89,39573
LLOYDSENGG,20260825,87.3,88.12,84.6,85.73,7442006
LLOYDSENT,20260825,74.1,74.65,72.98,74.07,2861883
LLOYDSME,20260825,1825.2,1857.4,1808.5,1844.7,240207
LMW,20260825,19568.0,19682.0,19261.0,19358.0,2080
LODHA,20260825,1257.5,1283.0,1253.1,1281.1,2232829
LOKESHMACH,20260825,320.2,326.9,308.55,313.0,11793
LORDSCHLO,20260825,135.0,136.66,131.13,134.49,14794
LOTUSCHO,20260825,620.0,632.0,617.05,625.4,5672
LOTUSDEV,20260825,175.5,181.7,175.29,181.56,2831800
LOTUSEYE,20260825,116.07,116.49,112.3,113.99,18144
LOVABLE,20260825,71.16,73.1,71.1,71.28,6665
LOWVOL,20260825,207.95,208.45,207.32,208.1,3547
LOWVOL1,20260825,21.2,21.43,21.19,21.39,174147
LOWVOLIETF,20260825,22.25,22.48,22.2,22.34,914049
LPDC,20260825,7.05,7.3,7.05,7.18,27312
LT,20260825,4085.0,4125.3,4066.6,4119.0,1316074
LTF,20260825,315.9,320.8,315.15,319.5,3760223
LTFOODS,20260825,456.75,459.0,439.25,445.8,2571532
LTGILTBEES,20260825,29.35,30.06,29.35,30.02,594582
LTGILTCASE,20260825,30.65,30.65,30.48,30.58,268483
LTM,20260825,4529.7,4550.0,4469.1,4528.0,204574
LTTS,20260825,3597.8,3609.3,3550.1,3568.2,36489
LUMAXIND,20260825,5820.0,5940.0,5716.0,5909.0,9541
LUMAXTECH,20260825,1966.0,1966.0,1900.0,1932.1,113432
LUPIN,20260825,2182.6,2189.9,2158.1,2175.5,545272
LUXIND,20260825,1221.2,1230.2,1208.2,1227.1,26508
LXCHEM,20260825,174.0,175.44,169.5,170.5,658611
LYKALABS,20260825,76.58,76.58,73.59,73.59,53758
M&M,20260825,3414.1,3443.0,3396.8,3443.0,1078022
M&MFIN,20260825,378.7,385.95,377.8,381.45,1967122
MAANALU,20260825,121.58,121.58,117.36,118.32,28171
MACPOWER,20260825,1963.4,2050.0,1853.0,1903.0,100601
MADHAV,20260825,35.14,36.9,34.65,35.46,4492
MADHAVIPL,20260825,7.54,7.54,7.16,7.23,93653
MADHUCON,20260825,5.38,5.38,4.95,5.1,17964
MADRASFERT,20260825,67.0,71.99,66.8,69.81,1345351
MAFANG,20260825,206.26,206.94,206.26,206.94,136421
MAFATIND,20260825,122.0,123.59,119.02,120.92,32004
MAGADSUGAR,20260825,594.45,604.7,580.0,582.35,70144
MAGNUM,20260825,19.6,19.6,18.51,19.26,18607
MAHABANK,20260825,80.71,82.93,80.51,81.7,19104372
MAHAPEXLTD,20260825,61.5,61.5,57.77,58.85,5973
MAHASTEEL,20260825,1185.0,1205.0,1170.1,1202.1,35107
MAHEPC,20260825,106.9,106.99,105.08,106.2,13077
MAHESHWARI,20260825,75.24,76.81,74.01,74.96,32120
MAHKTECH,20260825,23.38,23.38,22.75,22.88,469214
MAHLIFE,20260825,379.15,383.0,375.0,376.55,81225
MAHLOG,20260825,403.1,405.8,396.1,399.7,95410
MAHSCOOTER,20260825,13139.0,13338.0,13001.0,13216.0,2847
MAHSEAMLES,20260825,634.9,655.95,632.0,636.55,305342
MAITHANALL,20260825,999.0,999.05,983.25,988.75,22169
MAJESAUT,20260825,369.9,369.9,355.05,359.15,2316
MAKEINDIA,20260825,167.99,169.04,166.92,168.14,43860
MAKERSL,20260825,228.0,236.0,212.55,215.51,76863
MALLCOM,20260825,962.0,1030.0,962.0,1016.8,4104
MALUPAPER,20260825,31.38,32.61,31.34,32.01,14601
MAMATA,20260825,417.5,417.5,407.3,410.4,16125
MANAKALUCO,20260825,36.8,41.68,36.8,40.04,188666
MANAKCOAT,20260825,125.0,125.69,123.0,124.09,100398
MANAKSIA,20260825,57.4,58.44,56.51,57.7,8381
MANAKSTEEL,20260825,88.89,88.89,86.25,86.74,30318
MANALIPETC,20260825,74.5,77.14,74.41,74.87,976418
MANAPPURAM,20260825,366.25,369.7,363.3,367.45,4778127
MANBA,20260825,129.3,131.6,126.37,127.61,115450
MANBRO,20260825,59.45,60.5,59.01,59.66,220837
MANCREDIT,20260825,222.64,224.86,220.0,222.17,18317
MANGALAM,20260825,30.44,33.39,30.0,32.84,273648
MANGLMCEM,20260825,1050.0,1060.0,1002.05,1034.5,116826
MANINDS,20260825,719.15,729.0,704.4,711.5,472295
MANINFRA,20260825,114.38,114.47,112.14,113.86,884939
MANIPALHOS,20260825,743.05,768.5,743.0,762.8,2348541
MANKIND,20260825,2374.4,2374.4,2337.6,2365.0,415562
MANOMAY,20260825,214.75,218.34,210.6,215.57,67567
MANORAMA,20260825,1905.8,1930.0,1896.1,1914.6,157027
MANORG,20260825,479.85,502.0,479.7,500.4,16836
MANUFGBEES,20260825,166.72,166.91,165.15,166.85,1996
MANUGRAPH,20260825,15.99,16.0,15.36,15.99,8111
MANYAVAR,20260825,530.0,541.25,523.0,536.5,3852349
MAPMYINDIA,20260825,966.9,971.9,955.0,964.3,138012
MARALOVER,20260825,55.0,55.99,53.47,55.0,5298
MARATHON,20260825,434.0,440.0,396.1,402.4,2065646
MARICO,20260825,845.1,848.0,838.2,847.5,507512
MARINE,20260825,385.0,388.95,369.25,373.5,459518
MARKOLINES,20260825,171.08,173.24,169.09,171.95,219360
MARKSANS,20260825,326.3,330.75,315.1,318.5,1686249
MARSONS,20260825,120.7,124.99,120.02,123.4,4140791
MARUTI,20260825,13609.0,13678.0,13450.0,13678.0,296429
MASFIN,20260825,293.0,301.9,289.3,299.6,213138
MASKINVEST,20260825,150.0,150.0,144.41,144.5,258
MASPTOP50,20260825,79.95,79.95,79.95,79.95,122161
MASTEK,20260825,1695.0,1697.5,1655.7,1666.5,46331
MASTERTR,20260825,84.01,85.75,82.15,82.83,213309
MATRIMONY,20260825,517.25,538.0,516.35,519.25,6996
MAWANASUG,20260825,149.0,150.0,140.0,143.68,838255
MAXESTATES,20260825,543.1,562.2,540.25,556.05,350806
MAXHEALTH,20260825,990.5,1016.0,980.3,1016.0,1889964
MAXIND,20260825,154.34,154.34,150.0,150.66,29532
MAYURUNIQ,20260825,774.4,774.4,740.05,745.4,65868
MAZDA,20260825,235.1,242.0,235.1,240.08,10743
MAZDOCK,20260825,2539.9,2621.7,2520.0,2610.0,1640159
MBAPL,20260825,171.0,172.0,167.44,168.55,601736
MBEL,20260825,274.6,275.7,270.6,272.05,72817
MBLINFRA,20260825,23.9,23.9,23.37,23.68,10400
MCCHRLS-B,20260825,698.0,698.0,668.05,673.2,31
MCL,20260825,58.66,59.8,57.55,57.74,20576
MCLEODRUSS,20260825,50.9,51.04,49.1,50.53,196809
MCLOUD,20260825,29.58,29.7,28.7,29.0,3759566
MCX,20260825,3290.0,3308.7,3254.3,3280.0,2029898
MEDANTA,20260825,1402.0,1414.0,1393.0,1404.4,69432
MEDIASSIST,20260825,355.95,367.0,349.65,351.2,692862
MEDICAMEQ,20260825,232.2,238.48,232.2,237.94,9467
MEDICAPQ,20260825,26.43,27.99,25.0,26.0,6092
MEDICO,20260825,42.03,43.0,41.46,42.06,517156
MEDPLUS,20260825,677.0,681.55,671.65,678.15,208739
MEESHO,20260825,205.19,209.95,202.0,206.32,17211698
MEGASTAR,20260825,313.75,314.1,305.3,305.6,2638
MEIL,20260825,262.0,301.2,258.4,276.2,618782
MENNPIS,20260825,71.48,71.97,69.6,70.54,62146
MENONBE,20260825,261.98,272.0,249.39,264.5,96276
MEP,20260825,0.69,0.69,0.69,0.69,26541
MERCANTILE,20260825,24.22,25.77,24.0,24.49,1718
MERCURYEV,20260825,39.5,39.5,36.1,37.4,169903
METAL,20260825,13.8,13.8,13.36,13.45,1778710
METALIETF,20260825,13.12,13.49,12.0,13.4,6112220
METROBRAND,20260825,916.2,925.0,901.0,922.1,27546
METROGLOBL,20260825,143.28,145.0,137.01,138.94,5938
METROPOLIS,20260825,566.95,569.0,563.0,566.7,150521
MFML,20260825,19.48,19.48,18.62,18.8,73
MFSL,20260825,1587.7,1600.4,1570.0,1592.5,944748
MGEL,20260825,14.98,14.98,14.41,14.53,59843
MGL,20260825,1131.0,1131.0,1100.0,1101.4,262893
MHLXMIRU,20260825,189.0,189.2,182.0,185.0,4715
MHRIL,20260825,221.2,222.64,218.0,219.1,88912
MICEL,20260825,36.0,36.7,35.7,35.9,85966
MID150,20260825,23.34,23.93,23.34,23.91,19922
MID150BEES,20260825,243.65,243.65,241.68,242.92,415863
MID150CASE,20260825,11.5,12.08,11.5,11.84,1677933
MIDBANKADD,20260825,17.67,17.67,17.46,17.54,2430
MIDCAP,20260825,18.72,18.92,18.65,18.82,409372
MIDCAPADD,20260825,23.48,23.66,23.45,23.62,5021
MIDCAPBETA,20260825,237.48,237.52,236.01,236.98,1124
MIDCAPETF,20260825,23.96,24.09,23.89,24.04,1427564
MIDCAPIETF,20260825,24.18,24.28,24.16,24.26,682425
MIDHANI,20260825,417.0,418.85,411.5,414.4,789570
MIDQ50ADD,20260825,25.4,25.44,25.15,25.33,13651
MIDSELIETF,20260825,20.0,20.13,19.88,20.07,220569
MIDSMALL,20260825,51.23,52.34,51.23,52.24,332303
MIDWESTLTD,20260825,1155.0,1170.0,1140.0,1149.0,7492
MIIL,20260825,711.05,738.45,703.05,722.05,100151
MILKYMIST,20260825,198.0,205.7,197.0,201.92,15543026
MINALIND,20260825,3.4,3.74,3.15,3.63,693303
MINDACORP,20260825,720.95,734.85,696.75,703.55,667361
MINDTECK,20260825,170.0,171.79,166.21,169.35,30228
MIRZAINT,20260825,31.1,32.79,31.1,32.3,222450
MITCON,20260825,79.88,79.88,75.87,77.04,3645
MITTAL,20260825,0.87,0.89,0.83,0.85,1123584
MKEXIM,20260825,61.0,63.0,60.1,61.88,37428
MKPL,20260825,4.17,4.18,4.08,4.12,61239
MLKFOOD,20260825,90.04,92.0,89.32,91.21,11060
MMFL,20260825,636.0,642.45,628.0,629.95,59383
MMP,20260825,396.0,408.0,386.35,389.7,60122
MMTC,20260825,64.84,65.45,63.58,63.9,1677272
MMWL,20260825,15.46,16.19,15.42,15.77,136296
MNC,20260825,34.21,34.89,33.96,34.29,56047
MOALPHA50,20260825,56.11,56.62,56.1,56.59,4562
MOBANK10,20260825,17.02,17.02,16.89,16.9,1582
MOBIKWIK,20260825,194.5,198.85,193.31,197.05,731274
MOCAPITAL,20260825,54.9,55.42,54.73,55.3,2391215
MODEFENCE,20260825,109.7,109.7,106.01,107.23,1072538
MODINATUR,20260825,359.0,371.4,359.0,371.4,19502
MODIRUBBER,20260825,135.0,139.95,127.3,138.44,20818
MODIS,20260825,382.5,383.0,372.0,378.05,19628
MODISONLTD,20260825,398.0,416.0,392.1,414.85,136470
MODTHREAD,20260825,55.01,58.69,52.0,56.8,10948
MOENERGY,20260825,38.4,38.41,38.15,38.33,47383
MOGOLD,20260825,159.65,159.65,158.15,158.55,47287
MOGSEC,20260825,65.17,65.7,65.13,65.16,18151
MOHEALTH,20260825,51.24,51.69,51.0,51.56,55544
MOHITE,20260825,2.47,2.62,2.46,2.54,11300
MOHITIND,20260825,23.8,25.0,23.26,24.06,25643
MOIL,20260825,255.8,257.2,252.5,254.3,667470
MOINFRA,20260825,59.47,59.61,59.02,59.36,4050
MOIPO,20260825,48.99,49.35,48.52,49.35,20578
MOKSH,20260825,10.44,10.48,10.1,10.13,289288
MOL,20260825,64.36,64.99,61.9,62.51,1543832
MOLBIO,20260825,1224.15,1247.0,1180.05,1227.35,2430947
MOLDTECH,20260825,196.62,196.62,187.0,191.54,48207
MOLDTKPAC,20260825,716.25,719.95,704.7,706.8,62342
MOLOWVOL,20260825,36.81,36.92,36.56,36.65,1628
MOM100,20260825,68.85,69.4,68.64,69.22,140167
MOM30IETF,20260825,31.91,31.91,31.5,31.78,297907
MOM50,20260825,253.9,255.05,252.48,254.22,1912
MOMENTUM,20260825,32.07,32.34,31.29,31.94,58111
MOMENTUM30,20260825,31.39,31.39,30.94,31.21,17345
MOMENTUM50,20260825,54.31,54.99,54.26,54.85,367559
MOMETAL,20260825,13.65,13.65,13.28,13.32,4895
MOMGF,20260825,164.75,164.76,164.18,164.76,178
MOMIDMTM,20260825,65.19,65.44,64.71,65.22,89749
MOMMIDCAP,20260825,13.5,13.5,13.09,13.22,2273299
MOMNC,20260825,33.11,33.28,32.92,33.27,4506
MOMOMENTUM,20260825,62.57,63.33,62.57,63.29,225557
MON100,20260825,329.05,329.05,327.98,329.05,504985
MON50EQUAL,20260825,33.58,33.78,33.48,33.69,29003
MONARCH,20260825,387.5,388.95,378.0,383.25,66174
MONEXT50,20260825,73.98,74.62,73.59,74.61,2538
MONEYBOXX,20260825,56.85,60.0,56.0,56.39,9176
MONIFTY100,20260825,25.54,25.69,25.44,25.64,8585
MONIFTY500,20260825,24.03,24.24,23.77,24.09,564732
MONQ50,20260825,147.84,147.84,147.84,147.84,47941
MONTECARLO,20260825,550.7,557.65,537.9,545.1,67529
MOOILGAS,20260825,11.47,11.47,11.15,11.22,20026
MOPSE,20260825,99.49,100.5,99.16,99.84,8655
MOQUALITY,20260825,203.28,204.13,201.0,202.85,651
MOREALTY,20260825,91.5,92.0,91.16,91.77,307002
MOREPENLAB,20260825,94.91,95.57,92.7,93.9,8974075
MOSCHIP,20260825,206.0,206.95,204.5,205.35,695326
MOSERVICE,20260825,31.1,31.5,30.92,31.19,1217
MOSILVER,20260825,238.49,238.72,235.87,236.4,50633
MOSMALL250,20260825,18.54,18.54,18.38,18.48,690151
MOTHERSON,20260825,167.61,168.28,164.81,166.45,8705147
MOTILALOFS,20260825,992.0,1019.9,992.0,1011.5,1836119
MOTISONS,20260825,16.6,16.68,15.85,16.29,38460687
MOTOGENFIN,20260825,26.74,26.89,26.17,26.74,2370
MOTOUR,20260825,79.69,80.07,79.14,79.84,20435
MOVALUE,20260825,113.16,113.68,113.1,113.5,52827
MPDL,20260825,41.3,41.3,37.44,37.44,11252
MPHASIS,20260825,2436.7,2443.6,2400.5,2431.9,78365
MPSLTD,20260825,2738.0,2748.6,2660.0,2705.1,45576
MRF,20260825,134240.0,134385.0,131400.0,132295.0,6400
MRPL,20260825,174.0,174.3,171.26,171.84,2791179
MSCI360,20260825,10.77,10.77,10.18,10.31,126047
MSCIADD,20260825,29.67,29.94,29.66,29.94,879
MSCIINDIA,20260825,30.15,30.34,29.98,30.29,12970
MSL,20260825,151.99,151.99,149.2,149.2,6
MSPL,20260825,33.12,33.85,33.12,33.46,551397
MSTCLTD,20260825,732.75,734.5,717.05,727.95,252518
MSUMI,20260825,37.6,37.7,36.54,36.82,18493879
MTARTECH,20260825,6834.5,6970.0,6730.5,6928.5,55629
MTEDUCARE,20260825,1.75,1.85,1.74,1.78,18369
MTNL,20260825,26.5,26.73,26.4,26.57,494319
MUFIN,20260825,138.51,139.39,137.29,138.02,387907
MUFTI,20260825,77.69,77.9,75.0,76.34,110384
MUKANDLTD,20260825,135.51,136.49,134.31,135.11,51620
MUKESHB,20260825,138.0,144.9,138.0,144.9,58
MUKKA,20260825,25.58,26.49,25.1,25.78,371184
MUKTAARTS,20260825,56.94,56.94,56.5,56.5,1076
MULTICAP,20260825,16.96,16.96,16.8,16.89,1114614
MUNJALAU,20260825,112.0,113.4,110.86,112.68,431382
MUNJALSHOW,20260825,132.72,132.72,130.51,131.85,18224
MURUDCERA,20260825,30.0,31.1,30.0,30.65,16971
MUTHOOTCAP,20260825,255.41,255.41,244.01,245.08,13018
MUTHOOTFIN,20260825,3209.0,3227.7,3166.4,3201.0,837716
MUTHOOTMF,20260825,212.81,212.81,207.9,212.04,247964
MVELECTRO,20260825,579.0,582.7,559.0,564.15,367077
MVGJL,20260825,151.4,152.59,148.82,151.2,32627
MWL,20260825,41.08,41.08,40.0,40.18,126649
MYSORPETRO,20260825,153.0,153.0,145.86,145.86,7301
NACLIND,20260825,178.5,185.41,175.93,181.65,1002431
NAGREEKCAP,20260825,22.9,23.9,22.9,23.05,4325
NAGREEKEXP,20260825,22.3,22.99,22.3,22.69,3154
NAHARCAP,20260825,257.24,263.61,255.2,259.99,3102
NAHARINDUS,20260825,153.0,154.0,136.0,139.23,389640
NAHARPOLY,20260825,241.0,246.2,240.1,244.7,6174
NAHARSPING,20260825,302.75,303.8,290.0,296.35,24592
NAM-INDIA,20260825,1247.0,1253.1,1220.0,1224.4,1193328
NARMADA,20260825,14.5,15.15,13.8,14.0,1889713
NATCAPSUQ,20260825,165.17,168.3,163.28,166.88,60568
NATCOPHARM,20260825,884.0,885.05,865.0,866.25,443465
NATHBIOGEN,20260825,155.4,155.9,152.0,152.94,6917
NATIONALUM,20260825,402.0,402.0,392.05,397.8,3855735
NATIONSTD,20260825,116.0,119.39,114.61,114.61,94447
NAUKRI,20260825,1345.7,1350.0,1328.1,1350.0,970768
NAVA,20260825,567.0,570.95,556.3,566.95,227948
NAVINFLUOR,20260825,8219.0,8222.5,8090.0,8209.0,85121
NAVKARCORP,20260825,97.81,97.88,96.0,97.07,174011
NAVKARURB,20260825,0.96,0.99,0.95,0.97,282382
NAVNETEDUL,20260825,133.0,134.2,132.75,133.45,155049
NAZARA,20260825,348.95,360.0,343.1,358.0,2531169
NBCC,20260825,88.2,89.5,87.79,89.5,4906608
NBIFIN,20260825,2000.0,2000.0,1968.3,1990.6,110
NCC,20260825,147.5,149.02,145.83,148.31,1612591
NCLIND,20260825,174.3,175.99,172.3,174.13,260210
NDGL,20260825,2696.6,2712.1,2685.0,2706.7,429
NDL,20260825,3.1,3.16,2.94,3.08,7634029
NDLVENTURE,20260825,122.0,124.78,120.01,121.85,3958
NDRAUTO,20260825,743.35,749.9,724.2,728.3,19997
NDTV,20260825,75.2,75.83,73.95,74.77,93491
NEAGI,20260825,3256.0,3470.0,3256.0,3456.7,49
NECCLTD,20260825,16.59,17.41,16.59,17.41,134016
NECLIFE,20260825,10.72,11.44,10.72,11.33,317808
NELCAST,20260825,116.17,118.0,114.1,114.91,51004
NELCO,20260825,914.9,929.0,909.0,925.6,153324
NEOGEN,20260825,2133.0,2144.0,2086.4,2123.2,111358
NEPHROPLUS,20260825,695.0,707.0,680.0,697.35,145755
NESCO,20260825,1038.8,1041.7,1026.0,1030.9,23456
NESTLEIND,20260825,1471.3,1479.0,1458.8,1479.0,1634440
NETF,20260825,269.2,269.2,261.7,263.71,1530
NETWEB,20260825,5400.0,5413.2,5191.0,5273.5,1906041
NETWORK18,20260825,30.34,31.49,29.99,30.36,5965758
NEUEON,20260825,14.99,14.99,13.8,13.8,34273
NEULANDLAB,20260825,22905.0,23044.0,22637.0,22948.0,37631
NEWGEN,20260825,527.0,532.65,519.0,525.55,458147
NEXT30ADD,20260825,43.4,43.74,43.17,43.66,4543
NEXT50,20260825,763.5,769.0,761.39,768.19,18363
NEXT50ADD,20260825,74.41,75.0,74.23,74.87,4818
NEXT50BETA,20260825,80.2,80.25,79.06,80.2,83801
NEXT50ETF,20260825,74.54,75.26,74.34,74.71,150661
NEXT50IETF,20260825,78.48,78.82,77.8,78.63,1738596
NEXTMEDIA,20260825,3.7,3.94,3.7,3.91,7247
NFL,20260825,71.5,75.38,71.5,72.4,9079148
NGIL,20260825,41.0,41.0,39.2,39.28,10787
NGLFINE,20260825,2866.0,2894.9,2782.2,2803.8,8829
NH,20260825,1865.1,1896.0,1860.1,1890.1,237647
NHPC,20260825,76.65,77.3,75.87,76.62,12860031
NIACL,20260825,184.25,191.16,183.15,187.29,2389793
NIBE,20260825,1438.0,1438.1,1382.1,1394.7,62047
NIBL,20260825,31.89,31.89,31.09,31.44,4497
NICCOPAR,20260825,81.5,88.0,81.0,85.35,5507
NIF100BEES,20260825,267.98,270.6,267.98,270.11,24933
NIF100IETF,20260825,28.31,28.4,28.21,28.32,42390
NIFTY1,20260825,275.64,275.64,267.0,269.63,41665
NIFTY100EW,20260825,34.64,36.08,34.64,35.69,273247
NIFTYADD,20260825,252.36,256.23,252.36,255.97,6634
NIFTYAXIS,20260825,273.06,273.06,267.22,269.11,5016
NIFTYBEES,20260825,275.87,277.5,275.17,276.94,3590196
NIFTYBETA,20260825,268.67,270.56,267.69,269.9,260287
NIFTYBETF,20260825,249.18,250.62,248.17,249.75,858
NIFTYCASE,20260825,9.95,9.95,9.69,9.77,680671
NIFTYETF,20260825,260.86,265.3,260.86,264.78,69487
NIFTYIETF,20260825,278.0,278.0,273.85,275.46,451653
NIFTYJBLK,20260825,12.65,12.65,12.35,12.42,131697
NIFTYQLITY,20260825,21.61,21.86,21.46,21.69,44349
NIITLTD,20260825,99.7,103.4,99.2,102.68,1305887
NIITMTS,20260825,227.37,230.98,221.67,230.03,121298
NILAINFRA,20260825,6.94,7.02,6.89,6.91,147604
NILASPACES,20260825,13.24,13.35,12.42,12.76,1731878
NILE,20260825,1487.0,1493.0,1464.0,1472.1,2874
NILKAMAL,20260825,2023.0,2037.6,2005.0,2015.9,17806
NIMBSPROJ,20260825,170.0,181.0,168.0,176.28,531921
NINSYS,20260825,745.0,746.0,710.0,716.9,2097
NIPPOBATRY,20260825,328.25,334.0,322.05,324.6,1216
NIRAJ,20260825,28.3,28.9,28.25,28.6,21582
NIRAJISPAT,20260825,216.0,216.0,216.0,216.0,45
NIRLON,20260825,647.5,648.0,640.95,643.4,9194
NITCO,20260825,103.49,109.25,94.2,95.78,20561837
NITINSPIN,20260825,579.6,628.0,578.5,623.65,714002
NITIRAJ,20260825,196.06,204.99,196.06,204.08,1360
NITTAGELA,20260825,1560.0,1575.5,1553.0,1561.6,2366
NIVABUPA,20260825,82.51,83.8,81.9,83.21,654114
NKIND,20260825,49.66,60.45,49.66,59.06,14708
NLCINDIA,20260825,274.75,275.0,270.35,271.3,610844
NMDC,20260825,85.9,86.28,85.29,85.94,16488458
NOCIL,20260825,166.78,167.19,161.8,163.93,352668
NOIDATOLL,20260825,4.07,4.18,4.0,4.08,62546
NORBTEAEXP,20260825,73.0,73.0,69.0,70.01,1568
NORTHARC,20260825,282.55,294.4,282.55,291.65,909363
NOVAAGRI,20260825,24.44,24.99,24.25,24.89,26706
NOVARTIND,20260825,1503.8,1503.8,1474.2,1486.3,6845
NPBET,20260825,285.09,288.99,281.0,281.72,824
NPST,20260825,1561.8,1638.7,1561.8,1608.0,29517
NRAIL,20260825,524.0,524.0,504.0,509.65,1780
NRBBEARING,20260825,476.95,483.45,467.25,470.1,216424
NRL,20260825,120.05,122.41,120.05,122.41,117862
NSIL,20260825,5781.0,5837.0,5670.5,5685.5,2152
NSLNISP,20260825,40.1,40.85,39.83,39.95,3775872
NTCIND,20260825,144.8,145.0,132.65,136.89,2502
NTPC,20260825,339.0,340.8,335.65,339.85,5260835
NTPCGREEN,20260825,91.69,92.03,91.04,91.65,1170640
NUCLEUS,20260825,737.9,746.7,726.0,744.6,27531
NURECA,20260825,301.0,309.9,290.2,296.65,12015
NUVAMA,20260825,1750.0,1761.0,1722.9,1754.6,204290
NUVOCO,20260825,322.8,323.4,319.5,321.35,92944
NV20,20260825,13.99,13.99,13.87,13.93,53290
NV20BEES,20260825,139.74,140.33,138.86,139.82,17915
NV20IETF,20260825,13.4,13.65,13.4,13.62,900232
NYKAA,20260825,330.0,334.7,328.0,334.0,3453986
OAL,20260825,343.55,351.0,335.0,349.35,12254
OBCL,20260825,54.81,58.0,46.51,56.72,40626
OBEROIRLTY,20260825,1871.0,1882.4,1858.8,1880.0,152351
OCCLLTD,20260825,160.0,163.2,157.01,160.66,19448
ODIGMA,20260825,21.63,22.7,21.63,21.88,11302
ODYCORP,20260825,8.0,8.0,6.8,7.1,14662
OFSS,20260825,11518.0,11729.0,11355.0,11729.0,196029
OIL,20260825,479.0,479.0,466.05,467.5,1223240
OILCOUNTUB,20260825,59.45,59.75,58.0,58.39,12659
OILIETF,20260825,11.33,11.37,11.29,11.35,5451173
OLAELEC,20260825,37.68,37.85,36.05,36.2,31557445
OLECTRA,20260825,1298.2,1306.6,1279.5,1291.8,219099
OMAXAUTO,20260825,198.99,198.99,190.81,193.02,37608
OMAXE,20260825,101.7,102.95,97.86,99.63,911991
OMFREIGHT,20260825,93.6,93.6,90.81,92.5,2425
OMINFRAL,20260825,83.89,86.4,83.05,83.75,60090
OMNI,20260825,596.8,608.5,574.05,577.0,650309
OMPOWER,20260825,164.12,171.24,162.06,167.7,153882
ONEGLOBAL,20260825,562.9,562.95,545.0,546.2,9369
ONELIFECAP,20260825,33.8,33.8,32.11,32.63,1927
ONEPOINT,20260825,55.54,55.54,54.88,55.24,559556
ONESOURCE,20260825,1531.0,1536.2,1511.1,1516.1,60036
ONGC,20260825,236.0,236.55,233.35,234.0,12124076
ONIDA,20260825,37.45,38.44,36.5,37.58,734013
ONIXSOLAR,20260825,276.15,290.65,276.15,276.25,856148
ONMOBILE,20260825,54.75,54.75,54.75,54.75,31896
ONWARDTEC,20260825,284.9,287.15,281.85,284.5,22716
OPTIEMUS,20260825,592.0,609.95,581.6,595.8,626467
OPTIFIN,20260825,11.82,14.44,11.82,13.89,506855
ORBTEXP,20260825,227.27,241.0,227.27,238.02,4335
ORCHASP,20260825,1.31,1.37,1.25,1.32,461314
ORCHPHARMA,20260825,1039.5,1043.95,1002.7,1038.55,59978
ORICONENT,20260825,56.1,56.94,55.0,55.81,57085
ORIENTALTL,20260825,5.22,5.3,5.07,5.14,35958
ORIENTBELL,20260825,379.6,380.0,370.0,376.25,20029
ORIENTCEM,20260825,129.95,131.29,128.8,130.83,144636
ORIENTCER,20260825,44.36,45.15,43.5,43.55,79435
ORIENTELEC,20260825,185.0,185.2,181.35,181.79,96157
ORIENTHOT,20260825,143.1,143.1,140.6,141.59,4450017
ORIENTLTD,20260825,82.5,84.95,81.5,84.0,2218
ORIENTPPR,20260825,17.48,17.48,16.82,16.9,268169
ORIENTTECH,20260825,244.3,252.0,243.0,245.45,70396
ORIRAIL,20260825,121.01,136.8,119.66,131.81,1932218
ORISSAMINE,20260825,4511.9,4540.3,4455.2,4484.6,7671
ORKLAINDIA,20260825,572.9,572.9,555.15,565.7,95075
ORTINGLOBE,20260825,15.1,15.84,14.9,15.12,9693
OSIAHYPER,20260825,2.73,2.78,2.6,2.65,280930
OSWALAGRO,20260825,37.02,37.75,36.41,37.25,15059
OSWALGREEN,20260825,21.0,21.27,20.8,20.98,95126
OSWALPUMPS,20260825,296.0,300.5,295.55,299.45,253934
OSWALSEEDS,20260825,12.6,12.6,11.8,12.03,74648
PACEDIGITK,20260825,183.0,184.88,180.8,182.26,558553
PACIFICI,20260825,140.0,140.0,133.5,134.45,269
PAGEIND,20260825,35475.0,35565.0,35110.0,35500.0,24185
PAISALO,20260825,69.25,69.9,68.28,69.29,6362319
PAKKA,20260825,81.0,83.0,79.52,82.44,131265
PALASHSECU,20260825,94.38,94.38,88.2,89.18,2473
PALREDTEC,20260825,58.0,58.0,56.0,56.0,13145
PANACEABIO,20260825,406.5,409.95,403.3,405.9,41161
PANACHE,20260825,548.55,548.55,526.1,541.25,6477
PANAMAPET,20260825,485.95,485.95,471.6,476.85,200210
PANORAMA,20260825,45.5,47.8,44.0,47.12,257516
PANSARI,20260825,330.0,330.0,318.9,328.85,675
PAR,20260825,102.0,103.4,99.62,100.57,7114
PARACABLES,20260825,62.6,62.76,61.2,61.53,593109
PARADEEP,20260825,150.8,160.6,150.8,159.63,51534295
PARAGMILK,20260825,242.15,251.78,238.0,250.0,2835822
PARAS,20260825,1520.0,1526.5,1402.0,1445.2,2748068
PARASPETRO,20260825,2.22,2.29,2.19,2.21,537229
PARKHOSPS,20260825,282.85,284.95,276.7,284.05,693900
PARKHOTELS,20260825,116.17,119.21,115.02,115.79,138639
PARNAXLAB,20260825,130.0,130.0,122.0,129.8,289
PARSVNATH,20260825,1.35,1.39,1.35,1.39,6988440
PASHUPATI,20260825,87.15,87.5,86.05,86.34,15989
PASUPTAC,20260825,61.8,62.79,60.8,61.34,27141
PATANJALI,20260825,349.85,352.6,346.95,350.9,1493515
PATELENG,20260825,28.35,28.72,28.22,28.34,1814521
PATELRMART,20260825,228.01,234.95,226.2,232.54,183429
PATINTLOG,20260825,13.3,13.7,12.85,13.3,112678
PAUSHAKLTD,20260825,778.0,778.0,749.1,751.5,15690
PAVNAIND,20260825,18.34,18.86,17.5,18.22,119860
PAYTM,20260825,1622.7,1718.0,1612.0,1718.0,10111331
PCBL,20260825,320.4,324.95,317.5,321.1,719469
PCJEWELLER,20260825,11.12,11.5,10.77,11.0,599209523
PDMJEPAPER,20260825,90.22,90.25,87.49,88.06,56324
PDSL,20260825,366.4,370.95,363.2,365.8,50848
PEARLPOLY,20260825,15.85,16.74,15.52,15.94,8858
PENIND,20260825,161.43,162.81,156.5,157.34,261496
PENINLAND,20260825,17.08,17.08,16.5,16.83,252073
PERMAGN,20260825,863.25,880.0,850.95,854.0,3002
PERSISTENT,20260825,5687.0,5687.0,5570.5,5655.0,358275
PETRONET,20260825,294.55,295.7,291.6,292.5,1740879
PFC,20260825,364.0,367.0,362.1,367.0,6349108
PFIZER,20260825,4868.0,4880.9,4750.0,4758.0,24870
PFOCUS,20260825,307.8,309.5,298.5,302.75,684157
PFS,20260825,28.12,28.14,27.81,27.98,288594
PGEL,20260825,597.0,601.6,592.05,594.35,559806
PGHH,20260825,8189.0,8189.0,8075.5,8089.0,7809
PGHL,20260825,5860.0,5873.5,5806.5,5833.0,8754
PGIL,20260825,2399.0,2399.0,2306.5,2326.7,33049
PHARMABEES,20260825,27.31,27.31,26.95,27.18,2930603
PHOENIXLTD,20260825,1915.9,1959.6,1915.0,1930.0,271419
PHOENXINTL,20260825,31.99,35.64,27.61,30.38,27892
PICCADIL,20260825,686.7,689.7,672.75,676.85,125836
PIDILITIND,20260825,1660.0,1660.0,1636.6,1651.1,456825
PIGL,20260825,102.81,106.74,101.0,102.63,68201
PIIND,20260825,2474.9,2508.0,2453.1,2508.0,186585
PILANIINVS,20260825,4331.0,4414.0,4331.0,4395.3,1758
PILITA,20260825,8.15,8.33,7.9,7.93,29811
PINELABS,20260825,157.85,165.95,156.51,163.69,32244404
PIONEEREMB,20260825,22.0,22.0,21.8,21.98,5684
PIONRINV,20260825,75.34,79.45,72.5,78.99,3870
PIRAMALFIN,20260825,2190.0,2198.3,2150.0,2181.2,395332
PITTIENG,20260825,1120.0,1149.5,1100.5,1123.3,506448
PIXTRANS,20260825,1791.3,1825.7,1758.2,1791.8,15001
PKTEA,20260825,749.2,778.0,746.4,762.95,486
PLASTIBLEN,20260825,191.0,194.38,187.66,189.13,18317
PLATIND,20260825,212.2,215.0,205.0,212.74,80531
PLAZACABLE,20260825,50.8,53.0,50.01,52.43,37707
PML,20260825,484.0,513.0,484.0,504.85,100
PNB,20260825,115.61,116.9,115.01,115.93,13026659
PNBGILTS,20260825,78.62,80.02,76.8,79.59,213702
PNBHOUSING,20260825,1165.0,1183.0,1157.4,1182.0,669328
PNC,20260825,18.5,18.59,17.5,17.87,20652
PNCINFRA,20260825,204.33,205.0,199.75,203.15,504639
PNGJL,20260825,619.5,619.5,603.55,605.6,213396
PNGSREVA,20260825,549.45,551.35,528.05,536.9,128484
POCL,20260825,505.0,514.6,500.0,504.65,302620
PODDARMENT,20260825,253.0,254.0,245.1,249.55,1125
POEL,20260825,159.99,159.99,151.0,152.34,21850
POKARNA,20260825,877.3,888.85,875.0,878.45,45054
POLICYBZR,20260825,1800.0,1815.0,1775.0,1798.3,1334419
POLYCAB,20260825,9029.5,9119.5,8990.5,9098.0,321426
POLYMED,20260825,1737.1,1753.0,1713.0,1731.7,78354
POLYPLEX,20260825,1170.9,1193.5,1167.0,1180.2,66876
POLYSPIN,20260825,28.4,30.94,28.4,29.45,1520
PONNIERODE,20260825,413.4,422.0,397.2,402.55,76566
POONAWALLA,20260825,477.0,479.25,470.55,475.95,349654
POWERGRID,20260825,271.4,271.7,268.35,271.0,5435918
POWERICA,20260825,517.5,534.0,511.8,531.8,246548
POWERINDIA,20260825,33680.0,33695.0,33005.0,33300.0,88353
POWERMECH,20260825,2514.0,2535.0,2488.0,2503.4,25475
PPAP,20260825,262.7,268.45,255.3,265.1,14089
PPL,20260825,268.5,270.95,262.0,264.2,34321
PPLPHARMA,20260825,211.6,211.98,206.4,207.71,1716798
PRABHA,20260825,217.0,218.6,205.11,207.02,158321
PRADPME,20260825,507.0,514.7,503.6,510.0,4302
PRAENG,20260825,19.0,19.3,18.6,18.68,32622
PRAJIND,20260825,353.6,356.6,346.0,347.8,687110
PRAKASH,20260825,128.8,129.75,127.1,127.69,240987
PRAKASHSTL,20260825,3.93,3.97,3.85,3.86,98013
PRAVEG,20260825,261.0,263.85,259.5,261.8,37514
PRAXIS,20260825,5.49,5.49,5.05,5.25,94364
PRECAM,20260825,130.5,133.02,129.55,130.41,49714
PRECOT,20260825,674.55,719.95,670.2,703.7,2932
PRECWIRE,20260825,425.0,426.75,405.45,411.75,744525
PREMCO,20260825,390.0,390.0,386.25,387.45,121
PREMEXPLN,20260825,667.35,669.5,663.1,665.55,62248
PREMIER,20260825,2.73,2.78,2.59,2.59,11066
PREMIERENE,20260825,1028.0,1036.0,1018.0,1036.0,490536
PREMIERPOL,20260825,88.0,91.75,88.0,90.3,230765
PRESTIGE,20260825,1631.9,1631.9,1606.2,1623.0,286013
PRICOLLTD,20260825,790.9,798.65,779.0,790.5,152509
PRIMESECU,20260825,274.9,280.95,274.9,278.2,17478
PRIMO,20260825,21.15,21.44,20.6,20.8,111242
PRINCEPIPE,20260825,284.7,289.15,284.3,287.1,164804
PRISMX,20260825,0.54,0.55,0.53,0.54,68583
PRITI,20260825,33.99,34.75,33.9,34.39,8110
PRITIKAUTO,20260825,17.73,17.73,17.01,17.37,59985
PRIVISCL,20260825,3446.7,3470.1,3420.2,3444.8,30691
PROSTARM,20260825,137.68,138.8,133.2,134.58,116805
PROTEAN,20260825,554.0,571.4,551.7,568.35,268866
PROZONER,20260825,43.0,46.59,42.21,44.73,905502
PRSMJOHNSN,20260825,107.69,108.75,106.26,107.96,299440
PRUDENT,20260825,3321.8,3359.6,3283.1,3336.0,10762
PRUDMOULI,20260825,15.97,16.8,15.97,16.79,60962
PSB,20260825,23.25,23.53,23.15,23.34,998091
PSPPROJECT,20260825,909.6,918.9,900.0,909.1,28539
PSUBANK,20260825,87.38,87.38,83.96,85.99,3220859
PSUBANKADD,20260825,86.0,86.91,86.0,86.72,4404
PSUBNKBEES,20260825,97.5,97.5,94.8,95.97,2324037
PSUBNKIETF,20260825,86.45,87.25,86.09,86.98,122904
PTC,20260825,157.0,158.57,156.29,158.05,986291
PTCIL,20260825,21612.0,21742.0,21000.0,21116.0,26512
PTL,20260825,38.6,38.85,38.2,38.54,45072
PUNJABCHEM,20260825,1094.7,1103.6,1081.1,1090.6,4647
PURVA,20260825,214.69,220.11,213.52,217.92,358395
PVP,20260825,48.0,53.44,47.75,51.35,7385739
PVRINOX,20260825,1249.9,1284.5,1218.0,1231.0,1984216
PVSL,20260825,110.15,110.59,106.06,107.98,40980
PVTBANIETF,20260825,27.76,27.88,27.7,27.79,942306
PVTBANK,20260825,27.97,27.97,27.46,27.61,6079
PVTBANKADD,20260825,27.96,28.01,27.74,27.79,33285
PVTBKGROWW,20260825,27.5,27.75,27.42,27.45,17755
PWL,20260825,121.99,123.58,120.52,121.35,4812168
PYRAMID,20260825,164.46,164.55,161.75,162.64,19029
QGOLDHALF,20260825,132.99,134.72,132.69,133.24,364976
QMSMEDI,20260825,141.92,152.2,141.22,148.91,26396
QNIFTY,20260825,266.6,267.8,266.0,267.49,2124
QPOWER,20260825,1310.3,1334.1,1301.0,1309.1,193899
QUADFUTURE,20260825,432.2,441.8,410.0,418.5,5006379
QUAL30IETF,20260825,21.32,21.65,21.19,21.38,238115
QUALITY30,20260825,21.03,21.03,20.82,20.96,16014
QUESS,20260825,337.1,347.95,335.75,347.0,424971
QUICKHEAL,20260825,139.3,141.9,139.3,140.72,36163
QUINT,20260825,42.79,46.0,39.97,43.64,30067
RACE,20260825,101.44,103.86,100.2,100.27,903
RACLGEAR,20260825,1515.9,1565.6,1460.9,1511.1,59620
RADAAN,20260825,3.1,3.1,2.92,3.0,4912
RADHIKAJWE,20260825,67.27,67.52,66.16,66.92,178428
RADIANTCMS,20260825,36.25,39.01,35.87,38.36,626964
RADICO,20260825,4600.0,4651.1,4571.6,4630.0,235847
RADIOCITY,20260825,6.88,6.88,6.54,6.59,26785
RAILTEL,20260825,282.0,287.5,278.5,280.8,676924
RAIN,20260825,213.89,213.89,198.37,200.49,4541406
RAINBOW,20260825,1465.0,1470.0,1439.1,1445.2,31536
RAJESHEXPO,20260825,75.01,80.0,75.0,77.27,160719
RAJMET,20260825,3.51,3.65,3.13,3.2,2145804
RAJOOENG,20260825,50.25,50.25,49.01,49.53,109323
RAJPALAYAM,20260825,819.75,819.75,801.25,816.65,1007
RAJRATAN,20260825,488.0,497.0,483.05,489.75,66384
RAJRILTD,20260825,22.38,23.24,22.38,23.21,32946
RAJSREESUG,20260825,40.0,40.4,36.76,38.09,210039
RAJTV,20260825,10.68,10.68,10.02,10.2,14064
RALLIS,20260825,211.45,214.5,210.1,212.93,854764
RAMANEWS,20260825,31.19,31.89,30.25,31.79,7527
RAMAPHO,20260825,120.68,127.5,120.68,124.98,71562
RAMASTEEL,20260825,4.17,4.17,4.17,4.17,772239
RAMBHAJO,20260825,225.19,242.0,207.0,213.2,9924084
RAMCOCEM,20260825,915.0,939.05,902.0,909.15,629363
RAMCOIND,20260825,342.4,350.0,342.4,348.85,128667
RAMCOSYS,20260825,569.0,569.0,552.0,558.15,115349
RAMKY,20260825,379.0,381.9,370.9,372.9,26565
RAMRAT,20260825,481.85,491.9,477.1,489.55,147204
RANASUG,20260825,15.78,16.19,15.01,15.26,892485
RANEHOLDIN,20260825,1597.1,1618.7,1583.7,1592.1,2582
RATEGAIN,20260825,965.0,968.95,936.1,946.05,366847
RATNAMANI,20260825,2740.2,2843.9,2665.2,2711.5,1008208
RATNAVEER,20260825,274.09,278.0,260.1,263.43,3650858
RAYMOND,20260825,632.0,638.4,618.05,627.2,394760
RAYMONDLSL,20260825,718.0,723.0,709.05,715.5,196559
RAYMONDREL,20260825,593.0,593.0,573.95,577.3,125301
RBA,20260825,106.9,108.0,104.14,106.31,4022267
RBLBANK,20260825,387.65,389.4,380.6,384.0,1504350
RBZJEWEL,20260825,144.65,145.49,140.2,142.02,79577
RCF,20260825,121.0,128.55,120.25,124.47,18100384
RCOM,20260825,0.82,0.82,0.81,0.81,2408108
RECLTD,20260825,327.9,329.0,323.45,326.0,4219283
REDINGTON,20260825,365.9,366.5,350.15,352.65,4487821
REDTAPE,20260825,121.9,122.68,120.35,120.89,267828
REFEX,20260825,292.3,299.5,285.85,290.0,498666
REGAAL,20260825,95.02,96.4,93.61,95.13,301056
REGENCERAM,20260825,34.0,34.8,32.51,33.61,8689
RELAXO,20260825,377.55,378.4,365.55,368.55,194239
RELCHEMQ,20260825,114.5,114.5,111.1,112.7,1747
RELIABLE,20260825,140.0,142.2,136.82,141.76,39296
RELIANCE,20260825,1304.3,1317.1,1300.0,1317.0,7115355
RELIGARE,20260825,227.6,231.25,226.85,228.45,1337984
RELINFRA,20260825,62.73,62.73,61.48,61.48,231698
RELTD,20260825,162.0,163.03,158.28,159.01,119511
REMSONSIND,20260825,81.6,84.0,81.11,81.47,70482
RENUKA,20260825,25.47,25.74,24.43,24.67,42636836
REPCOHOME,20260825,353.55,355.55,350.7,354.7,58832
REPL,20260825,61.47,65.0,61.47,63.35,1790
REPRO,20260825,313.95,314.0,309.0,310.3,14648
RESPONIND,20260825,154.01,158.8,153.1,153.71,53730
RETAIL,20260825,18.0,18.0,16.52,17.4,6572
RGL,20260825,131.76,134.4,130.0,132.87,243323
RHETAN,20260825,22.16,22.25,20.4,21.85,13603295
RHFL,20260825,1.86,1.94,1.86,1.89,894701
RHIM,20260825,376.0,376.5,365.85,370.2,402120
RHL,20260825,167.25,170.5,166.26,167.14,1457
RICOAUTO,20260825,127.74,128.68,125.16,127.89,986145
RIIL,20260825,777.0,777.0,757.0,763.55,47300
RIR,20260825,165.39,166.88,162.17,162.92,77109
RISHABH,20260825,696.9,704.1,681.1,688.55,133969
RITCO,20260825,315.0,321.85,308.8,316.25,74455
RITES,20260825,220.14,222.99,217.07,217.69,312485
RKDL,20260825,17.95,18.9,17.95,18.66,25074
RKEC,20260825,23.79,23.79,22.01,22.25,33786
RKFORGE,20260825,726.0,736.15,716.9,721.1,718485
RKSWAMY,20260825,94.41,96.98,94.41,94.59,10364
RMC,20260825,252.95,255.0,249.55,253.5,15049
RMDRIP,20260825,18.04,19.3,18.04,19.25,565280
RML,20260825,1169.8,1169.8,1117.2,1133.0,28041
RNBDENIMS,20260825,8.51,8.51,8.51,8.51,53013
ROHLTD,20260825,315.0,315.0,302.05,303.7,27632
ROLEXRINGS,20260825,182.0,185.88,179.42,182.42,1474731
ROLLT,20260825,4.01,4.01,4.01,4.01,617675
ROML,20260825,43.32,44.49,40.55,42.72,6300
ROSSARI,20260825,500.35,507.0,496.0,503.35,58703
ROSSELLIND,20260825,56.8,59.84,56.03,57.31,83158
ROSSTECH,20260825,1061.75,1061.75,1035.0,1050.35,91136
ROTO,20260825,64.35,65.8,63.75,65.4,305220
ROUTE,20260825,494.25,512.5,486.65,507.6,441857
RPEL,20260825,1669.9,1670.0,1571.0,1603.1,77105
RPGLIFE,20260825,2640.0,2647.6,2560.0,2584.5,9912
RPOWER,20260825,23.0,23.09,22.59,22.7,12115326
RPPINFRA,20260825,58.2,59.7,57.5,57.88,23678
RPPL,20260825,24.28,24.28,23.1,23.67,25545
RPSGVENT,20260825,865.0,871.45,858.75,865.5,10798
RPTECH,20260825,868.35,878.45,703.7,779.45,4681855
RRECL,20260825,133.0,139.0,133.0,139.0,54
RRIL,20260825,17.75,18.0,15.06,17.23,112883
RRKABEL,20260825,2870.4,2895.2,2786.8,2801.2,321353
RSDFIN,20260825,103.4,105.94,103.4,105.94,4369
RSL,20260825,168.15,174.0,163.05,164.32,435201
RSSOFTWARE,20260825,30.0,30.5,29.11,29.89,34312
RSWM,20260825,196.05,202.45,195.38,199.34,26302
RSYSTEMS,20260825,239.0,243.95,236.65,243.15,169670
RTNINDIA,20260825,30.06,30.3,30.0,30.01,900343
RTNPOWER,20260825,7.88,7.9,7.75,7.82,13453318
RTSPOWR,20260825,94.81,97.0,91.55,92.5,29
RUBFILA,20260825,66.59,67.8,64.96,65.43,45279
RUBICON,20260825,1776.1,1799.8,1695.2,1708.8,429723
RUBYMILLS,20260825,393.0,393.0,376.15,383.05,12088
RUCHINFRA,20260825,5.88,5.89,5.61,5.7,44216
RUCHIRA,20260825,103.0,103.89,102.11,103.45,13695
RUDRA,20260825,21.17,22.86,21.11,21.16,263526
RUPA,20260825,152.4,154.23,150.0,150.59,69161
RUSHIL,20260825,17.09,17.09,16.7,16.78,263367
RUSTOMJEE,20260825,376.2,379.6,372.0,374.2,24484
RVHL,20260825,40.21,40.94,37.92,40.04,10556
RVNL,20260825,221.7,224.1,217.02,218.4,7347704
RVTH,20260825,731.15,743.9,730.0,730.65,1458
S&SPOWER,20260825,349.65,361.55,335.0,339.45,38194
SAATVIKGL,20260825,418.0,425.85,415.0,421.85,45727
SAB,20260825,178.5,178.5,170.0,172.0,174
SADBHAV,20260825,8.14,8.16,7.92,8.08,142079
SADBHIN,20260825,2.65,2.71,2.55,2.57,235532
SADHNANIQ,20260825,2.92,2.92,2.9,2.9,1160865
SAFARI,20260825,1495.1,1506.0,1482.0,1501.8,19160
SAGARDEEP,20260825,24.35,24.35,23.41,23.66,18399
SAGCEM,20260825,166.51,166.51,161.6,163.39,36996
SAGILITY,20260825,43.24,44.0,42.79,43.02,15162360
SAHLIBHFI,20260825,75.0,75.0,70.95,72.99,24392
SAHYADRI,20260825,354.95,359.25,337.85,346.0,16770
SAICAPI,20260825,150.07,153.0,150.0,153.0,257
SAIL,20260825,180.7,186.89,180.3,184.59,68905208
SAILIFE,20260825,1439.0,1459.0,1420.3,1455.5,183271
SAIPARENT,20260825,525.05,531.95,518.3,527.9,82571
SAKAR,20260825,900.0,920.0,872.3,884.85,77175
SAKHTISUG,20260825,22.0,22.57,21.0,21.73,522797
SAKSOFT,20260825,163.25,163.25,159.0,159.59,237329
SAKUMA,20260825,1.49,1.63,1.48,1.63,1781040
SALASAR,20260825,5.87,5.96,5.85,5.91,2047870
SALONA,20260825,265.0,274.99,265.0,270.09,1198
SALSTEEL,20260825,78.0,78.9,73.21,74.49,1183424
SALZERELEC,20260825,569.9,574.45,558.55,564.45,46859
SAMBANDAM,20260825,146.9,147.0,133.9,134.14,7466
SAMBHAAV,20260825,6.68,6.68,6.21,6.34,17204
SAMBHV,20260825,130.9,132.89,127.63,128.66,809463
SAMHI,20260825,160.0,160.28,158.0,158.74,654035
SAMMAANCAP,20260825,150.0,150.66,149.0,149.97,3834063
SAMPANN,20260825,26.05,26.99,25.75,26.47,54823
SANATHAN,20260825,447.3,460.0,447.25,451.6,13848
SANDESH,20260825,1052.4,1052.4,1014.0,1022.05,913
SANDHAR,20260825,681.9,696.35,673.0,679.0,175272
SANDUMA,20260825,203.82,207.73,203.58,205.1,736690
SANGAMIND,20260825,565.8,569.9,558.65,564.1,19179
SANGHVIMOV,20260825,467.8,471.95,448.6,458.4,499082
SANGINITA,20260825,50.92,50.92,50.92,50.92,263434
SANOFI,20260825,3277.0,3277.2,3192.2,3198.2,21942
SANOFICONR,20260825,4201.6,4208.0,4162.0,4176.9,2826
SANSERA,20260825,3858.0,3887.9,3770.5,3790.5,73667
SANSTAR,20260825,106.15,108.85,105.61,107.93,111786
SANWARIA,20260825,0.2,0.2,0.19,0.19,613370
SAPPHIRE,20260825,249.3,252.65,244.61,249.81,905908
SAPPL,20260825,281.0,301.0,278.0,292.1,800
SARDAEN,20260825,507.0,512.15,503.15,506.5,212203
SAREGAMA,20260825,514.4,515.9,502.65,504.7,197775
SARLAPOLY,20260825,100.3,102.0,99.33,101.2,23918
SARVESHWAR,20260825,3.48,3.55,3.45,3.47,1711114
SASKEN,20260825,1901.0,1928.7,1850.0,1871.2,18234
SATIA,20260825,57.6,59.4,57.5,57.84,124969
SATIN,20260825,222.0,223.49,219.53,221.36,154326
SAURASHCEM,20260825,57.44,57.79,56.42,56.94,69725
SAYAJIHOTL,20260825,337.0,337.0,320.0,320.25,72
SAYAJIIND,20260825,120.0,120.0,111.99,112.35,868
SBC,20260825,39.98,40.24,39.71,39.91,4695171
SBCL,20260825,1001.5,1039.4,993.6,1018.35,229576
SBFC,20260825,92.23,93.2,91.52,92.77,587142
SBGLP,20260825,24.16,24.74,23.97,24.35,25832
SBIBPB,20260825,49.44,49.98,48.84,49.81,32408
SBICARD,20260825,647.1,654.6,645.75,651.0,1214650
SBIETFCON,20260825,124.97,124.97,123.31,124.29,1609
SBIETFIT,20260825,337.5,339.95,336.5,338.82,1590
SBIETFPB,20260825,283.4,283.4,279.38,281.14,2558
SBIETFQLTY,20260825,224.31,226.02,223.16,225.73,1342
SBIFUNDS,20260825,541.4,552.25,536.5,549.05,2151544
SBILIFE,20260825,1761.0,1774.4,1751.2,1755.0,1641672
SBILIQETF,20260825,1053.34,1053.36,1053.34,1053.34,244427
SBIMIDMOM,20260825,64.47,64.5,63.92,64.48,31593
SBIN,20260825,1036.0,1048.0,1031.3,1048.0,9982723
SBINEQWETF,20260825,33.75,33.85,33.22,33.74,23171
SBINMID150,20260825,23.78,23.78,23.4,23.54,9449
SBISILVER,20260825,234.05,236.61,233.72,234.57,1406831
SBISMLETF,20260825,18.64,18.67,18.31,18.39,74364
SBIVALETF,20260825,14.79,14.81,14.73,14.76,3915
SCANSTL,20260825,63.88,64.79,61.35,62.24,31579
SCHAEFFLER,20260825,4020.4,4020.4,3975.1,4002.5,40296
SCHAND,20260825,137.33,137.33,134.48,135.86,26805
SCHNEIDER,20260825,1158.4,1168.8,1134.9,1146.4,322370
SCI,20260825,289.3,294.0,286.75,288.1,1615761
SCILAL,20260825,39.7,40.49,39.26,40.06,124493
SCODATUBES,20260825,130.97,131.25,128.52,129.87,139490
SCPL,20260825,651.0,669.95,640.0,658.2,14654
SDBL,20260825,73.02,73.54,72.35,72.73,306898
SEAMECLTD,20260825,1645.1,1663.0,1639.0,1649.6,21222
SECMARK,20260825,132.3,132.3,124.9,125.02,1316
SECURKLOUD,20260825,18.18,18.18,16.64,17.79,18863
SEDEMAC,20260825,3150.0,3180.0,3032.3,3081.8,95100
SEIL,20260825,209.9,210.33,205.1,206.93,262547
SEJALLTD,20260825,685.0,693.0,675.05,684.05,4247
SEKURITIND,20260825,118.01,119.49,117.0,117.07,12340
SELECTIPO,20260825,49.0,49.27,48.86,49.18,46488
SELMC,20260825,27.56,28.74,27.56,27.72,5300
SEMAC,20260825,290.0,291.0,283.0,289.7,592
SENCO,20260825,372.0,373.85,364.4,368.65,1124170
SENORES,20260825,1508.0,1508.0,1456.3,1480.4,198519
SENSEXADD,20260825,80.83,80.83,79.63,80.06,1025
SENSEXAXIS,20260825,78.52,82.0,78.52,80.86,1911
SENSEXBETA,20260825,861.9,864.63,855.0,856.6,547
SENSEXETF,20260825,79.85,80.25,79.61,80.18,15846
SENSEXIETF,20260825,890.53,895.0,887.86,893.61,5406
SEPC,20260825,5.87,5.87,5.73,5.77,9580475
SERVOTECH,20260825,82.26,82.86,81.11,81.53,199323
SESHAPAPER,20260825,227.55,229.84,226.12,227.16,15651
SETCO,20260825,17.79,17.79,17.23,17.54,90587
SETF10GILT,20260825,265.84,266.17,264.05,264.39,1091
SETFGOLD,20260825,133.88,137.6,132.73,136.95,4898302
SETFNIF50,20260825,267.37,267.37,260.0,261.66,327941
SETFNIFBK,20260825,589.93,592.99,589.0,590.48,38455
SETFNN50,20260825,812.76,812.76,787.3,795.32,23493
SETL,20260825,312.0,322.35,300.0,314.75,1681575
SETUINFRA,20260825,0.43,0.47,0.43,0.46,89818
SEYAIND,20260825,12.45,12.45,12.0,12.39,6195
SFL,20260825,659.45,661.6,641.05,646.55,124006
SGFIN,20260825,687.2,715.0,687.2,700.5,252186
SGIL,20260825,575.2,583.8,564.5,575.45,13932
SGL,20260825,10.12,10.51,9.95,10.48,19644
SGLRES,20260825,2.49,2.59,2.4,2.5,37372
SGMART,20260825,811.55,848.95,809.0,837.4,242728
SGRL,20260825,533.95,534.0,500.3,507.1,6538
SHADOWFAX,20260825,260.0,261.56,256.3,256.9,2116581
SHAH,20260825,4.36,4.36,3.2,3.2,54859459
SHAHALLOYS,20260825,79.94,79.94,74.3,76.82,11010
SHAILY,20260825,3268.0,3289.2,3182.5,3227.6,140549
SHAKTIPUMP,20260825,494.9,495.65,490.0,491.95,233558
SHALBY,20260825,153.0,155.39,151.5,154.69,65824
SHALPAINTS,20260825,83.0,84.44,81.3,81.87,80561
SHANKARA,20260825,144.84,146.98,144.0,145.8,28836
SHANKESH,20260825,103.3,111.0,94.0,94.82,95704155
SHANTI,20260825,6.47,6.47,6.23,6.31,8783
SHANTIGEAR,20260825,539.85,585.0,516.1,557.9,1482458
SHANTIGOLD,20260825,260.01,273.59,257.76,263.96,2538961
SHARDACROP,20260825,781.0,786.4,764.65,767.4,171508
SHARDAMOTR,20260825,897.0,898.45,872.0,874.35,35341
SHARDUL,20260825,53.87,53.87,52.02,52.3,4732
SHAREINDIA,20260825,173.6,174.6,171.76,172.62,142977
SHARIABEES,20260825,459.13,462.69,456.82,460.87,2913
SHBAJRG,20260825,166.68,170.99,164.06,165.11,2491
SHEKHAWATI,20260825,18.19,18.97,17.41,17.98,27138
SHEMAROO,20260825,131.0,131.0,125.15,129.29,5846
SHERVANI,20260825,344.5,344.5,303.35,312.05,227
SHILCTECH,20260825,3941.2,3958.8,3848.8,3919.7,20504
SHILGRAVQ,20260825,175.0,175.0,162.5,163.34,3913
SHILPAMED,20260825,859.0,869.0,835.5,861.55,1201334
SHINDL,20260825,164.0,170.0,161.5,163.71,227188
SHIPROCKET,20260825,135.4,138.11,131.15,132.77,11939062
SHIVAAGRO,20260825,43.0,43.0,39.2,41.48,5097
SHIVACEM,20260825,17.14,17.14,16.6,16.66,37597
SHIVALIK,20260825,270.0,284.9,261.05,282.26,31154
SHIVAMAUTO,20260825,16.19,16.42,16.0,16.03,31258
SHIVAMILLS,20260825,62.28,62.28,60.05,61.39,727
SHIVATEX,20260825,170.99,172.5,165.01,170.43,2407
SHIVAUM,20260825,443.35,444.1,440.0,440.05,565
SHK,20260825,154.6,156.21,151.11,153.73,253208
SHOPERSTOP,20260825,407.65,407.65,392.0,394.6,33163
SHRADDHA,20260825,159.9,159.9,149.0,149.68,571
SHRADHA,20260825,33.0,33.15,32.05,32.31,16496
SHREDIGCEM,20260825,72.32,76.5,71.88,74.87,225152
SHREECEM,20260825,24045.0,24500.0,24005.0,24440.0,126056
SHREEJISPG,20260825,637.9,651.0,635.0,645.5,1375993
SHREEPUSHK,20260825,427.5,459.5,424.05,454.1,258194
SHREERAMA,20260825,45.0,45.47,43.61,44.1,68660
SHRENIK,20260825,0.29,0.29,0.27,0.28,769158
SHREYANIND,20260825,123.37,125.6,121.76,123.77,9043
SHRIKRISH,20260825,38.2,38.2,38.2,38.2,2
SHRINGARMS,20260825,228.62,228.67,223.91,226.3,202103
SHRIPISTON,20260825,4785.8,4785.8,4570.6,4629.9,121225
SHRIRAMFIN,20260825,1117.9,1138.5,1112.0,1138.5,2440583
SHRIRAMPPS,20260825,76.8,78.44,75.95,77.96,314948
SHRJAGP,20260825,700.0,700.0,664.1,699.15,768
SHUKRAPHAR,20260825,44.07,44.94,44.07,44.08,1374828
SHYAMCENT,20260825,5.05,5.13,4.8,4.89,85749
SHYAMMETL,20260825,1001.0,1017.8,991.7,1006.2,308203
SHYAMTEL,20260825,13.51,14.94,13.51,13.86,5876
SICAGEN,20260825,53.0,55.0,53.0,54.8,21991
SICALLOG,20260825,102.7,105.65,100.37,100.37,75315
SIEL,20260825,34.57,34.57,34.57,34.57,360
SIEMENS,20260825,4114.0,4149.4,4060.0,4090.5,625842
SIGACHI,20260825,30.54,34.49,30.5,33.9,16061164
SIGIND,20260825,69.99,70.8,66.0,69.29,20677
SIGMA,20260825,48.48,48.99,47.61,48.64,73686
SIGMAADV,20260825,692.7,692.7,692.7,692.7,124322
SIGNATURE,20260825,795.0,799.05,785.0,790.6,195902
SIGNPOST,20260825,262.0,263.35,255.2,256.4,66501
SIKA,20260825,1044.0,1044.0,1011.0,1017.7,14880
SIKKO,20260825,5.09,5.13,4.96,5.01,378325
SIL,20260825,20.65,20.65,19.77,19.95,34840
SILGO,20260825,72.35,73.5,71.55,72.37,187674
SILINV,20260825,475.0,482.7,471.0,474.95,3760
SILLYMONKS,20260825,15.88,16.9,15.5,16.56,89141
SILVER,20260825,239.54,241.3,238.3,239.02,1067741
SILVER001,20260825,24.1,24.55,24.01,24.21,28279
SILVER1,20260825,23.54,23.54,23.16,23.25,4755519
SILVER360,20260825,236.0,239.5,234.56,235.94,88364
SILVERADD,20260825,233.88,233.88,230.14,230.87,198735
SILVERAG,20260825,233.39,235.01,232.18,233.46,307652
SILVERAXIS,20260825,238.5,240.03,237.17,237.74,193613
SILVERBEES,20260825,228.63,231.05,228.13,229.0,19888848
SILVERBETA,20260825,233.1,233.16,230.22,231.08,608146
SILVERBND,20260825,241.8,242.19,237.78,240.02,20941
SILVERCASE,20260825,25.2,25.2,24.21,24.32,10505243
SILVERIETF,20260825,239.6,241.22,238.33,239.05,2499003
SILVERTUC,20260825,180.19,183.4,173.11,181.64,527452
SIMBHALS,20260825,9.12,9.12,9.12,9.12,17754
SIMPLEXINF,20260825,253.76,253.85,246.57,248.72,18039
SIMPLXREA,20260825,132.0,132.0,132.0,132.0,1
SINCLAIR,20260825,75.16,76.79,74.11,74.59,6856
SINDHUTRAD,20260825,24.05,24.95,23.26,23.8,3990326
SINGERIND,20260825,79.7,80.49,77.56,78.42,37691
SINTERCOM,20260825,83.35,83.35,78.65,79.06,782
SIRCA,20260825,439.65,442.9,433.0,435.5,319377
SIS,20260825,418.0,420.7,411.05,413.1,194898
SITINET,20260825,0.28,0.29,0.27,0.27,1097183
SIYSIL,20260825,592.95,593.95,562.1,567.2,85777
SJS,20260825,2572.4,2582.9,2508.0,2551.3,125940
SJVN,20260825,65.8,66.29,65.5,65.86,1165561
SKFINDIA,20260825,1596.0,1596.0,1561.1,1568.3,16848
SKFINDUS,20260825,2745.0,2809.6,2710.0,2732.0,33779
SKIPPER,20260825,577.0,588.0,542.5,549.2,1191916
SKMEGGPROD,20260825,256.0,261.1,253.21,259.36,196031
SKYGOLD,20260825,799.5,849.9,795.05,842.3,1438311
SMALL250,20260825,18.66,18.66,18.36,18.42,505416
SMALLADD,20260825,18.74,18.74,18.39,18.47,94987
SMALLCAP,20260825,49.0,49.3,48.58,48.75,1039458
SMALLGROWW,20260825,49.26,49.48,48.54,49.0,9862
SMALLIETF,20260825,18.4,18.47,18.32,18.43,37238
SMARTLINK,20260825,225.0,227.25,222.75,223.15,4071
SMARTWORKS,20260825,554.0,567.9,534.0,540.25,532459
SMCGLOBAL,20260825,79.51,80.84,78.5,78.88,165780
SML100CASE,20260825,11.36,11.39,11.27,11.34,950223
SMLMAH,20260825,5238.0,5238.0,5151.5,5192.0,31101
SMLT,20260825,68.96,69.97,68.15,69.09,1098
SMSPHARMA,20260825,354.15,358.9,350.4,356.75,170666
SNOWMAN,20260825,37.62,37.84,36.95,37.37,181034
SNXT30BEES,20260825,43.16,43.39,42.43,43.39,141232
SNXT50BETA,20260825,96.48,96.48,94.64,96.22,794
SOBHA,20260825,1301.8,1304.8,1272.7,1279.7,67121
SOFTTECH,20260825,425.0,425.0,416.1,420.25,1671
SOLARA,20260825,629.95,652.2,622.65,628.55,347879
SOLARINDS,20260825,19925.0,19925.0,19665.0,19800.0,57783
SOLARWORLD,20260825,150.96,155.5,147.0,148.77,461166
SOLEX,20260825,791.0,803.0,772.6,788.95,36645
SOMANYCERA,20260825,552.0,558.3,536.2,539.35,158984
SOMATEX,20260825,86.04,88.89,86.0,87.1,13757
SOMICONVEY,20260825,98.62,99.2,93.2,94.06,27526
SONACOMS,20260825,805.8,814.0,803.0,808.8,1442056
SONAL,20260825,92.8,92.8,85.2,85.2,41
SONAMLTD,20260825,64.4,65.58,62.4,64.76,88804
SONATSOFTW,20260825,307.0,307.05,297.05,298.45,675756
SOTL,20260825,681.8,688.3,672.0,673.65,147140
SOUTHBANK,20260825,45.29,46.24,45.14,45.35,6449392
SOUTHWEST,20260825,216.23,219.08,202.1,204.49,361634
SPAL,20260825,948.0,954.75,867.8,949.8,53490
SPANDANA,20260825,241.3,244.85,238.3,242.3,116900
SPARC,20260825,194.99,197.46,192.0,194.46,303427
SPCENET,20260825,3.43,3.44,3.33,3.34,478699
SPECIALITY,20260825,145.1,150.0,140.1,142.23,78948
SPECTRUM,20260825,2170.0,2227.8,2050.0,2190.2,7263
SPELS,20260825,147.0,147.7,140.1,141.94,56641
SPENCERS,20260825,30.37,31.25,28.46,30.07,111526
SPIC,20260825,70.0,73.3,69.8,70.51,3056299
SPLIL,20260825,30.49,30.95,30.25,30.5,3829
SPLPETRO,20260825,691.15,702.5,688.05,700.25,25715
SPMLINFRA,20260825,187.5,190.39,186.31,188.13,101685
SPORTKING,20260825,214.86,231.59,213.98,228.26,1664375
SRD,20260825,40.99,40.99,39.05,39.99,12892
SREEL,20260825,248.05,266.0,248.05,257.61,51805
SRF,20260825,2589.0,2589.0,2543.5,2575.0,449862
SRGHFL,20260825,260.0,264.9,255.1,256.6,1244
SRHHYPOLTD,20260825,480.0,480.4,470.05,471.9,7472
SRIKPRIND,20260825,20.02,22.55,20.02,20.06,2953
SRM,20260825,462.15,470.05,460.0,461.95,64121
SRTL,20260825,40.5,40.79,39.66,39.79,21203
SSDL,20260825,58.0,58.77,57.1,57.57,10622
SSWL,20260825,294.0,296.65,288.2,291.1,410340
STALLION,20260825,227.95,230.0,223.5,225.85,218741
STANLEY,20260825,136.5,137.5,134.2,135.08,51482
STAR,20260825,999.0,1001.9,976.0,986.6,209006
STARCEMENT,20260825,195.0,196.2,193.0,194.84,112447
STARHEALTH,20260825,573.15,585.0,570.7,582.85,253098
STARPAPER,20260825,146.8,148.8,143.02,147.89,2578
STARTECK,20260825,252.9,257.2,250.15,252.2,7889
STCINDIA,20260825,123.49,123.5,120.5,121.6,23114
STEELCAS,20260825,349.8,354.85,336.1,338.95,77823
STEELCITY,20260825,82.9,91.84,82.7,88.12,141096
STEELXIND,20260825,10.81,11.13,10.75,10.8,925914
STEL,20260825,625.0,625.0,605.05,613.4,1636
STERTOOLS,20260825,223.45,223.45,220.0,221.7,8569
STLNETWORK,20260825,26.05,26.34,25.4,25.66,672492
STLSTRINF,20260825,22.0,22.41,17.31,19.97,1991
STLTECH,20260825,662.9,667.0,648.0,651.35,797817
STOVEKRAFT,20260825,822.0,826.8,794.4,795.4,160970
STUDDS,20260825,446.65,452.0,446.5,450.75,29823
STYL,20260825,393.0,401.0,382.0,393.7,89741
STYLAMIND,20260825,3573.2,3585.9,3510.0,3556.0,25105
STYLEBAAZA,20260825,385.6,400.8,377.0,394.5,3325644
STYRENIX,20260825,2096.0,2116.8,2064.0,2094.7,33543
SUBEXLTD,20260825,18.24,18.84,17.74,17.82,3207134
SUBROS,20260825,729.3,738.45,727.0,729.5,27861
SUDARCOLOR,20260825,400.25,408.95,386.0,394.35,13641
SUDARSCHEM,20260825,1236.0,1241.9,1217.6,1231.3,324675
SUDEEPPHRM,20260825,1131.15,1137.2,1103.6,1127.2,149508
SUKHJITS,20260825,161.01,162.69,158.6,159.78,16377
SULA,20260825,145.53,147.51,143.5,146.79,277656
SUMEDHA,20260825,42.0,42.0,38.56,39.01,4396
SUMEETINDS,20260825,13.25,13.27,12.88,12.95,1223467
SUMICHEM,20260825,527.7,530.3,518.3,521.5,151006
SUMIT,20260825,57.0,57.0,50.03,51.72,71610
SUMMITSEC,20260825,1416.9,1433.0,1410.0,1422.3,1547
SUNCLAY,20260825,1258.5,1280.0,1250.1,1268.3,6136
SUNDARAM,20260825,1.23,1.26,1.23,1.24,235203
SUNDARMFIN,20260825,4505.1,4534.0,4478.0,4518.2,20841
SUNDRMBRAK,20260825,774.0,797.7,756.05,789.85,1469
SUNDRMFAST,20260825,1222.0,1225.7,1201.45,1207.0,180364
SUNDROP,20260825,645.05,665.5,645.05,658.95,25516
SUNFLAG,20260825,354.9,356.9,347.05,348.35,144595
SUNLOC,20260825,72.49,72.49,70.0,70.0,102
SUNPHARMA,20260825,1906.5,1922.0,1896.2,1922.0,1221044
SUNRAKSHAK,20260825,373.1,375.0,371.95,372.85,10427
SUNSHIEL,20260825,1232.0,1232.0,1152.1,1178.6,1488
SUNSHINE,20260825,395.9,395.9,365.6,369.2,15611716
SUNTECK,20260825,309.85,320.0,306.0,314.0,511625
SUNTV,20260825,470.3,471.0,465.6,468.9,210263
SUPERHOUSE,20260825,168.0,178.0,168.0,176.19,35790
SUPERSPIN,20260825,6.03,6.05,5.98,6.05,35009
SUPRAJIT,20260825,511.3,511.3,496.85,503.25,53232
SUPREME,20260825,40.5,40.89,38.6,39.5,11120
SUPREMEENG,20260825,2.63,2.63,2.63,2.63,176217
SUPREMEIND,20260825,3588.1,3614.3,3563.3,3593.0,226949
SUPREMEINF,20260825,86.4,90.5,85.15,85.86,23622
SUPRIYA,20260825,797.15,815.0,790.0,791.65,116383
SUPTANERY,20260825,10.94,11.57,10.73,11.57,1042614
SURAJEST,20260825,195.0,197.0,194.05,196.6,72870
SURAJLTD,20260825,210.0,210.0,205.03,208.06,147
SURAKSHA,20260825,323.1,324.2,313.1,317.85,73144
SURANASOL,20260825,25.9,26.09,25.54,25.98,19213
SURANAT&P,20260825,16.25,16.4,16.1,16.24,21136
SURYALA,20260825,381.0,384.0,371.05,383.15,333
SURYALAXMI,20260825,56.96,56.96,56.2,56.34,414
SURYAROSNI,20260825,218.38,221.19,217.7,220.23,352647
SURYODAY,20260825,156.33,157.21,150.15,151.02,1556170
SUTLEJTEX,20260825,38.3,38.99,38.01,38.02,13775
SUVEN,20260825,367.0,374.8,356.65,360.05,540439
SUVIDHAA,20260825,2.39,2.43,2.26,2.31,238921
SUYOG,20260825,748.2,755.95,740.0,742.2,9564
SUZLON,20260825,47.06,47.16,46.25,46.75,47183588
SVGLOBAL,20260825,118.0,120.6,118.0,119.4,360
SVLL,20260825,781.5,791.5,770.5,770.5,12717
SVPGLOB,20260825,3.63,3.92,3.63,3.73,36542
SWANCORP,20260825,302.45,303.75,297.5,299.4,910671
SWANDEF,20260825,2330.7,2377.0,2301.1,2333.8,106478
SWARAJ,20260825,373.5,378.0,371.25,377.1,218954
SWARAJENG,20260825,3558.9,3563.2,3545.0,3551.7,3365
SWARNSAR,20260825,36.5,36.5,34.0,35.49,1173
SWELECTES,20260825,592.0,610.0,587.9,601.95,21753
SWIGGY,20260825,282.8,291.0,282.0,287.4,20041501
SWISSMLTRY,20260825,17.42,18.3,17.05,17.53,195410
SWSOLAR,20260825,191.47,197.91,188.82,197.1,1171828
SYMPHONY,20260825,597.75,604.6,592.05,595.45,56866
SYNCOMF,20260825,17.35,18.15,16.85,17.56,11734374
SYNGENE,20260825,398.55,407.0,396.25,406.4,399141
SYRMA,20260825,1459.9,1467.6,1442.0,1458.1,522653
SYSTMTXC,20260825,56.99,58.0,56.0,56.79,2998
TAALTECH,20260825,4365.8,4525.0,4352.1,4501.3,9985
TAINWALCHM,20260825,220.0,220.0,211.0,212.6,3701
TAJGVK,20260825,353.35,354.0,346.35,349.2,39904
TAKE,20260825,19.05,19.29,18.81,18.81,136670
TALBROAUTO,20260825,421.25,421.25,407.15,409.4,82064
TAMBOLIIN,20260825,245.0,245.0,240.05,245.0,2007
TANAA,20260825,307.5,307.5,296.0,298.7,7812
TANLA,20260825,567.7,573.15,553.3,556.05,415425
TARACHAND,20260825,48.01,48.56,47.6,47.87,38349
TARAPUR,20260825,15.79,15.8,15.02,15.23,38119
TARC,20260825,122.53,123.85,120.25,120.76,685879
TARIL,20260825,303.95,309.4,300.2,307.85,1808802
TARMAT,20260825,50.03,55.45,49.6,54.23,96996
TARSONS,20260825,342.7,349.3,340.0,345.5,108605
TASTYBITE,20260825,10100.0,10156.5,9926.0,10083.0,2586
TATACAP,20260825,363.55,364.45,360.5,363.75,376228
TATACHEM,20260825,632.0,632.5,624.0,626.35,277685
TATACOMM,20260825,1688.7,1710.9,1677.3,1699.9,416394
TATACONSUM,20260825,1061.7,1061.7,1051.1,1060.5,717171
TATAELXSI,20260825,3673.9,3701.3,3612.2,3665.9,162141
TATAGOLD,20260825,15.71,15.71,15.54,15.59,66482840
TATAINVEST,20260825,645.95,648.0,641.5,644.35,117068
TATAPOWER,20260825,373.0,374.2,368.55,370.6,9167396
TATASTEEL,20260825,186.3,187.27,183.5,186.94,24578020
TATATECH,20260825,798.0,804.85,784.65,798.5,1331830
TATSILV,20260825,23.5,23.5,23.05,23.22,43485312
TATVA,20260825,1615.0,1627.9,1575.5,1581.0,35121
TBOTEK,20260825,1701.5,1737.9,1684.7,1725.1,137626
TBZ,20260825,285.0,285.4,269.8,280.35,1016012
TCC,20260825,241.4,256.45,235.55,242.25,171914
TCI,20260825,900.8,913.0,889.6,893.75,15809
TCIEXP,20260825,547.0,559.0,530.0,531.95,19464
TCIFINANCE,20260825,15.7,15.7,14.66,15.56,18503
TCPLPACK,20260825,3985.0,4023.5,3892.7,3917.2,5709
TCS,20260825,2305.0,2313.5,2262.0,2296.2,3041609
TDPOWERSYS,20260825,780.2,782.5,719.0,729.4,1939751
TEAMGTY,20260825,235.0,235.0,229.32,230.15,32
TEAMLEASE,20260825,1243.0,1252.5,1227.8,1236.8,12131
TECH,20260825,33.54,33.66,33.25,33.54,9456
TECHM,20260825,1588.1,1599.9,1562.0,1599.9,1383429
TECHNOCRAF,20260825,343.9,348.06,336.41,341.42,956929
TECHNOE,20260825,994.0,999.95,987.5,994.3,57066
TECHNVISN,20260825,4989.9,4990.0,4672.9,4885.0,240
TECILCHEM,20260825,9.15,9.15,8.7,8.7,6227
TEGA,20260825,1715.0,1715.0,1669.0,1674.6,107566
TEJASNET,20260825,508.05,513.6,499.7,504.35,760931
TEMBO,20260825,57.5,58.0,55.0,56.3,1528447
TENNIND,20260825,556.5,556.5,543.25,546.15,784738
TERAI,20260825,106.35,128.0,106.35,123.28,708
TERASOFT,20260825,310.45,321.05,298.0,301.5,32330
TEXINFRA,20260825,111.15,113.28,108.41,110.24,71987
TEXMOPIPES,20260825,47.9,48.0,46.1,46.68,75278
TEXRAIL,20260825,104.0,110.88,103.75,108.06,4359213
TFCILTD,20260825,130.0,137.94,129.22,137.02,20385722
TFL,20260825,12.4,12.4,11.5,11.75,9332
TGBHOTELS,20260825,9.66,9.9,9.4,9.46,13345
TGVSL,20260825,106.0,107.73,104.74,106.1,95719
THACKER,20260825,1050.0,1052.0,1050.0,1051.7,13
THAKDEV,20260825,149.97,149.97,142.02,143.45,22
THANGAMAYL,20260825,5509.5,5565.0,5380.0,5397.0,77429
THEINVEST,20260825,96.7,96.71,94.51,95.3,6601
THEJO,20260825,2038.7,2075.0,1995.0,2054.6,6670
THELEELA,20260825,545.5,559.9,540.5,554.9,440804
THEMISMED,20260825,118.9,123.47,117.15,119.24,528416
THERMAX,20260825,3984.2,4012.8,3941.0,3999.8,75061
THOMASCOOK,20260825,113.6,114.18,109.1,110.42,1437644
THOMASCOTT,20260825,284.0,284.4,277.1,279.1,18487
THYROCARE,20260825,586.0,599.0,583.0,596.05,276112
TI,20260825,578.95,594.55,573.0,574.7,1166319
TICL,20260825,9.69,9.87,9.4,9.7,55517
TIGERLOGS,20260825,29.99,30.8,29.0,30.5,132987
TIIL,20260825,3478.0,3565.3,3402.4,3454.9,88898
TIINDIA,20260825,2866.6,2893.9,2845.2,2888.0,157485
TIJARIA,20260825,6.01,6.1,5.3,5.51,131279
TIL,20260825,242.0,246.3,240.05,240.6,72627
TIMETECHNO,20260825,186.0,186.0,183.4,184.84,3205223
TIMEX,20260825,590.0,624.4,587.4,617.65,389938
TIMKEN,20260825,3070.1,3148.0,3070.1,3131.6,41940
TINNARUBR,20260825,1038.1,1038.1,1015.2,1022.7,18496
TIPSFILMS,20260825,353.05,357.95,342.3,345.5,5957
TIPSMUSIC,20260825,644.0,650.0,640.55,646.1,149796
TIRUMALCHM,20260825,161.0,164.9,155.61,157.33,478488
TIRUPATIFL,20260825,69.7,74.0,69.7,71.5,196242
TITAGARH,20260825,847.0,853.75,827.5,832.2,239337
TITAN,20260825,5059.1,5124.8,5052.7,5124.8,347515
TMB,20260825,877.0,888.95,868.0,871.45,71824
TMCV,20260825,475.05,481.65,470.65,474.9,7064446
TMPV,20260825,314.9,314.9,310.55,314.25,10984458
TNIDETF,20260825,89.25,91.49,89.25,91.3,74716
TNPETRO,20260825,116.07,116.93,113.13,114.21,232243
TNPL,20260825,141.99,142.85,140.21,141.1,148144
TNTELE,20260825,9.16,9.16,8.81,9.04,28857
TOKYOPLAST,20260825,79.9,79.9,76.1,76.56,351
TOLINS,20260825,96.57,97.78,96.15,96.78,31468
TOP100CASE,20260825,10.66,10.87,10.53,10.69,1320498
TOP10ADD,20260825,87.76,88.32,87.55,88.14,133618
TOP15IETF,20260825,9.88,9.97,9.88,9.96,148637
TOP20,20260825,9.0,9.0,8.96,9.0,29684
TORNTPHARM,20260825,4895.0,4932.0,4855.5,4932.0,214851
TORNTPOWER,20260825,1242.0,1249.3,1234.0,1243.9,261114
TOTAL,20260825,73.9,75.15,72.11,72.74,34047
TOUCHWOOD,20260825,63.5,63.5,61.5,61.75,2909
TOYAMSL,20260825,0.64,0.66,0.61,0.64,525859
TPHQ,20260825,0.57,0.57,0.57,0.57,422628
TPLPLASTEH,20260825,80.27,80.98,77.76,78.72,123709
TRACXN,20260825,30.1,30.32,29.6,30.01,297487
TRANSCOR,20260825,23.99,24.47,23.7,23.74,622
TRANSPEK,20260825,1360.0,1377.9,1304.0,1335.0,7661
TRANSRAILL,20260825,476.0,476.35,464.85,467.85,185365
TRANSWORLD,20260825,187.16,187.16,187.15,187.15,20825
TRAVELFOOD,20260825,1306.8,1318.8,1286.9,1296.3,25496
TREEHOUSE,20260825,6.24,6.35,5.95,6.08,18457
TREJHARA,20260825,159.0,160.0,154.25,155.84,16940
TREL,20260825,27.02,27.2,26.4,26.55,41165
TRENT,20260825,2910.0,2938.9,2893.8,2930.0,620202
TRF,20260825,233.75,233.75,228.7,231.7,7664
TRIDENT,20260825,24.43,24.55,24.31,24.42,2093686
TRIGYN,20260825,52.71,56.79,52.0,56.05,43033
TRITONV,20260825,1153.8,1166.5,1122.5,1138.9,1819
TRITURBINE,20260825,579.8,580.7,566.5,572.65,370664
TRIVENI,20260825,297.0,299.33,285.5,292.88,940142
TRU,20260825,4.2,4.36,4.02,4.11,162856
TRUALT,20260825,444.0,448.45,433.1,435.55,218221
TSFINV,20260825,415.4,415.4,408.1,411.1,51859
TTKHLTCARE,20260825,1094.5,1111.9,1083.0,1093.4,10112
TTKPRESTIG,20260825,587.9,597.95,583.55,595.55,61858
TTL,20260825,6.3,6.7,6.29,6.49,1132724
TTML,20260825,37.79,38.12,37.4,37.55,1392528
TURTLEMINT,20260825,147.97,147.97,142.61,145.93,700443
TUTIALKA,20260825,53.01,54.99,52.99,54.58,12345
TVSELECT,20260825,441.9,442.25,434.9,440.0,18661
TVSHLTD,20260825,13707.0,13709.0,13505.0,13567.0,3397
TVSMOTOR,20260825,4365.5,4420.0,4344.7,4420.0,527228
TVSSCS,20260825,133.44,138.99,131.53,135.14,10446289
TVSSRICHAK,20260825,4907.9,4907.9,4668.1,4812.0,19124
TVTODAY,20260825,113.45,117.14,111.02,112.31,30424
TVVISION,20260825,3.4,3.56,3.23,3.47,11278
TWCGOLDETF,20260825,160.18,160.18,159.2,159.72,43020
UBL,20260825,1342.4,1362.2,1328.0,1348.6,102467
UCAL,20260825,141.0,143.0,138.0,141.64,17146
UCOBANK,20260825,26.11,26.42,25.9,26.05,5578151
UDAYJEW,20260825,142.0,142.0,135.8,139.43,487
UDS,20260825,222.92,223.01,219.22,222.0,365039
UEL,20260825,163.57,163.57,163.57,163.57,14049
UFBL,20260825,816.0,840.0,796.1,796.1,42696
UFLEX,20260825,619.0,621.6,603.55,606.35,94954
UFO,20260825,65.6,67.75,65.12,65.49,133841
UGARSUGAR,20260825,57.8,59.5,54.14,55.66,1072045
UGROCAP,20260825,88.2,89.39,87.3,88.08,102820
UJJIVANSFB,20260825,70.1,70.98,69.06,69.46,10201371
ULTRACEMCO,20260825,11505.0,11554.0,11445.0,11540.0,225470
ULTRAMAR,20260825,416.2,419.6,405.5,410.25,43269
UMAEXPORTS,20260825,24.62,25.56,24.62,25.48,142484
UMESLTD,20260825,6.19,6.19,5.45,5.63,129301
UMIYA-MRO,20260825,89.08,89.99,88.71,88.86,5412
UNICHEMLAB,20260825,510.05,555.95,504.05,526.05,819498
UNIDT,20260825,224.3,225.4,218.0,218.91,5778
UNIECOM,20260825,85.93,86.71,84.9,85.19,185990
UNIENTER,20260825,96.89,96.89,94.1,95.61,2746
UNIINFO,20260825,11.25,11.68,11.25,11.29,1363
UNIMECH,20260825,1509.8,1509.8,1435.0,1473.5,168909
UNIONBANK,20260825,182.35,187.33,181.4,186.98,11180970
UNIONGOLD,20260825,157.75,157.75,156.05,156.7,2663
UNIPARTS,20260825,808.0,844.9,800.05,825.6,232651
UNITDSPR,20260825,1550.0,1556.2,1542.2,1550.0,223019
UNITECH,20260825,3.93,4.2,3.92,4.01,7056842
UNITEDPOLY,20260825,38.99,39.4,37.28,38.06,201045
UNITEDTEA,20260825,459.0,462.4,452.7,452.9,394
UNIVASTU,20260825,158.9,168.0,156.25,161.7,146626
UNIVCABLES,20260825,1633.0,1634.0,1549.5,1589.9,109117
UNIVPHOTO,20260825,450.0,470.0,440.0,456.75,996
UNOMINDA,20260825,1243.0,1256.5,1240.5,1253.4,464892
UPHOT,20260825,1331.0,1331.0,1331.0,1331.0,5
UPL,20260825,574.95,585.0,570.55,585.0,3864498
URAVIDEF,20260825,108.0,110.5,107.0,109.28,10181
URBANCO,20260825,169.0,171.55,167.1,169.28,15463355
URJA,20260825,9.24,9.38,9.16,9.28,623733
USHAMART,20260825,492.45,492.45,485.65,487.25,175757
USK,20260825,21.2,21.65,21.11,21.33,4042
UTIAMC,20260825,885.0,893.8,884.0,889.95,40053
UTKARSHBNK,20260825,14.42,14.99,14.37,14.72,9328992
UTLSOLAR,20260825,464.4,473.1,444.3,446.65,388645
UTTAMSUGAR,20260825,325.99,337.94,317.21,323.13,439234
UYFINCORP,20260825,20.89,20.89,19.61,19.86,65304
V2RETAIL,20260825,218.79,225.0,216.11,223.25,1774534
VADILALIND,20260825,7425.5,7476.0,7400.0,7437.5,6476
VADILENT,20260825,9700.0,9750.0,9700.0,9750.0,2
VAIBHAVGBL,20260825,219.1,222.4,219.0,221.3,166563
VAISHALI,20260825,8.12,8.24,7.8,7.97,93607
VAKRANGEE,20260825,6.0,6.03,5.8,5.92,1068838
VAL30IETF,20260825,15.21,15.27,15.15,15.24,164671
VALIANTLAB,20260825,105.5,105.54,98.5,105.48,899019
VALIANTORG,20260825,293.95,298.4,290.0,292.3,11922
VALUE,20260825,16.24,16.24,16.1,16.2,6002
VALUEAXIS,20260825,32.94,32.94,32.7,32.83,68537
VAML,20260825,449.35,455.7,446.5,447.85,7996323
VARDHACRLC,20260825,43.81,44.89,43.0,43.5,29543
VARDMNPOLY,20260825,6.01,6.09,5.97,6.0,113014
VARROC,20260825,812.4,818.6,797.55,810.3,122101
VASCONEQ,20260825,31.3,31.59,30.75,31.0,206395
VASWANI,20260825,46.39,47.01,45.51,46.19,13836
VBL,20260825,425.0,438.0,423.85,438.0,9481343
VCL,20260825,2.34,2.34,2.34,2.34,531241
VEDAVAAG,20260825,18.5,18.8,18.1,18.25,28224
VEDL,20260825,276.0,276.8,273.0,275.0,7970246
VEDPOWER,20260825,36.35,37.07,36.07,36.93,12513028
VEEDOL,20260825,1487.0,1489.2,1464.1,1469.5,6102
VELJAN,20260825,1825.0,1825.0,1771.6,1773.3,71
VENKEYS,20260825,1576.4,1608.6,1567.1,1577.4,88393
VENTIVE,20260825,585.7,610.0,574.75,594.05,60788
VENUSPIPES,20260825,1567.3,1590.3,1543.1,1550.0,133383
VENUSREM,20260825,1656.6,1672.2,1638.0,1657.4,30088
VERANDA,20260825,250.15,252.75,245.85,248.0,195120
VERTOZ,20260825,38.9,40.32,38.9,40.32,60394
VESUVIUS,20260825,434.3,436.45,427.35,428.65,90887
VETO,20260825,130.9,132.0,128.17,129.15,45589
VGCL,20260825,58.9,58.9,54.13,54.36,19780
VGL,20260825,54.42,63.0,54.42,58.98,114090
VGUARD,20260825,331.5,334.05,329.6,332.7,327170
VHL,20260825,3375.0,3460.0,3371.0,3446.1,240
VHLTD,20260825,117.5,120.44,117.0,119.21,26465
VIDHIING,20260825,350.0,355.0,328.1,346.85,69905
VIDYAWIRES,20260825,86.5,87.45,84.7,85.0,572363
VIJAYA,20260825,1483.0,1499.8,1448.2,1483.4,189129
VIJIFIN,20260825,14.19,14.19,14.19,14.19,46431
VIJSOLX,20260825,685.7,700.0,685.05,686.2,143
VIKASECO,20260825,1.07,1.07,1.04,1.06,3423052
VIKASLIFE,20260825,1.22,1.26,1.19,1.24,4478463
VIKRAMSOLR,20260825,172.5,172.73,169.31,169.99,1602097
VIKRAN,20260825,61.81,61.9,59.67,59.98,2021169
VIMTALABS,20260825,618.0,629.25,610.95,626.35,88396
VINATIORGA,20260825,1329.0,1338.0,1324.0,1333.2,22644
VINCOFE,20260825,162.0,164.85,158.61,160.9,1638606
VINDHYATEL,20260825,2424.9,2424.9,2325.6,2381.6,53943
VINEETLAB,20260825,38.39,39.0,36.86,38.7,120648
VINNY,20260825,1.07,1.07,1.06,1.06,125134
VINYLINDIA,20260825,241.0,241.0,235.21,237.14,5965
VIPCLOTHNG,20260825,20.5,20.84,20.2,20.57,27535
VIPIND,20260825,302.05,305.85,298.0,299.7,597251
VIPULLTD,20260825,16.39,16.39,16.39,16.39,904233
VIRAT,20260825,489.4,494.4,433.8,448.8,44537
VIRINCHI,20260825,14.83,15.7,14.83,15.53,48453
VIRTUALG,20260825,0.57,0.57,0.52,0.52,527513
VISACHROME,20260825,37.9,38.0,37.02,37.93,15159
VISAKAIND,20260825,93.47,93.68,90.21,91.33,195653
VISHAL,20260825,18.4,19.36,18.4,18.9,39894
VISHNU,20260825,638.65,646.85,631.25,642.9,76828
VISHWARAJ,20260825,6.88,7.09,6.08,6.29,2330979
VISL,20260825,37.25,38.29,36.5,36.94,21169731
VITAL,20260825,56.45,56.45,51.55,52.32,2605
VIVIANA,20260825,720.0,744.85,719.9,725.7,20595
VIVIDHA,20260825,0.53,0.54,0.5,0.52,420880
VIVIMEDLAB,20260825,6.68,6.68,6.68,6.68,44575
VIVOBIOT,20260825,19.1,19.1,18.25,18.85,16494
VIYASH,20260825,271.0,280.0,270.45,278.35,5438842
VLEGOV,20260825,10.51,10.71,10.5,10.71,32553
VLSFINANCE,20260825,246.0,249.85,244.1,244.95,6357
VMART,20260825,856.55,865.0,840.1,862.15,95469
VMM,20260825,113.9,114.35,111.0,112.5,22412088
VMSTMT,20260825,46.95,47.44,46.12,46.99,86219
VOEPL,20260825,496.95,501.0,492.0,498.75,22135
VOGL,20260825,39.55,40.68,38.76,38.95,36407728
VOITHPAPR,20260825,1500.0,1500.0,1450.0,1454.1,507
VOLTAMP,20260825,11382.5,11400.0,10670.0,10974.0,59803
VOLTAS,20260825,1237.1,1244.9,1228.1,1243.0,318747
VPRPL,20260825,33.56,33.9,33.18,33.71,178673
VRAJ,20260825,119.5,121.97,119.49,121.32,7812
VRLLOG,20260825,286.65,296.5,286.0,289.95,80471
VSSL,20260825,351.45,353.0,341.3,344.55,96812
VSTIND,20260825,212.17,212.17,209.42,209.86,133635
VSTL,20260825,112.53,113.75,111.25,111.5,8832
VSTTILLERS,20260825,4415.4,4478.0,4355.1,4450.0,7985
VTL,20260825,599.6,608.85,598.15,601.35,176383
VTMLTD,20260825,50.68,53.49,50.0,53.07,67986
WAAREEENER,20260825,2670.0,2687.7,2644.0,2655.0,423255
WAAREEINDO,20260825,276.6,284.3,273.8,274.65,64603
WAAREERTL,20260825,876.7,877.0,864.0,871.25,92599
WABAG,20260825,2039.0,2054.0,1992.6,2021.5,564405
WAKEFIT,20260825,137.98,146.47,137.81,145.14,1484599
WALCHANNAG,20260825,223.4,223.4,219.0,220.02,297867
WANBURY,20260825,265.9,270.0,261.1,264.35,102715
WARDINMOBI,20260825,6.22,6.22,5.8,5.97,373608
WATERBASE,20260825,50.99,51.8,48.0,49.37,23337
WCIL,20260825,87.49,88.09,86.35,87.19,33762
WEALTH,20260825,849.85,875.0,849.05,861.0,1634
WEBELSOLAR,20260825,81.75,82.0,79.32,79.69,1799940
WEIZMANIND,20260825,75.8,77.67,75.42,75.55,777
WEL,20260825,135.9,137.56,131.68,134.02,879718
WELCORP,20260825,2394.1,2433.9,2301.0,2345.5,2480694
WELENT,20260825,653.9,669.7,642.95,661.0,963358
WELINV,20260825,2166.0,2229.2,2166.0,2229.2,670
WELSPLSOL,20260825,51.59,52.4,50.4,50.8,458317
WELSPUNLIV,20260825,191.0,193.67,188.33,190.3,2352698
WENDT,20260825,8301.0,8343.0,8150.0,8189.0,6404
WESTLIFE,20260825,583.35,585.85,574.65,576.5,31914
WEWIN,20260825,45.52,47.0,45.5,46.9,262
WEWORK,20260825,668.6,682.75,665.05,674.9,349564
WHBRADY,20260825,550.0,550.0,502.0,529.95,115
WHEELS,20260825,1565.0,1579.6,1489.1,1499.3,137354
WHIRLPOOL,20260825,769.05,772.0,761.65,767.3,90829
WILLAMAGOR,20260825,25.75,25.75,24.03,24.47,5669
WINDLAS,20260825,996.0,1018.95,984.05,990.95,82125
WINDMACHIN,20260825,319.05,319.05,311.0,314.25,44420
WIPL,20260825,170.0,170.0,166.11,169.84,946
WIPRO,20260825,181.29,181.29,178.39,180.09,8352475
WOCKPHARMA,20260825,1895.1,1914.2,1869.6,1899.6,241579
WONDERLA,20260825,517.7,520.45,512.0,513.75,122345
WORTHPERI,20260825,154.45,157.98,150.25,152.23,15465
WPIL,20260825,457.0,464.55,439.05,442.9,49433
WSI,20260825,62.21,62.21,60.21,60.82,45664
WSTCSTPAPR,20260825,611.0,618.65,604.45,606.15,111653
XCHANGING,20260825,61.12,61.68,60.7,60.87,52065
XELPMOC,20260825,83.99,84.7,81.0,82.13,16951
XPROINDIA,20260825,1172.9,1196.7,1160.0,1186.5,73634
XTGLOBAL,20260825,28.7,29.49,28.41,29.22,38909
XTRANET,20260825,171.1,171.2,162.43,163.09,385611
YASHO,20260825,4280.2,4338.6,4154.8,4201.7,41030
YATHARTH,20260825,917.0,938.8,911.25,923.05,900090
YATRA,20260825,115.0,115.07,113.25,113.92,478339
YESBANK,20260825,22.6,22.67,22.42,22.5,64264051
YOGI,20260825,164.9,164.9,156.0,163.9,1055
YUKEN,20260825,941.95,960.0,941.95,943.45,6555
ZAGGLE,20260825,190.5,194.3,187.7,189.37,1816708
ZEEL,20260825,105.0,107.4,104.31,104.82,18052110
ZEELEARN,20260825,7.85,8.23,7.83,7.99,307793
ZEEMEDIA,20260825,9.25,9.44,9.07,9.12,1576098
ZENITHEXPO,20260825,197.0,208.95,192.0,206.46,777
ZENITHSTL,20260825,5.64,5.64,5.38,5.39,54736
ZENSARTECH,20260825,478.75,484.35,468.55,472.1,485670
ZENTEC,20260825,1894.0,1906.6,1858.0,1877.7,278812
ZFCVINDIA,20260825,2645.0,2648.5,2590.4,2603.0,650642
ZFSTEERING,20260825,680.0,680.0,667.0,672.35,1757
ZIMLAB,20260825,123.95,126.19,123.0,124.8,33450
ZODIAC,20260825,255.0,255.0,243.05,245.8,9753
ZODIACLOTH,20260825,73.0,75.0,72.0,72.61,4763
ZOTA,20260825,1086.9,1109.6,1069.5,1076.8,110375
ZSARACOM,20260825,11801.0,12270.0,11100.0,11300.0,86
ZUARI,20260825,228.35,238.0,228.0,232.01,308152
ZUARIIND,20260825,285.0,297.0,279.0,281.55,223254
ZYDUSLIFE,20260825,1103.0,1125.0,1092.6,1124.5,1152463
ZYDUSWELL,20260825,515.05,529.75,514.0,525.45,662683
