SYMBOL,TIMESTAMP,OPEN,HIGH,LOW,CLOSE,VOLUME
20MICRONS,20260826,210.66,233.53,210.66,223.63,1411924
21STCENMGM,20260826,42.51,43.92,42.31,42.59,18104
360ONE,20260826,1213.2,1219.8,1195.0,1197.2,332670
3BBLACKBIO,20260826,1266.3,1313.0,1266.3,1306.3,15966
3IINFOLTD,20260826,24.5,24.8,24.0,24.04,172933
3MINDIA,20260826,33695.0,33895.0,33340.0,33570.0,1465
3PLAND,20260826,32.0,32.04,31.55,32.0,813
5PAISA,20260826,381.85,381.95,373.05,376.4,24865
63MOONS,20260826,781.8,792.45,773.0,777.55,127223
A2ZINFRA,20260826,16.06,16.59,15.9,16.0,270888
AAATECH,20260826,92.6,92.61,91.05,91.49,9186
AADHARHFC,20260826,481.15,481.15,469.05,470.35,197278
AAKASH,20260826,8.71,8.96,8.5,8.73,71834
AAREYDRUGS,20260826,77.19,80.75,75.35,80.75,205193
AARNAV,20260826,33.26,34.8,32.02,34.1,23025
AARON,20260826,139.9,139.9,135.25,136.08,6661
AARTECH,20260826,47.1,48.0,46.87,47.92,32854
AARTIDRUGS,20260826,423.0,425.9,415.0,418.0,61047
AARTIIND,20260826,543.0,545.9,532.15,542.95,710144
AARTIPHARM,20260826,838.0,862.0,831.65,836.65,432818
AARTISURF,20260826,550.5,550.5,523.0,538.15,12744
AARVI,20260826,150.7,153.0,149.5,150.04,14686
AASTHA,20260826,73.24,80.35,73.24,80.34,2533216
AAVAS,20260826,1314.9,1321.8,1279.2,1285.8,139634
ABAN,20260826,15.74,15.74,15.74,15.74,7909
ABANSENT,20260826,27.26,28.46,26.52,27.91,5015
ABB,20260826,7630.0,7699.0,7581.0,7609.0,200058
ABBOTINDIA,20260826,26650.0,26650.0,26410.0,26555.0,6271
ABCAPITAL,20260826,409.95,416.45,409.15,410.0,2231478
ABCOTS,20260826,205.5,209.38,203.77,205.36,3375
ABDL,20260826,635.65,635.65,611.6,613.7,249704
ABFRL,20260826,54.73,55.15,54.4,54.52,4108969
ABGSEC,20260826,114.6,118.0,114.11,114.75,318
ABINFRA,20260826,12.01,12.77,11.95,11.95,451661
ABLBL,20260826,86.04,86.4,85.44,86.04,419982
ABMINTLLTD,20260826,63.15,63.15,57.47,60.46,1755
ABMKNO,20260826,192.23,192.24,185.15,186.39,721
ABREL,20260826,1413.8,1431.5,1385.6,1392.3,120050
ABSL10BANK,20260826,169.0,174.95,169.0,171.96,197476
ABSLAMC,20260826,1010.0,1036.0,1005.7,1033.5,407078
ABSLBANETF,20260826,59.39,59.54,59.26,59.31,11562
ABSLLIQUID,20260826,1005.0,1005.0,999.99,1000.0,2331
ABSLMSCIN,20260826,29.83,30.33,29.83,29.98,1820
ABSLNN50ET,20260826,78.69,78.98,78.45,78.53,7057
ABSLPSE,20260826,10.18,10.24,10.12,10.15,310390
ACC,20260826,1307.3,1338.1,1307.3,1331.7,179602
ACCELYA,20260826,1142.0,1142.0,1129.0,1131.8,3279
ACCURACY,20260826,4.5,4.61,4.5,4.59,40575
ACE,20260826,1157.1,1173.3,1154.0,1159.0,133478
ACEINTEG,20260826,17.75,17.8,17.5,17.72,3071
ACGL,20260826,1823.6,1839.2,1794.1,1802.9,364
ACI,20260826,500.75,500.75,488.0,489.9,368281
ACL,20260826,44.6,44.65,44.01,44.38,5556
ACMESOLAR,20260826,405.0,405.5,394.4,395.95,1042690
ACSTECH,20260826,51.1,52.0,48.42,48.45,296083
ACUTAAS,20260826,3320.0,3340.0,3233.4,3257.8,144263
ADANIENSOL,20260826,1617.0,1637.0,1570.5,1570.5,3719296
ADANIENT,20260826,3122.8,3165.0,3092.8,3112.0,2044729
ADANIGREEN,20260826,1330.6,1346.8,1303.2,1303.2,2448739
ADANIPORTS,20260826,1711.9,1719.7,1690.5,1691.5,1937255
ADANIPOWER,20260826,206.96,213.5,206.57,207.2,23035619
ADDIND,20260826,92.0,94.6,80.3,82.66,858
ADFFOODS,20260826,276.75,285.7,273.1,280.7,199711
ADL,20260826,75.9,75.9,72.45,72.47,189
ADOR,20260826,1570.0,1594.9,1522.0,1531.2,89496
ADROITINFO,20260826,10.1,10.49,10.02,10.19,20785
ADSL,20260826,109.0,111.0,109.0,109.48,66238
ADVAIT,20260826,2104.2,2231.6,2095.4,2147.7,367514
ADVANCE,20260826,120.89,124.9,119.25,122.58,201754
ADVANIHOTR,20260826,50.49,50.55,49.3,49.88,19620
ADVENTHTL,20260826,141.95,144.5,138.0,138.48,167627
ADVENZYMES,20260826,301.7,305.45,295.3,297.2,168342
ADVIKCA,20260826,1.19,1.22,1.19,1.19,313484
AEGISLOG,20260826,1328.0,1337.0,1311.0,1331.7,462882
AEGISVOPAK,20260826,268.45,269.8,263.1,264.15,282319
AEPL,20260826,14.41,16.1,14.3,15.1,65874
AEQUS,20260826,255.55,256.5,251.0,251.66,1913666
AEROENTER,20260826,141.0,144.98,140.4,143.64,908208
AEROFLEX,20260826,496.0,542.0,492.0,536.35,3136975
AERONEU,20260826,85.0,85.0,81.52,82.14,24674
AEROPLANE,20260826,181.93,182.0,173.5,174.99,317113
AETHER,20260826,1650.2,1661.0,1620.4,1655.0,151481
AFCONS,20260826,284.05,286.95,284.05,285.05,245244
AFFLE,20260826,1729.9,1729.9,1679.1,1686.8,66652
AFFORDABLE,20260826,165.99,167.9,163.99,165.92,13642
AFIL,20260826,9.97,9.97,9.4,9.5,801159
AFSL,20260826,203.0,203.0,201.0,201.0,4378
AGARIND,20260826,474.25,479.75,465.0,470.2,29876
AGARWALEYE,20260826,502.95,502.95,497.35,498.55,265313
AGI,20260826,734.9,748.45,732.2,744.5,114169
AGIIL,20260826,284.3,299.2,279.0,287.9,1419501
AGL,20260826,14.0,14.48,13.91,14.32,2718989
AGRITECH,20260826,104.0,104.49,102.5,103.36,996
AGROPHOS,20260826,27.5,27.5,26.37,26.75,8564
AGSTRA,20260826,1.9,2.0,1.9,1.93,134071
AHCL,20260826,15.19,15.26,15.0,15.11,1738781
AHLADA,20260826,37.0,38.8,37.0,37.95,21585
AHLEAST,20260826,140.51,140.51,138.0,138.66,1923
AHLUCONT,20260826,651.1,656.95,620.0,635.1,338939
AHLWEST,20260826,550.0,550.0,520.1,521.1,168
AIAENG,20260826,4290.0,4311.4,4225.0,4235.5,25577
AIIL,20260826,570.2,573.95,557.2,561.6,111977
AIRAN,20260826,15.15,15.17,14.85,14.9,43121
AIROLAM,20260826,87.43,89.0,87.23,87.99,387
AJANTPHARM,20260826,3599.8,3599.8,3535.0,3551.8,35227
AJAXENGG,20260826,566.0,585.8,565.05,581.5,140826
AJMERA,20260826,119.0,120.0,117.53,117.86,125018
AJOONI,20260826,3.69,4.04,3.63,3.89,647674
AKASH,20260826,24.13,25.2,24.13,24.63,4015
AKCAPIT,20260826,1752.9,1769.8,1710.3,1717.6,1476
AKG,20260826,8.99,10.4,8.41,9.58,44293
AKI,20260826,4.18,4.28,4.13,4.16,477464
AKSHAR,20260826,0.41,0.44,0.41,0.42,1995736
AKSHARCHEM,20260826,348.48,350.4,330.0,350.18,19030
AKSHOPTFBR,20260826,7.58,7.68,7.15,7.27,161736
AKUMS,20260826,752.0,773.8,750.0,766.1,412200
ALANKIT,20260826,8.1,8.24,7.61,8.06,126537
ALBERTDAVD,20260826,877.9,880.4,861.0,869.7,5288
ALEMBICLTD,20260826,95.86,99.41,95.03,98.7,1303903
ALFREDHE,20260826,2985.0,2985.0,2900.0,2901.8,123
ALGOQUANT,20260826,67.7,69.0,64.78,64.98,1336854
ALICON,20260826,697.8,715.0,688.55,691.65,19034
ALIVUS,20260826,1344.8,1371.3,1334.0,1360.8,28914
ALKALI,20260826,67.2,67.2,65.6,65.95,5170
ALKEM,20260826,5368.0,5387.5,5303.5,5303.5,44001
ALKYLAMINE,20260826,2080.0,2107.9,2052.1,2089.6,83245
ALLCARGO,20260826,12.26,13.43,11.81,13.32,61257032
ALLDIGI,20260826,816.6,823.9,805.05,815.2,4207
ALLTIME,20260826,206.14,207.68,200.0,206.18,92037
ALMONDZ,20260826,15.49,15.89,14.32,14.74,161839
ALOKINDS,20260826,11.41,11.48,11.26,11.28,3811080
ALPA,20260826,63.5,63.5,61.3,61.45,10657
ALPHA,20260826,54.69,55.3,54.64,55.2,1076683
ALPHAETF,20260826,27.22,27.49,27.21,27.42,710627
ALPHAGEO,20260826,317.14,326.0,309.0,320.16,12432
ALPINETEX,20260826,54.6,57.63,54.6,55.77,174554
ALPL30IETF,20260826,28.1,28.34,28.0,28.12,238752
ALUFLUOR,20260826,475.0,475.0,452.2,453.8,2511
AMAGI,20260826,585.35,596.9,577.65,583.9,233735
AMAL,20260826,755.8,764.75,741.6,745.85,8628
AMANTA,20260826,191.03,191.03,191.03,191.03,15130
AMARJOTHI,20260826,161.0,164.0,160.0,160.5,720
AMBALALSA,20260826,44.0,44.85,42.9,43.33,39671
AMBER,20260826,7432.0,7598.5,7404.0,7466.0,245343
AMBICAAGAR,20260826,25.5,25.5,24.6,24.98,6016
AMBIKCO,20260826,1647.9,1651.2,1632.7,1639.2,4001
AMBUJACEM,20260826,415.0,422.8,412.1,419.2,2740269
AMDIND,20260826,55.0,55.0,52.2,52.59,5958
AMJLAND,20260826,38.01,39.25,37.83,38.68,7795
AMNPLST,20260826,190.9,190.9,186.5,189.28,2458
AMRUTANJAN,20260826,525.0,529.55,521.55,527.75,32532
ANANDRATHI,20260826,2165.0,2181.0,2160.0,2179.4,81717
ANANTRAJ,20260826,613.15,617.65,598.25,606.35,1356485
ANDHRAPAP,20260826,60.0,60.75,59.6,60.46,112644
ANDHRSUGAR,20260826,98.52,100.59,96.72,99.02,543635
ANDREWYU,20260826,26.99,30.49,26.54,29.44,918078
ANGELONE,20260826,302.0,305.45,297.7,298.85,9062432
ANIKINDS,20260826,46.7,47.5,45.5,47.21,5483
ANKITMETAL,20260826,1.89,1.89,1.89,1.89,37941
ANMOL,20260826,10.15,10.15,9.71,10.03,22992
ANNAPURNA,20260826,152.35,153.0,148.0,148.85,25024
ANSALAPI,20260826,3.42,3.42,3.3,3.35,25773
ANSALBU,20260826,74.0,74.0,72.01,72.01,310
ANTELOPUS,20260826,785.0,797.9,773.7,792.05,70230
ANTGRAPHIC,20260826,0.73,0.75,0.72,0.73,140784
ANTHEM,20260826,879.05,927.0,878.0,923.05,1851014
ANUHPHR,20260826,78.45,79.52,77.0,79.02,39711
ANUP,20260826,1772.4,1828.0,1736.0,1786.2,84750
ANURAS,20260826,1270.0,1271.0,1263.2,1267.6,370003
AONEGOLD,20260826,15.02,15.03,14.88,14.9,286020
AONELIQUID,20260826,1074.2,1074.2,1074.18,1074.19,15923
AONENIFTY,20260826,10.27,10.27,9.99,10.03,142216
AONESILVER,20260826,9.36,9.36,9.16,9.18,452907
AONETMMQ50,20260826,10.44,10.65,10.38,10.41,143731
AONETOTAL,20260826,12.38,12.38,12.02,12.05,130008
APARINDS,20260826,17121.0,17349.0,16881.0,17063.0,105261
APCL,20260826,102.9,105.0,100.5,101.97,10629
APCOTEXIND,20260826,624.5,624.5,610.0,611.25,51702
APEX,20260826,394.0,395.95,380.25,382.5,129048
APLAPOLLO,20260826,2135.7,2159.0,2119.7,2159.0,595903
APLLTD,20260826,805.15,828.85,805.15,824.8,50380
APOLLO,20260826,391.6,392.5,384.5,388.0,4551120
APOLLOHOSP,20260826,8844.5,8868.0,8763.5,8766.5,150629
APOLLOPIPE,20260826,658.0,664.0,644.15,653.1,395538
APOLLOTYRE,20260826,444.25,445.75,439.2,443.05,376674
APOLSINHOT,20260826,1216.3,1216.6,1140.4,1190.7,1925
APTECHT,20260826,92.3,92.3,91.0,91.51,33996
APTUS,20260826,254.6,261.8,254.5,258.5,3986248
AQYLON,20260826,24.34,24.79,23.94,23.95,1652410
ARCHIDPLY,20260826,114.34,119.0,111.5,112.94,56348
ARCHIES,20260826,13.42,13.71,13.4,13.51,2427
ARCL,20260826,229.95,232.0,220.15,228.0,226
ARDEE,20260826,57.0,57.6,55.66,55.92,5357426
ARE&M,20260826,925.0,926.9,919.15,920.75,241273
ARENTERP,20260826,36.49,37.48,36.49,36.49,2185
ARFIN,20260826,84.0,85.89,83.7,84.21,932633
ARIES,20260826,446.65,517.9,445.1,503.7,1074702
ARIHANT,20260826,1005.0,1005.0,957.1,973.3,7801
ARIHANTCAP,20260826,78.46,80.79,78.36,79.91,264494
ARIHANTSUP,20260826,251.2,269.0,251.2,259.45,268152
ARIS,20260826,143.05,149.0,143.0,147.96,2148481
ARKADE,20260826,127.0,130.8,126.35,128.02,588707
ARMANFIN,20260826,1923.9,1996.7,1923.9,1977.8,40980
AROGRANITE,20260826,24.88,25.65,24.56,25.49,12303
ARROWGREEN,20260826,716.8,716.8,689.05,693.05,12413
ARSHIYA,20260826,0.89,0.91,0.85,0.85,426988
ARSSBL,20260826,542.0,542.0,523.0,526.3,142146
ARTEMISMED,20260826,324.9,327.65,321.85,323.5,156568
ARTNIRMAN,20260826,42.0,42.0,39.5,39.7,1716
ARVEE,20260826,189.99,189.99,171.19,174.8,28671
ARVIND,20260826,539.25,547.0,527.85,541.95,627979
ARVINDFASN,20260826,441.4,448.85,437.05,443.5,286735
ARVSMART,20260826,681.65,696.35,663.65,670.7,72270
ARYAMAN,20260826,615.0,625.0,615.0,625.0,74
ASAHIINDIA,20260826,950.55,959.8,948.0,951.15,40995
ASAHISONG,20260826,370.5,370.5,363.2,364.85,6965
ASAL,20260826,490.9,492.55,486.2,489.3,7994
ASALCBR,20260826,722.55,735.0,718.05,727.95,23310
ASHAPURMIN,20260826,575.8,597.7,569.65,592.45,549376
ASHIANA,20260826,362.85,370.0,362.85,368.7,36785
ASHIKAG,20260826,425.0,438.4,425.0,432.2,35292
ASHIMASYN,20260826,18.01,18.75,17.86,18.12,64443
ASHOKA,20260826,115.0,115.39,113.5,114.07,339117
ASHOKAMET,20260826,14.17,14.17,13.4,13.5,21705
ASHOKLEY,20260826,175.57,179.5,175.41,179.05,17868582
ASIANENE,20260826,454.8,486.15,454.8,478.55,688552
ASIANHOTNR,20260826,298.8,308.4,294.0,306.7,107359
ASIANPAINT,20260826,2660.9,2678.7,2626.5,2626.5,339110
ASIANTILES,20260826,46.99,47.29,46.53,46.72,1399853
ASIANTNE,20260826,9.59,9.93,9.24,9.57,4773
ASKAUTOLTD,20260826,610.0,622.0,609.95,617.0,180959
ASMS,20260826,7.09,7.09,6.9,6.94,93697
ASPINWALL,20260826,264.0,268.8,257.0,259.15,960
ASTAR,20260826,590.0,590.0,574.1,590.0,13
ASTEC,20260826,599.9,606.7,589.0,593.5,17920
ASTERDM,20260826,766.0,775.5,755.15,762.1,1673373
ASTRAL,20260826,1540.5,1544.6,1525.9,1526.1,408686
ASTRAMICRO,20260826,1710.0,1716.8,1681.0,1698.7,212880
ASTRAZEN,20260826,7190.0,7214.0,7137.5,7153.0,3427
ASTRON,20260826,2.95,3.03,2.95,3.03,10675
ATALREAL,20260826,35.17,35.4,33.85,34.6,7971582
ATAM,20260826,56.34,57.71,55.51,56.79,9601
ATGL,20260826,645.45,654.7,639.35,643.7,737105
ATHERENERG,20260826,1445.0,1494.6,1442.9,1494.6,4256363
ATL,20260826,27.16,27.45,26.63,26.71,302331
ATLANTAA,20260826,37.92,38.4,37.15,37.41,39948
ATLANTAELE,20260826,1715.0,1755.0,1687.0,1725.1,161888
ATLASCYCLE,20260826,96.44,97.98,96.43,96.63,1517
ATUL,20260826,6537.0,6569.0,6474.5,6526.0,23384
ATULAUTO,20260826,485.1,489.35,485.1,487.5,35512
AUBANK,20260826,1128.6,1131.4,1113.5,1113.5,618521
AURIONPRO,20260826,717.4,719.6,699.8,700.7,106720
AUROPHARMA,20260826,1620.0,1639.5,1611.2,1623.0,679792
AURUM,20260826,236.46,239.39,228.5,233.43,125655
AURUS,20260826,4.59,4.73,4.52,4.61,11495
AUSOMENT,20260826,152.0,152.0,145.55,146.1,3208
AUSTENG,20260826,122.0,126.98,122.0,124.01,2521
AUTOAXLES,20260826,1760.0,1760.0,1728.2,1745.4,5539
AUTOBEES,20260826,302.03,304.53,300.52,301.11,132166
AUTOIETF,20260826,30.21,30.36,30.16,30.21,352711
AUTOIND,20260826,92.0,92.0,88.12,88.99,115185
AVADHSUGAR,20260826,802.0,832.0,791.05,813.7,206753
AVALON,20260826,2125.4,2267.9,2125.3,2226.4,707047
AVANCE,20260826,0.88,0.92,0.88,0.89,7967210
AVANTEL,20260826,158.38,160.0,156.5,156.94,659725
AVANTIFEED,20260826,849.9,854.4,836.0,839.6,234168
AVG,20260826,190.0,190.0,184.0,185.89,7647
AVL,20260826,574.9,592.3,570.6,585.6,292001
AVONMORE,20260826,13.7,14.2,13.52,13.97,439384
AVROIND,20260826,9.5,9.5,9.0,9.17,140526
AVTNPL,20260826,87.85,88.0,86.5,86.95,64452
AWFIS,20260826,274.75,275.7,267.55,268.35,166166
AWHCL,20260826,380.0,393.85,378.05,384.5,77515
AWL,20260826,202.52,204.5,199.25,201.9,4581270
AXISBANK,20260826,1240.1,1257.7,1238.2,1255.0,3298266
AXISCADES,20260826,1609.0,1634.4,1585.0,1606.7,112155
AXITA,20260826,7.95,8.15,7.95,8.05,1280809
AXTEL,20260826,423.0,423.0,405.0,406.3,3837
AYE,20260826,174.22,180.23,174.05,176.65,503095
AYMSYNTEX,20260826,250.3,258.0,250.3,254.95,21536
AZAD,20260826,2819.8,2886.0,2819.8,2825.5,304811
AZADIND,20260826,90.85,91.59,89.7,90.03,5826
BAFNAPH,20260826,280.0,280.6,280.0,280.6,8650
BAGFILMS,20260826,4.54,4.54,4.36,4.45,57544
BAIDFIN,20260826,9.77,9.8,9.64,9.79,44262
BAJAJ-AUTO,20260826,11910.0,11924.0,11724.0,11724.0,166838
BAJAJCON,20260826,459.0,469.5,455.0,463.5,445556
BAJAJELEC,20260826,336.0,347.95,336.0,340.6,244530
BAJAJFINSV,20260826,2017.0,2024.9,2005.5,2010.0,564145
BAJAJHCARE,20260826,322.5,328.0,321.0,326.45,42455
BAJAJHFL,20260826,84.07,84.5,84.02,84.07,1525563
BAJAJHIND,20260826,22.81,23.34,21.5,21.78,79063423
BAJAJHLDNG,20260826,11270.0,11540.0,11223.0,11540.0,34213
BAJAJINDEF,20260826,229.0,233.79,227.44,229.65,14759
BAJAJST,20260826,354.1,362.4,352.5,354.2,4252
BAJEL,20260826,188.05,191.8,187.03,189.53,122936
BAJFINANCE,20260826,1083.3,1095.0,1082.4,1085.0,3234877
BALAJEE,20260826,26.12,26.8,26.12,26.21,19686
BALAJITELE,20260826,95.09,97.3,95.07,95.43,52956
BALAMINES,20260826,2350.0,2461.0,2318.0,2437.2,423382
BALAXI,20260826,23.4,23.4,22.06,22.41,10631
BALKRISHNA,20260826,17.55,17.55,17.06,17.18,3509
BALKRISIND,20260826,2378.7,2394.2,2315.2,2328.6,200421
BALMLAWRIE,20260826,176.4,176.99,175.11,176.72,78725
BALPHARMA,20260826,85.0,85.78,82.05,83.57,10024
BALRAMCHIN,20260826,675.0,683.6,658.05,674.35,4191913
BALUFORGE,20260826,625.0,646.55,625.0,638.9,4929020
BANARBEADS,20260826,108.0,116.95,107.25,111.75,8772
BANARISUG,20260826,3895.7,3929.4,3830.6,3847.9,1889
BANCOINDIA,20260826,617.0,629.8,616.85,627.85,63504
BANDHANBNK,20260826,174.0,176.43,172.84,173.5,3786900
BANG,20260826,33.92,35.78,33.0,33.83,620899
BANK10ADD,20260826,16.97,17.09,16.97,17.05,10349
BANK10BETF,20260826,20.92,21.08,20.87,21.0,1433
BANKA,20260826,83.85,83.85,77.65,78.44,3612
BANKADD,20260826,59.45,59.45,59.24,59.28,4134
BANKBARODA,20260826,242.0,245.59,242.0,242.5,4759203
BANKBEES,20260826,599.99,600.84,596.05,599.57,955380
BANKBETA,20260826,59.43,60.0,59.43,59.87,36969
BANKBETF,20260826,58.82,59.0,58.7,58.83,3009657
BANKETF,20260826,588.74,591.88,588.74,589.61,101057
BANKIETF,20260826,58.75,59.57,58.75,59.42,292977
BANKINDIA,20260826,144.0,147.9,143.99,145.95,10250692
BANKNIFTY1,20260826,59.04,60.3,59.04,60.04,2298207
BANKPSU,20260826,87.79,88.29,87.51,87.51,31798
BANSALWIRE,20260826,320.55,323.1,317.1,320.5,53352
BANSWRAS,20260826,122.0,123.39,113.85,114.88,86864
BASF,20260826,3898.8,3924.0,3865.4,3914.0,14043
BASML,20260826,25.3,25.49,24.5,24.6,66659
BATAINDIA,20260826,690.0,693.0,683.75,685.55,124114
BATLIBOI,20260826,86.0,87.5,85.31,86.83,12671
BAYERCROP,20260826,4077.0,4105.0,4074.0,4089.3,11131
BBETF0432,20260826,1349.0,1359.99,1343.6,1349.27,2695
BBL,20260826,2378.0,2387.8,2329.0,2338.9,15409
BBNPNBETF,20260826,58.67,59.0,58.22,58.59,7695
BBNPPGOLD,20260826,155.8,155.9,154.45,154.9,935
BBOX,20260826,750.75,767.35,750.75,754.8,180021
BBTC,20260826,1423.0,1433.0,1421.6,1426.2,9011
BBTCL,20260826,239.0,239.0,231.93,233.07,5521
BCG,20260826,9.13,9.15,9.05,9.07,3510098
BCLIND,20260826,37.84,38.88,37.52,37.69,1639069
BCONCEPTS,20260826,163.12,163.5,155.55,160.48,2765
BCPL,20260826,71.0,71.0,69.22,69.81,6877
BDL,20260826,1359.0,1378.4,1323.3,1363.0,1494007
BEARDSELL,20260826,26.99,28.2,26.9,27.35,24084
BECTORFOOD,20260826,250.0,253.13,242.1,243.24,1010999
BEDMUTHA,20260826,105.1,108.0,105.1,107.3,1278
BEEKAY,20260826,430.0,434.05,424.95,425.0,6547
BEL,20260826,411.75,412.3,406.9,406.9,7631016
BELLACASA,20260826,220.31,245.1,220.31,239.22,15814
BELRISE,20260826,228.0,232.6,228.0,229.66,3663654
BEML,20260826,1928.4,1964.0,1919.5,1937.7,203366
BENARAS,20260826,10202.0,10333.0,10200.0,10200.0,23
BENGALASM,20260826,6217.0,6217.0,6126.5,6160.0,157
BEPL,20260826,129.62,129.98,126.84,128.35,1189249
BERGEPAINT,20260826,511.3,514.0,501.9,503.7,636414
BESTAGRO,20260826,17.69,17.94,17.69,17.85,330220
BETA,20260826,2370.0,2387.0,2255.0,2261.0,18297
BFINVEST,20260826,449.1,452.8,446.0,447.7,10997
BFSI,20260826,27.39,27.55,27.38,27.48,96720
BFUTILITIE,20260826,520.0,524.9,513.1,514.2,38089
BGRENERGY,20260826,254.2,256.95,249.0,256.95,29878
BHAGCHEM,20260826,289.25,291.3,280.35,286.6,57634
BHAGERIA,20260826,223.9,228.0,216.8,221.3,53236
BHAGYANGR,20260826,392.0,392.0,380.6,384.75,75604
BHANDARI,20260826,3.08,3.08,3.01,3.01,129667
BHARATCOAL,20260826,34.63,34.88,34.35,34.43,4146491
BHARATFORG,20260826,2052.5,2052.5,2005.0,2005.0,456259
BHARATGEAR,20260826,105.0,105.8,102.5,104.02,10079
BHARATRAS,20260826,1293.9,1293.9,1272.0,1278.4,5025
BHARATSE,20260826,224.0,229.12,220.78,224.74,162408
BHARATWIRE,20260826,188.0,191.0,185.15,186.06,122139
BHARTIARTL,20260826,1933.5,1942.9,1902.1,1902.1,4552921
BHARTIHEXA,20260826,1604.1,1616.9,1572.0,1579.8,74603
BHEL,20260826,418.0,421.0,415.5,415.5,3386320
BI,20260826,94.0,96.0,90.0,92.07,19377
BIGBLOC,20260826,44.0,44.0,43.0,43.27,24527
BIKAJI,20260826,605.15,620.7,601.7,612.1,170484
BIL,20260826,857.0,857.0,832.35,840.45,7177
BILVYAPAR,20260826,4.45,4.46,4.1,4.27,10069
BIMETAL,20260826,623.05,637.95,623.05,630.1,262
BIOCON,20260826,417.8,419.45,414.75,417.5,2245587
BIOFILCHEM,20260826,32.49,33.68,31.6,32.72,368174
BIRLACABLE,20260826,268.0,274.4,261.0,267.68,56927
BIRLACORPN,20260826,888.85,898.9,886.3,895.3,24810
BIRLAMONEY,20260826,127.99,128.79,126.21,128.15,40957
BIRLANU,20260826,1535.0,1555.0,1466.9,1480.5,18977
BIRLAPREC,20260826,43.62,45.2,41.0,44.12,91806
BLACKBUCK,20260826,601.5,619.5,599.2,605.3,707687
BLACKROSE,20260826,116.0,116.0,111.61,114.66,12006
BLAL,20260826,169.79,169.79,166.52,166.76,19436
BLBLIMITED,20260826,15.76,16.3,15.76,15.87,83825
BLEL,20260826,454.3,479.95,431.2,470.85,6762367
BLIL,20260826,72.13,72.29,71.07,71.9,51154
BLISSGVS,20260826,561.0,574.95,555.0,570.5,190127
BLKASHYAP,20260826,52.2,56.05,51.7,55.15,1135277
BLS,20260826,244.41,245.9,236.2,237.76,2161537
BLSE,20260826,315.35,321.5,310.6,319.7,253652
BLUECHIP,20260826,2.06,2.06,2.06,2.06,12073
BLUECLOUDS,20260826,22.45,22.91,19.8,20.02,8600073
BLUECOAST,20260826,22.97,23.52,22.91,23.5,1116
BLUEDART,20260826,5000.0,5030.0,4993.0,5007.0,1989
BLUEJET,20260826,590.9,598.2,586.3,590.1,304935
BLUESTARCO,20260826,1512.0,1514.9,1485.0,1485.0,259007
BLUESTONE,20260826,815.0,823.0,791.5,797.95,477102
BLUSPRING,20260826,127.0,132.0,126.41,128.13,324381
BMWVENTLTD,20260826,57.6,58.0,56.6,56.9,56772
BNAGROCHEM,20260826,232.9,232.9,225.05,230.05,1332
BNALTD,20260826,398.95,406.35,398.95,406.35,1006
BNKETFAXIS,20260826,596.64,598.89,596.4,598.0,881
BODALCHEM,20260826,86.3,91.2,82.71,89.98,1059003
BOHRAIND,20260826,15.0,15.0,13.12,13.86,14889
BOMDYEING,20260826,110.7,111.66,110.31,111.22,177963
BONLON,20260826,40.06,41.43,39.5,39.6,6553
BORANA,20260826,313.85,319.0,306.5,318.1,21782
BOROLTD,20260826,259.75,266.0,249.1,255.35,1640304
BORORENEW,20260826,532.0,538.0,524.1,527.0,277503
BOROSCI,20260826,125.9,127.8,125.0,127.07,36646
BOSCH-HCIL,20260826,1685.0,1734.7,1652.2,1705.6,36988
BOSCHLTD,20260826,48670.0,49190.0,48310.0,48895.0,28910
BPCL,20260826,320.25,326.35,318.0,318.0,3340608
BPL,20260826,50.72,52.85,49.52,51.67,122529
BPLPHARMA,20260826,1499.9,1590.0,1450.0,1541.2,7651
BRAHMINFRA,20260826,159.99,163.0,155.0,157.39,13190
BRIGADE,20260826,663.5,665.05,646.75,655.1,462198
BRIGHOTEL,20260826,59.56,61.16,59.5,60.06,89243
BRIGHTBR,20260826,254.0,265.0,253.28,257.49,2114
BRITANNIA,20260826,5370.0,5388.5,5310.0,5310.0,119636
BRNL,20260826,17.69,17.69,17.01,17.3,16911
BROOKS,20260826,61.26,63.5,61.26,62.85,7763
BSE,20260826,3325.0,3392.1,3309.0,3325.6,4810246
BSE500IETF,20260826,39.78,40.24,39.38,39.94,100627
BSHSL,20260826,87.2,90.1,87.2,89.88,3407
BSL,20260826,123.26,123.85,121.1,121.56,5065
BSLGOLDETF,20260826,144.94,144.94,140.72,140.94,1037151
BSLNIFTY,20260826,29.25,29.25,28.47,28.54,1430959
BSLSENETFG,20260826,78.92,79.0,77.71,77.96,1687
BSOFT,20260826,292.0,298.9,292.0,293.55,843426
BTML,20260826,9.09,9.09,8.65,8.89,606584
BTTL,20260826,45.21,45.4,44.25,45.02,1029
BUILDPRO,20260826,1241.0,1301.2,1226.8,1262.9,94970
BURNPUR,20260826,11.84,13.36,11.13,13.36,301209
BUTTERFLY,20260826,634.9,643.1,632.15,639.25,11737
BVCL,20260826,43.45,45.7,42.1,42.83,229050
BYKE,20260826,31.01,32.15,30.85,31.48,58726
CALSOFT,20260826,32.2,32.2,32.2,32.2,87211
CAMLINFINE,20260826,107.45,108.5,105.47,106.57,325404
CAMPUS,20260826,226.08,227.45,224.28,225.17,293052
CAMS,20260826,754.0,757.65,746.0,746.0,617953
CANBK,20260826,128.95,130.9,128.5,129.45,15134921
CANFINHOME,20260826,808.7,821.55,794.7,802.75,365074
CANHLIFE,20260826,154.29,154.4,151.56,153.88,710172
CANTABIL,20260826,245.59,251.4,245.0,246.5,102271
CAPACITE,20260826,220.3,228.0,220.25,227.38,372076
CAPILLARY,20260826,515.0,524.1,503.0,506.6,147688
CAPITALSFB,20260826,287.9,290.7,280.8,282.6,48147
CAPLIPOINT,20260826,2478.0,2535.5,2467.3,2516.3,59944
CAPTRUST,20260826,20.45,20.5,20.06,20.25,4929
CARBORUNIV,20260826,1118.2,1125.9,1101.1,1105.7,106839
CARERATING,20260826,1618.6,1665.0,1615.0,1661.0,52487
CARRARO,20260826,532.15,540.9,527.85,538.1,60548
CARTRADE,20260826,3140.0,3173.0,3082.0,3142.2,233009
CARYSIL,20260826,1145.0,1157.3,1132.2,1139.7,95531
CASHIETF,20260826,1076.89,1076.89,1076.87,1076.87,89894
CASTROLIND,20260826,186.86,187.5,185.55,186.75,1191629
CCAVENUE,20260826,15.12,15.35,15.1,15.28,4849185
CCCL,20260826,15.25,15.25,15.01,15.07,166168
CCHHL,20260826,12.57,13.18,12.42,12.98,4888
CCL,20260826,1100.0,1104.0,1089.0,1095.2,80420
CDSL,20260826,1395.0,1444.8,1395.0,1434.0,3818012
CEATLTD,20260826,3571.8,3617.8,3546.9,3584.3,43805
CEIGALL,20260826,327.2,346.0,324.4,337.85,1327235
CEINSYS,20260826,729.0,739.45,723.7,728.2,50281
CELEBRITY,20260826,6.93,6.93,6.62,6.7,12239
CELLO,20260826,355.7,365.5,352.25,354.45,469461
CEMNTGROWW,20260826,14.84,15.2,14.72,15.16,98524
CEMPRO,20260826,1285.0,1294.0,1261.0,1287.1,143061
CENTENKA,20260826,555.0,561.0,548.9,557.55,24562
CENTEXT,20260826,22.18,22.88,21.8,22.45,186685
CENTRALBK,20260826,31.0,31.37,30.64,30.83,12006169
CENTRUM,20260826,23.25,23.9,22.91,23.12,419246
CENTUM,20260826,3302.6,3391.2,3267.7,3334.5,33857
CENTURYPLY,20260826,759.85,762.6,739.1,743.05,69889
CERA,20260826,5783.5,5880.0,5711.0,5717.0,8781
CEREBRAINT,20260826,2.71,2.79,2.62,2.71,27508
CESC,20260826,154.0,156.15,152.95,153.33,1596604
CEWATER,20260826,271.45,275.7,266.05,271.75,178373
CFEL,20260826,30.15,35.2,30.15,32.69,40133
CGCL,20260826,241.58,260.85,240.68,256.35,30378465
CGPOWER,20260826,880.0,882.5,865.05,865.05,922161
CGVAK,20260826,149.8,151.0,148.06,149.57,1875
CHALET,20260826,903.8,923.95,892.6,912.45,548294
CHAMBLFERT,20260826,428.9,431.4,425.8,427.55,565043
CHEMBOND,20260826,170.5,184.0,170.5,172.12,5609
CHEMBONDCH,20260826,266.25,275.5,264.5,267.76,17686
CHEMCON,20260826,199.99,203.0,195.0,201.15,23300
CHEMCRUX,20260826,84.6,88.1,83.0,86.72,3299
CHEMFAB,20260826,374.45,375.0,361.0,367.1,4111
CHEMICAL,20260826,30.25,30.6,30.14,30.51,265462
CHEMPLASTS,20260826,179.39,179.39,175.01,177.84,89079
CHENNPETRO,20260826,1402.1,1423.2,1367.0,1375.0,747711
CHEVIOT,20260826,1155.4,1164.0,1150.0,1154.0,1042
CHOICEGOLD,20260826,159.38,159.93,158.14,158.86,8018
CHOICEIN,20260826,790.95,794.95,779.0,781.85,338222
CHOLAFIN,20260826,1875.0,1925.0,1868.1,1868.1,1362590
CHOLAHLDNG,20260826,1548.6,1571.1,1537.9,1559.4,112919
CIEINDIA,20260826,398.0,398.9,392.65,397.0,322958
CIFL,20260826,20.71,21.59,20.44,20.75,24444
CINELINE,20260826,90.3,91.4,89.25,89.73,14373
CINEVISTA,20260826,14.37,14.82,14.15,14.53,22717
CIPLA,20260826,1413.5,1419.4,1401.1,1402.7,915493
CLCIND,20260826,48.02,48.02,46.5,46.65,2143
CLEAN,20260826,827.9,839.7,825.5,829.45,156372
CLEANMAX,20260826,1237.5,1243.0,1171.0,1182.3,689745
CLEDUCATE,20260826,63.5,66.0,63.0,65.12,34847
CLSEL,20260826,318.0,321.0,306.75,313.2,242724
CMLL,20260826,517.0,528.65,504.3,509.0,401288
CMPDI,20260826,233.45,236.37,229.8,231.79,661452
CMRGREEN,20260826,218.4,220.25,214.79,218.21,554486
CMSINFO,20260826,246.5,249.3,244.4,246.15,455029
CNL,20260826,1197.0,1240.05,1190.0,1215.4,23936
COALINDIA,20260826,405.0,405.4,401.4,403.5,5118183
COASTCORP,20260826,40.43,41.39,40.26,40.69,62545
COCHINSHIP,20260826,1526.0,1555.0,1513.0,1547.0,1691548
COCKERILL,20260826,8040.0,8070.0,7905.0,8024.5,4575
COFFEEDAY,20260826,30.3,30.48,29.56,29.78,312024
COFORGE,20260826,1903.6,1937.1,1878.6,1880.0,1622085
COHANCE,20260826,450.15,467.2,449.3,462.35,1018072
COLPAL,20260826,1876.9,1883.4,1860.0,1860.0,227479
COMFINTE,20260826,6.33,6.33,6.01,6.08,169601
COMMOIETF,20260826,100.98,100.98,100.23,100.6,50941
COMPEAU,20260826,358.55,358.55,342.0,351.15,670
COMPINFO,20260826,1.08,1.1,1.08,1.1,8849
COMPUSOFT,20260826,13.4,13.4,13.09,13.29,22238
COMSYN,20260826,287.68,294.0,286.55,288.72,112948
CONCOR,20260826,515.65,524.25,514.75,517.0,2059514
CONCORDBIO,20260826,1566.7,1575.8,1537.0,1542.2,55487
CONFIPET,20260826,77.8,82.5,77.7,79.69,7543729
CONS,20260826,12.44,12.47,12.36,12.4,9465
CONSOFINVT,20260826,276.0,276.0,270.0,271.85,1546
CONSUMAXIS,20260826,125.0,125.0,123.53,123.95,1267
CONSUMBEES,20260826,134.82,134.95,133.0,133.77,61298
CONSUMER,20260826,12.64,12.64,12.32,12.36,165697
CONSUMIETF,20260826,125.9,125.9,123.46,124.48,3381
CONTROLPR,20260826,605.2,612.65,593.55,601.3,36514
CORALFINAC,20260826,34.75,34.9,33.61,34.18,53930
CORDELIA,20260826,104.1,109.65,104.1,109.5,2446946
CORDSCABLE,20260826,256.0,257.0,240.0,248.95,27592
COROMANDEL,20260826,1922.9,1979.4,1895.4,1949.7,292075
CORONA,20260826,2097.0,2124.7,2074.2,2103.1,14498
COSMOFIRST,20260826,940.0,978.8,920.1,924.3,108620
COUNCODOS,20260826,6.9,6.99,6.76,6.94,202576
CPCAP,20260826,120.12,121.14,112.0,115.77,10116
CPEDU,20260826,178.1,188.0,174.0,185.09,5806
CPL,20260826,67.89,67.89,65.55,66.08,131461
CPPLUS,20260826,3418.0,3548.0,3400.1,3530.3,217905
CPSEETF,20260826,93.78,94.73,93.1,93.19,1166522
CRAFTSMAN,20260826,10419.0,10570.5,10368.0,10539.0,19603
CRAMC,20260826,257.0,262.5,257.0,260.6,164425
CRAVATEX,20260826,330.0,360.0,300.0,334.95,1130
CREATIVEYE,20260826,6.39,6.4,6.0,6.32,11899
CREDITACC,20260826,1422.5,1454.4,1404.3,1440.2,303214
CREST,20260826,357.95,378.0,357.95,372.35,18578
CRISIL,20260826,4499.1,4535.0,4452.1,4513.4,20984
CRIZAC,20260826,178.0,179.8,175.81,178.83,196336
CROMPTON,20260826,245.0,245.0,235.4,238.25,11453734
CROWN,20260826,106.0,106.0,105.0,105.28,5491
CRSL,20260826,2.63,2.63,2.63,2.63,180999
CSBBANK,20260826,339.0,349.0,339.0,347.75,483610
CSLFINANCE,20260826,229.4,233.23,224.5,229.74,31846
CSM,20260826,97.24,98.79,96.11,96.85,305370
CTE,20260826,48.0,48.0,46.93,46.93,5948
CUB,20260826,222.0,227.69,221.95,226.8,2348389
CUBEXTUB,20260826,79.0,79.2,77.0,77.87,41153
CUMMINSIND,20260826,5125.0,5237.0,5125.0,5200.0,714039
CUPID,20260826,282.61,285.0,281.05,283.99,10330132
CURAA,20260826,72.3,73.0,67.41,69.11,601
CYBERMEDIA,20260826,19.19,19.19,18.0,18.17,18675
CYBERTECH,20260826,135.55,135.88,132.0,132.52,8514
CYIENT,20260826,994.0,1056.0,984.5,1047.7,11712766
CYIENTDLM,20260826,771.6,804.3,765.25,797.9,1097395
DABUR,20260826,395.6,397.5,392.2,392.2,1276848
DAICHI,20260826,339.0,349.0,328.1,343.25,2655
DALBHARAT,20260826,1815.0,1913.0,1808.0,1898.0,332647
DALMIASUG,20260826,472.0,488.0,466.25,481.1,352190
DAMCAPITAL,20260826,149.95,153.39,148.63,150.02,734604
DAMODARIND,20260826,27.75,27.75,27.15,27.17,5327
DANGEE,20260826,2.89,2.93,2.8,2.82,81776
DATAMATICS,20260826,802.55,809.15,793.6,798.7,37855
DATAPATTNS,20260826,4557.5,4840.9,4556.0,4779.4,1607503
DAVANGERE,20260826,2.92,2.92,2.56,2.65,24777676
DBCORP,20260826,205.99,206.61,202.3,203.71,64818
DBEIL,20260826,6.52,6.68,6.26,6.48,145808
DBL,20260826,415.9,422.4,413.5,413.9,73488
DBOL,20260826,128.66,130.11,127.1,127.73,169388
DBREALTY,20260826,107.65,111.3,105.5,106.34,1573921
DBSTOCKBRO,20260826,27.55,28.89,27.51,28.28,16537
DCAL,20260826,173.0,176.2,171.05,175.27,419632
DCBBANK,20260826,210.0,220.1,209.24,213.83,10444131
DCI,20260826,374.95,413.95,374.95,402.8,157146
DCM,20260826,81.7,81.7,79.86,80.11,44812
DCMFINSERV,20260826,5.33,5.5,5.21,5.34,7018
DCMNVL,20260826,176.05,189.3,172.7,189.18,54471
DCMSHRIRAM,20260826,1050.3,1060.0,1041.1,1050.1,77538
DCMSIL,20260826,79.75,79.85,74.51,75.25,36610
DCMSRIND,20260826,50.3,51.38,47.28,47.84,269328
DCW,20260826,45.38,47.9,45.38,46.78,1911314
DCXINDIA,20260826,173.52,178.36,173.52,176.11,318726
DDEVPLSTIK,20260826,278.0,281.95,275.05,276.25,39368
DECCANCE,20260826,562.45,592.5,562.45,577.15,74539
DECNGOLD,20260826,234.0,234.65,228.0,230.96,1430774
DEEDEV,20260826,647.0,653.0,634.65,637.0,106385
DEEP,20260826,36.08,38.93,36.0,38.01,9332
DEEPAKFERT,20260826,1473.3,1486.9,1463.7,1479.3,190453
DEEPAKNTR,20260826,1755.6,1800.9,1755.6,1776.7,433959
DEEPINDS,20260826,650.05,671.9,626.05,664.65,382203
DEFENCE,20260826,84.03,84.03,82.16,82.77,174683
DELHIVERY,20260826,447.75,452.15,445.05,449.0,1328722
DELPHIFX,20260826,6.8,6.8,6.31,6.51,100819
DELTACORP,20260826,62.4,62.44,60.5,60.72,691986
DELTAMAGNT,20260826,58.7,58.7,56.54,57.83,399
DEN,20260826,27.74,28.5,27.2,27.68,270369
DENORA,20260826,824.4,839.0,802.3,811.6,2536
DENTA,20260826,286.0,288.8,282.05,285.6,69345
DEVIT,20260826,25.49,26.0,25.2,25.46,26298
DEVX,20260826,33.82,35.9,33.82,34.71,157513
DEVYANI,20260826,151.02,154.99,148.31,149.36,5229223
DGCONTENT,20260826,24.5,25.0,24.2,24.23,9267
DHABRIYA,20260826,563.85,563.85,535.7,548.95,12874
DHAMPURSUG,20260826,179.0,185.01,177.06,183.67,928474
DHANBANK,20260826,33.25,33.55,33.05,33.21,339666
DHANUKA,20260826,983.7,993.9,980.6,985.2,16627
DHARAN,20260826,0.17,0.17,0.16,0.16,10322159
DHARMAJ,20260826,270.5,272.5,266.35,269.55,187154
DHATRE,20260826,4.27,4.48,4.21,4.29,19573
DHOOTTRANS,20260826,1526.05,1665.2,1512.2,1575.55,8209205
DHRUV,20260826,23.47,24.62,23.47,24.5,5484
DHUNINV,20260826,980.0,1151.75,980.0,1115.9,63610
DIACABS,20260826,341.0,341.0,325.8,338.3,1167143
DIAMINESQ,20260826,245.0,248.0,240.07,245.24,4702
DIAMONDYD,20260826,1169.3,1180.9,1155.4,1167.3,14849
DICIND,20260826,603.85,606.0,587.65,601.95,1925
DIFFNKG,20260826,390.8,399.6,387.05,388.8,46186
DIGIDRIVE,20260826,17.96,18.2,17.35,17.95,47966
DIGISPICE,20260826,17.09,17.25,16.72,16.93,31197
DIGITIDE,20260826,100.0,104.15,99.7,101.83,497677
DIGJAMLMTD,20260826,50.7,52.93,50.7,51.73,18888
DISAQ,20260826,12010.0,12052.0,11905.0,11974.0,261
DISHTV,20260826,2.75,2.78,2.73,2.75,735011
DIVGIITTS,20260826,1190.35,1205.95,1161.15,1175.9,79413
DIVIDEND,20260826,35.92,36.09,35.81,35.84,2026
DIVISLAB,20260826,8739.5,9043.0,8701.0,9025.0,708128
DIVOPPBEES,20260826,78.04,78.28,77.68,77.91,20951
DIXON,20260826,14850.0,14983.0,14720.0,14735.0,429021
DJML,20260826,73.5,77.0,70.61,75.16,492250
DLF,20260826,688.0,690.4,672.5,672.5,2143983
DLINKINDIA,20260826,448.75,450.45,442.0,443.8,43506
DMART,20260826,3922.9,3935.5,3737.2,3826.9,2373823
DMCC,20260826,284.0,292.15,281.75,285.9,45583
DNAMEDIA,20260826,2.89,2.89,2.52,2.58,52366
DODLA,20260826,1110.5,1122.7,1088.0,1094.0,15728
DOLATALGO,20260826,74.49,76.0,74.48,74.58,166396
DOLLAR,20260826,275.3,276.6,270.25,270.9,50245
DOLPHIN,20260826,619.2,624.0,597.4,613.3,44112
DOMS,20260826,2216.7,2232.0,2190.2,2204.0,30106
DONEAR,20260826,85.77,85.79,83.7,84.25,10819
DPABHUSHAN,20260826,1455.2,1509.9,1452.0,1506.1,25272
DPSCLTD,20260826,7.05,7.2,7.05,7.11,45742
DPWIRES,20260826,153.0,156.99,153.0,153.65,8952
DRAGARWQ,20260826,5375.0,5375.0,5205.5,5246.0,1726
DRCSYSTEMS,20260826,12.9,12.99,12.67,12.76,38842
DREAMFOLKS,20260826,67.05,69.85,66.5,68.77,64740
DREDGECORP,20260826,1102.0,1145.0,1100.0,1131.1,209073
DRREDDY,20260826,1189.9,1197.2,1180.1,1182.0,1993156
DSFCL,20260826,26.99,27.51,26.99,27.5,22226
DSKULKARNI,20260826,17.61,17.61,17.61,17.61,353
DSSL,20260826,1090.0,1100.0,1055.0,1073.5,27862
DTIL,20260826,172.0,183.22,165.12,183.22,450987
DUCON,20260826,2.36,2.42,2.22,2.35,1585760
DVL,20260826,282.5,304.0,282.5,294.44,124078
DWARKESH,20260826,54.0,55.66,52.0,53.75,6188591
DYCL,20260826,432.0,460.0,431.05,458.9,671640
DYNAMATECH,20260826,11510.0,11708.0,11397.0,11510.0,10220
DYNPRO,20260826,229.0,233.45,229.0,231.1,2421
E2E,20260826,600.0,619.0,591.2,613.05,462869
EASEMYTRIP,20260826,6.14,6.19,6.12,6.14,6416247
EASTSILK,20260826,62.1,65.2,59.05,64.98,458
EASTWEST,20260826,2.54,2.68,2.35,2.5,118409
EBANK10,20260826,16.85,17.01,16.85,17.01,5388
EBANKNIFTY,20260826,58.39,58.64,58.32,58.53,860
EBBETF0430,20260826,1618.0,1618.0,1601.0,1606.44,11925
EBBETF0431,20260826,1433.5,1439.65,1425.06,1433.08,4812
EBBETF0433,20260826,1310.96,1314.0,1309.0,1311.88,1914
EBGNG,20260826,587.9,595.45,572.0,577.2,277081
EBIX,20260826,22.83,22.83,20.67,21.37,483561
ECAPINSURE,20260826,24.56,24.56,24.46,24.5,50735
ECLERX,20260826,1891.4,1962.5,1891.4,1944.0,390435
ECORECO,20260826,459.9,464.0,449.3,456.95,8130
ECOSMOBLTY,20260826,111.97,112.47,110.5,111.62,21344
EDELWEISS,20260826,128.96,129.99,126.9,127.47,1909914
EFCIL,20260826,202.61,209.0,197.5,205.74,677057
EGOLD,20260826,160.1,160.95,159.5,159.75,189737
EICHERMOT,20260826,8048.0,8112.0,8031.5,8035.0,198320
EIDPARRY,20260826,816.8,816.8,795.0,796.35,482398
EIEL,20260826,195.65,201.89,194.81,200.69,688902
EIFFL,20260826,269.1,281.15,262.8,281.15,14305
EIHAHOTELS,20260826,302.6,304.0,299.75,301.95,9498
EIHOTEL,20260826,303.0,306.0,302.5,303.5,47993
EIMCOELECO,20260826,2223.0,2260.0,2193.0,2205.6,27545
EKC,20260826,111.6,111.79,109.93,110.15,102675
EKI,20260826,77.99,77.99,75.5,76.52,4597
ELANTAS,20260826,11699.0,11859.0,11424.0,11563.0,1523
ELCIDIN,20260826,109000.0,109985.0,109000.0,109000.0,9
ELDEHSG,20260826,787.0,820.0,787.0,799.55,453
ELECON,20260826,428.35,433.0,424.0,425.3,230208
ELECTCAST,20260826,76.85,79.69,76.65,77.65,4386901
ELECTHERM,20260826,1048.9,1075.0,1021.0,1038.3,9874
ELGIEQUIP,20260826,614.9,619.0,607.4,617.55,300039
ELGIRUBCO,20260826,59.82,59.82,58.03,58.39,51961
ELIN,20260826,98.89,104.49,97.61,100.27,335886
ELIQUID,20260826,1045.19,1045.19,1045.17,1045.17,28561
ELITECON,20260826,13.88,14.27,12.39,12.39,8073193
ELLEN,20260826,315.15,331.75,314.25,321.25,579562
ELM250,20260826,17.18,17.18,16.75,16.93,280711
ELMDIV,20260826,36.99,37.1,36.89,37.1,1013
ELPROINTL,20260826,174.51,176.26,174.0,174.6,10307
EMAMILTD,20260826,403.5,413.5,400.15,401.45,2020394
EMAMIPAP,20260826,117.99,122.0,117.99,120.98,113467
EMAMIREAL,20260826,68.21,70.7,68.07,68.22,19709
EMBDL,20260826,63.0,63.56,62.02,62.18,832159
EMCURE,20260826,1855.0,1873.9,1846.3,1862.3,74864
EMETAL,20260826,13.34,13.58,13.33,13.51,42312
EMIL,20260826,180.01,186.1,179.04,184.54,1160202
EMKAY,20260826,239.01,245.76,237.6,239.24,22380
EMMBI,20260826,82.95,82.95,81.0,81.47,2842
EMMVEE,20260826,336.0,337.8,331.25,332.95,1175486
EMPIND,20260826,1211.0,1227.8,1206.0,1221.8,4131
EMPOWER,20260826,2.34,2.34,2.34,2.34,2078906
EMSLIMITED,20260826,382.55,386.0,374.55,375.75,184374
EMUDHRA,20260826,543.5,560.05,540.75,543.8,124345
EMULTIMQ,20260826,42.3,42.5,42.26,42.39,16442
ENDURANCE,20260826,3019.6,3019.7,2975.0,2986.0,55542
ENERGY,20260826,38.95,38.95,38.37,38.4,200764
ENERGYDEV,20260826,16.17,16.57,16.09,16.12,13496
ENEXT50,20260826,74.37,74.37,74.37,74.37,52
ENGINERSIN,20260826,250.99,253.92,248.85,250.36,1355001
ENIFTY,20260826,25.01,25.01,24.5,24.5,113021
ENIL,20260826,103.9,108.95,103.9,106.99,61111
ENKEIWHEL,20260826,415.0,415.8,403.05,404.8,337
ENRIN,20260826,3406.5,3414.0,3302.1,3325.9,554182
ENTERO,20260826,1633.0,1664.9,1620.0,1648.0,305867
EPACK,20260826,202.0,202.85,198.0,199.16,363387
EPACKPEB,20260826,236.6,236.7,230.8,232.15,217850
EPIGRAL,20260826,1240.8,1255.0,1232.3,1249.2,56086
EPL,20260826,260.8,262.88,252.76,254.26,1037066
EQUAL200,20260826,14.07,14.14,14.06,14.06,32383
EQUAL50,20260826,336.14,336.43,334.73,334.73,860
EQUAL50ADD,20260826,346.67,348.25,346.14,346.78,10065
EQUIPPP,20260826,23.95,23.95,22.31,23.69,5592
EQUITASBNK,20260826,75.5,75.93,74.86,75.23,1480965
ERIS,20260826,1310.0,1324.4,1304.0,1310.7,84947
ESABINDIA,20260826,6172.0,6262.5,6134.0,6163.0,4114
ESAFSFB,20260826,42.9,44.7,42.9,44.16,893792
ESCORTS,20260826,3070.0,3094.4,3056.0,3067.0,21797
ESENSEX,20260826,78.32,78.85,77.98,78.43,620
ESG,20260826,41.96,42.1,41.73,41.76,36166
ESILVER,20260826,242.98,242.98,239.6,239.97,19739
ESSARSHPNG,20260826,16.85,16.99,16.69,16.91,160535
ESSENTIA,20260826,1.12,1.14,1.08,1.08,8859713
ESTER,20260826,95.51,96.95,92.83,93.31,81849
ETERNAL,20260826,330.0,332.0,325.0,327.0,39246846
ETHOSLTD,20260826,2894.7,2904.9,2849.7,2879.4,24107
EUREKAFORB,20260826,413.0,428.1,410.0,425.45,184973
EUROBOND,20260826,160.0,160.0,151.85,155.54,4469
EUROPRATIK,20260826,262.0,266.3,258.0,259.95,193012
EUROTEXIND,20260826,14.0,14.0,14.0,14.0,94
EVEREADY,20260826,341.5,347.95,335.75,345.65,58003
EVERESTIND,20260826,417.0,435.9,417.0,429.0,4366
EVIETF,20260826,34.16,34.16,33.5,33.57,164114
EVINDIA,20260826,34.16,34.16,33.45,33.54,137942
EXCELINDUS,20260826,1065.5,1073.0,1032.5,1039.75,13773
EXCELSOFT,20260826,70.79,70.94,70.16,70.5,125671
EXICOM,20260826,157.88,158.93,154.51,155.21,416681
EXIDEIND,20260826,449.85,452.9,442.4,444.0,1173750
EXPLEOSOL,20260826,870.5,889.0,867.05,879.95,26491
EXXARO,20260826,6.15,6.55,6.15,6.16,429104
FABTECH,20260826,147.63,149.06,146.1,146.99,30338
FACT,20260826,866.8,881.9,852.0,866.25,1835543
FAIRCHEMOR,20260826,668.5,668.5,666.0,666.0,2291
FAZE3Q,20260826,495.0,496.05,487.4,488.7,11072
FCL,20260826,48.87,50.9,47.8,50.58,15935783
FCSSOFT,20260826,1.44,1.54,1.44,1.51,2452215
FDC,20260826,345.1,350.1,344.55,347.25,134656
FEDDERSHOL,20260826,41.9,42.98,41.77,42.5,695192
FEDERALBNK,20260826,348.25,349.15,343.6,345.3,6361778
FEDFINA,20260826,160.0,163.25,159.2,160.15,934264
FEL,20260826,0.39,0.39,0.38,0.39,110685
FELDVR,20260826,2.38,2.44,2.23,2.34,2204
FERMENTA,20260826,465.5,479.95,465.35,467.5,32908
FIBERWEB,20260826,26.33,26.89,25.62,26.0,17968
FIEMIND,20260826,2175.6,2186.4,2103.4,2110.0,106791
FILATEX,20260826,82.11,83.28,70.74,75.19,10802933
FILATFASH,20260826,0.18,0.19,0.18,0.18,70784238
FINCABLES,20260826,1269.0,1295.45,1261.45,1286.35,371138
FINEORG,20260826,5147.7,5225.0,5099.9,5139.1,25832
FINIETF,20260826,34.35,34.35,33.63,33.71,234041
FINKURVE,20260826,81.38,82.25,77.15,78.38,147482
FINOPB,20260826,145.52,148.07,144.37,145.54,94020
FINPIPE,20260826,163.1,163.9,161.1,161.39,435439
FIRSTCRY,20260826,192.9,194.23,191.13,191.96,673891
FISCHER,20260826,37.3,37.35,35.92,36.05,449440
FIVESTAR,20260826,503.05,532.95,503.05,515.05,1804116
FLAIR,20260826,249.6,252.8,249.6,250.25,26985
FLEXIADD,20260826,10.29,10.3,10.19,10.23,181921
FLEXITUFF,20260826,2.61,2.73,2.55,2.61,87025
FLFL,20260826,1.14,1.17,1.1,1.15,42315
FLUOROCHEM,20260826,4649.8,4752.0,4575.0,4732.1,117851
FMCGADD,20260826,47.86,48.03,47.6,47.68,9527
FMCGIETF,20260826,51.68,51.68,50.92,51.0,1661553
FMGOETZE,20260826,534.4,578.0,532.4,548.7,18134734
FMNL,20260826,10.14,10.14,9.4,10.13,73960
FOCUS,20260826,66.37,69.5,65.12,66.84,28549
FOODSIN,20260826,55.65,55.65,52.65,53.33,55858
FORCEMOT,20260826,17580.0,17662.0,17375.0,17450.0,46619
FORTIS,20260826,926.85,933.8,913.85,913.85,586874
FOSECOIND,20260826,5699.5,6149.0,5650.0,6077.5,28921
FRACTAL,20260826,835.95,845.0,821.1,829.55,226197
FREDUN,20260826,1465.5,1536.0,1446.9,1494.3,33106
FRONTSP,20260826,1289.9,1292.8,1251.1,1257.9,15478
FSL,20260826,275.8,278.0,268.95,270.05,913632
FUSION,20260826,200.6,206.84,200.6,205.24,482148
GABRIEL,20260826,1346.0,1379.5,1330.1,1342.6,326437
GAEL,20260826,177.53,178.79,172.21,173.19,1267377
GAIL,20260826,174.99,176.26,174.09,174.49,5863526
GAJA,20260826,185.0,191.65,165.4,168.67,64773158
GALAPREC,20260826,1092.7,1104.3,1031.5,1040.6,52906
GALAXYSURF,20260826,2285.0,2350.0,2275.3,2338.8,27355
GALLANTT,20260826,585.05,588.25,577.55,583.5,29997
GANDHAR,20260826,255.48,260.05,254.55,255.39,611255
GANDHITUBE,20260826,882.0,908.0,882.0,901.5,5891
GANECOS,20260826,1052.0,1068.1,1041.6,1045.2,29751
GANESHBE,20260826,121.0,125.6,118.6,122.27,67287
GANESHCP,20260826,167.0,171.2,163.25,166.07,121189
GANESHHOU,20260826,839.0,844.45,810.1,813.4,30128
GANGAFORGE,20260826,1.77,1.77,1.77,1.77,1441108
GANGESSECU,20260826,122.0,122.0,120.1,121.43,2501
GARFIBRES,20260826,800.6,809.9,790.1,792.75,18120
GARUDA,20260826,183.7,185.0,181.2,183.22,316055
GATECH,20260826,1.0,1.0,0.99,0.99,96338146
GATECHDVR,20260826,0.53,0.53,0.51,0.52,758276
GATEWAY,20260826,53.3,53.91,52.87,53.43,778800
GAUDIUMIVF,20260826,117.0,117.0,116.0,117.0,69097
GAYAHWS,20260826,1.94,1.96,1.9,1.9,323059
GAYAPROJ,20260826,22.17,22.45,21.8,22.06,278141
GCSL,20260826,527.65,540.3,522.4,538.0,454463
GEECEE,20260826,371.0,371.95,364.0,366.05,6859
GEEKAYWIRE,20260826,22.8,23.37,22.48,23.1,148794
GEMAROMA,20260826,171.93,173.99,170.04,172.35,68641
GENCON,20260826,41.41,47.0,41.41,46.77,1350658
GENESYS,20260826,226.0,257.1,225.6,246.3,18229833
GENSOL,20260826,17.9,17.96,17.07,17.33,63707
GENUSPAPER,20260826,12.65,12.75,11.89,12.37,242115
GENUSPOWER,20260826,337.9,348.65,335.85,341.1,2958140
GEOJITFSL,20260826,81.0,81.48,80.43,80.86,179854
GESHIP,20260826,1348.8,1348.8,1326.6,1332.2,604972
GFLLIMITED,20260826,55.51,56.0,54.45,55.79,51147
GHCL,20260826,443.05,443.6,437.0,437.85,77326
GHCLTEXTIL,20260826,126.0,128.5,124.49,126.7,429256
GICHSGFIN,20260826,141.99,142.25,139.81,141.75,69066
GICL,20260826,23.96,23.96,23.26,23.51,195200
GICRE,20260826,353.5,355.1,347.5,349.75,1502465
GILLANDERS,20260826,108.0,108.0,100.6,104.07,2971
GILLETTE,20260826,7467.0,7470.0,7250.0,7403.5,19999
GILT10BETA,20260826,27.03,27.03,26.12,26.99,168
GILT5BETA,20260826,65.56,65.88,65.51,65.52,138
GILT5YBEES,20260826,66.26,66.47,66.19,66.35,91331
GINNIFILA,20260826,44.95,45.75,44.03,44.59,17278
GIPCL,20260826,192.5,203.7,190.4,201.47,3441196
GKB,20260826,61.11,64.99,61.11,64.67,144
GKENERGY,20260826,129.5,135.39,127.5,133.82,1108362
GKSL,20260826,152.49,156.94,151.0,152.34,130347
GKWLIMITED,20260826,1596.1,1610.0,1572.0,1580.0,991
GLAND,20260826,2838.7,2915.0,2831.4,2903.2,360874
GLAXO,20260826,2995.0,3049.9,2975.2,3034.4,111084
GLENMARK,20260826,2392.2,2457.5,2384.5,2438.3,479931
GLFL,20260826,5.73,5.84,5.6,5.73,436
GLOBAL,20260826,105.0,112.0,105.0,111.06,93209
GLOBALE,20260826,12.25,12.25,11.2,11.49,3768
GLOBALVECT,20260826,150.38,150.38,146.1,147.31,8897
GLOBE,20260826,1.99,2.06,1.99,2.04,212737
GLOBECIVIL,20260826,46.5,46.5,45.5,45.85,56297
GLOBUSSPR,20260826,922.25,922.4,906.1,915.45,120423
GLOSTERLTD,20260826,595.4,608.4,595.0,595.35,482
GLOTTIS,20260826,65.88,68.6,64.57,65.77,72280
GMBREW,20260826,889.0,899.85,883.5,893.3,22004
GMDCLTD,20260826,571.0,582.85,567.5,578.95,923022
GMMPFAUDLR,20260826,1008.0,1033.7,1005.0,1017.4,123788
GMRAIRPORT,20260826,100.44,100.66,98.35,98.85,11713751
GMRP&UI,20260826,96.11,96.94,94.65,95.06,1365434
GNA,20260826,548.8,553.9,542.0,545.8,146911
GNFC,20260826,589.0,590.7,582.75,584.25,269624
GNRL,20260826,100.1,100.5,99.55,99.73,27103
GOACARBON,20260826,359.0,362.0,355.4,358.1,4023
GOCLCORP,20260826,396.4,404.9,395.15,397.4,39853
GOCOLORS,20260826,335.25,345.0,335.25,343.6,127954
GODAVARIB,20260826,242.2,244.8,241.5,243.15,72877
GODFRYPHLP,20260826,2106.0,2163.9,2105.9,2153.3,305495
GODIGIT,20260826,262.0,263.2,258.15,259.1,185562
GODREJAGRO,20260826,616.0,634.45,611.0,625.75,530373
GODREJCP,20260826,929.2,933.9,922.8,922.8,704451
GODREJIND,20260826,1168.2,1173.4,1132.0,1138.0,100282
GODREJPROP,20260826,2055.0,2088.5,2035.1,2035.1,700923
GOKEX,20260826,800.0,805.25,781.1,787.1,399678
GOKUL,20260826,44.98,46.5,43.6,44.14,167894
GOKULAGRO,20260826,254.69,259.8,243.1,245.39,1677764
GOLD1,20260826,136.25,136.25,133.53,133.65,1595266
GOLD360,20260826,157.05,157.3,155.65,156.2,14392
GOLDADD,20260826,159.94,159.94,155.35,155.54,883725
GOLDAXIS,20260826,137.12,137.12,133.21,133.35,718660
GOLDBEES,20260826,132.31,133.27,132.25,132.37,22841519
GOLDBETA,20260826,140.0,140.0,134.35,134.85,528571
GOLDBND,20260826,160.61,160.73,159.15,159.2,39056
GOLDCASE,20260826,25.93,25.93,25.18,25.2,7681576
GOLDENTOBC,20260826,24.67,25.12,24.02,24.1,1876
GOLDETF,20260826,160.07,160.07,155.33,155.5,964465
GOLDIAM,20260826,358.0,363.5,356.1,357.05,265005
GOLDIETF,20260826,137.59,140.0,137.04,137.18,4620573
GOLDTECH,20260826,52.08,53.8,51.5,51.78,16903
GOODLUCK,20260826,456.2,456.5,431.5,441.1,794754
GOODYEAR,20260826,752.0,759.4,747.75,755.4,4012
GOPAL,20260826,280.75,287.4,279.3,284.9,183131
GOYALALUM,20260826,6.43,6.45,6.16,6.36,97739
GPIL,20260826,245.6,246.75,239.94,245.83,1152073
GPPL,20260826,166.23,173.8,166.1,169.46,7853635
GPTHEALTH,20260826,150.01,153.5,149.67,152.05,119886
GPTINFRA,20260826,114.0,115.05,112.21,113.78,98971
GRADIENTE,20260826,2.85,2.85,2.7,2.7,481280
GRANDOAK,20260826,35.99,37.3,35.99,36.7,1972
GRANULES,20260826,849.95,851.75,821.85,828.2,610115
GRAPHITE,20260826,708.1,708.55,680.7,689.1,842907
GRASIM,20260826,3291.0,3310.0,3262.4,3299.9,1112414
GRAUWEIL,20260826,69.79,69.79,65.0,66.43,800093
GRAVISSHO,20260826,29.5,30.99,28.23,30.92,494
GRAVITA,20260826,1808.5,1858.5,1801.1,1840.3,288172
GREAVESCOT,20260826,192.01,197.24,192.01,195.62,704383
GREENLAM,20260826,244.1,250.2,244.1,247.3,43993
GREENPANEL,20260826,157.0,161.69,156.89,157.98,227873
GREENPLY,20260826,290.0,296.0,286.7,292.1,54310
GREENPOWER,20260826,9.45,9.58,9.41,9.53,1742474
GRINDWELL,20260826,2006.0,2068.9,2006.0,2055.8,53156
GRINFRA,20260826,908.7,915.0,896.15,905.2,25933
GRMOVER,20260826,89.15,89.94,87.9,88.84,1065581
GROBTEA,20260826,1054.0,1054.0,980.0,1017.15,2262
GROWW,20260826,199.98,199.98,195.1,196.24,195088475
GROWWCAPM,20260826,11.31,11.69,11.31,11.65,392300
GROWWCHEM,20260826,30.94,30.94,30.07,30.64,8293576
GROWWDEFNC,20260826,97.98,98.1,96.67,97.4,213989
GROWWEV,20260826,33.42,34.48,33.06,33.21,314872
GROWWGOLD,20260826,15.68,15.82,15.59,15.6,2104494
GROWWHOSPI,20260826,51.71,52.66,51.71,52.37,563677
GROWWLIQID,20260826,110.99,110.99,110.5,110.5,320640
GROWWLOVOL,20260826,10.55,10.55,10.45,10.46,4386
GROWWMC150,20260826,235.53,238.33,235.31,236.63,4255
GROWWMETAL,20260826,13.0,13.0,12.53,12.88,513059
GROWWMOM50,20260826,11.19,11.24,11.06,11.15,146397
GROWWN200,20260826,11.59,11.59,11.37,11.46,59473
GROWWNET,20260826,10.99,11.08,10.93,10.96,1156629
GROWWNIFTY,20260826,9.6,9.98,9.6,9.8,452567
GROWWNXT50,20260826,75.0,75.45,74.37,75.12,4843
GROWWPOWER,20260826,11.4,11.52,11.34,11.35,2241000
GROWWPSE,20260826,99.28,99.28,95.9,97.99,2464
GROWWPSUBK,20260826,87.59,87.98,85.9,87.42,3880
GROWWRAIL,20260826,28.74,29.0,28.6,28.74,552105
GROWWRLTY,20260826,10.3,10.4,10.21,10.23,153802
GROWWSC250,20260826,10.66,10.74,10.56,10.67,59603
GROWWSLVR,20260826,23.73,23.82,23.53,23.57,860577
GRPLTD,20260826,2019.0,2019.0,1961.2,1969.5,1563
GRSE,20260826,2617.9,2677.1,2601.0,2630.3,737510
GRWRHITECH,20260826,7275.0,7350.0,7082.5,7115.5,37012
GSEC10ABSL,20260826,113.4,113.4,112.28,112.28,18
GSEC10ADD,20260826,26.9,26.9,26.9,26.9,29
GSEC10IETF,20260826,265.7,265.76,265.0,265.75,93
GSEC10YEAR,20260826,30.45,30.72,30.39,30.72,8927
GSEC5IETF,20260826,66.65,66.65,66.12,66.64,1620
GSFC,20260826,159.82,160.8,159.22,160.07,616096
GSLSU,20260826,29.83,31.0,28.34,28.69,305683
GSPCROP,20260826,629.0,650.85,615.6,643.15,517393
GSS,20260826,12.55,12.94,12.53,12.55,2802
GTECJAINX,20260826,28.87,29.71,28.3,29.52,5095
GTL,20260826,7.49,7.49,7.07,7.34,203374
GTLINFRA,20260826,1.21,1.23,1.21,1.21,16762075
GTPL,20260826,55.0,56.4,54.15,54.5,40724
GUFICBIO,20260826,417.75,419.0,406.65,408.45,44949
GUJALKALI,20260826,726.7,727.0,710.1,719.85,83785
GUJAPOLLO,20260826,353.0,353.0,347.15,351.75,1630
GUJENERGY,20260826,257.85,259.25,252.0,253.95,1336298
GUJRAFFIA,20260826,40.21,40.99,40.2,40.89,697
GUJTHEM,20260826,401.75,429.0,396.2,420.75,806182
GULFOILLUB,20260826,1155.0,1166.0,1147.0,1162.8,36783
GULFPETRO,20260826,70.9,70.9,66.55,68.4,261537
GULPOLY,20260826,197.26,198.01,194.2,194.56,173960
GVKPIL,20260826,2.13,2.18,2.12,2.12,1011092
GVPIL,20260826,658.4,658.4,637.35,643.6,204845
GVPTECH,20260826,7.08,7.58,7.08,7.38,119644
GVT&D,20260826,4185.0,4368.9,4170.5,4340.0,998745
GYFTR,20260826,158.99,175.0,158.8,168.19,158090
HAL,20260826,4877.4,4937.6,4865.5,4865.5,416245
HALDER,20260826,294.94,299.9,289.17,295.99,605
HALDYNGL,20260826,132.5,134.99,130.12,132.54,11839
HALEOSLABS,20260826,1568.5,1568.5,1490.5,1500.9,265
HAMPTON,20260826,9.24,9.24,8.11,8.18,31820
HAPPSTMNDS,20260826,448.0,457.3,440.4,447.85,1673512
HAPPYFORGE,20260826,2165.0,2258.6,2160.0,2212.5,124300
HARDWYN,20260826,9.08,9.2,9.0,9.03,493142
HARIOMPIPE,20260826,350.2,355.05,345.1,346.55,85670
HARRMALAYA,20260826,199.11,208.52,199.11,202.73,41462
HARSHA,20260826,431.75,439.5,427.1,428.75,56820
HATHWAY,20260826,10.55,10.69,10.55,10.57,1434718
HATSUN,20260826,1033.55,1106.6,1017.8,1086.55,145348
HAVELLS,20260826,1273.0,1276.7,1258.7,1258.7,455405
HAVISHA,20260826,1.39,1.49,1.38,1.39,28075
HAWKINCOOK,20260826,8150.0,8222.5,8000.0,8197.5,1934
HAZOOR,20260826,20.99,21.75,20.1,20.36,1085836
HBESD,20260826,75.0,76.95,75.0,76.31,243
HBLENGINE,20260826,694.5,698.1,681.3,683.9,456103
HBPOR,20260826,48.6,63.49,48.6,58.31,1311
HBSL,20260826,52.52,54.72,50.9,52.24,4908
HCC,20260826,22.6,24.12,22.52,23.88,57217167
HCG,20260826,727.0,727.0,698.15,706.15,73820
HCL-INSYS,20260826,11.34,11.34,10.78,10.87,424407
HCLTECH,20260826,1319.5,1323.0,1296.6,1298.5,834925
HDBFS,20260826,689.0,695.75,683.55,687.5,2726973
HDFCAMC,20260826,2698.0,2698.0,2651.0,2667.9,608105
HDFCBANK,20260826,728.0,731.0,724.15,727.2,21156463
HDFCBSE500,20260826,38.49,38.49,37.82,38.12,546665
HDFCGOLD,20260826,135.09,137.9,135.09,136.73,1628741
HDFCGROWTH,20260826,121.14,121.98,121.14,121.41,19202
HDFCLIFE,20260826,549.95,563.5,549.1,553.0,3818521
HDFCLIQUID,20260826,1075.28,1075.3,1075.28,1075.28,38211
HDFCLOWVOL,20260826,20.92,20.95,20.81,20.83,274
HDFCMID150,20260826,24.36,24.36,23.83,23.88,483461
HDFCMOMENT,20260826,31.5,31.8,31.43,31.71,326099
HDFCNEXT50,20260826,76.1,76.69,75.83,76.18,420098
HDFCNIF100,20260826,26.15,26.5,25.85,26.3,30872
HDFCNIFBAN,20260826,59.3,59.78,59.3,59.55,67843
HDFCNIFIT,20260826,32.56,32.98,32.4,32.51,68759
HDFCNIFTY,20260826,280.57,280.57,273.51,273.99,315734
HDFCNIMEG,20260826,133.74,135.52,132.75,135.19,9028
HDFCPSUBK,20260826,86.66,88.5,86.66,87.44,72579
HDFCPVTBAN,20260826,28.66,28.66,27.93,28.18,429688
HDFCQUAL,20260826,59.31,59.85,59.31,59.39,10190
HDFCSENSEX,20260826,90.33,90.33,87.5,88.03,22510
HDFCSILVER,20260826,231.62,233.59,229.58,230.1,2657351
HDFCSML250,20260826,187.06,187.06,185.51,186.38,683451
HDFCVALUE,20260826,126.4,126.52,125.84,126.2,3282
HDIL,20260826,1.49,1.54,1.47,1.5,83630
HEADSUP,20260826,6.9,6.9,6.21,6.46,34786
HEALTHADD,20260826,16.76,16.86,16.7,16.84,21105
HEALTHAXIS,20260826,168.56,170.03,168.56,169.86,4161
HEALTHCARE,20260826,22.02,22.02,21.58,21.74,29092
HEALTHIETF,20260826,169.83,171.47,169.5,171.17,55897
HEALTHX,20260826,298.05,303.3,292.05,298.2,7470
HEALTHY,20260826,16.8,17.19,16.8,17.13,158112
HECPROJECT,20260826,121.21,121.21,118.0,118.8,3783
HEG,20260826,725.5,725.9,699.05,713.55,1134601
HEIDELBERG,20260826,162.0,162.47,160.31,161.86,105522
HEMIPROP,20260826,131.1,132.0,128.55,129.63,188908
HERANBA,20260826,176.85,176.85,173.46,174.06,16709
HERITGFOOD,20260826,392.0,392.1,381.15,383.3,127899
HEROMOTOCO,20260826,5630.5,5720.0,5595.0,5595.0,451708
HESTERBIO,20260826,2421.8,2433.7,2340.4,2354.4,4297
HEXAGON,20260826,69.03,70.0,68.04,68.34,88988
HEXATRADEX,20260826,162.4,162.5,158.1,158.5,1116
HEXT,20260826,554.1,561.2,552.5,554.95,81663
HFCL,20260826,239.4,241.49,233.0,235.89,9755858
HGINFRA,20260826,506.0,510.35,500.35,501.9,64491
HGM,20260826,43.4,44.99,42.0,43.76,901
HGS,20260826,402.0,407.9,400.1,401.95,7601
HIKAL,20260826,208.37,210.49,207.0,207.63,105536
HILINFRA,20260826,45.1,45.98,45.1,45.32,39849
HILTON,20260826,19.89,20.2,19.75,20.0,39142
HIMATSEIDE,20260826,72.41,73.49,72.06,72.67,192382
HINDADH,20260826,354.25,365.45,350.05,353.9,3516
HINDALCO,20260826,1052.65,1059.5,1039.15,1053.0,2289903
HINDALUMI,20260826,99.21,101.0,98.51,99.88,3167
HINDCOMPOS,20260826,417.4,417.4,407.25,408.25,3808
HINDCON,20260826,24.03,25.75,23.9,24.0,68392
HINDCOPPER,20260826,527.0,562.6,526.2,556.05,56459799
HINDOILEXP,20260826,158.5,159.49,157.17,158.11,434477
HINDPETRO,20260826,376.05,381.7,373.4,375.5,3071299
HINDUNILVR,20260826,2030.3,2051.9,2021.0,2021.0,765343
HINDWAREAP,20260826,195.0,197.0,195.0,196.29,61381
HINDZINC,20260826,605.0,632.0,600.15,626.5,19983225
HIRECT,20260826,1240.4,1257.1,1237.1,1246.8,23456
HISARMETAL,20260826,151.0,153.25,151.0,151.82,559
HITECH,20260826,82.25,82.97,81.4,81.92,508595
HITECHCORP,20260826,338.0,338.0,330.5,337.0,5977
HITECHGEAR,20260826,548.4,554.0,540.85,541.0,964
HLEGLAS,20260826,316.05,317.75,312.0,313.45,71268
HLVLTD,20260826,6.47,6.8,6.47,6.62,183160
HMAAGRO,20260826,21.27,21.58,20.89,20.96,4765001
HMT,20260826,67.21,67.21,65.53,67.21,24960
HMVL,20260826,89.94,91.5,87.5,89.89,2165
HNDFDS,20260826,628.7,649.8,628.7,636.5,78223
HNGSNGBEES,20260826,477.99,477.99,472.71,475.86,57672
HOMEFIRST,20260826,1191.0,1206.0,1179.2,1183.7,90856
HONASA,20260826,486.85,489.0,474.0,475.5,552639
HONAUT,20260826,36795.0,37090.0,36310.0,36445.0,2233
HONDAPOWER,20260826,2066.2,2109.4,2052.1,2062.3,3115
HORIZONIND,20260826,55.9,57.49,55.13,56.78,7729723
HPAL,20260826,35.0,35.82,34.35,34.72,50504
HPIL,20260826,127.95,130.0,126.2,128.62,1660
HPL,20260826,310.4,315.0,310.4,313.5,68838
HRYNSHP,20260826,102.99,102.99,99.0,102.49,2963
HSBCGOLD,20260826,142.32,142.32,139.02,139.62,5331
HSCL,20260826,664.5,676.0,655.15,663.85,6849204
HTMEDIA,20260826,27.42,27.42,26.71,26.88,40776
HUBTOWN,20260826,189.41,195.89,187.01,188.5,275615
HUDCO,20260826,187.0,188.59,186.26,186.95,737037
HUHTAMAKI,20260826,268.2,272.5,267.5,270.4,81086
HYBRIDETF,20260826,10.15,10.21,10.15,10.21,184574
HYBRIDFIN,20260826,16.8,17.88,16.8,17.0,9874
HYUNDAI,20260826,2240.0,2279.0,2232.3,2250.0,1075225
IBULLSLTD,20260826,26.7,27.36,26.7,27.03,5592070
ICDSLTD,20260826,42.0,45.8,39.5,41.09,346
ICEMAKE,20260826,729.1,737.0,722.6,734.0,6484
ICICIAMC,20260826,3281.2,3294.5,3211.1,3222.8,150355
ICICIB22,20260826,116.9,116.9,115.28,115.43,396709
ICICIBANK,20260826,1423.1,1446.0,1423.1,1430.0,4177066
ICICIGI,20260826,1618.0,1629.6,1586.7,1596.9,5634591
ICICIPRULI,20260826,510.65,525.75,510.65,515.05,1266598
ICIL,20260826,423.0,446.9,423.0,425.6,771072
ICRA,20260826,5144.0,5144.0,4900.0,4907.8,46649
IDBI,20260826,87.35,96.25,87.35,94.75,57839582
IDEA,20260826,15.26,15.37,15.02,15.06,478735885
IDEAFORGE,20260826,796.0,811.0,787.55,805.95,264128
IDFCFIRSTB,20260826,85.18,86.59,84.4,84.4,12673198
IDFNIFTYET,20260826,280.69,280.69,267.78,269.09,568
IEX,20260826,123.8,124.83,121.51,122.0,3923536
IFBAGRO,20260826,984.0,984.0,954.05,959.2,4109
IFBIND,20260826,1368.0,1383.2,1358.1,1369.8,13569
IFCI,20260826,83.6,87.15,83.15,85.44,54932257
IFGLEXPOR,20260826,212.5,217.9,209.62,215.01,27148
IGARASHI,20260826,432.95,436.95,424.3,426.5,57951
IGCL,20260826,72.11,72.8,71.99,72.46,78570
IGIL,20260826,345.35,349.5,342.65,347.85,1578588
IGL,20260826,148.99,149.5,148.32,148.72,683725
IGPL,20260826,487.0,527.5,487.0,523.85,285768
IIFL,20260826,663.4,671.5,652.0,654.05,2114553
IIFLCAPS,20260826,334.9,336.95,333.4,336.4,223824
IITL,20260826,161.6,162.89,154.08,155.57,131601
IKIO,20260826,192.8,195.0,191.05,192.08,77786
IKS,20260826,1787.0,1790.9,1726.2,1741.4,231100
IL&FSENGG,20260826,36.0,36.0,35.0,35.06,13950
IL&FSTRANS,20260826,2.13,2.16,2.05,2.13,11258
IMAGICAA,20260826,49.8,50.84,49.8,50.18,808813
IMFA,20260826,1400.0,1423.2,1365.7,1380.5,147196
IMPAL,20260826,1099.6,1099.6,1071.2,1082.4,933
IMPEXFERRO,20260826,4.14,4.14,4.14,4.14,21575
INA,20260826,94.44,95.34,92.9,93.21,343211
INCREDIBLE,20260826,35.75,35.75,32.6,34.3,4817
INDBANK,20260826,32.2,32.2,31.5,31.94,13154
INDGN,20260826,571.0,574.0,562.35,569.7,374825
INDHOTEL,20260826,728.5,737.0,721.0,721.0,730279
INDIACEM,20260826,366.85,373.25,365.0,371.85,78876
INDIAGLYCO,20260826,1172.1,1207.9,1161.0,1190.5,290916
INDIAMART,20260826,1761.9,1771.0,1745.6,1751.9,34787
INDIANB,20260826,884.9,905.0,882.5,889.0,972910
INDIANCARD,20260826,213.8,213.8,208.01,208.67,538
INDIANHUME,20260826,391.95,399.0,387.1,392.8,63725
INDIASHLTR,20260826,666.95,666.95,653.05,659.0,36856
INDIGO,20260826,5275.0,5280.0,5221.5,5250.5,584644
INDIGOPNTS,20260826,1140.1,1201.0,1140.1,1186.1,140776
INDIQUBE,20260826,192.5,194.5,188.1,191.96,45132
INDNIPPON,20260826,1076.7,1090.6,1060.6,1066.1,7307
INDOAMIN,20260826,123.99,123.99,119.85,121.17,41297
INDOBORAX,20260826,487.4,524.5,487.35,505.7,590262
INDOCO,20260826,225.34,239.7,223.1,238.94,213284
INDOFARM,20260826,139.58,141.19,138.67,139.67,47143
INDOKEM,20260826,624.75,635.0,607.0,624.0,1718
INDOMIM,20260826,891.0,923.9,882.0,895.75,3068907
INDORAMA,20260826,60.2,62.88,59.41,61.22,163175
INDOSTAR,20260826,257.55,260.2,255.1,259.5,83294
INDOTECH,20260826,3889.8,3889.8,3728.5,3745.9,12490
INDOTHAI,20260826,51.16,54.65,51.16,51.16,30273546
INDOUS,20260826,80.1,84.63,80.0,80.96,36665
INDOWIND,20260826,9.49,9.49,9.21,9.34,108944
INDPRUD,20260826,6275.0,6450.0,6180.0,6220.5,62
INDRAMEDCO,20260826,375.0,375.5,368.1,369.3,103543
INDSWFTLAB,20260826,326.0,373.72,325.98,367.48,7368383
INDTERRAIN,20260826,30.93,30.93,30.0,30.15,6501
INDUSINDBK,20260826,1010.5,1018.6,989.4,1004.0,1098699
INDUSTOWER,20260826,389.4,389.4,377.7,377.7,4874991
INFOBEAN,20260826,156.42,159.34,154.75,155.54,176333
INFOMEDIA,20260826,5.12,5.4,5.12,5.22,6773
INFRA,20260826,12.27,12.29,12.19,12.21,37601
INFRABEES,20260826,973.01,973.42,963.51,965.09,6395
INFRAIETF,20260826,96.96,96.96,95.94,96.07,92786
INFY,20260826,1142.0,1142.0,1118.3,1120.0,6323984
INGERRAND,20260826,4594.0,4675.0,4561.0,4576.7,17490
INNOVACAP,20260826,1051.0,1065.95,1020.6,1031.25,57130
INNOVANA,20260826,322.0,326.0,312.2,316.9,21213
INNOVISION,20260826,257.45,260.0,254.2,254.8,11055
INOXGREEN,20260826,174.0,175.65,172.0,174.48,862163
INOXINDIA,20260826,1906.9,1938.0,1896.1,1926.7,116625
INOXWIND,20260826,74.1,74.2,73.03,73.2,6365111
INSECTICID,20260826,580.0,589.0,574.05,579.5,56960
INSPIRISYS,20260826,93.0,93.99,88.0,88.48,4003
INSUREIETF,20260826,15.57,15.65,15.43,15.54,1223304
INTELLECT,20260826,687.1,691.45,681.2,684.0,189048
INTENTECH,20260826,84.8,84.8,81.4,82.92,13149
INTERARCH,20260826,1702.9,1707.9,1680.5,1691.2,45440
INTERNET,20260826,14.8,14.9,14.8,14.83,253711
INTLCONV,20260826,74.2,78.45,74.2,76.72,35415
INVENTURE,20260826,0.9,0.98,0.89,0.97,3801374
INVPRECQ,20260826,1295.0,1295.0,1270.0,1285.0,1366
IOB,20260826,33.19,33.53,33.05,33.1,1576094
IOC,20260826,140.0,141.15,138.5,139.48,6514034
IOLCP,20260826,173.9,187.63,173.32,186.01,14979792
IONEXCHANG,20260826,369.5,373.85,369.0,371.05,106587
IPCALAB,20260826,1935.2,1992.0,1935.1,1952.4,455426
IPL,20260826,139.95,141.09,139.5,140.47,52027
IPRINGLTD,20260826,155.0,155.98,144.0,148.39,313
IRB,20260826,18.89,19.54,18.86,19.46,14163719
IRCON,20260826,124.0,126.83,123.6,124.05,943301
IRCTC,20260826,484.0,492.5,483.5,491.75,917802
IREDA,20260826,117.99,119.49,117.44,118.8,5656258
IRFC,20260826,86.12,86.82,85.7,85.7,7078598
IRIS,20260826,241.53,242.99,235.2,237.61,13599
IRISDOREME,20260826,57.09,58.13,56.78,57.85,539770
IRMENERGY,20260826,277.55,292.25,277.4,287.5,160080
ISFT,20260826,91.5,98.0,91.44,96.68,161380
ISGEC,20260826,767.85,776.45,763.6,769.3,38561
ISHANCH,20260826,44.4,45.49,41.71,43.23,79299
ISTLTD,20260826,671.45,686.6,656.0,657.3,774
IT,20260826,34.31,34.31,33.64,33.79,127844
ITADD,20260826,32.62,32.62,32.13,32.19,82627
ITAXIS,20260826,339.36,339.36,334.42,335.47,1612
ITBEES,20260826,34.26,34.26,33.7,33.76,6508868
ITBETA,20260826,323.56,323.56,319.03,321.38,1335
ITC,20260826,271.85,273.95,270.25,270.25,11693367
ITCHOTELS,20260826,167.79,167.79,166.15,166.67,664997
ITDC,20260826,683.1,693.6,680.1,684.05,75081
ITETF,20260826,32.5,32.72,31.95,32.26,208905
ITI,20260826,278.7,279.95,277.2,278.55,98308
ITIETF,20260826,33.98,34.31,33.7,33.81,450130
ITL,20260826,373.5,373.5,353.5,364.0,1078
IVALUE,20260826,281.9,283.0,269.7,271.5,124450
IVC,20260826,8.08,8.22,8.04,8.07,157198
IVP,20260826,178.0,187.85,178.0,186.42,12417
IVZBANKNF,20260826,57.22,57.72,57.22,57.72,1735
IVZINGOLD,20260826,140.0,140.95,139.05,139.65,59201
IVZINNIFTY,20260826,280.0,280.0,278.2,278.2,318
IVZSENSEX,20260826,76.04,78.09,76.04,77.55,3167
IWP,20260826,32.8,35.5,32.8,35.23,7417
IXIGO,20260826,169.43,170.63,166.42,168.26,545839
IZMO,20260826,849.0,872.05,842.5,856.85,58592
J&KBANK,20260826,151.0,153.1,150.5,152.04,3098055
JAGRAN,20260826,61.5,62.18,61.47,61.74,117870
JAGSNPHARM,20260826,246.9,246.9,240.0,242.2,76102
JAIBALAJI,20260826,66.0,68.89,65.07,68.58,780291
JAICORPLTD,20260826,102.4,102.55,100.9,101.98,160115
JAINREC,20260826,291.35,297.2,286.6,289.1,1342029
JAIPURKURT,20260826,26.88,27.0,26.32,26.64,1249
JAMNAAUTO,20260826,121.5,122.85,120.4,120.96,1134397
JARO,20260826,468.9,472.6,453.0,461.1,123805
JASH,20260826,489.1,492.0,482.55,489.8,52665
JAYAGROGN,20260826,229.64,229.64,218.51,223.25,11905
JAYBARMARU,20260826,123.5,126.65,122.51,123.85,188310
JAYKAY,20260826,164.9,170.09,155.1,168.94,1234616
JAYNECOIND,20260826,102.07,103.7,99.96,102.23,5278836
JAYSREETEA,20260826,107.02,112.7,101.2,102.05,536147
JBMA,20260826,648.9,661.1,647.35,653.4,401402
JENBURPH,20260826,1067.9,1067.9,1050.1,1050.1,384
JETFREIGHT,20260826,22.2,23.0,22.18,22.86,150404
JGCHEM,20260826,582.1,608.0,582.1,597.95,209516
JHS,20260826,8.99,9.26,8.8,9.0,27986
JINDALPHOT,20260826,1051.2,1060.0,1033.3,1042.6,842
JINDALPOLY,20260826,645.0,650.3,638.2,641.4,5696
JINDALSAW,20260826,283.4,307.9,279.0,302.45,12337593
JINDALSTEL,20260826,1155.0,1183.3,1143.1,1175.4,896442
JINDRILL,20260826,619.0,635.15,614.65,632.45,157638
JINDWORLD,20260826,34.81,35.3,34.57,34.84,704441
JIOFIN,20260826,244.15,245.0,241.0,241.0,6814531
JISLDVREQS,20260826,21.02,22.29,20.91,21.61,45323
JISLJALEQS,20260826,28.07,30.47,27.95,30.07,19004357
JITFINFRA,20260826,321.1,325.4,317.0,321.55,16379
JKCEMENT,20260826,5225.0,5310.0,5225.0,5277.0,15808
JKIL,20260826,497.55,505.0,497.55,500.65,79052
JKIPL,20260826,104.5,108.0,102.0,106.39,29287
JKLAKSHMI,20260826,544.45,552.0,542.6,549.85,127947
JKPAPER,20260826,388.6,400.8,388.6,396.55,276982
JKTYRE,20260826,384.1,386.85,381.6,383.55,376267
JLHL,20260826,301.0,306.85,297.15,298.75,101768
JMA,20260826,89.5,91.0,88.33,90.77,10632
JMFINANCIL,20260826,131.0,133.5,130.8,132.84,3013699
JNKINDIA,20260826,454.0,463.0,451.0,453.25,91546
JNPR,20260826,258.11,270.93,258.11,267.44,2287532
JOCIL,20260826,153.17,155.77,148.9,149.08,3838
JPOLYINVST,20260826,954.4,1020.9,954.2,992.2,20528
JPPOWER,20260826,17.05,17.19,16.96,16.98,23590325
JSFB,20260826,567.9,570.25,536.3,547.1,1589777
JSL,20260826,705.7,715.5,698.15,712.95,322891
JSLL,20260826,519.8,521.0,511.0,514.25,296437
JSWCEMENT,20260826,125.9,126.47,124.36,124.97,1655553
JSWDULUX,20260826,3139.7,3140.0,3088.0,3106.0,9708
JSWENERGY,20260826,547.9,553.7,543.5,543.5,3267733
JSWHL,20260826,11500.0,12000.0,11282.0,11832.0,5631
JSWINFRA,20260826,345.0,345.9,341.55,344.95,1801827
JSWSTEEL,20260826,1329.0,1341.0,1310.4,1341.0,1894784
JTEKTINDIA,20260826,126.28,127.75,125.5,126.53,85257
JTLIND,20260826,79.43,81.9,78.62,81.01,3040504
JUBLCPL,20260826,2163.5,2235.8,2128.2,2141.7,5507
JUBLFOOD,20260826,524.35,527.85,499.5,499.5,2351201
JUBLINGREA,20260826,714.5,715.9,706.1,708.15,90746
JUBLPHARMA,20260826,902.05,908.45,881.25,887.4,108892
JUNIORBEES,20260826,811.38,811.38,800.11,806.9,290795
JUNIPER,20260826,214.4,214.4,210.39,212.04,83070
JUSTDIAL,20260826,655.45,659.0,645.0,647.65,109367
JWL,20260826,248.2,250.1,246.4,246.85,384161
JYOTHYLAB,20260826,213.05,214.98,209.32,211.87,777195
JYOTICNC,20260826,990.35,1020.3,983.0,1012.7,1279815
JYOTIRES,20260826,874.9,911.0,870.0,903.65,18576
JYOTISTRUC,20260826,10.55,10.66,10.26,10.32,4089539
KABRAEXTRU,20260826,613.0,613.0,599.0,601.65,146744
KAJARIACER,20260826,1228.7,1231.9,1206.0,1209.5,97911
KAKATCEM,20260826,114.2,117.0,113.25,113.99,1450
KALAMANDIR,20260826,86.91,88.44,86.9,87.8,246814
KALPATARU,20260826,279.15,282.4,276.3,277.0,26733
KALYANIFRG,20260826,680.2,687.85,672.0,675.0,1173
KALYANKJIL,20260826,612.6,617.4,608.8,610.6,4184633
KAMAHOLD,20260826,2420.9,2422.0,2375.0,2385.5,4177
KAMANWALA,20260826,17.0,17.0,16.25,16.38,976
KAMATHOTEL,20260826,226.01,233.4,222.35,227.08,75358
KAMDHENU,20260826,35.45,36.0,35.0,35.84,431990
KAMOPAINTS,20260826,4.51,4.65,4.5,4.53,185432
KANANIIND,20260826,1.48,1.51,1.47,1.49,65612
KANCHI,20260826,411.0,411.9,405.0,411.9,3619
KANCOTEA,20260826,56.9,58.0,56.35,56.35,204
KANORICHEM,20260826,163.45,163.45,155.0,156.77,23687
KANPRPLA,20260826,282.95,283.01,260.32,263.27,47054
KANSAINER,20260826,201.9,202.9,200.08,201.33,107286
KAPSTON,20260826,511.5,517.5,503.0,505.25,43906
KARMAENG,20260826,38.7,38.7,37.8,38.0,2342
KARURVYSYA,20260826,347.3,358.65,345.55,354.35,3910226
KAUSHALYA,20260826,865.1,883.8,865.0,873.25,222
KAVDEFENCE,20260826,60.11,60.6,58.01,58.41,75758
KAYA,20260826,353.35,353.35,345.05,351.8,4830
KAYNES,20260826,3943.6,4117.9,3938.0,4032.0,1736408
KCP,20260826,176.01,177.5,171.05,172.03,145072
KCPSUGIND,20260826,33.9,34.5,32.95,33.31,157377
KDDL,20260826,3924.6,4045.0,3910.5,3941.1,36228
KEC,20260826,427.9,433.6,427.9,430.15,427698
KECL,20260826,129.48,132.0,128.0,130.44,64611
KEEPLEARN,20260826,2.05,2.05,1.86,1.98,111714
KEI,20260826,5600.0,5615.0,5465.1,5540.0,194870
KELLTONTEC,20260826,13.65,13.76,13.4,13.51,1190023
KENNAMET,20260826,4135.0,4369.0,4118.9,4325.5,62176
KERNEX,20260826,1910.0,1925.0,1855.0,1860.4,146398
KESORAMIND,20260826,11.14,11.14,11.11,11.11,210188
KEYFINSERV,20260826,260.0,265.0,256.0,256.65,230
KFINTECH,20260826,969.95,978.0,955.0,976.5,1114713
KHADIM,20260826,110.5,111.5,105.0,107.99,76641
KHAICHEM,20260826,57.0,57.9,56.5,56.92,196359
KHAITANLTD,20260826,145.0,149.0,144.0,146.96,1990
KHANDSE,20260826,17.09,17.24,16.1,17.05,3242
KICL,20260826,5321.0,5326.0,5236.0,5260.5,552
KILITCH,20260826,170.9,172.0,166.8,171.27,8918
KIMS,20260826,774.8,781.5,753.0,756.1,519861
KINGFA,20260826,5911.0,6090.0,5911.0,6060.5,16728
KIOCL,20260826,381.3,390.2,381.0,388.95,59373
KIRANVYPAR,20260826,206.55,206.55,198.1,202.0,2824
KIRIINDUS,20260826,498.0,519.8,488.0,516.2,833857
KIRLFER,20260826,443.5,450.0,441.55,448.3,54403
KIRLOSBROS,20260826,1905.0,1914.5,1887.5,1900.7,17308
KIRLOSENG,20260826,2059.3,2077.8,2030.0,2036.6,130801
KIRLOSIND,20260826,3709.4,3800.0,3709.4,3774.0,3635
KIRLPNU,20260826,724.0,733.9,714.2,728.6,119282
KISSHT,20260826,310.3,311.75,304.85,306.55,603145
KITEX,20260826,127.57,127.69,126.01,126.8,259764
KJMCFIN,20260826,66.25,73.8,66.25,73.78,6283
KKCL,20260826,513.1,520.6,512.0,514.8,10939
KLBRENG-B,20260826,394.0,410.0,391.8,394.9,431682
KMCSHIL,20260826,139.11,141.59,137.82,138.91,75596
KMEW,20260826,2734.9,2849.9,2692.1,2777.8,93743
KMSUGAR,20260826,32.29,32.95,31.7,31.96,402064
KNACK,20260826,198.6,201.11,193.15,195.3,538564
KNAGRI,20260826,217.95,219.3,214.0,215.29,44433
KNRCON,20260826,124.4,125.26,122.9,123.42,840335
KOHINOOR,20260826,35.5,36.3,32.75,34.66,378878
KOKUYOCMLN,20260826,80.0,80.75,79.2,79.93,23666
KOLTEPATIL,20260826,459.75,464.75,455.0,456.7,47499
KOPRAN,20260826,190.8,196.25,190.8,194.55,31697
KOTAKBANK,20260826,402.5,417.45,401.0,416.7,20168995
KOTARISUG,20260826,33.87,38.0,33.13,33.79,787916
KOTHARIPET,20260826,134.99,138.0,132.2,134.4,64736
KOTHARIPRO,20260826,70.55,70.55,68.0,68.06,11256
KOTIC,20260826,147.7,150.02,146.01,149.05,2464
KOTYARK,20260826,34.44,35.89,33.95,34.81,137864
KOVAI,20260826,6006.5,6178.5,5955.5,6122.0,5077
KPEL,20260826,255.95,257.4,249.0,250.35,260368
KPIGREEN,20260826,319.3,323.65,318.55,322.0,573662
KPIL,20260826,1390.1,1398.0,1381.8,1391.3,75369
KPITTECH,20260826,593.0,596.2,587.45,590.0,918198
KPL,20260826,3373.1,3455.8,3310.1,3326.1,33084
KPRMILL,20260826,1129.0,1138.7,1117.3,1136.0,98602
KRBL,20260826,426.4,452.8,425.0,447.4,2764286
KREBSBIO,20260826,54.99,54.99,52.86,53.0,6423
KRIDHANINF,20260826,2.14,2.14,1.96,2.04,38613
KRISHANA,20260826,203.8,206.13,199.26,205.16,1486699
KRISHIVAL,20260826,407.0,408.7,389.55,396.0,47661
KRISHNADEF,20260826,1050.0,1052.2,1016.5,1025.9,77370
KRITI,20260826,65.89,65.89,63.91,64.14,11985
KRITIKA,20260826,5.6,5.6,5.46,5.5,132248
KRITINUT,20260826,90.39,92.0,86.1,88.1,19985
KRN,20260826,1535.0,1548.8,1492.7,1511.9,91119
KRONOX,20260826,190.0,195.44,187.0,195.44,80410
KROSS,20260826,209.79,218.8,207.0,217.72,859925
KRSNAA,20260826,570.2,573.0,559.0,565.55,90915
KRYSTAL,20260826,623.9,670.35,623.9,652.45,54355
KSB,20260826,809.95,814.5,793.15,796.45,133590
KSCL,20260826,786.85,790.3,771.2,785.25,144896
KSE,20260826,176.05,181.0,176.0,180.23,12913
KSHINTL,20260826,973.0,974.8,944.0,948.25,175015
KSHITIJPOL,20260826,3.08,3.11,3.0,3.11,1358549
KSL,20260826,874.2,924.5,864.55,919.3,182924
KSOLVES,20260826,273.3,276.0,271.1,273.4,17712
KSR,20260826,29.4,29.4,28.26,29.13,2845
KTKBANK,20260826,335.55,341.0,330.85,337.7,3190171
KUANTUM,20260826,72.49,74.28,71.81,72.35,105918
KUSUMGAR,20260826,600.0,600.05,578.0,580.4,230393
KWIL,20260826,47.06,48.07,46.16,46.48,20823420
LADDERUP,20260826,50.0,53.95,50.0,53.47,139
LAGNAM,20260826,75.75,76.0,74.18,75.55,4907
LAHOTIOV,20260826,42.99,42.99,41.63,42.72,5075
LAKPRE,20260826,4.25,4.49,4.11,4.49,2708
LAKSHMIMIL,20260826,7800.5,8299.0,7800.5,8299.0,5
LAL,20260826,9.0,9.0,8.7,8.93,7270
LALITHAA,20260826,252.75,253.75,242.25,244.0,11638553
LALPATHLAB,20260826,1900.0,1946.5,1885.0,1937.3,134265
LAMBODHARA,20260826,140.55,144.95,136.16,141.88,86226
LANCER,20260826,11.59,11.99,10.5,11.72,652874
LANCORHOL,20260826,32.75,32.99,30.25,30.86,188316
LANDMARK,20260826,527.0,530.35,513.0,516.2,58778
LANDSMILL,20260826,0.7,0.72,0.7,0.7,1812399
LAOPALA,20260826,170.86,171.3,169.27,170.17,120870
LARGEMID50,20260826,37.01,37.08,36.9,36.9,2483
LASA,20260826,7.21,7.21,6.87,6.94,20756
LASERPOWER,20260826,337.6,341.2,325.35,328.2,684102
LATENTVIEW,20260826,280.25,281.1,270.5,273.7,390347
LATTEYS,20260826,22.7,22.97,22.07,22.6,28716
LAURUSLABS,20260826,1871.1,1898.3,1857.4,1887.0,3334188
LAXMICOT,20260826,13.97,14.05,13.2,13.74,13811
LAXMIDENTL,20260826,193.5,199.0,193.5,196.21,74193
LAXMIINDIA,20260826,126.95,129.76,124.62,126.73,78913
LCCINFOTEC,20260826,3.32,3.75,3.3,3.75,182473
LCL,20260826,582.0,604.7,570.2,598.2,619295
LEAPIND,20260826,159.5,165.18,158.6,159.65,4208271
LEENEE,20260826,10.24,10.25,9.28,9.84,51827
LEMERITE,20260826,23.0,23.5,21.76,21.9,324971
LEMONTREE,20260826,109.69,110.45,108.6,108.75,2140318
LENSKART,20260826,662.5,663.1,640.1,647.15,9132576
LEXUS,20260826,13.44,13.83,13.44,13.75,16573
LFIC,20260826,138.0,141.9,136.0,136.65,950
LGBBROSLTD,20260826,1613.0,1700.0,1613.0,1688.9,83712
LGEINDIA,20260826,1695.0,1703.0,1665.8,1675.4,454580
LGHL,20260826,172.25,178.3,172.25,176.1,9205
LIBAS,20260826,10.25,11.88,10.11,10.65,164358
LIBERTSHOE,20260826,248.0,250.85,245.7,248.1,9822
LICHSGFIN,20260826,506.0,526.9,506.0,524.4,6509187
LICI,20260826,423.9,427.9,415.15,415.3,15185925
LICMFGOLD,20260826,145.0,145.65,143.55,143.75,87357
LICNETFGSC,20260826,29.79,29.79,29.46,29.67,20977
LICNETFN50,20260826,274.26,274.6,271.82,272.99,1173
LICNETFSEN,20260826,882.33,882.33,882.33,882.33,56
LICNFNHGP,20260826,279.18,281.55,277.83,279.82,340
LICNMID100,20260826,65.06,65.06,64.33,64.86,830
LIKHITHA,20260826,210.79,214.55,208.0,210.89,19983
LINC,20260826,97.8,98.5,96.51,97.2,11058
LINCOLN,20260826,618.25,619.45,611.0,612.55,25102
LINDEINDIA,20260826,6525.0,6695.0,6512.5,6598.5,27522
LIQGRWBEES,20260826,1053.11,1053.13,1053.11,1053.11,88228
LIQUID,20260826,999.99,1000.0,999.99,999.99,236532
LIQUID1,20260826,1118.11,1124.0,1118.11,1119.85,963843
LIQUIDADD,20260826,1141.95,1141.97,1141.95,1141.96,218197
LIQUIDBEES,20260826,1000.77,1000.77,999.99,1000.0,3457981
LIQUIDBETF,20260826,1096.19,1096.19,1096.17,1096.18,150941
LIQUIDCASE,20260826,115.65,115.65,115.63,115.63,15380215
LIQUIDETF,20260826,1000.0,1000.01,999.99,1000.0,78036
LIQUIDIETF,20260826,999.99,1000.01,999.99,999.99,353347
LIQUIDPLUS,20260826,1100.52,1100.52,1100.5,1100.5,311433
LIQUIDSBI,20260826,999.99,1000.01,999.99,1000.0,2100
LIQUIDSHRI,20260826,1118.88,1118.88,1118.86,1118.86,2274
LKPSEC,20260826,16.36,16.46,15.21,15.43,9187
LLOYDSENGG,20260826,86.0,89.0,85.76,88.51,5665352
LLOYDSENT,20260826,74.35,75.51,73.9,74.36,2316948
LLOYDSME,20260826,1853.7,1853.7,1825.0,1845.7,286620
LMW,20260826,19405.0,19480.0,19150.0,19204.0,4017
LODHA,20260826,1282.0,1306.9,1265.0,1265.0,1402916
LOKESHMACH,20260826,313.0,317.4,300.0,308.95,39363
LORDSCHLO,20260826,136.25,141.0,135.79,139.54,15542
LOTUSCHO,20260826,625.4,629.4,616.1,625.45,1007
LOTUSDEV,20260826,186.3,190.25,183.11,184.99,790492
LOTUSEYE,20260826,114.65,114.9,110.44,111.61,15711
LOVABLE,20260826,72.15,75.5,71.1,74.0,19946
LOWVOL,20260826,209.02,209.02,208.11,208.11,7055
LOWVOL1,20260826,21.36,21.46,21.13,21.22,269744
LOWVOLIETF,20260826,22.59,22.59,22.15,22.33,772942
LOYALTEX,20260826,229.73,229.73,202.5,215.0,902
LPDC,20260826,6.92,7.34,6.92,7.05,34943
LT,20260826,4114.0,4124.9,4038.1,4038.1,1384669
LTF,20260826,320.7,327.3,320.7,322.2,3557857
LTFOODS,20260826,446.0,456.55,443.95,451.3,1169369
LTGILTBEES,20260826,30.03,30.11,29.8,29.99,534192
LTGILTCASE,20260826,31.19,31.19,30.58,30.64,64375
LTM,20260826,4520.8,4572.5,4460.0,4460.0,190869
LTTS,20260826,3570.2,3608.8,3530.0,3543.2,34964
LUMAXIND,20260826,5878.5,6187.0,5786.0,6160.5,34648
LUMAXTECH,20260826,1932.1,1969.9,1920.1,1927.8,72924
LUPIN,20260826,2175.5,2237.9,2173.6,2185.0,1230081
LUXIND,20260826,1227.1,1239.8,1202.1,1207.1,8652
LXCHEM,20260826,171.95,173.8,170.65,172.21,313025
LYKALABS,20260826,72.12,74.5,72.12,74.5,16406
M&M,20260826,3435.0,3447.9,3398.2,3398.2,687761
M&MFIN,20260826,383.65,389.4,383.65,385.35,2023499
MAANALU,20260826,118.5,120.6,118.0,118.98,15278
MACPOWER,20260826,1897.1,1947.0,1812.7,1850.6,58805
MADHAV,20260826,36.85,36.85,34.5,34.84,1741
MADHAVIPL,20260826,7.3,8.3,7.3,8.03,1027080
MADHUCON,20260826,5.05,5.33,5.05,5.21,24426
MADRASFERT,20260826,71.0,72.1,69.5,69.71,261654
MAFANG,20260826,205.29,205.29,205.29,205.29,54308
MAFATIND,20260826,122.0,123.0,119.55,120.09,41096
MAGADSUGAR,20260826,578.85,592.95,569.2,577.1,44515
MAGNUM,20260826,19.88,19.88,18.8,19.19,18770
MAHABANK,20260826,82.49,87.0,82.0,85.6,56264531
MAHAPEXLTD,20260826,58.51,60.0,55.35,57.28,14271
MAHASTEEL,20260826,1200.0,1239.0,1200.0,1235.5,25921
MAHEPC,20260826,106.2,108.14,105.5,107.34,28583
MAHESHWARI,20260826,74.95,74.96,74.0,74.0,5547
MAHKTECH,20260826,22.68,22.68,22.68,22.68,238293
MAHLIFE,20260826,380.95,380.95,368.5,371.25,94343
MAHLOG,20260826,403.7,411.35,394.05,399.4,193124
MAHSCOOTER,20260826,13249.0,13949.0,13248.0,13662.0,18050
MAHSEAMLES,20260826,640.0,645.0,632.3,636.55,221620
MAITHANALL,20260826,990.0,1011.0,985.8,1005.25,47125
MAJESAUT,20260826,359.0,364.95,350.0,356.15,6123
MAKEINDIA,20260826,171.5,171.5,168.29,168.93,79045
MAKERSL,20260826,220.02,222.99,210.0,214.49,4246
MALLCOM,20260826,1030.0,1030.0,968.5,979.75,4030
MALUPAPER,20260826,32.01,32.01,31.5,31.72,862
MAMATA,20260826,413.45,416.95,407.1,410.15,116346
MANAKALUCO,20260826,40.95,40.95,38.51,39.17,40640
MANAKCOAT,20260826,124.52,126.61,123.0,124.54,67397
MANAKSIA,20260826,57.37,58.01,56.62,57.09,21308
MANAKSTEEL,20260826,87.99,88.0,86.01,87.02,9038
MANALIPETC,20260826,74.89,75.71,73.99,74.26,541311
MANAPPURAM,20260826,368.0,372.55,365.4,365.4,4041776
MANBA,20260826,129.79,133.99,128.0,131.82,152843
MANBRO,20260826,60.96,60.96,58.55,60.23,48018
MANCREDIT,20260826,223.15,226.6,219.25,221.62,132821
MANGALAM,20260826,33.6,34.13,31.35,31.41,93998
MANGLMCEM,20260826,1030.15,1066.05,1025.3,1057.7,154134
MANINDS,20260826,712.0,734.0,694.1,703.1,550334
MANINFRA,20260826,114.0,115.39,113.22,114.51,1094009
MANIPALHOS,20260826,772.0,801.0,764.1,795.0,2565584
MANKIND,20260826,2358.0,2423.9,2358.0,2393.7,513001
MANOMAY,20260826,219.8,224.44,216.9,220.31,198054
MANORAMA,20260826,1917.8,1924.3,1881.0,1896.9,139059
MANORG,20260826,500.0,522.45,497.9,503.55,14046
MANUFGBEES,20260826,166.91,168.52,166.02,167.2,3059
MANUGRAPH,20260826,15.96,15.96,15.2,15.49,12517
MANYAVAR,20260826,541.25,551.0,536.8,546.6,420758
MAPMYINDIA,20260826,970.0,1029.0,964.3,1008.5,798903
MARALOVER,20260826,54.5,56.0,54.01,55.7,7916
MARATHON,20260826,399.4,438.7,399.4,419.45,1433168
MARICO,20260826,846.15,849.0,829.45,833.0,1411009
MARINE,20260826,377.5,382.0,363.95,375.55,478975
MARKOLINES,20260826,172.99,175.94,171.08,171.83,155498
MARKSANS,20260826,319.95,332.4,319.2,331.05,1989892
MARSONS,20260826,123.99,124.9,121.4,123.58,1040813
MARUTI,20260826,13750.0,13750.0,13514.0,13520.0,197113
MASFIN,20260826,300.95,301.15,296.4,297.25,156766
MASKINVEST,20260826,151.72,151.72,151.72,151.72,5
MASPTOP50,20260826,79.58,79.58,79.58,79.58,28834
MASTEK,20260826,1660.1,1682.9,1641.0,1644.5,62327
MASTERTR,20260826,83.7,85.99,82.26,84.96,190755
MATRIMONY,20260826,517.55,522.5,513.5,515.05,7804
MAWANASUG,20260826,144.0,148.89,139.71,141.12,404151
MAXESTATES,20260826,560.1,579.0,555.0,558.05,637957
MAXHEALTH,20260826,1017.8,1023.8,1000.5,1005.0,1348082
MAXIND,20260826,150.5,153.3,148.65,150.98,39393
MAYURUNIQ,20260826,745.0,757.9,739.5,747.45,48459
MAZDA,20260826,237.05,245.95,237.05,241.11,7321
MAZDOCK,20260826,2610.0,2656.8,2579.4,2625.0,1703757
MBAPL,20260826,168.55,169.97,165.3,167.07,616834
MBEL,20260826,273.55,276.35,269.65,273.2,74640
MBLINFRA,20260826,24.48,24.48,23.11,23.68,13977
MCCHRLS-B,20260826,700.0,700.0,670.0,670.0,82
MCL,20260826,58.01,59.75,57.67,59.59,49558
MCLEODRUSS,20260826,50.53,51.94,49.11,49.55,171498
MCLOUD,20260826,29.0,29.25,28.61,28.87,1006808
MCX,20260826,3300.0,3355.0,3243.3,3350.0,2328150
MEDANTA,20260826,1410.0,1476.0,1410.0,1458.9,606668
MEDIASSIST,20260826,358.0,358.05,338.0,340.05,459025
MEDICAMEQ,20260826,237.0,241.99,236.8,240.66,19286
MEDICAPQ,20260826,27.8,27.8,25.5,26.99,3361
MEDICO,20260826,42.07,42.7,41.55,42.2,63597
MEDPLUS,20260826,686.3,694.0,678.15,692.1,153251
MEESHO,20260826,206.0,210.0,203.5,208.14,21895347
MEGASTAR,20260826,311.0,318.9,306.0,309.8,8091
MEIL,20260826,280.05,304.95,280.05,297.65,706621
MENNPIS,20260826,71.64,71.65,69.55,69.89,26646
MENONBE,20260826,273.95,277.72,263.0,276.84,110041
MEP,20260826,0.7,0.7,0.7,0.7,42440
MERCANTILE,20260826,24.37,26.24,24.18,24.24,1370
MERCURYEV,20260826,37.41,39.2,37.37,38.73,101938
METAL,20260826,13.78,13.78,13.41,13.7,3075712
METALIETF,20260826,13.06,13.71,13.06,13.68,39037829
METROBRAND,20260826,926.6,954.1,922.2,945.3,26761
METROGLOBL,20260826,137.3,141.94,135.0,137.82,4796
METROPOLIS,20260826,567.0,572.2,567.0,570.3,176364
MFML,20260826,19.45,19.45,18.63,18.71,294
MFSL,20260826,1599.1,1604.9,1580.0,1600.0,189097
MGEL,20260826,14.53,14.82,14.2,14.44,57284
MGL,20260826,1102.1,1119.0,1102.1,1115.3,93375
MHLXMIRU,20260826,189.0,190.0,181.5,185.04,3275
MHRIL,20260826,219.46,223.19,217.1,218.19,96958
MICEL,20260826,36.23,37.69,35.5,37.69,433516
MID150,20260826,23.92,24.06,23.92,23.95,57986
MID150BEES,20260826,242.92,244.98,242.21,243.82,427929
MID150CASE,20260826,12.13,12.13,11.83,11.88,955362
MIDBANKADD,20260826,17.61,17.61,17.52,17.54,2079
MIDCAP,20260826,18.94,18.94,18.8,18.89,282571
MIDCAPADD,20260826,23.64,23.72,23.33,23.43,9493
MIDCAPBETA,20260826,239.07,239.1,237.8,238.89,606
MIDCAPETF,20260826,23.8,24.2,23.8,24.09,2946931
MIDCAPIETF,20260826,24.35,24.47,24.21,24.36,1343105
MIDHANI,20260826,416.0,426.7,413.35,424.45,610271
MIDQ50ADD,20260826,25.51,25.63,25.29,25.44,16899
MIDSELIETF,20260826,20.07,20.25,20.07,20.16,170805
MIDSMALL,20260826,52.4,52.67,52.38,52.58,221040
MIDWESTLTD,20260826,1154.7,1154.7,1130.0,1135.4,14093
MIIL,20260826,726.0,736.4,718.05,726.45,85569
MILKYMIST,20260826,201.9,222.11,198.06,222.11,20878033
MINALIND,20260826,3.75,3.81,3.7,3.81,77069
MINDACORP,20260826,710.5,725.0,705.2,707.5,403304
MINDTECK,20260826,174.9,174.9,170.0,170.6,17471
MIRZAINT,20260826,32.3,32.97,31.61,31.96,121132
MITCON,20260826,76.0,79.45,73.7,75.44,3718
MITTAL,20260826,0.87,0.88,0.84,0.85,722365
MKEXIM,20260826,65.0,65.0,61.3,63.38,27799
MKPL,20260826,4.11,4.18,4.1,4.11,83129
MLKFOOD,20260826,91.0,91.9,90.0,90.15,2856
MMFL,20260826,632.15,637.6,615.05,628.5,67661
MMP,20260826,390.0,404.5,390.0,400.7,33121
MMTC,20260826,64.06,64.74,63.58,64.02,1381619
MMWL,20260826,16.48,16.48,15.26,15.6,25628
MNC,20260826,34.46,34.49,34.2,34.27,37174
MOALPHA50,20260826,56.72,57.98,56.72,57.25,9132
MOBANK10,20260826,16.76,17.2,16.76,17.01,13387
MOBIKWIK,20260826,198.25,199.0,194.1,194.88,461009
MOCAPITAL,20260826,55.39,55.91,55.28,55.81,2178550
MODEFENCE,20260826,108.3,108.99,106.71,107.3,1053938
MODINATUR,20260826,375.0,388.0,371.4,381.35,7253
MODIRUBBER,20260826,144.99,145.0,133.51,136.2,13793
MODIS,20260826,381.65,403.8,376.0,399.9,268864
MODISONLTD,20260826,421.9,423.95,405.9,411.6,73331
MODTHREAD,20260826,56.8,58.95,53.16,56.05,12707
MOENERGY,20260826,37.56,39.0,37.56,38.31,78824
MOGOLD,20260826,159.05,159.2,157.7,157.9,17152
MOGSEC,20260826,65.16,65.75,64.81,65.06,31010
MOHEALTH,20260826,51.6,52.31,51.6,52.14,42093
MOHITE,20260826,2.49,2.7,2.49,2.59,13358
MOHITIND,20260826,24.4,24.4,23.2,23.48,15074
MOIL,20260826,254.7,270.0,254.2,268.3,2163774
MOINFRA,20260826,59.65,59.93,59.0,59.14,4057
MOIPO,20260826,49.35,49.61,49.28,49.35,1392
MOKSH,20260826,10.43,10.5,10.15,10.41,96463
MOL,20260826,62.8,63.07,61.26,61.84,736624
MOLBIO,20260826,1242.0,1264.6,1215.0,1238.85,1373950
MOLDTECH,20260826,196.5,199.0,191.0,198.48,95555
MOLDTKPAC,20260826,713.8,736.0,700.0,711.1,309136
MOLOWVOL,20260826,36.96,37.27,36.68,36.95,3710
MOM100,20260826,69.22,69.6,69.22,69.4,150816
MOM30IETF,20260826,32.04,32.04,31.81,31.99,817854
MOM50,20260826,256.68,256.68,251.86,253.46,1907
MOMENTUM,20260826,31.94,31.94,31.66,31.8,63118
MOMENTUM30,20260826,31.39,31.63,31.27,31.51,17046
MOMENTUM50,20260826,54.69,55.0,54.5,54.96,307098
MOMETAL,20260826,13.6,13.68,13.34,13.61,20236
MOMGF,20260826,165.9,166.1,165.9,166.0,45
MOMIDMTM,20260826,65.36,65.68,65.36,65.63,39515
MOMMIDCAP,20260826,13.22,13.33,13.22,13.31,417081
MOMNC,20260826,33.35,33.36,33.27,33.27,722
MOMOMENTUM,20260826,63.29,63.65,63.23,63.55,81211
MON100,20260826,326.0,326.0,326.0,326.0,92920
MON50EQUAL,20260826,33.81,33.81,33.52,33.64,732
MONARCH,20260826,386.45,386.45,374.5,379.7,78238
MONEXT50,20260826,74.95,74.95,74.39,74.48,8371
MONEYBOXX,20260826,56.39,57.4,56.0,56.0,3615
MONIFTY100,20260826,25.76,25.76,25.58,25.75,17754
MONIFTY500,20260826,24.57,24.57,23.81,24.15,313546
MONQ50,20260826,146.42,146.42,146.42,146.42,7713
MONTECARLO,20260826,545.0,548.3,540.1,544.25,31626
MOOILGAS,20260826,11.46,11.46,11.17,11.18,10402
MOPSE,20260826,99.84,103.0,99.5,99.58,1139
MOQUALITY,20260826,203.86,204.26,201.0,201.81,643
MOREALTY,20260826,92.7,92.88,90.84,91.38,479011
MOREPENLAB,20260826,94.36,97.98,94.06,96.98,11701259
MOSCHIP,20260826,205.6,207.1,205.0,205.54,557540
MOSERVICE,20260826,31.34,31.34,31.18,31.18,1007
MOSILVER,20260826,239.98,239.99,237.27,237.58,51286
MOSMALL250,20260826,18.58,18.6,18.48,18.57,1070169
MOTHERSON,20260826,167.0,167.0,164.91,165.0,10016435
MOTILALOFS,20260826,1020.0,1048.8,1010.65,1040.0,1931146
MOTISONS,20260826,16.55,17.34,16.31,16.45,52236426
MOTOGENFIN,20260826,26.21,27.0,26.21,26.8,4873
MOTOUR,20260826,80.5,80.95,79.5,79.92,19631
MOVALUE,20260826,113.56,114.85,113.12,114.23,58761
MPDL,20260826,34.9,41.18,34.9,35.62,4590
MPHASIS,20260826,2415.6,2452.0,2385.8,2400.0,378910
MPSLTD,20260826,2696.0,2736.9,2650.0,2704.0,28260
MRF,20260826,133500.0,133850.0,132910.0,133520.0,1801
MRPL,20260826,172.11,175.8,171.34,173.61,3399326
MSCI360,20260826,10.52,10.52,10.21,10.27,5738
MSCIADD,20260826,29.93,29.99,29.85,29.99,6888
MSCIINDIA,20260826,30.38,30.42,30.26,30.33,18603
MSL,20260826,145.0,147.0,141.0,146.91,531
MSPL,20260826,34.0,34.95,33.81,34.64,1143985
MSTCLTD,20260826,727.95,753.5,724.9,737.5,414844
MSUMI,20260826,37.19,37.87,36.95,37.67,11292234
MTARTECH,20260826,7050.0,7135.0,6956.0,7082.0,83844
MTEDUCARE,20260826,1.85,1.85,1.7,1.73,149455
MTNL,20260826,26.8,27.73,26.6,26.79,1526525
MUFIN,20260826,138.67,139.38,136.0,136.75,375175
MUFTI,20260826,77.39,79.17,76.57,78.63,194353
MUKANDLTD,20260826,135.2,137.86,133.55,137.03,74683
MUKESHB,20260826,138.0,145.95,137.7,145.95,201
MUKKA,20260826,25.98,26.2,25.5,25.73,265732
MUKTAARTS,20260826,56.5,58.94,55.15,58.55,3865
MULTICAP,20260826,17.02,17.02,16.92,16.98,90594
MUNJALAU,20260826,114.37,118.35,113.23,114.87,1581013
MUNJALSHOW,20260826,132.96,133.3,130.9,132.39,20891
MURUDCERA,20260826,31.02,31.02,30.38,30.62,16113
MUTHOOTCAP,20260826,254.0,254.0,239.3,241.76,16515
MUTHOOTFIN,20260826,3200.0,3229.0,3186.1,3206.9,486712
MUTHOOTMF,20260826,213.7,215.4,211.41,213.85,158170
MVELECTRO,20260826,525.0,566.45,516.55,560.15,1171438
MVGJL,20260826,152.85,155.99,151.39,155.19,63530
MWL,20260826,40.03,40.5,39.0,39.88,304023
MYSORPETRO,20260826,139.01,140.65,138.57,138.57,3321
NACLIND,20260826,182.9,182.9,177.0,177.61,282890
NAGREEKCAP,20260826,22.11,23.94,22.11,23.52,1483
NAGREEKEXP,20260826,22.26,23.0,22.0,22.06,9269
NAHARCAP,20260826,259.99,260.89,253.5,258.5,614
NAHARINDUS,20260826,142.0,145.99,135.0,135.92,41695
NAHARPOLY,20260826,247.4,247.8,244.5,245.5,6543
NAHARSPING,20260826,297.05,299.8,292.4,294.1,29133
NAM-INDIA,20260826,1228.8,1239.8,1220.1,1223.0,461130
NARMADA,20260826,14.11,14.34,13.85,13.97,257633
NATCAPSUQ,20260826,167.8,186.49,167.8,180.28,108426
NATCOPHARM,20260826,877.0,879.9,858.0,863.4,371204
NATHBIOGEN,20260826,154.9,155.06,152.0,152.81,12732
NATIONALUM,20260826,397.7,400.45,393.0,399.3,3087665
NATIONSTD,20260826,110.02,114.9,108.88,108.88,171484
NAUKRI,20260826,1349.2,1350.9,1322.0,1323.5,805875
NAVA,20260826,568.05,576.0,563.6,567.95,232901
NAVINFLUOR,20260826,8249.5,8620.0,8230.0,8553.0,184735
NAVKARCORP,20260826,98.0,99.0,97.42,98.44,205655
NAVKARURB,20260826,0.99,1.0,0.93,0.97,447172
NAVNETEDUL,20260826,133.51,134.9,132.97,133.11,97902
NAZARA,20260826,359.0,359.1,355.05,356.35,482255
NBCC,20260826,90.1,90.5,89.1,89.21,5343033
NBIFIN,20260826,1990.6,2036.9,1975.3,1990.0,101
NCC,20260826,148.72,149.87,146.88,147.2,1027008
NCLIND,20260826,174.14,184.0,174.14,181.85,107063
NDGL,20260826,2750.0,3100.0,2711.0,2860.1,1757
NDL,20260826,3.08,3.12,2.98,3.01,2324082
NDLVENTURE,20260826,121.56,123.97,118.14,123.17,18090
NDRAUTO,20260826,732.3,752.45,732.3,744.3,26429
NDTV,20260826,75.6,75.8,73.4,74.35,154475
NEAGI,20260826,3306.0,3500.0,3306.0,3480.0,104
NECCLTD,20260826,18.2,18.2,16.54,17.57,374826
NECLIFE,20260826,11.4,12.46,11.33,12.46,1472512
NELCAST,20260826,115.94,116.8,114.35,115.34,54210
NELCO,20260826,927.0,944.0,925.1,936.0,157469
NEOGEN,20260826,2149.9,2200.0,2116.0,2183.3,141701
NEPHROPLUS,20260826,697.5,703.9,690.05,693.65,110447
NESCO,20260826,1036.0,1036.0,1016.0,1018.9,40691
NESTLEIND,20260826,1476.0,1479.0,1450.8,1451.5,625901
NETF,20260826,263.71,265.99,263.0,264.68,1017
NETWEB,20260826,5323.1,5465.0,5231.0,5271.9,2623639
NETWORK18,20260826,30.48,30.94,30.31,30.45,1859200
NEUEON,20260826,13.8,13.8,13.11,13.4,67051
NEULANDLAB,20260826,23070.0,23669.0,22978.0,23545.0,46754
NEWGEN,20260826,527.0,535.95,522.55,524.35,317123
NEXT30ADD,20260826,43.51,43.77,43.51,43.64,2068
NEXT50,20260826,772.03,774.81,768.7,770.25,43716
NEXT50ADD,20260826,75.0,75.45,74.87,75.21,2177
NEXT50BETA,20260826,80.5,80.99,80.02,80.53,70125
NEXT50ETF,20260826,75.51,75.57,75.04,75.35,41755
NEXT50IETF,20260826,78.63,80.2,78.58,78.67,640342
NEXTMEDIA,20260826,3.91,3.95,3.16,3.58,80986
NFL,20260826,72.79,72.95,71.65,71.8,705884
NGIL,20260826,40.0,40.29,38.49,38.81,13133
NGLFINE,20260826,2808.0,2899.0,2808.0,2877.3,3316
NH,20260826,1899.0,1909.6,1880.0,1882.7,181443
NHPC,20260826,76.76,77.24,76.1,76.24,3865233
NIACL,20260826,188.85,190.35,186.33,187.09,1208594
NIBE,20260826,1410.0,1428.3,1386.0,1392.2,52850
NIBL,20260826,31.75,32.5,29.6,30.65,36858
NICCOPAR,20260826,87.06,92.0,86.3,89.43,7078
NIF100BEES,20260826,272.82,272.82,269.98,270.79,26129
NIF100IETF,20260826,28.32,28.57,28.3,28.38,123800
NIFTY1,20260826,269.63,273.0,269.01,269.81,210184
NIFTY100EW,20260826,35.86,36.0,35.72,35.94,46249
NIFTYADD,20260826,255.67,257.3,255.67,256.28,2916
NIFTYAXIS,20260826,270.46,270.46,268.61,269.23,3146
NIFTYBEES,20260826,275.01,278.27,275.01,277.02,4327184
NIFTYBETA,20260826,269.9,270.97,269.3,269.92,14873
NIFTYBETF,20260826,250.3,251.44,249.32,250.25,4971
NIFTYCASE,20260826,10.01,10.01,9.74,9.77,498095
NIFTYETF,20260826,265.0,266.09,263.56,264.05,262894
NIFTYIETF,20260826,278.0,278.0,275.32,275.6,227216
NIFTYJBLK,20260826,12.73,12.73,9.94,12.46,176050
NIFTYQLITY,20260826,21.59,21.76,21.54,21.6,15009
NIITLTD,20260826,103.0,103.7,101.29,102.97,468280
NIITMTS,20260826,230.03,234.5,229.0,232.51,59305
NILAINFRA,20260826,7.04,7.04,6.86,6.97,158974
NILASPACES,20260826,12.55,13.44,12.42,12.93,1384953
NILE,20260826,1491.0,1519.0,1473.1,1497.2,3397
NILKAMAL,20260826,2019.8,2110.0,2009.3,2096.8,53316
NIMBSPROJ,20260826,176.28,176.28,170.0,170.18,88537
NINSYS,20260826,715.95,719.85,706.1,713.4,2130
NIPPOBATRY,20260826,328.8,329.8,321.35,325.45,532
NIRAJ,20260826,28.9,29.24,28.32,29.12,16845
NIRAJISPAT,20260826,216.0,216.0,216.0,216.0,5
NIRLON,20260826,649.3,649.3,637.05,640.7,2842
NITCO,20260826,97.48,98.0,95.5,96.67,1252771
NITINSPIN,20260826,623.65,647.85,617.25,627.0,328908
NITIRAJ,20260826,207.99,207.99,196.05,199.42,1194
NITTAGELA,20260826,1580.0,1582.0,1565.0,1567.8,2057
NIVABUPA,20260826,83.79,84.2,82.0,82.17,324029
NKIND,20260826,60.24,60.24,58.2,59.09,3397
NLCINDIA,20260826,272.0,274.2,270.15,271.4,644448
NMDC,20260826,86.0,88.9,85.74,88.21,26181347
NOCIL,20260826,165.4,167.5,163.95,165.1,260323
NOIDATOLL,20260826,4.11,4.17,4.01,4.13,64827
NORBTEAEXP,20260826,70.36,71.5,67.0,70.02,990
NORTHARC,20260826,293.75,298.15,284.0,293.5,1536585
NOVAAGRI,20260826,25.51,25.51,24.02,24.91,70630
NOVARTIND,20260826,1490.9,1500.0,1481.0,1490.1,7165
NPBET,20260826,284.54,289.99,284.54,286.5,1230
NPST,20260826,1628.1,1764.8,1615.3,1660.2,297644
NRAIL,20260826,504.25,517.45,504.0,509.3,4705
NRBBEARING,20260826,474.25,478.7,468.0,473.65,144388
NRL,20260826,123.4,123.55,122.5,123.55,62620
NSIL,20260826,5700.0,5837.0,5661.0,5783.5,2447
NSLNISP,20260826,40.32,41.58,40.05,41.44,4971650
NTCIND,20260826,142.75,142.75,133.0,135.91,3060
NTPC,20260826,341.55,344.45,334.6,334.6,5903358
NTPCGREEN,20260826,91.68,92.15,91.11,91.27,952214
NUCLEUS,20260826,742.3,748.45,724.0,740.1,25837
NURECA,20260826,295.0,307.9,295.0,304.7,3125
NUVAMA,20260826,1751.0,1787.6,1745.0,1779.3,213610
NUVOCO,20260826,325.3,326.85,320.35,324.65,260072
NV20,20260826,14.06,14.07,13.93,13.99,26049
NV20BEES,20260826,140.51,140.74,139.65,140.01,7501
NV20IETF,20260826,13.62,13.69,13.6,13.63,295993
NYKAA,20260826,333.85,340.0,333.05,340.0,7555264
OAL,20260826,351.5,413.4,351.0,401.25,652216
OBCL,20260826,56.0,58.0,55.51,57.68,7471
OBEROIRLTY,20260826,1889.0,1905.5,1867.8,1870.0,269945
OCCLLTD,20260826,161.5,161.5,157.25,161.11,24470
ODIGMA,20260826,21.88,22.97,21.76,22.53,22694
ODYCORP,20260826,7.11,7.8,6.93,7.11,63848
OFSS,20260826,11749.0,12060.0,11616.0,11800.0,291135
OIL,20260826,464.55,471.6,458.7,469.15,1006463
OILCOUNTUB,20260826,58.0,59.8,58.0,59.69,20158
OILIETF,20260826,11.36,11.41,11.31,11.32,958040
OLAELEC,20260826,36.69,38.68,36.63,38.0,94982946
OLECTRA,20260826,1294.9,1369.6,1294.9,1326.4,1300805
OMAXAUTO,20260826,190.7,195.02,186.0,186.84,54565
OMAXE,20260826,99.71,112.79,99.71,109.37,13794992
OMFREIGHT,20260826,91.5,93.0,90.01,90.46,5966
OMINFRAL,20260826,83.75,83.75,81.06,82.1,88186
OMNI,20260826,582.8,589.8,572.85,578.15,651393
OMPOWER,20260826,173.75,173.95,170.4,172.84,142944
ONEGLOBAL,20260826,545.85,565.0,545.85,556.5,6603
ONELIFECAP,20260826,33.73,33.74,31.26,31.5,10808
ONEPOINT,20260826,55.5,56.0,54.95,55.51,588045
ONESOURCE,20260826,1521.0,1536.8,1478.0,1483.6,130037
ONGC,20260826,233.51,234.21,230.79,232.21,6500323
ONIDA,20260826,37.99,38.9,36.11,36.8,529200
ONIXSOLAR,20260826,262.45,290.05,262.45,288.65,1314397
ONMOBILE,20260826,53.66,53.66,53.66,53.66,16489
ONWARDTEC,20260826,284.9,288.5,283.0,283.4,25482
OPTIEMUS,20260826,595.8,595.8,581.35,584.45,78626
OPTIFIN,20260826,13.93,14.78,13.22,13.82,150282
ORBTEXP,20260826,242.0,242.0,233.0,237.0,6478
ORCHASP,20260826,1.32,1.46,1.32,1.39,1109778
ORCHPHARMA,20260826,1044.5,1062.0,966.65,973.35,101085
ORICONENT,20260826,55.1,56.79,54.75,56.65,19412
ORIENTALTL,20260826,5.29,5.29,5.07,5.13,37330
ORIENTBELL,20260826,376.25,381.45,372.25,378.2,21337
ORIENTCEM,20260826,131.0,135.1,131.0,134.48,306045
ORIENTCER,20260826,44.0,46.75,44.0,45.29,107893
ORIENTELEC,20260826,181.5,187.81,181.5,185.92,186509
ORIENTHOT,20260826,141.5,142.74,140.05,140.91,2188322
ORIENTLTD,20260826,84.0,86.5,82.5,84.19,3982
ORIENTPPR,20260826,17.01,17.3,17.01,17.03,111624
ORIENTTECH,20260826,244.95,250.0,243.0,245.55,60887
ORIRAIL,20260826,134.75,142.0,127.5,132.99,644347
ORISSAMINE,20260826,4480.0,4610.0,4471.0,4572.2,25163
ORKLAINDIA,20260826,564.2,580.85,564.05,579.8,68491
ORTINGLOBE,20260826,15.01,15.5,14.6,15.35,11876
OSIAHYPER,20260826,2.77,2.77,2.67,2.7,225847
OSWALAGRO,20260826,37.5,37.93,36.7,36.79,14513
OSWALGREEN,20260826,21.15,21.23,20.63,20.79,132699
OSWALPUMPS,20260826,300.0,301.55,294.5,295.35,254056
OSWALSEEDS,20260826,12.03,12.6,12.0,12.37,54305
PACEDIGITK,20260826,182.6,183.59,180.6,181.47,300666
PACIFICI,20260826,133.1,152.0,133.1,146.67,1330
PAGEIND,20260826,35700.0,35720.0,35100.0,35155.0,22437
PAISALO,20260826,68.65,69.57,67.29,68.04,5282298
PAKKA,20260826,82.44,83.89,80.0,80.52,112835
PALASHSECU,20260826,90.0,93.3,89.2,92.56,222
PALREDTEC,20260826,57.0,57.0,56.05,56.05,2344
PANACEABIO,20260826,407.5,410.05,395.0,397.95,81923
PANACHE,20260826,530.45,530.45,530.45,530.45,908
PANAMAPET,20260826,481.7,496.0,476.45,480.3,336047
PANORAMA,20260826,47.12,49.23,46.4,48.65,473412
PANSARI,20260826,300.0,330.0,300.0,324.0,314
PAR,20260826,100.01,101.79,98.02,99.54,11047
PARACABLES,20260826,61.95,62.35,59.57,60.08,1197628
PARADEEP,20260826,160.51,165.79,159.26,163.84,13344838
PARAGMILK,20260826,250.0,252.77,243.15,244.77,1026746
PARAS,20260826,1450.1,1535.0,1435.0,1492.7,2069222
PARASPETRO,20260826,2.2,2.32,2.17,2.3,530153
PARKHOSPS,20260826,287.0,291.9,283.95,289.2,753551
PARKHOTELS,20260826,116.2,119.5,112.41,113.64,315270
PARNAXLAB,20260826,129.7,129.7,119.2,123.71,1088
PARSVNATH,20260826,1.41,1.41,1.4,1.41,6328712
PASHUPATI,20260826,86.99,86.99,83.55,84.09,50367
PASUPTAC,20260826,62.87,62.88,61.05,62.12,39478
PATANJALI,20260826,350.0,351.0,345.6,348.15,1866976
PATELENG,20260826,28.38,29.4,28.01,28.64,3132291
PATELRMART,20260826,232.54,240.98,230.7,233.12,134236
PATINTLOG,20260826,13.28,13.7,12.75,13.1,139514
PAUSHAKLTD,20260826,757.95,763.45,746.1,750.55,8349
PAVNAIND,20260826,19.2,19.2,18.1,18.51,19171
PAYTM,20260826,1713.1,1732.3,1707.0,1716.0,4917036
PCBL,20260826,322.0,329.85,322.0,325.65,1075479
PCJEWELLER,20260826,11.0,11.3,10.77,11.23,444682394
PDMJEPAPER,20260826,88.9,90.21,88.2,89.69,39448
PDSL,20260826,364.6,370.5,361.6,369.1,222103
PEARLPOLY,20260826,16.48,16.48,15.21,15.52,22098
PENIND,20260826,157.55,159.74,155.65,156.5,365870
PENINLAND,20260826,17.26,17.67,17.25,17.67,160633
PERMAGN,20260826,865.0,928.95,865.0,900.55,17444
PERSISTENT,20260826,5655.0,5705.0,5590.5,5590.5,186654
PETRONET,20260826,292.9,295.95,289.0,289.0,1547208
PFC,20260826,366.8,369.15,363.35,364.1,4908282
PFIZER,20260826,4761.0,4835.3,4737.0,4802.5,26447
PFOCUS,20260826,302.75,307.7,299.5,302.55,384089
PFS,20260826,28.0,28.2,27.65,27.66,462549
PGEL,20260826,601.0,601.25,586.45,587.15,878124
PGHH,20260826,8127.0,8159.0,8066.0,8136.5,11241
PGHL,20260826,5833.0,5880.0,5751.0,5766.0,13177
PGIL,20260826,2320.0,2344.0,2275.0,2289.6,79082
PHARMABEES,20260826,27.85,27.85,27.17,27.45,3625665
PHOENIXLTD,20260826,1937.0,1950.0,1923.4,1924.1,295329
PHOENXINTL,20260826,30.38,33.5,29.81,30.66,2958
PICCADIL,20260826,679.8,679.8,662.25,665.3,164015
PIDILITIND,20260826,1651.3,1669.6,1641.0,1650.0,617323
PIGL,20260826,105.0,105.0,100.5,101.41,62224
PIIND,20260826,2497.4,2530.5,2486.0,2508.3,200712
PILANIINVS,20260826,4421.9,4452.0,4400.0,4424.9,1387
PILITA,20260826,7.83,8.24,7.83,8.14,59708
PINELABS,20260826,164.85,169.39,164.6,166.88,13295971
PIONEEREMB,20260826,22.01,22.34,21.8,21.92,4992
PIONRINV,20260826,78.98,78.98,78.98,78.98,17
PIRAMALFIN,20260826,2185.0,2252.2,2150.2,2221.4,856449
PITTIENG,20260826,1139.7,1168.0,1114.15,1123.45,321991
PIXTRANS,20260826,1791.8,1853.0,1786.8,1810.1,35026
PKTEA,20260826,730.05,819.0,730.05,785.0,264
PLASTIBLEN,20260826,188.0,192.9,188.0,188.89,18028
PLATIND,20260826,212.74,220.45,209.58,218.31,129933
PLAZACABLE,20260826,52.43,53.43,50.81,52.22,35776
PML,20260826,504.0,504.0,495.3,499.65,196
PNB,20260826,116.93,118.2,116.39,116.7,7741983
PNBGILTS,20260826,79.98,80.8,79.01,79.4,206050
PNBHOUSING,20260826,1185.0,1211.5,1173.2,1185.0,901932
PNC,20260826,18.15,18.15,16.71,16.99,39493
PNCINFRA,20260826,203.9,204.13,200.62,201.32,418165
PNGJL,20260826,606.0,609.8,593.1,595.7,319379
PNGSREVA,20260826,542.4,565.0,540.1,555.65,147361
POCL,20260826,506.95,518.0,505.1,512.45,419200
PODDARMENT,20260826,249.55,252.95,247.0,248.3,978
POEL,20260826,150.57,161.0,150.0,150.86,28381
POKARNA,20260826,881.5,885.9,865.0,869.6,29241
POLICYBZR,20260826,1806.3,1875.0,1806.3,1840.0,2221774
POLYCAB,20260826,9130.0,9159.0,8984.0,9060.0,239534
POLYMED,20260826,1727.4,1756.9,1706.4,1711.2,91740
POLYPLEX,20260826,1185.5,1215.3,1171.6,1175.4,46483
POLYSPIN,20260826,33.88,33.88,29.5,29.5,130
PONNIERODE,20260826,400.0,412.0,385.95,391.05,61434
POONAWALLA,20260826,478.6,480.7,471.0,472.65,972858
POWERGRID,20260826,270.1,271.15,265.2,265.2,5303523
POWERICA,20260826,535.0,536.4,525.5,532.0,78679
POWERINDIA,20260826,33375.0,33600.0,33105.0,33125.0,43775
POWERMECH,20260826,2497.5,2534.9,2495.7,2513.3,32967
PPAP,20260826,265.0,270.0,261.2,261.65,5955
PPL,20260826,263.75,268.85,263.75,264.65,14412
PPLPHARMA,20260826,208.56,213.44,208.11,211.29,2678764
PRABHA,20260826,206.04,214.0,206.04,209.16,110272
PRADPME,20260826,504.0,515.3,492.1,510.0,5647
PRAENG,20260826,19.3,19.76,18.66,19.44,48151
PRAJIND,20260826,347.1,352.55,343.6,350.25,529125
PRAKASH,20260826,127.5,130.7,127.49,129.94,240287
PRAKASHSTL,20260826,3.86,3.98,3.83,3.87,49026
PRAVEG,20260826,262.15,269.0,260.0,262.25,23985
PRAXIS,20260826,5.4,5.4,5.09,5.13,235360
PRECAM,20260826,130.9,133.0,128.0,129.27,88532
PRECOT,20260826,703.35,712.55,682.05,695.45,3328
PRECWIRE,20260826,415.0,437.0,412.05,432.25,630995
PREMCO,20260826,387.4,387.45,375.3,381.45,672
PREMEXPLN,20260826,666.9,675.45,666.05,671.2,127994
PREMIER,20260826,2.7,2.71,2.69,2.71,1955
PREMIERENE,20260826,1036.5,1040.0,982.2,1005.0,2553287
PREMIERPOL,20260826,91.5,92.0,89.2,90.79,203235
PRESTIGE,20260826,1620.9,1647.3,1614.0,1615.1,393894
PRICOLLTD,20260826,790.5,794.5,770.0,780.7,302708
PRIMESECU,20260826,280.9,284.0,277.35,283.8,19889
PRIMO,20260826,20.63,21.59,20.63,21.28,76462
PRINCEPIPE,20260826,288.9,300.65,288.4,298.4,655834
PRISMX,20260826,0.54,0.55,0.47,0.54,215585
PRITI,20260826,34.39,35.3,33.9,35.21,5959
PRITIKAUTO,20260826,17.39,17.95,17.02,17.32,48751
PRIVISCL,20260826,3480.0,3480.0,3443.5,3458.4,27231
PROSTARM,20260826,134.17,137.01,133.2,135.88,140518
PROTEAN,20260826,572.0,572.9,563.05,565.7,155201
PROZONER,20260826,45.45,45.58,43.2,43.51,247369
PRSMJOHNSN,20260826,107.5,113.65,107.5,112.29,2352902
PRUDENT,20260826,3331.7,3406.0,3294.1,3345.1,13521
PRUDMOULI,20260826,17.59,17.59,16.3,16.42,21552
PSB,20260826,23.44,23.87,23.32,23.5,1744527
PSPPROJECT,20260826,910.2,921.0,900.15,904.65,23710
PSUBANK,20260826,86.85,87.77,86.73,87.19,533334
PSUBANKADD,20260826,87.9,88.59,87.66,87.97,40478
PSUBNKBEES,20260826,95.9,97.8,95.9,96.91,2197173
PSUBNKIETF,20260826,87.52,88.8,87.4,87.94,91051
PTC,20260826,158.5,159.35,157.01,157.28,963657
PTCIL,20260826,21158.0,21768.0,20788.0,20919.0,31594
PTL,20260826,38.35,38.84,38.35,38.69,23243
PUNJABCHEM,20260826,1100.0,1196.9,1100.0,1119.0,62029
PURVA,20260826,219.6,220.02,216.19,218.87,83504
PVP,20260826,54.0,56.48,53.5,56.48,5796445
PVRINOX,20260826,1236.0,1267.5,1230.4,1255.3,465551
PVSL,20260826,107.98,109.04,106.06,106.53,40578
PVTBANIETF,20260826,27.97,28.1,27.86,28.04,2567954
PVTBANK,20260826,27.74,27.87,27.74,27.81,4640
PVTBANKADD,20260826,27.97,28.28,27.97,28.24,69323
PVTBKGROWW,20260826,27.36,27.94,27.36,27.77,26579
PWL,20260826,123.1,129.88,122.6,126.13,27224374
PYRAMID,20260826,160.55,168.0,160.55,162.73,74959
QGOLDHALF,20260826,133.9,135.9,132.53,132.94,160338
QMSMEDI,20260826,149.0,153.3,145.0,152.73,29812
QNIFTY,20260826,268.8,269.4,267.12,267.48,3296
QPOWER,20260826,1319.0,1319.0,1267.3,1298.2,245988
QUADFUTURE,20260826,417.0,417.85,409.05,411.95,536989
QUAL30IETF,20260826,21.38,21.58,21.21,21.36,48747
QUALITY30,20260826,21.01,21.07,20.91,21.02,3935
QUESS,20260826,349.5,376.5,348.0,370.7,6471016
QUICKHEAL,20260826,140.75,142.0,139.55,140.15,43603
QUINT,20260826,42.21,44.85,39.01,41.01,29949
RACE,20260826,103.68,103.68,100.3,100.77,3170
RACLGEAR,20260826,1525.0,1545.0,1484.0,1509.4,18110
RADAAN,20260826,2.92,3.05,2.92,3.02,11648
RADHIKAJWE,20260826,67.71,71.19,66.93,70.54,1388389
RADIANTCMS,20260826,39.09,42.25,38.8,41.16,1376537
RADICO,20260826,4677.5,4680.0,4602.2,4614.0,232813
RADIOCITY,20260826,6.62,6.75,6.59,6.62,18621
RAILTEL,20260826,282.2,283.85,280.2,280.9,411923
RAIN,20260826,200.3,204.59,195.02,195.78,4779754
RAINBOW,20260826,1423.0,1466.3,1409.4,1446.7,119965
RAJESHEXPO,20260826,76.51,79.0,76.5,76.66,89837
RAJMET,20260826,3.3,3.36,3.06,3.18,1677065
RAJOOENG,20260826,50.0,50.39,49.12,49.39,100060
RAJPALAYAM,20260826,811.0,830.0,808.0,826.9,1157
RAJRATAN,20260826,490.0,500.0,483.55,495.75,59821
RAJRILTD,20260826,23.24,23.5,23.0,23.07,31852
RAJSREESUG,20260826,37.62,38.95,36.11,36.59,142347
RAJTV,20260826,10.4,10.63,10.25,10.58,17391
RALLIS,20260826,212.93,214.6,212.2,213.93,557658
RAMANEWS,20260826,31.03,32.19,31.03,31.81,19414
RAMAPHO,20260826,126.0,129.7,125.0,128.0,75079
RAMASTEEL,20260826,4.25,4.25,4.25,4.25,763911
RAMBHAJO,20260826,215.01,255.84,210.62,255.69,12226520
RAMCOCEM,20260826,915.4,944.0,911.15,940.65,269778
RAMCOIND,20260826,350.9,352.85,346.05,349.65,108869
RAMCOSYS,20260826,559.2,568.9,549.6,553.1,90396
RAMKY,20260826,372.9,375.0,364.25,366.2,39575
RAMRAT,20260826,490.0,527.2,489.55,523.7,724064
RANASUG,20260826,15.2,15.6,14.41,14.8,1810621
RANEHOLDIN,20260826,1606.0,1616.7,1579.9,1581.6,4928
RATEGAIN,20260826,944.05,952.75,929.2,934.05,238595
RATNAMANI,20260826,2661.1,2690.3,2582.4,2641.6,174190
RATNAVEER,20260826,265.03,286.0,264.0,279.27,7868883
RAYMOND,20260826,630.0,634.0,620.0,621.05,610073
RAYMONDLSL,20260826,719.0,722.05,703.6,709.75,102578
RAYMONDREL,20260826,585.0,587.15,570.0,575.2,90231
RBA,20260826,106.49,106.75,101.62,102.36,5059351
RBLBANK,20260826,385.8,386.65,380.3,382.5,1564195
RBZJEWEL,20260826,141.34,152.4,141.14,149.33,271298
RCF,20260826,124.55,124.71,122.11,122.33,1263180
RCOM,20260826,0.82,0.82,0.8,0.8,1660414
RECLTD,20260826,326.1,329.45,321.95,322.2,3061499
REDINGTON,20260826,353.55,356.0,349.25,354.2,1619391
REDTAPE,20260826,121.5,123.0,119.0,122.56,465513
REFEX,20260826,290.0,297.9,288.55,296.85,334382
REGAAL,20260826,95.13,96.89,94.0,94.57,185737
REGENCERAM,20260826,37.69,37.69,32.46,33.0,12546
RELAXO,20260826,367.5,372.75,366.1,367.4,107297
RELCHEMQ,20260826,113.0,118.4,113.0,114.19,4084
RELIABLE,20260826,141.76,142.99,136.52,140.45,34780
RELIANCE,20260826,1310.0,1315.6,1298.0,1298.0,5744474
RELIGARE,20260826,229.9,230.1,226.65,227.85,321623
RELINFRA,20260826,60.5,62.5,60.26,60.76,805972
RELTD,20260826,159.01,161.38,156.0,156.7,85310
REMSONSIND,20260826,83.8,83.8,81.0,81.09,47139
RENUKA,20260826,24.6,25.06,23.81,23.94,28386211
REPCOHOME,20260826,353.8,366.55,353.8,362.3,142761
REPL,20260826,62.5,64.95,62.5,63.3,862
REPRO,20260826,313.8,314.0,305.0,307.65,24191
RESPONIND,20260826,154.0,156.0,149.0,151.71,673967
RETAIL,20260826,17.2,18.0,16.52,17.81,2758
RGL,20260826,133.3,159.0,131.76,152.58,39925030
RHETAN,20260826,22.2,22.3,21.5,21.94,14269491
RHFL,20260826,1.92,1.98,1.8,1.95,1156328
RHIM,20260826,375.0,375.35,369.0,370.6,131256
RHL,20260826,168.0,170.0,166.0,169.75,8802
RICOAUTO,20260826,128.5,132.49,128.1,130.76,1111026
RIIL,20260826,765.95,770.0,759.35,762.5,25737
RIR,20260826,162.16,167.0,161.5,164.46,85489
RISHABH,20260826,691.9,694.95,680.05,687.7,101918
RITCO,20260826,318.9,319.0,308.05,311.2,62775
RITES,20260826,217.93,220.39,217.5,218.01,208076
RKDL,20260826,18.12,18.97,18.12,18.88,6950
RKEC,20260826,23.11,23.79,22.67,23.24,20325
RKFORGE,20260826,723.5,741.4,715.85,732.0,838774
RKSWAMY,20260826,94.59,96.49,92.72,93.2,41329
RMC,20260826,252.3,262.25,252.3,256.75,24139
RMDRIP,20260826,19.9,19.9,19.25,19.37,228190
RML,20260826,1144.3,1152.7,1124.4,1144.1,14890
RNBDENIMS,20260826,8.93,8.93,8.93,8.93,43155
ROHLTD,20260826,307.95,312.0,303.7,306.2,16813
ROLEXRINGS,20260826,182.42,188.55,181.89,184.45,1950951
ROLLT,20260826,4.21,4.21,3.81,4.09,2059452
ROML,20260826,43.89,43.89,42.12,42.44,7766
ROSSARI,20260826,505.0,505.95,498.25,500.05,31324
ROSSELLIND,20260826,57.1,62.3,57.01,61.77,407805
ROSSTECH,20260826,1063.0,1119.9,1048.85,1099.95,361382
ROTO,20260826,66.58,66.58,64.68,65.51,208300
ROUTE,20260826,507.6,534.4,506.5,523.45,610327
RPEL,20260826,1605.0,1749.0,1605.0,1736.7,145151
RPGLIFE,20260826,2584.5,2623.0,2580.3,2592.7,3847
RPOWER,20260826,22.53,22.95,22.53,22.7,10207973
RPPINFRA,20260826,57.88,58.35,56.9,57.18,54715
RPPL,20260826,23.67,24.0,22.49,22.88,135844
RPSGVENT,20260826,865.5,879.9,860.0,868.5,15353
RPTECH,20260826,785.95,823.05,752.5,778.95,1188598
RRECL,20260826,151.99,151.99,151.0,151.66,3
RRIL,20260826,17.67,17.83,16.8,17.0,4250
RRKABEL,20260826,2807.0,2845.8,2800.1,2810.6,216552
RSDFIN,20260826,111.23,111.23,111.23,111.23,362
RSL,20260826,163.9,170.25,162.15,166.59,529804
RSSOFTWARE,20260826,30.33,31.38,29.9,31.38,31810
RSWM,20260826,200.05,200.05,194.45,197.96,34950
RSYSTEMS,20260826,243.15,247.3,239.05,240.1,121279
RTNINDIA,20260826,30.38,30.45,30.1,30.22,532554
RTNPOWER,20260826,7.82,8.0,7.79,7.95,19404967
RTSPOWR,20260826,92.5,95.99,90.1,94.18,924
RUBFILA,20260826,65.7,66.9,65.66,65.9,33171
RUBICON,20260826,1730.0,1829.0,1730.0,1818.8,742780
RUBYMILLS,20260826,389.0,394.0,372.0,393.5,15811
RUCHINFRA,20260826,5.76,5.83,5.61,5.76,92187
RUCHIRA,20260826,103.98,104.34,103.06,103.42,13741
RUDRA,20260826,21.17,21.95,21.0,21.15,80847
RUPA,20260826,150.27,151.5,149.0,149.25,82948
RUSHIL,20260826,16.71,17.35,16.61,16.8,765332
RUSTOMJEE,20260826,377.95,385.45,373.1,379.1,33093
RVHL,20260826,40.59,41.7,38.6,40.96,14619
RVNL,20260826,220.0,223.29,219.78,221.39,3616707
RVTH,20260826,734.1,740.0,730.05,730.15,141
S&SPOWER,20260826,339.45,367.0,339.45,350.7,17365
SAATVIKGL,20260826,420.0,425.0,417.75,423.85,61619
SAB,20260826,175.0,175.0,173.0,173.0,33
SADBHAV,20260826,8.14,8.2,7.98,8.07,161742
SADBHIN,20260826,2.57,2.64,2.49,2.54,163544
SADHNANIQ,20260826,2.9,2.95,2.9,2.95,541321
SAFARI,20260826,1513.0,1515.7,1490.0,1496.1,14727
SAGARDEEP,20260826,23.66,24.85,23.26,23.64,24908
SAGCEM,20260826,163.39,169.0,163.39,167.67,26514
SAGILITY,20260826,43.3,46.1,43.3,44.0,95051180
SAHLIBHFI,20260826,70.75,75.88,70.75,74.51,28114
SAHYADRI,20260826,349.2,354.95,332.3,339.35,12243
SAICAPI,20260826,150.71,153.0,145.1,145.1,121
SAIL,20260826,185.95,196.5,182.4,194.9,44553300
SAILIFE,20260826,1462.0,1477.8,1453.6,1461.0,232305
SAIPARENT,20260826,576.0,578.95,528.0,530.9,789646
SAKAR,20260826,887.95,910.45,887.95,901.4,54164
SAKHTISUG,20260826,21.51,22.05,20.7,20.77,361090
SAKSOFT,20260826,159.94,163.06,159.65,161.36,138451
SAKUMA,20260826,1.71,1.79,1.71,1.79,2329582
SALASAR,20260826,5.91,6.03,5.91,5.95,2523937
SALONA,20260826,268.74,268.74,262.01,262.01,68
SALSTEEL,20260826,73.5,76.84,70.8,71.64,559615
SALZERELEC,20260826,564.05,566.45,555.2,556.5,32230
SAMBANDAM,20260826,135.2,135.2,124.0,125.47,6243
SAMBHAAV,20260826,6.31,6.54,6.14,6.24,31939
SAMBHV,20260826,129.4,130.09,126.3,128.46,643347
SAMHI,20260826,160.94,160.94,158.57,159.1,409539
SAMMAANCAP,20260826,151.1,152.77,149.04,149.45,3824669
SAMPANN,20260826,26.47,26.68,25.81,26.1,18801
SANATHAN,20260826,461.0,465.0,446.55,462.1,25596
SANDESH,20260826,1028.0,1039.4,1025.3,1032.2,447
SANDHAR,20260826,681.75,683.65,658.05,661.05,98222
SANDUMA,20260826,205.0,210.78,203.05,209.67,793435
SANGAMIND,20260826,566.7,576.8,556.0,570.95,34780
SANGHVIMOV,20260826,464.35,465.0,445.0,458.5,414376
SANGINITA,20260826,48.38,48.38,48.38,48.38,274691
SANOFI,20260826,3223.9,3224.0,3180.1,3191.2,16437
SANOFICONR,20260826,4176.9,4241.0,4148.0,4158.5,2463
SANSERA,20260826,3790.5,3898.8,3761.0,3836.6,142018
SANSTAR,20260826,107.58,110.48,107.31,110.15,171481
SANWARIA,20260826,0.19,0.2,0.19,0.2,359940
SAPPHIRE,20260826,253.4,258.78,248.05,249.68,2966863
SAPPL,20260826,280.0,297.45,272.1,289.0,952
SARDAEN,20260826,507.05,516.0,505.0,514.4,249978
SAREGAMA,20260826,509.8,512.0,487.25,497.55,985383
SARLAPOLY,20260826,100.65,101.1,100.0,100.5,34411
SARVESHWAR,20260826,3.5,3.54,3.45,3.48,917804
SASKEN,20260826,1884.0,1925.0,1840.0,1863.0,18676
SATIA,20260826,57.84,59.23,57.84,58.69,49067
SATIN,20260826,220.0,229.5,220.0,227.06,222094
SAURASHCEM,20260826,57.0,60.0,57.0,59.01,112538
SAYAJIHOTL,20260826,348.0,348.0,320.0,320.1,717
SAYAJIIND,20260826,114.0,117.96,114.0,117.46,4067
SBC,20260826,40.09,40.53,40.01,40.13,7394764
SBCL,20260826,1022.9,1065.95,1004.7,1053.1,394446
SBFC,20260826,92.6,102.21,92.6,101.14,17101535
SBGLP,20260826,24.35,25.97,23.3,23.64,31913
SBIBPB,20260826,51.05,51.05,49.82,50.35,49802
SBICARD,20260826,654.0,666.3,647.25,660.1,2062040
SBIETFCON,20260826,125.68,125.68,124.1,124.38,1854
SBIETFIT,20260826,342.68,342.68,336.02,337.92,14018
SBIETFPB,20260826,283.4,284.15,281.15,283.9,43404
SBIETFQLTY,20260826,225.36,226.02,224.33,225.39,1161
SBIFUNDS,20260826,553.05,565.55,546.1,563.45,2482037
SBILIFE,20260826,1760.5,1789.0,1760.5,1768.2,1042686
SBILIQETF,20260826,1053.35,1053.36,1053.34,1053.34,54603
SBIMIDMOM,20260826,64.03,65.18,64.03,64.98,44287
SBIN,20260826,1051.4,1062.3,1051.2,1052.0,5858099
SBINEQWETF,20260826,33.85,33.9,33.59,33.79,24688
SBINMID150,20260826,23.65,23.74,23.58,23.69,9373
SBISILVER,20260826,235.49,238.16,235.13,235.87,650251
SBISMLETF,20260826,18.48,18.6,18.39,18.49,19274
SBIVALETF,20260826,14.91,14.95,14.81,14.85,8380
SCANSTL,20260826,62.0,63.5,60.0,62.92,47059
SCHAEFFLER,20260826,4016.0,4028.0,3993.5,4010.2,18384
SCHAND,20260826,135.0,139.75,135.0,138.46,20215
SCHNEIDER,20260826,1153.0,1182.6,1145.0,1174.4,452802
SCI,20260826,289.9,293.2,287.3,288.5,1463356
SCILAL,20260826,40.01,40.78,40.01,40.15,104813
SCODATUBES,20260826,130.0,133.49,128.0,128.86,324700
SCPL,20260826,677.0,677.0,640.3,657.2,3741
SDBL,20260826,73.02,73.49,72.3,72.62,209779
SEAMECLTD,20260826,1655.3,1669.0,1630.1,1658.1,36037
SECMARK,20260826,129.4,129.4,126.1,128.0,322
SECURKLOUD,20260826,18.05,19.28,17.5,17.77,24416
SEDEMAC,20260826,3082.0,3165.2,3044.0,3065.0,47439
SEIL,20260826,206.93,212.0,206.93,211.66,213879
SEJALLTD,20260826,684.1,686.95,664.0,666.95,4145
SEKURITIND,20260826,116.3,117.99,116.3,117.04,21750
SELECTIPO,20260826,49.26,49.51,49.24,49.39,35665
SELMC,20260826,27.72,28.47,27.52,27.9,1157
SEMAC,20260826,288.3,290.0,281.0,285.15,131
SENCO,20260826,369.45,369.65,359.1,367.15,754754
SENORES,20260826,1494.2,1523.2,1480.5,1494.7,147753
SENSEXADD,20260826,80.46,80.51,79.92,80.18,1914
SENSEXAXIS,20260826,81.26,81.26,80.4,80.5,4356
SENSEXBETA,20260826,859.0,866.12,856.9,860.62,1744
SENSEXETF,20260826,80.32,80.5,80.05,80.1,33910
SENSEXIETF,20260826,901.73,901.73,892.05,894.38,5774
SEPC,20260826,5.79,6.26,5.75,5.78,71528587
SERVOTECH,20260826,82.46,82.46,81.25,81.44,199794
SESHAPAPER,20260826,227.16,230.0,225.38,227.27,14287
SETCO,20260826,17.6,18.4,17.45,17.54,29802
SETF10GILT,20260826,262.5,269.0,262.5,264.39,3584
SETFGOLD,20260826,140.37,140.37,135.58,136.46,2317028
SETFNIF50,20260826,261.48,264.28,261.39,261.7,360221
SETFNIFBK,20260826,590.99,595.96,590.99,594.6,35721
SETFNN50,20260826,796.56,804.41,796.56,802.0,21074
SETL,20260826,317.0,330.45,313.35,330.4,2640125
SETUINFRA,20260826,0.48,0.48,0.45,0.46,133727
SEYAIND,20260826,12.5,12.63,12.15,12.48,1575
SFL,20260826,648.95,656.0,641.3,648.05,133527
SGFIN,20260826,706.1,711.85,690.2,692.2,138554
SGIL,20260826,575.0,589.0,575.0,586.5,10310
SGL,20260826,10.17,10.44,9.99,10.03,2418
SGLRES,20260826,2.57,2.57,2.38,2.38,71015
SGMART,20260826,837.4,860.6,836.5,842.3,205553
SGRL,20260826,508.05,520.0,508.0,513.05,6213
SHADOWFAX,20260826,258.55,258.55,244.3,246.14,4180538
SHAH,20260826,3.3,3.47,2.56,3.16,73588161
SHAHALLOYS,20260826,76.82,78.35,74.31,76.06,8756
SHAILY,20260826,3228.9,3272.4,3213.3,3238.3,64155
SHAKTIPUMP,20260826,495.0,497.05,490.0,490.35,189482
SHALBY,20260826,154.04,157.58,153.17,156.92,72774
SHALPAINTS,20260826,82.99,82.99,80.7,81.55,93758
SHANKARA,20260826,145.81,152.0,145.21,147.61,236254
SHANKESH,20260826,98.0,101.59,93.01,93.74,15917470
SHANTI,20260826,6.45,6.45,6.2,6.22,7487
SHANTIGEAR,20260826,557.0,579.0,541.25,561.5,1463886
SHANTIGOLD,20260826,264.95,277.0,264.5,266.07,1949685
SHARDACROP,20260826,768.2,803.7,768.2,795.8,372087
SHARDAMOTR,20260826,878.85,899.35,875.05,891.6,24971
SHARDUL,20260826,53.84,53.84,52.0,52.21,7705
SHAREINDIA,20260826,173.01,175.0,170.4,171.02,117800
SHARIABEES,20260826,460.87,463.8,457.52,458.89,23242
SHBAJRG,20260826,161.1,169.97,161.1,162.13,2288
SHEKHAWATI,20260826,17.15,18.39,17.09,17.09,13006
SHEMAROO,20260826,127.29,129.0,125.11,128.96,6400
SHERVANI,20260826,358.0,358.0,315.55,321.15,1420
SHILCTECH,20260826,3919.7,3958.0,3877.1,3947.8,15065
SHILGRAVQ,20260826,169.75,169.75,162.0,169.39,1399
SHILPAMED,20260826,864.0,868.4,851.05,860.75,732892
SHINDL,20260826,162.96,165.0,158.16,162.75,258214
SHIPROCKET,20260826,133.6,136.99,129.36,132.5,19968553
SHIVAAGRO,20260826,42.99,42.99,41.0,42.17,1004
SHIVACEM,20260826,16.46,16.94,15.55,16.58,73128
SHIVALIK,20260826,282.26,295.75,281.0,294.36,57049
SHIVAMAUTO,20260826,16.03,16.68,15.55,16.39,30097
SHIVAMILLS,20260826,61.2,61.2,60.02,60.48,215
SHIVATEX,20260826,168.0,171.16,166.06,170.99,468
SHIVAUM,20260826,445.05,455.0,444.0,444.45,7003
SHK,20260826,154.98,157.25,154.0,155.62,200084
SHOPERSTOP,20260826,392.8,399.4,383.2,386.0,52438
SHRADDHA,20260826,152.69,153.99,142.0,146.36,8439
SHRADHA,20260826,32.31,33.44,31.5,32.44,15297
SHREDIGCEM,20260826,74.87,76.4,74.0,75.28,86534
SHREECEM,20260826,24575.0,25255.0,24510.0,24865.0,50283
SHREEJISPG,20260826,642.25,654.7,631.6,639.0,736997
SHREEPUSHK,20260826,452.0,467.45,444.75,452.15,154216
SHREERAMA,20260826,43.78,44.39,43.06,43.44,31680
SHRENIK,20260826,0.29,0.29,0.28,0.29,426505
SHREYANIND,20260826,123.77,125.79,123.77,124.99,8744
SHRIKRISH,20260826,38.2,38.2,38.2,38.2,200
SHRINGARMS,20260826,227.0,227.79,219.52,220.78,426149
SHRIPISTON,20260826,4692.0,4692.0,4572.0,4610.0,93971
SHRIRAMFIN,20260826,1141.4,1142.0,1105.0,1117.5,3752627
SHRIRAMPPS,20260826,78.37,78.9,77.0,77.54,301511
SHRJAGP,20260826,700.0,700.0,670.05,680.7,897
SHUKRAPHAR,20260826,44.09,46.16,44.09,44.18,2435650
SHYAMCENT,20260826,5.09,5.09,4.86,4.89,8722
SHYAMMETL,20260826,1006.2,1049.0,1005.1,1040.5,410561
SHYAMTEL,20260826,13.83,13.86,13.02,13.15,7708
SICAGEN,20260826,55.07,55.95,53.6,54.96,35697
SICALLOG,20260826,95.36,105.3,95.36,104.81,94883
SIEL,20260826,34.45,34.45,32.85,32.85,3833
SIEMENS,20260826,4117.0,4117.0,4042.1,4043.0,374331
SIGACHI,20260826,33.94,34.8,33.1,33.64,4523577
SIGIND,20260826,69.98,71.9,68.0,71.02,29878
SIGMA,20260826,49.61,49.9,47.15,48.57,136335
SIGMAADV,20260826,727.3,727.3,711.45,727.3,728895
SIGNATURE,20260826,793.9,798.6,770.0,773.65,285338
SIGNPOST,20260826,258.0,264.4,258.0,261.2,42620
SIKA,20260826,1031.4,1036.1,1010.4,1020.4,14308
SIKKO,20260826,5.0,5.17,4.95,5.08,439657
SIL,20260826,19.95,20.45,19.5,19.65,39998
SILGO,20260826,72.91,73.9,72.0,72.85,297563
SILINV,20260826,462.4,487.8,462.4,483.75,5360
SILLYMONKS,20260826,16.94,16.94,15.9,16.58,2129
SILVER,20260826,239.02,242.95,239.02,240.42,781219
SILVER001,20260826,28.0,28.0,24.25,24.47,186037
SILVER1,20260826,23.25,23.71,22.79,23.37,4752056
SILVER360,20260826,234.2,239.49,234.2,236.46,15006
SILVERADD,20260826,233.81,234.5,231.58,232.23,587737
SILVERAG,20260826,232.0,236.54,232.0,234.32,120689
SILVERAXIS,20260826,239.36,241.49,238.73,239.2,213889
SILVERBEES,20260826,232.39,232.45,229.71,230.13,14687980
SILVERBETA,20260826,233.83,234.71,231.84,232.36,372707
SILVERBND,20260826,243.55,243.55,239.92,240.43,20537
SILVERCASE,20260826,24.81,24.82,24.37,24.41,6290826
SILVERIETF,20260826,244.4,244.4,239.89,240.4,2792524
SILVERTUC,20260826,184.86,184.88,175.5,178.96,390206
SIMBHALS,20260826,9.3,9.3,8.94,8.94,50215
SIMPLEXINF,20260826,249.59,260.57,245.05,251.41,541939
SIMPLXREA,20260826,132.0,132.0,125.4,125.4,3
SINCLAIR,20260826,75.8,78.5,74.52,74.86,19034
SINDHUTRAD,20260826,23.95,25.88,23.75,25.3,7003364
SINGERIND,20260826,79.69,79.89,76.07,77.15,74170
SINTERCOM,20260826,79.0,79.5,76.41,79.06,1785
SIRCA,20260826,435.0,441.8,434.8,436.05,296409
SIS,20260826,414.95,425.0,414.95,421.1,180645
SITINET,20260826,0.27,0.28,0.27,0.27,433825
SIYSIL,20260826,569.2,579.45,565.0,570.9,34898
SJS,20260826,2564.0,2573.9,2471.1,2485.9,165303
SJVN,20260826,66.23,66.46,65.5,65.85,1270331
SKFINDIA,20260826,1582.7,1593.8,1567.0,1587.1,21282
SKFINDUS,20260826,2765.2,2905.0,2729.9,2864.8,56490
SKIPPER,20260826,545.9,550.0,538.1,547.25,936696
SKMEGGPROD,20260826,263.0,271.8,258.18,268.41,515588
SKYGOLD,20260826,844.0,868.8,838.8,848.1,915903
SMALL250,20260826,18.29,18.8,18.29,18.51,188300
SMALLADD,20260826,18.54,18.61,18.5,18.58,15031
SMALLCAP,20260826,48.38,49.18,48.0,49.09,1254668
SMALLGROWW,20260826,49.48,49.48,48.22,48.92,6928
SMALLIETF,20260826,18.68,18.68,18.45,18.5,31583
SMARTLINK,20260826,229.45,230.0,223.0,224.21,1290
SMARTWORKS,20260826,542.0,549.4,539.0,541.85,37036
SMCGLOBAL,20260826,78.53,79.58,78.53,79.26,291869
SML100CASE,20260826,11.57,11.57,11.35,11.43,1240483
SMLMAH,20260826,5232.0,5335.0,5170.0,5190.5,50071
SMLT,20260826,71.6,71.6,67.52,68.45,8040
SMSPHARMA,20260826,357.0,360.85,354.15,357.7,83587
SNOWMAN,20260826,37.37,37.91,36.96,37.13,157668
SNXT30BEES,20260826,43.6,43.6,43.32,43.54,8591
SNXT50BETA,20260826,96.22,97.24,96.22,96.36,2406
SOBHA,20260826,1285.0,1307.0,1278.0,1292.2,65926
SOFTTECH,20260826,415.15,425.0,415.05,422.15,3526
SOLARA,20260826,630.0,638.0,615.0,617.3,316316
SOLARINDS,20260826,19780.0,20276.0,19770.0,20097.0,97420
SOLARWORLD,20260826,149.96,151.0,148.8,149.27,121113
SOLEX,20260826,796.75,800.8,777.0,781.45,28116
SOMANYCERA,20260826,543.85,564.95,541.0,558.45,383042
SOMATEX,20260826,87.2,87.2,84.1,84.78,17196
SOMICONVEY,20260826,95.5,97.74,91.53,91.85,63097
SONACOMS,20260826,808.8,811.95,795.0,795.0,890131
SONAL,20260826,89.45,89.45,85.55,88.95,197
SONAMLTD,20260826,65.98,67.3,63.9,64.44,29384
SONATSOFTW,20260826,299.5,308.6,298.0,299.45,1104843
SOTL,20260826,677.95,697.95,671.15,694.95,192960
SOUTHBANK,20260826,45.68,46.45,45.4,46.32,8354307
SOUTHWEST,20260826,205.0,219.08,205.0,211.66,296876
SPAL,20260826,956.5,958.35,946.5,949.7,27653
SPANDANA,20260826,243.15,254.3,242.85,247.1,302710
SPARC,20260826,194.5,196.75,193.84,194.36,305096
SPCENET,20260826,3.31,3.4,3.31,3.34,606362
SPECIALITY,20260826,146.0,149.34,140.0,149.04,38025
SPECTRUM,20260826,2110.1,2177.0,2081.0,2166.2,4882
SPELS,20260826,143.88,144.95,142.01,143.61,19040
SPENCERS,20260826,30.3,30.6,29.1,30.1,33619
SPIC,20260826,70.8,71.0,69.82,70.28,339406
SPLIL,20260826,30.4,34.85,29.6,34.14,47626
SPLPETRO,20260826,705.0,717.0,701.1,708.3,49749
SPMLINFRA,20260826,188.79,190.49,186.15,186.71,112838
SPORTKING,20260826,228.5,229.99,222.63,224.23,202349
SRD,20260826,40.72,40.72,39.51,40.1,14021
SREEL,20260826,264.5,270.0,257.61,260.0,15992
SRF,20260826,2579.0,2596.0,2564.2,2583.0,223327
SRGHFL,20260826,259.55,260.05,259.55,260.0,460
SRHHYPOLTD,20260826,475.4,482.9,470.05,470.95,15143
SRIKPRIND,20260826,20.99,20.99,20.09,20.88,6695
SRM,20260826,463.0,470.0,455.0,462.5,78790
SRTL,20260826,39.99,40.5,39.54,40.02,22451
SSDL,20260826,57.57,58.94,57.0,57.25,18390
SSWL,20260826,293.0,296.0,289.4,290.4,422312
STALLION,20260826,229.8,230.0,221.0,224.0,205686
STANLEY,20260826,136.08,137.56,135.02,137.01,84628
STAR,20260826,986.6,999.4,981.0,982.9,97630
STARCEMENT,20260826,194.84,195.48,190.8,191.16,231489
STARHEALTH,20260826,582.9,588.0,579.9,583.75,240205
STARPAPER,20260826,148.6,148.9,145.06,146.87,2860
STARTECK,20260826,246.05,257.7,245.5,257.0,7973
STCINDIA,20260826,123.46,123.46,118.1,118.29,51615
STEELCAS,20260826,340.65,348.95,339.65,343.65,62879
STEELCITY,20260826,89.99,90.0,86.36,87.87,18429
STEELXIND,20260826,10.76,11.0,10.5,10.85,765039
STEL,20260826,622.6,628.85,603.65,619.7,5671
STERTOOLS,20260826,224.7,229.9,222.0,224.7,15419
STLNETWORK,20260826,25.85,25.99,25.06,25.5,483355
STLSTRINF,20260826,20.02,20.87,19.0,19.46,1393
STLTECH,20260826,652.0,680.0,652.0,662.75,1077225
STOVEKRAFT,20260826,796.0,819.0,796.0,816.6,85438
STUDDS,20260826,449.15,455.0,447.05,451.35,17926
STYL,20260826,390.0,403.5,385.35,396.85,128042
STYLAMIND,20260826,3556.0,3610.8,3532.4,3570.4,30231
STYLEBAAZA,20260826,401.0,414.2,391.5,408.9,2953023
STYRENIX,20260826,2090.0,2110.0,2053.6,2064.4,35286
SUBEXLTD,20260826,17.96,18.15,17.5,17.62,2523559
SUBROS,20260826,738.0,747.95,727.55,730.3,39685
SUDARCOLOR,20260826,394.35,403.8,386.0,387.45,18016
SUDARSCHEM,20260826,1230.0,1257.8,1219.9,1234.3,240189
SUDEEPPHRM,20260826,1140.0,1140.0,1106.2,1129.1,92746
SUKHJITS,20260826,158.34,164.45,158.34,161.53,74316
SULA,20260826,146.99,149.06,146.56,148.02,386806
SUMEDHA,20260826,42.0,42.0,39.25,39.8,1205
SUMEETINDS,20260826,12.97,13.26,12.82,13.0,1666289
SUMICHEM,20260826,524.0,532.9,520.3,530.45,151503
SUMIT,20260826,54.0,54.0,49.58,51.21,115453
SUMMITSEC,20260826,1422.3,1440.2,1422.3,1433.3,1640
SUNCLAY,20260826,1284.9,1284.9,1260.0,1267.9,2434
SUNDARAM,20260826,1.24,1.26,1.23,1.23,165164
SUNDARMFIN,20260826,4518.2,4572.1,4518.2,4539.6,22907
SUNDRMBRAK,20260826,774.05,797.0,773.0,778.0,339
SUNDRMFAST,20260826,1221.95,1240.0,1216.5,1237.95,193660
SUNDROP,20260826,662.0,668.0,651.05,660.75,33161
SUNFLAG,20260826,349.5,352.9,342.45,350.45,341062
SUNLOC,20260826,70.0,70.0,70.0,70.0,33
SUNPHARMA,20260826,1926.9,1926.9,1899.5,1899.5,648845
SUNRAKSHAK,20260826,375.0,378.0,365.0,369.2,11328
SUNSHIEL,20260826,1164.9,1203.2,1164.9,1188.7,311
SUNSHINE,20260826,377.65,385.0,363.6,367.2,2882121
SUNTECK,20260826,315.6,316.4,310.1,312.1,123674
SUNTV,20260826,469.95,472.15,464.05,465.15,180005
SUPERHOUSE,20260826,178.94,178.94,172.63,176.14,5153
SUPERSPIN,20260826,5.96,6.0,5.95,5.95,10423
SUPRAJIT,20260826,501.25,509.25,500.0,502.7,35234
SUPREME,20260826,41.0,41.0,38.7,39.44,11236
SUPREMEENG,20260826,2.68,2.68,2.68,2.68,86441
SUPREMEIND,20260826,3593.0,3600.0,3540.0,3540.0,155752
SUPREMEINF,20260826,87.8,90.0,83.31,84.81,68336
SUPRIYA,20260826,787.7,796.75,777.6,781.75,206972
SUPTANERY,20260826,12.72,12.72,11.8,12.72,328256
SURAJEST,20260826,198.2,198.2,194.0,196.01,80299
SURAJLTD,20260826,209.79,214.97,202.0,213.51,1356
SURAKSHA,20260826,321.0,340.5,317.75,338.75,304363
SURANASOL,20260826,25.6,26.25,25.56,25.77,41637
SURANAT&P,20260826,16.24,16.45,16.15,16.2,28286
SURYALA,20260826,384.0,390.5,380.0,380.85,357
SURYALAXMI,20260826,56.33,60.01,56.33,57.92,4888
SURYAROSNI,20260826,220.74,222.0,218.31,219.62,412912
SURYODAY,20260826,151.49,160.88,151.49,158.43,847539
SUTLEJTEX,20260826,38.5,39.0,38.04,38.77,19268
SUVEN,20260826,360.25,377.4,357.1,372.2,542231
SUVIDHAA,20260826,2.37,2.54,2.28,2.3,94358
SUYOG,20260826,748.65,770.8,746.05,755.8,13356
SUZLON,20260826,47.0,47.4,46.88,46.94,28238916
SVGLOBAL,20260826,142.64,142.64,114.3,132.79,2772
SVLL,20260826,770.0,785.0,770.0,780.05,2537
SVPGLOB,20260826,3.75,3.89,3.62,3.74,17977
SWANCORP,20260826,299.55,302.0,298.3,300.15,524147
SWANDEF,20260826,2395.0,2409.0,2310.0,2407.8,15579
SWARAJ,20260826,378.85,378.85,373.0,373.15,63649
SWARAJENG,20260826,3569.0,3569.0,3539.8,3549.0,4486
SWARNSAR,20260826,34.4,35.0,33.9,34.46,4489
SWELECTES,20260826,603.9,612.6,600.7,605.55,8268
SWIGGY,20260826,289.5,293.0,286.55,286.55,10538391
SWISSMLTRY,20260826,18.23,18.4,17.06,17.74,131142
SWSOLAR,20260826,197.1,201.14,195.44,200.12,948833
SYMPHONY,20260826,595.45,608.5,595.45,602.5,45314
SYNCOMF,20260826,17.68,17.74,16.86,17.03,4954692
SYNGENE,20260826,409.0,419.5,407.0,411.15,567950
SYRMA,20260826,1466.0,1483.0,1457.8,1474.1,708242
SYSTMTXC,20260826,58.7,58.7,56.5,58.0,2531
TAALTECH,20260826,4534.7,4550.0,4402.0,4501.5,1623
TAINWALCHM,20260826,219.0,219.0,211.64,216.7,1618
TAJGVK,20260826,351.8,351.8,338.0,339.4,77523
TAKE,20260826,17.87,17.87,17.87,17.87,82918
TALBROAUTO,20260826,409.4,416.2,403.95,407.1,118236
TAMBOLIIN,20260826,254.5,254.5,238.0,245.0,13870
TANAA,20260826,295.65,300.0,291.25,298.45,12885
TANLA,20260826,558.0,563.9,522.1,526.05,1298615
TARACHAND,20260826,48.89,48.89,47.6,47.72,31447
TARAPUR,20260826,15.16,15.49,14.49,14.65,27626
TARC,20260826,121.1,122.5,118.6,119.45,567180
TARIL,20260826,310.0,310.4,302.15,304.0,951640
TARMAT,20260826,55.0,64.4,53.5,62.54,511513
TARSONS,20260826,349.8,349.95,338.8,342.65,82999
TASTYBITE,20260826,10160.0,10160.0,9802.0,9911.5,2824
TATACAP,20260826,364.1,372.0,364.1,370.65,1412637
TATACHEM,20260826,628.8,643.95,627.0,637.65,416347
TATACOMM,20260826,1700.0,1706.6,1640.2,1649.3,310370
TATACONSUM,20260826,1063.5,1063.5,1039.6,1047.1,1069304
TATAELXSI,20260826,3678.9,3694.7,3628.0,3650.0,110627
TATAGOLD,20260826,15.88,15.88,15.33,15.55,57912822
TATAINVEST,20260826,646.9,652.25,642.3,644.45,171203
TATAPOWER,20260826,373.0,376.35,364.0,364.0,5101404
TATASTEEL,20260826,186.49,189.95,184.29,188.01,32199274
TATATECH,20260826,798.5,800.45,786.95,793.5,603830
TATSILV,20260826,23.8,23.8,23.31,23.36,25952065
TATVA,20260826,1600.0,1625.0,1570.9,1606.4,27427
TBOTEK,20260826,1733.7,1736.1,1694.6,1706.5,232371
TBZ,20260826,283.0,309.2,277.05,305.8,3967359
TCC,20260826,245.0,278.4,223.4,235.15,4967094
TCI,20260826,892.8,907.4,892.8,903.15,8241
TCIEXP,20260826,531.5,556.85,527.0,549.85,35587
TCIFINANCE,20260826,16.1,16.1,15.5,15.57,14001
TCPLPACK,20260826,3920.8,3943.3,3855.2,3877.1,4531
TCS,20260826,2305.1,2306.3,2266.4,2270.0,1660737
TDPOWERSYS,20260826,734.0,747.3,722.4,727.8,1060459
TEAMGTY,20260826,229.0,240.1,229.0,240.0,23836
TEAMLEASE,20260826,1246.0,1257.9,1239.1,1248.8,19308
TECH,20260826,33.53,33.85,33.19,33.39,20490
TECHM,20260826,1607.5,1614.9,1565.8,1571.0,1639820
TECHNOCRAF,20260826,341.42,349.41,339.7,343.69,729002
TECHNOE,20260826,993.55,1012.1,985.5,1004.25,140034
TECHNVISN,20260826,4929.5,5129.2,4929.0,5129.2,768
TECILCHEM,20260826,9.29,10.18,8.0,9.49,70146
TEGA,20260826,1696.1,1697.0,1647.0,1652.1,71199
TEJASNET,20260826,507.25,511.7,503.55,505.05,484905
TEMBO,20260826,56.35,59.25,56.0,58.4,1994181
TENNIND,20260826,553.8,553.8,537.25,539.6,765835
TERASOFT,20260826,301.5,312.35,298.45,306.3,12863
TEXINFRA,20260826,110.03,112.68,110.0,110.13,118963
TEXMOPIPES,20260826,46.89,47.9,46.5,47.34,24706
TEXRAIL,20260826,108.04,109.34,107.43,109.04,889251
TFCILTD,20260826,139.0,143.74,138.25,140.99,14091841
TFL,20260826,11.8,12.19,11.71,11.71,3204
TGBHOTELS,20260826,9.75,9.75,9.25,9.27,9390
TGVSL,20260826,106.23,108.0,104.7,105.42,63317
THACKER,20260826,999.4,1050.0,999.4,1050.0,34
THAKDEV,20260826,145.0,145.0,140.0,140.94,104
THANGAMAYL,20260826,5439.5,5517.0,5401.0,5495.5,59999
THEINVEST,20260826,95.31,97.78,94.11,96.34,1047
THEJO,20260826,2059.9,2079.8,2016.0,2043.9,6169
THELEELA,20260826,554.75,556.5,546.0,552.8,519711
THEMISMED,20260826,117.99,134.0,117.99,126.26,1620934
THERMAX,20260826,4002.0,4022.1,3953.9,3968.5,57760
THOMASCOOK,20260826,111.0,113.69,110.07,110.71,1309913
THOMASCOTT,20260826,280.3,284.0,278.2,281.1,16144
THYROCARE,20260826,599.8,606.5,591.55,605.2,214447
TI,20260826,577.75,582.75,549.5,560.9,1093282
TICL,20260826,9.98,10.15,9.51,9.73,58135
TIGERLOGS,20260826,30.01,32.45,28.58,29.54,437213
TIIL,20260826,3460.0,3485.6,3355.5,3386.6,36739
TIINDIA,20260826,2902.0,2936.9,2851.0,2860.0,175584
TIJARIA,20260826,5.92,6.13,5.36,5.92,364453
TIL,20260826,244.0,246.0,235.1,242.8,68842
TIMETECHNO,20260826,185.95,186.68,183.07,185.3,4255906
TIMEX,20260826,621.95,647.8,614.0,629.0,832414
TIMKEN,20260826,3148.0,3156.1,3092.1,3098.7,16966
TINNARUBR,20260826,1038.3,1038.3,1005.0,1016.4,45562
TIPSFILMS,20260826,359.0,359.0,340.55,342.1,7710
TIPSMUSIC,20260826,646.0,654.8,642.1,650.25,97490
TIRUMALCHM,20260826,158.0,163.05,157.31,160.97,412220
TIRUPATIFL,20260826,73.8,73.8,69.25,69.65,186445
TITAGARH,20260826,834.0,845.4,823.0,825.4,323021
TITAN,20260826,5149.9,5149.9,5091.0,5100.0,377617
TMB,20260826,881.95,907.8,876.45,897.6,208392
TMCV,20260826,475.0,487.15,472.4,483.75,8416088
TMPV,20260826,316.0,316.4,313.1,313.1,5791487
TNIDETF,20260826,93.15,93.15,90.45,90.66,64210
TNPETRO,20260826,114.99,115.5,112.85,113.27,149343
TNPL,20260826,142.0,142.48,140.0,140.67,54710
TNTELE,20260826,9.05,9.8,8.82,9.08,40298
TOKYOPLAST,20260826,75.0,76.4,73.0,75.15,6005
TOLINS,20260826,98.49,98.49,95.49,96.58,21093
TOP100CASE,20260826,10.69,10.9,10.61,10.71,840959
TOP10ADD,20260826,88.3,88.51,87.8,88.04,47152
TOP15IETF,20260826,9.98,10.0,9.94,9.98,56851
TOP20,20260826,9.18,9.18,9.0,9.0,1202094
TORNTPHARM,20260826,4905.0,4930.5,4881.0,4890.0,277585
TORNTPOWER,20260826,1256.0,1273.9,1247.2,1258.4,163396
TOTAL,20260826,74.7,74.79,71.56,71.57,4873
TOUCHWOOD,20260826,61.66,63.68,61.66,62.65,97
TOYAMSL,20260826,0.65,0.65,0.62,0.64,336183
TPHQ,20260826,0.55,0.56,0.55,0.55,815145
TPLPLASTEH,20260826,79.58,80.69,76.0,77.6,111457
TRACXN,20260826,30.16,30.2,29.77,29.98,139827
TRANSCOR,20260826,24.5,26.48,24.0,24.58,7044
TRANSPEK,20260826,1339.0,1396.0,1310.0,1379.6,4748
TRANSRAILL,20260826,467.85,470.0,459.0,462.25,337662
TRANSWORLD,20260826,183.41,184.01,183.41,184.01,7630
TRAVELFOOD,20260826,1300.0,1318.2,1280.2,1287.8,28646
TREEHOUSE,20260826,6.08,6.44,6.0,6.29,18478
TREJHARA,20260826,154.95,158.98,147.1,148.54,22150
TREL,20260826,27.5,27.5,26.25,26.39,50450
TRENT,20260826,2950.0,2954.8,2906.2,2908.2,467317
TRF,20260826,230.63,232.98,229.76,229.94,5042
TRIDENT,20260826,24.47,24.6,24.35,24.44,1965823
TRIGYN,20260826,55.6,61.5,55.6,60.66,236730
TRITONV,20260826,1178.9,1178.9,1115.7,1123.7,1918
TRITURBINE,20260826,572.65,582.0,570.55,574.4,219909
TRIVENI,20260826,290.35,294.12,282.1,285.76,954261
TRU,20260826,4.03,4.25,4.03,4.13,98409
TRUALT,20260826,439.7,452.7,434.1,442.2,185736
TSFINV,20260826,408.0,414.15,408.0,410.65,29949
TTKHLTCARE,20260826,1093.9,1107.9,1075.5,1090.6,17051
TTKPRESTIG,20260826,601.45,614.7,593.5,610.15,92498
TTL,20260826,6.49,6.79,6.4,6.59,254308
TTML,20260826,37.65,38.0,37.28,37.41,1074088
TURTLEMINT,20260826,147.7,149.0,141.6,146.86,1186184
TUTIALKA,20260826,56.79,60.89,55.79,58.88,37186
TVSELECT,20260826,442.25,445.0,440.1,443.15,14041
TVSHLTD,20260826,13500.0,13650.0,13500.0,13542.0,2610
TVSMOTOR,20260826,4430.0,4484.5,4415.0,4464.0,908142
TVSSCS,20260826,136.5,137.39,130.9,132.16,1858038
TVSSRICHAK,20260826,4792.9,5359.3,4792.9,5311.8,263395
TVTODAY,20260826,115.0,116.49,112.01,115.16,21593
TVVISION,20260826,3.55,3.55,3.35,3.47,13436
TWCGOLDETF,20260826,159.26,159.97,158.91,159.14,6906
UBL,20260826,1370.6,1386.8,1345.0,1353.7,334327
UCAL,20260826,141.64,148.72,141.64,148.72,29992
UCOBANK,20260826,26.05,26.44,26.05,26.19,3611760
UDAYJEW,20260826,139.43,142.5,135.98,141.8,2715
UDS,20260826,222.0,224.46,219.3,222.07,523006
UEL,20260826,158.01,171.74,157.1,171.74,40549
UFBL,20260826,765.7,788.5,756.3,756.3,44928
UFLEX,20260826,612.0,656.75,607.0,650.45,828723
UFO,20260826,65.14,67.0,65.14,66.51,19318
UGARSUGAR,20260826,55.0,58.89,54.23,54.97,596841
UGROCAP,20260826,88.8,88.86,86.23,87.05,208163
UJJIVANSFB,20260826,69.25,70.26,68.25,68.99,15421346
ULTRACEMCO,20260826,11580.0,11820.0,11580.0,11717.0,207929
ULTRAMAR,20260826,421.0,439.7,421.0,432.75,198497
UMAEXPORTS,20260826,25.49,26.75,25.49,26.75,145153
UMESLTD,20260826,5.89,5.89,5.5,5.61,16780
UMIYA-MRO,20260826,88.0,90.0,88.0,89.24,2442
UNICHEMLAB,20260826,526.05,548.65,521.05,530.3,81667
UNIDT,20260826,223.28,223.28,216.5,221.99,2851
UNIECOM,20260826,85.11,86.0,84.9,85.4,161176
UNIENTER,20260826,95.61,95.8,93.71,95.08,3054
UNIINFO,20260826,11.29,11.85,10.73,10.93,14070
UNIMECH,20260826,1484.0,1529.0,1478.1,1500.2,240768
UNIONBANK,20260826,187.98,192.33,187.12,187.52,13973998
UNIONGOLD,20260826,157.4,157.6,156.15,156.65,1720
UNIPARTS,20260826,829.75,835.0,803.0,806.2,90759
UNITDSPR,20260826,1549.3,1554.6,1519.7,1538.5,636713
UNITECH,20260826,4.06,4.06,3.95,3.96,4256949
UNITEDPOLY,20260826,38.0,38.89,35.32,36.85,128010
UNITEDTEA,20260826,458.75,474.9,458.75,460.15,3725
UNIVASTU,20260826,164.0,164.0,156.0,157.89,34254
UNIVCABLES,20260826,1619.0,1619.0,1569.0,1578.7,68950
UNIVPHOTO,20260826,457.55,468.85,450.0,450.0,1304
UNOMINDA,20260826,1253.4,1272.1,1250.7,1260.0,798985
UPL,20260826,585.0,589.3,579.7,589.3,2061911
URAVIDEF,20260826,109.0,109.0,105.75,106.78,3838
URBANCO,20260826,168.91,173.89,166.5,167.53,9170508
URJA,20260826,9.28,9.44,9.16,9.22,567225
USHAMART,20260826,492.9,498.8,484.45,496.15,274401
USK,20260826,21.9,21.9,21.21,21.56,6744
UTIAMC,20260826,886.15,904.15,886.1,897.2,63816
UTKARSHBNK,20260826,14.7,15.24,14.7,14.94,12257833
UTLSOLAR,20260826,446.65,454.05,440.1,444.2,318690
UTTAMSUGAR,20260826,321.0,329.9,305.59,312.82,602692
UYFINCORP,20260826,19.62,20.55,19.62,20.12,175105
V2RETAIL,20260826,223.2,224.1,219.0,219.79,1290836
VADILALIND,20260826,7448.0,7509.5,7335.0,7423.0,19323
VADILENT,20260826,9751.0,9795.0,9751.0,9795.0,7
VAIBHAVGBL,20260826,222.7,226.0,222.0,223.6,199928
VAISHALI,20260826,8.29,8.29,7.8,8.17,79638
VAKRANGEE,20260826,5.94,6.08,5.92,6.05,1451107
VAL30IETF,20260826,15.33,15.39,15.27,15.32,136336
VALIANTLAB,20260826,106.99,110.7,103.32,107.87,385876
VALIANTORG,20260826,293.0,299.9,290.75,297.0,13821
VALUE,20260826,16.26,16.34,16.23,16.3,24761
VALUEAXIS,20260826,32.83,33.53,32.75,33.22,77078
VAML,20260826,449.0,464.2,448.65,462.6,8546306
VARDHACRLC,20260826,44.1,44.79,43.8,44.73,16089
VARDMNPOLY,20260826,5.98,6.18,5.98,6.03,283777
VARROC,20260826,816.95,822.2,795.6,812.15,153370
VASCONEQ,20260826,31.01,31.4,30.81,31.11,184351
VASUPRADA,20260826,96.08,96.08,94.0,94.0,50
VASWANI,20260826,48.0,49.9,47.1,48.3,24336
VBL,20260826,447.9,447.9,420.2,421.25,31112914
VCL,20260826,2.45,2.45,2.23,2.23,4373564
VEDAVAAG,20260826,18.62,18.8,18.26,18.5,20922
VEDL,20260826,275.5,287.0,273.25,286.5,24161109
VEDPOWER,20260826,36.94,37.69,36.84,37.49,20656004
VEEDOL,20260826,1474.0,1525.0,1471.6,1510.1,13234
VELJAN,20260826,1773.4,1825.0,1773.4,1785.1,80
VENKEYS,20260826,1579.0,1604.9,1566.1,1597.0,56013
VENTIVE,20260826,598.65,598.65,587.75,594.6,17374
VENUSPIPES,20260826,1550.2,1645.0,1545.0,1636.6,196323
VENUSREM,20260826,1581.3,1644.9,1581.3,1606.9,33797
VERANDA,20260826,246.45,250.0,240.05,243.3,261268
VERTOZ,20260826,42.3,42.3,40.32,40.62,102372
VESUVIUS,20260826,430.0,433.5,420.35,422.9,138680
VETO,20260826,130.47,130.47,128.0,128.5,25755
VGCL,20260826,57.07,57.07,52.01,57.05,2738
VGL,20260826,58.99,61.0,56.0,57.56,19392
VGUARD,20260826,333.0,335.8,327.15,329.65,521675
VHL,20260826,3460.0,3480.0,3411.1,3428.9,269
VHLTD,20260826,119.5,119.5,115.41,115.59,28923
VIDHIING,20260826,353.9,353.9,338.5,341.0,17723
VIDYAWIRES,20260826,85.48,89.0,85.48,86.92,827995
VIJAYA,20260826,1497.0,1498.0,1466.2,1472.8,97595
VIJIFIN,20260826,14.47,14.47,14.47,14.47,67559
VIJSOLX,20260826,718.8,718.8,686.85,698.45,137
VIKASECO,20260826,1.07,1.11,1.06,1.08,4688233
VIKASLIFE,20260826,1.24,1.38,1.23,1.32,10694106
VIKRAMSOLR,20260826,170.7,175.84,170.5,171.85,2231160
VIKRAN,20260826,60.2,60.99,59.0,59.21,1134798
VIMTALABS,20260826,621.0,637.5,615.8,627.7,123134
VINATIORGA,20260826,1337.8,1344.2,1312.2,1321.5,35917
VINCOFE,20260826,163.5,167.0,161.52,164.09,2407699
VINDHYATEL,20260826,2381.0,2441.5,2381.0,2396.7,39456
VINEETLAB,20260826,39.0,39.0,37.2,38.79,92179
VINNY,20260826,1.06,1.07,1.05,1.06,77131
VINYLINDIA,20260826,238.0,239.98,233.0,234.53,5233
VIPCLOTHNG,20260826,20.16,21.15,20.16,20.53,42399
VIPIND,20260826,300.0,312.8,298.8,310.9,526844
VIPULLTD,20260826,16.07,16.07,16.07,16.07,37449
VIRAT,20260826,440.0,448.95,428.95,442.0,4729
VIRINCHI,20260826,15.06,15.65,15.06,15.28,34930
VIRTUALG,20260826,0.52,0.54,0.49,0.52,375672
VISACHROME,20260826,38.3,38.3,36.7,37.3,14262
VISAKAIND,20260826,92.5,93.4,90.93,91.53,99670
VISHAL,20260826,19.3,19.3,18.0,18.67,65940
VISHNU,20260826,649.4,657.7,636.85,639.8,109011
VISHWARAJ,20260826,6.29,6.56,6.06,6.15,697624
VISL,20260826,36.95,38.78,36.95,38.78,62802478
VITAL,20260826,54.0,54.93,50.0,53.99,4829
VIVIANA,20260826,739.65,739.65,720.9,734.55,10730
VIVIDHA,20260826,0.52,0.53,0.51,0.51,110838
VIVIMEDLAB,20260826,6.81,6.81,6.81,6.81,50924
VIVOBIOT,20260826,19.23,19.23,18.26,18.5,10934
VIYASH,20260826,268.85,271.15,259.1,263.4,115482970
VLEGOV,20260826,11.23,11.24,11.0,11.24,100634
VLSFINANCE,20260826,244.95,247.7,241.65,245.35,11104
VMART,20260826,862.2,868.8,845.25,852.35,88421
VMM,20260826,112.2,112.2,109.62,109.62,9830770
VMSTMT,20260826,47.0,47.5,46.25,46.7,25722
VOEPL,20260826,508.0,593.45,497.4,579.55,2738620
VOGL,20260826,39.06,41.85,39.01,41.21,85113212
VOITHPAPR,20260826,1461.3,1489.9,1454.1,1460.0,100
VOLTAMP,20260826,11020.0,11151.5,10901.0,10978.5,20963
VOLTAS,20260826,1245.0,1245.0,1207.0,1217.0,1046584
VPRPL,20260826,33.59,34.07,32.51,32.98,326478
VRAJ,20260826,120.3,123.25,120.3,122.66,19654
VRLLOG,20260826,290.5,291.45,285.0,286.25,111820
VSSL,20260826,345.0,370.8,345.0,367.75,327028
VSTIND,20260826,212.0,212.3,209.7,210.95,119333
VSTL,20260826,113.95,113.95,111.02,112.1,7536
VSTTILLERS,20260826,4435.8,4479.6,4398.2,4418.5,4317
VTL,20260826,602.55,607.5,601.0,602.9,132158
VTMLTD,20260826,54.83,54.84,52.0,53.71,24503
WAAREEENER,20260826,2662.0,2669.6,2631.0,2635.0,310622
WAAREEINDO,20260826,277.0,282.5,273.0,275.15,70061
WAAREERTL,20260826,873.7,889.8,873.0,885.75,101399
WABAG,20260826,2025.7,2166.0,2016.1,2155.3,2116909
WAKEFIT,20260826,145.0,148.0,142.0,145.72,837985
WALCHANNAG,20260826,221.45,222.15,219.54,220.94,255116
WANBURY,20260826,266.15,266.3,258.15,261.15,80350
WARDINMOBI,20260826,5.98,6.09,5.98,6.03,174245
WATERBASE,20260826,50.0,50.0,48.0,49.31,22967
WCIL,20260826,87.25,88.8,85.5,86.21,74559
WEALTH,20260826,860.0,877.15,850.9,856.05,2378
WEBELSOLAR,20260826,80.01,81.4,77.67,78.27,2772669
WEIZMANIND,20260826,76.01,76.98,75.63,75.63,216
WEL,20260826,133.14,160.0,133.0,155.92,16977054
WELCORP,20260826,2300.0,2350.0,2203.7,2306.7,5769711
WELENT,20260826,662.0,700.0,650.0,692.85,1226772
WELINV,20260826,2340.6,2340.6,2118.0,2340.6,2124
WELSPLSOL,20260826,51.5,55.6,49.75,54.71,2798818
WELSPUNLIV,20260826,190.0,192.0,187.5,190.63,2367484
WENDT,20260826,8137.0,8215.0,8051.0,8148.5,6307
WESTLIFE,20260826,583.5,602.35,562.35,566.2,138065
WEWIN,20260826,47.1,47.1,45.15,45.4,2535
WEWORK,20260826,674.9,691.2,672.3,678.3,168601
WHBRADY,20260826,500.0,500.05,497.55,497.8,176
WHEELS,20260826,1500.0,1513.8,1478.2,1487.1,37789
WHIRLPOOL,20260826,772.8,777.0,762.0,771.7,162307
WILLAMAGOR,20260826,27.0,27.0,23.5,24.05,7688
WINDLAS,20260826,991.25,1002.9,965.45,978.4,58236
WINDMACHIN,20260826,316.4,316.4,308.0,309.15,38513
WIPL,20260826,169.4,169.4,164.4,167.98,328
WIPRO,20260826,180.09,180.95,176.66,177.35,9355776
WOCKPHARMA,20260826,1890.0,1932.3,1873.6,1882.1,310259
WONDERLA,20260826,513.75,520.7,513.75,516.05,59250
WORTHPERI,20260826,152.23,158.0,151.0,157.44,10300
WPIL,20260826,446.8,455.6,435.0,438.35,23746
WSI,20260826,60.82,61.99,59.52,60.74,70404
WSTCSTPAPR,20260826,606.0,621.6,599.8,607.8,80965
XCHANGING,20260826,61.45,62.14,60.81,61.51,38493
XELPMOC,20260826,83.99,84.94,81.3,81.81,15387
XPROINDIA,20260826,1199.0,1199.0,1161.0,1176.3,55168
XTGLOBAL,20260826,29.45,29.45,29.0,29.29,34132
XTRANET,20260826,163.09,164.65,158.06,159.83,280887
YASHO,20260826,4206.0,4406.0,4206.0,4369.6,37594
YATHARTH,20260826,925.0,972.0,918.0,965.3,683118
YATRA,20260826,114.5,114.56,112.5,112.89,639544
YESBANK,20260826,22.6,22.8,22.34,22.38,53612306
YOGI,20260826,163.09,163.09,163.09,163.09,3
YUKEN,20260826,948.55,961.5,936.85,938.85,3065
ZAGGLE,20260826,190.2,193.12,189.45,190.76,1193081
ZEEL,20260826,105.86,107.5,104.0,104.42,13145288
ZEELEARN,20260826,7.99,8.19,7.83,7.89,216394
ZEEMEDIA,20260826,9.19,9.22,8.8,8.92,2661339
ZENITHEXPO,20260826,208.95,215.0,208.95,214.78,315
ZENITHSTL,20260826,5.31,5.54,5.31,5.38,19250
ZENSARTECH,20260826,474.45,479.6,470.5,471.85,462669
ZENTEC,20260826,1879.9,1906.5,1860.1,1873.4,256943
ZFCVINDIA,20260826,2603.0,2619.8,2568.4,2588.4,76049
ZFSTEERING,20260826,679.9,679.9,662.2,669.6,4400
ZIMLAB,20260826,128.0,128.3,120.5,126.4,87941
ZODIAC,20260826,263.95,263.95,248.0,250.85,11215
ZODIACLOTH,20260826,73.7,74.19,72.62,73.56,894
ZOTA,20260826,1080.6,1094.0,1073.8,1077.1,41282
ZSARACOM,20260826,11313.0,11500.0,11035.0,11261.0,41
ZUARI,20260826,232.6,236.79,231.65,234.3,145214
ZUARIIND,20260826,284.5,286.0,274.5,275.9,66620
ZYDUSLIFE,20260826,1127.4,1150.5,1117.8,1150.0,1401027
ZYDUSWELL,20260826,530.0,535.9,524.4,529.2,231187
