SYMBOL,TIMESTAMP,OPEN,HIGH,LOW,CLOSE,VOLUME
20MICRONS,20260831,221.01,227.33,216.5,218.03,172302
21STCENMGM,20260831,40.35,41.84,40.34,40.34,2905
360ONE,20260831,1199.6,1199.6,1149.3,1175.0,1412706
3BBLACKBIO,20260831,1458.1,1510.0,1430.0,1447.8,33118
3IINFOLTD,20260831,23.8,23.85,22.66,23.02,155358
3MINDIA,20260831,34415.0,34415.0,33125.0,33320.0,7423
3PLAND,20260831,31.74,32.25,31.4,31.49,7601
5PAISA,20260831,367.5,370.75,355.0,356.6,68919
63MOONS,20260831,776.4,788.05,762.95,778.85,127074
A2ZINFRA,20260831,17.0,17.0,16.41,16.75,242582
AAATECH,20260831,94.02,96.59,94.02,94.79,9982
AADHARHFC,20260831,471.1,471.1,462.8,468.1,213894
AAKASH,20260831,8.61,8.87,8.56,8.64,60911
AAREYDRUGS,20260831,90.0,91.0,86.67,88.21,102279
AARNAV,20260831,33.66,33.66,31.98,32.03,29199
AARON,20260831,132.0,134.6,129.66,130.1,10274
AARTECH,20260831,48.04,49.4,47.55,47.9,12716
AARTIDRUGS,20260831,423.0,423.0,409.95,411.7,59488
AARTIIND,20260831,540.6,540.6,522.0,524.4,635813
AARTIPHARM,20260831,839.9,864.9,829.0,845.4,522950
AARTISURF,20260831,540.0,553.9,515.0,520.6,19172
AARVI,20260831,144.69,146.0,141.5,142.39,7731
AASTHA,20260831,81.05,85.26,81.05,83.61,2089353
AAVAS,20260831,1277.1,1322.7,1254.4,1261.2,242642
ABAN,20260831,14.83,14.83,14.83,14.83,22446
ABANSENT,20260831,27.15,27.95,26.81,27.44,4492
ABB,20260831,7488.0,7638.5,7306.0,7638.5,227223
ABBOTINDIA,20260831,26300.0,26300.0,25800.0,25850.0,6684
ABCAPITAL,20260831,404.8,409.4,397.95,409.4,5834090
ABCOTS,20260831,208.9,220.9,205.01,214.72,37858
ABDL,20260831,610.0,622.25,600.25,618.4,289013
ABFRL,20260831,52.74,53.19,51.65,52.1,5405597
ABGSEC,20260831,115.0,115.01,113.76,115.01,407
ABINFRA,20260831,11.75,11.82,11.33,11.44,241079
ABLBL,20260831,84.6,87.0,84.0,86.71,1171891
ABMINTLLTD,20260831,55.18,55.18,55.18,55.18,157
ABMKNO,20260831,188.25,194.0,185.02,190.19,197
ABREL,20260831,1390.7,1394.2,1350.0,1355.5,187059
ABSL10BANK,20260831,170.54,170.54,168.56,168.8,6800
ABSLAMC,20260831,1033.7,1062.0,1010.0,1051.8,297155
ABSLBANETF,20260831,58.82,59.08,58.71,58.89,47821
ABSLLIQUID,20260831,1000.0,1000.01,999.99,1000.0,2299
ABSLMSCIN,20260831,29.89,29.89,29.13,29.72,808
ABSLNN50ET,20260831,78.0,78.0,77.01,77.32,9108
ABSLPSE,20260831,10.07,10.2,10.0,10.01,414363
ACC,20260831,1304.0,1304.0,1270.0,1276.5,274811
ACCELYA,20260831,1142.0,1142.0,1122.0,1127.9,4779
ACCURACY,20260831,4.6,4.63,4.4,4.43,69025
ACE,20260831,1149.0,1152.9,1100.7,1110.5,325647
ACEINTEG,20260831,17.44,17.45,17.01,17.05,1733
ACGL,20260831,1773.0,1805.0,1773.0,1805.0,583
ACI,20260831,486.9,493.15,480.45,485.45,211062
ACL,20260831,44.94,44.94,43.5,43.72,11870
ACMESOLAR,20260831,399.0,411.0,382.9,401.95,3008269
ACSTECH,20260831,51.75,53.0,50.0,51.42,389314
ACUTAAS,20260831,3281.6,3321.9,3125.9,3160.6,490517
ADANIENSOL,20260831,1589.0,1592.9,1417.4,1417.4,35589890
ADANIENT,20260831,3165.0,3165.0,2859.1,2859.1,12872435
ADANIGREEN,20260831,1307.8,1310.9,1214.9,1214.9,2461573
ADANIPORTS,20260831,1710.0,1711.4,1593.1,1593.1,9621819
ADANIPOWER,20260831,212.37,213.13,198.0,198.0,53907969
ADDIND,20260831,82.84,90.0,78.0,85.0,423
ADFFOODS,20260831,272.0,274.9,268.65,270.2,36649
ADL,20260831,77.9,78.9,71.57,75.75,1086
ADOR,20260831,1662.7,1766.4,1643.0,1705.2,220404
ADROITINFO,20260831,10.84,10.84,10.2,10.3,7874
ADSL,20260831,106.0,106.32,104.11,105.19,76759
ADVAIT,20260831,2220.9,2233.5,2150.0,2170.7,38030
ADVANCE,20260831,117.8,119.0,115.0,116.42,145791
ADVANIHOTR,20260831,50.0,50.49,49.5,49.86,16473
ADVENTHTL,20260831,142.8,143.0,138.66,138.95,66081
ADVENZYMES,20260831,299.2,301.75,292.75,294.1,172700
ADVIKCA,20260831,1.21,1.21,1.12,1.16,566958
AEGISLOG,20260831,1289.4,1289.4,1242.1,1264.6,553008
AEGISVOPAK,20260831,265.95,272.7,261.65,268.75,721408
AEPL,20260831,15.74,15.74,14.66,15.05,23149
AEQUS,20260831,245.5,248.0,240.52,244.34,1528830
AEROENTER,20260831,147.46,149.0,136.5,138.45,653171
AEROFLEX,20260831,542.0,542.0,523.1,525.4,953151
AERONEU,20260831,84.9,84.9,79.5,80.01,8584
AEROPLANE,20260831,174.49,176.53,172.56,174.33,293534
AETHER,20260831,1703.4,1707.8,1636.5,1691.3,354417
AFCONS,20260831,282.25,288.85,282.25,285.65,538629
AFFLE,20260831,1620.2,1620.3,1590.0,1597.9,241180
AFFORDABLE,20260831,164.99,165.31,157.05,161.13,10121
AFIL,20260831,9.7,9.7,9.3,9.47,427723
AFSL,20260831,212.16,217.9,211.4,212.1,14455
AGARIND,20260831,464.0,470.0,453.55,458.2,32258
AGARWALEYE,20260831,508.3,518.9,502.0,513.2,1926860
AGI,20260831,781.0,806.8,771.0,776.1,475872
AGIIL,20260831,293.5,293.5,283.35,285.0,503086
AGL,20260831,14.05,14.5,13.82,13.83,2415944
AGRITECH,20260831,102.75,108.04,101.0,101.55,7344
AGROPHOS,20260831,26.47,27.3,26.06,26.35,10755
AGSTRA,20260831,2.0,2.05,1.96,1.99,51744
AHCL,20260831,16.1,16.25,15.58,15.86,3294080
AHLADA,20260831,37.85,39.0,37.25,38.68,3957
AHLEAST,20260831,138.63,142.0,136.3,138.05,2365
AHLUCONT,20260831,646.05,648.0,615.05,619.2,75376
AHLWEST,20260831,550.2,550.2,498.0,549.1,2631
AIAENG,20260831,4269.0,4307.6,4157.4,4257.5,71716
AIIL,20260831,547.5,579.0,543.05,560.9,1824874
AIRAN,20260831,15.09,15.34,14.84,14.88,37527
AIROLAM,20260831,90.9,90.9,87.38,88.09,320
AJANTPHARM,20260831,3572.5,3666.0,3515.0,3601.9,61976
AJAXENGG,20260831,569.9,580.55,564.1,574.5,58190
AJMERA,20260831,118.23,118.23,114.31,116.9,254749
AJOONI,20260831,3.84,3.92,3.82,3.84,385193
AKASH,20260831,24.74,24.86,24.11,24.8,6193
AKCAPIT,20260831,1761.8,1779.0,1713.1,1750.9,1340
AKG,20260831,9.65,9.65,8.76,9.02,13425
AKI,20260831,4.25,4.25,3.95,4.15,141928
AKSHAR,20260831,0.42,0.43,0.41,0.41,1633464
AKSHARCHEM,20260831,366.3,366.35,363.0,366.35,4795
AKSHOPTFBR,20260831,7.2,7.5,7.02,7.36,399288
AKUMS,20260831,776.15,785.0,768.9,776.7,258396
ALANKIT,20260831,8.21,8.28,8.06,8.09,58779
ALBERTDAVD,20260831,904.3,931.85,890.0,897.9,14450
ALEMBICLTD,20260831,100.04,100.04,97.0,98.74,925255
ALFREDHE,20260831,2856.0,2995.0,2855.0,2947.3,78
ALGOQUANT,20260831,64.43,65.4,62.04,64.71,1102265
ALICON,20260831,686.0,687.75,658.05,665.4,30416
ALIVUS,20260831,1352.0,1493.8,1352.0,1405.7,1220512
ALKALI,20260831,63.01,66.99,63.01,64.2,3825
ALKEM,20260831,5355.0,5378.5,5297.0,5329.5,120023
ALKYLAMINE,20260831,2045.0,2053.6,1991.0,2003.8,62073
ALLCARGO,20260831,12.01,12.59,11.84,11.95,18633846
ALLDIGI,20260831,817.25,817.25,795.0,813.5,6648
ALLTIME,20260831,202.97,203.52,199.0,199.69,74691
ALMONDZ,20260831,17.49,17.79,17.0,17.53,386915
ALOKINDS,20260831,9.3,9.3,8.37,8.5,63642007
ALPA,20260831,64.9,64.9,62.55,62.73,12779
ALPHA,20260831,55.49,55.49,54.7,54.87,1346992
ALPHAETF,20260831,26.62,27.31,26.62,26.93,722939
ALPHAGEO,20260831,313.85,313.85,291.15,291.92,19212
ALPINETEX,20260831,55.16,55.99,53.2,53.62,160355
ALPL30IETF,20260831,27.96,28.48,27.51,27.92,658887
ALUFLUOR,20260831,480.6,489.0,470.25,483.15,3736
AMAGI,20260831,569.5,584.5,558.45,567.5,1951326
AMAL,20260831,767.7,767.7,742.0,744.25,5023
AMANTA,20260831,188.8,188.8,186.0,188.8,71378
AMARJOTHI,20260831,162.4,162.4,159.0,162.24,877
AMBALALSA,20260831,43.9,45.98,43.4,45.62,100970
AMBER,20260831,7689.0,7689.0,7562.0,7620.0,105370
AMBICAAGAR,20260831,24.46,25.73,24.25,24.28,6718
AMBIKCO,20260831,1631.0,1648.0,1626.2,1639.7,6584
AMBUJACEM,20260831,411.4,411.4,401.15,401.15,2212877
AMDIND,20260831,54.7,58.75,52.0,56.27,72026
AMJLAND,20260831,38.09,39.92,37.85,39.57,12970
AMNPLST,20260831,184.16,184.16,181.0,181.28,804
AMRUTANJAN,20260831,516.65,523.5,506.0,509.35,73214
ANANDRATHI,20260831,2219.9,2239.0,2182.3,2204.2,421862
ANANTRAJ,20260831,603.0,606.4,590.9,603.9,1596650
ANDHRAPAP,20260831,60.54,61.38,60.22,60.69,215681
ANDHRSUGAR,20260831,98.79,102.7,97.52,99.64,1062628
ANDREWYU,20260831,28.65,28.89,27.8,27.89,95639
ANGELONE,20260831,292.65,293.75,278.25,286.9,15319412
ANIKINDS,20260831,46.1,47.45,42.9,46.17,50864
ANKITMETAL,20260831,1.74,1.74,1.74,1.74,34395
ANMOL,20260831,10.25,10.25,9.81,10.09,26512
ANNAPURNA,20260831,143.7,150.0,142.0,148.5,46694
ANSALAPI,20260831,3.28,3.3,3.22,3.26,11739
ANSALBU,20260831,82.42,82.42,77.0,77.0,919
ANTELOPUS,20260831,789.7,803.95,777.45,784.3,53064
ANTGRAPHIC,20260831,0.79,0.79,0.74,0.76,748166
ANTHEM,20260831,900.1,907.2,888.0,893.05,1181406
ANUHPHR,20260831,83.57,83.9,80.21,82.04,55545
ANUP,20260831,1800.0,1801.9,1773.1,1793.5,15543
ANURAS,20260831,1261.6,1270.0,1243.5,1262.8,166656
AONEGOLD,20260831,15.02,15.02,14.22,14.35,768967
AONELIQUID,20260831,1074.89,1074.91,1074.89,1074.89,23133
AONENIFTY,20260831,10.2,10.2,9.92,9.96,209900
AONESILVER,20260831,9.03,9.06,8.8,8.92,619845
AONETMMQ50,20260831,10.49,10.54,10.35,10.39,24342
AONETOTAL,20260831,12.22,12.22,11.91,11.94,355909
APARINDS,20260831,17800.0,18044.0,17550.0,17702.0,88241
APCL,20260831,100.0,102.98,99.99,100.89,4715
APCOTEXIND,20260831,628.85,656.0,622.05,646.3,460194
APEX,20260831,381.7,385.3,376.55,380.0,113018
APLAPOLLO,20260831,2260.0,2264.9,2207.1,2223.4,1081058
APLLTD,20260831,813.0,839.9,808.6,834.9,139739
APOLLO,20260831,387.45,391.85,383.85,386.1,4103179
APOLLOHOSP,20260831,8850.0,8902.0,8813.0,8898.5,405214
APOLLOPIPE,20260831,631.3,646.4,622.6,627.05,217305
APOLLOTYRE,20260831,443.5,450.0,435.85,438.95,778696
APOLSINHOT,20260831,1239.9,1240.0,1215.0,1232.7,562
APOORVA,20260831,26.57,26.57,26.57,26.57,28
APTECHT,20260831,91.52,94.7,90.5,91.84,52469
APTUS,20260831,255.0,257.1,247.25,248.85,938126
AQYLON,20260831,21.32,21.93,21.01,21.01,774347
ARCHIDPLY,20260831,105.02,108.51,105.02,105.93,11698
ARCHIES,20260831,13.4,13.82,13.1,13.12,22389
ARCL,20260831,235.0,237.53,234.0,237.0,254
ARDEE,20260831,61.17,61.32,57.53,58.21,3540606
ARE&M,20260831,919.0,919.2,890.0,892.65,715755
ARENTERP,20260831,37.29,37.29,36.0,36.97,688
ARFIN,20260831,86.49,88.43,84.78,87.23,1024777
ARIES,20260831,480.0,487.95,472.5,474.45,30956
ARIHANT,20260831,952.2,984.7,890.0,907.8,3929
ARIHANTCAP,20260831,79.37,79.67,77.5,77.75,63571
ARIHANTSUP,20260831,255.35,255.4,251.1,252.0,3616
ARIS,20260831,152.45,152.5,141.15,142.27,1008272
ARKADE,20260831,127.9,127.9,122.35,123.35,188573
ARMANFIN,20260831,2034.0,2034.2,1975.0,1980.7,20481
AROGRANITE,20260831,24.5,25.5,24.32,24.76,9808
ARROWGREEN,20260831,680.6,709.0,680.3,701.8,14246
ARSHIYA,20260831,0.81,0.81,0.77,0.77,300013
ARSSBL,20260831,513.15,515.0,506.25,508.75,123094
ARTEMISMED,20260831,319.0,319.6,314.05,317.45,115013
ARTNIRMAN,20260831,41.0,41.45,39.0,40.0,937
ARVEE,20260831,174.0,175.11,162.56,168.48,1926
ARVIND,20260831,542.85,564.2,537.5,555.65,838704
ARVINDFASN,20260831,450.65,456.5,441.5,452.5,146160
ARVSMART,20260831,660.05,669.9,645.0,665.55,66987
ARYAMAN,20260831,648.0,649.95,615.0,649.95,125
ASAHIINDIA,20260831,948.9,956.85,934.1,952.05,139150
ASAHISONG,20260831,355.35,380.0,355.35,378.75,22699
ASAL,20260831,487.5,495.7,473.8,476.05,29039
ASALCBR,20260831,714.15,716.25,695.25,700.8,31262
ASHAPURMIN,20260831,579.0,579.8,561.85,564.45,328284
ASHIANA,20260831,370.25,370.65,364.1,366.9,26748
ASHIKAG,20260831,451.0,451.0,425.0,427.45,14217
ASHIMASYN,20260831,18.73,19.1,18.4,18.52,31225
ASHOKA,20260831,117.7,129.0,116.91,120.29,98468036
ASHOKAMET,20260831,13.94,13.94,13.4,13.78,2205
ASHOKLEY,20260831,175.0,176.6,173.82,175.64,14333497
ASIANENE,20260831,481.4,484.0,466.65,471.5,277518
ASIANHOTNR,20260831,309.95,379.1,309.95,366.4,1007905
ASIANPAINT,20260831,2590.0,2653.6,2561.1,2653.6,1381178
ASIANTILES,20260831,48.24,50.7,48.22,49.61,6288505
ASIANTNE,20260831,9.99,10.99,9.99,10.22,17485
ASKAUTOLTD,20260831,635.0,663.5,628.7,659.9,943528
ASMS,20260831,6.9,7.15,6.66,7.03,289452
ASPINWALL,20260831,262.52,266.0,261.0,263.56,1677
ASSAMENT,20260831,816.95,816.95,741.3,816.95,4
ASTEC,20260831,581.45,585.0,556.0,560.7,52139
ASTERDM,20260831,746.55,761.25,746.55,756.0,1529874
ASTRAL,20260831,1520.0,1581.0,1515.5,1522.2,11516278
ASTRAMICRO,20260831,1710.0,1715.0,1660.0,1666.0,240681
ASTRAZEN,20260831,7106.5,7106.5,6905.0,6951.5,12698
ASTRON,20260831,3.13,3.13,2.98,3.1,8021
ATALREAL,20260831,35.1,35.36,31.7,33.31,18802850
ATAM,20260831,57.19,57.19,54.11,55.96,6088
ATGL,20260831,636.0,638.35,615.1,621.2,785690
ATHERENERG,20260831,1655.0,1717.7,1626.4,1717.7,19768043
ATL,20260831,27.45,27.69,25.61,25.88,158876
ATLANTAA,20260831,37.05,39.98,37.0,38.7,96457
ATLANTAELE,20260831,1755.0,1845.0,1745.0,1830.4,300563
ATLASCYCLE,20260831,97.6,98.0,95.11,95.55,2176
ATUL,20260831,6417.0,6497.5,6370.0,6392.0,30069
ATULAUTO,20260831,483.4,490.0,477.25,486.7,80545
AUBANK,20260831,1075.0,1086.2,1064.3,1086.2,1482998
AUGMONT,20260831,961.0,1019.8,900.0,908.15,17691142
AURIONPRO,20260831,707.6,722.6,686.0,709.2,878794
AUROPHARMA,20260831,1648.6,1717.0,1635.1,1717.0,2416718
AURUM,20260831,231.9,235.0,229.25,231.25,102847
AURUS,20260831,4.73,4.75,4.6,4.69,4885
AUSOMENT,20260831,147.0,150.0,146.0,149.73,5010
AUSTENG,20260831,128.95,128.95,120.0,122.65,1232
AUTOAXLES,20260831,1740.2,1743.1,1721.1,1728.6,2728
AUTOBEES,20260831,301.09,301.09,296.52,298.77,157659
AUTOIETF,20260831,30.0,30.05,29.76,29.96,328281
AUTOIND,20260831,88.25,89.45,86.22,87.17,77051
AVADHSUGAR,20260831,821.0,873.0,815.55,855.3,346445
AVALON,20260831,2244.0,2400.0,2193.0,2373.3,519200
AVANCE,20260831,0.88,0.88,0.86,0.86,4988255
AVANTEL,20260831,163.5,164.9,159.02,160.15,2886095
AVANTIFEED,20260831,826.75,841.85,815.0,824.7,325472
AVG,20260831,179.82,179.82,175.15,175.25,5072
AVL,20260831,586.05,603.1,583.65,600.5,131866
AVONMORE,20260831,13.9,14.19,13.36,13.79,422312
AVROIND,20260831,9.28,9.34,8.65,9.03,515192
AVTNPL,20260831,85.43,94.8,84.6,92.06,741243
AWFIS,20260831,251.0,267.0,250.6,258.9,432921
AWHCL,20260831,385.0,386.0,377.85,383.3,57967
AWL,20260831,195.91,196.9,191.51,192.55,3438931
AXISBANK,20260831,1257.0,1300.0,1251.2,1300.0,6093670
AXISCADES,20260831,1635.0,1679.8,1609.1,1671.2,322732
AXITA,20260831,8.08,8.14,7.75,7.89,731568
AXTEL,20260831,409.95,409.95,385.0,388.85,3418
AYE,20260831,184.8,185.39,175.71,179.52,1431106
AYMSYNTEX,20260831,253.15,294.7,249.1,280.45,1511986
AZAD,20260831,2859.9,2942.2,2830.0,2861.8,791445
AZADIND,20260831,93.4,94.39,88.15,90.26,52431
BAFNAPH,20260831,298.0,305.65,291.0,304.25,29517
BAGFILMS,20260831,4.42,4.45,4.36,4.38,58805
BAIDFIN,20260831,9.78,10.41,9.7,10.15,193981
BAJAJ-AUTO,20260831,11910.0,12130.0,11877.0,12130.0,355561
BAJAJCON,20260831,478.0,482.5,470.5,474.05,824112
BAJAJELEC,20260831,330.3,332.45,323.6,324.8,115969
BAJAJFINSV,20260831,1985.6,2021.0,1968.0,2021.0,724648
BAJAJHCARE,20260831,325.0,340.0,324.9,333.7,333362
BAJAJHFL,20260831,85.0,85.0,83.92,84.02,2146707
BAJAJHIND,20260831,21.75,23.1,21.04,22.47,112387038
BAJAJHLDNG,20260831,11340.0,11644.0,11230.0,11644.0,51276
BAJAJINDEF,20260831,225.1,232.0,220.0,220.61,21385
BAJAJST,20260831,349.85,359.9,349.5,357.2,14521
BAJEL,20260831,192.19,197.5,185.01,194.12,352819
BAJFINANCE,20260831,1069.4,1073.0,1052.0,1057.0,7002192
BALAJEE,20260831,27.0,27.0,25.65,26.18,15162
BALAJITELE,20260831,93.27,93.77,91.5,91.9,73662
BALAMINES,20260831,2391.0,2411.7,2302.5,2323.6,135337
BALAXI,20260831,22.54,23.0,22.01,22.34,21366
BALKRISHNA,20260831,16.17,17.35,16.17,17.2,5295
BALKRISIND,20260831,2320.0,2371.0,2241.1,2279.2,9682350
BALMLAWRIE,20260831,177.5,177.5,174.0,174.76,124560
BALPHARMA,20260831,84.8,87.3,84.1,85.0,4820
BALRAMCHIN,20260831,650.2,738.95,647.55,693.5,39555765
BALUFORGE,20260831,640.05,650.0,626.45,630.6,1970291
BANARBEADS,20260831,114.37,118.88,113.0,114.67,4005
BANARISUG,20260831,3942.5,4094.0,3900.0,3925.7,5097
BANCOINDIA,20260831,621.6,631.9,617.0,625.4,90971
BANDHANBNK,20260831,168.25,168.95,163.4,163.5,7241191
BANG,20260831,35.15,35.9,33.6,34.86,70524
BANK10ADD,20260831,17.03,17.04,16.83,16.94,146708
BANK10BETF,20260831,20.87,20.97,20.74,20.8,400
BANKA,20260831,77.0,79.8,75.24,78.57,3342
BANKADD,20260831,58.65,59.02,58.65,58.97,12249
BANKBARODA,20260831,241.2,241.27,236.3,238.6,9869595
BANKBEES,20260831,596.0,607.98,593.0,595.58,330803
BANKBETA,20260831,59.31,59.78,59.16,59.46,1553449
BANKBETF,20260831,58.99,58.99,58.11,58.54,14300
BANKETF,20260831,586.68,590.7,583.68,587.7,13854
BANKIETF,20260831,58.81,59.19,58.81,59.03,194471
BANKINDIA,20260831,142.88,143.45,140.65,141.59,8243305
BANKNIFTY1,20260831,60.6,60.6,59.45,59.65,549083
BANKPSU,20260831,86.63,86.72,85.2,86.25,9302
BANSALWIRE,20260831,320.0,320.95,312.2,316.65,42499
BANSWRAS,20260831,118.5,118.5,114.69,115.76,17564
BASF,20260831,3848.7,3852.4,3770.0,3787.8,18555
BASML,20260831,25.62,25.8,25.0,25.68,66643
BATAINDIA,20260831,685.3,685.5,675.0,682.4,167638
BATLIBOI,20260831,88.41,89.97,85.16,86.32,19052
BAYERCROP,20260831,4059.9,4074.4,3940.0,3970.9,42798
BBETF0432,20260831,1353.98,1353.98,1330.62,1335.03,244260
BBL,20260831,2358.8,2384.6,2325.0,2363.5,11741
BBNPNBETF,20260831,58.15,58.17,57.63,58.0,498
BBNPPGOLD,20260831,151.5,151.5,147.4,148.45,12573
BBOX,20260831,745.0,757.95,730.0,747.65,205424
BBTC,20260831,1553.3,1567.3,1495.0,1502.9,225770
BBTCL,20260831,230.55,235.18,220.51,222.02,13829
BCG,20260831,9.05,9.12,8.93,9.04,3934309
BCLIND,20260831,37.0,37.02,36.0,36.61,627573
BCONCEPTS,20260831,160.0,166.8,156.15,164.67,16369
BCPL,20260831,69.8,70.0,68.0,68.28,4145
BDL,20260831,1303.1,1304.0,1266.6,1275.0,1109722
BEARDSELL,20260831,25.96,26.75,25.25,25.58,10973
BECTORFOOD,20260831,231.0,233.92,226.08,226.91,1337079
BEDMUTHA,20260831,109.8,109.8,103.15,105.25,2622
BEEKAY,20260831,417.1,437.0,394.1,403.1,8561
BEL,20260831,411.45,414.45,406.3,414.45,12595864
BELLACASA,20260831,248.06,248.28,235.21,237.51,7235
BELRISE,20260831,229.48,235.54,226.69,232.34,2289847
BEML,20260831,1985.0,1998.0,1925.5,1936.1,309387
BENARAS,20260831,10101.0,10290.0,9965.0,10200.0,124
BENGALASM,20260831,6399.0,6557.0,6280.0,6438.0,1373
BEPL,20260831,122.5,122.86,119.15,121.09,1049586
BERGEPAINT,20260831,493.0,505.0,486.0,497.75,261810
BESTAGRO,20260831,17.35,17.64,16.55,17.16,695136
BETA,20260831,2190.0,2371.8,2153.0,2259.9,29195
BFINVEST,20260831,440.0,446.95,432.8,441.35,19489
BFSI,20260831,27.71,27.71,27.14,27.22,176530
BFUTILITIE,20260831,510.45,510.7,501.15,502.9,20993
BGLOBAL,20260831,3.16,3.31,3.01,3.16,32478
BGRENERGY,20260831,252.0,252.0,243.5,244.05,30042
BHAGCHEM,20260831,276.1,285.95,276.0,280.75,76174
BHAGERIA,20260831,250.68,250.68,250.68,250.68,147630
BHAGYANGR,20260831,393.7,393.85,381.3,384.7,61537
BHANDARI,20260831,3.05,3.08,2.96,2.98,126528
BHARATCOAL,20260831,34.02,34.86,33.57,33.77,5216106
BHARATFORG,20260831,2034.9,2104.9,2012.0,2104.9,779889
BHARATGEAR,20260831,103.59,106.0,101.0,101.5,21675
BHARATRAS,20260831,1251.5,1259.6,1239.0,1248.0,8736
BHARATSE,20260831,226.43,227.97,221.02,224.25,109751
BHARATWIRE,20260831,187.27,187.27,181.0,181.71,138057
BHARTIARTL,20260831,1880.0,1895.5,1811.9,1811.9,16921326
BHARTIHEXA,20260831,1540.6,1549.8,1526.3,1545.5,30386
BHEL,20260831,430.6,442.65,424.05,442.65,9251968
BI,20260831,90.0,92.69,89.01,90.8,27978
BIGBLOC,20260831,41.6,42.39,41.0,41.35,46102
BIKAJI,20260831,624.0,628.0,616.0,625.7,138538
BIL,20260831,863.0,863.0,848.0,852.2,23669
BILVYAPAR,20260831,4.1,4.1,3.94,4.03,2708
BIMETAL,20260831,648.0,648.0,625.0,636.85,298
BIOCON,20260831,411.1,412.2,401.65,412.0,3746419
BIOFILCHEM,20260831,32.9,33.0,32.27,32.59,4444
BIRLACABLE,20260831,304.4,309.86,292.0,309.86,370744
BIRLACORPN,20260831,883.35,892.0,865.6,872.7,97368
BIRLAMONEY,20260831,131.4,131.4,125.51,126.75,30308
BIRLANU,20260831,1440.0,1480.0,1435.2,1440.5,8068
BIRLAPREC,20260831,48.25,48.38,45.01,45.61,150401
BLACKBUCK,20260831,589.05,595.5,577.1,593.8,314299
BLACKROSE,20260831,114.46,115.99,113.25,114.07,14843
BLAL,20260831,167.0,167.8,165.9,165.98,11841
BLBLIMITED,20260831,16.3,16.3,15.65,16.09,114354
BLEL,20260831,457.45,463.2,435.1,440.7,972620
BLIL,20260831,72.14,72.36,71.54,71.82,69018
BLISSGVS,20260831,587.85,617.5,580.0,616.75,746998
BLKASHYAP,20260831,59.6,62.0,55.0,55.68,3061325
BLS,20260831,237.0,242.4,233.11,240.56,2518896
BLSE,20260831,320.4,331.3,320.4,327.9,600668
BLUECHIP,20260831,2.18,2.18,2.18,2.18,21009
BLUECLOUDS,20260831,20.22,20.64,19.95,20.25,2827239
BLUECOAST,20260831,23.5,23.57,22.55,23.34,622
BLUEDART,20260831,4992.0,5019.5,4910.5,4924.0,9084
BLUEJET,20260831,577.95,583.2,571.6,578.75,312042
BLUESTARCO,20260831,1480.0,1490.9,1460.0,1463.8,383556
BLUESTONE,20260831,793.0,830.7,770.1,817.4,1264097
BLUSPRING,20260831,129.4,131.79,125.62,126.4,238056
BMWVENTLTD,20260831,56.55,57.95,56.5,56.57,45382
BNAGROCHEM,20260831,227.9,234.0,225.0,229.0,5244
BNALTD,20260831,385.0,385.0,355.2,360.45,1878
BNKETFAXIS,20260831,593.78,594.0,590.35,594.0,422
BODALCHEM,20260831,114.48,118.89,106.41,118.89,7034891
BOHRAIND,20260831,12.64,13.35,12.0,12.35,18527
BOMDYEING,20260831,118.35,118.35,113.36,114.25,679107
BONLON,20260831,42.5,43.0,40.51,40.67,7102
BORANA,20260831,315.3,317.25,307.0,308.5,14297
BOROLTD,20260831,240.01,249.3,237.0,245.86,476653
BORORENEW,20260831,504.5,511.15,497.0,502.6,691736
BOROSCI,20260831,124.44,125.99,122.31,122.91,42438
BOSCH-HCIL,20260831,1713.8,1762.7,1665.0,1732.4,66050
BOSCHLTD,20260831,48595.0,50000.0,48360.0,50000.0,60545
BPCL,20260831,315.0,324.05,310.8,324.05,8129191
BPL,20260831,50.98,52.48,49.5,51.07,76877
BPLPHARMA,20260831,1553.9,1559.9,1520.0,1529.8,1197
BRAHMINFRA,20260831,163.0,163.0,158.33,159.43,10845
BRIGADE,20260831,640.0,658.75,632.05,655.85,345067
BRIGHOTEL,20260831,59.55,59.55,58.1,58.77,83827
BRIGHTBR,20260831,260.78,260.78,246.02,257.13,518
BRITANNIA,20260831,5302.0,5302.0,5216.0,5250.0,334255
BRNL,20260831,17.3,17.45,17.0,17.25,26961
BROOKS,20260831,69.28,71.4,66.02,66.54,31613
BSE,20260831,3405.0,3408.0,3216.3,3282.0,6123157
BSE500IETF,20260831,40.37,40.37,39.5,39.67,96809
BSHSL,20260831,91.0,93.0,88.1,89.98,9323
BSL,20260831,124.0,124.0,121.6,123.06,2248
BSLGOLDETF,20260831,139.62,139.62,129.11,135.82,408518
BSLNIFTY,20260831,28.55,28.55,28.2,28.31,2045219
BSLSENETFG,20260831,78.65,78.65,76.92,77.61,1747
BSOFT,20260831,299.0,303.5,290.2,291.25,1337468
BTML,20260831,8.61,8.75,8.26,8.44,436429
BTTL,20260831,43.5,43.6,43.0,43.09,1673
BUILDPRO,20260831,1245.3,1275.8,1230.0,1254.0,18166
BURNPUR,20260831,16.8,17.76,16.25,17.76,128736
BUTTERFLY,20260831,633.15,639.4,626.0,629.0,13629
BVCL,20260831,44.65,45.5,42.35,44.84,195814
BYKE,20260831,31.08,32.27,30.31,32.27,50534
CALSOFT,20260831,37.27,37.27,35.5,37.27,1022450
CAMLINFINE,20260831,103.55,104.57,101.92,102.63,672790
CAMPUS,20260831,225.79,227.25,222.64,226.19,342872
CAMS,20260831,758.75,786.4,750.0,782.0,3784113
CANBK,20260831,127.5,127.69,125.5,126.9,15831688
CANFINHOME,20260831,805.0,814.7,788.25,795.3,388045
CANHLIFE,20260831,153.0,162.9,149.41,156.14,7028705
CANTABIL,20260831,246.6,246.6,239.5,242.41,63499
CAPACITE,20260831,216.8,217.01,212.7,214.0,149455
CAPILLARY,20260831,504.5,504.5,492.6,493.9,52919
CAPITALSFB,20260831,280.35,285.0,280.05,283.2,11675
CAPLIPOINT,20260831,2518.5,2588.9,2492.2,2517.4,92549
CAPTRUST,20260831,19.8,19.82,19.25,19.46,15164
CARBORUNIV,20260831,1095.5,1134.9,1095.5,1106.6,169772
CARERATING,20260831,1675.0,1775.0,1670.1,1729.0,138118
CARRARO,20260831,557.8,572.6,552.3,559.4,559233
CARTRADE,20260831,3014.6,3084.3,2950.0,2991.5,358615
CARYSIL,20260831,1117.7,1144.0,1095.1,1128.5,56629
CASHIETF,20260831,1077.57,1077.59,1077.57,1077.58,122075
CASTROLIND,20260831,185.9,186.16,184.1,184.49,2175158
CCAVENUE,20260831,15.26,15.27,14.95,15.03,11233045
CCCL,20260831,14.75,14.9,14.5,14.54,177208
CCHHL,20260831,13.08,13.35,12.15,12.66,24560
CCL,20260831,1116.2,1125.0,1066.7,1079.8,258424
CDSL,20260831,1413.9,1413.9,1382.7,1402.5,1190879
CEATLTD,20260831,3481.0,3497.0,3398.9,3419.7,96614
CEIGALL,20260831,341.0,343.0,336.6,341.35,334208
CEINSYS,20260831,722.35,722.35,703.55,710.4,47907
CELEBRITY,20260831,6.81,6.94,6.5,6.62,19141
CELLO,20260831,351.5,354.9,346.05,352.3,143419
CEMNTGROWW,20260831,14.87,14.99,14.61,14.73,313180
CEMPRO,20260831,1275.0,1275.0,1206.2,1225.6,471498
CENTENKA,20260831,546.6,549.3,540.5,546.8,24609
CENTEXT,20260831,22.03,22.45,21.65,22.21,156217
CENTRALBK,20260831,30.4,30.45,30.1,30.22,4747177
CENTRUM,20260831,22.93,23.29,22.8,22.97,134256
CENTUM,20260831,3480.0,3535.0,3366.0,3445.5,55304
CENTURYPLY,20260831,753.8,763.45,745.3,757.25,23462
CERA,20260831,5688.0,5763.5,5600.0,5730.5,7710
CEREBRAINT,20260831,2.66,2.66,2.48,2.5,311357
CESC,20260831,148.1,148.63,145.42,146.16,1882069
CEWATER,20260831,267.05,270.95,264.3,269.5,45720
CFEL,20260831,30.8,32.0,28.16,29.41,20524
CGCL,20260831,257.98,258.7,248.93,256.46,3765128
CGPOWER,20260831,884.15,916.0,875.0,916.0,3393030
CGVAK,20260831,160.0,160.0,148.05,149.82,3511
CHALET,20260831,900.1,919.95,891.2,903.95,220262
CHAMBLFERT,20260831,421.0,421.0,406.9,409.55,1249117
CHEMBOND,20260831,175.8,177.0,170.0,174.47,9191
CHEMBONDCH,20260831,267.6,272.8,255.0,256.53,9504
CHEMCON,20260831,200.8,205.0,198.0,200.76,30197
CHEMCRUX,20260831,86.4,86.4,82.5,83.23,3114
CHEMFAB,20260831,350.1,368.35,350.1,359.95,1951
CHEMICAL,20260831,30.4,30.4,29.95,30.08,642405
CHEMPLASTS,20260831,182.68,182.68,175.23,176.52,198895
CHENNPETRO,20260831,1347.0,1380.0,1325.1,1367.4,1136841
CHEVIOT,20260831,1141.6,1141.6,1130.6,1134.3,534
CHOICEGOLD,20260831,156.63,160.0,151.81,153.23,5008
CHOICEIN,20260831,784.9,785.0,775.05,780.7,238496
CHOLAFIN,20260831,1853.0,1857.4,1807.5,1857.4,1269330
CHOLAHLDNG,20260831,1492.0,1501.8,1448.4,1485.5,301101
CIEINDIA,20260831,391.5,395.0,386.85,391.05,311650
CIFL,20260831,20.74,21.29,20.33,20.39,70989
CINELINE,20260831,88.01,89.6,86.0,88.1,22357
CINEVISTA,20260831,14.42,14.73,14.26,14.42,4989
CIPLA,20260831,1418.0,1426.1,1409.2,1409.2,977929
CLCIND,20260831,45.0,48.3,45.0,47.48,2507
CLEAN,20260831,836.45,836.45,818.45,822.85,176501
CLEANMAX,20260831,1289.0,1305.0,1215.4,1246.9,1190401
CLEDUCATE,20260831,64.8,64.8,62.08,62.09,14421
CLSEL,20260831,294.95,305.95,289.05,300.65,200671
CMICABLES,20260831,2.52,2.55,2.41,2.53,17713
CMLL,20260831,510.0,515.35,500.0,504.35,161525
CMPDI,20260831,230.97,237.8,227.2,230.92,1389923
CMRGREEN,20260831,224.95,232.6,220.1,230.78,1059352
CMSINFO,20260831,241.35,248.7,238.3,243.6,5844296
CNL,20260831,1243.4,1328.0,1243.05,1279.6,141110
COALINDIA,20260831,402.05,405.6,399.65,401.75,7827528
COASTCORP,20260831,40.91,42.04,40.5,40.96,99266
COCHINSHIP,20260831,1527.0,1530.0,1492.0,1510.0,500188
COCKERILL,20260831,8301.5,8500.0,8116.0,8174.5,11090
COFFEEDAY,20260831,30.0,30.39,29.2,29.48,228229
COFORGE,20260831,2015.0,2021.2,1971.6,1985.3,2163402
COHANCE,20260831,449.9,459.25,444.0,455.95,677119
COLPAL,20260831,1826.0,1897.6,1803.7,1897.6,1166774
COMFINTE,20260831,6.18,6.19,5.88,6.06,355194
COMMOIETF,20260831,99.82,99.82,98.51,98.9,36312
COMPEAU,20260831,353.95,353.95,353.7,353.7,12
COMPINFO,20260831,1.13,1.13,1.07,1.07,8266
COMPUSOFT,20260831,13.39,13.6,13.26,13.45,23330
COMSYN,20260831,284.7,301.0,277.23,297.1,495370
CONCOR,20260831,512.3,518.0,507.5,511.9,1393626
CONCORDBIO,20260831,1461.0,1504.0,1442.0,1446.1,188563
CONFIPET,20260831,79.85,83.4,79.1,81.37,3471549
CONS,20260831,12.28,12.35,12.19,12.24,20699
CONSOFINVT,20260831,268.95,268.95,264.0,264.35,3594
CONSUMAXIS,20260831,122.3,122.31,121.01,121.1,879
CONSUMBEES,20260831,133.91,133.91,131.02,131.8,55372
CONSUMER,20260831,12.47,12.47,12.15,12.21,220619
CONSUMIETF,20260831,123.2,123.95,122.44,122.56,19214
CONTROLPR,20260831,594.0,606.0,585.05,601.25,19853
CORALFINAC,20260831,33.35,33.93,33.0,33.01,20590
CORDELIA,20260831,104.25,104.8,99.8,103.65,2331574
CORDSCABLE,20260831,251.98,299.9,251.98,282.49,1002836
COROMANDEL,20260831,1913.7,1918.0,1890.0,1905.9,211753
CORONA,20260831,2075.0,2075.0,2041.0,2050.3,9583
COSMOFIRST,20260831,938.0,948.9,925.0,929.2,41227
COUNCODOS,20260831,6.92,6.92,6.61,6.67,95007
CPCAP,20260831,114.16,120.0,112.71,117.28,11262
CPEDU,20260831,189.9,189.9,177.6,182.08,3847
CPL,20260831,64.3,65.39,63.82,64.49,125766
CPPLUS,20260831,3576.4,3602.0,3460.2,3566.0,360510
CPSEETF,20260831,92.84,94.3,92.16,92.58,562670
CRAFTSMAN,20260831,11118.0,11500.0,10925.0,11198.5,221148
CRAMC,20260831,261.0,262.0,257.5,259.3,191459
CRAVATEX,20260831,328.3,328.3,311.0,321.1,310
CREATIVEYE,20260831,6.29,6.29,6.05,6.06,3265
CREDITACC,20260831,1391.7,1396.9,1353.0,1363.5,349179
CREST,20260831,371.8,371.85,362.5,364.1,374
CRISIL,20260831,4732.7,4847.4,4701.3,4821.8,120068
CRIZAC,20260831,173.5,174.94,165.0,165.46,322843
CROMPTON,20260831,233.0,235.9,227.25,235.9,4555785
CROWN,20260831,104.49,109.0,100.11,107.9,55244
CRSL,20260831,2.74,2.75,2.62,2.75,457283
CSBBANK,20260831,335.5,345.8,330.25,343.55,289781
CSLFINANCE,20260831,234.0,243.86,232.1,239.7,149634
CSM,20260831,97.4,98.47,95.71,96.79,71259
CTE,20260831,48.8,49.14,44.46,45.37,33503
CUB,20260831,222.0,230.44,220.0,229.19,4962483
CUBEXTUB,20260831,77.41,81.5,76.5,76.99,38319
CUMMINSIND,20260831,5150.0,5179.0,5105.0,5105.0,507241
CUPID,20260831,283.85,284.6,276.21,280.46,10862737
CURAA,20260831,68.29,70.05,63.55,64.08,55
CYBERMEDIA,20260831,19.19,19.19,18.0,18.36,8813
CYBERTECH,20260831,134.89,134.89,133.0,133.07,7092
CYIENT,20260831,1111.35,1192.0,1081.35,1174.8,2546454
CYIENTDLM,20260831,817.9,848.0,795.65,843.0,731178
DABUR,20260831,385.9,387.4,381.0,381.0,3273736
DAICHI,20260831,348.0,348.0,335.0,337.95,3220
DALBHARAT,20260831,1847.8,1897.8,1795.0,1856.2,2142193
DALMIASUG,20260831,475.0,511.35,474.3,484.15,999987
DAMCAPITAL,20260831,147.04,147.04,144.23,145.26,138884
DAMODARIND,20260831,27.3,27.3,27.02,27.02,1154
DANGEE,20260831,2.9,2.93,2.81,2.82,20642
DATAMATICS,20260831,787.9,795.6,780.1,781.95,32091
DATAPATTNS,20260831,4618.0,4624.8,4500.0,4521.5,415391
DAVANGERE,20260831,2.15,2.22,2.05,2.08,34200594
DBCORP,20260831,202.28,203.28,198.17,199.2,65127
DBEIL,20260831,6.49,6.54,6.36,6.45,66966
DBL,20260831,406.4,407.95,403.55,404.95,55063
DBOL,20260831,125.0,131.9,124.51,127.24,375959
DBREALTY,20260831,107.05,107.37,103.0,103.77,6152381
DBSTOCKBRO,20260831,29.62,29.62,28.3,29.02,12249
DCAL,20260831,174.86,180.07,173.1,178.34,679947
DCBBANK,20260831,212.97,218.7,211.0,218.2,1777630
DCI,20260831,416.0,424.4,337.5,372.6,1112591
DCM,20260831,79.02,80.25,78.0,79.0,19369
DCMFINSERV,20260831,5.38,5.39,5.04,5.32,2942
DCMNVL,20260831,197.8,197.99,187.05,191.74,14590
DCMSHRIRAM,20260831,1022.3,1031.5,1008.5,1016.7,139898
DCMSIL,20260831,73.68,74.08,69.0,70.6,79938
DCMSRIND,20260831,46.73,49.99,46.73,48.38,188922
DCW,20260831,46.01,46.34,44.91,45.56,1141718
DCXINDIA,20260831,176.65,177.44,172.4,173.07,258665
DDEVPLSTIK,20260831,281.0,281.4,275.0,276.5,86584
DECCANCE,20260831,568.75,579.0,564.25,573.1,38907
DECNGOLD,20260831,226.5,226.5,220.1,223.34,802968
DEEDEV,20260831,605.0,606.0,577.5,590.3,436943
DEEP,20260831,36.21,37.59,35.2,36.39,6374
DEEPAKFERT,20260831,1425.3,1429.2,1388.0,1407.0,664993
DEEPAKNTR,20260831,1745.0,1772.0,1736.4,1749.4,250033
DEEPINDS,20260831,676.6,694.5,660.0,689.85,307643
DEFENCE,20260831,84.14,84.14,81.14,81.55,416359
DELHIVERY,20260831,471.95,471.95,456.2,456.2,2285757
DELPHIFX,20260831,6.58,6.58,6.12,6.43,119439
DELTACORP,20260831,59.01,59.25,58.25,58.47,589326
DELTAMAGNT,20260831,55.2,58.71,55.2,57.21,3371
DEN,20260831,28.31,28.99,28.01,28.27,767497
DENORA,20260831,838.45,838.45,821.6,826.05,1243
DENTA,20260831,284.0,284.05,263.0,272.9,203329
DEVIT,20260831,24.51,25.6,24.25,24.59,24346
DEVX,20260831,36.9,36.9,33.9,33.99,243960
DEVYANI,20260831,139.05,140.8,136.25,138.77,3255235
DGCONTENT,20260831,24.24,28.62,24.08,25.2,202212
DHABRIYA,20260831,557.95,557.95,540.0,548.05,6687
DHAMPURSUG,20260831,174.5,185.1,173.51,179.19,2505634
DHANBANK,20260831,32.26,32.95,31.86,32.11,407420
DHANUKA,20260831,972.0,980.0,970.7,976.1,10318
DHARAN,20260831,0.16,0.16,0.14,0.15,46153572
DHARMAJ,20260831,270.05,271.8,269.15,270.0,33880
DHATRE,20260831,4.04,4.56,4.04,4.26,52549
DHOOTTRANS,20260831,1459.95,1511.75,1437.4,1474.6,3124844
DHRUV,20260831,23.88,23.88,23.22,23.5,6291
DHUNINV,20260831,1028.05,1028.05,983.0,988.6,1637
DIACABS,20260831,349.0,352.0,340.0,347.3,598429
DIAMINESQ,20260831,242.99,245.87,238.0,241.57,4094
DIAMONDYD,20260831,1163.4,1163.4,1139.7,1147.1,14535
DICIND,20260831,599.95,611.95,570.55,576.8,7259
DIFFNKG,20260831,423.5,493.2,415.15,485.5,7817913
DIGIDRIVE,20260831,17.5,18.0,17.37,17.71,7363
DIGISPICE,20260831,17.15,17.4,16.71,16.99,33319
DIGITIDE,20260831,98.44,99.69,97.0,97.3,170784
DIGJAMLMTD,20260831,51.71,51.71,48.36,51.24,5414
DIL,20260831,0.65,0.67,0.65,0.65,341881
DISAQ,20260831,12092.0,12150.0,11900.0,12084.0,302
DISHTV,20260831,2.81,2.81,2.73,2.74,1099115
DIVGIITTS,20260831,1166.45,1196.25,1150.05,1186.7,81341
DIVIDEND,20260831,36.54,36.54,35.32,35.48,5984
DIVISLAB,20260831,9239.0,9467.0,9140.0,9467.0,680805
DIVOPPBEES,20260831,78.9,78.9,76.8,77.16,32625
DIXON,20260831,14650.0,14850.0,14601.0,14850.0,190912
DJML,20260831,71.99,73.29,70.11,71.63,140150
DLF,20260831,676.15,691.05,664.0,691.05,3152072
DLINKINDIA,20260831,443.75,443.85,437.95,441.6,40846
DMART,20260831,3819.1,3900.0,3755.0,3900.0,546671
DMCC,20260831,301.9,302.25,289.7,291.55,67450
DNAMEDIA,20260831,2.58,2.89,2.57,2.66,46214
DODLA,20260831,1093.6,1138.5,1076.0,1080.6,59197
DOLATALGO,20260831,72.0,73.0,71.55,72.02,137478
DOLLAR,20260831,270.7,273.4,266.5,268.95,74760
DOLPHIN,20260831,618.0,624.55,555.25,583.25,93088
DOMS,20260831,2200.0,2279.9,2188.0,2232.5,184944
DONEAR,20260831,84.99,85.5,83.6,84.63,8432
DPABHUSHAN,20260831,1470.0,1486.0,1461.0,1475.1,10619
DPSCLTD,20260831,7.22,7.3,6.84,7.19,73940
DPWIRES,20260831,153.01,158.5,153.0,157.7,7269
DRAGARWQ,20260831,5275.0,5299.0,5245.5,5266.0,1718
DRCSYSTEMS,20260831,12.58,13.74,12.5,13.68,223641
DREAMFOLKS,20260831,67.99,67.99,66.15,67.36,35602
DREDGECORP,20260831,1121.5,1156.8,1091.7,1102.3,174335
DRREDDY,20260831,1178.0,1178.1,1154.4,1154.4,2001757
DSFCL,20260831,27.29,27.45,26.65,26.87,31543
DSSL,20260831,1069.9,1069.9,1037.0,1041.3,28392
DTIL,20260831,167.09,169.0,160.5,161.69,17196
DUCON,20260831,2.05,2.06,1.79,1.89,2413103
DVL,20260831,279.96,285.32,271.21,272.98,14839
DWARKESH,20260831,52.0,54.32,50.75,52.42,8163536
DYCL,20260831,493.0,503.25,482.6,493.2,1249206
DYNAMATECH,20260831,11436.0,12030.0,11353.0,11966.0,29910
DYNPRO,20260831,228.6,237.7,220.1,227.5,10873
E2E,20260831,612.05,624.95,600.0,618.75,310124
EASEMYTRIP,20260831,6.12,6.15,6.07,6.1,6696471
EASTSILK,20260831,64.67,64.67,61.75,61.75,1485
EASTWEST,20260831,2.51,2.59,2.48,2.51,55441
EBANK10,20260831,16.98,16.98,16.77,16.89,1751
EBANKNIFTY,20260831,58.13,58.13,57.68,57.92,1241
EBBETF0430,20260831,1609.98,1609.98,1596.0,1603.67,4787
EBBETF0431,20260831,1432.19,1437.6,1431.91,1436.39,4747
EBBETF0433,20260831,1311.6,1312.9,1306.1,1307.91,1804
EBGNG,20260831,630.05,630.05,608.0,612.5,424867
EBIX,20260831,21.99,22.09,20.65,21.0,151139
ECAPINSURE,20260831,23.76,24.48,23.76,24.12,33181
ECLERX,20260831,1955.5,2062.0,1937.7,1976.9,1175626
ECORECO,20260831,467.65,477.05,455.0,471.95,13571
ECOSMOBLTY,20260831,115.0,117.39,113.42,114.13,136206
EDELWEISS,20260831,125.05,129.4,122.81,127.31,5879760
EDUCOMP,20260831,0.85,0.92,0.85,0.9,51387
EFCIL,20260831,203.0,207.43,197.4,204.8,1262384
EGOLD,20260831,154.95,155.0,152.4,154.1,415803
EICHERMOT,20260831,8000.0,8030.0,7941.5,7953.5,742794
EIDPARRY,20260831,800.3,824.85,794.1,799.4,976526
EIEL,20260831,198.5,198.5,195.15,196.92,1014824
EIFFL,20260831,295.95,295.95,295.95,295.95,242
EIHAHOTELS,20260831,301.8,302.4,299.1,301.1,9440
EIHOTEL,20260831,297.8,297.8,281.05,282.3,670027
EIMCOELECO,20260831,2207.0,2265.8,2190.0,2195.4,24982
EKC,20260831,108.6,109.0,107.0,107.47,103207
EKI,20260831,75.99,75.99,73.3,73.44,13208
ELANTAS,20260831,11475.0,11698.0,11424.0,11604.5,1234
ELCIDIN,20260831,109000.0,109000.0,106250.0,107300.0,5
ELDEHSG,20260831,791.2,809.9,745.0,778.35,3261
ELECON,20260831,425.25,425.25,410.0,411.85,369638
ELECTCAST,20260831,81.75,84.65,81.32,83.44,5674123
ELECTHERM,20260831,1014.0,1014.0,988.6,990.6,12209
ELGIEQUIP,20260831,632.0,632.5,618.8,627.35,394792
ELGIRUBCO,20260831,62.45,62.45,58.3,58.97,43838
ELIN,20260831,103.8,104.38,99.7,100.13,148734
ELIQUID,20260831,1045.86,1045.88,1045.86,1045.87,1824
ELITECON,20260831,10.64,10.64,10.64,10.64,689853
ELLEN,20260831,322.0,329.4,317.0,322.25,381459
ELM250,20260831,16.73,17.34,16.05,17.05,155171
ELMDIV,20260831,36.71,36.75,36.45,36.75,11995
ELPROINTL,20260831,174.1,176.0,173.7,173.97,21712
EMAMILTD,20260831,379.4,380.95,362.0,364.0,2282719
EMAMIPAP,20260831,114.99,115.0,109.1,111.43,36479
EMAMIREAL,20260831,68.05,69.7,68.05,69.45,10252
EMBDL,20260831,62.7,63.9,60.38,62.07,13080954
EMCURE,20260831,1879.0,1888.1,1838.6,1855.3,99105
EMETAL,20260831,13.59,13.8,13.2,13.24,9937
EMIL,20260831,176.47,182.45,176.3,180.61,1214913
EMKAY,20260831,250.56,262.0,250.56,257.18,86725
EMMBI,20260831,90.3,90.3,90.0,90.3,44404
EMMVEE,20260831,324.1,327.0,318.4,321.75,2346246
EMPIND,20260831,1225.0,1240.0,1212.0,1217.4,5938
EMPOWER,20260831,2.02,2.22,2.02,2.11,10262389
EMSLIMITED,20260831,379.7,380.8,371.4,374.75,160749
EMUDHRA,20260831,559.65,559.65,545.6,547.85,62226
EMULTIMQ,20260831,42.41,42.41,42.06,42.19,16057
ENDURANCE,20260831,2929.0,2943.8,2860.0,2871.2,113419
ENERGY,20260831,38.63,38.63,37.9,38.0,403824
ENERGYDEV,20260831,15.89,16.34,15.74,15.88,19918
ENEXT50,20260831,74.73,76.0,72.75,73.26,2373
ENGINERSIN,20260831,254.0,263.55,252.91,261.87,6249458
ENIFTY,20260831,23.74,24.44,23.74,24.26,21084
ENIL,20260831,105.06,105.99,101.0,101.97,22978
ENKEIWHEL,20260831,398.05,412.7,398.05,399.05,1579
ENRIN,20260831,3250.0,3298.0,3210.0,3229.6,688153
ENTERO,20260831,1798.5,1841.5,1742.6,1809.9,638557
EPACK,20260831,191.95,192.0,186.0,187.35,621893
EPACKPEB,20260831,227.6,227.6,220.35,221.7,291830
EPIGRAL,20260831,1216.2,1234.8,1196.6,1203.3,42877
EPL,20260831,253.72,265.7,248.38,262.06,6325246
EQUAL200,20260831,13.98,13.98,13.87,13.91,12430
EQUAL50,20260831,333.41,333.41,331.32,332.91,3702
EQUAL50ADD,20260831,345.87,345.87,342.27,343.91,8577
EQUIPPP,20260831,23.45,23.45,22.25,22.3,6334
EQUITASBNK,20260831,73.9,74.5,73.31,73.97,1171420
ERIS,20260831,1314.8,1320.0,1292.0,1297.2,73560
ESABINDIA,20260831,6206.0,6209.5,6084.0,6119.5,4019
ESAFSFB,20260831,44.71,44.98,42.8,42.97,415246
ESCORTS,20260831,3010.1,3015.0,2974.3,2995.0,102145
ESENSEX,20260831,77.78,77.78,76.48,76.86,168
ESG,20260831,41.91,41.91,41.18,41.24,3882
ESILVER,20260831,231.63,233.74,230.75,233.48,127997
ESSARSHPNG,20260831,16.94,17.09,16.4,16.58,168541
ESSENTIA,20260831,1.1,1.13,1.03,1.03,10180112
ESTER,20260831,93.1,94.0,90.38,91.73,81352
ETERNAL,20260831,328.8,332.95,315.8,328.1,272151922
ETHOSLTD,20260831,2884.0,2905.0,2852.2,2898.7,36025
EUREKAFORB,20260831,427.75,440.0,417.3,429.4,117954
EUROBOND,20260831,154.0,160.0,149.05,150.28,1967
EUROPRATIK,20260831,257.45,267.2,254.4,263.7,216234
EVEREADY,20260831,335.2,344.0,328.1,329.8,73068
EVERESTIND,20260831,440.0,440.0,413.05,431.4,16400
EVIETF,20260831,33.65,33.66,33.23,33.54,146634
EVINDIA,20260831,34.25,34.25,33.26,33.47,231319
EXCELINDUS,20260831,1036.05,1062.95,1025.1,1046.15,11674
EXCELSOFT,20260831,71.17,71.44,69.7,69.93,229162
EXICOM,20260831,167.9,172.39,165.5,165.99,1245937
EXIDEIND,20260831,443.95,444.4,436.45,440.25,2568311
EXPLEOSOL,20260831,875.75,879.9,855.1,857.05,12274
EXXARO,20260831,7.41,7.41,6.67,7.13,2307853
FABTECH,20260831,147.0,149.4,143.61,148.41,76646
FACT,20260831,831.0,831.0,816.05,821.25,159589
FAIRCHEMOR,20260831,675.0,675.0,668.0,675.0,6085
FAZE3Q,20260831,482.6,491.0,481.35,487.5,15371
FCL,20260831,50.27,52.21,48.87,50.79,17237022
FCONSUMER,20260831,0.22,0.22,0.22,0.22,1756794
FCSSOFT,20260831,1.5,1.52,1.46,1.48,2528833
FDC,20260831,342.5,343.0,329.5,337.2,214510
FEDDERSHOL,20260831,45.5,45.59,44.11,44.69,814235
FEDERALBNK,20260831,342.6,356.7,341.55,356.7,6824404
FEDFINA,20260831,159.0,160.75,155.2,157.24,702951
FEL,20260831,0.4,0.4,0.38,0.38,449306
FELDVR,20260831,2.39,2.39,2.23,2.23,10172
FERMENTA,20260831,509.9,514.35,490.3,500.1,85965
FIBERWEB,20260831,27.4,27.4,26.1,26.35,14920
FIEMIND,20260831,2087.7,2087.7,2033.0,2036.2,80331
FILATEX,20260831,77.0,77.66,74.6,75.17,2948990
FILATFASH,20260831,0.19,0.19,0.18,0.18,28226880
FINCABLES,20260831,1300.0,1300.0,1236.25,1247.15,1132169
FINEORG,20260831,5282.6,5344.8,5195.0,5282.8,47274
FINIETF,20260831,33.27,33.27,32.85,32.99,294308
FINKURVE,20260831,75.95,76.08,69.27,72.23,221026
FINOPB,20260831,141.99,142.2,138.5,139.38,138073
FINPIPE,20260831,161.95,162.59,156.8,157.72,772113
FIRSTCRY,20260831,186.0,191.5,179.58,182.41,4708838
FISCHER,20260831,35.99,35.99,34.99,35.21,350561
FIVESTAR,20260831,535.2,540.0,525.05,535.05,660117
FLAIR,20260831,249.3,250.55,246.5,248.65,29800
FLEXIADD,20260831,10.2,10.22,10.11,10.17,74132
FLEXITUFF,20260831,2.59,2.6,2.51,2.54,34065
FLFL,20260831,1.17,1.2,1.17,1.2,47663
FLUOROCHEM,20260831,4769.7,4829.9,4675.0,4693.5,202388
FMCGADD,20260831,46.84,47.7,46.6,46.83,34359
FMCGIETF,20260831,50.75,50.75,49.96,50.1,1598727
FMGOETZE,20260831,616.0,641.1,608.05,624.85,8525284
FMNL,20260831,11.0,11.1,10.45,10.47,26581
FOCUS,20260831,68.1,68.1,64.61,65.74,71490
FOODSIN,20260831,53.0,55.24,52.72,54.97,154105
FORCEMOT,20260831,17370.0,17695.0,17150.0,17526.0,87388
FORTIS,20260831,929.0,929.0,903.15,906.9,2197250
FOSECOIND,20260831,6413.0,6557.5,6250.0,6432.0,35796
FRACTAL,20260831,839.75,860.0,837.25,852.15,752343
FREDUN,20260831,1475.0,1494.0,1431.0,1446.9,20616
FRONTSP,20260831,1275.0,1295.7,1256.8,1292.5,10684
FSL,20260831,269.4,270.0,261.6,264.8,734778
FUSION,20260831,197.48,202.8,194.41,200.32,371492
GABRIEL,20260831,1374.9,1460.8,1336.2,1437.9,896312
GAEL,20260831,167.99,178.0,167.37,176.92,2235760
GAIL,20260831,172.2,177.5,170.33,177.5,13012294
GAJA,20260831,157.91,158.66,149.55,150.97,3306446
GALAPREC,20260831,1034.2,1048.9,1014.6,1025.4,30534
GALAXYSURF,20260831,2305.0,2318.0,2236.1,2255.6,34392
GALLANTT,20260831,577.85,578.45,562.5,567.25,49530
GANDHAR,20260831,256.46,258.38,251.25,257.72,664788
GANDHITUBE,20260831,877.05,905.0,877.05,900.95,10227
GANECOS,20260831,1018.8,1041.7,1008.9,1021.7,69988
GANESHBE,20260831,120.0,121.25,114.5,115.2,193232
GANESHCP,20260831,175.01,180.0,170.0,171.15,126452
GANESHHOU,20260831,804.0,804.0,771.2,776.95,87674
GANGAFORGE,20260831,1.53,1.69,1.53,1.69,13742610
GANGESSECU,20260831,118.0,118.0,117.2,117.69,989
GARFIBRES,20260831,799.0,818.8,790.0,813.85,53462
GARUDA,20260831,173.05,174.94,171.1,171.61,331237
GATECH,20260831,1.11,1.11,1.1,1.1,171170871
GATECHDVR,20260831,0.56,0.56,0.56,0.56,1242897
GATEWAY,20260831,53.8,55.19,53.11,53.79,1735133
GAUDIUMIVF,20260831,122.0,127.8,119.98,127.8,354347
GAYAHWS,20260831,2.18,2.18,1.81,1.96,1363160
GAYAPROJ,20260831,22.83,22.83,21.25,21.63,442946
GCSL,20260831,544.0,561.95,533.5,556.55,995664
GEECEE,20260831,367.0,371.0,361.6,369.95,5222
GEEKAYWIRE,20260831,24.69,29.5,24.21,26.7,1394182
GEMAROMA,20260831,167.75,170.0,166.0,168.26,39622
GENCON,20260831,44.44,47.8,43.83,47.23,869699
GENESYS,20260831,227.8,230.0,213.35,227.35,840932
GENSOL,20260831,18.1,18.1,16.95,17.43,48644
GENUSPAPER,20260831,12.25,12.5,11.9,12.12,36934
GENUSPOWER,20260831,352.05,352.1,332.05,335.2,3925702
GEOJITFSL,20260831,83.7,84.97,81.8,83.32,465538
GESHIP,20260831,1340.0,1343.8,1294.0,1301.8,1373286
GFLLIMITED,20260831,53.95,54.8,53.85,54.17,43732
GFSTEELS,20260831,15.0,15.0,15.0,15.0,1500
GHCL,20260831,442.7,446.8,431.05,437.8,415533
GHCLTEXTIL,20260831,131.9,137.0,131.0,134.77,1321896
GICHSGFIN,20260831,140.05,140.98,138.61,139.19,47553
GICL,20260831,24.0,24.0,23.12,23.84,96893
GICRE,20260831,354.05,358.4,352.6,354.75,1071759
GILLANDERS,20260831,100.1,109.55,100.1,105.52,8485
GILLETTE,20260831,7316.0,7350.5,7248.0,7329.0,15184
GILT10BETA,20260831,26.82,26.82,26.69,26.81,5611
GILT5BETA,20260831,66.55,66.74,66.5,66.74,151
GILT5YBEES,20260831,66.29,66.3,65.91,66.05,100683
GINNIFILA,20260831,45.09,45.09,43.1,43.99,83560
GIPCL,20260831,205.61,207.2,198.1,199.36,639477
GKB,20260831,62.81,68.75,62.01,66.09,773
GKENERGY,20260831,137.9,137.95,132.5,133.18,465409
GKSL,20260831,159.85,163.99,156.64,158.14,1797181
GKWLIMITED,20260831,1569.0,1582.0,1503.8,1524.7,1073
GLAND,20260831,2885.0,2913.8,2845.8,2885.8,370779
GLAXO,20260831,3106.5,3120.0,3035.2,3050.1,205702
GLENMARK,20260831,2532.4,2532.4,2452.0,2480.0,911026
GLFL,20260831,5.99,5.99,5.47,5.9,5931
GLOBAL,20260831,106.05,109.4,104.41,107.02,106139
GLOBALE,20260831,11.93,11.93,11.16,11.5,239
GLOBALVECT,20260831,145.3,145.31,141.5,142.51,12825
GLOBE,20260831,2.0,2.0,1.89,1.93,1193799
GLOBECIVIL,20260831,45.6,47.77,44.91,46.69,120301
GLOBUSSPR,20260831,920.1,921.85,905.0,917.3,57967
GLOSTERLTD,20260831,607.0,607.0,587.5,589.9,732
GLOTTIS,20260831,64.26,64.99,63.76,63.76,27416
GMBREW,20260831,881.0,883.4,852.55,877.25,34709
GMDCLTD,20260831,567.65,567.65,556.9,563.05,549539
GMMPFAUDLR,20260831,1026.05,1074.0,1011.05,1042.45,272965
GMRAIRPORT,20260831,97.85,98.0,93.63,93.63,59724643
GMRP&UI,20260831,93.35,93.35,89.56,90.31,9225026
GNA,20260831,542.65,551.5,530.0,539.85,305513
GNFC,20260831,581.9,582.75,570.5,574.75,616752
GNRL,20260831,96.89,97.7,94.21,95.47,89338
GOACARBON,20260831,361.85,372.85,355.05,369.55,14913
GOCLCORP,20260831,385.05,396.0,385.05,392.5,31601
GOCOLORS,20260831,337.0,337.0,326.7,327.85,83043
GODAVARIB,20260831,238.6,240.95,232.8,234.35,107966
GODFRYPHLP,20260831,2124.0,2141.6,2088.0,2104.8,182819
GODIGIT,20260831,262.0,262.1,253.5,257.4,315646
GODREJAGRO,20260831,608.25,623.7,608.0,615.3,353606
GODREJCP,20260831,911.2,913.3,901.3,901.3,1151139
GODREJIND,20260831,1167.5,1167.5,1129.9,1134.5,71624
GODREJPROP,20260831,2025.0,2025.0,1962.6,2014.7,707158
GOKEX,20260831,771.6,798.3,768.0,780.9,265633
GOKUL,20260831,42.46,42.88,41.12,41.65,162789
GOKULAGRO,20260831,245.0,247.96,241.4,244.1,382544
GOLD1,20260831,129.4,129.4,127.01,128.68,3006998
GOLD360,20260831,153.0,153.0,148.95,149.75,25721
GOLDADD,20260831,15.25,15.25,14.81,14.97,16889621
GOLDAXIS,20260831,129.0,129.0,126.48,127.78,9347735
GOLDBEES,20260831,127.79,127.79,126.08,127.32,48850744
GOLDBETA,20260831,136.6,136.6,128.55,129.95,914843
GOLDBND,20260831,155.93,155.93,152.5,153.39,10111
GOLDCASE,20260831,25.4,25.4,23.96,24.22,14675221
GOLDENTOBC,20260831,25.35,25.35,24.0,24.05,1154
GOLDETF,20260831,153.76,153.76,148.11,150.18,1500121
GOLDIAM,20260831,345.0,358.0,339.0,348.65,631597
GOLDIETF,20260831,132.79,132.79,130.5,131.72,9466193
GOLDTECH,20260831,52.49,52.49,48.29,48.29,24454
GOODLUCK,20260831,449.0,474.0,437.4,464.4,976542
GOODYEAR,20260831,749.95,754.95,736.0,743.35,7100
GOPAL,20260831,276.9,277.15,273.0,274.75,136538
GOYALALUM,20260831,6.27,6.48,6.24,6.28,52681
GPIL,20260831,239.6,248.05,237.65,243.67,2891684
GPPL,20260831,168.75,171.2,166.89,167.56,3304295
GPTHEALTH,20260831,151.72,155.08,150.01,153.01,68251
GPTINFRA,20260831,111.3,112.3,110.41,110.66,71885
GRADIENTE,20260831,2.77,2.79,2.59,2.59,1371007
GRANDOAK,20260831,36.88,37.7,35.51,36.43,2875
GRANULES,20260831,832.5,840.65,823.0,828.5,786881
GRAPHITE,20260831,696.0,708.0,688.55,702.55,852777
GRASIM,20260831,3290.0,3371.0,3250.0,3371.0,1019104
GRAUWEIL,20260831,71.19,72.8,70.5,71.63,363479
GRAVISSHO,20260831,28.66,30.0,28.21,29.82,187
GRAVITA,20260831,1824.0,1833.6,1786.1,1800.2,228359
GREAVESCOT,20260831,194.0,199.1,191.01,197.8,1414011
GREENLAM,20260831,247.7,249.0,242.0,247.9,39636
GREENPANEL,20260831,160.36,160.37,155.91,156.58,134878
GREENPLY,20260831,288.9,294.5,285.0,290.2,188111
GREENPOWER,20260831,9.74,9.74,9.15,9.19,3004623
GRINDWELL,20260831,2057.7,2063.9,2011.2,2023.0,19350
GRINFRA,20260831,890.75,893.75,863.55,876.2,21324
GRMOVER,20260831,87.09,87.89,84.5,86.47,1150228
GROBTEA,20260831,964.2,1035.0,964.2,996.65,1355
GROWW,20260831,192.0,195.0,190.03,192.06,235495223
GROWWCAPM,20260831,11.69,11.69,11.43,11.5,440075
GROWWCHEM,20260831,30.36,30.88,29.93,30.59,64398
GROWWDEFNC,20260831,98.47,98.47,96.0,97.29,224067
GROWWEV,20260831,33.97,33.97,33.11,33.39,218423
GROWWGOLD,20260831,15.81,15.81,14.76,15.0,3768984
GROWWHOSPI,20260831,52.4,53.29,52.0,52.4,706664
GROWWLIQID,20260831,110.55,110.57,110.55,110.56,190001
GROWWLOVOL,20260831,10.5,10.5,10.35,10.42,6962
GROWWMC150,20260831,239.2,239.2,233.16,235.7,579
GROWWMETAL,20260831,12.85,13.13,12.54,12.62,606601
GROWWMOM50,20260831,11.35,11.35,11.1,11.12,500570
GROWWN200,20260831,11.39,11.55,11.34,11.4,45158
GROWWNET,20260831,10.86,10.92,10.76,10.84,786689
GROWWNIFTY,20260831,9.74,9.93,9.7,9.74,766113
GROWWNXT50,20260831,74.93,74.93,72.76,73.7,5776
GROWWPOWER,20260831,11.43,11.43,11.15,11.19,5386633
GROWWPSE,20260831,97.12,97.25,96.5,97.17,2646
GROWWPSUBK,20260831,86.68,86.68,84.46,85.82,1481
GROWWRAIL,20260831,28.53,28.56,28.09,28.21,1643909
GROWWRLTY,20260831,10.13,10.25,9.99,10.05,443205
GROWWSC250,20260831,10.74,10.74,10.52,10.63,217074
GROWWSLVR,20260831,22.84,22.93,22.51,22.86,2404223
GRPLTD,20260831,2011.0,2011.2,1960.0,1965.5,410
GRSE,20260831,2612.1,2612.1,2543.1,2565.5,393623
GRWRHITECH,20260831,7289.5,7289.5,7092.5,7137.5,46301
GSEC10ABSL,20260831,111.87,112.06,111.87,112.06,205
GSEC10ADD,20260831,26.83,26.83,26.51,26.51,1245
GSEC10IETF,20260831,263.52,265.71,262.56,265.71,899
GSEC10YEAR,20260831,30.59,30.63,30.44,30.55,1546
GSEC5IETF,20260831,66.2,66.73,66.01,66.01,19626
GSFC,20260831,158.49,158.76,155.77,158.15,778578
GSLSU,20260831,27.08,27.58,25.73,25.73,282182
GSPCROP,20260831,629.65,645.95,622.0,639.5,153052
GSS,20260831,12.69,12.69,12.06,12.12,37707
GTECJAINX,20260831,29.1,29.1,27.51,27.99,3038
GTL,20260831,7.4,7.46,7.07,7.21,314684
GTLINFRA,20260831,1.2,1.21,1.17,1.17,47942226
GTPL,20260831,54.99,59.9,53.6,57.73,197142
GUFICBIO,20260831,401.0,424.0,395.05,416.35,166583
GUJALKALI,20260831,715.0,727.25,691.9,699.4,80924
GUJAPOLLO,20260831,344.4,352.0,337.55,340.85,6818
GUJENERGY,20260831,256.0,256.3,246.15,247.7,2189326
GUJRAFFIA,20260831,40.57,41.79,39.5,40.04,3355
GUJTHEM,20260831,415.0,439.2,415.0,422.2,665567
GULFOILLUB,20260831,1137.1,1140.9,1115.0,1121.8,100957
GULFPETRO,20260831,67.4,70.1,66.0,67.62,267461
GULPOLY,20260831,192.7,194.22,189.0,190.53,149630
GVKPIL,20260831,2.12,2.15,2.08,2.08,978067
GVPIL,20260831,651.1,652.7,623.3,627.4,265179
GVPTECH,20260831,9.37,9.39,8.32,8.59,623315
GVT&D,20260831,4313.0,4445.2,4264.8,4445.2,850283
GYFTR,20260831,167.16,176.5,165.5,174.63,659877
HAL,20260831,4836.9,4844.0,4777.0,4801.6,681564
HALDER,20260831,300.95,300.95,270.1,290.2,24971
HALDYNGL,20260831,139.98,143.0,138.1,140.79,86871
HALEOSLABS,20260831,1490.3,1539.4,1462.0,1464.8,700
HAMPTON,20260831,8.19,8.37,8.06,8.27,25750
HAPPSTMNDS,20260831,408.0,410.0,394.2,406.95,1878980
HAPPYFORGE,20260831,2325.5,2422.3,2280.9,2412.0,241750
HARDWYN,20260831,9.13,9.15,8.92,9.04,3840229
HARIOMPIPE,20260831,352.5,353.0,342.4,345.3,101385
HARRMALAYA,20260831,195.22,199.59,192.62,196.9,7805
HARSHA,20260831,443.05,458.0,435.05,455.9,460199
HATHWAY,20260831,10.57,10.8,10.38,10.64,2227419
HATSUN,20260831,1197.75,1198.0,1175.0,1190.45,90965
HAVELLS,20260831,1222.9,1244.1,1199.2,1244.1,986855
HAVISHA,20260831,1.37,1.4,1.3,1.31,52919
HAWKINCOOK,20260831,8257.5,8257.5,8050.0,8116.5,826
HAZOOR,20260831,20.5,20.5,19.56,19.73,319595
HBESD,20260831,81.99,81.99,75.0,75.0,1823
HBLENGINE,20260831,665.05,670.05,653.0,657.35,782084
HBPOR,20260831,63.8,65.0,60.0,60.46,1196
HBSL,20260831,51.8,56.51,51.8,53.54,3564
HCC,20260831,24.5,24.8,23.72,23.83,41845918
HCG,20260831,695.6,775.0,687.5,733.3,264044
HCL-INSYS,20260831,10.9,10.9,10.02,10.74,424928
HCLTECH,20260831,1316.6,1322.6,1297.7,1312.2,3125051
HDBFS,20260831,675.0,683.95,671.9,682.35,213407
HDFCAMC,20260831,2546.1,2622.1,2523.1,2622.1,835216
HDFCBANK,20260831,723.05,739.75,704.15,709.0,78157067
HDFCBSE500,20260831,38.45,38.45,37.54,37.82,6680643
HDFCGOLD,20260831,135.29,135.29,130.41,131.82,4601204
HDFCGROWTH,20260831,120.92,121.58,120.0,121.23,16139
HDFCLIFE,20260831,545.0,546.95,538.8,543.35,3683600
HDFCLIQUID,20260831,1075.99,1076.01,1075.99,1076.0,29229
HDFCLOWVOL,20260831,20.74,20.74,20.6,20.73,12455
HDFCMID150,20260831,23.89,23.89,23.56,23.64,293227
HDFCMOMENT,20260831,31.67,31.67,31.3,31.33,196089
HDFCNEXT50,20260831,75.59,75.72,74.56,75.02,158041
HDFCNIF100,20260831,26.44,26.44,26.03,26.11,54567
HDFCNIFBAN,20260831,59.28,59.35,59.0,59.15,33490
HDFCNIFIT,20260831,33.32,33.6,32.74,32.97,201040
HDFCNIFTY,20260831,271.08,272.45,270.77,271.86,290274
HDFCNIMEG,20260831,134.24,134.24,131.98,132.29,23975
HDFCPSUBK,20260831,86.5,86.6,85.68,86.14,17618
HDFCPVTBAN,20260831,28.32,28.45,28.2,28.26,182077
HDFCQUAL,20260831,58.97,59.25,58.87,59.05,16283
HDFCSENSEX,20260831,87.3,87.96,87.07,87.29,55664
HDFCSILVER,20260831,222.36,223.34,220.13,223.01,4903606
HDFCSML250,20260831,187.95,187.95,184.32,185.36,1468062
HDFCVALUE,20260831,125.33,127.0,124.93,125.63,3551
HDIL,20260831,1.51,1.52,1.47,1.49,82861
HEADSUP,20260831,6.99,6.99,6.82,6.87,3091
HEALTHADD,20260831,16.96,16.96,16.82,16.9,21183
HEALTHAXIS,20260831,174.21,174.21,169.0,169.68,4479
HEALTHCARE,20260831,21.89,22.43,21.67,21.73,43575
HEALTHIETF,20260831,172.19,173.03,169.63,171.07,110950
HEALTHX,20260831,300.0,305.0,293.05,301.4,2173
HEALTHY,20260831,17.24,17.39,17.13,17.21,232876
HECPROJECT,20260831,114.01,123.1,114.01,119.57,9218
HEG,20260831,734.0,741.8,721.0,728.8,889024
HEIDELBERG,20260831,161.0,161.0,157.0,157.41,257731
HEMIPROP,20260831,129.5,129.79,128.25,128.72,184752
HERANBA,20260831,173.8,174.5,169.0,172.58,32428
HERITGFOOD,20260831,368.75,374.3,360.1,361.3,295270
HEROMOTOCO,20260831,5614.0,5614.0,5450.0,5450.0,485204
HESTERBIO,20260831,2292.6,2292.7,2255.5,2258.9,1905
HEXAGON,20260831,68.9,69.5,66.8,67.4,171956
HEXATRADEX,20260831,160.09,160.9,158.3,160.49,428
HEXT,20260831,554.0,559.4,540.0,554.75,200168
HFCL,20260831,254.2,256.7,247.5,249.09,16617911
HGINFRA,20260831,495.25,496.6,488.0,490.05,60402
HGM,20260831,47.95,47.95,45.0,45.1,3659
HGS,20260831,396.6,407.9,396.0,400.55,18554
HIKAL,20260831,204.39,205.47,195.0,201.41,320355
HILINFRA,20260831,45.9,46.19,44.22,44.53,60409
HILTON,20260831,19.37,20.15,19.02,19.33,64609
HIMATSEIDE,20260831,71.01,71.2,68.9,69.5,692262
HINDADH,20260831,348.45,353.8,347.0,347.8,1233
HINDALCO,20260831,1029.9,1029.9,1005.4,1015.45,5759006
HINDALUMI,20260831,96.25,100.75,96.25,97.39,14308
HINDCOMPOS,20260831,408.35,412.65,403.7,407.5,1966
HINDCON,20260831,23.0,24.58,22.36,23.57,70524
HINDCOPPER,20260831,528.0,529.5,520.1,525.35,8811548
HINDOILEXP,20260831,163.0,165.9,161.5,162.06,202887
HINDPETRO,20260831,362.0,365.75,355.4,365.75,7728957
HINDUNILVR,20260831,2001.1,2008.6,1967.4,1967.4,1800025
HINDWAREAP,20260831,190.5,191.1,185.42,186.98,106120
HINDZINC,20260831,602.9,602.9,592.0,595.45,8585078
HIRECT,20260831,1231.6,1237.5,1210.1,1221.9,32439
HISARMETAL,20260831,156.25,160.99,156.25,157.34,4308
HITECH,20260831,82.13,82.22,78.46,78.95,781287
HITECHCORP,20260831,330.3,337.0,330.0,334.6,11521
HITECHGEAR,20260831,585.0,590.5,552.1,563.6,2758
HLEGLAS,20260831,313.3,316.0,310.5,314.6,70780
HLVLTD,20260831,6.59,6.6,6.48,6.5,126898
HMAAGRO,20260831,20.75,21.65,20.73,20.98,4079732
HMT,20260831,62.49,62.49,58.9,61.21,16295
HMVL,20260831,85.6,89.0,85.52,88.03,2383
HNDFDS,20260831,638.85,663.0,634.45,658.2,148418
HNGSNGBEES,20260831,473.21,474.0,468.31,470.43,85512
HOMEFIRST,20260831,1189.8,1193.9,1158.5,1164.7,220000
HONASA,20260831,468.0,488.95,466.25,480.9,1503528
HONAUT,20260831,36750.0,36970.0,35045.0,35530.0,12171
HONDAPOWER,20260831,2057.4,2066.8,2010.0,2018.0,2579
HORIZONIND,20260831,55.55,58.05,55.0,56.89,7670563
HPAL,20260831,34.69,35.43,34.07,35.0,47825
HPIL,20260831,123.2,124.0,122.1,122.35,824
HPL,20260831,309.5,309.9,300.0,303.1,73480
HRYNSHP,20260831,102.99,102.99,99.9,102.67,830
HSBCGOLD,20260831,136.42,136.88,132.73,133.84,116741
HSCL,20260831,673.0,674.8,654.4,659.2,4860217
HTMEDIA,20260831,26.8,26.99,26.1,26.35,70171
HUBTOWN,20260831,185.67,185.99,181.5,182.3,180263
HUDCO,20260831,182.5,189.58,177.32,182.05,4500235
HUHTAMAKI,20260831,263.0,266.7,258.35,262.9,136898
HYBRIDETF,20260831,10.29,10.29,10.08,10.11,23784
HYBRIDFIN,20260831,17.27,17.27,16.91,17.25,2454
HYUNDAI,20260831,2258.1,2280.0,2205.0,2205.0,619880
IBULLSLTD,20260831,26.4,26.6,25.81,26.25,5301576
ICDSLTD,20260831,41.02,41.75,41.02,41.02,548
ICEMAKE,20260831,742.0,756.95,730.0,749.3,23389
ICICIAMC,20260831,3139.6,3139.6,3059.0,3065.1,688005
ICICIB22,20260831,112.77,115.4,112.6,113.78,244027
ICICIBANK,20260831,1422.8,1454.0,1419.0,1454.0,15331697
ICICIGI,20260831,1567.1,1567.6,1540.0,1566.9,1409815
ICICIPRULI,20260831,506.0,517.05,498.0,517.05,3462285
ICIL,20260831,437.0,474.65,425.15,469.45,2744850
ICRA,20260831,4912.8,5000.0,4850.1,4916.4,124239
IDBI,20260831,93.0,93.33,90.63,90.88,6742579
IDEA,20260831,14.78,14.92,14.33,14.33,419238465
IDEAFORGE,20260831,815.4,817.9,785.6,795.25,225516
IDFCFIRSTB,20260831,83.0,85.97,82.5,85.97,19780056
IDFNIFTYET,20260831,266.0,267.97,265.06,266.34,2515
IEX,20260831,121.8,121.82,119.61,120.5,3053129
IFBAGRO,20260831,890.0,916.7,890.0,899.2,5786
IFBIND,20260831,1331.1,1350.9,1321.1,1331.4,23664
IFCI,20260831,90.2,92.14,88.11,89.7,50607497
IFGLEXPOR,20260831,213.45,216.8,207.1,210.37,13790
IGARASHI,20260831,429.0,432.15,416.0,419.95,29408
IGCL,20260831,71.07,72.18,71.0,71.7,77009
IGIL,20260831,339.95,347.4,333.05,340.95,386651
IGL,20260831,149.99,152.39,149.24,150.49,5205064
IGPL,20260831,531.0,544.9,523.9,534.8,131004
IIFL,20260831,654.95,656.9,639.0,646.75,1485055
IIFLCAPS,20260831,333.7,337.95,333.7,336.95,428778
IITL,20260831,156.5,160.01,152.79,157.7,103135
IKIO,20260831,213.72,223.39,210.13,215.48,1279645
IKS,20260831,1755.1,1779.3,1715.5,1734.3,285121
IL&FSENGG,20260831,35.41,36.18,35.01,35.56,32215
IL&FSTRANS,20260831,2.2,2.31,2.2,2.22,53714
IMAGICAA,20260831,58.2,58.32,55.34,56.29,1274443
IMFA,20260831,1362.0,1366.5,1312.3,1317.6,138576
IMPAL,20260831,1062.0,1103.8,1062.0,1072.6,1377
IMPEXFERRO,20260831,4.38,4.38,4.38,4.38,26316
INA,20260831,92.58,93.2,90.7,91.58,293357
INCREDIBLE,20260831,32.2,33.47,31.5,32.04,11733
INDBANK,20260831,31.9,31.9,31.4,31.64,11287
INDGN,20260831,582.1,615.5,579.85,611.65,3972278
INDHOTEL,20260831,702.0,737.9,701.55,737.9,5220998
INDIACEM,20260831,368.0,379.5,366.05,370.65,424393
INDIAGLYCO,20260831,1180.0,1184.2,1141.1,1147.3,513156
INDIAMART,20260831,1754.0,1775.0,1737.1,1755.4,79285
INDIANB,20260831,878.0,898.75,864.8,898.75,1651759
INDIANCARD,20260831,211.0,214.28,206.07,208.68,1010
INDIANHUME,20260831,384.0,386.4,378.0,380.9,14633
INDIASHLTR,20260831,649.0,652.45,644.7,650.0,94560
INDIGO,20260831,5130.0,5234.0,5056.5,5234.0,559798
INDIGOPNTS,20260831,1145.2,1161.5,1138.3,1152.9,43048
INDIQUBE,20260831,192.1,194.5,187.0,191.8,34262
INDNIPPON,20260831,1059.0,1067.6,1034.1,1050.6,14139
INDOAMIN,20260831,122.5,123.3,119.15,120.44,34995
INDOBORAX,20260831,499.95,518.0,487.05,508.45,263866
INDOCO,20260831,248.8,251.4,240.8,243.34,146872
INDOFARM,20260831,138.84,138.99,136.01,136.65,84186
INDOKEM,20260831,639.0,639.0,592.35,606.1,1374
INDOMIM,20260831,868.05,883.0,854.75,875.45,1025680
INDORAMA,20260831,65.85,69.0,63.17,65.92,1880656
INDOSTAR,20260831,258.8,259.0,243.85,249.3,874311
INDOTECH,20260831,3777.8,3777.8,3650.0,3703.3,11815
INDOTHAI,20260831,43.88,43.88,43.88,43.88,132627
INDOUS,20260831,83.29,83.29,78.35,79.47,2907
INDOWIND,20260831,9.15,9.39,9.15,9.24,86864
INDPRUD,20260831,6302.0,6397.0,6215.5,6392.0,54
INDRAMEDCO,20260831,366.2,368.65,362.0,363.05,166493
INDSWFTLAB,20260831,363.46,372.46,355.55,364.87,667877
INDTERRAIN,20260831,30.49,30.5,30.0,30.11,21689
INDUSINDBK,20260831,992.0,1016.6,980.3,1016.6,1476566
INDUSTOWER,20260831,380.0,388.8,379.0,388.8,5410734
INFOBEAN,20260831,176.39,176.39,158.0,161.47,1937855
INFOMEDIA,20260831,5.19,5.46,5.12,5.21,2914
INFRA,20260831,12.67,12.67,12.0,12.03,70547
INFRABEES,20260831,960.65,960.65,947.71,953.22,7194
INFRAIETF,20260831,92.89,94.91,92.89,94.6,13176892
INFY,20260831,1138.6,1143.9,1111.1,1133.8,8808120
INGERRAND,20260831,4871.1,4934.9,4787.3,4848.5,54154
INNOVACAP,20260831,1057.0,1100.0,1057.0,1078.1,105170
INNOVANA,20260831,320.0,320.0,302.1,304.35,2326
INNOVISION,20260831,296.7,296.7,257.0,274.25,344387
INOXGREEN,20260831,174.0,174.0,164.76,166.87,819416
INOXINDIA,20260831,2139.1,2165.2,2082.0,2134.2,325080
INOXWIND,20260831,71.7,71.7,69.6,70.37,12489778
INSECTICID,20260831,600.0,615.0,589.05,610.85,53856
INSPIRISYS,20260831,95.98,95.98,88.14,89.04,8761
INSUREIETF,20260831,15.32,15.35,15.22,15.3,708490
INTELLECT,20260831,684.65,687.45,673.55,680.95,352523
INTENTECH,20260831,84.85,84.85,78.11,81.88,16191
INTERARCH,20260831,1709.9,1720.0,1691.0,1704.5,60639
INTERNET,20260831,14.66,14.73,14.54,14.63,236363
INTLCONV,20260831,80.31,81.9,78.4,79.48,109955
INVENTURE,20260831,0.97,0.97,0.95,0.95,525311
INVPRECQ,20260831,1287.0,1288.0,1281.0,1285.0,2949
IOB,20260831,32.78,32.78,32.4,32.47,2323365
IOC,20260831,136.11,139.13,134.32,139.13,14038943
IOLCP,20260831,194.91,197.99,191.16,193.69,2853525
IONEXCHANG,20260831,371.15,371.4,362.75,363.85,120992
IPCALAB,20260831,1962.2,1987.5,1943.6,1974.9,357067
IPL,20260831,138.79,138.79,136.22,136.86,76444
IPRINGLTD,20260831,145.72,159.01,141.0,156.78,16074
IRB,20260831,19.0,19.79,18.83,19.36,39531560
IRCON,20260831,122.21,122.35,118.9,119.37,1491825
IRCTC,20260831,484.6,485.4,481.0,481.25,596415
IREDA,20260831,116.83,116.83,114.55,116.5,3402439
IRFC,20260831,83.9,84.15,82.9,83.34,8457431
IRIS,20260831,250.8,253.11,245.0,248.97,44482
IRISDOREME,20260831,58.83,59.19,57.75,58.48,378733
IRMENERGY,20260831,283.35,294.35,278.6,284.8,114488
ISFT,20260831,94.0,97.44,93.05,94.39,124345
ISGEC,20260831,796.0,799.0,773.1,790.65,69348
ISHANCH,20260831,45.18,45.9,42.71,43.62,60302
ISTLTD,20260831,676.4,676.4,632.6,645.55,1071
IT,20260831,34.89,34.95,34.04,34.32,174288
ITADD,20260831,33.01,33.01,32.53,32.6,21039
ITAXIS,20260831,347.27,347.27,338.15,342.83,1689
ITBEES,20260831,34.85,34.85,34.06,34.32,8469973
ITBETA,20260831,328.0,328.0,323.0,325.87,405
ITC,20260831,266.0,266.55,255.5,255.5,24575845
ITCHOTELS,20260831,162.73,163.18,158.71,160.09,2138675
ITDC,20260831,663.75,663.75,637.55,640.2,92714
ITETF,20260831,33.74,33.74,32.46,32.74,174913
ITI,20260831,274.0,275.3,270.15,270.95,143544
ITIETF,20260831,34.66,34.89,34.11,34.31,884965
ITL,20260831,376.0,376.0,351.1,372.6,2353
IVALUE,20260831,264.95,267.4,245.2,247.7,240038
IVC,20260831,8.6,9.14,8.5,9.05,1801813
IVP,20260831,191.25,200.93,191.25,200.93,55043
IVZBANKNF,20260831,57.28,57.45,57.05,57.28,2056
IVZINGOLD,20260831,135.5,135.5,132.55,133.9,69973
IVZINNIFTY,20260831,276.49,276.85,275.5,275.5,777
IVZSENSEX,20260831,78.4,78.4,75.53,75.96,7330
IWP,20260831,36.0,36.0,33.51,34.89,1015
IXIGO,20260831,162.9,164.43,159.31,163.02,979684
IZMO,20260831,848.45,848.45,830.0,833.0,46858
J&KBANK,20260831,149.0,149.85,146.25,147.68,2266184
JAGRAN,20260831,61.73,61.8,60.9,61.08,280785
JAGSNPHARM,20260831,239.9,247.9,235.86,240.84,235599
JAIBALAJI,20260831,71.4,72.69,68.75,72.16,4088355
JAICORPLTD,20260831,100.32,100.32,97.47,98.62,307790
JAINREC,20260831,287.95,288.8,275.95,276.8,1224859
JAIPURKURT,20260831,26.99,26.99,26.0,26.1,12639
JAMNAAUTO,20260831,120.5,121.98,119.6,121.4,1049835
JARO,20260831,472.35,472.9,458.5,459.55,124160
JASH,20260831,473.4,476.45,464.0,465.55,114015
JAYAGROGN,20260831,220.5,235.0,220.02,232.93,18470
JAYBARMARU,20260831,127.0,127.65,123.3,124.85,225464
JAYKAY,20260831,153.53,154.7,148.05,149.57,266234
JAYNECOIND,20260831,98.8,99.12,96.42,98.41,2575057
JAYSREETEA,20260831,99.01,99.99,95.05,96.29,132744
JBMA,20260831,639.95,639.95,620.0,624.1,323494
JENBURPH,20260831,1053.2,1064.0,1026.1,1051.2,676
JETFREIGHT,20260831,22.31,22.78,21.86,21.94,156445
JGCHEM,20260831,651.3,664.8,630.0,633.3,550496
JHS,20260831,8.29,8.5,8.0,8.06,81083
JINDALPHOT,20260831,1026.6,1049.2,1015.0,1017.1,856
JINDALPOLY,20260831,642.85,645.45,629.0,631.35,8853
JINDALSAW,20260831,311.0,314.8,301.25,309.65,2370636
JINDALSTEL,20260831,1174.1,1192.9,1150.9,1192.9,781759
JINDRILL,20260831,630.0,637.85,616.0,620.4,139375
JINDWORLD,20260831,38.3,39.64,38.1,38.31,6010851
JIOFIN,20260831,238.0,241.35,235.5,241.35,22007832
JISLDVREQS,20260831,21.22,21.22,20.51,20.54,7696
JISLJALEQS,20260831,28.5,28.59,28.02,28.28,1284920
JITFINFRA,20260831,310.5,316.95,306.15,311.35,13704
JKCEMENT,20260831,5141.0,5155.0,5070.0,5133.0,44810
JKIL,20260831,502.5,504.75,488.1,490.15,84545
JKIPL,20260831,104.92,107.83,102.83,106.17,175236
JKLAKSHMI,20260831,539.0,542.1,527.35,530.9,175521
JKPAPER,20260831,391.9,399.0,388.65,396.25,270778
JKTYRE,20260831,376.5,381.9,372.05,378.85,459606
JLHL,20260831,301.4,306.0,290.2,295.6,592428
JMA,20260831,98.8,98.96,91.8,92.67,21086
JMFINANCIL,20260831,128.5,129.42,126.14,127.99,2912872
JNKINDIA,20260831,443.1,450.0,426.0,433.75,85768
JNPR,20260831,259.0,266.0,252.5,264.78,1279179
JOCIL,20260831,153.6,153.6,147.5,148.02,3262
JPOLYINVST,20260831,1026.0,1030.0,980.0,990.4,5196
JPPOWER,20260831,16.8,16.87,16.4,16.45,52936878
JSFB,20260831,541.5,549.0,529.8,537.5,517584
JSL,20260831,705.15,714.8,696.05,702.15,994727
JSLL,20260831,510.05,529.9,506.15,511.05,595768
JSWCEMENT,20260831,125.0,126.82,123.8,126.02,1280096
JSWDULUX,20260831,3089.2,3185.0,3066.7,3164.5,23185
JSWENERGY,20260831,533.65,537.0,520.4,520.4,5957635
JSWHL,20260831,11601.0,12210.0,11253.0,12027.0,10505
JSWINFRA,20260831,341.6,341.8,337.0,340.0,782174
JSWSTEEL,20260831,1323.8,1326.8,1303.3,1307.7,1981744
JTEKTINDIA,20260831,126.0,126.21,124.25,124.67,140452
JTLIND,20260831,90.35,92.19,89.0,89.93,6446492
JUBLCPL,20260831,2168.2,2344.0,2053.7,2315.4,34830
JUBLFOOD,20260831,490.0,496.0,480.0,496.0,1471448
JUBLINGREA,20260831,679.0,684.85,663.9,674.9,652427
JUBLPHARMA,20260831,882.65,891.9,864.7,881.9,231665
JUNIORBEES,20260831,809.1,809.1,792.01,793.86,371018
JUNIPER,20260831,216.2,218.0,210.81,214.36,276987
JUSTDIAL,20260831,720.0,734.0,692.9,710.2,1918706
JWL,20260831,245.15,245.65,240.0,240.55,481503
JYOTHYLAB,20260831,206.85,206.85,200.7,203.47,931930
JYOTICNC,20260831,1037.3,1037.3,991.3,994.95,1082315
JYOTIRES,20260831,883.0,900.0,873.25,878.15,9887
JYOTISTRUC,20260831,10.18,10.19,9.94,10.01,5122475
KABRAEXTRU,20260831,606.8,608.9,585.0,600.3,208624
KAJARIACER,20260831,1215.0,1256.8,1194.2,1244.8,541157
KAKATCEM,20260831,112.0,116.99,112.0,116.75,2670
KALAMANDIR,20260831,87.69,87.69,85.56,85.84,173816
KALPATARU,20260831,278.0,280.8,275.0,277.6,23452
KALYANIFRG,20260831,764.0,914.3,741.5,914.3,60208
KALYANKJIL,20260831,615.5,615.9,601.0,601.0,4778980
KAMAHOLD,20260831,2409.8,2409.8,2358.6,2363.2,2399
KAMANWALA,20260831,17.0,17.0,16.25,17.0,280
KAMATHOTEL,20260831,228.3,228.3,216.7,225.09,115926
KAMDHENU,20260831,36.0,37.4,35.05,36.58,681405
KAMOPAINTS,20260831,4.59,4.59,4.4,4.48,269308
KANANIIND,20260831,1.48,1.58,1.47,1.52,308743
KANCHI,20260831,424.0,426.0,412.2,421.1,3220
KANCOTEA,20260831,56.0,56.0,55.05,55.7,21
KANORICHEM,20260831,159.99,161.0,152.5,159.08,25870
KANPRPLA,20260831,274.34,274.34,265.61,267.71,13338
KANSAINER,20260831,197.0,197.79,192.02,192.81,145647
KAPSTON,20260831,564.0,592.0,559.2,586.8,214986
KARMAENG,20260831,40.0,40.0,37.6,37.99,2489
KARURVYSYA,20260831,346.0,351.45,344.5,347.6,1814597
KAUSHALYA,20260831,868.0,882.0,854.0,857.75,205
KAVDEFENCE,20260831,57.0,57.88,55.8,56.2,92104
KAYA,20260831,325.75,339.0,316.0,337.3,6342
KAYNES,20260831,3943.0,3943.0,3645.0,3685.0,2144603
KCP,20260831,167.6,173.69,166.02,166.91,135296
KCPSUGIND,20260831,31.11,33.35,31.11,32.56,153670
KDDL,20260831,3900.4,3992.2,3882.5,3929.6,14881
KEC,20260831,425.8,425.8,415.0,416.5,715932
KECL,20260831,135.13,137.39,129.1,130.25,206266
KEEPLEARN,20260831,1.99,1.99,1.91,1.94,9193
KEI,20260831,5540.0,5740.3,5442.0,5740.3,297706
KELLTONTEC,20260831,15.0,15.05,14.0,14.07,4180309
KENNAMET,20260831,4667.9,4673.8,4352.0,4396.1,38870
KERNEX,20260831,1781.1,1805.9,1712.7,1735.9,169404
KESORAMIND,20260831,11.24,11.24,11.08,11.1,151658
KEYFINSERV,20260831,251.65,259.95,251.65,258.5,878
KFINTECH,20260831,950.05,970.0,931.0,970.0,1020676
KHADIM,20260831,119.98,119.98,116.16,116.16,24195
KHAICHEM,20260831,55.99,57.0,54.21,55.55,204868
KHAITANLTD,20260831,142.1,143.0,136.41,139.12,4745
KHANDSE,20260831,17.83,17.83,16.31,17.03,1160
KICL,20260831,5200.0,5234.0,5152.5,5178.5,260
KILITCH,20260831,170.0,177.25,167.5,174.64,27456
KIMS,20260831,767.0,769.0,750.1,755.5,735694
KINGFA,20260831,5910.5,6080.0,5855.5,6050.5,9546
KIOCL,20260831,384.0,385.0,377.65,381.2,67427
KIRANVYPAR,20260831,197.1,203.0,194.0,201.69,14004
KIRIINDUS,20260831,501.05,536.8,500.0,530.9,3059050
KIRLFER,20260831,452.2,457.2,446.2,452.2,74624
KIRLOSBROS,20260831,1917.5,1920.9,1881.0,1900.2,27515
KIRLOSENG,20260831,2119.9,2120.0,2057.0,2099.4,414064
KIRLOSIND,20260831,3700.0,3781.8,3684.9,3737.9,4670
KIRLPNU,20260831,724.0,729.0,712.0,714.6,116349
KISSHT,20260831,305.8,310.95,303.0,307.15,722180
KITEX,20260831,128.08,128.08,125.06,127.22,286359
KJMCFIN,20260831,66.97,69.65,66.1,66.1,270
KKCL,20260831,512.1,517.0,501.0,503.8,17590
KLBRENG-B,20260831,420.1,434.4,417.55,428.55,556586
KMCSHIL,20260831,140.57,140.57,133.06,135.52,125433
KMEW,20260831,3040.7,3050.3,2817.0,2924.4,197892
KMSUGAR,20260831,32.5,34.18,32.01,32.49,554748
KNACK,20260831,194.0,194.01,189.0,190.35,372016
KNAGRI,20260831,218.07,220.31,208.0,217.42,7484
KNRCON,20260831,125.17,125.75,120.86,121.19,3134063
KOHINOOR,20260831,34.2,34.99,33.51,33.96,118577
KOKUYOCMLN,20260831,81.0,81.0,79.0,79.34,48839
KOLTEPATIL,20260831,455.0,455.75,442.55,446.8,57327
KOPRAN,20260831,204.0,235.07,203.9,217.83,1881351
KOTAKBANK,20260831,421.0,425.05,419.4,419.4,18992797
KOTARISUG,20260831,31.4,33.0,30.15,32.98,238890
KOTHARIPET,20260831,130.41,132.79,128.66,131.09,56225
KOTHARIPRO,20260831,68.24,69.3,66.88,67.1,12030
KOTIC,20260831,150.19,152.97,141.8,143.43,15735
KOTYARK,20260831,34.29,34.34,33.1,33.34,203917
KOVAI,20260831,6062.0,6172.0,5990.0,6074.5,8540
KPEL,20260831,255.4,255.4,243.85,244.6,166524
KPIGREEN,20260831,314.05,314.05,303.1,304.6,749825
KPIL,20260831,1390.0,1418.5,1375.1,1400.9,219589
KPITTECH,20260831,609.4,610.0,585.0,585.0,2324629
KPL,20260831,3337.0,3337.0,3230.1,3277.0,16351
KPRMILL,20260831,1130.3,1197.9,1125.0,1177.6,909149
KRBL,20260831,432.95,433.95,420.1,422.25,731450
KREBSBIO,20260831,59.76,59.76,55.6,56.29,2334
KRIDHANINF,20260831,2.04,2.1,1.95,2.0,15820
KRISHANA,20260831,192.91,196.48,190.0,191.03,584116
KRISHIVAL,20260831,411.05,413.0,407.0,410.95,17652
KRISHNADEF,20260831,1019.0,1020.6,965.3,1004.8,186259
KRITI,20260831,62.7,63.95,58.0,60.38,36883
KRITIKA,20260831,5.4,5.6,5.36,5.38,150610
KRITINUT,20260831,89.76,92.0,86.51,87.16,8623
KRN,20260831,1664.7,1668.0,1536.2,1553.1,416684
KRONOX,20260831,179.0,179.59,170.62,177.34,250550
KROSS,20260831,213.0,217.09,208.31,212.71,295238
KRSNAA,20260831,568.9,568.9,548.15,553.65,47620
KRYSTAL,20260831,648.0,648.0,623.1,626.75,8945
KSB,20260831,790.0,821.0,780.4,807.25,514414
KSCL,20260831,790.0,790.0,757.0,765.5,187852
KSE,20260831,186.77,186.77,175.0,180.3,18660
KSHINTL,20260831,970.0,970.0,937.05,947.05,199894
KSHITIJ-RE,20260831,0.04,0.04,0.04,0.04,2763108
KSHITIJPOL,20260831,3.03,3.09,2.95,2.99,879511
KSL,20260831,888.8,923.8,874.5,909.75,126318
KSOLVES,20260831,266.0,273.9,266.0,268.3,28034
KSR,20260831,31.42,31.42,28.45,28.59,54412
KTKBANK,20260831,331.0,342.5,327.5,335.15,4358321
KUANTUM,20260831,72.03,73.69,71.1,72.12,78578
KUSUMGAR,20260831,561.05,588.0,558.5,581.45,363568
KWIL,20260831,45.55,47.2,45.11,45.38,18674540
LADDERUP,20260831,51.15,51.15,49.0,49.4,48
LAGNAM,20260831,76.99,77.8,76.05,76.38,1204
LAHOTIOV,20260831,41.8,41.8,40.13,40.29,820
LAKPRE,20260831,5.15,5.15,4.67,4.67,2410
LAKSHMIMIL,20260831,8050.0,8050.0,8000.0,8000.0,21
LAL,20260831,9.48,9.48,8.96,9.13,134099
LALITHAA,20260831,266.9,272.4,256.01,257.89,9443545
LALPATHLAB,20260831,1931.1,1963.0,1884.6,1934.6,157780
LAMBODHARA,20260831,139.99,143.0,139.99,141.38,30356
LANCER,20260831,13.8,13.8,12.25,13.12,3208132
LANCORHOL,20260831,33.3,34.16,31.6,33.37,319310
LANDMARK,20260831,500.0,521.0,496.35,517.45,112656
LANDSMILL,20260831,0.69,0.7,0.68,0.68,1498207
LAOPALA,20260831,175.2,175.2,171.1,173.61,159255
LARGEMID50,20260831,36.7,36.92,36.5,36.74,232544
LASA,20260831,7.1,7.28,6.73,6.92,36812
LASERPOWER,20260831,326.0,326.9,308.3,314.3,538005
LATENTVIEW,20260831,278.3,278.3,267.7,269.8,2244730
LATTEYS,20260831,23.0,23.0,21.45,21.71,69836
LAURUSLABS,20260831,1945.0,1949.0,1847.8,1915.0,30995343
LAXMICOT,20260831,13.99,13.99,12.15,12.89,36920
LAXMIDENTL,20260831,199.75,200.4,194.8,195.5,137145
LAXMIINDIA,20260831,126.29,135.9,124.62,129.92,339636
LCCINFOTEC,20260831,3.71,3.71,3.55,3.55,40734
LCL,20260831,566.5,575.0,545.55,551.45,317066
LEAPIND,20260831,170.9,172.29,165.3,167.82,7393714
LEENEE,20260831,10.39,10.39,9.62,10.12,44248
LEMERITE,20260831,20.9,21.75,20.26,21.24,176420
LEMONTREE,20260831,108.53,108.53,105.2,106.25,4742751
LENSKART,20260831,646.0,674.9,640.95,662.4,111714980
LEXUS,20260831,13.44,15.23,12.95,13.85,217521
LFIC,20260831,139.3,139.5,134.01,134.09,1765
LGBBROSLTD,20260831,1709.2,1714.4,1680.5,1692.4,20323
LGEINDIA,20260831,1692.0,1727.1,1673.2,1697.8,565245
LGHL,20260831,188.0,189.0,177.62,179.45,9019
LIBAS,20260831,10.46,11.5,10.11,10.54,121561
LIBERTSHOE,20260831,243.15,244.9,241.8,242.05,6057
LICHSGFIN,20260831,535.6,540.45,528.45,538.4,3367439
LICI,20260831,418.0,421.9,412.35,418.0,7463242
LICMFGOLD,20260831,138.4,139.2,137.3,138.9,184092
LICNETFGSC,20260831,29.59,29.65,29.21,29.35,15996
LICNETFN50,20260831,271.06,271.14,269.05,270.53,161
LICNETFSEN,20260831,870.51,873.0,867.03,873.0,7
LICNFNHGP,20260831,277.66,277.88,275.68,277.88,239
LICNMID100,20260831,64.21,64.43,63.61,63.67,6377
LIKHITHA,20260831,208.3,212.03,206.01,207.48,31624
LINC,20260831,96.98,97.0,94.0,94.61,11893
LINCOLN,20260831,616.5,621.65,603.35,606.75,30631
LINDEINDIA,20260831,6500.0,6513.5,6364.0,6385.5,26826
LIQGRWBEES,20260831,1053.65,1053.79,1053.65,1053.77,24661
LIQUID,20260831,999.99,1000.0,999.99,999.99,43589
LIQUID1,20260831,1120.45,1120.62,1118.4,1120.6,805832
LIQUIDADD,20260831,1142.7,1142.72,1142.67,1142.7,261426
LIQUIDBEES,20260831,1000.0,1000.01,999.99,999.99,2735032
LIQUIDBETA,20260831,1006.32,1006.34,1006.32,1006.32,1231
LIQUIDBETF,20260831,1096.87,1096.89,1096.87,1096.88,574214
LIQUIDCASE,20260831,115.71,115.73,115.71,115.71,18542895
LIQUIDETF,20260831,1000.0,1000.01,999.99,1000.0,125941
LIQUIDIETF,20260831,1000.01,1000.01,999.99,999.99,815952
LIQUIDPLUS,20260831,1101.11,1101.25,1101.11,1101.23,488269
LIQUIDSBI,20260831,999.99,1000.01,999.99,999.99,743
LIQUIDSHRI,20260831,1119.56,1119.58,1119.56,1119.57,1966
LKPSEC,20260831,15.37,15.6,14.55,15.45,7031
LLOYDSENGG,20260831,86.2,88.9,84.7,86.44,9719782
LLOYDSENT,20260831,73.01,74.36,71.56,72.35,2230337
LLOYDSME,20260831,1810.0,1830.0,1766.1,1794.6,450097
LMW,20260831,19053.0,20120.0,18707.0,18975.0,23753
LODHA,20260831,1260.0,1260.0,1198.6,1198.6,2185679
LOKESHMACH,20260831,317.0,374.8,317.0,345.25,351870
LORDSCHLO,20260831,140.25,140.25,134.11,135.96,6826
LOTUSCHO,20260831,614.35,660.0,613.9,634.8,9848
LOTUSDEV,20260831,185.5,187.3,180.02,182.86,229344
LOTUSEYE,20260831,110.85,111.9,107.6,109.08,25250
LOVABLE,20260831,74.0,75.9,73.1,73.2,16889
LOWVOL,20260831,207.27,207.57,206.24,207.57,5097
LOWVOL1,20260831,21.23,21.24,21.1,21.13,98483
LOWVOLIETF,20260831,22.02,22.49,21.91,22.17,3212428
LOYALTEX,20260831,219.0,222.0,218.0,218.0,214
LPDC,20260831,6.92,7.03,6.56,6.94,53484
LT,20260831,4035.1,4044.9,3976.0,4044.9,1553171
LTF,20260831,314.3,321.0,306.55,321.0,4489382
LTFOODS,20260831,439.35,453.3,432.2,446.55,1011116
LTGILTBEES,20260831,29.95,29.96,29.85,29.86,993548
LTGILTCASE,20260831,30.58,30.58,30.3,30.4,120693
LTM,20260831,4690.0,4690.0,4512.9,4540.0,344374
LTTS,20260831,3569.9,3675.0,3490.5,3608.4,685826
LUMAXIND,20260831,6031.0,6330.0,6000.0,6233.5,22681
LUMAXTECH,20260831,1985.5,2095.9,1965.4,2078.5,452857
LUPIN,20260831,2171.5,2192.0,2145.0,2188.4,1010826
LUXIND,20260831,1203.7,1222.4,1191.3,1210.2,38797
LXCHEM,20260831,172.44,172.44,164.94,166.57,768172
LYKALABS,20260831,76.03,76.03,75.0,75.36,3385
M&M,20260831,3320.0,3365.0,3282.0,3282.0,3613080
M&MFIN,20260831,376.85,378.3,368.4,373.0,1571593
MAANALU,20260831,120.0,124.0,117.42,122.67,80744
MACPOWER,20260831,1995.0,2022.5,1922.0,1989.3,50074
MADHAV,20260831,34.36,35.8,34.36,34.52,1684
MADHAVIPL,20260831,8.47,8.47,8.06,8.12,100649
MADHUCON,20260831,5.24,5.24,4.88,4.97,34967
MADRASFERT,20260831,67.43,67.43,65.0,65.29,73973
MAFANG,20260831,209.95,209.95,209.95,209.95,205427
MAFATIND,20260831,124.95,124.95,122.0,122.64,10463
MAGADSUGAR,20260831,581.2,609.45,572.65,595.0,77937
MAGNUM,20260831,19.04,19.5,18.82,18.97,6343
MAHABANK,20260831,83.9,83.9,82.0,82.07,13734000
MAHAPEXLTD,20260831,53.22,58.05,51.85,56.66,19709
MAHASTEEL,20260831,1329.7,1381.0,1305.0,1373.0,37097
MAHEPC,20260831,106.45,107.0,101.0,102.13,55864
MAHESHWARI,20260831,72.89,73.89,71.22,71.63,34569
MAHKTECH,20260831,22.75,22.75,22.55,22.72,689321
MAHLIFE,20260831,367.0,369.0,360.65,365.65,110729
MAHLOG,20260831,390.0,394.75,386.45,391.45,128678
MAHSCOOTER,20260831,13794.0,13974.0,13552.0,13674.0,7564
MAHSEAMLES,20260831,665.0,668.6,650.1,663.2,393023
MAITHANALL,20260831,990.85,990.85,969.45,976.5,30417
MAJESAUT,20260831,355.0,360.0,353.0,355.35,3218
MAKEINDIA,20260831,171.77,171.77,166.54,167.62,47618
MAKERSL,20260831,200.0,203.99,183.21,185.19,13591
MALLCOM,20260831,1020.0,1020.0,970.1,974.0,1666
MALUPAPER,20260831,32.04,32.19,31.61,31.68,4558
MAMATA,20260831,396.75,406.95,396.4,401.35,77485
MANAKALUCO,20260831,39.4,40.09,37.6,38.47,115255
MANAKCOAT,20260831,122.75,124.36,119.5,122.43,353301
MANAKSIA,20260831,59.0,59.5,57.15,58.73,47565
MANAKSTEEL,20260831,99.52,99.52,99.52,99.52,80576
MANALIPETC,20260831,75.0,84.8,73.62,81.75,73402171
MANAPPURAM,20260831,341.45,345.0,337.85,340.1,4825226
MANBA,20260831,130.81,131.09,129.0,129.73,63369
MANBRO,20260831,60.7,60.7,53.68,53.68,139546
MANCREDIT,20260831,249.0,261.5,239.0,242.74,249942
MANGALAM,20260831,31.73,32.5,30.7,31.74,20199
MANGLMCEM,20260831,1062.95,1102.0,1060.0,1071.75,261791
MANINDS,20260831,767.5,773.35,746.35,752.95,486506
MANINFRA,20260831,122.81,123.9,120.81,122.62,2592923
MANIPALHOS,20260831,775.95,784.0,759.25,762.8,1043905
MANKIND,20260831,2407.6,2419.2,2343.6,2419.2,391957
MANOMAY,20260831,225.61,228.0,220.39,223.09,70308
MANORAMA,20260831,1892.0,1955.0,1856.9,1890.8,442413
MANORG,20260831,513.0,535.0,503.75,519.5,14191
MANUFGBEES,20260831,168.04,168.04,164.41,166.06,4643
MANUGRAPH,20260831,14.81,15.29,14.8,14.89,32539
MANYAVAR,20260831,546.7,548.8,533.3,545.25,365032
MAPMYINDIA,20260831,970.0,1033.0,950.3,1013.4,706255
MARALOVER,20260831,55.8,55.8,53.9,54.5,3143
MARATHON,20260831,423.05,425.15,410.2,413.05,205782
MARICO,20260831,830.0,840.0,820.0,820.0,3971812
MARINE,20260831,406.5,406.5,380.15,400.85,1844097
MARKOLINES,20260831,171.92,175.5,170.1,173.76,315129
MARKSANS,20260831,328.1,329.9,313.1,321.6,2486251
MARSONS,20260831,132.91,135.78,129.3,130.26,2858394
MARUTI,20260831,13375.0,13547.0,13268.0,13547.0,443131
MASFIN,20260831,291.0,309.95,288.3,304.55,1801135
MASKINVEST,20260831,145.0,152.25,140.05,152.24,172
MASPTOP50,20260831,80.51,80.52,80.51,80.52,181151
MASTEK,20260831,1901.0,1911.0,1720.1,1748.4,1576060
MASTERTR,20260831,82.75,84.39,81.76,82.27,194239
MATRIMONY,20260831,514.25,527.45,509.05,518.7,12218
MAWANASUG,20260831,149.16,157.8,146.09,149.1,715571
MAXESTATES,20260831,549.8,560.95,505.75,512.5,887005
MAXHEALTH,20260831,1013.0,1042.1,1001.7,1042.1,1685171
MAXIND,20260831,151.52,152.43,147.84,150.79,34695
MAYURUNIQ,20260831,769.0,769.0,746.1,749.85,50403
MAZDA,20260831,247.82,258.0,247.82,251.82,36774
MAZDOCK,20260831,2555.0,2555.0,2476.1,2480.0,607734
MBAPL,20260831,162.94,164.99,161.0,161.45,458732
MBEL,20260831,273.35,273.35,264.8,267.25,140164
MBLINFRA,20260831,23.27,23.3,22.37,22.82,14106
MCCHRLS-B,20260831,684.4,694.95,665.0,690.3,41
MCL,20260831,60.0,60.5,56.98,57.66,48171
MCLEODRUSS,20260831,49.57,51.74,49.21,49.55,311078
MCLOUD,20260831,27.48,27.65,26.5,26.65,2438558
MCX,20260831,3316.0,3400.0,3300.0,3400.0,2802136
MEDANTA,20260831,1465.0,1490.4,1456.8,1479.7,246468
MEDIASSIST,20260831,335.0,335.0,327.6,329.2,109305
MEDICAMEQ,20260831,246.0,265.0,246.0,261.47,109301
MEDICAPQ,20260831,26.03,26.5,26.03,26.49,101
MEDICO,20260831,42.59,42.59,41.5,42.35,220022
MEDPLUS,20260831,676.35,676.5,662.65,672.25,72278
MEESHO,20260831,208.0,211.73,204.25,205.39,12726384
MEGASTAR,20260831,313.15,313.15,306.2,307.2,809
MEIL,20260831,298.2,298.2,282.8,287.15,65021
MENNPIS,20260831,74.0,74.0,71.4,71.59,84935
MENONBE,20260831,275.5,290.25,272.0,287.01,60959
MEP,20260831,0.73,0.73,0.73,0.73,44831
MERCURYEV,20260831,38.87,39.99,38.87,38.96,80285
METAL,20260831,13.89,13.89,13.31,13.36,2235145
METALIETF,20260831,13.56,13.57,13.28,13.33,6745132
METROBRAND,20260831,931.9,932.1,915.0,919.6,9799
METROGLOBL,20260831,139.86,141.0,137.0,138.04,259
METROPOLIS,20260831,589.0,591.95,568.0,582.35,415667
MFML,20260831,19.45,19.45,18.26,18.35,716
MFSL,20260831,1561.3,1576.2,1547.0,1573.1,389651
MGEL,20260831,14.46,14.75,13.99,14.11,76522
MGL,20260831,1089.0,1095.3,1065.2,1069.3,248071
MHLXMIRU,20260831,181.9,181.9,178.2,178.29,4660
MHRIL,20260831,211.3,213.08,209.1,209.65,128032
MICEL,20260831,41.6,42.5,39.47,39.81,536276
MID150,20260831,24.0,24.2,23.65,23.81,63322
MID150BEES,20260831,246.13,246.13,241.05,242.15,586198
MID150CASE,20260831,11.87,12.11,11.72,11.78,1533526
MIDBANKADD,20260831,17.39,18.22,17.09,17.83,10234
MIDCAP,20260831,18.83,19.21,18.58,18.69,418792
MIDCAPADD,20260831,23.6,24.29,23.31,23.66,2957500
MIDCAPBETA,20260831,239.32,239.32,235.08,236.84,1023
MIDCAPETF,20260831,24.32,24.32,23.81,23.92,3710252
MIDCAPIETF,20260831,24.34,24.49,24.09,24.25,726756
MIDHANI,20260831,417.0,417.0,406.6,414.15,420195
MIDQ50ADD,20260831,25.85,25.85,25.25,25.64,41401
MIDSELIETF,20260831,20.13,20.18,19.9,20.05,169075
MIDSMALL,20260831,52.75,52.86,52.08,52.41,261744
MIDWESTLTD,20260831,1105.1,1134.0,1091.0,1096.8,10061
MIIL,20260831,715.55,724.0,689.0,706.35,85795
MILKYMIST,20260831,218.75,222.0,206.4,210.94,13349862
MINALIND,20260831,4.41,4.41,4.41,4.41,64252
MINDACORP,20260831,702.8,720.15,695.45,712.55,503866
MINDTECK,20260831,178.51,178.99,171.95,173.36,17323
MIRZAINT,20260831,31.82,32.04,31.42,31.64,59563
MITCON,20260831,76.1,78.97,76.0,78.74,1432
MITTAL,20260831,0.83,0.85,0.81,0.82,899179
MKEXIM,20260831,63.86,63.86,60.33,62.08,17681
MKPL,20260831,4.18,4.23,4.1,4.11,172888
MLKFOOD,20260831,83.0,87.99,83.0,86.71,3217
MMFL,20260831,640.0,652.75,620.3,650.1,140309
MMP,20260831,412.9,412.9,372.0,393.45,162115
MMTC,20260831,62.9,62.96,62.15,62.35,943688
MMWL,20260831,14.31,15.14,14.13,14.59,13913
MNC,20260831,34.3,34.65,33.74,33.89,48518
MOALPHA50,20260831,58.63,58.63,56.8,56.95,11371
MOBANK10,20260831,16.8,17.08,16.8,16.91,33464
MOBIKWIK,20260831,192.22,192.39,189.0,189.71,555254
MOCAPITAL,20260831,55.38,55.7,54.45,54.73,614209
MODEFENCE,20260831,110.0,110.0,105.53,106.59,974260
MODINATUR,20260831,340.0,349.0,336.1,343.7,34478
MODIRUBBER,20260831,132.24,132.24,127.01,129.55,1812
MODIS,20260831,380.1,381.15,376.15,379.7,19201
MODISONLTD,20260831,418.7,454.05,418.7,454.05,392989
MODTHREAD,20260831,52.7,54.25,51.2,53.58,4993
MOENERGY,20260831,38.92,38.92,37.9,37.96,142310
MOGOLD,20260831,153.7,153.7,150.0,152.6,64887
MOGSEC,20260831,65.11,65.39,65.03,65.07,826
MOHEALTH,20260831,53.76,53.76,51.66,52.13,50952
MOHITE,20260831,3.01,3.3,2.95,3.24,202176
MOHITIND,20260831,25.8,25.8,23.53,24.08,5796
MOIL,20260831,257.5,257.5,246.9,247.8,2985237
MOINFRA,20260831,58.55,61.31,58.02,59.57,15102
MOIPO,20260831,49.11,49.17,48.66,48.81,5995
MOKSH,20260831,10.44,10.64,10.32,10.48,93250
MOL,20260831,61.19,65.6,58.57,63.94,5062453
MOLBIO,20260831,1102.1,1161.1,1065.2,1086.3,1158527
MOLDTECH,20260831,194.5,197.0,192.0,195.98,30564
MOLDTKPAC,20260831,695.5,714.55,688.0,709.25,94897
MOLOWVOL,20260831,36.61,37.0,36.29,36.45,9955
MOM100,20260831,69.49,69.49,68.41,68.83,427791
MOM30IETF,20260831,31.96,31.96,31.38,31.54,735788
MOM50,20260831,253.6,254.0,250.75,251.62,3060
MOMENTUM,20260831,31.9,31.9,31.4,31.49,112504
MOMENTUM30,20260831,31.48,31.8,31.0,31.06,42151
MOMENTUM50,20260831,55.97,55.97,54.67,55.03,437797
MOMETAL,20260831,13.75,13.75,13.17,13.26,75593
MOMGF,20260831,164.44,166.2,163.34,165.7,3301
MOMIDMTM,20260831,66.68,66.97,63.99,64.73,229567
MOMMIDCAP,20260831,13.18,13.32,13.11,13.17,3169649
MOMNC,20260831,32.9,32.94,32.8,32.94,1225
MOMOMENTUM,20260831,63.55,64.0,62.63,62.78,24500
MON100,20260831,332.2,332.2,332.2,332.2,462295
MON50EQUAL,20260831,33.56,33.56,33.19,33.35,11315
MONARCH,20260831,378.7,386.95,375.25,380.6,103311
MONEXT50,20260831,74.97,74.97,73.15,73.52,8720
MONEYBOXX,20260831,56.0,57.85,56.0,57.8,3415
MONIFTY100,20260831,25.66,25.66,25.26,25.41,11031
MONIFTY500,20260831,24.25,24.25,23.89,23.96,381112
MONQ50,20260831,148.03,148.04,147.15,148.04,86081
MONTECARLO,20260831,538.45,547.55,525.25,530.3,136923
MOOILGAS,20260831,11.33,11.33,11.0,11.12,4430
MOPSE,20260831,98.5,99.97,97.9,99.95,1470
MOQUALITY,20260831,201.16,201.35,200.6,200.62,840
MORARJEE,20260831,9.7,10.18,9.68,9.7,14858
MOREALTY,20260831,93.0,93.0,89.1,90.05,2147253
MOREPENLAB,20260831,106.13,110.38,101.52,107.16,41094007
MOSCHIP,20260831,219.0,219.0,211.54,214.18,1578513
MOSERVICE,20260831,31.22,31.5,30.85,31.01,3262
MOSILVER,20260831,231.2,231.48,228.31,230.78,74753
MOSMALL250,20260831,18.55,18.65,18.34,18.49,849381
MOTHERSON,20260831,164.69,170.68,163.74,170.68,20098698
MOTILALOFS,20260831,1041.3,1045.35,1022.0,1042.9,635723
MOTISONS,20260831,16.76,16.78,16.13,16.24,15042446
MOTOGENFIN,20260831,27.74,28.1,27.4,28.04,12719
MOTOUR,20260831,78.6,78.6,77.53,78.07,15909
MOVALUE,20260831,112.75,113.45,112.01,112.31,71303
MPDL,20260831,31.15,31.15,31.0,31.0,2174
MPHASIS,20260831,2443.7,2443.7,2387.1,2427.4,354361
MPSLTD,20260831,2675.0,2703.6,2642.4,2683.8,8315
MRF,20260831,131900.0,135800.0,131040.0,133745.0,12796
MRPL,20260831,168.5,172.84,167.11,170.37,5763255
MSCI360,20260831,10.27,10.27,10.08,10.21,1079
MSCIADD,20260831,29.52,29.72,29.51,29.72,1741
MSCIINDIA,20260831,30.48,30.48,29.9,30.08,54001
MSL,20260831,147.73,147.73,135.1,135.1,248
MSPL,20260831,36.3,36.65,35.21,35.48,831053
MSTCLTD,20260831,732.0,763.0,717.9,751.1,730593
MSUMI,20260831,37.7,37.74,36.62,36.79,8620766
MTARTECH,20260831,6950.0,7074.0,6800.0,7043.5,102068
MTEDUCARE,20260831,1.73,1.8,1.65,1.78,79631
MTNL,20260831,27.25,27.85,27.05,27.22,757661
MUFIN,20260831,138.0,138.26,135.81,136.53,447793
MUFTI,20260831,75.92,75.93,73.98,74.41,91999
MUKANDLTD,20260831,137.01,139.99,135.2,137.38,88008
MUKESHB,20260831,138.6,138.7,138.54,138.55,2009
MUKKA,20260831,25.0,25.64,24.3,24.81,366161
MUKTAARTS,20260831,56.2,56.25,56.05,56.05,6237
MULTICAP,20260831,17.22,17.22,16.75,16.8,158360
MUNJALAU,20260831,111.5,116.7,110.6,115.79,984874
MUNJALSHOW,20260831,131.1,131.94,129.83,130.39,17107
MURUDCERA,20260831,30.8,30.94,29.0,30.24,18276
MUTHOOTCAP,20260831,236.9,247.45,236.9,244.62,5918
MUTHOOTFIN,20260831,3048.2,3048.2,2978.1,2978.1,894840
MUTHOOTMF,20260831,209.1,209.11,202.0,203.84,397251
MVELECTRO,20260831,718.95,780.0,693.05,760.45,10367613
MVGJL,20260831,154.84,154.84,150.65,151.03,43786
MWL,20260831,39.66,39.66,37.32,37.92,188740
MYSORPETRO,20260831,118.82,118.82,118.82,118.82,3840
NACLIND,20260831,172.12,174.38,169.11,170.23,371469
NAGAFERT,20260831,2.08,2.08,2.05,2.05,682258
NAGREEKCAP,20260831,23.15,24.49,22.0,22.35,9258
NAGREEKEXP,20260831,22.0,22.69,21.61,22.02,4116
NAHARCAP,20260831,254.0,258.99,252.0,253.92,8051
NAHARINDUS,20260831,135.0,142.89,135.0,136.45,31994
NAHARPOLY,20260831,244.95,248.0,242.15,243.75,4684
NAHARSPING,20260831,286.0,295.0,284.95,289.45,54535
NAM-INDIA,20260831,1194.2,1219.7,1172.3,1172.3,6320108
NARMADA,20260831,13.96,14.1,13.55,13.83,235608
NATCAPSUQ,20260831,208.8,225.0,208.8,212.38,69502
NATCOPHARM,20260831,853.3,863.4,835.5,841.5,412911
NATHBIOGEN,20260831,157.3,160.39,155.0,158.2,12831
NATIONALUM,20260831,390.0,392.0,377.15,381.5,11959002
NATIONSTD,20260831,104.0,108.22,101.01,108.22,31624
NAUKRI,20260831,1354.0,1358.0,1313.0,1313.0,2345418
NAVA,20260831,567.7,569.95,555.7,568.1,293604
NAVINFLUOR,20260831,8517.5,8740.0,8435.5,8675.5,216396
NAVKARCORP,20260831,96.88,97.39,94.72,96.03,308846
NAVKARURB,20260831,0.94,0.96,0.91,0.91,572504
NAVNETEDUL,20260831,134.61,138.51,133.91,134.61,179507
NAZARA,20260831,376.6,378.3,366.3,372.7,5730211
NBCC,20260831,87.1,87.2,85.6,86.2,5142217
NBIFIN,20260831,1999.9,2000.0,1940.0,1961.0,190
NCC,20260831,148.4,148.8,145.6,148.37,1532869
NCLIND,20260831,177.6,177.6,172.73,173.73,56589
NDGL,20260831,2789.0,2789.0,2740.0,2760.6,87
NDL,20260831,3.03,3.08,2.81,2.83,1903856
NDLVENTURE,20260831,122.79,126.0,120.01,121.96,4675
NDRAUTO,20260831,715.0,738.0,710.0,735.6,22114
NDTV,20260831,74.19,74.19,71.61,72.2,93028
NEAGI,20260831,3467.2,3600.0,3410.1,3496.7,34
NECCLTD,20260831,17.31,17.31,16.07,16.27,38859
NECLIFE,20260831,12.48,12.93,12.42,12.54,227798
NELCAST,20260831,119.1,120.75,117.13,118.16,139927
NELCO,20260831,959.9,979.8,945.1,951.5,162293
NEOGEN,20260831,2206.5,2215.3,2162.0,2201.2,85393
NEPHROPLUS,20260831,692.35,692.4,669.0,682.95,247293
NESCO,20260831,1050.1,1062.0,1031.3,1040.9,46705
NESTLEIND,20260831,1445.1,1496.5,1427.6,1496.5,2320372
NETF,20260831,262.19,263.5,260.0,262.25,1254
NETWEB,20260831,5322.0,5351.5,5141.0,5188.6,1058849
NETWORK18,20260831,28.7,28.7,27.01,27.23,23912433
NEUEON,20260831,13.78,13.78,12.68,12.68,24539
NEULANDLAB,20260831,23265.0,23332.0,22824.0,23010.0,41464
NEWGEN,20260831,562.0,562.05,526.0,528.85,2474710
NEXT30ADD,20260831,42.39,43.25,42.39,42.9,6321
NEXT50,20260831,763.41,765.92,756.1,757.85,44448
NEXT50ADD,20260831,74.47,74.9,73.55,73.76,4484
NEXT50BETA,20260831,79.81,80.32,79.06,79.41,52985
NEXT50ETF,20260831,74.74,76.23,73.66,74.02,15935
NEXT50IETF,20260831,78.38,78.38,77.33,77.4,1273708
NEXTMEDIA,20260831,5.3,5.52,4.62,4.98,1347728
NFL,20260831,71.07,71.07,70.1,70.37,412490
NGIL,20260831,41.01,41.52,40.27,40.96,81138
NGLFINE,20260831,2800.0,2803.0,2620.0,2649.5,18852
NH,20260831,1932.1,1938.4,1896.9,1907.2,240562
NHPC,20260831,74.98,76.72,74.3,76.72,16814619
NIACL,20260831,186.34,199.99,186.34,191.23,26274670
NIBE,20260831,1409.7,1409.7,1360.0,1371.6,32949
NIBL,20260831,31.0,31.98,30.27,30.87,12737
NICCOPAR,20260831,87.47,87.47,80.0,85.51,1663
NIF100BEES,20260831,267.3,268.99,265.85,268.29,30703
NIF100IETF,20260831,28.15,28.22,28.0,28.13,76846
NIF500BETA,20260831,37.71,38.3,37.6,37.71,3875
NIFTY1,20260831,268.17,274.7,266.0,267.32,63255
NIFTY100EW,20260831,35.45,35.54,35.19,35.38,382315
NIFTYADD,20260831,253.45,255.59,253.14,254.19,6941
NIFTYAXIS,20260831,265.55,267.39,265.55,267.01,20553
NIFTYBEES,20260831,275.88,275.88,270.11,274.87,4690050
NIFTYBETA,20260831,270.6,270.6,266.45,267.54,53636
NIFTYBETF,20260831,248.24,248.66,246.85,248.55,1399
NIFTYCASE,20260831,9.69,11.61,9.5,9.75,1517025
NIFTYETF,20260831,263.29,263.76,261.37,261.92,66656
NIFTYIETF,20260831,270.25,274.82,270.25,273.42,866411
NIFTYJBLK,20260831,12.67,12.67,12.05,12.23,146129
NIFTYQLITY,20260831,21.55,21.58,21.13,21.45,57238
NIITLTD,20260831,105.52,108.0,100.5,101.44,1128924
NIITMTS,20260831,234.5,234.5,224.8,227.12,66127
NILAINFRA,20260831,6.9,6.9,6.7,6.74,179658
NILASPACES,20260831,12.8,12.8,12.44,12.55,378591
NILE,20260831,1509.0,1525.0,1457.1,1498.2,3192
NILKAMAL,20260831,2058.0,2058.0,1980.2,2006.2,49450
NIMBSPROJ,20260831,170.0,174.0,169.7,172.12,187585
NINSYS,20260831,730.0,730.0,703.0,714.0,3014
NIPPOBATRY,20260831,334.0,334.0,315.15,326.85,2206
NIRAJ,20260831,29.35,29.7,29.26,29.32,31120
NIRAJISPAT,20260831,355.08,355.08,355.08,355.08,428
NIRLON,20260831,648.6,650.0,645.15,647.35,13162
NITCO,20260831,95.9,95.9,93.26,93.99,375191
NITINSPIN,20260831,621.0,641.5,620.1,627.4,143546
NITIRAJ,20260831,197.05,205.0,197.05,204.23,6446
NITTAGELA,20260831,1675.0,1706.5,1593.1,1620.7,4350
NIVABUPA,20260831,81.42,81.93,80.76,81.26,354517
NKIND,20260831,62.75,62.75,58.0,58.1,1775
NLCINDIA,20260831,270.6,272.25,266.05,267.4,2058793
NMDC,20260831,86.3,88.2,85.1,88.2,16906053
NOCIL,20260831,164.8,172.9,163.12,171.45,1326791
NOIDATOLL,20260831,4.38,4.38,4.13,4.21,39856
NORBTEAEXP,20260831,70.72,70.72,68.5,68.5,353
NORTHARC,20260831,301.3,319.6,298.6,311.65,25296223
NOVAAGRI,20260831,24.46,25.5,24.0,25.41,61311
NOVARTIND,20260831,1487.0,1577.0,1480.0,1554.4,31457
NPBET,20260831,287.9,294.65,285.75,286.73,1046
NPST,20260831,1715.2,1715.5,1651.1,1670.6,19622
NRAIL,20260831,497.5,514.4,494.55,510.0,6910
NRBBEARING,20260831,465.0,477.1,458.8,473.85,356380
NRL,20260831,124.0,124.0,122.5,122.5,65909
NSIL,20260831,5710.0,5761.5,5631.0,5703.0,1267
NSLNISP,20260831,48.35,48.48,45.8,46.19,16317011
NTCIND,20260831,133.47,138.49,130.0,134.8,1684
NTPC,20260831,330.1,330.45,323.5,327.4,18400774
NTPCGREEN,20260831,90.61,90.65,89.1,89.51,2180606
NUCLEUS,20260831,750.6,750.6,733.3,744.4,26116
NURECA,20260831,336.1,339.45,323.0,331.8,4270
NUVAMA,20260831,1805.0,1805.0,1739.5,1753.6,166778
NUVOCO,20260831,323.65,324.6,318.0,318.9,149999
NV20,20260831,13.96,13.96,13.86,13.93,24908
NV20BEES,20260831,140.14,140.18,138.63,139.36,9049
NV20IETF,20260831,13.88,13.88,13.52,13.56,351046
NYKAA,20260831,334.4,349.55,333.35,349.55,7930224
OAL,20260831,485.0,485.0,450.0,463.9,124234
OBCL,20260831,53.2,57.9,53.2,54.82,11302
OBEROIRLTY,20260831,1861.0,1875.3,1842.1,1868.0,777602
OCCLLTD,20260831,159.9,161.99,158.02,158.73,23940
ODIGMA,20260831,23.11,23.11,22.2,22.43,13178
ODYCORP,20260831,7.67,7.79,7.32,7.38,93697
OFSS,20260831,12196.0,12540.0,12080.0,12540.0,487111
OIL,20260831,486.6,500.0,479.25,483.15,4790739
OILCOUNTUB,20260831,64.03,64.03,63.01,64.03,90546
OILIETF,20260831,11.24,11.24,11.15,11.22,1531427
OLAELEC,20260831,39.0,42.25,38.31,41.12,178357536
OLECTRA,20260831,1312.3,1323.0,1271.2,1276.7,440298
OMAXAUTO,20260831,188.91,193.19,181.35,185.55,78494
OMAXE,20260831,131.5,132.69,124.0,125.52,4347484
OMFREIGHT,20260831,89.55,92.0,87.0,89.5,8623
OMINFRAL,20260831,83.4,84.57,82.0,82.22,22374
OMNI,20260831,568.25,568.3,536.55,540.5,515214
OMPOWER,20260831,175.41,179.0,173.03,174.16,160344
ONEGLOBAL,20260831,550.0,561.75,520.0,532.55,9861
ONELIFECAP,20260831,31.3,32.7,30.3,32.39,13947
ONEPOINT,20260831,55.19,55.24,53.9,54.78,385439
ONESOURCE,20260831,1539.0,1539.0,1506.2,1519.1,98831
ONGC,20260831,233.8,234.95,231.7,231.8,11732655
ONIDA,20260831,35.53,36.5,35.53,36.2,232475
ONIXSOLAR,20260831,331.85,331.85,325.0,331.8,592882
ONMOBILE,20260831,50.51,50.51,50.51,50.51,19865
ONWARDTEC,20260831,285.0,294.0,284.05,289.75,57308
OPTIEMUS,20260831,581.05,589.45,568.45,574.15,131536
OPTIFIN,20260831,13.29,13.36,13.02,13.27,6033
ORBTEXP,20260831,232.0,243.62,232.0,237.07,4053
ORCHASP,20260831,1.44,1.5,1.36,1.37,268591
ORCHPHARMA,20260831,972.3,1000.0,948.0,970.9,27730
ORICONENT,20260831,54.5,55.8,54.01,54.63,8995
ORIENTALTL,20260831,4.95,5.16,4.91,5.03,30073
ORIENTBELL,20260831,390.0,393.0,366.1,390.4,104827
ORIENTCEM,20260831,131.37,131.37,129.32,129.55,119165
ORIENTCER,20260831,47.4,47.4,44.7,44.87,81879
ORIENTELEC,20260831,180.5,183.0,178.5,179.83,151675
ORIENTHOT,20260831,137.5,140.2,136.25,139.02,1691333
ORIENTLTD,20260831,84.0,84.0,80.01,82.22,2049
ORIENTPPR,20260831,17.01,17.3,16.5,16.86,498593
ORIENTTECH,20260831,244.8,244.8,238.05,239.0,132262
ORIRAIL,20260831,132.0,136.0,127.0,127.81,107168
ORISSAMINE,20260831,4455.0,4455.1,4300.0,4314.4,9878
ORKLAINDIA,20260831,597.0,608.7,585.75,594.6,217344
ORTEL,20260831,1.95,1.95,1.9,1.9,7481
ORTINGLOBE,20260831,15.0,15.3,14.65,15.3,1215
OSIAHYPER,20260831,2.5,2.54,2.38,2.46,565966
OSWALAGRO,20260831,37.99,38.0,36.85,37.56,63130
OSWALGREEN,20260831,20.41,20.73,19.66,20.11,227383
OSWALPUMPS,20260831,295.0,296.95,289.5,292.3,279873
OSWALSEEDS,20260831,12.04,12.04,11.33,11.75,71325
PACEDIGITK,20260831,175.6,176.0,170.64,171.64,703237
PACIFICI,20260831,137.0,144.9,137.0,141.94,611
PAGEIND,20260831,35850.0,35945.0,35405.0,35800.0,28702
PAISALO,20260831,67.6,67.95,66.25,67.31,5826181
PAKKA,20260831,78.95,78.95,75.71,76.19,71067
PALASHSECU,20260831,90.4,90.4,88.0,88.22,212
PALREDTEC,20260831,55.9,55.9,53.11,53.11,2783
PANACEABIO,20260831,395.15,396.3,383.55,387.1,100764
PANACHE,20260831,520.0,530.0,520.0,530.0,2969
PANAMAPET,20260831,469.9,481.0,460.0,471.35,221006
PANCHMAHQ,20260831,305.65,305.65,302.0,302.0,8
PANORAMA,20260831,46.77,47.45,40.49,42.38,294670
PANSARI,20260831,305.05,315.0,299.05,302.85,1313
PAR,20260831,102.25,120.0,100.26,117.35,325805
PARACABLES,20260831,62.0,67.64,61.31,65.34,5542293
PARADEEP,20260831,165.74,165.88,159.44,160.04,5491423
PARAGMILK,20260831,237.65,256.6,237.55,254.42,3067737
PARAS,20260831,1439.0,1455.0,1405.6,1432.9,786335
PARASPETRO,20260831,2.18,2.28,2.13,2.19,184249
PARKHOSPS,20260831,290.5,290.8,285.9,286.55,272326
PARKHOTELS,20260831,113.14,113.6,110.9,112.48,118378
PARNAXLAB,20260831,129.04,138.0,129.0,132.0,3620
PARSVNATH,20260831,1.47,1.47,1.47,1.47,553823
PASHUPATI,20260831,84.2,84.2,83.16,83.34,5660
PASUPTAC,20260831,61.75,62.44,60.1,61.95,38527
PATANJALI,20260831,347.5,347.55,342.3,345.0,2180211
PATELENG,20260831,28.15,28.29,27.84,28.03,1834766
PATELRMART,20260831,232.69,232.86,226.2,226.72,34995
PATINTLOG,20260831,13.2,13.2,12.42,13.0,53335
PAUSHAKLTD,20260831,774.0,789.3,751.0,758.05,39360
PAVNAIND,20260831,18.89,18.89,17.85,18.04,39901
PAYTM,20260831,1622.5,1717.1,1622.5,1717.1,2686950
PBMPOLY,20260831,70.0,70.0,59.6,60.8,391
PCBL,20260831,320.6,321.0,315.0,317.05,779246
PCJEWELLER,20260831,10.88,11.14,10.69,10.99,353825112
PDMJEPAPER,20260831,97.8,99.8,94.0,95.21,772540
PDSL,20260831,366.5,373.3,360.5,368.1,171218
PEARLPOLY,20260831,15.68,15.68,14.91,15.49,3300
PENIND,20260831,162.0,168.0,161.05,166.13,613410
PENINLAND,20260831,16.64,16.65,16.15,16.15,75854
PERMAGN,20260831,890.0,904.0,870.1,882.95,4622
PERSISTENT,20260831,5855.5,5855.5,5593.0,5594.5,1111705
PETRONET,20260831,292.0,300.6,289.0,300.6,2880149
PFC,20260831,352.0,352.3,336.3,336.3,13232527
PFIZER,20260831,4705.0,4732.1,4673.0,4684.4,10457
PFOCUS,20260831,296.0,296.15,286.0,287.3,398686
PFS,20260831,26.99,27.85,26.99,27.02,626341
PGEL,20260831,585.35,585.55,571.4,581.0,986065
PGHH,20260831,8126.5,8147.0,7970.0,7979.5,20411
PGHL,20260831,5641.0,5800.0,5641.0,5768.0,21082
PGIL,20260831,2330.0,2495.0,2314.0,2463.8,267169
PHARMABEES,20260831,28.32,28.32,27.5,27.6,4324336
PHOENIXLTD,20260831,1917.0,1920.4,1875.5,1900.0,789449
PHOENXINTL,20260831,32.0,33.0,30.0,31.16,2002
PICCADIL,20260831,650.0,650.0,632.6,635.1,225994
PIDILITIND,20260831,1625.1,1687.7,1612.4,1687.7,1907573
PIGL,20260831,104.89,104.89,100.0,100.16,32567
PIIND,20260831,2422.9,2424.7,2370.0,2370.0,356031
PILANIINVS,20260831,4344.0,4416.8,4325.0,4353.4,509
PILITA,20260831,8.15,8.18,7.9,7.94,395776
PINELABS,20260831,165.07,167.26,161.7,164.03,20261585
PIONEEREMB,20260831,21.75,21.99,21.3,21.76,9166
PIONRINV,20260831,83.65,83.68,82.85,82.85,746
PIRAMALFIN,20260831,2298.4,2324.0,2259.1,2300.4,711123
PITTIENG,20260831,1127.0,1149.75,1101.1,1106.35,118983
PIXTRANS,20260831,1853.0,1866.0,1812.0,1818.6,14512
PKTEA,20260831,744.75,765.0,744.75,746.0,336
PLASTIBLEN,20260831,189.8,190.78,184.22,185.48,22938
PLATIND,20260831,230.55,239.1,223.03,235.3,137045
PLAZACABLE,20260831,54.86,56.55,53.93,56.55,102490
PML,20260831,493.0,493.0,493.0,493.0,102
PNB,20260831,115.0,115.35,113.16,114.23,18423594
PNBGILTS,20260831,78.59,78.75,74.5,76.96,377028
PNBHOUSING,20260831,1164.0,1164.0,1141.5,1148.7,641531
PNC,20260831,19.69,19.69,16.11,17.31,14839
PNCINFRA,20260831,194.3,194.85,187.01,188.15,641351
PNGJL,20260831,598.0,600.3,579.6,583.9,639164
PNGSREVA,20260831,545.0,561.0,532.6,536.55,84702
POCL,20260831,507.0,507.55,492.0,495.6,496408
PODDARMENT,20260831,256.8,256.8,245.1,254.75,3848
POEL,20260831,150.0,152.39,147.61,150.44,24640
POKARNA,20260831,875.95,875.95,852.95,854.85,32302
POLICYBZR,20260831,1811.0,1875.0,1796.4,1875.0,1151385
POLYCAB,20260831,9105.0,9445.0,8990.0,9445.0,387155
POLYMED,20260831,1730.1,1803.0,1706.5,1759.6,283673
POLYPLEX,20260831,1175.0,1203.9,1175.0,1182.6,87851
POLYSPIN,20260831,29.66,30.87,28.78,30.46,874
PONNIERODE,20260831,404.4,418.0,397.15,403.3,67168
POONAWALLA,20260831,475.1,477.2,461.0,463.8,1067590
POWERGRID,20260831,266.05,266.05,263.15,263.55,11553385
POWERICA,20260831,517.5,525.0,506.05,519.0,76005
POWERINDIA,20260831,33330.0,33760.0,32630.0,33760.0,74866
POWERMECH,20260831,2596.1,2600.1,2512.9,2521.2,38174
PPAP,20260831,258.0,264.75,255.0,261.75,8054
PPL,20260831,261.0,265.0,259.1,261.4,23731
PPLPHARMA,20260831,218.5,218.61,211.51,214.4,2681993
PRABHA,20260831,209.27,212.7,201.35,204.61,126997
PRADPME,20260831,492.5,502.85,492.5,495.3,1829
PRAENG,20260831,20.0,21.69,20.0,21.49,111375
PRAJIND,20260831,347.75,352.8,341.0,343.9,760408
PRAKASH,20260831,129.94,130.3,126.7,127.4,249463
PRAKASHSTL,20260831,3.92,3.98,3.85,3.86,46158
PRAVEG,20260831,276.65,276.65,262.45,265.1,26500
PRAXIS,20260831,4.96,4.98,4.72,4.75,114702
PRECAM,20260831,126.15,128.09,122.7,125.46,176005
PRECOT,20260831,734.0,734.0,683.0,704.55,2953
PRECWIRE,20260831,515.0,524.9,491.75,505.6,3000014
PREMCO,20260831,391.0,391.0,380.15,380.4,1074
PREMEXPLN,20260831,662.75,668.0,661.1,662.8,84856
PREMIER,20260831,2.97,2.97,2.76,2.94,11139
PREMIERENE,20260831,1013.9,1036.3,997.8,1036.3,1331386
PREMIERPOL,20260831,94.51,95.75,88.89,90.58,356650
PRESTIGE,20260831,1592.0,1633.0,1542.0,1633.0,698835
PRICOLLTD,20260831,770.65,822.75,759.05,803.25,796849
PRIMESECU,20260831,287.85,291.0,278.25,286.95,27671
PRIMO,20260831,21.02,21.48,21.02,21.12,64512
PRINCEPIPE,20260831,294.0,298.0,291.0,294.1,193298
PRISMX,20260831,0.55,0.55,0.53,0.53,92520
PRITI,20260831,34.64,34.64,33.0,33.25,6532
PRITIKAUTO,20260831,17.01,17.18,16.91,17.06,77545
PRIVISCL,20260831,3494.0,3494.0,3452.9,3474.1,38039
PROSTARM,20260831,134.61,138.99,133.0,136.18,164277
PROTEAN,20260831,538.75,538.75,519.75,520.85,267912
PROZONER,20260831,44.0,45.49,43.82,44.92,215308
PRSMJOHNSN,20260831,111.18,112.66,110.81,111.22,343283
PRUDENT,20260831,3404.3,4105.5,3365.9,3674.4,43144
PRUDMOULI,20260831,16.21,16.98,15.66,16.5,13485
PSB,20260831,23.25,23.25,22.81,22.89,973565
PSPPROJECT,20260831,889.0,898.8,873.6,876.7,31465
PSUBANK,20260831,86.15,86.15,84.68,85.27,172118
PSUBANKADD,20260831,86.16,86.63,85.65,86.23,15987
PSUBNKBEES,20260831,96.04,96.04,94.55,95.17,1546760
PSUBNKIETF,20260831,86.58,87.17,85.85,86.54,122452
PTC,20260831,157.69,157.69,150.25,150.89,9086084
PTCIL,20260831,21920.0,22795.0,21550.0,22114.0,80039
PTL,20260831,39.27,39.3,38.2,38.65,34913
PUNJABCHEM,20260831,1135.1,1135.1,1101.0,1118.5,5507
PURVA,20260831,214.01,216.96,211.22,212.93,68816
PVP,20260831,67.88,68.48,63.33,68.48,6346569
PVRINOX,20260831,1228.0,1239.4,1192.4,1207.7,371061
PVSL,20260831,100.5,106.19,100.05,105.02,28175
PVTBANIETF,20260831,28.15,28.17,27.87,28.05,1368111
PVTBANK,20260831,27.9,27.96,27.7,27.96,597
PVTBANKADD,20260831,28.19,28.27,28.1,28.16,81870
PVTBKGROWW,20260831,28.22,28.22,27.65,27.92,23319
PWL,20260831,120.0,120.2,115.57,116.3,9879919
PYRAMID,20260831,160.02,160.28,158.0,158.47,18960
QGOLDHALF,20260831,134.44,134.44,124.82,127.78,143335
QMSMEDI,20260831,153.05,157.45,152.1,157.21,34735
QNIFTY,20260831,266.0,266.0,263.82,265.3,3551
QPOWER,20260831,1502.7,1502.7,1430.0,1435.8,599422
QUADFUTURE,20260831,425.5,425.95,418.6,421.55,186934
QUAL30IETF,20260831,21.29,21.34,21.11,21.22,129355
QUALITY30,20260831,20.96,20.96,20.72,20.91,7554
QUESS,20260831,372.2,388.75,365.65,381.75,1028367
QUICKHEAL,20260831,141.9,141.9,135.2,137.0,42510
QUINT,20260831,42.99,43.0,40.0,41.02,9637
QUINTEGRA,20260831,1.27,1.33,1.21,1.21,19040
RACE,20260831,101.05,101.05,99.1,101.0,375
RACLGEAR,20260831,1536.0,1562.0,1520.0,1535.8,24297
RADAAN,20260831,3.1,3.16,2.93,3.07,15478
RADHIKAJWE,20260831,68.96,69.65,66.91,67.45,255931
RADIANTCMS,20260831,39.08,40.59,39.0,39.7,278177
RADICO,20260831,4582.6,4603.0,4471.1,4485.0,480565
RADIOCITY,20260831,6.51,6.7,6.42,6.49,53482
RAILTEL,20260831,278.2,278.45,274.5,275.9,291537
RAIN,20260831,198.0,199.9,193.5,195.35,3098328
RAINBOW,20260831,1432.0,1442.0,1410.0,1414.7,90124
RAJESHEXPO,20260831,77.5,77.5,75.1,75.93,112327
RAJMET,20260831,3.1,3.17,3.1,3.1,321476
RAJOOENG,20260831,49.31,51.0,46.85,48.09,352322
RAJPALAYAM,20260831,800.0,824.0,800.0,806.65,1769
RAJRATAN,20260831,493.0,502.0,484.55,497.15,73943
RAJRILTD,20260831,23.03,23.49,22.57,23.27,15616
RAJSREESUG,20260831,37.0,38.8,35.62,37.8,107407
RAJTV,20260831,10.63,10.63,9.88,9.88,148975
RALLIS,20260831,209.1,210.14,205.11,207.19,3166067
RAMANEWS,20260831,30.57,32.35,30.57,31.32,10106
RAMAPHO,20260831,126.99,126.99,122.35,123.36,15477
RAMASTEEL,20260831,4.38,4.38,4.33,4.33,1713362
RAMBHAJO,20260831,248.0,258.5,236.11,240.32,1761091
RAMCOCEM,20260831,899.0,899.5,877.15,879.55,134238
RAMCOIND,20260831,333.2,334.0,325.6,328.05,133130
RAMCOSYS,20260831,578.3,597.9,570.0,575.25,131141
RAMKY,20260831,356.6,357.5,348.85,351.4,63691
RAMRAT,20260831,585.95,593.65,557.55,563.7,464912
RANASUG,20260831,15.45,16.0,15.02,15.64,1689217
RANEHOLDIN,20260831,1596.5,1596.5,1564.9,1566.8,10581
RATEGAIN,20260831,935.0,953.0,915.75,937.7,488881
RATNAMANI,20260831,2616.1,2680.0,2533.4,2649.7,102160
RATNAVEER,20260831,297.0,314.9,296.0,306.02,9205781
RAYMOND,20260831,626.95,640.75,620.1,631.85,363188
RAYMONDLSL,20260831,691.35,693.2,660.0,662.75,282505
RAYMONDREL,20260831,556.0,559.0,528.05,532.2,440478
RBA,20260831,101.0,101.0,96.3,98.1,3876506
RBLBANK,20260831,380.0,384.0,378.4,380.35,2117124
RBZJEWEL,20260831,146.0,153.18,144.21,150.79,146694
RCF,20260831,119.5,119.7,113.22,113.52,7252796
RCOM,20260831,0.82,0.82,0.81,0.81,2395111
RECLTD,20260831,316.85,323.3,311.1,323.3,8007477
REDINGTON,20260831,366.5,367.6,355.35,357.75,4353084
REDTAPE,20260831,126.03,126.83,123.0,124.15,319986
REFEX,20260831,285.0,289.45,280.25,282.5,275016
REGAAL,20260831,92.51,94.47,87.8,89.02,675860
REGENCERAM,20260831,33.01,35.31,33.0,33.98,3454
RELAXO,20260831,356.75,362.2,349.75,357.85,312369
RELCHEMQ,20260831,116.5,118.0,113.0,113.85,6937
RELIABLE,20260831,139.45,143.5,135.0,137.84,48930
RELIANCE,20260831,1278.7,1297.6,1271.0,1277.0,34871137
RELIGARE,20260831,238.0,246.8,234.0,242.8,5288798
RELINFRA,20260831,59.65,61.4,59.39,59.39,200400
RELTD,20260831,157.0,160.95,154.69,159.17,208758
REMSONSIND,20260831,86.6,99.7,86.29,98.48,770390
RENUKA,20260831,24.02,25.81,23.74,24.9,49071835
REPCOHOME,20260831,365.3,367.5,361.1,363.0,42944
REPL,20260831,62.86,65.9,61.15,64.85,2161
REPRO,20260831,312.8,312.95,301.6,306.1,31415
RESPONIND,20260831,154.0,154.0,149.0,149.05,49705
RETAIL,20260831,17.64,17.82,16.7,17.69,4928
RGL,20260831,139.39,139.57,134.06,135.22,652607
RHETAN,20260831,20.27,20.43,19.1,19.11,14156310
RHFL,20260831,1.89,1.9,1.81,1.81,359965
RHIM,20260831,371.0,374.15,364.4,371.6,200536
RHL,20260831,170.0,171.7,165.1,165.46,2002
RICOAUTO,20260831,128.75,131.24,127.43,129.62,686184
RIIL,20260831,757.0,763.8,746.5,752.45,29613
RIR,20260831,160.97,161.6,157.92,159.27,96898
RISHABH,20260831,697.1,709.75,675.0,705.45,182177
RITCO,20260831,311.7,311.9,304.3,307.45,35224
RITES,20260831,217.0,219.35,214.92,218.44,367130
RKDL,20260831,18.55,19.3,18.07,18.39,21241
RKEC,20260831,23.37,23.37,22.0,22.28,11758
RKFORGE,20260831,764.15,767.25,732.95,743.6,1105931
RKSWAMY,20260831,95.8,95.8,91.07,91.79,72092
RMC,20260831,246.45,247.05,239.05,240.35,32943
RMDRIP,20260831,20.53,21.44,20.4,21.33,522750
RML,20260831,1121.0,1146.2,1115.0,1129.7,22065
RNBDENIMS,20260831,10.32,10.32,10.32,10.32,126598
ROHLTD,20260831,303.0,304.0,295.0,296.35,21976
ROLEXRINGS,20260831,180.55,184.89,179.99,180.59,1413873
ROLLT,20260831,4.24,4.24,3.96,3.96,325397
ROML,20260831,42.01,43.5,42.01,42.62,2560
ROSSARI,20260831,498.1,504.7,482.5,485.15,101837
ROSSELLIND,20260831,59.88,59.88,57.55,58.46,63801
ROSSTECH,20260831,1113.35,1139.95,1091.0,1109.95,171715
ROTO,20260831,64.31,64.31,62.5,62.85,185844
ROUTE,20260831,507.25,507.95,497.9,500.0,117673
RPEL,20260831,1748.4,1810.0,1727.4,1771.2,122182
RPGLIFE,20260831,2525.0,2678.9,2509.1,2629.0,22012
RPOWER,20260831,22.45,22.45,21.92,22.09,11431023
RPPINFRA,20260831,53.83,55.9,53.5,55.62,72107
RPPL,20260831,24.0,24.0,22.55,23.36,24357
RPSGVENT,20260831,856.0,858.0,845.1,848.4,30398
RPTECH,20260831,825.0,829.95,795.8,816.1,283619
RRECL,20260831,134.5,145.0,130.0,144.9,509
RRIL,20260831,17.69,17.69,16.1,16.81,33937
RRKABEL,20260831,2900.0,2958.0,2870.5,2928.4,644107
RSDFIN,20260831,95.45,105.4,95.38,97.02,2434
RSL,20260831,178.97,181.0,174.35,177.66,631454
RSSOFTWARE,20260831,29.75,31.4,29.73,29.74,119170
RSWM,20260831,196.0,199.05,195.0,198.41,14653
RSYSTEMS,20260831,247.9,248.0,240.1,245.3,171922
RTNINDIA,20260831,30.24,30.24,30.0,30.04,1932127
RTNPOWER,20260831,7.97,8.13,7.39,7.5,126879538
RTSPOWR,20260831,88.25,90.5,86.0,86.57,1040
RUBFILA,20260831,68.5,69.55,67.1,68.69,15682
RUBICON,20260831,1812.0,1855.0,1780.4,1819.6,319228
RUBYMILLS,20260831,380.2,399.95,380.2,384.35,4370
RUCHINFRA,20260831,5.96,5.96,5.58,5.75,41555
RUCHIRA,20260831,103.49,103.87,102.21,102.53,14605
RUDRA,20260831,20.76,21.0,20.25,20.59,630678
RUPA,20260831,148.9,149.44,146.5,147.65,71172
RUSHIL,20260831,16.79,16.79,16.25,16.4,264244
RUSTOMJEE,20260831,383.15,383.15,375.05,378.95,28391
RVHL,20260831,39.8,39.8,37.11,38.52,20317
RVNL,20260831,214.0,214.21,209.5,210.0,3633575
RVTH,20260831,736.45,755.7,720.3,726.2,301
S&SPOWER,20260831,347.3,353.6,335.0,341.6,3498
SAATVIKGL,20260831,416.65,419.7,412.5,417.95,47268
SAB,20260831,165.0,170.0,165.0,170.0,47
SADBHAV,20260831,9.25,9.25,8.45,8.45,854014
SADBHIN,20260831,2.72,2.75,2.62,2.65,129381
SADHNANIQ,20260831,2.81,2.82,2.8,2.8,958277
SAFARI,20260831,1509.0,1522.5,1488.1,1511.0,18988
SAGARDEEP,20260831,23.62,24.44,23.61,23.64,6693
SAGCEM,20260831,163.45,168.0,159.1,159.62,44025
SAGILITY,20260831,46.5,47.49,45.85,47.05,64918282
SAHLIBHFI,20260831,77.75,79.89,74.81,77.7,10086
SAHYADRI,20260831,345.0,360.0,334.45,356.2,24463
SAICAPI,20260831,154.7,154.7,153.0,154.0,298
SAIL,20260831,198.1,200.39,195.0,195.0,22055932
SAILIFE,20260831,1485.0,1496.5,1453.2,1459.7,694617
SAIPARENT,20260831,525.0,525.0,512.6,520.2,49261
SAKAR,20260831,856.3,883.45,856.3,863.35,91765
SAKHTISUG,20260831,21.0,21.9,20.18,21.2,593948
SAKSOFT,20260831,160.2,160.2,154.92,155.35,279505
SAKUMA,20260831,1.71,1.72,1.63,1.66,906773
SALASAR,20260831,5.97,6.02,5.85,5.91,1530241
SALONA,20260831,268.0,281.0,266.0,266.02,1040
SALSTEEL,20260831,76.1,78.88,76.1,78.8,435331
SALZERELEC,20260831,553.15,553.15,537.0,546.4,38933
SAMBANDAM,20260831,121.9,121.9,115.05,116.02,596
SAMBHAAV,20260831,6.47,6.47,6.05,6.06,37192
SAMBHV,20260831,127.42,132.34,124.17,127.91,2152304
SAMHI,20260831,156.43,157.0,154.56,156.36,426311
SAMMAANCAP,20260831,145.27,147.35,143.86,146.31,6659948
SAMPANN,20260831,26.5,26.5,25.5,26.05,8955
SANATHAN,20260831,446.55,460.9,441.9,452.25,27871
SANDESH,20260831,1009.45,1100.05,980.0,1050.7,4202
SANDHAR,20260831,649.25,672.0,642.2,653.55,174941
SANDUMA,20260831,205.44,205.44,200.57,202.39,364416
SANGAMIND,20260831,602.95,603.0,586.1,600.2,15394
SANGHVIMOV,20260831,445.8,460.0,433.3,457.25,413687
SANGINITA,20260831,55.97,55.97,55.97,55.97,47711
SANOFI,20260831,3181.7,3193.4,3100.0,3124.0,65474
SANOFICONR,20260831,4202.8,4202.8,4131.1,4140.2,3110
SANSERA,20260831,3858.9,4051.0,3820.6,4018.0,292153
SANSTAR,20260831,108.85,113.4,106.8,110.36,326714
SANWARIA,20260831,0.2,0.2,0.19,0.19,1520045
SAPPHIRE,20260831,230.0,237.21,223.5,234.41,1392904
SAPPL,20260831,290.0,290.0,276.25,276.35,412
SARDAEN,20260831,508.0,508.3,497.1,498.9,307887
SAREGAMA,20260831,492.0,492.0,475.0,479.9,710963
SARLAPOLY,20260831,98.5,100.78,98.09,100.01,62251
SARVESHWAR,20260831,3.36,3.43,3.31,3.36,1409424
SASKEN,20260831,1869.3,1913.0,1865.1,1899.5,11695
SATIA,20260831,57.5,58.25,56.75,56.88,143711
SATIN,20260831,219.1,225.0,218.03,224.02,192731
SAURASHCEM,20260831,56.6,56.92,55.12,55.82,72981
SAYAJIHOTL,20260831,315.7,323.8,286.5,318.55,321
SAYAJIIND,20260831,117.55,122.81,117.0,118.66,4170
SBC,20260831,42.09,42.92,41.5,42.15,6715269
SBCL,20260831,1066.6,1100.9,1022.05,1070.0,466545
SBFC,20260831,98.55,99.98,97.54,98.82,1305140
SBGLP,20260831,24.03,25.63,23.15,24.16,17199
SBIBPB,20260831,50.22,50.27,49.0,49.29,83572
SBICARD,20260831,632.9,668.45,632.9,644.75,26270918
SBIETFCON,20260831,123.36,123.36,122.05,122.16,3324
SBIETFIT,20260831,348.9,349.44,340.32,344.14,5760
SBIETFPB,20260831,285.68,285.68,282.89,283.45,2698
SBIETFQLTY,20260831,228.68,228.68,222.1,224.22,2541
SBIFUNDS,20260831,564.55,579.0,557.2,577.5,4691405
SBILIFE,20260831,1760.0,1761.1,1739.0,1740.5,796284
SBILIQETF,20260831,1054.04,1054.06,1054.04,1054.05,27528
SBIMIDMOM,20260831,65.42,65.44,64.33,64.54,94378
SBIN,20260831,1041.2,1060.0,1034.5,1060.0,5138732
SBINEQWETF,20260831,33.94,33.94,33.26,33.45,409974
SBINMID150,20260831,23.79,23.79,23.29,23.49,35328
SBISILVER,20260831,236.04,236.12,225.85,228.47,2012180
SBISMLETF,20260831,18.52,18.66,18.29,18.45,44040
SBIVALETF,20260831,14.94,15.8,14.57,15.06,12628
SCANSTL,20260831,62.4,62.4,58.0,58.84,22802
SCHAEFFLER,20260831,4018.0,4040.3,3961.1,4014.8,51700
SCHAND,20260831,137.97,138.99,135.01,137.76,29511
SCHNEIDER,20260831,1203.0,1246.0,1173.9,1219.2,355115
SCI,20260831,299.0,299.0,288.55,289.6,2271173
SCILAL,20260831,40.16,40.54,39.56,39.7,224016
SCODATUBES,20260831,131.8,131.8,126.92,128.38,89144
SCPL,20260831,645.8,655.0,621.2,634.75,7192
SDBL,20260831,73.45,73.64,71.54,72.7,352408
SEAMECLTD,20260831,1682.5,1690.8,1651.0,1674.8,37989
SECMARK,20260831,153.99,179.5,153.99,163.27,111273
SECURKLOUD,20260831,17.35,18.15,17.06,17.51,25332
SEDEMAC,20260831,3013.0,3182.0,2978.2,3089.4,782871
SEIL,20260831,206.67,206.67,200.3,203.26,204552
SEJALLTD,20260831,682.85,707.0,673.55,707.0,10759
SEKURITIND,20260831,115.43,118.01,114.01,114.45,21054
SELECTIPO,20260831,49.2,49.5,48.63,48.9,58229
SELMC,20260831,27.71,28.5,27.31,27.35,1817
SEMAC,20260831,280.0,285.0,273.6,281.95,2653
SENCO,20260831,354.25,354.75,345.35,348.6,579076
SENORES,20260831,1484.8,1500.1,1423.1,1432.8,324239
SENSEXADD,20260831,79.64,80.0,79.2,79.31,1147
SENSEXAXIS,20260831,80.05,80.11,79.76,80.07,3557
SENSEXBETA,20260831,867.67,867.67,846.3,854.33,2264
SENSEXETF,20260831,79.82,79.82,79.25,79.43,17103
SENSEXIETF,20260831,885.36,889.87,882.0,887.02,15715
SEPC,20260831,5.51,5.56,5.36,5.44,15935115
SERVOTECH,20260831,80.97,80.97,79.58,79.79,248549
SESHAPAPER,20260831,227.8,231.58,226.99,229.34,28496
SETCO,20260831,18.3,18.3,17.16,17.7,64762
SETF10GILT,20260831,265.75,265.75,262.61,264.69,2180
SETFGOLD,20260831,132.3,132.3,130.04,131.45,5441668
SETFNIF50,20260831,257.89,261.06,257.89,259.76,867183
SETFNIFBK,20260831,591.6,592.6,588.42,590.75,91514
SETFNN50,20260831,800.6,800.6,785.03,787.71,29423
SETL,20260831,372.4,382.4,356.45,369.5,2536650
SETUINFRA,20260831,0.49,0.5,0.46,0.49,104460
SEYAIND,20260831,12.44,12.44,12.2,12.2,5777
SFL,20260831,635.0,649.0,627.8,641.75,136813
SGFIN,20260831,683.0,708.4,683.0,688.65,278985
SGIL,20260831,621.0,621.0,577.55,603.0,5022
SGL,20260831,10.13,10.61,10.13,10.39,5327
SGLRES,20260831,2.54,2.54,2.3,2.38,54234
SGMART,20260831,793.35,819.0,785.5,803.3,715922
SGRL,20260831,639.75,651.1,588.95,606.7,143393
SHADOWFAX,20260831,246.7,260.0,244.66,258.48,4368759
SHAH,20260831,3.83,3.83,3.49,3.61,4193267
SHAHALLOYS,20260831,106.9,116.85,106.01,107.69,1233591
SHAILY,20260831,3252.8,3349.0,3216.0,3272.3,197794
SHAKTIPUMP,20260831,492.1,493.45,485.05,486.4,222429
SHALBY,20260831,154.42,156.79,153.02,155.27,51062
SHALPAINTS,20260831,80.45,81.95,78.7,80.84,45942
SHANKARA,20260831,145.0,146.75,145.0,146.14,33413
SHANKESH,20260831,91.5,94.0,89.32,93.22,4454088
SHANTI,20260831,6.14,7.57,6.08,6.59,103643
SHANTIGEAR,20260831,520.0,537.0,511.0,525.5,188065
SHANTIGOLD,20260831,242.3,251.5,239.9,246.67,1752486
SHARDACROP,20260831,789.0,789.25,763.4,766.9,113477
SHARDAMOTR,20260831,877.2,885.65,865.0,882.9,23685
SHARDUL,20260831,52.0,53.4,51.55,51.96,10442
SHAREINDIA,20260831,168.0,174.95,167.2,172.71,497729
SHARIABEES,20260831,461.72,464.23,454.72,458.53,5022
SHBAJRG,20260831,168.3,172.74,162.0,167.21,5060
SHEKHAWATI,20260831,15.93,16.48,15.35,16.44,17152
SHEMAROO,20260831,122.31,129.59,122.31,125.0,5700
SHILCTECH,20260831,4084.2,4096.1,3996.1,4042.9,15750
SHILGRAVQ,20260831,170.07,171.0,152.5,155.87,13125
SHILPAMED,20260831,907.15,950.0,873.2,949.3,2572207
SHINDL,20260831,163.5,165.96,160.3,162.79,174580
SHIPROCKET,20260831,124.74,141.99,124.05,138.89,55899452
SHIVAAGRO,20260831,43.98,43.98,42.0,42.5,990
SHIVACEM,20260831,16.79,16.79,16.0,16.12,84227
SHIVALIK,20260831,311.95,322.19,305.8,322.19,40579
SHIVAMAUTO,20260831,17.99,18.5,17.2,17.63,223747
SHIVAMILLS,20260831,62.39,62.4,59.15,62.39,1168
SHIVATEX,20260831,177.0,192.3,174.0,181.17,85297
SHIVAUM,20260831,450.0,450.0,446.0,446.0,905
SHK,20260831,152.48,152.88,150.01,151.46,257115
SHOPERSTOP,20260831,379.7,391.0,376.6,383.85,22333
SHRADDHA,20260831,164.0,167.99,161.5,165.82,19969
SHRADHA,20260831,32.15,32.4,31.05,31.84,12956
SHREDIGCEM,20260831,77.99,77.99,74.5,75.03,64609
SHREECEM,20260831,23950.0,23990.0,23200.0,23200.0,20510
SHREEJISPG,20260831,652.0,657.6,628.0,644.6,1384681
SHREEPUSHK,20260831,450.0,491.0,440.8,470.5,238347
SHREERAMA,20260831,43.85,43.85,41.2,41.57,55022
SHRENIK,20260831,0.3,0.31,0.29,0.3,620075
SHREYANIND,20260831,123.01,126.5,122.88,125.46,6494
SHRIKRISH,20260831,41.1,41.1,36.07,36.55,1465
SHRINGARMS,20260831,220.17,222.49,217.2,219.51,219837
SHRIPISTON,20260831,4572.2,4630.0,4469.6,4609.2,106315
SHRIRAMFIN,20260831,1080.0,1109.9,1060.1,1109.9,5859843
SHRIRAMPPS,20260831,76.51,80.5,75.3,77.03,1553689
SHRJAGP,20260831,590.05,660.0,590.05,632.0,6084
SHUKRAPHAR,20260831,46.99,46.99,44.29,44.39,1624555
SHYAMCENT,20260831,4.9,4.99,4.85,4.92,51497
SHYAMMETL,20260831,1107.4,1107.4,1081.8,1093.5,482400
SHYAMTEL,20260831,13.87,13.87,12.49,13.35,5438
SICAGEN,20260831,54.13,54.99,53.5,54.04,17574
SICALLOG,20260831,103.5,105.85,100.3,101.03,37697
SIEL,20260831,32.78,32.78,31.15,32.31,2373
SIEMENS,20260831,4061.4,4068.7,3997.0,4030.0,222185
SIGACHI,20260831,33.15,33.66,32.25,32.62,2277888
SIGIND,20260831,71.73,71.73,69.0,70.63,4449
SIGMA,20260831,47.9,49.43,47.21,48.35,178401
SIGMAADV,20260831,775.0,790.0,742.0,781.95,284883
SIGNATURE,20260831,776.25,785.6,755.4,769.9,304138
SIGNPOST,20260831,259.0,259.5,252.3,254.75,54760
SIKA,20260831,1018.6,1018.8,984.5,995.9,22965
SIKKO,20260831,5.07,5.12,4.92,5.02,308488
SIL,20260831,19.22,19.78,18.9,19.15,37093
SILGO,20260831,76.19,76.9,72.2,72.83,98442
SILINV,20260831,490.05,494.7,480.0,488.75,3191
SILLYMONKS,20260831,16.1,16.4,16.0,16.0,7003
SILVER,20260831,238.22,238.22,230.69,233.17,1196942
SILVER001,20260831,24.0,24.4,23.2,23.58,184325
SILVER1,20260831,23.29,23.29,22.27,22.64,7566622
SILVER360,20260831,231.4,231.4,226.87,229.14,15850
SILVERADD,20260831,23.79,23.79,22.12,22.5,4913522
SILVERAG,20260831,227.83,227.83,224.7,227.11,363309
SILVERAXIS,20260831,240.0,243.75,229.14,232.03,1049189
SILVERBEES,20260831,220.77,223.75,219.7,223.21,28887685
SILVERBETA,20260831,225.1,225.72,222.42,225.14,1329906
SILVERBND,20260831,236.5,240.39,231.64,234.3,56806
SILVERCASE,20260831,24.49,24.98,23.32,23.72,10708909
SILVERIETF,20260831,231.65,233.78,229.94,233.18,4383236
SILVERTUC,20260831,178.22,182.0,168.25,172.27,602062
SIMBHALS,20260831,8.56,8.6,8.43,8.43,49256
SIMPLEXINF,20260831,279.99,282.59,265.0,268.83,211640
SIMPLXREA,20260831,136.68,136.68,136.68,136.68,3
SINCLAIR,20260831,82.01,84.0,80.0,82.38,38575
SINDHUTRAD,20260831,24.99,25.14,24.42,24.98,1683690
SINGERIND,20260831,77.99,79.0,76.0,76.45,46618
SINTERCOM,20260831,85.7,85.7,78.05,78.81,1818
SIRCA,20260831,436.0,439.4,431.0,434.95,311961
SIS,20260831,431.0,434.45,425.5,428.65,191449
SITINET,20260831,0.28,0.29,0.28,0.29,899263
SIYSIL,20260831,567.55,568.95,553.15,563.55,32641
SJS,20260831,2517.9,2530.2,2447.0,2488.6,79007
SJVN,20260831,64.6,65.09,64.0,64.71,1918159
SKFINDIA,20260831,1571.3,1571.3,1544.2,1553.9,47153
SKFINDUS,20260831,2952.2,3049.9,2878.6,2983.3,59895
SKIL,20260831,0.8,0.86,0.78,0.83,52463
SKIPPER,20260831,544.0,550.15,528.05,541.2,996742
SKMEGGPROD,20260831,257.1,274.3,255.1,267.9,762059
SKYGOLD,20260831,811.95,829.0,795.05,807.1,847848
SMALL250,20260831,18.64,18.93,18.35,18.44,455610
SMALLADD,20260831,18.75,18.9,18.4,18.53,327534
SMALLCAP,20260831,49.16,49.2,48.62,48.99,1248421
SMALLGROWW,20260831,50.44,50.44,48.8,48.98,19649
SMALLIETF,20260831,18.76,18.76,18.34,18.45,107260
SMARTLINK,20260831,229.45,233.0,215.65,216.52,17615
SMARTWORKS,20260831,538.75,548.0,533.95,537.55,21633
SMCGLOBAL,20260831,79.4,80.9,78.65,79.28,440367
SML100CASE,20260831,11.52,11.52,11.26,11.34,2284608
SMLMAH,20260831,5188.0,5194.0,5079.0,5108.0,35564
SMLT,20260831,67.1,67.1,64.0,64.6,9432
SMSPHARMA,20260831,354.05,378.5,350.55,371.85,460761
SNOWMAN,20260831,37.93,37.93,36.82,37.3,136219
SNXT30BEES,20260831,43.13,43.4,42.68,42.96,3114
SNXT50BETA,20260831,96.24,96.79,94.05,94.63,3837
SOBHA,20260831,1278.8,1278.8,1236.4,1255.9,147325
SOFTTECH,20260831,425.0,425.0,414.0,415.6,5851
SOLARA,20260831,626.0,642.45,615.35,632.65,225921
SOLARINDS,20260831,20400.0,20400.0,19959.0,20108.0,100997
SOLARWORLD,20260831,149.78,149.78,145.5,146.67,174966
SOLEX,20260831,764.85,764.85,733.0,739.3,41350
SOMANYCERA,20260831,567.0,575.1,555.5,557.3,155520
SOMATEX,20260831,78.12,80.9,78.0,80.14,9955
SOMICONVEY,20260831,90.05,98.4,90.05,91.27,8810
SONACOMS,20260831,810.5,820.5,799.4,813.05,1604737
SONAL,20260831,86.1,86.4,84.51,84.51,193
SONAMLTD,20260831,74.4,80.0,74.01,77.82,977687
SONATSOFTW,20260831,304.6,306.5,290.5,292.05,1017371
SOTL,20260831,700.1,700.1,673.0,688.5,181948
SOUTHBANK,20260831,45.7,46.15,45.07,45.66,12044453
SOUTHWEST,20260831,208.7,208.75,203.11,204.92,65549
SPAL,20260831,1050.0,1073.55,1020.0,1050.25,263158
SPANDANA,20260831,244.0,244.3,240.1,240.95,59366
SPARC,20260831,207.0,207.0,195.01,199.33,2212493
SPCENET,20260831,3.39,3.39,3.06,3.1,1943272
SPECIALITY,20260831,145.0,145.0,137.25,140.17,28613
SPECTRUM,20260831,2101.0,2169.9,2100.0,2120.5,1947
SPELS,20260831,152.0,152.0,146.01,147.19,39129
SPENCERS,20260831,29.32,29.98,29.32,29.76,20176
SPIC,20260831,68.95,69.09,67.32,67.74,271707
SPLIL,20260831,33.13,33.99,32.5,32.52,1601
SPLPETRO,20260831,701.0,743.5,700.25,729.05,1221778
SPMLINFRA,20260831,180.0,182.99,176.81,181.5,177644
SPORTKING,20260831,223.0,230.0,218.74,226.71,338311
SRD,20260831,40.69,40.7,39.72,39.95,33814
SREEL,20260831,245.0,250.99,243.64,247.8,13275
SRF,20260831,2587.1,2595.7,2552.0,2560.4,311993
SRGHFL,20260831,256.05,259.9,255.6,259.35,901
SRHHYPOLTD,20260831,474.0,504.6,474.0,501.55,39367
SRIKPRIND,20260831,21.09,21.2,20.26,21.13,3520
SRM,20260831,464.9,476.4,450.0,451.8,134684
SRTL,20260831,38.49,39.45,37.5,38.55,34978
SSDL,20260831,57.99,58.0,56.11,56.46,14784
SSWL,20260831,295.45,307.7,291.25,305.65,636712
STALLION,20260831,210.8,219.5,207.5,211.0,294058
STANLEY,20260831,137.39,138.95,136.0,136.57,51723
STAR,20260831,1029.0,1038.1,1006.9,1025.0,426871
STARCEMENT,20260831,186.0,192.99,180.12,184.76,2762342
STARHEALTH,20260831,570.1,578.0,562.2,567.75,354531
STARPAPER,20260831,155.95,155.95,150.25,152.47,5108
STARTECK,20260831,256.15,260.9,253.15,253.8,138
STCINDIA,20260831,117.7,117.7,116.1,116.29,10845
STEELCAS,20260831,344.8,351.75,332.0,349.8,56252
STEELCITY,20260831,85.5,85.5,82.35,83.88,8464
STEELXIND,20260831,10.57,10.7,10.45,10.58,837907
STEL,20260831,636.9,689.95,628.1,661.2,19646
STERTOOLS,20260831,217.5,221.8,215.0,217.3,10522
STLNETWORK,20260831,27.67,28.64,27.55,28.15,3890428
STLSTRINF,20260831,19.17,20.9,17.5,19.82,2118
STLTECH,20260831,745.0,757.7,715.2,728.45,1785527
STOVEKRAFT,20260831,797.5,859.0,795.0,849.2,794805
STUDDS,20260831,444.65,450.9,443.35,445.0,23747
STYL,20260831,400.0,406.75,370.0,385.8,166797
STYLAMIND,20260831,3502.0,3517.0,3450.0,3464.5,24111
STYLEBAAZA,20260831,410.0,414.95,398.75,400.85,656876
STYRENIX,20260831,2007.0,2020.8,1964.4,2002.2,40863
SUBEXLTD,20260831,18.13,18.69,17.61,18.48,3529283
SUBROS,20260831,726.2,732.65,714.55,717.5,27864
SUDARCOLOR,20260831,399.0,399.0,380.0,385.25,9327
SUDARSCHEM,20260831,1262.2,1275.0,1235.1,1266.8,796088
SUDEEPPHRM,20260831,1179.0,1209.7,1143.65,1209.7,329218
SUKHJITS,20260831,159.79,161.78,157.22,158.74,5571
SULA,20260831,147.01,150.5,146.1,147.2,250997
SUMEDHA,20260831,42.0,42.0,39.08,39.5,13789
SUMEETINDS,20260831,12.68,12.78,12.21,12.28,1512908
SUMICHEM,20260831,517.95,523.0,513.5,517.45,133240
SUMIT,20260831,51.0,52.77,49.83,50.14,31781
SUMMITSEC,20260831,1438.5,1447.8,1399.8,1426.7,4680
SUNCLAY,20260831,1260.1,1350.0,1248.0,1305.6,24505
SUNDARAM,20260831,1.28,1.28,1.24,1.25,399498
SUNDARMFIN,20260831,4574.4,4579.0,4502.1,4540.0,232053
SUNDRMBRAK,20260831,762.2,780.45,762.2,770.45,542
SUNDRMFAST,20260831,1200.0,1213.9,1188.0,1203.9,194540
SUNDROP,20260831,653.0,670.0,648.0,660.1,15620
SUNFLAG,20260831,350.0,350.5,339.1,340.3,137980
SUNLOC,20260831,80.0,81.0,75.94,80.76,4507
SUNPHARMA,20260831,1917.0,1984.8,1905.0,1984.8,2413221
SUNRAKSHAK,20260831,372.5,374.0,365.0,367.7,5767
SUNSHIEL,20260831,1182.0,1200.0,1130.0,1148.8,3753
SUNSHINE,20260831,440.95,467.95,428.8,455.75,7625144
SUNTECK,20260831,306.0,306.0,300.45,302.75,74196
SUNTV,20260831,473.8,476.3,458.6,466.15,862089
SUPERHOUSE,20260831,175.57,175.57,166.25,170.6,6452
SUPERSPIN,20260831,6.42,6.42,6.09,6.42,93202
SUPRAJIT,20260831,503.0,509.65,499.6,503.5,57697
SUPREME,20260831,38.78,38.81,37.55,37.84,25439
SUPREMEENG,20260831,2.83,2.83,2.83,2.83,213872
SUPREMEIND,20260831,3621.5,3681.0,3559.0,3559.0,580445
SUPREMEINF,20260831,83.25,86.6,83.25,83.78,37665
SUPRIYA,20260831,811.0,811.0,783.1,798.3,178015
SUPTANERY,20260831,14.71,14.71,14.71,14.71,90405
SURAJEST,20260831,198.68,198.69,190.29,191.01,160144
SURAJLTD,20260831,210.0,210.0,201.01,202.07,853
SURAKSHA,20260831,341.0,348.95,335.45,338.55,138365
SURANASOL,20260831,25.85,27.05,25.45,26.85,84858
SURANAT&P,20260831,16.47,16.47,16.11,16.36,65334
SURYALA,20260831,378.5,378.5,376.15,378.0,281
SURYALAXMI,20260831,57.0,61.3,57.0,60.16,13957
SURYAROSNI,20260831,220.46,221.99,218.0,219.71,217239
SURYODAY,20260831,154.25,157.49,153.0,154.69,391182
SUTLEJTEX,20260831,38.51,40.25,38.16,40.07,19342
SUVEN,20260831,365.5,395.0,363.15,392.05,1703616
SUVIDHAA,20260831,2.4,2.4,2.18,2.19,164440
SUYOG,20260831,745.3,753.65,732.9,740.75,18146
SUZLON,20260831,46.79,47.52,45.92,47.52,59911853
SVGLOBAL,20260831,130.35,138.77,123.3,138.44,172
SVLL,20260831,785.0,824.25,785.0,815.55,5765
SVPGLOB,20260831,3.75,3.86,3.6,3.62,55484
SWANCORP,20260831,298.15,299.3,290.15,293.3,755979
SWANDEF,20260831,2455.1,2475.0,2401.0,2448.0,6341
SWARAJ,20260831,366.4,373.95,360.1,363.5,82415
SWARAJENG,20260831,3545.0,3624.9,3532.1,3569.3,16022
SWARNSAR,20260831,35.95,36.0,33.85,35.35,18810
SWELECTES,20260831,588.0,604.4,585.85,588.5,16197
SWIGGY,20260831,280.95,281.9,276.15,281.9,16143985
SWISSMLTRY,20260831,17.1,17.1,16.25,16.28,98302
SWSOLAR,20260831,194.5,195.17,188.0,189.33,885872
SYMPHONY,20260831,592.0,594.4,584.0,586.45,50055
SYNCOMF,20260831,19.58,19.95,19.16,19.49,16267062
SYNGENE,20260831,406.5,407.7,398.8,400.75,493962
SYRMA,20260831,1474.3,1474.3,1392.6,1437.0,1596920
SYSTMTXC,20260831,58.78,58.78,57.15,57.9,9344
TAALTECH,20260831,4592.0,4592.0,4495.0,4518.8,3895
TAINWALCHM,20260831,215.7,215.7,209.0,209.94,914
TAJGVK,20260831,341.1,341.1,334.0,335.65,50366
TAKE,20260831,15.34,15.34,15.34,15.34,56992
TALBROAUTO,20260831,400.0,414.0,394.5,411.4,170040
TAMBOLIIN,20260831,264.62,264.62,251.15,255.0,4129
TANAA,20260831,293.1,296.8,288.55,289.95,9888
TANLA,20260831,543.0,543.0,528.0,530.15,399862
TARACHAND,20260831,48.0,48.41,47.5,47.88,75871
TARAPUR,20260831,14.43,15.18,12.99,13.4,55683
TARC,20260831,120.9,120.9,116.57,118.44,334660
TARIL,20260831,317.05,326.95,309.1,313.8,11756303
TARMAT,20260831,58.37,62.31,57.65,61.35,63133
TARSONS,20260831,330.0,335.0,323.6,331.65,67668
TASTYBITE,20260831,10071.5,10199.0,9950.0,10139.0,3378
TATACAP,20260831,371.0,373.6,366.6,367.9,545009
TATACHEM,20260831,659.0,662.0,639.5,643.0,592924
TATACOMM,20260831,1695.0,1733.0,1690.0,1723.4,325333
TATACONSUM,20260831,1036.4,1045.1,1028.0,1037.5,1686812
TATAELXSI,20260831,3685.0,3685.1,3578.6,3578.6,168290
TATAGOLD,20260831,15.36,15.36,14.72,14.96,71879880
TATAINVEST,20260831,639.0,651.7,635.05,642.2,235239
TATAPOWER,20260831,351.6,351.85,347.0,347.0,6003565
TATASTEEL,20260831,185.35,185.82,181.4,184.35,36802869
TATATECH,20260831,833.0,840.0,813.0,831.05,1402484
TATSILV,20260831,23.18,23.18,22.23,22.62,55567507
TATVA,20260831,1633.9,1650.0,1611.0,1626.7,32839
TBOTEK,20260831,1677.7,1750.0,1651.5,1745.1,454414
TBZ,20260831,309.85,309.85,292.65,305.7,1158968
TCC,20260831,225.35,229.3,219.15,225.15,255986
TCI,20260831,888.1,904.95,863.0,868.0,33254
TCIEXP,20260831,555.8,555.8,543.6,547.55,15736
TCIFINANCE,20260831,15.0,15.89,14.84,15.25,8728
TCPLPACK,20260831,3825.5,4043.8,3792.4,3908.1,17193
TCS,20260831,2342.0,2399.3,2306.2,2399.3,2905846
TDPOWERSYS,20260831,760.0,792.4,751.4,777.0,3155375
TEAMGTY,20260831,235.0,249.5,235.0,242.06,577
TEAMLEASE,20260831,1280.6,1299.0,1258.7,1283.5,16899
TECH,20260831,34.32,34.32,33.56,33.85,28345
TECHM,20260831,1640.0,1640.9,1609.1,1628.0,2975369
TECHNOCRAF,20260831,375.68,377.8,361.45,369.12,972438
TECHNOE,20260831,1030.65,1031.0,978.0,982.05,219040
TECHNVISN,20260831,5300.6,5550.0,5105.1,5249.6,521
TECILCHEM,20260831,9.62,9.98,9.1,9.43,25091
TEGA,20260831,1658.7,1658.7,1581.0,1586.3,183472
TEJASNET,20260831,550.15,566.8,539.15,559.75,6707173
TEMBO,20260831,58.3,59.2,57.2,58.05,1303121
TEMPSENS,20260831,579.0,585.0,557.1,563.6,8261866
TENNIND,20260831,537.8,539.45,526.0,529.4,1327955
TERAI,20260831,103.0,129.0,103.0,121.6,276
TERASOFT,20260831,296.3,303.6,283.0,287.2,27513
TEXINFRA,20260831,111.0,111.9,111.0,111.23,72236
TEXMOPIPES,20260831,46.9,47.24,45.24,45.6,15433
TEXRAIL,20260831,109.49,110.6,108.01,108.95,1148942
TFCILTD,20260831,140.54,142.09,139.26,139.92,5282135
TFL,20260831,11.93,12.97,11.91,11.93,5700
TGBHOTELS,20260831,9.69,10.24,9.45,9.84,54811
TGVSL,20260831,105.24,106.02,103.24,104.4,91107
THACKER,20260831,1000.0,1000.0,990.0,990.0,41
THAKDEV,20260831,140.65,149.97,140.65,149.97,30
THANGAMAYL,20260831,5430.0,5464.5,5302.5,5412.0,89821
THEINVEST,20260831,95.0,97.5,93.0,95.51,8082
THEJO,20260831,2075.5,2100.0,2025.0,2076.6,3146
THELEELA,20260831,560.0,582.85,554.3,570.4,1539789
THEMISMED,20260831,125.5,126.69,121.5,124.76,131074
THERMAX,20260831,3964.0,3964.3,3875.0,3901.6,97468
THOMASCOOK,20260831,108.35,108.45,105.11,107.92,737720
THOMASCOTT,20260831,279.0,279.0,270.0,271.4,25403
THYROCARE,20260831,584.35,613.0,577.3,604.5,647414
TI,20260831,563.3,577.0,556.75,561.05,910070
TICL,20260831,9.19,9.19,8.64,8.65,177787
TIGERLOGS,20260831,28.65,29.63,28.06,28.26,67699
TIIL,20260831,3303.9,3386.8,3271.0,3281.5,38183
TIINDIA,20260831,2828.0,2828.0,2766.0,2780.0,176869
TIJARIA,20260831,6.48,6.48,5.67,6.21,158657
TIL,20260831,241.9,241.9,234.55,234.8,47273
TIMETECHNO,20260831,185.0,189.0,183.0,187.19,3297926
TIMEX,20260831,659.95,687.8,646.8,679.45,692144
TIMKEN,20260831,3145.9,3177.8,3118.0,3149.6,27757
TINNARUBR,20260831,995.1,1008.8,977.5,997.1,51692
TIPSFILMS,20260831,341.7,341.7,333.8,335.55,1633
TIPSMUSIC,20260831,643.0,649.9,639.1,643.85,122917
TIRUMALCHM,20260831,163.1,166.39,159.0,160.06,1243093
TIRUPATIFL,20260831,69.99,71.5,67.28,68.99,141489
TITAGARH,20260831,832.95,833.95,815.0,818.1,323671
TITAN,20260831,5159.0,5159.0,5088.0,5102.4,630695
TMB,20260831,886.05,941.85,878.95,932.6,776594
TMCV,20260831,466.2,474.4,459.5,471.1,15309357
TMPV,20260831,318.4,318.9,308.85,308.85,9986158
TNIDETF,20260831,91.64,91.77,91.0,91.3,239956
TNPETRO,20260831,112.02,127.8,111.7,120.77,21800591
TNPL,20260831,141.26,141.76,140.06,140.88,57978
TNTELE,20260831,9.09,9.09,8.8,8.91,32755
TOKYOPLAST,20260831,75.27,78.79,74.04,77.09,919
TOLINS,20260831,95.8,95.82,93.5,94.59,43037
TOP100CASE,20260831,10.74,10.74,10.56,10.6,823495
TOP10ADD,20260831,88.35,88.36,86.27,87.6,282511
TOP15IETF,20260831,9.9,9.98,9.84,9.86,95386
TOP20,20260831,8.98,8.98,8.92,8.95,12782
TORNTPHARM,20260831,5048.0,5066.0,4890.0,5066.0,650409
TORNTPOWER,20260831,1218.0,1226.1,1208.0,1215.1,486515
TOTAL,20260831,72.1,72.1,68.0,68.64,23071
TOUCHWOOD,20260831,62.94,62.94,59.0,59.13,2924
TOYAMSL,20260831,0.64,0.64,0.62,0.63,176790
TPHQ,20260831,0.53,0.55,0.51,0.55,1040886
TPLPLASTEH,20260831,73.95,75.29,70.95,71.5,163895
TRACXN,20260831,29.77,31.3,29.77,30.14,178657
TRANSCOR,20260831,25.3,26.25,24.0,26.14,3997
TRANSPEK,20260831,1369.8,1438.8,1369.4,1438.8,15061
TRANSRAILL,20260831,453.0,453.95,435.65,437.9,1425848
TRANSWORLD,20260831,173.2,173.2,173.2,173.2,469
TRAVELFOOD,20260831,1304.9,1312.4,1269.0,1299.6,58878
TREEHOUSE,20260831,6.27,6.5,6.13,6.25,12835
TREJHARA,20260831,146.0,154.0,143.45,146.75,24730
TREL,20260831,27.18,27.39,26.5,26.93,56610
TRENT,20260831,2895.9,2901.2,2865.1,2879.9,976926
TRF,20260831,229.6,230.79,226.14,227.55,7573
TRIDENT,20260831,24.29,24.29,24.01,24.18,2879797
TRIGYN,20260831,63.45,64.8,60.55,60.76,76071
TRITONV,20260831,1177.9,1177.9,1120.0,1139.9,3097
TRITURBINE,20260831,580.0,589.3,571.55,578.15,359842
TRIVENI,20260831,282.45,297.99,282.0,295.64,1896432
TRU,20260831,4.06,4.25,4.01,4.05,123197
TRUALT,20260831,435.0,435.25,413.65,429.6,308868
TSFINV,20260831,406.6,407.1,398.4,401.2,46952
TTKHLTCARE,20260831,1144.0,1193.8,1112.8,1159.7,100491
TTKPRESTIG,20260831,594.0,594.45,581.0,583.8,73699
TTL,20260831,6.5,6.88,6.49,6.64,245577
TTML,20260831,39.0,39.1,37.82,38.58,3058020
TURTLEMINT,20260831,151.0,151.87,143.21,144.12,1007590
TUTIALKA,20260831,61.96,61.96,58.0,58.68,7747
TVSELECT,20260831,438.95,439.95,425.75,428.35,23319
TVSHLTD,20260831,13580.0,13580.0,13113.0,13233.0,7306
TVSMOTOR,20260831,4290.0,4341.3,4255.0,4341.3,1510029
TVSSCS,20260831,130.75,131.1,126.67,127.09,493756
TVSSRICHAK,20260831,5292.3,5585.0,5240.1,5519.6,81248
TVTODAY,20260831,112.99,115.83,110.0,114.16,78515
TVVISION,20260831,3.58,3.75,3.45,3.66,45391
TWCGOLDETF,20260831,157.6,157.6,151.7,153.55,56939
UBL,20260831,1334.1,1335.0,1301.5,1308.5,61021
UCAL,20260831,158.3,158.3,148.9,149.89,19165
UCOBANK,20260831,25.48,25.49,24.85,24.89,4461307
UDAYJEW,20260831,148.0,148.0,137.1,137.2,1149
UDS,20260831,221.07,227.63,221.07,224.73,297152
UEL,20260831,198.79,198.79,184.74,198.79,55208
UFBL,20260831,758.8,758.8,725.65,727.6,53249
UFLEX,20260831,638.35,653.35,627.0,649.1,237317
UFO,20260831,66.12,67.15,65.85,66.35,17996
UGARSUGAR,20260831,54.19,58.0,53.25,55.59,1211476
UGROCAP,20260831,86.96,87.59,85.56,87.06,146124
UJJIVANSFB,20260831,67.23,69.43,66.68,69.11,8505500
ULTRACEMCO,20260831,11550.0,11560.0,11415.0,11450.0,381057
ULTRAMAR,20260831,416.2,448.65,416.2,442.85,465042
UMAEXPORTS,20260831,26.58,26.62,25.95,25.95,8639
UMESLTD,20260831,5.3,5.65,4.93,5.45,22729
UMIYA-MRO,20260831,96.75,98.8,94.64,96.14,67320
UNICHEMLAB,20260831,564.25,589.35,551.4,556.55,321470
UNIDT,20260831,215.39,219.5,209.11,215.51,3272
UNIECOM,20260831,87.15,91.5,85.43,89.36,845771
UNIENTER,20260831,95.89,96.7,92.7,93.51,15001
UNIINFO,20260831,10.92,11.48,10.44,11.18,3155
UNIMECH,20260831,1500.0,1550.5,1458.1,1490.0,317241
UNIONBANK,20260831,184.68,188.63,181.8,188.63,9767401
UNIONGOLD,20260831,154.5,154.5,149.3,150.6,2810
UNIPARTS,20260831,881.0,899.8,858.0,893.45,443265
UNITDSPR,20260831,1510.0,1510.9,1479.7,1490.0,1523133
UNITECH,20260831,3.9,3.95,3.8,3.81,3510786
UNITEDPOLY,20260831,39.0,39.0,37.25,37.59,58541
UNITEDTEA,20260831,445.2,461.0,445.2,452.25,1069
UNIVAFOODS,20260831,9.03,9.03,9.03,9.03,541
UNIVASTU,20260831,160.0,162.5,156.0,157.25,41414
UNIVCABLES,20260831,1735.0,1735.0,1636.1,1648.2,167932
UNIVPHOTO,20260831,446.45,452.1,446.45,449.1,369
UNOMINDA,20260831,1276.0,1292.5,1261.1,1276.0,693607
UPHOT,20260831,1460.0,1464.0,1460.0,1461.8,18
UPL,20260831,568.0,569.45,562.25,562.25,2572084
URAVIDEF,20260831,107.99,113.31,107.99,113.31,15974
URBANCO,20260831,168.4,174.34,165.48,167.11,22948972
URJA,20260831,9.19,9.23,9.15,9.16,595780
USHAMART,20260831,493.9,501.3,485.85,498.95,476372
USK,20260831,21.65,21.65,21.01,21.16,5809
UTIAMC,20260831,887.0,887.5,866.5,870.55,228720
UTKARSHBNK,20260831,14.65,15.12,14.58,15.06,12189024
UTLSOLAR,20260831,450.35,464.1,447.15,461.05,244300
UTTAMSUGAR,20260831,297.5,318.7,296.5,312.07,553344
UYFINCORP,20260831,20.0,20.24,18.9,19.52,85828
V2RETAIL,20260831,221.94,224.94,219.33,222.68,985755
VADILALIND,20260831,7898.5,7960.0,7610.5,7672.0,20143
VADILENT,20260831,10833.0,10833.0,10264.0,10500.0,62
VAIBHAVGBL,20260831,221.0,221.0,218.0,219.1,186764
VAISHALI,20260831,8.02,8.4,7.98,8.06,92425
VAKRANGEE,20260831,5.93,5.93,5.77,5.82,1159968
VAL30IETF,20260831,15.16,15.16,15.0,15.08,190570
VALIANTLAB,20260831,102.3,102.3,94.67,96.34,248647
VALIANTORG,20260831,292.05,304.7,286.0,290.65,39574
VALUE,20260831,16.1,16.14,15.97,16.1,37118
VALUEAXIS,20260831,32.73,32.97,32.5,32.68,104604
VAML,20260831,451.0,452.4,432.1,435.15,18474216
VARDHACRLC,20260831,44.5,44.5,43.2,43.41,10013
VARDMNPOLY,20260831,5.98,6.13,5.89,5.97,163280
VARROC,20260831,826.0,869.4,809.6,862.0,623239
VASCONEQ,20260831,30.98,31.09,29.92,30.38,320657
VASUPRADA,20260831,97.0,97.0,97.0,97.0,2005
VASWANI,20260831,49.79,49.79,48.03,48.91,15619
VBL,20260831,413.85,413.85,400.45,400.45,7714216
VCL,20260831,1.92,1.92,1.92,1.92,113928
VEDAVAAG,20260831,18.77,19.0,16.98,18.38,32690
VEDL,20260831,284.0,284.0,276.5,278.2,16664814
VEDPOWER,20260831,36.64,36.64,35.1,35.18,17247572
VEEDOL,20260831,1496.1,1496.1,1469.0,1472.6,6938
VELJAN,20260831,1820.0,1820.0,1802.0,1802.0,214
VENKEYS,20260831,1587.2,1747.4,1575.4,1702.0,1282528
VENTIVE,20260831,595.85,605.0,583.3,591.2,22111
VENUSPIPES,20260831,1648.9,1657.3,1605.1,1643.1,103085
VENUSREM,20260831,1619.9,1675.0,1571.1,1663.6,28895
VERANDA,20260831,239.8,255.2,237.6,249.3,760542
VERTOZ,20260831,40.9,40.9,37.11,38.21,86873
VESUVIUS,20260831,423.25,424.15,403.95,407.75,96182
VETO,20260831,126.85,126.85,122.0,125.46,41098
VGCL,20260831,57.75,60.62,55.86,57.87,22867
VGL,20260831,59.39,59.5,58.06,59.12,11164
VGUARD,20260831,333.0,348.25,329.85,346.35,1794487
VHL,20260831,3401.0,3635.0,3401.0,3549.2,1207
VHLTD,20260831,117.49,117.49,115.3,115.79,38714
VIDHIING,20260831,356.95,356.95,347.7,354.55,40625
VIDYAWIRES,20260831,90.48,94.57,90.0,90.25,2561121
VIJAYA,20260831,1452.5,1525.0,1450.1,1518.4,336878
VIJIFIN,20260831,15.34,15.34,15.34,15.34,22666
VIJSOLX,20260831,690.0,690.0,665.6,680.0,31
VIKASECO,20260831,1.15,1.15,1.12,1.12,1331593
VIKASLIFE,20260831,1.37,1.37,1.29,1.3,2420189
VIKRAMSOLR,20260831,171.97,172.7,168.2,168.7,1326868
VIKRAN,20260831,59.68,60.21,58.23,58.76,889544
VIMTALABS,20260831,622.0,670.0,620.0,643.45,2416378
VINATIORGA,20260831,1319.0,1357.7,1309.6,1329.9,54321
VINCOFE,20260831,177.95,189.4,176.8,185.77,10994745
VINDHYATEL,20260831,2582.4,2595.0,2510.0,2535.5,60287
VINEETLAB,20260831,37.35,39.29,37.35,38.86,203649
VINNY,20260831,1.05,1.06,1.05,1.05,119659
VINYLINDIA,20260831,236.3,236.99,232.01,232.67,5214
VIPCLOTHNG,20260831,20.6,20.8,19.55,20.1,72964
VIPIND,20260831,304.95,309.8,300.6,306.5,386585
VIPULLTD,20260831,15.14,15.14,15.14,15.14,11066
VIRAT,20260831,480.0,480.0,444.05,449.9,2877
VIRINCHI,20260831,15.29,15.29,14.5,14.66,78258
VIRTUALG,20260831,0.54,0.54,0.43,0.49,2251800
VISACHROME,20260831,41.02,41.02,41.02,41.02,24122
VISAKAIND,20260831,89.2,91.31,87.81,88.53,294154
VISHAL,20260831,21.94,21.94,19.0,19.27,77372
VISHNU,20260831,651.3,658.75,646.0,652.15,91047
VISHWARAJ,20260831,6.04,6.49,5.98,6.08,1261474
VISL,20260831,38.68,39.09,36.67,36.83,30932406
VITAL,20260831,55.99,55.99,53.02,53.06,5676
VIVIANA,20260831,728.4,739.0,715.0,727.55,14166
VIVIDHA,20260831,0.52,0.53,0.45,0.5,342805
VIVIMEDLAB,20260831,7.21,7.21,6.93,6.93,480048
VIVOBIOT,20260831,18.93,18.94,17.76,18.55,9857
VIYASH,20260831,268.0,268.5,262.7,263.6,3318934
VLEGOV,20260831,10.6,10.65,10.26,10.39,100370
VLSFINANCE,20260831,244.1,247.2,241.9,243.15,7548
VMART,20260831,820.0,855.0,804.5,847.45,84716
VMM,20260831,107.18,110.64,105.8,110.64,15208938
VMSTMT,20260831,46.0,46.44,45.48,45.54,86224
VOEPL,20260831,589.9,589.95,551.05,556.1,189872
VOGL,20260831,40.5,40.56,38.5,38.71,41061258
VOITHPAPR,20260831,1450.0,1497.9,1415.3,1442.7,1024
VOLTAMP,20260831,11127.0,11151.5,10841.0,10908.5,30404
VOLTAS,20260831,1196.5,1205.8,1182.8,1194.4,1330259
VPRPL,20260831,32.2,33.85,31.3,33.45,518385
VRAJ,20260831,126.3,129.0,125.59,126.66,21648
VRLLOG,20260831,296.4,304.9,293.85,303.15,261050
VSSL,20260831,349.9,364.0,348.8,356.15,88356
VSTIND,20260831,210.45,210.63,208.0,209.74,102871
VSTL,20260831,108.3,113.0,108.3,111.85,22394
VSTTILLERS,20260831,4383.8,4403.9,4330.0,4358.1,5798
VTL,20260831,592.2,595.0,567.0,572.05,422933
VTMLTD,20260831,60.29,61.9,56.69,57.04,109109
WAAREEENER,20260831,2637.0,2637.0,2572.5,2605.0,951100
WAAREEINDO,20260831,271.5,277.75,266.05,268.7,83046
WAAREERTL,20260831,877.3,877.3,866.75,872.5,86342
WABAG,20260831,2085.0,2085.0,1965.0,1979.2,796370
WAKEFIT,20260831,145.59,149.6,143.45,146.78,625100
WALCHANNAG,20260831,220.05,220.65,214.5,214.9,483183
WANBURY,20260831,256.1,259.9,253.0,254.1,81070
WARDINMOBI,20260831,5.92,5.97,5.76,5.89,271129
WATERBASE,20260831,50.87,51.0,48.57,49.03,11823
WCIL,20260831,85.98,86.19,83.75,84.01,59890
WEALTH,20260831,848.3,862.0,840.0,851.25,1205
WEBELSOLAR,20260831,78.0,78.99,75.75,76.47,1874235
WEIZMANIND,20260831,75.0,75.0,70.86,73.12,4101
WEL,20260831,89.82,89.82,89.82,89.82,1119920
WELCORP,20260831,2350.5,2425.0,2328.0,2391.0,1286940
WELENT,20260831,672.0,696.0,665.05,685.3,336991
WELINV,20260831,2259.2,2304.0,2214.1,2214.1,646
WELSPLSOL,20260831,53.21,53.79,52.42,52.87,246905
WELSPUNLIV,20260831,189.0,198.0,187.31,196.21,3865770
WENDT,20260831,8201.0,8243.5,8104.0,8170.5,5830
WESTLIFE,20260831,555.0,582.0,552.45,571.2,111770
WEWIN,20260831,47.25,47.25,43.1,44.28,3083
WEWORK,20260831,691.6,710.1,672.0,684.65,1751448
WHBRADY,20260831,492.2,492.2,489.75,491.05,29
WHEELS,20260831,1546.0,1578.0,1518.5,1546.4,117709
WHIRLPOOL,20260831,805.1,819.9,801.05,803.15,273026
WILLAMAGOR,20260831,24.07,25.49,23.52,23.75,5064
WINDLAS,20260831,998.55,1020.0,990.0,994.2,76645
WINDMACHIN,20260831,301.4,314.9,297.65,307.45,36131
WIPL,20260831,165.0,167.95,163.61,164.0,43
WIPRO,20260831,180.17,184.5,176.17,184.5,16666567
WOCKPHARMA,20260831,1974.9,1977.1,1872.0,1883.7,852543
WONDERLA,20260831,540.35,542.55,530.05,537.25,81829
WORTHPERI,20260831,155.94,158.11,154.0,156.45,8032
WPIL,20260831,442.0,448.35,437.8,443.45,25879
WSI,20260831,59.5,62.49,59.5,61.47,11175
WSTCSTPAPR,20260831,609.0,632.95,607.0,611.8,254827
XCHANGING,20260831,61.29,61.92,60.45,60.94,42468
XELPMOC,20260831,82.8,82.8,78.5,80.94,6555
XPROINDIA,20260831,1124.8,1159.9,1119.0,1148.2,39344
XTGLOBAL,20260831,32.8,33.0,30.5,30.9,63021
XTRANET,20260831,200.77,206.39,190.07,194.82,3347062
YASHO,20260831,4315.0,4371.0,4179.7,4208.5,25119
YATHARTH,20260831,969.0,1012.5,960.3,1001.9,654071
YATRA,20260831,109.0,109.0,105.55,106.42,795986
YESBANK,20260831,22.07,22.83,21.98,22.83,102020136
YOGI,20260831,166.22,166.22,154.0,162.95,1984
YUKEN,20260831,990.0,1009.0,976.6,989.1,12673
ZAGGLE,20260831,190.05,190.25,183.1,184.5,1444296
ZEEL,20260831,101.0,101.18,86.9,93.58,109254600
ZEELEARN,20260831,7.7,7.88,7.55,7.62,357821
ZEEMEDIA,20260831,8.71,9.2,8.3,8.65,5363712
ZENITHEXPO,20260831,214.78,214.78,205.4,214.33,58
ZENITHSTL,20260831,5.48,5.48,5.2,5.34,63572
ZENSARTECH,20260831,470.6,475.7,456.0,460.35,1334200
ZENTEC,20260831,1814.0,1815.8,1759.8,1779.1,500169
ZFCVINDIA,20260831,2554.4,2565.2,2505.8,2534.6,71018
ZFSTEERING,20260831,678.0,678.0,666.0,666.2,1340
ZIMLAB,20260831,125.46,127.04,120.51,122.69,78786
ZODIAC,20260831,236.0,246.0,236.0,243.65,9639
ZODIACLOTH,20260831,73.0,74.5,72.12,73.4,3485
ZOTA,20260831,1077.0,1080.3,1050.0,1053.8,54364
ZSARACOM,20260831,10850.0,11000.0,10750.0,10980.0,20
ZUARI,20260831,240.7,240.76,230.92,231.48,176030
ZUARIIND,20260831,270.0,279.9,267.0,271.7,96647
ZYDUSLIFE,20260831,1187.0,1187.0,1157.0,1161.3,1498294
ZYDUSWELL,20260831,530.0,535.0,518.15,530.4,402088
