SYMBOL,TIMESTAMP,OPEN,HIGH,LOW,CLOSE,VOLUME
20MICRONS,20260901,216.5,219.58,211.37,213.0,137611
21STCENMGM,20260901,40.3,40.3,39.54,39.6,4172
360ONE,20260901,1175.0,1184.3,1147.5,1165.6,2175285
3BBLACKBIO,20260901,1455.0,1546.8,1451.1,1523.5,40078
3IINFOLTD,20260901,22.68,23.5,22.45,22.67,138454
3MINDIA,20260901,33470.0,33695.0,32980.0,33315.0,2999
3PLAND,20260901,31.9,31.9,31.3,31.8,829
5PAISA,20260901,353.0,362.55,341.1,344.85,86636
63MOONS,20260901,778.05,784.0,768.55,775.55,121930
A2ZINFRA,20260901,16.25,16.98,16.25,16.66,97461
AAATECH,20260901,95.38,96.44,93.65,93.72,15904
AADHARHFC,20260901,468.1,479.5,463.8,476.45,289606
AAKASH,20260901,8.72,8.8,8.52,8.68,28034
AAREYDRUGS,20260901,89.67,92.62,86.41,92.49,716181
AARNAV,20260901,32.39,33.63,31.23,33.63,44159
AARON,20260901,128.2,131.0,126.2,127.59,8935
AARTECH,20260901,48.57,49.65,47.15,48.94,59269
AARTIDRUGS,20260901,411.85,430.0,410.3,427.1,254941
AARTIIND,20260901,527.0,529.75,518.1,524.85,637770
AARTIPHARM,20260901,845.0,874.85,836.0,865.2,513635
AARTISURF,20260901,518.9,528.8,494.6,514.45,18525
AARVI,20260901,141.18,155.38,139.71,148.92,109670
AASTHA,20260901,82.99,85.0,79.42,83.01,741120
AAVAS,20260901,1261.7,1270.4,1235.7,1248.4,172413
ABAN,20260901,14.83,14.83,14.54,14.54,24637
ABANSENT,20260901,27.29,28.35,26.81,27.93,9830
ABB,20260901,7521.5,7524.5,7331.5,7396.0,253254
ABBOTINDIA,20260901,25880.0,26215.0,25710.0,26135.0,8754
ABCAPITAL,20260901,404.5,404.85,390.3,394.45,2580254
ABCOTS,20260901,218.9,219.5,208.83,213.11,3782
ABDL,20260901,628.8,628.8,613.0,617.2,230238
ABFRL,20260901,52.1,52.47,50.6,51.1,3376116
ABGSEC,20260901,114.51,114.72,113.68,113.68,27
ABINFRA,20260901,11.41,11.78,11.01,11.32,458824
ABLBL,20260901,86.71,87.0,84.15,85.33,667788
ABMINTLLTD,20260901,55.18,55.18,54.11,55.0,915
ABMKNO,20260901,197.0,197.0,186.02,186.74,775
ABREL,20260901,1355.5,1377.6,1335.6,1357.0,154550
ABSL10BANK,20260901,168.8,169.88,168.0,168.36,1818
ABSLAMC,20260901,1051.9,1053.3,1012.1,1029.1,303733
ABSLBANETF,20260901,59.3,59.31,58.7,58.88,65505
ABSLLIQUID,20260901,1000.0,1000.01,999.99,1000.0,20719
ABSLMSCIN,20260901,29.64,30.32,29.37,29.51,247
ABSLNN50ET,20260901,75.38,77.32,75.38,76.79,12129
ABSLPSE,20260901,10.15,10.15,10.03,10.05,150958
ACC,20260901,1287.9,1288.4,1270.9,1272.3,98545
ACCELYA,20260901,1125.4,1146.2,1121.0,1132.3,7470
ACCURACY,20260901,4.43,4.54,4.21,4.21,126149
ACE,20260901,1110.9,1121.9,1085.9,1093.8,183768
ACEINTEG,20260901,17.1,19.8,17.1,17.63,11819
ACGL,20260901,1800.0,1800.0,1777.1,1787.8,1923
ACI,20260901,487.35,508.65,482.4,492.65,1602730
ACL,20260901,43.99,44.0,43.51,43.94,4249
ACMESOLAR,20260901,398.0,406.8,394.25,403.7,1454893
ACSTECH,20260901,52.0,52.0,50.0,50.94,82349
ACUTAAS,20260901,3163.4,3238.8,3150.0,3174.3,333584
ADANIENSOL,20260901,1435.0,1444.4,1373.3,1382.0,8161918
ADANIENT,20260901,2910.0,2942.5,2846.0,2863.9,3862408
ADANIGREEN,20260901,1220.0,1271.2,1217.0,1265.0,4309378
ADANIPORTS,20260901,1625.0,1655.6,1625.0,1647.5,3770354
ADANIPOWER,20260901,202.0,205.79,201.31,204.36,38032254
ADDIND,20260901,80.0,83.9,76.95,81.44,373
ADFFOODS,20260901,268.7,272.0,259.65,265.15,135582
ADL,20260901,75.0,75.99,70.79,75.42,753
ADOR,20260901,1730.0,1733.4,1672.0,1700.8,51304
ADROITINFO,20260901,10.48,10.8,10.22,10.46,15956
ADSL,20260901,105.0,105.89,103.12,103.94,85703
ADVAIT,20260901,2170.0,2181.0,2087.1,2121.0,46878
ADVANCE,20260901,117.0,118.6,115.4,116.22,90717
ADVANIHOTR,20260901,49.88,49.99,49.45,49.55,12199
ADVENTHTL,20260901,138.95,139.85,133.5,135.72,84873
ADVENZYMES,20260901,294.1,298.2,291.5,295.35,161643
ADVIKCA,20260901,1.17,1.17,1.14,1.15,289220
AEGISLOG,20260901,1265.1,1271.0,1180.0,1219.3,1344809
AEGISVOPAK,20260901,267.9,272.0,260.7,270.1,711022
AEPL,20260901,15.56,15.56,14.9,15.09,965192
AEQUS,20260901,244.34,248.63,241.35,247.47,2245052
AEROENTER,20260901,138.0,148.8,137.65,143.39,1336212
AEROFLEX,20260901,526.8,570.5,515.55,552.05,2920944
AERONEU,20260901,80.07,81.58,77.51,77.97,37739
AEROPLANE,20260901,176.0,178.0,172.0,174.19,228243
AETHER,20260901,1700.0,1700.0,1667.4,1683.7,102406
AFCONS,20260901,284.9,287.5,283.25,285.25,324859
AFFLE,20260901,1590.0,1596.8,1556.0,1565.1,149381
AFFORDABLE,20260901,160.05,163.96,155.01,157.07,16546
AFIL,20260901,9.5,9.69,9.41,9.43,131859
AFSL,20260901,212.1,215.88,202.2,207.73,5139
AGARIND,20260901,456.0,457.3,438.1,442.8,70393
AGARWALEYE,20260901,513.75,518.5,506.15,508.7,139334
AGI,20260901,780.95,788.0,770.05,782.25,124438
AGIIL,20260901,285.0,289.0,281.2,286.1,271445
AGL,20260901,13.85,13.93,13.51,13.59,3355300
AGRITECH,20260901,106.6,106.6,100.6,101.16,3000
AGROPHOS,20260901,26.48,26.79,25.3,25.6,20769
AGSTRA,20260901,2.03,2.04,1.97,2.01,111822
AHCL,20260901,15.93,15.97,15.37,15.49,1880199
AHLADA,20260901,38.87,38.87,37.11,37.31,6566
AHLEAST,20260901,138.1,143.9,137.15,142.2,4748
AHLUCONT,20260901,620.7,627.9,606.7,612.5,70430
AHLWEST,20260901,530.35,547.7,525.0,534.65,1223
AIAENG,20260901,4240.0,4256.8,4210.3,4243.2,20642
AIIL,20260901,568.95,568.95,536.2,539.3,523103
AIRAN,20260901,15.0,15.18,14.86,14.92,34343
AIROLAM,20260901,88.0,89.0,86.5,86.68,3467
AJANTPHARM,20260901,3623.0,3630.7,3467.0,3504.8,87584
AJAXENGG,20260901,574.5,575.7,566.7,573.95,34918
AJMERA,20260901,116.5,117.16,115.14,115.67,147515
AJOONI,20260901,3.82,3.85,3.74,3.75,450753
AKASH,20260901,24.83,24.83,24.32,24.36,4258
AKCAPIT,20260901,1718.4,1765.6,1666.9,1733.9,1648
AKG,20260901,9.29,9.29,9.1,9.19,7195
AKI,20260901,4.07,4.74,4.05,4.57,1003297
AKSHAR,20260901,0.42,0.42,0.4,0.41,2436509
AKSHARCHEM,20260901,384.65,384.65,384.65,384.65,7294
AKSHOPTFBR,20260901,7.36,7.44,7.06,7.42,205273
AKUMS,20260901,780.5,796.55,771.3,779.05,461075
ALANKIT,20260901,8.07,8.23,8.0,8.07,72141
ALBERTDAVD,20260901,898.0,908.0,867.55,871.7,7074
ALEMBICLTD,20260901,99.0,101.87,96.95,98.85,848069
ALFREDHE,20260901,2947.3,3049.9,2860.9,2889.8,11
ALGOQUANT,20260901,64.59,65.39,62.1,63.02,1083176
ALICON,20260901,665.0,671.55,652.0,659.65,18536
ALIVUS,20260901,1414.0,1470.0,1407.9,1443.7,395923
ALKALI,20260901,64.89,67.41,64.89,67.41,6922
ALKEM,20260901,5329.5,5358.0,5277.0,5300.0,88288
ALKYLAMINE,20260901,1991.0,2059.0,1975.0,2011.0,80010
ALLCARGO,20260901,11.96,12.38,11.57,11.92,25577812
ALLDIGI,20260901,817.6,818.55,804.05,807.8,4779
ALLTIME,20260901,198.32,215.0,198.18,200.6,647970
ALMONDZ,20260901,17.79,17.84,17.3,17.49,342019
ALOKINDS,20260901,8.4,8.6,7.57,7.69,81881769
ALPA,20260901,63.9,63.9,61.0,61.73,15807
ALPHA,20260901,55.39,55.39,54.09,54.43,1088932
ALPHAETF,20260901,26.98,27.0,26.44,26.53,433145
ALPHAGEO,20260901,292.0,292.9,280.0,286.45,17504
ALPINETEX,20260901,53.4,54.3,51.5,51.95,163406
ALPL30IETF,20260901,27.91,28.09,27.67,27.77,435315
ALUFLUOR,20260901,478.7,504.0,478.7,496.9,15472
AMAGI,20260901,567.5,587.7,549.0,584.25,716012
AMAL,20260901,755.0,759.6,741.6,753.1,6902
AMANTA,20260901,190.8,191.0,190.0,190.0,28338
AMARJOTHI,20260901,162.95,166.0,157.65,159.18,906
AMBALALSA,20260901,46.0,46.2,43.5,43.92,66453
AMBER,20260901,7640.0,7644.5,7490.0,7508.0,100768
AMBICAAGAR,20260901,24.23,24.98,24.16,24.75,6087
AMBIKCO,20260901,1641.0,1669.9,1616.0,1625.1,12954
AMBUJACEM,20260901,404.0,407.15,401.0,402.2,1377257
AMDIND,20260901,56.65,59.65,55.75,57.02,66205
AMJLAND,20260901,39.9,39.9,38.3,38.45,5193
AMNPLST,20260901,184.39,185.93,178.61,181.17,5501
AMRUTANJAN,20260901,513.0,514.0,493.2,498.35,50017
ANANDRATHI,20260901,2213.4,2235.4,2185.0,2197.0,213203
ANANTRAJ,20260901,603.9,604.75,584.6,587.8,1114268
ANDHRAPAP,20260901,61.09,61.71,60.0,60.55,270667
ANDHRSUGAR,20260901,99.64,99.9,96.15,96.49,388648
ANDREWYU,20260901,27.89,28.65,27.8,28.11,100589
ANGELONE,20260901,286.9,288.25,280.5,281.55,2909391
ANIKINDS,20260901,47.85,47.85,45.1,45.89,13921
ANKITMETAL,20260901,1.77,1.77,1.71,1.72,23412
ANMOL,20260901,10.05,10.24,9.96,10.02,36429
ANNAPURNA,20260901,147.3,148.48,143.05,145.76,35855
ANSALAPI,20260901,3.2,3.29,3.2,3.2,13762
ANSALBU,20260901,85.0,92.4,76.5,78.57,46059
ANTELOPUS,20260901,780.1,799.0,780.05,792.65,47544
ANTGRAPHIC,20260901,0.78,0.78,0.75,0.75,199813
ANTHEM,20260901,893.2,939.0,893.2,924.5,1326412
ANUHPHR,20260901,83.68,83.68,80.92,81.43,61758
ANUP,20260901,1793.5,1823.9,1770.0,1810.2,23575
ANURAS,20260901,1269.0,1270.8,1255.0,1259.8,219299
AONEGOLD,20260901,14.7,14.7,14.12,14.18,828122
AONELIQUID,20260901,1075.03,1075.05,1075.03,1075.03,8005
AONENIFTY,20260901,9.88,10.07,9.88,9.89,247088
AONESILVER,20260901,8.93,9.02,8.66,8.71,1182475
AONETMMQ50,20260901,10.44,10.44,10.29,10.33,32131
AONETOTAL,20260901,11.99,12.05,11.88,11.9,273082
APARINDS,20260901,17776.0,17919.0,17301.0,17400.0,88375
APCL,20260901,101.0,102.5,100.15,100.19,5140
APCOTEXIND,20260901,649.55,660.0,625.75,639.2,228646
APEX,20260901,381.3,389.0,371.5,374.7,171058
APLAPOLLO,20260901,2228.7,2258.8,2214.0,2234.0,642035
APLLTD,20260901,835.0,847.85,825.55,843.85,114428
APOLLO,20260901,387.0,388.65,377.4,379.5,3505166
APOLLOHOSP,20260901,8854.5,8867.5,8704.5,8755.0,153262
APOLLOPIPE,20260901,631.0,633.75,600.9,609.85,288698
APOLLOTYRE,20260901,441.0,443.7,438.15,442.7,276871
APOLSINHOT,20260901,1238.0,1238.2,1206.0,1219.5,1038
APTECHT,20260901,93.67,93.67,90.75,91.41,30218
APTUS,20260901,249.0,254.07,247.15,253.36,731329
AQYLON,20260901,19.96,22.05,19.96,21.69,5615935
ARCHIDPLY,20260901,105.0,105.19,101.17,101.72,20540
ARCHIES,20260901,13.18,13.6,13.16,13.4,13064
ARCL,20260901,230.0,235.0,225.9,233.0,124
ARDEE,20260901,58.0,58.61,55.9,56.2,3590794
ARE&M,20260901,894.0,907.2,878.0,879.9,439607
ARENTERP,20260901,36.97,36.97,35.1,35.31,872
ARFIN,20260901,86.79,87.96,85.0,85.5,934707
ARIES,20260901,480.35,480.35,442.0,458.85,103326
ARIHANT,20260901,902.0,929.35,882.0,900.0,2202
ARIHANTCAP,20260901,77.5,80.65,77.1,80.03,272914
ARIHANTSUP,20260901,251.1,253.8,244.6,250.15,5622
ARIS,20260901,142.6,142.6,127.71,131.68,5907678
ARKADE,20260901,123.98,123.98,120.02,120.72,186349
ARMANFIN,20260901,1980.0,1990.0,1935.1,1952.3,23217
AROGRANITE,20260901,24.75,25.4,24.16,24.45,16003
ARROWGREEN,20260901,701.8,736.65,701.25,734.5,17114
ARSHIYA,20260901,0.74,0.74,0.74,0.74,125326
ARSSBL,20260901,507.0,516.85,502.3,508.8,183696
ARTEMISMED,20260901,317.45,335.0,315.5,327.95,546257
ARTNIRMAN,20260901,41.4,41.4,38.26,40.7,950
ARVEE,20260901,168.48,168.5,163.8,164.21,1150
ARVIND,20260901,555.65,564.7,552.05,557.1,486221
ARVINDFASN,20260901,450.05,462.45,445.0,458.8,205486
ARVSMART,20260901,670.3,670.3,652.0,656.0,46238
ARYAMAN,20260901,635.0,635.0,625.0,625.0,26
ASAHIINDIA,20260901,950.0,956.9,949.5,951.2,74285
ASAHISONG,20260901,379.7,385.0,371.1,374.55,7685
ASAL,20260901,476.0,485.2,471.2,473.6,19429
ASALCBR,20260901,701.0,706.95,690.0,693.7,17898
ASHAPURMIN,20260901,560.5,577.0,551.25,555.5,329674
ASHIANA,20260901,365.9,369.75,360.1,363.65,26448
ASHIKAG,20260901,427.45,434.0,415.0,429.95,72675
ASHIMASYN,20260901,18.54,18.99,17.6,17.67,80364
ASHOKA,20260901,121.49,124.75,119.51,121.75,9607922
ASHOKAMET,20260901,13.78,13.94,13.52,13.63,7113
ASHOKLEY,20260901,176.5,176.5,168.53,170.53,16860146
ASIANENE,20260901,475.85,492.5,467.6,488.4,398711
ASIANHOTNR,20260901,352.0,389.45,346.55,369.2,214552
ASIANPAINT,20260901,2645.3,2645.3,2545.2,2575.5,1046523
ASIANTILES,20260901,50.15,50.55,49.76,50.26,8205021
ASIANTNE,20260901,10.22,10.65,9.72,10.17,13782
ASKAUTOLTD,20260901,660.0,660.0,631.7,635.65,197446
ASMS,20260901,7.02,7.38,7.0,7.24,447967
ASPINWALL,20260901,263.0,266.5,257.4,260.05,1722
ASSAMENT,20260901,857.75,857.75,777.5,800.0,14
ASTEC,20260901,560.0,576.6,555.3,562.4,22629
ASTERDM,20260901,758.5,763.3,752.35,757.8,967322
ASTRAL,20260901,1537.5,1538.0,1493.1,1507.0,726492
ASTRAMICRO,20260901,1666.8,1705.0,1656.4,1686.4,292436
ASTRAZEN,20260901,6995.0,7014.5,6885.5,6917.0,3552
ASTRON,20260901,3.1,3.1,2.97,3.07,7496
ATALREAL,20260901,33.01,33.47,26.65,26.65,18612147
ATAM,20260901,56.8,56.8,54.09,55.9,15123
ATGL,20260901,621.65,629.7,610.0,613.65,730043
ATHERENERG,20260901,1694.0,1744.0,1671.6,1725.6,9562596
ATL,20260901,26.44,26.5,25.0,25.33,266188
ATLANTAA,20260901,39.45,41.9,38.51,40.68,121504
ATLANTAELE,20260901,1832.7,1874.5,1813.1,1823.6,169455
ATLASCYCLE,20260901,95.5,100.5,94.05,95.37,14972
ATUL,20260901,6392.0,6464.0,6371.0,6452.0,12419
ATULAUTO,20260901,490.0,500.0,474.1,476.05,454055
AUBANK,20260901,1083.8,1088.8,1067.6,1079.2,1068952
AUGMONT,20260901,899.45,899.95,851.0,866.25,3757111
AURIONPRO,20260901,714.0,715.35,692.0,694.7,231981
AUROPHARMA,20260901,1700.0,1700.1,1671.1,1683.3,608791
AURUM,20260901,234.0,234.5,220.1,223.93,120342
AURUS,20260901,4.69,4.78,4.65,4.66,1850
AUSOMENT,20260901,149.73,151.68,146.65,149.77,9500
AUSTENG,20260901,121.5,125.94,120.6,122.72,705
AUTOAXLES,20260901,1729.3,1756.0,1670.0,1690.9,15397
AUTOBEES,20260901,298.77,300.98,291.0,292.63,423107
AUTOIETF,20260901,30.03,30.15,29.32,29.46,723144
AUTOIND,20260901,87.82,88.48,83.55,85.59,142696
AVADHSUGAR,20260901,855.3,868.0,805.05,823.3,134076
AVALON,20260901,2370.1,2393.0,2294.2,2318.6,301080
AVANCE,20260901,0.87,0.88,0.81,0.82,9823178
AVANTEL,20260901,161.3,161.95,156.0,156.67,746978
AVANTIFEED,20260901,824.7,842.9,815.4,833.75,278974
AVG,20260901,175.25,175.25,171.0,174.63,13337
AVL,20260901,603.35,606.85,591.8,604.1,86864
AVONMORE,20260901,14.0,14.0,13.2,13.34,185858
AVROIND,20260901,9.29,9.29,8.51,8.64,223687
AVTNPL,20260901,94.7,94.7,87.1,88.41,376944
AWFIS,20260901,257.05,268.3,255.55,262.8,317406
AWHCL,20260901,380.05,383.4,375.5,377.35,64871
AWL,20260901,192.01,195.5,192.01,194.38,3175886
AXISBANK,20260901,1274.9,1275.1,1255.0,1258.0,5588158
AXISCADES,20260901,1675.0,1682.8,1614.4,1644.2,158188
AXITA,20260901,8.05,8.2,7.95,7.96,944524
AXTEL,20260901,392.5,398.5,385.45,397.65,3246
AYE,20260901,178.3,179.2,171.01,171.7,1443202
AYMSYNTEX,20260901,275.85,306.9,271.25,294.2,652034
AZAD,20260901,2880.0,2919.0,2815.1,2844.3,440243
AZADIND,20260901,91.99,91.99,89.49,90.37,35851
BAFNAPH,20260901,307.0,318.5,301.0,312.6,28133
BAGFILMS,20260901,4.4,4.44,4.32,4.36,46601
BAIDFIN,20260901,10.05,10.31,9.9,10.15,75869
BAJAJ-AUTO,20260901,12180.0,12470.0,12090.0,12361.0,495029
BAJAJCON,20260901,481.35,492.4,469.4,471.95,1247518
BAJAJELEC,20260901,323.75,330.6,323.0,325.85,126133
BAJAJFINSV,20260901,1998.7,2004.1,1960.1,1972.0,788344
BAJAJHCARE,20260901,333.7,334.2,324.1,329.0,78501
BAJAJHFL,20260901,84.0,84.1,82.6,82.85,3146554
BAJAJHIND,20260901,22.47,22.54,21.47,21.92,32102812
BAJAJHLDNG,20260901,11480.0,11500.0,11282.0,11310.0,44566
BAJAJINDEF,20260901,218.1,228.0,218.1,224.51,11276
BAJAJST,20260901,357.4,361.75,350.35,351.55,5847
BAJEL,20260901,193.11,193.6,185.0,186.17,174373
BAJFINANCE,20260901,1065.0,1067.0,1047.0,1053.9,4813301
BALAJEE,20260901,26.18,26.7,26.0,26.06,20852
BALAJITELE,20260901,91.75,92.5,90.92,92.26,70769
BALAMINES,20260901,2347.2,2457.5,2295.1,2409.7,262817
BALAXI,20260901,22.35,23.1,22.35,22.77,22106
BALKRISHNA,20260901,17.01,17.43,16.41,16.97,20202
BALKRISIND,20260901,2300.9,2352.0,2295.0,2331.8,511138
BALMLAWRIE,20260901,175.49,177.72,172.3,176.13,241856
BALPHARMA,20260901,85.0,87.7,84.22,85.45,23149
BALRAMCHIN,20260901,695.95,695.95,658.0,668.85,5571019
BALUFORGE,20260901,630.9,638.0,613.0,621.9,1369121
BANARBEADS,20260901,114.1,117.0,113.05,116.4,795
BANARISUG,20260901,3897.0,3934.7,3745.0,3766.2,1473
BANCOINDIA,20260901,624.95,629.95,616.0,620.15,84843
BANDHANBNK,20260901,163.6,164.65,161.65,162.9,5214696
BANG,20260901,34.76,35.8,34.01,34.27,178597
BANK10ADD,20260901,16.91,17.02,16.85,16.89,10318464
BANK10BETF,20260901,20.9,21.39,20.52,20.74,9190
BANKA,20260901,77.1,80.0,77.1,78.75,1216
BANKADD,20260901,58.97,59.16,58.63,58.77,1866
BANKBARODA,20260901,238.0,240.2,236.68,237.7,13131444
BANKBEES,20260901,598.0,598.62,592.5,593.79,462594
BANKBETA,20260901,58.87,59.77,58.87,59.31,128807
BANKBETF,20260901,60.0,60.0,58.0,58.21,13974
BANKETF,20260901,586.46,588.51,583.19,584.26,11328
BANKIETF,20260901,58.85,59.34,58.71,58.9,677022
BANKINDIA,20260901,142.29,143.65,141.4,142.35,3406860
BANKNIFTY1,20260901,59.65,60.0,59.19,59.31,450214
BANKPSU,20260901,86.0,86.51,85.5,85.72,72011
BANSALWIRE,20260901,315.15,321.7,315.15,319.75,43459
BANSWRAS,20260901,117.5,117.99,113.76,115.54,39803
BASF,20260901,3811.3,3811.3,3740.0,3760.8,13391
BASML,20260901,25.72,25.89,25.38,25.57,19383
BATAINDIA,20260901,682.4,689.25,675.0,677.35,149599
BATLIBOI,20260901,84.7,86.96,84.7,85.1,25746
BAYERCROP,20260901,3970.9,4003.7,3951.0,3987.6,14746
BBETF0432,20260901,1342.99,1348.55,1336.03,1338.05,815
BBL,20260901,2376.5,2376.5,2305.6,2319.2,11521
BBNPNBETF,20260901,56.79,58.26,56.79,57.86,2363
BBNPPGOLD,20260901,152.15,152.15,146.3,146.85,1764
BBOX,20260901,742.45,742.45,711.25,719.95,445043
BBTC,20260901,1512.1,1545.8,1496.0,1539.0,197902
BBTCL,20260901,225.0,225.0,218.85,220.62,7436
BCG,20260901,9.09,9.11,8.98,9.0,2958794
BCLIND,20260901,36.58,37.05,36.0,36.19,532349
BCONCEPTS,20260901,165.08,167.77,160.25,162.75,10683
BCPL,20260901,68.28,69.77,67.3,68.58,7059
BDL,20260901,1272.0,1273.8,1245.2,1250.0,1100052
BEARDSELL,20260901,25.36,26.44,25.21,25.79,4436
BECTORFOOD,20260901,227.01,234.06,223.22,227.75,2607751
BEDMUTHA,20260901,105.71,107.83,105.01,106.61,4441
BEEKAY,20260901,403.1,403.1,392.25,396.85,824
BEL,20260901,414.45,414.45,409.35,411.2,5628444
BELLACASA,20260901,237.55,260.0,234.01,248.58,13499
BELRISE,20260901,233.3,233.8,228.6,230.73,2926112
BEML,20260901,1940.0,1979.0,1930.0,1970.2,304165
BENARAS,20260901,10200.0,10349.0,10141.0,10312.0,74
BENGALASM,20260901,6438.0,6700.0,6422.0,6661.5,1001
BEPL,20260901,122.3,128.8,122.1,127.16,3436941
BERGEPAINT,20260901,500.9,501.1,490.0,490.85,134383
BESTAGRO,20260901,17.16,17.4,16.8,17.11,351441
BETA,20260901,2277.0,2277.0,2180.0,2206.8,12964
BFINVEST,20260901,437.3,448.0,437.3,444.4,16151
BFSI,20260901,27.24,27.24,26.94,26.99,146614
BFUTILITIE,20260901,502.9,505.5,498.8,504.7,32870
BGRENERGY,20260901,246.96,248.0,231.85,233.12,91121
BHAGCHEM,20260901,280.1,281.0,267.05,269.05,146689
BHAGERIA,20260901,263.2,263.2,263.2,263.2,88629
BHAGYANGR,20260901,381.3,388.95,377.0,380.0,80991
BHANDARI,20260901,3.01,3.01,2.95,2.96,69915
BHARATCOAL,20260901,33.85,34.04,33.26,33.34,3510944
BHARATFORG,20260901,2076.0,2076.1,2040.0,2052.2,976086
BHARATGEAR,20260901,102.88,102.88,100.05,100.3,11151
BHARATRAS,20260901,1252.2,1257.8,1226.1,1233.0,9653
BHARATSE,20260901,227.99,227.99,215.21,219.25,154435
BHARATWIRE,20260901,181.1,183.1,172.15,174.18,385775
BHARTIARTL,20260901,1852.0,1877.2,1848.5,1877.2,9900740
BHARTIHEXA,20260901,1545.0,1545.0,1500.0,1511.7,54396
BHEL,20260901,437.25,437.25,423.2,426.55,7144021
BI,20260901,90.8,91.6,86.26,87.26,35725
BIGBLOC,20260901,41.35,43.27,40.8,41.89,59739
BIKAJI,20260901,610.3,619.5,592.0,598.3,626123
BIL,20260901,865.0,949.0,858.1,885.45,64376
BILVYAPAR,20260901,4.12,4.12,3.96,3.99,5661
BIMETAL,20260901,640.0,654.95,620.0,640.05,326
BIOCON,20260901,407.15,407.95,400.35,401.05,2120745
BIOFILCHEM,20260901,32.9,33.68,32.03,32.15,8734
BIRLACABLE,20260901,314.0,325.35,312.0,325.35,234441
BIRLACORPN,20260901,872.7,891.2,870.0,879.55,33058
BIRLAMONEY,20260901,126.75,129.89,126.6,127.02,26855
BIRLANU,20260901,1444.0,1448.9,1425.0,1437.7,5038
BIRLAPREC,20260901,45.83,46.49,43.01,43.79,98098
BLACKBUCK,20260901,588.6,590.7,575.05,580.3,158533
BLACKROSE,20260901,116.0,116.28,112.06,113.6,12991
BLAL,20260901,165.87,166.49,164.8,164.88,26199
BLBLIMITED,20260901,16.12,16.3,15.65,16.15,130303
BLEL,20260901,441.2,447.0,432.0,436.4,1089456
BLIL,20260901,72.3,72.49,72.0,72.18,54581
BLISSGVS,20260901,614.0,635.0,601.0,630.4,414923
BLKASHYAP,20260901,56.0,56.87,54.8,55.84,498024
BLS,20260901,241.1,242.21,236.33,238.19,1098843
BLSE,20260901,330.95,331.0,322.55,327.7,231381
BLUECHIP,20260901,2.16,2.16,2.14,2.14,45705
BLUECLOUDS,20260901,20.26,20.28,19.9,19.99,1271193
BLUECOAST,20260901,23.27,23.27,22.5,22.57,760
BLUEDART,20260901,4920.5,5159.5,4902.5,5105.0,29783
BLUEJET,20260901,580.5,599.9,571.4,586.35,691675
BLUESTARCO,20260901,1471.0,1499.0,1457.0,1490.9,259707
BLUESTONE,20260901,816.1,816.1,786.75,813.25,570871
BLUSPRING,20260901,127.35,128.93,120.52,121.47,297341
BMWVENTLTD,20260901,56.53,57.7,55.0,55.28,65868
BNAGROCHEM,20260901,228.77,232.0,225.1,229.0,24252
BNALTD,20260901,369.0,371.0,361.0,362.0,4108
BNKETFAXIS,20260901,596.97,596.97,590.04,591.79,122
BODALCHEM,20260901,122.0,131.25,120.35,126.76,10764398
BOHRAIND,20260901,12.35,13.47,12.1,12.69,44696
BOMDYEING,20260901,114.25,115.5,111.86,113.49,570890
BONLON,20260901,42.87,42.87,39.6,41.71,3949
BORANA,20260901,308.5,315.0,306.0,309.15,21050
BOROLTD,20260901,244.59,247.43,234.23,241.85,602776
BORORENEW,20260901,504.4,505.8,494.6,497.15,336371
BOROSCI,20260901,123.2,129.95,123.2,127.65,89127
BOSCH-HCIL,20260901,1747.5,1758.2,1690.0,1745.5,41851
BOSCHLTD,20260901,49400.0,49400.0,47805.0,48550.0,53609
BPCL,20260901,317.35,319.7,313.0,317.65,6048491
BPL,20260901,51.45,51.45,49.86,50.02,33259
BPLPHARMA,20260901,1565.0,1585.8,1496.1,1507.4,5388
BRAHMINFRA,20260901,162.0,162.78,156.0,157.41,8922
BRIGADE,20260901,659.9,663.1,634.7,645.1,284854
BRIGHOTEL,20260901,59.21,59.71,58.12,58.32,123274
BRIGHTBR,20260901,255.0,260.0,255.0,260.0,3650
BRITANNIA,20260901,5230.0,5256.0,5145.5,5187.0,235479
BRNL,20260901,17.6,17.6,17.1,17.28,8810
BROOKS,20260901,67.95,67.95,64.5,66.47,15066
BSE,20260901,3300.0,3305.0,3220.5,3242.0,3137016
BSE500IETF,20260901,39.67,39.7,39.42,39.51,160624
BSHSL,20260901,90.0,91.9,89.0,89.03,6266
BSL,20260901,122.05,125.0,122.05,123.25,1462
BSLGOLDETF,20260901,139.21,139.21,133.31,133.67,895717
BSLNIFTY,20260901,27.9,29.01,27.9,28.18,1228238
BSLSENETFG,20260901,77.5,78.15,77.14,77.82,1189
BSOFT,20260901,292.0,300.85,290.0,295.8,1358901
BTML,20260901,8.49,8.77,8.01,8.06,497677
BTTL,20260901,43.0,43.99,41.0,43.19,2186
BUILDPRO,20260901,1249.9,1280.0,1245.8,1272.4,31355
BURNPUR,20260901,18.64,18.64,18.64,18.64,40109
BUTTERFLY,20260901,627.95,633.35,621.0,624.35,14336
BVCL,20260901,44.84,45.6,43.1,43.5,63845
BYKE,20260901,32.27,32.85,31.22,31.87,20972
CALSOFT,20260901,38.69,39.13,37.61,39.13,513118
CAMLINFINE,20260901,102.75,103.15,101.0,102.14,453916
CAMPUS,20260901,225.99,225.99,222.0,223.92,310687
CAMS,20260901,782.95,783.0,750.25,752.0,1008731
CANBK,20260901,126.88,127.07,125.16,125.6,9840419
CANFINHOME,20260901,796.4,812.3,790.0,793.4,210620
CANHLIFE,20260901,155.5,156.99,151.5,154.18,543430
CANTABIL,20260901,242.41,247.34,240.0,241.92,670337
CAPACITE,20260901,213.9,214.6,206.57,208.64,178944
CAPILLARY,20260901,491.0,501.5,483.65,491.8,162807
CAPITALSFB,20260901,280.65,286.9,280.65,284.4,16612
CAPLIPOINT,20260901,2514.0,2750.0,2511.0,2711.2,1992659
CAPTRUST,20260901,19.46,19.69,18.56,18.82,15252
CARBORUNIV,20260901,1107.0,1125.9,1091.0,1100.5,213988
CARERATING,20260901,1758.0,1758.0,1689.4,1705.0,43401
CARRARO,20260901,557.0,564.35,536.5,542.25,134604
CARTRADE,20260901,2991.5,3043.5,2940.0,2970.1,167127
CARYSIL,20260901,1133.2,1142.7,1108.9,1118.0,33593
CASHIETF,20260901,1079.65,1079.65,1077.71,1077.71,140831
CASTROLIND,20260901,184.74,186.45,184.4,186.02,680714
CCAVENUE,20260901,15.04,15.64,15.03,15.31,12431519
CCCL,20260901,14.74,14.75,14.31,14.45,218880
CCHHL,20260901,12.6,12.99,12.52,12.77,7806
CCL,20260901,1084.1,1106.4,1075.6,1100.1,99628
CDSL,20260901,1400.0,1407.4,1376.0,1391.0,743240
CEATLTD,20260901,3425.3,3461.7,3386.7,3400.2,43371
CEIGALL,20260901,342.65,349.9,339.15,344.7,452494
CEINSYS,20260901,710.0,720.9,700.0,704.4,45055
CELEBRITY,20260901,6.84,6.84,6.59,6.74,12664
CELLO,20260901,352.3,353.85,347.0,349.4,167515
CEMNTGROWW,20260901,14.89,14.98,14.52,14.68,191871
CEMPRO,20260901,1244.9,1252.9,1209.0,1244.1,165149
CENTENKA,20260901,544.15,554.45,542.0,544.1,16420
CENTEXT,20260901,22.37,22.47,22.03,22.28,88903
CENTRALBK,20260901,30.25,30.49,30.14,30.31,3583473
CENTRUM,20260901,22.97,23.03,21.8,22.33,443047
CENTUM,20260901,3445.5,3495.0,3405.9,3420.1,18815
CENTURYPLY,20260901,761.45,763.1,749.75,755.45,32019
CERA,20260901,5762.5,5762.5,5651.0,5717.5,4556
CEREBRAINT,20260901,2.5,2.55,2.4,2.51,104475
CESC,20260901,146.16,146.5,144.01,145.15,1361771
CEWATER,20260901,268.0,273.4,260.0,262.7,29779
CFEL,20260901,30.0,31.9,29.0,30.88,69410
CGCL,20260901,258.0,258.0,242.3,250.9,2645298
CGPOWER,20260901,901.95,903.55,881.6,885.5,2969058
CGVAK,20260901,158.7,158.7,151.01,152.99,1989
CHALET,20260901,903.0,939.95,891.1,897.5,988080
CHAMBLFERT,20260901,408.0,413.85,405.25,412.3,755291
CHEMBOND,20260901,176.95,176.95,166.6,168.99,5663
CHEMBONDCH,20260901,255.4,269.0,255.0,267.6,6595
CHEMCON,20260901,200.76,203.0,196.9,199.32,26158
CHEMCRUX,20260901,83.9,83.9,82.0,83.24,4029
CHEMFAB,20260901,366.5,366.5,352.4,362.8,3614
CHEMICAL,20260901,30.83,30.83,29.99,30.04,231002
CHEMPLASTS,20260901,175.0,178.46,167.55,170.35,398460
CHENNPETRO,20260901,1380.0,1424.4,1364.2,1387.0,2212980
CHEVIOT,20260901,1149.0,1159.0,1120.0,1124.6,572
CHOICEGOLD,20260901,156.0,156.0,150.5,150.62,11713
CHOICEIN,20260901,779.8,784.5,772.1,774.7,257538
CHOLAFIN,20260901,1851.1,1851.5,1794.1,1814.7,1873461
CHOLAHLDNG,20260901,1485.1,1496.1,1455.0,1475.0,207051
CIEINDIA,20260901,388.0,393.2,387.55,390.85,267687
CIFL,20260901,20.98,21.44,20.3,20.38,53100
CINELINE,20260901,89.9,90.0,87.38,88.95,11750
CINEVISTA,20260901,14.35,14.79,14.35,14.38,9980
CIPLA,20260901,1420.9,1425.7,1406.5,1423.0,880100
CLEAN,20260901,826.0,831.9,817.55,827.1,229094
CLEANMAX,20260901,1234.0,1257.0,1192.9,1249.5,258964
CLEDUCATE,20260901,62.39,63.5,59.4,62.96,17733
CLSEL,20260901,300.4,309.0,298.05,302.4,101722
CMLL,20260901,504.35,508.45,497.0,501.4,206242
CMPDI,20260901,230.92,231.83,221.1,222.68,2052412
CMRGREEN,20260901,232.0,234.8,226.67,231.03,658143
CMSINFO,20260901,242.7,248.99,242.35,247.67,623561
CNL,20260901,1287.6,1300.0,1237.2,1245.5,27761
COALINDIA,20260901,401.75,407.2,399.4,401.6,6128444
COASTCORP,20260901,40.96,41.01,39.35,39.84,70219
COCHINSHIP,20260901,1509.9,1513.4,1465.5,1475.9,404766
COCKERILL,20260901,8171.0,8191.0,7900.0,7968.5,6824
COFFEEDAY,20260901,29.5,30.0,28.55,29.08,430259
COFORGE,20260901,1985.3,1994.2,1961.2,1988.9,2055771
COHANCE,20260901,458.6,476.5,455.0,460.0,2194523
COLPAL,20260901,1872.5,1873.0,1842.0,1859.8,374486
COMFINTE,20260901,6.26,6.38,6.0,6.2,220246
COMMOIETF,20260901,99.32,99.48,98.5,98.85,30625
COMPEAU,20260901,360.0,365.0,355.0,359.65,2287
COMPINFO,20260901,1.07,1.11,1.04,1.11,22469
COMPUSOFT,20260901,13.49,13.65,13.3,13.48,19771
COMSYN,20260901,299.0,309.9,290.0,304.35,1215635
CONCOR,20260901,516.9,518.75,510.5,514.0,1247573
CONCORDBIO,20260901,1458.9,1499.4,1442.4,1484.3,198238
CONFIPET,20260901,81.9,81.9,78.6,80.34,1499783
CONS,20260901,12.19,12.24,12.1,12.12,22288
CONSOFINVT,20260901,267.0,277.0,264.0,264.0,3589
CONSUMAXIS,20260901,121.81,122.25,117.6,119.97,2568
CONSUMBEES,20260901,134.44,134.44,130.86,131.45,51215
CONSUMER,20260901,12.42,12.42,12.05,12.08,269411
CONSUMIETF,20260901,122.65,123.3,121.7,122.08,8727
CONTROLPR,20260901,601.0,611.2,592.0,597.8,38147
CORALFINAC,20260901,32.86,34.34,32.0,32.21,16429
CORDELIA,20260901,103.65,104.8,100.8,103.92,1301291
CORDSCABLE,20260901,285.0,316.0,282.5,312.95,799500
COROMANDEL,20260901,1908.0,1936.8,1890.2,1922.9,59054
CORONA,20260901,2060.0,2061.1,2021.0,2033.3,32850
COSMOFIRST,20260901,934.0,996.0,933.0,949.65,458088
COUNCODOS,20260901,6.67,6.89,6.59,6.72,67780
CPCAP,20260901,119.46,120.5,116.0,117.72,34895
CPEDU,20260901,183.09,189.0,181.5,183.28,5989
CPL,20260901,63.1,65.73,63.1,64.27,123324
CPPLUS,20260901,3566.0,3741.0,3491.1,3726.9,504187
CPSEETF,20260901,93.5,93.5,91.93,92.53,518496
CRAFTSMAN,20260901,11221.0,11498.0,11000.0,11253.0,144450
CRAMC,20260901,259.15,259.6,254.05,255.35,370716
CRAVATEX,20260901,322.25,322.25,314.1,318.1,181
CREATIVEYE,20260901,6.01,6.2,5.6,6.09,11781
CREDITACC,20260901,1365.9,1413.1,1348.6,1393.3,559605
CREST,20260901,364.1,374.9,363.0,364.45,369
CRISIL,20260901,4821.8,4859.0,4760.1,4829.5,60880
CRIZAC,20260901,165.9,167.21,162.11,164.63,435251
CROMPTON,20260901,235.77,235.77,230.2,231.1,3046723
CROWN,20260901,107.9,111.4,104.2,109.04,37268
CRSL,20260901,2.81,2.88,2.81,2.88,348057
CSBBANK,20260901,342.55,342.8,335.15,338.95,653928
CSLFINANCE,20260901,240.0,244.43,236.0,236.92,55083
CSM,20260901,96.35,96.79,93.21,94.49,121136
CTE,20260901,45.37,46.95,43.31,44.78,18933
CUB,20260901,228.01,235.99,225.34,234.99,2919901
CUBEXTUB,20260901,78.2,78.2,76.25,76.82,25269
CUMMINSIND,20260901,5093.5,5115.0,5054.5,5105.0,430883
CUPID,20260901,280.0,282.65,266.5,275.05,17011348
CURAA,20260901,64.08,69.0,63.55,67.0,360
CYBERMEDIA,20260901,18.36,19.99,18.1,18.66,96734
CYBERTECH,20260901,133.07,134.85,132.0,132.91,8575
CYIENT,20260901,1219.0,1219.0,1145.5,1164.6,1708736
CYIENTDLM,20260901,846.0,869.95,837.8,857.2,1322733
DABUR,20260901,384.0,386.8,381.0,384.0,1394674
DAICHI,20260901,339.6,344.0,337.0,339.0,4522
DALBHARAT,20260901,1886.0,1886.0,1795.0,1806.6,85376
DALMIASUG,20260901,488.65,488.8,459.1,467.85,240866
DAMCAPITAL,20260901,145.0,146.93,140.61,141.45,206946
DAMODARIND,20260901,27.0,28.0,27.0,27.85,830
DANGEE,20260901,2.85,2.92,2.54,2.71,106577
DATAMATICS,20260901,781.95,784.6,764.55,771.05,47370
DATAPATTNS,20260901,4525.0,4542.3,4420.9,4515.2,421777
DAVANGERE,20260901,2.09,2.15,1.99,2.08,15603255
DBCORP,20260901,199.88,199.88,196.15,197.76,39339
DBEIL,20260901,6.45,6.53,6.16,6.27,138184
DBL,20260901,404.85,405.85,392.25,394.8,110025
DBOL,20260901,127.46,131.19,126.0,126.76,427906
DBREALTY,20260901,104.11,107.8,102.3,102.9,837691
DBSTOCKBRO,20260901,29.0,30.47,28.91,30.46,14616
DCAL,20260901,179.09,188.0,176.42,181.83,597409
DCBBANK,20260901,217.55,225.62,215.2,224.39,3789148
DCI,20260901,370.0,385.65,362.3,369.7,115858
DCM,20260901,79.0,79.85,77.56,77.67,43818
DCMFINSERV,20260901,5.35,5.35,5.2,5.22,8548
DCMNVL,20260901,193.1,194.54,185.0,189.67,31283
DCMSHRIRAM,20260901,1017.1,1042.3,1009.1,1030.4,122199
DCMSIL,20260901,72.05,73.79,69.0,70.98,85626
DCMSRIND,20260901,48.69,49.02,46.21,46.61,104770
DCW,20260901,45.53,45.64,44.05,44.58,1359355
DCXINDIA,20260901,171.9,174.5,171.0,173.51,225548
DDEVPLSTIK,20260901,278.0,280.95,275.0,278.75,117688
DECCANCE,20260901,574.8,579.9,563.0,574.4,18213
DECNGOLD,20260901,223.4,224.77,218.21,221.05,835236
DEEDEV,20260901,580.3,619.8,580.3,619.8,438089
DEEP,20260901,36.0,37.8,35.66,36.1,5304
DEEPAKFERT,20260901,1407.1,1435.9,1399.8,1427.5,143168
DEEPAKNTR,20260901,1751.6,1820.0,1745.2,1782.8,1005828
DEEPINDS,20260901,703.7,704.95,660.0,665.0,333259
DEFENCE,20260901,82.35,82.35,80.36,80.77,289945
DELHIVERY,20260901,462.65,464.35,457.2,460.8,1175474
DELPHIFX,20260901,6.43,6.49,6.2,6.41,85867
DELTACORP,20260901,58.48,61.0,56.5,57.41,1843770
DELTAMAGNT,20260901,59.4,59.4,57.0,58.45,820
DEN,20260901,28.35,28.35,27.51,27.77,409169
DENORA,20260901,826.2,826.2,783.3,813.9,3462
DENTA,20260901,265.0,275.85,265.0,270.35,99201
DEVIT,20260901,24.83,25.55,24.3,25.02,21329
DEVX,20260901,34.48,34.75,32.56,32.99,208331
DEVYANI,20260901,139.0,139.65,136.51,138.69,1016965
DGCONTENT,20260901,25.74,25.74,23.9,24.23,17491
DHABRIYA,20260901,547.0,547.0,522.0,529.8,6566
DHAMPURSUG,20260901,179.78,179.78,171.1,172.82,586402
DHANBANK,20260901,32.18,32.42,31.95,32.05,327355
DHANUKA,20260901,976.0,995.0,956.0,990.35,35231
DHARAN,20260901,0.16,0.16,0.14,0.14,9984437
DHARMAJ,20260901,270.15,271.0,265.8,269.75,55826
DHATRE,20260901,4.26,4.52,4.17,4.35,20130
DHOOTTRANS,20260901,1490.2,1510.0,1402.8,1450.1,1671879
DHRUV,20260901,23.73,23.84,22.9,23.5,4491
DHUNINV,20260901,988.6,1001.5,975.0,987.3,1224
DIACABS,20260901,348.4,353.05,338.85,340.6,1102986
DIAMINESQ,20260901,241.5,245.0,239.74,242.01,8211
DIAMONDYD,20260901,1147.1,1160.1,1127.6,1144.8,27059
DICIND,20260901,597.0,597.0,547.3,553.6,4851
DIFFNKG,20260901,480.05,492.0,465.5,477.5,1746855
DIGIDRIVE,20260901,18.4,18.8,17.54,17.82,17897
DIGISPICE,20260901,17.17,17.17,16.71,17.0,31061
DIGITIDE,20260901,96.5,98.01,96.2,97.01,153441
DIGJAMLMTD,20260901,51.24,51.24,48.5,49.17,5678
DISAQ,20260901,12037.0,12118.0,11652.0,11724.0,318
DISHTV,20260901,2.74,2.74,2.67,2.67,805531
DIVGIITTS,20260901,1189.2,1329.8,1172.2,1268.8,649484
DIVIDEND,20260901,35.76,35.79,35.55,35.55,2157
DIVISLAB,20260901,9251.5,9262.5,9087.0,9165.0,485620
DIVOPPBEES,20260901,78.7,78.7,76.54,77.35,19569
DIXON,20260901,14780.0,14820.0,14450.0,14461.0,229903
DJML,20260901,71.23,72.63,68.25,71.92,115318
DLF,20260901,672.6,676.0,665.95,675.15,3403562
DLINKINDIA,20260901,441.6,442.4,432.3,436.1,49405
DMART,20260901,3850.0,3850.9,3766.1,3824.0,382602
DMCC,20260901,288.5,293.95,283.6,286.8,31194
DNAMEDIA,20260901,2.58,2.78,2.58,2.58,46628
DODLA,20260901,1081.0,1085.0,1057.2,1066.2,21297
DOLATALGO,20260901,71.8,73.77,70.3,70.93,137305
DOLLAR,20260901,268.0,271.6,266.0,266.6,54534
DOLPHIN,20260901,586.85,598.45,582.3,583.3,23068
DOMS,20260901,2226.0,2249.0,2221.2,2229.0,14876
DONEAR,20260901,85.5,85.5,83.5,84.02,10394
DPABHUSHAN,20260901,1476.4,1479.9,1408.0,1416.0,24352
DPSCLTD,20260901,7.34,7.39,7.05,7.35,63999
DPWIRES,20260901,157.7,160.0,153.45,158.02,11543
DRAGARWQ,20260901,5295.0,5321.0,5255.0,5309.5,501
DRCSYSTEMS,20260901,14.0,14.45,13.62,13.76,106401
DREAMFOLKS,20260901,66.2,67.4,66.2,66.36,26723
DREDGECORP,20260901,1101.8,1112.0,1062.6,1076.7,84130
DRREDDY,20260901,1166.5,1179.9,1166.5,1171.0,556259
DSFCL,20260901,26.93,26.93,26.01,26.07,30409
DSKULKARNI,20260901,18.67,18.67,18.67,18.67,323
DSSL,20260901,1065.0,1065.0,1018.0,1020.8,28727
DTIL,20260901,161.69,161.9,153.0,153.5,25172
DUCON,20260901,1.88,2.15,1.79,2.07,1529775
DVL,20260901,273.6,287.2,273.6,282.5,17456
DWARKESH,20260901,52.47,52.5,48.33,49.14,3772601
DYCL,20260901,493.0,560.0,483.7,542.4,10973790
DYNAMATECH,20260901,11981.0,11981.0,11535.0,11678.0,9545
DYNPRO,20260901,228.57,235.0,228.0,230.19,5016
E2E,20260901,649.65,649.65,611.0,620.9,1597894
EASEMYTRIP,20260901,6.1,6.16,5.96,5.99,28049247
EASTSILK,20260901,64.0,64.0,58.67,63.68,819
EASTWEST,20260901,2.58,2.6,2.31,2.4,84010
EBANK10,20260901,17.06,17.06,16.71,16.71,457
EBANKNIFTY,20260901,58.11,58.3,57.63,57.95,2833
EBBETF0430,20260901,1609.0,1609.0,1600.54,1606.67,28753
EBBETF0431,20260901,1440.36,1440.36,1428.75,1433.04,2008
EBBETF0433,20260901,1312.5,1312.5,1304.11,1310.99,3469
EBGNG,20260901,621.4,669.1,606.3,650.5,1922207
EBIX,20260901,21.21,21.21,19.95,19.99,180580
ECAPINSURE,20260901,24.21,24.21,23.8,23.88,26648
ECLERX,20260901,1950.0,1997.7,1892.3,1973.8,298440
ECORECO,20260901,470.0,475.9,460.3,464.5,8887
ECOSMOBLTY,20260901,114.98,115.8,113.9,115.16,58477
EDELWEISS,20260901,129.49,132.7,126.99,128.94,10187016
EFCIL,20260901,208.0,208.0,200.78,201.34,486529
EGOLD,20260901,157.95,157.95,151.1,151.65,248113
EICHERMOT,20260901,7975.0,8052.0,7860.0,7970.0,760133
EIDPARRY,20260901,800.05,805.75,788.1,795.6,304136
EIEL,20260901,196.5,196.82,190.1,190.82,590767
EIFFL,20260901,290.05,290.05,290.05,290.05,63
EIHAHOTELS,20260901,301.0,303.6,291.2,293.3,23651
EIHOTEL,20260901,282.3,296.45,282.15,294.45,430234
EIMCOELECO,20260901,2184.5,2218.0,2152.2,2193.4,22635
EKC,20260901,107.55,108.3,105.49,105.79,133299
EKI,20260901,78.94,78.94,71.5,73.69,12589
ELANTAS,20260901,11625.0,11699.0,11130.0,11297.0,3579
ELCIDIN,20260901,107300.0,108990.0,106055.0,106700.0,6
ELDEHSG,20260901,794.8,804.5,770.0,783.65,1342
ELECON,20260901,411.75,419.0,409.05,412.25,279355
ELECTCAST,20260901,84.4,87.0,83.31,83.83,5555670
ELECTHERM,20260901,990.1,1015.3,981.7,997.25,11055
ELGIEQUIP,20260901,624.0,631.1,622.15,628.9,341868
ELGIRUBCO,20260901,58.75,62.4,58.01,60.66,76618
ELIN,20260901,99.4,102.99,95.25,96.17,408968
ELIQUID,20260901,1045.99,1046.0,1045.99,1045.99,16877
ELITECON,20260901,10.11,11.17,10.11,10.11,15340431
ELLEN,20260901,318.55,323.0,310.9,315.4,305472
ELM250,20260901,17.47,17.47,16.56,16.65,134603
ELMDIV,20260901,36.99,37.0,36.13,36.2,3015
ELPROINTL,20260901,175.0,176.13,173.73,175.01,9627
EMAMILTD,20260901,366.0,379.35,361.15,376.65,1648320
EMAMIPAP,20260901,109.22,112.0,109.22,109.77,12539
EMAMIREAL,20260901,69.84,69.84,67.0,68.57,3969
EMBDL,20260901,61.9,62.3,59.2,59.63,2981824
EMCURE,20260901,1860.9,1885.0,1835.0,1845.9,114806
EMETAL,20260901,13.2,13.69,13.08,13.28,4694
EMIL,20260901,182.45,182.45,172.08,175.7,957847
EMKAY,20260901,259.6,266.9,255.05,264.1,87226
EMMBI,20260901,91.33,94.48,91.0,92.66,23013
EMMVEE,20260901,321.4,323.15,317.4,319.25,877483
EMPIND,20260901,1220.0,1225.9,1205.0,1209.2,3955
EMPOWER,20260901,2.01,2.01,2.01,2.01,4047435
EMSLIMITED,20260901,372.4,379.0,370.2,372.4,104652
EMUDHRA,20260901,555.0,555.0,527.85,533.1,125079
EMULTIMQ,20260901,42.3,42.4,41.8,42.11,20939
ENDURANCE,20260901,2888.0,2905.8,2829.3,2841.7,42736
ENERGY,20260901,38.96,38.96,37.9,37.94,1399237
ENERGYDEV,20260901,15.88,16.19,15.75,15.78,13623
ENEXT50,20260901,73.6,73.6,72.17,72.91,887
ENGINERSIN,20260901,263.0,289.65,260.45,280.05,57537014
ENIFTY,20260901,24.36,24.42,24.1,24.42,1787
ENIL,20260901,101.99,103.9,100.2,100.96,28318
ENKEIWHEL,20260901,400.0,405.0,391.0,400.0,8408
ENRIN,20260901,3230.0,3243.9,3160.3,3172.5,217495
ENTERO,20260901,1807.8,1829.0,1790.1,1805.0,116123
EPACK,20260901,187.0,190.91,185.4,187.72,490346
EPACKPEB,20260901,223.0,225.0,219.41,224.0,362380
EPIGRAL,20260901,1208.6,1252.9,1198.6,1239.5,66587
EPL,20260901,246.0,247.7,237.5,240.35,135432363
EQUAL200,20260901,13.9,13.93,13.81,13.83,8664
EQUAL50,20260901,332.25,333.3,330.87,331.69,5190
EQUAL50ADD,20260901,343.86,345.6,342.0,342.71,5952
EQUIPPP,20260901,22.15,22.45,21.28,22.2,2030
EQUITASBNK,20260901,73.97,74.19,73.08,73.42,939445
ERIS,20260901,1297.2,1312.5,1291.0,1299.9,48468
ESABINDIA,20260901,6134.0,6189.5,6014.5,6141.5,7782
ESAFSFB,20260901,43.4,43.4,41.05,41.48,585595
ESCORTS,20260901,3050.0,3105.0,2986.0,3016.1,115819
ESENSEX,20260901,77.05,79.0,77.05,78.16,836
ESG,20260901,41.21,41.41,41.03,41.03,52087
ESILVER,20260901,235.81,237.85,226.93,227.73,313124
ESSARSHPNG,20260901,16.2,18.0,16.2,16.83,151322
ESSENTIA,20260901,1.03,1.06,1.03,1.04,3144152
ESTER,20260901,93.5,95.44,91.0,92.68,121349
ETERNAL,20260901,325.0,329.4,323.0,327.75,21501682
ETHOSLTD,20260901,2909.0,2912.8,2860.0,2879.4,21366
EUREKAFORB,20260901,432.1,432.5,412.95,427.8,192759
EUROBOND,20260901,156.9,156.9,147.5,148.02,3776
EUROPRATIK,20260901,265.35,265.35,258.4,259.35,177200
EUROTEXIND,20260901,13.99,13.99,13.99,13.99,6
EVEREADY,20260901,330.5,330.5,322.4,325.1,92060
EVERESTIND,20260901,420.0,435.0,415.0,420.75,21159
EVIETF,20260901,33.6,33.63,32.92,33.1,124434
EVINDIA,20260901,34.14,34.24,32.95,33.15,401981
EXCELINDUS,20260901,1053.0,1053.0,1004.5,1015.5,6767
EXCELSOFT,20260901,69.93,70.45,69.6,69.79,156084
EXICOM,20260901,166.0,166.0,159.0,162.98,870784
EXIDEIND,20260901,439.1,444.6,434.0,436.25,2106708
EXPLEOSOL,20260901,857.8,868.95,849.0,854.4,12578
EXXARO,20260901,7.14,7.24,6.25,6.48,1403583
FABTECH,20260901,148.41,149.97,146.22,147.6,27864
FACT,20260901,817.05,829.0,811.2,815.25,172573
FAIRCHEMOR,20260901,674.0,674.0,664.15,664.15,2373
FAZE3Q,20260901,487.45,494.95,483.15,490.55,21672
FCL,20260901,51.0,51.3,48.0,48.83,13911490
FCSSOFT,20260901,1.49,1.49,1.45,1.45,1245103
FDC,20260901,338.4,340.65,329.05,333.6,230099
FEDDERSHOL,20260901,45.4,46.49,45.15,45.21,1288203
FEDERALBNK,20260901,350.0,351.75,348.0,349.25,3391394
FEDFINA,20260901,156.45,160.35,154.8,156.21,913152
FEL,20260901,0.39,0.39,0.38,0.38,254029
FELDVR,20260901,2.23,2.3,2.23,2.23,486
FERMENTA,20260901,502.9,509.9,477.8,485.8,93488
FIBERWEB,20260901,26.1,27.29,25.69,26.15,9566
FIEMIND,20260901,2045.2,2110.4,2031.2,2085.7,106503
FILATEX,20260901,74.99,75.29,72.6,73.74,1719002
FILATFASH,20260901,0.18,0.19,0.18,0.18,16623007
FINCABLES,20260901,1260.0,1266.4,1224.4,1248.3,641035
FINEORG,20260901,5282.0,5380.0,5225.5,5255.5,31627
FINIETF,20260901,33.09,33.09,32.56,32.65,303728
FINKURVE,20260901,72.91,73.67,67.0,67.76,109032
FINOPB,20260901,139.0,139.79,131.83,136.44,334325
FINPIPE,20260901,158.5,158.99,154.8,155.34,464728
FIRSTCRY,20260901,181.6,182.6,176.4,177.67,1115282
FISCHER,20260901,35.48,37.1,34.67,36.77,1152839
FIVESTAR,20260901,535.65,539.8,525.55,538.1,321205
FLAIR,20260901,250.0,251.9,247.21,249.98,59842
FLEXIADD,20260901,10.21,10.22,10.12,10.15,47189
FLEXITUFF,20260901,2.51,2.55,2.45,2.46,52613
FLFL,20260901,1.23,1.25,1.15,1.19,17130
FLUOROCHEM,20260901,4709.9,4820.0,4684.3,4740.1,88065
FMCGADD,20260901,46.83,46.86,46.48,46.7,45182
FMCGIETF,20260901,50.25,50.5,49.7,49.78,4747626
FMGOETZE,20260901,632.0,634.2,620.0,624.85,2091800
FMNL,20260901,10.26,10.75,9.95,10.04,34341
FOCUS,20260901,65.68,67.0,64.95,66.14,60651
FOODSIN,20260901,54.74,54.74,53.0,53.46,38335
FORCEMOT,20260901,17580.0,18069.0,17462.0,17722.0,149245
FORTIS,20260901,911.6,921.45,893.0,915.0,1605569
FOSECOIND,20260901,6410.0,6490.0,6190.0,6308.5,20790
FRACTAL,20260901,846.05,850.1,825.0,827.8,213921
FREDUN,20260901,1463.7,1531.0,1450.0,1497.8,24906
FRONTSP,20260901,1300.0,1300.0,1246.4,1256.2,12369
FSL,20260901,264.7,267.1,257.0,266.0,1357079
FUSION,20260901,201.57,201.57,194.1,194.65,298034
GABRIEL,20260901,1450.0,1467.9,1402.6,1426.3,647260
GAEL,20260901,174.1,176.45,169.61,172.03,829190
GAIL,20260901,173.41,174.39,172.07,172.69,8008794
GAJA,20260901,152.5,164.4,149.51,161.79,6737896
GALAPREC,20260901,1018.1,1034.5,1000.1,1009.6,29559
GALAXYSURF,20260901,2244.3,2280.4,2210.3,2229.4,40040
GALLANTT,20260901,563.0,574.65,547.2,552.8,78899
GANDHAR,20260901,257.7,268.5,255.05,261.8,2578536
GANDHITUBE,20260901,901.4,902.0,887.15,896.6,4413
GANECOS,20260901,1028.1,1031.8,1018.0,1024.6,49268
GANESHBE,20260901,115.2,120.96,115.2,116.37,152025
GANESHCP,20260901,172.64,174.8,166.75,168.2,116515
GANESHHOU,20260901,775.7,788.45,765.05,775.2,27105
GANGAFORGE,20260901,1.77,1.77,1.74,1.77,2248677
GANGESSECU,20260901,118.0,121.01,116.4,118.03,3685
GARFIBRES,20260901,813.85,852.0,808.3,842.7,90917
GARUDA,20260901,173.0,180.5,171.54,179.85,782142
GATECH,20260901,1.05,1.05,1.05,1.05,44849106
GATECHDVR,20260901,0.58,0.58,0.54,0.54,1903792
GATEWAY,20260901,53.95,53.95,52.5,52.86,1270338
GAUDIUMIVF,20260901,128.02,133.89,125.0,127.72,243370
GAYAHWS,20260901,2.05,2.1,1.96,2.02,371576
GAYAPROJ,20260901,21.8,21.89,20.59,20.69,400454
GCSL,20260901,555.95,564.5,551.0,562.9,484271
GEECEE,20260901,364.0,369.95,361.3,368.55,1511
GEEKAYWIRE,20260901,28.15,29.8,27.05,29.09,867412
GEMAROMA,20260901,169.5,169.5,166.0,166.69,56296
GENCON,20260901,47.75,47.85,43.81,44.93,312963
GENESYS,20260901,227.35,234.25,220.89,225.93,592909
GENSOL,20260901,17.84,17.84,17.15,17.23,38350
GENUSPAPER,20260901,12.12,12.5,11.9,11.99,83707
GENUSPOWER,20260901,336.9,337.95,324.1,327.9,2515432
GEOJITFSL,20260901,82.79,84.09,82.15,83.22,272219
GESHIP,20260901,1304.8,1338.0,1304.8,1325.6,725819
GFLLIMITED,20260901,53.8,57.6,53.8,56.3,109094
GHCL,20260901,436.05,440.0,433.3,435.6,108022
GHCLTEXTIL,20260901,136.0,144.0,135.02,140.45,2290225
GICHSGFIN,20260901,139.99,144.9,138.02,141.95,105049
GICL,20260901,23.55,23.89,23.11,23.74,332495
GICRE,20260901,356.5,359.4,354.0,354.75,1430980
GILLANDERS,20260901,106.16,109.0,103.63,105.83,7145
GILLETTE,20260901,7325.0,7437.0,7255.0,7419.5,16392
GILT10BETA,20260901,26.77,26.77,26.24,26.52,2929
GILT5BETA,20260901,66.74,66.89,65.57,65.68,1958
GILT5YBEES,20260901,66.29,66.29,65.92,66.04,291766
GINNIFILA,20260901,44.39,44.5,43.5,43.54,17177
GIPCL,20260901,198.0,201.5,196.0,198.8,488311
GKB,20260901,67.44,67.44,67.0,67.0,37
GKENERGY,20260901,133.18,134.8,130.56,132.08,302913
GKSL,20260901,159.35,169.0,156.66,162.45,1728913
GKWLIMITED,20260901,1558.9,1564.9,1505.5,1550.0,692
GLAND,20260901,2885.7,2928.6,2859.3,2875.0,257559
GLAXO,20260901,3040.0,3040.1,2966.4,2996.1,89863
GLENMARK,20260901,2480.0,2494.9,2455.0,2470.4,679565
GLFL,20260901,6.17,6.17,5.66,5.93,4749
GLOBAL,20260901,105.1,111.89,105.1,110.14,76188
GLOBALE,20260901,11.5,11.5,11.1,11.2,3419
GLOBALVECT,20260901,142.89,147.0,140.05,142.2,3044
GLOBE,20260901,1.95,1.96,1.88,1.9,901436
GLOBECIVIL,20260901,46.69,48.4,45.6,46.21,129549
GLOBUSSPR,20260901,919.8,924.0,910.0,914.95,122377
GLOSTERLTD,20260901,604.9,604.9,590.5,591.5,361
GLOTTIS,20260901,63.26,64.0,62.51,63.01,67595
GMBREW,20260901,877.25,880.0,873.05,876.2,14995
GMDCLTD,20260901,564.7,573.9,558.8,562.25,1018206
GMMPFAUDLR,20260901,1047.0,1109.0,1024.8,1083.8,393281
GMRAIRPORT,20260901,95.5,96.3,93.08,94.12,19748938
GMRP&UI,20260901,91.34,92.0,89.25,89.91,1140376
GNA,20260901,544.9,544.9,524.0,532.45,190305
GNFC,20260901,577.0,586.5,572.55,576.0,379437
GNRL,20260901,95.47,97.0,94.5,95.56,39190
GOACARBON,20260901,370.0,379.0,367.05,369.05,14805
GOCLCORP,20260901,389.9,395.0,384.05,387.35,21846
GOCOLORS,20260901,330.0,333.65,320.0,323.45,134208
GODAVARIB,20260901,234.35,237.21,231.29,234.95,64800
GODFRYPHLP,20260901,2104.8,2118.7,2072.0,2078.3,137521
GODIGIT,20260901,257.4,262.0,252.1,260.75,167036
GODREJAGRO,20260901,650.0,695.6,633.7,654.4,10860764
GODREJCP,20260901,901.3,905.65,891.1,905.0,691129
GODREJIND,20260901,1134.9,1215.9,1128.5,1152.9,465955
GODREJPROP,20260901,2023.2,2023.2,1965.0,1978.0,329259
GOKEX,20260901,780.9,786.2,772.65,780.5,124248
GOKUL,20260901,41.2,42.26,40.38,41.53,256692
GOKULAGRO,20260901,245.6,245.6,235.01,236.58,430312
GOLD1,20260901,131.89,131.89,126.24,126.58,1541753
GOLD360,20260901,153.45,153.45,147.55,147.9,20057
GOLDADD,20260901,15.34,15.34,14.7,14.73,12181845
GOLDAXIS,20260901,128.29,128.4,125.76,125.91,2033566
GOLDBEES,20260901,127.19,127.8,125.02,125.34,35522261
GOLDBETA,20260901,133.15,133.15,127.45,127.85,1230361
GOLDBND,20260901,157.22,157.22,150.8,151.57,26819
GOLDCASE,20260901,24.7,24.7,23.74,23.86,15677029
GOLDENTOBC,20260901,24.53,25.1,24.46,24.46,5136
GOLDETF,20260901,153.93,153.93,147.35,147.58,1368789
GOLDIAM,20260901,348.9,349.05,340.85,342.4,348336
GOLDIETF,20260901,134.0,134.0,129.55,129.73,7664223
GOLDTECH,20260901,48.94,48.94,46.65,47.25,8010
GOODLUCK,20260901,465.0,465.15,450.0,452.9,393025
GOODYEAR,20260901,743.35,743.35,732.05,736.25,4047
GOPAL,20260901,273.0,277.9,269.1,270.3,165765
GOYALALUM,20260901,6.42,6.42,6.26,6.29,31214
GPIL,20260901,245.0,245.39,239.1,243.41,1079861
GPPL,20260901,168.9,170.7,168.0,169.02,2611554
GPTHEALTH,20260901,151.75,153.29,151.0,151.63,40575
GPTINFRA,20260901,110.55,111.59,107.35,107.72,111339
GRADIENTE,20260901,2.62,2.62,2.57,2.59,405560
GRANDOAK,20260901,36.7,37.0,35.15,36.23,369
GRANULES,20260901,828.5,840.9,824.1,837.2,346212
GRAPHITE,20260901,706.8,755.5,706.8,732.9,6472464
GRASIM,20260901,3337.0,3337.0,3287.1,3305.0,818556
GRAUWEIL,20260901,72.4,72.4,68.75,69.25,409135
GRAVISSHO,20260901,29.99,29.99,27.9,28.2,11098
GRAVITA,20260901,1798.0,1822.1,1771.0,1781.9,123419
GREAVESCOT,20260901,197.8,199.99,194.03,197.8,1030615
GREENLAM,20260901,246.2,247.6,241.4,242.61,64371
GREENPANEL,20260901,158.49,164.1,157.32,160.09,1371358
GREENPLY,20260901,290.0,291.6,285.5,286.2,56331
GREENPOWER,20260901,9.11,9.25,9.07,9.12,1657142
GRINDWELL,20260901,2012.9,2014.7,1965.2,1983.3,31019
GRINFRA,20260901,876.55,888.4,867.85,882.5,9428
GRMOVER,20260901,86.51,87.06,85.05,85.29,1039802
GROBTEA,20260901,985.05,1000.0,972.0,975.25,214
GROWW,20260901,193.0,193.99,189.01,189.41,25408315
GROWWCAPM,20260901,11.5,11.57,11.31,11.37,435784
GROWWCHEM,20260901,30.78,30.78,29.91,30.0,60572
GROWWDEFNC,20260901,97.29,97.46,96.01,96.75,246944
GROWWEV,20260901,34.06,34.06,32.85,33.17,605315
GROWWGOLD,20260901,15.37,15.37,14.77,14.8,1597880
GROWWHOSPI,20260901,52.43,52.63,52.03,52.21,655640
GROWWLIQID,20260901,110.58,110.59,110.58,110.58,241149
GROWWLOVOL,20260901,10.41,10.45,10.25,10.38,10649
GROWWMC150,20260901,235.03,239.23,233.85,234.07,548
GROWWMETAL,20260901,12.74,12.74,12.43,12.52,286061
GROWWMOM50,20260901,11.33,11.33,10.93,11.02,343659
GROWWN200,20260901,11.3,11.49,11.22,11.28,38858
GROWWNET,20260901,11.04,11.04,10.69,10.77,471216
GROWWNIFTY,20260901,9.88,9.88,9.71,9.72,530939
GROWWNXT50,20260901,73.65,73.85,73.0,73.35,5394
GROWWPOWER,20260901,11.49,11.49,11.12,11.16,1670679
GROWWPSE,20260901,97.0,98.48,96.4,96.64,3550
GROWWPSUBK,20260901,85.5,86.29,85.0,85.46,4678
GROWWRAIL,20260901,28.44,28.44,28.1,28.17,393033
GROWWRLTY,20260901,10.03,10.11,9.91,9.96,233558
GROWWSC250,20260901,10.84,10.84,10.56,10.65,81553
GROWWSLVR,20260901,23.43,23.43,22.22,22.27,1786480
GRPLTD,20260901,1970.4,2040.0,1959.9,2025.6,1864
GRSE,20260901,2564.0,2571.1,2513.6,2530.2,327932
GRWRHITECH,20260901,7107.0,7288.0,7104.0,7209.5,30911
GSEC10ABSL,20260901,112.65,112.65,112.65,112.65,5
GSEC10ADD,20260901,26.64,26.64,26.49,26.49,185
GSEC10IETF,20260901,265.05,265.05,262.01,263.5,6819
GSEC10YEAR,20260901,30.55,30.55,30.39,30.51,883
GSEC5IETF,20260901,66.0,66.84,65.91,66.01,729
GSFC,20260901,158.0,160.17,157.55,158.75,833892
GSLSU,20260901,25.73,26.23,24.45,24.52,307658
GSPCROP,20260901,631.25,645.0,597.15,621.7,187642
GSS,20260901,12.12,12.43,11.75,11.9,288106
GTECJAINX,20260901,27.0,28.5,27.0,28.28,1705
GTL,20260901,7.2,7.28,7.04,7.07,194118
GTLINFRA,20260901,1.18,1.19,1.15,1.15,52128924
GTPL,20260901,57.98,57.98,56.5,57.14,46295
GUFICBIO,20260901,416.35,426.25,414.6,421.05,97459
GUJALKALI,20260901,699.9,735.0,699.9,713.3,143928
GUJAPOLLO,20260901,348.1,349.5,333.15,335.65,22857
GUJENERGY,20260901,248.9,257.98,248.9,254.3,1912693
GUJRAFFIA,20260901,40.04,41.99,39.45,39.96,1245
GUJTHEM,20260901,423.9,426.95,415.0,419.95,705471
GULFOILLUB,20260901,1129.1,1143.7,1119.2,1132.8,56441
GULFPETRO,20260901,67.62,68.9,65.99,67.51,208543
GULPOLY,20260901,190.56,193.3,186.21,188.28,214258
GVKPIL,20260901,2.11,2.12,2.05,2.08,1468407
GVPIL,20260901,627.4,638.0,620.0,622.55,107768
GVPTECH,20260901,8.75,8.94,8.16,8.23,110129
GVT&D,20260901,4400.0,4400.0,4268.8,4324.0,1044144
GYFTR,20260901,174.5,188.0,170.0,182.15,216367
HAL,20260901,4801.6,4819.6,4771.6,4807.6,492865
HALDER,20260901,310.0,310.0,272.8,292.25,23233
HALDYNGL,20260901,140.79,141.0,137.2,139.52,76271
HALEOSLABS,20260901,1542.0,1542.0,1465.0,1480.0,1374
HAMPTON,20260901,8.31,8.31,8.0,8.03,9867
HAPPSTMNDS,20260901,404.0,404.0,356.95,362.7,15538393
HAPPYFORGE,20260901,2449.0,2470.0,2345.0,2420.4,132544
HARDWYN,20260901,9.05,9.13,8.96,9.03,2835807
HARIOMPIPE,20260901,345.3,350.0,340.0,342.55,67406
HARRMALAYA,20260901,200.0,200.0,190.45,193.07,10983
HARSHA,20260901,460.0,460.0,443.25,453.7,348002
HATHWAY,20260901,10.69,10.7,10.45,10.5,1072807
HATSUN,20260901,1175.1,1219.4,1156.0,1178.5,121102
HAVELLS,20260901,1229.0,1229.0,1212.2,1222.8,1005951
HAVISHA,20260901,1.34,1.38,1.3,1.34,48515
HAWKINCOOK,20260901,8160.0,8235.0,8101.0,8152.0,346
HAZOOR,20260901,19.75,19.97,19.2,19.39,133778
HBESD,20260901,75.0,75.95,75.0,75.27,528
HBLENGINE,20260901,657.35,669.4,653.2,659.2,709804
HBPOR,20260901,58.91,61.5,58.91,59.99,1424
HBSL,20260901,54.61,55.0,53.73,54.06,350
HCC,20260901,23.88,24.25,23.17,23.36,30351930
HCG,20260901,735.0,737.95,701.5,704.4,270089
HCL-INSYS,20260901,10.85,10.93,10.35,10.46,168664
HCLTECH,20260901,1316.1,1368.0,1313.1,1351.4,4031856
HDBFS,20260901,677.25,680.35,668.0,675.3,1611454
HDFCAMC,20260901,2580.5,2580.5,2526.0,2544.9,936933
HDFCBANK,20260901,705.05,715.45,698.5,711.9,44417092
HDFCBSE500,20260901,38.0,38.16,37.46,37.56,1255609
HDFCGOLD,20260901,135.11,135.11,129.5,129.71,5938508
HDFCGROWTH,20260901,121.08,121.78,119.13,120.24,93296
HDFCLIFE,20260901,540.0,544.25,537.4,540.3,3064468
HDFCLIQUID,20260901,1076.12,1076.14,1076.12,1076.13,12014
HDFCLOWVOL,20260901,20.73,20.77,20.62,20.69,14000
HDFCMID150,20260901,23.8,23.95,23.49,23.56,244263
HDFCMOMENT,20260901,31.51,31.57,30.92,31.01,219655
HDFCNEXT50,20260901,75.49,75.49,73.63,74.14,357190
HDFCNIF100,20260901,26.72,26.72,25.92,26.0,28828
HDFCNIFBAN,20260901,59.15,59.5,58.87,59.0,79841
HDFCNIFIT,20260901,33.09,33.65,32.97,33.43,767263
HDFCNIFTY,20260901,265.06,272.53,265.06,270.87,67866
HDFCNIMEG,20260901,132.39,133.39,131.16,131.69,32828
HDFCPSUBK,20260901,86.36,86.79,84.64,85.73,40291
HDFCPVTBAN,20260901,28.79,28.79,28.11,28.14,528261
HDFCQUAL,20260901,59.68,59.89,59.05,59.14,6295
HDFCSENSEX,20260901,87.01,88.6,87.01,87.38,39852
HDFCSILVER,20260901,223.89,223.89,217.0,217.42,5724309
HDFCSML250,20260901,186.18,187.29,184.15,185.65,7719160
HDFCVALUE,20260901,125.62,126.17,125.15,125.56,1384
HDIL,20260901,1.47,1.53,1.47,1.5,99232
HEADSUP,20260901,6.9,6.9,6.72,6.85,355
HEALTHADD,20260901,16.93,17.21,16.81,16.83,14905
HEALTHAXIS,20260901,170.32,170.44,169.2,169.2,6914
HEALTHCARE,20260901,22.38,22.38,21.65,21.69,51174
HEALTHIETF,20260901,172.77,172.77,170.56,171.16,87858
HEALTHX,20260901,304.6,305.0,295.3,297.9,3582
HEALTHY,20260901,17.64,17.64,17.0,17.13,199982
HECPROJECT,20260901,119.57,121.49,115.53,116.37,4575
HEG,20260901,732.4,753.9,721.1,729.9,3707105
HEIDELBERG,20260901,157.7,159.99,157.7,158.1,204831
HEMIPROP,20260901,128.12,128.8,126.7,127.15,154322
HERANBA,20260901,172.58,180.0,170.59,175.96,75220
HERITGFOOD,20260901,362.55,364.5,351.5,353.7,199186
HEROMOTOCO,20260901,5610.0,5659.0,5495.5,5555.0,1231011
HESTERBIO,20260901,2257.5,2283.3,2182.0,2200.5,5008
HEXAGON,20260901,67.23,67.9,65.95,66.19,103313
HEXATRADEX,20260901,161.29,161.29,158.25,158.72,720
HEXT,20260901,555.5,555.5,543.8,551.1,132636
HFCL,20260901,252.0,252.9,236.64,236.64,12772540
HGINFRA,20260901,486.15,489.95,480.35,481.85,65514
HGM,20260901,46.6,50.8,44.6,48.67,47035
HGS,20260901,400.55,402.15,391.0,393.7,20971
HIKAL,20260901,201.0,205.0,197.01,198.54,211546
HILINFRA,20260901,44.99,44.99,43.92,44.19,70388
HILTON,20260901,19.11,19.99,19.11,19.32,70590
HIMATSEIDE,20260901,69.53,70.5,68.69,69.27,304253
HINDADH,20260901,348.05,357.45,345.0,346.1,2683
HINDALCO,20260901,1023.0,1033.9,1010.0,1014.4,2765114
HINDALUMI,20260901,97.0,100.5,95.0,97.8,21225
HINDCOMPOS,20260901,404.0,410.0,404.0,405.2,1452
HINDCON,20260901,24.6,24.6,23.1,23.47,18087
HINDCOPPER,20260901,529.3,536.9,517.0,526.65,13697101
HINDOILEXP,20260901,162.45,174.99,162.0,169.0,2830998
HINDPETRO,20260901,361.0,364.55,358.1,363.1,1725511
HINDUNILVR,20260901,1987.0,2003.0,1980.0,1994.8,922778
HINDWAREAP,20260901,187.0,190.55,181.2,182.11,127373
HINDZINC,20260901,604.15,608.95,593.05,597.0,5675069
HIRECT,20260901,1215.8,1264.7,1203.8,1248.2,54711
HISARMETAL,20260901,154.55,166.0,151.56,159.54,2885
HITECH,20260901,78.95,80.9,78.8,79.67,484384
HITECHCORP,20260901,331.75,338.0,331.75,337.65,13707
HITECHGEAR,20260901,570.0,575.0,560.0,569.25,1078
HLEGLAS,20260901,311.65,319.95,311.65,316.75,70734
HLVLTD,20260901,6.45,6.59,6.31,6.34,266885
HMAAGRO,20260901,20.9,21.11,20.78,20.92,640790
HMT,20260901,61.4,64.27,61.4,64.27,23878
HMVL,20260901,88.03,89.0,86.0,86.57,4721
HNDFDS,20260901,672.0,672.0,640.0,644.1,56027
HNGSNGBEES,20260901,470.44,472.0,467.9,469.33,103484
HOMEFIRST,20260901,1160.0,1188.9,1151.9,1182.8,112117
HONASA,20260901,483.35,485.9,469.05,473.5,800865
HONAUT,20260901,35710.0,36320.0,35420.0,35580.0,3376
HONDAPOWER,20260901,2029.6,2029.6,1981.0,1993.4,3548
HORIZONIND,20260901,56.9,58.3,55.11,55.37,5863251
HPAL,20260901,35.49,35.49,34.2,34.93,35587
HPIL,20260901,122.35,124.8,120.2,121.17,893
HPL,20260901,301.6,306.1,296.85,299.8,84595
HRYNSHP,20260901,102.65,102.68,97.8,100.05,1116
HSBCGOLD,20260901,134.5,134.5,131.7,132.04,6326
HSCL,20260901,660.35,684.55,650.1,680.85,14160503
HTEL,20260901,75.0,78.75,71.25,78.75,10216470
HTMEDIA,20260901,26.46,27.5,26.11,26.88,157208
HUBTOWN,20260901,182.0,182.95,179.03,180.33,198378
HUDCO,20260901,180.0,183.89,177.3,178.58,1726314
HUHTAMAKI,20260901,263.2,263.2,253.5,258.95,116595
HYBRIDETF,20260901,10.16,10.16,10.05,10.05,23371
HYBRIDFIN,20260901,17.0,17.15,16.8,16.96,3093
HYUNDAI,20260901,2227.0,2260.0,2156.2,2179.8,604868
IBULLSLTD,20260901,26.25,26.39,25.25,25.44,5991756
ICDSLTD,20260901,40.41,49.22,39.51,49.22,31810
ICEMAKE,20260901,752.45,752.45,730.0,733.45,9026
ICICIAMC,20260901,3069.9,3071.9,3008.0,3038.1,835278
ICICIB22,20260901,112.2,116.0,112.2,113.64,534195
ICICIBANK,20260901,1442.9,1446.7,1422.8,1438.0,10627608
ICICIGI,20260901,1565.0,1573.4,1542.3,1566.9,446492
ICICIPRULI,20260901,507.0,507.0,495.0,495.45,2199838
ICIL,20260901,470.95,471.2,428.2,433.45,1222333
ICRA,20260901,4928.2,5023.0,4922.5,5011.9,31390
IDBI,20260901,91.3,94.15,89.25,92.06,11861429
IDEA,20260901,14.6,14.63,13.96,14.06,316789599
IDEAFORGE,20260901,795.25,809.0,777.6,783.6,305312
IDFCFIRSTB,20260901,85.2,85.2,84.1,84.9,11579195
IDFNIFTYET,20260901,266.34,267.26,265.25,265.41,793
IEX,20260901,120.5,120.5,118.8,119.2,2633916
IFBAGRO,20260901,910.5,929.2,880.35,899.4,8956
IFBIND,20260901,1331.4,1338.9,1291.2,1301.4,59069
IFCI,20260901,89.94,90.19,86.25,87.26,22192116
IFGLEXPOR,20260901,210.05,213.02,207.0,207.91,22386
IGARASHI,20260901,416.5,428.0,416.0,421.05,51592
IGCL,20260901,72.21,72.98,71.0,71.98,51999
IGIL,20260901,346.0,346.0,337.05,339.75,357722
IGL,20260901,150.99,150.99,148.74,149.85,803681
IGPL,20260901,535.1,552.9,532.05,548.35,124180
IIFL,20260901,645.05,651.0,628.0,639.15,1501350
IIFLCAPS,20260901,337.2,342.8,334.5,340.15,869199
IITL,20260901,156.17,158.2,151.1,153.0,93467
IKIO,20260901,215.48,216.93,206.1,207.53,215560
IKS,20260901,1770.0,1788.0,1725.0,1740.8,142656
IL&FSENGG,20260901,35.2,35.55,34.52,35.0,28135
IL&FSTRANS,20260901,2.3,2.3,2.19,2.23,37187
IMAGICAA,20260901,56.38,56.94,54.65,55.0,802066
IMFA,20260901,1322.3,1333.7,1296.0,1301.1,110596
IMPAL,20260901,1050.0,1135.0,1050.0,1131.4,7544
IMPEXFERRO,20260901,4.46,4.46,4.46,4.46,7736
INA,20260901,92.09,93.7,89.0,89.6,504829
INCREDIBLE,20260901,32.49,33.14,32.1,32.81,9648
INDBANK,20260901,31.75,31.75,31.12,31.27,22505
INDGN,20260901,610.05,614.45,597.1,605.4,949276
INDHOTEL,20260901,728.15,728.2,710.85,718.0,1129170
INDIACEM,20260901,369.65,369.65,358.4,359.85,184515
INDIAGLYCO,20260901,1149.8,1173.7,1097.5,1111.7,880527
INDIAMART,20260901,1757.0,1774.0,1757.0,1764.4,33507
INDIANB,20260901,889.0,890.5,874.05,881.75,1602957
INDIANCARD,20260901,210.0,212.9,208.0,211.47,2289
INDIANHUME,20260901,380.65,381.7,370.1,372.15,28221
INDIASHLTR,20260901,650.0,653.0,626.0,628.9,101042
INDIGO,20260901,5065.0,5106.5,5010.0,5052.0,788457
INDIGOPNTS,20260901,1140.7,1188.0,1140.7,1172.4,104762
INDIQUBE,20260901,189.4,192.39,185.11,190.05,215999
INDNIPPON,20260901,1050.6,1092.2,1045.1,1072.1,16317
INDOAMIN,20260901,121.7,122.45,119.51,120.47,25936
INDOBORAX,20260901,508.5,538.4,499.05,516.05,621600
INDOCO,20260901,243.34,245.85,239.0,243.84,65892
INDOFARM,20260901,136.05,138.9,134.0,134.83,76570
INDOKEM,20260901,610.0,624.0,600.05,607.45,3222
INDOMIM,20260901,875.45,878.35,846.9,858.85,687363
INDORAMA,20260901,65.71,72.0,65.71,68.01,2138883
INDOSTAR,20260901,253.66,259.99,250.0,252.08,406509
INDOTECH,20260901,3711.3,3813.6,3690.9,3702.2,18934
INDOTHAI,20260901,41.69,41.69,41.69,41.69,741668
INDOUS,20260901,82.72,84.27,78.43,79.09,2288
INDOWIND,20260901,9.2,9.26,9.02,9.04,55476
INDPRUD,20260901,6215.5,6375.0,6215.5,6232.0,55
INDRAMEDCO,20260901,363.0,363.05,355.8,357.8,283282
INDSWFTLAB,20260901,368.45,389.5,361.9,368.15,1383073
INDTERRAIN,20260901,30.01,30.96,30.0,30.82,15764
INDUSINDBK,20260901,1004.0,1004.0,985.0,992.6,1742567
INDUSTOWER,20260901,386.0,386.2,373.0,375.0,5558555
INFOBEAN,20260901,160.0,161.82,156.2,157.52,378069
INFOMEDIA,20260901,5.13,5.35,5.13,5.27,419
INFRA,20260901,12.1,12.1,11.91,11.93,33103
INFRABEES,20260901,953.22,957.98,947.0,950.4,16687
INFRAIETF,20260901,94.6,95.59,94.18,94.49,834793
INFY,20260901,1128.0,1156.0,1125.6,1156.0,13516123
INGERRAND,20260901,4845.0,4847.4,4722.5,4794.0,17247
INNOVACAP,20260901,1074.0,1107.9,1052.1,1068.1,73347
INNOVANA,20260901,309.0,314.9,299.95,300.0,1991
INNOVISION,20260901,268.55,271.5,263.0,263.3,15103
INOXGREEN,20260901,166.87,166.87,158.73,160.29,818326
INOXINDIA,20260901,2130.0,2200.0,2088.2,2165.9,387635
INOXWIND,20260901,70.37,70.37,69.1,69.5,8168944
INSECTICID,20260901,609.0,615.9,594.15,598.35,14085
INSPIRISYS,20260901,89.5,92.4,85.9,86.21,6091
INSUREIETF,20260901,15.3,15.75,15.15,15.43,586610
INTELLECT,20260901,680.95,716.45,677.3,694.7,945906
INTENTECH,20260901,80.12,82.49,80.12,81.2,11321
INTERARCH,20260901,1697.0,1759.8,1697.0,1722.6,44677
INTERNET,20260901,15.0,15.0,14.51,14.55,258856
INTLCONV,20260901,80.8,81.74,78.15,79.51,44732
INVENTURE,20260901,0.96,0.96,0.92,0.92,1199919
INVPRECQ,20260901,1290.0,1290.0,1281.0,1281.0,955
IOB,20260901,32.5,32.51,32.06,32.27,1775290
IOC,20260901,136.34,137.9,135.15,136.53,9536764
IOLCP,20260901,193.99,198.4,187.32,190.48,3579084
IONEXCHANG,20260901,363.0,373.0,360.75,367.6,222653
IPCALAB,20260901,1985.0,1994.2,1949.3,1987.6,216317
IPL,20260901,137.25,138.4,136.5,138.24,52476
IPRINGLTD,20260901,159.9,187.0,150.3,176.7,115821
IRB,20260901,19.39,19.58,19.06,19.35,28854306
IRCON,20260901,119.37,121.55,118.55,119.08,1273640
IRCTC,20260901,481.45,484.35,480.15,481.35,398860
IREDA,20260901,115.68,115.85,114.15,114.2,3727060
IRFC,20260901,83.34,83.75,82.16,82.5,7766605
IRIS,20260901,249.99,254.8,242.52,250.04,28955
IRISDOREME,20260901,58.39,58.89,57.5,57.85,670259
IRMENERGY,20260901,290.0,290.0,278.0,280.4,72665
ISFT,20260901,94.39,96.85,92.13,93.21,124640
ISGEC,20260901,792.5,794.0,765.0,778.25,47878
ISHANCH,20260901,44.4,45.06,43.67,44.22,21204
ISTLTD,20260901,640.0,669.3,605.0,646.15,854
IT,20260901,34.33,35.0,33.92,34.72,588067
ITADD,20260901,32.58,33.39,32.58,33.15,173677
ITAXIS,20260901,342.7,348.0,340.0,343.43,4144
ITBEES,20260901,35.0,35.0,34.07,34.79,12800211
ITBETA,20260901,325.87,331.48,325.87,329.02,813
ITC,20260901,261.5,268.2,261.5,266.6,31258553
ITCHOTELS,20260901,160.28,162.36,160.04,161.58,1333614
ITDC,20260901,640.2,677.6,637.15,644.75,231214
ITETF,20260901,32.9,33.41,32.71,33.21,457094
ITI,20260901,269.05,271.45,267.35,268.55,168047
ITIETF,20260901,34.47,35.05,34.31,34.8,745507
ITL,20260901,352.1,369.95,352.1,363.95,1366
IVALUE,20260901,248.0,249.0,235.0,236.35,193304
IVC,20260901,9.06,9.47,9.06,9.32,1370966
IVP,20260901,207.0,208.95,200.0,205.84,30954
IVZBANKNF,20260901,57.47,57.53,57.3,57.3,706
IVZINGOLD,20260901,137.2,137.2,131.25,131.9,15618
IVZINNIFTY,20260901,268.61,277.33,268.61,275.76,180
IVZSENSEX,20260901,76.86,77.3,76.35,76.35,1301
IWP,20260901,36.5,36.5,34.2,34.49,1210
IXIGO,20260901,162.1,163.41,157.75,158.57,712970
IZMO,20260901,833.0,916.3,818.4,916.3,399394
J&KBANK,20260901,146.7,148.88,146.3,147.38,2581059
JAGRAN,20260901,61.43,61.61,60.87,61.17,163408
JAGSNPHARM,20260901,241.0,244.38,237.31,239.63,64710
JAIBALAJI,20260901,72.57,74.2,69.87,70.44,1174414
JAICORPLTD,20260901,99.34,99.74,97.47,98.35,254379
JAINREC,20260901,276.8,293.7,276.8,280.7,3005766
JAIPURKURT,20260901,26.05,26.9,26.05,26.25,1044
JAMNAAUTO,20260901,121.4,123.7,119.5,120.85,1350968
JARO,20260901,459.0,462.15,451.8,453.05,99551
JASH,20260901,466.2,475.0,454.1,457.7,117263
JAYAGROGN,20260901,235.0,236.0,227.04,229.42,8469
JAYBARMARU,20260901,126.48,127.58,123.61,124.8,245029
JAYKAY,20260901,149.25,166.79,149.11,161.97,1773771
JAYNECOIND,20260901,98.52,99.85,95.6,96.88,2823288
JAYSREETEA,20260901,96.7,102.0,96.6,98.12,92379
JBMA,20260901,623.0,628.0,610.25,621.85,250021
JENBURPH,20260901,1037.0,1051.0,1037.0,1048.0,2402
JETFREIGHT,20260901,21.81,22.54,21.44,21.59,124481
JGCHEM,20260901,638.0,639.6,610.7,626.3,329827
JHS,20260901,8.42,8.42,7.85,7.91,78830
JINDALPHOT,20260901,1017.1,1069.6,1004.2,1012.0,4098
JINDALPOLY,20260901,631.35,694.45,620.1,694.45,142561
JINDALSAW,20260901,310.0,319.5,306.4,309.75,4110071
JINDALSTEL,20260901,1175.7,1175.7,1147.0,1160.0,517597
JINDRILL,20260901,623.0,625.5,606.0,615.65,151856
JINDWORLD,20260901,39.35,44.25,39.35,42.08,120393999
JIOFIN,20260901,240.0,240.01,235.01,235.85,10397855
JISLDVREQS,20260901,21.5,21.5,20.67,20.97,19539
JISLJALEQS,20260901,28.24,28.48,27.88,28.07,1469037
JITFINFRA,20260901,306.6,314.25,306.6,310.25,8069
JKCEMENT,20260901,5157.5,5157.5,4999.0,5078.5,58279
JKIL,20260901,490.0,494.0,486.0,486.45,53718
JKIPL,20260901,107.1,109.0,105.16,108.4,27392
JKLAKSHMI,20260901,536.0,536.0,521.0,524.1,141706
JKPAPER,20260901,396.95,403.8,391.65,401.05,388249
JKTYRE,20260901,378.85,379.15,372.7,373.95,275683
JLHL,20260901,295.0,299.0,290.3,293.15,129831
JMA,20260901,94.9,94.9,90.3,91.27,7897
JMFINANCIL,20260901,128.15,130.84,127.3,128.25,1946799
JNKINDIA,20260901,428.9,433.6,419.05,430.75,109104
JNPR,20260901,260.9,268.45,258.35,262.35,842779
JOCIL,20260901,149.1,150.25,148.2,148.74,3790
JPOLYINVST,20260901,987.9,1033.0,985.45,1011.8,11259
JPPOWER,20260901,16.45,17.04,16.41,16.56,41409814
JSFB,20260901,537.5,541.45,524.7,529.8,521780
JSL,20260901,700.5,738.65,700.5,734.0,1070564
JSLL,20260901,513.05,513.25,501.2,503.45,332462
JSWCEMENT,20260901,126.02,126.1,123.8,124.75,534258
JSWDULUX,20260901,3165.0,3169.0,3100.0,3143.4,20050
JSWENERGY,20260901,524.0,526.6,514.45,518.0,2290101
JSWHL,20260901,12027.0,12027.0,11660.0,11716.0,2551
JSWINFRA,20260901,344.0,347.1,331.6,334.8,2534947
JSWSTEEL,20260901,1314.6,1328.0,1307.1,1313.5,1134147
JTEKTINDIA,20260901,124.26,126.97,124.13,125.72,106982
JTLIND,20260901,90.21,91.6,86.9,87.97,4266731
JUBLCPL,20260901,2332.2,2369.9,2191.5,2222.0,17415
JUBLFOOD,20260901,487.0,492.5,481.3,484.4,686008
JUBLINGREA,20260901,679.05,695.95,671.55,693.25,704096
JUBLPHARMA,20260901,882.0,914.75,873.6,907.6,313570
JUNIORBEES,20260901,809.74,809.74,786.22,788.17,381093
JUNIPER,20260901,212.0,215.39,210.5,214.14,280745
JUSTDIAL,20260901,710.2,729.0,696.9,705.65,460607
JWL,20260901,241.51,251.92,239.66,242.36,1162581
JYOTHYLAB,20260901,205.01,206.5,202.32,204.81,505833
JYOTICNC,20260901,994.95,1016.0,974.8,989.1,662073
JYOTIRES,20260901,881.95,888.3,865.15,870.95,6970
JYOTISTRUC,20260901,10.01,10.05,9.77,9.84,4956011
KABRAEXTRU,20260901,603.3,605.35,572.0,579.4,192747
KAJARIACER,20260901,1244.8,1255.8,1220.0,1229.0,168804
KAKATCEM,20260901,114.0,116.1,112.15,112.3,1342
KALAMANDIR,20260901,85.9,86.49,85.23,85.62,184651
KALPATARU,20260901,278.9,280.0,274.0,278.1,21127
KALYANIFRG,20260901,974.7,1097.15,974.7,1083.9,210769
KALYANKJIL,20260901,609.45,614.6,569.05,573.0,13219538
KAMAHOLD,20260901,2365.1,2365.2,2350.0,2352.7,4907
KAMANWALA,20260901,16.95,16.95,15.0,16.66,5629
KAMATHOTEL,20260901,226.7,239.78,220.39,233.89,126273
KAMDHENU,20260901,36.8,38.0,36.0,36.16,1698440
KAMOPAINTS,20260901,4.5,4.58,4.41,4.48,132758
KANANIIND,20260901,1.5,1.59,1.5,1.56,325331
KANCHI,20260901,421.0,421.0,405.9,411.5,2602
KANCOTEA,20260901,57.8,57.8,52.2,55.55,467
KANORICHEM,20260901,158.99,160.45,155.05,156.18,15347
KANPRPLA,20260901,269.9,269.9,260.55,262.2,14481
KANSAINER,20260901,192.9,196.47,192.11,194.75,186115
KAPSTON,20260901,592.0,593.0,560.55,572.3,117957
KARMAENG,20260901,37.99,38.79,37.0,37.28,8244
KARURVYSYA,20260901,349.05,351.85,344.9,347.6,1349065
KAUSHALYA,20260901,854.05,880.0,854.0,876.9,297
KAVDEFENCE,20260901,56.21,57.26,55.6,56.05,115900
KAYA,20260901,339.95,339.95,327.0,327.15,3033
KAYNES,20260901,3678.3,3691.8,3582.0,3600.5,1133014
KCP,20260901,166.2,169.8,162.92,167.89,152486
KCPSUGIND,20260901,32.99,33.69,32.1,32.25,102090
KDDL,20260901,3921.0,3968.8,3820.1,3877.4,20428
KEC,20260901,416.8,421.5,414.85,417.0,358407
KECL,20260901,131.0,131.21,125.03,126.34,110483
KEEPLEARN,20260901,1.94,1.94,1.81,1.86,23314
KEI,20260901,5575.0,5608.5,5301.5,5348.0,658512
KELLTONTEC,20260901,14.35,14.35,13.92,13.98,1848817
KENNAMET,20260901,4415.0,4630.0,4364.1,4558.2,51754
KERNEX,20260901,1730.0,1743.0,1611.6,1634.3,441886
KESORAMIND,20260901,11.0,11.1,11.0,11.1,83592
KEYFINSERV,20260901,257.25,257.25,250.3,251.7,806
KFINTECH,20260901,961.1,961.1,931.0,937.5,577543
KHADIM,20260901,115.83,118.48,113.84,118.47,181311
KHAICHEM,20260901,55.97,56.38,54.7,55.02,105919
KHAITANLTD,20260901,142.0,150.0,137.0,149.45,4483
KHANDSE,20260901,17.5,18.4,17.5,17.97,673
KICL,20260901,5146.5,5249.5,5146.5,5177.0,498
KILITCH,20260901,175.5,175.99,170.0,170.55,17524
KIMS,20260901,753.1,764.25,752.15,758.4,679770
KINGFA,20260901,6042.0,6070.0,5920.0,6030.0,7223
KIOCL,20260901,380.6,396.45,380.0,383.95,179097
KIRANVYPAR,20260901,201.69,202.5,197.5,198.99,15507
KIRIINDUS,20260901,533.7,536.45,510.0,515.95,979987
KIRLFER,20260901,450.0,456.15,444.2,449.8,26921
KIRLOSBROS,20260901,1898.8,1906.6,1875.7,1886.3,27592
KIRLOSENG,20260901,2099.0,2145.0,2077.2,2138.3,385511
KIRLOSIND,20260901,3710.0,3835.0,3710.0,3740.4,7027
KIRLPNU,20260901,719.05,743.85,706.65,740.4,307429
KISSHT,20260901,306.0,308.45,290.0,295.8,1095751
KITEX,20260901,126.8,126.8,124.8,126.0,253067
KJMCFIN,20260901,66.1,68.9,63.63,64.1,638
KKCL,20260901,504.75,515.0,494.0,510.2,37085
KLBRENG-B,20260901,431.0,432.75,420.0,424.25,101876
KMCSHIL,20260901,136.51,137.4,132.11,133.32,85988
KMEW,20260901,2935.0,2990.0,2893.8,2936.0,59031
KMSUGAR,20260901,32.23,32.86,31.06,31.39,182424
KNACK,20260901,191.29,195.84,189.5,190.21,700022
KNAGRI,20260901,219.0,219.0,212.04,214.99,4804
KNRCON,20260901,121.11,121.9,115.25,117.68,1890101
KOHINOOR,20260901,33.96,34.49,32.3,33.04,105109
KOKUYOCMLN,20260901,79.34,81.0,77.91,78.54,92664
KOLTEPATIL,20260901,442.75,447.45,432.65,436.2,73167
KOPRAN,20260901,217.83,226.75,214.0,217.58,477030
KOTAKBANK,20260901,420.8,429.1,420.75,425.0,7669677
KOTARISUG,20260901,32.94,32.94,31.34,31.34,88200
KOTHARIPET,20260901,131.84,134.59,130.0,130.9,46584
KOTHARIPRO,20260901,68.76,68.76,66.52,66.97,8952
KOTIC,20260901,145.0,145.8,139.35,140.78,8975
KOTYARK,20260901,33.33,33.33,31.7,31.84,169412
KOVAI,20260901,6081.0,6104.5,6005.0,6036.0,1824
KPEL,20260901,245.5,246.35,239.0,241.75,208887
KPIGREEN,20260901,304.6,309.45,303.55,307.8,1230691
KPIL,20260901,1409.9,1429.5,1394.1,1408.4,290071
KPITTECH,20260901,585.2,594.3,581.0,590.0,1026752
KPL,20260901,3299.3,3447.8,3265.0,3390.5,34248
KPRMILL,20260901,1185.0,1186.8,1142.2,1158.5,255676
KRBL,20260901,422.0,428.4,418.25,424.1,550570
KREBSBIO,20260901,56.29,56.29,53.8,54.49,8958
KRIDHANINF,20260901,2.0,2.1,1.99,2.04,45763
KRISHANA,20260901,191.8,193.0,189.5,192.23,238927
KRISHIVAL,20260901,410.95,412.75,409.25,411.35,8470
KRISHNADEF,20260901,1001.1,1013.6,985.7,1001.7,60634
KRITI,20260901,61.9,62.8,60.01,60.56,7345
KRITIKA,20260901,5.19,5.46,5.19,5.35,109404
KRITINUT,20260901,90.0,90.0,86.11,86.65,9259
KRN,20260901,1574.8,1589.0,1495.0,1527.4,262416
KRONOX,20260901,175.01,186.0,171.11,181.19,197177
KROSS,20260901,212.65,214.53,207.0,209.03,152348
KRSNAA,20260901,550.45,563.5,550.45,559.95,31587
KRYSTAL,20260901,631.4,670.1,630.1,647.35,23924
KSB,20260901,808.35,843.0,808.35,828.2,444531
KSCL,20260901,765.5,772.0,760.0,761.6,56484
KSE,20260901,175.02,178.9,175.02,177.86,8819
KSHINTL,20260901,948.45,965.0,945.0,953.0,159834
KSHITIJ-RE,20260901,0.05,0.05,0.05,0.05,2879332
KSHITIJPOL,20260901,3.04,3.04,2.85,2.86,934734
KSL,20260901,907.55,923.0,896.0,900.0,65015
KSOLVES,20260901,273.0,284.95,270.0,281.3,86101
KSR,20260901,28.59,29.78,28.03,28.65,10368
KTKBANK,20260901,335.15,338.7,329.1,330.9,1561768
KUANTUM,20260901,71.52,72.51,70.35,71.62,114225
KUSUMGAR,20260901,579.1,581.95,561.1,565.1,254968
KWIL,20260901,45.5,45.75,43.36,44.35,15778275
LADDERUP,20260901,50.0,50.0,49.6,49.6,59
LAGNAM,20260901,76.05,78.0,75.22,75.93,12565
LAHOTIOV,20260901,40.29,42.0,40.29,41.99,2572
LAKPRE,20260901,4.9,4.9,4.9,4.9,3160
LAKSHMIMIL,20260901,8000.0,8100.0,7901.0,8000.0,27
LAL,20260901,9.48,9.48,8.91,8.97,27356
LALITHAA,20260901,259.35,283.65,257.0,267.6,32021090
LALPATHLAB,20260901,1934.8,1938.9,1873.8,1904.4,468711
LAMBODHARA,20260901,142.43,145.0,138.16,141.38,15961
LANCER,20260901,13.45,13.45,11.57,12.61,1206915
LANCORHOL,20260901,33.47,34.34,32.5,33.46,204188
LANDMARK,20260901,510.65,524.9,503.2,505.95,37484
LANDSMILL,20260901,0.68,0.7,0.68,0.68,1692243
LAOPALA,20260901,172.01,174.29,171.5,173.3,58884
LARGEMID50,20260901,36.74,36.78,36.45,36.52,2132
LASA,20260901,6.92,7.04,6.7,6.76,27177
LASERPOWER,20260901,315.4,318.5,300.0,311.35,815644
LATENTVIEW,20260901,268.55,276.65,268.55,272.55,441369
LATTEYS,20260901,22.0,22.28,20.5,20.8,44748
LAURUSLABS,20260901,1888.9,1895.0,1837.4,1861.6,3530385
LAXMICOT,20260901,13.01,13.19,12.41,12.76,3858
LAXMIDENTL,20260901,196.95,197.98,189.45,192.95,126962
LAXMIINDIA,20260901,129.43,131.15,126.0,127.04,83552
LCCINFOTEC,20260901,3.62,3.75,3.5,3.6,24341
LCL,20260901,545.0,549.9,532.0,543.8,320829
LEAPIND,20260901,166.75,166.75,157.55,159.47,10616983
LEENEE,20260901,9.61,10.0,9.45,9.51,26200
LEMERITE,20260901,21.41,21.51,21.0,21.0,133020
LEMONTREE,20260901,106.25,107.1,105.71,106.15,1816566
LENSKART,20260901,664.0,671.0,650.2,663.75,10496508
LEXUS,20260901,13.87,14.43,13.0,13.38,23309
LFIC,20260901,140.99,140.99,130.7,133.01,2884
LGBBROSLTD,20260901,1692.4,1714.9,1672.3,1702.9,33636
LGEINDIA,20260901,1699.0,1703.0,1656.5,1665.6,316904
LGHL,20260901,183.9,183.9,178.45,179.64,6287
LIBAS,20260901,10.79,10.89,10.35,10.63,9622
LIBERTSHOE,20260901,244.45,244.45,238.51,239.45,11222
LICHSGFIN,20260901,538.4,538.4,526.35,534.9,2000075
LICI,20260901,418.85,418.9,409.95,412.15,3609510
LICMFGOLD,20260901,139.75,139.75,136.7,137.1,76250
LICNETFGSC,20260901,29.35,29.59,29.35,29.35,7655
LICNETFN50,20260901,270.53,271.01,268.17,269.95,2449
LICNETFSEN,20260901,874.15,874.69,872.0,872.0,9
LICNFNHGP,20260901,277.66,278.16,274.24,274.35,142
LICNMID100,20260901,64.28,64.32,63.26,63.81,6118
LIKHITHA,20260901,208.5,209.26,201.1,204.23,52878
LINC,20260901,93.6,97.01,93.6,94.35,23030
LINCOLN,20260901,613.0,613.85,604.0,609.65,24220
LINDEINDIA,20260901,6380.0,6446.5,6332.0,6373.0,24328
LIQGRWBEES,20260901,1053.9,1053.91,1053.89,1053.9,29200
LIQUID,20260901,999.99,1000.0,999.99,999.99,154174
LIQUID1,20260901,1121.8,1122.28,1120.6,1120.75,1190271
LIQUIDADD,20260901,1142.85,1142.87,1142.85,1142.86,420275
LIQUIDBEES,20260901,1000.01,1000.01,999.99,1000.0,2440409
LIQUIDBETA,20260901,1006.47,1006.47,1006.45,1006.46,64
LIQUIDBETF,20260901,1096.99,1097.03,1096.99,1097.02,452323
LIQUIDCASE,20260901,115.74,115.74,115.72,115.73,23662815
LIQUIDETF,20260901,1000.0,1000.01,999.99,999.99,220732
LIQUIDIETF,20260901,1000.0,1000.01,999.99,999.99,410103
LIQUIDPLUS,20260901,1101.22,1101.38,1101.22,1101.37,476688
LIQUIDSBI,20260901,999.99,1000.01,999.99,1000.0,636
LIQUIDSHRI,20260901,1119.7,1119.72,1119.7,1119.72,1143
LKPSEC,20260901,15.7,15.9,15.06,15.18,3510
LLOYDSENGG,20260901,86.2,86.87,83.48,84.27,4683049
LLOYDSENT,20260901,72.0,72.99,71.05,71.34,1747021
LLOYDSME,20260901,1802.0,1817.9,1781.0,1790.0,291373
LMW,20260901,18920.0,19451.0,18875.0,19011.0,6303
LODHA,20260901,1214.9,1231.8,1180.0,1193.9,1844689
LOKESHMACH,20260901,341.7,354.8,332.3,346.25,94109
LORDSCHLO,20260901,138.93,138.93,135.1,136.46,5526
LOTUSCHO,20260901,624.15,634.45,618.3,621.85,1787
LOTUSDEV,20260901,183.77,183.77,177.7,179.18,187972
LOTUSEYE,20260901,110.42,110.42,108.47,108.77,13244
LOVABLE,20260901,73.25,74.9,72.12,72.78,28118
LOWVOL,20260901,207.57,207.77,206.33,207.13,423
LOWVOL1,20260901,21.13,21.3,21.05,21.14,69794
LOWVOLIETF,20260901,22.61,22.61,22.0,22.13,1340431
LOYALTEX,20260901,218.0,218.0,205.0,205.27,166
LPDC,20260901,6.94,7.04,6.58,6.67,16502
LT,20260901,4038.0,4038.0,3980.1,3980.1,944703
LTF,20260901,315.25,316.0,305.3,309.05,9359609
LTFOODS,20260901,448.05,448.05,433.15,437.0,372814
LTGILTBEES,20260901,29.88,29.88,29.8,29.84,597336
LTGILTCASE,20260901,30.55,30.55,30.3,30.41,110564
LTM,20260901,4540.0,4648.4,4514.9,4625.0,265080
LTTS,20260901,3630.0,3630.0,3542.0,3587.8,36036
LUMAXIND,20260901,6285.5,6545.0,6190.0,6422.5,64094
LUMAXTECH,20260901,2106.4,2148.7,2044.7,2060.0,386798
LUPIN,20260901,2190.2,2190.2,2137.6,2153.0,1298356
LUXIND,20260901,1222.0,1225.8,1186.0,1192.8,15463
LXCHEM,20260901,166.94,167.95,164.0,164.9,590358
LYKALABS,20260901,75.36,76.3,73.86,73.86,8003
M&M,20260901,3367.0,3368.0,3223.0,3259.0,1887247
M&MFIN,20260901,373.0,376.2,363.1,364.4,1423593
MAANALU,20260901,126.95,127.95,119.0,119.42,218536
MACPOWER,20260901,2000.0,2043.9,1885.5,1911.3,50223
MADHAV,20260901,34.4,35.7,34.4,35.42,923
MADHAVIPL,20260901,8.12,8.25,8.0,8.04,90690
MADHUCON,20260901,4.9,5.11,4.76,4.84,20198
MADRASFERT,20260901,65.29,66.07,64.0,64.7,70192
MAFANG,20260901,211.56,211.56,210.33,211.05,649909
MAFATIND,20260901,122.96,123.54,121.0,121.77,36702
MAGADSUGAR,20260901,593.4,598.95,562.05,568.05,26333
MAGNUM,20260901,18.91,19.55,18.55,18.95,17423
MAHABANK,20260901,82.0,83.83,82.0,82.7,14196058
MAHAPEXLTD,20260901,56.01,60.25,55.25,56.17,24815
MAHASTEEL,20260901,1372.0,1421.0,1305.0,1394.1,11613
MAHEPC,20260901,103.0,106.0,102.0,102.3,14085
MAHESHWARI,20260901,70.52,72.97,70.52,70.78,4495
MAHKTECH,20260901,22.63,22.63,22.05,22.52,606162
MAHLIFE,20260901,363.9,367.05,355.0,356.95,104343
MAHLOG,20260901,393.0,393.0,381.45,387.2,116860
MAHSCOOTER,20260901,13779.0,13889.0,13606.0,13695.0,1547
MAHSEAMLES,20260901,653.25,664.35,644.0,649.6,227231
MAITHANALL,20260901,978.85,987.25,968.0,972.75,20951
MAJESAUT,20260901,355.3,359.7,350.65,357.15,1948
MAKEINDIA,20260901,169.98,169.98,166.11,166.46,22257
MAKERSL,20260901,185.3,189.19,185.2,187.6,3955
MALLCOM,20260901,979.0,1030.0,970.15,1004.45,2306
MALUPAPER,20260901,31.63,31.98,31.15,31.94,11443
MAMATA,20260901,399.2,407.7,397.4,401.85,30837
MANAKALUCO,20260901,37.85,39.57,37.85,38.34,98394
MANAKCOAT,20260901,122.2,122.89,118.43,120.46,122266
MANAKSIA,20260901,58.8,58.9,57.32,57.79,35606
MANAKSTEEL,20260901,104.49,104.49,97.19,104.1,1384941
MANALIPETC,20260901,84.0,88.0,82.35,84.04,55587097
MANAPPURAM,20260901,342.05,344.45,335.6,337.0,1860620
MANBA,20260901,129.74,131.14,129.0,129.3,54288
MANBRO,20260901,51.0,56.65,51.0,54.16,110417
MANCREDIT,20260901,240.0,241.1,228.22,230.19,41225
MANGALAM,20260901,32.19,32.19,29.37,29.86,51440
MANGLMCEM,20260901,1064.8,1114.0,1064.8,1084.0,255628
MANINDS,20260901,756.0,770.0,737.45,762.75,733833
MANINFRA,20260901,123.69,126.44,121.57,124.56,8700614
MANIPALHOS,20260901,766.0,779.95,737.6,746.9,842785
MANKIND,20260901,2381.4,2381.4,2350.0,2356.5,282979
MANOMAY,20260901,224.32,226.67,219.89,223.64,122746
MANORAMA,20260901,1881.5,1893.8,1823.2,1834.0,222304
MANORG,20260901,528.0,528.0,495.0,496.8,10195
MANUFGBEES,20260901,165.9,166.38,164.04,164.83,6496
MANUGRAPH,20260901,14.7,15.25,14.51,14.54,12744
MANYAVAR,20260901,546.35,551.0,536.3,546.85,208222
MAPMYINDIA,20260901,1004.7,1019.8,989.4,999.6,132057
MARALOVER,20260901,54.05,56.0,54.05,54.44,8883
MARATHON,20260901,413.6,439.4,410.1,434.5,344099
MARICO,20260901,823.15,840.05,823.15,838.1,3684805
MARINE,20260901,403.0,435.0,400.0,432.6,3913786
MARKOLINES,20260901,174.89,178.75,172.11,173.96,384632
MARKSANS,20260901,322.9,324.7,315.5,322.4,1408843
MARSONS,20260901,130.38,131.19,122.01,123.99,5620598
MARUTI,20260901,13540.0,13540.0,12851.0,12950.0,915975
MASFIN,20260901,306.6,310.2,299.85,304.5,189847
MASKINVEST,20260901,159.0,159.0,146.0,146.0,26
MASPTOP50,20260901,80.49,80.49,80.45,80.48,200386
MASTEK,20260901,1748.4,1815.0,1734.5,1802.0,322978
MASTERTR,20260901,82.88,83.0,81.02,81.58,159248
MATRIMONY,20260901,518.7,526.85,510.4,519.0,24622
MAWANASUG,20260901,149.12,149.98,141.0,142.31,239287
MAXESTATES,20260901,516.0,519.45,494.0,503.0,188064
MAXHEALTH,20260901,1022.0,1022.0,1000.2,1003.0,2829311
MAXIND,20260901,149.9,150.81,147.73,148.97,28568
MAYURUNIQ,20260901,754.0,778.4,732.6,742.2,182241
MAZDA,20260901,256.7,256.7,246.1,249.4,17181
MAZDOCK,20260901,2481.0,2502.2,2453.3,2485.0,472178
MBAPL,20260901,162.0,164.7,159.37,160.78,337876
MBECL,20260901,213.0,223.65,213.0,223.65,7359
MBEL,20260901,269.2,269.95,263.5,265.6,96515
MBLINFRA,20260901,23.29,23.8,22.5,22.84,16481
MCCHRLS-B,20260901,697.0,697.0,694.95,694.95,11
MCL,20260901,57.89,58.46,56.5,56.86,35733
MCLEODRUSS,20260901,49.55,50.99,48.31,48.57,172303
MCLOUD,20260901,26.82,27.7,26.5,26.67,1799874
MCX,20260901,3360.1,3369.0,3255.2,3303.0,1505861
MEDANTA,20260901,1480.9,1500.1,1448.2,1458.1,256307
MEDIASSIST,20260901,329.2,341.8,328.0,338.05,160988
MEDICAMEQ,20260901,263.9,279.0,259.05,267.4,141373
MEDICAPQ,20260901,26.06,27.0,25.21,26.99,1869
MEDICO,20260901,42.6,42.7,36.9,38.91,1017335
MEDPLUS,20260901,672.25,680.3,661.6,673.05,74772
MEESHO,20260901,206.0,209.53,201.51,205.15,14086890
MEGASTAR,20260901,305.7,317.9,305.7,309.9,2054
MEIL,20260901,285.3,289.65,281.75,284.95,48695
MENNPIS,20260901,72.99,75.5,71.31,74.3,83317
MENONBE,20260901,286.9,301.4,278.55,301.4,175931
MEP,20260901,0.74,0.74,0.74,0.74,140317
MERCANTILE,20260901,25.2,26.4,22.25,25.32,105260
MERCURYEV,20260901,37.98,39.87,35.36,37.64,291206
METAL,20260901,13.69,13.69,13.26,13.29,1455364
METALIETF,20260901,13.12,13.48,13.12,13.23,6560445
METROBRAND,20260901,919.6,924.9,910.0,917.95,20767
METROGLOBL,20260901,137.35,143.0,135.0,139.85,1677
METROPOLIS,20260901,582.0,586.0,571.2,582.25,376476
MFML,20260901,18.45,19.0,18.35,18.97,341
MFSL,20260901,1558.8,1561.1,1525.0,1534.7,302535
MGEL,20260901,14.11,14.44,14.02,14.33,34999
MGL,20260901,1073.1,1089.8,1062.0,1077.7,200377
MHLXMIRU,20260901,179.1,179.1,169.38,172.57,8740
MHRIL,20260901,209.7,212.09,206.81,208.31,124583
MICEL,20260901,39.02,39.02,39.02,39.02,35716
MID150,20260901,24.25,24.25,23.5,23.95,58274
MID150BEES,20260901,244.57,244.57,240.0,240.53,593460
MID150CASE,20260901,11.78,11.83,11.65,11.7,2716854
MIDBANKADD,20260901,17.7,17.7,17.28,17.34,22439
MIDCAP,20260901,18.69,19.2,18.6,18.66,504064
MIDCAPADD,20260901,23.66,23.66,23.25,23.33,25460
MIDCAPBETA,20260901,239.21,239.21,234.87,235.13,759
MIDCAPETF,20260901,23.92,24.02,23.7,23.75,2925543
MIDCAPIETF,20260901,24.36,24.39,24.01,24.1,903571
MIDHANI,20260901,412.0,426.9,410.4,417.45,995867
MIDQ50ADD,20260901,25.89,26.0,25.25,25.44,68941
MIDSELIETF,20260901,20.38,20.39,19.5,19.97,381010
MIDSMALL,20260901,52.82,52.82,52.0,52.16,320580
MIDWESTLTD,20260901,1125.0,1125.9,1043.4,1058.3,56649
MIIL,20260901,723.0,725.0,714.1,722.85,70807
MILKYMIST,20260901,230.79,232.03,221.92,232.03,23925717
MINALIND,20260901,4.63,4.63,4.63,4.63,49850
MINDACORP,20260901,712.7,719.85,703.0,712.4,204299
MINDTECK,20260901,177.56,177.56,170.71,171.84,23631
MIRZAINT,20260901,31.7,32.39,31.06,31.29,70850
MITCON,20260901,78.4,79.2,77.0,79.2,1612
MITTAL,20260901,0.83,0.84,0.81,0.81,741027
MKEXIM,20260901,63.5,63.5,59.01,61.61,25268
MKPL,20260901,4.17,4.17,4.0,4.03,150290
MLKFOOD,20260901,84.01,87.97,82.21,83.88,2773
MMFL,20260901,648.0,666.5,640.4,657.45,137691
MMP,20260901,385.0,393.45,366.6,383.25,220762
MMTC,20260901,62.25,63.25,62.0,62.32,1373089
MMWL,20260901,14.72,14.73,14.07,14.14,15297
MNC,20260901,33.82,33.88,33.43,33.67,76794
MOALPHA50,20260901,58.09,58.09,56.21,56.23,7642
MOBANK10,20260901,17.25,17.25,16.83,16.86,5206
MOBIKWIK,20260901,190.0,192.48,186.44,187.78,443083
MOCAPITAL,20260901,54.94,55.16,53.7,53.93,9303076
MODEFENCE,20260901,107.5,107.5,105.28,105.72,1270375
MODINATUR,20260901,344.7,347.0,331.3,338.8,13949
MODIRUBBER,20260901,132.0,133.0,127.01,128.29,2198
MODIS,20260901,378.0,382.45,375.0,377.95,24401
MODISONLTD,20260901,485.0,499.45,466.15,499.45,766487
MODTHREAD,20260901,53.58,53.9,51.26,51.54,5750
MOENERGY,20260901,38.5,38.5,37.85,37.91,75038
MOGOLD,20260901,152.6,152.95,149.45,150.1,48636
MOGSEC,20260901,65.39,65.4,65.0,65.34,1552304
MOHEALTH,20260901,53.43,53.43,51.74,51.81,48012
MOHITE,20260901,3.24,3.3,3.0,3.13,167572
MOHITIND,20260901,25.0,25.75,24.2,24.28,7595
MOIL,20260901,249.8,256.2,249.01,250.43,916549
MOINFRA,20260901,59.47,59.47,57.89,58.08,16072
MOIPO,20260901,49.02,49.09,48.57,48.73,5727
MOKSH,20260901,10.54,10.94,10.4,10.46,71850
MOL,20260901,65.4,67.3,63.2,64.85,3734572
MOLBIO,20260901,1072.3,1089.2,1035.2,1053.3,476294
MOLDTECH,20260901,196.0,197.8,186.2,192.76,45383
MOLDTKPAC,20260901,714.75,714.75,688.5,699.95,67408
MOLOWVOL,20260901,36.8,37.55,36.04,36.46,2680041
MOM100,20260901,69.48,69.48,68.2,68.31,436136
MOM30IETF,20260901,32.32,32.32,31.0,31.29,619898
MOM50,20260901,252.34,255.0,249.65,250.5,249578
MOMENTUM,20260901,31.49,31.5,30.76,31.07,159386
MOMENTUM30,20260901,31.68,31.68,30.53,30.69,15529
MOMENTUM50,20260901,55.24,55.3,54.04,54.29,3180864
MOMETAL,20260901,13.26,13.36,13.12,13.18,20813
MOMGF,20260901,165.7,166.0,163.0,164.05,1655
MOMIDMTM,20260901,65.48,65.48,64.23,64.66,99461
MOMMIDCAP,20260901,13.21,13.21,12.99,13.02,2222679
MOMNC,20260901,32.94,34.43,32.33,33.55,2324
MOMOMENTUM,20260901,63.49,63.49,61.92,62.18,44937
MON100,20260901,329.32,329.32,329.32,329.32,112323
MON50EQUAL,20260901,33.47,33.48,33.14,33.26,4110
MONARCH,20260901,380.0,380.0,371.1,374.6,51188
MONEXT50,20260901,73.3,73.32,72.7,72.89,827665
MONEYBOXX,20260901,58.08,58.08,56.66,57.01,7061
MONIFTY100,20260901,25.41,25.47,25.2,25.28,4653
MONIFTY500,20260901,24.55,24.55,23.78,23.8,642691
MONQ50,20260901,145.12,145.12,145.12,145.12,23469
MONTECARLO,20260901,533.25,540.5,530.8,539.05,44299
MOOILGAS,20260901,11.35,11.35,11.07,11.2,37588
MOPSE,20260901,98.48,99.9,98.3,99.88,1483
MOQUALITY,20260901,200.62,202.0,197.13,199.46,476396
MOREALTY,20260901,93.5,93.5,88.82,89.29,434767
MOREPENLAB,20260901,107.16,110.5,100.1,103.65,24688972
MOSCHIP,20260901,213.49,220.9,212.32,215.26,2493175
MOSERVICE,20260901,30.94,31.04,30.76,30.77,2735
MOSILVER,20260901,234.99,234.99,224.57,225.74,190724
MOSMALL250,20260901,18.49,18.68,18.33,18.47,6893900
MOTHERSON,20260901,170.0,170.0,163.3,165.6,14103203
MOTILALOFS,20260901,1047.0,1047.9,1008.0,1016.0,501197
MOTISONS,20260901,16.43,16.65,15.67,15.87,16463395
MOTOGENFIN,20260901,28.25,29.05,27.5,28.03,32070
MOTOUR,20260901,78.3,78.3,77.14,77.3,18755
MOVALUE,20260901,112.88,113.29,112.0,112.1,72313
MPDL,20260901,30.4,30.4,29.45,30.15,3262
MPHASIS,20260901,2422.7,2523.0,2407.1,2505.5,932222
MPSLTD,20260901,2670.0,2731.0,2636.0,2652.6,10567
MRF,20260901,134795.0,134795.0,132115.0,132335.0,2838
MRPL,20260901,171.15,177.15,169.99,171.42,13051829
MSCI360,20260901,10.0,10.2,10.0,10.12,14953
MSCIADD,20260901,29.53,29.61,29.41,29.55,2630
MSCIINDIA,20260901,30.23,30.78,29.69,30.23,18622
MSL,20260901,135.25,138.0,135.25,138.0,21
MSPL,20260901,35.16,35.56,33.97,34.17,1030557
MSTCLTD,20260901,753.95,757.0,720.1,729.55,221074
MSUMI,20260901,36.84,37.3,36.5,37.11,9696378
MTARTECH,20260901,6911.0,7023.5,6750.0,6946.5,96794
MTEDUCARE,20260901,1.85,1.86,1.75,1.8,59377
MTNL,20260901,27.22,27.22,26.45,26.68,513071
MUFIN,20260901,136.4,137.49,134.01,134.65,616089
MUFTI,20260901,74.84,75.08,70.1,72.81,96536
MUKANDLTD,20260901,137.5,138.2,135.36,136.03,59426
MUKESHB,20260901,138.55,145.0,134.1,137.0,432403
MUKKA,20260901,24.98,27.73,24.61,26.7,2783204
MUKTAARTS,20260901,56.7,57.95,56.7,57.0,1966
MULTICAP,20260901,16.88,16.88,16.7,16.75,112844
MUNJALAU,20260901,116.4,120.26,114.49,115.46,1201087
MUNJALSHOW,20260901,130.04,132.0,127.37,128.9,39537
MURUDCERA,20260901,30.02,30.6,30.02,30.12,8479
MUTHOOTCAP,20260901,248.0,252.0,242.94,245.24,15296
MUTHOOTFIN,20260901,3000.0,3009.2,2890.0,2905.0,750967
MUTHOOTMF,20260901,204.45,205.36,195.01,196.21,651725
MVELECTRO,20260901,757.65,757.7,696.3,713.7,3239338
MVGJL,20260901,152.9,174.85,152.15,162.37,648496
MWL,20260901,37.93,38.15,35.91,37.71,569601
MYSORPETRO,20260901,112.88,124.76,112.88,124.76,20017
NACLIND,20260901,170.81,171.5,167.05,168.61,260511
NAGREEKCAP,20260901,22.7,23.2,22.6,23.18,4835
NAGREEKEXP,20260901,21.86,22.5,21.86,22.0,4532
NAHARCAP,20260901,253.55,265.0,253.4,258.0,2738
NAHARINDUS,20260901,136.66,138.8,133.62,134.32,31277
NAHARPOLY,20260901,240.75,252.0,240.75,250.13,15743
NAHARSPING,20260901,291.1,306.45,291.1,299.55,103382
NAM-INDIA,20260901,1190.0,1209.6,1166.0,1178.9,1257709
NARMADA,20260901,13.68,13.99,13.56,13.85,280342
NATCAPSUQ,20260901,211.36,216.79,192.0,201.37,37412
NATCOPHARM,20260901,841.5,853.75,837.4,849.2,241430
NATHBIOGEN,20260901,158.3,158.3,152.0,152.3,13155
NATIONALUM,20260901,383.0,383.75,368.6,372.0,6155527
NATIONSTD,20260901,113.63,113.63,104.0,105.31,94404
NAUKRI,20260901,1335.0,1371.7,1327.2,1356.0,1564601
NAVA,20260901,569.9,572.5,558.5,563.6,165978
NAVINFLUOR,20260901,8688.0,8700.0,8597.5,8636.0,74062
NAVKARCORP,20260901,96.11,97.7,95.11,95.65,158170
NAVKARURB,20260901,0.93,0.94,0.88,0.92,240650
NAVNETEDUL,20260901,134.6,135.1,133.44,133.95,77766
NAZARA,20260901,372.7,377.0,360.95,367.65,2574995
NBCC,20260901,86.0,86.4,85.0,85.2,4390141
NBIFIN,20260901,1961.0,1990.0,1950.0,1966.4,160
NCC,20260901,149.99,151.69,145.6,146.46,2320069
NCLIND,20260901,173.0,174.98,172.12,174.15,38438
NDGL,20260901,2895.0,2895.0,2705.0,2733.2,157
NDL,20260901,2.89,2.95,2.82,2.85,1287786
NDLVENTURE,20260901,123.5,124.9,122.4,122.99,6143
NDRAUTO,20260901,747.0,747.0,718.55,722.4,11983
NDTV,20260901,73.25,73.25,71.1,71.42,61492
NEAGI,20260901,3371.0,3371.0,3370.1,3370.1,50
NECCLTD,20260901,16.65,16.68,16.01,16.1,5348
NECLIFE,20260901,12.74,12.74,12.1,12.13,284172
NELCAST,20260901,118.42,119.88,115.3,116.39,101052
NELCO,20260901,950.0,957.0,918.95,924.35,141086
NEOGEN,20260901,2245.3,2247.9,2140.3,2153.9,87588
NEPHROPLUS,20260901,701.0,716.15,682.2,689.6,461009
NESCO,20260901,1040.4,1054.5,1025.0,1044.0,33325
NESTLEIND,20260901,1514.8,1514.8,1436.0,1438.2,2555542
NETF,20260901,262.25,263.9,260.48,261.17,1028
NETWEB,20260901,5215.0,5315.0,5117.0,5136.5,1421857
NETWORK18,20260901,27.5,28.7,27.32,28.05,7363959
NEUEON,20260901,12.8,12.8,12.05,12.05,39651
NEULANDLAB,20260901,23010.0,23185.0,22710.0,23025.0,30307
NEWGEN,20260901,530.0,541.05,522.6,532.05,1183206
NEXT30ADD,20260901,43.11,43.18,42.59,42.78,21948
NEXT50,20260901,761.57,761.57,750.5,752.66,27850
NEXT50ADD,20260901,73.72,73.73,72.89,73.36,2355
NEXT50BETA,20260901,79.97,79.97,78.51,78.69,86338
NEXT50ETF,20260901,75.97,75.97,73.35,73.62,8875
NEXT50IETF,20260901,78.05,78.05,76.76,77.02,562721
NEXTMEDIA,20260901,4.86,4.94,4.21,4.27,258331
NFL,20260901,70.37,71.12,70.02,70.53,450816
NGIL,20260901,40.96,41.0,39.1,39.5,9175
NGLFINE,20260901,2640.0,2758.0,2619.2,2657.6,9055
NH,20260901,1919.8,1949.6,1910.0,1938.7,247059
NHPC,20260901,76.72,77.1,75.46,76.3,11983253
NIACL,20260901,192.07,193.15,184.37,185.77,1574693
NIBE,20260901,1369.0,1374.9,1347.1,1355.9,21014
NIBL,20260901,31.5,31.98,30.3,30.82,5146
NICCOPAR,20260901,85.09,85.09,82.06,82.06,479
NIF100BEES,20260901,270.97,270.97,265.6,266.76,15629
NIF100IETF,20260901,28.12,28.25,28.0,28.06,70667
NIF500BETA,20260901,37.7,37.78,37.43,37.68,30318
NIFTY1,20260901,267.32,268.31,266.14,266.54,37590
NIFTY100EW,20260901,36.09,36.09,34.76,35.1,346312
NIFTYADD,20260901,253.1,254.86,252.71,253.06,4398
NIFTYAXIS,20260901,269.68,269.68,265.35,265.96,6834
NIFTYBEES,20260901,277.95,277.95,272.68,273.25,5602290
NIFTYBETA,20260901,268.24,268.31,265.8,266.38,19930
NIFTYBETF,20260901,248.55,249.0,246.88,247.21,1213
NIFTYCASE,20260901,9.8,9.8,9.62,9.65,906948
NIFTYETF,20260901,260.11,264.55,260.11,260.72,193330
NIFTYIETF,20260901,277.4,277.4,271.81,272.12,544523
NIFTYJBLK,20260901,12.36,12.54,12.26,12.32,119459
NIFTYQLITY,20260901,21.55,21.63,21.34,21.44,168194
NIITLTD,20260901,101.35,104.0,100.36,101.25,371160
NIITMTS,20260901,227.5,231.56,223.0,230.16,174117
NILAINFRA,20260901,6.72,6.8,6.62,6.76,251391
NILASPACES,20260901,12.56,13.24,12.48,12.73,1652567
NILE,20260901,1502.2,1510.8,1455.2,1474.5,2150
NILKAMAL,20260901,2006.2,2078.0,1998.0,2034.0,27031
NIMBSPROJ,20260901,171.89,174.58,163.52,168.01,96513
NINSYS,20260901,724.5,724.5,705.0,710.35,2435
NIPPOBATRY,20260901,328.0,333.95,325.0,328.05,2111
NIRAJ,20260901,29.6,30.8,29.2,29.27,22788
NIRAJISPAT,20260901,390.0,390.6,390.0,390.6,586
NIRLON,20260901,654.9,656.0,646.0,649.45,20163
NITCO,20260901,94.31,94.9,91.98,93.43,464402
NITINSPIN,20260901,636.0,637.85,624.5,630.75,84964
NITIRAJ,20260901,214.5,214.5,201.63,204.5,4273
NITTAGELA,20260901,1636.0,1644.9,1600.0,1631.4,2055
NIVABUPA,20260901,81.26,83.85,80.15,82.3,1204236
NKIND,20260901,56.35,58.11,56.25,57.24,2792
NLCINDIA,20260901,271.75,276.0,267.9,274.3,2083618
NMDC,20260901,86.81,87.4,85.1,85.69,11311468
NOCIL,20260901,171.65,173.76,168.1,169.62,716971
NOIDATOLL,20260901,4.39,4.39,4.15,4.23,38285
NORBTEAEXP,20260901,68.7,68.8,65.08,65.46,642
NORTHARC,20260901,310.25,310.25,296.0,299.5,3752002
NOVAAGRI,20260901,25.1,25.6,24.14,24.22,89846
NOVARTIND,20260901,1546.6,1620.6,1541.6,1582.1,21875
NPBET,20260901,288.16,289.52,286.0,287.68,145
NPST,20260901,1670.6,1710.0,1635.2,1655.6,35959
NRAIL,20260901,514.4,514.4,495.0,495.9,5723
NRBBEARING,20260901,473.0,473.5,454.05,458.25,263724
NRL,20260901,120.5,120.5,120.05,120.05,32512
NSIL,20260901,5605.5,5799.5,5605.5,5696.0,2061
NSLNISP,20260901,45.7,46.58,45.19,45.61,6442161
NTCIND,20260901,139.9,142.0,126.3,133.21,9091
NTPC,20260901,327.4,328.25,325.05,327.5,7377499
NTPCGREEN,20260901,89.65,89.99,89.0,89.21,1561195
NUCLEUS,20260901,749.0,749.85,730.0,740.7,37616
NURECA,20260901,332.45,348.35,324.05,339.0,18296
NUVAMA,20260901,1770.2,1791.2,1741.3,1785.0,430704
NUVOCO,20260901,318.8,325.25,310.3,322.85,654624
NV20,20260901,13.93,14.06,13.77,13.85,74088
NV20BEES,20260901,142.84,142.84,138.91,139.53,5684
NV20IETF,20260901,13.83,13.83,13.5,13.55,278349
NYKAA,20260901,347.15,347.15,337.0,338.5,8377806
OAL,20260901,464.95,469.9,439.95,446.3,66760
OBCL,20260901,54.83,57.97,54.75,55.04,8158
OBEROIRLTY,20260901,1856.3,1887.2,1846.6,1880.7,211011
OCCLLTD,20260901,161.8,164.99,161.0,163.01,77220
ODIGMA,20260901,22.4,23.55,22.4,23.16,38258
ODYCORP,20260901,7.53,7.53,7.11,7.12,8625
OFSS,20260901,12350.0,12353.0,11992.0,12187.0,208347
OIL,20260901,485.0,493.0,484.2,490.0,1788773
OILCOUNTUB,20260901,66.0,67.23,65.8,67.23,76221
OILIETF,20260901,11.22,11.33,11.2,11.27,736794
OLAELEC,20260901,41.4,41.65,39.63,40.51,87186035
OLECTRA,20260901,1283.9,1296.7,1242.0,1247.3,368626
OMAXAUTO,20260901,185.0,190.9,178.15,184.48,129636
OMAXE,20260901,126.0,138.1,116.1,126.77,42077140
OMFREIGHT,20260901,88.6,90.5,86.0,89.94,11488
OMINFRAL,20260901,82.63,83.35,81.6,82.04,37136
OMNI,20260901,541.0,551.0,520.0,535.6,392314
OMPOWER,20260901,175.02,176.8,168.42,169.08,62923
ONEGLOBAL,20260901,554.35,554.35,505.95,514.15,20299
ONELIFECAP,20260901,32.39,33.9,31.5,32.46,50349
ONEPOINT,20260901,54.65,54.9,54.0,54.74,331302
ONESOURCE,20260901,1529.9,1535.0,1504.1,1527.9,69898
ONGC,20260901,233.8,236.6,232.5,236.45,11985775
ONIDA,20260901,36.14,36.2,35.21,35.63,197043
ONIXSOLAR,20260901,331.85,348.35,331.85,348.35,214098
ONMOBILE,20260901,49.5,49.5,49.5,49.5,23440
ONWARDTEC,20260901,291.45,292.5,281.55,283.9,27299
OPTIEMUS,20260901,576.85,595.5,571.7,582.8,144221
OPTIFIN,20260901,13.67,13.67,12.8,13.2,10095
ORBTEXP,20260901,236.99,245.97,236.0,238.97,3092
ORCHASP,20260901,1.4,1.5,1.38,1.4,222908
ORCHPHARMA,20260901,974.0,984.95,941.95,947.9,45671
ORICONENT,20260901,54.99,55.6,53.07,53.3,20075
ORIENTALTL,20260901,5.13,5.13,4.7,4.96,162923
ORIENTBELL,20260901,390.4,413.35,383.0,390.45,157410
ORIENTCEM,20260901,129.55,133.92,127.5,128.16,241951
ORIENTCER,20260901,45.98,45.98,43.0,43.2,203450
ORIENTELEC,20260901,181.13,181.94,176.65,177.66,106717
ORIENTHOT,20260901,139.15,140.96,137.65,138.65,495717
ORIENTLTD,20260901,82.22,82.22,82.22,82.22,5527
ORIENTPPR,20260901,16.75,16.94,16.6,16.78,242404
ORIENTTECH,20260901,237.2,241.0,236.18,238.46,83519
ORIRAIL,20260901,129.25,130.0,122.1,124.79,97252
ORISSAMINE,20260901,4325.0,4435.0,4300.0,4325.0,10145
ORKLAINDIA,20260901,594.6,606.0,581.5,584.5,248327
ORTINGLOBE,20260901,15.34,16.06,14.8,15.86,36130
OSIAHYPER,20260901,2.47,2.5,2.41,2.45,276513
OSWALAGRO,20260901,37.02,38.75,36.55,36.9,61561
OSWALGREEN,20260901,20.49,20.73,20.12,20.41,98468
OSWALPUMPS,20260901,293.8,293.8,289.05,291.35,192081
OSWALSEEDS,20260901,11.94,12.01,11.0,11.4,87608
PACEDIGITK,20260901,172.0,172.9,164.92,166.37,748627
PACIFICI,20260901,140.5,141.94,136.01,136.02,381
PAGEIND,20260901,35620.0,35800.0,35385.0,35675.0,15534
PAISALO,20260901,67.05,67.34,65.11,67.07,10047532
PAKKA,20260901,77.0,78.49,76.19,76.68,56925
PALASHSECU,20260901,88.22,91.89,88.0,90.77,648
PALREDTEC,20260901,54.17,54.17,50.46,50.5,2411
PANACEABIO,20260901,386.5,397.25,384.0,390.9,114701
PANACHE,20260901,519.4,519.4,519.4,519.4,4921
PANAMAPET,20260901,471.0,492.8,465.95,487.05,467593
PANCHMAHQ,20260901,283.0,302.5,283.0,292.1,250
PANORAMA,20260901,41.9,43.86,41.5,42.57,194529
PANSARI,20260901,308.0,313.0,303.0,303.8,465
PAR,20260901,120.0,140.82,118.52,140.6,619562
PARACABLES,20260901,65.3,66.39,63.0,63.45,3133802
PARADEEP,20260901,160.75,162.25,156.61,157.51,3301930
PARAGMILK,20260901,256.2,262.35,250.9,259.1,2360487
PARAS,20260901,1430.0,1433.2,1360.8,1380.1,1131108
PARASPETRO,20260901,2.24,2.24,2.09,2.1,292773
PARKHOSPS,20260901,286.75,289.95,276.55,280.5,1350014
PARKHOTELS,20260901,112.4,113.36,111.1,111.92,77042
PARNAXLAB,20260901,130.0,143.9,130.0,140.78,22887
PARSVNATH,20260901,1.49,1.49,1.49,1.49,830694
PASHUPATI,20260901,84.0,84.69,82.75,83.1,8716
PASUPTAC,20260901,61.99,63.5,60.91,62.73,44980
PATANJALI,20260901,345.0,347.95,342.5,345.8,2399142
PATELENG,20260901,28.03,28.26,27.7,27.76,1647620
PATELRMART,20260901,226.6,229.5,221.2,223.14,44437
PATINTLOG,20260901,12.98,13.25,12.72,12.87,26860
PAUSHAKLTD,20260901,758.0,824.0,752.5,801.6,134619
PAVNAIND,20260901,18.42,18.42,16.67,17.17,72205
PAYTM,20260901,1689.0,1698.6,1616.3,1633.5,2753126
PBMPOLY,20260901,56.53,65.0,56.53,64.41,599
PCBL,20260901,317.05,322.7,313.6,317.5,550836
PCJEWELLER,20260901,10.98,11.24,10.2,10.32,445157676
PDMJEPAPER,20260901,95.08,95.94,91.01,92.57,130691
PDSL,20260901,368.0,368.0,357.15,359.85,54608
PEARLPOLY,20260901,15.49,16.09,15.01,15.05,5000
PENIND,20260901,167.0,170.5,164.58,165.66,421968
PENINLAND,20260901,15.7,16.34,15.35,15.38,163282
PERMAGN,20260901,873.6,900.0,872.05,895.1,1525
PERSISTENT,20260901,5621.5,5852.5,5603.0,5800.0,592977
PETRONET,20260901,294.1,296.65,290.4,292.3,1081102
PFC,20260901,343.3,347.75,343.2,345.8,8352858
PFIZER,20260901,4684.4,4707.8,4637.0,4665.9,11992
PFOCUS,20260901,287.7,299.4,281.5,286.5,803910
PFS,20260901,27.03,27.42,26.87,26.96,377079
PGEL,20260901,575.0,578.5,566.0,569.9,728869
PGHH,20260901,7920.0,7980.0,7860.5,7881.5,13275
PGHL,20260901,5741.0,5825.0,5663.5,5776.0,8755
PGIL,20260901,2470.0,2482.0,2339.0,2348.0,67346
PHARMABEES,20260901,28.15,28.15,27.38,27.53,4083030
PHOENIXLTD,20260901,1880.1,1896.5,1867.7,1892.6,730640
PHOENXINTL,20260901,30.01,33.0,29.55,31.58,878
PICCADIL,20260901,635.1,648.9,628.0,634.0,213536
PIDILITIND,20260901,1675.0,1675.5,1637.5,1643.5,990170
PIGL,20260901,100.25,102.0,99.0,99.68,40325
PIIND,20260901,2391.8,2402.1,2370.7,2397.1,139983
PILANIINVS,20260901,4382.8,4388.3,4312.2,4353.2,718
PILITA,20260901,8.1,8.23,7.9,8.08,35041
PINELABS,20260901,163.4,163.87,158.47,159.89,6836836
PIONEEREMB,20260901,21.21,22.28,21.21,21.73,5284
PIONRINV,20260901,79.6,79.6,79.5,79.5,558
PIRAMALFIN,20260901,2295.1,2299.9,2210.0,2226.1,1213854
PITTIENG,20260901,1106.1,1119.9,1059.5,1074.7,166075
PIXTRANS,20260901,1821.3,1824.4,1780.0,1785.1,6994
PKTEA,20260901,758.0,765.0,735.0,739.5,65
PLASTIBLEN,20260901,186.78,187.75,184.5,185.59,20740
PLATIND,20260901,232.66,235.5,225.91,227.79,40566
PLAZACABLE,20260901,57.0,59.37,55.55,58.92,302514
PML,20260901,481.0,493.0,481.0,492.0,236
PNB,20260901,114.49,116.5,114.07,115.22,10969598
PNBGILTS,20260901,77.52,77.79,75.86,76.44,168989
PNBHOUSING,20260901,1140.0,1156.4,1135.0,1152.0,2221980
PNC,20260901,17.31,17.48,16.6,16.89,8774
PNCINFRA,20260901,188.2,192.0,187.5,188.77,265278
PNGJL,20260901,586.0,595.75,580.25,586.65,551193
PNGSREVA,20260901,537.25,544.3,492.55,511.25,287474
POCL,20260901,499.8,500.5,480.0,484.75,445559
PODDARMENT,20260901,255.0,256.65,250.3,256.2,3211
POEL,20260901,150.44,152.71,148.0,148.42,21825
POKARNA,20260901,854.85,856.95,838.0,841.95,38548
POLICYBZR,20260901,1845.0,1847.8,1812.1,1829.2,1724303
POLYCAB,20260901,9200.0,9209.0,8871.0,8895.5,653035
POLYMED,20260901,1754.9,1765.0,1721.6,1756.4,180195
POLYPLEX,20260901,1183.1,1203.9,1175.0,1187.7,59402
POLYSPIN,20260901,30.44,30.44,30.1,30.1,30
PONNIERODE,20260901,406.5,406.5,377.1,380.2,37380
POONAWALLA,20260901,463.85,467.0,454.9,460.95,1157729
POWERGRID,20260901,263.3,264.55,261.7,264.55,8499123
POWERICA,20260901,519.0,524.75,509.0,512.35,42474
POWERINDIA,20260901,33450.0,33450.0,32400.0,32640.0,100880
POWERMECH,20260901,2521.0,2528.0,2454.0,2481.0,48114
PPAP,20260901,262.8,273.0,258.0,269.3,12990
PPL,20260901,260.1,264.0,258.65,261.55,14974
PPLPHARMA,20260901,215.0,216.12,210.5,213.2,3147005
PRABHA,20260901,205.78,215.0,201.1,212.56,121456
PRADPME,20260901,486.0,490.95,480.3,490.35,4344
PRAENG,20260901,20.91,25.2,20.91,24.44,530839
PRAJIND,20260901,344.0,346.7,337.4,340.3,428898
PRAKASH,20260901,128.0,128.01,125.0,126.22,256292
PRAKASHSTL,20260901,3.85,3.93,3.81,3.87,54237
PRAVEG,20260901,267.05,272.0,262.55,265.95,33778
PRAXIS,20260901,4.82,4.82,4.6,4.69,135235
PRECAM,20260901,125.26,127.59,122.1,123.15,133543
PRECOT,20260901,727.0,727.0,691.5,694.9,2423
PRECWIRE,20260901,505.05,510.95,488.3,497.3,861436
PREMCO,20260901,380.0,389.0,377.2,382.6,116
PREMEXPLN,20260901,662.15,668.0,662.0,663.95,85642
PREMIER,20260901,2.98,2.98,2.8,2.9,6998
PREMIERENE,20260901,1023.1,1028.8,1011.1,1012.9,506640
PREMIERPOL,20260901,89.82,94.6,89.5,90.44,300461
PRESTIGE,20260901,1597.1,1597.1,1548.2,1570.0,701659
PRICOLLTD,20260901,814.95,814.95,783.95,797.0,308540
PRIMESECU,20260901,286.95,296.45,281.15,282.7,37051
PRIMO,20260901,21.01,21.65,20.95,21.26,93270
PRINCEPIPE,20260901,294.1,295.35,285.0,291.75,155581
PRISMX,20260901,0.54,0.55,0.53,0.53,132128
PRITI,20260901,33.25,33.99,33.25,33.29,1806
PRITIKAUTO,20260901,17.06,17.06,16.55,16.75,89467
PRIVISCL,20260901,3484.8,3484.8,3309.7,3345.9,125467
PROSTARM,20260901,137.19,137.19,131.01,131.72,143547
PROTEAN,20260901,524.3,525.0,507.2,509.9,242188
PROZONER,20260901,45.0,45.78,44.0,44.92,299042
PRSMJOHNSN,20260901,111.3,112.7,111.0,111.2,322538
PRUDENT,20260901,3700.0,3729.8,3305.4,3352.3,95588
PRUDMOULI,20260901,16.78,16.78,16.1,16.42,2335
PSB,20260901,22.87,22.94,22.51,22.58,890182
PSPPROJECT,20260901,879.7,895.0,866.1,874.5,40894
PSUBANK,20260901,86.04,86.04,84.76,85.16,1060607
PSUBANKADD,20260901,86.66,86.79,85.57,85.72,21917
PSUBNKBEES,20260901,95.17,95.89,94.5,94.65,1117723
PSUBNKIETF,20260901,86.47,87.1,86.01,86.24,68390
PTC,20260901,151.95,158.92,151.94,155.2,3061118
PTCIL,20260901,21860.0,22945.0,21835.0,22755.0,56171
PTL,20260901,38.26,38.99,38.16,38.39,20969
PUNJABCHEM,20260901,1116.5,1122.6,1098.1,1109.3,1918
PURVA,20260901,213.0,214.0,210.0,212.38,69983
PVP,20260901,67.7,71.9,65.06,65.06,4370907
PVRINOX,20260901,1244.0,1244.0,1211.0,1228.2,838525
PVSL,20260901,103.0,106.99,103.0,103.7,21737
PVTBANIETF,20260901,28.1,28.23,27.6,27.93,3850107
PVTBANK,20260901,28.02,28.02,27.63,27.64,206212
PVTBANKADD,20260901,28.23,28.41,28.01,28.08,246374
PVTBKGROWW,20260901,28.22,28.22,27.51,27.73,17433
PWL,20260901,117.0,117.22,113.59,114.94,6598735
PYRAMID,20260901,158.48,160.48,156.5,158.08,26551
QGOLDHALF,20260901,127.68,127.86,125.31,125.58,430633
QMSMEDI,20260901,159.5,164.7,157.0,161.31,39976
QNIFTY,20260901,264.6,266.0,264.0,264.36,1110
QPOWER,20260901,1449.0,1500.0,1440.0,1488.0,305160
QUADFUTURE,20260901,421.55,437.7,412.8,419.15,441477
QUAL30IETF,20260901,21.32,23.0,21.03,21.49,48546
QUALITY30,20260901,20.94,20.97,20.86,20.86,2040
QUESS,20260901,382.0,386.95,374.8,379.5,560755
QUICKHEAL,20260901,136.2,139.0,136.0,137.23,37343
QUINT,20260901,41.4,41.4,39.99,40.97,2670
RACE,20260901,100.0,103.0,98.55,99.68,25870
RACLGEAR,20260901,1544.0,1597.0,1521.8,1537.9,60673
RADAAN,20260901,3.1,3.1,2.56,2.9,158918
RADHIKAJWE,20260901,67.15,74.5,67.15,71.1,4272940
RADIANTCMS,20260901,39.89,40.49,38.8,39.07,365694
RADICO,20260901,4481.4,4540.0,4393.4,4474.3,473936
RADIOCITY,20260901,6.64,6.64,6.35,6.41,326948
RAILTEL,20260901,274.55,283.1,274.45,277.9,829423
RAIN,20260901,197.1,209.7,196.72,206.55,7806876
RAINBOW,20260901,1420.0,1469.2,1414.3,1446.4,184439
RAJESHEXPO,20260901,76.8,77.0,75.3,75.71,78463
RAJMET,20260901,3.09,3.18,3.09,3.11,286357
RAJOOENG,20260901,47.68,49.8,46.51,49.45,365942
RAJPALAYAM,20260901,800.0,819.75,800.0,810.0,990
RAJRATAN,20260901,499.9,508.0,490.8,496.7,100568
RAJRILTD,20260901,23.71,23.71,22.81,22.81,14131
RAJSREESUG,20260901,38.4,39.8,36.07,36.23,55285
RAJTV,20260901,9.97,9.97,9.39,9.39,38390
RALLIS,20260901,208.0,210.2,206.2,207.17,352377
RAMANEWS,20260901,30.8,32.16,30.76,31.49,19126
RAMAPHO,20260901,123.9,124.0,121.76,122.22,10353
RAMASTEEL,20260901,4.29,4.29,4.25,4.25,496700
RAMBHAJO,20260901,240.32,247.55,233.3,237.07,759953
RAMCOCEM,20260901,883.0,883.05,869.0,875.35,76541
RAMCOIND,20260901,329.5,331.5,319.95,323.7,171089
RAMCOSYS,20260901,576.0,597.5,575.0,590.95,131563
RAMKY,20260901,352.6,360.0,341.05,343.85,104716
RAMRAT,20260901,563.8,576.15,555.05,570.2,411062
RANASUG,20260901,15.76,16.2,14.75,14.94,370713
RANEHOLDIN,20260901,1561.3,1578.8,1550.0,1560.7,7811
RATEGAIN,20260901,930.7,939.3,904.15,911.25,395580
RATNAMANI,20260901,2649.7,2682.6,2565.1,2605.1,43960
RATNAVEER,20260901,307.45,311.0,277.15,291.35,6186602
RAYMOND,20260901,631.5,644.0,626.25,635.3,300895
RAYMONDLSL,20260901,666.1,670.8,633.0,637.15,312798
RAYMONDREL,20260901,532.2,541.5,513.1,516.75,453833
RBA,20260901,98.5,100.8,95.17,99.96,4212089
RBLBANK,20260901,379.55,383.75,377.8,380.5,2288711
RBZJEWEL,20260901,162.0,178.42,160.0,169.0,5612930
RCF,20260901,114.79,116.2,114.0,114.51,1301482
RCOM,20260901,0.81,0.82,0.8,0.81,2225734
RECLTD,20260901,318.4,318.4,313.0,314.05,6496998
REDINGTON,20260901,358.25,358.8,347.05,349.6,3398327
REDTAPE,20260901,123.13,124.79,121.3,122.19,334316
REFEX,20260901,282.75,287.4,276.05,277.6,265132
REGAAL,20260901,88.75,90.19,85.45,87.9,236180
REGENCERAM,20260901,36.0,36.0,34.11,34.49,2600
RELAXO,20260901,358.95,361.75,352.0,359.35,140569
RELCHEMQ,20260901,116.5,117.6,112.99,113.19,3523
RELIABLE,20260901,140.0,140.0,134.83,135.98,66335
RELIANCE,20260901,1285.0,1311.8,1280.0,1309.0,12617528
RELIGARE,20260901,247.05,254.25,244.3,249.78,2497774
RELINFRA,20260901,59.0,59.21,58.21,58.21,186060
RELTD,20260901,161.0,161.5,152.72,153.9,271815
REMSONSIND,20260901,100.44,101.69,94.0,97.44,359616
RENUKA,20260901,24.96,25.1,23.95,24.21,13258172
REPCOHOME,20260901,362.25,368.6,360.15,362.8,71878
REPL,20260901,67.7,67.7,62.15,64.99,7546
REPRO,20260901,310.8,334.8,301.0,328.6,69747
RESPONIND,20260901,149.56,152.99,149.0,150.17,83029
RETAIL,20260901,17.5,17.5,15.81,17.09,3138
RGL,20260901,135.75,141.47,134.1,136.96,1026778
RHETAN,20260901,19.16,19.44,19.11,19.12,10248180
RHFL,20260901,1.84,1.84,1.78,1.81,353664
RHIM,20260901,373.9,377.8,365.6,368.2,274972
RHL,20260901,166.5,171.4,165.0,169.45,6977
RICOAUTO,20260901,129.0,130.16,125.64,127.39,572270
RIIL,20260901,753.0,756.0,742.05,749.7,39245
RIR,20260901,160.45,160.46,156.05,157.5,78861
RISHABH,20260901,705.45,725.0,687.0,695.7,247671
RITCO,20260901,304.9,307.6,298.25,300.3,65006
RITES,20260901,217.0,218.43,215.5,216.38,350274
RKDL,20260901,18.76,18.76,18.22,18.63,2053
RKEC,20260901,22.89,22.89,21.21,21.54,35351
RKFORGE,20260901,747.8,759.0,737.5,753.6,1216792
RKSWAMY,20260901,92.9,92.9,90.0,90.58,33508
RMC,20260901,240.0,240.35,230.0,232.45,58149
RMDRIP,20260901,21.44,22.0,21.44,21.77,360880
RML,20260901,1127.9,1131.9,1105.0,1117.2,11767
RNBDENIMS,20260901,10.83,10.83,10.83,10.83,176886
ROHLTD,20260901,301.0,303.0,296.6,297.4,10219
ROLEXRINGS,20260901,180.6,182.52,176.91,178.68,1101246
ROLLT,20260901,3.95,4.05,3.77,4.01,627048
ROML,20260901,42.63,44.26,42.63,43.15,3185
ROSSARI,20260901,485.15,488.95,474.5,476.55,73740
ROSSELLIND,20260901,58.4,58.89,57.61,58.13,56872
ROSSTECH,20260901,1119.0,1158.0,1096.0,1136.2,229506
ROTO,20260901,63.6,67.4,61.4,65.97,986286
ROUTE,20260901,500.0,511.65,495.95,501.95,143191
RPEL,20260901,1798.0,1798.0,1685.2,1727.1,83386
RPGLIFE,20260901,2665.0,2665.0,2578.0,2590.5,5524
RPOWER,20260901,22.11,22.65,22.01,22.26,14834527
RPPINFRA,20260901,56.04,57.3,55.41,56.57,38477
RPPL,20260901,23.36,23.36,22.44,23.14,20766
RPSGVENT,20260901,850.2,852.95,834.95,842.35,23016
RPTECH,20260901,816.1,836.4,802.0,809.1,257239
RRECL,20260901,146.34,146.34,130.41,134.15,564
RRIL,20260901,16.81,17.3,16.66,16.67,3127
RRKABEL,20260901,2942.6,2980.0,2834.0,2869.8,520093
RSDFIN,20260901,97.0,101.0,95.0,97.6,1045
RSL,20260901,177.3,183.53,175.95,176.74,348027
RSSOFTWARE,20260901,29.8,30.5,28.4,28.72,70785
RSWM,20260901,198.41,201.05,196.14,197.09,44210
RSYSTEMS,20260901,245.3,257.4,243.36,255.74,464401
RTNINDIA,20260901,30.15,30.49,30.0,30.02,839175
RTNPOWER,20260901,7.53,7.85,7.43,7.45,26977471
RTSPOWR,20260901,86.6,93.75,86.6,89.08,4669
RUBFILA,20260901,68.49,69.69,68.0,68.48,13078
RUBICON,20260901,1828.6,1875.0,1795.5,1822.2,249807
RUBYMILLS,20260901,372.0,396.0,372.0,385.8,3917
RUCHINFRA,20260901,5.42,5.8,5.42,5.68,71559
RUCHIRA,20260901,102.6,103.57,102.53,102.97,13020
RUDRA,20260901,20.99,21.6,20.01,20.79,519907
RUPA,20260901,147.14,147.97,144.9,145.38,80956
RUSHIL,20260901,16.4,16.88,16.2,16.24,148799
RUSTOMJEE,20260901,381.15,381.15,370.0,376.05,23452
RVHL,20260901,37.75,40.43,37.75,39.24,4181
RVNL,20260901,210.21,212.23,208.0,208.38,3502970
RVTH,20260901,726.0,745.95,719.95,740.25,773
S&SPOWER,20260901,341.65,341.65,331.0,331.45,1019
SAATVIKGL,20260901,414.05,424.7,408.9,420.5,47469
SAB,20260901,170.0,175.0,170.0,175.0,102
SADBHAV,20260901,8.03,8.42,8.03,8.03,716931
SADBHIN,20260901,2.65,2.68,2.54,2.58,81704
SADHNANIQ,20260901,2.8,2.8,2.75,2.76,618822
SAFARI,20260901,1511.0,1545.5,1505.2,1530.9,52039
SAGARDEEP,20260901,23.75,24.38,23.66,23.76,4552
SAGCEM,20260901,159.62,165.0,156.41,157.03,43386
SAGILITY,20260901,47.05,47.12,45.9,46.45,13901435
SAHLIBHFI,20260901,77.85,83.4,75.0,75.58,602619
SAHYADRI,20260901,359.9,360.0,351.0,352.8,9142
SAICAPI,20260901,159.8,159.8,146.1,148.15,49
SAIL,20260901,196.0,200.8,190.25,193.0,29120262
SAILIFE,20260901,1460.1,1560.0,1460.1,1518.1,2643744
SAIPARENT,20260901,520.2,524.05,514.3,518.75,57040
SAKAR,20260901,866.3,999.0,864.0,965.75,1182114
SAKHTISUG,20260901,21.18,21.18,20.32,20.4,175353
SAKSOFT,20260901,155.49,157.0,153.21,154.22,217740
SAKUMA,20260901,1.67,1.68,1.61,1.62,800644
SALASAR,20260901,5.88,5.91,5.82,5.84,1433981
SALONA,20260901,266.0,274.0,263.5,270.0,718
SALSTEEL,20260901,80.0,82.73,80.0,82.43,761423
SALZERELEC,20260901,545.55,546.65,527.0,538.75,55668
SAMBANDAM,20260901,116.0,119.0,111.06,113.49,752
SAMBHAAV,20260901,6.06,6.29,5.86,5.98,24917
SAMBHV,20260901,128.75,129.9,125.47,126.93,1005542
SAMHI,20260901,156.0,156.21,152.35,153.05,844223
SAMMAANCAP,20260901,146.5,151.2,145.91,147.14,5856185
SAMPANN,20260901,26.05,26.68,24.0,24.59,39567
SANATHAN,20260901,451.95,451.95,428.0,440.25,53599
SANDESH,20260901,1056.1,1097.9,1053.0,1059.4,1378
SANDHAR,20260901,655.0,676.8,648.0,653.15,250171
SANDUMA,20260901,205.0,205.0,198.99,200.4,340989
SANGAMIND,20260901,594.3,597.95,585.15,586.65,10189
SANGHVIMOV,20260901,458.25,466.65,448.8,458.05,233054
SANGINITA,20260901,58.76,58.76,58.76,58.76,75453
SANOFI,20260901,3115.0,3190.0,3102.5,3155.0,16301
SANOFICONR,20260901,4125.0,4155.7,4107.0,4137.8,1965
SANSERA,20260901,4084.9,4084.9,3861.1,3903.0,224580
SANSTAR,20260901,110.97,110.97,106.55,107.36,87259
SANWARIA,20260901,0.2,0.2,0.18,0.19,721717
SAPPHIRE,20260901,235.49,238.7,228.03,229.96,420140
SAPPL,20260901,270.0,298.9,270.0,289.15,1166
SARDAEN,20260901,498.0,504.8,489.5,497.05,331824
SAREGAMA,20260901,477.0,496.95,475.3,493.75,443939
SARLAPOLY,20260901,99.51,105.0,99.51,103.81,221455
SARVESHWAR,20260901,3.36,3.4,3.31,3.33,890835
SASKEN,20260901,1874.9,1950.0,1874.9,1904.3,15208
SATIA,20260901,56.9,57.6,56.45,57.06,36781
SATIN,20260901,222.25,225.29,213.06,217.18,322019
SAURASHCEM,20260901,55.89,56.5,55.15,55.54,58225
SAYAJIHOTL,20260901,306.0,316.0,306.0,316.0,57
SAYAJIIND,20260901,116.0,124.0,116.0,117.43,830
SBC,20260901,42.15,42.64,41.77,42.04,5213096
SBCL,20260901,1084.9,1095.2,1034.1,1047.9,308201
SBFC,20260901,98.71,101.9,97.91,99.95,12820956
SBGLP,20260901,24.06,24.96,24.05,24.33,35260
SBIBPB,20260901,49.29,49.83,49.15,49.4,61306
SBICARD,20260901,653.2,660.35,628.4,632.4,3438291
SBIETFCON,20260901,122.16,123.68,121.25,121.5,2274
SBIETFIT,20260901,344.15,349.73,342.76,347.27,13596
SBIETFPB,20260901,276.36,285.5,276.36,281.39,2461
SBIETFQLTY,20260901,224.92,225.19,223.31,224.87,2598
SBIFUNDS,20260901,576.1,577.2,565.0,566.95,1866287
SBILIFE,20260901,1740.5,1753.4,1728.6,1739.3,624181
SBILIQETF,20260901,1054.17,1054.19,1054.17,1054.18,347127
SBIMIDMOM,20260901,64.87,65.18,63.72,63.89,17843
SBIN,20260901,1051.3,1051.3,1027.1,1034.5,7605132
SBINEQWETF,20260901,33.51,33.53,33.21,33.28,38566
SBINMID150,20260901,23.6,23.71,23.25,23.36,70884
SBISILVER,20260901,228.48,229.32,222.5,222.99,1328270
SBISMLETF,20260901,18.46,18.75,18.3,18.36,74407
SBIVALETF,20260901,15.0,15.0,14.62,14.64,276895
SCANSTL,20260901,58.1,59.58,57.0,57.19,34026
SCHAEFFLER,20260901,4011.0,4029.0,3977.0,4000.2,42478
SCHAND,20260901,135.5,138.51,133.01,133.55,36217
SCHNEIDER,20260901,1230.0,1231.4,1163.4,1188.3,379659
SCI,20260901,290.5,296.8,284.8,287.5,2956735
SCILAL,20260901,39.7,40.12,39.7,40.03,124337
SCODATUBES,20260901,128.6,131.24,127.2,130.29,117865
SCPL,20260901,632.0,651.0,622.5,644.0,5480
SDBL,20260901,72.7,72.7,70.89,71.1,382672
SEAMECLTD,20260901,1697.0,1699.9,1642.1,1678.8,60153
SECMARK,20260901,160.8,160.8,146.52,148.51,11345
SECURKLOUD,20260901,17.68,18.1,17.25,17.33,22502
SEDEMAC,20260901,3054.0,3057.9,2951.1,2988.6,137622
SEIL,20260901,200.0,202.9,198.51,200.5,311964
SEJALLTD,20260901,710.55,714.95,671.65,675.3,9707
SEKURITIND,20260901,117.99,118.19,114.47,116.59,27223
SELECTIPO,20260901,49.01,49.01,48.48,48.64,115293
SELMC,20260901,28.99,28.99,27.0,27.11,6524
SEMAC,20260901,281.0,292.35,276.4,292.0,103
SENCO,20260901,350.0,360.75,347.4,352.75,926985
SENORES,20260901,1442.3,1469.9,1424.3,1454.7,492855
SENSEXADD,20260901,79.58,79.82,79.07,79.37,153
SENSEXAXIS,20260901,80.07,80.36,78.3,79.39,8046
SENSEXBETA,20260901,851.0,858.5,848.0,854.47,2327
SENSEXETF,20260901,79.5,79.76,79.18,79.35,25541
SENSEXIETF,20260901,881.91,890.0,881.91,885.91,4948
SEPC,20260901,5.44,5.49,5.33,5.37,9634411
SERVOTECH,20260901,79.9,79.99,77.98,78.58,307505
SESHAPAPER,20260901,230.0,233.7,226.5,232.52,38263
SETCO,20260901,18.58,18.58,17.5,17.67,100647
SETF10GILT,20260901,265.25,265.25,263.01,263.52,1150
SETFGOLD,20260901,134.73,134.73,129.01,129.31,6370763
SETFNIF50,20260901,257.9,260.24,257.9,258.44,1016454
SETFNIFBK,20260901,590.75,593.94,587.5,588.44,14744
SETFNN50,20260901,793.3,797.0,780.1,784.06,24915
SETL,20260901,378.0,387.95,378.0,387.05,1359460
SETUINFRA,20260901,0.5,0.51,0.49,0.51,19144
SEYAIND,20260901,12.4,12.44,12.1,12.17,11555
SFL,20260901,641.75,649.5,632.5,644.75,111433
SGFIN,20260901,688.6,698.0,674.2,682.3,173924
SGIL,20260901,600.6,628.5,600.0,602.4,8195
SGL,20260901,10.11,10.55,10.03,10.31,4228
SGLRES,20260901,2.48,2.48,2.29,2.42,57635
SGMART,20260901,803.3,859.95,796.65,835.05,519733
SGRL,20260901,610.45,700.05,610.45,684.35,131593
SHADOWFAX,20260901,260.0,260.1,254.75,257.2,2501002
SHAH,20260901,3.61,3.8,3.49,3.67,4819906
SHAHALLOYS,20260901,107.0,116.0,106.1,113.0,451947
SHAILY,20260901,3244.0,3285.0,3186.0,3266.3,180382
SHAKTIPUMP,20260901,486.4,487.1,476.0,477.95,282810
SHALBY,20260901,153.55,156.18,151.45,153.65,47389
SHALPAINTS,20260901,80.99,80.99,78.85,79.38,57146
SHANKARA,20260901,146.14,147.44,146.0,146.59,58499
SHANKESH,20260901,93.01,96.6,90.35,91.77,5213503
SHANTI,20260901,6.7,6.7,6.3,6.35,15107
SHANTIGEAR,20260901,525.5,537.0,521.05,530.65,63901
SHANTIGOLD,20260901,246.8,247.39,233.41,234.78,1503906
SHARDACROP,20260901,770.0,791.75,765.95,788.3,179555
SHARDAMOTR,20260901,882.9,901.0,877.25,884.3,33399
SHARDUL,20260901,52.0,52.88,52.0,52.77,5817
SHAREINDIA,20260901,172.71,175.27,170.05,170.8,251210
SHARIABEES,20260901,458.53,465.0,458.53,462.13,5632
SHBAJRG,20260901,168.0,169.0,158.0,158.49,6084
SHEKHAWATI,20260901,16.44,16.8,15.62,15.98,20562
SHEMAROO,20260901,124.0,128.0,123.5,126.16,10147
SHERVANI,20260901,307.2,307.2,307.2,307.2,2
SHILCTECH,20260901,4050.0,4062.0,3980.0,4014.4,12306
SHILGRAVQ,20260901,155.0,160.0,148.0,153.72,6903
SHILPAMED,20260901,950.0,952.0,874.0,889.7,2236296
SHINDL,20260901,161.8,162.93,160.0,162.21,466149
SHIPROCKET,20260901,140.49,143.22,132.33,134.25,11319607
SHIVAAGRO,20260901,39.15,42.39,39.15,40.84,4275
SHIVACEM,20260901,16.12,16.44,16.0,16.04,42593
SHIVALIK,20260901,330.5,338.3,325.0,338.05,55819
SHIVAMAUTO,20260901,18.15,18.49,17.51,17.94,59740
SHIVAMILLS,20260901,62.39,62.39,60.71,62.34,3004
SHIVATEX,20260901,181.17,187.99,172.15,178.33,21172
SHIVAUM,20260901,447.0,450.0,447.0,448.35,622
SHK,20260901,151.46,154.29,147.4,148.67,344898
SHOPERSTOP,20260901,383.25,390.0,379.25,386.35,13437
SHRADDHA,20260901,165.5,165.5,157.65,160.72,9552
SHRADHA,20260901,32.05,32.35,31.53,31.85,5047
SHREDIGCEM,20260901,76.5,77.03,72.51,73.82,128057
SHREECEM,20260901,23605.0,23800.0,23310.0,23490.0,15342
SHREEJISPG,20260901,649.7,651.55,632.65,637.1,536864
SHREEPUSHK,20260901,470.0,470.25,450.0,464.45,55798
SHREERAMA,20260901,41.57,42.7,40.64,41.63,123441
SHRENIK,20260901,0.3,0.31,0.29,0.29,404086
SHREYANIND,20260901,126.29,127.5,125.26,125.8,1123
SHRIKRISH,20260901,40.75,40.75,37.0,37.49,719
SHRINGARMS,20260901,220.0,221.85,213.5,215.97,773070
SHRIPISTON,20260901,4590.0,4640.9,4540.0,4598.2,106873
SHRIRAMFIN,20260901,1099.0,1099.0,1050.6,1059.1,5673585
SHRIRAMPPS,20260901,76.88,77.9,75.5,76.13,295236
SHRJAGP,20260901,623.0,644.9,605.05,622.55,1161
SHUKRAPHAR,20260901,44.54,46.4,44.34,44.43,1832377
SHYAMCENT,20260901,4.82,5.16,4.82,4.95,67744
SHYAMMETL,20260901,1104.0,1104.0,1058.1,1078.0,344507
SHYAMTEL,20260901,12.16,12.65,12.02,12.02,152990
SICAGEN,20260901,54.18,55.8,54.14,55.48,16416
SICALLOG,20260901,103.88,103.99,96.05,98.77,44978
SIEL,20260901,32.31,32.5,31.17,32.5,652
SIEMENS,20260901,4029.9,4093.2,3975.1,4030.0,317161
SIGACHI,20260901,32.69,32.93,31.5,31.72,1662430
SIGIND,20260901,69.01,71.99,68.12,70.09,11512
SIGMA,20260901,48.74,49.37,46.53,47.29,122465
SIGMAADV,20260901,781.95,797.4,764.0,780.45,190324
SIGNATURE,20260901,765.0,780.5,761.55,777.2,173679
SIGNPOST,20260901,256.65,256.65,250.8,252.3,21561
SIKA,20260901,1003.3,1019.75,987.2,995.4,20593
SIKKO,20260901,5.02,5.14,4.95,5.11,254685
SIL,20260901,19.7,20.2,19.16,19.77,78483
SILGO,20260901,73.37,73.69,70.5,70.94,99737
SILINV,20260901,492.0,492.0,480.1,485.25,1581
SILLYMONKS,20260901,16.4,16.4,15.6,16.08,11020
SILVER,20260901,228.2,233.99,227.09,227.52,1026631
SILVER001,20260901,24.05,24.14,22.98,23.0,38711
SILVER1,20260901,23.2,23.2,22.0,22.09,7155295
SILVER360,20260901,229.78,230.79,224.24,225.44,16764
SILVERADD,20260901,23.06,27.96,21.88,22.08,4251284
SILVERAG,20260901,227.78,227.96,220.83,221.73,296936
SILVERAXIS,20260901,232.65,232.83,225.7,226.12,365753
SILVERBEES,20260901,222.37,223.9,217.26,217.72,32758030
SILVERBETA,20260901,225.14,225.99,219.19,219.47,881941
SILVERBND,20260901,231.0,234.48,227.83,228.5,60699
SILVERCASE,20260901,23.51,24.31,21.5,22.93,11255328
SILVERIETF,20260901,233.69,233.96,227.02,227.47,3784482
SILVERTUC,20260901,173.0,179.19,169.07,171.12,565150
SIMBHALS,20260901,8.58,8.58,8.27,8.27,7255
SIMPLEXINF,20260901,266.5,271.0,252.0,256.6,117152
SINCLAIR,20260901,81.65,85.1,80.11,82.91,33445
SINDHUTRAD,20260901,24.99,25.95,24.05,24.5,4808744
SINGERIND,20260901,76.45,80.0,74.4,75.65,106503
SINTERCOM,20260901,78.7,85.0,77.99,78.3,50684
SIRCA,20260901,436.4,438.3,429.05,431.0,222287
SIS,20260901,431.95,432.2,425.0,427.55,226378
SITINET,20260901,0.3,0.3,0.28,0.29,521312
SIYSIL,20260901,564.7,564.7,550.1,554.45,40245
SJS,20260901,2488.6,2519.9,2421.1,2461.2,110027
SJVN,20260901,64.92,65.37,64.36,64.92,1601993
SKFINDIA,20260901,1554.8,1584.9,1526.5,1531.6,28038
SKFINDUS,20260901,3028.0,3074.3,2905.0,2953.0,180275
SKIPPER,20260901,541.0,547.5,531.6,534.55,357291
SKMEGGPROD,20260901,269.0,271.4,260.3,262.2,221897
SKYGOLD,20260901,807.2,814.35,756.05,778.25,1380447
SKYWAYS,20260901,124.0,136.45,119.0,125.56,56082352
SMALL250,20260901,17.97,18.85,17.97,18.44,252304
SMALLADD,20260901,18.9,18.9,18.39,18.5,39649
SMALLCAP,20260901,49.14,49.14,48.59,48.9,869020
SMALLGROWW,20260901,49.96,49.96,48.76,49.1,3685
SMALLIETF,20260901,18.08,18.54,18.08,18.47,20220
SMARTLINK,20260901,216.0,221.83,208.0,214.42,6926
SMARTWORKS,20260901,536.0,539.45,523.95,525.9,109815
SMCGLOBAL,20260901,80.0,81.27,79.1,79.65,366463
SML100CASE,20260901,11.59,11.59,11.23,11.3,1921793
SMLMAH,20260901,5268.0,5499.0,5169.0,5412.5,247241
SMLT,20260901,65.0,66.46,64.4,65.61,7345
SMSPHARMA,20260901,374.2,374.2,366.3,368.25,82776
SNOWMAN,20260901,37.25,37.54,36.5,36.68,129824
SNXT30BEES,20260901,42.97,43.04,42.59,42.74,10927
SNXT50BETA,20260901,95.29,96.4,94.11,94.34,986
SOBHA,20260901,1266.5,1266.5,1232.0,1244.9,76576
SOFTTECH,20260901,420.9,421.0,415.1,415.1,3775
SOLARA,20260901,637.5,674.0,627.5,643.45,1068143
SOLARINDS,20260901,20250.0,20270.0,19930.0,20060.0,94048
SOLARWORLD,20260901,146.6,147.68,144.0,145.04,76265
SOLEX,20260901,744.2,758.0,720.0,726.4,16312
SOMANYCERA,20260901,559.2,565.5,551.4,563.15,182674
SOMATEX,20260901,81.7,84.14,81.7,84.14,12616
SOMICONVEY,20260901,92.4,92.8,90.21,90.62,10379
SONACOMS,20260901,815.0,821.5,798.55,809.5,1041758
SONAL,20260901,84.5,86.98,82.5,86.87,460
SONAMLTD,20260901,79.4,80.32,68.4,70.59,753898
SONATSOFTW,20260901,294.0,294.95,284.1,289.0,892873
SOTL,20260901,691.5,787.75,691.5,771.4,11719498
SOUTHBANK,20260901,45.9,46.25,45.3,45.91,12765987
SOUTHWEST,20260901,205.36,211.94,204.79,208.6,125976
SPAL,20260901,1054.0,1064.5,1003.1,1021.3,82949
SPANDANA,20260901,240.95,241.53,236.0,236.45,100443
SPARC,20260901,199.33,203.5,196.01,196.98,824539
SPCENET,20260901,3.16,3.17,3.08,3.09,1488536
SPECIALITY,20260901,140.0,143.0,136.75,138.93,12830
SPECTRUM,20260901,2140.0,2174.9,2050.0,2135.8,6939
SPELS,20260901,147.0,152.95,143.12,149.76,57795
SPENCERS,20260901,29.9,30.25,28.81,28.89,61481
SPIC,20260901,67.69,69.53,67.69,68.86,377996
SPLIL,20260901,33.33,33.5,31.21,31.65,9169
SPLPETRO,20260901,728.85,728.85,708.0,718.5,151638
SPMLINFRA,20260901,181.0,183.3,178.51,179.64,163285
SPORTKING,20260901,226.4,239.4,226.39,229.91,907686
SRD,20260901,40.01,40.27,38.5,39.62,30239
SREEL,20260901,248.5,253.89,245.6,249.74,5954
SRF,20260901,2563.0,2600.0,2558.2,2592.0,105018
SRGHFL,20260901,255.15,263.5,255.15,255.6,275
SRHHYPOLTD,20260901,506.7,506.75,490.85,494.45,11022
SRIKPRIND,20260901,21.39,25.35,21.13,25.35,66491
SRM,20260901,457.65,457.65,443.1,447.3,70598
SRTL,20260901,38.99,39.57,37.51,37.99,45688
SSDL,20260901,55.91,57.79,55.91,56.23,26635
SSWL,20260901,310.0,365.95,303.6,357.25,28271167
STALLION,20260901,212.05,214.9,207.0,207.6,366735
STANLEY,20260901,137.35,138.9,136.01,137.72,81488
STAR,20260901,1025.0,1030.0,1010.0,1024.2,200361
STARCEMENT,20260901,184.95,187.28,182.8,185.63,161551
STARHEALTH,20260901,567.8,572.95,553.35,560.4,548526
STARPAPER,20260901,152.43,153.7,149.1,150.26,9553
STARTECK,20260901,256.0,259.3,248.05,249.3,308
STCINDIA,20260901,116.7,117.57,115.51,115.7,14799
STEELCAS,20260901,349.8,354.7,335.75,339.85,47152
STEELCITY,20260901,84.8,84.8,82.5,83.12,7424
STEELXIND,20260901,10.85,10.85,10.5,10.56,1460680
STEL,20260901,650.0,680.0,620.1,623.1,8483
STERTOOLS,20260901,218.0,218.9,212.15,212.84,9919
STLNETWORK,20260901,28.19,28.3,26.9,27.16,1308773
STLSTRINF,20260901,19.82,20.28,18.53,18.91,1665
STLTECH,20260901,738.0,738.0,692.05,693.7,1354306
STOVEKRAFT,20260901,850.9,858.4,833.4,847.1,211970
STUDDS,20260901,441.2,448.0,438.05,441.3,69776
STYL,20260901,387.0,391.45,381.1,386.8,59704
STYLAMIND,20260901,3430.8,3456.3,3302.0,3344.3,65471
STYLEBAAZA,20260901,401.0,405.0,389.0,398.15,501769
STYRENIX,20260901,2047.9,2047.9,1988.3,2011.7,24032
SUBEXLTD,20260901,18.42,19.0,17.64,17.88,4959378
SUBROS,20260901,719.95,724.45,712.05,716.6,24774
SUDARCOLOR,20260901,388.0,389.0,377.1,379.0,5261
SUDARSCHEM,20260901,1294.7,1347.0,1230.6,1240.7,1648951
SUDEEPPHRM,20260901,1222.7,1263.0,1196.9,1230.9,331374
SUKHJITS,20260901,159.8,160.0,156.53,158.99,16073
SULA,20260901,147.84,150.0,145.52,148.65,164097
SUMEDHA,20260901,39.6,39.99,38.94,39.5,133
SUMEETINDS,20260901,12.28,12.33,11.67,11.67,2426227
SUMICHEM,20260901,519.55,521.85,510.75,514.2,104437
SUMIT,20260901,51.3,51.3,50.03,50.92,10972
SUMMITSEC,20260901,1426.0,1457.9,1400.0,1413.7,3052
SUNCLAY,20260901,1290.0,1328.0,1290.0,1296.7,4258
SUNDARAM,20260901,1.25,1.26,1.22,1.22,174887
SUNDARMFIN,20260901,4540.0,4560.0,4521.5,4540.1,19219
SUNDRMBRAK,20260901,771.0,786.95,732.0,768.0,1200
SUNDRMFAST,20260901,1209.0,1225.5,1197.5,1204.7,94310
SUNDROP,20260901,668.0,668.0,652.2,655.55,8354
SUNFLAG,20260901,340.0,343.15,335.8,339.65,106805
SUNLOC,20260901,81.0,82.0,77.01,79.74,1398
SUNPHARMA,20260901,1963.1,1963.1,1921.1,1929.0,3595272
SUNRAKSHAK,20260901,363.25,369.0,363.0,365.8,5911
SUNSHIEL,20260901,1181.0,1193.0,1133.9,1152.7,2042
SUNSHINE,20260901,456.0,463.4,435.4,450.75,3504036
SUNTECK,20260901,302.75,309.95,298.1,303.25,160918
SUNTV,20260901,462.0,468.0,461.05,462.15,229557
SUPERHOUSE,20260901,174.0,174.87,167.1,173.09,5670
SUPERSPIN,20260901,6.55,6.72,6.26,6.52,68320
SUPRAJIT,20260901,503.45,509.0,496.6,506.45,69927
SUPREME,20260901,38.1,39.5,37.6,38.29,10225
SUPREMEENG,20260901,2.78,2.88,2.78,2.88,1498437
SUPREMEIND,20260901,3570.0,3661.4,3563.3,3605.0,169663
SUPREMEINF,20260901,83.14,86.5,83.1,84.93,30992
SUPRIYA,20260901,798.3,809.0,795.5,803.15,105067
SUPTANERY,20260901,15.44,15.44,15.44,15.44,150260
SURAJEST,20260901,190.0,192.53,189.47,191.51,91223
SURAJLTD,20260901,206.0,208.9,201.25,206.01,1066
SURAKSHA,20260901,335.0,343.95,334.3,340.8,143730
SURANASOL,20260901,26.99,26.99,25.9,26.26,34710
SURANAT&P,20260901,16.1,16.58,16.0,16.08,42972
SURYALA,20260901,375.0,395.0,374.0,387.0,723
SURYALAXMI,20260901,61.99,65.6,61.3,62.92,50585
SURYAROSNI,20260901,220.46,222.49,218.01,218.82,212161
SURYODAY,20260901,154.0,154.18,149.5,151.06,358779
SUTLEJTEX,20260901,40.25,41.5,39.25,39.44,36063
SUVEN,20260901,394.0,403.35,378.5,381.6,899924
SUVIDHAA,20260901,2.2,2.27,2.18,2.18,47789
SUYOG,20260901,752.0,752.0,730.1,736.7,19283
SUZLON,20260901,47.5,47.5,46.25,46.5,39976953
SVGLOBAL,20260901,126.0,132.0,124.01,131.29,72
SVLL,20260901,824.0,835.0,800.0,815.1,839
SVPGLOB,20260901,3.52,3.8,3.52,3.69,31186
SWANCORP,20260901,292.8,293.25,285.3,289.4,1201439
SWANDEF,20260901,2435.8,2450.0,2351.1,2413.8,11350
SWARAJ,20260901,370.0,370.0,357.0,358.95,82701
SWARAJENG,20260901,3577.9,3586.8,3530.0,3537.7,12007
SWARNSAR,20260901,34.26,35.18,34.26,34.82,3475
SWELECTES,20260901,587.55,595.9,576.0,588.55,19854
SWIGGY,20260901,279.85,281.3,275.0,275.0,5372141
SWISSMLTRY,20260901,16.5,17.0,15.41,15.93,106844
SWSOLAR,20260901,189.51,191.88,186.46,187.42,614403
SYMBIOTEC,20260901,988.0,1180.0,934.2,1097.7,30102923
SYMPHONY,20260901,586.1,588.4,571.3,574.4,65387
SYNCOMF,20260901,19.5,20.2,18.76,20.07,15856320
SYNGENE,20260901,402.0,403.0,397.05,402.05,632620
SYRMA,20260901,1435.0,1459.0,1418.7,1447.9,608516
SYSTMTXC,20260901,58.0,58.0,57.6,57.72,14714
TAALTECH,20260901,4518.8,4579.9,4353.8,4449.5,6274
TAINWALCHM,20260901,209.15,214.0,205.15,207.76,2735
TAJGVK,20260901,334.55,334.9,327.25,328.95,70985
TAKE,20260901,14.58,14.58,14.58,14.58,48445
TALBROAUTO,20260901,414.0,418.0,406.3,410.8,82813
TAMBOLIIN,20260901,264.0,264.0,252.0,253.05,3824
TANAA,20260901,290.0,295.2,288.1,290.55,6628
TANLA,20260901,531.0,547.5,527.5,543.15,438736
TARACHAND,20260901,47.88,48.79,47.1,47.69,44443
TARAPUR,20260901,13.4,13.75,12.5,13.36,54711
TARC,20260901,117.5,122.99,117.5,122.49,498599
TARIL,20260901,312.2,314.05,305.45,308.9,1323545
TARMAT,20260901,61.05,61.65,58.21,58.92,36225
TARSONS,20260901,330.0,347.0,330.0,344.1,246355
TASTYBITE,20260901,10150.0,10170.0,9900.0,9946.0,2621
TATACAP,20260901,367.9,369.5,363.35,367.85,1012096
TATACHEM,20260901,643.0,645.9,632.4,633.6,363153
TATACOMM,20260901,1735.1,1744.9,1707.9,1733.8,196386
TATACONSUM,20260901,1037.5,1041.8,1025.1,1030.5,1005860
TATAELXSI,20260901,3583.1,3671.9,3567.1,3638.0,169501
TATAGOLD,20260901,15.15,15.19,14.72,14.73,57784083
TATAINVEST,20260901,642.0,643.3,631.5,633.65,126447
TATAPOWER,20260901,347.55,351.95,347.45,350.55,3607879
TATASTEEL,20260901,183.7,188.68,182.12,184.07,46663321
TATATECH,20260901,835.0,850.0,808.05,814.95,1801217
TATSILV,20260901,22.5,23.18,22.04,22.08,73340718
TATVA,20260901,1649.0,1649.0,1595.0,1605.0,36770
TBOTEK,20260901,1750.0,1750.0,1685.0,1722.4,226002
TBZ,20260901,315.0,366.8,313.1,366.8,14134183
TCC,20260901,228.64,231.0,221.61,227.44,90814
TCI,20260901,874.45,895.0,866.55,883.25,16245
TCIEXP,20260901,543.45,547.05,538.6,541.95,30805
TCIFINANCE,20260901,15.75,15.75,15.03,15.25,16102
TCPLPACK,20260901,3921.4,3927.5,3851.0,3860.2,2435
TCS,20260901,2355.0,2372.0,2325.0,2369.0,2678034
TDPOWERSYS,20260901,778.5,780.9,751.0,758.05,1152758
TEAMGTY,20260901,240.0,244.25,235.0,241.0,172
TEAMLEASE,20260901,1275.0,1299.0,1252.5,1264.5,9242
TECH,20260901,34.02,34.5,33.72,34.24,56903
TECHM,20260901,1630.0,1649.0,1613.7,1638.0,2412137
TECHNOCRAF,20260901,371.5,379.8,364.0,374.2,670595
TECHNOE,20260901,982.7,985.0,962.0,976.35,158264
TECHNVISN,20260901,5349.0,5399.5,5230.0,5282.0,141
TECILCHEM,20260901,9.2,10.1,9.2,9.74,11394
TEGA,20260901,1596.4,1629.7,1563.0,1570.5,184907
TEJASNET,20260901,559.75,569.9,536.35,541.9,3552393
TEMBO,20260901,58.0,58.1,55.8,56.03,1217711
TEMPSENS,20260901,560.2,574.8,534.7,539.05,8343086
TENNIND,20260901,531.9,531.9,519.85,525.2,851042
TERAI,20260901,121.6,138.55,121.6,129.48,1366
TERASOFT,20260901,288.85,296.95,280.0,283.15,15255
TEXINFRA,20260901,111.78,114.0,111.0,113.33,159255
TEXMOPIPES,20260901,45.6,46.3,45.21,45.93,18026
TEXRAIL,20260901,108.3,116.9,108.3,113.07,9088639
TFCILTD,20260901,140.18,141.94,137.05,141.07,8715631
TFL,20260901,11.91,12.95,11.6,11.65,4642
TGBHOTELS,20260901,10.0,10.0,9.4,9.77,26795
TGVSL,20260901,105.0,105.0,102.5,103.24,77093
THACKER,20260901,990.0,1039.0,985.05,1039.0,30
THAKDEV,20260901,142.0,142.0,142.0,142.0,5
THANGAMAYL,20260901,5412.0,5470.0,5270.0,5311.5,72055
THEINVEST,20260901,95.51,95.51,93.52,94.32,2064
THEJO,20260901,2066.2,2093.0,2060.1,2075.4,3226
THELEELA,20260901,577.55,578.8,561.2,575.35,358404
THEMISMED,20260901,125.18,128.41,122.0,123.57,159524
THERMAX,20260901,3938.0,3971.6,3876.1,3913.2,78425
THOMASCOOK,20260901,107.92,108.01,105.02,105.71,622494
THOMASCOTT,20260901,270.3,275.95,256.05,261.8,40670
THYROCARE,20260901,606.65,613.0,587.4,590.55,260662
TI,20260901,560.0,561.7,540.3,545.7,439735
TICL,20260901,8.65,8.74,8.22,8.39,130954
TIGERLOGS,20260901,28.43,28.89,27.62,28.15,52124
TIIL,20260901,3282.0,3323.9,3251.0,3267.5,30999
TIINDIA,20260901,2794.9,2794.9,2743.5,2763.2,96404
TIJARIA,20260901,6.27,7.2,5.85,6.73,171227
TIL,20260901,232.1,240.0,230.0,230.67,71255
TIMETECHNO,20260901,190.05,195.3,189.1,190.53,5733697
TIMEX,20260901,683.05,685.75,639.25,647.45,373200
TIMKEN,20260901,3129.0,3218.6,3129.0,3209.6,36145
TINNARUBR,20260901,997.1,1048.4,985.0,1020.2,59566
TIPSFILMS,20260901,343.5,343.5,331.0,333.45,1088
TIPSMUSIC,20260901,647.6,652.6,639.1,643.5,177139
TIRUMALCHM,20260901,161.34,163.0,157.87,159.38,381219
TIRUPATIFL,20260901,68.0,70.5,66.01,68.13,171058
TITAGARH,20260901,818.0,852.15,816.05,833.95,585587
TITAN,20260901,5104.0,5126.5,5010.5,5050.0,466855
TMB,20260901,934.0,936.0,903.0,908.1,135518
TMCV,20260901,472.0,477.3,456.9,464.35,8807895
TMPV,20260901,317.2,317.3,308.95,310.0,8951324
TNIDETF,20260901,91.3,92.32,90.86,91.54,166410
TNPETRO,20260901,121.0,135.5,120.61,132.35,14332261
TNPL,20260901,140.94,150.83,140.2,149.32,696642
TNTELE,20260901,9.08,9.08,8.91,9.0,19099
TOKYOPLAST,20260901,78.5,79.49,76.05,77.9,601
TOLINS,20260901,94.59,94.9,93.0,93.67,36149
TOP100CASE,20260901,10.86,10.86,10.52,10.55,1084957
TOP10ADD,20260901,87.95,88.58,87.3,88.06,132712
TOP15IETF,20260901,9.95,10.0,9.83,9.86,63958
TOP20,20260901,8.98,9.0,8.92,8.93,14475
TORNTPHARM,20260901,4973.5,4987.5,4919.5,4965.5,204694
TORNTPOWER,20260901,1215.1,1223.0,1199.0,1219.3,223287
TOTAL,20260901,70.0,70.0,66.01,66.7,4361
TOUCHWOOD,20260901,59.16,59.98,58.1,59.79,558
TOYAMSL,20260901,0.64,0.64,0.62,0.62,238440
TPHQ,20260901,0.56,0.57,0.56,0.57,521780
TPLPLASTEH,20260901,72.0,74.06,70.91,72.07,132487
TRACXN,20260901,30.0,30.07,30.0,30.03,81017
TRANSCOR,20260901,26.0,26.14,24.51,25.49,2957
TRANSPEK,20260901,1475.0,1475.0,1400.0,1422.8,2078
TRANSRAILL,20260901,440.0,448.0,432.3,433.45,443956
TRANSWORLD,20260901,172.5,173.0,169.74,169.74,24540
TRAVELFOOD,20260901,1299.6,1311.0,1263.0,1270.5,36333
TREEHOUSE,20260901,6.38,6.38,6.25,6.35,13337
TREJHARA,20260901,149.48,150.02,142.01,144.98,15504
TREL,20260901,26.31,27.9,26.31,27.15,120235
TRENT,20260901,2880.0,2911.9,2855.0,2855.0,652244
TRF,20260901,227.56,227.56,221.23,224.18,10501
TRIDENT,20260901,24.18,24.4,24.05,24.14,2210879
TRIGYN,20260901,60.0,62.18,60.0,61.45,42098
TRITONV,20260901,1149.6,1150.0,1125.1,1138.9,1127
TRITURBINE,20260901,581.15,587.9,574.05,578.5,259156
TRIVENI,20260901,295.0,295.35,275.9,277.95,713346
TRU,20260901,4.06,4.17,3.9,4.05,223030
TRUALT,20260901,429.95,433.35,420.5,428.15,80033
TSFINV,20260901,400.55,405.4,397.2,403.1,38217
TTKHLTCARE,20260901,1160.1,1190.9,1116.1,1128.7,44525
TTKPRESTIG,20260901,583.8,587.0,575.0,579.75,27738
TTL,20260901,6.7,6.8,6.4,6.64,207325
TTML,20260901,39.0,39.4,38.21,38.92,2317300
TURTLEMINT,20260901,145.75,150.05,139.1,148.81,1557779
TUTIALKA,20260901,58.56,61.49,58.49,59.2,16522
TVSELECT,20260901,427.65,435.0,420.25,422.8,23430
TVSHLTD,20260901,13340.0,13340.0,13101.0,13258.0,4052
TVSMOTOR,20260901,4341.3,4409.0,4122.0,4203.0,1908970
TVSSCS,20260901,127.63,128.45,124.3,124.99,722014
TVSSRICHAK,20260901,5486.0,5760.0,5436.5,5525.5,56740
TVTODAY,20260901,112.01,114.79,110.0,111.46,26044
TVVISION,20260901,3.69,3.69,3.48,3.48,34118
TWCGOLDETF,20260901,157.38,157.38,150.5,151.0,42681
UBL,20260901,1305.0,1322.9,1298.0,1308.9,64290
UCAL,20260901,149.4,153.8,142.4,146.87,33478
UCOBANK,20260901,25.0,25.12,24.51,24.59,3061545
UDAYJEW,20260901,144.8,144.8,137.2,137.78,1859
UDS,20260901,223.0,229.48,222.41,227.12,701552
UEL,20260901,208.72,208.72,208.72,208.72,4228
UFBL,20260901,724.7,724.7,691.25,693.0,61730
UFLEX,20260901,653.0,659.35,632.85,645.05,191079
UFO,20260901,65.91,66.35,64.5,64.87,18235
UGARSUGAR,20260901,55.99,55.99,52.5,53.15,282554
UGROCAP,20260901,86.78,87.25,84.28,84.92,237009
UJJIVANSFB,20260901,69.4,69.41,64.96,65.36,18034062
ULTRACEMCO,20260901,11450.0,11550.0,11390.0,11400.0,168152
ULTRAMAR,20260901,445.0,445.0,423.8,428.1,76866
UMAEXPORTS,20260901,25.6,25.6,25.44,25.44,8455
UMESLTD,20260901,5.56,5.56,4.91,4.91,206608
UMIYA-MRO,20260901,99.0,100.0,94.05,98.88,56621
UNICHEMLAB,20260901,558.0,573.2,549.45,556.35,192598
UNIDT,20260901,218.75,223.99,211.0,222.2,6491
UNIECOM,20260901,89.37,89.94,87.24,87.71,273681
UNIENTER,20260901,94.0,95.97,93.27,95.39,3832
UNIINFO,20260901,11.42,11.42,11.37,11.38,133
UNIMECH,20260901,1497.4,1499.9,1464.3,1475.1,97827
UNIONBANK,20260901,185.0,186.32,183.26,184.9,7002385
UNIONGOLD,20260901,154.35,154.35,147.75,148.45,52992
UNIPARTS,20260901,897.8,915.95,878.15,901.15,309191
UNITDSPR,20260901,1490.1,1498.9,1459.0,1470.0,392270
UNITECH,20260901,3.81,3.83,3.75,3.78,3375328
UNITEDPOLY,20260901,38.98,38.99,35.65,36.91,24788
UNITEDTEA,20260901,444.3,454.3,444.3,447.5,1810
UNIVASTU,20260901,152.5,157.0,149.39,153.06,105360
UNIVCABLES,20260901,1640.0,1695.0,1615.0,1644.6,123506
UNIVPHOTO,20260901,438.0,444.6,438.0,444.6,37
UNOMINDA,20260901,1279.9,1307.5,1261.5,1274.4,1489864
UPL,20260901,567.65,568.7,560.9,567.1,4060300
URAVIDEF,20260901,118.97,118.97,115.58,118.97,9773
URBANCO,20260901,167.0,172.0,164.06,167.63,9793184
URJA,20260901,9.16,9.19,8.99,9.03,674664
USHAMART,20260901,503.8,512.9,497.05,499.6,4066851
USK,20260901,21.16,21.49,20.6,20.88,13755
UTIAMC,20260901,871.0,885.1,866.0,879.5,111748
UTKARSHBNK,20260901,15.0,15.14,14.65,14.88,11395283
UTLSOLAR,20260901,461.0,461.0,433.35,439.15,391161
UTTAMSUGAR,20260901,315.0,317.5,293.85,296.3,227336
UYFINCORP,20260901,19.52,20.19,19.52,19.84,32127
V2RETAIL,20260901,222.11,222.79,217.4,221.25,811500
VADILALIND,20260901,7700.0,7900.0,7604.5,7757.0,12966
VADILENT,20260901,10100.0,12598.0,9999.0,10217.0,118
VAIBHAVGBL,20260901,219.1,226.08,218.0,218.45,281014
VAISHALI,20260901,8.01,8.48,8.01,8.03,188407
VAKRANGEE,20260901,5.8,5.85,5.71,5.8,902060
VAL30IETF,20260901,15.06,15.24,15.03,15.08,382469
VALIANTLAB,20260901,96.34,99.28,91.53,91.56,97464
VALIANTORG,20260901,288.0,293.9,284.45,286.8,34066
VALUE,20260901,16.07,16.11,15.97,15.99,44698
VALUEAXIS,20260901,33.49,33.49,32.51,32.58,37622
VAML,20260901,436.7,439.7,432.85,434.65,4259790
VARDHACRLC,20260901,43.2,43.41,42.8,43.22,53859
VARDMNPOLY,20260901,6.0,6.02,5.9,5.99,187316
VARROC,20260901,869.8,896.0,850.85,877.0,905636
VASCONEQ,20260901,30.56,31.31,30.2,30.52,320857
VASWANI,20260901,48.91,50.5,48.1,49.13,21922
VBL,20260901,404.45,411.35,404.25,405.85,4752656
VCL,20260901,1.83,1.83,1.83,1.83,717427
VEDAVAAG,20260901,18.94,18.94,18.05,18.32,8632
VEDL,20260901,280.0,281.95,272.75,274.0,6769011
VEDPOWER,20260901,35.4,35.48,34.56,34.83,8570993
VEEDOL,20260901,1477.6,1519.0,1466.5,1489.8,14786
VELJAN,20260901,1802.0,1822.0,1780.0,1801.0,166
VENKEYS,20260901,1695.0,1702.8,1641.0,1649.0,92772
VENTIVE,20260901,598.0,598.0,585.0,593.3,8585
VENUSPIPES,20260901,1649.0,1649.0,1573.2,1606.7,97764
VENUSREM,20260901,1650.0,1650.0,1586.0,1600.9,26569
VERANDA,20260901,248.75,249.99,241.21,242.94,301874
VERTOZ,20260901,37.15,40.39,37.15,37.72,108384
VESUVIUS,20260901,409.0,417.3,405.1,416.05,57399
VETO,20260901,125.0,126.63,123.6,126.05,18437
VGCL,20260901,57.07,60.7,54.98,54.99,993
VGL,20260901,59.45,59.7,57.0,57.02,10442
VGUARD,20260901,349.3,349.3,338.65,343.05,1150095
VHL,20260901,3511.0,3650.1,3511.0,3568.4,1028
VHLTD,20260901,115.8,116.98,115.0,115.42,8335
VIDHIING,20260901,351.6,356.9,345.1,354.35,24851
VIDYAWIRES,20260901,90.68,92.25,88.36,91.24,1204812
VIJAYA,20260901,1518.4,1521.5,1487.5,1499.0,108054
VIJIFIN,20260901,15.64,15.64,15.64,15.64,90126
VIJSOLX,20260901,671.05,689.0,671.0,676.7,879
VIKASECO,20260901,1.12,1.13,1.09,1.09,1566868
VIKASLIFE,20260901,1.31,1.32,1.23,1.25,2948799
VIKRAMSOLR,20260901,169.52,172.79,167.56,169.67,1232401
VIKRAN,20260901,58.71,58.99,57.5,57.84,987122
VIMTALABS,20260901,643.45,666.0,635.55,661.75,476672
VINATIORGA,20260901,1331.8,1339.5,1313.0,1315.4,26764
VINCOFE,20260901,185.77,185.77,172.25,176.85,5357803
VINDHYATEL,20260901,2535.0,2691.9,2486.1,2576.7,166929
VINEETLAB,20260901,39.0,39.0,36.92,37.95,319286
VINNY,20260901,1.05,1.06,1.04,1.04,282917
VINYLINDIA,20260901,232.67,234.4,229.0,230.21,4470
VIPCLOTHNG,20260901,20.11,20.3,19.9,19.97,38056
VIPIND,20260901,304.25,310.65,302.3,303.75,324758
VIPULLTD,20260901,14.84,14.84,14.84,14.84,8594
VIRAT,20260901,448.35,451.2,432.1,441.65,3974
VIRINCHI,20260901,14.61,14.99,14.5,14.53,69549
VIRTUALG,20260901,0.5,0.5,0.46,0.46,662628
VISACHROME,20260901,42.49,42.49,39.02,40.18,61321
VISAKAIND,20260901,88.53,92.49,87.92,89.09,350175
VISHAL,20260901,19.4,19.5,19.0,19.15,26319
VISHNU,20260901,652.2,676.8,645.05,661.75,321563
VISHWARAJ,20260901,6.12,6.16,5.91,5.94,342404
VISL,20260901,37.4,37.4,35.26,35.48,17252606
VITAL,20260901,54.99,55.0,51.05,54.75,16548
VIVIANA,20260901,726.7,754.95,718.0,740.55,19712
VIVIDHA,20260901,0.5,0.52,0.5,0.5,207037
VIVIMEDLAB,20260901,6.8,6.8,6.8,6.8,61759
VIVOBIOT,20260901,19.0,19.0,17.52,18.3,20797
VIYASH,20260901,263.6,270.95,259.4,262.3,6105032
VLEGOV,20260901,10.39,10.5,9.93,10.23,39485
VLSFINANCE,20260901,242.0,245.0,242.0,243.09,5750
VMART,20260901,847.0,859.5,839.55,850.3,70031
VMM,20260901,112.0,113.0,106.3,106.55,13963729
VMSTMT,20260901,45.55,46.48,45.0,45.23,88191
VOEPL,20260901,562.25,568.55,540.0,551.45,70808
VOGL,20260901,39.29,39.48,37.41,37.78,26408861
VOITHPAPR,20260901,1442.7,1473.0,1440.0,1452.9,444
VOLTAMP,20260901,10959.0,11135.0,10729.0,10782.0,34032
VOLTAS,20260901,1196.0,1206.9,1192.0,1205.0,288979
VPRPL,20260901,34.0,34.01,32.66,32.89,332465
VRAJ,20260901,128.0,128.04,122.5,124.88,15905
VRLLOG,20260901,301.6,303.85,297.0,299.85,182492
VSSL,20260901,356.15,361.0,350.8,354.85,73449
VSTIND,20260901,208.12,209.55,207.5,208.0,102571
VSTL,20260901,112.0,113.3,109.35,111.83,13675
VSTTILLERS,20260901,4340.4,4384.8,4128.0,4208.5,17118
VTL,20260901,576.6,637.85,572.05,602.3,26383732
VTMLTD,20260901,58.5,61.0,57.05,59.43,100555
WAAREEENER,20260901,2599.9,2609.9,2570.0,2588.0,305178
WAAREEINDO,20260901,268.8,275.6,263.0,268.1,78190
WAAREERTL,20260901,871.8,871.8,861.0,863.8,65192
WABAG,20260901,1981.2,2030.0,1980.5,2013.9,417528
WAKEFIT,20260901,148.83,154.5,146.2,152.92,1515330
WALCHANNAG,20260901,215.9,219.6,209.0,210.01,456644
WANBURY,20260901,252.7,255.75,249.65,254.4,102090
WARDINMOBI,20260901,6.19,6.19,5.83,5.89,310743
WATERBASE,20260901,49.99,49.99,47.65,48.02,9658
WCIL,20260901,84.89,85.96,83.55,84.9,55877
WEALTH,20260901,857.9,859.9,846.0,854.2,1027
WEBELSOLAR,20260901,76.08,77.5,73.12,74.5,1910222
WEIZMANIND,20260901,75.0,75.39,74.0,74.9,90
WEL,20260901,80.84,88.95,80.84,80.84,8230670
WELCORP,20260901,2398.0,2575.0,2385.0,2553.6,3607692
WELENT,20260901,688.0,712.5,674.7,705.55,611674
WELINV,20260901,2170.0,2258.3,2169.9,2170.1,762
WELSPLSOL,20260901,52.87,53.9,50.16,50.83,685725
WELSPUNLIV,20260901,196.2,201.5,195.11,198.41,5094353
WENDT,20260901,8167.5,8180.0,8070.0,8105.0,4525
WESTLIFE,20260901,571.2,571.2,549.2,553.9,71248
WEWIN,20260901,44.28,45.2,43.85,43.9,1754
WEWORK,20260901,679.0,688.2,661.5,675.65,314155
WHBRADY,20260901,497.0,497.0,497.0,497.0,15
WHEELS,20260901,1555.0,1575.0,1535.0,1541.8,101005
WHIRLPOOL,20260901,804.3,806.0,782.55,801.15,349162
WILLAMAGOR,20260901,25.3,25.3,23.52,23.74,1456
WINDLAS,20260901,994.6,1015.95,986.1,1008.35,45866
WINDMACHIN,20260901,307.7,310.0,299.25,307.5,46819
WIPL,20260901,164.1,169.2,162.05,162.05,363
WIPRO,20260901,181.0,182.1,178.5,181.7,6813425
WOCKPHARMA,20260901,1883.7,1887.8,1833.3,1850.6,507087
WONDERLA,20260901,538.0,541.6,532.05,536.25,47864
WORTHPERI,20260901,154.1,157.49,153.35,154.5,4654
WPIL,20260901,444.5,444.85,436.15,439.15,16178
WSI,20260901,61.3,61.65,60.0,60.98,11186
WSTCSTPAPR,20260901,616.8,658.5,613.6,653.6,531616
XCHANGING,20260901,60.94,61.3,60.17,60.31,34232
XELPMOC,20260901,82.0,82.0,79.13,79.34,5140
XPROINDIA,20260901,1145.0,1158.0,1121.1,1135.8,32069
XTGLOBAL,20260901,31.5,31.89,30.0,30.74,63291
XTRANET,20260901,194.82,198.39,180.0,187.34,924415
YASHO,20260901,4229.5,4315.0,4208.5,4269.8,17171
YATHARTH,20260901,1003.0,1003.9,962.8,974.8,373081
YATRA,20260901,107.5,115.75,106.71,113.89,6077899
YESBANK,20260901,22.51,22.52,21.94,22.1,63872649
YOGI,20260901,162.95,162.95,155.01,162.95,819
YUKEN,20260901,962.75,991.0,954.5,972.05,9346
ZAGGLE,20260901,184.61,186.88,182.22,184.42,793985
ZEEL,20260901,94.0,96.18,92.0,93.41,34196527
ZEELEARN,20260901,7.6,7.85,7.3,7.42,226728
ZEEMEDIA,20260901,8.64,8.66,8.2,8.28,2356630
ZENITHEXPO,20260901,210.4,214.0,205.01,214.0,6
ZENITHSTL,20260901,5.34,5.47,5.21,5.3,95165
ZENSARTECH,20260901,463.0,475.55,457.7,472.95,1122083
ZENTEC,20260901,1779.0,1789.1,1736.5,1780.7,334400
ZFCVINDIA,20260901,2545.0,2591.8,2512.1,2547.8,74180
ZFSTEERING,20260901,677.9,677.9,664.6,665.9,1771
ZIMLAB,20260901,122.6,122.98,116.25,117.94,48245
ZODIAC,20260901,243.65,245.29,238.02,239.89,8651
ZODIACLOTH,20260901,73.89,73.9,72.22,73.04,2074
ZOTA,20260901,1055.0,1060.8,1024.0,1028.1,54097
ZSARACOM,20260901,11034.0,11034.0,10600.0,10702.0,14
ZUARI,20260901,232.89,234.0,228.0,231.42,100203
ZUARIIND,20260901,270.3,281.8,268.65,269.6,109252
ZYDUSLIFE,20260901,1167.3,1183.0,1152.0,1167.8,1070386
ZYDUSWELL,20260901,530.4,531.0,521.55,528.8,128038
