SYMBOL,TIMESTAMP,OPEN,HIGH,LOW,CLOSE,VOLUME
20MICRONS,20260902,212.0,216.39,207.0,211.36,90223
21STCENMGM,20260902,40.39,40.39,38.81,38.85,5812
360ONE,20260902,1156.4,1181.3,1128.6,1181.3,666823
3BBLACKBIO,20260902,1528.5,1588.9,1469.1,1478.6,50928
3IINFOLTD,20260902,22.8,22.99,22.01,22.43,131772
3MINDIA,20260902,33205.0,33290.0,32805.0,32895.0,1858
3PLAND,20260902,31.8,33.97,31.51,32.75,911
5PAISA,20260902,344.25,344.8,335.0,336.55,26993
63MOONS,20260902,777.75,820.0,775.0,805.1,444235
A2ZINFRA,20260902,16.16,16.8,16.11,16.4,167484
AAATECH,20260902,93.79,95.77,93.01,93.07,9744
AADHARHFC,20260902,478.5,478.5,465.0,475.4,240290
AAKASH,20260902,8.8,8.87,8.52,8.67,72356
AAREYDRUGS,20260902,92.5,94.0,91.0,91.72,146358
AARNAV,20260902,33.6,33.6,32.05,32.1,6179
AARON,20260902,127.6,130.0,124.68,125.95,8560
AARTECH,20260902,48.0,50.0,48.0,49.81,68063
AARTIDRUGS,20260902,430.0,430.0,415.85,417.8,170806
AARTIIND,20260902,520.0,520.9,503.05,505.2,917705
AARTIPHARM,20260902,866.0,879.4,859.5,867.25,343720
AARTISURF,20260902,507.0,539.9,502.0,526.05,22238
AARVI,20260902,148.94,149.0,142.2,143.08,29676
AASTHA,20260902,82.96,82.96,78.1,79.19,304911
AAVAS,20260902,1248.5,1287.6,1234.2,1258.7,229811
ABAN,20260902,14.54,14.83,14.25,14.83,60782
ABANSENT,20260902,27.93,27.93,26.63,27.58,14689
ABB,20260902,7348.5,7447.5,7258.0,7447.5,163580
ABBOTINDIA,20260902,26185.0,26265.0,25810.0,26045.0,7827
ABCAPITAL,20260902,390.0,397.05,385.1,397.05,4883439
ABCOTS,20260902,215.9,215.9,208.0,209.57,2466
ABDL,20260902,614.0,614.9,603.35,604.4,125467
ABFRL,20260902,51.1,51.29,50.2,50.47,4428051
ABGSEC,20260902,113.68,114.75,113.51,113.51,44
ABINFRA,20260902,11.03,11.39,11.03,11.27,87389
ABLBL,20260902,84.6,84.7,82.61,82.78,860340
ABMINTLLTD,20260902,55.0,56.1,55.0,56.1,132
ABMKNO,20260902,190.91,191.86,190.0,190.9,1070
ABREL,20260902,1350.3,1350.3,1318.7,1331.1,84555
ABSL10BANK,20260902,168.0,168.02,167.74,167.74,34
ABSLAMC,20260902,1025.3,1036.4,1007.5,1022.0,398572
ABSLBANETF,20260902,59.3,59.3,58.28,58.64,916157
ABSLLIQUID,20260902,1000.01,1000.01,999.99,999.99,1033
ABSLMSCIN,20260902,29.51,29.51,29.14,29.37,553
ABSLNN50ET,20260902,78.33,78.33,75.75,77.04,19744
ABSLPSE,20260902,10.17,10.17,9.97,10.07,186780
ACC,20260902,1271.0,1272.2,1252.9,1266.6,146429
ACCELYA,20260902,1137.9,1143.8,1125.6,1135.1,4566
ACCURACY,20260902,4.29,4.29,4.16,4.26,57458
ACE,20260902,1087.0,1099.9,1073.8,1090.9,159180
ACEINTEG,20260902,17.45,17.67,17.01,17.27,5445
ACGL,20260902,1795.0,1809.8,1756.0,1760.0,629
ACI,20260902,490.0,501.0,484.15,494.1,635843
ACL,20260902,44.1,44.2,43.13,43.92,8724
ACMESOLAR,20260902,395.0,411.15,391.1,398.25,2449655
ACSTECH,20260902,50.94,51.5,50.02,51.25,59299
ACUTAAS,20260902,3161.1,3195.6,3120.0,3134.9,190272
ADANIENSOL,20260902,1374.6,1401.0,1348.0,1396.6,4214587
ADANIENT,20260902,2859.8,2905.0,2830.5,2891.8,1642492
ADANIGREEN,20260902,1244.0,1303.0,1236.4,1296.0,2634560
ADANIPORTS,20260902,1637.1,1676.7,1632.1,1672.7,2338937
ADANIPOWER,20260902,202.59,207.7,200.12,207.7,18174608
ADDIND,20260902,83.5,90.0,83.5,85.29,595
ADFFOODS,20260902,263.0,269.0,258.8,267.7,107626
ADL,20260902,76.93,76.93,71.75,76.4,1341
ADOR,20260902,1706.0,1744.8,1670.8,1730.3,71667
ADROITINFO,20260902,10.53,10.55,10.02,10.26,7962
ADSL,20260902,103.8,104.94,100.65,103.9,60736
ADVAIT,20260902,2095.0,2160.0,2080.0,2139.0,49312
ADVANCE,20260902,116.62,121.09,115.1,117.89,331320
ADVANIHOTR,20260902,49.6,50.0,49.3,49.43,27794
ADVENTHTL,20260902,134.55,137.98,133.41,136.89,48518
ADVENZYMES,20260902,295.35,296.6,292.25,292.9,188103
ADVIKCA,20260902,1.16,1.26,1.11,1.15,899571
AEGISLOG,20260902,1202.0,1252.9,1200.0,1241.8,722924
AEGISVOPAK,20260902,268.45,288.3,266.3,286.3,3128778
AEPL,20260902,15.87,15.87,15.0,15.08,478365
AEQUS,20260902,245.0,248.15,241.03,245.62,1668299
AEROENTER,20260902,142.0,143.59,139.41,140.46,413196
AEROFLEX,20260902,548.2,561.45,536.3,540.75,1124008
AERONEU,20260902,79.87,84.7,77.8,80.7,72398
AEROPLANE,20260902,173.95,182.32,172.63,179.25,711360
AETHER,20260902,1685.0,1693.7,1641.1,1646.4,232941
AFCONS,20260902,282.05,286.25,280.5,285.1,402500
AFFLE,20260902,1561.0,1561.0,1509.0,1517.9,443298
AFFORDABLE,20260902,160.99,161.8,157.05,159.41,7436
AFIL,20260902,9.31,9.58,9.31,9.39,196038
AFSL,20260902,205.0,215.0,202.25,210.47,6924
AGARIND,20260902,439.5,454.7,432.05,450.55,49700
AGARWALEYE,20260902,508.15,524.5,508.15,514.25,640862
AGI,20260902,776.0,778.35,748.0,749.45,199603
AGIIL,20260902,284.7,285.0,276.5,280.75,231029
AGL,20260902,13.56,13.95,13.28,13.79,1532028
AGRITECH,20260902,102.37,104.9,100.6,100.9,3722
AGROPHOS,20260902,25.63,26.44,24.81,24.99,33087
AGSTRA,20260902,1.99,2.04,1.96,1.98,89045
AHCL,20260902,15.49,15.76,15.32,15.56,1668193
AHLADA,20260902,37.25,38.37,36.7,37.27,2566
AHLEAST,20260902,138.8,143.0,138.51,142.01,1209
AHLUCONT,20260902,606.05,611.65,590.0,602.2,107402
AHLWEST,20260902,511.05,535.0,511.0,535.0,330
AIAENG,20260902,4243.2,4260.0,4141.0,4159.7,51399
AIIL,20260902,538.0,541.05,504.85,507.45,1027128
AIRAN,20260902,14.92,15.05,14.5,14.83,68092
AIROLAM,20260902,86.68,88.5,86.5,86.51,3469
AJANTPHARM,20260902,3504.8,3544.0,3425.0,3481.7,99445
AJAXENGG,20260902,569.0,582.0,565.0,570.65,62498
AJMERA,20260902,114.8,117.01,113.79,115.69,326215
AJOONI,20260902,3.74,3.8,3.7,3.72,151345
AKASH,20260902,24.7,26.0,24.52,25.2,5134
AKCAPIT,20260902,1729.7,1729.7,1682.0,1699.4,1057
AKG,20260902,9.19,9.26,9.02,9.21,14000
AKI,20260902,4.85,5.48,4.7,5.48,3044554
AKSHAR,20260902,0.42,0.43,0.41,0.42,1428759
AKSHARCHEM,20260902,403.0,403.85,375.0,403.85,32662
AKSHOPTFBR,20260902,7.2,7.69,7.16,7.41,370249
AKUMS,20260902,778.0,794.9,768.2,770.25,750068
ALANKIT,20260902,8.1,8.16,7.85,7.96,82889
ALBERTDAVD,20260902,875.1,878.0,861.0,871.7,3973
ALEMBICLTD,20260902,98.85,101.0,98.0,100.14,645226
ALFREDHE,20260902,2860.9,2980.0,2860.9,2884.0,310
ALGOQUANT,20260902,63.0,64.9,62.57,63.8,1328784
ALICON,20260902,652.0,672.55,647.65,665.5,22999
ALIVUS,20260902,1438.1,1470.1,1398.1,1417.9,561531
ALKALI,20260902,70.45,70.45,66.6,68.86,5599
ALKEM,20260902,5280.0,5289.5,5187.5,5210.0,218220
ALKYLAMINE,20260902,1981.1,2044.5,1956.7,1975.5,138950
ALLCARGO,20260902,11.92,12.37,11.74,12.27,16512418
ALLDIGI,20260902,811.9,811.9,788.55,796.55,10831
ALLTIME,20260902,200.0,202.84,197.46,199.61,180025
ALMONDZ,20260902,17.02,17.9,16.8,17.43,286311
ALOKINDS,20260902,7.6,8.19,7.06,7.73,117258835
ALPA,20260902,61.73,65.0,61.35,63.13,18733
ALPHA,20260902,54.42,54.42,53.53,53.94,1586344
ALPHAETF,20260902,25.86,27.19,25.86,26.45,794013
ALPHAGEO,20260902,289.9,300.75,281.35,300.0,13023
ALPINETEX,20260902,51.69,52.38,50.46,51.09,293413
ALPL30IETF,20260902,27.77,27.77,27.54,27.62,1120581
ALUFLUOR,20260902,509.9,509.9,491.9,502.55,11146
AMAGI,20260902,578.0,582.25,569.0,572.8,264517
AMAL,20260902,755.0,771.0,741.0,749.7,15022
AMANTA,20260902,190.0,190.0,186.5,186.5,24024
AMARJOTHI,20260902,158.0,160.0,155.0,156.13,598
AMBALALSA,20260902,42.25,44.5,42.25,44.1,44130
AMBER,20260902,7470.0,7482.5,7281.5,7415.0,174407
AMBICAAGAR,20260902,25.49,25.5,24.26,24.75,26635
AMBIKCO,20260902,1625.1,1648.8,1614.4,1629.2,9215
AMBUJACEM,20260902,400.0,402.7,395.05,402.7,1330391
AMDIND,20260902,57.02,58.5,55.55,57.39,42435
AMJLAND,20260902,39.0,39.39,38.33,38.61,5934
AMNPLST,20260902,184.0,185.0,180.0,180.32,5863
AMRUTANJAN,20260902,499.5,510.9,499.5,500.25,33541
ANANDRATHI,20260902,2200.0,2212.0,2182.0,2198.3,183620
ANANTRAJ,20260902,583.0,594.85,571.35,588.85,1282254
ANDHRAPAP,20260902,60.5,61.3,60.2,61.09,234449
ANDHRSUGAR,20260902,96.87,99.8,96.11,99.2,490982
ANDREWYU,20260902,27.66,28.35,27.51,28.15,123709
ANGELONE,20260902,280.25,280.85,275.25,279.25,4437022
ANIKINDS,20260902,44.75,46.47,44.11,44.77,4037
ANKITMETAL,20260902,1.71,1.72,1.69,1.71,8722
ANMOL,20260902,10.07,10.36,9.91,9.97,61224
ANNAPURNA,20260902,144.04,146.58,141.5,143.73,26855
ANNU,20260902,72.0,75.6,70.0,75.6,6333016
ANSALAPI,20260902,3.26,3.26,3.24,3.26,3398
ANSALBU,20260902,82.0,82.0,76.1,78.91,1443
ANTELOPUS,20260902,813.0,951.15,807.1,951.15,12446135
ANTGRAPHIC,20260902,0.75,0.77,0.72,0.73,415805
ANTHEM,20260902,920.0,952.8,915.65,934.5,1484697
ANUHPHR,20260902,81.43,81.93,78.4,78.94,138379
ANUP,20260902,1800.0,1816.0,1767.1,1799.8,18045
ANURAS,20260902,1259.1,1260.0,1232.1,1240.3,282041
AONEGOLD,20260902,14.16,14.16,13.9,13.98,420827
AONELIQUID,20260902,1075.17,1075.18,1075.16,1075.16,24958
AONENIFTY,20260902,9.96,9.96,9.69,9.85,306263
AONESILVER,20260902,8.71,8.76,8.54,8.64,380983
AONETMMQ50,20260902,10.33,10.5,10.18,10.31,33121
AONETOTAL,20260902,12.1,12.35,11.8,11.83,299224
APARINDS,20260902,17401.0,17444.0,16500.0,16813.0,94227
APCL,20260902,100.5,100.5,98.9,100.0,7960
APCOTEXIND,20260902,638.0,642.4,617.05,628.65,107750
APEX,20260902,374.7,379.0,363.9,367.25,140115
APLAPOLLO,20260902,2219.2,2228.5,2186.7,2210.0,786402
APLLTD,20260902,845.0,859.0,823.25,826.9,172875
APOLLO,20260902,378.75,389.1,374.35,382.65,4275794
APOLLOHOSP,20260902,8680.0,8746.5,8640.0,8719.0,169190
APOLLOPIPE,20260902,588.65,612.0,588.6,599.05,159504
APOLLOTYRE,20260902,439.25,440.75,432.2,434.15,333100
APOLSINHOT,20260902,1213.4,1234.7,1201.2,1221.2,1311
APOORVA,20260902,26.58,26.58,25.25,25.25,500
APTECHT,20260902,91.41,92.75,89.0,90.78,42019
APTUS,20260902,252.0,256.61,249.2,254.28,466564
AQYLON,20260902,21.5,22.05,20.61,20.61,684411
ARCHIDPLY,20260902,102.05,107.65,102.02,106.52,33961
ARCHIES,20260902,13.46,13.46,12.65,12.94,27463
ARCL,20260902,225.0,230.0,221.35,230.0,248
ARDEE,20260902,56.45,57.49,55.71,56.4,2698066
ARE&M,20260902,878.0,882.3,864.15,871.25,410795
ARENTERP,20260902,34.6,36.4,34.5,34.7,1644
ARFIN,20260902,85.5,88.5,85.5,87.87,1010679
ARIES,20260902,461.6,510.25,461.55,495.35,480377
ARIHANT,20260902,909.0,914.45,878.0,900.3,2447
ARIHANTCAP,20260902,79.8,79.98,77.63,78.48,132223
ARIHANTSUP,20260902,245.2,251.9,245.2,247.75,3340
ARIS,20260902,130.99,131.03,125.86,128.31,897946
ARKADE,20260902,120.72,121.08,117.11,117.93,231541
ARMANFIN,20260902,1945.0,1994.0,1927.0,1947.2,21151
AROGRANITE,20260902,24.45,25.05,24.45,24.61,4239
ARROWGREEN,20260902,746.0,771.2,735.05,771.2,26675
ARSHIYA,20260902,0.71,0.71,0.71,0.71,72444
ARSSBL,20260902,500.0,514.2,500.0,508.3,199206
ARTEMISMED,20260902,328.0,332.4,320.0,320.7,226615
ARTNIRMAN,20260902,40.7,41.1,39.1,40.25,1607
ARVEE,20260902,164.01,166.8,163.39,165.81,962
ARVIND,20260902,552.95,578.0,548.2,574.05,790352
ARVINDFASN,20260902,454.0,463.0,448.4,461.15,203097
ARVSMART,20260902,650.2,656.0,638.75,642.4,79766
ARYAMAN,20260902,635.0,640.0,620.0,639.95,229
ASAHIINDIA,20260902,950.0,964.7,936.05,951.05,213328
ASAHISONG,20260902,364.15,374.55,364.0,367.9,12724
ASAL,20260902,469.9,478.65,463.55,473.4,13648
ASALCBR,20260902,694.7,705.0,690.45,703.8,14509
ASHAPURMIN,20260902,555.7,561.0,549.35,550.5,226693
ASHIANA,20260902,367.25,368.95,361.1,368.3,38619
ASHIKAG,20260902,429.0,429.0,420.0,425.95,34573
ASHIMASYN,20260902,17.67,18.9,17.2,17.83,71620
ASHOKA,20260902,119.71,120.0,116.49,117.39,2169165
ASHOKAMET,20260902,13.63,13.63,13.34,13.49,18438
ASHOKLEY,20260902,169.11,169.29,165.02,167.9,16412854
ASIANENE,20260902,490.1,516.15,483.1,504.1,919172
ASIANHOTNR,20260902,369.2,386.0,360.1,379.9,26364
ASIANPAINT,20260902,2548.0,2548.0,2510.7,2527.5,497889
ASIANTILES,20260902,50.29,51.18,48.85,50.16,5231296
ASIANTNE,20260902,10.17,10.17,9.75,9.83,3443
ASKAUTOLTD,20260902,638.05,638.05,618.05,623.85,134316
ASMS,20260902,7.15,7.33,6.91,7.01,323359
ASPINWALL,20260902,260.05,264.95,256.3,259.85,1099
ASSAMENT,20260902,828.0,828.0,763.0,819.0,3
ASTAR,20260902,600.0,600.0,590.0,590.0,124
ASTEC,20260902,556.95,584.9,553.05,572.55,37649
ASTERDM,20260902,761.7,768.0,745.05,759.9,1275385
ASTRAL,20260902,1502.0,1516.4,1476.7,1487.0,1046620
ASTRAMICRO,20260902,1678.0,1678.0,1631.0,1641.8,220101
ASTRAZEN,20260902,6930.0,6940.0,6835.0,6868.0,4789
ASTRON,20260902,3.0,3.1,2.95,2.98,20922
ATALREAL,20260902,25.01,26.84,25.01,25.53,33201247
ATAM,20260902,55.2,56.3,54.09,54.78,8221
ATGL,20260902,613.95,624.95,604.3,614.95,776942
ATHERENERG,20260902,1722.0,1737.0,1641.0,1686.1,6312532
ATL,20260902,25.3,25.3,23.5,23.8,782831
ATLANTAA,20260902,40.47,40.96,39.0,39.21,53579
ATLANTAELE,20260902,1816.9,1846.9,1784.9,1838.9,70238
ATLASCYCLE,20260902,95.4,98.55,92.7,95.05,6678
ATUL,20260902,6430.0,6499.0,6358.0,6485.5,22848
ATULAUTO,20260902,476.05,476.7,464.7,466.4,124489
AUBANK,20260902,1073.1,1077.9,1063.4,1077.9,864436
AUGMONT,20260902,865.0,952.85,857.05,952.85,4700620
AURIONPRO,20260902,692.0,700.25,684.0,693.0,170519
AUROPHARMA,20260902,1675.0,1695.0,1639.6,1648.2,816419
AURUM,20260902,225.25,227.11,218.85,224.95,179857
AURUS,20260902,4.72,4.72,4.51,4.64,22489
AUSOMENT,20260902,148.0,157.25,147.1,156.45,19464
AUSTENG,20260902,125.9,125.9,121.35,121.4,59
AUTOAXLES,20260902,1686.0,1744.5,1674.1,1732.5,9452
AUTOBEES,20260902,292.63,293.33,285.5,288.88,454387
AUTOIETF,20260902,30.19,30.19,28.61,28.96,1576618
AUTOIND,20260902,85.85,86.8,83.6,84.68,193816
AVADHSUGAR,20260902,823.0,845.0,806.0,811.7,120202
AVALON,20260902,2295.0,2348.0,2166.6,2189.6,662674
AVANCE,20260902,0.83,0.85,0.8,0.82,17145793
AVANTEL,20260902,156.67,157.82,155.5,156.81,611755
AVANTIFEED,20260902,830.0,830.0,800.0,801.2,400361
AVG,20260902,174.9,174.9,170.1,171.42,7867
AVL,20260902,601.0,607.6,593.15,599.85,315136
AVONMORE,20260902,13.3,13.3,12.85,13.1,194160
AVROIND,20260902,8.69,9.25,8.57,9.13,422890
AVTNPL,20260902,88.4,88.4,86.15,87.16,99085
AWFIS,20260902,260.0,261.3,255.1,256.4,135933
AWHCL,20260902,375.0,375.0,370.1,372.95,63740
AWL,20260902,194.01,194.02,189.71,191.25,2934970
AXISBANK,20260902,1254.6,1266.9,1250.0,1253.9,6437250
AXISCADES,20260902,1657.0,1723.0,1625.3,1689.7,290857
AXITA,20260902,8.07,8.08,7.97,7.97,668683
AXTEL,20260902,395.0,398.5,392.0,396.75,1840
AYE,20260902,171.0,172.74,168.28,171.34,1770200
AYMSYNTEX,20260902,294.2,318.8,288.0,312.5,601939
AZAD,20260902,2820.1,2853.5,2754.9,2785.8,254104
AZADIND,20260902,91.99,91.99,88.15,89.09,19649
BAFNAPH,20260902,306.35,308.0,306.35,308.0,7525
BAGFILMS,20260902,4.32,4.47,4.3,4.32,85276
BAIDFIN,20260902,10.15,10.16,9.93,9.99,18429
BAJAJ-AUTO,20260902,12211.0,12275.0,11925.0,12130.0,333619
BAJAJCON,20260902,472.0,498.0,465.6,484.55,2420197
BAJAJELEC,20260902,322.6,327.0,320.1,323.6,100313
BAJAJFINSV,20260902,1951.5,1990.0,1939.2,1990.0,730988
BAJAJHCARE,20260902,330.95,332.0,325.85,329.0,43921
BAJAJHFL,20260902,82.82,83.06,81.71,82.78,2276868
BAJAJHIND,20260902,21.84,22.33,21.57,21.84,28951286
BAJAJHLDNG,20260902,11210.0,11247.0,11059.0,11100.0,32382
BAJAJINDEF,20260902,224.48,226.6,220.51,221.34,10094
BAJAJST,20260902,355.0,355.0,347.0,352.0,5216
BAJEL,20260902,186.9,187.94,183.99,185.3,100603
BAJFINANCE,20260902,1044.2,1061.0,1034.8,1055.9,6234288
BALAJEE,20260902,26.27,26.44,25.81,26.25,16711
BALAJITELE,20260902,90.92,92.57,89.96,91.09,133306
BALAMINES,20260902,2415.2,2506.0,2371.5,2390.1,455466
BALAXI,20260902,22.45,25.04,22.45,25.01,302797
BALKRISHNA,20260902,17.29,17.29,16.5,16.7,3958
BALKRISIND,20260902,2310.2,2338.5,2273.0,2329.1,343301
BALMLAWRIE,20260902,174.51,176.94,173.91,176.06,97753
BALPHARMA,20260902,84.1,88.88,84.1,85.65,14659
BALRAMCHIN,20260902,667.2,675.0,638.6,669.75,4012425
BALUFORGE,20260902,618.05,628.25,574.1,578.4,2344406
BANARBEADS,20260902,113.2,117.5,113.2,114.15,355
BANARISUG,20260902,3769.1,3897.9,3768.0,3864.8,2140
BANCOINDIA,20260902,620.1,621.0,610.15,613.6,81619
BANDHANBNK,20260902,161.0,162.32,159.24,161.52,6396488
BANG,20260902,34.7,34.7,33.11,33.49,28337
BANK10ADD,20260902,16.89,16.89,16.75,16.78,3657235
BANK10BETF,20260902,20.61,20.75,20.61,20.61,1489
BANKA,20260902,79.75,79.75,77.2,77.2,1069
BANKADD,20260902,58.63,58.69,58.37,58.56,9796
BANKBARODA,20260902,237.5,241.25,235.84,241.2,9638977
BANKBEES,20260902,593.48,593.69,590.16,592.76,1045041
BANKBETA,20260902,59.0,59.33,58.89,59.23,647961
BANKBETF,20260902,58.15,58.33,57.86,58.06,15722
BANKETF,20260902,581.16,584.03,580.54,583.37,41320
BANKIETF,20260902,58.91,58.91,58.5,58.77,168198
BANKINDIA,20260902,141.5,143.36,140.23,143.1,5132803
BANKNIFTY1,20260902,59.31,60.0,59.1,59.3,559906
BANKPSU,20260902,85.25,86.25,85.03,85.6,21223
BANSALWIRE,20260902,316.1,321.6,316.1,319.75,39275
BANSWRAS,20260902,115.8,119.7,114.65,118.99,41871
BASF,20260902,3742.0,3845.9,3728.0,3811.0,15322
BASML,20260902,25.06,25.73,24.75,25.0,64332
BATAINDIA,20260902,677.5,677.95,666.85,670.45,87033
BATLIBOI,20260902,85.1,94.97,85.1,93.57,122105
BAYERCROP,20260902,3987.6,3994.9,3935.0,3979.5,16833
BBETF0432,20260902,1341.35,1341.99,1336.85,1340.67,1080
BBL,20260902,2322.8,2328.5,2278.6,2288.2,18647
BBNPNBETF,20260902,57.76,57.88,57.2,57.44,2071
BBNPPGOLD,20260902,146.8,146.8,144.2,144.65,2926
BBOX,20260902,722.0,728.0,709.15,725.2,207783
BBTC,20260902,1524.1,1538.3,1490.2,1492.7,76820
BBTCL,20260902,222.15,229.69,217.78,223.45,9290
BCG,20260902,9.01,9.02,8.9,8.92,3198107
BCLIND,20260902,36.39,36.72,35.97,36.07,473912
BCONCEPTS,20260902,158.57,168.8,158.57,165.27,7512
BCPL,20260902,68.58,68.99,67.15,67.85,4322
BDL,20260902,1242.1,1258.0,1231.0,1253.7,578257
BEARDSELL,20260902,25.7,26.4,24.75,24.94,22548
BECTORFOOD,20260902,228.0,229.8,222.14,228.31,963048
BEDMUTHA,20260902,107.5,108.0,105.39,107.96,3679
BEEKAY,20260902,390.2,413.95,390.2,404.3,3760
BEL,20260902,407.5,408.0,402.9,405.75,11919117
BELLACASA,20260902,248.15,253.0,240.0,242.9,8193
BELRISE,20260902,229.2,235.0,227.74,234.31,3569979
BEML,20260902,1973.8,2047.8,1955.1,2032.4,966324
BENARAS,20260902,10201.0,10300.0,10008.0,10155.0,44
BENGALASM,20260902,6630.0,6688.5,6263.0,6474.0,336
BEPL,20260902,127.16,129.2,125.0,127.29,1468903
BERGEPAINT,20260902,488.8,489.9,478.75,488.05,225836
BESTAGRO,20260902,18.4,18.82,18.0,18.82,2169874
BETA,20260902,2208.5,2208.5,2076.0,2137.0,44647
BFINVEST,20260902,447.75,454.75,438.0,452.95,30551
BFSI,20260902,26.91,26.91,26.72,26.84,265420
BFUTILITIE,20260902,501.5,504.0,495.35,500.65,23073
BGRENERGY,20260902,234.0,244.77,230.02,244.77,61270
BHAGCHEM,20260902,266.6,270.45,265.1,268.1,70506
BHAGERIA,20260902,273.0,276.35,253.05,276.35,613964
BHAGYANGR,20260902,379.9,386.0,368.15,380.4,140035
BHANDARI,20260902,2.97,3.1,2.94,2.98,198728
BHARATCOAL,20260902,33.33,34.83,33.0,33.92,12235859
BHARATFORG,20260902,2046.1,2046.1,2006.3,2031.8,1341071
BHARATGEAR,20260902,101.3,102.99,99.05,102.08,8134
BHARATRAS,20260902,1239.9,1247.9,1190.5,1203.3,25627
BHARATSE,20260902,219.25,220.99,212.03,214.0,180073
BHARATWIRE,20260902,172.4,180.5,169.63,175.76,247468
BHARTIARTL,20260902,1869.0,1873.0,1854.9,1862.8,4125938
BHARTIHEXA,20260902,1512.0,1547.3,1498.2,1531.1,70741
BHEL,20260902,423.55,427.5,417.35,427.5,5742323
BI,20260902,87.0,91.5,85.0,87.04,46584
BIGBLOC,20260902,42.01,42.01,40.95,41.24,24121
BIKAJI,20260902,597.0,598.3,586.9,590.2,356630
BIL,20260902,938.0,938.0,885.45,893.2,18069
BILVYAPAR,20260902,4.1,4.1,3.85,3.9,2096
BIMETAL,20260902,640.0,641.0,633.0,638.9,329
BIOCON,20260902,400.0,402.4,397.9,401.0,1433504
BIOFILCHEM,20260902,32.6,32.8,31.55,31.95,4881
BIRLACABLE,20260902,334.4,341.6,332.05,341.6,324909
BIRLACORPN,20260902,870.0,877.6,862.0,867.4,43993
BIRLAMONEY,20260902,127.02,129.0,125.62,126.47,11603
BIRLANU,20260902,1443.5,1443.5,1403.1,1422.3,3869
BIRLAPREC,20260902,43.8,44.89,43.0,43.11,52217
BLACKBUCK,20260902,578.2,584.7,570.1,581.65,232439
BLACKROSE,20260902,113.6,114.2,112.0,112.64,13715
BLAL,20260902,167.0,167.0,162.92,163.27,19000
BLBLIMITED,20260902,16.25,17.5,15.82,17.11,361782
BLEL,20260902,434.0,452.8,431.1,445.25,1657322
BLIL,20260902,72.38,72.38,71.94,72.11,58245
BLISSGVS,20260902,624.1,659.0,616.0,648.65,541997
BLKASHYAP,20260902,55.8,57.89,54.8,55.75,682619
BLS,20260902,238.09,238.09,234.0,235.22,620128
BLSE,20260902,329.05,330.4,322.5,322.85,151988
BLUECLOUDS,20260902,20.0,20.02,19.61,19.89,1134230
BLUECOAST,20260902,21.5,22.5,21.5,22.07,1407
BLUEDART,20260902,5061.0,5133.9,4991.0,5017.5,23531
BLUEJET,20260902,586.3,586.3,576.5,580.35,275975
BLUESTARCO,20260902,1491.0,1491.0,1432.5,1445.3,657972
BLUESTONE,20260902,810.0,819.0,794.55,813.4,351724
BLUSPRING,20260902,121.88,133.61,120.71,132.44,1043522
BMWVENTLTD,20260902,56.24,56.24,55.0,55.23,51206
BNAGROCHEM,20260902,225.05,228.89,218.0,225.0,1745
BNALTD,20260902,360.0,360.0,355.1,355.1,394
BNKETFAXIS,20260902,588.42,591.4,586.07,589.07,201
BODALCHEM,20260902,126.51,151.89,119.0,145.45,30271526
BOHRAIND,20260902,13.34,13.34,12.24,12.36,21139
BOMDYEING,20260902,112.7,115.5,111.47,113.86,568186
BONLON,20260902,41.91,42.89,40.01,40.24,4432
BORANA,20260902,308.5,310.5,303.0,304.9,19418
BOROLTD,20260902,241.1,253.77,236.51,249.92,310915
BORORENEW,20260902,493.0,499.0,487.8,495.75,172957
BOROSCI,20260902,126.37,134.0,126.37,131.31,92825
BOSCH-HCIL,20260902,1746.5,1750.8,1686.4,1733.9,29791
BOSCHLTD,20260902,47780.0,48090.0,46410.0,47250.0,50832
BPCL,20260902,312.1,319.6,312.1,319.6,8277464
BPL,20260902,49.6,50.74,49.2,49.78,59833
BPLPHARMA,20260902,1513.0,1532.9,1490.0,1518.2,524
BRAHMINFRA,20260902,162.0,167.99,159.99,164.96,46742
BRIGADE,20260902,639.7,658.0,622.6,640.0,258628
BRIGHOTEL,20260902,58.32,59.39,58.01,58.42,76485
BRIGHTBR,20260902,259.4,259.4,247.55,258.25,1199
BRITANNIA,20260902,5135.0,5172.0,5046.0,5154.0,325672
BRNL,20260902,17.44,17.44,17.0,17.11,35170
BROOKS,20260902,66.0,66.1,64.0,65.1,23544
BSE,20260902,3222.6,3265.0,3131.5,3168.0,6510791
BSE500IETF,20260902,39.13,39.32,39.07,39.26,105175
BSHSL,20260902,89.03,90.89,89.03,89.91,3027
BSL,20260902,122.89,123.0,121.05,122.12,1740
BSLGOLDETF,20260902,133.47,133.47,131.08,131.74,432842
BSLNIFTY,20260902,28.4,28.4,27.96,28.1,1719207
BSLSENETFG,20260902,79.37,79.37,76.8,77.23,1239
BSOFT,20260902,294.6,299.45,291.8,294.4,1273310
BTML,20260902,8.13,8.19,7.9,8.08,453815
BTTL,20260902,43.0,43.0,41.2,42.09,8575
BUILDPRO,20260902,1273.0,1298.0,1234.1,1261.8,129285
BURNPUR,20260902,19.57,19.57,18.05,19.57,467871
BUTTERFLY,20260902,624.35,624.35,611.1,614.25,12254
BVCL,20260902,43.1,43.77,42.2,42.93,6239
BYKE,20260902,32.97,32.97,31.17,31.72,16685
CALSOFT,20260902,40.49,41.08,40.11,41.08,283152
CAMLINFINE,20260902,102.01,103.3,101.0,102.8,384536
CAMPUS,20260902,223.5,223.5,220.1,220.87,248414
CAMS,20260902,751.0,752.0,730.55,741.85,1271642
CANBK,20260902,125.35,126.99,124.38,126.3,13231733
CANFINHOME,20260902,786.5,798.0,783.0,795.3,171636
CANHLIFE,20260902,154.18,154.99,151.55,152.81,315187
CANTABIL,20260902,241.4,241.58,235.21,236.6,96859
CAPACITE,20260902,207.5,209.94,201.51,205.02,471954
CAPILLARY,20260902,491.8,491.8,482.0,484.0,79393
CAPITALSFB,20260902,284.85,284.9,280.05,283.25,10917
CAPLIPOINT,20260902,2710.0,2735.8,2650.0,2720.5,373618
CAPTRUST,20260902,18.6,19.76,18.6,19.76,26227
CARBORUNIV,20260902,1100.5,1107.6,1068.5,1071.5,146299
CARERATING,20260902,1694.0,1727.5,1675.2,1683.0,101976
CARRARO,20260902,539.95,559.0,535.0,542.0,88463
CARTRADE,20260902,2933.4,2990.6,2914.0,2932.3,157344
CARYSIL,20260902,1102.6,1147.8,1102.6,1139.2,43539
CASHIETF,20260902,1077.85,1077.87,1077.85,1077.86,344136
CASTROLIND,20260902,185.4,186.4,184.2,186.08,858851
CCAVENUE,20260902,15.3,15.91,15.02,15.5,14217006
CCCL,20260902,14.45,14.49,14.01,14.31,102155
CCHHL,20260902,12.9,12.9,12.22,12.42,20907
CCL,20260902,1096.6,1106.6,1074.5,1086.1,145991
CDSL,20260902,1378.0,1379.7,1355.9,1365.2,858052
CEATLTD,20260902,3381.6,3382.3,3337.0,3347.8,47129
CEIGALL,20260902,342.9,344.7,338.9,340.6,203190
CEINSYS,20260902,698.0,720.0,694.95,697.9,63889
CELEBRITY,20260902,6.7,6.9,6.46,6.75,10192
CELLO,20260902,349.4,349.4,343.15,347.6,201808
CEMNTGROWW,20260902,15.04,15.04,14.4,14.53,118820
CEMPRO,20260902,1244.0,1244.1,1213.4,1235.8,188580
CENTENKA,20260902,560.0,624.8,560.0,602.35,9590323
CENTEXT,20260902,22.23,22.91,21.81,22.49,184050
CENTRALBK,20260902,30.19,30.53,29.89,30.37,6820964
CENTRUM,20260902,22.3,23.1,22.05,22.9,201793
CENTUM,20260902,3467.7,3595.0,3437.2,3555.3,117868
CENTURYPLY,20260902,754.95,757.35,745.1,748.45,25519
CERA,20260902,5700.0,5712.0,5641.0,5662.5,2090
CEREBRAINT,20260902,2.51,2.59,2.49,2.57,86970
CESC,20260902,144.52,147.94,143.55,146.44,1227110
CEWATER,20260902,262.0,267.1,256.7,263.3,44650
CFEL,20260902,31.9,32.75,31.0,31.8,18100
CGCL,20260902,250.85,259.0,249.0,256.6,3713359
CGPOWER,20260902,878.05,881.4,870.0,877.75,2061765
CGVAK,20260902,150.01,152.98,148.0,148.93,1333
CHALET,20260902,897.55,904.7,884.5,897.95,70205
CHAMBLFERT,20260902,412.4,414.65,407.25,411.45,739003
CHEMBOND,20260902,174.44,174.44,165.61,167.67,3886
CHEMBONDCH,20260902,269.0,276.9,260.05,261.4,8614
CHEMCON,20260902,198.0,200.37,195.32,199.61,15863
CHEMCRUX,20260902,83.24,83.85,80.24,81.52,3519
CHEMFAB,20260902,366.0,366.0,351.8,355.25,2940
CHEMICAL,20260902,30.34,30.34,29.78,30.07,256088
CHEMPLASTS,20260902,171.13,172.38,167.61,169.83,128382
CHENNPETRO,20260902,1396.6,1423.5,1382.5,1414.0,1672746
CHEVIOT,20260902,1112.1,1159.0,1101.0,1150.6,1549
CHOICEGOLD,20260902,150.3,150.3,147.94,148.39,6727
CHOICEIN,20260902,773.0,774.75,760.0,763.4,203010
CHOLAFIN,20260902,1796.0,1825.9,1773.5,1825.9,853169
CHOLAHLDNG,20260902,1470.0,1501.0,1437.0,1489.0,143781
CIEINDIA,20260902,392.0,392.0,383.85,385.0,191339
CIFL,20260902,20.31,20.64,20.3,20.41,8872
CINELINE,20260902,88.98,89.59,88.0,88.18,8621
CINEVISTA,20260902,14.78,15.09,13.96,14.4,11609
CIPLA,20260902,1414.0,1417.0,1401.2,1412.8,578260
CLEAN,20260902,826.35,869.1,815.5,863.15,1112817
CLEANMAX,20260902,1240.0,1267.0,1225.1,1257.6,104707
CLEDUCATE,20260902,63.0,63.0,60.21,60.96,16196
CLSEL,20260902,301.0,306.85,298.0,301.4,70678
CMLL,20260902,501.0,521.0,491.0,495.45,716590
CMPDI,20260902,222.0,226.3,219.2,222.97,906471
CMRGREEN,20260902,231.03,231.03,223.58,224.71,277896
CMSINFO,20260902,248.0,254.0,245.62,249.3,625944
CNL,20260902,1246.0,1270.0,1225.0,1259.6,17267
COALINDIA,20260902,408.2,422.4,406.5,417.85,34130970
COASTCORP,20260902,39.5,40.58,39.0,39.4,59914
COCHINSHIP,20260902,1473.9,1473.9,1452.1,1463.0,327832
COCKERILL,20260902,7965.0,8049.0,7820.5,8005.0,4052
COFFEEDAY,20260902,29.39,29.99,28.9,29.81,325805
COFORGE,20260902,1970.0,1975.0,1942.0,1965.7,1665060
COHANCE,20260902,460.0,469.6,452.2,458.3,417152
COLPAL,20260902,1848.8,1862.6,1831.9,1861.5,274685
COMFINTE,20260902,6.3,6.3,6.15,6.23,116294
COMMOIETF,20260902,101.32,101.8,97.92,99.26,28045
COMPEAU,20260902,359.5,366.0,354.0,354.0,561
COMPINFO,20260902,1.12,1.15,1.06,1.07,11679
COMPUSOFT,20260902,13.61,13.61,13.0,13.38,17899
COMSYN,20260902,302.6,314.85,297.0,302.65,113506
CONCOR,20260902,510.0,520.75,508.25,510.0,2202359
CONCORDBIO,20260902,1485.0,1492.8,1440.9,1444.8,90956
CONFIPET,20260902,80.11,84.4,78.85,82.55,5113322
CONS,20260902,11.88,12.3,11.88,12.06,21260
CONSOFINVT,20260902,276.9,276.9,266.0,266.25,1836
CONSUMAXIS,20260902,119.38,120.32,119.38,120.12,5359
CONSUMBEES,20260902,131.45,132.85,129.41,130.51,179006
CONSUMER,20260902,12.45,12.45,11.9,12.01,300957
CONSUMIETF,20260902,121.9,121.9,120.3,121.08,7895
CONTROLPR,20260902,597.8,607.0,588.0,603.3,64466
CORALFINAC,20260902,33.0,33.0,32.01,32.36,17316
CORDELIA,20260902,103.8,103.8,100.8,101.89,1054722
CORDSCABLE,20260902,319.85,329.3,305.5,315.5,516769
COROMANDEL,20260902,1916.1,1929.5,1890.0,1914.6,95960
CORONA,20260902,2031.0,2073.1,2020.2,2054.2,9979
COSMOFIRST,20260902,950.2,966.0,938.85,952.85,136691
COUNCODOS,20260902,6.7,6.88,6.61,6.7,13720
CPCAP,20260902,118.33,118.5,113.0,115.16,7926
CPEDU,20260902,178.0,189.0,178.0,186.93,2202
CPL,20260902,63.06,65.17,61.52,61.87,144900
CPPLUS,20260902,3742.0,3787.6,3665.2,3721.4,222182
CPSEETF,20260902,94.84,94.84,92.06,93.64,1238289
CRAFTSMAN,20260902,11215.0,11215.0,10927.0,10999.0,43059
CRAMC,20260902,255.0,255.0,251.5,252.85,166410
CRAVATEX,20260902,339.0,339.0,339.0,339.0,1
CREATIVEYE,20260902,6.18,6.18,6.0,6.15,1356
CREDITACC,20260902,1379.0,1410.9,1362.2,1403.4,394282
CREST,20260902,357.0,370.0,357.0,364.95,4044
CRISIL,20260902,4770.3,4793.2,4672.0,4701.7,40753
CRIZAC,20260902,164.95,170.42,161.66,165.3,380389
CROMPTON,20260902,230.9,230.9,226.05,227.72,3476670
CROWN,20260902,110.9,112.0,107.21,108.27,7390
CRSL,20260902,2.94,2.95,2.74,2.74,397232
CSBBANK,20260902,337.1,338.0,328.7,331.65,340893
CSLFINANCE,20260902,239.95,242.0,230.65,239.05,46180
CSM,20260902,94.49,96.3,93.12,95.94,130639
CTE,20260902,44.0,44.5,42.7,43.16,6771
CUB,20260902,231.9,231.9,226.4,230.61,2227407
CUBEXTUB,20260902,76.81,76.96,75.5,76.07,22424
CUMMINSIND,20260902,5089.0,5089.0,5001.0,5088.5,368600
CUPID,20260902,275.05,282.3,274.0,280.7,9328144
CURAA,20260902,68.34,68.5,67.0,67.04,39
CYBERMEDIA,20260902,19.0,20.05,18.11,19.9,83153
CYBERTECH,20260902,133.99,133.99,132.01,133.35,6781
CYIENT,20260902,1150.0,1150.0,1114.5,1122.2,820374
CYIENTDLM,20260902,852.0,865.1,836.05,854.75,581016
DABUR,20260902,383.7,383.7,377.6,379.0,1597939
DAICHI,20260902,337.8,355.95,331.5,352.3,18127
DALBHARAT,20260902,1801.9,1802.0,1760.2,1773.1,58918
DALMIASUG,20260902,462.5,472.95,450.5,456.55,337632
DAMCAPITAL,20260902,141.15,144.99,139.64,144.16,271119
DAMODARIND,20260902,27.98,28.9,26.51,28.71,3635
DANGEE,20260902,2.74,2.97,2.63,2.87,91306
DATAMATICS,20260902,767.7,769.45,760.15,763.95,29964
DATAPATTNS,20260902,4505.2,4543.6,4454.0,4516.7,292275
DAVANGERE,20260902,2.1,2.13,2.06,2.09,9326102
DBCORP,20260902,197.1,199.02,193.05,194.27,97496
DBEIL,20260902,6.14,6.37,6.01,6.11,156716
DBL,20260902,394.7,396.65,390.55,395.05,58809
DBOL,20260902,126.6,130.95,125.7,128.18,136571
DBREALTY,20260902,103.0,103.35,101.0,102.81,752185
DBSTOCKBRO,20260902,30.46,31.97,29.52,30.3,24139
DCAL,20260902,182.0,183.62,174.82,176.85,225327
DCBBANK,20260902,224.39,224.39,218.55,222.34,2487065
DCI,20260902,374.0,376.6,345.8,354.55,249417
DCM,20260902,77.56,78.79,76.79,78.39,14889
DCMFINSERV,20260902,5.2,5.41,5.05,5.21,9021
DCMNVL,20260902,189.73,193.0,185.0,185.47,31825
DCMSHRIRAM,20260902,1033.0,1052.5,1021.0,1028.0,88712
DCMSIL,20260902,69.48,72.83,69.48,71.65,55181
DCMSRIND,20260902,45.98,47.48,45.98,46.81,170129
DCW,20260902,44.55,48.2,43.75,47.61,6153160
DCXINDIA,20260902,173.0,173.0,169.62,171.23,215087
DDEVPLSTIK,20260902,280.4,280.4,272.95,274.05,64985
DECCANCE,20260902,567.05,573.7,567.0,571.3,2760
DECNGOLD,20260902,216.69,223.99,215.5,219.03,757656
DEEDEV,20260902,619.0,650.75,617.2,643.85,530818
DEEP,20260902,36.1,36.1,34.2,35.24,5874
DEEPAKFERT,20260902,1427.5,1433.2,1404.7,1416.7,130758
DEEPAKNTR,20260902,1784.0,1789.5,1717.8,1734.1,389513
DEEPINDS,20260902,666.85,704.5,655.0,693.65,450290
DEFENCE,20260902,82.78,82.78,79.63,80.63,246280
DELHIVERY,20260902,458.5,459.7,452.5,454.8,1061104
DELPHIFX,20260902,6.41,6.41,6.09,6.09,172651
DELTACORP,20260902,57.3,57.5,56.6,56.95,647310
DELTAMAGNT,20260902,57.87,57.87,55.1,57.74,2805
DEN,20260902,27.9,27.93,27.33,27.85,304255
DENORA,20260902,802.0,824.0,802.0,816.95,1761
DENTA,20260902,271.0,275.9,262.9,270.5,111326
DEVIT,20260902,24.61,25.09,24.6,24.64,12989
DEVX,20260902,33.4,34.68,32.8,33.01,114889
DEVYANI,20260902,137.4,138.55,135.35,138.07,1211173
DGCONTENT,20260902,24.69,29.07,24.66,24.95,198027
DHABRIYA,20260902,516.05,539.0,505.0,506.5,23368
DHAMPURSUG,20260902,172.2,176.79,168.03,170.67,655398
DHANBANK,20260902,31.91,31.92,31.3,31.5,612773
DHANUKA,20260902,980.0,999.8,972.8,995.7,17041
DHARAN,20260902,0.15,0.15,0.13,0.13,30671706
DHARMAJ,20260902,267.5,271.0,267.5,270.0,105881
DHATRE,20260902,4.45,4.45,4.2,4.32,16175
DHOOTTRANS,20260902,1433.1,1595.0,1424.0,1522.1,4833587
DHRUV,20260902,23.5,23.85,23.01,23.4,4896
DHUNINV,20260902,987.9,1021.0,985.5,1016.65,2140
DIACABS,20260902,340.6,340.6,328.0,330.9,857893
DIAMINESQ,20260902,242.0,244.5,239.0,243.65,4583
DIAMONDYD,20260902,1135.0,1169.9,1102.3,1155.2,7145
DICIND,20260902,579.0,591.95,557.1,576.55,4900
DIFFNKG,20260902,476.5,486.7,467.0,476.8,306772
DIGIDRIVE,20260902,17.62,17.82,17.26,17.69,10459
DIGISPICE,20260902,16.81,17.1,16.7,16.97,50007
DIGITIDE,20260902,96.3,99.0,95.12,95.88,146462
DIGJAMLMTD,20260902,49.1,50.0,49.0,49.01,2110
DISAQ,20260902,12160.0,12160.0,11811.0,12008.0,342
DISHTV,20260902,2.67,2.7,2.64,2.65,741311
DIVGIITTS,20260902,1268.8,1277.3,1220.1,1244.4,122025
DIVIDEND,20260902,35.55,35.56,35.26,35.51,42589
DIVISLAB,20260902,9121.5,9299.0,9104.5,9220.0,403619
DIVOPPBEES,20260902,76.54,77.99,76.1,76.71,58412
DIXON,20260902,14461.0,14620.0,14315.0,14590.0,216702
DJML,20260902,70.12,73.48,69.41,72.22,147754
DLF,20260902,666.0,673.55,651.3,673.55,3578778
DLINKINDIA,20260902,436.0,456.9,430.05,447.85,411216
DMART,20260902,3790.0,3813.4,3775.0,3813.4,204007
DMCC,20260902,286.6,297.0,285.1,293.35,63510
DNAMEDIA,20260902,2.55,2.69,2.5,2.53,26237
DODLA,20260902,1067.9,1084.3,1056.3,1065.3,34781
DOLATALGO,20260902,70.13,70.88,69.57,69.96,178494
DOLLAR,20260902,266.05,266.05,260.0,262.35,84900
DOLPHIN,20260902,598.0,608.0,565.5,603.45,34269
DOMS,20260902,2220.0,2226.9,2193.4,2206.3,29319
DONEAR,20260902,84.4,85.35,83.01,83.46,8254
DPABHUSHAN,20260902,1408.9,1408.9,1356.9,1370.4,24177
DPSCLTD,20260902,7.38,7.71,6.99,7.41,130408
DPWIRES,20260902,159.0,159.0,151.2,155.3,2189
DRAGARWQ,20260902,5319.0,5489.5,5260.5,5420.0,2319
DRCSYSTEMS,20260902,14.22,14.22,13.42,13.59,30334
DREAMFOLKS,20260902,67.65,67.65,65.8,66.39,26461
DREDGECORP,20260902,1070.1,1084.8,1056.2,1060.9,43034
DRREDDY,20260902,1165.0,1170.9,1156.5,1156.5,486542
DSFCL,20260902,26.01,26.53,25.56,26.23,24672
DSKULKARNI,20260902,19.04,19.04,19.04,19.04,4
DSSL,20260902,1019.3,1039.6,1010.0,1016.0,36263
DTIL,20260902,153.5,153.5,148.5,149.95,11996
DUCON,20260902,2.15,2.15,1.92,2.08,1030380
DVL,20260902,282.5,287.0,275.1,285.65,14922
DWARKESH,20260902,49.15,50.75,48.12,48.78,3908597
DYCL,20260902,542.0,550.0,530.25,535.55,1090048
DYNAMATECH,20260902,11612.0,11612.0,11350.0,11425.0,9361
DYNPRO,20260902,228.1,234.21,224.0,229.06,10344
E2E,20260902,614.0,619.0,590.25,608.45,626317
EASEMYTRIP,20260902,5.99,6.14,5.86,6.0,11843898
EASTSILK,20260902,63.0,63.0,60.5,61.28,83
EASTWEST,20260902,2.42,2.48,2.36,2.45,26674
EBANK10,20260902,16.71,16.74,16.57,16.71,2651
EBANKNIFTY,20260902,57.32,57.9,57.32,57.83,597
EBBETF0430,20260902,1609.0,1609.0,1603.31,1606.0,9788
EBBETF0431,20260902,1439.69,1439.69,1428.32,1431.77,2018
EBBETF0433,20260902,1350.32,1350.32,1305.01,1309.22,2242
EBGNG,20260902,650.0,673.4,637.6,641.8,1248083
EBIX,20260902,19.06,20.5,19.06,20.03,79184
ECAPINSURE,20260902,23.71,23.9,23.35,23.76,27027
ECLERX,20260902,1950.0,2020.0,1929.4,2004.5,264722
ECORECO,20260902,459.8,468.7,451.05,454.45,13107
ECOSMOBLTY,20260902,114.05,124.19,112.5,114.79,438547
EDELWEISS,20260902,128.61,131.2,125.53,126.18,5705746
EFCIL,20260902,200.0,200.92,197.6,199.12,203846
EGOLD,20260902,151.65,151.65,148.4,149.15,82638
EICHERMOT,20260902,7860.0,7893.0,7507.5,7711.5,1117588
EIDPARRY,20260902,795.6,805.45,782.15,800.65,358986
EIEL,20260902,190.0,194.0,188.0,192.36,446613
EIFFL,20260902,284.25,284.25,284.25,284.25,420
EIHAHOTELS,20260902,290.5,309.85,290.3,307.85,49556
EIHOTEL,20260902,290.0,292.8,285.0,285.8,174245
EIMCOELECO,20260902,2180.0,2247.8,2159.4,2194.6,22028
EKC,20260902,105.62,107.0,104.46,106.25,127389
EKI,20260902,76.99,77.0,72.52,75.8,16532
ELANTAS,20260902,11590.0,12238.0,11403.0,11904.0,8310
ELCIDIN,20260902,106170.0,107000.0,106170.0,107000.0,3
ELDEHSG,20260902,798.95,799.95,776.25,794.25,838
ELECON,20260902,412.6,418.35,406.2,416.6,329056
ELECTCAST,20260902,83.63,86.27,82.16,85.28,3654988
ELECTHERM,20260902,995.6,1005.9,981.1,1000.1,7593
ELGIEQUIP,20260902,627.05,627.05,613.9,616.75,340531
ELGIRUBCO,20260902,60.66,61.8,59.4,60.88,56371
ELIN,20260902,95.01,96.99,94.62,95.26,147098
ELIQUID,20260902,1051.22,1051.22,1046.12,1046.13,16863
ELITECON,20260902,9.61,9.61,9.61,9.61,809638
ELLEN,20260902,315.05,317.9,308.35,313.3,232113
ELM250,20260902,16.73,16.75,16.45,16.5,287747
ELMDIV,20260902,37.35,37.35,35.83,36.08,2336
ELPROINTL,20260902,175.48,175.48,173.62,173.86,17302
EMAMILTD,20260902,375.95,375.95,366.1,368.05,1183546
EMAMIPAP,20260902,107.61,110.47,105.1,109.31,15695
EMAMIREAL,20260902,68.57,69.3,67.85,67.98,14408
EMBDL,20260902,59.45,59.56,58.08,59.18,2150451
EMCURE,20260902,1845.9,1880.0,1840.0,1858.4,93727
EMETAL,20260902,13.61,13.61,13.05,13.15,5814
EMIL,20260902,173.0,179.39,173.0,176.44,942548
EMKAY,20260902,266.75,266.75,252.15,255.3,34967
EMMBI,20260902,93.5,94.99,90.0,91.41,16813
EMMVEE,20260902,316.2,327.45,315.9,324.7,1011269
EMPIND,20260902,1219.0,1221.0,1190.0,1196.9,7580
EMPOWER,20260902,1.91,1.91,1.91,1.91,2054257
EMSLIMITED,20260902,391.0,409.5,380.0,386.8,8214302
EMUDHRA,20260902,533.8,536.1,520.0,522.15,72368
EMULTIMQ,20260902,42.14,42.37,41.4,41.65,23272
ENDURANCE,20260902,2840.0,2841.3,2735.0,2755.9,143316
ENERGY,20260902,37.95,38.27,37.74,38.22,651538
ENERGYAXIS,20260902,19.15,19.27,18.81,19.01,20686
ENERGYDEV,20260902,15.66,16.13,15.58,15.65,17038
ENEXT50,20260902,72.49,72.77,71.85,72.09,2112
ENGINERSIN,20260902,279.0,282.85,273.65,276.6,6781901
ENIFTY,20260902,25.03,25.03,24.04,24.12,7983
ENIL,20260902,101.01,101.16,100.0,100.28,8961
ENKEIWHEL,20260902,400.0,405.0,385.0,389.2,2735
ENRIN,20260902,3140.0,3155.9,3104.5,3119.3,245835
ENTERO,20260902,1805.7,1834.0,1785.3,1797.4,166967
EPACK,20260902,187.0,189.61,184.86,187.53,393677
EPACKPEB,20260902,221.92,227.95,220.0,225.04,479629
EPIGRAL,20260902,1235.0,1240.8,1206.2,1230.6,35163
EPL,20260902,238.9,243.0,234.15,236.3,10496347
EQUAL200,20260902,13.83,13.9,13.68,13.79,24530
EQUAL50,20260902,338.32,338.32,328.15,329.92,7747
EQUAL50ADD,20260902,346.14,346.14,339.28,341.16,51998
EQUIPPP,20260902,22.37,23.2,22.2,23.19,14860
EQUITASBNK,20260902,72.69,73.8,72.12,73.45,670856
ERIS,20260902,1292.0,1349.9,1265.1,1288.9,152755
ESABINDIA,20260902,6156.0,6175.5,6001.0,6038.5,6800
ESAFSFB,20260902,41.48,42.6,40.1,42.36,366036
ESCORTS,20260902,3009.4,3039.9,2983.1,3019.4,103177
ESENSEX,20260902,78.88,78.88,76.53,77.0,304
ESG,20260902,40.49,41.31,40.49,40.87,19078
ESILVER,20260902,226.78,226.78,224.29,224.97,251202
ESSARSHPNG,20260902,16.99,16.99,16.5,16.73,147217
ESSENTIA,20260902,1.06,1.06,1.03,1.04,2411294
ESTER,20260902,91.71,94.75,91.41,94.05,95277
ETERNAL,20260902,325.5,327.5,320.3,327.3,20138975
ETHOSLTD,20260902,2879.4,2901.5,2820.0,2839.4,25873
EUREKAFORB,20260902,425.5,426.3,419.85,422.95,81366
EUROBOND,20260902,149.95,152.0,145.51,150.04,7429
EUROPRATIK,20260902,257.5,271.2,255.3,260.05,201379
EVEREADY,20260902,322.5,329.65,316.85,321.3,86932
EVERESTIND,20260902,429.0,429.0,414.0,427.55,3705
EVIETF,20260902,33.92,33.92,32.36,32.53,492139
EVINDIA,20260902,33.15,33.49,32.4,32.61,868296
EXCELINDUS,20260902,1018.0,1035.1,1010.0,1027.4,5547
EXCELSOFT,20260902,70.0,70.0,69.05,69.62,171128
EXICOM,20260902,158.31,165.8,158.15,163.33,698763
EXIDEIND,20260902,435.0,436.5,423.7,425.65,2878998
EXPLEOSOL,20260902,871.5,926.9,871.5,890.85,431972
EXXARO,20260902,6.48,6.71,6.36,6.6,382891
FABTECH,20260902,147.64,149.79,145.77,147.84,62164
FACT,20260902,815.0,817.45,800.3,804.3,140166
FAIRCHEMOR,20260902,662.0,677.35,662.0,674.0,3070
FAZE3Q,20260902,482.8,491.95,473.0,488.75,17325
FCL,20260902,49.0,49.6,48.11,49.19,7723374
FCSSOFT,20260902,1.45,1.5,1.44,1.45,2997571
FDC,20260902,334.25,344.6,328.8,340.6,159404
FEDDERSHOL,20260902,45.99,46.94,45.0,45.99,954494
FEDERALBNK,20260902,349.0,353.5,345.2,353.35,6273256
FEDFINA,20260902,155.0,158.5,153.89,157.57,704394
FEL,20260902,0.38,0.39,0.38,0.39,123793
FELDVR,20260902,2.3,2.3,2.23,2.23,420
FERMENTA,20260902,486.0,529.8,480.0,520.65,159537
FIBERWEB,20260902,26.0,26.0,25.52,25.76,12490
FIEMIND,20260902,2085.0,2085.0,2040.0,2052.0,55396
FILATEX,20260902,73.0,75.21,72.1,73.31,1849818
FILATFASH,20260902,0.18,0.19,0.18,0.18,20978413
FINCABLES,20260902,1232.3,1235.5,1186.5,1191.2,643658
FINEORG,20260902,5250.5,5251.5,5130.0,5146.5,17127
FINIETF,20260902,32.66,32.68,32.14,32.43,455095
FINKURVE,20260902,68.02,71.79,67.56,69.53,58734
FINOPB,20260902,137.12,145.78,135.0,140.49,871541
FINPIPE,20260902,154.8,159.7,152.51,157.84,1132536
FIRSTCRY,20260902,176.98,176.98,168.15,170.82,2461807
FISCHER,20260902,37.67,38.0,36.76,37.73,651361
FIVESTAR,20260902,535.0,535.0,518.5,524.85,558691
FLAIR,20260902,250.5,250.5,246.1,247.14,67200
FLEXIADD,20260902,10.2,10.27,9.98,10.03,87285
FLEXITUFF,20260902,2.46,2.46,2.34,2.39,62354
FLFL,20260902,1.22,1.24,1.15,1.23,28609
FLUOROCHEM,20260902,4744.9,4746.0,4680.1,4727.7,116596
FMCGADD,20260902,46.5,46.68,46.18,46.45,9246
FMCGIETF,20260902,49.78,50.49,49.39,49.74,1609017
FMGOETZE,20260902,626.0,628.75,607.4,612.4,1528240
FMNL,20260902,10.09,10.2,9.62,9.64,15300
FOCUS,20260902,66.2,67.87,64.33,64.53,37259
FOODSIN,20260902,53.37,56.0,53.2,54.78,374789
FORCEMOT,20260902,17720.0,17823.0,17360.0,17600.0,103485
FORTIS,20260902,907.65,915.0,901.35,915.0,725295
FOSECOIND,20260902,6300.0,6369.5,6150.0,6183.0,12329
FRACTAL,20260902,824.9,838.75,816.4,821.4,154219
FREDUN,20260902,1497.8,1519.6,1470.0,1505.8,9712
FRONTSP,20260902,1259.9,1264.3,1242.5,1250.4,13571
FSL,20260902,263.8,272.0,262.2,270.4,674372
FUSION,20260902,194.65,196.11,191.13,193.42,206791
GABRIEL,20260902,1427.0,1434.9,1372.2,1384.9,230274
GAEL,20260902,171.8,173.67,169.15,170.8,483798
GAIL,20260902,172.6,173.6,171.02,173.0,5580510
GAJA,20260902,159.75,164.7,158.1,163.83,2433047
GALAPREC,20260902,1015.3,1047.8,1002.0,1040.5,35036
GALAXYSURF,20260902,2223.9,2244.0,2200.0,2223.1,11285
GALLANTT,20260902,552.8,562.0,543.15,555.4,49632
GANDHAR,20260902,263.65,267.75,262.1,265.95,1018241
GANDHITUBE,20260902,891.65,904.5,887.35,896.4,7989
GANECOS,20260902,1026.5,1040.0,1001.8,1004.4,53502
GANESHBE,20260902,115.5,122.18,114.5,122.18,186820
GANESHCP,20260902,167.0,170.0,166.5,167.47,67303
GANESHHOU,20260902,773.95,773.95,757.05,762.0,11344
GANGAFORGE,20260902,1.85,1.85,1.77,1.85,7078382
GANGESSECU,20260902,118.1,119.8,115.7,117.87,1435
GARFIBRES,20260902,846.95,846.95,810.3,814.75,52451
GARUDA,20260902,178.05,180.0,173.1,174.34,459289
GATECH,20260902,1.0,1.0,1.0,1.0,5654832
GATECHDVR,20260902,0.52,0.53,0.52,0.52,435438
GATEWAY,20260902,53.4,53.53,52.4,53.1,928175
GAUDIUMIVF,20260902,128.98,129.8,121.34,123.4,159307
GAYAHWS,20260902,2.02,2.09,1.95,1.99,215434
GAYAPROJ,20260902,20.51,21.72,20.35,21.46,549373
GCSL,20260902,564.5,575.65,564.5,571.85,556823
GEECEE,20260902,373.95,373.95,362.3,366.9,1751
GEEKAYWIRE,20260902,31.2,31.2,27.51,27.86,334848
GEMAROMA,20260902,167.35,169.0,162.88,164.17,63560
GENCON,20260902,45.41,45.41,43.51,44.33,245355
GENESYS,20260902,225.0,225.79,216.35,219.87,396489
GENSOL,20260902,17.49,17.8,16.51,16.86,26383
GENUSPAPER,20260902,12.04,12.14,11.82,11.96,42138
GENUSPOWER,20260902,325.0,341.0,324.0,336.15,3705712
GEOJITFSL,20260902,83.0,83.22,81.77,82.76,225428
GESHIP,20260902,1322.1,1328.0,1303.0,1305.6,471098
GFLLIMITED,20260902,55.12,59.67,54.18,58.82,346841
GHCL,20260902,435.0,438.15,431.0,435.1,53854
GHCLTEXTIL,20260902,142.0,144.59,138.0,139.35,1397109
GICHSGFIN,20260902,140.6,148.38,139.5,145.82,155356
GICL,20260902,23.56,24.9,23.3,23.99,234510
GICRE,20260902,354.95,358.45,352.25,355.45,1798962
GILLANDERS,20260902,106.0,108.89,103.0,105.02,3326
GILLETTE,20260902,7400.0,7460.0,7306.0,7346.0,20760
GILT10BETA,20260902,26.65,26.76,26.65,26.75,21
GILT5BETA,20260902,66.33,66.89,65.69,65.69,462
GILT5YBEES,20260902,66.1,66.1,65.78,66.09,198008
GINNIFILA,20260902,43.99,44.0,43.0,43.97,38932
GIPCL,20260902,200.35,207.94,197.51,205.94,1526007
GKB,20260902,66.33,66.99,65.8,65.8,68
GKENERGY,20260902,132.0,133.7,128.82,131.04,225373
GKSL,20260902,162.45,171.9,161.5,168.3,817412
GKWLIMITED,20260902,1568.0,1600.0,1510.1,1593.3,26045
GLAND,20260902,2915.0,2930.0,2803.0,2868.4,556481
GLAXO,20260902,2972.6,2990.1,2908.5,2949.9,59227
GLENMARK,20260902,2455.0,2476.9,2420.0,2460.0,516029
GLFL,20260902,5.7,5.92,5.64,5.8,6306
GLOBAL,20260902,110.4,119.0,110.22,117.31,496539
GLOBALE,20260902,11.3,11.3,10.65,11.23,3568
GLOBALVECT,20260902,140.5,143.99,139.21,142.93,5651
GLOBE,20260902,1.9,1.93,1.87,1.91,610832
GLOBECIVIL,20260902,47.0,47.7,45.2,46.84,158647
GLOBUSSPR,20260902,914.45,918.95,892.55,908.75,110360
GLOSTERLTD,20260902,581.1,599.7,581.1,585.35,1284
GLOTTIS,20260902,63.01,63.47,62.12,62.22,26138
GMBREW,20260902,876.0,889.9,871.0,885.4,19456
GMDCLTD,20260902,558.0,562.85,555.55,557.65,395940
GMMPFAUDLR,20260902,1080.0,1089.6,1050.1,1070.0,167948
GMRAIRPORT,20260902,93.4,94.21,92.6,93.99,6108730
GMRP&UI,20260902,89.2,91.91,86.8,91.14,2248453
GNA,20260902,530.2,541.6,525.6,532.4,155940
GNFC,20260902,573.2,583.5,571.6,576.95,610680
GNRL,20260902,95.9,95.9,94.7,94.84,58303
GOACARBON,20260902,366.15,373.0,363.0,365.8,6453
GOCLCORP,20260902,387.75,395.0,382.55,391.7,22496
GOCOLORS,20260902,323.45,326.65,318.5,323.35,51374
GODAVARIB,20260902,234.95,239.0,232.0,237.3,31043
GODFRYPHLP,20260902,2072.0,2074.8,2025.4,2025.4,226079
GODIGIT,20260902,258.05,262.2,255.2,258.4,121329
GODREJAGRO,20260902,652.0,679.7,650.0,670.25,2230141
GODREJCP,20260902,900.55,905.0,891.5,905.0,1120078
GODREJIND,20260902,1152.9,1152.9,1135.0,1138.8,45406
GODREJPROP,20260902,1950.0,1970.7,1908.9,1970.7,770610
GOKEX,20260902,774.0,779.9,767.0,770.1,138716
GOKUL,20260902,40.7,41.77,40.5,41.37,219183
GOKULAGRO,20260902,235.4,238.0,229.68,234.19,487548
GOLD1,20260902,124.6,125.45,123.66,124.77,2034162
GOLD360,20260902,147.6,147.6,145.05,145.6,23092
GOLDADD,20260902,14.7,14.7,14.46,14.51,12536983
GOLDAXIS,20260902,125.5,125.5,123.2,124.18,850365
GOLDBEES,20260902,123.47,124.29,122.75,123.52,36173459
GOLDBETA,20260902,124.65,129.15,124.65,126.0,933480
GOLDBND,20260902,148.54,150.98,148.0,149.22,3995
GOLDCASE,20260902,23.69,23.69,23.38,23.51,15798999
GOLDENTOBC,20260902,24.4,25.27,24.0,24.27,4522
GOLDETF,20260902,147.3,147.3,144.8,145.52,1483420
GOLDIAM,20260902,340.2,347.1,336.05,344.1,326183
GOLDIETF,20260902,132.97,132.97,126.48,127.84,8804998
GOLDTECH,20260902,47.75,47.93,46.25,47.28,12252
GOODLUCK,20260902,453.1,479.9,448.0,474.75,674267
GOODYEAR,20260902,729.05,740.0,729.05,736.1,3995
GOPAL,20260902,270.3,271.6,262.8,264.9,126055
GOYALALUM,20260902,6.41,6.41,6.2,6.23,33923
GPIL,20260902,243.41,243.41,237.01,239.39,1989265
GPPL,20260902,162.42,165.5,162.0,164.44,2172344
GPTHEALTH,20260902,150.0,154.54,150.0,150.83,50195
GPTINFRA,20260902,107.55,119.13,106.41,110.71,1296483
GRADIENTE,20260902,2.64,2.67,2.63,2.65,606549
GRANDOAK,20260902,36.28,36.28,34.42,34.58,7029
GRANULES,20260902,834.05,838.0,816.0,831.75,787511
GRAPHITE,20260902,732.0,737.0,721.05,726.6,680122
GRASIM,20260902,3292.0,3298.3,3235.5,3294.9,1085964
GRAUWEIL,20260902,68.81,70.79,68.81,70.06,219735
GRAVISSHO,20260902,30.99,30.99,30.79,30.83,128
GRAVITA,20260902,1779.0,1789.5,1746.0,1749.1,120612
GREAVESCOT,20260902,195.0,196.66,193.25,194.2,785920
GREENLAM,20260902,242.61,244.9,240.35,242.06,50408
GREENPANEL,20260902,160.0,160.49,154.55,158.0,274624
GREENPLY,20260902,285.35,288.7,280.6,283.7,76970
GREENPOWER,20260902,9.0,9.23,8.9,9.16,1495912
GRINDWELL,20260902,1983.3,1999.0,1950.1,1967.5,14477
GRINFRA,20260902,875.05,890.0,858.25,873.9,10763
GRMOVER,20260902,85.05,86.47,83.72,86.03,1220718
GROBTEA,20260902,980.0,980.55,960.0,965.5,123
GROWW,20260902,190.0,190.23,185.35,189.88,21060867
GROWWCAPM,20260902,11.4,11.4,11.19,11.2,559055
GROWWCHEM,20260902,29.92,30.25,29.58,30.01,8369265
GROWWDEFNC,20260902,98.69,98.69,95.09,95.89,281797
GROWWEV,20260902,33.18,33.18,32.22,32.6,574173
GROWWGOLD,20260902,14.68,14.68,14.48,14.58,4454236
GROWWHOSPI,20260902,52.38,52.38,51.54,51.85,223935
GROWWLIQID,20260902,110.59,110.6,110.59,110.59,488458
GROWWLOVOL,20260902,10.3,10.52,10.21,10.3,22557
GROWWMC150,20260902,230.75,233.0,229.52,232.09,1981
GROWWMETAL,20260902,12.7,12.77,12.33,12.48,421344
GROWWMOM50,20260902,11.18,11.18,10.88,11.01,184990
GROWWN200,20260902,11.42,11.45,11.21,11.31,57672
GROWWNET,20260902,10.71,10.95,10.6,10.73,823244
GROWWNIFTY,20260902,9.7,9.78,9.64,9.67,856030
GROWWNXT50,20260902,73.35,73.55,72.35,73.23,6365
GROWWPOWER,20260902,11.19,11.27,11.03,11.18,1494406
GROWWPSE,20260902,96.64,97.9,94.65,97.74,3893
GROWWPSUBK,20260902,85.46,86.02,83.88,85.36,3573
GROWWRAIL,20260902,28.02,28.28,27.71,27.9,1386286
GROWWRLTY,20260902,9.94,10.04,9.75,9.92,297808
GROWWSC250,20260902,10.91,10.91,10.45,10.58,134149
GROWWSLVR,20260902,22.1,22.22,22.0,22.08,1558535
GRPLTD,20260902,2035.0,2048.0,1983.2,2008.9,771
GRSE,20260902,2523.0,2535.0,2487.0,2495.1,273379
GRWRHITECH,20260902,7178.0,7323.0,7115.0,7202.5,27984
GSEC10ABSL,20260902,112.62,113.06,111.61,111.61,3
GSEC10IETF,20260902,264.81,264.81,262.55,263.42,10
GSEC10YEAR,20260902,31.12,31.12,30.24,30.55,7377
GSEC5IETF,20260902,66.53,66.53,66.04,66.25,10415
GSFC,20260902,158.0,160.25,157.3,159.95,787261
GSLSU,20260902,24.6,25.74,24.55,25.74,180235
GSPCROP,20260902,621.0,627.3,614.55,625.95,51552
GSS,20260902,11.91,12.03,11.55,11.83,14411
GTECJAINX,20260902,28.3,29.35,27.5,28.9,2322
GTL,20260902,7.2,7.5,7.05,7.23,196396
GTLINFRA,20260902,1.17,1.18,1.15,1.16,31318894
GTPL,20260902,58.2,58.2,55.51,56.17,55563
GUFICBIO,20260902,419.75,453.95,415.5,438.8,693834
GUJALKALI,20260902,726.0,729.5,707.1,714.8,107798
GUJAPOLLO,20260902,355.0,355.0,336.0,337.7,3595
GUJENERGY,20260902,255.0,262.8,253.65,262.29,2260654
GUJRAFFIA,20260902,40.02,41.45,39.46,40.0,1260
GUJTHEM,20260902,408.95,420.2,407.1,413.05,1719974
GULFOILLUB,20260902,1133.0,1147.4,1118.0,1125.0,64023
GULFPETRO,20260902,68.45,68.45,66.0,67.56,90692
GULPOLY,20260902,187.98,189.74,185.25,187.56,170753
GVKPIL,20260902,2.1,2.1,2.04,2.06,956635
GVPIL,20260902,622.8,638.45,608.0,632.15,125940
GVPTECH,20260902,8.43,8.99,8.11,8.33,231970
GVT&D,20260902,4280.0,4282.5,4183.2,4240.0,836148
GYFTR,20260902,183.95,189.17,173.5,183.0,102161
HAL,20260902,4785.0,4793.5,4707.0,4780.0,525620
HALDER,20260902,274.0,297.85,274.0,293.9,34207
HALDYNGL,20260902,140.45,145.0,137.77,142.55,75540
HALEOSLABS,20260902,1480.1,1490.0,1475.0,1481.4,1498
HAMPTON,20260902,8.33,8.33,7.87,8.17,6209
HAPPSTMNDS,20260902,362.0,362.25,348.65,354.85,4999399
HAPPYFORGE,20260902,2380.8,2460.0,2340.0,2345.9,102193
HARDWYN,20260902,9.06,9.25,8.95,9.12,1367993
HARIOMPIPE,20260902,340.4,352.9,332.5,348.6,134360
HARRMALAYA,20260902,191.55,194.0,186.66,188.98,11701
HARSHA,20260902,458.0,462.0,445.0,450.75,241531
HATHWAY,20260902,10.49,10.49,10.25,10.34,1410954
HATSUN,20260902,1191.0,1222.0,1172.5,1193.6,244250
HAVELLS,20260902,1220.0,1220.0,1183.0,1193.0,752254
HAVISHA,20260902,1.35,1.35,1.27,1.28,47158
HAWKINCOOK,20260902,8151.0,8220.5,8124.0,8194.5,804
HAZOOR,20260902,19.47,19.47,18.81,18.95,171123
HBESD,20260902,74.9,75.9,74.9,75.0,224
HBLENGINE,20260902,658.05,663.0,648.0,660.2,519552
HBPOR,20260902,59.99,60.0,58.05,59.99,515
HBSL,20260902,54.33,54.99,52.44,52.98,730
HCC,20260902,23.26,23.74,22.9,23.08,32414628
HCG,20260902,704.4,716.55,695.8,699.3,95423
HCL-INSYS,20260902,10.72,10.72,10.25,10.32,237943
HCLTECH,20260902,1340.1,1349.3,1317.4,1331.5,2739386
HDBFS,20260902,670.5,676.7,667.5,675.2,203242
HDFCAMC,20260902,2511.5,2528.5,2477.0,2525.7,962353
HDFCBANK,20260902,702.3,705.65,700.0,700.8,36950338
HDFCBSE500,20260902,37.55,37.82,37.09,37.55,6500475
HDFCGOLD,20260902,128.34,128.43,127.28,127.8,4434615
HDFCGROWTH,20260902,119.31,119.8,118.7,119.13,33131
HDFCLIFE,20260902,538.0,538.0,532.05,533.0,1116864
HDFCLIQUID,20260902,1075.06,1078.79,1075.06,1076.27,18114
HDFCLOWVOL,20260902,20.53,20.67,20.51,20.57,2076
HDFCMID150,20260902,23.56,23.72,23.21,23.4,629418
HDFCMOMENT,20260902,31.2,31.25,30.62,30.9,251617
HDFCNEXT50,20260902,74.06,74.85,73.63,74.47,131262
HDFCNIF100,20260902,26.0,26.0,25.77,25.9,84250
HDFCNIFBAN,20260902,58.83,59.02,58.62,58.88,152224
HDFCNIFIT,20260902,33.11,33.39,32.85,33.07,225637
HDFCNIFTY,20260902,270.21,270.87,268.8,269.77,420555
HDFCNIMEG,20260902,132.34,132.34,130.4,131.19,22753
HDFCPSUBK,20260902,85.49,86.49,85.24,85.92,15985
HDFCPVTBAN,20260902,28.56,28.56,28.07,28.18,57961
HDFCQUAL,20260902,59.25,59.25,58.4,58.82,3956
HDFCSENSEX,20260902,87.67,87.67,86.53,86.79,48366
HDFCSILVER,20260902,214.94,216.67,214.11,215.37,2903676
HDFCSML250,20260902,185.64,185.64,183.13,184.13,1788565
HDFCVALUE,20260902,124.0,125.69,123.19,125.43,1842
HDIL,20260902,1.5,1.54,1.47,1.52,133742
HEADSUP,20260902,6.72,7.0,6.6,6.83,9607
HEALTHADD,20260902,16.83,16.83,16.69,16.73,91074
HEALTHAXIS,20260902,169.73,173.0,168.32,170.11,1130
HEALTHCARE,20260902,22.1,22.1,21.55,21.71,22485
HEALTHIETF,20260902,171.01,171.4,169.97,170.65,70188
HEALTHX,20260902,309.95,309.95,293.0,294.3,1875
HEALTHY,20260902,17.35,17.35,17.0,17.08,238422
HECPROJECT,20260902,116.37,119.37,115.0,116.09,4614
HEG,20260902,725.0,726.3,702.95,706.4,1020619
HEIDELBERG,20260902,157.0,159.38,157.0,157.87,138843
HEMIPROP,20260902,126.52,127.3,125.25,126.61,253856
HERANBA,20260902,175.99,177.32,173.74,175.23,20511
HERITGFOOD,20260902,352.35,384.8,349.3,378.75,4731013
HEROMOTOCO,20260902,5477.0,5485.0,5167.0,5300.0,1746768
HESTERBIO,20260902,2189.5,2210.9,2146.0,2176.5,7011
HEXAGON,20260902,65.0,66.5,64.8,66.14,107199
HEXATRADEX,20260902,158.25,161.0,157.4,157.91,789
HEXT,20260902,552.8,552.8,539.6,543.6,311273
HFCL,20260902,230.0,238.89,225.01,226.27,17046359
HGINFRA,20260902,481.9,483.25,470.0,471.8,91321
HGM,20260902,49.77,49.77,46.55,48.34,15445
HGS,20260902,395.5,399.15,390.6,393.1,12083
HIKAL,20260902,198.88,202.99,197.01,200.6,237919
HILINFRA,20260902,43.55,44.84,43.5,43.56,69280
HILTON,20260902,19.51,19.71,18.4,18.79,202367
HIMATSEIDE,20260902,69.27,69.88,68.0,69.66,266034
HINDADH,20260902,348.9,365.0,347.9,359.5,2619
HINDALCO,20260902,1004.0,1011.2,998.2,1009.7,1902917
HINDALUMI,20260902,99.0,100.0,97.0,97.32,5519
HINDCOMPOS,20260902,405.2,405.2,397.0,399.6,4600
HINDCON,20260902,23.5,23.5,22.81,23.16,15529
HINDCOPPER,20260902,521.25,524.55,516.25,520.95,6616530
HINDOILEXP,20260902,170.0,171.99,165.1,166.18,551626
HINDPETRO,20260902,358.3,362.9,355.4,359.0,7705518
HINDUNILVR,20260902,1983.0,1983.8,1962.3,1975.0,1497019
HINDWAREAP,20260902,182.16,183.48,179.22,182.08,74310
HINDZINC,20260902,590.0,592.9,581.3,588.4,3987561
HIRECT,20260902,1244.0,1250.9,1214.0,1218.5,26426
HISARMETAL,20260902,161.14,165.8,155.23,159.8,2599
HITECH,20260902,79.62,80.0,76.0,76.54,1100863
HITECHCORP,20260902,339.9,339.9,335.0,336.55,7808
HITECHGEAR,20260902,565.0,574.6,560.05,569.2,1031
HLEGLAS,20260902,316.75,318.35,312.85,314.1,71474
HLVLTD,20260902,6.34,6.34,6.22,6.3,203740
HMAAGRO,20260902,20.9,21.64,20.71,20.89,4096974
HMT,20260902,65.2,67.48,63.55,67.48,46803
HMVL,20260902,86.1,88.2,86.0,87.33,8500
HNDFDS,20260902,644.1,644.1,612.7,622.8,239548
HNGSNGBEES,20260902,479.0,479.0,464.56,468.63,60755
HOMEFIRST,20260902,1187.0,1199.0,1153.9,1196.7,125641
HONASA,20260902,472.5,481.5,464.6,469.95,966603
HONAUT,20260902,35415.0,35415.0,34875.0,35170.0,2073
HONDAPOWER,20260902,2001.2,2021.8,1956.2,1976.1,5423
HORIZONIND,20260902,55.57,57.25,53.75,56.57,11684390
HPAL,20260902,34.93,35.5,34.4,35.01,45020
HPIL,20260902,122.0,124.75,121.0,122.01,484
HPL,20260902,295.65,301.85,290.2,297.35,74715
HRYNSHP,20260902,100.05,102.78,100.0,102.0,395
HSBCGOLD,20260902,131.99,131.99,128.0,130.24,72337
HSCL,20260902,672.5,683.8,654.0,659.6,10982851
HTEL,20260902,76.8,81.4,75.25,78.55,4060604
HTMEDIA,20260902,26.98,26.98,25.71,26.19,143113
HUBTOWN,20260902,180.04,183.71,177.12,180.6,369887
HUDCO,20260902,177.8,180.27,175.13,178.35,1558842
HUHTAMAKI,20260902,261.9,271.9,257.1,261.35,337585
HYBRIDETF,20260902,10.05,10.05,10.0,10.03,62333
HYBRIDFIN,20260902,16.96,16.96,16.2,16.6,7358
HYUNDAI,20260902,2168.0,2168.0,2095.8,2154.4,1012608
IBULLSLTD,20260902,25.39,26.5,24.66,25.96,12745266
ICDSLTD,20260902,52.0,59.06,52.0,59.06,122072
ICEMAKE,20260902,729.0,743.0,727.55,739.7,7785
ICICIAMC,20260902,3030.0,3039.9,2946.0,2973.3,880414
ICICIB22,20260902,112.8,114.06,112.64,113.81,166033
ICICIBANK,20260902,1425.1,1436.0,1420.7,1426.5,8515824
ICICIGI,20260902,1542.2,1554.4,1521.1,1537.0,605897
ICICIPRULI,20260902,495.0,501.85,487.5,499.5,1099572
ICIL,20260902,433.45,450.0,423.45,447.15,823554
ICRA,20260902,4959.9,4999.8,4881.0,4891.3,16104
IDBI,20260902,91.65,93.25,90.61,91.55,10822943
IDEA,20260902,14.12,14.72,13.93,14.53,527024719
IDEAFORGE,20260902,780.0,792.2,768.1,769.75,214711
IDFCFIRSTB,20260902,84.61,85.25,83.7,85.09,15107630
IDFNIFTYET,20260902,263.94,269.9,262.94,267.14,340
IEX,20260902,118.99,119.25,117.7,118.86,3975640
IFBAGRO,20260902,893.0,900.0,889.55,897.65,2396
IFBIND,20260902,1296.4,1311.7,1271.4,1296.0,35123
IFCI,20260902,87.5,99.49,87.01,98.32,428062214
IFGLEXPOR,20260902,207.58,211.5,202.41,207.95,18135
IGARASHI,20260902,421.05,421.75,412.1,415.0,32627
IGCL,20260902,72.24,74.8,71.15,73.27,75535
IGIL,20260902,339.05,339.05,325.85,327.2,552217
IGL,20260902,149.51,149.76,147.45,147.94,1206517
IGPL,20260902,545.35,549.2,532.6,546.4,75076
IIFL,20260902,633.85,652.0,624.25,633.25,4480751
IIFLCAPS,20260902,339.45,342.45,337.05,338.3,375285
IITL,20260902,154.12,158.98,148.12,150.05,96731
IKIO,20260902,204.5,213.0,203.0,206.14,375682
IKS,20260902,1740.8,1748.0,1712.1,1744.1,78597
IL&FSENGG,20260902,35.0,35.49,34.0,34.1,7834
IL&FSTRANS,20260902,2.29,2.29,2.16,2.19,28924
IMAGICAA,20260902,54.5,54.99,53.9,54.61,484536
IMFA,20260902,1299.0,1313.5,1285.0,1289.1,76217
IMPAL,20260902,1134.0,1134.0,1090.0,1102.1,1509
IMPEXFERRO,20260902,4.54,4.54,4.54,4.54,9856
INA,20260902,90.98,90.98,88.0,89.37,328762
INCREDIBLE,20260902,32.48,33.48,31.0,32.08,5295
INDBANK,20260902,31.5,31.5,30.95,31.1,14504
INDGN,20260902,602.4,613.75,593.6,600.15,684806
INDHOTEL,20260902,713.55,727.7,706.05,727.7,1623631
INDIACEM,20260902,359.85,360.15,354.2,358.3,73072
INDIAGLYCO,20260902,225.0,236.2,217.0,236.2,115189
INDIAMART,20260902,1760.0,1760.0,1733.3,1740.8,48141
INDIANB,20260902,875.0,884.4,866.0,878.8,898988
INDIANCARD,20260902,206.0,212.94,206.0,209.92,313
INDIANHUME,20260902,370.1,394.0,368.5,388.7,91818
INDIASHLTR,20260902,630.05,658.0,620.15,651.2,94870
INDIGO,20260902,4957.0,5020.0,4908.5,5020.0,1437991
INDIGOPNTS,20260902,1172.2,1182.0,1127.4,1171.0,106322
INDIQUBE,20260902,190.53,193.79,186.91,193.17,38944
INDNIPPON,20260902,1076.2,1079.7,1055.1,1064.3,9746
INDOAMIN,20260902,121.0,122.79,118.5,122.38,36353
INDOBORAX,20260902,508.0,518.25,502.15,506.15,129523
INDOCO,20260902,242.0,287.8,241.34,273.77,19225160
INDOFARM,20260902,134.5,136.0,133.04,134.97,67157
INDOKEM,20260902,615.0,619.0,590.3,597.55,2412
INDOMIM,20260902,856.0,892.0,839.05,888.0,2583002
INDORAMA,20260902,69.99,69.99,65.5,66.77,435143
INDOSTAR,20260902,250.13,263.9,250.0,261.07,130359
INDOTECH,20260902,3700.0,3703.3,3551.0,3577.2,20517
INDOTHAI,20260902,39.61,43.0,39.61,39.61,6527923
INDOUS,20260902,79.0,81.3,76.05,78.15,5087
INDOWIND,20260902,9.0,9.09,8.81,8.98,79240
INDPRUD,20260902,6297.0,6297.0,6275.0,6275.0,38
INDRAMEDCO,20260902,356.8,357.05,349.55,352.35,295932
INDSWFTLAB,20260902,364.1,378.9,363.1,366.85,473769
INDTERRAIN,20260902,30.01,30.5,30.0,30.16,16292
INDUSINDBK,20260902,985.0,987.6,963.3,978.0,2673391
INDUSTOWER,20260902,375.0,380.0,371.95,379.0,2707843
INFOBEAN,20260902,158.21,159.18,154.03,157.22,284603
INFOMEDIA,20260902,5.27,5.27,5.06,5.15,16755
INFRA,20260902,11.9,12.37,11.69,11.9,35960
INFRABEES,20260902,950.4,954.99,943.03,953.53,12570
INFRAIETF,20260902,94.49,94.84,93.77,94.55,399829
INFY,20260902,1137.7,1147.8,1118.6,1140.0,8564358
INGERRAND,20260902,4761.5,4955.0,4738.8,4883.5,78135
INNOVACAP,20260902,1068.1,1140.0,1058.1,1108.6,246228
INNOVANA,20260902,301.0,303.0,291.05,298.05,1770
INNOVISION,20260902,263.0,263.3,258.0,258.75,7422
INOXGREEN,20260902,160.34,166.7,159.12,164.25,673411
INOXINDIA,20260902,2145.0,2168.9,2076.4,2099.4,226228
INOXWIND,20260902,69.15,71.31,68.0,70.59,13562084
INSECTICID,20260902,598.0,614.95,591.1,612.6,18329
INSPIRISYS,20260902,86.25,89.99,86.0,89.7,3545
INSUREIETF,20260902,15.43,15.43,15.0,15.1,2499345
INTELLECT,20260902,696.0,697.7,677.0,679.25,342023
INTENTECH,20260902,82.47,82.8,79.0,80.09,12426
INTERARCH,20260902,1720.0,1737.9,1680.1,1687.5,55317
INTERNET,20260902,14.55,14.95,14.34,14.65,492182
INTLCONV,20260902,80.5,80.5,78.21,79.65,26946
INVENTURE,20260902,0.94,0.94,0.91,0.92,590515
INVPRECQ,20260902,1290.0,1290.0,1257.0,1275.0,2935
IOB,20260902,32.15,32.84,31.83,32.68,3854357
IOC,20260902,135.0,137.0,134.35,137.0,8229119
IOLCP,20260902,190.0,194.1,186.0,188.38,2248618
IONEXCHANG,20260902,367.6,385.5,362.85,382.1,309897
IPCALAB,20260902,1979.0,2001.5,1948.9,1956.5,161648
IPL,20260902,136.8,137.61,135.61,136.45,66187
IPRINGLTD,20260902,176.7,182.2,163.0,167.78,7719
IRB,20260902,19.35,19.59,19.11,19.18,28951268
IRCON,20260902,118.5,119.0,116.46,118.25,1047669
IRCTC,20260902,481.3,481.35,470.7,472.6,1151968
IREDA,20260902,113.65,113.68,112.05,112.55,4711096
IRFC,20260902,82.5,82.5,81.3,82.48,7977861
IRIS,20260902,249.0,249.0,241.0,245.8,25963
IRISDOREME,20260902,57.84,58.8,57.16,58.39,676779
IRMENERGY,20260902,287.9,287.9,278.85,283.25,95221
ISFT,20260902,91.68,93.88,87.5,87.81,19820
ISGEC,20260902,782.1,785.75,766.75,777.55,20339
ISHANCH,20260902,44.23,44.39,41.81,43.77,23202
ISTLTD,20260902,640.0,649.9,631.1,636.1,246
IT,20260902,35.58,35.58,34.1,34.36,274892
ITADD,20260902,33.82,33.82,32.63,32.9,22005
ITAXIS,20260902,343.32,344.35,338.37,343.11,2185
ITBEES,20260902,34.19,35.0,34.12,34.39,6917685
ITBETA,20260902,326.0,328.19,325.32,325.32,448
ITC,20260902,266.0,269.0,262.8,266.3,14643482
ITCHOTELS,20260902,161.0,161.0,155.8,158.63,2352334
ITDC,20260902,645.0,645.05,630.0,637.15,67907
ITETF,20260902,32.92,33.11,32.53,32.85,238991
ITI,20260902,266.0,269.9,264.15,267.7,133079
ITIETF,20260902,34.8,34.8,34.12,34.38,831659
ITL,20260902,373.0,373.0,358.05,363.2,852
IVALUE,20260902,234.36,241.52,230.41,238.38,176126
IVC,20260902,9.5,9.9,9.01,9.59,1346252
IVP,20260902,206.8,211.0,206.0,209.8,22584
IVZBANKNF,20260902,58.45,58.45,56.9,57.0,982
IVZINGOLD,20260902,131.4,131.4,128.7,129.65,17990
IVZINNIFTY,20260902,275.76,275.76,273.6,274.31,114
IVZSENSEX,20260902,76.53,76.71,76.16,76.57,1849
IWP,20260902,34.49,35.5,34.49,34.96,2965
IXIGO,20260902,158.0,159.75,155.76,156.42,2142604
IZMO,20260902,940.0,989.0,885.1,938.8,963349
J&KBANK,20260902,146.5,147.88,144.0,144.44,1856552
JAGRAN,20260902,61.41,61.44,60.8,61.03,189910
JAGSNPHARM,20260902,239.49,239.55,235.5,237.03,58876
JAIBALAJI,20260902,69.61,72.26,69.04,70.6,563457
JAICORPLTD,20260902,98.0,98.52,96.41,98.01,230222
JAINREC,20260902,278.0,284.45,272.55,282.15,1437062
JAIPURKURT,20260902,26.0,26.42,26.0,26.3,4856
JAMNAAUTO,20260902,119.86,121.0,118.89,120.29,910304
JARO,20260902,453.9,459.8,449.05,455.25,84913
JASH,20260902,456.85,472.0,456.85,470.35,75576
JAYAGROGN,20260902,227.18,233.95,222.32,229.57,18896
JAYBARMARU,20260902,125.73,125.73,122.0,122.44,108296
JAYKAY,20260902,158.0,171.0,155.81,169.4,937003
JAYNECOIND,20260902,97.3,99.0,95.66,98.19,2257984
JAYSREETEA,20260902,98.41,101.0,97.02,99.79,67011
JBMA,20260902,620.0,631.55,611.5,621.5,208269
JENBURPH,20260902,1056.5,1057.0,1032.1,1043.9,574
JETFREIGHT,20260902,21.4,22.23,21.06,21.17,188582
JGCHEM,20260902,628.85,637.9,597.3,600.85,364638
JHS,20260902,8.29,8.29,7.77,7.81,52593
JINDALPHOT,20260902,1032.3,1032.3,1004.2,1027.6,1024
JINDALPOLY,20260902,714.95,714.95,671.0,686.25,98538
JINDALSAW,20260902,309.75,313.35,304.2,309.15,2082953
JINDALSTEL,20260902,1149.0,1165.3,1141.0,1159.4,706262
JINDRILL,20260902,624.0,646.55,616.0,642.1,610029
JINDWORLD,20260902,42.0,42.05,38.4,40.19,15067052
JIOFIN,20260902,234.0,237.4,232.3,236.9,15926208
JISLDVREQS,20260902,21.0,21.69,20.11,20.97,113094
JISLJALEQS,20260902,27.99,28.58,27.54,28.24,1413119
JITFINFRA,20260902,309.9,312.6,303.1,304.25,15433
JKCEMENT,20260902,5078.5,5080.0,4951.0,4979.5,63500
JKIL,20260902,484.0,491.9,480.5,483.5,56942
JKIPL,20260902,104.0,108.96,103.82,107.56,28408
JKLAKSHMI,20260902,525.05,528.75,512.3,514.3,141071
JKPAPER,20260902,408.05,412.0,387.0,395.2,776388
JKTYRE,20260902,368.0,371.5,363.5,370.15,367987
JLHL,20260902,293.0,293.35,282.35,287.65,210142
JMA,20260902,91.25,92.59,87.3,90.56,7357
JMFINANCIL,20260902,127.85,130.0,125.61,129.39,1534370
JNKINDIA,20260902,430.75,430.75,415.6,420.9,59074
JNPR,20260902,260.9,261.65,255.6,260.25,329482
JOCIL,20260902,148.2,150.8,147.6,150.79,2702
JPOLYINVST,20260902,1010.0,1019.0,980.1,1011.9,8189
JPPOWER,20260902,16.55,16.55,16.28,16.37,21807243
JSFB,20260902,529.0,529.7,519.0,523.4,250706
JSL,20260902,730.0,741.5,715.9,734.9,485040
JSLL,20260902,503.45,517.95,495.85,513.65,394505
JSWCEMENT,20260902,124.7,124.7,123.17,123.6,822154
JSWDULUX,20260902,3143.4,3180.0,3085.6,3163.3,29237
JSWENERGY,20260902,515.0,540.75,511.4,539.8,3635853
JSWHL,20260902,11716.0,11717.0,11405.0,11441.0,1387
JSWINFRA,20260902,335.0,336.75,330.65,332.1,1661891
JSWSTEEL,20260902,1308.1,1309.8,1299.4,1306.0,1562597
JTEKTINDIA,20260902,124.85,124.86,117.0,121.38,765359
JTLIND,20260902,88.05,94.0,87.26,92.4,10046013
JUBLCPL,20260902,2220.0,2252.0,2185.7,2217.9,12367
JUBLFOOD,20260902,482.0,486.5,476.95,486.5,976244
JUBLINGREA,20260902,689.85,691.8,680.7,683.6,93217
JUBLPHARMA,20260902,907.6,911.7,893.6,900.3,63912
JUNIORBEES,20260902,807.87,807.87,778.0,788.4,563104
JUNIPER,20260902,213.0,220.2,211.6,218.5,383474
JUSTDIAL,20260902,704.0,704.0,691.5,697.85,172227
JWL,20260902,242.0,242.0,237.4,239.37,498860
JYOTHYLAB,20260902,206.5,209.0,195.98,202.09,8133068
JYOTICNC,20260902,989.1,990.0,948.05,955.65,757084
JYOTIRES,20260902,871.05,880.4,836.05,857.6,10196
JYOTISTRUC,20260902,9.83,9.87,9.67,9.79,5733894
KABRAEXTRU,20260902,567.35,580.0,552.35,559.95,315900
KAJARIACER,20260902,1205.3,1269.9,1205.3,1261.1,725742
KAKATCEM,20260902,112.55,114.7,106.7,110.5,6804
KALAMANDIR,20260902,85.5,86.0,84.1,85.65,338173
KALPATARU,20260902,278.7,279.0,272.0,274.9,18702
KALYANIFRG,20260902,1079.05,1192.25,975.55,1113.65,82533
KALYANKJIL,20260902,568.6,595.45,556.5,590.0,21212135
KAMAHOLD,20260902,2350.1,2359.8,2340.0,2344.9,6405
KAMANWALA,20260902,16.5,16.55,15.99,16.0,25901
KAMATHOTEL,20260902,233.9,238.4,227.67,232.74,128608
KAMDHENU,20260902,35.3,37.62,35.0,37.45,1034547
KAMOPAINTS,20260902,4.42,4.55,4.38,4.46,147223
KANANIIND,20260902,1.56,1.6,1.53,1.53,123510
KANCHI,20260902,405.1,417.0,400.0,410.95,3543
KANCOTEA,20260902,55.35,56.65,53.99,54.67,46
KANORICHEM,20260902,158.85,159.45,150.05,154.75,49706
KANPRPLA,20260902,263.25,273.95,252.0,253.35,19999
KANSAINER,20260902,193.75,195.5,191.05,194.82,279290
KAPSTON,20260902,570.0,579.0,552.3,573.75,47094
KARMAENG,20260902,37.7,37.95,36.61,37.0,2444
KARURVYSYA,20260902,345.6,349.85,345.0,346.6,1317009
KAUSHALYA,20260902,855.0,876.8,852.3,872.75,376
KAVDEFENCE,20260902,55.75,56.78,55.0,55.31,61691
KAYA,20260902,326.0,339.95,324.4,335.2,8079
KAYNES,20260902,3580.0,3623.1,3517.1,3583.0,834972
KCP,20260902,167.89,169.66,164.81,165.81,84149
KCPSUGIND,20260902,32.25,33.0,31.52,32.0,75406
KDDL,20260902,3877.4,3927.8,3838.8,3852.9,17464
KEC,20260902,415.0,416.0,406.5,407.8,701636
KECL,20260902,125.95,130.0,124.1,127.24,95939
KEEPLEARN,20260902,1.98,1.98,1.82,1.9,12851
KEI,20260902,5335.0,5335.0,5132.0,5170.0,666412
KELLTONTEC,20260902,13.96,14.18,13.72,14.01,2245431
KENNAMET,20260902,4635.0,4734.9,4536.3,4643.1,35878
KERNEX,20260902,1625.0,1748.0,1625.0,1736.4,280085
KESORAMIND,20260902,11.1,11.32,11.1,11.27,229868
KEYFINSERV,20260902,251.7,256.5,251.7,255.25,391
KFINTECH,20260902,937.0,937.0,911.85,929.0,1181875
KHADIM,20260902,117.2,117.2,116.11,116.11,47389
KHAICHEM,20260902,55.29,55.29,53.25,54.0,120726
KHAITANLTD,20260902,150.0,166.0,143.75,160.8,19103
KHANDSE,20260902,17.89,17.89,17.0,17.56,674
KICL,20260902,5177.0,5249.0,5130.5,5215.0,840
KILITCH,20260902,170.6,172.4,166.15,171.37,25939
KIMS,20260902,752.5,767.0,748.3,753.65,670696
KINGFA,20260902,6050.5,6050.5,5875.0,5932.0,5721
KIOCL,20260902,382.55,384.7,377.95,380.55,75452
KIRANVYPAR,20260902,201.0,202.9,197.05,200.0,778
KIRIINDUS,20260902,510.05,531.0,509.0,523.65,977381
KIRLFER,20260902,451.5,463.3,444.35,460.0,126379
KIRLOSBROS,20260902,1864.6,1884.0,1842.7,1847.7,35102
KIRLOSENG,20260902,2142.9,2180.0,2091.8,2160.9,498719
KIRLOSIND,20260902,3724.7,3737.9,3685.0,3699.0,1735
KIRLPNU,20260902,740.0,749.8,725.7,745.45,220039
KISSHT,20260902,295.0,303.0,284.65,300.9,1891855
KITEX,20260902,125.25,125.5,122.75,124.77,196813
KJMCFIN,20260902,64.1,67.0,64.1,64.37,615
KKCL,20260902,507.05,507.15,497.0,499.65,9917
KLBRENG-B,20260902,424.0,448.4,410.0,443.25,450114
KMCSHIL,20260902,133.83,134.9,131.45,133.19,62555
KMEW,20260902,2920.0,2960.0,2903.6,2951.6,35123
KMSUGAR,20260902,31.3,32.12,31.0,31.26,239654
KNACK,20260902,190.0,190.21,186.5,187.43,1092839
KNAGRI,20260902,215.0,215.0,207.62,209.46,7223
KNRCON,20260902,117.65,118.64,115.02,117.07,1522950
KOHINOOR,20260902,33.04,34.0,33.0,33.41,105947
KOKUYOCMLN,20260902,79.0,79.7,77.55,77.84,20142
KOLTEPATIL,20260902,436.2,442.1,425.8,440.8,77009
KOPRAN,20260902,215.25,220.4,214.04,218.81,212685
KOTAKBANK,20260902,421.9,425.75,418.95,423.5,10022695
KOTARISUG,20260902,31.23,31.23,29.82,30.11,103522
KOTHARIPET,20260902,130.9,132.89,128.0,129.17,44226
KOTHARIPRO,20260902,67.8,68.67,66.0,68.19,3873
KOTIC,20260902,140.78,141.2,136.1,136.47,14128
KOTYARK,20260902,31.82,31.82,30.5,30.63,180309
KOVAI,20260902,6035.0,6035.0,5930.5,6017.5,2393
KPEL,20260902,241.75,245.0,239.1,241.14,208427
KPIGREEN,20260902,307.0,307.0,301.5,304.6,907949
KPIL,20260902,1408.4,1418.7,1391.0,1410.5,78306
KPITTECH,20260902,588.0,589.9,579.1,588.0,715333
KPL,20260902,3388.9,3425.0,3324.1,3390.1,25588
KPRMILL,20260902,1154.0,1182.9,1133.3,1167.4,308659
KRBL,20260902,422.0,429.15,418.6,424.4,442674
KREBSBIO,20260902,55.5,56.85,54.72,54.91,5283
KRIDHANINF,20260902,2.0,2.09,1.95,2.06,24110
KRISHANA,20260902,192.6,193.0,186.91,188.06,272212
KRISHIVAL,20260902,412.3,412.65,409.0,410.35,6752
KRISHNADEF,20260902,992.0,1023.0,987.1,1007.4,58316
KRITI,20260902,61.45,61.49,58.1,60.9,12298
KRITIKA,20260902,5.35,5.44,5.31,5.39,81083
KRITINUT,20260902,87.51,88.1,84.06,84.3,13595
KRN,20260902,1535.0,1544.8,1495.3,1534.8,161090
KRONOX,20260902,181.3,190.24,175.0,189.68,216651
KROSS,20260902,209.0,209.83,204.39,207.52,166705
KRSNAA,20260902,558.0,559.7,551.0,553.1,32269
KRYSTAL,20260902,646.55,683.45,632.1,667.0,108555
KSB,20260902,827.45,827.45,800.75,805.8,200288
KSCL,20260902,763.0,763.0,735.95,738.75,112238
KSE,20260902,179.96,179.96,175.0,177.04,18978
KSHINTL,20260902,951.85,956.5,931.25,945.7,123540
KSHITIJ-RE,20260902,0.06,0.06,0.06,0.06,6816757
KSHITIJPOL,20260902,2.85,3.0,2.85,3.0,1179895
KSL,20260902,906.0,919.0,891.4,904.3,110343
KSOLVES,20260902,281.3,283.95,271.55,273.2,23800
KSR,20260902,28.65,29.85,28.65,29.49,9678
KTKBANK,20260902,326.95,333.0,321.55,330.35,2245525
KUANTUM,20260902,71.81,72.25,70.35,71.23,59962
KUSUMGAR,20260902,562.1,576.95,553.2,571.15,388168
KWIL,20260902,43.01,44.69,42.75,43.38,19189455
LADDERUP,20260902,48.2,52.85,48.2,50.06,102
LAGNAM,20260902,76.9,76.9,72.6,74.92,5214
LAHOTIOV,20260902,42.19,43.0,40.76,41.98,6724
LAKPRE,20260902,4.9,5.0,4.66,4.92,1475
LAKSHMIMIL,20260902,7950.0,8086.0,7700.0,7927.0,222
LAL,20260902,9.28,9.28,8.46,8.88,30403
LALITHAA,20260902,269.0,272.8,262.55,264.35,8411510
LALPATHLAB,20260902,1904.4,1933.6,1893.1,1916.1,178401
LAMBODHARA,20260902,141.04,141.04,131.63,133.45,15039
LANCER,20260902,13.0,13.0,12.5,12.91,506482
LANCORHOL,20260902,33.5,33.5,32.22,33.15,144455
LANDMARK,20260902,507.0,507.6,490.65,494.9,91762
LANDSMILL,20260902,0.68,0.69,0.67,0.68,2203565
LAOPALA,20260902,173.0,173.0,169.26,171.87,79552
LARGEMID50,20260902,36.27,36.35,36.16,36.34,1300
LASA,20260902,6.96,6.96,6.66,6.78,20793
LASERPOWER,20260902,308.0,311.0,302.15,303.55,394417
LATENTVIEW,20260902,270.0,272.55,268.45,271.0,335930
LATTEYS,20260902,20.56,21.69,20.56,21.26,46863
LAURUSLABS,20260902,1853.2,1864.4,1811.7,1864.0,2265630
LAXMICOT,20260902,12.5,13.02,11.36,12.72,49268
LAXMIDENTL,20260902,195.8,196.0,191.74,194.58,43016
LAXMIINDIA,20260902,127.3,128.46,124.65,125.93,137828
LCCINFOTEC,20260902,3.64,3.94,3.45,3.64,44030
LCL,20260902,539.0,553.95,535.8,540.85,144632
LEAPIND,20260902,159.0,162.0,156.51,157.68,4097242
LEENEE,20260902,9.34,9.87,8.62,8.89,52757
LEMERITE,20260902,21.34,21.34,19.95,20.38,147751
LEMONTREE,20260902,105.75,106.66,104.71,106.18,2312163
LENSKART,20260902,665.9,678.4,663.05,668.9,8766705
LEXUS,20260902,13.5,14.51,13.02,13.96,51576
LFIC,20260902,134.0,135.99,131.4,135.91,480
LGBBROSLTD,20260902,1680.9,1710.0,1672.3,1699.9,22848
LGEINDIA,20260902,1664.1,1667.3,1644.1,1653.2,200141
LGHL,20260902,180.95,181.96,171.64,175.77,9420
LIBAS,20260902,10.45,10.64,10.25,10.49,5823
LIBERTSHOE,20260902,239.44,239.44,233.6,234.79,13033
LICHSGFIN,20260902,530.0,542.15,525.25,541.25,2788144
LICI,20260902,411.95,412.5,406.8,408.25,2710302
LICMFGOLD,20260902,136.4,136.4,133.1,135.25,80058
LICNETFGSC,20260902,29.56,29.56,29.21,29.33,45660
LICNETFN50,20260902,268.65,268.86,266.9,267.6,283
LICNETFSEN,20260902,866.65,867.56,861.41,861.96,143
LICNFNHGP,20260902,274.6,275.92,273.42,274.97,106
LICNMID100,20260902,64.12,64.12,63.1,63.19,6896
LIKHITHA,20260902,204.23,205.99,200.0,202.76,25415
LINC,20260902,94.38,96.3,94.09,95.86,5707
LINCOLN,20260902,611.3,629.45,605.4,618.35,56377
LINDEINDIA,20260902,6363.0,6446.0,6310.0,6352.5,16567
LIQGRWBEES,20260902,1054.97,1056.73,1051.35,1054.02,104639
LIQUID,20260902,999.5,1000.0,999.5,999.99,97407
LIQUID1,20260902,1120.75,1120.91,1120.75,1120.9,713046
LIQUIDADD,20260902,1143.0,1143.02,1142.98,1142.98,538769
LIQUIDBEES,20260902,1000.0,1000.01,999.99,1000.0,2397673
LIQUIDBETA,20260902,1006.57,1006.59,1006.57,1006.57,37
LIQUIDBETF,20260902,1097.14,1097.16,1097.14,1097.15,262810
LIQUIDCASE,20260902,115.75,115.75,115.73,115.74,16635993
LIQUIDETF,20260902,1000.0,1000.01,999.99,999.99,94750
LIQUIDIETF,20260902,1000.0,1000.01,999.99,999.99,245121
LIQUIDPLUS,20260902,1101.51,1101.51,1101.49,1101.5,385522
LIQUIDSBI,20260902,999.99,1000.01,999.99,1000.0,5380
LIQUIDSHRI,20260902,1119.85,1119.85,1119.83,1119.83,3282
LKPSEC,20260902,15.18,15.58,14.01,15.19,19888
LLOYDSENGG,20260902,83.97,84.8,81.76,82.77,7857744
LLOYDSENT,20260902,71.0,71.33,69.51,70.96,2422934
LLOYDSME,20260902,1785.2,1819.0,1770.0,1813.0,369752
LMW,20260902,18905.0,19168.0,18700.0,18783.0,3472
LODHA,20260902,1179.7,1208.3,1166.4,1208.3,1532916
LOKESHMACH,20260902,345.0,345.05,334.0,339.9,25446
LORDSCHLO,20260902,134.5,138.98,134.19,138.28,2603
LOTUSCHO,20260902,659.0,659.0,620.0,640.05,2761
LOTUSDEV,20260902,180.29,182.89,173.8,175.95,851992
LOTUSEYE,20260902,109.2,109.2,105.0,107.98,12570
LOVABLE,20260902,72.8,73.9,70.21,70.84,13799
LOWVOL,20260902,211.27,211.27,205.05,206.2,221
LOWVOL1,20260902,21.66,21.66,20.97,21.13,68147
LOWVOLIETF,20260902,22.38,22.38,21.98,22.04,751477
LOYALTEX,20260902,218.4,218.4,206.14,209.0,80
LPDC,20260902,6.8,7.43,6.57,6.68,25525
LT,20260902,3966.0,4002.3,3956.7,3981.0,1307081
LTF,20260902,308.75,313.35,302.7,312.8,6165981
LTFOODS,20260902,434.8,444.0,429.55,442.45,718335
LTGILTBEES,20260902,29.87,29.88,29.76,29.82,10199022
LTGILTCASE,20260902,31.02,31.02,29.8,30.36,113673
LTM,20260902,4587.2,4611.0,4489.0,4588.0,218038
LTTS,20260902,3589.0,3589.0,3490.3,3505.0,41078
LUMAXIND,20260902,6504.5,6609.5,6176.0,6347.0,38591
LUMAXTECH,20260902,2053.9,2066.4,1976.9,1986.5,117029
LUPIN,20260902,2152.1,2155.2,2135.0,2155.2,714232
LUXIND,20260902,1192.8,1192.8,1160.8,1164.9,16563
LXCHEM,20260902,164.25,170.99,162.0,169.55,639001
LYKALABS,20260902,73.0,75.33,73.0,75.33,15303
M&M,20260902,3223.5,3229.6,3142.5,3190.0,2883166
M&MFIN,20260902,364.5,370.6,360.3,368.85,1218704
MAANALU,20260902,119.78,120.39,117.01,118.15,33362
MACPOWER,20260902,1900.0,1908.6,1834.1,1883.6,30923
MADHAV,20260902,35.95,35.95,34.55,35.25,349
MADHAVIPL,20260902,8.22,8.22,7.66,7.97,80860
MADHUCON,20260902,4.84,5.08,4.79,5.01,10089
MADRASFERT,20260902,65.39,65.39,63.84,64.26,51060
MAFANG,20260902,210.38,210.38,208.38,209.39,392513
MAFATIND,20260902,122.0,124.0,119.12,122.57,27261
MAGADSUGAR,20260902,567.95,581.4,555.1,559.15,75176
MAGNUM,20260902,18.66,19.44,18.55,19.18,32977
MAHABANK,20260902,82.2,84.3,81.31,82.4,17803645
MAHAPEXLTD,20260902,56.07,56.29,54.8,54.94,3134
MAHASTEEL,20260902,1390.6,1419.0,1324.4,1324.4,3557
MAHEPC,20260902,104.33,104.33,101.24,101.95,8705
MAHESHWARI,20260902,70.76,73.74,70.66,71.88,10168
MAHKTECH,20260902,22.06,22.65,22.06,22.5,443101
MAHLIFE,20260902,357.0,361.0,352.05,359.0,73364
MAHLOG,20260902,384.2,394.3,380.25,392.45,105720
MAHSCOOTER,20260902,13690.0,13746.0,13440.0,13560.0,2871
MAHSEAMLES,20260902,647.0,673.9,645.0,665.05,492471
MAITHANALL,20260902,977.9,1056.65,964.55,1019.35,435952
MAJESAUT,20260902,357.7,360.0,347.15,353.65,4135
MAKEINDIA,20260902,166.46,166.46,164.0,164.96,89176
MAKERSL,20260902,188.48,188.48,181.6,182.7,1964
MALLCOM,20260902,1000.0,1050.0,982.45,1021.15,42842
MALUPAPER,20260902,31.8,31.9,30.3,31.05,30518
MAMATA,20260902,401.1,406.5,398.2,401.15,18074
MANAKALUCO,20260902,38.65,39.35,36.55,37.12,97514
MANAKCOAT,20260902,120.95,124.0,118.0,121.56,736255
MANAKSIA,20260902,57.75,58.41,56.0,58.14,38440
MANAKSTEEL,20260902,104.0,109.3,101.53,109.3,509467
MANALIPETC,20260902,84.7,85.4,81.6,82.76,8290147
MANAPPURAM,20260902,333.0,341.1,330.3,340.9,5411370
MANBA,20260902,129.76,129.8,128.0,128.31,60344
MANBRO,20260902,53.6,54.99,48.75,51.06,498508
MANCREDIT,20260902,227.0,234.9,225.02,227.79,10860
MANGALAM,20260902,30.45,30.97,29.06,30.33,28610
MANGLMCEM,20260902,1108.2,1114.4,1054.0,1092.9,304145
MANINDS,20260902,755.0,769.85,741.5,744.85,417411
MANINFRA,20260902,124.99,125.08,119.11,123.27,3095001
MANIPALHOS,20260902,750.0,750.7,702.0,709.9,4066750
MANKIND,20260902,2351.0,2391.5,2341.2,2391.5,334009
MANOMAY,20260902,230.0,230.0,223.2,224.52,90681
MANORAMA,20260902,1805.1,1833.2,1795.1,1813.1,157707
MANORG,20260902,490.0,499.8,472.0,478.65,11497
MANUFGBEES,20260902,164.0,164.0,162.15,163.07,12385
MANUGRAPH,20260902,14.99,14.99,14.3,14.38,15297
MANYAVAR,20260902,546.85,550.45,537.2,544.1,222703
MAPMYINDIA,20260902,999.8,1000.3,978.3,982.6,114018
MARALOVER,20260902,52.4,54.98,52.4,54.13,11811
MARATHON,20260902,436.0,443.8,422.05,433.8,188885
MARICO,20260902,830.0,834.85,826.5,829.35,1477115
MARINE,20260902,430.6,436.0,423.15,431.5,956684
MARKOLINES,20260902,175.0,176.0,170.63,172.66,506896
MARKSANS,20260902,321.2,337.65,318.75,332.5,6573003
MARSONS,20260902,123.81,126.0,120.56,122.84,2909043
MARUTI,20260902,12763.0,12888.0,12640.0,12849.0,614156
MASFIN,20260902,305.4,305.55,292.95,294.45,135767
MASKINVEST,20260902,146.0,146.0,146.0,146.0,5
MASPTOP50,20260902,80.22,80.22,79.76,80.22,138346
MASTEK,20260902,1798.9,1798.9,1748.0,1763.0,88631
MASTERTR,20260902,81.71,83.0,79.97,80.85,231560
MATRIMONY,20260902,512.8,520.25,510.55,514.35,5735
MAWANASUG,20260902,142.31,154.47,142.31,147.87,734892
MAXESTATES,20260902,495.0,527.6,485.1,520.65,193763
MAXHEALTH,20260902,1003.0,1005.0,987.2,994.0,1195319
MAXIND,20260902,148.5,151.33,144.9,147.9,128088
MAYURUNIQ,20260902,737.5,739.4,716.3,728.75,194948
MAZDA,20260902,252.9,261.85,242.0,261.3,62477
MAZDOCK,20260902,2465.0,2472.1,2430.9,2459.0,410616
MBAPL,20260902,160.78,163.9,157.53,159.07,1021835
MBECL,20260902,234.83,234.83,234.83,234.83,5502
MBEL,20260902,266.3,268.1,261.3,266.1,87436
MBLINFRA,20260902,22.84,23.5,22.1,23.34,53582
MCCHRLS-B,20260902,694.95,694.95,650.0,675.6,345
MCL,20260902,56.0,57.11,55.72,56.17,45631
MCLEODRUSS,20260902,48.25,48.3,46.65,47.04,406637
MCLOUD,20260902,26.74,27.19,26.07,26.28,2883337
MCX,20260902,3280.0,3333.0,3258.0,3286.0,2448588
MEDANTA,20260902,1455.0,1482.6,1440.0,1444.9,224430
MEDIASSIST,20260902,333.0,340.0,330.0,338.75,131832
MEDICAMEQ,20260902,268.0,270.9,259.05,265.25,74789
MEDICAPQ,20260902,23.8,27.29,23.8,26.7,4283
MEDICO,20260902,38.35,43.0,37.5,39.33,745016
MEDPLUS,20260902,673.05,673.1,657.0,659.95,73117
MEESHO,20260902,205.15,213.95,204.6,211.6,23152746
MEGASTAR,20260902,310.0,310.0,301.4,305.45,938
MEIL,20260902,282.35,285.15,277.6,278.9,63130
MENNPIS,20260902,75.4,75.5,72.44,74.2,76929
MENONBE,20260902,299.8,299.8,287.0,293.9,51333
MEP,20260902,0.75,0.75,0.73,0.73,244703
MERCANTILE,20260902,24.6,26.65,24.01,25.59,138793
MERCURYEV,20260902,36.54,37.31,36.0,36.66,83693
METAL,20260902,13.62,13.62,13.16,13.26,1184375
METALIETF,20260902,13.56,13.56,13.09,13.19,6515057
METROBRAND,20260902,918.0,924.75,896.5,900.65,48088
METROGLOBL,20260902,136.0,139.99,131.0,132.95,2818
METROPOLIS,20260902,584.0,593.0,579.05,582.2,135132
MFML,20260902,19.45,19.45,17.3,18.57,2032
MFSL,20260902,1531.5,1531.5,1494.0,1505.0,547908
MGEL,20260902,14.1,14.64,14.1,14.44,64418
MGL,20260902,1072.0,1082.6,1062.2,1065.2,176423
MHLXMIRU,20260902,175.45,180.0,170.0,176.82,11796
MHRIL,20260902,207.86,210.0,205.2,206.59,94450
MICEL,20260902,38.24,38.24,38.24,38.24,22139
MID150,20260902,24.43,24.43,23.11,23.56,386920
MID150BEES,20260902,240.34,240.34,237.55,239.07,987164
MID150CASE,20260902,11.76,11.76,11.5,11.63,1687555
MIDBANKADD,20260902,17.4,17.4,17.12,17.33,5659
MIDCAP,20260902,18.66,18.83,18.37,18.47,891364
MIDCAPADD,20260902,23.3,23.3,23.04,23.17,15682
MIDCAPBETA,20260902,235.0,235.0,231.05,234.0,2439
MIDCAPETF,20260902,24.34,24.34,23.46,23.63,2657084
MIDCAPIETF,20260902,24.37,24.37,23.76,23.84,1571103
MIDHANI,20260902,416.0,420.0,412.15,414.4,309511
MIDQ50ADD,20260902,25.21,26.0,24.91,25.1,134661
MIDSELIETF,20260902,19.97,19.97,19.72,19.88,352313
MIDSMALL,20260902,52.01,52.23,51.41,51.63,437066
MIDWESTLTD,20260902,1059.8,1068.9,1032.0,1036.9,31260
MIIL,20260902,724.2,727.95,710.05,722.55,65224
MILKYMIST,20260902,234.0,255.23,228.36,252.04,56560370
MINALIND,20260902,4.86,4.86,4.86,4.86,92358
MINDACORP,20260902,707.05,714.35,694.3,707.85,355440
MINDTECK,20260902,175.0,175.0,170.0,170.32,16830
MIRZAINT,20260902,31.85,31.85,30.0,30.84,107709
MITCON,20260902,76.5,78.97,75.24,78.76,3467
MITTAL,20260902,0.82,0.82,0.8,0.81,368821
MKEXIM,20260902,60.61,61.89,55.52,61.42,14748
MKPL,20260902,4.08,4.1,3.99,4.0,140220
MLKFOOD,20260902,83.88,83.88,81.6,83.15,2213
MMFL,20260902,665.0,678.0,643.75,648.05,172249
MMP,20260902,373.0,393.05,373.0,384.1,61096
MMTC,20260902,62.2,62.45,61.41,62.1,691082
MMWL,20260902,14.42,14.67,14.0,14.13,22481
MNC,20260902,33.67,33.67,32.99,33.18,88687
MOALPHA50,20260902,56.15,56.15,55.63,56.15,10330
MOBANK10,20260902,16.8,16.85,16.79,16.79,3999
MOBIKWIK,20260902,187.78,188.48,184.06,185.32,472492
MOCAPITAL,20260902,53.8,54.0,53.25,53.55,812896
MODEFENCE,20260902,107.91,107.91,104.22,105.14,1341539
MODINATUR,20260902,338.8,344.9,336.0,340.8,4439
MODIRUBBER,20260902,129.57,129.57,123.0,123.8,7993
MODIS,20260902,374.0,382.0,371.1,379.1,24944
MODISONLTD,20260902,509.0,546.0,509.0,520.65,822776
MODTHREAD,20260902,52.02,52.89,51.51,52.61,1791
MOENERGY,20260902,38.2,38.3,37.72,38.19,195264
MOGOLD,20260902,150.15,150.15,147.3,148.1,47239
MOGSEC,20260902,65.4,65.4,65.0,65.39,52315
MOHEALTH,20260902,52.28,52.28,50.7,52.02,83006
MOHITE,20260902,3.13,3.13,2.96,2.96,29651
MOHITIND,20260902,24.89,24.89,23.55,23.72,9634
MOIL,20260902,250.43,251.7,247.12,250.72,503390
MOINFRA,20260902,57.8,58.58,57.49,58.23,4758
MOIPO,20260902,48.24,48.39,48.01,48.32,7530
MOKSH,20260902,10.5,10.53,10.1,10.15,134879
MOL,20260902,64.75,66.7,63.3,65.75,2295235
MOLBIO,20260902,1047.2,1132.1,1043.8,1107.8,1874333
MOLDTECH,20260902,192.75,202.39,187.0,202.38,135934
MOLDTKPAC,20260902,695.0,699.95,692.25,694.55,41442
MOLOWVOL,20260902,36.11,36.19,35.9,35.98,21973
MOM100,20260902,67.31,69.0,67.21,67.97,450687
MOM30IETF,20260902,31.63,31.63,30.92,31.15,997656
MOM50,20260902,252.67,252.67,249.17,250.39,4950
MOMENTUM,20260902,31.07,31.11,30.73,31.04,98792
MOMENTUM30,20260902,30.4,30.77,30.37,30.63,12686
MOMENTUM50,20260902,54.3,54.72,53.69,54.08,339246
MOMETAL,20260902,13.09,13.15,13.03,13.15,9072
MOMGF,20260902,165.88,165.88,161.48,161.8,3235
MOMIDMTM,20260902,64.98,64.98,63.93,64.09,82218
MOMMIDCAP,20260902,13.28,13.28,12.88,12.98,1774384
MOMNC,20260902,32.55,33.8,31.89,32.29,76973
MOMOMENTUM,20260902,62.66,62.66,61.4,61.83,61532
MON100,20260902,328.06,328.83,326.76,328.83,563732
MON50EQUAL,20260902,33.06,33.23,32.88,33.13,9715
MONARCH,20260902,374.45,376.0,367.45,372.4,47758
MONEXT50,20260902,74.35,74.35,71.94,73.04,16074
MONEYBOXX,20260902,57.9,57.9,55.4,56.0,81508
MONIFTY100,20260902,25.28,25.31,25.01,25.21,32667
MONIFTY500,20260902,23.81,23.81,23.55,23.73,412362
MONQ50,20260902,144.06,144.06,144.06,144.06,29997
MONTECARLO,20260902,539.8,545.5,532.15,544.2,31016
MOOILGAS,20260902,11.4,11.4,11.08,11.18,3250
MOPSE,20260902,97.81,99.47,97.81,98.52,9743
MOQUALITY,20260902,195.47,199.66,195.47,199.66,2910
MOREALTY,20260902,91.97,91.97,87.14,88.68,871418
MOREPENLAB,20260902,104.01,114.0,103.55,111.97,36392769
MOSCHIP,20260902,213.0,219.95,210.02,215.84,1794518
MOSERVICE,20260902,30.56,30.74,30.56,30.61,2616
MOSILVER,20260902,224.0,224.54,222.21,222.79,27875
MOSMALL250,20260902,18.8,18.8,18.23,18.3,879562
MOTHERSON,20260902,163.8,163.8,159.92,163.3,18944363
MOTILALOFS,20260902,1000.0,1025.0,993.2,1017.6,1044243
MOTISONS,20260902,15.94,15.96,15.26,15.43,28644230
MOTOGENFIN,20260902,28.5,28.5,26.86,27.51,18373
MOTOUR,20260902,77.14,77.78,76.37,77.0,17769
MOVALUE,20260902,112.01,112.58,111.38,112.33,78617
MPDL,20260902,29.55,31.65,28.65,31.65,1792
MPHASIS,20260902,2505.5,2515.0,2428.0,2480.0,900566
MPSLTD,20260902,2650.0,2651.7,2588.0,2594.6,13801
MRF,20260902,132000.0,132865.0,130700.0,131880.0,4254
MRPL,20260902,171.4,175.99,169.47,175.22,9772096
MSCI360,20260902,10.12,10.12,9.99,10.07,8982
MSCIADD,20260902,29.52,29.52,29.2,29.41,534
MSCIINDIA,20260902,29.63,29.85,29.49,29.74,16934
MSL,20260902,138.0,140.0,136.62,137.53,272
MSPL,20260902,34.4,36.5,34.3,36.14,1475581
MSTCLTD,20260902,728.0,728.0,708.55,711.75,166202
MSUMI,20260902,37.0,37.1,36.48,36.6,5800135
MTARTECH,20260902,6880.0,6890.0,6611.5,6872.0,97570
MTEDUCARE,20260902,1.72,1.87,1.71,1.75,17930
MTNL,20260902,26.68,26.84,26.28,26.43,398024
MUFIN,20260902,134.4,135.44,132.61,134.65,460508
MUFTI,20260902,72.81,73.78,71.5,72.13,98065
MUKANDLTD,20260902,135.1,135.56,133.72,134.18,47819
MUKESHB,20260902,139.0,139.0,133.0,133.76,507
MUKKA,20260902,27.19,27.5,26.6,26.85,966096
MUKTAARTS,20260902,57.0,57.72,57.0,57.5,805
MULTICAP,20260902,16.75,16.75,16.57,16.68,74278
MUNJALAU,20260902,114.49,117.0,112.2,113.44,386696
MUNJALSHOW,20260902,129.3,130.0,127.3,129.2,27263
MURUDCERA,20260902,30.0,30.45,29.66,29.88,10584
MUTHOOTCAP,20260902,246.46,249.95,238.01,241.22,11241
MUTHOOTFIN,20260902,2870.0,2937.7,2840.0,2937.7,950173
MUTHOOTMF,20260902,196.0,204.0,193.35,203.2,289137
MVELECTRO,20260902,708.95,724.5,675.4,686.05,1444414
MVGJL,20260902,161.9,166.93,158.0,161.76,84333
MWL,20260902,37.8,39.84,37.3,39.2,584088
MYSORPETRO,20260902,122.75,123.99,120.0,120.05,15331
NACLIND,20260902,169.0,171.92,165.99,167.4,236134
NAGREEKCAP,20260902,23.4,23.4,22.6,23.24,312
NAGREEKEXP,20260902,21.91,22.35,21.1,21.35,20300
NAHARCAP,20260902,258.0,260.0,254.0,258.8,1289
NAHARINDUS,20260902,134.99,134.99,131.41,133.86,9869
NAHARPOLY,20260902,251.0,252.58,244.28,250.37,9520
NAHARSPING,20260902,300.7,301.1,294.0,294.95,21882
NAM-INDIA,20260902,1166.2,1172.5,1146.8,1171.5,1599776
NARMADA,20260902,13.78,13.95,13.55,13.63,216101
NATCAPSUQ,20260902,201.37,219.0,194.59,216.18,32916
NATCOPHARM,20260902,848.0,857.35,833.5,843.25,472795
NATHBIOGEN,20260902,153.27,153.94,152.0,152.55,4814
NATIONALUM,20260902,371.65,373.5,367.5,370.0,4447742
NATIONSTD,20260902,107.7,107.7,103.25,103.94,25843
NAUKRI,20260902,1330.1,1352.4,1314.8,1343.7,1456671
NAVA,20260902,563.0,563.0,556.2,560.75,108634
NAVINFLUOR,20260902,8605.0,8645.0,8275.5,8542.5,217819
NAVKARCORP,20260902,95.98,96.5,94.86,95.47,178227
NAVKARURB,20260902,0.92,0.94,0.88,0.89,1313053
NAVNETEDUL,20260902,133.95,134.9,130.35,133.91,356332
NAZARA,20260902,363.1,367.6,360.1,366.0,851024
NBCC,20260902,84.8,85.22,83.84,85.0,4241099
NBIFIN,20260902,1933.2,2000.0,1925.7,1986.2,444
NCC,20260902,145.5,146.43,141.85,142.53,1800066
NCLIND,20260902,174.83,176.4,172.52,174.94,42536
NDGL,20260902,2733.0,2800.0,2701.1,2743.9,153
NDL,20260902,2.86,2.89,2.82,2.85,915190
NDLVENTURE,20260902,121.1,122.98,119.3,120.91,3844
NDRAUTO,20260902,720.0,725.0,713.7,719.15,10211
NDTV,20260902,71.02,71.5,69.9,70.84,76014
NECCLTD,20260902,16.1,16.9,15.57,16.9,541572
NECLIFE,20260902,12.13,12.58,11.66,12.31,306974
NELCAST,20260902,116.09,119.0,114.91,117.58,74954
NELCO,20260902,925.0,953.3,918.55,929.65,193155
NEOGEN,20260902,2147.5,2166.3,2113.1,2136.4,62823
NEPHROPLUS,20260902,695.0,699.25,677.6,692.7,168797
NESCO,20260902,1049.9,1050.0,1029.4,1038.4,19259
NESTLEIND,20260902,1425.0,1428.0,1411.0,1425.0,875020
NETF,20260902,261.0,261.43,259.5,261.3,1117
NETWEB,20260902,5133.0,5216.5,5064.0,5110.0,1273170
NETWORK18,20260902,27.77,27.9,27.16,27.24,4631562
NEUEON,20260902,11.99,12.3,11.45,11.45,80587
NEULANDLAB,20260902,23045.0,23320.0,22880.0,22960.0,39701
NEWGEN,20260902,526.7,529.75,517.7,519.3,652094
NEXT30ADD,20260902,42.78,42.78,42.28,42.6,7799
NEXT50,20260902,733.84,756.42,733.84,752.34,60614
NEXT50ADD,20260902,72.6,73.56,72.4,73.56,4293
NEXT50BETA,20260902,78.49,79.75,77.7,79.27,200059
NEXT50ETF,20260902,73.2,73.71,72.45,73.37,17794
NEXT50IETF,20260902,75.09,78.56,75.09,76.96,812202
NEXTMEDIA,20260902,4.29,4.3,4.09,4.21,46900
NFL,20260902,70.29,70.29,69.51,69.98,417453
NGIL,20260902,39.5,40.85,39.25,39.41,863
NGLFINE,20260902,2664.3,2745.0,2575.1,2688.7,11220
NH,20260902,1929.1,1940.8,1911.4,1922.7,302703
NHPC,20260902,75.75,76.64,75.09,75.65,13055359
NIACL,20260902,185.45,201.4,182.41,199.11,24334669
NIBE,20260902,1356.0,1356.1,1330.0,1342.9,23503
NIBL,20260902,30.51,31.85,30.51,31.08,2762
NICCOPAR,20260902,81.5,82.0,75.25,79.04,394310
NIF100BEES,20260902,273.42,273.42,264.4,264.89,34050
NIF100IETF,20260902,28.62,28.65,27.79,27.96,87022
NIF500BETA,20260902,37.68,37.68,37.17,37.31,9484
NIFTY1,20260902,266.54,272.7,264.57,265.54,241052
NIFTY100EW,20260902,34.22,35.6,34.22,34.95,107246
NIFTYADD,20260902,252.95,253.48,251.41,252.18,7958
NIFTYAXIS,20260902,265.45,265.45,263.86,264.93,226011
NIFTYBEES,20260902,273.15,273.15,271.51,272.56,7704816
NIFTYBETA,20260902,273.03,273.03,264.47,265.48,160139
NIFTYBETF,20260902,246.05,246.57,244.83,246.26,4236
NIFTYCASE,20260902,9.89,9.89,9.57,9.61,905524
NIFTYETF,20260902,260.71,260.71,259.21,260.05,360960
NIFTYIETF,20260902,271.76,271.76,270.26,271.22,666394
NIFTYJBLK,20260902,12.62,12.62,12.18,12.29,165102
NIFTYQLITY,20260902,21.87,21.87,21.23,21.39,27439
NIITLTD,20260902,100.89,100.89,97.1,97.33,295739
NIITMTS,20260902,230.04,230.07,221.95,223.47,131578
NILAINFRA,20260902,6.7,6.76,6.66,6.71,105470
NILASPACES,20260902,12.68,12.99,12.2,12.51,1795219
NILE,20260902,1500.0,1500.0,1437.1,1471.5,4261
NILKAMAL,20260902,2031.0,2074.0,2007.0,2063.1,16375
NIMBSPROJ,20260902,170.81,170.81,159.61,159.92,93586
NINSYS,20260902,710.0,745.85,707.0,710.95,8522
NIPPOBATRY,20260902,325.0,328.0,321.2,323.1,885
NIRAJ,20260902,29.41,29.93,28.25,29.0,25160
NIRAJISPAT,20260902,428.0,429.65,428.0,429.65,1061
NIRLON,20260902,652.0,652.0,647.0,649.8,21690
NITCO,20260902,93.28,95.0,91.51,94.3,350076
NITINSPIN,20260902,629.75,637.5,617.9,623.85,103781
NITIRAJ,20260902,209.95,209.95,201.05,206.0,1748
NITTAGELA,20260902,1630.7,1643.9,1591.0,1618.2,3273
NIVABUPA,20260902,83.0,83.47,80.51,80.73,365819
NKIND,20260902,55.7,60.4,55.25,57.0,1205
NLCINDIA,20260902,274.0,278.9,271.1,275.5,1874329
NMDC,20260902,84.9,85.75,84.25,85.75,16726795
NOCIL,20260902,169.62,171.31,166.98,169.95,416607
NOIDATOLL,20260902,4.23,4.3,4.01,4.11,60960
NORBTEAEXP,20260902,65.46,67.8,65.22,65.29,227
NORTHARC,20260902,298.15,303.15,292.1,299.7,1420849
NOVAAGRI,20260902,23.46,24.0,23.01,23.51,76744
NOVARTIND,20260902,1585.0,1614.0,1560.2,1601.5,7814
NPBET,20260902,286.63,292.0,285.5,285.57,55
NPST,20260902,1655.6,1753.0,1642.5,1690.0,79415
NRAIL,20260902,492.25,507.9,487.0,498.5,11677
NRBBEARING,20260902,459.0,463.4,451.05,453.55,147623
NRL,20260902,120.05,122.0,120.05,122.0,159039
NSIL,20260902,5690.0,5753.0,5616.0,5647.5,1451
NSLNISP,20260902,45.55,47.24,45.11,45.69,10189200
NTCIND,20260902,131.0,137.0,130.0,134.95,2148
NTPC,20260902,324.0,331.1,321.0,330.0,11993091
NTPCGREEN,20260902,89.11,89.12,88.0,88.12,3375911
NUCLEUS,20260902,732.5,743.9,732.5,740.65,11170
NURECA,20260902,338.05,338.05,330.3,336.75,1655
NUVAMA,20260902,1785.0,1903.9,1751.7,1841.0,1438209
NUVOCO,20260902,322.5,331.9,317.05,328.15,697182
NV20,20260902,14.18,14.22,13.82,13.91,52240
NV20BEES,20260902,136.04,141.24,136.04,139.66,14681
NV20IETF,20260902,13.88,13.88,13.48,13.55,245360
NYKAA,20260902,335.05,337.4,329.75,337.4,3267663
OAL,20260902,442.05,464.8,432.25,457.95,51928
OBCL,20260902,55.9,55.9,54.7,54.77,7881
OBEROIRLTY,20260902,1869.0,1869.0,1828.9,1866.0,378206
OCCLLTD,20260902,164.0,164.7,160.0,163.35,34223
ODIGMA,20260902,22.35,23.15,22.35,23.09,10264
ODYCORP,20260902,7.48,8.0,7.14,7.42,46452
OFSS,20260902,12141.0,12199.0,11951.0,12158.0,238698
OIL,20260902,495.0,499.5,484.15,498.15,4334724
OILCOUNTUB,20260902,67.8,70.59,64.2,67.67,186901
OILIETF,20260902,11.55,11.55,11.19,11.3,5484945
OLAELEC,20260902,40.2,40.25,38.8,38.98,44552453
OLECTRA,20260902,1247.3,1249.8,1226.1,1238.9,230590
OMAXAUTO,20260902,183.5,189.0,181.81,187.09,26860
OMAXE,20260902,125.0,136.0,123.38,132.67,29571125
OMFREIGHT,20260902,89.94,90.59,87.5,88.08,1697
OMINFRAL,20260902,83.46,83.46,80.15,81.84,19943
OMNI,20260902,538.0,548.4,527.0,543.15,373850
OMPOWER,20260902,169.0,175.03,162.9,171.86,76844
ONEGLOBAL,20260902,510.55,520.0,501.0,502.05,19205
ONELIFECAP,20260902,31.5,32.95,31.3,31.93,18881
ONEPOINT,20260902,54.7,54.81,53.76,54.61,448452
ONESOURCE,20260902,1530.0,1564.0,1509.0,1544.4,136288
ONGC,20260902,237.6,239.21,235.64,237.5,13073915
ONIDA,20260902,35.5,36.2,34.99,35.57,242327
ONIXSOLAR,20260902,360.0,365.75,358.05,365.75,252187
ONMOBILE,20260902,48.51,48.51,48.51,48.51,15762
ONWARDTEC,20260902,281.1,286.0,277.5,284.55,26315
OPTIEMUS,20260902,582.7,585.0,569.0,571.0,70937
OPTIFIN,20260902,12.56,13.5,12.56,13.16,24221
ORBTEXP,20260902,236.9,245.0,236.9,240.76,1452
ORCHASP,20260902,1.4,1.45,1.35,1.4,116260
ORCHPHARMA,20260902,946.0,954.95,931.35,938.05,39875
ORICONENT,20260902,53.43,54.44,52.2,54.2,8648
ORIENTALTL,20260902,5.06,5.06,4.76,4.98,74893
ORIENTBELL,20260902,390.45,405.0,386.25,400.65,46905
ORIENTCEM,20260902,128.49,128.79,126.25,127.7,124129
ORIENTCER,20260902,43.8,44.39,42.93,43.78,54517
ORIENTELEC,20260902,178.54,181.9,175.01,179.35,162963
ORIENTHOT,20260902,138.44,141.9,136.95,141.32,1214254
ORIENTLTD,20260902,81.0,83.88,81.0,82.5,758
ORIENTPPR,20260902,16.73,16.84,16.45,16.65,130048
ORIENTTECH,20260902,238.46,238.46,233.61,236.36,83273
ORIRAIL,20260902,124.0,127.95,123.42,125.37,75670
ORISSAMINE,20260902,4321.0,4340.9,4260.7,4308.6,4729
ORKLAINDIA,20260902,583.95,593.95,577.5,590.9,66831
ORTINGLOBE,20260902,15.36,15.86,15.36,15.43,2952
OSIAHYPER,20260902,2.46,2.48,2.39,2.46,282119
OSWALAGRO,20260902,36.53,37.4,36.53,36.89,24071
OSWALGREEN,20260902,20.69,20.69,20.11,20.46,60322
OSWALPUMPS,20260902,289.8,289.95,275.2,278.3,1056339
OSWALSEEDS,20260902,11.2,11.9,11.2,11.8,80227
PACEDIGITK,20260902,167.0,167.0,163.41,164.88,547183
PACIFICI,20260902,141.0,141.0,137.0,137.05,293
PAGEIND,20260902,35500.0,36325.0,35220.0,36200.0,19411
PAISALO,20260902,66.96,68.15,65.61,66.52,9805048
PAKKA,20260902,76.98,77.0,74.5,75.8,55938
PALASHSECU,20260902,90.0,90.0,88.1,88.98,1459
PALREDTEC,20260902,50.4,52.8,48.16,52.8,1064
PANACEABIO,20260902,389.95,389.95,370.05,382.35,311504
PANACHE,20260902,515.0,525.05,515.0,525.05,1973
PANAMAPET,20260902,486.75,496.8,482.1,489.75,309631
PANCHMAHQ,20260902,292.0,300.0,292.0,300.0,290
PANORAMA,20260902,42.63,43.79,40.0,41.59,131992
PANSARI,20260902,305.0,308.05,290.0,296.1,1656
PAR,20260902,146.0,168.72,146.0,168.25,1507861
PARACABLES,20260902,63.47,65.2,62.64,64.16,1184196
PARADEEP,20260902,156.62,157.69,153.51,156.19,2874257
PARAGMILK,20260902,257.05,263.8,248.35,254.9,2039126
PARAS,20260902,1380.0,1420.0,1363.8,1413.1,901120
PARASPETRO,20260902,2.13,2.15,2.08,2.11,125641
PARKHOSPS,20260902,280.5,284.7,274.3,276.75,496312
PARKHOTELS,20260902,111.56,116.0,110.81,114.05,141887
PARNAXLAB,20260902,143.0,144.9,134.01,137.23,9197
PARSVNATH,20260902,1.51,1.51,1.51,1.51,2510953
PASHUPATI,20260902,83.7,83.7,82.5,83.06,8777
PASUPTAC,20260902,62.0,65.0,61.55,64.64,126973
PATANJALI,20260902,344.9,345.0,339.1,345.0,3980958
PATELENG,20260902,27.7,27.72,26.21,26.86,3474743
PATELRMART,20260902,221.55,222.9,215.4,216.42,222326
PATINTLOG,20260902,12.8,13.5,12.8,13.3,145528
PAUSHAKLTD,20260902,802.0,820.0,771.7,785.7,41615
PAVNAIND,20260902,17.26,17.94,16.0,17.23,83740
PAYTM,20260902,1628.1,1633.3,1594.2,1619.0,3008191
PBMPOLY,20260902,62.6,62.6,58.0,59.26,1728
PCBL,20260902,316.7,316.8,310.7,315.3,867848
PCJEWELLER,20260902,10.3,10.39,9.98,10.18,274840339
PDMJEPAPER,20260902,92.5,92.5,89.81,90.92,74507
PDSL,20260902,362.0,362.0,350.8,351.85,90855
PEARLPOLY,20260902,15.5,15.5,15.0,15.25,54336
PENIND,20260902,165.0,168.95,163.15,165.9,360595
PENINLAND,20260902,15.38,15.64,15.0,15.49,90151
PERMAGN,20260902,895.1,895.1,870.0,871.55,4817
PERSISTENT,20260902,5700.0,5738.0,5640.5,5690.0,610391
PETRONET,20260902,293.25,294.0,288.35,289.2,1476710
PFC,20260902,343.4,347.3,340.5,346.5,11746142
PFIZER,20260902,4625.3,4655.9,4614.0,4627.6,9434
PFOCUS,20260902,287.0,287.0,277.5,280.35,515115
PFS,20260902,27.0,27.3,26.43,27.12,429299
PGEL,20260902,566.0,567.45,556.2,566.0,1907087
PGHH,20260902,7881.5,7885.5,7740.0,7762.5,20386
PGHL,20260902,5750.0,5759.5,5662.5,5669.5,4582
PGIL,20260902,2346.0,2395.8,2322.1,2361.6,74186
PHARMABEES,20260902,28.36,28.36,27.34,27.56,5928234
PHOENIXLTD,20260902,1890.1,1920.1,1870.6,1920.1,200132
PHOENXINTL,20260902,30.7,31.49,29.56,31.39,1386
PICCADIL,20260902,630.75,637.9,620.5,622.25,142699
PIDILITIND,20260902,1639.0,1639.5,1624.1,1637.0,635780
PIGL,20260902,99.51,103.88,98.61,99.28,16989
PIIND,20260902,2376.1,2393.6,2353.5,2393.0,128403
PILANIINVS,20260902,4325.0,4356.2,4270.6,4325.0,987
PILITA,20260902,8.08,8.08,7.77,7.95,29807
PINELABS,20260902,161.5,164.4,158.27,162.32,20367566
PIONEEREMB,20260902,21.51,21.87,21.28,21.4,2023
PIONRINV,20260902,79.5,79.5,75.53,76.43,1221
PIRAMALFIN,20260902,2204.0,2219.6,2165.9,2186.5,588816
PITTIENG,20260902,1071.7,1103.0,1055.0,1093.0,71422
PIXTRANS,20260902,1780.5,1787.9,1757.9,1766.9,8408
PKTEA,20260902,719.2,745.0,700.0,728.65,176
PLASTIBLEN,20260902,184.15,186.72,181.8,183.39,15465
PLATIND,20260902,225.1,230.99,219.0,229.69,61075
PLAZACABLE,20260902,58.89,61.86,55.98,61.8,303102
PML,20260902,486.0,490.0,481.0,483.85,99
PNB,20260902,114.65,117.25,113.92,117.0,21100041
PNBGILTS,20260902,76.44,80.8,75.52,78.19,530316
PNBHOUSING,20260902,1148.0,1148.0,1125.4,1141.0,446878
PNC,20260902,17.5,17.5,15.96,16.37,39970
PNCINFRA,20260902,188.75,190.19,179.5,180.89,859041
PNGJL,20260902,586.7,593.9,563.1,592.1,1137103
PNGSREVA,20260902,508.0,527.4,488.0,521.7,194259
POCL,20260902,484.75,494.2,475.0,479.2,323807
PODDARMENT,20260902,256.05,257.95,250.3,253.9,2199
POEL,20260902,148.0,151.54,140.6,144.62,30475
POKARNA,20260902,838.0,844.9,825.3,839.35,31652
POLICYBZR,20260902,1829.0,1860.0,1810.0,1851.9,610594
POLYCAB,20260902,8876.5,8933.0,8732.0,8804.0,434543
POLYMED,20260902,1750.0,1858.0,1739.6,1783.8,744104
POLYPLEX,20260902,1182.1,1194.7,1172.1,1190.4,46020
POLYSPIN,20260902,29.99,29.99,28.56,28.77,230
PONNIERODE,20260902,375.85,403.75,375.85,399.05,35699
POONAWALLA,20260902,458.0,461.2,450.6,459.65,473536
POWERGRID,20260902,264.0,268.35,262.4,266.8,9068868
POWERICA,20260902,510.0,510.9,490.65,494.55,98400
POWERINDIA,20260902,32595.0,32595.0,31750.0,32200.0,84787
POWERMECH,20260902,2473.3,2479.0,2435.0,2440.0,26551
PPAP,20260902,269.0,269.0,256.25,261.05,14487
PPL,20260902,258.2,259.45,254.0,257.1,21504
PPLPHARMA,20260902,212.84,217.82,211.36,213.78,3102064
PRABHA,20260902,214.09,218.8,207.32,216.27,161854
PRADPME,20260902,490.0,497.9,483.0,497.9,2320
PRAENG,20260902,24.98,26.19,24.42,24.86,407368
PRAJIND,20260902,339.0,341.65,328.1,334.5,633023
PRAKASH,20260902,125.15,125.89,124.0,124.34,196922
PRAKASHSTL,20260902,3.88,3.92,3.79,3.8,158017
PRAVEG,20260902,263.0,265.0,260.05,260.85,16745
PRAXIS,20260902,4.69,4.71,4.46,4.46,186357
PRECAM,20260902,123.6,130.0,119.49,122.87,139788
PRECOT,20260902,686.0,702.4,686.0,692.2,1212
PRECWIRE,20260902,493.55,502.2,478.9,483.1,604171
PREMCO,20260902,383.0,394.05,380.7,383.75,1114
PREMEXPLN,20260902,702.5,702.5,666.1,668.8,817689
PREMIER,20260902,2.9,2.9,2.76,2.76,5669
PREMIERENE,20260902,1012.9,1012.9,998.0,1000.0,827532
PREMIERPOL,20260902,90.3,92.19,89.02,89.79,163733
PRESTIGE,20260902,1562.2,1582.0,1521.8,1582.0,546247
PRICOLLTD,20260902,796.2,796.2,762.0,767.75,545899
PRIMESECU,20260902,284.9,291.65,279.7,287.3,89913
PRIMO,20260902,21.25,21.44,20.31,20.8,121947
PRINCEPIPE,20260902,292.0,292.45,284.0,285.0,122407
PRISMX,20260902,0.55,0.55,0.51,0.51,148588
PRITI,20260902,33.99,33.99,33.25,33.25,3141
PRITIKAUTO,20260902,16.8,16.99,16.16,16.32,111868
PRIVISCL,20260902,3323.6,3397.8,3303.3,3335.3,63594
PROSTARM,20260902,132.23,134.17,130.56,131.56,112415
PROTEAN,20260902,510.0,511.0,496.2,497.65,320935
PROZONER,20260902,44.1,47.48,44.1,46.49,498977
PRSMJOHNSN,20260902,111.5,112.2,110.14,111.64,243544
PRUDENT,20260902,3341.0,3341.0,3215.0,3237.4,28548
PRUDMOULI,20260902,15.8,16.2,15.75,15.81,3073
PSB,20260902,22.58,22.72,22.09,22.58,1678778
PSPPROJECT,20260902,867.0,887.9,848.7,858.0,79009
PSUBANK,20260902,84.5,85.65,84.4,85.25,743798
PSUBANKADD,20260902,85.38,86.44,85.13,85.97,42893
PSUBNKBEES,20260902,94.26,95.57,94.08,94.77,1041734
PSUBNKIETF,20260902,85.86,86.82,85.5,86.04,88783
PTC,20260902,155.0,155.9,153.41,155.44,761035
PTCIL,20260902,22685.0,22980.0,22335.0,22715.0,33761
PTL,20260902,38.35,38.59,38.15,38.45,27631
PUNJABCHEM,20260902,1113.1,1118.4,1088.4,1093.4,3693
PURVA,20260902,214.0,214.0,208.2,209.79,102085
PVP,20260902,61.81,62.0,61.81,61.81,700698
PVRINOX,20260902,1231.7,1231.7,1207.0,1210.0,311807
PVSL,20260902,105.0,105.0,98.1,102.39,30147
PVTBANIETF,20260902,28.62,28.62,27.79,27.84,3650705
PVTBANK,20260902,27.62,27.75,27.6,27.6,2433
PVTBANKADD,20260902,28.05,28.15,27.95,28.02,28206
PVTBKGROWW,20260902,27.66,27.95,27.41,27.76,11623
PWL,20260902,114.5,116.24,112.39,115.47,5535743
PYRAMID,20260902,159.66,159.66,154.82,155.64,42803
QGOLDHALF,20260902,124.31,125.3,123.06,123.84,375724
QMSMEDI,20260902,160.0,161.99,157.75,158.33,12338
QNIFTY,20260902,267.5,267.5,262.17,263.41,6966
QPOWER,20260902,1488.2,1500.0,1450.0,1455.6,190928
QUADFUTURE,20260902,412.0,429.7,412.0,415.0,294548
QUAL30IETF,20260902,21.27,21.27,20.99,21.1,186417
QUALITY30,20260902,20.69,20.85,20.65,20.74,6019
QUESS,20260902,378.0,382.0,363.5,379.25,401103
QUICKHEAL,20260902,138.66,138.66,136.05,137.96,34614
QUINT,20260902,40.1,40.29,38.75,39.44,1281
RACE,20260902,102.5,102.5,98.5,100.36,12224
RACLGEAR,20260902,1530.0,1560.0,1485.0,1516.6,23651
RADAAN,20260902,2.73,3.0,2.73,2.88,27131
RADHIKAJWE,20260902,71.0,73.9,70.55,71.6,1365803
RADIANTCMS,20260902,39.6,39.9,38.9,39.18,254057
RADICO,20260902,4448.6,4476.2,4390.0,4476.2,183742
RADIOCITY,20260902,6.4,6.48,6.21,6.32,33741
RAILTEL,20260902,274.3,275.05,270.5,271.55,303377
RAIN,20260902,205.0,208.7,202.58,205.66,2767223
RAINBOW,20260902,1440.0,1440.0,1421.0,1433.0,38375
RAJESHEXPO,20260902,77.9,79.49,77.0,79.49,300872
RAJMET,20260902,3.09,3.16,3.09,3.1,246319
RAJOOENG,20260902,49.44,49.44,48.06,48.67,79982
RAJPALAYAM,20260902,810.05,810.05,791.9,794.1,839
RAJRATAN,20260902,496.7,496.7,487.55,490.45,31340
RAJRILTD,20260902,22.81,23.15,22.36,22.43,38997
RAJSREESUG,20260902,35.52,36.99,35.33,35.55,25195
RAJTV,20260902,8.93,8.93,8.93,8.93,49994
RALLIS,20260902,206.99,209.97,204.51,209.5,724374
RAMANEWS,20260902,31.8,31.8,30.82,31.2,6736
RAMAPHO,20260902,121.86,124.0,121.1,122.93,6459
RAMASTEEL,20260902,4.17,4.17,4.17,4.17,410347
RAMBHAJO,20260902,233.34,258.99,233.34,246.17,1238324
RAMCOCEM,20260902,878.25,878.25,856.75,864.35,100528
RAMCOIND,20260902,321.6,324.55,317.35,319.5,122658
RAMCOSYS,20260902,590.0,593.0,575.0,579.0,86512
RAMKY,20260902,343.5,343.85,333.0,340.85,22632
RAMRAT,20260902,570.2,577.5,532.3,535.1,400073
RANASUG,20260902,14.78,15.13,14.7,14.9,193282
RANEHOLDIN,20260902,1552.0,1615.0,1538.1,1605.2,10389
RATEGAIN,20260902,907.0,914.7,871.25,875.35,602952
RATNA-RE,20260902,17.5,17.5,16.45,16.45,115644
RATNAMANI,20260902,2610.0,2656.0,2556.0,2634.3,44485
RATNAVEER,20260902,291.3,293.6,282.0,286.15,1974512
RAYMOND,20260902,632.9,674.9,625.3,667.25,2180718
RAYMONDLSL,20260902,631.0,662.9,628.25,650.3,225434
RAYMONDREL,20260902,516.75,528.0,501.05,506.05,529641
RBA,20260902,100.22,100.24,97.5,97.75,2134628
RBLBANK,20260902,377.6,392.7,375.0,389.4,4297189
RBZJEWEL,20260902,176.4,184.67,155.0,161.47,10355122
RCF,20260902,113.96,114.45,112.7,113.94,717999
RCOM,20260902,0.82,0.82,0.78,0.79,3152372
RECLTD,20260902,312.0,318.5,310.4,316.45,4975534
REDINGTON,20260902,344.35,366.7,343.7,363.2,10766413
REDTAPE,20260902,121.0,121.69,118.55,118.99,314900
REFEX,20260902,277.0,282.45,273.0,277.45,212725
REGAAL,20260902,88.0,92.18,85.68,90.78,826348
REGENCERAM,20260902,36.0,36.0,34.0,35.24,1738
RELAXO,20260902,359.0,359.0,344.0,346.4,180409
RELCHEMQ,20260902,113.19,115.79,110.37,111.7,2340
RELIABLE,20260902,138.0,139.9,133.61,138.74,57192
RELIANCE,20260902,1298.0,1321.9,1293.1,1313.1,13497841
RELIGARE,20260902,249.78,251.01,245.42,248.06,576451
RELINFRA,20260902,58.5,59.3,57.05,57.05,333917
RELTD,20260902,152.06,155.49,151.5,152.13,142843
REMSONSIND,20260902,97.44,98.4,94.0,94.88,69007
RENUKA,20260902,24.3,24.41,23.73,23.94,12027252
REPCOHOME,20260902,362.8,362.8,354.2,359.6,76623
REPL,20260902,64.99,67.99,62.65,64.3,1691
REPRO,20260902,328.0,328.0,317.6,318.4,16541
RESPONIND,20260902,149.01,152.0,148.07,150.47,51938
RETAIL,20260902,16.6,18.69,16.6,17.29,11270
RGL,20260902,136.96,139.5,134.8,137.79,523746
RHETAN,20260902,21.03,21.03,21.02,21.02,5392754
RHFL,20260902,1.8,1.8,1.73,1.75,618118
RHIM,20260902,366.6,372.0,361.35,370.5,330000
RHL,20260902,165.25,174.0,164.2,172.71,6533
RICOAUTO,20260902,127.4,127.4,123.48,125.7,757096
RIIL,20260902,744.0,747.8,736.0,743.75,34494
RIR,20260902,158.44,159.0,154.0,157.69,78631
RISHABH,20260902,690.0,753.0,685.85,746.0,1177885
RITCO,20260902,297.3,306.45,294.65,303.8,49466
RITES,20260902,215.33,216.2,211.62,212.6,292047
RKDL,20260902,18.98,18.98,18.1,18.25,8523
RKEC,20260902,21.04,22.5,21.04,21.56,33170
RKFORGE,20260902,749.0,749.0,723.0,726.1,604068
RKSWAMY,20260902,92.87,93.0,90.51,92.14,19499
RMC,20260902,232.41,232.82,220.05,221.42,83910
RMDRIP,20260902,21.8,22.0,21.0,21.06,326982
RML,20260902,1111.2,1117.9,1100.0,1103.7,9847
RNBDENIMS,20260902,11.37,11.37,11.37,11.37,103008
ROHLTD,20260902,298.05,302.4,295.4,296.8,10656
ROLEXRINGS,20260902,175.55,178.0,171.56,173.01,1140921
ROLLT,20260902,4.01,4.05,3.81,3.98,354271
ROML,20260902,43.15,43.8,42.05,42.13,677
ROSSARI,20260902,477.0,481.95,470.0,476.2,47960
ROSSELLIND,20260902,57.8,59.15,56.75,58.58,57008
ROSSTECH,20260902,1139.9,1159.4,1120.0,1134.0,164242
ROTO,20260902,65.61,65.61,63.5,64.8,244904
ROUTE,20260902,501.1,507.6,495.5,499.7,115619
RPEL,20260902,1729.4,1785.0,1704.2,1774.6,49856
RPGLIFE,20260902,2590.5,2591.3,2550.0,2564.9,7011
RPOWER,20260902,22.13,22.18,21.8,22.05,10033374
RPPINFRA,20260902,56.57,56.63,55.11,55.57,56432
RPPL,20260902,23.0,23.0,22.5,22.89,17997
RPSGVENT,20260902,835.0,844.0,830.05,839.7,14547
RPTECH,20260902,809.1,819.8,802.0,806.1,167976
RRECL,20260902,134.15,139.9,131.05,138.85,539
RRIL,20260902,17.0,17.0,16.5,16.64,6550
RRKABEL,20260902,2869.5,2869.5,2618.0,2630.4,1150212
RSDFIN,20260902,93.0,101.0,93.0,95.37,1895
RSL,20260902,177.0,180.95,175.15,178.98,159908
RSSOFTWARE,20260902,28.75,29.2,27.29,28.54,94746
RSWM,20260902,198.05,206.94,195.0,206.94,59644
RSYSTEMS,20260902,252.0,255.95,248.2,253.96,333125
RTNINDIA,20260902,30.0,30.02,29.35,29.59,1119765
RTNPOWER,20260902,7.46,7.48,7.3,7.39,15138484
RTSPOWR,20260902,90.0,90.0,87.34,88.66,1028
RUBFILA,20260902,68.48,69.5,65.59,66.21,76795
RUBICON,20260902,1822.2,1839.0,1799.7,1828.8,123136
RUBYMILLS,20260902,382.2,399.0,375.0,396.8,5981
RUCHINFRA,20260902,5.65,5.68,5.31,5.53,46520
RUCHIRA,20260902,102.9,103.08,102.1,102.67,7739
RUDRA,20260902,21.21,21.21,20.25,20.72,45235
RUPA,20260902,145.67,145.68,142.4,143.15,80144
RUSHIL,20260902,16.31,16.5,16.0,16.09,156900
RUSTOMJEE,20260902,376.05,385.0,370.6,379.15,31294
RVHL,20260902,40.79,41.34,38.16,39.28,2310
RVNL,20260902,207.0,207.0,203.83,206.0,3795701
RVTH,20260902,725.05,738.85,704.15,723.85,707
S&SPOWER,20260902,338.4,338.4,320.0,322.0,898
SAATVIKGL,20260902,416.6,421.15,412.55,417.25,32529
SADBHAV,20260902,8.43,8.43,7.9,8.07,711395
SADBHIN,20260902,2.58,2.66,2.51,2.58,76195
SADHNANIQ,20260902,2.71,2.71,2.71,2.71,827739
SAFARI,20260902,1534.0,1534.0,1490.7,1497.2,27131
SAGARDEEP,20260902,23.76,24.0,23.6,23.66,2274
SAGCEM,20260902,157.0,158.54,155.0,155.63,29660
SAGILITY,20260902,46.0,46.98,45.82,46.7,16448512
SAHLIBHFI,20260902,82.0,89.5,80.0,86.36,1697290
SAHYADRI,20260902,352.85,362.25,348.0,356.2,17544
SAICAPI,20260902,144.1,146.3,140.0,140.0,863
SAIL,20260902,192.21,198.39,190.27,196.5,19458118
SAILIFE,20260902,1518.1,1595.0,1509.0,1587.0,2747154
SAIPARENT,20260902,515.75,518.95,512.05,515.55,44100
SAKAR,20260902,993.0,1024.0,975.5,985.8,385693
SAKHTISUG,20260902,20.5,20.99,20.1,20.37,176853
SAKSOFT,20260902,154.22,154.44,149.33,150.38,387000
SAKUMA,20260902,1.62,1.64,1.57,1.6,1107702
SALASAR,20260902,5.84,5.84,5.58,5.65,7181900
SALONA,20260902,274.95,274.95,260.05,262.45,205
SALSTEEL,20260902,81.99,86.25,78.76,82.04,1174529
SALZERELEC,20260902,537.0,543.0,526.0,535.85,60215
SAMBANDAM,20260902,113.49,114.45,113.49,114.45,84
SAMBHAAV,20260902,6.0,6.2,5.73,6.0,9375
SAMBHV,20260902,126.6,128.55,125.12,126.18,914541
SAMHI,20260902,152.5,153.95,150.55,151.45,830168
SAMMAANCAP,20260902,146.4,153.4,144.5,152.31,10530796
SAMPANN,20260902,24.9,24.9,24.1,24.33,14882
SANATHAN,20260902,439.1,444.85,425.05,434.0,60244
SANDESH,20260902,1079.9,1079.9,1038.2,1050.0,1835
SANDHAR,20260902,651.0,653.75,629.05,633.75,168187
SANDUMA,20260902,199.0,199.32,196.2,197.0,381024
SANGAMIND,20260902,583.75,586.9,565.1,569.8,65448
SANGHVIMOV,20260902,455.0,464.3,444.0,452.3,292649
SANGINITA,20260902,60.0,61.69,55.85,57.2,2064599
SANOFI,20260902,3155.0,3186.0,3134.5,3157.4,13872
SANOFICONR,20260902,4140.0,4220.3,4070.1,4182.4,4642
SANSERA,20260902,3883.5,3925.5,3782.0,3810.6,137509
SANSTAR,20260902,106.79,110.5,105.55,109.91,157555
SANWARIA,20260902,0.2,0.2,0.19,0.19,343892
SAPPHIRE,20260902,230.0,230.38,224.18,228.21,683474
SAPPL,20260902,281.25,288.95,275.0,280.0,2539
SARDAEN,20260902,491.1,496.1,489.5,491.05,130326
SAREGAMA,20260902,491.35,491.35,476.15,477.3,358580
SARLAPOLY,20260902,103.81,103.81,101.5,102.46,36715
SARVESHWAR,20260902,3.34,3.36,3.3,3.34,908268
SASKEN,20260902,1902.5,1934.9,1870.0,1885.5,15405
SATIA,20260902,57.03,57.49,56.45,57.12,36353
SATIN,20260902,216.0,219.9,214.91,218.52,153677
SAURASHCEM,20260902,55.56,55.99,55.05,55.22,46410
SAYAJIHOTL,20260902,313.95,313.95,303.0,303.0,12
SAYAJIIND,20260902,114.26,119.89,114.25,117.48,326
SBC,20260902,42.23,43.0,42.0,42.81,7904399
SBCL,20260902,1032.5,1060.9,1025.0,1050.9,240612
SBFC,20260902,100.99,101.49,96.9,99.23,1753870
SBGLP,20260902,24.94,24.94,22.59,23.29,37505
SBIBPB,20260902,50.63,50.63,48.4,49.25,59438
SBICARD,20260902,630.0,642.3,622.2,635.15,1969265
SBIETFCON,20260902,122.57,122.57,119.62,121.2,111337
SBIETFIT,20260902,349.94,349.94,340.82,343.34,15075
SBIETFPB,20260902,285.61,285.61,281.24,282.98,3085
SBIETFQLTY,20260902,222.55,222.64,221.0,222.4,3784
SBIFUNDS,20260902,565.9,566.1,557.3,564.7,772367
SBILIFE,20260902,1730.0,1738.4,1716.0,1719.9,671784
SBILIQETF,20260902,1054.31,1054.33,1054.3,1054.3,345377
SBIMIDMOM,20260902,63.89,63.89,63.07,63.59,85571
SBIN,20260902,1026.0,1035.3,1017.3,1020.9,13843678
SBINEQWETF,20260902,33.28,33.67,33.0,33.13,10591
SBINMID150,20260902,23.43,23.67,23.01,23.12,18181
SBISILVER,20260902,222.6,223.11,219.27,220.81,902253
SBISMLETF,20260902,18.45,18.58,18.16,18.24,50460
SBIVALETF,20260902,14.71,14.71,14.51,14.65,13175
SCANSTL,20260902,56.52,59.7,55.0,58.02,28324
SCHAEFFLER,20260902,4000.0,4014.0,3944.1,3967.1,47965
SCHAND,20260902,133.55,135.75,131.36,134.2,26812
SCHNEIDER,20260902,1185.0,1185.0,1150.0,1169.5,190208
SCI,20260902,285.5,298.75,282.6,288.2,4450212
SCILAL,20260902,39.9,39.98,39.2,39.47,179599
SCODATUBES,20260902,130.62,131.46,127.24,128.61,121615
SCPL,20260902,631.0,648.0,622.25,637.2,6415
SDBL,20260902,71.09,73.0,70.31,72.58,320158
SEAMECLTD,20260902,1670.7,1749.0,1663.1,1735.7,168329
SECMARK,20260902,142.4,144.13,137.0,142.78,5992
SECURKLOUD,20260902,17.83,17.83,17.1,17.35,4671
SEDEMAC,20260902,2954.0,2970.0,2845.6,2866.5,226318
SEIL,20260902,199.5,205.2,196.66,201.56,644724
SEJALLTD,20260902,670.5,686.85,658.0,672.85,5960
SEKURITIND,20260902,117.99,119.0,113.21,113.7,15293
SELECTIPO,20260902,48.48,48.48,47.97,48.42,68948
SELMC,20260902,27.1,28.2,26.56,27.43,5527
SENCO,20260902,351.0,351.95,342.7,348.6,564599
SENORES,20260902,1454.7,1478.8,1440.2,1449.5,170199
SENSEXADD,20260902,78.88,79.13,78.76,79.03,484
SENSEXAXIS,20260902,79.0,79.7,79.0,79.56,799
SENSEXBETA,20260902,852.64,852.64,846.0,846.66,1320
SENSEXETF,20260902,81.33,81.33,78.63,78.96,19959
SENSEXIETF,20260902,884.01,886.99,876.11,881.04,28372
SEPC,20260902,5.37,5.55,5.26,5.43,9018965
SERVOTECH,20260902,78.58,79.9,77.05,79.47,308764
SESHAPAPER,20260902,232.85,232.85,227.5,229.67,37976
SETCO,20260902,17.67,18.35,17.15,17.51,43962
SETF10GILT,20260902,265.01,265.01,262.1,263.88,2249
SETFGOLD,20260902,128.09,128.1,126.07,127.44,7037496
SETFNIF50,20260902,258.44,258.45,256.67,257.65,1118456
SETFNIFBK,20260902,587.01,588.9,585.38,587.97,53449
SETFNN50,20260902,779.22,781.94,772.0,779.13,34177
SETL,20260902,389.95,389.95,370.5,374.95,882005
SETUINFRA,20260902,0.53,0.53,0.53,0.53,24242
SEYAIND,20260902,12.17,12.25,12.05,12.25,3788
SFL,20260902,648.0,656.95,634.3,646.85,183379
SGFIN,20260902,682.35,687.55,666.25,674.6,116799
SGIL,20260902,603.25,607.7,580.55,590.65,6679
SGL,20260902,10.21,10.94,10.11,10.21,3454
SGLRES,20260902,2.42,2.43,2.31,2.33,12072
SGMART,20260902,837.55,845.1,821.3,827.2,112710
SGRL,20260902,661.6,697.95,661.6,685.65,29477
SHADOWFAX,20260902,257.4,257.4,251.5,253.55,1855864
SHAH,20260902,3.67,3.68,3.5,3.57,976261
SHAHALLOYS,20260902,109.5,115.4,106.0,112.46,223823
SHAILY,20260902,3220.1,3287.5,3147.0,3172.5,151078
SHAKTIPUMP,20260902,475.3,477.95,470.25,472.35,254955
SHALBY,20260902,154.25,155.01,148.22,151.33,95389
SHALPAINTS,20260902,79.06,79.75,76.6,77.67,67729
SHANKARA,20260902,147.0,148.48,145.41,147.33,85064
SHANKESH,20260902,91.1,98.72,90.11,97.95,9301184
SHANTI,20260902,6.47,6.66,6.07,6.29,13911
SHANTIGEAR,20260902,530.0,535.0,520.0,529.85,71215
SHANTIGOLD,20260902,235.0,245.0,234.66,243.3,1230246
SHARDACROP,20260902,786.1,788.85,777.0,778.3,59207
SHARDAMOTR,20260902,888.25,890.5,869.2,875.7,33554
SHARDUL,20260902,51.9,53.38,51.9,53.03,12696
SHAREINDIA,20260902,170.27,170.63,167.78,168.48,135258
SHARIABEES,20260902,457.51,466.75,455.01,456.97,8412
SHBAJRG,20260902,162.98,162.99,153.15,155.07,5047
SHEKHAWATI,20260902,15.95,15.95,15.19,15.3,10798
SHEMAROO,20260902,122.36,127.89,122.36,126.78,7971
SHERVANI,20260902,307.2,346.15,307.2,342.75,58
SHILCTECH,20260902,3994.0,4019.7,3942.0,3995.4,17768
SHILGRAVQ,20260902,153.0,155.9,151.5,155.12,1033
SHILPAMED,20260902,889.0,930.85,887.05,928.55,1465404
SHINDL,20260902,162.59,168.96,159.11,160.68,311659
SHIPROCKET,20260902,134.8,137.77,131.7,133.82,7254180
SHIVAAGRO,20260902,39.7,40.97,37.0,40.8,1056
SHIVACEM,20260902,16.39,16.39,15.62,15.99,41292
SHIVALIK,20260902,344.3,344.3,321.15,325.85,41241
SHIVAMAUTO,20260902,18.37,18.37,17.53,17.85,41911
SHIVAMILLS,20260902,60.8,62.1,59.61,61.15,534
SHIVATEX,20260902,177.44,184.9,175.98,180.51,6823
SHIVAUM,20260902,483.9,483.9,423.05,448.2,109000
SHK,20260902,148.5,149.16,145.53,148.37,594034
SHOPERSTOP,20260902,387.85,391.65,378.0,381.25,15781
SHRADDHA,20260902,164.0,164.0,153.96,157.89,4640
SHRADHA,20260902,31.85,32.0,31.55,31.63,5791
SHREDIGCEM,20260902,73.82,75.4,70.15,70.95,225107
SHREECEM,20260902,23450.0,23680.0,23060.0,23680.0,17542
SHREEJISPG,20260902,635.1,654.7,635.1,643.4,772101
SHREEPUSHK,20260902,464.45,477.2,455.75,468.05,71193
SHREERAMA,20260902,41.25,41.99,40.81,41.13,40231
SHRENIK,20260902,0.3,0.3,0.28,0.28,286599
SHREYANIND,20260902,126.3,127.06,125.0,125.71,4428
SHRIKRISH,20260902,37.49,40.0,37.49,39.81,908
SHRINGARMS,20260902,215.97,218.39,213.6,216.23,144996
SHRIPISTON,20260902,4570.0,4613.0,4422.2,4600.4,95112
SHRIRAMFIN,20260902,1048.0,1048.0,1026.1,1047.0,6535021
SHRIRAMPPS,20260902,76.0,76.41,75.11,75.68,245690
SHRJAGP,20260902,623.0,625.0,604.0,615.55,896
SHUKRAPHAR,20260902,44.52,47.24,44.52,46.79,2933344
SHYAMCENT,20260902,5.19,5.19,4.85,5.02,40748
SHYAMMETL,20260902,1078.0,1079.9,1067.1,1072.6,102401
SHYAMTEL,20260902,12.02,12.02,11.0,11.12,27921
SICAGEN,20260902,56.0,58.25,54.91,57.93,50178
SICALLOG,20260902,103.5,103.7,103.5,103.7,24246
SIEL,20260902,33.31,33.31,30.9,32.5,423
SIEMENS,20260902,4024.9,4029.0,3966.2,4018.9,263290
SIGACHI,20260902,31.73,32.85,31.4,32.53,1728224
SIGIND,20260902,68.8,72.5,68.8,71.58,26413
SIGMA,20260902,47.5,47.5,46.41,46.85,54352
SIGMAADV,20260902,778.05,787.8,750.25,772.95,169732
SIGNATURE,20260902,772.3,773.1,760.15,765.3,177375
SIGNPOST,20260902,252.3,255.0,241.0,242.7,164552
SIKA,20260902,1014.9,1014.9,977.55,987.4,16813
SIKKO,20260902,5.11,5.34,4.92,5.19,515912
SIL,20260902,20.0,20.1,19.25,19.67,58178
SILGO,20260902,71.04,72.59,70.03,71.89,317809
SILINV,20260902,481.3,491.0,470.3,477.65,2397
SILLYMONKS,20260902,16.4,16.4,15.9,15.99,107
SILVER,20260902,226.99,226.99,224.1,225.17,697460
SILVER001,20260902,23.46,23.47,22.56,22.79,60488
SILVER1,20260902,22.09,22.09,21.61,21.87,6245962
SILVER360,20260902,222.55,224.43,221.54,222.54,30512
SILVERADD,20260902,21.8,21.85,21.64,21.71,2578958
SILVERAG,20260902,218.7,220.71,218.54,219.49,297870
SILVERAXIS,20260902,225.12,225.37,223.38,223.98,441304
SILVERBEES,20260902,214.79,216.79,214.03,215.45,18590941
SILVERBETA,20260902,220.0,220.0,216.71,217.48,818352
SILVERBND,20260902,226.5,227.98,225.52,226.02,22114
SILVERCASE,20260902,23.5,23.5,22.65,22.83,7130133
SILVERIETF,20260902,222.4,231.9,222.4,225.65,3634029
SILVERTUC,20260902,171.5,175.74,169.22,173.81,385462
SIMBHALS,20260902,8.25,8.25,8.11,8.11,11462
SIMPLEXINF,20260902,256.6,267.8,252.55,265.2,109146
SINCLAIR,20260902,82.1,84.5,82.1,82.67,41291
SINDHUTRAD,20260902,24.48,24.48,23.61,23.86,833375
SINGERIND,20260902,75.9,75.9,74.42,74.64,34572
SINTERCOM,20260902,78.4,78.5,76.31,76.54,1004
SIRCA,20260902,431.0,433.8,427.0,431.25,174471
SIS,20260902,430.9,435.0,422.45,430.0,369279
SITINET,20260902,0.3,0.3,0.29,0.29,891034
SIYSIL,20260902,553.55,558.7,542.15,550.35,39032
SJS,20260902,2460.1,2460.1,2374.6,2403.8,96297
SJVN,20260902,64.31,64.84,63.8,63.92,1760999
SKFINDIA,20260902,1532.0,1560.0,1508.0,1532.1,28428
SKFINDUS,20260902,2958.0,3082.9,2935.6,3039.2,78757
SKIPPER,20260902,531.0,541.95,524.05,537.15,754042
SKMEGGPROD,20260902,262.2,266.6,258.9,261.75,186842
SKYGOLD,20260902,777.0,780.25,747.0,753.1,1060004
SKYWAYS,20260902,128.0,132.99,128.0,129.31,17596762
SMALL250,20260902,18.81,18.81,18.2,18.34,385602
SMALLADD,20260902,18.59,18.59,18.25,18.33,46783
SMALLCAP,20260902,49.37,49.37,48.26,48.47,1242548
SMALLGROWW,20260902,49.54,49.54,48.44,48.58,10965
SMALLIETF,20260902,18.47,18.5,18.21,18.33,62585
SMARTLINK,20260902,207.6,222.9,205.0,209.37,6540
SMARTWORKS,20260902,525.9,533.0,522.0,525.45,41047
SMCGLOBAL,20260902,79.85,79.9,78.31,79.37,263104
SML100CASE,20260902,11.53,11.53,11.16,11.24,1173683
SMLMAH,20260902,5400.0,5650.0,5300.0,5318.5,157903
SMLT,20260902,64.2,67.0,64.0,64.61,8912
SMSPHARMA,20260902,367.0,376.0,362.1,373.05,176928
SNOWMAN,20260902,36.68,36.8,35.75,36.07,121902
SNXT30BEES,20260902,42.41,42.6,42.15,42.6,18341
SNXT50BETA,20260902,94.15,95.35,93.01,94.97,1391
SOBHA,20260902,1249.0,1249.9,1221.0,1230.1,75521
SOFTTECH,20260902,425.0,425.0,412.45,412.9,1513
SOLARA,20260902,647.9,649.8,632.35,640.35,350170
SOLARINDS,20260902,19970.0,20610.0,19810.0,20600.0,139030
SOLARWORLD,20260902,145.34,145.34,140.5,142.83,213492
SOLEX,20260902,728.25,728.7,705.1,712.95,32821
SOMANYCERA,20260902,565.0,576.8,560.25,570.1,180890
SOMATEX,20260902,88.3,88.34,88.3,88.34,9355
SOMICONVEY,20260902,90.62,91.4,89.55,90.45,8346
SONACOMS,20260902,803.0,803.0,773.4,782.65,3609368
SONAL,20260902,86.87,88.99,86.87,88.99,16
SONAMLTD,20260902,70.49,72.43,68.63,71.44,212626
SONATSOFTW,20260902,288.0,290.95,282.0,289.3,813831
SOTL,20260902,780.95,797.0,735.0,752.6,5145071
SOUTHBANK,20260902,45.75,45.95,45.39,45.74,5752468
SOUTHWEST,20260902,208.53,208.53,204.81,206.38,61416
SPAL,20260902,1021.3,1085.0,1011.8,1072.4,144792
SPANDANA,20260902,236.54,236.54,232.5,235.98,77756
SPARC,20260902,196.8,207.8,194.77,199.58,2409904
SPCENET,20260902,3.28,3.28,3.09,3.1,1503707
SPECIALITY,20260902,138.1,140.05,135.2,138.09,46224
SPECTRUM,20260902,2100.0,2180.0,2072.2,2148.3,6134
SPELS,20260902,151.0,151.0,145.0,148.68,25327
SPENCERS,20260902,29.1,29.61,28.4,28.51,36449
SPIC,20260902,68.7,69.8,67.61,69.09,471117
SPLIL,20260902,31.52,32.69,30.65,31.45,7069
SPLPETRO,20260902,718.05,724.25,713.4,721.85,83706
SPMLINFRA,20260902,179.71,179.71,172.55,174.24,201362
SPORTKING,20260902,230.9,232.9,221.51,225.74,306220
SRD,20260902,39.98,39.98,38.0,38.63,38691
SREEL,20260902,247.32,264.4,247.32,253.7,19178
SRF,20260902,2575.0,2598.4,2557.1,2598.4,129379
SRGHFL,20260902,254.1,258.0,246.1,246.85,1741
SRHHYPOLTD,20260902,494.3,500.0,489.8,498.2,7917
SRIKPRIND,20260902,27.1,30.42,27.0,30.42,221530
SRM,20260902,447.0,462.4,434.95,458.3,100666
SRTL,20260902,38.39,38.77,36.7,36.99,108713
SSDL,20260902,56.23,57.08,55.94,56.03,12140
SSWL,20260902,353.25,355.9,338.4,349.7,4499959
STALLION,20260902,207.11,215.0,205.3,212.45,362563
STANLEY,20260902,137.72,137.72,134.01,135.41,48527
STAR,20260902,1009.4,1050.1,1009.4,1047.8,327406
STARCEMENT,20260902,185.4,185.63,182.41,184.1,106376
STARHEALTH,20260902,554.3,567.25,551.0,562.95,246774
STARPAPER,20260902,152.0,152.0,145.5,147.16,6997
STARTECK,20260902,249.15,249.15,245.35,247.9,25
STCINDIA,20260902,115.52,115.89,112.0,112.97,51290
STEELCAS,20260902,340.0,342.55,327.0,330.75,61704
STEELCITY,20260902,84.78,84.78,82.0,82.31,5769
STEELXIND,20260902,10.68,10.73,10.5,10.61,2631091
STEL,20260902,631.55,631.55,598.0,601.45,2919
STERTOOLS,20260902,212.0,223.48,211.5,220.06,28250
STLNETWORK,20260902,27.16,28.24,26.71,28.01,1379678
STLSTRINF,20260902,19.0,19.84,18.45,19.57,1251
STLTECH,20260902,680.1,725.4,665.5,714.35,1724135
STOVEKRAFT,20260902,851.55,858.8,834.55,844.4,120280
STUDDS,20260902,436.95,441.3,428.9,433.4,60119
STYL,20260902,388.6,392.2,378.05,386.0,80614
STYLAMIND,20260902,3322.1,3417.7,3239.6,3264.8,39966
STYLEBAAZA,20260902,396.7,405.0,386.8,395.45,1012868
STYRENIX,20260902,2002.8,2038.0,1982.0,1990.8,49695
SUBEXLTD,20260902,17.91,17.98,17.5,17.57,1683676
SUBROS,20260902,714.4,714.45,704.05,706.8,37033
SUDARCOLOR,20260902,378.7,395.0,378.4,388.75,5938
SUDARSCHEM,20260902,1226.0,1252.8,1210.5,1245.8,376056
SUDEEPPHRM,20260902,1245.0,1292.4,1221.2,1234.0,344574
SUKHJITS,20260902,158.0,160.0,157.51,157.74,10837
SULA,20260902,148.4,149.0,145.71,148.36,207531
SUMEDHA,20260902,40.49,40.49,39.0,39.07,520
SUMEETINDS,20260902,11.45,11.56,11.09,11.34,2604502
SUMICHEM,20260902,513.95,513.95,499.45,505.15,151724
SUMIT,20260902,50.2,50.9,49.96,50.68,17785
SUMMITSEC,20260902,1407.0,1422.3,1400.0,1413.3,1347
SUNCLAY,20260902,1296.7,1296.7,1251.4,1272.6,4019
SUNDARAM,20260902,1.22,1.26,1.22,1.23,361250
SUNDARMFIN,20260902,4539.0,4614.9,4525.0,4557.2,35627
SUNDRMBRAK,20260902,750.0,761.3,740.2,748.0,875
SUNDRMFAST,20260902,1204.7,1215.4,1187.1,1200.7,77604
SUNDROP,20260902,658.05,658.1,645.8,653.8,6378
SUNFLAG,20260902,339.9,354.2,335.05,347.3,335900
SUNLOC,20260902,79.74,79.74,76.62,79.58,565
SUNPHARMA,20260902,1910.0,1948.5,1910.0,1931.7,1245419
SUNRAKSHAK,20260902,365.8,375.0,363.85,371.55,13513
SUNSHIEL,20260902,1135.1,1179.0,1135.1,1150.0,1386
SUNSHINE,20260902,453.0,473.8,435.6,445.8,2415155
SUNTECK,20260902,301.0,301.0,294.2,295.5,144955
SUNTV,20260902,460.05,462.75,455.25,460.6,270939
SUPERHOUSE,20260902,173.8,173.8,168.1,168.37,3375
SUPERSPIN,20260902,6.68,6.84,6.45,6.51,24050
SUPRAJIT,20260902,506.55,509.7,497.0,501.3,116904
SUPREME,20260902,37.8,38.8,36.0,36.96,51447
SUPREMEENG,20260902,2.93,2.93,2.93,2.93,188995
SUPREMEIND,20260902,3580.0,3584.1,3506.0,3530.6,177650
SUPREMEINF,20260902,85.43,88.04,83.0,84.62,35271
SUPRIYA,20260902,803.0,849.5,800.0,841.2,960564
SUPTANERY,20260902,16.21,16.21,14.67,14.67,663473
SURAJEST,20260902,189.01,190.79,188.0,189.94,78507
SURAJLTD,20260902,205.0,207.9,203.5,204.15,25
SURAKSHA,20260902,336.35,344.55,336.35,340.35,117448
SURANASOL,20260902,26.39,26.62,25.85,26.07,31079
SURANAT&P,20260902,16.08,16.75,15.8,16.03,17916
SURYALA,20260902,419.75,419.75,389.0,414.95,3061
SURYALAXMI,20260902,61.2,62.39,60.01,60.6,3224
SURYAROSNI,20260902,218.3,219.0,213.11,216.3,303758
SURYODAY,20260902,151.0,152.95,149.08,151.81,150284
SUTLEJTEX,20260902,39.2,39.5,38.5,38.77,25954
SUVEN,20260902,379.0,387.95,370.1,372.85,556245
SUVIDHAA,20260902,2.18,2.19,1.77,2.11,288944
SUYOG,20260902,737.75,751.5,721.0,731.35,19234
SUZLON,20260902,46.39,46.39,45.46,45.46,52679194
SVGLOBAL,20260902,127.7,132.54,115.0,120.01,1146
SVLL,20260902,838.0,838.0,800.0,807.0,2150
SVPGLOB,20260902,3.79,3.79,3.61,3.62,15878
SWANCORP,20260902,286.4,287.7,282.2,285.4,479500
SWANDEF,20260902,2427.0,2480.0,2314.0,2444.7,20462
SWARAJ,20260902,367.85,367.85,356.15,357.4,82430
SWARAJENG,20260902,3537.7,3553.9,3501.0,3540.9,7376
SWARNSAR,20260902,34.75,34.76,34.03,34.11,3122
SWELECTES,20260902,582.5,592.5,571.1,584.35,15634
SWIGGY,20260902,270.0,270.1,264.55,267.7,16995573
SWISSMLTRY,20260902,15.99,16.36,15.51,15.89,51395
SWSOLAR,20260902,187.0,188.0,183.53,187.16,703828
SYMBIOTEC,20260902,1110.0,1161.0,1085.1,1092.8,7998317
SYMPHONY,20260902,575.75,575.75,564.0,567.75,56565
SYNCOMF,20260902,20.07,21.65,19.64,21.39,28986293
SYNGENE,20260902,400.0,403.95,397.1,398.6,593732
SYRMA,20260902,1439.5,1457.5,1427.7,1434.0,785469
SYSTMTXC,20260902,55.4,58.0,55.4,56.82,1376
TAALTECH,20260902,4210.0,4421.9,4210.0,4399.6,3630
TAINWALCHM,20260902,210.04,212.5,206.1,207.48,2536
TAJGVK,20260902,326.6,344.8,322.5,343.45,101607
TAKE,20260902,13.86,13.86,13.86,13.86,129454
TALBROAUTO,20260902,410.55,417.0,405.0,407.4,74903
TAMBOLIIN,20260902,248.0,253.0,248.0,253.0,1089
TANAA,20260902,289.95,290.0,280.5,281.5,8882
TANLA,20260902,535.0,536.4,526.8,527.85,296338
TARACHAND,20260902,47.7,48.0,46.55,47.63,49634
TARAPUR,20260902,13.65,13.65,12.67,13.04,37307
TARC,20260902,121.21,122.23,118.81,121.29,872528
TARIL,20260902,307.15,307.2,301.0,302.0,992101
TARMAT,20260902,58.89,64.45,57.5,62.78,84089
TARSONS,20260902,344.0,346.9,337.0,345.35,113735
TASTYBITE,20260902,9918.0,10050.0,9756.0,10008.0,2420
TATACAP,20260902,365.0,367.65,361.2,364.75,695696
TATACHEM,20260902,632.8,635.25,625.6,633.95,529669
TATACOMM,20260902,1733.0,1733.0,1692.2,1710.0,505913
TATACONSUM,20260902,1025.5,1027.4,1008.3,1012.0,1052859
TATAELXSI,20260902,3608.1,3627.1,3535.0,3609.0,181417
TATAGOLD,20260902,14.36,14.69,14.33,14.53,55019240
TATAINVEST,20260902,631.1,633.45,624.9,628.1,112437
TATAPOWER,20260902,349.0,364.0,347.15,364.0,12229632
TATASTEEL,20260902,182.5,184.06,181.44,183.85,19496175
TATATECH,20260902,814.95,818.7,795.0,813.25,947143
TATSILV,20260902,21.52,22.63,21.52,21.88,32620921
TATVA,20260902,1605.0,1639.8,1563.6,1616.9,41870
TBOTEK,20260902,1724.0,1729.0,1667.3,1700.0,156687
TBZ,20260902,380.0,430.0,379.05,418.25,27976693
TCC,20260902,227.44,238.33,225.55,233.31,267452
TCI,20260902,885.0,899.25,867.0,869.1,14924
TCIEXP,20260902,536.15,558.0,532.2,544.35,61910
TCIFINANCE,20260902,15.05,15.25,15.05,15.2,7965
TCPLPACK,20260902,3858.8,4038.2,3826.0,4000.3,12897
TCS,20260902,2347.9,2363.0,2303.5,2348.0,2533005
TDPOWERSYS,20260902,753.0,758.9,733.0,735.05,1116065
TEAMGTY,20260902,246.1,246.1,235.0,244.44,211
TEAMLEASE,20260902,1271.0,1274.0,1241.3,1252.7,14205
TECH,20260902,34.49,34.66,33.56,34.14,107714
TECHM,20260902,1630.0,1637.2,1604.5,1623.0,1508528
TECHNOCRAF,20260902,371.95,381.0,368.35,376.1,1206752
TECHNOE,20260902,971.5,977.8,958.35,969.95,78529
TECHNVISN,20260902,5055.0,5237.5,5020.5,5112.0,181
TECILCHEM,20260902,9.95,11.1,9.74,9.89,120586
TEGA,20260902,1560.0,1566.0,1534.6,1539.7,60419
TEJASNET,20260902,536.0,553.5,532.0,548.85,2071490
TEMBO,20260902,55.8,57.85,55.5,56.67,4407998
TEMPSENS,20260902,536.0,589.0,535.05,566.3,15878807
TENNIND,20260902,525.0,526.35,497.8,519.8,2271705
TERAI,20260902,134.6,134.6,123.0,133.98,367
TERASOFT,20260902,283.15,294.9,280.1,290.55,15985
TEXINFRA,20260902,113.8,115.98,113.33,113.96,169201
TEXMOPIPES,20260902,45.06,46.49,45.06,45.67,17558
TEXRAIL,20260902,113.7,114.65,111.33,113.65,2481981
TFCILTD,20260902,141.07,147.65,140.75,146.14,14852059
TFL,20260902,11.98,12.78,11.98,12.44,8146
TGBHOTELS,20260902,9.97,9.97,9.11,9.67,24199
TGVSL,20260902,103.64,104.48,102.6,103.35,72480
THACKER,20260902,1090.0,1090.0,1000.0,1000.0,102
THAKDEV,20260902,154.4,154.4,138.05,138.09,1156
THANGAMAYL,20260902,5280.0,5430.0,5176.5,5238.0,116329
THEINVEST,20260902,97.68,97.68,94.6,94.6,2915
THEJO,20260902,2066.0,2115.0,2054.9,2098.7,2835
THELEELA,20260902,570.0,575.0,560.05,569.9,151712
THEMISMED,20260902,123.37,127.95,122.21,124.15,107957
THERMAX,20260902,3888.0,3908.4,3740.2,3752.5,134165
THOMASCOOK,20260902,105.9,109.51,104.16,106.09,1264084
THOMASCOTT,20260902,262.85,268.8,258.8,267.05,18552
THYROCARE,20260902,590.6,590.8,572.4,576.75,344774
TI,20260902,542.5,559.4,531.5,552.35,582156
TICL,20260902,8.38,8.38,8.0,8.23,108161
TIGERLOGS,20260902,28.15,28.45,27.86,28.25,28811
TIIL,20260902,3262.0,3322.4,3234.1,3262.0,40346
TIINDIA,20260902,2748.3,2748.3,2680.5,2720.0,278336
TIJARIA,20260902,7.21,8.05,6.86,7.58,1007554
TIL,20260902,227.1,236.0,227.1,233.34,41589
TIMETECHNO,20260902,189.8,193.2,187.41,188.02,2037704
TIMEX,20260902,645.0,654.95,639.4,643.15,162126
TIMKEN,20260902,3164.6,3209.4,3112.0,3134.5,52088
TINNARUBR,20260902,1019.0,1029.05,994.05,1020.05,32493
TIPSFILMS,20260902,333.45,333.85,324.3,330.45,2364
TIPSMUSIC,20260902,641.05,641.95,628.2,631.45,220603
TIRUMALCHM,20260902,158.61,161.05,155.0,159.82,609306
TIRUPATIFL,20260902,67.5,68.65,66.0,66.33,146320
TITAGARH,20260902,839.45,839.45,819.45,824.95,276233
TITAN,20260902,4972.0,5092.0,4971.5,5074.0,812660
TMB,20260902,905.0,916.0,895.05,906.6,123515
TMCV,20260902,460.0,461.15,444.6,447.45,11505564
TMPV,20260902,307.7,312.95,305.65,312.75,6667459
TNIDETF,20260902,91.5,92.07,90.0,91.29,84293
TNPETRO,20260902,134.33,138.0,132.12,133.73,4876318
TNPL,20260902,148.41,149.49,145.0,145.69,156122
TNTELE,20260902,9.18,9.18,8.83,9.0,23183
TOKYOPLAST,20260902,76.34,78.89,75.01,77.0,344
TOLINS,20260902,93.0,93.0,91.41,91.91,53130
TOP100CASE,20260902,10.5,10.55,10.46,10.51,1011728
TOP10ADD,20260902,90.26,90.26,87.5,87.87,176091
TOP15IETF,20260902,9.83,9.92,9.76,9.8,88734
TOP20,20260902,8.93,8.93,8.85,8.9,72034
TORNTPHARM,20260902,4945.0,5012.0,4932.5,5012.0,295518
TORNTPOWER,20260902,1219.3,1267.7,1217.2,1248.9,1313132
TOTAL,20260902,68.5,70.2,66.2,69.06,5814
TOUCHWOOD,20260902,59.6,59.6,58.1,58.13,659
TOYAMSL,20260902,0.64,0.64,0.62,0.63,284250
TPHQ,20260902,0.59,0.59,0.57,0.57,1294758
TPLPLASTEH,20260902,71.6,72.5,70.0,71.04,110344
TRACXN,20260902,30.01,30.11,30.01,30.02,98120
TRANSCOR,20260902,25.49,25.49,23.0,24.92,5464
TRANSPEK,20260902,1420.0,1420.0,1356.0,1384.9,2669
TRANSRAILL,20260902,433.85,435.0,426.45,427.15,326335
TRANSWORLD,20260902,166.35,166.35,166.35,166.35,3101
TRAVELFOOD,20260902,1270.5,1305.0,1251.1,1273.5,102712
TREEHOUSE,20260902,6.48,6.98,6.05,6.12,13632
TREJHARA,20260902,144.55,148.5,141.11,144.78,18416
TREL,20260902,27.9,27.9,26.34,26.96,128079
TRENT,20260902,2845.0,2873.0,2810.0,2852.3,873641
TRF,20260902,226.04,226.04,222.0,223.64,3808
TRIDENT,20260902,24.0,24.14,23.82,24.06,1848117
TRIGYN,20260902,60.5,60.87,58.71,59.36,37762
TRITONV,20260902,1139.3,1143.6,1120.1,1124.4,900
TRITURBINE,20260902,578.5,581.85,562.2,565.2,367778
TRIVENI,20260902,279.85,285.7,277.25,282.6,1255483
TRU,20260902,4.0,4.1,3.91,4.07,97876
TRUALT,20260902,427.5,432.4,422.45,428.85,67695
TSFINV,20260902,402.45,410.6,398.85,403.15,66092
TTKHLTCARE,20260902,1125.0,1155.0,1115.1,1131.5,27903
TTKPRESTIG,20260902,579.7,593.95,571.95,586.25,41248
TTL,20260902,6.65,6.8,6.45,6.75,158754
TTML,20260902,38.74,38.74,37.81,38.0,1754985
TURTLEMINT,20260902,148.79,148.79,143.0,144.08,580456
TUTIALKA,20260902,60.38,61.6,55.0,61.55,27698
TVSELECT,20260902,422.1,438.4,415.0,420.75,49562
TVSHLTD,20260902,13258.0,13258.0,12931.0,13045.0,5389
TVSMOTOR,20260902,4168.0,4200.0,4064.9,4200.0,1596164
TVSSCS,20260902,125.0,125.45,122.51,124.39,466646
TVSSRICHAK,20260902,5448.0,5529.5,5351.0,5426.0,15811
TVTODAY,20260902,110.01,112.48,110.01,112.12,18298
TVVISION,20260902,3.55,3.55,3.31,3.31,44121
TWCGOLDETF,20260902,150.99,154.77,148.17,149.01,3571
UBL,20260902,1310.0,1310.0,1276.4,1282.6,60937
UCAL,20260902,146.0,149.45,145.52,148.11,12495
UCOBANK,20260902,24.59,24.79,24.3,24.39,6678091
UDAYJEW,20260902,135.4,138.9,132.1,133.31,7761
UDS,20260902,227.12,233.3,224.5,231.44,425241
UEL,20260902,214.99,219.15,208.72,219.15,47835
UFBL,20260902,672.5,727.65,658.55,727.25,129643
UFLEX,20260902,646.7,723.5,639.05,701.8,2479035
UFO,20260902,65.2,65.86,64.5,65.38,25203
UGARSUGAR,20260902,53.15,55.8,52.05,55.01,562806
UGROCAP,20260902,84.85,85.5,84.04,85.1,70643
UJJIVANSFB,20260902,65.37,65.49,61.4,63.64,49431916
ULTRACEMCO,20260902,11350.0,11398.0,11180.0,11393.0,228820
ULTRAMAR,20260902,430.1,447.0,425.9,441.35,182999
UMAEXPORTS,20260902,25.0,25.0,24.94,24.94,11520
UMESLTD,20260902,4.89,5.04,4.8,4.88,15908
UMIYA-MRO,20260902,99.78,104.79,96.0,97.39,67934
UNICHEMLAB,20260902,556.9,579.5,554.4,559.65,155387
UNIDT,20260902,221.5,226.8,213.1,221.27,4597
UNIECOM,20260902,87.3,88.22,85.1,85.83,213694
UNIENTER,20260902,95.86,95.86,93.2,93.74,2151
UNIINFO,20260902,11.55,11.55,10.82,11.45,2283
UNIMECH,20260902,1470.5,1473.9,1421.2,1451.9,141142
UNIONBANK,20260902,183.5,186.86,182.5,186.86,9420048
UNIONGOLD,20260902,148.35,148.35,145.7,145.95,7779
UNIPARTS,20260902,888.95,915.0,878.0,886.35,222773
UNITDSPR,20260902,1459.0,1470.0,1446.3,1469.5,878500
UNITECH,20260902,3.8,3.8,3.72,3.74,3663595
UNITEDPOLY,20260902,37.65,38.45,37.0,38.04,44043
UNITEDTEA,20260902,445.5,451.9,441.0,442.95,2143
UNIVASTU,20260902,151.53,160.71,146.1,160.7,203175
UNIVCABLES,20260902,1625.0,1682.0,1618.4,1628.0,87261
UNIVPHOTO,20260902,440.15,450.0,440.0,445.0,417
UNOMINDA,20260902,1270.0,1272.0,1228.3,1236.0,1278381
UPHOT,20260902,1459.0,1459.0,1459.0,1459.0,2
UPL,20260902,562.95,580.7,560.25,578.45,4050279
URAVIDEF,20260902,119.7,124.91,119.2,124.05,17249
URBANCO,20260902,166.97,173.84,166.4,171.84,6821540
URJA,20260902,9.18,9.18,8.95,9.03,745016
USHAMART,20260902,500.0,508.35,498.05,501.6,1857600
USK,20260902,21.0,21.09,20.51,20.6,9356
UTIAMC,20260902,877.0,880.15,870.75,877.0,415847
UTKARSHBNK,20260902,14.81,14.95,14.6,14.77,3974860
UTLSOLAR,20260902,437.15,451.5,430.8,434.4,250798
UTTAMSUGAR,20260902,296.2,306.6,290.35,292.55,256268
UYFINCORP,20260902,19.9,19.9,19.05,19.3,96462
V2RETAIL,20260902,220.11,221.05,217.01,218.16,483602
VADILALIND,20260902,7728.5,7728.5,7474.0,7559.5,23667
VADILENT,20260902,10444.0,10444.0,10000.0,10019.0,27
VAIBHAVGBL,20260902,218.0,218.75,214.42,214.79,215191
VAISHALI,20260902,8.03,8.35,7.81,8.06,80519
VAKRANGEE,20260902,5.76,5.81,5.5,5.76,851507
VAL30IETF,20260902,15.2,15.22,14.92,15.08,118389
VALIANTLAB,20260902,92.58,96.13,92.58,96.13,296583
VALIANTORG,20260902,288.2,301.1,285.0,301.1,58968
VALUE,20260902,16.31,16.31,15.87,16.04,4965
VALUEAXIS,20260902,32.78,32.78,32.27,32.57,193282
VAML,20260902,433.35,438.7,428.3,437.1,6114791
VARDHACRLC,20260902,43.1,43.63,42.7,42.7,12692
VARDMNPOLY,20260902,5.93,6.05,5.9,5.98,64616
VARROC,20260902,865.8,865.8,812.25,824.4,535517
VASCONEQ,20260902,30.5,30.7,29.93,30.11,251078
VASUPRADA,20260902,97.2,97.2,97.2,97.2,3
VASWANI,20260902,48.7,49.46,47.2,47.82,10414
VBL,20260902,400.6,416.95,400.5,415.0,7804640
VCL,20260902,1.82,1.83,1.74,1.74,706068
VEDAVAAG,20260902,18.5,18.86,18.01,18.28,12389
VEDL,20260902,272.0,272.0,267.75,270.7,7580567
VEDPOWER,20260902,34.75,35.07,34.22,34.72,9127321
VEEDOL,20260902,1489.8,1496.8,1465.1,1473.7,7185
VELJAN,20260902,1824.6,1835.0,1781.0,1803.1,447
VENKEYS,20260902,1654.0,1682.0,1640.1,1659.0,70557
VENTIVE,20260902,595.0,595.0,575.0,578.8,17395
VENUSPIPES,20260902,1601.1,1650.9,1580.0,1605.0,100592
VENUSREM,20260902,1600.9,1650.0,1571.1,1620.9,25245
VERANDA,20260902,241.0,248.6,239.1,243.92,247127
VERTOZ,20260902,36.6,38.95,36.6,38.59,49065
VESUVIUS,20260902,416.05,416.7,411.25,412.9,31174
VETO,20260902,127.99,127.99,123.3,126.02,13200
VGCL,20260902,54.98,57.71,52.27,53.59,9221
VGL,20260902,57.5,58.58,56.05,57.12,7793
VGUARD,20260902,343.05,345.4,338.05,341.2,517815
VHL,20260902,3568.4,3613.7,3500.1,3570.4,748
VHLTD,20260902,116.57,117.41,114.8,115.25,13990
VIDHIING,20260902,350.1,350.1,342.0,342.9,13344
VIDYAWIRES,20260902,91.1,91.27,88.01,88.51,724958
VIJAYA,20260902,1499.0,1530.0,1475.0,1481.1,146439
VIJIFIN,20260902,15.95,15.95,15.95,15.95,28993
VIJSOLX,20260902,677.9,690.0,677.9,689.0,74
VIKASECO,20260902,1.1,1.1,1.08,1.09,1168495
VIKASLIFE,20260902,1.25,1.27,1.23,1.26,1995003
VIKRAMSOLR,20260902,169.45,170.0,166.64,169.15,1166360
VIKRAN,20260902,57.73,57.94,56.8,57.68,594959
VIMTALABS,20260902,666.65,666.65,644.0,655.35,301111
VINATIORGA,20260902,1311.0,1325.3,1301.0,1313.8,26348
VINCOFE,20260902,176.8,176.94,172.07,175.56,2162670
VINDHYATEL,20260902,2540.0,2750.0,2540.0,2737.1,192191
VINEETLAB,20260902,38.95,38.95,36.31,37.57,67674
VINNY,20260902,1.04,1.05,1.02,1.03,332495
VINYLINDIA,20260902,226.0,229.88,225.0,225.18,5548
VIPCLOTHNG,20260902,19.81,20.34,19.8,20.23,57213
VIPIND,20260902,302.75,305.5,300.45,304.4,185156
VIPULLTD,20260902,14.55,14.55,14.55,14.55,1096
VIRAT,20260902,460.0,460.0,435.0,437.8,2254
VIRINCHI,20260902,14.63,16.0,14.0,14.75,148532
VIRTUALG,20260902,0.48,0.49,0.45,0.46,859494
VISACHROME,20260902,40.99,40.99,38.25,38.54,39349
VISAKAIND,20260902,89.01,90.0,87.19,87.84,178763
VISHAL,20260902,19.0,19.49,18.86,18.96,29604
VISHNU,20260902,662.65,673.9,655.2,659.55,114032
VISHWARAJ,20260902,5.85,6.04,5.73,5.87,447461
VISL,20260902,35.49,37.25,35.01,37.15,31066046
VITAL,20260902,52.5,54.75,52.5,54.5,206
VIVIANA,20260902,743.95,754.9,715.0,750.4,17022
VIVIDHA,20260902,0.51,0.51,0.48,0.5,291889
VIVIMEDLAB,20260902,6.67,6.67,6.67,6.67,29304
VIVOBIOT,20260902,18.98,18.98,17.76,18.21,4252
VIYASH,20260902,260.9,262.65,256.3,259.1,3330249
VLEGOV,20260902,10.37,10.69,9.9,10.42,60749
VLSFINANCE,20260902,244.8,245.0,243.0,244.32,5204
VMART,20260902,850.3,853.35,830.35,849.95,35124
VMM,20260902,106.55,109.49,105.21,108.57,13754007
VMSTMT,20260902,45.45,46.75,44.08,45.57,92983
VOEPL,20260902,551.45,564.1,537.0,548.55,65132
VOGL,20260902,37.8,39.06,37.46,38.57,33253547
VOITHPAPR,20260902,1421.2,1472.0,1410.0,1466.0,423
VOLTAMP,20260902,10782.0,10846.0,10605.0,10682.0,21874
VOLTAS,20260902,1199.9,1199.9,1151.0,1152.1,1981487
VPRPL,20260902,32.8,36.0,32.36,35.15,1627741
VRAJ,20260902,126.2,126.2,122.21,122.41,10291
VRLLOG,20260902,299.0,303.7,294.0,299.85,178174
VSSL,20260902,354.85,369.9,345.55,362.1,106991
VSTIND,20260902,208.0,208.21,206.0,207.59,79441
VSTL,20260902,111.83,114.1,109.0,113.76,20067
VSTTILLERS,20260902,4155.9,4206.2,4149.0,4164.6,8804
VTL,20260902,598.0,602.9,584.25,587.45,990696
VTMLTD,20260902,58.12,59.3,57.25,57.73,14672
WAAREEENER,20260902,2569.5,2617.2,2552.5,2581.1,741486
WAAREEINDO,20260902,267.95,273.7,261.2,264.95,51929
WAAREERTL,20260902,863.05,871.9,847.55,853.25,108714
WABAG,20260902,2013.9,2013.9,1948.9,1987.8,294457
WAKEFIT,20260902,153.66,157.5,150.08,152.47,2880004
WALCHANNAG,20260902,208.91,208.91,204.2,206.09,405493
WANBURY,20260902,254.0,254.0,243.15,245.0,116224
WARDINMOBI,20260902,5.94,5.96,5.6,5.74,460492
WATERBASE,20260902,48.02,48.96,47.0,47.31,13651
WCIL,20260902,85.79,85.79,84.03,84.28,57609
WEALTH,20260902,853.0,853.0,828.75,846.6,2362
WEBELSOLAR,20260902,73.7,75.9,73.08,73.86,3031926
WEIZMANIND,20260902,75.0,75.0,74.0,74.78,153
WEL,20260902,78.48,83.21,75.11,75.98,5897220
WELCORP,20260902,2561.6,2592.0,2510.0,2523.5,2258642
WELENT,20260902,707.5,745.0,698.15,741.7,1021703
WELINV,20260902,2213.0,2213.0,2140.0,2145.1,459
WELSPLSOL,20260902,50.93,53.59,50.7,53.22,612747
WELSPUNLIV,20260902,199.0,200.96,195.6,200.01,3448721
WENDT,20260902,8100.0,8100.0,7970.5,7991.5,4494
WESTLIFE,20260902,549.5,552.0,541.4,547.55,28617
WEWIN,20260902,43.85,43.99,42.6,42.76,1077
WEWORK,20260902,673.55,673.55,658.05,661.1,65155
WHBRADY,20260902,497.0,497.0,497.0,497.0,2
WHEELS,20260902,1541.8,1564.9,1523.1,1544.3,100218
WHIRLPOOL,20260902,794.0,807.5,787.45,800.2,163297
WILLAMAGOR,20260902,24.7,24.7,24.05,24.69,705
WINDLAS,20260902,1017.8,1110.0,1003.05,1096.6,1564975
WINDMACHIN,20260902,304.4,309.0,303.1,305.05,24441
WIPL,20260902,162.63,165.0,162.62,162.99,224
WIPRO,20260902,180.0,180.39,176.8,177.09,12056634
WOCKPHARMA,20260902,1846.2,1911.0,1838.0,1904.3,684958
WONDERLA,20260902,543.95,543.95,524.75,529.55,66709
WORTHPERI,20260902,153.0,157.43,151.16,155.55,3491
WPIL,20260902,436.2,441.95,432.0,440.05,30472
WSI,20260902,61.9,61.9,59.5,61.04,15759
WSTCSTPAPR,20260902,651.45,651.45,622.75,629.05,309218
XCHANGING,20260902,60.35,60.97,60.0,60.84,44176
XELPMOC,20260902,78.5,80.96,78.5,80.62,3321
XPROINDIA,20260902,1134.0,1330.2,1110.0,1285.6,1517669
XTGLOBAL,20260902,30.99,30.99,29.5,29.73,37394
XTRANET,20260902,186.3,207.41,184.81,193.68,3941896
YASHO,20260902,4265.0,4265.0,4102.0,4129.5,20753
YATHARTH,20260902,971.0,991.8,962.2,966.5,242009
YATRA,20260902,113.0,115.14,110.41,114.15,2681062
YESBANK,20260902,22.0,22.15,21.82,22.15,44781892
YOGI,20260902,163.9,163.9,155.0,155.05,622
YUKEN,20260902,975.0,990.0,951.05,967.25,12576
ZAGGLE,20260902,184.05,185.1,180.65,184.33,846978
ZEEL,20260902,92.85,93.34,90.2,90.57,18542223
ZEELEARN,20260902,7.21,7.49,7.21,7.36,238149
ZEEMEDIA,20260902,8.25,8.6,8.05,8.23,2384037
ZENITHEXPO,20260902,204.0,207.99,204.0,204.07,854
ZENITHSTL,20260902,5.35,5.38,5.22,5.29,51372
ZENSARTECH,20260902,469.95,470.15,460.0,460.55,470784
ZENTEC,20260902,1776.9,1842.4,1749.1,1829.1,433929
ZFCVINDIA,20260902,2544.0,2585.0,2503.0,2572.2,86753
ZFSTEERING,20260902,668.0,671.9,666.0,667.1,1632
ZIMLAB,20260902,117.94,136.9,116.3,133.95,680389
ZODIAC,20260902,240.02,245.47,236.41,240.3,4540
ZODIACLOTH,20260902,72.43,73.0,72.22,72.49,1913
ZOTA,20260902,1028.0,1085.0,1022.0,1078.0,86014
ZSARACOM,20260902,10436.0,10949.0,10301.0,10437.0,60
ZUARI,20260902,226.01,226.95,222.3,222.86,151094
ZUARIIND,20260902,269.15,274.45,268.0,270.8,42621
ZYDUSLIFE,20260902,1168.4,1173.9,1147.0,1154.2,1377441
ZYDUSWELL,20260902,525.0,539.1,523.8,534.6,179000
