SYMBOL,TIMESTAMP,OPEN,HIGH,LOW,CLOSE,VOLUME
20MICRONS,20260904,218.91,224.9,216.5,222.49,174812
21STCENMGM,20260904,38.49,38.7,37.36,38.13,2056
360ONE,20260904,1149.1,1156.1,1127.1,1137.0,603451
3BBLACKBIO,20260904,1508.5,1513.9,1411.2,1460.1,19626
3IINFOLTD,20260904,21.99,22.5,21.99,22.37,161133
3MINDIA,20260904,32730.0,32965.0,32680.0,32845.0,932
3PLAND,20260904,32.3,32.45,30.75,32.39,11543
5PAISA,20260904,342.45,367.9,336.35,342.1,258086
63MOONS,20260904,867.95,903.0,853.3,876.5,1136718
A2ZINFRA,20260904,15.98,16.24,15.33,15.61,308540
AAATECH,20260904,93.17,93.99,91.1,91.74,11314
AADHARHFC,20260904,478.7,488.0,477.7,483.55,197998
AAKASH,20260904,8.88,8.89,8.69,8.75,139620
AAREYDRUGS,20260904,96.0,96.99,93.55,95.79,109417
AARNAV,20260904,32.22,32.95,32.1,32.17,2300
AARON,20260904,131.0,131.0,127.0,128.45,4376
AARTECH,20260904,49.5,49.5,48.5,48.64,13250
AARTIDRUGS,20260904,429.25,443.75,426.2,431.65,250307
AARTIIND,20260904,503.6,509.9,490.0,492.05,767774
AARTIPHARM,20260904,872.0,879.75,854.1,858.8,463265
AARTISURF,20260904,549.9,554.9,540.0,548.5,9195
AARVI,20260904,139.61,143.96,139.61,141.92,7773
AASTHA,20260904,79.56,80.87,77.92,78.12,228188
AAVAS,20260904,1298.3,1318.0,1298.3,1304.2,60456
ABAN,20260904,14.9,15.05,14.49,14.99,36824
ABANSENT,20260904,28.4,28.4,27.2,27.86,6398
ABB,20260904,7445.5,7470.0,7376.0,7410.0,150500
ABBOTINDIA,20260904,25945.0,26365.0,25810.0,26065.0,8803
ABCAPITAL,20260904,400.2,407.4,400.2,404.9,2167785
ABCOTS,20260904,209.7,217.99,206.3,208.15,4500
ABDL,20260904,603.25,614.15,603.25,609.95,114222
ABFRL,20260904,50.76,53.5,50.45,52.97,8157673
ABGSEC,20260904,114.94,114.94,113.54,113.58,104
ABINFRA,20260904,11.15,11.59,10.95,11.35,234755
ABLBL,20260904,84.18,86.9,83.72,86.07,852050
ABMINTLLTD,20260904,55.86,55.86,55.86,55.86,338
ABMKNO,20260904,193.6,193.6,188.0,189.9,556
ABREL,20260904,1376.9,1400.9,1362.5,1373.6,68679
ABSL10BANK,20260904,168.16,170.5,165.14,168.65,156
ABSLAMC,20260904,1047.7,1065.0,1036.1,1062.3,127937
ABSLBANETF,20260904,59.05,59.26,58.85,59.06,61627
ABSLLIQUID,20260904,1000.0,1000.01,999.99,1000.0,1302
ABSLMSCIN,20260904,29.79,29.85,29.31,29.44,1070
ABSLNN50ET,20260904,77.99,77.99,76.9,77.08,6022
ABSLPSE,20260904,10.17,10.2,10.11,10.18,110576
ACC,20260904,1277.0,1289.3,1272.0,1283.8,101446
ACCELYA,20260904,1130.7,1139.2,1125.7,1131.0,2359
ACCURACY,20260904,4.27,4.34,4.27,4.31,25313
ACE,20260904,1148.4,1189.0,1117.1,1125.4,557111
ACEINTEG,20260904,17.4,18.7,17.29,17.83,17975
ACGL,20260904,1799.8,1842.9,1761.8,1797.6,616
ACI,20260904,501.0,512.7,495.0,504.2,640010
ACL,20260904,43.58,43.59,43.0,43.36,18265
ACMESOLAR,20260904,402.9,430.5,399.55,418.0,6203953
ACSTECH,20260904,51.9,52.0,51.0,51.83,124987
ACUTAAS,20260904,3211.1,3228.8,3156.3,3168.5,149850
ADANIENSOL,20260904,1385.6,1412.7,1376.7,1409.6,1386991
ADANIENT,20260904,2900.0,2965.0,2882.8,2938.0,1060844
ADANIGREEN,20260904,1288.0,1304.5,1278.2,1301.3,768437
ADANIPORTS,20260904,1699.9,1716.9,1692.4,1707.3,1281968
ADANIPOWER,20260904,208.29,208.99,206.75,207.2,9328145
ADDIND,20260904,81.55,83.68,79.0,79.34,486
ADFFOODS,20260904,267.5,269.15,262.4,264.8,78833
ADL,20260904,75.0,75.0,71.0,72.0,757
ADOR,20260904,1720.0,1731.0,1662.2,1674.4,26990
ADROITINFO,20260904,10.2,10.6,10.2,10.31,10874
ADSL,20260904,105.24,105.72,103.5,104.13,63640
ADVAIT,20260904,2230.0,2244.9,2136.0,2151.3,66736
ADVANCE,20260904,119.75,119.76,116.86,117.43,118344
ADVANIHOTR,20260904,49.25,49.99,49.0,49.45,22126
ADVENTHTL,20260904,135.25,135.7,132.81,134.57,78410
ADVENZYMES,20260904,297.1,300.8,292.1,293.2,257142
ADVIKCA,20260904,1.15,1.16,1.11,1.12,329513
AEGISLOG,20260904,1288.1,1327.3,1265.0,1270.2,665965
AEGISVOPAK,20260904,286.5,294.1,283.1,284.5,788218
AEPL,20260904,16.81,18.2,16.0,17.5,170886
AEQUS,20260904,247.9,249.0,241.0,242.18,1802739
AEROENTER,20260904,143.88,145.19,140.2,141.81,477542
AEROFLEX,20260904,544.0,552.95,527.1,537.45,1026759
AERONEU,20260904,78.25,87.7,77.71,80.57,80348
AEROPLANE,20260904,188.0,197.0,187.15,194.29,724408
AETHER,20260904,1660.1,1666.3,1614.3,1625.6,205632
AFCONS,20260904,295.05,297.4,291.35,292.8,400459
AFFLE,20260904,1529.0,1645.0,1521.0,1616.5,3213241
AFFORDABLE,20260904,164.93,164.93,155.15,157.47,21622
AFIL,20260904,9.5,9.54,9.19,9.22,579665
AFSL,20260904,211.8,211.8,201.3,202.07,9724
AGARIND,20260904,441.45,455.0,440.0,450.8,56050
AGARWALEYE,20260904,511.6,515.95,507.8,514.1,81568
AGI,20260904,746.5,753.9,731.25,735.25,98049
AGIIL,20260904,279.0,284.9,277.75,283.7,261176
AGL,20260904,13.61,13.97,13.61,13.65,978529
AGRITECH,20260904,101.1,103.8,99.85,101.21,3474
AGROPHOS,20260904,26.19,26.89,25.5,25.77,12923
AGSTRA,20260904,2.0,2.02,1.91,1.99,146893
AHCL,20260904,15.68,15.89,15.54,15.68,2049674
AHLADA,20260904,36.51,38.5,35.51,37.29,11371
AHLEAST,20260904,135.05,139.0,135.0,136.51,987
AHLUCONT,20260904,599.9,611.9,592.6,599.05,225666
AHLWEST,20260904,511.25,530.9,487.0,530.85,442
AIAENG,20260904,4250.0,4272.4,4206.0,4231.2,117943
AIIL,20260904,521.9,528.0,518.0,519.9,145614
AIRAN,20260904,15.13,15.55,14.9,15.44,208770
AIROLAM,20260904,88.0,88.0,86.21,86.46,797
AJANTPHARM,20260904,3503.5,3521.1,3455.3,3464.8,65346
AJAXENGG,20260904,577.0,588.0,571.0,582.45,74192
AJMERA,20260904,116.0,121.0,116.0,117.76,443302
AJOONI,20260904,3.73,3.76,3.68,3.71,147021
AKASH,20260904,25.1,25.97,24.67,25.6,5520
AKCAPIT,20260904,1698.9,1740.0,1684.2,1736.9,674
AKG,20260904,9.4,9.79,9.2,9.59,37356
AKI,20260904,7.22,7.22,7.22,7.22,258805
AKSHAR,20260904,0.42,0.44,0.42,0.42,1110421
AKSHARCHEM,20260904,445.2,445.2,402.8,444.85,70539
AKSHOPTFBR,20260904,6.99,7.43,6.99,7.43,227194
AKUMS,20260904,784.4,785.0,748.35,765.75,338753
ALANKIT,20260904,8.05,8.19,7.95,8.14,76587
ALBERTDAVD,20260904,876.9,878.0,851.6,860.25,3339
ALEMBICLTD,20260904,111.6,114.8,109.81,111.41,5309246
ALFREDHE,20260904,2898.0,2900.0,2810.0,2898.9,23
ALGOQUANT,20260904,64.27,64.89,64.03,64.5,1132524
ALICON,20260904,685.25,691.0,667.55,684.2,12867
ALIVUS,20260904,1418.9,1446.9,1356.4,1366.3,169642
ALKALI,20260904,66.5,68.85,65.25,65.55,5638
ALKEM,20260904,5190.0,5210.5,5130.0,5190.0,63261
ALKYLAMINE,20260904,1999.0,2068.1,1999.0,2020.9,97864
ALLCARGO,20260904,12.77,12.77,12.22,12.44,12711642
ALLDIGI,20260904,805.6,810.0,797.0,805.85,2586
ALLTIME,20260904,201.97,210.0,200.5,206.08,171524
ALMONDZ,20260904,17.8,18.09,17.52,17.89,302678
ALOKINDS,20260904,7.56,8.28,7.54,7.83,65791332
ALPA,20260904,64.0,64.0,61.5,62.71,9194
ALPHA,20260904,54.35,54.41,54.01,54.16,667379
ALPHAETF,20260904,26.5,26.71,26.49,26.58,481962
ALPHAGEO,20260904,321.7,329.8,317.1,323.85,15099
ALPINETEX,20260904,57.6,58.95,55.6,57.76,337604
ALPL30IETF,20260904,27.85,27.85,27.5,27.59,473904
ALUFLUOR,20260904,505.0,505.0,496.05,499.05,4229
AMAGI,20260904,566.85,570.0,555.3,563.3,183462
AMAL,20260904,748.0,756.7,735.0,743.2,4940
AMANTA,20260904,194.03,194.03,194.03,194.03,11335
AMARJOTHI,20260904,159.0,164.68,158.0,160.94,9739
AMBALALSA,20260904,43.67,45.6,42.8,43.73,39962
AMBER,20260904,7428.0,7524.0,7380.0,7474.0,128335
AMBICAAGAR,20260904,27.69,28.35,25.54,27.21,520846
AMBIKCO,20260904,1649.9,1650.0,1624.3,1639.1,5906
AMBUJACEM,20260904,404.95,408.2,404.25,405.0,807422
AMDIND,20260904,58.0,61.75,58.0,60.32,73559
AMJLAND,20260904,39.79,39.92,38.63,39.47,3541
AMNPLST,20260904,179.95,179.95,172.8,172.89,5639
AMRUTANJAN,20260904,509.0,516.0,500.1,505.45,41069
ANANDRATHI,20260904,2213.0,2224.0,2201.0,2215.9,119776
ANANTRAJ,20260904,633.0,646.4,622.1,625.45,4215356
ANDHRAPAP,20260904,63.8,64.98,62.22,64.45,342517
ANDHRSUGAR,20260904,102.19,102.71,98.75,99.51,477164
ANDREWYU,20260904,28.0,28.5,27.79,27.93,42562
ANGELONE,20260904,295.1,308.35,294.75,299.8,29274355
ANIKINDS,20260904,45.2,46.95,45.0,45.0,2038
ANKITMETAL,20260904,1.69,1.7,1.66,1.7,6585
ANMOL,20260904,10.0,10.2,9.7,10.08,48326
ANNAPURNA,20260904,151.45,151.45,139.0,140.2,96996
ANNU,20260904,68.23,69.0,68.23,68.23,412335
ANSALAPI,20260904,3.31,3.32,3.26,3.31,8384
ANSALBU,20260904,75.0,83.0,75.0,80.68,905
ANTELOPUS,20260904,1001.0,1028.8,925.2,957.15,4816181
ANTGRAPHIC,20260904,0.75,0.76,0.73,0.73,202908
ANTHEM,20260904,970.0,973.5,926.8,934.05,872940
ANUHPHR,20260904,80.75,82.35,79.7,81.1,80373
ANUP,20260904,1820.0,1820.0,1781.0,1785.8,10691
ANURAS,20260904,1240.0,1246.1,1234.0,1238.7,82271
AONEGOLD,20260904,14.29,14.48,14.29,14.37,470758
AONELIQUID,20260904,1075.71,1075.71,1075.66,1075.67,18446
AONENIFTY,20260904,10.13,10.13,9.86,9.89,88348
AONESILVER,20260904,8.77,8.92,8.77,8.89,264493
AONETMMQ50,20260904,10.33,10.49,10.24,10.3,32103
AONETOTAL,20260904,11.9,12.0,11.87,11.93,188125
APARINDS,20260904,17689.0,17895.0,17365.0,17421.0,93101
APCL,20260904,102.5,102.5,100.11,101.42,4976
APCOTEXIND,20260904,658.0,665.0,632.7,635.5,172649
APEX,20260904,378.0,383.6,373.2,375.15,99807
APLAPOLLO,20260904,2154.6,2281.0,2150.4,2250.0,955928
APLLTD,20260904,805.0,811.75,792.6,808.2,174296
APOLLO,20260904,383.5,392.95,383.5,388.9,4500219
APOLLOHOSP,20260904,8702.5,8740.0,8641.0,8650.0,288351
APOLLOPIPE,20260904,617.0,617.0,600.55,605.1,76562
APOLLOTYRE,20260904,433.85,435.15,428.25,429.55,407526
APOLSINHOT,20260904,1233.1,1248.0,1212.0,1218.1,625
APTECHT,20260904,91.0,91.99,88.25,89.13,128869
APTUS,20260904,257.31,261.96,256.2,258.85,1203338
AQYLON,20260904,22.18,22.66,21.76,22.46,555317
ARCHIDPLY,20260904,107.99,107.99,103.65,104.89,17295
ARCHIES,20260904,13.0,13.2,12.8,12.9,10318
ARCL,20260904,238.25,238.25,216.89,225.0,998
ARDEE,20260904,55.97,56.14,55.2,55.66,2239330
ARE&M,20260904,861.3,868.95,855.05,864.2,363791
ARENTERP,20260904,36.0,36.0,34.6,34.65,597
ARFIN,20260904,89.02,89.02,85.89,87.24,1136109
ARIES,20260904,496.55,506.95,486.3,500.1,59836
ARIHANT,20260904,959.0,994.8,920.5,953.15,1172
ARIHANTCAP,20260904,78.88,80.4,78.35,79.69,235293
ARIHANTSUP,20260904,239.0,239.0,228.0,229.5,37696
ARIS,20260904,130.0,132.89,127.1,128.56,1642011
ARKADE,20260904,125.4,126.45,121.78,125.22,285467
ARMANFIN,20260904,1987.2,2083.0,1987.2,2069.3,42583
AROGRANITE,20260904,25.05,25.05,24.4,24.55,5191
ARROWGREEN,20260904,777.4,816.0,775.85,814.1,41808
ARSHIYA,20260904,0.75,0.76,0.7,0.73,349656
ARSSBL,20260904,520.65,529.4,513.35,515.05,153131
ARTEMISMED,20260904,321.0,339.3,318.3,332.8,885338
ARTNIRMAN,20260904,40.8,40.99,40.63,40.63,172
ARVEE,20260904,165.61,171.9,163.0,165.1,790
ARVIND,20260904,563.1,566.0,550.0,552.95,308497
ARVINDFASN,20260904,456.6,458.05,445.0,446.5,75363
ARVSMART,20260904,645.6,653.8,640.05,642.5,28414
ARYAMAN,20260904,615.0,626.35,615.0,620.2,129
ASAHIINDIA,20260904,962.95,969.8,952.95,955.9,256318
ASAHISONG,20260904,372.0,377.0,367.1,372.65,18001
ASAL,20260904,486.5,486.5,466.05,473.75,23916
ASALCBR,20260904,696.05,710.0,696.05,706.35,14302
ASHAPURMIN,20260904,549.85,559.95,546.0,551.0,275733
ASHIANA,20260904,366.2,370.4,358.2,359.55,40739
ASHIKAG,20260904,443.85,443.85,421.0,426.85,82968
ASHIMASYN,20260904,17.6,18.34,17.5,17.89,207276
ASHOKA,20260904,117.25,118.18,115.0,115.55,998292
ASHOKAMET,20260904,13.95,13.99,13.38,13.58,17200
ASHOKLEY,20260904,168.98,173.29,168.18,169.0,13509881
ASIANENE,20260904,527.05,538.0,509.0,517.45,476280
ASIANHOTNR,20260904,389.95,390.85,378.55,384.75,10682
ASIANPAINT,20260904,2540.0,2553.9,2519.8,2527.3,399368
ASIANTILES,20260904,49.8,50.5,49.56,50.26,2049363
ASIANTNE,20260904,9.5,9.76,9.34,9.74,16866
ASKAUTOLTD,20260904,639.0,639.0,615.15,618.85,164992
ASMS,20260904,7.11,7.23,7.01,7.07,65281
ASPINWALL,20260904,257.65,265.0,257.55,259.25,2331
ASSAMENT,20260904,826.85,830.0,826.85,830.0,16
ASTAR,20260904,590.0,597.9,585.0,585.0,9
ASTEC,20260904,581.8,581.8,552.1,554.45,43913
ASTERDM,20260904,790.85,792.05,780.35,785.75,1157850
ASTRAL,20260904,1489.8,1509.9,1484.0,1492.9,658868
ASTRAMICRO,20260904,1666.1,1741.0,1666.1,1729.0,502645
ASTRAZEN,20260904,6999.0,7062.0,6900.0,6944.0,6489
ASTRON,20260904,3.0,3.14,2.88,3.06,45331
ATALREAL,20260904,26.09,26.4,26.04,26.22,13883610
ATAM,20260904,55.99,58.4,50.0,52.99,42586
ATGL,20260904,614.0,619.8,610.55,612.35,445851
ATHERENERG,20260904,1644.0,1644.5,1560.9,1584.0,5585636
ATL,20260904,24.49,25.65,24.32,25.31,220494
ATLANTAA,20260904,41.28,41.28,39.0,39.15,20793
ATLANTAELE,20260904,1905.9,1920.0,1847.9,1881.7,102999
ATLASCYCLE,20260904,96.44,96.44,93.5,96.18,3691
ATUL,20260904,6476.0,6515.5,6370.5,6386.0,18343
ATULAUTO,20260904,462.0,467.2,458.35,465.15,88513
AUBANK,20260904,1071.9,1074.1,1060.4,1065.0,602949
AUGMONT,20260904,922.7,940.1,894.0,901.5,942895
AURIONPRO,20260904,691.0,697.3,686.0,689.7,98258
AUROPHARMA,20260904,1637.3,1661.5,1622.6,1653.1,573938
AURUM,20260904,226.7,228.55,223.7,225.16,88743
AURUS,20260904,4.7,4.95,4.57,4.84,26293
AUSOMENT,20260904,162.0,166.59,155.2,161.79,18928
AUSTENG,20260904,124.7,124.7,121.3,124.7,951
AUTOAXLES,20260904,1710.0,1717.8,1684.1,1688.7,7212
AUTOBEES,20260904,289.86,289.87,286.9,287.47,194219
AUTOIETF,20260904,29.06,29.06,28.73,28.81,980798
AUTOIND,20260904,94.0,95.9,85.21,86.45,600314
AVADHSUGAR,20260904,827.0,827.0,801.0,809.5,97497
AVALON,20260904,2320.0,2347.7,2175.0,2196.6,683759
AVANCE,20260904,0.83,0.83,0.82,0.82,2992770
AVANTEL,20260904,156.6,158.38,154.46,154.96,546755
AVANTIFEED,20260904,797.1,805.8,795.5,798.6,208229
AVG,20260904,171.3,173.0,165.05,166.04,38132
AVL,20260904,604.0,604.0,590.4,600.05,226161
AVONMORE,20260904,13.74,13.74,12.93,13.02,310318
AVROIND,20260904,8.78,8.96,8.6,8.72,390578
AVTNPL,20260904,93.66,93.66,90.45,91.02,309025
AWFIS,20260904,258.0,262.95,256.55,260.8,118804
AWHCL,20260904,372.2,374.85,367.05,370.8,64504
AWL,20260904,191.11,191.9,186.2,187.29,2987354
AXISBANK,20260904,1270.3,1280.7,1262.0,1273.0,3810611
AXISCADES,20260904,1735.2,1765.0,1701.7,1711.6,168634
AXITA,20260904,8.11,8.14,8.01,8.01,356179
AXTEL,20260904,388.6,396.7,388.6,394.5,1470
AYE,20260904,182.05,188.95,180.84,184.81,1223851
AYMSYNTEX,20260904,317.25,323.45,305.1,310.7,124761
AZAD,20260904,2770.0,2824.3,2753.4,2777.3,224210
AZADIND,20260904,90.32,90.97,89.0,89.59,36841
BAFNAPH,20260904,296.6,296.6,295.85,295.85,4794
BAGFILMS,20260904,4.35,4.6,4.29,4.51,225253
BAIDFIN,20260904,10.23,10.23,9.91,10.12,43775
BAJAJ-AUTO,20260904,12005.0,12025.0,11873.0,11919.0,154199
BAJAJCON,20260904,512.0,519.8,507.5,517.55,1279757
BAJAJELEC,20260904,334.0,337.15,330.0,331.15,73439
BAJAJFINSV,20260904,1985.0,1994.2,1970.0,1970.0,437793
BAJAJHCARE,20260904,327.8,331.9,319.85,321.45,458849
BAJAJHFL,20260904,83.0,83.55,82.93,83.08,1824719
BAJAJHIND,20260904,22.18,22.18,21.5,21.86,21280859
BAJAJHLDNG,20260904,11102.0,11355.0,11100.0,11162.0,37106
BAJAJINDEF,20260904,221.3,224.9,220.53,222.69,30501
BAJAJST,20260904,366.7,366.85,361.7,362.95,4966
BAJEL,20260904,185.69,188.12,182.53,183.82,94742
BAJFINANCE,20260904,1050.6,1063.6,1049.7,1060.5,5952048
BALAJEE,20260904,26.65,26.65,26.11,26.16,17375
BALAJITELE,20260904,91.25,95.7,88.36,93.17,1526021
BALAMINES,20260904,2432.0,2550.0,2432.0,2525.2,608894
BALAXI,20260904,26.6,26.6,24.93,25.37,50780
BALKRISHNA,20260904,17.5,17.5,17.0,17.08,6016
BALKRISIND,20260904,2330.0,2346.3,2264.0,2284.6,324489
BALMLAWRIE,20260904,177.75,178.44,177.3,177.98,106907
BALPHARMA,20260904,87.7,89.69,87.1,87.73,8210
BALRAMCHIN,20260904,697.0,702.0,682.5,690.6,2232338
BALUFORGE,20260904,572.5,585.35,563.6,574.1,1304593
BANARBEADS,20260904,114.01,115.89,113.52,113.9,1302
BANARISUG,20260904,3878.2,3883.0,3774.0,3803.3,857
BANCOINDIA,20260904,618.4,629.1,616.5,623.5,77773
BANDHANBNK,20260904,165.11,166.74,164.5,164.95,2928918
BANG,20260904,34.16,34.97,33.3,34.79,78335
BANK10ADD,20260904,16.87,16.98,16.86,16.93,2303
BANK10BETF,20260904,20.69,20.92,20.68,20.9,538
BANKA,20260904,79.0,79.0,77.25,79.0,5253
BANKADD,20260904,58.96,59.14,58.82,58.99,5499
BANKBARODA,20260904,242.37,242.37,239.0,239.0,7816984
BANKBEES,20260904,599.0,599.0,595.03,596.2,345232
BANKBETA,20260904,59.58,59.71,59.41,59.57,65905
BANKBETF,20260904,58.42,58.75,58.32,58.56,5574
BANKETF,20260904,588.93,588.93,585.01,586.33,18870
BANKIETF,20260904,59.25,59.3,59.0,59.14,278048
BANKINDIA,20260904,144.8,145.8,144.11,145.0,2902558
BANKNIFTY1,20260904,60.19,60.19,59.61,59.71,149995
BANKPSU,20260904,86.38,86.74,86.1,86.14,11350
BANSALWIRE,20260904,319.0,322.75,313.25,315.0,63070
BANSWRAS,20260904,119.38,120.0,116.26,117.05,31201
BASF,20260904,3835.0,3907.0,3829.4,3864.9,30319
BASML,20260904,24.91,25.45,24.91,25.41,39871
BATAINDIA,20260904,677.45,682.0,671.0,672.75,89939
BATLIBOI,20260904,89.9,91.94,88.88,90.81,25336
BAYERCROP,20260904,3960.8,3998.9,3960.8,3989.9,9989
BBETF0432,20260904,1361.18,1361.18,1340.96,1342.3,1332
BBL,20260904,2309.7,2315.9,2280.0,2289.3,26842
BBNPNBETF,20260904,58.02,58.31,58.0,58.3,200
BBNPPGOLD,20260904,148.2,149.5,146.8,148.7,1237
BBOX,20260904,722.0,731.2,710.0,712.25,198315
BBTC,20260904,1513.9,1513.9,1495.1,1496.8,43404
BBTCL,20260904,236.0,236.0,227.0,230.22,3429
BCG,20260904,9.03,9.06,8.91,8.98,2648978
BCLIND,20260904,36.37,37.95,36.04,36.62,526260
BCONCEPTS,20260904,166.0,176.43,165.0,167.33,11790
BCPL,20260904,67.77,72.0,67.25,68.45,15587
BDL,20260904,1253.0,1293.0,1253.0,1255.0,1391949
BEARDSELL,20260904,25.29,26.32,24.62,25.31,7642
BECTORFOOD,20260904,230.01,231.7,225.16,225.96,493507
BEDMUTHA,20260904,108.5,115.0,108.5,112.37,7077
BEEKAY,20260904,419.55,421.0,406.85,417.4,4726
BEL,20260904,409.25,413.1,405.35,405.35,8354982
BELLACASA,20260904,241.9,246.95,240.02,242.85,4050
BELRISE,20260904,238.15,239.25,233.52,236.86,1873911
BEML,20260904,2082.0,2127.0,2045.0,2057.8,687676
BENARAS,20260904,10270.0,10270.0,10200.0,10200.0,107
BENGALASM,20260904,6445.0,6499.0,6271.0,6332.5,362
BEPL,20260904,130.0,131.2,126.1,127.5,1190325
BERGEPAINT,20260904,494.0,496.7,484.0,485.3,277300
BESTAGRO,20260904,20.99,21.2,18.83,19.29,2082129
BETA,20260904,2258.0,2275.7,2190.1,2218.5,13251
BFINVEST,20260904,475.0,475.0,464.1,469.35,33149
BFSI,20260904,27.61,27.61,27.02,27.17,323149
BFUTILITIE,20260904,543.05,561.55,537.0,542.45,272295
BGRENERGY,20260904,238.44,247.8,235.7,246.26,42914
BHAGCHEM,20260904,266.6,269.8,263.1,264.6,34606
BHAGERIA,20260904,288.0,304.65,286.0,304.65,218809
BHAGYANGR,20260904,373.05,381.8,369.0,370.45,77510
BHANDARI,20260904,3.02,3.05,3.0,3.03,101595
BHARATCOAL,20260904,33.8,34.05,33.6,33.81,3546055
BHARATFORG,20260904,1997.6,1997.6,1951.0,1956.0,1526364
BHARATGEAR,20260904,104.49,106.48,102.05,102.93,18094
BHARATRAS,20260904,1190.1,1207.0,1165.2,1171.8,25242
BHARATSE,20260904,213.69,214.7,210.5,211.69,93907
BHARATWIRE,20260904,179.51,182.59,178.97,181.32,141594
BHARTIARTL,20260904,1868.1,1870.7,1840.0,1840.0,3614328
BHARTIHEXA,20260904,1507.0,1520.2,1490.0,1495.4,37216
BHEL,20260904,433.0,439.2,429.2,431.1,5925391
BI,20260904,93.57,95.85,91.52,95.85,89587
BIGBLOC,20260904,41.95,42.4,40.31,41.92,56466
BIKAJI,20260904,587.15,589.85,582.0,584.2,52134
BIL,20260904,924.0,924.0,899.95,907.85,8736
BILVYAPAR,20260904,3.98,4.09,3.91,4.04,6223
BIMETAL,20260904,633.5,635.5,633.5,635.0,107
BIOCON,20260904,404.0,404.9,396.2,397.4,3108555
BIOFILCHEM,20260904,32.8,32.8,31.31,32.0,5543
BIRLACABLE,20260904,376.55,376.55,375.55,376.55,174752
BIRLACORPN,20260904,880.0,895.0,874.3,887.35,48723
BIRLAMONEY,20260904,126.77,129.19,123.5,126.37,62184
BIRLANU,20260904,1440.0,1451.0,1421.9,1448.0,5921
BIRLAPREC,20260904,53.25,59.79,52.73,57.92,2574084
BLACKBUCK,20260904,582.0,588.95,580.0,586.1,157466
BLACKROSE,20260904,113.0,115.0,111.15,113.02,16624
BLAL,20260904,162.0,164.95,160.61,160.88,43253
BLBLIMITED,20260904,17.0,17.1,16.42,16.68,117198
BLEL,20260904,454.25,458.8,448.0,453.15,823610
BLIL,20260904,72.98,72.98,72.36,72.53,97501
BLISSGVS,20260904,630.0,671.3,607.4,671.0,347698
BLKASHYAP,20260904,57.6,62.45,57.04,59.34,2983058
BLS,20260904,240.15,241.25,237.0,238.79,646943
BLSE,20260904,324.05,326.95,317.35,320.05,143302
BLUECLOUDS,20260904,19.85,20.15,19.8,19.88,1013239
BLUECOAST,20260904,22.58,24.2,22.01,23.49,892
BLUEDART,20260904,5034.0,5048.9,4968.1,4991.7,5838
BLUEJET,20260904,582.05,584.0,565.5,569.8,442380
BLUESTARCO,20260904,1485.7,1514.7,1475.0,1484.0,419549
BLUESTONE,20260904,802.0,848.0,800.05,842.75,1065449
BLUSPRING,20260904,135.4,139.8,132.0,138.96,605059
BMWVENTLTD,20260904,56.22,56.22,55.1,55.36,40922
BNAGROCHEM,20260904,226.28,227.69,215.4,216.73,1260
BNALTD,20260904,360.0,360.0,360.0,360.0,42
BNKETFAXIS,20260904,593.46,595.93,591.8,592.5,145
BODALCHEM,20260904,147.26,159.99,146.36,155.62,5050468
BOHRAIND,20260904,12.25,12.93,12.25,12.7,3714
BOMDYEING,20260904,113.19,115.25,113.05,113.47,381464
BONLON,20260904,40.74,41.87,40.05,40.13,3268
BORANA,20260904,303.65,309.4,303.65,307.6,11240
BOROLTD,20260904,249.0,260.0,247.79,258.96,265545
BORORENEW,20260904,495.0,505.5,491.6,499.15,271428
BOROSCI,20260904,136.41,136.8,131.0,132.16,46065
BOSCH-HCIL,20260904,1777.7,1843.0,1756.2,1818.8,64153
BOSCHLTD,20260904,47195.0,47200.0,46660.0,46820.0,16913
BPCL,20260904,319.4,320.65,315.7,315.7,1834819
BPL,20260904,49.21,50.18,49.0,49.38,56301
BPLPHARMA,20260904,1545.0,1568.8,1520.0,1533.3,586
BRAHMINFRA,20260904,160.0,167.89,160.0,163.82,26893
BRIGADE,20260904,714.0,735.0,685.8,696.1,1980508
BRIGHOTEL,20260904,58.95,59.89,58.9,59.19,84277
BRIGHTBR,20260904,254.6,260.55,252.1,254.8,20221
BRITANNIA,20260904,5155.0,5160.5,5089.5,5101.5,269673
BRNL,20260904,17.13,17.39,17.01,17.12,18030
BROOKS,20260904,65.95,66.68,64.0,66.07,12920
BSE,20260904,3400.0,3474.0,3391.7,3409.8,7975058
BSE500IETF,20260904,40.2,40.2,39.3,39.33,61545
BSHSL,20260904,89.46,94.2,88.5,91.48,15418
BSL,20260904,124.0,124.99,122.75,123.58,1949
BSLGOLDETF,20260904,136.33,136.33,134.7,135.36,224272
BSLNIFTY,20260904,28.34,28.34,27.97,28.14,339470
BSLSENETFG,20260904,78.67,78.67,77.12,77.52,2392
BSOFT,20260904,295.0,299.55,288.45,289.35,1083783
BTML,20260904,8.42,8.7,8.2,8.51,305536
BTTL,20260904,43.08,43.49,41.0,41.53,4172
BUILDPRO,20260904,1288.8,1305.0,1282.5,1298.2,351369
BURNPUR,20260904,21.56,21.56,21.56,21.56,55339
BUTTERFLY,20260904,615.15,628.9,611.05,624.85,11660
BVCL,20260904,44.7,44.7,43.17,43.48,85128
BYKE,20260904,32.88,32.88,31.22,32.11,33009
CALSOFT,20260904,43.0,43.0,40.98,40.98,155604
CAMLINFINE,20260904,102.9,105.37,102.1,103.13,689443
CAMPUS,20260904,223.97,225.0,220.51,223.24,364174
CAMS,20260904,750.0,757.75,746.05,748.8,469646
CANBK,20260904,126.3,127.3,125.5,125.5,12141084
CANFINHOME,20260904,808.0,815.0,802.6,807.4,222474
CANHLIFE,20260904,155.08,161.05,153.51,157.23,1086892
CANTABIL,20260904,238.7,245.0,238.0,243.05,94452
CAPACITE,20260904,209.95,217.9,208.22,216.22,373452
CAPILLARY,20260904,485.0,492.35,480.0,490.05,109289
CAPITALSFB,20260904,285.6,285.6,280.1,280.95,6864
CAPLIPOINT,20260904,2845.0,2845.0,2759.6,2810.8,208526
CAPTRUST,20260904,20.0,20.7,19.44,20.04,37318
CARBORUNIV,20260904,1078.7,1140.9,1069.9,1130.6,338864
CARERATING,20260904,1718.0,1762.9,1699.7,1738.2,354155
CARRARO,20260904,531.9,538.95,527.25,533.65,71136
CARTRADE,20260904,2997.0,3051.9,2945.3,3000.2,315551
CARYSIL,20260904,1161.9,1180.0,1136.5,1140.8,72848
CASHIETF,20260904,1078.37,1078.39,1078.37,1078.38,101592
CASTROLIND,20260904,186.21,190.95,186.03,190.27,4231930
CCAVENUE,20260904,15.48,16.21,15.41,15.7,35876401
CCCL,20260904,14.49,14.54,14.12,14.27,118802
CCHHL,20260904,12.7,12.95,12.4,12.61,42082
CCL,20260904,1107.3,1114.9,1079.7,1106.2,193825
CDSL,20260904,1400.0,1417.9,1391.6,1394.6,1117172
CEATLTD,20260904,3323.3,3344.0,3291.2,3333.2,73368
CEIGALL,20260904,359.85,359.85,351.0,355.8,949597
CEINSYS,20260904,682.0,702.0,672.0,677.85,71954
CELEBRITY,20260904,6.83,6.83,6.6,6.8,23532
CELLO,20260904,344.9,345.55,339.8,342.0,189002
CEMNTGROWW,20260904,14.79,14.79,14.52,14.66,63765
CEMPRO,20260904,1299.0,1314.7,1270.1,1297.4,359470
CENTENKA,20260904,620.0,620.0,607.05,608.9,126471
CENTEXT,20260904,21.29,22.2,19.75,20.19,957330
CENTRALBK,20260904,30.85,31.18,30.78,31.08,5295221
CENTRUM,20260904,22.37,22.75,22.0,22.55,180060
CENTUM,20260904,3746.3,3800.0,3723.0,3767.3,29156
CENTURYPLY,20260904,749.9,755.35,745.15,748.45,17510
CERA,20260904,5800.0,5889.5,5737.5,5787.5,19476
CEREBRAINT,20260904,2.6,2.72,2.55,2.69,60459
CESC,20260904,148.29,149.14,145.91,146.5,1448303
CEWATER,20260904,266.15,266.9,261.0,262.55,42011
CFEL,20260904,32.1,32.67,31.41,32.48,14038
CGCL,20260904,274.0,284.8,271.5,279.9,7594713
CGPOWER,20260904,895.0,899.8,888.05,891.0,2159759
CGVAK,20260904,155.0,155.0,148.0,148.21,1852
CHALET,20260904,890.0,904.0,888.05,896.75,87842
CHAMBLFERT,20260904,419.9,422.95,418.05,419.05,329143
CHEMBOND,20260904,178.96,178.96,169.01,170.9,6660
CHEMBONDCH,20260904,261.6,267.45,252.0,254.45,5353
CHEMCON,20260904,201.95,202.4,197.55,198.38,14633
CHEMCRUX,20260904,82.0,83.2,80.05,82.16,5344
CHEMFAB,20260904,364.45,364.45,356.05,360.1,4597
CHEMICAL,20260904,30.54,30.54,30.1,30.2,539227
CHEMPLASTS,20260904,168.0,173.58,168.0,170.29,198762
CHENNPETRO,20260904,1445.1,1463.9,1425.5,1452.2,934269
CHEVIOT,20260904,1143.0,1166.0,1141.0,1159.4,1428
CHOICEGOLD,20260904,154.5,154.5,151.35,152.65,9699
CHOICEIN,20260904,768.9,781.2,756.5,760.95,567061
CHOLAFIN,20260904,1841.0,1859.9,1828.0,1839.0,677118
CHOLAHLDNG,20260904,1516.0,1532.7,1498.3,1525.7,77666
CIEINDIA,20260904,387.0,387.0,382.25,385.35,185100
CIFL,20260904,20.59,21.1,19.8,19.98,231565
CINELINE,20260904,91.4,99.4,90.1,95.23,308404
CINEVISTA,20260904,14.49,14.98,14.2,14.24,2982
CIPLA,20260904,1397.7,1399.1,1375.5,1385.0,1326180
CLEAN,20260904,853.5,855.95,834.0,836.15,297191
CLEANMAX,20260904,1306.0,1357.9,1289.7,1347.9,256257
CLEDUCATE,20260904,58.99,59.75,56.65,58.08,12818
CLSEL,20260904,302.9,306.7,298.05,301.9,68370
CMLL,20260904,508.0,517.05,501.1,503.05,314875
CMPDI,20260904,239.39,244.55,236.67,243.92,2694037
CMRGREEN,20260904,231.55,231.55,225.81,228.34,270377
CMSINFO,20260904,245.45,246.94,241.0,243.46,528852
CNL,20260904,1246.5,1247.3,1210.0,1215.5,12127
COALINDIA,20260904,418.0,418.0,412.55,415.35,6126850
COASTCORP,20260904,42.32,43.09,41.54,41.88,69707
COCHINSHIP,20260904,1488.9,1522.9,1486.0,1499.1,630573
COCKERILL,20260904,8095.0,8230.0,8025.5,8193.5,4524
COFFEEDAY,20260904,32.2,32.86,31.92,32.86,1123239
COFORGE,20260904,1982.0,1992.9,1962.4,1972.8,1108102
COHANCE,20260904,463.3,470.0,453.6,456.6,572792
COLPAL,20260904,1860.0,1863.9,1829.2,1829.2,562995
COMFINTE,20260904,6.15,6.26,6.07,6.21,114743
COMMOIETF,20260904,99.7,100.43,99.25,100.33,28716
COMPEAU,20260904,368.7,379.95,353.0,371.8,2858
COMPINFO,20260904,1.05,1.11,1.03,1.09,24498
COMPUSOFT,20260904,13.2,13.2,12.62,13.02,23203
COMSYN,20260904,300.5,306.0,285.3,301.3,108742
CONCOR,20260904,508.8,509.65,502.0,508.0,1107962
CONCORDBIO,20260904,1450.0,1450.4,1411.6,1417.1,59142
CONFIPET,20260904,84.7,85.3,82.0,82.48,2371168
CONS,20260904,11.97,12.04,11.95,11.98,14601
CONSOFINVT,20260904,288.3,288.3,288.3,288.3,21811
CONSUMAXIS,20260904,120.17,120.37,119.02,119.02,1590
CONSUMBEES,20260904,130.8,130.8,129.56,129.78,421784
CONSUMER,20260904,12.45,12.45,12.0,12.03,487786
CONSUMIETF,20260904,120.7,121.21,120.45,120.67,412702
CONTROLPR,20260904,602.0,602.0,591.15,593.35,7641
CORALFINAC,20260904,33.58,34.0,32.32,33.47,13197
CORDELIA,20260904,102.5,106.96,101.81,103.9,2698667
CORDSCABLE,20260904,306.0,330.0,306.0,317.0,264160
COROMANDEL,20260904,1927.0,1948.3,1927.0,1938.8,143726
CORONA,20260904,2121.0,2150.4,2090.8,2100.1,12081
COSMOFIRST,20260904,938.7,943.1,916.0,919.85,66169
COUNCODOS,20260904,6.65,6.65,6.44,6.45,11466
CPCAP,20260904,121.69,139.79,117.25,128.33,85391
CPEDU,20260904,190.39,195.01,188.48,191.97,5928
CPL,20260904,62.4,62.9,61.45,62.11,138710
CPPLUS,20260904,3752.7,3797.9,3645.0,3704.6,202259
CPSEETF,20260904,95.44,95.44,93.4,93.7,353172
CRAFTSMAN,20260904,11248.0,11539.0,11097.0,11398.0,28595
CRAMC,20260904,252.1,254.0,250.0,251.5,177971
CRAVATEX,20260904,326.75,339.9,314.95,329.5,1353
CREATIVEYE,20260904,6.15,6.25,5.89,6.19,16063
CREDITACC,20260904,1453.9,1468.0,1438.0,1443.1,217925
CREST,20260904,369.9,369.9,356.2,359.0,1505
CRISIL,20260904,4775.0,4872.0,4726.3,4802.0,184833
CRIZAC,20260904,163.0,163.77,159.95,160.29,294106
CROMPTON,20260904,227.64,235.47,226.27,232.4,4443658
CROWN,20260904,114.45,114.69,110.03,112.84,37657
CRSL,20260904,2.61,2.74,2.48,2.73,702306
CSBBANK,20260904,325.15,331.65,320.8,328.55,658990
CSLFINANCE,20260904,245.58,254.7,245.58,251.77,94290
CSM,20260904,93.99,94.78,93.4,94.36,80421
CTE,20260904,41.01,42.74,39.51,41.82,11345
CUB,20260904,234.0,242.9,233.69,236.01,2621193
CUBEXTUB,20260904,76.6,78.66,75.95,76.8,48940
CUMMINSIND,20260904,5071.0,5083.0,5013.0,5035.0,483825
CUPID,20260904,280.0,287.0,280.0,283.15,8434946
CURAA,20260904,78.5,78.5,60.0,72.46,2020
CYBERMEDIA,20260904,25.9,28.45,22.2,26.4,2157521
CYBERTECH,20260904,134.39,134.39,132.5,133.36,6933
CYIENT,20260904,1111.3,1131.7,1096.2,1101.8,327209
CYIENTDLM,20260904,833.8,894.0,830.0,856.95,1201568
DABUR,20260904,380.45,383.25,377.35,380.9,1702061
DAICHI,20260904,374.7,374.7,359.8,364.8,5043
DALBHARAT,20260904,1770.1,1778.9,1740.0,1749.3,73496
DALMIASUG,20260904,460.95,462.5,435.05,438.55,342704
DAMCAPITAL,20260904,145.99,147.49,144.17,144.9,170224
DAMODARIND,20260904,29.12,29.12,28.22,28.45,1493
DANGEE,20260904,2.94,2.98,2.9,2.94,40836
DATAMATICS,20260904,771.45,785.0,762.2,764.9,55826
DATAPATTNS,20260904,4588.0,4666.0,4546.4,4585.0,377845
DAVANGERE,20260904,2.07,2.07,1.94,1.96,15393852
DBCORP,20260904,195.79,197.09,193.79,195.65,43972
DBEIL,20260904,6.2,6.44,6.05,6.43,210682
DBL,20260904,402.75,404.0,398.0,401.0,58236
DBOL,20260904,128.96,128.96,124.0,124.99,232171
DBREALTY,20260904,103.4,105.0,101.0,102.57,1439328
DBSTOCKBRO,20260904,29.19,29.19,28.4,28.63,4158
DCAL,20260904,178.5,178.5,173.2,174.38,122894
DCBBANK,20260904,222.4,223.9,220.2,220.74,539992
DCI,20260904,362.0,362.0,346.1,350.55,87942
DCM,20260904,77.0,78.4,76.8,77.01,16163
DCMFINSERV,20260904,5.09,5.37,5.09,5.2,5995
DCMNVL,20260904,188.94,191.14,183.25,184.96,16490
DCMSHRIRAM,20260904,1024.9,1026.1,1014.0,1020.9,85914
DCMSIL,20260904,71.3,71.3,68.06,68.76,99773
DCMSRIND,20260904,46.6,46.63,44.1,44.91,182082
DCW,20260904,46.11,46.95,45.81,45.98,912734
DCXINDIA,20260904,170.15,172.35,168.1,168.83,328462
DDEVPLSTIK,20260904,273.55,274.95,271.3,273.0,51629
DECCANCE,20260904,569.8,579.9,564.35,569.75,29858
DECNGOLD,20260904,215.0,219.3,212.43,213.87,959258
DEEDEV,20260904,645.8,673.8,642.05,658.25,327955
DEEP,20260904,36.8,36.8,34.21,35.0,23168
DEEPAKFERT,20260904,1362.7,1395.0,1353.3,1362.1,229112
DEEPAKNTR,20260904,1728.0,1743.7,1705.7,1712.4,196070
DEEPINDS,20260904,757.75,793.7,749.0,786.45,1324171
DEFENCE,20260904,81.75,82.57,81.59,81.99,239629
DELHIVERY,20260904,465.0,465.9,457.9,457.9,1936111
DELPHIFX,20260904,6.17,6.17,5.8,6.04,117604
DELTACORP,20260904,56.79,57.4,55.56,56.12,1070574
DELTAMAGNT,20260904,56.66,59.9,55.72,58.4,4124
DEN,20260904,27.66,28.1,27.66,27.97,211531
DENORA,20260904,822.3,836.0,810.1,812.3,2711
DENTA,20260904,273.2,276.9,271.0,275.35,56286
DEVIT,20260904,24.9,25.5,23.61,24.21,69859
DEVX,20260904,32.9,33.39,32.66,33.29,40903
DEVYANI,20260904,138.0,142.86,137.37,139.28,2432975
DGCONTENT,20260904,24.75,25.0,24.55,24.83,1564
DHABRIYA,20260904,515.85,528.9,501.0,503.45,8802
DHAMPURSUG,20260904,176.45,176.45,165.63,167.59,832821
DHANBANK,20260904,31.8,32.03,31.69,31.86,349043
DHANUKA,20260904,1009.0,1014.0,994.8,1010.65,17124
DHARAN,20260904,0.14,0.14,0.13,0.13,13130525
DHARMAJ,20260904,268.3,271.0,264.3,270.05,29203
DHATRE,20260904,4.33,4.59,4.21,4.33,17330
DHOOTTRANS,20260904,1615.0,1665.0,1570.1,1615.7,6047122
DHRUV,20260904,23.45,23.45,22.29,22.32,7195
DHUNINV,20260904,1046.25,1054.8,1012.65,1019.15,1224
DIACABS,20260904,324.0,339.0,316.7,331.8,1146702
DIAMINESQ,20260904,243.54,245.39,240.0,240.99,3798
DIAMONDYD,20260904,1162.3,1162.3,1147.6,1158.3,5787
DICIND,20260904,596.0,638.95,589.75,618.6,45846
DIFFNKG,20260904,487.0,519.9,470.0,474.9,2072376
DIGIDRIVE,20260904,17.31,18.0,17.31,17.65,6628
DIGISPICE,20260904,17.29,17.29,16.52,16.98,73604
DIGITIDE,20260904,95.55,98.19,95.31,97.01,263762
DIGJAMLMTD,20260904,50.48,51.0,49.41,49.96,1422
DISAQ,20260904,11987.0,12119.0,11825.0,11990.0,61
DISHTV,20260904,2.61,2.65,2.51,2.57,1807676
DIVGIITTS,20260904,1245.1,1268.3,1211.2,1235.8,94690
DIVIDEND,20260904,35.72,35.72,35.49,35.62,2476
DIVISLAB,20260904,9244.0,9269.0,9100.0,9100.0,250202
DIVOPPBEES,20260904,76.68,77.4,76.27,76.77,97372
DIXON,20260904,14445.0,14463.0,14070.0,14240.0,350720
DJML,20260904,70.71,76.9,70.71,75.64,234263
DLF,20260904,681.65,689.75,680.8,681.9,1911967
DLINKINDIA,20260904,453.0,455.9,448.4,451.15,67520
DMART,20260904,3765.0,3779.9,3745.9,3770.0,288600
DMCC,20260904,294.7,302.0,291.1,293.35,46455
DNAMEDIA,20260904,2.68,2.7,2.51,2.63,34439
DODLA,20260904,1081.7,1081.7,1062.0,1066.8,8579
DOLATALGO,20260904,70.49,72.99,70.11,70.91,187699
DOLLAR,20260904,265.55,267.1,262.8,264.25,36786
DOLPHIN,20260904,625.0,681.55,623.3,674.0,169333
DOMS,20260904,2205.0,2224.8,2183.2,2208.7,77261
DONEAR,20260904,90.39,93.47,89.1,92.25,106790
DPABHUSHAN,20260904,1362.8,1445.0,1362.8,1414.2,36359
DPSCLTD,20260904,7.4,7.45,6.95,7.09,147130
DPWIRES,20260904,154.0,156.5,154.0,154.62,2489
DRAGARWQ,20260904,5339.0,5474.0,5302.0,5422.5,954
DRCSYSTEMS,20260904,13.21,13.85,13.21,13.64,37863
DREAMFOLKS,20260904,66.1,67.47,66.07,66.93,38187
DREDGECORP,20260904,1074.7,1117.5,1074.7,1087.7,128213
DRREDDY,20260904,1157.0,1166.8,1151.0,1151.0,568461
DSFCL,20260904,25.79,26.24,25.5,25.81,66854
DSSL,20260904,992.6,1053.1,990.0,1053.1,34708
DTIL,20260904,153.63,153.63,146.6,150.64,6245
DUCON,20260904,1.92,1.99,1.84,1.92,1709236
DUCON-RE1,20260904,0.39,0.41,0.39,0.39,5721926
DVL,20260904,284.45,292.0,284.45,290.05,15605
DWARKESH,20260904,49.41,49.41,47.01,47.31,2333510
DYCL,20260904,541.9,546.8,484.0,487.9,1789647
DYNAMATECH,20260904,11560.0,11775.0,11558.0,11654.0,8608
DYNPRO,20260904,240.0,248.0,235.0,236.06,37117
E2E,20260904,573.1,615.0,573.1,601.55,631973
EASEMYTRIP,20260904,6.03,6.03,5.98,6.0,5002636
EASTSILK,20260904,63.99,63.99,60.8,61.0,1126
EASTWEST,20260904,2.3,2.4,2.28,2.36,61727
EBANK10,20260904,16.83,16.84,16.66,16.84,401
EBANKNIFTY,20260904,58.11,58.27,57.82,58.26,2088
EBBETF0430,20260904,1611.98,1611.98,1607.71,1609.05,2002
EBBETF0431,20260904,1432.36,1443.67,1431.0,1440.43,5856
EBBETF0433,20260904,1313.15,1314.98,1306.53,1311.12,2625
EBGNG,20260904,622.0,633.4,583.0,601.25,1005022
EBIX,20260904,20.24,20.48,19.5,20.28,20412
ECAPINSURE,20260904,23.89,24.0,23.72,23.99,53393
ECLERX,20260904,1960.0,1967.8,1878.3,1905.7,163141
ECORECO,20260904,462.0,468.95,455.85,459.35,10145
ECOSMOBLTY,20260904,113.93,115.9,112.13,113.54,79330
EDELWEISS,20260904,136.11,138.24,134.76,136.08,11273587
EFCIL,20260904,198.09,202.0,192.0,193.24,235570
EGOLD,20260904,153.2,154.4,153.05,153.8,167536
EICHERMOT,20260904,7665.0,7665.5,7590.0,7630.5,492954
EIDPARRY,20260904,778.25,784.5,774.85,781.35,270760
EIEL,20260904,196.9,201.7,195.65,199.17,769678
EIFFL,20260904,273.05,273.05,273.05,273.05,1424
EIHAHOTELS,20260904,305.45,308.6,295.3,297.65,11705
EIHOTEL,20260904,292.65,293.4,290.1,291.9,154906
EIMCOELECO,20260904,2286.1,2286.1,2240.0,2254.4,19567
EKC,20260904,107.4,107.65,105.15,106.42,150735
EKI,20260904,73.15,76.0,73.11,74.13,6162
ELANTAS,20260904,12395.0,12400.0,12100.0,12219.0,1367
ELCIDIN,20260904,109880.0,109880.0,107400.0,107590.0,12
ELDEHSG,20260904,781.0,801.0,781.0,789.1,415
ELECON,20260904,436.5,442.5,428.75,433.75,535067
ELECTCAST,20260904,84.3,84.9,82.61,83.71,1762760
ELECTHERM,20260904,979.9,999.9,979.9,980.9,7385
ELGIEQUIP,20260904,632.95,645.4,627.5,642.1,691967
ELGIRUBCO,20260904,59.98,59.98,58.1,58.69,44079
ELIN,20260904,95.26,97.3,95.0,95.4,196524
ELIQUID,20260904,1046.75,1046.75,1046.59,1046.6,11691
ELITECON,20260904,8.68,8.68,8.68,8.68,1122582
ELLEN,20260904,333.8,340.15,327.5,331.85,759237
ELM250,20260904,16.8,16.8,16.51,16.61,355767
ELMDIV,20260904,36.99,36.99,36.49,36.5,602
ELPROINTL,20260904,173.66,174.94,173.58,174.0,3631
EMAMILTD,20260904,370.0,371.4,361.85,366.05,1293997
EMAMIPAP,20260904,112.35,115.92,111.7,115.92,35403
EMAMIREAL,20260904,69.29,69.3,65.7,66.74,24880
EMBDL,20260904,58.65,59.19,57.25,57.53,2533639
EMCURE,20260904,1888.0,1935.0,1874.7,1927.6,276608
EMETAL,20260904,13.21,13.36,13.13,13.36,5051
EMIL,20260904,175.4,176.67,167.54,173.74,1637322
EMKAY,20260904,259.0,270.0,255.15,267.25,54753
EMMBI,20260904,91.05,94.2,90.75,91.0,5830
EMMVEE,20260904,327.0,330.9,322.3,325.2,873378
EMPIND,20260904,1202.0,1208.3,1192.0,1195.6,6883
EMPOWER,20260904,1.73,1.9,1.73,1.84,26427168
EMSLIMITED,20260904,387.35,388.95,381.0,383.05,166270
EMUDHRA,20260904,519.85,534.4,519.85,524.8,71392
EMULTIMQ,20260904,42.19,42.24,41.75,42.0,11409
ENDURANCE,20260904,2757.0,2795.0,2736.6,2782.8,50285
ENERGY,20260904,38.49,38.81,38.3,38.41,274108
ENERGYAXIS,20260904,19.0,19.17,19.0,19.15,7399
ENERGYDEV,20260904,15.99,15.99,15.45,15.49,11133
ENEXT50,20260904,73.52,73.55,73.1,73.1,275
ENGINERSIN,20260904,282.4,284.5,278.35,279.45,3490446
ENIFTY,20260904,24.75,24.75,24.1,24.19,6023
ENIL,20260904,99.67,103.1,99.67,102.65,27341
ENKEIWHEL,20260904,396.0,400.0,384.0,389.8,776
ENRIN,20260904,3160.0,3186.8,3106.0,3115.7,262111
ENTERO,20260904,1848.0,1868.9,1811.1,1827.6,96165
EPACK,20260904,191.0,192.5,187.99,189.27,343336
EPACKPEB,20260904,227.5,233.85,227.5,231.11,324727
EPIGRAL,20260904,1230.0,1254.8,1214.5,1219.7,48188
EPL,20260904,246.55,250.9,244.55,247.1,3718253
EQUAL200,20260904,13.95,13.95,13.81,13.82,10167
EQUAL50,20260904,329.56,330.22,329.4,330.22,444
EQUAL50ADD,20260904,341.54,342.0,338.98,340.33,15781
EQUIPPP,20260904,22.89,22.89,22.1,22.75,1891
EQUITASBNK,20260904,73.05,73.99,72.8,72.95,534782
ERIS,20260904,1301.0,1332.2,1301.0,1321.7,69111
ESABINDIA,20260904,6107.5,6114.0,6050.0,6067.5,2820
ESAFSFB,20260904,41.67,41.84,41.05,41.41,271495
ESCORTS,20260904,2993.0,3001.0,2960.3,2968.8,62925
ESDS,20260904,757.0,908.4,756.0,908.4,15790052
ESENSEX,20260904,77.0,77.56,77.0,77.46,37
ESG,20260904,41.16,41.2,41.0,41.15,2704
ESILVER,20260904,224.09,234.69,224.09,232.78,221315
ESSARSHPNG,20260904,17.0,17.65,16.9,17.09,325102
ESSENTIA,20260904,1.05,1.08,1.05,1.05,2849052
ESTER,20260904,94.04,94.72,93.0,93.57,41294
ETERNAL,20260904,325.3,327.75,320.8,322.75,17824027
ETHOSLTD,20260904,2794.0,2905.6,2776.0,2792.8,79319
EUREKAFORB,20260904,430.0,430.0,422.15,423.75,99508
EUROBOND,20260904,154.0,154.0,148.01,151.0,921
EUROPRATIK,20260904,267.0,270.05,258.0,263.75,192832
EUROTEXIND,20260904,13.73,13.73,13.73,13.73,300
EVEREADY,20260904,319.0,322.3,316.0,317.9,57194
EVERESTIND,20260904,425.0,433.95,415.0,423.9,12743
EVIETF,20260904,32.89,32.89,32.31,32.47,183629
EVINDIA,20260904,32.8,32.8,32.38,32.44,304394
EXCELINDUS,20260904,1035.1,1045.0,1026.1,1031.4,4529
EXCELSOFT,20260904,70.5,71.8,69.52,70.23,299626
EXICOM,20260904,166.8,179.75,166.8,177.85,5389417
EXIDEIND,20260904,423.9,428.5,416.4,424.35,2581393
EXPLEOSOL,20260904,904.0,910.0,888.0,899.0,27691
EXXARO,20260904,6.6,6.85,6.5,6.59,298855
FABTECH,20260904,147.14,152.26,147.07,150.2,112484
FACT,20260904,803.05,812.5,798.15,801.4,97544
FAIRCHEMOR,20260904,661.1,661.1,652.0,660.25,3280
FAZE3Q,20260904,502.35,502.35,485.1,493.95,9304
FCL,20260904,48.68,52.1,48.6,51.51,20692198
FCSSOFT,20260904,1.44,1.46,1.44,1.45,1046769
FDC,20260904,343.0,351.8,341.55,342.8,120312
FEDDERSHOL,20260904,47.4,47.7,46.0,47.28,1773925
FEDERALBNK,20260904,344.9,344.9,341.8,343.0,4115397
FEDFINA,20260904,156.32,163.2,156.32,161.56,818017
FEL,20260904,0.39,0.4,0.38,0.38,197550
FELDVR,20260904,2.19,2.21,2.1,2.17,2115
FERMENTA,20260904,502.3,509.35,491.65,498.5,101413
FIBERWEB,20260904,26.2,26.2,25.6,25.75,10675
FIEMIND,20260904,2050.0,2092.4,2036.0,2085.8,46943
FILATEX,20260904,77.1,78.45,75.65,77.72,1156499
FILATFASH,20260904,0.19,0.19,0.18,0.18,21161213
FINCABLES,20260904,1223.5,1254.9,1211.0,1220.2,1492429
FINEORG,20260904,5178.5,5190.0,5136.0,5152.0,12034
FINIETF,20260904,33.46,33.46,32.69,32.95,174481
FINKURVE,20260904,69.9,73.72,69.74,72.31,62572
FINOPB,20260904,140.25,142.9,138.5,139.33,82299
FINPIPE,20260904,160.0,160.0,156.0,158.63,507087
FIRSTCRY,20260904,179.0,183.0,176.25,180.16,1541167
FISCHER,20260904,37.44,37.62,35.8,36.04,329518
FIVESTAR,20260904,538.0,538.0,512.5,523.05,915369
FLAIR,20260904,249.55,249.95,242.4,243.71,105224
FLEXIADD,20260904,10.31,10.44,10.0,10.06,35100
FLEXITUFF,20260904,2.4,2.4,2.28,2.29,98460
FLFL,20260904,1.22,1.27,1.16,1.25,107261
FLUOROCHEM,20260904,4839.3,4850.0,4461.1,4554.0,473510
FMCGADD,20260904,46.22,48.8,46.11,46.25,47656
FMCGIETF,20260904,49.0,49.75,49.0,49.47,2400471
FMGOETZE,20260904,511.0,517.5,499.6,501.45,1030188
FMNL,20260904,9.81,10.1,9.63,10.1,18463
FOCUS,20260904,64.5,64.65,62.8,63.37,58966
FOODSIN,20260904,56.0,57.9,54.72,57.37,89638
FORCEMOT,20260904,17515.0,17857.0,17500.0,17500.0,47840
FORTIS,20260904,914.0,917.45,903.8,905.0,627470
FOSECOIND,20260904,6372.5,6404.0,6216.5,6263.0,7937
FRACTAL,20260904,819.0,830.0,817.2,825.45,216017
FREDUN,20260904,1502.9,1517.0,1458.0,1470.7,15103
FRONTSP,20260904,1267.3,1305.0,1255.9,1291.8,21620
FSL,20260904,265.6,273.85,263.75,264.4,942732
FUSION,20260904,199.73,207.0,199.21,203.19,1385863
GABRIEL,20260904,1349.0,1368.0,1310.6,1353.2,208239
GAEL,20260904,170.88,171.2,167.2,167.81,466226
GAIL,20260904,174.27,174.27,171.92,173.4,3878219
GAJA,20260904,158.0,162.01,157.51,161.1,1327301
GALAPREC,20260904,1036.1,1038.9,1015.2,1024.0,21048
GALAXYSURF,20260904,2251.6,2273.9,2143.5,2165.0,43774
GALLANTT,20260904,585.0,597.45,568.45,574.0,300142
GANDHAR,20260904,268.4,269.05,261.0,267.6,860917
GANDHITUBE,20260904,901.75,904.95,898.0,900.15,1700
GANECOS,20260904,1023.5,1023.5,962.5,999.9,331101
GANESHBE,20260904,123.29,125.0,121.0,123.23,82123
GANESHCP,20260904,169.79,176.98,168.47,174.46,117370
GANESHHOU,20260904,767.2,770.0,753.9,758.95,25372
GANGAFORGE,20260904,1.68,1.75,1.68,1.68,8689563
GANGESSECU,20260904,120.05,123.9,118.02,118.71,1203
GARFIBRES,20260904,800.0,813.25,792.9,800.55,15701
GARUDA,20260904,178.75,181.11,178.0,178.73,285751
GATECH,20260904,0.91,0.91,0.91,0.91,6348637
GATECHDVR,20260904,0.51,0.52,0.48,0.48,424573
GATEWAY,20260904,54.77,55.06,54.36,54.69,387773
GAUDIUMIVF,20260904,115.01,122.0,113.0,116.43,193356
GAYAHWS,20260904,2.0,2.04,1.92,1.93,206145
GAYAPROJ,20260904,22.37,22.4,21.3,21.76,363836
GCSL,20260904,592.0,596.85,577.7,595.15,726731
GEECEE,20260904,369.5,371.0,365.2,366.2,1125
GEEKAYWIRE,20260904,29.9,30.1,29.39,29.61,127142
GEMAROMA,20260904,163.04,166.7,160.0,161.5,90914
GENCON,20260904,42.5,45.37,42.45,44.63,345096
GENESYS,20260904,222.63,234.0,222.62,230.88,475906
GENSOL,20260904,17.15,17.89,17.01,17.28,49395
GENUSPAPER,20260904,12.57,12.83,12.21,12.76,216963
GENUSPOWER,20260904,340.8,349.35,334.75,337.8,2486451
GEOJITFSL,20260904,82.79,83.9,82.31,82.72,332909
GESHIP,20260904,1360.4,1378.0,1340.0,1369.7,1043987
GFLLIMITED,20260904,59.69,63.89,58.9,62.81,497897
GHCL,20260904,442.5,442.5,436.1,436.6,84548
GHCLTEXTIL,20260904,139.23,139.85,135.05,136.72,424691
GICHSGFIN,20260904,142.06,143.64,139.6,140.45,172955
GICL,20260904,24.0,24.9,23.33,24.6,162762
GICRE,20260904,343.65,361.3,341.6,358.45,4931565
GILLANDERS,20260904,103.0,105.06,101.75,103.19,1894
GILLETTE,20260904,7340.0,7371.0,7300.0,7312.5,9291
GILT10BETA,20260904,26.68,26.75,26.22,26.58,1210
GILT5BETA,20260904,66.49,67.06,66.49,66.94,18441
GILT5YBEES,20260904,66.54,66.55,66.21,66.33,183586
GINNIFILA,20260904,43.79,43.79,41.56,42.57,55171
GIPCL,20260904,208.9,208.9,204.26,205.18,400260
GKB,20260904,65.0,66.0,63.01,63.97,13013
GKENERGY,20260904,129.55,131.0,128.0,128.96,264878
GKSL,20260904,172.88,175.09,171.51,172.81,238346
GKWLIMITED,20260904,1622.0,1622.0,1582.0,1610.9,154
GLAND,20260904,2915.0,2969.0,2851.1,2932.4,2977808
GLAXO,20260904,2938.9,2972.8,2925.5,2958.1,48109
GLENMARK,20260904,2454.5,2456.7,2422.7,2437.2,412728
GLFL,20260904,5.64,5.8,5.55,5.8,4293
GLOBAL,20260904,116.3,126.45,115.39,120.45,570402
GLOBALE,20260904,11.38,11.5,10.86,11.39,18110
GLOBALVECT,20260904,144.0,144.0,140.1,141.16,2436
GLOBE,20260904,1.93,1.94,1.87,1.89,440779
GLOBECIVIL,20260904,48.85,49.01,47.61,48.15,41613
GLOBUSSPR,20260904,919.65,919.65,910.0,914.3,46420
GLOSTERLTD,20260904,599.7,599.7,590.25,596.5,323
GLOTTIS,20260904,62.2,63.21,62.0,62.1,33918
GMBREW,20260904,910.0,924.95,910.0,919.85,40347
GMDCLTD,20260904,566.2,570.75,561.0,562.95,503162
GMMPFAUDLR,20260904,1073.5,1175.0,1073.5,1147.9,1049404
GMRAIRPORT,20260904,96.86,97.98,96.3,97.45,9286457
GMRP&UI,20260904,91.61,96.78,90.71,95.3,1966833
GNA,20260904,537.0,557.0,529.55,551.05,276542
GNFC,20260904,588.9,599.0,585.6,596.7,791924
GNRL,20260904,97.6,101.2,96.9,99.27,185644
GOACARBON,20260904,377.1,381.0,372.0,378.45,9112
GOCLCORP,20260904,425.0,431.0,423.0,427.45,304041
GOCOLORS,20260904,323.6,328.5,323.1,326.65,46077
GODAVARIB,20260904,246.85,246.85,240.5,241.7,53060
GODFRYPHLP,20260904,2045.0,2073.3,2040.0,2051.0,100359
GODIGIT,20260904,256.4,261.0,254.4,258.3,203109
GODREJAGRO,20260904,657.0,665.5,638.7,644.85,306292
GODREJCP,20260904,878.65,880.0,866.1,878.0,1306185
GODREJIND,20260904,1157.8,1187.2,1152.0,1163.5,60778
GODREJPROP,20260904,2000.0,2021.7,1971.0,1982.0,307319
GOKEX,20260904,768.5,802.5,768.5,789.2,472178
GOKUL,20260904,41.6,43.9,41.44,42.96,221325
GOKULAGRO,20260904,234.1,236.67,229.98,231.17,282521
GOLD1,20260904,128.75,129.99,127.95,128.47,1165650
GOLD360,20260904,150.15,151.0,149.6,149.7,9775
GOLDADD,20260904,15.14,15.14,14.87,14.95,4153135
GOLDAXIS,20260904,128.47,129.25,127.84,128.11,333634
GOLDBEES,20260904,126.85,127.72,126.78,127.17,20415178
GOLDBETA,20260904,129.05,130.3,129.05,129.5,548417
GOLDBND,20260904,154.98,154.98,152.93,153.82,2042
GOLDCASE,20260904,24.51,24.51,24.13,24.21,8672063
GOLDENTOBC,20260904,25.0,25.0,24.0,24.96,3366
GOLDETF,20260904,148.61,150.73,148.61,149.46,1811520
GOLDIAM,20260904,341.05,350.0,341.05,345.3,332390
GOLDIETF,20260904,131.21,132.99,131.21,131.8,4150183
GOLDTECH,20260904,46.5,47.96,46.5,47.04,5814
GOODLUCK,20260904,468.95,480.0,468.1,472.9,455214
GOODYEAR,20260904,733.1,748.0,733.1,741.5,2498
GOPAL,20260904,267.45,267.5,263.8,265.1,84409
GOYALALUM,20260904,6.31,6.45,6.16,6.22,74465
GPIL,20260904,239.9,243.86,238.89,240.67,985110
GPPL,20260904,165.5,165.83,160.81,161.62,1293533
GPTHEALTH,20260904,153.29,159.0,151.96,158.17,259291
GPTINFRA,20260904,110.87,113.3,110.5,112.1,108936
GRADIENTE,20260904,2.77,2.8,2.65,2.71,1829209
GRANDOAK,20260904,35.85,36.7,34.48,34.84,4351
GRANULES,20260904,853.0,863.6,838.6,848.3,1172635
GRAPHITE,20260904,721.8,740.3,714.65,733.6,1066661
GRASIM,20260904,3318.9,3332.6,3268.1,3322.0,892704
GRAUWEIL,20260904,70.61,71.99,70.05,70.59,175799
GRAVISSHO,20260904,28.7,29.5,28.66,29.4,329
GRAVITA,20260904,1684.8,1696.6,1615.1,1661.6,442686
GREAVESCOT,20260904,193.5,197.07,193.21,195.56,467649
GREENLAM,20260904,244.17,244.59,241.02,242.62,14287
GREENPANEL,20260904,159.2,162.0,157.3,158.32,268737
GREENPLY,20260904,292.1,307.9,292.1,304.7,387224
GREENPOWER,20260904,9.19,9.34,9.19,9.28,1505445
GRINDWELL,20260904,1982.5,1997.3,1955.0,1962.5,10248
GRINFRA,20260904,878.95,878.95,865.6,869.1,8369
GRMOVER,20260904,85.82,88.15,85.46,87.53,1151167
GROBTEA,20260904,980.0,999.4,971.5,977.65,101
GROWW,20260904,193.0,195.68,191.85,194.0,44702306
GROWWCAPM,20260904,11.49,11.57,11.33,11.44,279688
GROWWCHEM,20260904,30.19,30.68,30.1,30.24,4453571
GROWWDEFNC,20260904,97.1,98.0,96.76,97.42,231792
GROWWEV,20260904,32.82,32.82,32.18,32.37,259593
GROWWGOLD,20260904,14.98,15.21,14.93,15.03,2159184
GROWWHOSPI,20260904,52.11,52.59,51.77,51.83,303066
GROWWLIQID,20260904,110.65,110.65,110.64,110.64,649969
GROWWLOVOL,20260904,10.5,10.5,10.24,10.3,4721
GROWWMC150,20260904,233.72,233.72,231.63,233.51,303
GROWWMETAL,20260904,12.48,12.77,12.32,12.72,467942
GROWWMOM50,20260904,11.17,11.17,10.92,10.99,277790
GROWWN200,20260904,11.04,11.53,11.04,11.34,29513
GROWWNET,20260904,10.95,10.95,10.63,10.86,490430
GROWWNIFTY,20260904,9.65,9.76,9.65,9.68,684423
GROWWNXT50,20260904,73.99,73.99,72.81,73.45,2293
GROWWPOWER,20260904,11.32,11.39,11.25,11.33,2199856
GROWWPSE,20260904,97.3,99.48,95.9,98.3,4944
GROWWPSUBK,20260904,86.48,86.48,85.01,85.88,1830
GROWWRAIL,20260904,28.19,28.22,27.85,28.08,2704363
GROWWRLTY,20260904,10.3,10.34,10.15,10.21,161707
GROWWSC250,20260904,10.72,10.72,10.6,10.69,100126
GROWWSLVR,20260904,22.81,22.94,22.69,22.83,1486031
GRPLTD,20260904,1998.2,2019.0,1959.0,2013.0,1281
GRSE,20260904,2517.9,2564.4,2517.9,2533.2,299818
GRWRHITECH,20260904,7117.5,7155.0,7050.0,7086.5,35292
GSEC10ADD,20260904,26.79,26.79,26.48,26.79,42
GSEC10IETF,20260904,262.5,262.5,262.5,262.5,42
GSEC10YEAR,20260904,30.53,30.53,30.22,30.37,616
GSEC5IETF,20260904,66.51,66.51,66.51,66.51,862
GSFC,20260904,162.73,165.85,162.02,162.88,1107016
GSLSU,20260904,27.02,28.37,27.02,28.37,31054
GSPCROP,20260904,627.0,627.6,616.0,619.25,119185
GSS,20260904,11.75,11.75,10.73,11.03,198815
GTECJAINX,20260904,29.0,29.29,28.0,29.27,5483
GTL,20260904,7.21,7.34,7.07,7.11,293515
GTLINFRA,20260904,1.17,1.17,1.14,1.16,35008053
GTPL,20260904,58.5,59.5,57.51,58.67,87796
GUFICBIO,20260904,440.5,447.2,437.15,444.9,88007
GUJALKALI,20260904,728.5,736.0,715.1,721.6,109374
GUJAPOLLO,20260904,350.1,365.0,343.85,355.95,12193
GUJENERGY,20260904,264.11,268.36,262.14,263.59,3952971
GUJRAFFIA,20260904,41.2,41.2,41.0,41.0,106
GUJTHEM,20260904,428.7,433.85,408.5,411.35,605159
GULFOILLUB,20260904,1089.9,1089.9,1054.5,1067.8,157655
GULFPETRO,20260904,66.82,66.82,64.5,65.91,51859
GULPOLY,20260904,186.27,188.01,184.42,186.01,133134
GVKPIL,20260904,2.08,2.09,2.05,2.08,561750
GVPIL,20260904,668.0,668.0,644.35,649.6,255215
GVPTECH,20260904,8.5,8.59,8.0,8.05,90191
GVT&D,20260904,4352.0,4399.5,4304.3,4306.3,549760
GYFTR,20260904,182.22,186.38,180.01,182.54,27733
HAL,20260904,4831.0,4936.0,4817.4,4856.0,1399667
HALDER,20260904,282.0,295.0,282.0,293.5,26009
HALDYNGL,20260904,146.6,149.25,145.1,147.7,40259
HALEOSLABS,20260904,1509.4,1509.4,1441.0,1451.3,5164
HAMPTON,20260904,8.06,8.3,7.8,7.86,9884
HAPPSTMNDS,20260904,355.0,358.0,352.6,354.0,1122676
HAPPYFORGE,20260904,2265.1,2306.2,2226.6,2238.5,69563
HARDWYN,20260904,9.11,9.35,8.99,9.13,1626111
HARIOMPIPE,20260904,357.5,364.6,352.75,359.2,113348
HARRMALAYA,20260904,193.0,195.49,190.92,192.72,7134
HARSHA,20260904,451.35,457.1,447.3,454.35,132144
HATHWAY,20260904,10.26,10.58,10.26,10.52,1819906
HATSUN,20260904,1159.9,1185.0,1124.9,1168.8,65825
HAVELLS,20260904,1178.0,1178.0,1149.7,1154.0,2840527
HAVISHA,20260904,1.47,1.47,1.4,1.41,107777
HAWKINCOOK,20260904,8338.0,8471.0,8225.0,8406.5,1806
HAZOOR,20260904,19.4,19.9,18.52,19.13,1290374
HBESD,20260904,75.0,76.9,75.0,75.1,1075
HBLENGINE,20260904,668.5,724.0,667.0,695.75,14312325
HBPOR,20260904,59.66,60.0,58.26,58.38,115
HBSL,20260904,54.0,55.93,54.0,54.91,1337
HCC,20260904,23.06,23.54,22.9,22.98,20266993
HCG,20260904,707.8,718.25,698.1,700.2,65274
HCL-INSYS,20260904,10.32,10.39,9.93,10.1,702510
HCLTECH,20260904,1324.9,1331.4,1291.2,1293.4,2210569
HDBFS,20260904,693.45,705.0,680.05,682.7,366577
HDFCAMC,20260904,2511.3,2517.8,2456.0,2458.3,844970
HDFCBANK,20260904,708.35,716.5,708.35,712.1,14488024
HDFCBSE500,20260904,38.48,38.48,37.42,37.56,862356
HDFCGOLD,20260904,132.5,133.62,130.72,131.45,3350795
HDFCGROWTH,20260904,118.04,119.87,118.04,118.29,55143
HDFCLIFE,20260904,533.7,548.0,533.3,546.4,6016219
HDFCLIQUID,20260904,1076.75,1076.77,1076.73,1076.75,14831
HDFCLOWVOL,20260904,20.55,20.6,20.45,20.48,3372
HDFCMID150,20260904,23.78,23.78,23.45,23.5,422354
HDFCMOMENT,20260904,30.45,31.19,30.45,30.99,97334
HDFCNEXT50,20260904,75.05,75.06,74.5,74.75,201831
HDFCNIF100,20260904,25.94,26.08,25.89,25.93,17792
HDFCNIFBAN,20260904,60.65,60.65,59.08,59.22,123216
HDFCNIFIT,20260904,33.32,33.43,32.81,32.86,128067
HDFCNIFTY,20260904,271.02,271.42,269.8,270.3,140738
HDFCNIMEG,20260904,131.73,133.99,131.5,133.56,46678
HDFCPSUBK,20260904,86.57,87.11,86.03,86.16,44418
HDFCPVTBAN,20260904,29.01,29.01,28.18,28.39,143631
HDFCQUAL,20260904,58.87,58.93,58.5,58.65,2788
HDFCSENSEX,20260904,86.67,87.59,86.67,87.15,23630
HDFCSILVER,20260904,215.0,223.71,215.0,222.7,2287210
HDFCSML250,20260904,187.49,187.49,186.26,186.65,738277
HDFCVALUE,20260904,125.5,126.24,125.43,125.88,1613
HDIL,20260904,1.51,1.54,1.47,1.47,144902
HEADSUP,20260904,6.63,7.5,6.62,7.21,52608
HEALTHADD,20260904,16.7,16.72,16.5,16.58,21553
HEALTHAXIS,20260904,171.23,190.0,166.75,167.04,6611
HEALTHCARE,20260904,22.06,22.06,21.48,21.51,20094
HEALTHIETF,20260904,170.65,170.66,168.17,168.65,169428
HEALTHX,20260904,295.0,303.7,289.0,300.3,17264
HEALTHY,20260904,17.0,17.21,16.81,16.84,723183
HECPROJECT,20260904,121.78,121.78,115.05,117.78,8085
HEG,20260904,709.0,744.9,695.8,728.25,2565950
HEIDELBERG,20260904,158.3,160.89,158.3,160.17,218319
HEMIPROP,20260904,125.93,127.77,125.91,126.55,269289
HERANBA,20260904,175.9,177.99,173.3,173.83,13651
HERITGFOOD,20260904,373.4,384.7,369.1,382.35,1034903
HEROMOTOCO,20260904,5319.0,5322.5,5260.0,5300.0,607423
HESTERBIO,20260904,2199.9,2540.9,2170.0,2405.4,93542
HEXAGON,20260904,66.6,67.75,65.25,67.23,102191
HEXATRADEX,20260904,160.0,160.0,157.0,157.65,1741
HEXT,20260904,531.7,541.0,524.0,528.6,192374
HFCL,20260904,226.0,231.44,225.0,231.44,4395650
HGINFRA,20260904,479.35,484.0,475.0,482.0,49859
HGM,20260904,51.6,54.05,50.55,52.63,31154
HGS,20260904,393.0,409.0,391.05,399.25,9933
HIKAL,20260904,234.0,236.74,220.1,222.3,5359400
HILINFRA,20260904,44.68,45.4,44.2,44.45,36577
HILTON,20260904,18.99,18.99,18.5,18.63,83646
HIMATSEIDE,20260904,70.42,71.89,70.25,71.51,358084
HINDADH,20260904,383.75,383.75,363.25,370.9,517
HINDALCO,20260904,1012.9,1020.8,1005.0,1011.0,3682428
HINDALUMI,20260904,97.0,100.7,95.2,97.43,3024
HINDCOMPOS,20260904,392.1,415.0,392.1,394.85,5640
HINDCON,20260904,25.19,25.19,23.0,23.9,42853
HINDCOPPER,20260904,522.15,523.95,518.0,521.65,3802351
HINDOILEXP,20260904,183.0,188.0,180.15,185.0,1959249
HINDPETRO,20260904,359.9,360.05,355.55,356.5,3155139
HINDUNILVR,20260904,1967.0,1984.2,1950.4,1973.4,2247162
HINDWAREAP,20260904,187.0,187.24,181.0,182.61,113928
HINDZINC,20260904,598.0,603.0,592.0,601.0,4650039
HIRECT,20260904,1236.0,1249.7,1220.4,1222.4,18689
HISARMETAL,20260904,163.89,166.01,161.6,162.19,964
HITECH,20260904,75.45,76.34,74.25,75.77,1169763
HITECHCORP,20260904,339.85,339.85,330.1,337.0,6573
HITECHGEAR,20260904,571.0,578.0,566.0,567.15,1037
HLEGLAS,20260904,320.05,343.0,320.05,333.65,605651
HLVLTD,20260904,6.54,6.74,6.34,6.48,143901
HMAAGRO,20260904,20.9,21.15,20.8,20.84,314281
HMT,20260904,69.99,69.99,65.7,66.91,31667
HMVL,20260904,87.5,88.0,84.0,84.28,15089
HNDFDS,20260904,626.9,631.5,609.5,615.05,133631
HNGSNGBEES,20260904,470.01,475.25,470.0,471.09,61650
HOMEFIRST,20260904,1201.4,1229.0,1196.0,1210.1,128463
HONASA,20260904,480.25,492.6,468.8,471.05,996548
HONAUT,20260904,35265.0,35870.0,35265.0,35655.0,1792
HONDAPOWER,20260904,1986.4,2036.0,1976.0,2024.6,2712
HORIZONIND,20260904,55.49,55.99,54.6,55.13,6411837
HPAL,20260904,36.2,36.49,34.7,35.58,59982
HPIL,20260904,118.7,125.08,114.4,123.75,1499
HPL,20260904,304.4,308.0,300.6,304.15,97614
HRYNSHP,20260904,99.0,102.0,99.0,101.36,434
HSBCGOLD,20260904,134.02,134.31,133.31,133.81,29190
HSCL,20260904,664.4,674.65,660.75,671.05,2597175
HTEL,20260904,74.5,75.9,71.1,73.65,1652363
HTMEDIA,20260904,26.56,26.9,26.06,26.12,43144
HUBTOWN,20260904,192.0,197.48,188.3,189.26,598031
HUDCO,20260904,181.96,181.96,179.82,180.52,946223
HUHTAMAKI,20260904,258.95,260.4,252.0,255.0,125656
HYBRIDETF,20260904,10.27,10.27,10.03,10.03,41052
HYBRIDFIN,20260904,16.8,17.25,16.42,16.67,7267
HYUNDAI,20260904,2152.0,2214.5,2150.7,2205.0,531330
IBULLSLTD,20260904,25.92,26.12,25.12,25.67,7874352
ICDSLTD,20260904,70.0,71.45,66.2,71.45,53177
ICEMAKE,20260904,739.25,743.7,734.45,738.6,7174
ICICIAMC,20260904,2990.0,2995.9,2958.5,2970.9,281169
ICICIB22,20260904,116.31,116.31,113.9,114.34,255356
ICICIBANK,20260904,1432.1,1438.3,1421.4,1423.2,6693889
ICICIGI,20260904,1521.7,1533.8,1507.4,1510.0,824875
ICICIPRULI,20260904,495.05,503.15,492.1,494.55,962782
ICIL,20260904,440.1,457.95,436.3,449.8,621520
ICRA,20260904,4890.0,4998.2,4866.0,4884.5,21042
IDBI,20260904,92.4,92.4,90.42,90.63,5012839
IDEA,20260904,14.53,15.16,14.51,15.02,525960563
IDEAFORGE,20260904,783.95,799.0,774.0,777.05,208626
IDFCFIRSTB,20260904,87.81,87.98,86.5,86.71,15288105
IDFNIFTYET,20260904,266.63,268.89,263.95,264.49,1426
IEX,20260904,121.0,121.63,118.51,118.91,11547227
IFBAGRO,20260904,913.9,916.0,887.3,903.3,4296
IFBIND,20260904,1317.2,1318.5,1300.5,1305.7,19145
IFCI,20260904,96.5,107.5,96.41,101.38,407352536
IFGLEXPOR,20260904,205.5,210.58,202.0,204.69,22469
IGARASHI,20260904,416.25,428.0,416.25,422.75,40948
IGCL,20260904,73.27,73.49,72.34,72.89,54634
IGIL,20260904,330.0,330.95,322.05,323.5,369135
IGL,20260904,150.5,159.5,150.5,158.04,8174532
IGPL,20260904,553.5,572.0,550.05,567.4,200277
IIFL,20260904,645.7,662.9,640.4,651.15,2119359
IIFLCAPS,20260904,337.4,341.95,337.4,341.2,330001
IITL,20260904,151.08,152.65,145.1,146.4,100778
IKIO,20260904,209.99,222.0,209.2,212.34,831128
IKS,20260904,1728.5,1799.8,1728.5,1759.9,220451
IL&FSENGG,20260904,35.0,36.75,35.0,36.75,113314
IL&FSTRANS,20260904,2.16,2.16,2.01,2.06,97511
IMAGICAA,20260904,54.4,57.44,53.94,55.38,2402726
IMFA,20260904,1293.0,1312.0,1274.2,1288.4,162105
IMPAL,20260904,1096.0,1129.0,1081.0,1114.6,1266
IMPEXFERRO,20260904,4.72,4.72,4.72,4.72,11143
INA,20260904,89.22,91.93,89.22,90.24,481868
INCREDIBLE,20260904,32.13,32.99,31.99,32.54,5276
INDBANK,20260904,29.19,29.19,28.13,28.58,93377
INDGN,20260904,603.15,611.4,598.3,601.5,804735
INDHOTEL,20260904,730.0,732.95,717.5,720.0,1528492
INDIACEM,20260904,358.8,363.9,358.15,362.5,42548
INDIAGLYCO,20260904,260.4,260.4,260.4,260.4,21597
INDIAMART,20260904,1730.0,1745.0,1722.5,1726.4,43854
INDIANB,20260904,883.05,892.4,879.1,879.7,786614
INDIANCARD,20260904,214.79,225.01,208.61,219.97,3224
INDIANHUME,20260904,390.6,400.05,383.35,387.8,56614
INDIASHLTR,20260904,669.05,680.0,669.05,677.1,70209
INDIGO,20260904,4980.0,5035.0,4977.0,4977.0,394117
INDIGOPNTS,20260904,1183.1,1195.0,1170.0,1185.8,94147
INDIQUBE,20260904,194.52,195.9,193.0,194.54,16617
INDNIPPON,20260904,1115.1,1175.0,1101.8,1158.2,63581
INDOAMIN,20260904,125.5,128.74,123.0,125.96,50224
INDOBORAX,20260904,524.5,524.5,507.15,514.9,126424
INDOCO,20260904,272.95,274.7,260.59,262.51,368891
INDOFARM,20260904,135.59,136.59,132.91,134.03,68314
INDOKEM,20260904,636.0,640.0,615.1,625.55,3809
INDOMIM,20260904,926.0,983.6,926.0,971.5,4512815
INDORAMA,20260904,69.79,74.25,69.55,72.96,1609101
INDOSTAR,20260904,256.5,261.6,255.0,258.66,111553
INDOTECH,20260904,3619.7,3704.0,3606.4,3663.1,7508
INDOTHAI,20260904,35.75,35.75,35.75,35.75,742070
INDOUS,20260904,77.02,79.78,70.0,77.48,41730
INDOWIND,20260904,9.19,9.2,8.93,9.02,77378
INDPRUD,20260904,6228.0,6390.0,6221.0,6305.0,94
INDRAMEDCO,20260904,357.7,358.6,348.3,349.7,311569
INDSWFTLAB,20260904,373.1,373.1,350.0,355.95,695062
INDTERRAIN,20260904,30.8,30.8,30.05,30.42,17159
INDUSINDBK,20260904,1004.8,1008.6,998.0,1008.5,1321066
INDUSTOWER,20260904,375.0,380.45,374.15,376.8,1578193
INFOBEAN,20260904,157.0,167.4,157.0,162.08,750810
INFOMEDIA,20260904,5.18,5.81,5.17,5.35,22935
INFRA,20260904,12.21,12.21,12.01,12.04,14437
INFRABEES,20260904,954.38,958.63,952.54,956.45,3516
INFRAIETF,20260904,94.93,95.24,94.52,94.8,555466
INFY,20260904,1133.0,1146.7,1125.4,1130.0,5881388
INGERRAND,20260904,4888.0,4888.0,4830.0,4844.7,11320
INNOVACAP,20260904,1130.6,1199.9,1118.0,1175.4,321751
INNOVANA,20260904,308.0,315.0,301.0,305.2,583
INNOVISION,20260904,269.0,269.0,253.6,254.9,11734
INOXGREEN,20260904,171.01,176.7,168.7,175.1,1333015
INOXINDIA,20260904,2223.0,2320.0,2208.0,2247.8,1027233
INOXWIND,20260904,74.27,76.5,73.5,74.4,22688206
INSECTICID,20260904,619.6,624.8,612.2,618.45,22609
INSPIRISYS,20260904,94.0,95.77,89.0,89.53,2978
INSUREIETF,20260904,15.06,15.33,15.05,15.23,402017
INTELLECT,20260904,680.3,703.65,680.3,686.65,491572
INTENTECH,20260904,78.08,85.5,78.08,82.25,42907
INTERARCH,20260904,1692.0,1721.0,1692.0,1707.0,33231
INTERNET,20260904,14.65,14.74,14.44,14.61,534263
INTLCONV,20260904,79.88,83.28,79.0,81.18,92332
INVENTURE,20260904,0.93,0.95,0.92,0.93,618481
INVPRECQ,20260904,1275.0,1275.0,1268.0,1273.6,1405
IOB,20260904,33.31,33.64,33.02,33.55,2673908
IOC,20260904,137.0,137.76,136.87,137.6,4277697
IOLCP,20260904,197.0,204.98,192.5,199.95,5291531
IONEXCHANG,20260904,384.1,412.0,382.55,409.2,1293430
IPCALAB,20260904,1950.0,1969.0,1944.2,1965.3,80401
IPL,20260904,137.1,138.96,137.1,138.34,67260
IPRINGLTD,20260904,163.0,165.95,155.1,159.99,3047
IRB,20260904,19.85,19.91,19.6,19.65,6862525
IRCON,20260904,119.28,120.79,118.05,119.25,1686344
IRCTC,20260904,474.8,479.0,474.05,476.05,603706
IREDA,20260904,113.5,114.6,113.25,113.64,2627200
IRFC,20260904,82.7,83.95,82.7,83.4,7883831
IRIS,20260904,256.0,273.99,256.0,265.92,92277
IRISDOREME,20260904,60.28,64.13,60.2,63.58,2431238
IRMENERGY,20260904,287.15,287.15,278.65,281.4,76393
ISFT,20260904,85.12,86.79,80.8,81.61,132771
ISGEC,20260904,775.55,790.85,773.05,787.35,30774
ISHANCH,20260904,45.98,46.1,43.55,44.29,38670
ISTLTD,20260904,672.75,675.0,650.0,654.55,357
IT,20260904,34.44,34.75,34.0,34.09,153062
ITADD,20260904,32.99,32.99,32.52,32.57,6830
ITAXIS,20260904,343.16,344.99,335.61,339.03,1669
ITBEES,20260904,34.34,34.76,34.0,34.09,8504508
ITBETA,20260904,326.08,326.17,322.5,322.95,84
ITC,20260904,264.0,266.25,262.65,264.1,9519153
ITCHOTELS,20260904,161.0,164.5,160.01,161.23,2050484
ITDC,20260904,643.95,653.0,640.1,644.35,39915
ITETF,20260904,33.05,33.17,32.5,32.54,127150
ITI,20260904,268.5,276.6,268.5,272.5,264152
ITIETF,20260904,34.59,34.73,33.95,34.01,354409
ITL,20260904,370.0,370.0,358.5,364.55,558
IVALUE,20260904,237.04,239.39,228.61,230.26,133823
IVC,20260904,10.84,10.84,10.19,10.24,1022586
IVP,20260904,202.0,209.97,202.0,203.34,10358
IVZBANKNF,20260904,57.39,57.56,57.35,57.56,1513
IVZINGOLD,20260904,134.9,134.9,133.5,133.95,9964
IVZINNIFTY,20260904,267.79,277.9,267.79,274.53,158
IVZSENSEX,20260904,77.7,77.7,76.54,76.56,972
IWP,20260904,34.0,35.49,33.52,34.38,25747
IXIGO,20260904,163.76,170.63,163.39,166.75,3400102
IZMO,20260904,915.0,926.1,900.0,902.45,87266
J&KBANK,20260904,150.45,152.8,149.05,150.02,1883250
JAGRAN,20260904,61.49,61.59,60.93,60.98,247379
JAGSNPHARM,20260904,242.0,243.18,238.81,242.06,96227
JAIBALAJI,20260904,71.08,71.55,69.32,69.73,293778
JAICORPLTD,20260904,100.1,100.89,99.2,99.52,246316
JAINREC,20260904,280.55,282.3,276.15,277.95,1135766
JAIPURKURT,20260904,25.74,26.37,24.65,25.33,51045
JAMNAAUTO,20260904,122.15,122.29,120.36,120.69,691775
JARO,20260904,455.6,457.8,441.8,445.65,119338
JASH,20260904,470.5,489.95,470.5,478.5,280288
JAYAGROGN,20260904,232.04,235.96,227.01,230.6,8025
JAYBARMARU,20260904,122.4,122.79,121.5,122.29,141098
JAYKAY,20260904,165.37,167.88,151.76,153.69,470358
JAYNECOIND,20260904,92.0,94.37,85.22,89.04,49840056
JAYSREETEA,20260904,99.39,101.34,98.0,98.95,48814
JBMA,20260904,629.5,633.75,622.05,625.6,146607
JENBURPH,20260904,1036.2,1045.0,1030.0,1038.8,422
JETFREIGHT,20260904,21.24,21.44,20.9,21.18,123233
JGCHEM,20260904,618.8,622.0,592.45,598.15,210794
JHS,20260904,7.86,8.08,7.81,7.89,45834
JINDALPHOT,20260904,1002.1,1049.7,1002.1,1021.2,2011
JINDALPOLY,20260904,677.5,687.95,670.0,672.35,11895
JINDALSAW,20260904,312.0,312.0,304.3,305.3,868641
JINDALSTEL,20260904,1147.0,1170.9,1138.7,1165.0,893053
JINDRILL,20260904,652.85,672.0,647.0,663.05,708720
JINDWORLD,20260904,49.67,57.78,49.02,57.51,188275533
JIOFIN,20260904,237.8,240.63,237.8,239.5,11860254
JISLDVREQS,20260904,21.2,23.34,20.81,21.93,310219
JISLJALEQS,20260904,28.29,32.39,28.25,30.87,29548721
JITFINFRA,20260904,310.5,314.85,300.0,304.5,23808
JKCEMENT,20260904,5044.0,5126.0,5025.5,5083.5,15032
JKIL,20260904,488.0,492.95,486.15,487.35,24845
JKIPL,20260904,107.5,107.5,100.38,100.56,19248
JKLAKSHMI,20260904,519.0,522.85,512.05,515.7,512153
JKPAPER,20260904,412.0,413.75,401.6,405.8,381165
JKTYRE,20260904,368.9,371.9,366.5,367.35,360957
JLHL,20260904,293.35,293.35,284.15,286.45,102896
JMA,20260904,93.79,93.79,89.0,90.58,7483
JMFINANCIL,20260904,134.9,136.3,130.65,132.06,4507470
JNKINDIA,20260904,431.5,450.4,431.5,445.05,128595
JNPR,20260904,261.0,273.25,259.6,265.1,983254
JOCIL,20260904,152.9,156.85,152.01,154.3,8078
JPOLYINVST,20260904,1010.0,1011.8,992.5,997.45,3507
JPPOWER,20260904,16.02,16.43,16.02,16.29,30695821
JSFB,20260904,534.2,544.0,524.55,535.1,453979
JSL,20260904,738.4,741.25,732.0,737.85,780597
JSLL,20260904,504.4,529.9,502.15,516.3,921231
JSWCEMENT,20260904,123.5,125.17,123.02,124.07,1203964
JSWDULUX,20260904,3167.6,3209.5,3155.6,3174.5,24093
JSWENERGY,20260904,537.55,540.25,534.25,539.85,2598872
JSWHL,20260904,11760.0,11811.0,11360.0,11472.0,2952
JSWINFRA,20260904,334.1,337.8,332.5,333.0,2001532
JSWSTEEL,20260904,1305.0,1331.7,1300.1,1325.0,1094356
JTEKTINDIA,20260904,122.5,123.05,120.71,121.27,143861
JTLIND,20260904,90.0,92.89,89.77,91.67,2884117
JUBLCPL,20260904,2329.1,2342.6,2203.5,2222.6,7185
JUBLFOOD,20260904,482.9,488.0,481.35,482.7,624576
JUBLINGREA,20260904,694.0,697.35,678.0,680.3,91316
JUBLPHARMA,20260904,919.0,930.0,901.2,924.5,498346
JUNIORBEES,20260904,795.84,795.84,784.0,791.07,283994
JUNIPER,20260904,215.0,220.94,214.5,216.82,82885
JUSTDIAL,20260904,697.2,697.2,688.1,692.85,106018
JWL,20260904,240.71,249.0,240.71,243.24,1056588
JYOTHYLAB,20260904,201.0,203.55,200.05,201.54,469980
JYOTICNC,20260904,1026.85,1043.0,1000.1,1003.9,1051995
JYOTIRES,20260904,877.0,877.0,863.05,868.1,5189
JYOTISTRUC,20260904,9.85,10.2,9.6,10.02,10113711
KABRAEXTRU,20260904,566.0,583.95,560.35,579.15,130668
KAJARIACER,20260904,1260.6,1262.0,1235.0,1239.6,319639
KAKATCEM,20260904,110.7,112.4,108.0,109.6,2586
KALAMANDIR,20260904,85.99,86.76,85.81,86.49,150963
KALPATARU,20260904,278.75,280.2,275.0,277.65,40767
KALYANIFRG,20260904,1157.4,1157.4,1070.0,1081.05,8487
KALYANKJIL,20260904,588.2,604.95,585.3,598.8,9662044
KAMAHOLD,20260904,2369.9,2369.9,2340.0,2348.2,1979
KAMANWALA,20260904,16.5,16.6,16.5,16.59,7692
KAMATHOTEL,20260904,216.96,227.88,215.88,225.51,107699
KAMDHENU,20260904,39.05,40.44,38.5,39.24,1255794
KAMOPAINTS,20260904,4.58,4.62,4.49,4.53,270171
KANANIIND,20260904,1.51,1.53,1.5,1.52,144024
KANCHI,20260904,396.6,415.0,396.6,409.7,1607
KANCOTEA,20260904,58.4,58.4,53.1,54.85,28
KANORICHEM,20260904,155.68,158.89,152.02,155.56,14865
KANPRPLA,20260904,263.8,263.8,247.9,250.2,11967
KANSAINER,20260904,195.14,195.9,192.98,194.2,2465067
KAPSTON,20260904,581.35,590.0,571.05,584.05,70957
KARMAENG,20260904,39.0,39.0,36.8,37.45,4181
KARURVYSYA,20260904,354.0,354.0,347.7,348.85,955056
KAUSHALYA,20260904,864.0,887.0,850.0,850.0,202
KAVDEFENCE,20260904,56.95,67.38,56.78,67.14,1505543
KAYA,20260904,342.0,345.1,340.0,345.1,11466
KAYNES,20260904,3487.8,3617.9,3450.0,3598.0,1211084
KCP,20260904,168.99,170.5,162.04,162.38,228887
KCPSUGIND,20260904,31.63,33.3,30.8,32.07,194150
KDDL,20260904,3864.9,3963.0,3864.9,3911.0,25376
KDGREEN,20260904,55.29,55.29,50.16,50.44,21136
KEC,20260904,406.15,410.6,403.3,408.55,777483
KECL,20260904,125.49,127.07,125.0,126.41,55192
KEEPLEARN,20260904,2.03,2.03,1.87,1.87,39241
KEI,20260904,5000.0,5028.0,4820.0,4850.0,2381568
KELLTONTEC,20260904,13.98,14.25,13.79,13.87,2178042
KENNAMET,20260904,4551.5,4722.0,4551.0,4688.5,21846
KERNEX,20260904,1755.0,1869.7,1754.9,1817.0,852400
KESORAMIND,20260904,11.05,11.05,10.9,10.9,119860
KEYFINSERV,20260904,244.2,258.55,243.25,245.05,2872
KFINTECH,20260904,933.0,947.95,923.55,928.9,715524
KHADIM,20260904,113.0,117.3,113.0,117.3,15169
KHAICHEM,20260904,54.85,55.54,54.3,54.86,94220
KHAITANLTD,20260904,163.0,166.5,160.61,162.0,2277
KHANDSE,20260904,18.4,18.41,17.2,18.38,698
KICL,20260904,5222.5,5251.0,5200.0,5203.0,291
KILITCH,20260904,172.8,181.14,172.8,180.95,33164
KIMS,20260904,769.95,778.55,758.55,764.1,158954
KINGFA,20260904,5910.0,6050.0,5887.0,5932.5,8112
KIOCL,20260904,382.85,387.9,380.05,382.1,57868
KIRANVYPAR,20260904,207.0,207.8,202.7,205.41,3402
KIRIINDUS,20260904,578.75,599.35,555.1,559.1,2243746
KIRLFER,20260904,459.75,468.9,451.85,459.6,242037
KIRLOSBROS,20260904,1885.9,1901.8,1859.8,1862.0,19160
KIRLOSENG,20260904,2270.0,2279.0,2182.2,2201.9,365394
KIRLOSIND,20260904,3734.0,3783.9,3685.0,3731.5,7463
KIRLPNU,20260904,771.0,772.8,754.05,760.45,137821
KISSHT,20260904,305.45,316.9,305.25,309.3,1041438
KITEX,20260904,123.65,130.57,123.65,128.85,679715
KJMCFIN,20260904,66.79,68.0,63.14,63.14,2504
KKCL,20260904,505.95,519.45,499.95,514.3,34214
KLBRENG-B,20260904,454.0,474.0,452.5,467.85,303427
KMCSHIL,20260904,138.0,141.58,136.5,138.24,94440
KMEW,20260904,3175.0,3175.0,3011.1,3033.4,98630
KMSUGAR,20260904,32.0,32.33,30.4,30.68,302618
KNACK,20260904,190.7,190.7,186.6,187.3,402969
KNAGRI,20260904,210.0,210.0,194.88,199.4,15550
KNRCON,20260904,119.8,125.95,118.05,124.66,2626704
KOHINOOR,20260904,33.79,33.79,32.5,32.77,131797
KOKUYOCMLN,20260904,79.49,81.0,78.61,80.61,40527
KOLTEPATIL,20260904,450.65,456.5,440.05,441.85,72213
KOPRAN,20260904,232.4,242.8,229.29,232.54,661197
KOTAKBANK,20260904,421.65,425.95,421.65,424.5,9408316
KOTARISUG,20260904,30.5,30.5,29.26,29.92,27875
KOTHARIPET,20260904,129.56,132.0,129.0,130.56,51588
KOTHARIPRO,20260904,66.9,68.37,66.26,67.39,3862
KOTIC,20260904,135.2,135.99,130.25,132.47,11357
KOTYARK,20260904,33.0,33.76,33.0,33.76,133703
KOVAI,20260904,6140.0,6140.0,5994.0,6062.5,1977
KPEL,20260904,242.99,253.03,239.28,247.32,382368
KPIGREEN,20260904,303.3,307.95,303.3,307.0,525172
KPIL,20260904,1421.1,1449.0,1402.0,1406.6,145207
KPITTECH,20260904,584.0,593.6,575.0,575.45,1239906
KPL,20260904,3350.0,3421.7,3211.1,3285.5,49245
KPRMILL,20260904,1179.7,1195.0,1168.1,1186.3,199902
KRBL,20260904,425.5,429.65,416.85,421.95,313910
KREBSBIO,20260904,56.5,56.5,54.45,55.95,5830
KRIDHANINF,20260904,2.09,2.1,2.02,2.03,20638
KRISHANA,20260904,185.05,188.1,181.98,184.13,525256
KRISHIVAL,20260904,413.95,419.0,409.25,416.3,31340
KRISHNADEF,20260904,1011.0,1037.0,1008.0,1013.2,67885
KRITI,20260904,60.11,62.98,59.0,61.6,23406
KRITIKA,20260904,5.49,5.49,5.13,5.37,76423
KRITINUT,20260904,87.4,87.4,83.0,86.45,13358
KRN,20260904,1540.9,1581.1,1521.2,1578.7,408862
KRONOX,20260904,182.45,189.0,182.0,184.69,86294
KROSS,20260904,211.34,217.45,210.25,211.57,223590
KRSNAA,20260904,552.35,564.4,550.05,560.0,21497
KRYSTAL,20260904,659.2,661.0,650.25,654.6,8580
KSB,20260904,815.3,817.0,807.0,813.55,89128
KSCL,20260904,748.5,751.8,741.0,744.1,46257
KSE,20260904,184.97,184.97,177.0,180.12,15087
KSHINTL,20260904,1035.1,1098.0,1032.8,1087.8,542413
KSHITIJ-RE,20260904,0.08,0.08,0.08,0.08,4638413
KSHITIJPOL,20260904,3.15,3.3,3.15,3.3,2941441
KSL,20260904,956.3,957.2,935.0,940.5,67652
KSOLVES,20260904,271.0,276.5,270.0,272.05,16299
KSR,20260904,32.5,34.69,31.9,34.61,388546
KTKBANK,20260904,341.0,345.9,338.25,340.1,1919012
KUANTUM,20260904,75.2,75.6,73.7,74.18,61468
KUSUMGAR,20260904,577.0,584.7,569.1,571.2,226964
KWIL,20260904,42.31,42.73,41.8,42.12,11043010
LADDERUP,20260904,50.3,51.45,42.7,51.4,23
LAGNAM,20260904,74.63,77.27,74.0,74.8,23024
LAHOTIOV,20260904,46.0,46.0,43.0,43.08,3701
LAKPRE,20260904,4.8,5.01,4.8,5.01,3002
LAKSHMIMIL,20260904,7621.0,7800.0,7621.0,7621.0,29
LAL,20260904,8.81,9.15,8.81,8.91,30223
LALITHAA,20260904,283.0,308.3,280.6,306.7,23781731
LALPATHLAB,20260904,1920.5,1925.2,1855.7,1877.5,288144
LAMBODHARA,20260904,138.81,139.91,133.96,134.67,4467
LANCER,20260904,13.19,13.2,12.82,13.03,603720
LANCORHOL,20260904,35.13,40.88,34.21,40.35,2381575
LANDMARK,20260904,500.0,516.4,497.0,510.15,79884
LANDSMILL,20260904,0.67,0.71,0.63,0.63,10129295
LAOPALA,20260904,171.56,174.86,171.56,173.9,75699
LARGEMID50,20260904,36.36,36.42,36.27,36.39,2309
LASA,20260904,6.99,7.0,6.69,6.73,24575
LASERPOWER,20260904,303.7,305.95,291.5,295.65,999119
LATENTVIEW,20260904,267.0,270.8,265.85,267.25,351722
LATTEYS,20260904,21.49,21.49,20.35,20.5,44829
LAURUSLABS,20260904,1855.0,1871.8,1835.2,1840.0,1075943
LAXMICOT,20260904,12.58,14.25,12.58,13.73,72640
LAXMIDENTL,20260904,199.2,201.0,197.5,199.14,40392
LAXMIINDIA,20260904,128.7,135.0,128.37,132.6,360742
LCCINFOTEC,20260904,4.07,4.08,3.72,3.81,44787
LCL,20260904,560.0,598.0,560.0,581.5,1628313
LEAPIND,20260904,153.5,155.3,149.5,150.26,5589910
LEENEE,20260904,8.15,8.84,8.08,8.45,29014
LEMERITE,20260904,21.3,21.3,20.56,20.93,135407
LEMONTREE,20260904,105.24,107.0,104.77,104.95,3464757
LENSKART,20260904,672.55,694.8,672.55,684.9,10188245
LEXUS,20260904,13.22,13.94,13.22,13.53,5919
LFIC,20260904,140.0,140.0,134.5,134.64,387
LGBBROSLTD,20260904,1716.2,1738.0,1697.0,1702.8,50384
LGEINDIA,20260904,1661.2,1672.6,1634.0,1640.7,387555
LGHL,20260904,175.2,183.48,173.26,175.42,6577
LIBAS,20260904,10.65,10.9,10.26,10.46,19725
LIBERTSHOE,20260904,234.31,238.0,231.9,233.27,15371
LICHSGFIN,20260904,554.0,579.4,554.0,562.05,7126780
LICI,20260904,416.85,419.3,415.3,415.35,5411741
LICMFGOLD,20260904,138.9,139.7,138.25,138.75,349843
LICNETFGSC,20260904,29.51,29.51,29.26,29.34,75526
LICNETFN50,20260904,269.53,270.02,267.59,267.77,347
LICNETFSEN,20260904,868.17,875.0,860.0,862.89,22
LICNFNHGP,20260904,274.66,275.99,270.11,270.61,386
LICNMID100,20260904,63.42,64.05,63.42,63.84,2147
LIKHITHA,20260904,204.54,206.99,203.2,204.8,27488
LINC,20260904,94.1,96.5,94.1,95.07,7202
LINCOLN,20260904,627.0,631.0,618.0,620.8,29091
LINDEINDIA,20260904,6409.0,6411.0,6330.0,6346.0,9490
LIQGRWBEES,20260904,1054.14,1054.49,1054.14,1054.46,101203
LIQUID,20260904,999.99,1000.0,999.99,999.99,328991
LIQUID1,20260904,1121.04,1121.45,1121.04,1121.43,616507
LIQUIDADD,20260904,1143.55,1143.67,1143.5,1143.51,332115
LIQUIDBEES,20260904,1020.0,1020.0,999.99,1000.0,2607097
LIQUIDBETA,20260904,1007.06,1007.06,1007.03,1007.04,100142
LIQUIDBETF,20260904,1097.63,1097.65,1097.63,1097.63,217506
LIQUIDCASE,20260904,115.81,115.81,115.79,115.8,18435860
LIQUIDETF,20260904,1000.01,1000.01,999.99,999.99,308648
LIQUIDIETF,20260904,1000.0,1000.01,999.51,999.99,540668
LIQUIDPLUS,20260904,1101.95,1102.03,1101.95,1102.01,233686
LIQUIDSBI,20260904,999.99,1000.01,999.99,1000.0,5550
LIQUIDSHRI,20260904,1120.31,1120.33,1120.31,1120.33,20717
LKPSEC,20260904,15.59,15.99,14.62,15.28,7614
LLOYDSENGG,20260904,85.11,86.63,83.94,84.21,4801657
LLOYDSENT,20260904,71.79,74.69,71.79,74.23,3684805
LLOYDSME,20260904,1848.7,1850.6,1820.1,1823.0,146092
LMW,20260904,19195.0,19195.0,18700.0,18774.0,2214
LODHA,20260904,1225.0,1237.8,1209.5,1222.0,948334
LOKESHMACH,20260904,378.8,378.8,362.2,364.6,56473
LORDSCHLO,20260904,142.0,148.34,142.0,146.6,40550
LOTUSCHO,20260904,635.0,649.95,624.0,630.4,4002
LOTUSDEV,20260904,184.8,193.87,182.56,193.25,1589932
LOTUSEYE,20260904,109.9,110.45,108.3,109.43,8350
LOVABLE,20260904,72.85,72.85,70.57,71.37,5969
LOWVOL,20260904,204.13,204.13,204.13,204.13,1
LOWVOL1,20260904,21.1,21.14,20.88,20.93,642373
LOWVOLIETF,20260904,22.13,22.13,21.91,21.98,1319509
LOYALTEX,20260904,210.0,221.82,206.0,218.14,2285
LPDC,20260904,7.03,7.06,6.61,6.73,41802
LT,20260904,3981.0,3994.9,3964.1,3964.1,1319056
LTF,20260904,317.0,320.5,313.4,314.0,3279672
LTFOODS,20260904,442.45,448.9,439.0,444.8,450291
LTGILTBEES,20260904,29.89,29.89,29.82,29.84,3617915
LTGILTCASE,20260904,30.45,30.6,30.38,30.41,131619
LTM,20260904,4570.3,4656.3,4545.3,4554.0,243635
LTTS,20260904,3520.0,3535.8,3462.0,3493.3,51558
LUMAXIND,20260904,6450.0,6450.0,6107.5,6181.5,15590
LUMAXTECH,20260904,1995.2,2010.0,1942.9,1951.9,81128
LUMINO,20260904,112.4,122.0,111.22,114.5,139069849
LUPIN,20260904,2140.1,2148.0,2100.6,2110.0,862828
LUXIND,20260904,1170.1,1191.9,1170.1,1175.1,9331
LXCHEM,20260904,174.4,176.46,171.7,172.04,416497
LYKALABS,20260904,78.36,78.36,78.36,78.36,31844
M&M,20260904,3158.7,3185.3,3144.2,3170.0,1489449
M&MFIN,20260904,379.0,380.95,371.5,373.65,2628655
MAANALU,20260904,120.15,123.0,117.21,117.9,74246
MACPOWER,20260904,1955.8,1960.0,1860.0,1904.9,38330
MADHAV,20260904,36.7,36.7,34.11,35.36,6274
MADHAVIPL,20260904,7.92,8.3,7.92,7.98,78511
MADHUCON,20260904,4.81,5.0,4.6,4.63,34348
MADRASFERT,20260904,65.34,65.75,65.08,65.12,26810
MAFANG,20260904,207.56,207.56,207.56,207.56,59968
MAFATIND,20260904,124.77,124.77,120.35,121.66,25114
MAGADSUGAR,20260904,568.0,568.0,546.0,552.05,19463
MAGNUM,20260904,18.82,19.49,18.82,19.0,7566
MAHABANK,20260904,86.75,86.95,85.7,85.95,13802528
MAHAPEXLTD,20260904,54.7,54.75,53.01,53.51,6664
MAHASTEEL,20260904,1195.3,1320.9,1195.3,1282.5,10107
MAHEPC,20260904,103.3,104.9,103.2,103.62,7636
MAHESHWARI,20260904,71.99,73.0,71.99,72.21,6852
MAHKTECH,20260904,22.1,22.1,22.1,22.1,436637
MAHLIFE,20260904,365.0,366.7,360.15,362.4,37464
MAHLOG,20260904,400.85,410.15,399.55,405.35,130587
MAHSCOOTER,20260904,13727.0,13727.0,13590.0,13602.0,1009
MAHSEAMLES,20260904,654.75,695.8,651.5,688.1,1179393
MAITHANALL,20260904,1044.0,1105.0,1035.5,1090.55,400161
MAJESAUT,20260904,355.0,356.25,345.1,354.95,3642
MAKEINDIA,20260904,165.42,165.79,165.06,165.23,32053
MAKERSL,20260904,206.85,206.85,188.4,189.9,6513
MALLCOM,20260904,1040.0,1040.0,998.8,1018.15,1900
MALUPAPER,20260904,32.97,32.97,31.15,31.65,8353
MAMATA,20260904,404.55,417.0,401.75,412.55,39601
MANAKALUCO,20260904,37.68,38.31,37.6,38.1,34763
MANAKCOAT,20260904,119.91,122.55,119.35,121.8,144960
MANAKSIA,20260904,59.69,63.89,59.2,63.05,235473
MANAKSTEEL,20260904,109.0,113.0,106.35,107.3,171136
MANALIPETC,20260904,89.56,90.61,86.0,86.76,6435710
MANAPPURAM,20260904,345.05,345.2,338.2,339.7,2017457
MANBA,20260904,131.5,133.32,128.5,128.95,26727
MANCREDIT,20260904,233.82,235.38,227.01,228.33,6769
MANGALAM,20260904,30.9,30.9,29.9,30.02,18726
MANGLMCEM,20260904,1098.0,1114.0,1081.7,1095.2,64519
MANINDS,20260904,801.0,807.75,781.5,788.55,505736
MANINFRA,20260904,126.0,128.3,123.78,124.8,1748780
MANIPALHOS,20260904,729.0,738.0,720.5,725.2,1177059
MANKIND,20260904,2366.5,2390.0,2317.0,2327.9,122389
MANOMAY,20260904,232.0,237.8,224.5,234.97,390666
MANORAMA,20260904,1984.0,2017.5,1957.7,1993.4,521970
MANORG,20260904,487.8,513.0,484.2,489.5,16738
MANUFGBEES,20260904,163.81,164.1,163.06,163.73,3201
MANUGRAPH,20260904,14.23,14.77,14.23,14.75,14661
MANYAVAR,20260904,567.9,604.0,563.0,594.2,775723
MAPMYINDIA,20260904,975.0,982.9,967.6,972.2,65490
MARALOVER,20260904,55.0,65.69,55.0,61.83,313426
MARATHON,20260904,436.05,450.0,434.0,437.9,388461
MARICO,20260904,824.05,824.7,814.1,815.15,1021459
MARINE,20260904,432.0,442.95,426.7,432.15,826123
MARKOLINES,20260904,171.47,173.15,170.0,171.89,251690
MARKSANS,20260904,333.0,335.45,323.45,326.75,1654370
MARSONS,20260904,125.89,140.73,125.3,137.56,12724657
MARUTI,20260904,12880.0,12880.0,12656.0,12694.0,322752
MASFIN,20260904,295.0,296.85,292.8,295.0,69659
MASKINVEST,20260904,140.0,150.72,140.0,148.64,22
MASPTOP50,20260904,79.86,79.86,79.86,79.86,25819
MASTEK,20260904,1815.0,1831.9,1752.9,1772.9,94020
MASTERTR,20260904,81.05,95.5,81.05,89.16,8360812
MATRIMONY,20260904,532.25,533.9,524.0,529.05,7124
MAWANASUG,20260904,146.0,146.98,143.2,145.43,186868
MAXESTATES,20260904,535.0,546.85,529.0,542.1,111898
MAXHEALTH,20260904,994.9,1001.3,981.1,984.8,1167047
MAXIND,20260904,154.0,154.58,150.1,150.66,24712
MAYURUNIQ,20260904,730.0,737.5,727.5,734.85,29504
MAZDA,20260904,269.45,274.2,260.0,270.0,28256
MAZDOCK,20260904,2489.0,2546.6,2475.0,2475.0,735425
MBAPL,20260904,162.08,167.39,160.73,166.12,983522
MBECL,20260904,258.89,258.89,258.89,258.89,2944
MBEL,20260904,276.95,277.0,268.0,270.15,74971
MBLINFRA,20260904,25.0,25.0,24.0,24.3,25935
MCCHRLS-B,20260904,682.6,682.6,656.05,670.0,310
MCL,20260904,58.0,58.9,57.21,58.3,25283
MCLEODRUSS,20260904,46.41,47.99,46.0,46.3,185910
MCLOUD,20260904,26.51,26.67,26.25,26.29,1615599
MCX,20260904,3187.8,3287.4,3165.6,3275.4,2485731
MEDANTA,20260904,1424.3,1491.8,1424.3,1469.8,470026
MEDIASSIST,20260904,341.65,348.5,338.5,340.35,433407
MEDICAMEQ,20260904,262.0,276.8,260.65,270.25,118422
MEDICAPQ,20260904,26.9,26.9,25.16,26.29,1645
MEDICO,20260904,39.4,40.19,39.0,39.87,52932
MEDPLUS,20260904,660.65,691.35,650.2,676.35,310867
MEESHO,20260904,209.74,216.67,207.87,209.0,22949812
MEGASTAR,20260904,301.05,309.65,301.05,307.6,2947
MEIL,20260904,286.9,295.45,280.0,285.1,99521
MENNPIS,20260904,74.82,79.46,74.78,77.64,261863
MENONBE,20260904,311.0,323.95,311.0,321.4,202288
MEP,20260904,0.71,0.71,0.71,0.71,13408
MERCANTILE,20260904,26.9,26.9,24.49,25.45,550263
MERCURYEV,20260904,37.91,37.93,36.12,36.74,41943
METAL,20260904,13.62,13.62,13.28,13.46,1538895
METALIETF,20260904,13.4,13.45,13.2,13.4,5744597
METROBRAND,20260904,915.65,935.0,909.0,929.15,39468
METROGLOBL,20260904,137.0,139.5,133.25,136.14,601
METROPOLIS,20260904,593.4,593.4,584.9,588.7,239323
MFML,20260904,18.63,18.8,18.12,18.59,3002
MFSL,20260904,1537.0,1569.0,1531.4,1548.4,543214
MGEL,20260904,14.26,14.5,14.15,14.24,92187
MGL,20260904,1067.0,1101.6,1067.0,1096.6,288338
MHLXMIRU,20260904,172.1,174.9,172.1,174.89,3411
MHRIL,20260904,208.0,211.0,206.55,207.4,155829
MICEL,20260904,36.74,36.74,36.74,36.74,82417
MID150,20260904,23.56,23.71,23.54,23.61,59978
MID150BEES,20260904,241.04,241.05,238.67,240.15,654280
MID150CASE,20260904,11.72,11.74,11.65,11.68,879546
MIDBANKADD,20260904,17.52,17.54,17.47,17.5,10430
MIDCAP,20260904,18.89,18.89,17.9,18.51,695787
MIDCAPADD,20260904,23.14,23.36,23.14,23.28,1461
MIDCAPBETA,20260904,234.77,235.82,232.07,233.21,767
MIDCAPETF,20260904,24.23,24.23,23.7,23.73,1238138
MIDCAPIETF,20260904,24.54,24.54,24.02,24.06,669603
MIDHANI,20260904,417.0,428.2,416.3,418.8,562610
MIDQ50ADD,20260904,25.06,25.14,24.95,25.01,45658
MIDSELIETF,20260904,19.92,20.05,19.88,19.93,137616
MIDSMALL,20260904,52.07,53.07,51.7,51.82,148865
MIDWESTLTD,20260904,1064.9,1065.0,1053.0,1062.1,7030
MIIL,20260904,722.0,722.35,711.85,717.05,82890
MILKYMIST,20260904,255.0,260.59,249.5,252.43,14599282
MINALIND,20260904,5.35,5.35,5.35,5.35,73953
MINDACORP,20260904,709.75,709.8,695.25,702.8,199782
MINDTECK,20260904,168.0,170.98,167.15,168.81,17432
MIRZAINT,20260904,30.7,31.5,30.7,30.96,65986
MITCON,20260904,78.0,78.25,77.8,77.8,1066
MITTAL,20260904,0.8,0.82,0.78,0.8,713212
MKEXIM,20260904,61.89,63.0,60.24,62.18,17942
MKPL,20260904,4.06,4.12,3.92,4.02,143996
MLKFOOD,20260904,83.55,85.0,82.5,83.63,1824
MMFL,20260904,643.8,649.9,620.0,630.1,163248
MMP,20260904,399.9,404.95,383.35,404.15,112103
MMTC,20260904,62.61,66.2,62.53,64.18,8443462
MMWL,20260904,14.1,14.59,14.1,14.53,8751
MNC,20260904,34.1,34.1,33.16,33.21,83789
MOALPHA50,20260904,56.36,57.5,56.16,56.36,5914
MOBANK10,20260904,17.0,17.0,16.85,16.95,868
MOBIKWIK,20260904,191.15,193.72,189.9,192.12,393306
MOCAPITAL,20260904,55.14,55.14,54.02,54.5,682395
MODEFENCE,20260904,106.9,107.97,106.5,107.14,3442112
MODINATUR,20260904,345.1,345.1,328.0,340.95,3782
MODIRUBBER,20260904,135.38,135.38,130.42,131.3,1186
MODIS,20260904,377.5,383.8,376.6,380.85,11292
MODISONLTD,20260904,479.2,494.65,469.95,469.95,412447
MODTHREAD,20260904,53.0,55.98,53.0,54.37,12306
MOENERGY,20260904,38.0,38.99,37.86,38.42,118745
MOGOLD,20260904,150.55,153.0,150.55,151.75,39281
MOGSEC,20260904,65.38,65.7,65.34,65.69,1982
MOHEALTH,20260904,52.68,52.68,51.67,51.84,31140
MOHITE,20260904,2.8,2.84,2.6,2.79,133842
MOHITIND,20260904,24.99,24.99,23.37,23.78,10348
MOIL,20260904,252.7,253.7,249.97,252.3,505504
MOINFRA,20260904,58.7,58.7,58.45,58.68,1827
MOIPO,20260904,48.69,51.0,48.65,49.15,23258
MOKSH,20260904,9.99,10.2,9.99,10.07,112542
MOL,20260904,68.23,68.75,66.28,66.66,1538689
MOLBIO,20260904,1139.9,1177.0,1117.2,1160.5,594273
MOLDTECH,20260904,207.0,215.0,200.55,208.96,27919
MOLDTKPAC,20260904,702.85,710.05,700.0,706.65,36489
MOLOWVOL,20260904,36.09,36.21,35.97,36.12,3927
MOM100,20260904,68.6,68.73,68.0,68.18,153254
MOM30IETF,20260904,30.64,31.41,30.64,31.36,501933
MOM50,20260904,250.29,252.0,250.29,251.47,1830
MOMENTUM,20260904,31.25,31.56,31.0,31.06,128103
MOMENTUM30,20260904,30.79,30.87,30.66,30.81,21437
MOMENTUM50,20260904,54.54,54.55,53.78,54.38,675732
MOMETAL,20260904,13.21,13.41,13.16,13.32,9735
MOMGF,20260904,161.93,170.0,161.93,165.66,315
MOMIDMTM,20260904,64.7,64.89,64.5,64.55,59852
MOMMIDCAP,20260904,13.01,13.07,12.98,12.99,463054
MOMNC,20260904,33.0,33.0,32.15,32.19,2895
MOMOMENTUM,20260904,61.92,62.62,61.56,62.27,43375
MON100,20260904,324.67,324.67,324.67,324.67,70173
MON50EQUAL,20260904,33.3,33.3,32.98,33.17,6254
MONARCH,20260904,380.1,382.65,373.0,377.9,77678
MONEXT50,20260904,73.05,73.33,72.84,73.14,1755
MONEYBOXX,20260904,56.93,68.66,56.93,58.8,92042
MONIFTY100,20260904,25.28,25.35,25.2,25.32,23737
MONIFTY500,20260904,23.8,23.93,23.8,23.91,249509
MONQ50,20260904,141.93,141.93,141.93,141.93,17832
MONTECARLO,20260904,567.4,577.0,562.15,574.5,53976
MOOILGAS,20260904,11.21,11.29,11.19,11.29,6633
MOPSE,20260904,99.46,102.5,99.42,101.57,217
MOQUALITY,20260904,199.49,199.53,198.14,198.73,1467
MOREALTY,20260904,92.0,92.55,90.12,90.84,2200446
MOREPENLAB,20260904,117.91,118.0,112.55,113.74,17563502
MOSCHIP,20260904,213.56,215.19,211.11,212.22,1176516
MOSERVICE,20260904,30.91,30.99,30.9,30.91,4297
MOSILVER,20260904,231.14,231.15,228.28,230.02,20361
MOSMALL250,20260904,18.96,18.96,18.45,18.52,1698632
MOTHERSON,20260904,162.01,162.9,160.26,160.7,7139764
MOTILALOFS,20260904,1023.0,1040.8,1022.8,1037.0,807197
MOTISONS,20260904,15.21,17.5,15.21,16.48,123701270
MOTOGENFIN,20260904,27.72,29.0,27.72,28.71,38267
MOTOUR,20260904,78.21,78.21,77.63,77.74,14189
MOVALUE,20260904,115.0,115.0,112.8,113.26,33586
MPDL,20260904,34.89,34.89,33.0,33.98,957
MPHASIS,20260904,2482.0,2502.7,2417.3,2422.0,160732
MPSLTD,20260904,2633.6,2700.0,2631.6,2658.9,15166
MRF,20260904,130950.0,131080.0,129705.0,129945.0,4656
MRPL,20260904,176.4,178.9,174.25,174.83,3031271
MSCI360,20260904,10.12,10.27,10.04,10.27,6033
MSCIADD,20260904,29.37,29.53,29.37,29.53,836
MSCIINDIA,20260904,29.85,29.89,29.71,29.82,544455
MSL,20260904,145.0,149.0,137.53,142.22,1952
MSPL,20260904,35.79,35.8,35.01,35.4,334614
MSTCLTD,20260904,746.55,749.0,724.0,734.2,159233
MSUMI,20260904,36.81,37.05,36.18,36.52,12064648
MTARTECH,20260904,6930.0,7161.0,6850.0,7161.0,222417
MTEDUCARE,20260904,1.77,1.77,1.7,1.77,30604
MTNL,20260904,26.59,26.98,26.47,26.55,518060
MUFIN,20260904,137.45,138.78,136.42,137.56,1131652
MUFTI,20260904,72.85,75.6,72.51,75.23,149617
MUKANDLTD,20260904,133.49,134.9,132.81,134.44,44731
MUKESHB,20260904,134.0,134.0,133.9,133.91,312
MUKKA,20260904,29.99,32.44,28.96,31.34,6910108
MUKTAARTS,20260904,54.98,58.9,54.98,58.9,13799
MULTICAP,20260904,16.83,16.84,16.76,16.79,75191
MUNJALAU,20260904,113.45,114.99,111.34,112.28,317397
MUNJALSHOW,20260904,129.27,130.8,128.1,129.21,19122
MURUDCERA,20260904,30.45,30.48,29.45,29.66,15994
MUTHOOTCAP,20260904,248.0,249.88,238.9,241.72,9133
MUTHOOTFIN,20260904,2971.0,2979.9,2913.0,2913.8,583485
MUTHOOTMF,20260904,208.99,209.55,204.8,205.29,177382
MVELECTRO,20260904,730.65,752.4,710.0,729.7,3173336
MVGJL,20260904,172.1,187.8,172.1,179.9,1146917
MWL,20260904,39.7,39.7,37.6,38.56,243445
MYSORPETRO,20260904,125.51,127.95,122.0,127.12,5905
NACLIND,20260904,166.0,168.45,165.21,166.84,220617
NAGREEKCAP,20260904,22.87,23.34,22.22,23.25,2918
NAGREEKEXP,20260904,21.1,25.0,20.81,24.1,411783
NAHARCAP,20260904,259.5,261.9,258.0,261.75,798
NAHARINDUS,20260904,137.96,139.23,136.23,137.63,17477
NAHARPOLY,20260904,247.86,247.86,239.4,244.54,12772
NAHARSPING,20260904,295.7,296.0,288.1,289.8,36995
NAM-INDIA,20260904,1160.0,1184.5,1151.8,1159.9,1522876
NARMADA,20260904,13.65,13.79,13.35,13.51,246596
NATCAPSUQ,20260904,232.2,234.0,215.64,216.42,13334
NATCOPHARM,20260904,839.0,841.8,826.5,828.65,445370
NATHBIOGEN,20260904,154.0,154.94,151.66,153.12,7468
NATIONALUM,20260904,376.0,378.95,372.75,374.1,5517970
NATIONSTD,20260904,106.5,108.06,104.0,107.74,16687
NAUKRI,20260904,1330.5,1349.5,1313.1,1319.8,556306
NAVA,20260904,558.5,562.95,556.5,560.2,192328
NAVINFLUOR,20260904,8700.0,8700.0,8512.0,8557.5,131131
NAVKARCORP,20260904,97.51,99.41,96.0,96.24,230610
NAVKARURB,20260904,0.92,0.92,0.88,0.9,226159
NAVNETEDUL,20260904,132.75,132.75,130.88,131.21,77764
NAZARA,20260904,366.8,370.95,363.25,368.65,1088812
NBCC,20260904,86.5,87.35,86.31,86.6,2548390
NBIFIN,20260904,1971.7,1998.6,1960.0,1981.9,5313
NCC,20260904,146.6,150.45,145.87,149.7,2168692
NCLIND,20260904,176.01,179.0,175.52,177.81,29351
NDGL,20260904,2760.0,2840.0,2735.5,2787.7,392
NDL,20260904,2.83,2.87,2.8,2.83,1205958
NDLVENTURE,20260904,123.9,125.1,123.18,124.72,18630
NDRAUTO,20260904,727.8,729.0,716.8,723.45,8337
NDTV,20260904,71.0,75.3,70.75,74.27,236637
NEAGI,20260904,3300.1,3300.1,3300.1,3300.1,1
NECCLTD,20260904,17.71,18.51,17.65,18.51,337201
NECLIFE,20260904,12.2,12.49,12.11,12.19,205001
NELCAST,20260904,118.76,119.48,116.5,116.99,88011
NELCO,20260904,939.5,942.75,908.0,911.25,159766
NEOGEN,20260904,2149.0,2172.6,2123.0,2137.9,88400
NEPHROPLUS,20260904,711.85,720.0,692.0,697.05,197509
NESCO,20260904,1039.5,1066.8,1039.5,1047.6,48170
NESTLEIND,20260904,1415.0,1420.0,1402.5,1410.5,974257
NETF,20260904,262.0,263.89,260.0,261.4,5315
NETWEB,20260904,5297.5,5424.0,5164.5,5193.0,1816227
NETWORK18,20260904,27.56,28.53,27.56,28.38,3493333
NEUEON,20260904,10.95,11.38,10.88,11.22,51567
NEULANDLAB,20260904,23095.0,23095.0,22550.0,22660.0,21110
NEWGEN,20260904,522.0,543.95,522.0,524.8,2160906
NEXT30ADD,20260904,42.65,42.78,42.5,42.69,3585
NEXT50,20260904,758.91,758.91,754.01,755.1,85666
NEXT50ADD,20260904,73.68,73.72,73.3,73.52,13815
NEXT50BETA,20260904,78.9,79.58,78.81,79.05,686812
NEXT50ETF,20260904,73.64,74.0,73.5,73.83,8527
NEXT50IETF,20260904,78.6,78.6,77.06,77.25,319174
NEXTMEDIA,20260904,3.86,4.12,3.86,3.89,54384
NFL,20260904,70.34,70.88,70.34,70.51,400837
NGIL,20260904,41.04,41.04,39.55,40.58,5259
NGLFINE,20260904,2940.0,2981.9,2890.5,2907.5,7107
NH,20260904,1881.0,1898.8,1850.5,1858.5,210266
NHPC,20260904,76.39,76.75,75.91,76.25,4059538
NIACL,20260904,196.49,234.39,196.49,229.91,66928665
NIBE,20260904,1327.0,1349.0,1325.0,1336.6,28848
NIBL,20260904,30.51,31.64,30.51,30.8,6851
NICCOPAR,20260904,77.51,83.99,77.43,79.55,2885
NIF100BEES,20260904,265.32,267.34,265.19,266.58,31122
NIF100IETF,20260904,28.14,28.14,27.95,28.05,44315
NIF500BETA,20260904,38.3,38.3,37.39,37.54,990
NIFTY1,20260904,265.42,272.7,265.31,265.82,54358
NIFTY100EW,20260904,35.0,35.1,34.95,35.06,16624
NIFTYADD,20260904,252.72,253.75,251.8,252.48,3105
NIFTYAXIS,20260904,265.78,265.99,264.62,265.62,27062
NIFTYBEES,20260904,278.08,278.08,272.56,273.27,3162846
NIFTYBETA,20260904,267.57,267.57,265.15,265.73,8750
NIFTYBETF,20260904,249.51,249.51,245.75,246.65,1413872
NIFTYCASE,20260904,9.8,9.8,9.59,9.64,560039
NIFTYETF,20260904,260.99,261.45,259.58,260.69,110752
NIFTYIETF,20260904,272.23,272.4,270.51,271.88,315336
NIFTYJBLK,20260904,12.29,12.57,12.23,12.29,56629
NIFTYQLITY,20260904,21.29,21.43,21.24,21.32,16867
NIITLTD,20260904,97.5,100.57,97.5,98.96,255516
NIITMTS,20260904,229.99,229.99,222.21,225.94,100147
NILAINFRA,20260904,6.7,6.75,6.62,6.67,220311
NILASPACES,20260904,12.45,12.54,12.18,12.23,666134
NILE,20260904,1456.0,1492.0,1450.3,1465.8,2840
NILKAMAL,20260904,2101.8,2130.0,2081.0,2116.5,19143
NIMBSPROJ,20260904,154.0,154.0,144.34,147.84,4411
NINSYS,20260904,716.9,716.95,702.6,712.75,2822
NIPPOBATRY,20260904,323.75,333.55,323.0,331.75,2225
NIRAJ,20260904,29.1,29.4,28.37,28.72,30448
NIRAJISPAT,20260904,387.8,387.8,387.8,387.8,601
NIRLON,20260904,621.6,624.5,610.0,620.0,10246
NITCO,20260904,96.7,97.0,94.95,96.1,449640
NITINSPIN,20260904,640.25,644.4,633.7,639.05,63257
NITIRAJ,20260904,207.95,241.0,200.0,219.19,38842
NITTAGELA,20260904,1600.3,1654.0,1600.0,1632.5,5396
NIVABUPA,20260904,80.75,81.07,79.51,80.11,804923
NKIND,20260904,58.85,59.9,57.01,57.1,937
NLCINDIA,20260904,277.0,277.1,272.05,273.05,714404
NMDC,20260904,84.52,85.18,84.26,84.7,13224234
NOCIL,20260904,172.3,174.5,170.0,172.44,403591
NOIDATOLL,20260904,4.27,4.27,4.03,4.14,171080
NORBTEAEXP,20260904,71.8,71.8,67.0,70.69,752
NORTHARC,20260904,306.7,307.1,299.15,302.15,1089238
NOVAAGRI,20260904,23.2,24.09,23.08,23.87,57585
NOVARTIND,20260904,1614.9,1665.0,1614.9,1646.7,22436
NPBET,20260904,292.57,292.57,288.29,290.32,1194
NPST,20260904,1720.9,1775.0,1705.0,1718.8,56393
NRAIL,20260904,498.95,595.25,496.05,584.0,157426
NRBBEARING,20260904,453.9,453.9,443.6,447.0,195054
NRL,20260904,126.92,126.92,126.92,126.92,109113
NSIL,20260904,5683.0,5799.0,5636.0,5721.5,4333
NSLNISP,20260904,45.61,46.5,44.97,46.02,5132127
NTCIND,20260904,139.0,139.0,130.26,133.16,7739
NTPC,20260904,332.75,334.05,329.8,332.5,7032282
NTPCGREEN,20260904,88.74,89.5,88.65,89.36,1370420
NUCLEUS,20260904,740.0,743.45,726.0,729.15,38501
NURECA,20260904,331.9,331.9,320.1,322.7,5556
NUVAMA,20260904,1856.0,1862.8,1796.4,1815.6,263032
NUVOCO,20260904,336.65,354.8,336.45,352.15,1482368
NV20,20260904,14.28,14.28,13.93,13.99,87237
NV20BEES,20260904,139.15,140.12,139.0,139.39,5065
NV20IETF,20260904,13.55,13.65,13.55,13.62,322970
NYKAA,20260904,332.15,336.15,332.0,332.5,2156326
OAL,20260904,507.0,532.5,503.7,519.9,181436
OBCL,20260904,55.13,55.7,55.1,55.19,1073
OBEROIRLTY,20260904,1914.0,1932.8,1874.0,1875.6,585940
OCCLLTD,20260904,167.95,168.0,163.05,163.93,55824
ODIGMA,20260904,23.99,23.99,23.21,23.45,11579
ODYCORP,20260904,6.93,8.31,6.81,7.46,311228
OFSS,20260904,12199.0,12348.0,12028.0,12058.0,166477
OIL,20260904,492.0,492.55,486.5,488.3,1259478
OILCOUNTUB,20260904,65.0,65.0,65.0,65.0,15996
OILIETF,20260904,11.34,11.41,11.28,11.37,1207003
OLAELEC,20260904,37.65,38.95,37.56,38.2,42570426
OLECTRA,20260904,1247.0,1260.7,1223.2,1229.0,251277
OMAXAUTO,20260904,183.59,186.58,181.3,183.07,18555
OMAXE,20260904,128.42,138.89,127.01,136.38,5607789
OMFREIGHT,20260904,89.0,90.5,86.15,89.84,9030
OMINFRAL,20260904,82.0,86.0,81.89,84.43,68243
OMNI,20260904,523.0,529.85,518.8,526.0,303506
OMPOWER,20260904,171.23,176.9,170.2,175.68,75803
ONEGLOBAL,20260904,547.8,552.95,530.35,542.4,16907
ONELIFECAP,20260904,32.44,33.55,31.0,32.18,18280
ONEPOINT,20260904,54.6,58.77,54.51,57.01,2688123
ONESOURCE,20260904,1585.0,1596.3,1526.0,1537.8,112994
ONGC,20260904,235.44,235.44,233.6,234.65,5338085
ONIDA,20260904,34.3,34.89,33.56,34.64,244072
ONIXSOLAR,20260904,402.0,403.2,399.95,403.2,265016
ONMOBILE,20260904,46.59,48.49,46.59,48.49,130107
ONWARDTEC,20260904,283.3,288.0,280.0,284.35,37115
OPTIEMUS,20260904,569.1,579.25,562.1,569.3,61281
OPTIFIN,20260904,14.98,15.87,14.25,14.84,167616
ORBTEXP,20260904,238.0,243.98,238.0,239.02,2189
ORCHASP,20260904,1.43,1.43,1.38,1.39,79157
ORCHPHARMA,20260904,937.0,965.45,934.7,954.65,41657
ORICONENT,20260904,53.2,54.7,52.66,54.15,22589
ORIENTALTL,20260904,5.07,5.64,4.93,5.31,322042
ORIENTBELL,20260904,417.0,423.95,410.0,420.1,69026
ORIENTCEM,20260904,128.0,130.21,128.0,129.68,118199
ORIENTCER,20260904,44.3,45.8,43.72,43.91,73584
ORIENTELEC,20260904,179.0,181.28,176.57,179.19,74074
ORIENTHOT,20260904,142.48,142.48,139.06,139.93,301159
ORIENTLTD,20260904,82.99,82.99,80.35,80.65,1884
ORIENTPPR,20260904,17.14,17.35,17.0,17.08,100814
ORIENTTECH,20260904,239.88,242.0,236.44,238.39,63818
ORIRAIL,20260904,125.3,134.94,125.3,130.76,263412
ORISSAMINE,20260904,4302.0,4350.0,4270.1,4311.7,4863
ORKLAINDIA,20260904,585.1,598.7,585.1,594.15,84660
ORTINGLOBE,20260904,15.7,15.77,15.2,15.67,9743
OSIAHYPER,20260904,2.48,2.49,2.41,2.47,338637
OSWALAGRO,20260904,36.88,37.29,36.5,36.66,21089
OSWALGREEN,20260904,20.0,20.63,20.0,20.39,158014
OSWALPUMPS,20260904,282.85,291.5,278.0,279.2,858028
OSWALSEEDS,20260904,11.61,12.0,11.61,11.72,48433
PACEDIGITK,20260904,167.5,168.39,166.12,167.59,512494
PACIFICI,20260904,140.05,149.0,137.15,143.82,288
PAGEIND,20260904,35865.0,36370.0,35680.0,36300.0,14523
PAISALO,20260904,71.65,74.2,70.05,74.1,31201929
PAKKA,20260904,73.95,74.98,72.05,73.71,119489
PALASHSECU,20260904,91.7,91.7,89.0,90.17,427
PALREDTEC,20260904,53.2,55.86,53.2,55.83,7128
PANACEABIO,20260904,389.0,396.4,380.0,381.25,56486
PANACHE,20260904,515.0,525.0,514.5,525.0,3723
PANAMAPET,20260904,489.0,497.85,479.0,495.45,242825
PANORAMA,20260904,46.0,48.0,44.6,47.41,473879
PANSARI,20260904,301.0,310.4,292.0,300.05,589
PAR,20260904,168.0,168.0,156.71,156.71,10607
PARACABLES,20260904,64.1,69.0,64.0,65.51,4472304
PARADEEP,20260904,154.0,157.68,152.5,157.0,3778120
PARAGMILK,20260904,255.0,255.7,247.05,249.6,613677
PARAS,20260904,1415.8,1439.9,1410.0,1414.9,552173
PARASPETRO,20260904,2.23,2.23,2.11,2.14,112807
PARKHOSPS,20260904,289.0,289.35,283.75,286.25,504932
PARKHOTELS,20260904,112.95,113.7,111.82,112.18,155104
PARNAXLAB,20260904,135.54,135.54,130.0,134.8,736
PARSVNATH,20260904,1.57,1.57,1.57,1.57,127768
PASHUPATI,20260904,83.5,83.5,81.3,81.94,25243
PASUPTAC,20260904,67.5,69.82,66.95,67.64,108786
PATANJALI,20260904,345.0,345.75,341.2,342.5,1749871
PATELENG,20260904,27.12,27.5,27.0,27.28,2330616
PATELRMART,20260904,221.9,221.9,217.3,218.32,23300
PATINTLOG,20260904,13.4,13.68,13.27,13.32,22681
PAUSHAKLTD,20260904,808.0,816.45,781.0,785.5,31723
PAVNAIND,20260904,16.72,18.3,16.72,17.22,48040
PAYTM,20260904,1635.2,1697.7,1626.6,1659.5,5191803
PBMPOLY,20260904,59.3,64.0,57.14,61.0,528
PCBL,20260904,315.7,318.4,315.15,317.0,621744
PCJEWELLER,20260904,10.6,12.17,10.51,11.86,1088942848
PDMJEPAPER,20260904,96.0,96.06,92.7,93.22,86197
PDSL,20260904,356.0,361.25,352.5,358.5,97344
PEARLPOLY,20260904,15.05,15.9,15.0,15.08,14296
PENIND,20260904,168.7,171.0,167.02,169.56,477553
PENINLAND,20260904,15.75,16.8,15.75,16.55,90635
PERMAGN,20260904,889.95,906.1,868.05,888.2,2962
PERSISTENT,20260904,5680.0,5724.5,5634.0,5643.0,302507
PETRONET,20260904,290.25,292.15,287.8,288.1,1412952
PFC,20260904,344.9,357.7,344.0,355.6,19206290
PFIZER,20260904,4628.2,4667.9,4575.0,4609.7,32739
PFOCUS,20260904,298.95,309.95,289.85,307.0,1960283
PFS,20260904,27.4,27.73,26.75,26.94,481425
PGEL,20260904,554.9,564.0,552.05,562.3,990864
PGHH,20260904,7725.0,7754.5,7659.0,7667.5,21072
PGHL,20260904,5757.5,5780.0,5650.0,5660.0,7255
PGIL,20260904,2316.7,2329.1,2268.3,2278.3,82043
PHARMABEES,20260904,27.37,27.6,27.21,27.32,4482502
PHOENIXLTD,20260904,1961.5,1969.3,1935.5,1942.0,263929
PHOENXINTL,20260904,32.5,32.5,28.52,29.01,5152
PICCADIL,20260904,623.6,629.8,612.0,615.75,167134
PIDILITIND,20260904,1635.2,1638.3,1625.0,1629.5,605836
PIGL,20260904,101.8,101.8,98.2,98.78,28460
PIIND,20260904,2415.0,2509.0,2410.0,2465.0,415878
PILANIINVS,20260904,4360.0,4375.4,4322.0,4323.8,699
PILITA,20260904,8.27,8.27,7.75,8.02,40149
PINELABS,20260904,157.4,168.2,155.38,166.37,46587163
PIONEEREMB,20260904,21.65,21.7,20.86,21.36,62157
PIONRINV,20260904,80.0,83.89,76.05,83.89,1072
PIRAMALFIN,20260904,2221.0,2258.3,2201.6,2225.0,98603
PITTIENG,20260904,1112.0,1112.0,1073.0,1084.9,48625
PIXTRANS,20260904,1799.6,1810.0,1777.0,1791.7,12505
PKTEA,20260904,777.7,810.0,740.05,802.65,6257
PLASTIBLEN,20260904,189.47,189.58,186.0,187.91,13407
PLATIND,20260904,237.01,237.01,230.0,231.54,92532
PLAZACABLE,20260904,62.75,63.0,60.0,61.32,128546
PML,20260904,493.95,500.0,486.0,488.8,57
PNB,20260904,116.9,118.05,116.45,117.0,11160741
PNBGILTS,20260904,78.99,85.5,78.99,83.08,2416618
PNBHOUSING,20260904,1141.1,1195.0,1141.1,1166.0,923575
PNC,20260904,16.45,16.9,16.26,16.72,4397
PNCINFRA,20260904,182.95,187.5,180.01,183.11,499774
PNGJL,20260904,589.0,614.4,586.7,609.05,436673
PNGSREVA,20260904,520.8,523.0,502.05,516.35,103324
POCL,20260904,479.7,490.0,475.25,477.8,292548
PODDARMENT,20260904,259.7,260.0,253.1,257.1,2908
POEL,20260904,143.05,147.94,141.0,142.78,51934
POKARNA,20260904,832.2,836.0,811.0,817.15,49926
POLICYBZR,20260904,1848.2,1866.6,1828.7,1836.0,445054
POLYCAB,20260904,8500.0,8500.0,8250.0,8300.0,1559741
POLYMED,20260904,1760.0,1774.9,1690.1,1702.5,171700
POLYPLEX,20260904,1207.9,1207.9,1178.1,1191.0,72824
POLYSPIN,20260904,28.0,29.87,28.0,29.64,1968
PONNIERODE,20260904,402.9,402.9,379.6,382.45,31436
POONAWALLA,20260904,466.55,476.35,464.0,468.45,713159
POWERGRID,20260904,266.9,267.5,265.05,266.0,7967122
POWERICA,20260904,519.8,534.0,516.1,525.05,291923
POWERINDIA,20260904,32000.0,32195.0,31545.0,31650.0,83443
POWERMECH,20260904,2399.9,2416.0,2270.1,2306.1,135843
PPAP,20260904,256.7,263.0,255.8,260.9,10692
PPL,20260904,256.5,263.9,255.1,262.0,23505
PPLPHARMA,20260904,214.99,217.0,210.52,214.22,2618467
PRABHA,20260904,221.99,258.4,218.81,230.6,11908766
PRADPME,20260904,497.45,500.0,486.0,491.6,11144
PRAENG,20260904,25.49,26.1,24.36,24.69,154995
PRAJIND,20260904,339.95,343.35,333.65,335.55,425298
PRAKASH,20260904,124.16,126.79,123.11,125.63,297033
PRAKASHSTL,20260904,3.65,3.9,3.65,3.82,213981
PRAVEG,20260904,263.0,273.4,261.0,266.15,28429
PRAXIS,20260904,4.46,4.65,4.45,4.65,292373
PRECAM,20260904,122.65,126.0,122.47,124.02,118929
PRECOT,20260904,700.9,709.95,677.15,698.05,2308
PRECWIRE,20260904,491.75,501.85,469.55,472.8,830119
PREMCO,20260904,388.0,392.0,385.45,390.95,2051
PREMEXPLN,20260904,665.0,672.0,663.0,664.0,305895
PREMIER,20260904,2.7,2.77,2.57,2.75,8850
PREMIERENE,20260904,1002.5,1008.8,996.0,1002.0,1046394
PREMIERPOL,20260904,93.5,98.8,87.21,95.36,1113475
PRESTIGE,20260904,1620.1,1646.6,1565.2,1587.0,588022
PRICOLLTD,20260904,768.2,772.6,753.2,764.95,246508
PRIMESECU,20260904,288.85,291.05,281.25,284.5,24727
PRIMO,20260904,20.94,21.89,20.4,21.27,157678
PRINCEPIPE,20260904,284.5,291.5,281.5,283.0,140756
PRIORITY,20260904,230.0,241.5,230.0,241.5,1959092
PRISMX,20260904,0.52,0.56,0.52,0.55,111170
PRITI,20260904,34.05,34.05,32.51,33.89,4101
PRITIKAUTO,20260904,15.96,16.4,15.75,16.27,189451
PRIVISCL,20260904,3410.0,3410.6,3350.0,3367.3,42021
PROSTARM,20260904,131.15,138.0,129.38,134.73,275346
PROTEAN,20260904,497.0,503.0,489.35,496.3,385965
PROZONER,20260904,46.02,50.7,45.75,49.76,722413
PRSMJOHNSN,20260904,111.16,112.22,111.0,111.12,167167
PRUDENT,20260904,3328.4,3358.5,3200.0,3347.6,53800
PRUDMOULI,20260904,16.5,16.5,15.85,16.25,4362
PSB,20260904,23.19,23.45,22.99,23.23,1431638
PSPPROJECT,20260904,868.0,887.9,862.0,875.5,51382
PSUBANK,20260904,85.6,86.18,85.3,85.53,235393
PSUBANKADD,20260904,87.95,87.95,86.11,86.43,13572
PSUBNKBEES,20260904,95.7,96.2,95.34,95.45,1284747
PSUBNKIETF,20260904,86.73,87.2,86.18,86.53,155480
PTC,20260904,155.34,156.8,155.25,156.29,849440
PTCIL,20260904,23705.0,24125.0,23410.0,23830.0,65344
PTL,20260904,38.64,39.25,38.25,38.74,62624
PUNJABCHEM,20260904,1099.7,1110.1,1087.1,1100.3,2842
PURVA,20260904,215.0,236.0,215.0,230.72,17390475
PVP,20260904,64.89,68.14,62.11,67.94,5145513
PVRINOX,20260904,1216.0,1232.8,1215.0,1227.2,213587
PVSL,20260904,104.95,104.95,101.4,102.63,28205
PVTBANIETF,20260904,28.26,28.35,28.06,28.17,672096
PVTBANK,20260904,27.92,28.0,27.91,28.0,722
PVTBANKADD,20260904,28.37,28.4,28.24,28.34,17724
PVTBKGROWW,20260904,28.19,28.19,27.69,27.92,7168
PWL,20260904,123.37,130.7,123.03,126.42,62160413
PYRAMID,20260904,156.5,156.5,151.88,153.83,60009
QGOLDHALF,20260904,127.39,128.96,127.1,127.62,315196
QMSMEDI,20260904,163.7,163.7,152.0,158.97,14456
QNIFTY,20260904,270.24,270.24,262.8,264.15,2823
QPOWER,20260904,1435.0,1495.3,1431.2,1495.3,228191
QUADFUTURE,20260904,427.0,439.0,415.1,417.9,294130
QUAL30IETF,20260904,21.19,21.39,21.03,21.12,76847
QUALITY30,20260904,20.67,20.8,20.65,20.65,7309
QUESS,20260904,367.0,367.0,343.7,354.75,974018
QUICKHEAL,20260904,137.14,141.0,136.0,140.94,56701
QUINT,20260904,41.0,41.35,39.03,40.68,9343
RACE,20260904,98.31,102.29,98.31,99.3,72608
RACLGEAR,20260904,1575.0,1617.9,1544.7,1576.1,47944
RADAAN,20260904,3.05,3.11,2.82,2.97,44053
RADHIKAJWE,20260904,71.55,85.0,71.55,83.16,14544177
RADIANTCMS,20260904,40.22,45.25,40.22,41.78,1713450
RADICO,20260904,4536.4,4559.8,4444.0,4494.0,205308
RADIOCITY,20260904,6.21,6.38,6.21,6.28,60215
RAILTEL,20260904,270.8,273.9,270.0,271.05,401507
RAIN,20260904,212.6,217.3,210.1,215.72,4009182
RAINBOW,20260904,1460.0,1460.0,1432.3,1447.2,49513
RAJESHEXPO,20260904,86.4,86.6,82.2,83.02,234404
RAJMET,20260904,3.16,3.18,3.1,3.15,289526
RAJOOENG,20260904,49.62,51.59,49.0,51.59,412844
RAJPALAYAM,20260904,800.0,809.8,795.0,795.3,1199
RAJRATAN,20260904,495.15,504.9,488.0,498.35,99899
RAJRILTD,20260904,21.88,22.44,21.88,22.09,3031
RAJSREESUG,20260904,37.14,37.14,35.35,35.47,29765
RAJTV,20260904,8.21,8.5,8.07,8.07,220386
RALLIS,20260904,210.0,212.51,208.36,208.82,361939
RAMANEWS,20260904,32.96,32.96,31.66,31.75,4990
RAMAPHO,20260904,125.5,125.65,123.01,123.48,11962
RAMASTEEL,20260904,4.06,4.06,4.02,4.02,1376297
RAMBHAJO,20260904,249.9,268.68,247.06,268.68,1915247
RAMCOCEM,20260904,882.6,894.0,873.8,884.5,98361
RAMCOIND,20260904,326.0,329.7,320.3,323.25,105342
RAMCOSYS,20260904,598.4,615.85,596.5,611.2,217405
RAMKY,20260904,354.0,354.0,343.6,347.4,33996
RAMRAT,20260904,563.6,574.3,555.2,560.65,342804
RANASUG,20260904,15.15,15.21,14.72,14.8,346950
RANEHOLDIN,20260904,1635.3,1740.0,1623.5,1651.1,102623
RATEGAIN,20260904,870.0,888.45,845.0,851.15,551109
RATNAMANI,20260904,2661.0,2748.0,2656.2,2727.0,72730
RATNAVEER,20260904,289.0,308.25,288.95,304.75,4493978
RAYMOND,20260904,752.3,756.8,733.05,740.85,1867268
RAYMONDLSL,20260904,647.95,683.95,647.0,663.65,335816
RAYMONDREL,20260904,542.5,559.0,524.0,529.15,936640
RBA,20260904,98.47,101.16,96.5,97.15,2606009
RBLBANK,20260904,409.0,417.05,406.7,414.35,7858699
RBZJEWEL,20260904,197.0,204.7,194.0,200.69,6929954
RCF,20260904,115.2,116.24,114.2,114.92,1043164
RCOM,20260904,0.8,0.82,0.79,0.81,3829914
RECLTD,20260904,313.6,320.2,313.2,318.7,5894088
REDINGTON,20260904,374.4,378.8,367.2,371.3,3554885
REDTAPE,20260904,118.9,121.9,117.6,120.43,423314
REFEX,20260904,279.05,288.2,279.05,282.55,249214
REGAAL,20260904,89.76,92.69,87.5,88.51,576781
REGENCERAM,20260904,38.2,38.2,34.41,34.86,1624
RELAXO,20260904,345.95,346.9,342.75,344.75,48646
RELCHEMQ,20260904,113.85,118.0,113.85,116.73,1295
RELIABLE,20260904,141.2,141.54,139.21,140.88,15018
RELIANCE,20260904,1304.1,1333.0,1304.1,1322.0,13031534
RELIGARE,20260904,251.0,258.4,248.11,257.08,1795582
RELINFRA,20260904,55.9,57.02,54.8,57.02,198794
RELTD,20260904,160.0,162.0,157.97,161.37,124230
REMSONSIND,20260904,93.69,99.9,93.69,99.35,158912
RENUKA,20260904,24.3,24.66,23.46,24.04,13578560
REPCOHOME,20260904,358.1,361.95,356.15,358.75,41434
REPL,20260904,62.75,68.0,62.75,63.19,8034
REPRO,20260904,326.7,326.7,317.0,319.45,4692
RESPONIND,20260904,151.25,176.14,150.37,154.9,40184929
RETAIL,20260904,17.1,17.44,16.5,17.24,2441
RGL,20260904,137.94,150.38,137.89,149.26,3035236
RHETAN,20260904,25.42,25.42,25.41,25.42,5456321
RHFL,20260904,1.76,1.83,1.76,1.82,474713
RHIM,20260904,372.6,373.8,369.0,371.35,97629
RHL,20260904,167.15,174.79,166.2,167.89,1284
RICOAUTO,20260904,126.95,131.75,126.6,130.46,1119592
RIIL,20260904,757.0,762.75,748.1,750.95,42420
RIR,20260904,158.0,175.45,158.0,169.86,335333
RISHABH,20260904,738.0,750.0,714.6,738.45,208178
RITCO,20260904,302.6,304.6,298.55,301.8,112935
RITES,20260904,214.0,217.2,214.0,215.8,278299
RKDL,20260904,18.14,18.74,18.14,18.39,7502
RKEC,20260904,21.67,22.59,19.9,21.73,65608
RKFORGE,20260904,732.5,732.5,689.45,700.85,1116062
RKSWAMY,20260904,92.5,94.69,91.7,94.25,16462
RMC,20260904,225.3,236.0,224.41,233.54,40561
RMDRIP,20260904,21.4,21.8,21.0,21.13,262979
RML,20260904,1127.5,1333.0,1125.1,1295.9,2195205
RNBDENIMS,20260904,10.81,10.81,10.27,10.27,424488
ROHLTD,20260904,298.0,305.2,297.0,298.55,7153
ROLEXRINGS,20260904,176.0,176.36,171.0,171.72,743997
ROLLT,20260904,4.35,4.37,4.17,4.37,470102
ROML,20260904,42.2,42.8,41.31,42.0,11538
ROSSARI,20260904,461.0,468.25,456.1,460.25,83247
ROSSELLIND,20260904,57.8,58.05,55.99,56.96,77117
ROSSTECH,20260904,1116.3,1168.0,1116.3,1150.5,234989
ROTO,20260904,64.45,65.9,63.6,65.03,233711
ROUTE,20260904,503.65,508.0,500.5,501.55,76123
RPEL,20260904,1889.8,1943.7,1778.4,1807.2,209791
RPGLIFE,20260904,2652.4,2739.0,2638.9,2721.6,20463
RPOWER,20260904,22.11,22.32,22.04,22.08,13517969
RPPINFRA,20260904,55.65,55.68,53.77,54.14,32609
RPPL,20260904,22.45,23.5,22.1,23.29,15868
RPSGVENT,20260904,836.55,872.85,829.0,831.4,23012
RPTECH,20260904,814.0,833.0,811.5,823.65,158904
RRECL,20260904,138.0,138.0,129.99,136.83,309
RRIL,20260904,16.99,17.0,16.5,16.66,18631
RRKABEL,20260904,2550.0,2609.0,2374.4,2454.1,2596720
RSDFIN,20260904,105.1,105.1,95.22,96.75,2026
RSL,20260904,182.93,184.89,181.1,181.5,337269
RSSOFTWARE,20260904,30.1,31.4,29.5,30.61,50380
RSWM,20260904,218.0,226.5,217.99,220.63,67600
RSYSTEMS,20260904,252.5,257.5,251.0,256.12,203978
RTNINDIA,20260904,27.63,28.13,27.63,27.82,1727353
RTNPOWER,20260904,7.24,7.39,7.23,7.36,13604316
RTSPOWR,20260904,92.21,99.0,87.1,88.08,2343
RUBFILA,20260904,66.42,72.0,66.05,70.69,76949
RUBICON,20260904,1788.8,1792.0,1752.2,1768.3,113571
RUBYMILLS,20260904,415.0,429.5,408.0,428.3,23319
RUCHINFRA,20260904,6.0,6.11,5.51,5.82,367135
RUCHIRA,20260904,105.5,108.0,105.0,107.5,61272
RUDRA,20260904,20.3,20.8,20.3,20.33,25195
RUPA,20260904,144.43,145.4,143.05,144.49,81141
RUSHIL,20260904,16.2,16.46,15.66,16.01,247963
RUSTOMJEE,20260904,381.75,381.75,372.25,373.95,27990
RVHL,20260904,39.87,40.0,38.25,39.84,8503
RVNL,20260904,211.0,214.18,209.62,212.49,6287421
RVTH,20260904,729.0,743.9,729.0,734.45,277
S&SPOWER,20260904,317.9,327.8,310.05,323.95,1826
SAATVIKGL,20260904,422.5,428.4,417.1,424.4,40616
SAB,20260904,183.0,183.75,183.0,183.5,365
SADBHAV,20260904,8.03,8.35,8.01,8.15,131919
SADBHIN,20260904,2.51,2.57,2.51,2.55,60912
SADHNANIQ,20260904,2.7,2.72,2.7,2.72,462137
SAFARI,20260904,1509.5,1550.1,1508.3,1540.4,23964
SAGARDEEP,20260904,23.76,24.0,23.53,23.62,5256
SAGCEM,20260904,156.01,157.04,152.25,152.86,244455
SAGILITY,20260904,47.0,47.27,46.5,46.82,11136928
SAHLIBHFI,20260904,88.52,90.8,88.0,89.52,43843
SAHYADRI,20260904,360.0,402.7,360.0,392.15,111187
SAICAPI,20260904,160.2,163.8,155.1,157.56,1101
SAIL,20260904,197.86,200.1,194.3,196.8,19094202
SAILIFE,20260904,1570.0,1622.0,1561.9,1584.3,561938
SAIPARENT,20260904,523.8,523.8,516.0,519.55,45947
SAKAR,20260904,1012.0,1019.0,987.95,1013.9,87982
SAKHTISUG,20260904,20.35,20.4,19.61,19.78,175324
SAKSOFT,20260904,153.69,156.4,153.01,154.58,179015
SAKUMA,20260904,1.6,1.65,1.55,1.62,721220
SALASAR,20260904,5.12,5.88,5.12,5.2,26712678
SALONA,20260904,259.5,274.75,259.0,269.95,74
SALSTEEL,20260904,82.2,84.63,80.01,81.37,233867
SALZERELEC,20260904,540.0,555.0,537.05,549.7,54544
SAMBANDAM,20260904,120.0,125.0,120.0,123.23,206
SAMBHAAV,20260904,5.94,6.17,5.7,5.94,46902
SAMBHV,20260904,130.7,131.8,127.0,128.69,1221798
SAMHI,20260904,152.59,155.6,152.55,153.99,397845
SAMMAANCAP,20260904,155.0,161.0,153.51,158.39,13853349
SAMPANN,20260904,24.31,25.58,24.31,25.19,10476
SANATHAN,20260904,441.05,474.95,441.05,456.2,330832
SANDESH,20260904,1069.0,1069.0,1035.0,1051.3,750
SANDHAR,20260904,631.0,635.0,617.15,624.0,143060
SANDUMA,20260904,198.0,199.5,196.5,197.83,375487
SANGAMIND,20260904,573.25,582.8,572.1,578.8,7685
SANGHVIMOV,20260904,456.4,472.0,436.65,439.2,455750
SANGINITA,20260904,59.5,59.5,59.5,59.5,64797
SANOFI,20260904,3206.0,3207.8,3151.0,3158.2,9898
SANOFICONR,20260904,4205.3,4234.9,4108.0,4201.7,6432
SANSERA,20260904,3808.8,3833.8,3733.7,3782.6,101677
SANSTAR,20260904,108.0,114.9,108.0,111.31,633145
SANWARIA,20260904,0.19,0.2,0.18,0.18,871449
SAPPHIRE,20260904,228.5,233.99,225.56,228.43,713459
SAPPL,20260904,292.0,292.0,275.45,281.85,796
SARDAEN,20260904,510.05,517.05,504.2,508.55,526969
SAREGAMA,20260904,498.4,500.0,488.1,492.75,353123
SARLAPOLY,20260904,102.75,102.98,97.75,100.2,97835
SARVESHWAR,20260904,3.38,3.43,3.33,3.36,1228078
SASKEN,20260904,1925.4,1925.4,1870.5,1881.3,12365
SATIA,20260904,60.74,63.85,60.01,63.36,251939
SATIN,20260904,220.39,223.48,217.58,220.75,205973
SAURASHCEM,20260904,56.81,58.6,56.0,57.61,90990
SAYAJIHOTL,20260904,325.0,325.0,315.0,319.35,12
SAYAJIIND,20260904,119.89,119.89,116.01,116.11,103
SBC,20260904,43.48,46.89,43.45,45.76,13241116
SBCL,20260904,1189.3,1215.7,1102.4,1121.1,810275
SBFC,20260904,99.9,100.67,98.37,100.08,817043
SBGLP,20260904,25.68,25.68,23.6,23.96,12199
SBIBPB,20260904,49.97,50.05,49.26,49.56,104576
SBICARD,20260904,661.0,668.7,656.3,658.25,1752698
SBIETFCON,20260904,122.54,122.54,119.7,119.89,13201
SBIETFIT,20260904,342.1,346.1,338.69,340.64,1908
SBIETFPB,20260904,290.89,290.89,282.98,283.57,2003
SBIETFQLTY,20260904,223.5,223.5,221.5,221.86,718
SBIFUNDS,20260904,563.9,565.5,558.9,562.1,1143214
SBILIFE,20260904,1715.0,1775.0,1707.4,1775.0,1720166
SBILIQETF,20260904,1054.81,1054.83,1054.81,1054.81,104098
SBIMIDMOM,20260904,63.7,64.07,63.56,63.73,5431
SBIN,20260904,1026.0,1029.2,1016.1,1016.1,6724566
SBINEQWETF,20260904,33.2,33.31,33.1,33.26,26479
SBINMID150,20260904,23.59,23.59,23.26,23.3,11172
SBISILVER,20260904,226.74,229.16,226.74,228.31,717256
SBISMLETF,20260904,18.47,18.67,18.47,18.55,29237
SBIVALETF,20260904,14.72,14.75,14.66,14.75,5269
SCANSTL,20260904,58.81,60.8,56.5,59.22,33610
SCHAEFFLER,20260904,3950.0,4004.6,3871.7,3956.4,53652
SCHAND,20260904,136.0,137.99,135.35,136.41,10647
SCHNEIDER,20260904,1198.0,1235.7,1192.2,1232.4,255402
SCI,20260904,296.4,300.25,293.75,295.35,1792086
SCILAL,20260904,40.1,40.1,39.7,39.77,196582
SCODATUBES,20260904,134.8,136.59,131.2,135.02,215520
SCPL,20260904,643.0,657.0,627.1,646.45,8409
SDBL,20260904,72.82,74.55,72.15,74.0,578202
SEAMECLTD,20260904,1787.0,1804.0,1770.5,1793.6,130765
SECMARK,20260904,148.46,150.0,144.4,144.4,1139
SECURKLOUD,20260904,17.58,17.8,16.98,17.01,24259
SEDEMAC,20260904,2916.2,2919.0,2800.0,2814.4,102621
SEIL,20260904,202.1,202.34,198.5,200.76,440822
SEJALLTD,20260904,670.1,674.75,648.0,657.5,5519
SEKURITIND,20260904,113.95,116.0,113.95,114.56,31358
SELECTIPO,20260904,48.7,48.96,48.58,48.65,61110
SELMC,20260904,29.5,29.5,26.53,27.5,4456
SEMAC,20260904,298.9,298.9,276.05,277.25,4531
SENCO,20260904,349.85,362.8,349.85,358.65,1141834
SENORES,20260904,1442.8,1465.9,1420.0,1428.4,124425
SENSEXADD,20260904,79.33,79.33,79.29,79.29,56
SENSEXAXIS,20260904,78.67,81.0,78.67,79.81,1362
SENSEXBETA,20260904,866.26,866.26,848.52,850.89,4022
SENSEXETF,20260904,79.5,79.5,79.07,79.2,14854
SENSEXIETF,20260904,903.99,903.99,881.95,884.24,28419
SEPC,20260904,5.39,5.44,5.35,5.38,7339250
SERVOTECH,20260904,80.7,82.26,78.88,79.62,492370
SESHAPAPER,20260904,236.0,236.0,231.0,233.09,18854
SETCO,20260904,17.88,18.1,17.11,17.45,24126
SETF10GILT,20260904,264.0,264.49,263.01,263.1,7480
SETFGOLD,20260904,133.47,133.47,130.75,131.22,4422415
SETFNIF50,20260904,259.9,259.9,257.33,258.08,561856
SETFNIFBK,20260904,593.87,593.87,589.83,590.86,18450
SETFNN50,20260904,787.52,799.0,781.73,785.05,80614
SETL,20260904,395.0,410.7,390.1,408.95,1430578
SETUINFRA,20260904,0.57,0.57,0.57,0.57,46145
SEYAIND,20260904,12.3,12.3,11.9,12.25,4895
SFL,20260904,647.0,650.2,642.1,646.8,59553
SGFIN,20260904,682.5,682.5,655.9,675.7,164000
SGIL,20260904,612.85,612.85,600.0,606.2,4698
SGL,20260904,10.31,10.31,9.93,10.05,2432
SGLRES,20260904,2.5,2.5,2.32,2.41,58369
SGMART,20260904,822.0,834.05,815.55,824.75,114546
SGRL,20260904,684.0,717.0,684.0,708.55,22022
SHADOWFAX,20260904,260.9,262.3,256.25,259.55,1649661
SHAH,20260904,3.53,3.6,3.45,3.51,1297179
SHAHALLOYS,20260904,102.15,106.0,101.5,101.5,140569
SHAILY,20260904,3265.0,3310.0,3240.0,3278.3,77257
SHAKTIPUMP,20260904,475.0,482.8,470.8,473.0,419668
SHALBY,20260904,152.65,154.49,152.0,152.71,31700
SHALPAINTS,20260904,85.6,85.62,85.0,85.47,141870
SHANKARA,20260904,147.01,148.99,147.01,148.18,46914
SHANKESH,20260904,97.35,103.45,97.0,98.92,8474688
SHANTI,20260904,6.31,6.57,6.11,6.25,24947
SHANTIGEAR,20260904,600.0,637.45,586.85,621.75,1612281
SHANTIGOLD,20260904,247.01,259.48,246.0,256.34,2489253
SHARDACROP,20260904,771.65,780.5,765.0,768.35,105369
SHARDAMOTR,20260904,879.05,885.45,872.6,881.95,27320
SHARDUL,20260904,53.77,56.4,53.15,54.49,10278
SHAREINDIA,20260904,171.06,172.75,170.1,170.5,316097
SHARIABEES,20260904,458.12,458.12,451.93,452.84,25560
SHBAJRG,20260904,161.05,165.0,160.02,160.67,2205
SHEKHAWATI,20260904,15.24,15.7,14.72,15.52,26781
SHEMAROO,20260904,124.01,127.5,124.01,126.61,3580
SHERVANI,20260904,316.0,319.95,315.05,315.1,78
SHILCTECH,20260904,4045.2,4104.5,4023.5,4065.3,17962
SHILGRAVQ,20260904,149.42,151.0,143.0,144.8,9295
SHILPAMED,20260904,956.15,973.9,946.2,964.15,652726
SHINDL,20260904,159.07,163.0,156.2,162.42,220380
SHIPROCKET,20260904,137.19,138.2,134.21,135.92,4989875
SHIVAAGRO,20260904,41.7,41.7,40.25,41.39,4883
SHIVACEM,20260904,16.09,16.89,15.4,15.97,55679
SHIVALIK,20260904,313.4,329.05,313.4,327.4,46428
SHIVAMAUTO,20260904,18.4,18.4,17.32,18.01,77913
SHIVAMILLS,20260904,59.0,62.0,59.0,60.5,438
SHIVATEX,20260904,185.25,187.49,181.11,182.86,15793
SHIVAUM,20260904,449.9,455.0,448.0,448.05,1042
SHK,20260904,150.4,153.58,149.11,150.87,432026
SHOPERSTOP,20260904,391.45,394.95,381.0,381.75,14069
SHRADDHA,20260904,157.49,159.8,153.21,156.48,3120
SHRADHA,20260904,31.9,32.0,31.15,31.48,16176
SHREDIGCEM,20260904,74.28,74.79,72.98,74.44,189709
SHREECEM,20260904,23850.0,24140.0,23780.0,23855.0,15350
SHREEJISPG,20260904,670.65,684.0,657.3,680.15,2336669
SHREEPUSHK,20260904,482.2,483.0,465.0,475.25,50352
SHREERAMA,20260904,43.82,45.29,43.82,44.12,51339
SHRENIK,20260904,0.29,0.3,0.28,0.29,346855
SHREYANIND,20260904,130.0,130.7,126.9,128.93,6128
SHRIKRISH,20260904,41.0,41.0,39.0,39.79,1225
SHRINGARMS,20260904,218.35,222.7,216.51,217.91,255200
SHRIPISTON,20260904,4551.3,4568.9,4420.0,4536.9,68512
SHRIRAMFIN,20260904,1044.2,1052.8,1037.0,1041.0,4135730
SHRIRAMPPS,20260904,76.8,77.28,76.02,76.9,248858
SHRJAGP,20260904,621.3,636.0,600.05,625.65,782
SHUKRAPHAR,20260904,53.39,55.54,51.66,51.93,4036493
SHYAMCENT,20260904,4.94,5.05,4.91,5.03,164214
SHYAMMETL,20260904,1079.9,1087.3,1058.6,1065.3,199343
SHYAMTEL,20260904,11.25,11.93,11.06,11.6,2583
SICAGEN,20260904,59.45,59.45,57.93,58.28,18933
SICALLOG,20260904,106.96,109.99,103.85,107.33,108364
SIEL,20260904,32.0,32.0,30.88,31.9,748
SIEMENS,20260904,4042.0,4042.0,3974.1,3977.0,177116
SIGACHI,20260904,32.55,35.6,32.31,34.74,9215095
SIGIND,20260904,72.45,72.45,69.01,70.37,3242
SIGMA,20260904,48.0,48.22,45.77,46.66,132618
SIGMAADV,20260904,754.8,779.9,752.55,762.4,118525
SIGNATURE,20260904,795.0,809.9,783.0,796.55,239499
SIGNPOST,20260904,245.7,250.8,243.0,244.25,56184
SIKA,20260904,974.0,1013.7,974.0,996.1,31520
SIKKO,20260904,5.3,5.45,5.19,5.41,228858
SIL,20260904,19.91,19.91,19.22,19.59,66127
SILGO,20260904,71.45,71.71,67.3,69.97,113233
SILINV,20260904,484.9,491.9,470.0,478.8,2201
SILLYMONKS,20260904,15.6,16.49,15.6,16.19,2494
SILVER,20260904,230.51,233.49,230.51,232.64,770617
SILVER001,20260904,23.72,23.83,23.26,23.54,14165
SILVER1,20260904,22.4,22.77,22.4,22.6,5918854
SILVER360,20260904,227.4,229.69,227.4,229.11,14214
SILVERADD,20260904,22.36,22.57,22.31,22.44,2849876
SILVERAG,20260904,229.69,229.69,225.34,227.02,122655
SILVERAXIS,20260904,230.02,232.5,230.02,231.46,144700
SILVERBEES,20260904,222.12,223.74,221.25,222.78,16085668
SILVERBETA,20260904,223.12,225.86,223.12,224.83,288687
SILVERBND,20260904,233.1,234.35,232.14,233.61,13449
SILVERCASE,20260904,23.3,23.88,23.3,23.61,5606876
SILVERIETF,20260904,232.88,233.46,230.51,232.48,2490162
SILVERTUC,20260904,169.38,170.4,166.68,167.97,373676
SIMBHALS,20260904,7.8,7.8,7.8,7.8,3573
SIMPLEXINF,20260904,270.0,274.0,264.35,270.5,96034
SIMPLXREA,20260904,143.98,143.98,142.99,142.99,12
SINCLAIR,20260904,84.0,84.75,82.6,83.5,26997
SINDHUTRAD,20260904,24.15,25.9,23.91,25.28,11832177
SINGERIND,20260904,76.63,81.99,75.12,76.98,170692
SINTERCOM,20260904,81.2,90.0,79.62,80.8,10325
SIRCA,20260904,440.5,443.0,437.0,439.25,156696
SIS,20260904,435.85,436.65,428.05,430.95,390191
SITINET,20260904,0.3,0.3,0.29,0.29,228821
SIYSIL,20260904,558.65,558.9,549.95,552.65,28594
SJS,20260904,2411.1,2411.1,2285.0,2306.1,229418
SJVN,20260904,65.05,65.55,64.75,65.23,1260938
SKFINDIA,20260904,1533.0,1563.9,1533.0,1553.2,91130
SKFINDUS,20260904,3070.0,3081.9,2981.0,3002.5,33944
SKIPPER,20260904,538.15,609.0,533.75,591.1,10118419
SKMEGGPROD,20260904,261.8,263.45,255.7,257.1,242481
SKYGOLD,20260904,742.0,788.0,733.0,781.45,1069790
SKYWAYS,20260904,131.5,133.65,120.1,122.72,8338807
SMALL250,20260904,18.75,18.75,18.51,18.54,194876
SMALLADD,20260904,18.66,18.7,18.49,18.53,67956
SMALLCAP,20260904,49.25,49.4,47.73,48.9,3500382
SMALLGROWW,20260904,39.41,49.79,39.41,49.06,6170
SMALLIETF,20260904,18.89,19.0,18.45,18.57,65128
SMARTLINK,20260904,213.0,215.2,206.8,213.81,4055
SMARTWORKS,20260904,536.7,548.8,535.25,541.5,44075
SMCGLOBAL,20260904,79.99,81.9,79.0,81.25,865274
SML100CASE,20260904,11.49,11.5,11.4,11.43,2300711
SMLMAH,20260904,5725.0,6298.5,5719.5,6298.5,427607
SMLT,20260904,65.8,70.0,63.12,65.59,7074
SMSPHARMA,20260904,374.0,398.4,373.0,392.5,473075
SNOWMAN,20260904,36.5,37.0,36.3,36.85,75311
SNXT30BEES,20260904,42.76,42.76,42.42,42.58,8325
SNXT50BETA,20260904,96.31,96.58,94.5,94.98,727
SOBHA,20260904,1273.3,1276.6,1243.1,1263.8,74200
SOFTTECH,20260904,421.9,425.0,414.4,423.15,2760
SOLARA,20260904,628.0,652.0,619.0,639.15,396998
SOLARINDS,20260904,21500.0,21695.0,21345.0,21445.0,127515
SOLARWORLD,20260904,150.99,153.23,148.2,149.32,219235
SOLEX,20260904,734.8,761.0,720.0,725.3,113401
SOMANYCERA,20260904,573.0,573.6,552.55,557.35,78257
SOMATEX,20260904,96.74,97.38,88.25,90.22,33507
SOMICONVEY,20260904,95.0,95.0,90.56,91.33,8738
SONACOMS,20260904,800.0,805.5,783.2,789.0,816762
SONAL,20260904,88.98,88.98,88.9,88.98,5
SONAMLTD,20260904,70.0,70.0,65.49,65.84,39654
SONATSOFTW,20260904,286.25,291.05,282.15,285.25,830434
SOTL,20260904,743.0,744.95,731.15,740.75,273612
SOUTHBANK,20260904,47.95,48.44,47.14,47.29,8819050
SOUTHWEST,20260904,211.25,220.0,211.25,212.92,139283
SPAL,20260904,1062.8,1077.0,1025.0,1071.1,64434
SPANDANA,20260904,238.29,242.0,238.29,239.81,79485
SPARC,20260904,202.5,203.19,199.0,199.47,588034
SPCENET,20260904,3.35,3.53,3.3,3.41,1308892
SPECIALITY,20260904,137.0,140.99,135.21,139.59,16598
SPECTRUM,20260904,2360.0,2368.4,2256.0,2368.4,14242
SPELS,20260904,150.5,150.5,148.0,149.38,17175
SPENCERS,20260904,29.4,29.4,28.12,28.5,24318
SPIC,20260904,71.15,72.99,71.0,71.28,648651
SPLIL,20260904,31.4,32.5,29.97,30.39,20970
SPLPETRO,20260904,725.0,783.0,724.95,771.05,1726190
SPMLINFRA,20260904,173.6,183.58,172.38,181.41,407685
SPORTKING,20260904,232.0,233.99,225.4,229.22,266293
SRD,20260904,39.66,40.19,39.27,39.33,26155
SREEL,20260904,259.0,268.8,259.0,265.52,21434
SRF,20260904,2631.1,2631.1,2532.2,2547.0,352418
SRGHFL,20260904,249.7,261.0,241.0,245.45,3956
SRHHYPOLTD,20260904,512.95,542.0,507.1,531.05,49199
SRIKPRIND,20260904,36.8,36.8,31.11,33.38,388915
SRM,20260904,475.0,483.6,457.95,462.35,129358
SRTL,20260904,36.72,37.85,36.5,37.71,29437
SSDL,20260904,55.92,57.78,55.51,56.69,14090
SSWL,20260904,360.75,365.7,348.5,361.85,1006017
STALLION,20260904,206.1,210.99,205.0,206.68,352515
STANLEY,20260904,137.4,138.99,135.0,135.48,62857
STAR,20260904,1053.1,1066.5,1040.0,1059.6,217190
STARCEMENT,20260904,184.47,192.8,184.0,190.19,192236
STARHEALTH,20260904,562.2,567.8,553.05,557.35,260539
STARPAPER,20260904,155.24,155.24,150.0,151.42,11085
STARTECK,20260904,249.8,250.95,244.1,249.25,162
STCINDIA,20260904,115.61,119.5,114.71,115.28,60350
STEELCAS,20260904,318.0,332.4,314.05,328.05,106510
STEELCITY,20260904,87.9,87.9,85.0,85.55,6956
STEELXIND,20260904,11.78,11.8,11.2,11.34,3888782
STEL,20260904,615.05,616.0,598.2,607.9,3953
STERTOOLS,20260904,220.0,224.94,220.0,221.31,14338
STLNETWORK,20260904,28.01,28.87,27.78,28.87,2164957
STLSTRINF,20260904,19.5,20.2,19.0,19.55,168
STLTECH,20260904,748.9,748.9,748.9,748.9,295544
STOVEKRAFT,20260904,840.9,849.0,825.0,832.55,93139
STUDDS,20260904,431.35,431.35,422.7,424.2,34112
STYL,20260904,393.0,399.0,380.1,383.5,123059
STYLAMIND,20260904,3272.4,3400.0,3230.1,3387.4,65092
STYLEBAAZA,20260904,397.5,403.7,391.95,400.25,557524
STYRENIX,20260904,2007.6,2078.0,2007.6,2043.2,30372
SUBEXLTD,20260904,17.65,17.85,17.21,17.28,1970415
SUBROS,20260904,705.85,718.0,705.25,709.6,26816
SUDARCOLOR,20260904,390.6,394.6,381.0,383.45,7856
SUDARSCHEM,20260904,1249.0,1253.6,1216.0,1222.8,186180
SUDEEPPHRM,20260904,1300.1,1357.4,1300.0,1329.3,242835
SUKHJITS,20260904,157.81,159.8,157.01,157.86,4696
SULA,20260904,147.56,150.0,147.5,149.0,170121
SUMEDHA,20260904,39.4,39.49,38.75,39.01,3377
SUMEETINDS,20260904,11.65,11.65,11.14,11.5,1120467
SUMICHEM,20260904,500.0,504.9,490.2,493.4,142729
SUMIT,20260904,53.0,53.0,50.79,51.71,9572
SUMMITSEC,20260904,1459.0,1459.0,1431.0,1434.2,1566
SUNCLAY,20260904,1296.8,1311.9,1285.7,1304.4,3165
SUNDARAM,20260904,1.23,1.26,1.21,1.23,323987
SUNDARMFIN,20260904,4561.0,4656.3,4561.0,4648.7,19600
SUNDRMBRAK,20260904,754.75,754.75,732.6,740.0,1401
SUNDRMFAST,20260904,1200.0,1217.0,1194.4,1212.3,44457
SUNDROP,20260904,656.4,666.05,654.6,662.5,6390
SUNFLAG,20260904,349.95,350.75,342.2,343.7,90403
SUNLOC,20260904,79.99,79.99,79.98,79.98,41
SUNPHARMA,20260904,1912.0,1917.3,1895.0,1899.0,761333
SUNRAKSHAK,20260904,370.0,375.0,365.0,369.55,13415
SUNSHIEL,20260904,1169.5,1169.5,1140.1,1144.9,981
SUNSHINE,20260904,443.05,476.85,440.0,441.45,2746047
SUNTECK,20260904,297.5,300.7,297.5,299.5,71967
SUNTV,20260904,465.95,482.7,464.95,470.9,846938
SUPERHOUSE,20260904,168.74,171.0,166.54,169.23,2738
SUPERSPIN,20260904,7.03,7.17,6.84,6.95,105266
SUPRAJIT,20260904,488.0,488.0,476.5,479.45,56637
SUPREME,20260904,37.7,37.7,36.12,36.27,8259
SUPREMEENG,20260904,3.03,3.03,3.03,3.03,297128
SUPREMEIND,20260904,3509.9,3526.4,3475.0,3475.0,139232
SUPREMEINF,20260904,85.18,85.18,82.75,83.42,16081
SUPRIYA,20260904,838.55,868.0,838.55,852.85,324059
SUPTANERY,20260904,13.25,13.25,13.25,13.25,40062
SURAJEST,20260904,177.9,181.48,177.52,178.25,129331
SURAJLTD,20260904,204.0,204.99,201.0,201.79,3832
SURAKSHA,20260904,339.6,340.7,331.0,332.45,38299
SURANASOL,20260904,26.0,27.75,25.9,26.11,96327
SURANAT&P,20260904,16.49,16.6,16.12,16.57,29385
SURYALA,20260904,419.9,419.9,405.0,411.85,1694
SURYALAXMI,20260904,61.0,62.49,60.01,60.79,1013
SURYAROSNI,20260904,216.66,220.58,215.96,216.49,449482
SURYODAY,20260904,152.6,154.31,151.2,152.07,130519
SUTLEJTEX,20260904,38.9,40.9,38.9,40.89,71822
SUVEN,20260904,382.0,388.45,376.7,378.0,494667
SUVIDHAA,20260904,2.16,2.47,2.01,2.42,651333
SUYOG,20260904,747.55,747.55,723.0,731.2,10651
SUZLON,20260904,46.11,46.37,45.03,45.35,55366085
SVGLOBAL,20260904,162.0,172.81,157.15,163.62,286302
SVLL,20260904,806.0,818.0,796.0,799.25,623
SVPGLOB,20260904,3.58,3.71,3.5,3.65,48032
SWANCORP,20260904,283.5,286.45,279.9,281.5,810711
SWANDEF,20260904,2439.0,2555.0,2429.0,2520.2,18892
SWARAJ,20260904,365.0,365.0,352.75,357.35,57932
SWARAJENG,20260904,3544.1,3672.0,3540.0,3557.8,6552
SWARNSAR,20260904,35.05,35.44,34.17,35.25,6016
SWELECTES,20260904,584.0,584.0,570.25,572.5,17212
SWIGGY,20260904,269.3,284.4,269.3,276.1,184369387
SWISSMLTRY,20260904,15.7,15.85,14.66,15.59,81525
SWSOLAR,20260904,188.2,191.85,185.5,186.23,580711
SYMBIOTEC,20260904,1085.05,1099.7,1056.0,1078.25,1509878
SYMPHONY,20260904,573.0,582.5,573.0,580.35,32564
SYNCOMF,20260904,20.93,21.88,20.01,20.58,16788160
SYNGENE,20260904,399.7,403.15,394.3,395.6,522372
SYRMA,20260904,1455.2,1470.0,1450.4,1457.3,569018
SYSTMTXC,20260904,58.0,60.23,56.0,60.23,72839
TAALTECH,20260904,4600.0,4634.8,4475.2,4502.2,5834
TAINWALCHM,20260904,207.63,215.5,207.6,213.71,1124
TAJGVK,20260904,333.7,336.5,330.35,332.55,150325
TAKE,20260904,12.52,13.82,12.52,13.82,918186
TALBROAUTO,20260904,412.15,413.45,401.5,407.75,76183
TAMBOLIIN,20260904,255.0,261.5,250.0,259.7,11736
TANAA,20260904,282.35,287.4,280.0,282.15,9298
TANLA,20260904,515.45,528.95,515.45,521.15,368770
TARACHAND,20260904,48.75,49.39,48.0,48.78,54428
TARAPUR,20260904,13.55,13.55,12.21,13.03,46363
TARC,20260904,124.2,127.98,123.05,126.99,355398
TARIL,20260904,301.15,305.3,300.0,300.95,752285
TARMAT,20260904,64.49,64.79,60.55,61.23,36316
TARSONS,20260904,336.5,341.4,333.0,335.55,63661
TASTYBITE,20260904,10132.0,10224.0,9945.0,9982.0,1301
TATACAP,20260904,371.85,376.85,371.3,375.05,1331842
TATACHEM,20260904,630.0,634.5,624.0,625.1,991042
TATACOMM,20260904,1696.4,1763.0,1696.4,1756.1,276930
TATACONSUM,20260904,1020.0,1022.9,1008.5,1010.0,1030689
TATAELXSI,20260904,3625.0,3659.5,3525.0,3558.0,203529
TATAGOLD,20260904,14.82,15.04,14.82,14.94,44264152
TATAINVEST,20260904,637.95,644.0,631.55,633.7,130701
TATAPOWER,20260904,365.1,368.5,364.1,368.0,3826383
TATASTEEL,20260904,184.2,189.9,182.84,188.79,36500951
TATATECH,20260904,808.05,830.95,796.1,800.0,1067933
TATSILV,20260904,22.35,22.79,22.35,22.62,34470366
TATVA,20260904,1609.9,1688.0,1580.1,1678.5,85803
TBOTEK,20260904,1733.7,1734.9,1671.5,1688.9,66445
TBZ,20260904,456.0,480.85,456.0,480.85,3486401
TCC,20260904,47.33,49.22,43.8,44.1,578711
TCI,20260904,874.8,888.25,864.0,868.2,18074
TCIEXP,20260904,549.5,557.0,539.0,552.9,65210
TCIFINANCE,20260904,15.78,15.78,14.41,15.1,19130
TCPLPACK,20260904,3971.4,4157.2,3921.0,4091.9,15468
TCS,20260904,2330.0,2363.9,2302.4,2304.0,2564322
TDPOWERSYS,20260904,723.0,742.8,717.95,740.1,1283741
TEAMGTY,20260904,243.68,243.68,235.1,235.29,684
TEAMLEASE,20260904,1260.0,1280.0,1235.0,1250.6,29000
TECH,20260904,33.99,34.62,33.33,33.81,18515
TECHM,20260904,1605.1,1623.4,1586.9,1596.9,1173518
TECHNOCRAF,20260904,372.0,373.65,363.1,366.1,476411
TECHNOE,20260904,975.0,983.35,969.3,979.5,82871
TECHNVISN,20260904,5135.0,5135.0,4880.0,4917.5,1147
TECILCHEM,20260904,10.1,10.2,9.6,9.72,21289
TEGA,20260904,1555.8,1558.0,1536.0,1548.0,55328
TEJASNET,20260904,570.0,622.8,570.0,614.15,26085952
TEMBO,20260904,56.1,61.2,55.4,58.47,7416209
TEMPSENS,20260904,570.8,573.75,547.55,554.8,2650794
TENNIND,20260904,519.8,521.6,513.6,517.55,581989
TERAI,20260904,121.1,132.95,121.1,121.43,1068
TERASOFT,20260904,282.0,296.55,279.7,283.4,41365
TEXINFRA,20260904,116.32,117.14,114.5,115.02,122665
TEXMOPIPES,20260904,45.9,46.45,45.31,46.23,23440
TEXRAIL,20260904,113.6,117.53,113.33,115.99,3746637
TFCILTD,20260904,147.19,147.39,142.4,143.26,8211306
TFL,20260904,12.56,12.74,12.26,12.36,23861
TGBHOTELS,20260904,10.0,10.0,9.35,9.48,24575
TGVSL,20260904,109.8,114.24,108.01,109.98,615070
THACKER,20260904,1002.0,1050.0,980.0,1050.0,38
THAKDEV,20260904,144.0,144.0,137.0,144.0,33
THANGAMAYL,20260904,5293.5,5351.5,5232.0,5332.0,65612
THEINVEST,20260904,98.11,98.11,94.61,95.0,3714
THEJO,20260904,2081.0,2142.0,2081.0,2125.3,5621
THELEELA,20260904,564.45,567.85,550.0,554.05,561774
THEMISMED,20260904,125.27,128.08,119.71,120.42,159319
THERMAX,20260904,3739.0,3765.6,3617.0,3637.6,258180
THOMASCOOK,20260904,106.0,112.94,106.0,111.65,2297803
THOMASCOTT,20260904,261.05,269.65,258.5,262.75,44350
THYROCARE,20260904,575.05,581.9,573.35,576.15,137365
TI,20260904,540.0,540.9,520.0,535.1,540041
TICL,20260904,8.19,8.4,8.08,8.12,51861
TIGERLOGS,20260904,29.88,29.88,28.16,28.61,168111
TIIL,20260904,3283.7,3346.2,3152.3,3194.6,25085
TIINDIA,20260904,2727.0,2727.0,2685.0,2698.0,173117
TIJARIA,20260904,9.4,9.54,9.4,9.54,250018
TIL,20260904,249.98,257.25,246.0,252.88,296756
TIMETECHNO,20260904,189.4,191.15,188.0,188.49,1385822
TIMEX,20260904,654.85,674.0,646.3,669.85,323553
TIMKEN,20260904,3124.9,3139.3,3100.0,3125.3,15156
TINNARUBR,20260904,1057.8,1057.8,1017.2,1028.2,38228
TIPSFILMS,20260904,332.0,338.0,330.0,331.0,4667
TIPSMUSIC,20260904,651.9,656.65,642.0,649.75,146163
TIRUMALCHM,20260904,158.7,159.52,156.21,157.19,236650
TIRUPATIFL,20260904,67.26,70.0,67.26,69.05,202133
TITAGARH,20260904,848.0,898.0,845.0,871.85,3001183
TITAN,20260904,5010.0,5022.0,4980.0,5020.0,310845
TMB,20260904,949.95,949.95,929.0,932.45,131784
TMCV,20260904,462.85,469.2,456.2,458.2,6245264
TMPV,20260904,312.0,315.5,310.65,311.5,4010174
TNIDETF,20260904,88.73,92.17,88.73,90.94,57515
TNPETRO,20260904,136.99,136.99,131.55,132.7,1119931
TNPL,20260904,154.36,158.8,152.5,155.75,382264
TNTELE,20260904,8.83,9.07,8.83,8.88,22878
TOKYOPLAST,20260904,75.14,77.68,75.14,76.51,1924
TOLINS,20260904,91.7,93.5,90.16,91.98,44505
TOP100CASE,20260904,10.54,10.57,10.5,10.54,498182
TOP10ADD,20260904,88.04,88.3,87.81,87.98,305895
TOP15IETF,20260904,9.81,9.95,9.78,9.82,89010
TOP20,20260904,8.9,8.91,8.86,8.88,28580
TORNTPHARM,20260904,4930.0,4941.0,4823.0,4857.0,322787
TORNTPOWER,20260904,1289.9,1308.0,1260.2,1299.1,398524
TOTAL,20260904,69.61,74.8,69.1,70.88,4743
TOUCHWOOD,20260904,58.61,62.86,57.6,62.81,1237
TOYAMSL,20260904,0.62,0.62,0.6,0.61,129950
TPHQ,20260904,0.55,0.56,0.53,0.55,1307895
TPLPLASTEH,20260904,72.53,73.39,70.81,71.74,117553
TRACXN,20260904,30.08,30.12,29.8,29.96,191760
TRANSCOR,20260904,24.9,25.6,24.47,25.49,2509
TRANSPEK,20260904,1459.5,1459.5,1370.0,1446.5,13477
TRANSRAILL,20260904,428.05,434.7,428.05,429.3,313125
TRANSWORLD,20260904,169.0,172.38,169.0,171.0,5598
TRAVELFOOD,20260904,1278.4,1304.5,1270.0,1296.3,61349
TREEHOUSE,20260904,6.42,6.44,5.73,6.29,26470
TREJHARA,20260904,148.83,154.65,146.5,152.01,18766
TREL,20260904,26.94,27.69,26.8,27.44,215792
TRENT,20260904,2849.0,2879.0,2833.2,2853.0,577393
TRF,20260904,231.9,232.0,229.13,231.59,4712
TRIDENT,20260904,24.03,24.59,23.97,24.16,3292066
TRIGYN,20260904,59.89,60.4,57.66,58.97,99874
TRITONV,20260904,1100.0,1150.0,1100.0,1136.1,2321
TRITURBINE,20260904,573.9,582.65,571.35,577.3,254725
TRIVENI,20260904,281.9,281.9,274.5,275.65,472150
TRU,20260904,4.05,4.13,4.0,4.05,93025
TRUALT,20260904,426.4,430.95,420.4,425.25,121440
TSFINV,20260904,406.3,415.0,402.05,404.7,57607
TTKHLTCARE,20260904,1107.0,1123.2,1086.1,1100.2,19761
TTKPRESTIG,20260904,582.05,586.65,560.3,562.75,90200
TTL,20260904,7.03,7.08,6.77,6.81,210015
TTML,20260904,38.0,38.45,37.65,37.74,1380442
TURTLEMINT,20260904,145.45,146.04,142.66,144.08,385856
TUTIALKA,20260904,62.35,62.9,59.05,60.36,28654
TVSELECT,20260904,422.35,426.0,416.1,420.85,16780
TVSHLTD,20260904,13140.0,13499.0,13140.0,13374.0,7881
TVSMOTOR,20260904,4181.2,4200.0,4127.8,4133.1,424571
TVSSCS,20260904,129.6,132.53,126.96,130.41,926210
TVSSRICHAK,20260904,5330.0,5404.5,5220.0,5237.5,12133
TVTODAY,20260904,112.75,112.75,110.09,110.95,34674
TVVISION,20260904,3.45,3.56,3.23,3.38,52947
TWCGOLDETF,20260904,152.95,153.52,152.54,152.93,5230
UBL,20260904,1299.0,1326.0,1277.0,1279.4,352868
UCAL,20260904,151.0,151.0,145.0,146.02,10841
UCOBANK,20260904,24.65,25.02,24.55,24.78,5993994
UDAYJEW,20260904,143.0,143.2,136.7,143.0,3159
UDS,20260904,240.0,240.3,231.6,239.03,487592
UEL,20260904,236.99,241.6,234.2,241.6,18811
UFBL,20260904,719.9,735.0,696.1,700.35,76997
UFLEX,20260904,683.3,691.45,671.4,675.6,168967
UFO,20260904,66.4,66.4,64.25,65.09,42873
UGARSUGAR,20260904,58.4,58.5,53.01,53.35,1348315
UGROCAP,20260904,85.1,87.25,84.67,86.35,574138
UJJIVANSFB,20260904,62.99,64.88,62.9,64.43,12168369
ULTRACEMCO,20260904,11357.0,11434.0,11292.0,11408.0,280870
ULTRAMAR,20260904,441.95,446.5,434.7,437.15,84008
UMAEXPORTS,20260904,23.97,23.97,23.97,23.97,8944
UMESLTD,20260904,5.4,5.4,4.8,5.09,12835
UMIYA-MRO,20260904,98.7,105.9,98.7,104.42,137662
UNICHEMLAB,20260904,551.95,557.9,546.55,550.2,56415
UNIDT,20260904,222.0,230.0,217.0,225.46,31227
UNIECOM,20260904,86.85,88.0,84.1,87.62,273184
UNIENTER,20260904,96.0,96.0,93.0,93.19,6732
UNIINFO,20260904,11.26,11.26,10.95,11.0,1618
UNIMECH,20260904,1476.0,1517.0,1468.4,1502.7,179849
UNIONBANK,20260904,189.0,189.95,187.05,187.22,7910433
UNIONGOLD,20260904,153.1,153.1,150.15,150.2,1581
UNIPARTS,20260904,895.4,899.9,850.0,874.05,311978
UNITDSPR,20260904,1488.1,1489.9,1462.5,1471.7,357038
UNITECH,20260904,3.71,4.08,3.71,4.08,14406516
UNITEDPOLY,20260904,40.5,42.0,40.0,41.66,210611
UNITEDTEA,20260904,448.95,449.0,441.0,442.8,7393
UNIVASTU,20260904,170.1,173.84,163.1,168.34,70087
UNIVCABLES,20260904,1631.0,1649.9,1540.0,1576.3,278353
UNIVPHOTO,20260904,456.5,490.6,456.5,490.4,2480
UNOMINDA,20260904,1258.0,1260.3,1237.5,1249.7,574742
UPL,20260904,581.05,589.4,579.45,582.15,1730115
URAVIDEF,20260904,120.0,120.0,118.18,118.2,2586
URBANCO,20260904,177.8,183.97,176.27,181.09,6940698
URJA,20260904,9.06,9.69,9.04,9.18,672065
USHAMART,20260904,518.0,529.3,511.1,514.15,1631592
USK,20260904,21.24,21.24,20.4,20.99,17245
UTIAMC,20260904,880.35,885.0,877.6,880.55,48517
UTKARSHBNK,20260904,15.0,15.1,14.51,14.56,5961768
UTLSOLAR,20260904,427.1,435.05,425.15,429.75,169583
UTTAMSUGAR,20260904,300.9,302.0,275.3,281.2,383064
UYFINCORP,20260904,20.02,20.7,19.62,19.73,122444
V2RETAIL,20260904,219.94,219.94,211.31,216.5,1628077
VADILALIND,20260904,7581.5,7690.0,7522.0,7655.0,7172
VADILENT,20260904,10489.0,10489.0,9600.0,10045.0,35
VAIBHAVGBL,20260904,215.3,224.49,215.3,218.74,304029
VAISHALI,20260904,8.44,8.54,8.16,8.32,68892
VAKRANGEE,20260904,5.8,5.89,5.7,5.79,1296846
VAL30IETF,20260904,15.24,15.24,15.11,15.19,111743
VALIANTLAB,20260904,105.97,105.97,105.0,105.97,71202
VALIANTORG,20260904,321.6,330.0,317.0,320.25,45087
VALUE,20260904,16.12,16.17,16.07,16.15,15902
VALUEAXIS,20260904,32.6,32.9,32.55,32.88,20010
VAML,20260904,437.4,439.9,429.4,437.75,6641767
VARDHACRLC,20260904,43.48,44.3,43.0,43.59,13445
VARDMNPOLY,20260904,6.1,6.1,5.85,5.87,118267
VARROC,20260904,842.0,843.4,808.05,826.35,282257
VASCONEQ,20260904,30.13,30.85,29.82,30.47,205749
VASUPRADA,20260904,107.1,107.1,107.1,107.1,1
VASWANI,20260904,48.8,48.8,46.26,47.01,17934
VBL,20260904,407.55,412.65,406.1,407.6,4144842
VCL,20260904,1.58,1.58,1.58,1.58,461927
VEDAVAAG,20260904,18.3,18.44,18.05,18.17,17174
VEDL,20260904,272.0,274.5,268.85,272.1,5992724
VEDPOWER,20260904,34.37,34.59,34.13,34.2,12242508
VEEDOL,20260904,1464.9,1486.0,1464.9,1476.8,4888
VELJAN,20260904,1848.0,1890.0,1802.1,1878.9,1181
VENKEYS,20260904,1677.1,1683.9,1655.2,1659.6,25085
VENTIVE,20260904,594.45,594.45,581.95,588.2,16151
VENUSPIPES,20260904,1607.6,1645.0,1596.0,1631.0,91566
VENUSREM,20260904,1705.0,1778.8,1666.0,1694.4,30621
VERANDA,20260904,244.3,244.44,239.01,242.63,139217
VERTOZ,20260904,38.13,39.22,37.0,37.66,51344
VESUVIUS,20260904,420.0,423.6,418.35,419.15,40711
VETO,20260904,127.97,129.25,123.1,125.5,31452
VGCL,20260904,54.59,54.84,51.07,52.62,7319
VGL,20260904,57.0,58.95,51.35,53.31,123080
VGUARD,20260904,339.5,339.5,329.05,335.4,751013
VHL,20260904,3590.0,3696.0,3590.0,3626.4,779
VHLTD,20260904,116.39,118.44,116.39,118.21,25936
VHLTD-RE1,20260904,0.49,0.49,0.49,0.49,93359
VIDHIING,20260904,345.0,350.5,342.2,347.75,10251
VIDYAWIRES,20260904,89.99,90.51,88.53,90.13,838636
VIJAYA,20260904,1511.0,1521.6,1490.0,1493.2,45618
VIJIFIN,20260904,16.58,16.58,16.58,16.58,20326
VIJSOLX,20260904,678.0,693.7,678.0,687.7,222
VIKASECO,20260904,1.08,1.09,1.07,1.07,1815757
VIKASLIFE,20260904,1.3,1.31,1.28,1.29,1315249
VIKRAMSOLR,20260904,173.0,175.6,167.85,168.45,3550735
VIKRAN,20260904,57.68,61.5,57.67,60.77,1930821
VIMTALABS,20260904,655.45,657.0,631.05,635.65,219490
VINATIORGA,20260904,1328.0,1336.0,1309.0,1310.7,57413
VINCOFE,20260904,176.8,177.66,168.18,170.65,2286890
VINDHYATEL,20260904,2748.0,2814.0,2710.0,2732.7,82288
VINEETLAB,20260904,37.7,38.29,36.82,37.37,38381
VINNY,20260904,1.04,1.04,1.0,1.02,236444
VINYLINDIA,20260904,227.94,234.0,224.0,232.38,10241
VIPCLOTHNG,20260904,20.5,20.7,19.92,20.15,82615
VIPIND,20260904,309.8,317.75,308.95,314.05,440277
VIPULLTD,20260904,13.98,13.98,13.98,13.98,2455
VIRAT,20260904,430.0,436.4,414.3,423.35,5617
VIRINCHI,20260904,14.85,15.08,14.38,14.7,115200
VIRTUALG,20260904,0.49,0.49,0.47,0.47,279547
VISACHROME,20260904,40.49,40.49,37.8,38.34,33107
VISAKAIND,20260904,90.5,96.0,90.18,93.37,440201
VISHAL,20260904,18.92,19.1,18.22,18.67,55662
VISHNU,20260904,694.1,723.2,681.0,702.0,623372
VISHWARAJ,20260904,6.0,6.03,5.86,5.9,290468
VISL,20260904,36.25,36.44,34.76,35.39,28223582
VITAL,20260904,54.0,56.0,53.55,55.72,15658
VIVIANA,20260904,761.0,804.7,751.25,804.7,24977
VIVIDHA,20260904,0.52,0.54,0.5,0.52,80310
VIVIMEDLAB,20260904,6.41,6.67,6.41,6.58,211247
VIVOBIOT,20260904,18.79,19.38,18.32,18.8,13081
VIYASH,20260904,260.8,268.3,260.75,265.85,3313584
VLEGOV,20260904,10.76,10.86,10.11,10.61,72389
VLSFINANCE,20260904,245.2,248.35,245.2,246.44,6476
VMART,20260904,841.0,847.0,813.3,824.2,68219
VMM,20260904,107.0,107.39,105.92,106.14,7783965
VMSTMT,20260904,46.0,46.0,45.02,45.46,19824
VOEPL,20260904,545.9,558.45,540.05,553.2,95767
VOGL,20260904,37.74,38.74,37.15,38.02,30917507
VOITHPAPR,20260904,1490.0,1504.4,1455.1,1458.6,643
VOLTAMP,20260904,11206.0,11550.0,11206.0,11418.0,50836
VOLTAS,20260904,1172.0,1189.7,1167.0,1170.0,460619
VPRPL,20260904,36.99,37.7,36.0,36.28,589692
VRAJ,20260904,122.26,125.71,120.24,121.71,12164
VRLLOG,20260904,297.3,298.95,294.8,297.7,133531
VSSL,20260904,365.1,369.2,353.3,364.15,140547
VSTIND,20260904,207.95,209.02,207.21,208.15,96626
VSTL,20260904,115.15,118.35,115.0,117.66,22471
VSTTILLERS,20260904,4196.1,4220.4,4151.8,4187.6,4042
VTL,20260904,592.0,604.1,586.7,598.2,284973
VTMLTD,20260904,56.29,57.7,55.3,56.12,3172
WAAREEENER,20260904,2580.0,2650.0,2576.6,2635.0,547994
WAAREEINDO,20260904,277.95,277.95,268.05,272.0,75519
WAAREERTL,20260904,847.9,863.6,847.9,858.95,81592
WABAG,20260904,2017.0,2031.2,1996.0,2005.3,193647
WAKEFIT,20260904,151.5,156.18,149.94,151.55,1231198
WALCHANNAG,20260904,206.94,212.0,206.94,208.61,400336
WANBURY,20260904,243.95,249.3,243.0,246.2,51910
WARDINMOBI,20260904,5.85,5.89,5.7,5.86,288674
WATERBASE,20260904,48.73,48.99,47.11,48.63,22127
WCIL,20260904,84.4,84.76,83.06,83.38,25920
WEALTH,20260904,850.0,850.0,831.15,841.7,1333
WEBELSOLAR,20260904,77.6,79.8,73.55,74.53,2610445
WEIZMANIND,20260904,76.78,76.78,72.2,74.5,1005
WEL,20260904,79.25,79.25,75.41,76.03,1935872
WELCORP,20260904,2649.2,2662.0,2566.0,2590.6,1247810
WELENT,20260904,761.8,825.0,757.4,813.6,2915318
WELINV,20260904,2187.9,2230.7,2187.9,2230.7,89
WELSPLSOL,20260904,56.95,59.95,56.01,59.55,4319775
WELSPUNLIV,20260904,201.0,209.93,199.9,208.51,7470859
WENDT,20260904,8359.0,8360.0,8124.0,8160.0,4236
WESTLIFE,20260904,540.55,542.0,528.1,530.6,34235
WEWIN,20260904,42.0,45.25,40.83,41.91,2680
WEWORK,20260904,662.0,681.65,659.25,666.95,335811
WHBRADY,20260904,500.3,500.3,480.0,482.2,248
WHEELS,20260904,1660.0,1778.7,1645.2,1724.9,336451
WHIRLPOOL,20260904,805.95,820.65,802.4,815.95,193831
WILLAMAGOR,20260904,26.5,26.5,24.0,25.4,4157
WINDLAS,20260904,1129.9,1152.4,1115.0,1126.35,190854
WINDMACHIN,20260904,312.0,312.75,302.0,304.25,39051
WIPL,20260904,169.94,169.94,167.99,167.99,16
WIPRO,20260904,176.74,178.75,176.4,176.4,6882678
WOCKPHARMA,20260904,1980.0,2108.5,1976.1,2088.7,3557646
WONDERLA,20260904,525.0,536.7,520.0,533.9,74859
WORTHPERI,20260904,157.0,157.0,152.7,154.99,4169
WPIL,20260904,446.8,452.6,440.0,443.9,12409
WSI,20260904,59.65,61.46,58.77,60.37,64372
WSTCSTPAPR,20260904,655.35,662.65,643.1,650.25,276595
XCHANGING,20260904,60.4,61.55,60.25,61.4,61684
XELPMOC,20260904,79.41,81.7,78.51,80.14,24153
XPROINDIA,20260904,1279.0,1337.4,1279.0,1325.1,154351
XTGLOBAL,20260904,32.39,33.04,30.35,31.69,190376
XTRANET,20260904,197.2,234.24,193.11,234.24,5584599
YASHO,20260904,4080.0,4184.6,3966.1,4134.1,38997
YATHARTH,20260904,971.5,994.7,963.1,991.1,314144
YATRA,20260904,113.2,116.25,112.65,113.49,1067659
YESBANK,20260904,22.47,22.62,22.44,22.5,31739702
YOGI,20260904,167.0,167.0,163.45,163.45,90
YUKEN,20260904,1010.05,1024.95,999.0,1010.8,9116
ZAGGLE,20260904,183.5,186.98,180.1,180.77,912980
ZEEL,20260904,92.0,92.95,90.5,91.61,13036739
ZEELEARN,20260904,7.2,7.36,6.92,7.09,452784
ZEEMEDIA,20260904,8.31,8.34,8.1,8.22,1442303
ZENITHSTL,20260904,5.39,6.43,5.25,5.9,845763
ZENSARTECH,20260904,468.5,475.95,460.5,461.55,499424
ZENTEC,20260904,1810.8,1838.2,1795.2,1801.4,169326
ZFCVINDIA,20260904,2532.0,2575.0,2514.0,2551.9,30385
ZFSTEERING,20260904,673.0,677.9,661.0,667.5,7552
ZIMLAB,20260904,128.66,129.0,125.25,125.5,54799
ZODIAC,20260904,242.99,246.0,237.0,240.17,11622
ZODIACLOTH,20260904,72.4,73.12,71.43,72.23,9323
ZOTA,20260904,1100.0,1159.3,1100.0,1132.4,91901
ZSARACOM,20260904,10096.0,11600.0,9808.0,11302.0,221
ZUARI,20260904,225.0,226.99,224.42,225.56,66309
ZUARIIND,20260904,273.9,279.35,271.8,276.45,45048
ZYDUSLIFE,20260904,1146.0,1146.0,1120.0,1120.0,516768
ZYDUSWELL,20260904,536.95,546.6,527.15,531.7,209449
