SYMBOL,TIMESTAMP,OPEN,HIGH,LOW,CLOSE,VOLUME
20MICRONS,20260907,224.9,231.99,220.71,224.8,373719
21STCENMGM,20260907,38.4,38.85,37.47,38.28,8675
360ONE,20260907,1141.8,1143.5,1127.2,1136.9,407077
3BBLACKBIO,20260907,1486.0,1530.2,1470.2,1521.3,14265
3IINFOLTD,20260907,22.5,22.74,21.75,22.07,111578
3MINDIA,20260907,32700.0,32985.0,32480.0,32840.0,1326
3PLAND,20260907,32.39,32.39,31.67,32.15,1703
5PAISA,20260907,339.0,344.85,337.05,339.85,29942
63MOONS,20260907,882.55,882.65,860.05,872.7,249471
A2ZINFRA,20260907,15.61,16.05,15.4,15.76,96495
AAATECH,20260907,91.0,93.96,91.0,92.07,10152
AADHARHFC,20260907,483.5,485.0,471.0,478.95,270755
AAKASH,20260907,8.69,8.88,8.18,8.59,251561
AAREYDRUGS,20260907,94.1,98.5,94.1,97.31,218466
AARNAV,20260907,32.17,32.17,31.29,31.45,1446
AARON,20260907,129.0,129.0,125.0,125.54,4586
AARTECH,20260907,49.48,49.98,48.26,49.53,24982
AARTIDRUGS,20260907,433.25,434.7,419.25,423.0,94385
AARTIIND,20260907,493.25,495.75,487.35,490.7,518899
AARTIPHARM,20260907,861.0,894.7,856.35,862.65,745049
AARTISURF,20260907,548.5,549.9,530.0,546.8,8263
AARVI,20260907,140.5,145.49,140.3,143.36,10492
AASTHA,20260907,79.25,79.25,76.42,77.36,177179
AAVAS,20260907,1291.0,1311.4,1285.2,1306.2,82507
ABAN,20260907,14.99,15.1,14.7,14.84,20900
ABANSENT,20260907,27.5,28.99,27.0,28.39,4724
ABB,20260907,7410.0,7459.5,7327.0,7434.0,111152
ABBOTINDIA,20260907,26150.0,26195.0,25810.0,25940.0,5392
ABCAPITAL,20260907,404.0,404.75,399.5,403.25,2451987
ABCOTS,20260907,208.8,223.45,208.1,212.01,10187
ABDL,20260907,609.9,610.4,596.85,600.0,428345
ABFRL,20260907,52.95,55.11,51.99,53.21,10440736
ABGSEC,20260907,114.72,114.74,113.62,114.51,1748
ABINFRA,20260907,11.45,11.45,11.01,11.4,282685
ABLBL,20260907,86.9,87.4,84.99,85.55,543434
ABMKNO,20260907,186.0,189.99,185.0,189.64,2557
ABREL,20260907,1373.6,1384.0,1356.1,1377.8,65234
ABSL10BANK,20260907,170.8,170.8,165.0,165.62,1301
ABSLAMC,20260907,1062.3,1064.1,1035.0,1041.9,197790
ABSLBANETF,20260907,58.95,58.97,58.5,58.66,118426
ABSLLIQUID,20260907,975.0,1000.01,975.0,1000.0,1522
ABSLMSCIN,20260907,29.58,29.6,29.23,29.23,289
ABSLNN50ET,20260907,77.46,78.0,76.3,77.15,10606
ABSLPSE,20260907,10.2,10.25,10.09,10.11,88062
ACC,20260907,1287.0,1288.5,1265.5,1268.7,90302
ACCELYA,20260907,1131.0,1135.8,1120.0,1127.1,5455
ACCURACY,20260907,4.33,4.41,4.2,4.33,34746
ACE,20260907,1125.4,1131.0,1111.0,1113.2,109007
ACEINTEG,20260907,18.58,18.58,17.52,17.54,2039
ACGL,20260907,1799.0,1839.0,1780.0,1799.4,1000
ACI,20260907,504.4,513.6,496.0,509.35,619983
ACL,20260907,43.36,43.99,43.02,43.49,7960
ACMESOLAR,20260907,422.8,423.4,409.0,413.15,1367600
ACSTECH,20260907,52.4,54.42,51.4,54.42,308737
ACUTAAS,20260907,3168.5,3212.7,3160.0,3181.6,141224
ADANIENSOL,20260907,1412.7,1418.5,1387.8,1390.4,1342576
ADANIENT,20260907,2940.0,2964.4,2918.5,2950.0,981218
ADANIGREEN,20260907,1301.2,1309.8,1285.0,1288.0,685684
ADANIPORTS,20260907,1714.0,1716.4,1685.9,1694.3,1175225
ADANIPOWER,20260907,207.1,208.65,204.16,204.49,9839611
ADDIND,20260907,79.34,85.0,78.95,80.81,2067
ADFFOODS,20260907,263.15,269.0,259.0,266.15,120114
ADL,20260907,71.4,74.0,71.4,72.57,646
ADOR,20260907,1674.4,1681.9,1624.1,1644.1,37401
ADROITINFO,20260907,10.31,10.73,10.25,10.31,24445
ADSL,20260907,103.08,103.99,100.21,101.46,126207
ADVAIT,20260907,2151.3,2159.4,2070.2,2096.4,49298
ADVANCE,20260907,117.43,119.8,115.9,116.43,95430
ADVANIHOTR,20260907,49.45,49.98,49.0,49.12,19626
ADVENTHTL,20260907,134.5,135.65,132.0,133.19,123600
ADVENZYMES,20260907,293.2,298.5,292.2,297.85,151606
ADVIKCA,20260907,1.12,1.13,1.1,1.1,337126
AEGISLOG,20260907,1274.6,1278.7,1238.0,1253.7,378402
AEGISVOPAK,20260907,281.65,287.0,279.55,285.35,615354
AEPL,20260907,17.85,18.25,17.26,18.02,99702
AEQUS,20260907,242.42,242.72,233.0,233.86,2461232
AEROENTER,20260907,143.23,156.0,142.55,154.73,3260028
AEROFLEX,20260907,538.05,561.7,536.2,558.15,1428851
AERONEU,20260907,80.57,80.57,77.0,77.28,36220
AEROPLANE,20260907,198.39,202.3,195.0,198.03,994634
AETHER,20260907,1621.0,1635.0,1604.8,1619.5,122482
AFCONS,20260907,291.55,296.2,290.5,293.2,425086
AFFLE,20260907,1630.0,1654.5,1605.7,1623.2,423635
AFFORDABLE,20260907,156.1,162.0,155.71,160.03,23084
AFIL,20260907,9.25,9.39,9.06,9.14,552669
AFSL,20260907,202.07,207.8,201.25,202.78,3949
AGARIND,20260907,450.95,452.1,437.0,440.2,45037
AGARWALEYE,20260907,514.1,528.8,513.8,518.25,402398
AGI,20260907,732.5,744.2,730.0,732.65,98108
AGIIL,20260907,286.4,291.0,275.55,277.15,1078054
AGL,20260907,13.6,13.71,13.46,13.58,8294166
AGRITECH,20260907,103.45,103.45,99.0,100.07,921
AGROPHOS,20260907,25.77,26.4,24.0,24.82,35970
AGSTRA,20260907,1.99,1.99,1.9,1.94,281354
AHCL,20260907,15.74,15.85,15.41,15.48,2176718
AHLADA,20260907,37.29,37.29,35.74,36.8,20508
AHLEAST,20260907,139.9,139.9,135.22,135.82,1897
AHLUCONT,20260907,602.0,609.6,594.8,597.05,80503
AHLWEST,20260907,530.0,530.0,530.0,530.0,10
AIAENG,20260907,4231.2,4249.0,4180.0,4224.0,15736
AIIL,20260907,517.75,519.5,509.0,514.95,136349
AIRAN,20260907,15.44,16.6,15.2,16.44,430162
AIROLAM,20260907,90.0,90.0,86.04,86.22,1008
AJANTPHARM,20260907,3445.0,3539.0,3438.0,3513.6,72590
AJAXENGG,20260907,582.45,607.0,579.15,596.2,123620
AJMERA,20260907,117.6,118.6,116.03,117.54,184338
AJOONI,20260907,3.71,3.8,3.47,3.49,1511024
AKASH,20260907,26.0,26.0,25.2,25.69,2451
AKCAPIT,20260907,1769.0,1775.0,1684.9,1733.5,1137
AKG,20260907,9.26,9.63,9.26,9.38,18592
AKI,20260907,7.94,7.94,7.94,7.94,701339
AKSHAR,20260907,0.42,0.44,0.42,0.42,1198508
AKSHARCHEM,20260907,440.0,467.05,440.0,463.9,54450
AKSHOPTFBR,20260907,7.8,7.8,7.7,7.8,722743
AKUMS,20260907,765.75,772.9,751.5,754.65,120744
ALANKIT,20260907,8.2,8.24,8.05,8.16,120164
ALBERTDAVD,20260907,866.1,880.0,851.1,863.0,4087
ALEMBICLTD,20260907,112.3,114.34,107.53,108.05,1721715
ALFREDHE,20260907,2960.0,3020.0,2800.0,2945.0,126
ALGOQUANT,20260907,64.5,66.0,63.5,63.89,1553966
ALICON,20260907,684.2,691.5,670.5,681.75,8931
ALIVUS,20260907,1377.2,1419.7,1361.0,1388.9,128673
ALKALI,20260907,69.99,78.66,68.0,78.66,72483
ALKEM,20260907,5219.0,5242.5,5104.5,5242.5,139659
ALKYLAMINE,20260907,2012.0,2090.3,1950.0,1986.3,126528
ALLCARGO,20260907,12.44,12.78,12.25,12.67,15107126
ALLDIGI,20260907,809.0,817.4,802.55,810.3,8789
ALLTIME,20260907,206.49,216.25,206.49,214.65,264900
ALMONDZ,20260907,17.97,19.8,17.9,19.2,773910
ALOKINDS,20260907,7.83,7.88,7.46,7.6,27360409
ALPA,20260907,63.99,63.99,61.5,62.17,3393
ALPHA,20260907,54.3,54.3,53.88,53.97,574919
ALPHAETF,20260907,25.91,26.69,25.91,26.57,184284
ALPHAGEO,20260907,325.0,332.0,318.2,324.55,18720
ALPINETEX,20260907,57.88,64.9,53.82,63.17,1259777
ALPL30IETF,20260907,27.59,27.64,27.44,27.49,408997
ALUFLUOR,20260907,500.05,505.5,496.15,499.15,6241
AMAGI,20260907,567.95,578.15,551.6,575.15,399014
AMAL,20260907,741.05,764.9,741.05,758.85,4759
AMANTA,20260907,197.91,197.91,197.91,197.91,19409
AMARJOTHI,20260907,160.94,162.0,155.04,160.0,456
AMBALALSA,20260907,42.52,44.75,42.52,42.98,23823
AMBER,20260907,7465.0,7473.5,7390.0,7439.0,122437
AMBICAAGAR,20260907,27.0,27.78,26.01,26.83,23205
AMBIKCO,20260907,1631.1,1648.7,1624.8,1642.8,7879
AMBUJACEM,20260907,403.0,405.35,398.6,398.6,879449
AMDIND,20260907,61.88,62.89,58.02,60.3,70502
AMJLAND,20260907,39.0,39.43,38.34,39.08,9260
AMNPLST,20260907,172.8,173.84,166.35,168.22,4663
AMRUTANJAN,20260907,505.4,505.45,495.6,500.3,63397
ANANDRATHI,20260907,2217.0,2255.0,2210.8,2224.0,270161
ANANTRAJ,20260907,622.0,644.8,615.2,638.25,5173652
ANDHRAPAP,20260907,64.1,77.34,61.99,72.2,27336653
ANDHRSUGAR,20260907,100.3,101.89,98.82,99.4,443882
ANDREWYU,20260907,27.66,28.3,27.11,27.35,65412
ANGELONE,20260907,300.9,307.0,298.05,303.8,7522794
ANIKINDS,20260907,45.0,46.95,43.0,44.77,15794
ANKITMETAL,20260907,1.73,1.73,1.67,1.67,3534
ANMOL,20260907,10.0,11.49,10.0,10.09,167944
ANNAPURNA,20260907,143.0,145.0,137.0,143.8,101805
ANNU,20260907,64.82,64.82,64.82,64.82,124866
ANSALAPI,20260907,3.37,3.37,3.34,3.35,20632
ANSALBU,20260907,84.9,84.9,76.34,79.24,1438
ANTELOPUS,20260907,960.0,1024.0,930.0,985.3,2854173
ANTGRAPHIC,20260907,0.73,0.75,0.71,0.73,207125
ANTHEM,20260907,940.05,958.85,931.1,933.5,667717
ANUHPHR,20260907,82.7,91.8,82.0,90.29,1069062
ANUP,20260907,1784.0,1791.2,1766.0,1770.6,11158
ANURAS,20260907,1258.8,1266.3,1227.1,1233.6,286021
AONEGOLD,20260907,14.22,14.22,14.08,14.19,404500
AONELIQUID,20260907,1075.81,1075.81,1075.79,1075.79,7111
AONENIFTY,20260907,9.98,9.98,9.81,9.83,156717
AONESILVER,20260907,8.89,8.9,8.73,8.79,389029
AONETMMQ50,20260907,10.35,10.4,10.27,10.31,32677
AONETOTAL,20260907,11.98,11.98,11.84,11.84,196397
APARINDS,20260907,17501.0,17793.0,17307.0,17728.0,73366
APCL,20260907,103.3,103.3,99.03,99.93,7097
APCOTEXIND,20260907,639.9,640.0,625.0,631.6,96163
APEX,20260907,374.95,377.05,364.8,368.2,115008
APLAPOLLO,20260907,2250.0,2255.0,2198.8,2215.0,709214
APLLTD,20260907,808.0,828.1,797.4,799.55,171275
APOLLO,20260907,391.0,407.4,390.3,403.95,11691954
APOLLOHOSP,20260907,8682.0,8840.5,8650.0,8760.0,303793
APOLLOPIPE,20260907,609.65,611.3,597.0,601.0,115502
APOLLOTYRE,20260907,428.0,430.0,419.0,420.8,438180
APOLSINHOT,20260907,1218.1,1220.0,1200.1,1204.9,979
APOORVA,20260907,25.25,25.25,25.25,25.25,29
APTECHT,20260907,90.98,90.98,89.0,89.47,60244
APTUS,20260907,258.0,258.85,252.35,256.89,1460350
AQYLON,20260907,22.79,23.58,22.65,23.54,522202
ARCHIDPLY,20260907,104.2,104.9,102.18,103.62,16124
ARCHIES,20260907,13.34,13.34,12.63,12.88,8213
ARCL,20260907,228.8,236.25,224.05,233.87,1534
ARDEE,20260907,55.66,57.7,54.66,56.09,4068340
ARE&M,20260907,864.2,864.2,836.5,842.95,694840
ARENTERP,20260907,34.65,35.0,30.05,34.76,1895
ARFIN,20260907,88.7,98.86,87.72,95.27,4760846
ARIES,20260907,501.5,524.75,484.2,485.95,113668
ARIHANT,20260907,979.9,985.25,935.8,961.25,1341
ARIHANTCAP,20260907,80.5,80.5,78.22,78.36,162170
ARIHANTSUP,20260907,229.5,238.0,229.05,233.75,26550
ARIS,20260907,129.35,129.5,126.1,126.32,539906
ARKADE,20260907,125.77,125.77,123.85,124.82,121170
ARMANFIN,20260907,2068.0,2068.0,1998.0,2033.8,25672
AROGRANITE,20260907,24.95,25.05,23.95,24.29,25353
ARROWGREEN,20260907,814.1,829.0,785.5,805.1,19575
ARSHIYA,20260907,0.72,0.74,0.7,0.71,277427
ARSSBL,20260907,515.0,524.7,508.3,516.3,133960
ARTEMISMED,20260907,337.5,344.6,332.15,343.5,782569
ARTNIRMAN,20260907,40.63,40.63,39.11,40.21,1820
ARVEE,20260907,162.2,169.15,162.2,163.93,697
ARVIND,20260907,546.2,567.35,546.15,564.5,478679
ARVINDFASN,20260907,446.4,447.25,438.0,439.2,81565
ARVSMART,20260907,643.7,652.0,640.0,646.8,27106
ARYAMAN,20260907,620.2,630.0,610.2,630.0,34
ASAHIINDIA,20260907,960.0,960.4,949.0,954.65,106030
ASAHISONG,20260907,373.2,391.25,373.2,391.15,43329
ASAL,20260907,473.0,479.7,459.0,470.1,18318
ASALCBR,20260907,705.85,712.0,701.4,707.8,16434
ASHAPURMIN,20260907,551.0,554.5,536.6,538.15,296446
ASHIANA,20260907,360.6,361.55,346.85,349.75,71117
ASHIKAG,20260907,426.85,436.85,418.0,420.1,54529
ASHIMASYN,20260907,17.9,17.9,17.65,17.75,35393
ASHOKA,20260907,115.6,117.29,114.52,115.5,581090
ASHOKAMET,20260907,13.58,15.24,13.57,14.3,152039
ASHOKLEY,20260907,170.0,172.13,168.4,170.0,10426646
ASIANENE,20260907,521.6,521.6,498.05,511.8,356718
ASIANHOTNR,20260907,388.0,388.9,379.85,382.65,22793
ASIANPAINT,20260907,2511.1,2523.5,2489.7,2500.9,240336
ASIANTILES,20260907,50.4,51.22,49.32,49.85,2616485
ASIANTNE,20260907,10.0,10.0,9.2,9.5,12163
ASKAUTOLTD,20260907,619.95,621.95,604.05,611.5,121536
ASMS,20260907,7.03,7.15,6.92,7.01,234125
ASPINWALL,20260907,260.5,264.0,254.2,260.65,2192
ASSAMENT,20260907,833.8,833.8,790.0,790.0,6
ASTAR,20260907,590.0,597.9,586.0,597.9,11
ASTEC,20260907,555.0,559.3,540.0,552.35,41084
ASTERDM,20260907,786.0,798.8,781.75,795.65,881643
ASTRAL,20260907,1482.7,1501.5,1482.2,1498.2,742651
ASTRAMICRO,20260907,1740.0,1771.6,1705.0,1711.6,471255
ASTRAZEN,20260907,6945.0,6994.0,6830.0,6851.0,5460
ASTRON,20260907,3.0,3.05,2.94,3.0,22636
ATALREAL,20260907,26.6,26.9,26.49,26.5,28399351
ATAM,20260907,53.0,55.67,53.0,54.27,17563
ATGL,20260907,613.05,617.0,601.9,603.7,415933
ATHERENERG,20260907,1575.0,1618.0,1561.1,1599.3,3789386
ATL,20260907,25.8,25.8,24.84,25.03,187311
ATLANTAA,20260907,39.42,39.96,37.12,37.66,73904
ATLANTAELE,20260907,1898.1,1958.0,1890.3,1938.1,141076
ATLASCYCLE,20260907,96.18,96.31,93.55,94.49,2973
ATUL,20260907,6351.5,6400.0,6302.5,6312.5,21154
ATULAUTO,20260907,462.0,465.45,458.1,459.1,58661
AUBANK,20260907,1065.0,1066.8,1046.9,1053.0,939647
AUGMONT,20260907,908.8,931.4,878.1,891.6,1669696
AURIONPRO,20260907,682.4,694.0,665.15,668.7,203606
AUROPHARMA,20260907,1646.0,1668.0,1646.0,1660.0,536717
AURUM,20260907,224.0,228.0,223.0,225.14,45681
AURUS,20260907,4.99,4.99,4.65,4.94,64024
AUSOMENT,20260907,162.8,163.45,155.15,156.21,7654
AUSTENG,20260907,125.95,131.0,125.0,125.0,5309
AUTOAXLES,20260907,1690.0,1707.7,1651.1,1666.6,7960
AUTOBEES,20260907,287.47,289.39,281.0,286.85,190612
AUTOIETF,20260907,29.11,29.11,28.51,28.81,633914
AUTOIND,20260907,86.89,86.89,83.0,84.73,302191
AVADHSUGAR,20260907,811.0,858.0,811.0,839.7,187551
AVALON,20260907,2262.0,2424.0,2250.1,2352.5,1652753
AVANCE,20260907,0.82,0.85,0.82,0.83,3867349
AVANTEL,20260907,154.98,157.7,153.65,156.74,676368
AVANTIFEED,20260907,798.6,804.25,782.25,786.55,183898
AVG,20260907,165.1,167.04,162.36,165.04,13412
AVL,20260907,600.0,604.85,593.15,599.25,168049
AVONMORE,20260907,13.07,14.22,13.07,14.1,647927
AVROIND,20260907,8.84,8.85,8.3,8.5,339333
AVTNPL,20260907,91.5,91.89,89.61,90.1,126113
AWFIS,20260907,262.0,264.0,254.15,255.2,304253
AWHCL,20260907,368.9,376.0,367.8,370.5,66405
AWL,20260907,187.29,189.09,185.21,188.27,1402294
AXISBANK,20260907,1271.0,1271.9,1261.6,1266.0,1592707
AXISCADES,20260907,1711.6,1785.0,1711.6,1778.0,192175
AXITA,20260907,8.05,8.09,8.0,8.0,574580
AXTEL,20260907,390.15,397.95,390.15,391.65,1357
AYE,20260907,185.0,192.0,182.96,184.06,1370435
AYMSYNTEX,20260907,314.7,321.9,310.05,315.2,78696
AZAD,20260907,2777.3,2898.0,2773.3,2868.0,493178
AZADIND,20260907,91.98,91.98,89.0,89.88,66631
BAFNAPH,20260907,301.75,301.75,301.0,301.75,3079
BAGFILMS,20260907,4.62,5.06,4.51,4.81,596328
BAIDFIN,20260907,10.02,11.42,10.02,10.89,194252
BAJAJ-AUTO,20260907,11810.0,11860.0,11727.0,11800.0,106111
BAJAJCON,20260907,515.1,528.5,506.55,526.0,1131292
BAJAJELEC,20260907,335.0,345.0,331.15,342.1,243527
BAJAJFINSV,20260907,1968.0,1973.0,1938.6,1938.6,502611
BAJAJHCARE,20260907,323.95,333.0,320.1,328.8,184124
BAJAJHFL,20260907,82.91,84.98,82.5,84.04,3878435
BAJAJHIND,20260907,22.15,23.14,22.15,22.77,47854998
BAJAJHLDNG,20260907,11200.0,11200.0,10956.0,10956.0,40066
BAJAJINDEF,20260907,225.0,227.38,221.71,222.26,10012
BAJAJST,20260907,360.0,368.5,360.0,366.4,16911
BAJEL,20260907,182.5,187.92,182.41,187.45,535172
BAJFINANCE,20260907,1064.0,1070.0,1054.3,1060.0,3586860
BALAJEE,20260907,26.66,26.66,25.65,25.73,12936
BALAJITELE,20260907,96.0,96.01,90.1,91.81,181918
BALAMINES,20260907,2575.0,2629.8,2478.8,2566.8,490283
BALAXI,20260907,26.0,26.0,23.5,24.24,69369
BALKRISHNA,20260907,17.5,17.5,16.81,16.9,28940
BALKRISIND,20260907,2273.0,2295.0,2242.6,2287.1,364047
BALMLAWRIE,20260907,178.55,179.1,176.92,177.98,165626
BALPHARMA,20260907,87.73,95.0,86.0,92.69,156982
BALRAMCHIN,20260907,695.0,722.0,695.0,711.55,5509645
BALUFORGE,20260907,576.0,581.35,540.9,557.6,2264071
BANARBEADS,20260907,115.0,115.0,109.59,111.13,2938
BANARISUG,20260907,3825.2,3924.3,3785.1,3832.3,2346
BANCOINDIA,20260907,623.1,631.0,620.1,626.95,82486
BANDHANBNK,20260907,164.95,166.42,161.67,164.7,5204215
BANG,20260907,35.4,35.4,34.0,34.61,18690
BANK10ADD,20260907,16.93,17.14,16.8,16.91,1853887
BANK10BETF,20260907,21.0,21.0,20.61,20.76,1418
BANKA,20260907,80.99,82.01,78.3,82.0,9023
BANKADD,20260907,58.67,58.82,58.41,58.71,82169
BANKBARODA,20260907,240.0,240.9,235.2,237.0,6824391
BANKBEES,20260907,598.0,598.0,590.4,591.58,929935
BANKBETA,20260907,59.48,59.52,58.94,59.04,233415
BANKBETF,20260907,58.79,58.79,58.0,58.19,41761
BANKETF,20260907,585.18,585.18,581.09,581.69,37630
BANKIETF,20260907,57.66,60.08,57.66,58.68,543968
BANKINDIA,20260907,145.0,145.5,141.44,142.02,3604727
BANKNIFTY1,20260907,61.2,61.2,59.25,59.32,246660
BANKPSU,20260907,86.14,86.14,84.75,84.91,60427
BANSALWIRE,20260907,315.0,321.65,315.0,317.4,51358
BANSWRAS,20260907,117.05,117.05,114.52,115.32,29695
BASF,20260907,3875.0,3879.8,3780.0,3788.0,20383
BASML,20260907,25.01,25.4,24.5,24.83,53236
BATAINDIA,20260907,672.75,675.0,667.5,669.45,68230
BATLIBOI,20260907,92.28,92.28,88.0,88.83,71900
BAYERCROP,20260907,4009.8,4010.8,3966.0,3987.4,7323
BBETF0432,20260907,1352.99,1352.99,1341.7,1346.06,7586
BBL,20260907,2265.6,2300.0,2233.1,2239.1,26757
BBNPNBETF,20260907,58.0,59.25,57.4,57.78,2199
BBNPPGOLD,20260907,148.5,148.55,145.0,146.6,7224
BBOX,20260907,721.85,780.5,711.0,774.25,1254584
BBTC,20260907,1517.6,1524.5,1468.1,1471.9,58433
BBTCL,20260907,232.52,235.25,230.3,231.6,3577
BCG,20260907,9.05,9.79,9.05,9.62,18043444
BCLIND,20260907,36.78,36.99,36.22,36.48,419893
BCONCEPTS,20260907,170.8,176.0,167.37,173.98,8363
BCPL,20260907,69.5,69.95,67.55,68.39,8075
BDL,20260907,1258.0,1267.0,1240.0,1241.7,807688
BEARDSELL,20260907,26.25,26.25,24.8,24.99,12167
BECTORFOOD,20260907,225.1,234.99,223.38,230.65,1048506
BEDMUTHA,20260907,115.79,115.79,107.4,107.76,1518
BEEKAY,20260907,405.1,430.0,405.1,428.3,2437
BEL,20260907,406.35,409.25,404.0,404.0,5965784
BELLACASA,20260907,240.01,248.8,240.01,240.87,7879
BELRISE,20260907,235.0,238.4,229.25,230.29,3431813
BEML,20260907,2067.0,2125.0,2060.7,2097.2,487014
BENARAS,20260907,10248.0,10399.0,10052.0,10134.0,39
BENGALASM,20260907,6277.0,6490.0,6226.0,6302.0,438
BEPL,20260907,126.91,128.57,125.01,126.84,1042410
BERGEPAINT,20260907,485.4,488.95,480.55,484.5,305409
BESTAGRO,20260907,19.46,20.22,19.32,20.07,1602936
BETA,20260907,2204.0,2204.0,2087.9,2123.9,42831
BFINVEST,20260907,472.0,472.0,455.55,458.95,14548
BFSI,20260907,27.17,27.17,26.95,26.97,109906
BFUTILITIE,20260907,542.4,542.45,525.3,529.4,68085
BGLOBAL,20260907,3.31,3.31,3.06,3.2,23752
BGRENERGY,20260907,247.4,258.55,238.0,258.49,78117
BHAGCHEM,20260907,264.6,267.2,259.4,260.75,62090
BHAGERIA,20260907,319.85,319.85,319.85,319.85,141581
BHAGYANGR,20260907,370.8,378.0,363.55,373.4,88451
BHANDARI,20260907,3.08,3.08,2.95,2.98,145915
BHARATCOAL,20260907,33.73,34.4,33.65,33.75,4266149
BHARATFORG,20260907,1953.0,1955.9,1927.3,1955.0,1414192
BHARATGEAR,20260907,103.5,103.5,102.5,102.79,16153
BHARATRAS,20260907,1173.9,1186.9,1148.1,1161.0,19157
BHARATSE,20260907,211.99,232.0,209.0,227.65,737108
BHARATWIRE,20260907,180.42,182.16,178.01,180.0,99252
BHARTIARTL,20260907,1845.0,1855.5,1830.4,1854.0,5972458
BHARTIHEXA,20260907,1502.8,1534.6,1498.0,1528.7,83814
BHEL,20260907,432.9,434.95,418.55,421.45,4092933
BI,20260907,100.64,100.64,100.6,100.64,207087
BIGBLOC,20260907,42.35,42.5,41.31,41.43,26885
BIKAJI,20260907,585.1,587.0,577.1,580.25,73330
BIL,20260907,930.0,955.0,907.05,931.15,20199
BILVYAPAR,20260907,4.06,4.24,3.92,4.07,6685
BIMETAL,20260907,635.0,635.0,575.8,620.1,567
BIOCON,20260907,396.5,397.35,388.65,391.4,2488189
BIOFILCHEM,20260907,31.36,32.7,31.36,32.04,6959
BIRLACABLE,20260907,395.0,395.0,357.75,357.75,780466
BIRLACORPN,20260907,892.0,892.0,859.8,868.15,86094
BIRLAMONEY,20260907,127.85,127.85,125.01,125.96,24407
BIRLANU,20260907,1459.8,1470.0,1433.2,1448.9,9598
BIRLAPREC,20260907,59.65,61.4,57.76,58.12,892405
BLACKBUCK,20260907,587.95,593.6,582.05,583.6,145511
BLACKROSE,20260907,114.97,114.97,111.5,111.86,30178
BLAL,20260907,161.02,163.45,158.61,158.98,25030
BLBLIMITED,20260907,16.9,17.05,16.35,16.87,83422
BLEL,20260907,456.3,483.0,456.0,478.3,2567920
BLIL,20260907,72.67,73.4,72.55,72.79,106611
BLISSGVS,20260907,670.0,704.55,660.5,691.35,581762
BLKASHYAP,20260907,59.69,59.74,55.9,56.85,615051
BLS,20260907,239.0,244.07,238.2,239.17,877913
BLSE,20260907,318.9,330.75,317.3,319.45,384135
BLUECHIP,20260907,2.1,2.1,2.1,2.1,3773
BLUECLOUDS,20260907,19.92,20.16,19.62,19.69,826444
BLUECOAST,20260907,23.49,23.99,22.32,22.44,760
BLUEDART,20260907,4991.7,4996.6,4953.0,4988.8,4441
BLUEJET,20260907,570.8,572.9,561.0,569.05,454178
BLUESTARCO,20260907,1477.3,1503.3,1476.4,1496.0,503988
BLUESTONE,20260907,845.0,883.3,843.05,870.0,1213108
BLUSPRING,20260907,138.86,138.96,135.05,137.19,216374
BMWVENTLTD,20260907,54.7,55.7,54.7,55.21,61090
BNAGROCHEM,20260907,224.0,224.0,208.0,213.46,3763
BNALTD,20260907,360.0,377.0,360.0,376.0,90
BNKETFAXIS,20260907,591.03,591.59,587.81,588.11,501141
BODALCHEM,20260907,168.0,171.18,162.8,171.18,4910182
BOHRAIND,20260907,12.7,12.9,12.5,12.51,17811
BOMDYEING,20260907,113.05,113.66,112.0,112.21,233902
BONLON,20260907,43.0,43.0,40.05,40.08,5106
BORANA,20260907,304.65,339.0,304.65,325.25,103211
BOROLTD,20260907,259.02,262.0,252.5,254.24,123730
BORORENEW,20260907,501.9,517.95,500.95,513.65,675793
BOROSCI,20260907,130.59,133.32,129.21,130.65,30777
BOSCH-HCIL,20260907,1825.0,1891.3,1802.3,1849.1,64899
BOSCHLTD,20260907,46750.0,48550.0,46535.0,48025.0,54963
BPCL,20260907,314.9,316.7,311.2,312.9,2363459
BPL,20260907,49.38,49.87,48.1,48.77,35621
BPLPHARMA,20260907,1539.0,1575.0,1500.0,1548.7,1034
BRAHMINFRA,20260907,162.98,163.82,156.0,158.66,14611
BRIGADE,20260907,700.0,704.85,672.9,679.05,867916
BRIGHOTEL,20260907,59.9,59.9,57.11,57.34,333568
BRIGHTBR,20260907,255.0,263.95,247.5,259.1,3231
BRITANNIA,20260907,5126.0,5126.0,5005.5,5042.5,307760
BRNL,20260907,17.04,17.28,17.03,17.09,11606
BROOKS,20260907,66.7,70.8,66.6,67.7,25779
BSE,20260907,3430.0,3474.5,3420.0,3446.2,3952983
BSE500IETF,20260907,40.12,40.12,39.07,39.26,213523
BSHSL,20260907,91.48,93.9,90.0,92.51,16733
BSL,20260907,123.85,124.75,120.3,122.63,12827
BSLGOLDETF,20260907,134.3,134.3,132.81,133.82,187146
BSLNIFTY,20260907,28.84,28.84,27.8,27.93,4403601
BSLSENETFG,20260907,76.73,79.0,76.43,78.72,2432
BSOFT,20260907,289.35,289.4,281.15,282.45,1074663
BTML,20260907,8.59,8.59,8.34,8.49,612293
BTTL,20260907,42.56,42.56,41.06,41.36,1309
BUILDPRO,20260907,1300.0,1320.0,1255.0,1271.4,119206
BURNPUR,20260907,22.63,22.63,20.49,20.49,378050
BUTTERFLY,20260907,624.8,624.85,613.0,614.9,8621
BVCL,20260907,43.2,43.2,41.62,42.3,38507
BYKE,20260907,32.8,32.8,32.0,32.0,99890
CALSOFT,20260907,38.94,38.94,38.94,38.94,70769
CAMLINFINE,20260907,103.9,103.9,101.1,101.68,283654
CAMPUS,20260907,222.91,222.91,217.2,218.77,487844
CAMS,20260907,748.0,748.8,736.5,736.5,452436
CANBK,20260907,125.8,126.35,124.0,124.0,9628580
CANFINHOME,20260907,805.8,814.4,795.0,805.45,378816
CANHLIFE,20260907,158.5,158.5,152.95,153.97,1602353
CANTABIL,20260907,242.8,243.6,238.01,238.83,78096
CAPACITE,20260907,216.5,217.1,204.8,205.8,627204
CAPILLARY,20260907,490.05,490.05,472.0,473.8,97805
CAPITALSFB,20260907,285.0,286.5,273.85,277.9,38251
CAPLIPOINT,20260907,2797.1,2836.0,2778.0,2814.0,111399
CAPTRUST,20260907,20.04,20.21,19.62,19.89,19020
CARBORUNIV,20260907,1139.4,1151.0,1095.0,1104.0,237087
CARERATING,20260907,1738.1,1809.0,1715.7,1729.3,92927
CARRARO,20260907,532.0,544.9,526.0,540.45,167274
CARTRADE,20260907,3004.0,3250.0,3004.0,3179.9,1233314
CARYSIL,20260907,1136.1,1165.0,1105.1,1152.6,198641
CASHIETF,20260907,1078.38,1078.49,1077.33,1078.48,3401939
CASTROLIND,20260907,191.8,191.8,188.17,189.01,1639217
CCAVENUE,20260907,15.76,16.27,15.42,15.94,16874449
CCCL,20260907,14.6,14.62,13.91,14.14,124145
CCHHL,20260907,12.7,12.98,12.61,12.65,21353
CCL,20260907,1103.8,1109.9,1085.0,1097.4,151259
CDSL,20260907,1392.1,1438.0,1383.8,1414.9,2731594
CEATLTD,20260907,3368.0,3368.0,3287.0,3336.1,55616
CEIGALL,20260907,356.6,373.2,355.15,370.3,814931
CEINSYS,20260907,680.9,724.0,680.9,708.75,149385
CELEBRITY,20260907,6.8,6.8,6.66,6.72,10083
CELLO,20260907,343.05,344.95,337.35,338.95,158668
CEMNTGROWW,20260907,14.8,14.81,14.46,14.54,115933
CEMPRO,20260907,1297.4,1355.0,1284.6,1316.9,401585
CENTENKA,20260907,618.3,624.95,602.0,607.05,131351
CENTEXT,20260907,20.36,21.0,20.31,20.92,166389
CENTRALBK,20260907,31.03,31.15,30.8,30.96,3821575
CENTRUM,20260907,22.58,23.09,22.23,22.47,215222
CENTUM,20260907,3778.2,4420.0,3778.2,4376.9,827315
CENTURYPLY,20260907,750.25,760.0,736.1,739.3,37954
CERA,20260907,5787.5,5799.0,5712.0,5743.5,2630
CEREBRAINT,20260907,2.69,2.82,2.69,2.79,212461
CESC,20260907,146.5,150.0,145.0,145.44,1756003
CEWATER,20260907,263.85,269.0,260.0,265.25,38769
CFEL,20260907,31.85,32.75,31.85,32.48,13840
CGCL,20260907,282.7,287.45,273.1,275.7,6271786
CGPOWER,20260907,902.0,912.05,894.25,895.0,3937949
CGVAK,20260907,148.2,152.0,144.0,147.27,1517
CHALET,20260907,900.0,913.45,893.1,908.75,144926
CHAMBLFERT,20260907,420.0,421.95,416.45,418.05,364232
CHEMBOND,20260907,174.7,192.0,168.51,184.4,33357
CHEMBONDCH,20260907,259.95,267.15,253.0,267.15,9181
CHEMCON,20260907,200.0,201.9,196.0,199.56,24267
CHEMCRUX,20260907,79.66,83.3,79.66,82.25,3553
CHEMFAB,20260907,360.1,365.9,350.0,356.05,2768
CHEMICAL,20260907,29.9,30.5,29.9,30.05,985997
CHEMPLASTS,20260907,170.0,196.95,169.82,185.53,17821135
CHENNPETRO,20260907,1455.0,1461.4,1417.0,1430.2,567726
CHEVIOT,20260907,1189.9,1244.1,1177.0,1217.1,14214
CHOICEGOLD,20260907,150.0,152.0,149.51,150.14,4860
CHOICEIN,20260907,762.0,768.95,751.85,755.65,290500
CHOLAFIN,20260907,1838.6,1848.2,1798.3,1848.2,876074
CHOLAHLDNG,20260907,1523.0,1533.1,1495.3,1520.7,60819
CIEINDIA,20260907,390.0,390.0,382.3,383.55,224191
CIFL,20260907,20.49,20.75,19.56,19.89,1286514
CINELINE,20260907,98.4,104.4,95.23,98.71,332503
CINEVISTA,20260907,14.52,14.99,14.17,14.25,8091
CIPLA,20260907,1380.0,1395.7,1376.8,1395.0,606497
CLCIND,20260907,45.11,48.99,45.11,48.93,1882
CLEAN,20260907,831.95,858.7,829.6,844.4,386433
CLEANMAX,20260907,1344.0,1418.9,1340.3,1380.4,347544
CLEDUCATE,20260907,58.05,60.98,56.7,60.97,25262
CLSEL,20260907,301.9,306.3,298.6,299.65,69317
CMICABLES,20260907,2.41,2.53,2.41,2.51,19333
CMLL,20260907,504.05,506.9,483.6,490.25,495341
CMPDI,20260907,244.0,247.0,236.6,240.12,2756152
CMRGREEN,20260907,229.0,230.38,220.0,221.03,755435
CMSINFO,20260907,243.46,244.98,238.11,239.02,454986
CNL,20260907,1221.5,1244.9,1200.0,1209.5,20230
COALINDIA,20260907,416.6,420.3,413.3,418.85,13592701
COASTCORP,20260907,41.88,41.88,40.11,40.44,47462
COCHINSHIP,20260907,1498.2,1520.4,1490.1,1506.4,615515
COCKERILL,20260907,8193.0,8244.5,7908.0,8065.5,7820
COFFEEDAY,20260907,33.1,34.26,31.0,31.13,2063142
COFORGE,20260907,1958.0,1958.6,1920.4,1935.0,1187703
COHANCE,20260907,450.0,458.2,443.5,449.55,845966
COLPAL,20260907,1836.0,1838.9,1807.3,1813.5,289793
COMFINTE,20260907,6.22,6.3,6.0,6.11,138631
COMMOIETF,20260907,100.6,100.83,98.98,99.07,39614
COMPEAU,20260907,371.5,371.5,350.0,353.0,250
COMPINFO,20260907,1.09,1.1,1.06,1.06,10515
COMPUSOFT,20260907,13.04,13.26,13.02,13.16,32153
COMSYN,20260907,303.0,304.0,291.8,294.2,242835
CONCOR,20260907,507.9,510.3,501.3,503.9,705152
CONCORDBIO,20260907,1417.1,1456.1,1417.0,1443.2,62119
CONFIPET,20260907,82.48,85.2,82.0,82.18,2942312
CONS,20260907,12.2,12.2,11.89,11.93,27163
CONSOFINVT,20260907,302.7,302.7,302.7,302.7,29631
CONSUMAXIS,20260907,119.57,121.72,118.76,119.07,741
CONSUMBEES,20260907,131.08,131.08,128.9,129.07,67100
CONSUMER,20260907,12.33,12.33,11.94,11.95,820562
CONSUMIETF,20260907,120.28,120.56,119.35,120.02,10197
CONTROLPR,20260907,596.3,608.0,589.55,600.2,13181
CORALFINAC,20260907,32.81,33.49,32.51,32.68,3658
CORDELIA,20260907,103.9,109.09,102.01,109.08,3042994
CORDSCABLE,20260907,324.0,324.0,302.0,313.35,194076
COROMANDEL,20260907,1937.1,1980.0,1925.1,1974.6,86472
CORONA,20260907,2100.0,2108.6,2056.7,2071.4,8419
COSMOFIRST,20260907,919.85,932.9,918.4,926.3,55031
COUNCODOS,20260907,6.44,6.64,6.4,6.51,20948
CPCAP,20260907,129.1,140.7,128.11,135.89,111085
CPEDU,20260907,194.0,198.0,190.0,195.31,12394
CPL,20260907,62.6,63.49,62.1,62.28,117100
CPPLUS,20260907,3705.0,3803.1,3705.0,3752.9,170197
CPSEETF,20260907,93.2,94.47,93.2,93.47,480522
CRAFTSMAN,20260907,11456.0,11456.0,11100.0,11297.0,27397
CRAMC,20260907,253.0,253.95,248.15,249.25,153117
CRAVATEX,20260907,335.0,335.0,320.2,322.05,207
CREATIVEYE,20260907,6.19,6.25,6.03,6.18,5934
CREDITACC,20260907,1448.0,1448.5,1420.0,1427.2,110842
CREST,20260907,357.35,375.0,351.75,370.65,5288
CRISIL,20260907,4800.0,4838.7,4769.0,4786.6,26082
CRIZAC,20260907,160.31,164.79,160.11,162.15,199395
CROMPTON,20260907,231.99,233.18,229.63,231.02,1668593
CROWN,20260907,114.7,117.8,114.0,115.39,18928
CRSL,20260907,2.76,2.84,2.61,2.63,570828
CSBBANK,20260907,328.4,328.4,318.75,321.15,390084
CSLFINANCE,20260907,254.9,258.0,237.68,243.61,136742
CSM,20260907,94.0,95.0,92.67,93.57,104718
CTE,20260907,42.66,43.49,40.67,41.85,9057
CUB,20260907,235.5,248.85,234.2,238.48,6586154
CUBEXTUB,20260907,77.98,77.98,76.01,76.25,36300
CUMMINSIND,20260907,5035.0,5072.0,4985.0,5030.0,201783
CUPID,20260907,283.7,285.8,280.05,280.95,5517341
CURAA,20260907,76.0,80.0,76.0,77.96,2646
CYBERMEDIA,20260907,26.82,28.99,26.4,26.57,438940
CYBERTECH,20260907,133.0,134.99,132.5,134.0,19142
CYIENT,20260907,1098.1,1117.6,1074.2,1105.4,362143
CYIENTDLM,20260907,856.0,873.9,851.95,865.35,271098
DABUR,20260907,380.9,381.8,373.8,375.5,2530210
DAICHI,20260907,363.2,380.0,352.0,370.6,3024
DALBHARAT,20260907,1750.0,1752.1,1701.2,1713.9,81213
DALMIASUG,20260907,441.0,463.0,441.0,447.8,292054
DAMCAPITAL,20260907,144.3,145.21,143.0,143.38,155993
DAMODARIND,20260907,28.45,29.3,28.01,29.3,2507
DANGEE,20260907,2.98,3.02,2.86,2.89,83815
DATAMATICS,20260907,762.2,769.0,752.1,756.3,38172
DATAPATTNS,20260907,4569.1,4644.0,4554.3,4590.8,304258
DAVANGERE,20260907,2.02,2.05,1.95,1.96,20523336
DBCORP,20260907,196.9,197.82,193.55,195.24,61431
DBEIL,20260907,6.61,7.71,6.61,7.5,3371577
DBL,20260907,398.0,403.0,390.0,391.85,124937
DBOL,20260907,126.0,129.4,125.03,127.52,207124
DBREALTY,20260907,103.25,103.25,100.12,100.88,833894
DBSTOCKBRO,20260907,28.4,28.96,28.4,28.61,1337
DCAL,20260907,175.0,175.0,170.72,171.53,139366
DCBBANK,20260907,220.9,222.99,218.05,221.31,877083
DCI,20260907,351.0,357.85,341.8,351.25,54966
DCM,20260907,77.61,78.7,75.5,76.15,29267
DCMFINSERV,20260907,5.2,5.35,5.04,5.33,3440
DCMNVL,20260907,186.99,188.0,182.35,183.01,14824
DCMSHRIRAM,20260907,1019.9,1025.4,1005.0,1011.2,56453
DCMSIL,20260907,68.57,69.79,67.0,67.42,65873
DCMSRIND,20260907,45.97,47.46,44.0,44.53,523876
DCW,20260907,45.86,48.99,45.67,47.99,5474375
DCXINDIA,20260907,168.64,175.7,168.5,173.67,1095598
DDEVPLSTIK,20260907,275.0,278.95,272.3,274.75,102212
DECCANCE,20260907,569.9,583.45,567.1,573.15,23294
DECNGOLD,20260907,213.98,217.8,212.1,215.77,636636
DEEDEV,20260907,667.0,690.0,652.5,677.05,299886
DEEP,20260907,34.6,35.7,34.6,35.57,14659
DEEPAKFERT,20260907,1362.0,1368.9,1337.2,1344.2,194988
DEEPAKNTR,20260907,1712.4,1728.3,1636.5,1642.1,424929
DEEPINDS,20260907,790.0,799.5,765.0,785.2,736057
DEFENCE,20260907,79.94,82.78,79.94,82.04,253197
DELHIVERY,20260907,456.0,458.75,450.4,453.8,583502
DELPHIFX,20260907,6.06,6.25,5.85,6.01,106241
DELTACORP,20260907,56.25,56.8,56.0,56.2,457673
DELTAMAGNT,20260907,59.45,59.45,56.7,58.38,1235
DEN,20260907,27.7,28.07,27.7,27.9,188251
DENORA,20260907,812.3,835.0,806.05,814.35,2607
DENTA,20260907,275.4,283.25,272.65,280.65,128930
DEVIT,20260907,24.12,25.0,24.05,24.27,60754
DEVX,20260907,33.29,33.29,31.5,33.0,44383
DEVYANI,20260907,138.93,140.57,137.11,138.8,1286011
DGCONTENT,20260907,23.55,25.5,23.55,24.55,4499
DHABRIYA,20260907,503.45,505.0,490.0,496.05,8513
DHAMPURSUG,20260907,170.79,176.89,170.5,171.28,893333
DHANBANK,20260907,31.92,31.99,30.97,31.36,691890
DHANUKA,20260907,1011.0,1030.0,1004.4,1023.7,28708
DHARAN,20260907,0.14,0.14,0.13,0.13,13389174
DHARMAJ,20260907,269.8,271.85,268.8,270.05,21811
DHATRE,20260907,4.35,5.17,4.21,4.57,122265
DHOOTTRANS,20260907,1580.0,1584.0,1526.1,1551.7,1799977
DHRUV,20260907,23.0,23.39,22.32,22.8,6742
DHUNINV,20260907,1017.9,1043.0,1017.35,1036.5,417
DIACABS,20260907,340.0,340.0,325.2,332.6,904317
DIAMINESQ,20260907,241.06,244.77,239.48,242.29,6892
DIAMONDYD,20260907,1162.2,1168.3,1130.0,1142.2,23661
DICIND,20260907,618.6,630.0,618.05,625.35,7985
DIFFNKG,20260907,475.0,479.0,444.0,454.4,545618
DIGIDRIVE,20260907,17.02,18.18,17.02,17.73,17456
DIGISPICE,20260907,17.17,17.17,16.75,16.97,36898
DIGITIDE,20260907,97.82,98.37,94.5,95.77,196958
DIGJAMLMTD,20260907,50.96,50.96,48.35,49.94,578
DISAQ,20260907,11950.0,12167.0,11621.0,11758.0,509
DISHTV,20260907,2.57,2.57,2.51,2.52,1384237
DIVGIITTS,20260907,1242.0,1285.2,1155.2,1175.9,213515
DIVIDEND,20260907,36.35,36.35,35.19,35.32,6234
DIVISLAB,20260907,9119.5,9315.0,9119.5,9315.0,502162
DIVOPPBEES,20260907,78.0,78.0,75.76,76.06,59703
DIXON,20260907,14227.0,14429.0,13937.0,14180.0,377556
DJML,20260907,75.64,76.99,73.51,75.07,102035
DLF,20260907,685.0,685.0,672.7,672.7,1252534
DLINKINDIA,20260907,452.0,452.0,442.55,445.7,50148
DMART,20260907,3757.0,3768.9,3682.3,3710.0,303872
DMCC,20260907,296.0,297.0,291.8,293.3,24500
DNAMEDIA,20260907,2.67,2.69,2.51,2.63,28920
DODLA,20260907,1066.8,1083.9,1056.6,1073.1,17288
DOLATALGO,20260907,71.0,71.0,69.5,69.96,121207
DOLLAR,20260907,262.15,265.0,261.0,262.05,78512
DOLPHIN,20260907,687.0,741.4,660.0,720.4,400551
DOMS,20260907,2203.0,2225.0,2195.0,2201.5,28632
DONEAR,20260907,93.9,94.49,88.3,89.13,78902
DPABHUSHAN,20260907,1419.0,1488.8,1406.2,1424.7,43118
DPSCLTD,20260907,7.29,7.29,7.12,7.18,64844
DPWIRES,20260907,154.62,156.49,154.2,155.98,5544
DRAGARWQ,20260907,5475.0,5494.5,5280.0,5323.5,2556
DRCSYSTEMS,20260907,13.78,14.18,13.2,13.25,84530
DREAMFOLKS,20260907,66.01,66.96,65.45,65.94,37302
DREDGECORP,20260907,1080.0,1096.0,1050.1,1054.2,147493
DRREDDY,20260907,1150.5,1163.2,1141.8,1144.2,420952
DSFCL,20260907,25.81,26.39,25.25,25.99,43735
DSKULKARNI,20260907,19.8,19.8,19.8,19.8,555
DSSL,20260907,1086.9,1096.9,1035.0,1040.4,51125
DTIL,20260907,151.0,151.0,144.0,146.08,16459
DUCON,20260907,1.9,1.97,1.76,1.79,2533778
DUCON-RE1,20260907,0.39,0.48,0.28,0.43,5898191
DVL,20260907,291.8,301.0,291.0,298.2,40018
DWARKESH,20260907,47.79,49.62,47.0,47.38,3965247
DYCL,20260907,487.9,494.8,452.7,461.05,1246633
DYNAMATECH,20260907,11654.0,11974.0,11483.0,11569.0,17282
DYNPRO,20260907,239.5,239.5,228.94,233.2,13546
E2E,20260907,610.0,631.6,610.0,630.2,1248683
EASEMYTRIP,20260907,6.0,6.05,5.95,6.01,7840157
EASTSILK,20260907,60.8,60.8,58.02,58.04,330
EASTWEST,20260907,2.33,2.4,2.31,2.36,35817
EBANK10,20260907,16.81,16.81,16.63,16.65,667
EBANKNIFTY,20260907,57.78,57.88,57.48,57.78,713
EBBETF0430,20260907,1601.0,1614.0,1601.0,1612.3,4405
EBBETF0431,20260907,1442.98,1442.98,1433.04,1435.08,3434
EBBETF0433,20260907,1311.12,1314.98,1306.02,1310.01,15394
EBGNG,20260907,603.05,624.75,601.55,619.1,413604
EBIX,20260907,20.48,20.8,19.3,20.49,29032
ECAPINSURE,20260907,24.24,24.24,23.76,23.9,28186
ECLERX,20260907,1905.7,1910.7,1858.0,1888.8,171958
ECORECO,20260907,458.0,475.0,454.6,456.0,7709
ECOSMOBLTY,20260907,116.4,116.4,111.3,111.75,72911
EDELWEISS,20260907,137.0,137.0,130.51,132.72,21562787
EDUCOMP,20260907,0.92,0.92,0.86,0.91,47909
EFCIL,20260907,192.2,194.79,190.61,191.74,571486
EGOLD,20260907,153.3,153.3,150.9,151.95,506401
EICHERMOT,20260907,7658.0,7729.0,7615.0,7672.0,466050
EIDPARRY,20260907,782.0,796.8,771.25,777.7,301706
EIEL,20260907,199.2,204.7,197.25,198.33,824767
EIFFL,20260907,267.6,268.9,267.6,268.9,2464
EIHAHOTELS,20260907,296.35,300.0,294.1,296.45,9142
EIHOTEL,20260907,294.0,294.85,290.5,294.0,112598
EIMCOELECO,20260907,2263.2,2282.3,2236.2,2268.0,14898
EKC,20260907,105.94,106.42,102.91,104.7,182166
EKI,20260907,74.25,74.42,70.0,71.37,29655
ELANTAS,20260907,12295.0,13876.0,11900.0,13054.0,17387
ELCIDIN,20260907,109995.0,109995.0,107500.0,108950.0,8
ELDEHSG,20260907,789.05,799.0,778.6,788.85,667
ELECON,20260907,431.65,434.3,423.15,426.7,259797
ELECTCAST,20260907,83.8,84.99,80.13,80.51,3291661
ELECTHERM,20260907,980.9,990.9,965.0,966.4,15422
ELGIEQUIP,20260907,645.95,653.4,637.3,642.4,807924
ELGIRUBCO,20260907,58.69,58.9,56.82,57.68,34515
ELIN,20260907,95.05,96.9,95.01,96.14,73903
ELIQUID,20260907,1046.7,1046.72,1046.7,1046.71,35902
ELITECON,20260907,8.25,8.91,8.25,8.25,4027390
ELLEN,20260907,327.0,335.15,320.0,321.7,282425
ELM250,20260907,16.75,16.75,16.23,16.41,110565
ELMDIV,20260907,36.68,36.68,36.16,36.26,1265
ELPROINTL,20260907,175.0,177.58,174.41,175.05,10857
EMAMILTD,20260907,366.65,370.95,364.7,367.55,907011
EMAMIPAP,20260907,119.4,121.71,116.5,121.34,111945
EMAMIREAL,20260907,66.99,68.99,65.75,67.62,16845
EMBDL,20260907,57.53,59.45,56.85,59.1,3189848
EMCURE,20260907,1934.8,1960.1,1915.1,1926.8,118478
EMETAL,20260907,13.38,13.38,13.12,13.17,7027
EMIL,20260907,173.74,182.4,171.0,178.24,1704742
EMKAY,20260907,270.75,278.9,262.0,265.15,50770
EMMBI,20260907,91.45,93.3,87.5,92.0,3882
EMMVEE,20260907,323.7,334.7,320.25,325.2,2033248
EMPIND,20260907,1214.9,1220.0,1188.1,1192.1,17291
EMPOWER,20260907,1.92,1.93,1.92,1.93,9399271
EMSLIMITED,20260907,383.5,392.6,376.9,385.55,270932
EMUDHRA,20260907,527.85,530.45,500.1,502.45,172528
EMULTIMQ,20260907,42.13,42.22,41.78,42.0,18947
ENDURANCE,20260907,2782.8,2798.9,2745.1,2763.2,53026
ENERGY,20260907,39.18,39.18,38.13,38.15,475227
ENERGYAXIS,20260907,19.34,19.34,18.98,19.03,7646
ENERGYDEV,20260907,15.48,15.69,15.25,15.43,20723
ENEXT50,20260907,73.24,73.52,72.5,72.63,201
ENGINERSIN,20260907,281.05,283.75,272.75,277.05,3272902
ENIFTY,20260907,23.58,24.79,23.58,24.01,9333
ENIL,20260907,102.65,104.26,101.03,101.34,17853
ENKEIWHEL,20260907,399.0,410.9,395.0,395.15,1719
ENRIN,20260907,3115.8,3185.0,3111.6,3121.9,441448
ENTERO,20260907,1857.0,1920.0,1835.0,1898.4,322283
EPACK,20260907,189.49,190.94,185.15,186.33,278336
EPACKPEB,20260907,231.11,233.07,228.15,230.44,232605
EPIGRAL,20260907,1228.0,1231.8,1176.1,1179.8,50803
EPL,20260907,248.0,255.75,246.3,248.95,6283376
EQUAL200,20260907,14.16,14.16,13.71,13.72,4127
EQUAL50,20260907,330.22,330.22,327.05,327.67,1412
EQUAL50ADD,20260907,340.0,340.0,337.57,338.64,30125
EQUIPPP,20260907,22.5,22.98,22.12,22.85,2952
EQUITASBNK,20260907,72.95,73.74,72.6,73.35,843776
ERIS,20260907,1327.4,1341.0,1318.2,1324.3,27451
ESABINDIA,20260907,6053.5,6108.0,6015.0,6092.0,5026
ESAFSFB,20260907,41.79,42.02,40.52,41.76,445009
ESCORTS,20260907,2965.0,2985.3,2936.0,2957.4,25297
ESDS,20260907,1090.05,1090.05,1090.05,1090.05,742653
ESENSEX,20260907,76.42,77.29,76.42,76.77,158
ESG,20260907,41.1,41.17,40.8,40.84,5116
ESILVER,20260907,225.12,231.77,225.12,230.04,43044
ESSARSHPNG,20260907,17.18,17.65,16.12,16.41,372333
ESSENTIA,20260907,1.05,1.1,1.05,1.1,2788603
ESTER,20260907,94.4,94.4,90.95,91.54,92014
ETERNAL,20260907,325.75,325.75,319.7,320.8,12845170
ETHOSLTD,20260907,2779.8,2844.7,2724.6,2746.6,44369
EUREKAFORB,20260907,426.0,426.0,402.9,406.2,195035
EUROBOND,20260907,154.0,154.0,148.0,150.78,6201
EUROPRATIK,20260907,262.0,263.55,255.4,257.0,190094
EUROTEXIND,20260907,13.46,13.46,13.46,13.46,2294
EVEREADY,20260907,315.75,331.0,315.0,327.15,116376
EVERESTIND,20260907,422.0,430.0,417.0,422.2,10629
EVIETF,20260907,33.12,33.12,32.2,32.27,312202
EVINDIA,20260907,33.25,33.25,32.09,32.38,208167
EXCELINDUS,20260907,1036.0,1036.1,999.0,1002.6,11574
EXCELSOFT,20260907,70.01,70.39,66.9,68.26,583097
EXICOM,20260907,179.0,187.6,178.0,184.33,4232220
EXIDEIND,20260907,422.3,427.5,416.6,425.75,1662688
EXPLEOSOL,20260907,910.45,922.0,895.0,899.55,32051
EXXARO,20260907,6.68,6.69,6.25,6.59,571741
FABTECH,20260907,148.35,150.2,148.35,148.47,35383
FACT,20260907,799.5,808.95,791.3,793.3,53413
FAIRCHEMOR,20260907,655.55,690.0,644.1,646.85,44289
FAZE3Q,20260907,493.0,503.3,482.8,500.9,8510
FCL,20260907,52.25,56.66,52.19,56.66,42019821
FCSSOFT,20260907,1.47,1.47,1.43,1.43,1557564
FDC,20260907,345.55,345.55,338.6,342.15,89168
FEDDERSHOL,20260907,48.0,48.6,48.0,48.03,2445557
FEDERALBNK,20260907,343.0,343.0,337.6,342.0,5174214
FEDFINA,20260907,162.89,169.0,161.07,165.45,2135760
FEL,20260907,0.38,0.39,0.38,0.38,222406
FELDVR,20260907,2.13,2.21,2.07,2.2,1322
FERMENTA,20260907,502.0,511.0,494.0,496.5,79101
FIBERWEB,20260907,26.49,26.55,25.32,26.42,21246
FIEMIND,20260907,2085.8,2090.0,2053.0,2068.8,38402
FILATEX,20260907,78.5,79.69,76.25,76.59,990763
FILATFASH,20260907,0.19,0.19,0.17,0.18,36890656
FINCABLES,20260907,1212.0,1252.0,1211.1,1227.0,732032
FINEORG,20260907,5126.0,5169.5,5070.0,5125.0,11396
FINIETF,20260907,32.12,33.77,32.12,32.71,150695
FINKURVE,20260907,72.91,77.0,70.21,71.45,65750
FINOPB,20260907,139.34,142.69,137.81,138.9,187350
FINPIPE,20260907,158.0,160.21,156.85,157.16,261198
FIRSTCRY,20260907,180.16,181.25,176.01,177.03,583428
FISCHER,20260907,36.34,36.34,35.5,35.72,250781
FIVESTAR,20260907,519.0,530.95,519.0,526.2,276188
FLAIR,20260907,243.75,244.8,239.15,240.22,98923
FLEXIADD,20260907,10.11,10.11,9.95,9.98,69225
FLEXITUFF,20260907,2.35,2.35,2.18,2.18,162913
FLFL,20260907,1.28,1.29,1.19,1.25,110260
FLUOROCHEM,20260907,4574.0,4603.8,4470.0,4530.5,104652
FMCGADD,20260907,46.71,46.71,45.87,45.93,21129
FMCGIETF,20260907,49.47,49.95,49.08,49.17,1486830
FMGOETZE,20260907,490.0,494.0,462.9,482.05,1455155
FMNL,20260907,10.59,10.59,9.6,9.77,81674
FOCUS,20260907,63.58,64.39,63.0,63.64,21579
FOODSIN,20260907,57.3,57.9,56.32,57.4,65087
FORCEMOT,20260907,17521.0,17947.0,17501.0,17829.0,51095
FORTIS,20260907,902.1,911.5,892.8,910.0,893344
FOSECOIND,20260907,6263.0,6354.5,6110.0,6128.5,8061
FRACTAL,20260907,821.0,821.95,798.55,801.2,397346
FREDUN,20260907,1487.0,1487.0,1360.0,1405.5,33122
FRONTSP,20260907,1304.8,1304.8,1264.0,1268.0,10430
FSL,20260907,265.05,266.0,256.85,259.6,821088
FUSION,20260907,202.9,206.5,198.15,200.52,888653
GABRIEL,20260907,1353.1,1374.0,1326.7,1363.5,147826
GAEL,20260907,168.4,169.0,164.52,165.48,678295
GAIL,20260907,173.4,177.3,172.8,176.0,9910348
GAJA,20260907,161.75,161.99,154.2,155.42,1078393
GALAPREC,20260907,1034.5,1055.0,1012.3,1037.4,30325
GALAXYSURF,20260907,2154.2,2178.0,2126.0,2136.6,15905
GALLANTT,20260907,574.5,577.8,566.05,572.45,54832
GANDHAR,20260907,268.0,271.8,261.8,264.85,719670
GANDHITUBE,20260907,889.0,905.0,889.0,898.55,4198
GANECOS,20260907,999.9,999.9,970.4,990.0,109978
GANESHBE,20260907,124.89,129.39,124.1,129.39,327639
GANESHCP,20260907,177.0,178.75,168.25,169.59,155960
GANESHHOU,20260907,755.1,763.15,751.0,758.75,17875
GANGAFORGE,20260907,1.7,1.76,1.62,1.63,6103756
GANGESSECU,20260907,118.01,123.0,117.83,121.89,4328
GARFIBRES,20260907,800.55,822.65,795.35,819.25,29908
GARUDA,20260907,180.0,180.0,176.81,178.63,211606
GATECH,20260907,0.87,0.87,0.87,0.87,6232232
GATECHDVR,20260907,0.49,0.5,0.48,0.49,691528
GATEWAY,20260907,54.87,55.0,53.8,53.96,397333
GAUDIUMIVF,20260907,114.75,118.0,112.01,112.76,176755
GAYAHWS,20260907,1.93,2.0,1.91,1.92,289982
GAYAPROJ,20260907,22.5,22.5,21.81,22.18,565332
GCSL,20260907,595.5,613.2,595.5,601.85,1222825
GEECEE,20260907,382.0,382.0,365.2,370.85,2324
GEEKAYWIRE,20260907,30.15,30.92,29.85,30.14,256145
GEMAROMA,20260907,161.5,166.69,157.5,158.19,70224
GENCON,20260907,44.42,44.99,41.52,41.98,366956
GENESYS,20260907,234.0,241.9,227.03,240.16,670463
GENSOL,20260907,17.25,17.84,16.8,17.19,54286
GENUSPAPER,20260907,12.76,14.2,12.37,13.22,517475
GENUSPOWER,20260907,335.0,346.9,334.0,336.4,2776994
GEOJITFSL,20260907,82.96,83.68,82.1,82.78,197271
GESHIP,20260907,1369.0,1389.2,1352.0,1376.7,888277
GFLLIMITED,20260907,63.99,63.99,61.41,62.17,173356
GFSTEELS,20260907,15.0,15.0,15.0,15.0,1430
GHCL,20260907,437.0,437.95,432.5,433.35,54136
GHCLTEXTIL,20260907,139.8,139.8,132.4,133.36,359899
GICHSGFIN,20260907,141.99,142.44,140.1,140.42,62788
GICL,20260907,24.9,24.9,23.65,24.42,317054
GICRE,20260907,361.9,362.45,348.2,349.8,1713058
GILLANDERS,20260907,103.05,105.0,101.2,104.63,2241
GILLETTE,20260907,7312.5,7391.0,7280.0,7380.5,9738
GILT10BETA,20260907,27.11,27.6,26.23,26.4,503607
GILT5BETA,20260907,67.6,69.0,65.81,66.94,202427
GILT5YBEES,20260907,66.33,67.31,66.07,66.31,207982
GINNIFILA,20260907,42.5,42.84,41.5,42.18,39857
GIPCL,20260907,206.0,206.1,199.36,200.72,540738
GKB,20260907,64.0,68.0,62.25,65.25,1462
GKENERGY,20260907,128.96,131.67,127.41,129.46,248778
GKSL,20260907,172.83,177.9,172.83,176.34,382407
GKWLIMITED,20260907,1582.1,1585.0,1510.0,1550.6,2522
GLAND,20260907,2929.6,3042.0,2916.9,2974.3,1031320
GLAXO,20260907,2937.9,3075.0,2932.7,2957.8,155659
GLENMARK,20260907,2420.2,2472.0,2420.2,2451.9,267568
GLFL,20260907,5.78,5.78,5.56,5.63,3020
GLOBAL,20260907,121.0,122.98,119.1,120.15,129151
GLOBALE,20260907,11.9,11.9,10.83,11.4,3819
GLOBALVECT,20260907,139.26,144.8,138.2,139.64,7148
GLOBE,20260907,1.92,1.92,1.83,1.86,389980
GLOBECIVIL,20260907,48.99,48.99,45.42,46.15,31751
GLOBUSSPR,20260907,918.75,918.75,878.0,895.1,150541
GLOSTERLTD,20260907,596.5,629.0,586.5,603.4,1178
GLOTTIS,20260907,62.04,62.04,58.05,59.62,66359
GMBREW,20260907,915.1,951.0,914.1,941.4,90903
GMDCLTD,20260907,562.95,564.65,556.8,557.6,357732
GMMPFAUDLR,20260907,1140.0,1254.0,1134.9,1235.7,1280855
GMRAIRPORT,20260907,98.05,98.48,95.65,95.94,5131436
GMRP&UI,20260907,95.8,98.35,93.1,93.57,1193207
GNA,20260907,551.05,558.0,540.55,543.2,131118
GNFC,20260907,601.7,605.7,594.2,597.9,1281385
GNRL,20260907,100.0,116.33,100.0,113.96,3632929
GOACARBON,20260907,377.0,387.0,372.9,382.55,18478
GOCLCORP,20260907,429.0,439.5,426.3,436.95,182392
GOCOLORS,20260907,332.0,343.15,327.55,329.7,235954
GODAVARIB,20260907,245.39,248.0,241.31,244.95,86089
GODFRYPHLP,20260907,2051.0,2058.9,2011.0,2029.0,120277
GODIGIT,20260907,260.0,260.75,254.85,256.6,110938
GODREJAGRO,20260907,648.15,671.1,642.25,665.5,338467
GODREJCP,20260907,878.5,879.05,857.1,861.9,2647422
GODREJIND,20260907,1171.0,1184.9,1148.8,1159.8,64123
GODREJPROP,20260907,1982.0,1984.0,1891.1,1922.2,752808
GOKEX,20260907,801.0,801.0,775.0,776.95,130637
GOKUL,20260907,42.97,43.95,42.37,42.85,182713
GOKULAGRO,20260907,231.17,234.8,231.06,231.69,199537
GOLD1,20260907,127.5,127.5,125.91,126.71,1539958
GOLD360,20260907,148.8,148.9,146.9,147.85,20611
GOLDADD,20260907,14.9,14.9,14.65,14.74,2711253
GOLDAXIS,20260907,125.55,126.6,125.41,126.22,4383759
GOLDBEES,20260907,125.7,125.92,124.75,125.58,20788912
GOLDBETA,20260907,128.2,128.25,127.0,128.0,1004130
GOLDBND,20260907,153.28,153.28,150.74,151.8,44081
GOLDCASE,20260907,24.11,24.11,23.74,23.9,13980715
GOLDENTOBC,20260907,25.9,25.9,24.02,24.25,3549
GOLDETF,20260907,148.51,148.51,146.81,147.84,1124196
GOLDIAM,20260907,345.15,345.95,331.8,340.45,926463
GOLDIETF,20260907,131.28,131.28,129.12,130.01,5501440
GOLDTECH,20260907,47.9,48.3,47.5,47.93,16616
GOODLUCK,20260907,480.0,485.0,466.7,479.75,644419
GOODYEAR,20260907,743.45,743.45,722.2,730.8,6727
GOPAL,20260907,266.0,267.9,263.5,266.3,92027
GOYALALUM,20260907,6.22,6.22,6.08,6.16,53518
GPIL,20260907,242.79,245.2,239.43,244.05,1531854
GPPL,20260907,161.41,162.69,160.39,160.98,738209
GPTHEALTH,20260907,159.0,162.0,158.57,161.37,173981
GPTINFRA,20260907,112.0,113.69,111.0,111.76,90908
GRADIENTE,20260907,2.76,2.76,2.6,2.64,1514582
GRANDOAK,20260907,35.9,36.5,35.0,35.86,1194
GRANULES,20260907,844.5,873.85,842.2,867.3,1033026
GRAPHITE,20260907,734.5,739.75,714.05,717.1,519646
GRASIM,20260907,3322.0,3327.7,3293.0,3302.4,1179298
GRAUWEIL,20260907,71.5,71.93,70.75,71.45,129623
GRAVISSHO,20260907,28.51,29.38,28.51,28.66,436
GRAVITA,20260907,1661.6,1692.8,1660.9,1676.9,120216
GREAVESCOT,20260907,196.0,196.49,192.1,194.45,725978
GREENLAM,20260907,242.62,242.8,235.7,236.87,94051
GREENPANEL,20260907,158.32,166.0,156.01,162.55,744111
GREENPLY,20260907,309.25,312.5,300.2,302.2,389935
GREENPOWER,20260907,9.28,9.38,9.17,9.23,1873150
GRINDWELL,20260907,1955.0,1972.9,1925.1,1932.9,23158
GRINFRA,20260907,869.1,874.95,852.85,862.6,29533
GRMOVER,20260907,87.36,87.36,85.0,85.8,1118026
GROBTEA,20260907,965.9,974.0,949.9,959.15,174
GROWW,20260907,194.75,196.6,191.01,194.73,21419848
GROWWCAPM,20260907,11.5,11.59,11.48,11.56,321273
GROWWCHEM,20260907,30.23,30.5,30.0,30.08,11679
GROWWDEFNC,20260907,98.42,98.42,96.86,97.75,217691
GROWWEV,20260907,31.56,32.69,31.56,32.37,772261
GROWWGOLD,20260907,14.98,14.98,14.72,14.81,2789656
GROWWHOSPI,20260907,52.08,52.26,51.7,52.1,132678
GROWWLIQID,20260907,110.64,110.66,110.64,110.65,165247
GROWWLOVOL,20260907,10.04,10.43,10.04,10.28,18110
GROWWMC150,20260907,235.0,235.0,230.09,230.1,2164
GROWWMETAL,20260907,13.03,13.03,12.5,12.52,497131
GROWWMOM50,20260907,11.06,11.06,10.91,11.0,194295
GROWWN200,20260907,11.39,11.48,11.22,11.27,66361
GROWWNET,20260907,10.96,10.96,10.73,10.79,469311
GROWWNIFTY,20260907,9.69,9.75,9.43,9.6,824351
GROWWNXT50,20260907,72.89,73.99,72.41,72.79,21112
GROWWPOWER,20260907,11.31,11.38,11.19,11.2,1531393
GROWWPSE,20260907,99.98,99.98,95.5,97.95,6647
GROWWPSUBK,20260907,86.78,86.78,84.21,84.67,7308
GROWWRAIL,20260907,28.23,28.24,27.9,28.0,356895
GROWWRLTY,20260907,10.21,10.21,10.02,10.05,578932
GROWWSC250,20260907,10.95,10.95,10.55,10.67,117852
GROWWSLVR,20260907,22.65,22.65,22.42,22.53,960509
GRPLTD,20260907,2046.9,2046.9,1975.6,2004.1,1104
GRSE,20260907,2530.0,2542.5,2502.0,2506.6,215499
GRWRHITECH,20260907,7066.0,7112.5,6560.5,6951.5,248502
GSEC10ADD,20260907,26.79,26.81,26.75,26.81,11
GSEC10IETF,20260907,263.81,264.54,261.92,261.92,183
GSEC10YEAR,20260907,30.49,30.49,30.31,30.35,15279
GSEC5IETF,20260907,66.09,66.73,66.08,66.5,57232
GSFC,20260907,163.3,163.74,161.53,162.02,947889
GSLSU,20260907,29.78,29.78,28.4,29.45,164591
GSPCROP,20260907,622.25,624.6,594.25,600.95,203559
GSS,20260907,10.83,11.44,10.83,11.02,52386
GTECJAINX,20260907,28.68,29.3,28.0,29.3,4005
GTL,20260907,7.13,7.3,7.07,7.25,256404
GTLINFRA,20260907,1.16,1.21,1.16,1.2,69809746
GTPL,20260907,59.0,59.02,57.52,58.91,76926
GUFICBIO,20260907,449.9,467.8,438.85,448.0,382048
GUJALKALI,20260907,724.8,727.2,701.85,707.85,86704
GUJAPOLLO,20260907,362.35,363.35,338.75,345.2,16534
GUJENERGY,20260907,265.0,267.0,261.5,261.93,1483233
GUJRAFFIA,20260907,41.45,41.45,40.01,40.9,1621
GUJTHEM,20260907,414.9,442.0,409.1,429.3,1088263
GULFOILLUB,20260907,1060.0,1076.6,1048.0,1052.8,53249
GULFPETRO,20260907,65.61,67.89,65.0,65.27,115544
GULPOLY,20260907,186.55,187.55,182.35,183.04,121930
GVKPIL,20260907,2.1,2.12,2.05,2.09,560924
GVPIL,20260907,647.0,682.0,641.0,655.15,230305
GVPTECH,20260907,8.44,8.44,7.85,8.0,74554
GVT&D,20260907,4334.5,4389.1,4321.1,4367.2,295967
GYFTR,20260907,184.15,188.0,182.52,186.34,23288
HAL,20260907,4884.8,4909.9,4835.4,4855.2,602641
HALDER,20260907,294.65,294.65,270.25,286.6,23488
HALDYNGL,20260907,145.3,149.45,142.5,144.33,31734
HALEOSLABS,20260907,1462.8,1499.0,1450.0,1462.0,545
HAMPTON,20260907,8.18,8.18,7.61,8.11,368622
HAPPSTMNDS,20260907,354.0,354.05,343.05,343.5,1292099
HAPPYFORGE,20260907,2250.0,2287.4,2203.5,2231.4,45858
HARDWYN,20260907,9.15,9.28,9.14,9.17,311011
HARIOMPIPE,20260907,360.85,378.0,357.4,365.2,183197
HARRMALAYA,20260907,190.0,198.0,188.0,189.85,9922
HARSHA,20260907,458.8,461.4,451.05,455.45,135432
HATHWAY,20260907,10.52,10.53,10.36,10.38,922339
HATSUN,20260907,1158.0,1158.1,1116.3,1132.8,66432
HAVELLS,20260907,1159.6,1159.7,1140.0,1150.0,882205
HAVISHA,20260907,1.44,1.47,1.31,1.32,98394
HAWKINCOOK,20260907,8426.0,8426.0,8200.0,8254.0,1354
HAZOOR,20260907,19.6,19.99,19.33,19.85,252002
HBESD,20260907,74.0,77.3,74.0,74.1,780
HBLENGINE,20260907,695.7,707.95,690.15,703.9,961999
HBPOR,20260907,58.62,61.1,58.5,60.46,726
HBSL,20260907,56.0,56.0,52.0,52.43,7993
HCC,20260907,23.0,23.67,22.75,23.54,31279184
HCG,20260907,700.15,713.85,684.5,687.9,165572
HCL-INSYS,20260907,10.15,10.2,9.95,9.99,208739
HCLTECH,20260907,1271.7,1286.8,1263.0,1282.8,2008363
HDBFS,20260907,682.7,687.15,675.4,685.05,1539050
HDFCAMC,20260907,2468.8,2473.6,2432.0,2432.0,300166
HDFCBANK,20260907,712.1,713.0,707.05,710.5,12180390
HDFCBSE500,20260907,37.74,37.88,37.02,37.19,1265857
HDFCGOLD,20260907,130.4,130.4,128.96,129.88,3238638
HDFCGROWTH,20260907,118.88,118.88,117.2,117.39,21630
HDFCLIFE,20260907,546.4,546.4,533.2,533.2,1190100
HDFCLIQUID,20260907,1077.84,1077.84,1076.85,1076.85,28363
HDFCLOWVOL,20260907,20.5,20.5,20.34,20.35,4814
HDFCMID150,20260907,23.75,23.75,23.33,23.38,366427
HDFCMOMENT,20260907,30.99,31.19,30.25,31.0,126317
HDFCNEXT50,20260907,74.81,74.88,74.1,74.38,132021
HDFCNIF100,20260907,26.45,26.45,25.71,25.76,41544
HDFCNIFBAN,20260907,60.7,60.7,58.7,58.84,237829
HDFCNIFIT,20260907,32.03,33.6,31.94,32.06,184453
HDFCNIFTY,20260907,274.3,274.3,266.3,268.29,98890
HDFCNIMEG,20260907,133.01,133.28,131.1,131.56,30510
HDFCPSUBK,20260907,86.16,86.23,85.0,85.07,20087
HDFCPVTBAN,20260907,29.09,29.09,28.16,28.25,395778
HDFCQUAL,20260907,58.31,58.34,58.0,58.12,5358
HDFCSENSEX,20260907,88.19,88.19,78.44,86.47,46781
HDFCSILVER,20260907,221.8,221.8,218.0,219.9,2927057
HDFCSML250,20260907,189.3,189.3,185.83,186.73,1018542
HDFCVALUE,20260907,125.88,125.88,124.25,124.54,8599
HDIL,20260907,1.52,1.53,1.47,1.49,161530
HEADSUP,20260907,7.48,7.48,6.66,7.02,2844
HEALTHADD,20260907,16.6,17.0,16.56,16.68,13107
HEALTHAXIS,20260907,171.21,171.5,166.7,168.11,3053
HEALTHCARE,20260907,21.94,21.99,21.49,21.64,47020
HEALTHIETF,20260907,168.66,170.49,168.08,169.45,59893
HEALTHX,20260907,295.0,304.0,294.3,296.9,4706
HEALTHY,20260907,17.26,17.29,16.79,17.03,327939
HECPROJECT,20260907,117.95,119.98,117.95,118.17,3073
HEG,20260907,260.0,273.0,250.0,272.2,3615221
HEIDELBERG,20260907,160.99,162.18,159.61,160.56,428563
HEMIPROP,20260907,127.0,127.0,124.76,125.08,204770
HERANBA,20260907,173.8,173.83,168.12,169.62,45360
HERITGFOOD,20260907,383.0,390.0,377.05,384.15,1306175
HEROMOTOCO,20260907,5300.0,5347.5,5270.0,5270.0,354258
HESTERBIO,20260907,2405.4,2405.4,2330.1,2362.7,8149
HEXAGON,20260907,67.2,67.22,65.0,65.72,135136
HEXATRADEX,20260907,157.65,159.9,157.0,158.58,337
HEXT,20260907,528.6,528.6,518.05,522.85,126595
HFCL,20260907,239.0,243.01,237.61,243.01,4679636
HGINFRA,20260907,482.0,491.55,479.3,488.7,48912
HGM,20260907,51.58,54.2,50.62,50.81,3567
HGS,20260907,400.95,400.95,395.0,395.55,6707
HIKAL,20260907,222.01,257.0,218.82,243.0,31089358
HILINFRA,20260907,43.51,44.59,43.4,43.72,69037
HILTON,20260907,18.7,19.0,18.6,18.64,83413
HIMATSEIDE,20260907,71.3,71.69,69.82,70.15,549464
HINDADH,20260907,377.9,377.9,353.05,361.25,1441
HINDALCO,20260907,1011.1,1014.8,999.8,1006.0,1848438
HINDALUMI,20260907,93.45,97.5,93.45,96.25,1737
HINDCOMPOS,20260907,391.0,404.2,385.2,398.75,3471
HINDCON,20260907,23.89,24.84,23.37,24.25,34266
HINDCOPPER,20260907,521.6,521.6,506.6,509.1,5991278
HINDOILEXP,20260907,185.0,193.99,184.46,188.85,2651804
HINDPETRO,20260907,355.0,356.9,349.55,356.9,3859485
HINDUNILVR,20260907,1972.0,1974.2,1958.0,1960.0,713057
HINDWAREAP,20260907,182.5,184.07,179.78,182.54,74937
HINDZINC,20260907,597.85,598.0,587.5,589.15,3801807
HIRECT,20260907,1215.0,1235.0,1200.2,1211.9,61020
HISARMETAL,20260907,167.6,167.6,160.02,162.02,1223
HITECH,20260907,75.99,77.6,75.51,75.96,514424
HITECHCORP,20260907,339.45,339.45,326.4,334.35,7494
HITECHGEAR,20260907,587.4,592.0,566.0,567.3,6670
HLEGLAS,20260907,335.9,342.0,330.15,336.25,292854
HLVLTD,20260907,6.46,6.6,6.28,6.41,194205
HMAAGRO,20260907,20.9,20.92,20.59,20.66,563266
HMT,20260907,66.05,69.04,66.05,68.18,29199
HMVL,20260907,84.99,85.68,83.11,83.45,37145
HNDFDS,20260907,611.1,634.0,611.1,628.9,100524
HNGSNGBEES,20260907,470.99,471.88,465.02,469.32,72290
HOMEFIRST,20260907,1209.6,1244.9,1206.1,1233.7,315751
HONASA,20260907,470.0,474.9,464.0,468.9,703603
HONAUT,20260907,35660.0,35895.0,35380.0,35565.0,1788
HONDAPOWER,20260907,2033.9,2033.9,1995.0,1999.8,2937
HORIZONIND,20260907,55.25,55.78,54.54,54.85,3005572
HPAL,20260907,35.49,36.0,34.52,35.7,41013
HPIL,20260907,122.0,123.75,120.1,121.87,140
HPL,20260907,304.15,309.4,300.5,301.55,76591
HRYNSHP,20260907,101.86,101.86,98.5,100.98,278
HSBCGOLD,20260907,137.86,137.86,127.17,132.11,33987
HSCL,20260907,666.0,687.0,666.0,672.65,2666117
HTEL,20260907,73.4,75.45,72.0,73.25,1163441
HTMEDIA,20260907,26.0,26.9,25.55,25.7,57931
HUBTOWN,20260907,188.0,194.0,185.69,189.91,508005
HUDCO,20260907,180.6,181.05,178.54,179.24,716189
HUHTAMAKI,20260907,255.0,257.9,245.0,250.05,247720
HYBRIDETF,20260907,10.25,10.25,10.03,10.05,7834
HYBRIDFIN,20260907,16.99,17.5,16.67,17.19,10009
HYUNDAI,20260907,2195.0,2224.5,2190.2,2210.0,508562
IBULLSLTD,20260907,25.5,26.34,25.0,25.7,8153717
ICDSLTD,20260907,71.56,77.69,64.31,67.32,120496
ICEMAKE,20260907,739.0,739.0,720.3,724.75,8713
ICICIAMC,20260907,2970.9,3038.2,2933.3,3013.7,279992
ICICIB22,20260907,113.14,116.0,113.14,113.84,133321
ICICIBANK,20260907,1428.0,1434.4,1422.6,1427.5,8035111
ICICIGI,20260907,1517.0,1517.0,1493.1,1493.4,426021
ICICIPRULI,20260907,491.0,492.0,470.65,470.65,1678977
ICIL,20260907,449.8,458.55,443.05,453.7,467699
ICRA,20260907,4975.0,5010.0,4901.1,4929.4,43495
IDBI,20260907,90.0,92.65,89.73,90.75,7985304
IDEA,20260907,15.09,15.68,15.06,15.6,695355022
IDEAFORGE,20260907,777.0,791.65,762.0,765.45,253500
IDFCFIRSTB,20260907,86.29,86.79,85.9,86.44,10617041
IDFNIFTYET,20260907,261.0,266.9,261.0,262.43,2513
IEX,20260907,119.49,119.88,117.21,117.5,3730649
IFBAGRO,20260907,896.85,919.85,894.6,896.25,3748
IFBIND,20260907,1305.7,1337.6,1303.1,1313.6,21925
IFCI,20260907,104.9,107.36,101.4,102.51,207830587
IFGLEXPOR,20260907,204.0,205.47,202.5,203.79,9039
IGARASHI,20260907,424.0,428.45,413.6,415.15,58243
IGCL,20260907,73.5,73.75,68.16,72.48,83569
IGIL,20260907,324.05,324.05,312.05,318.0,742176
IGL,20260907,157.0,157.0,154.5,154.8,1105359
IGPL,20260907,575.0,576.0,557.05,558.8,83345
IIFL,20260907,649.0,667.0,635.3,654.05,4742061
IIFLCAPS,20260907,341.4,342.95,339.85,340.45,565824
IITL,20260907,146.78,146.8,137.3,140.1,103995
IKIO,20260907,212.34,212.34,201.5,202.98,279865
IKS,20260907,1769.8,1799.0,1752.4,1788.0,127280
IL&FSENGG,20260907,37.5,37.65,37.0,37.0,30844
IL&FSTRANS,20260907,2.09,2.13,2.03,2.11,54588
IMAGICAA,20260907,55.95,57.44,54.5,54.86,1374657
IMFA,20260907,1275.0,1299.7,1272.1,1286.9,100370
IMPAL,20260907,1116.0,1180.2,1103.4,1114.2,6049
IMPEXFERRO,20260907,4.81,4.81,4.81,4.81,13211
INA,20260907,90.78,93.8,88.23,92.77,755743
INCREDIBLE,20260907,32.54,32.9,31.56,32.34,3017
INDBANK,20260907,28.98,28.99,28.01,28.16,63723
INDGN,20260907,602.8,604.85,591.85,599.35,336187
INDHOTEL,20260907,719.9,720.45,709.2,716.2,2137419
INDIACEM,20260907,362.0,362.2,355.0,356.1,33475
INDIAGLYCO,20260907,273.4,273.4,272.0,273.4,225992
INDIAMART,20260907,1726.4,1727.9,1703.4,1706.4,54073
INDIANB,20260907,879.7,883.55,865.4,869.4,1005311
INDIANCARD,20260907,219.9,219.9,210.2,217.85,417
INDIANHUME,20260907,388.5,401.85,386.1,394.9,45044
INDIASHLTR,20260907,677.1,678.9,663.7,672.15,88324
INDIGO,20260907,4950.0,5008.0,4944.0,5001.0,354874
INDIGOPNTS,20260907,1182.0,1209.0,1157.9,1178.0,77673
INDIQUBE,20260907,196.0,204.6,190.21,202.13,125698
INDNIPPON,20260907,1180.0,1180.0,1115.0,1128.4,38355
INDOAMIN,20260907,125.55,130.0,125.5,127.23,83059
INDOBORAX,20260907,524.0,542.8,501.0,503.95,392536
INDOCO,20260907,249.3,257.24,248.06,250.7,315104
INDOFARM,20260907,135.0,135.0,131.0,131.65,72717
INDOKEM,20260907,639.0,645.0,630.05,636.35,4721
INDOMIM,20260907,973.9,976.95,941.75,946.7,1601278
INDORAMA,20260907,74.0,78.0,71.8,73.56,2102406
INDOSTAR,20260907,260.89,260.89,250.6,253.08,58965
INDOTECH,20260907,3666.4,3690.0,3558.1,3666.6,19314
INDOTHAI,20260907,33.97,37.53,33.97,37.53,16502372
INDOUS,20260907,77.48,79.95,75.96,78.74,5684
INDOWIND,20260907,9.19,9.19,8.61,8.91,84385
INDPRUD,20260907,6300.0,6390.0,6260.0,6385.0,75
INDRAMEDCO,20260907,349.7,353.9,349.15,351.4,127117
INDSWFTLAB,20260907,351.5,373.45,351.0,368.7,650855
INDTERRAIN,20260907,30.42,31.39,30.0,30.74,8811
INDUSINDBK,20260907,1004.1,1017.9,995.0,998.0,1418742
INDUSTOWER,20260907,379.25,383.75,376.0,376.45,4311184
INFOBEAN,20260907,161.27,161.27,158.14,159.73,185457
INFOMEDIA,20260907,5.35,5.57,5.2,5.43,15375
INFRA,20260907,12.05,12.1,11.97,11.98,19707
INFRABEES,20260907,969.0,969.0,947.7,949.48,6435
INFRAIETF,20260907,94.51,95.2,94.21,94.39,71385
INFY,20260907,1109.5,1109.9,1085.0,1087.5,7668346
INGERRAND,20260907,4840.0,4849.8,4713.5,4730.3,21053
INNOVACAP,20260907,1198.9,1199.4,1155.0,1164.4,104975
INNOVANA,20260907,305.2,316.7,300.0,301.65,822
INNOVISION,20260907,260.0,260.0,254.9,256.25,8908
INOXGREEN,20260907,175.0,175.1,169.01,172.28,1320442
INOXINDIA,20260907,2260.0,2265.0,2214.1,2231.4,154701
INOXWIND,20260907,74.5,75.99,73.66,75.6,15134302
INSECTICID,20260907,611.55,625.55,600.3,606.5,31882
INSPIRISYS,20260907,89.1,90.7,88.01,88.75,2089
INSUREIETF,20260907,15.32,15.32,15.05,15.06,468531
INTELLECT,20260907,690.7,691.0,675.7,682.15,244782
INTENTECH,20260907,82.25,82.7,80.01,80.71,7085
INTERARCH,20260907,1707.0,1714.9,1688.0,1703.5,31615
INTERNET,20260907,14.6,14.98,14.46,14.53,182327
INTLCONV,20260907,83.08,83.08,79.1,79.92,62311
INVENTURE,20260907,0.94,0.95,0.92,0.92,633483
INVPRECQ,20260907,1299.0,1299.0,1299.0,1299.0,1969
IOB,20260907,33.55,33.63,33.02,33.1,1509216
IOC,20260907,137.0,137.5,135.15,135.15,5955660
IOLCP,20260907,202.9,217.5,202.5,213.04,10023570
IONEXCHANG,20260907,413.0,454.0,409.0,439.1,4902160
IPCALAB,20260907,1965.4,1978.4,1943.7,1959.1,92425
IPL,20260907,138.8,138.8,136.0,136.63,87993
IPRINGLTD,20260907,150.01,168.99,150.01,154.84,2504
IRB,20260907,19.6,19.67,19.23,19.25,4864321
IRCON,20260907,119.0,120.09,117.5,117.71,1299800
IRCTC,20260907,476.05,477.7,473.65,474.5,405838
IREDA,20260907,113.27,113.99,112.6,112.95,2955590
IRFC,20260907,83.5,83.9,82.63,83.0,5917347
IRIS,20260907,271.4,271.4,256.01,260.35,33019
IRISDOREME,20260907,65.0,65.0,61.63,62.15,948563
IRMENERGY,20260907,282.1,288.0,281.0,284.5,64263
ISFT,20260907,81.5,84.18,81.49,83.1,127511
ISGEC,20260907,792.0,792.0,778.9,781.1,31403
ISHANCH,20260907,44.92,46.28,43.85,44.3,22763
ISTLTD,20260907,655.0,702.15,643.55,654.9,1918
IT,20260907,34.79,34.79,33.2,33.32,508608
ITADD,20260907,32.5,32.73,31.68,31.79,195664
ITAXIS,20260907,335.64,338.0,328.6,330.42,8697
ITBEES,20260907,35.0,35.0,33.22,33.33,10631291
ITBETA,20260907,318.2,318.27,314.67,316.25,1297
ITC,20260907,264.1,264.95,262.95,263.5,6688002
ITCHOTELS,20260907,161.0,161.0,157.5,157.77,1451816
ITDC,20260907,645.0,648.0,640.2,643.35,40483
ITETF,20260907,32.54,32.54,31.67,31.78,452051
ITI,20260907,272.1,275.9,269.15,270.6,171656
ITIETF,20260907,34.01,34.01,33.25,33.36,485884
ITL,20260907,369.85,375.75,364.05,364.45,5110
IVALUE,20260907,231.87,235.95,225.65,227.02,114721
IVC,20260907,10.19,10.48,10.0,10.28,784795
IVP,20260907,203.34,213.5,203.0,212.46,34624
IVZBANKNF,20260907,56.41,57.16,56.41,57.05,393
IVZINGOLD,20260907,133.6,133.6,131.1,131.85,38012
IVZINNIFTY,20260907,274.53,274.53,272.68,273.0,2129
IVZSENSEX,20260907,78.1,78.59,75.93,76.28,2082
IWP,20260907,33.2,34.94,33.2,34.41,6764
IXIGO,20260907,168.85,168.85,164.4,167.39,504059
IZMO,20260907,898.5,950.0,878.0,924.5,205930
J&KBANK,20260907,150.09,150.09,146.5,147.88,1078053
JAGRAN,20260907,61.4,62.0,60.82,61.81,252138
JAGSNPHARM,20260907,242.06,247.96,237.2,239.06,59705
JAIBALAJI,20260907,71.0,72.5,66.3,69.71,2563416
JAICORPLTD,20260907,99.55,100.3,98.1,98.56,245829
JAINREC,20260907,277.9,290.6,277.9,281.35,1350135
JAIPURKURT,20260907,24.85,25.71,24.85,25.49,26169
JAMNAAUTO,20260907,120.17,127.0,120.17,126.61,3705464
JARO,20260907,445.1,447.4,441.0,443.4,102854
JASH,20260907,498.0,514.0,490.0,511.15,484422
JAYAGROGN,20260907,230.6,234.0,227.0,228.33,11160
JAYBARMARU,20260907,122.5,123.97,118.61,120.19,261651
JAYKAY,20260907,154.2,160.78,151.51,158.73,587254
JAYKAY-RE1,20260907,70.05,80.0,70.0,76.05,252501
JAYNECOIND,20260907,90.62,93.07,89.03,89.67,8499629
JAYSREETEA,20260907,100.54,103.0,98.1,98.61,55012
JBMA,20260907,622.8,625.5,610.9,613.6,203154
JENBURPH,20260907,1022.2,1057.0,1022.2,1043.0,575
JETFREIGHT,20260907,21.28,21.56,20.0,20.31,185078
JGCHEM,20260907,596.05,608.1,577.4,581.35,285713
JHS,20260907,7.89,8.15,7.85,7.99,22920
JINDALPHOT,20260907,1021.2,1028.8,1007.2,1010.8,1748
JINDALPOLY,20260907,672.35,719.5,672.35,699.1,38473
JINDALSAW,20260907,311.0,312.6,305.55,309.55,2210468
JINDALSTEL,20260907,1164.5,1168.0,1130.0,1147.9,752810
JINDRILL,20260907,666.95,686.9,653.7,664.15,722088
JINDWORLD,20260907,59.15,61.99,52.02,58.52,95411627
JIOFIN,20260907,239.0,239.3,234.4,234.4,10127575
JISLDVREQS,20260907,22.29,22.4,21.32,21.99,84004
JISLJALEQS,20260907,31.35,32.94,30.61,32.51,17973234
JITFINFRA,20260907,307.0,307.8,296.1,301.0,22805
JKCEMENT,20260907,5083.5,5106.5,5021.0,5047.0,37329
JKIL,20260907,487.05,492.8,484.35,491.3,43503
JKIPL,20260907,104.98,104.98,98.05,98.56,5563
JKLAKSHMI,20260907,516.1,518.95,505.9,507.15,162822
JKPAPER,20260907,410.15,429.7,409.0,420.05,2617975
JKTYRE,20260907,368.45,369.9,366.55,368.45,241365
JLHL,20260907,284.0,289.9,283.25,285.4,50788
JMA,20260907,92.15,92.19,90.0,90.04,5812
JMFINANCIL,20260907,132.77,132.85,129.0,130.28,3350488
JNKINDIA,20260907,448.95,450.0,428.85,435.35,69670
JNPR,20260907,264.0,268.4,258.0,260.65,277307
JOCIL,20260907,150.4,167.4,147.51,159.32,54555
JPOLYINVST,20260907,997.45,1019.9,993.1,1006.8,4998
JPPOWER,20260907,16.29,17.14,16.09,16.79,91476432
JSFB,20260907,533.4,540.05,528.5,538.5,358223
JSL,20260907,737.95,741.0,728.0,736.8,536059
JSLL,20260907,518.65,531.05,513.7,516.75,604190
JSWCEMENT,20260907,123.6,125.0,121.16,121.81,1140728
JSWDULUX,20260907,3182.0,3238.5,3161.0,3186.8,31552
JSWENERGY,20260907,539.9,541.25,528.0,530.0,2738335
JSWHL,20260907,11549.0,11549.0,11312.0,11372.0,1253
JSWINFRA,20260907,333.4,338.65,330.0,330.85,2486873
JSWSTEEL,20260907,1334.3,1335.0,1301.0,1302.0,1276231
JTEKTINDIA,20260907,121.46,122.0,119.55,121.3,159794
JTLIND,20260907,92.42,92.42,88.0,89.51,2749009
JUBLCPL,20260907,2222.6,2273.9,2191.1,2206.6,8080
JUBLFOOD,20260907,482.0,484.2,472.1,475.4,391181
JUBLINGREA,20260907,680.7,684.95,669.15,675.35,107000
JUBLPHARMA,20260907,928.0,954.2,918.0,950.3,317471
JUNIORBEES,20260907,790.0,796.3,785.2,786.26,260292
JUNIPER,20260907,216.8,217.95,214.5,215.33,64582
JUSTDIAL,20260907,699.8,701.35,685.1,698.75,132821
JWL,20260907,243.24,248.4,243.24,244.99,625971
JYOTHYLAB,20260907,203.0,203.0,194.2,195.1,906846
JYOTICNC,20260907,1002.5,1024.85,998.05,1020.65,927422
JYOTIRES,20260907,855.25,875.9,852.3,868.75,5575
JYOTISTRUC,20260907,10.05,10.3,9.82,10.16,6554240
KABRAEXTRU,20260907,587.0,642.0,587.0,634.5,759426
KAJARIACER,20260907,1235.0,1239.6,1215.0,1220.5,124971
KAKATCEM,20260907,108.1,113.0,108.1,109.14,3671
KALAMANDIR,20260907,86.49,86.93,85.6,85.93,213711
KALPATARU,20260907,273.1,277.65,273.1,275.9,10479
KALYANIFRG,20260907,1087.1,1087.1,1027.0,1027.0,3993
KALYANKJIL,20260907,600.0,602.75,590.0,591.0,3808474
KAMAHOLD,20260907,2368.0,2368.0,2321.0,2331.1,3887
KAMANWALA,20260907,16.59,16.99,16.5,16.53,620
KAMATHOTEL,20260907,224.13,229.0,221.13,228.19,50009
KAMDHENU,20260907,39.63,40.2,39.15,39.88,817834
KAMOPAINTS,20260907,4.53,4.59,4.31,4.4,336415
KANANIIND,20260907,1.54,1.55,1.5,1.52,70990
KANCHI,20260907,409.7,409.7,398.0,403.05,1467
KANCOTEA,20260907,54.85,58.7,52.45,56.4,185
KANORICHEM,20260907,153.05,157.5,153.05,155.41,11807
KANPRPLA,20260907,253.0,254.85,238.1,240.1,28881
KANSAINER,20260907,193.85,196.9,193.25,194.28,142743
KAPSTON,20260907,584.05,586.45,560.3,566.5,81363
KARMAENG,20260907,37.45,38.24,37.2,37.3,1761
KARURVYSYA,20260907,348.0,351.2,341.0,341.7,1235358
KAUSHALYA,20260907,886.0,886.0,850.5,874.9,50
KAVDEFENCE,20260907,70.05,72.97,65.61,66.51,1750897
KAYA,20260907,359.0,362.35,349.0,362.3,20277
KAYNES,20260907,3588.8,3734.8,3571.1,3604.0,1148533
KCP,20260907,163.3,164.81,160.54,163.3,168236
KCPSUGIND,20260907,31.43,32.9,31.31,31.88,133957
KDDL,20260907,3900.0,4025.0,3900.0,3991.9,46216
KDGREEN,20260907,50.19,53.0,48.05,48.57,415996
KEC,20260907,408.55,409.8,399.55,401.65,720450
KECL,20260907,126.78,128.0,122.2,122.93,106450
KEEPLEARN,20260907,2.0,2.24,1.89,1.91,173243
KEI,20260907,4850.0,4871.0,4678.0,4704.0,1220350
KELLTONTEC,20260907,13.95,14.0,13.51,13.62,2692298
KENNAMET,20260907,4717.0,4799.8,4654.0,4693.0,32325
KERNEX,20260907,1830.0,1864.0,1750.0,1769.3,280918
KESORAMIND,20260907,11.11,11.11,11.11,11.11,293437
KEYFINSERV,20260907,252.9,252.9,244.2,248.6,629
KFINTECH,20260907,928.8,932.8,918.05,922.5,301718
KHADIM,20260907,117.0,117.0,116.0,116.0,49507
KHAICHEM,20260907,54.97,55.0,53.1,53.6,106909
KHAITANLTD,20260907,163.0,164.0,150.51,162.35,6696
KHANDSE,20260907,18.48,18.58,16.96,17.61,3101
KICL,20260907,5173.0,5246.0,5150.0,5196.0,419
KILITCH,20260907,181.0,188.0,181.0,187.82,47535
KIMS,20260907,760.0,770.6,758.1,764.55,135387
KINGFA,20260907,5915.0,6098.5,5880.0,6056.5,12213
KIOCL,20260907,382.1,384.2,375.0,376.5,73813
KIRANVYPAR,20260907,204.0,207.78,204.0,204.65,1193
KIRIINDUS,20260907,565.05,603.95,565.05,583.2,3877065
KIRLFER,20260907,462.7,463.5,457.5,460.1,47157
KIRLOSBROS,20260907,1862.0,1869.3,1825.0,1832.4,26166
KIRLOSENG,20260907,2180.0,2218.5,2156.5,2174.8,237548
KIRLOSIND,20260907,3720.0,3743.9,3689.9,3715.1,2583
KIRLPNU,20260907,762.8,768.8,754.7,760.15,99244
KISSHT,20260907,307.05,326.0,306.55,320.95,2052956
KITEX,20260907,127.99,128.96,126.55,127.77,283393
KJMCFIN,20260907,63.14,65.88,60.23,61.84,5578
KKCL,20260907,519.85,522.8,502.0,504.5,17767
KLBRENG-B,20260907,468.05,476.0,456.3,461.2,278310
KMCSHIL,20260907,140.37,140.4,135.0,135.73,70725
KMEW,20260907,3033.4,3060.4,2910.0,2961.6,80097
KMSUGAR,20260907,30.65,31.99,30.6,30.71,350469
KNACK,20260907,189.72,190.0,185.0,185.93,664588
KNAGRI,20260907,200.0,201.9,198.91,201.18,3513
KNRCON,20260907,124.0,125.64,121.95,122.75,995698
KOHINOOR,20260907,33.0,33.0,30.5,30.87,309835
KOKUYOCMLN,20260907,80.81,81.0,78.88,79.43,55343
KOLTEPATIL,20260907,440.0,446.2,437.8,443.6,53573
KOPRAN,20260907,234.2,253.71,230.5,245.87,2037485
KOTAKBANK,20260907,421.8,425.7,421.0,422.1,7148641
KOTARISUG,20260907,30.1,30.87,28.65,30.13,51190
KOTHARIPET,20260907,131.5,135.5,131.5,133.27,110465
KOTHARIPRO,20260907,68.9,68.9,65.37,66.16,13662
KOTIC,20260907,134.4,134.89,128.85,131.86,11885
KOTYARK,20260907,34.58,34.58,32.55,32.89,143365
KOVAI,20260907,6045.0,6125.0,6000.5,6069.0,4985
KPEL,20260907,247.0,254.85,240.77,241.85,303324
KPIGREEN,20260907,305.5,306.75,302.0,302.6,619631
KPIL,20260907,1406.6,1427.9,1400.1,1424.4,96907
KPITTECH,20260907,575.85,575.9,560.0,562.25,1316814
KPL,20260907,3312.3,3428.3,3285.6,3411.2,22589
KPRMILL,20260907,1180.0,1182.0,1144.4,1154.7,204839
KRBL,20260907,425.0,439.8,422.0,427.3,690366
KREBSBIO,20260907,55.14,57.72,54.26,55.99,3613
KRIDHANINF,20260907,2.0,2.08,1.98,1.99,96168
KRISHANA,20260907,183.44,186.34,181.5,182.84,542443
KRISHIVAL,20260907,417.0,418.8,414.7,415.25,11010
KRISHNADEF,20260907,1016.0,1073.9,1011.0,1066.4,142424
KRITI,20260907,61.6,64.0,60.5,62.47,17485
KRITIKA,20260907,5.26,5.46,5.21,5.35,166723
KRITINUT,20260907,86.0,87.0,82.55,83.2,14700
KRN,20260907,1578.0,1653.9,1574.9,1625.4,329624
KRONOX,20260907,185.0,186.95,179.1,180.09,117149
KROSS,20260907,212.84,212.99,208.12,209.13,103699
KRSNAA,20260907,559.25,567.55,551.0,564.05,34582
KRYSTAL,20260907,650.0,667.5,650.0,661.5,12891
KSB,20260907,822.0,822.0,799.45,801.45,91474
KSCL,20260907,744.1,749.85,729.0,732.3,41739
KSE,20260907,181.92,182.0,175.52,177.0,25847
KSHINTL,20260907,1094.65,1125.9,1090.7,1105.65,320607
KSHITIJPOL,20260907,3.46,3.46,3.46,3.46,928806
KSL,20260907,941.6,959.7,936.1,941.45,72294
KSOLVES,20260907,274.95,274.95,268.75,269.1,20423
KSR,20260907,34.89,34.95,33.01,34.13,188573
KTKBANK,20260907,339.6,340.0,332.6,333.6,1114008
KUANTUM,20260907,75.03,80.06,73.91,76.7,296520
KUSUMGAR,20260907,569.0,576.55,568.95,571.9,131443
KWIL,20260907,42.1,42.49,41.03,41.12,11048008
LADDERUP,20260907,50.0,50.0,50.0,50.0,16
LAGNAM,20260907,74.05,76.0,74.05,74.55,2066
LAHOTIOV,20260907,43.94,45.0,42.0,44.0,4169
LAKPRE,20260907,5.26,5.26,5.11,5.26,2165
LAKSHMIMIL,20260907,7671.5,7900.0,7625.0,7734.0,22
LAL,20260907,8.87,9.06,8.81,8.86,18975
LALITHAA,20260907,314.0,326.8,309.5,317.75,24705575
LALPATHLAB,20260907,1880.0,1913.0,1870.1,1901.9,191362
LAMBODHARA,20260907,134.67,140.0,133.26,134.6,6832
LANCER,20260907,13.06,13.23,12.63,12.96,341167
LANCORHOL,20260907,41.5,41.75,38.41,40.12,855132
LANDMARK,20260907,510.15,513.1,491.15,494.1,97730
LANDSMILL,20260907,0.64,0.64,0.58,0.58,6371276
LAOPALA,20260907,174.0,174.59,171.2,171.96,38975
LARGEMID50,20260907,37.0,37.0,36.13,36.15,3824
LASA,20260907,6.73,6.8,6.6,6.68,17590
LASERPOWER,20260907,296.9,312.9,295.2,310.7,1032439
LATENTVIEW,20260907,266.25,268.55,258.75,261.7,522059
LATTEYS,20260907,20.6,21.31,20.06,20.63,23947
LAURUSLABS,20260907,1840.0,1876.7,1832.7,1876.7,1148664
LAXMICOT,20260907,13.75,14.0,13.3,13.38,25952
LAXMIDENTL,20260907,199.14,200.01,196.75,197.73,26034
LAXMIINDIA,20260907,133.45,136.75,130.37,130.89,299362
LCCINFOTEC,20260907,3.81,3.98,3.55,3.79,23439
LCL,20260907,584.0,587.95,561.95,565.5,364696
LEAPIND,20260907,152.0,152.55,145.45,146.28,2141218
LEENEE,20260907,8.62,8.7,8.06,8.29,6138
LEMERITE,20260907,20.81,21.2,20.26,20.72,166891
LEMONTREE,20260907,105.49,107.49,105.38,107.28,3117893
LENSKART,20260907,688.95,697.25,684.5,688.0,3142143
LEXUS,20260907,13.7,13.78,13.33,13.38,2663
LFIC,20260907,134.64,134.64,134.59,134.59,414
LGBBROSLTD,20260907,1688.1,1749.7,1688.1,1731.7,45200
LGEINDIA,20260907,1654.5,1668.9,1640.1,1647.8,314218
LGHL,20260907,171.1,180.99,171.1,176.23,12672
LIBAS,20260907,10.46,10.5,9.95,9.99,101788
LIBERTSHOE,20260907,237.88,237.88,230.41,231.37,14382
LICHSGFIN,20260907,563.15,567.6,548.0,552.0,1618855
LICI,20260907,418.7,419.6,410.25,411.5,2694855
LICMFGOLD,20260907,138.0,138.0,136.3,137.1,40485
LICNETFGSC,20260907,30.07,30.07,29.16,29.4,41178
LICNETFN50,20260907,268.7,268.7,266.1,266.1,1457
LICNETFSEN,20260907,865.7,865.76,858.02,858.02,15
LICNFNHGP,20260907,273.31,274.65,267.05,270.76,3521
LICNMID100,20260907,63.76,63.97,63.25,63.32,5433
LIKHITHA,20260907,204.0,206.34,202.21,205.16,39855
LINC,20260907,98.99,98.99,95.07,96.8,12384
LINCOLN,20260907,626.8,640.0,617.7,632.35,75014
LINDEINDIA,20260907,6346.0,6394.5,6300.5,6372.5,14317
LIQGRWBEES,20260907,1059.73,1059.73,1054.56,1054.56,36349
LIQUID,20260907,999.99,1000.0,999.99,999.99,134800
LIQUID1,20260907,1122.0,1122.0,1121.43,1121.56,3065905
LIQUIDADD,20260907,1143.64,1143.81,1143.63,1143.64,2275197
LIQUIDBEES,20260907,1000.0,1001.0,999.62,999.99,3518550
LIQUIDBETA,20260907,981.86,1019.0,981.86,1007.14,127
LIQUIDBETF,20260907,1097.77,1097.79,1097.77,1097.78,199910
LIQUIDCASE,20260907,115.8,115.82,115.8,115.81,15135867
LIQUIDETF,20260907,999.99,1000.01,999.99,999.99,94305
LIQUIDIETF,20260907,999.99,1000.01,999.99,999.99,209203
LIQUIDPLUS,20260907,1102.12,1102.14,1102.12,1102.13,131407
LIQUIDSBI,20260907,1000.0,1000.0,999.99,999.99,591
LIQUIDSHRI,20260907,1120.42,1120.42,1120.4,1120.4,15393
LKPSEC,20260907,15.28,15.82,15.05,15.42,8421
LLOYDSENGG,20260907,84.0,85.11,82.65,83.19,3246321
LLOYDSENT,20260907,74.0,74.32,72.1,72.28,1823072
LLOYDSME,20260907,1820.0,1823.0,1801.1,1803.0,257764
LMW,20260907,18780.0,18891.0,18455.0,18551.0,4966
LODHA,20260907,1231.9,1231.9,1200.0,1200.0,410768
LOKESHMACH,20260907,373.7,374.45,355.1,357.7,47124
LORDSCHLO,20260907,149.0,149.0,138.05,138.93,20253
LOTUSCHO,20260907,633.55,655.65,592.0,596.45,17992
LOTUSDEV,20260907,194.0,201.7,190.05,199.71,1307102
LOTUSEYE,20260907,109.43,111.45,107.6,109.06,10632
LOVABLE,20260907,71.37,72.9,70.0,70.96,12581
LOWVOL,20260907,204.13,204.21,203.3,203.84,2063
LOWVOL1,20260907,21.35,21.35,20.72,20.82,2329530
LOWVOLIETF,20260907,22.52,22.52,21.73,21.84,1680113
LOYALTEX,20260907,215.0,222.0,207.7,217.32,594
LPDC,20260907,6.57,6.92,6.05,6.32,188005
LT,20260907,3962.0,4004.9,3960.9,3999.0,1256683
LTF,20260907,314.0,315.3,310.9,312.5,2068591
LTFOODS,20260907,443.8,454.95,440.0,448.95,729443
LTGILTBEES,20260907,29.86,29.89,29.24,29.87,1086510
LTGILTCASE,20260907,31.02,31.02,30.31,30.45,146580
LTM,20260907,4500.0,4519.4,4405.0,4448.0,361825
LTTS,20260907,3470.0,3484.8,3400.1,3414.2,64566
LUMAXIND,20260907,6180.0,6272.5,6099.5,6139.5,12227
LUMAXTECH,20260907,1947.7,1967.7,1916.2,1935.5,124170
LUMINO,20260907,116.75,121.0,114.4,114.82,44559124
LUPIN,20260907,2121.1,2135.5,2095.6,2105.0,819621
LUXIND,20260907,1168.0,1184.9,1150.5,1159.4,14521
LXCHEM,20260907,172.0,174.4,170.25,171.99,583493
LYKALABS,20260907,79.92,79.92,79.91,79.92,11492
M&M,20260907,3154.1,3178.0,3145.0,3160.0,1715004
M&MFIN,20260907,373.4,375.4,366.0,372.35,1859254
MAANALU,20260907,117.22,118.85,115.0,115.27,48318
MACPOWER,20260907,1906.0,1920.0,1775.0,1813.7,44751
MADHAV,20260907,35.36,35.36,34.66,35.0,1200
MADHAVIPL,20260907,7.91,8.15,7.81,7.91,84619
MADHUCON,20260907,4.6,4.79,4.41,4.67,17448
MADRASFERT,20260907,65.5,65.56,64.3,64.56,33182
MAFANG,20260907,212.74,224.0,210.46,219.37,967348
MAFATIND,20260907,121.66,123.85,121.0,121.83,33638
MAGADSUGAR,20260907,560.7,585.0,560.0,573.95,72979
MAGNUM,20260907,18.81,19.46,18.4,19.12,23999
MAHABANK,20260907,86.1,87.5,84.7,85.0,12286857
MAHAPEXLTD,20260907,53.98,58.78,53.8,55.94,10593
MAHASTEEL,20260907,1268.4,1309.9,1231.0,1294.4,5574
MAHEPC,20260907,105.8,105.8,101.65,103.17,25774
MAHESHWARI,20260907,71.01,72.93,71.01,71.05,9419
MAHKTECH,20260907,22.1,23.2,22.1,23.04,1051069
MAHLIFE,20260907,362.4,369.0,355.15,360.15,65575
MAHLOG,20260907,406.95,412.0,401.55,403.2,156509
MAHSCOOTER,20260907,13602.0,13628.0,13400.0,13493.0,3534
MAHSEAMLES,20260907,691.0,717.8,676.95,688.95,911812
MAITHANALL,20260907,1130.0,1195.0,1098.1,1103.85,993839
MAJESAUT,20260907,357.45,357.45,350.0,352.15,2218
MAKEINDIA,20260907,165.23,168.53,164.31,164.92,61763
MAKERSL,20260907,195.45,195.45,176.2,186.75,2555
MALLCOM,20260907,1018.6,1018.6,966.0,977.3,4489
MALUPAPER,20260907,32.44,34.95,31.69,33.07,181607
MAMATA,20260907,412.5,424.65,402.0,413.5,63489
MANAKALUCO,20260907,38.0,39.85,38.0,39.44,87012
MANAKCOAT,20260907,121.05,123.0,120.76,121.15,86174
MANAKSIA,20260907,64.3,68.4,62.88,66.36,274781
MANAKSTEEL,20260907,107.0,110.16,105.0,106.41,80511
MANALIPETC,20260907,88.0,88.14,84.67,86.16,2321723
MANAPPURAM,20260907,332.35,332.35,323.15,325.6,9089525
MANBA,20260907,130.03,131.98,129.5,130.79,50373
MANCREDIT,20260907,226.0,228.55,224.98,226.94,64748
MANGALAM,20260907,30.0,30.43,29.3,29.57,25964
MANGLMCEM,20260907,1088.5,1110.1,1082.8,1090.2,74696
MANINDS,20260907,794.7,826.95,776.0,819.4,695397
MANINFRA,20260907,125.5,127.79,124.0,124.42,1448189
MANIPALHOS,20260907,730.0,734.8,708.1,727.25,1800446
MANKIND,20260907,2317.0,2331.6,2303.5,2318.0,153500
MANOMAY,20260907,239.8,240.51,231.41,234.48,299405
MANORAMA,20260907,1993.0,2024.7,1967.3,2003.6,213280
MANORG,20260907,491.3,509.3,491.0,494.7,5971
MANUFGBEES,20260907,163.73,166.07,162.44,162.77,4547
MANUGRAPH,20260907,14.75,15.45,14.11,14.87,23384
MANYAVAR,20260907,597.1,598.2,583.55,586.25,271674
MAPMYINDIA,20260907,980.0,982.0,963.8,976.0,80595
MARALOVER,20260907,63.98,65.0,62.21,64.26,98744
MARATHON,20260907,439.0,461.5,430.95,459.5,267908
MARICO,20260907,815.15,819.05,802.5,806.0,717139
MARINE,20260907,431.45,435.95,415.0,419.95,522124
MARKOLINES,20260907,172.0,180.8,169.73,175.36,761919
MARKSANS,20260907,327.5,339.0,326.75,335.05,2798363
MARSONS,20260907,139.4,144.28,127.92,128.83,4849194
MARUTI,20260907,12691.0,12833.0,12618.0,12760.0,413778
MASFIN,20260907,295.2,296.8,292.25,295.25,96140
MASKINVEST,20260907,147.9,148.0,147.9,148.0,11
MASPTOP50,20260907,81.46,87.76,81.46,85.9,985591
MASTEK,20260907,1769.0,1770.0,1681.6,1691.7,94731
MASTERTR,20260907,90.2,92.93,87.0,88.86,1260805
MATRIMONY,20260907,528.5,528.5,520.0,521.45,7444
MAWANASUG,20260907,147.0,150.99,143.3,145.11,304058
MAXESTATES,20260907,536.65,550.0,529.5,543.2,81378
MAXHEALTH,20260907,983.0,994.9,974.0,992.0,1854549
MAXIND,20260907,151.9,153.69,145.36,147.69,66352
MAYURUNIQ,20260907,725.05,731.55,701.7,712.4,174923
MAZDA,20260907,266.0,276.0,260.6,274.2,36482
MAZDOCK,20260907,2490.0,2505.3,2434.1,2454.2,535900
MBAPL,20260907,166.68,168.43,160.2,163.01,1696919
MBECL,20260907,271.83,271.83,271.83,271.83,1273
MBEL,20260907,270.15,271.2,266.05,268.05,37808
MBLINFRA,20260907,24.54,24.54,23.1,23.35,70027
MCCHRLS-B,20260907,685.0,685.0,625.1,679.9,194
MCL,20260907,59.0,59.0,56.6,57.02,29277
MCLEODRUSS,20260907,46.3,46.59,44.72,45.17,323414
MCLOUD,20260907,26.41,26.5,25.9,25.97,1770283
MCX,20260907,3276.9,3374.4,3276.9,3330.2,1889368
MEDANTA,20260907,1474.1,1481.2,1420.4,1422.6,204437
MEDIASSIST,20260907,344.95,344.95,333.15,336.5,108756
MEDICAMEQ,20260907,273.0,288.0,267.0,279.25,149313
MEDICAPQ,20260907,26.94,26.94,24.0,26.9,2926
MEDICO,20260907,39.87,41.1,39.49,40.77,106027
MEDPLUS,20260907,670.0,672.05,656.55,659.7,150921
MEESHO,20260907,209.98,211.24,205.75,210.3,15413416
MEGASTAR,20260907,308.95,308.95,298.0,300.1,3236
MEIL,20260907,284.0,285.95,277.15,279.25,68490
MENNPIS,20260907,78.0,83.99,78.0,81.72,331191
MENONBE,20260907,320.0,324.0,305.35,306.35,74902
MEP,20260907,0.7,0.7,0.7,0.7,27863
MERCANTILE,20260907,24.99,27.7,24.01,24.43,977634
MERCURYEV,20260907,36.74,38.0,34.0,37.4,4166748
METAL,20260907,13.28,13.79,13.25,13.28,1556005
METALIETF,20260907,13.58,13.58,12.95,13.24,4556782
METROBRAND,20260907,932.0,942.35,926.15,934.5,32820
METROGLOBL,20260907,137.99,142.0,132.2,140.0,377
METROPOLIS,20260907,588.7,588.7,574.4,577.75,174730
MFML,20260907,18.99,19.8,18.18,18.62,3340
MFSL,20260907,1537.5,1544.3,1510.0,1520.0,938109
MGEL,20260907,14.86,17.08,13.0,15.72,1420121
MGL,20260907,1097.0,1105.0,1088.1,1092.1,99788
MHLXMIRU,20260907,174.89,175.0,166.15,175.0,44184
MHRIL,20260907,208.5,208.59,204.79,205.53,95483
MICEL,20260907,36.52,37.2,36.52,37.0,198925
MID150,20260907,23.61,23.61,23.39,23.49,24438
MID150BEES,20260907,234.14,241.95,234.14,239.11,641457
MID150CASE,20260907,11.79,11.79,11.51,11.63,1349390
MIDBANKADD,20260907,17.5,17.5,17.35,17.38,2242
MIDCAP,20260907,18.88,18.88,18.4,18.43,570419
MIDCAPADD,20260907,23.28,23.28,23.09,23.12,1740
MIDCAPBETA,20260907,233.5,234.62,232.73,233.48,781
MIDCAPETF,20260907,23.98,23.98,23.48,23.61,9967439
MIDCAPIETF,20260907,24.06,24.13,23.75,23.9,758696
MIDHANI,20260907,420.9,429.55,418.25,419.9,643391
MIDQ50ADD,20260907,25.04,25.04,24.85,24.92,37263
MIDSELIETF,20260907,20.33,20.33,19.52,19.78,324925
MIDSMALL,20260907,52.86,52.86,51.66,51.74,306025
MIDWESTLTD,20260907,1074.5,1078.9,1051.0,1062.6,11743
MIIL,20260907,722.5,733.55,707.5,710.15,57187
MILKYMIST,20260907,255.06,277.67,248.56,276.01,35261875
MINALIND,20260907,5.61,5.61,5.61,5.61,215075
MINDACORP,20260907,690.05,700.15,690.05,695.55,134028
MINDTECK,20260907,169.99,173.38,167.15,168.74,28354
MIRZAINT,20260907,31.25,31.79,30.56,31.01,120081
MITCON,20260907,77.8,80.9,76.02,80.58,19958
MITTAL,20260907,0.82,0.96,0.81,0.92,11585530
MKEXIM,20260907,62.0,62.02,60.25,61.35,3667
MKPL,20260907,4.02,4.07,4.0,4.03,73508
MLKFOOD,20260907,86.48,88.0,84.05,85.8,2956
MMFL,20260907,630.15,635.9,615.2,618.1,137890
MMP,20260907,405.9,455.6,404.5,444.95,388765
MMTC,20260907,64.5,64.62,63.5,63.82,1021196
MMWL,20260907,14.25,14.8,13.95,14.34,15481
MNC,20260907,33.21,33.37,32.99,33.04,47177
MOALPHA50,20260907,56.36,56.36,55.83,56.19,4419
MOBANK10,20260907,17.24,17.35,16.67,16.78,8289
MOBIKWIK,20260907,191.0,195.95,189.61,194.24,796100
MOCAPITAL,20260907,54.5,55.45,54.5,54.82,1027218
MODEFENCE,20260907,108.0,108.23,106.79,107.24,1225654
MODINATUR,20260907,345.0,347.65,339.05,344.8,4172
MODIRUBBER,20260907,128.67,139.0,126.0,128.99,3086
MODIS,20260907,383.7,385.35,378.0,383.05,26315
MODISONLTD,20260907,454.5,491.95,452.0,475.6,336826
MODTHREAD,20260907,54.91,57.0,54.6,54.7,6400
MOENERGY,20260907,38.84,38.84,37.65,37.89,261823
MOGOLD,20260907,151.25,151.25,148.9,150.25,44956
MOGSEC,20260907,65.06,65.7,65.06,65.2,1738
MOHEALTH,20260907,52.88,52.88,51.37,51.89,77382
MOHITE,20260907,2.79,2.9,2.7,2.81,140078
MOHITIND,20260907,23.44,25.7,23.44,23.73,3230
MOIL,20260907,254.25,255.47,246.9,247.22,649693
MOINFRA,20260907,60.17,60.17,58.35,58.51,18063
MOIPO,20260907,49.64,49.64,48.51,48.66,881
MOKSH,20260907,10.21,10.21,10.0,10.13,51262
MOL,20260907,66.99,67.4,65.36,65.73,1280175
MOLBIO,20260907,1170.0,1183.7,1098.2,1127.2,1068499
MOLDTECH,20260907,208.96,219.4,208.96,219.18,131595
MOLDTKPAC,20260907,706.6,707.3,695.0,697.6,31809
MOLOWVOL,20260907,36.12,36.12,35.71,35.93,50020
MOM100,20260907,68.12,68.5,67.58,67.83,328993
MOM30IETF,20260907,31.36,31.44,31.08,31.23,490030
MOM50,20260907,250.45,251.2,248.72,249.1,4130
MOMENTUM,20260907,31.4,31.5,30.83,31.18,91422
MOMENTUM30,20260907,30.81,30.87,30.64,30.76,360329
MOMENTUM50,20260907,55.0,55.0,54.1,54.33,1121489
MOMETAL,20260907,13.45,13.45,13.15,13.2,20769
MOMGF,20260907,163.3,163.3,161.8,161.86,2408
MOMIDMTM,20260907,65.02,65.02,64.16,64.44,82907
MOMMIDCAP,20260907,13.05,13.05,12.94,12.96,1720781
MOMNC,20260907,32.83,32.83,32.0,32.02,4522
MOMOMENTUM,20260907,62.2,62.88,60.55,62.06,56872
MON100,20260907,332.78,339.99,327.84,336.35,1288381
MON50EQUAL,20260907,33.33,33.33,32.77,33.08,5659
MONARCH,20260907,377.9,388.9,375.0,383.25,162414
MONEXT50,20260907,73.14,73.14,72.37,72.41,3953
MONEYBOXX,20260907,58.79,59.99,56.0,56.83,19082
MONIFTY100,20260907,25.95,25.95,25.01,25.15,13407
MONIFTY500,20260907,24.5,24.5,23.67,23.78,394544
MONQ50,20260907,145.47,170.31,142.21,164.09,562328
MONTECARLO,20260907,574.1,584.0,571.55,575.45,61489
MOOILGAS,20260907,11.52,11.52,11.12,11.12,8883
MOPSE,20260907,99.6,101.57,98.77,99.05,3404
MOQUALITY,20260907,198.0,198.36,196.49,197.14,1282
MORARJEE,20260907,9.22,9.22,9.22,9.22,3055
MOREALTY,20260907,94.0,94.0,89.55,89.89,395534
MOREPENLAB,20260907,115.96,122.14,114.56,118.88,21606889
MOSCHIP,20260907,212.0,218.88,210.31,212.6,2023785
MOSERVICE,20260907,31.53,31.53,30.6,30.65,4002
MOSILVER,20260907,228.98,228.98,226.25,227.8,27297
MOSMALL250,20260907,18.61,18.64,18.49,18.55,1328215
MOTHERSON,20260907,160.5,164.65,160.12,162.0,15669796
MOTILALOFS,20260907,1037.0,1058.9,1031.4,1055.0,1551861
MOTISONS,20260907,16.6,17.44,16.4,16.77,50923605
MOTOGENFIN,20260907,29.25,34.4,28.71,31.37,474032
MOTOUR,20260907,79.29,79.29,77.1,77.37,30320
MOVALUE,20260907,113.5,113.8,111.8,112.05,54279
MPDL,20260907,32.35,34.75,32.35,33.69,2082
MPHASIS,20260907,2409.9,2409.9,2340.3,2369.1,382610
MPSLTD,20260907,2666.6,2700.0,2608.1,2635.7,11114
MRF,20260907,130200.0,130300.0,128705.0,128890.0,3771
MRPL,20260907,175.7,176.88,172.25,173.19,2388877
MSCI360,20260907,10.2,10.27,9.99,10.07,24416
MSCIADD,20260907,29.44,29.44,29.25,29.3,1891
MSCIINDIA,20260907,29.82,29.82,29.53,29.6,4704
MSL,20260907,142.22,144.0,140.1,144.0,468
MSPL,20260907,35.57,35.9,34.5,34.78,1152651
MSTCLTD,20260907,738.0,795.0,729.0,785.65,1016067
MSUMI,20260907,36.35,37.05,36.27,36.9,7282689
MTARTECH,20260907,7288.0,7519.0,7170.0,7519.0,176047
MTEDUCARE,20260907,1.81,1.85,1.81,1.85,26745
MTNL,20260907,26.63,26.63,25.9,26.05,826835
MUFIN,20260907,137.5,138.68,135.26,136.17,310297
MUFTI,20260907,74.68,76.48,72.9,74.0,62838
MUKANDLTD,20260907,134.0,138.89,133.41,136.9,94829
MUKESHB,20260907,134.0,134.0,133.5,133.84,163
MUKKA,20260907,31.5,33.22,31.11,32.15,5209798
MUKTAARTS,20260907,61.75,61.75,57.42,59.83,7885
MULTICAP,20260907,16.37,17.37,16.37,16.69,173829
MUNJALAU,20260907,112.0,117.94,111.41,116.04,1017431
MUNJALSHOW,20260907,128.1,130.85,128.0,129.21,51497
MURUDCERA,20260907,29.17,30.24,28.7,29.33,30157
MUTHOOTCAP,20260907,237.21,245.0,237.21,239.07,4347
MUTHOOTFIN,20260907,2899.0,2920.0,2871.2,2880.0,370903
MUTHOOTMF,20260907,205.48,206.5,196.3,197.93,654148
MVELECTRO,20260907,729.7,841.1,725.0,806.45,20414269
MVGJL,20260907,181.9,215.88,181.0,215.88,3202765
MWL,20260907,39.3,40.79,37.9,38.5,560275
MYSORPETRO,20260907,130.0,133.47,128.85,133.42,5771
NACLIND,20260907,169.0,169.0,164.1,164.58,209008
NAGAFERT,20260907,1.95,1.96,1.95,1.95,321456
NAGREEKCAP,20260907,23.0,24.0,23.0,23.75,5595
NAGREEKEXP,20260907,22.67,23.87,22.2,22.31,59277
NAHARCAP,20260907,261.95,262.25,255.2,257.85,12931
NAHARINDUS,20260907,136.75,142.0,136.44,139.05,36943
NAHARPOLY,20260907,252.99,252.99,236.1,238.38,11368
NAHARSPING,20260907,288.0,295.0,285.1,286.15,31377
NAM-INDIA,20260907,1158.8,1196.0,1152.0,1195.0,1817884
NARMADA,20260907,13.45,14.8,13.27,14.39,1151548
NATCAPSUQ,20260907,207.21,215.0,205.6,205.93,20095
NATCOPHARM,20260907,829.0,841.5,828.0,838.3,301243
NATHBIOGEN,20260907,152.2,154.0,150.29,152.65,5107
NATIONALUM,20260907,376.05,377.5,365.9,365.9,3280288
NATIONSTD,20260907,109.0,109.0,103.01,104.73,18222
NAUKRI,20260907,1319.0,1321.8,1284.4,1302.5,856453
NAVA,20260907,563.0,563.0,554.1,556.25,118784
NAVINFLUOR,20260907,8557.5,8649.0,8532.5,8603.5,76404
NAVKARCORP,20260907,96.24,97.37,95.38,96.02,104141
NAVKARURB,20260907,0.92,0.94,0.86,0.92,1230590
NAVNETEDUL,20260907,131.0,132.9,130.1,131.84,78249
NAZARA,20260907,368.25,374.4,362.5,370.3,1205780
NBCC,20260907,86.32,86.59,85.62,86.0,1862601
NBIFIN,20260907,1991.8,2035.0,1964.0,1967.7,5452
NCC,20260907,149.7,153.33,146.56,150.67,3434160
NCLIND,20260907,180.21,182.0,175.64,178.3,62081
NDGL,20260907,2722.0,2839.9,2722.0,2790.0,121
NDL,20260907,2.83,3.06,2.79,2.98,2614796
NDLVENTURE,20260907,125.1,125.1,119.25,120.57,9138
NDRAUTO,20260907,727.0,727.0,716.5,721.45,8125
NDTV,20260907,74.27,75.29,72.5,72.87,81638
NEAGI,20260907,3300.0,3465.0,3298.0,3449.0,79
NECCLTD,20260907,19.43,19.43,19.0,19.42,463207
NECLIFE,20260907,12.11,12.4,11.9,12.07,252741
NELCAST,20260907,117.0,118.99,114.01,114.77,84949
NELCO,20260907,921.65,942.8,909.0,933.2,227379
NEOGEN,20260907,2148.8,2244.2,2127.5,2207.1,177696
NEPHROPLUS,20260907,704.9,715.7,697.55,710.85,189382
NESCO,20260907,1045.6,1093.3,1043.7,1076.0,114449
NESTLEIND,20260907,1401.0,1405.7,1392.9,1398.0,897310
NETF,20260907,254.86,261.9,254.86,258.45,5018
NETWEB,20260907,5215.0,5306.5,5135.0,5157.0,975374
NETWORK18,20260907,28.31,28.55,27.2,27.64,5566967
NEUEON,20260907,10.7,11.78,10.7,11.78,25826
NEULANDLAB,20260907,22565.0,22960.0,22415.0,22870.0,22291
NEWGEN,20260907,524.8,526.3,515.9,520.7,537213
NEXT30ADD,20260907,42.57,42.64,42.36,42.49,7601
NEXT50,20260907,758.88,758.88,748.49,748.99,177686
NEXT50ADD,20260907,73.28,73.35,72.95,73.04,2995
NEXT50BETA,20260907,79.05,79.44,78.5,78.66,77235
NEXT50ETF,20260907,74.88,74.88,73.14,73.23,15266
NEXT50IETF,20260907,79.18,79.18,76.45,76.79,512076
NEXTMEDIA,20260907,3.89,3.89,3.7,3.76,75733
NFL,20260907,70.5,70.7,70.05,70.32,287324
NGIL,20260907,41.48,41.48,39.15,40.11,6383
NGLFINE,20260907,2868.1,2907.9,2815.2,2873.0,7062
NH,20260907,1867.8,1920.0,1867.8,1911.8,329018
NHPC,20260907,76.25,77.05,75.55,76.0,8825125
NIACL,20260907,233.9,242.6,224.31,231.2,23442397
NIBE,20260907,1336.6,1336.6,1312.8,1318.0,29295
NIBL,20260907,30.8,32.0,30.32,30.71,14117
NICCOPAR,20260907,79.16,82.99,76.46,79.27,2359
NIF100BEES,20260907,269.24,269.24,264.03,264.6,47589
NIF100IETF,20260907,28.05,28.05,27.66,27.83,293260
NIF500BETA,20260907,38.29,38.3,37.21,37.24,2978
NIFTY1,20260907,269.8,269.8,263.91,264.2,61919
NIFTY100EW,20260907,35.43,35.43,34.74,34.85,326610
NIFTYADD,20260907,252.48,255.5,249.96,250.91,4423
NIFTYAXIS,20260907,263.55,265.61,263.01,263.61,53790
NIFTYBEES,20260907,273.19,273.78,270.9,271.21,5921896
NIFTYBETA,20260907,269.7,269.7,263.62,263.89,13709
NIFTYBETF,20260907,245.96,245.96,244.31,245.2,1491
NIFTYCASE,20260907,9.88,9.88,9.55,9.56,1224251
NIFTYETF,20260907,267.2,267.2,254.17,258.42,797690
NIFTYIETF,20260907,275.4,275.4,269.4,269.6,784440
NIFTYJBLK,20260907,12.59,13.05,12.03,12.31,221203
NIFTYQLITY,20260907,21.32,21.32,20.99,21.09,28266
NIITLTD,20260907,98.94,101.16,97.0,97.22,303377
NIITMTS,20260907,226.9,230.0,218.23,220.72,402338
NILAINFRA,20260907,6.74,6.75,6.62,6.71,226516
NILASPACES,20260907,12.34,12.42,12.07,12.23,1212332
NILE,20260907,1466.2,1487.9,1452.2,1459.0,3153
NILKAMAL,20260907,2121.8,2141.8,2050.0,2063.2,30738
NIMBSPROJ,20260907,149.9,150.0,142.5,143.51,1099
NINSYS,20260907,711.95,716.75,701.3,705.85,3673
NIPPOBATRY,20260907,329.9,330.0,325.0,325.25,1690
NIRAJ,20260907,28.46,29.39,28.45,28.88,13511
NIRAJISPAT,20260907,368.45,368.45,368.45,368.45,1523
NIRLON,20260907,620.05,624.8,604.55,615.15,15402
NITCO,20260907,95.51,96.04,92.55,93.84,1345082
NITINSPIN,20260907,639.05,639.95,625.05,627.45,38469
NITIRAJ,20260907,224.5,234.95,215.0,231.04,18036
NITTAGELA,20260907,1644.0,1691.5,1644.0,1677.8,6224
NIVABUPA,20260907,80.1,81.25,80.0,80.67,337165
NKIND,20260907,61.99,61.99,55.55,57.21,1387
NLCINDIA,20260907,275.8,278.0,268.3,269.3,1349980
NMDC,20260907,85.29,85.63,83.54,83.85,15859358
NOCIL,20260907,174.0,175.85,170.55,172.23,416468
NOIDATOLL,20260907,4.22,4.22,3.95,4.02,207178
NORBTEAEXP,20260907,70.34,73.0,67.7,67.71,1134
NORTHARC,20260907,303.75,311.0,299.05,306.0,1691631
NOVAAGRI,20260907,23.76,23.85,22.68,23.31,46319
NOVARTIND,20260907,1661.2,1699.0,1602.5,1639.6,73338
NPBET,20260907,290.32,290.32,287.0,287.34,655
NPST,20260907,1713.8,1746.8,1691.2,1740.4,38352
NRAIL,20260907,595.0,631.0,584.0,589.95,145834
NRBBEARING,20260907,457.0,485.35,451.1,483.0,1028877
NRL,20260907,129.5,133.26,125.0,132.78,251730
NSIL,20260907,5675.0,5785.0,5661.0,5677.0,1489
NSLNISP,20260907,46.65,46.98,45.44,45.87,5748765
NTCIND,20260907,133.82,137.79,131.15,134.57,3390
NTPC,20260907,332.5,333.8,330.35,332.0,5245813
NTPCGREEN,20260907,89.39,89.5,88.06,88.16,1311104
NUCLEUS,20260907,730.0,730.0,706.4,718.4,49947
NURECA,20260907,322.7,325.0,313.1,319.2,2872
NUVAMA,20260907,1815.6,1859.0,1815.0,1832.4,217617
NUVOCO,20260907,352.85,353.45,341.0,345.1,863221
NV20,20260907,14.0,14.0,13.8,13.82,90008
NV20BEES,20260907,139.5,139.5,138.01,138.43,19458
NV20IETF,20260907,13.56,13.75,13.19,13.49,533872
NYKAA,20260907,331.0,339.75,330.1,332.7,4285910
OAL,20260907,519.9,544.7,491.05,537.35,139317
OBCL,20260907,56.29,56.29,55.0,55.03,4087
OBEROIRLTY,20260907,1876.0,1885.5,1847.5,1847.5,206196
OCCLLTD,20260907,163.0,168.0,160.0,164.42,49800
ODIGMA,20260907,23.45,23.9,22.28,22.46,35479
ODYCORP,20260907,7.89,7.89,7.06,7.26,144311
OFSS,20260907,12105.0,12110.0,11679.0,11847.0,185270
OIL,20260907,490.8,492.75,481.45,487.0,2811694
OILCOUNTUB,20260907,65.0,65.0,63.7,63.75,42503
OILIETF,20260907,11.08,11.4,11.08,11.26,1268013
OLAELEC,20260907,38.0,38.7,37.43,37.96,28426081
OLECTRA,20260907,1229.0,1238.0,1203.5,1207.4,266992
OMAXAUTO,20260907,182.0,183.0,176.0,177.63,61613
OMAXE,20260907,134.0,136.56,128.39,129.82,2495006
OMFREIGHT,20260907,88.0,91.5,88.0,88.03,3769
OMINFRAL,20260907,84.7,85.1,83.1,83.64,39818
OMNI,20260907,529.95,534.05,513.0,519.55,289190
OMPOWER,20260907,175.6,178.0,169.06,170.31,142210
ONEGLOBAL,20260907,535.1,544.95,515.3,522.0,14827
ONELIFECAP,20260907,33.1,33.1,30.85,31.99,11986
ONEPOINT,20260907,57.5,59.7,56.87,57.73,1177260
ONESOURCE,20260907,1552.9,1573.0,1530.0,1552.3,140096
ONGC,20260907,235.98,235.98,232.77,233.7,5391548
ONIDA,20260907,34.5,35.29,34.5,34.81,195059
ONIXSOLAR,20260907,418.45,423.35,383.05,423.2,900835
ONMOBILE,20260907,48.77,49.19,48.77,49.15,94234
ONWARDTEC,20260907,280.0,286.45,280.0,283.85,27744
OPTIEMUS,20260907,569.3,579.3,556.9,560.45,148080
OPTIFIN,20260907,14.15,15.79,13.5,14.43,64263
ORBTEXP,20260907,229.0,244.9,229.0,239.0,3707
ORCHASP,20260907,1.39,1.42,1.29,1.29,409348
ORCHPHARMA,20260907,949.9,955.15,942.0,947.1,12349
ORICONENT,20260907,54.15,54.94,52.5,52.92,51117
ORIENTALTL,20260907,5.34,5.43,5.03,5.12,115176
ORIENTBELL,20260907,418.0,434.95,411.75,415.1,107644
ORIENTCEM,20260907,130.3,130.3,125.1,126.56,315036
ORIENTCER,20260907,43.91,44.89,43.07,44.6,64878
ORIENTELEC,20260907,180.0,180.5,175.11,176.38,72511
ORIENTHOT,20260907,139.05,140.26,138.1,139.11,347072
ORIENTLTD,20260907,82.99,82.99,78.1,81.49,222
ORIENTPPR,20260907,17.03,19.28,16.85,18.81,2027757
ORIENTTECH,20260907,237.2,237.9,234.0,235.16,122613
ORIRAIL,20260907,132.0,134.7,126.6,127.28,158500
ORISSAMINE,20260907,4315.0,4340.0,4167.9,4189.9,7107
ORKLAINDIA,20260907,591.15,598.2,587.0,590.7,39698
ORTEL,20260907,1.85,1.85,1.85,1.85,25
ORTINGLOBE,20260907,15.82,15.89,15.26,15.44,5143
OSIAHYPER,20260907,2.47,2.54,2.38,2.45,319369
OSWALAGRO,20260907,36.2,37.79,36.2,36.61,22621
OSWALGREEN,20260907,20.59,20.88,20.13,20.27,116996
OSWALPUMPS,20260907,279.0,281.0,273.7,274.4,458203
OSWALSEEDS,20260907,11.51,12.59,11.51,12.06,77347
PACEDIGITK,20260907,169.0,171.72,159.99,161.09,1573488
PACIFICI,20260907,143.11,144.0,140.0,140.0,391
PAGEIND,20260907,36300.0,36495.0,35625.0,35825.0,11706
PAISALO,20260907,74.37,80.0,74.25,79.41,35087813
PAKKA,20260907,74.5,77.9,73.75,77.22,270324
PALASHSECU,20260907,90.17,90.17,89.2,89.2,438
PALREDTEC,20260907,55.83,57.75,55.83,56.12,2454
PANACEABIO,20260907,378.55,383.0,376.6,378.4,45995
PANACHE,20260907,525.0,526.0,514.5,526.0,6263
PANAMAPET,20260907,495.55,504.9,480.1,481.35,245862
PANCHMAHQ,20260907,300.0,300.0,272.95,296.85,27
PANORAMA,20260907,47.81,49.4,47.69,48.87,357826
PANSARI,20260907,299.95,307.3,299.9,300.45,373
PAR,20260907,148.88,148.88,148.88,148.88,13035
PARACABLES,20260907,65.3,67.32,65.16,65.61,1407319
PARADEEP,20260907,157.5,159.0,155.65,157.98,3228904
PARAGMILK,20260907,254.6,257.85,243.95,250.25,1227989
PARAS,20260907,1414.9,1494.7,1414.4,1489.4,1794488
PARASPETRO,20260907,2.09,2.17,2.09,2.15,159359
PARKHOSPS,20260907,286.0,290.9,280.05,286.8,816945
PARKHOTELS,20260907,112.2,113.1,110.98,111.21,61379
PARNAXLAB,20260907,134.99,136.8,122.05,132.99,337
PARSVNATH,20260907,1.6,1.6,1.6,1.6,62274
PASHUPATI,20260907,83.8,98.32,81.0,81.34,587440
PASUPTAC,20260907,69.4,69.45,66.55,67.32,116622
PATANJALI,20260907,344.0,344.0,336.15,340.9,1977606
PATELENG,20260907,27.38,27.55,26.95,27.1,1622375
PATELRMART,20260907,218.32,228.0,215.66,217.99,82912
PATINTLOG,20260907,13.61,13.61,13.2,13.41,44088
PAUSHAKLTD,20260907,790.9,790.9,760.0,763.1,19900
PAVNAIND,20260907,17.6,17.6,15.36,16.09,304883
PAYTM,20260907,1659.6,1669.3,1642.0,1664.0,1822600
PCBL,20260907,316.0,322.8,313.35,317.45,1125415
PCJEWELLER,20260907,12.29,14.08,12.21,13.93,2196523618
PDMJEPAPER,20260907,93.0,108.99,93.0,101.43,5921103
PDSL,20260907,360.0,360.95,347.2,349.6,112309
PEARLPOLY,20260907,15.08,15.79,15.08,15.3,3678
PENIND,20260907,171.4,178.68,169.5,175.96,1301524
PENINLAND,20260907,17.14,17.14,16.05,16.17,226908
PERMAGN,20260907,905.7,905.7,867.8,872.0,2107
PERNIASPOP,20260907,535.0,588.9,515.85,568.55,8722845
PERSISTENT,20260907,5610.0,5622.0,5522.0,5540.0,404979
PETRONET,20260907,288.1,293.8,288.1,290.95,1737649
PFC,20260907,355.75,359.15,353.0,353.1,6560499
PFIZER,20260907,4598.8,4610.0,4557.0,4596.5,17548
PFOCUS,20260907,309.0,315.0,301.0,311.75,1727525
PFS,20260907,27.0,27.87,26.71,27.39,499077
PGEL,20260907,560.0,564.65,554.5,559.55,667138
PGHH,20260907,7669.0,7719.5,7602.0,7634.5,10292
PGHL,20260907,5699.5,5706.5,5650.0,5667.0,4981
PGIL,20260907,2277.0,2299.8,2249.5,2257.2,35644
PHARMABEES,20260907,27.42,27.5,26.9,27.4,4126001
PHOENIXLTD,20260907,1942.0,1942.0,1899.1,1905.0,253740
PHOENXINTL,20260907,31.9,31.9,29.32,29.68,2251
PICCADIL,20260907,616.15,634.8,611.0,617.95,363733
PIDILITIND,20260907,1625.9,1628.9,1575.0,1575.0,591643
PIGL,20260907,100.9,100.9,97.81,98.35,63190
PIIND,20260907,2454.0,2468.5,2428.0,2430.0,104432
PILANIINVS,20260907,4349.8,4349.8,4282.1,4298.7,869
PILITA,20260907,8.14,8.24,7.74,7.85,66138
PINELABS,20260907,168.0,168.48,163.85,164.49,10783461
PIONEEREMB,20260907,21.61,21.98,21.17,21.74,6135
PIONRINV,20260907,79.75,80.05,79.75,80.05,1487
PIRAMALFIN,20260907,2221.2,2290.8,2209.9,2261.0,500739
PITTIENG,20260907,1084.9,1228.0,1084.0,1176.2,1699396
PIXTRANS,20260907,1793.0,1830.5,1750.0,1754.9,12137
PKTEA,20260907,808.0,963.15,808.0,963.15,13475
PLASTIBLEN,20260907,187.91,197.69,185.0,193.14,57836
PLATIND,20260907,232.0,239.5,232.0,233.73,88487
PLAZACABLE,20260907,60.9,61.2,58.45,59.05,145018
PML,20260907,503.5,503.5,486.15,489.75,28
PNB,20260907,116.41,117.17,115.55,115.6,11062919
PNBGILTS,20260907,83.08,84.3,81.52,81.87,330796
PNBHOUSING,20260907,1166.0,1188.9,1163.7,1182.1,721594
PNC,20260907,16.63,17.0,15.72,16.35,10105
PNCINFRA,20260907,182.5,183.68,180.7,181.71,203926
PNGJL,20260907,612.0,634.7,612.0,618.95,1030718
PNGSREVA,20260907,519.9,564.5,519.05,540.15,502653
POCL,20260907,478.1,479.95,464.95,467.95,236111
PODDARMENT,20260907,257.8,285.0,256.1,277.85,23704
POEL,20260907,146.91,151.76,144.0,145.39,43276
POKARNA,20260907,815.2,828.0,795.1,803.0,48658
POLICYBZR,20260907,1830.0,1843.2,1752.3,1792.0,1228810
POLYCAB,20260907,8310.0,8361.5,8175.0,8261.0,568946
POLYMED,20260907,1705.0,1767.8,1695.1,1701.1,193636
POLYPLEX,20260907,1185.0,1192.8,1166.1,1180.0,35308
POLYSPIN,20260907,29.5,29.5,29.42,29.42,507
PONNIERODE,20260907,381.5,396.25,381.05,386.85,39314
POONAWALLA,20260907,468.0,468.05,456.3,459.15,452170
POWERGRID,20260907,266.0,268.8,264.25,266.45,7015606
POWERICA,20260907,527.65,531.4,507.1,512.1,197171
POWERINDIA,20260907,31635.0,32175.0,31635.0,31775.0,50681
POWERMECH,20260907,2311.0,2388.0,2311.0,2359.8,55807
PPAP,20260907,262.9,262.9,252.3,256.15,11250
PPL,20260907,261.0,273.8,260.5,270.05,39747
PPLPHARMA,20260907,214.23,221.8,213.12,219.66,6407335
PRABHA,20260907,235.1,245.0,231.0,243.39,1535655
PRADPME,20260907,495.0,495.0,485.05,490.75,3715
PRAENG,20260907,24.69,25.7,24.1,24.25,114004
PRAJIND,20260907,334.0,344.0,333.6,336.55,380568
PRAKASH,20260907,126.68,126.68,124.31,125.08,445797
PRAKASHSTL,20260907,3.87,3.9,3.7,3.75,119894
PRAVEG,20260907,268.8,268.8,262.55,264.55,17250
PRAXIS,20260907,4.88,4.88,4.6,4.66,250069
PRECAM,20260907,123.05,126.0,122.77,123.98,117683
PRECOT,20260907,705.0,705.0,688.6,693.9,2931
PRECWIRE,20260907,470.3,471.3,455.4,460.95,442911
PREMCO,20260907,392.5,394.95,384.0,391.95,1109
PREMEXPLN,20260907,663.0,667.45,662.4,663.25,168558
PREMIER,20260907,2.74,2.75,2.65,2.74,1156
PREMIERENE,20260907,999.7,1006.6,987.0,990.0,543434
PREMIERPOL,20260907,95.36,95.73,90.57,91.45,273939
PRESTIGE,20260907,1595.0,1595.0,1550.0,1550.0,231985
PRICOLLTD,20260907,767.0,784.0,765.1,779.35,303473
PRIMESECU,20260907,283.05,283.4,277.5,278.9,21379
PRIMO,20260907,21.27,21.35,20.85,20.87,56833
PRINCEPIPE,20260907,283.0,291.35,283.0,283.95,142855
PRIORITY,20260907,245.0,245.0,229.43,229.92,730027
PRISMX,20260907,0.55,0.56,0.53,0.54,130426
PRITI,20260907,33.6,33.6,33.25,33.34,2791
PRITIKAUTO,20260907,16.26,16.26,15.46,15.76,555392
PRIVISCL,20260907,3387.2,3420.7,3349.0,3382.6,71960
PROSTARM,20260907,135.84,143.95,135.32,138.86,638920
PROTEAN,20260907,496.3,517.75,493.2,515.4,393890
PROZONER,20260907,50.9,50.9,47.8,48.01,200743
PRSMJOHNSN,20260907,111.99,112.96,111.0,112.21,279614
PRUDENT,20260907,3336.8,3400.3,3322.6,3367.7,47991
PRUDMOULI,20260907,16.5,16.99,15.51,16.88,29253
PSB,20260907,23.23,23.25,22.92,22.98,658224
PSPPROJECT,20260907,883.2,883.75,865.0,869.05,30351
PSUBANK,20260907,83.8,85.93,83.8,84.42,81863
PSUBANKADD,20260907,86.36,86.36,85.0,85.39,35983
PSUBNKBEES,20260907,96.8,96.8,93.97,94.21,1692469
PSUBNKIETF,20260907,86.96,86.96,85.2,85.42,109940
PTC,20260907,157.0,157.0,154.4,154.78,953200
PTCIL,20260907,23770.0,24030.0,23505.0,23755.0,29308
PTL,20260907,38.73,39.2,38.35,38.69,32700
PUNJABCHEM,20260907,1105.7,1105.9,1090.0,1098.4,2526
PURVA,20260907,232.0,232.0,221.21,223.02,633537
PVP,20260907,70.0,71.0,64.55,65.16,2458317
PVRINOX,20260907,1199.1,1199.1,1125.7,1156.5,3208552
PVSL,20260907,102.0,105.15,100.0,100.54,38417
PVTBANIETF,20260907,28.47,28.47,27.93,28.02,662433
PVTBANK,20260907,28.1,28.1,27.78,27.87,7757
PVTBANKADD,20260907,28.25,28.29,28.17,28.24,26044
PVTBKGROWW,20260907,27.79,27.99,27.57,27.9,5456
PWL,20260907,127.47,130.32,126.54,129.67,18012338
PYRAMID,20260907,154.2,154.76,150.6,151.3,42997
QGOLDHALF,20260907,125.99,126.12,125.0,125.79,367265
QMSMEDI,20260907,162.9,165.0,156.0,161.87,28479
QNIFTY,20260907,266.2,266.2,261.6,262.18,5242
QPOWER,20260907,1559.8,1570.0,1460.0,1482.5,660514
QUADFUTURE,20260907,417.9,432.6,414.35,415.65,432652
QUAL30IETF,20260907,21.07,21.33,20.76,20.82,125990
QUALITY30,20260907,20.65,21.0,20.4,20.49,5483
QUESS,20260907,351.1,358.0,337.8,339.6,398988
QUICKHEAL,20260907,147.1,164.43,147.0,153.16,833659
QUINT,20260907,40.68,41.0,38.22,39.3,7999
QUINTEGRA,20260907,1.22,1.27,1.15,1.15,25979
RACE,20260907,100.99,102.0,98.31,99.92,7233
RACLGEAR,20260907,1580.0,1606.4,1553.0,1573.7,27158
RADAAN,20260907,3.0,3.04,2.92,3.0,21177
RADHIKAJWE,20260907,84.62,97.4,84.61,94.28,31907643
RADIANTCMS,20260907,43.27,43.45,42.05,42.72,571809
RADICO,20260907,4470.0,4496.0,4433.0,4444.0,110526
RADIOCITY,20260907,6.28,6.36,6.2,6.23,37379
RAILTEL,20260907,271.0,274.5,268.05,270.05,399954
RAIN,20260907,215.0,216.8,210.15,211.38,2224146
RAINBOW,20260907,1447.2,1487.6,1442.0,1469.9,115787
RAJESHEXPO,20260907,84.99,84.99,78.87,79.72,136629
RAJMET,20260907,3.16,3.16,3.1,3.15,316026
RAJOOENG,20260907,52.98,54.16,52.0,54.16,496256
RAJPALAYAM,20260907,800.0,804.95,762.6,775.65,2828
RAJRATAN,20260907,502.0,508.3,485.45,488.8,75607
RAJRILTD,20260907,22.08,22.08,21.65,21.65,5441
RAJSREESUG,20260907,36.09,37.27,35.11,35.68,57781
RAJTV,20260907,8.05,8.47,8.0,8.47,76436
RALLIS,20260907,209.1,209.84,205.36,206.15,517541
RAMANEWS,20260907,31.43,32.95,31.15,32.64,35616
RAMAPHO,20260907,126.0,126.0,123.0,124.2,14683
RAMASTEEL,20260907,4.0,4.1,4.0,4.1,1943527
RAMBHAJO,20260907,270.4,288.3,270.4,276.32,1832168
RAMCOCEM,20260907,884.55,890.0,868.0,871.5,156814
RAMCOIND,20260907,323.95,325.9,318.0,323.05,100157
RAMCOSYS,20260907,604.0,620.0,600.6,604.35,84590
RAMKY,20260907,346.25,349.45,337.05,339.6,39929
RAMRAT,20260907,560.65,564.0,521.95,527.2,336077
RANASUG,20260907,14.8,15.51,14.8,14.99,558685
RANEHOLDIN,20260907,1651.9,1705.0,1651.0,1673.0,37763
RATEGAIN,20260907,854.0,861.65,843.2,856.5,226177
RATNAMANI,20260907,2726.0,2741.1,2638.3,2658.5,40860
RATNAVEER,20260907,307.4,316.0,303.0,306.45,3736782
RAYMOND,20260907,740.85,789.6,736.3,772.4,3293248
RAYMONDLSL,20260907,666.0,678.95,657.05,672.9,123831
RAYMONDREL,20260907,530.0,558.8,530.0,553.7,510573
RBA,20260907,97.3,98.0,95.61,96.41,2031006
RBLBANK,20260907,416.0,418.25,407.85,415.0,3484526
RBZJEWEL,20260907,198.99,199.0,186.18,190.71,1090155
RCF,20260907,115.02,115.4,113.52,113.92,870216
RCOM,20260907,0.81,0.85,0.81,0.85,5380404
RECLTD,20260907,319.0,321.4,316.05,316.4,3769684
REDINGTON,20260907,371.05,381.6,370.0,378.2,5166393
REDTAPE,20260907,120.43,121.54,118.48,118.81,178625
REFEX,20260907,283.0,284.65,276.5,277.15,192648
REGAAL,20260907,89.0,89.28,87.19,88.16,165613
REGENCERAM,20260907,37.99,37.99,34.51,35.0,1964
RELAXO,20260907,344.75,345.0,335.75,338.05,108144
RELCHEMQ,20260907,116.73,116.73,112.37,113.33,3050
RELIABLE,20260907,141.0,141.97,123.55,138.12,32235
RELIANCE,20260907,1323.1,1324.2,1301.9,1309.5,10210522
RELIGARE,20260907,257.08,260.5,254.01,255.45,1240789
RELINFRA,20260907,57.0,58.16,56.99,58.16,79789
RELTD,20260907,160.95,160.95,156.71,159.21,198563
REMSONSIND,20260907,99.9,104.6,97.02,97.86,94298
RENUKA,20260907,24.1,25.57,24.1,25.15,34693464
REPCOHOME,20260907,361.0,361.0,355.3,358.75,48377
REPL,20260907,62.0,63.13,60.43,60.99,22087
REPRO,20260907,322.15,325.9,316.2,324.25,6875
RESPONIND,20260907,152.39,152.39,147.0,148.15,1222693
RETAIL,20260907,17.0,17.0,16.5,16.59,2827
RGL,20260907,151.0,157.0,148.11,153.1,1856449
RHETAN,20260907,26.69,26.69,26.68,26.68,8256003
RHFL,20260907,1.88,1.88,1.8,1.82,465042
RHIM,20260907,371.8,375.15,369.0,373.8,150341
RHL,20260907,166.3,170.0,165.0,166.16,8578
RICOAUTO,20260907,130.42,135.95,129.08,135.47,2142105
RIIL,20260907,750.0,753.0,730.0,732.4,83105
RIR,20260907,175.04,203.83,175.04,191.95,11233703
RISHABH,20260907,739.95,815.0,739.95,809.95,774109
RITCO,20260907,302.0,331.15,301.45,319.8,574280
RITES,20260907,215.8,217.94,214.11,215.8,244159
RKDL,20260907,18.39,18.86,18.14,18.25,8760
RKEC,20260907,22.1,22.1,20.0,20.3,87634
RKFORGE,20260907,700.0,711.0,691.0,706.25,698070
RKSWAMY,20260907,94.0,94.79,92.37,93.66,49297
RMC,20260907,233.54,241.02,230.0,233.31,68499
RMDRIP,20260907,21.05,22.0,21.05,21.84,350403
RML,20260907,1280.0,1410.0,1251.1,1388.2,976998
RNBDENIMS,20260907,9.76,10.69,9.76,10.49,290850
ROHLTD,20260907,297.0,305.25,297.0,303.9,30726
ROLEXRINGS,20260907,173.0,178.8,172.01,175.67,1410147
ROLLT,20260907,4.5,4.58,4.31,4.58,990134
ROML,20260907,42.1,43.23,42.0,43.01,4076
ROSSARI,20260907,465.0,465.0,456.0,458.5,57155
ROSSELLIND,20260907,57.04,57.85,56.12,56.92,43055
ROSSTECH,20260907,1156.3,1172.0,1139.6,1148.2,107652
ROTO,20260907,65.0,65.36,63.16,63.59,166395
ROUTE,20260907,500.5,522.5,497.1,512.05,219416
RPEL,20260907,1819.1,1821.5,1635.6,1681.2,312911
RPGLIFE,20260907,2746.0,2781.1,2651.0,2673.4,13615
RPOWER,20260907,22.08,22.52,21.73,21.94,19788828
RPPINFRA,20260907,53.97,54.99,53.39,54.28,984315
RPPL,20260907,23.5,23.5,22.16,23.32,48148
RPSGVENT,20260907,834.65,834.65,811.1,816.5,22339
RPTECH,20260907,824.8,869.8,824.8,853.4,412998
RRECL,20260907,137.0,138.9,126.2,132.27,1004
RRIL,20260907,16.66,16.8,16.45,16.54,12846
RRKABEL,20260907,2430.8,2484.0,2353.7,2387.1,1299097
RSDFIN,20260907,93.05,99.91,93.05,96.94,1479
RSL,20260907,181.5,188.4,181.5,186.05,322525
RSSOFTWARE,20260907,30.94,30.94,29.3,29.59,29124
RSWM,20260907,220.63,226.9,212.0,217.69,35426
RSYSTEMS,20260907,260.0,260.0,250.09,250.72,115816
RTNINDIA,20260907,27.78,28.8,27.5,28.14,1961722
RTNPOWER,20260907,7.4,7.47,7.2,7.32,23370904
RTSPOWR,20260907,93.95,93.95,88.0,89.68,2950
RUBFILA,20260907,69.15,72.0,68.5,70.96,110771
RUBICON,20260907,1760.1,1796.1,1740.5,1748.4,84252
RUBYMILLS,20260907,446.1,499.05,435.0,457.0,175583
RUCHINFRA,20260907,5.75,5.89,5.6,5.62,195310
RUCHIRA,20260907,109.0,112.0,106.0,107.88,285875
RUDRA,20260907,20.33,20.65,20.01,20.04,31696
RUPA,20260907,144.35,145.31,142.21,142.92,71290
RUSHIL,20260907,16.03,16.47,15.82,16.04,513661
RUSTOMJEE,20260907,377.0,377.0,366.0,366.9,24787
RVHL,20260907,40.03,41.99,39.14,40.2,13726
RVNL,20260907,215.08,216.45,209.36,210.05,12205275
RVTH,20260907,735.0,735.0,717.1,717.5,4493
S&SPOWER,20260907,333.3,337.4,326.0,334.0,1689
SAATVIKGL,20260907,420.45,426.65,418.05,421.0,33301
SAB,20260907,184.41,192.6,183.5,192.6,64
SADBHAV,20260907,8.14,8.14,8.0,8.02,96462
SADBHIN,20260907,2.51,2.62,2.51,2.58,139939
SADHNANIQ,20260907,2.77,2.77,2.77,2.77,1526451
SAFARI,20260907,1540.0,1554.9,1526.2,1537.8,25661
SAGARDEEP,20260907,23.85,23.85,23.6,23.64,2852
SAGCEM,20260907,154.13,155.89,151.3,153.64,36273
SAGILITY,20260907,46.82,46.97,45.88,45.95,9292276
SAHLIBHFI,20260907,90.2,90.2,85.5,86.54,24595
SAHYADRI,20260907,399.8,406.9,386.2,394.55,44941
SAICAPI,20260907,158.34,158.34,133.5,141.6,903
SAIL,20260907,196.99,196.99,187.3,187.9,32633382
SAILIFE,20260907,1590.0,1599.8,1567.4,1579.6,456700
SAIPARENT,20260907,524.0,524.0,513.75,516.45,98724
SAKAR,20260907,1021.0,1124.0,1018.95,1109.2,339553
SAKHTISUG,20260907,19.83,20.8,19.8,19.96,333634
SAKSOFT,20260907,155.03,155.04,150.66,151.77,199363
SAKUMA,20260907,1.65,1.65,1.61,1.62,771720
SALASAR,20260907,5.17,5.26,5.01,5.09,6552808
SALONA,20260907,265.4,265.4,261.5,263.45,3
SALSTEEL,20260907,81.99,84.5,79.0,81.8,670446
SALZERELEC,20260907,550.05,554.0,546.0,551.1,28522
SAMBANDAM,20260907,121.0,121.0,120.1,120.4,160
SAMBHAAV,20260907,6.1,6.1,5.51,5.85,30372
SAMBHV,20260907,129.6,134.0,127.98,133.53,2426547
SAMHI,20260907,151.0,157.2,148.92,155.77,1637051
SAMMAANCAP,20260907,159.2,159.2,154.6,155.92,4790140
SAMPANN,20260907,24.61,25.7,24.4,24.54,29722
SANATHAN,20260907,458.1,476.6,455.0,470.9,358640
SANDESH,20260907,1069.9,1069.9,1038.5,1053.9,697
SANDHAR,20260907,628.5,632.7,618.75,620.4,160536
SANDUMA,20260907,200.79,200.79,194.5,195.17,547791
SANGAMIND,20260907,579.3,579.3,572.0,576.3,5704
SANGHVIMOV,20260907,436.7,443.95,434.2,438.6,194873
SANGINITA,20260907,60.69,60.69,60.69,60.69,84263
SANOFI,20260907,3162.2,3162.3,3114.4,3122.0,9580
SANOFICONR,20260907,4210.0,4210.0,4075.0,4106.0,2789
SANSERA,20260907,3782.6,3921.0,3782.6,3896.3,134580
SANSTAR,20260907,110.05,112.05,108.8,110.01,228597
SANWARIA,20260907,0.18,0.19,0.18,0.19,1083859
SAPPHIRE,20260907,228.04,230.0,225.09,228.18,329020
SAPPL,20260907,272.1,303.3,272.1,276.6,2393
SARDAEN,20260907,508.8,515.4,503.7,512.5,336777
SAREGAMA,20260907,492.6,502.0,484.05,494.3,382387
SARLAPOLY,20260907,100.2,103.0,99.32,101.78,32414
SARVESHWAR,20260907,3.55,3.69,3.4,3.67,5003962
SASKEN,20260907,1910.0,1930.0,1810.0,1826.6,26468
SATIA,20260907,63.01,70.5,63.01,68.19,793900
SATIN,20260907,220.75,221.45,216.2,216.94,242756
SAURASHCEM,20260907,58.0,58.02,55.5,55.8,110734
SAYAJIHOTL,20260907,333.85,333.85,323.0,323.0,4
SAYAJIIND,20260907,116.51,116.51,116.5,116.5,117
SBC,20260907,46.0,47.8,45.71,46.87,9874017
SBCL,20260907,1121.0,1138.4,1077.0,1092.1,314685
SBFC,20260907,99.7,99.8,97.5,98.48,647488
SBGLP,20260907,23.97,25.59,23.36,23.81,12002
SBIBPB,20260907,50.04,50.04,48.83,49.08,69439
SBICARD,20260907,653.1,674.65,648.75,674.65,2781077
SBIETFCON,20260907,119.89,120.97,119.26,119.35,3094
SBIETFIT,20260907,341.95,341.95,331.52,333.91,164912
SBIETFPB,20260907,283.57,285.0,282.98,283.54,2369
SBIETFQLTY,20260907,221.86,221.86,219.0,219.42,4699
SBIFUNDS,20260907,561.0,561.3,555.05,557.8,891727
SBILIFE,20260907,1775.0,1775.0,1727.8,1732.0,1155352
SBILIQETF,20260907,1054.92,1054.92,1054.9,1054.91,176911
SBIMIDMOM,20260907,64.09,64.09,63.5,63.53,12720
SBIN,20260907,1020.8,1021.7,1000.6,1005.9,10220001
SBINEQWETF,20260907,33.26,33.26,32.9,32.93,28815
SBINMID150,20260907,23.26,23.41,23.08,23.15,22338
SBISILVER,20260907,227.0,227.0,224.0,225.27,519370
SBISMLETF,20260907,18.55,18.8,18.31,18.5,59139
SBIVALETF,20260907,14.82,14.82,14.6,14.6,8194
SCANSTL,20260907,59.0,60.8,57.3,59.85,32163
SCHAEFFLER,20260907,3956.4,4025.5,3900.0,3999.6,31084
SCHAND,20260907,137.5,137.5,131.66,133.34,19360
SCHNEIDER,20260907,1224.2,1228.8,1190.0,1193.6,134222
SCI,20260907,295.35,298.25,292.6,293.75,1033416
SCILAL,20260907,39.8,39.85,39.1,39.27,172331
SCODATUBES,20260907,135.98,136.5,129.3,130.33,204606
SCPL,20260907,646.3,675.0,645.3,655.05,24090
SDBL,20260907,74.1,77.5,74.0,75.02,1759825
SEAMECLTD,20260907,1795.0,1828.9,1753.6,1779.9,57558
SECMARK,20260907,143.0,146.0,135.25,143.24,3254
SECURKLOUD,20260907,17.05,17.5,16.6,17.12,9354
SEDEMAC,20260907,2798.0,2890.0,2794.8,2876.2,68747
SEIL,20260907,201.0,201.32,196.9,200.17,294366
SEJALLTD,20260907,661.85,679.3,652.8,666.05,5532
SEKURITIND,20260907,114.56,115.0,114.01,114.16,27540
SELECTIPO,20260907,49.86,49.86,48.42,48.47,70853
SELMC,20260907,27.48,28.5,26.51,26.83,12229
SEMAC,20260907,280.0,290.0,280.0,282.0,794
SENCO,20260907,357.4,368.75,356.6,365.1,1718666
SENORES,20260907,1428.4,1512.0,1410.4,1497.5,404434
SENSEXADD,20260907,79.29,79.29,78.45,78.54,1646
SENSEXAXIS,20260907,80.67,81.0,78.8,78.99,2416
SENSEXBETA,20260907,850.89,851.5,843.0,843.38,1030
SENSEXETF,20260907,78.9,79.5,78.5,78.59,24303
SENSEXIETF,20260907,884.25,886.09,875.01,876.69,11792
SEPC,20260907,5.36,5.45,5.33,5.41,5271492
SERVOTECH,20260907,78.2,80.48,78.2,79.03,312588
SESHAPAPER,20260907,232.0,248.79,232.0,242.37,250778
SETCO,20260907,17.79,17.89,17.01,17.53,38839
SETF10GILT,20260907,264.5,264.5,262.39,263.32,28655
SETFGOLD,20260907,129.94,129.94,128.64,129.56,7528668
SETFNIF50,20260907,258.7,258.7,255.5,256.36,1045454
SETFNIFBK,20260907,590.86,590.86,586.01,587.34,56526
SETFNN50,20260907,788.2,794.9,776.81,780.05,35829
SETL,20260907,410.0,412.8,388.55,388.55,1261874
SETUINFRA,20260907,0.58,0.59,0.58,0.59,22994
SEYAIND,20260907,12.25,12.48,12.02,12.41,7414
SFL,20260907,647.0,652.05,637.5,642.7,69226
SGFIN,20260907,675.7,691.85,675.7,677.6,118788
SGIL,20260907,610.0,610.0,600.0,600.85,3866
SGL,20260907,10.0,10.3,9.82,9.83,3686
SGLRES,20260907,2.47,2.53,2.32,2.5,42931
SGMART,20260907,828.7,847.5,805.4,810.4,166232
SGRL,20260907,700.0,717.0,698.35,714.2,9913
SHADOWFAX,20260907,260.95,260.95,248.05,250.2,2178213
SHAH,20260907,3.51,3.6,3.44,3.46,1158873
SHAHALLOYS,20260907,100.5,104.25,96.43,102.63,57275
SHAILY,20260907,3262.6,3394.0,3252.6,3348.7,174319
SHAKTIPUMP,20260907,471.2,475.0,465.0,466.95,332018
SHALBY,20260907,152.51,153.99,151.0,151.24,31659
SHALPAINTS,20260907,83.0,85.94,82.0,83.9,336078
SHANKARA,20260907,149.0,150.0,147.0,148.26,135828
SHANKESH,20260907,100.09,106.85,99.8,102.37,10083730
SHANTI,20260907,6.13,6.6,6.0,6.5,136721
SHANTIGEAR,20260907,620.0,652.0,606.0,640.0,433775
SHANTIGOLD,20260907,261.48,277.0,260.41,270.72,4067799
SHARDACROP,20260907,772.1,776.95,765.0,767.45,63229
SHARDAMOTR,20260907,885.5,898.85,880.2,890.05,41347
SHARDUL,20260907,54.9,54.9,53.55,54.06,4677
SHAREINDIA,20260907,170.5,174.98,170.5,171.86,325602
SHARIABEES,20260907,455.1,457.98,446.0,447.05,14600
SHBAJRG,20260907,160.0,163.2,158.3,161.97,962
SHEKHAWATI,20260907,15.52,16.29,14.85,16.01,23177
SHEMAROO,20260907,123.5,128.35,123.5,124.69,6269
SHERVANI,20260907,316.0,316.0,305.05,305.15,349
SHILCTECH,20260907,4085.6,4217.0,4020.4,4187.0,30568
SHILGRAVQ,20260907,148.0,152.95,147.5,150.25,1004
SHILPAMED,20260907,974.0,980.1,923.0,939.5,1088314
SHINDL,20260907,162.32,167.9,159.46,162.77,176047
SHIPROCKET,20260907,135.92,141.9,132.52,135.21,9262559
SHIVAAGRO,20260907,43.44,45.0,38.0,41.41,24597
SHIVACEM,20260907,16.47,16.5,15.56,16.07,58521
SHIVALIK,20260907,332.0,344.0,312.0,316.85,129342
SHIVAMAUTO,20260907,18.01,18.01,17.28,17.33,29199
SHIVAMILLS,20260907,60.9,62.98,59.51,60.99,2663
SHIVATEX,20260907,182.85,185.0,177.26,179.46,5838
SHIVAUM,20260907,455.0,459.4,450.5,453.7,2794
SHK,20260907,151.0,151.0,147.1,148.0,262326
SHOPERSTOP,20260907,383.65,383.7,371.85,376.3,18095
SHRADDHA,20260907,161.5,161.5,151.05,154.92,3018
SHRADHA,20260907,31.48,32.11,31.02,31.47,12901
SHREDIGCEM,20260907,73.0,74.44,71.2,72.04,89317
SHREECEM,20260907,23855.0,23920.0,23365.0,23365.0,17715
SHREEJISPG,20260907,690.0,704.25,676.9,699.8,1404657
SHREEPUSHK,20260907,480.4,535.4,478.0,514.9,399174
SHREERAMA,20260907,45.17,45.17,43.11,43.84,42678
SHRENIK,20260907,0.3,0.3,0.29,0.29,358365
SHREYANIND,20260907,130.0,138.5,129.3,134.2,24013
SHRIKRISH,20260907,37.5,40.48,37.5,39.22,748
SHRINGARMS,20260907,218.0,225.0,216.1,218.59,658203
SHRIPISTON,20260907,4515.0,4598.9,4480.0,4491.5,39044
SHRIRAMFIN,20260907,1045.0,1046.1,1029.3,1037.0,1812019
SHRIRAMPPS,20260907,77.75,78.0,75.31,75.5,384585
SHRJAGP,20260907,621.0,660.0,620.55,644.1,1328
SHUKRAPHAR,20260907,51.93,53.59,51.93,53.07,1887833
SHYAMCENT,20260907,5.24,5.24,4.89,4.97,224285
SHYAMMETL,20260907,1065.2,1090.0,1053.2,1082.3,244531
SHYAMTEL,20260907,11.69,11.69,10.51,11.0,15284
SICAGEN,20260907,58.95,59.0,57.52,58.53,29282
SICALLOG,20260907,106.0,106.0,101.97,102.98,21475
SIEL,20260907,31.9,32.99,30.42,30.79,121
SIEMENS,20260907,3990.0,3998.1,3904.1,3927.0,200987
SIGACHI,20260907,35.05,35.31,33.88,34.41,2477935
SIGIND,20260907,70.37,70.37,66.86,66.91,16343
SIGMA,20260907,47.8,47.8,46.0,47.45,70149
SIGMAADV,20260907,760.0,765.65,732.0,740.15,162011
SIGNATURE,20260907,798.7,804.0,791.85,799.95,179010
SIGNPOST,20260907,245.25,285.0,242.6,269.5,3876593
SIKA,20260907,1004.95,1004.95,982.3,986.1,14380
SIKKO,20260907,5.4,5.62,5.2,5.56,983416
SIL,20260907,19.6,19.84,18.94,19.17,49360
SILGO,20260907,70.32,75.49,69.9,73.15,419919
SILINV,20260907,478.8,478.95,462.25,472.05,792
SILLYMONKS,20260907,16.19,16.19,15.42,15.94,30334
SILVER,20260907,231.44,231.44,228.59,229.65,540810
SILVER001,20260907,23.87,24.1,23.02,23.35,124610
SILVER1,20260907,22.49,22.49,22.2,22.32,6105939
SILVER360,20260907,228.48,228.48,224.68,226.55,4727
SILVERADD,20260907,22.34,22.34,22.04,22.15,5429513
SILVERAG,20260907,225.9,225.9,222.56,223.98,288141
SILVERAXIS,20260907,230.0,230.0,227.52,228.63,303886
SILVERBEES,20260907,220.75,220.75,218.62,219.96,13898563
SILVERBETA,20260907,223.49,223.49,220.67,222.04,369041
SILVERBND,20260907,232.87,232.88,229.25,230.34,6772
SILVERCASE,20260907,23.33,23.4,23.2,23.31,6085242
SILVERIETF,20260907,230.4,230.54,228.46,229.68,1782466
SILVERTUC,20260907,167.48,168.39,161.34,163.56,377764
SIMBHALS,20260907,7.8,7.8,7.65,7.65,5269
SIMPLEXINF,20260907,271.25,271.9,258.0,260.35,38376
SIMPLXREA,20260907,149.98,149.98,136.0,141.7,569
SINCLAIR,20260907,84.99,86.9,83.42,84.45,64110
SINDHUTRAD,20260907,25.28,25.57,24.44,25.25,1799387
SINGERIND,20260907,76.97,78.44,73.99,74.97,150121
SINTERCOM,20260907,81.11,82.0,81.0,81.43,126972
SIRCA,20260907,439.9,442.75,435.55,436.85,197385
SIS,20260907,430.95,438.2,425.2,428.65,444184
SITINET,20260907,0.29,0.3,0.28,0.29,1140018
SIYSIL,20260907,553.4,566.95,553.4,563.55,30927
SJS,20260907,2306.1,2389.1,2306.1,2332.3,137522
SJVN,20260907,65.0,66.07,64.7,65.56,2007816
SKFINDIA,20260907,1559.8,1578.0,1542.2,1546.6,24033
SKFINDUS,20260907,3040.0,3047.7,2992.1,3016.1,24293
SKIL,20260907,0.79,0.87,0.79,0.87,71005
SKIPPER,20260907,596.0,616.8,590.0,604.4,4277657
SKMEGGPROD,20260907,256.35,259.0,244.55,246.85,276867
SKYGOLD,20260907,782.0,800.05,767.0,788.15,683200
SKYWAYS,20260907,122.5,123.09,112.0,113.91,9718981
SMALL250,20260907,18.91,18.91,18.51,18.56,175195
SMALLADD,20260907,18.54,18.67,18.47,18.57,253514
SMALLCAP,20260907,49.39,49.44,48.9,49.27,1426963
SMALLGROWW,20260907,49.55,49.67,49.13,49.22,8780
SMALLIETF,20260907,18.57,18.6,18.48,18.54,70346
SMARTLINK,20260907,218.09,219.45,206.13,210.82,1649
SMARTWORKS,20260907,547.0,548.85,534.1,538.95,35123
SMCGLOBAL,20260907,79.01,85.4,79.01,84.95,3923881
SML100CASE,20260907,11.41,11.77,11.31,11.44,1144688
SMLMAH,20260907,6339.0,6449.0,6143.0,6393.5,247779
SMLT,20260907,64.27,64.93,63.16,63.84,6659
SMSPHARMA,20260907,390.0,444.0,387.45,397.95,3870958
SNOWMAN,20260907,36.5,36.9,36.0,36.67,82852
SNXT30BEES,20260907,42.37,42.45,42.15,42.36,8853
SNXT50BETA,20260907,92.6,95.98,92.6,94.03,3237
SOBHA,20260907,1276.0,1276.0,1243.2,1250.1,38511
SOFTTECH,20260907,441.95,442.0,423.0,432.45,7493
SOLARA,20260907,643.85,711.0,639.15,697.05,2187893
SOLARINDS,20260907,21450.0,22200.0,21450.0,21950.0,227176
SOLARWORLD,20260907,150.51,151.99,147.01,147.9,97974
SOLEX,20260907,728.8,728.8,714.35,718.45,14793
SOMANYCERA,20260907,554.95,574.45,554.95,559.4,84012
SOMATEX,20260907,89.31,92.84,86.37,86.72,17649
SOMICONVEY,20260907,91.05,93.93,91.05,92.37,5859
SONACOMS,20260907,786.95,790.85,778.0,788.0,1159441
SONAMLTD,20260907,68.0,69.13,67.0,69.13,52083
SONATSOFTW,20260907,285.25,286.0,273.45,283.85,1737278
SOTL,20260907,824.05,850.1,698.7,705.75,2433195
SOUTHBANK,20260907,47.3,47.67,46.5,46.54,4949017
SOUTHWEST,20260907,213.5,225.79,211.19,222.26,581017
SPAL,20260907,1066.5,1093.8,1055.2,1065.9,29190
SPANDANA,20260907,239.99,241.0,237.2,238.88,58630
SPARC,20260907,199.9,208.65,199.59,205.87,1498275
SPCENET,20260907,3.5,3.61,3.46,3.56,1383299
SPECIALITY,20260907,139.25,140.0,135.0,135.29,29250
SPECTRUM,20260907,2369.0,2486.8,2369.0,2486.8,5740
SPELS,20260907,148.61,151.7,146.3,147.64,47712
SPENCERS,20260907,28.6,29.01,28.12,28.78,19688
SPIC,20260907,71.0,72.5,70.5,71.02,551519
SPLIL,20260907,30.39,32.0,29.75,31.09,15875
SPLPETRO,20260907,774.9,805.0,771.05,802.5,863737
SPMLINFRA,20260907,183.2,183.89,178.07,180.21,283043
SPORTKING,20260907,228.34,230.0,217.07,221.85,400590
SRD,20260907,39.98,40.09,38.75,39.01,25361
SREEL,20260907,269.8,286.01,263.0,279.4,72657
SRF,20260907,2536.2,2560.0,2526.5,2546.0,208077
SRGHFL,20260907,258.0,258.0,240.9,245.85,1647
SRHHYPOLTD,20260907,535.5,542.25,530.0,531.6,13332
SRIKPRIND,20260907,35.43,35.78,32.5,33.82,113310
SRM,20260907,464.65,477.45,458.1,460.05,102399
SRTL,20260907,37.7,38.36,36.81,37.98,36439
SSDL,20260907,57.07,57.48,56.16,57.11,15015
SSWL,20260907,374.6,383.8,365.45,371.3,2780026
STALLION,20260907,207.0,208.99,201.6,202.64,362233
STANLEY,20260907,136.45,138.39,135.52,137.16,68522
STAR,20260907,1058.7,1187.6,1045.0,1178.8,2617272
STARCEMENT,20260907,191.0,195.04,188.61,194.4,322246
STARHEALTH,20260907,552.85,574.0,546.95,565.95,776080
STARPAPER,20260907,153.0,167.0,150.1,162.61,113673
STARTECK,20260907,248.05,254.25,245.25,247.2,245
STCINDIA,20260907,115.75,115.75,114.01,114.27,14553
STEELCAS,20260907,328.2,336.35,324.65,326.85,65750
STEELCITY,20260907,87.0,87.0,84.4,84.99,3037
STEELXIND,20260907,11.34,11.4,11.1,11.23,1498999
STEL,20260907,590.0,609.95,590.0,596.7,3622
STERTOOLS,20260907,219.4,223.5,217.55,219.53,9708
STLNETWORK,20260907,29.51,30.31,29.5,30.31,1989195
STLSTRINF,20260907,19.55,22.78,18.12,19.07,5513
STLTECH,20260907,786.3,786.3,786.3,786.3,532828
STOVEKRAFT,20260907,836.5,867.5,832.2,849.25,174466
STUDDS,20260907,426.75,438.0,418.0,419.95,80163
STYL,20260907,385.0,387.5,378.2,380.2,58586
STYLAMIND,20260907,3387.4,3445.8,3284.2,3370.7,48594
STYLEBAAZA,20260907,401.0,409.7,397.4,399.5,1380118
STYRENIX,20260907,2044.0,2091.0,2024.3,2063.7,57965
SUBEXLTD,20260907,17.61,17.62,16.6,16.74,2594174
SUBROS,20260907,710.0,713.45,702.0,704.75,25162
SUDARCOLOR,20260907,384.1,396.95,382.15,386.8,16386
SUDARSCHEM,20260907,1224.9,1265.0,1223.5,1239.8,222036
SUDEEPPHRM,20260907,1342.5,1378.0,1305.0,1323.3,208143
SUKHJITS,20260907,160.6,163.86,157.75,160.55,27049
SULA,20260907,149.85,149.85,146.2,147.09,139355
SUMEDHA,20260907,39.4,39.7,38.0,39.7,1206
SUMEETINDS,20260907,11.5,11.8,11.25,11.29,1315064
SUMICHEM,20260907,493.4,497.7,485.2,487.9,96847
SUMIT,20260907,51.7,51.7,50.21,51.31,14892
SUMMITSEC,20260907,1429.0,1430.9,1411.0,1419.8,8351
SUNCLAY,20260907,1310.9,1313.1,1262.7,1299.4,6938
SUNDARAM,20260907,1.23,1.24,1.2,1.2,642010
SUNDARMFIN,20260907,4639.9,4732.8,4625.1,4708.3,49899
SUNDRMBRAK,20260907,742.0,759.95,727.0,732.0,374
SUNDRMFAST,20260907,1219.0,1224.8,1195.0,1200.5,61152
SUNDROP,20260907,664.35,664.35,653.0,659.45,6385
SUNFLAG,20260907,343.7,345.45,337.05,338.4,120395
SUNLOC,20260907,79.98,79.98,79.98,79.98,8
SUNPHARMA,20260907,1899.0,1907.8,1883.1,1895.0,1579345
SUNRAKSHAK,20260907,366.05,375.0,366.05,370.15,8109
SUNSHIEL,20260907,1175.0,1275.0,1155.0,1268.6,13356
SUNSHINE,20260907,444.9,492.9,444.9,486.3,3585788
SUNTECK,20260907,299.5,300.1,293.0,294.0,112311
SUNTV,20260907,470.95,470.95,451.5,452.85,589224
SUPERHOUSE,20260907,168.01,172.3,166.0,170.62,3532
SUPERSPIN,20260907,6.95,7.29,6.65,6.99,110736
SUPRAJIT,20260907,479.0,482.0,470.15,473.2,47325
SUPREME,20260907,37.51,37.69,36.0,37.41,11414
SUPREMEENG,20260907,3.09,3.09,3.09,3.09,288648
SUPREMEIND,20260907,3475.0,3603.1,3470.1,3598.0,370941
SUPREMEINF,20260907,84.12,87.0,82.5,85.77,59001
SUPRIYA,20260907,869.9,923.0,864.0,909.1,1225649
SUPTANERY,20260907,12.59,12.59,12.59,12.59,37276
SURAJEST,20260907,178.28,181.39,175.0,176.09,310830
SURAJLTD,20260907,202.01,205.8,198.45,200.0,8352
SURAKSHA,20260907,330.55,345.0,328.95,338.9,102949
SURANASOL,20260907,26.11,26.32,25.52,25.86,70035
SURANAT&P,20260907,16.27,16.9,16.2,16.43,100451
SURYALA,20260907,411.0,424.95,408.0,421.4,2187
SURYALAXMI,20260907,61.0,61.0,58.55,58.85,4203
SURYAROSNI,20260907,216.35,218.19,215.0,215.81,500001
SURYODAY,20260907,152.97,153.12,150.73,152.21,203120
SUTLEJTEX,20260907,42.49,42.93,40.65,40.75,68622
SUVEN,20260907,378.7,395.4,376.1,377.15,862473
SUVIDHAA,20260907,2.44,2.56,2.13,2.21,382018
SUYOG,20260907,723.6,739.6,711.3,718.5,60317
SUZLON,20260907,45.41,45.55,44.85,45.55,28911783
SVGLOBAL,20260907,160.0,160.0,147.06,151.09,21648
SVLL,20260907,801.0,830.0,799.25,800.0,629
SVPGLOB,20260907,3.72,3.78,3.59,3.6,25956
SWANCORP,20260907,280.5,283.85,273.9,278.1,1155945
SWANDEF,20260907,2501.4,2520.2,2420.2,2496.0,25333
SWARAJ,20260907,360.0,363.7,353.2,355.35,66377
SWARAJENG,20260907,3629.0,3699.0,3593.3,3648.0,28465
SWARNSAR,20260907,36.5,39.25,35.1,37.58,82042
SWELECTES,20260907,574.0,589.9,547.05,572.35,122811
SWIGGY,20260907,277.7,280.5,274.65,276.45,23743792
SWISSMLTRY,20260907,15.46,15.79,15.02,15.18,75964
SWSOLAR,20260907,187.2,188.0,184.5,185.13,536948
SYMBIOTEC,20260907,1068.0,1141.0,1068.0,1098.7,3088018
SYMPHONY,20260907,592.9,593.45,570.0,573.4,58826
SYNCOMF,20260907,20.08,20.57,19.73,20.27,11295960
SYNGENE,20260907,395.0,396.3,387.25,389.3,444340
SYRMA,20260907,1458.5,1645.0,1458.3,1634.8,13079561
SYSTMTXC,20260907,62.4,63.24,62.4,63.24,10694
TAALTECH,20260907,4548.0,4574.8,4400.0,4439.1,8803
TAINWALCHM,20260907,216.83,216.83,206.35,208.48,4163
TAJGVK,20260907,332.05,339.0,328.1,329.2,66810
TAKE,20260907,14.51,14.51,14.51,14.51,225946
TALBROAUTO,20260907,416.0,441.85,411.85,431.8,1798087
TAMBOLIIN,20260907,263.3,265.1,258.05,259.15,4182
TANAA,20260907,284.0,285.9,280.0,282.0,7571
TANLA,20260907,523.15,523.15,512.3,520.2,317979
TARACHAND,20260907,49.38,49.38,47.1,47.43,45282
TARAPUR,20260907,13.03,13.5,12.51,12.71,70228
TARC,20260907,128.81,135.68,126.55,134.9,2061276
TARIL,20260907,302.1,303.8,296.7,299.65,746125
TARMAT,20260907,61.53,62.89,60.0,61.91,47182
TARSONS,20260907,336.0,336.0,327.0,328.55,80073
TASTYBITE,20260907,9902.0,10008.0,9603.0,9901.0,7569
TATACAP,20260907,375.05,375.05,365.15,369.95,934265
TATACHEM,20260907,625.0,627.15,611.1,613.35,501210
TATACOMM,20260907,1754.1,1754.1,1725.0,1738.5,185621
TATACONSUM,20260907,1014.0,1019.9,1004.0,1015.0,1368015
TATAELXSI,20260907,3547.6,3547.9,3475.0,3497.0,161685
TATAGOLD,20260907,14.87,14.87,14.67,14.76,57797478
TATAINVEST,20260907,629.15,631.55,625.75,627.8,94363
TATAPOWER,20260907,366.9,369.8,363.0,365.7,4849767
TATASTEEL,20260907,189.0,190.24,184.37,185.61,23695657
TATATECH,20260907,798.1,799.65,778.25,785.1,774063
TATSILV,20260907,22.54,22.54,22.18,22.31,26564982
TATVA,20260907,1700.0,1721.2,1646.7,1695.8,88807
TBOTEK,20260907,1684.0,1719.9,1672.0,1705.4,172047
TBZ,20260907,528.9,528.9,528.9,528.9,318752
TCC,20260907,44.0,44.47,40.5,41.08,580938
TCI,20260907,868.2,885.5,858.05,863.95,30299
TCIEXP,20260907,551.0,569.95,542.2,549.1,55023
TCIFINANCE,20260907,15.09,15.2,14.7,15.2,4600
TCPLPACK,20260907,4140.0,4140.0,3800.0,3862.4,34746
TCS,20260907,2290.1,2299.9,2260.1,2270.0,2297551
TDPOWERSYS,20260907,740.0,754.7,728.1,734.15,925420
TEAMGTY,20260907,243.6,243.6,235.0,235.03,661
TEAMLEASE,20260907,1285.0,1309.2,1261.1,1279.2,36478
TECH,20260907,33.97,34.77,32.73,32.78,96939
TECHM,20260907,1575.1,1593.6,1545.3,1564.0,2028588
TECHNOCRAF,20260907,365.0,397.4,363.1,388.95,2343237
TECHNOE,20260907,983.0,986.75,957.25,962.5,129751
TECHNVISN,20260907,4917.5,4918.5,4710.5,4792.5,537
TECILCHEM,20260907,9.72,10.17,9.4,9.5,13279
TEGA,20260907,1560.0,1638.0,1540.1,1603.5,634918
TEJASNET,20260907,615.0,616.2,590.05,593.6,3912391
TEMBO,20260907,59.75,60.5,57.61,58.43,4643901
TEMPSENS,20260907,559.0,559.0,540.0,546.2,1663376
TENNIND,20260907,520.0,522.85,514.5,515.45,229138
TERAI,20260907,121.43,140.0,121.43,130.7,1019
TERASOFT,20260907,286.2,286.2,271.0,273.25,26187
TEXINFRA,20260907,113.9,121.8,113.0,119.26,411113
TEXMOPIPES,20260907,47.3,55.47,47.25,54.18,2193984
TEXRAIL,20260907,117.45,123.9,117.25,119.46,9209299
TFCILTD,20260907,143.0,145.04,139.1,140.9,4618937
TFL,20260907,12.48,12.55,11.9,11.91,19420
TGBHOTELS,20260907,9.48,9.89,9.3,9.56,4414
TGVSL,20260907,111.56,114.0,109.98,110.52,366176
THACKER,20260907,1080.0,1100.0,1016.0,1016.0,64
THAKDEV,20260907,141.0,149.99,140.0,149.99,233
THANGAMAYL,20260907,5332.0,5505.0,5311.0,5474.0,93135
THEINVEST,20260907,95.23,99.0,94.1,97.89,8725
THEJO,20260907,2125.9,2195.0,2100.1,2160.2,19040
THELEELA,20260907,554.95,556.95,541.0,543.5,234413
THEMISMED,20260907,121.38,140.6,119.17,133.07,4732951
THERMAX,20260907,3638.0,3670.0,3593.3,3622.0,141581
THOMASCOOK,20260907,112.0,115.7,111.0,112.52,1879256
THOMASCOTT,20260907,264.95,267.8,256.05,259.65,39653
THYROCARE,20260907,573.75,580.75,566.2,573.15,243176
TI,20260907,532.0,545.6,520.0,533.25,451824
TICL,20260907,8.37,8.37,7.8,8.01,42805
TIGERLOGS,20260907,28.61,29.37,28.01,28.08,56684
TIIL,20260907,3194.0,3262.8,3137.6,3166.4,20927
TIINDIA,20260907,2690.0,2709.0,2679.0,2683.0,121565
TIJARIA,20260907,9.74,9.8,9.07,9.07,159836
TIL,20260907,253.4,256.5,246.4,250.33,109314
TIMETECHNO,20260907,188.41,188.41,182.99,184.53,1326457
TIMEX,20260907,672.1,672.15,617.6,628.3,616321
TIMKEN,20260907,3148.0,3150.0,3085.0,3098.7,18234
TINNARUBR,20260907,1038.2,1038.2,995.35,1012.9,49466
TIPSFILMS,20260907,330.15,337.85,326.05,328.15,2447
TIPSMUSIC,20260907,649.75,652.0,641.2,643.7,156576
TIRUMALCHM,20260907,157.02,158.98,154.32,154.98,229828
TIRUPATIFL,20260907,69.05,72.5,67.6,70.85,330327
TITAGARH,20260907,878.75,901.55,866.0,896.45,1383593
TITAN,20260907,5010.0,5028.0,4958.5,4995.0,480336
TMB,20260907,942.9,954.2,930.15,936.45,148519
TMCV,20260907,459.0,461.9,454.15,459.65,4403689
TMPV,20260907,311.5,312.0,307.0,307.0,6493351
TNIDETF,20260907,89.15,91.99,89.15,89.81,83031
TNPETRO,20260907,134.0,135.5,130.77,131.73,701145
TNPL,20260907,156.01,166.0,154.31,159.5,2376677
TNTELE,20260907,8.99,9.13,8.88,8.97,18897
TOKYOPLAST,20260907,76.5,76.5,74.99,75.99,683
TOLINS,20260907,91.3,92.7,91.01,92.26,31998
TOP100CASE,20260907,10.43,10.74,10.42,10.47,857161
TOP10ADD,20260907,87.98,87.99,87.01,87.19,208340
TOP15IETF,20260907,9.86,9.86,9.72,9.74,104502
TOP20,20260907,8.65,8.92,8.65,8.83,39047
TORNTPHARM,20260907,4857.0,4915.0,4823.0,4914.0,229459
TORNTPOWER,20260907,1307.0,1323.0,1271.2,1275.7,349676
TOTAL,20260907,69.03,77.95,69.03,74.14,29615
TOUCHWOOD,20260907,63.48,63.48,60.5,62.0,413
TOYAMSL,20260907,0.62,0.62,0.61,0.61,251250
TPHQ,20260907,0.55,0.57,0.53,0.53,819959
TPLPLASTEH,20260907,71.73,72.25,68.4,68.61,203179
TRACXN,20260907,29.96,30.08,29.17,29.68,218499
TRANSCOR,20260907,25.61,25.61,24.48,25.14,2423
TRANSPEK,20260907,1425.0,1429.7,1361.1,1399.2,10148
TRANSRAILL,20260907,430.0,436.9,418.0,419.55,639224
TRANSWORLD,20260907,171.0,174.42,171.0,172.0,2327
TRAVELFOOD,20260907,1296.5,1312.4,1280.2,1285.3,22411
TREEHOUSE,20260907,6.3,6.35,6.06,6.1,13741
TREJHARA,20260907,151.25,152.49,144.02,147.19,21367
TREL,20260907,27.69,27.9,26.95,27.18,122858
TRENT,20260907,2850.0,2854.4,2772.5,2814.5,1021019
TRF,20260907,231.7,235.99,230.0,235.13,14703
TRIDENT,20260907,24.17,24.23,23.92,23.98,2135046
TRIGYN,20260907,58.7,60.25,58.3,59.88,30944
TRITONV,20260907,1138.1,1152.6,1129.6,1140.5,1897
TRITURBINE,20260907,577.3,578.9,565.5,568.75,209558
TRIVENI,20260907,277.05,283.95,273.15,276.1,626456
TRU,20260907,4.05,4.11,3.94,4.1,140699
TRUALT,20260907,425.95,433.85,420.0,424.1,73764
TSFINV,20260907,405.45,410.25,400.5,403.6,36179
TTKHLTCARE,20260907,1105.0,1128.0,1085.1,1091.1,62317
TTKPRESTIG,20260907,562.8,567.0,545.0,548.0,66655
TTL,20260907,6.69,6.89,6.65,6.74,143018
TTML,20260907,37.74,38.09,36.6,37.35,1329750
TURTLEMINT,20260907,144.08,145.09,140.19,142.42,553335
TUTIALKA,20260907,61.84,61.9,58.61,59.74,9023
TVSELECT,20260907,422.5,423.35,417.0,418.8,15849
TVSHLTD,20260907,13774.0,14170.0,13601.0,13748.0,26789
TVSMOTOR,20260907,4127.0,4159.9,4100.7,4132.0,353313
TVSSCS,20260907,130.95,132.99,127.84,129.05,429219
TVSSRICHAK,20260907,5230.5,5370.0,5230.5,5305.0,6409
TVTODAY,20260907,110.95,111.48,107.62,110.68,28994
TVVISION,20260907,3.38,3.38,3.22,3.22,112582
TWCGOLDETF,20260907,152.93,152.93,149.93,151.22,3316
UBL,20260907,1283.8,1305.1,1275.3,1291.0,181984
UCAL,20260907,151.65,151.65,145.0,148.38,12217
UCOBANK,20260907,24.75,24.9,24.32,24.42,4573497
UDAYJEW,20260907,168.4,171.6,148.0,167.58,638490
UDS,20260907,239.0,239.5,216.2,217.84,398512
UEL,20260907,245.8,245.8,229.52,229.52,34311
UFBL,20260907,690.1,700.0,673.1,691.55,29545
UFLEX,20260907,684.15,685.5,668.0,682.7,152186
UFO,20260907,66.2,66.2,64.0,64.51,47044
UGARSUGAR,20260907,54.0,55.85,53.82,54.19,656681
UGROCAP,20260907,86.35,87.25,84.92,85.42,117768
UJJIVANSFB,20260907,64.51,65.4,63.56,65.09,9339056
ULTRACEMCO,20260907,11370.0,11370.0,11175.0,11175.0,214788
ULTRAMAR,20260907,437.15,441.7,428.0,429.4,41522
UMAEXPORTS,20260907,23.5,23.5,23.5,23.5,4248
UMESLTD,20260907,5.19,5.19,4.92,5.09,22429
UMIYA-MRO,20260907,108.0,109.0,104.0,104.82,41787
UNICHEMLAB,20260907,550.2,591.25,548.0,569.75,309037
UNIDT,20260907,220.95,235.0,220.04,233.24,80548
UNIECOM,20260907,88.38,88.38,85.0,85.36,288190
UNIENTER,20260907,92.0,95.5,92.0,92.85,4658
UNIINFO,20260907,11.0,11.2,10.62,11.06,1078
UNIMECH,20260907,1513.0,1528.0,1489.0,1495.7,169474
UNIONBANK,20260907,186.5,188.45,183.2,186.04,12010754
UNIONGOLD,20260907,150.0,150.15,147.55,148.75,1064
UNIPARTS,20260907,865.8,906.85,865.8,902.1,165683
UNITDSPR,20260907,1457.9,1468.4,1431.5,1440.0,377003
UNITECH,20260907,4.24,4.44,4.16,4.22,17838014
UNITEDPOLY,20260907,42.0,43.0,41.25,42.88,182224
UNITEDTEA,20260907,447.8,447.8,440.3,441.95,5946
UNIVAFOODS,20260907,9.03,9.03,9.03,9.03,1150
UNIVASTU,20260907,164.0,171.0,163.0,169.89,72463
UNIVCABLES,20260907,1560.8,1586.2,1477.0,1487.6,287909
UNIVPHOTO,20260907,502.0,514.9,500.0,514.9,5224
UNOMINDA,20260907,1245.0,1252.1,1221.2,1241.7,390846
UPHOT,20260907,1355.0,1355.0,1320.0,1330.0,613
UPL,20260907,580.1,586.75,573.0,573.0,1754057
URAVIDEF,20260907,117.5,117.5,115.84,115.84,828
URBANCO,20260907,181.84,182.86,175.25,176.06,4774283
URJA,20260907,9.07,9.2,9.0,9.12,594104
USHAMART,20260907,514.15,515.1,498.45,500.3,545048
USK,20260907,21.41,21.41,20.36,20.9,33012
UTIAMC,20260907,883.7,892.75,879.0,889.95,64072
UTKARSHBNK,20260907,14.64,15.1,14.4,15.03,8467823
UTLSOLAR,20260907,432.5,434.75,413.05,417.3,247130
UTTAMSUGAR,20260907,283.45,294.0,281.2,284.0,343123
UYFINCORP,20260907,20.2,20.2,19.06,19.63,96033
V2RETAIL,20260907,220.0,225.7,217.69,222.42,3160103
VADILALIND,20260907,7629.0,7692.5,7456.0,7505.5,21025
VADILENT,20260907,10399.0,10950.0,10399.0,10730.0,22
VAIBHAVGBL,20260907,218.0,220.07,215.7,216.49,194020
VAISHALI,20260907,8.53,8.53,8.21,8.37,91770
VAKRANGEE,20260907,5.79,5.81,5.61,5.66,1770839
VAL30IETF,20260907,14.81,15.24,14.81,15.06,184406
VALIANTLAB,20260907,110.9,110.9,104.1,108.7,171865
VALIANTORG,20260907,325.0,333.0,322.0,326.1,27827
VALUE,20260907,16.15,16.18,15.99,16.04,46657
VALUEAXIS,20260907,33.7,33.7,32.56,32.8,91408
VAML,20260907,438.0,440.0,434.25,438.9,3188490
VARDHACRLC,20260907,43.21,44.0,42.51,42.79,36959
VARDMNPOLY,20260907,5.91,5.98,5.8,5.89,62048
VARROC,20260907,821.05,832.0,813.0,827.05,154732
VASCONEQ,20260907,30.56,30.79,30.0,30.09,143213
VASUPRADA,20260907,111.38,111.38,107.63,108.0,179
VASWANI,20260907,47.49,47.49,45.51,45.85,26758
VBL,20260907,406.0,407.6,404.0,405.95,5062827
VCL,20260907,1.53,1.53,1.51,1.51,290941
VEDAVAAG,20260907,18.3,18.5,17.0,18.15,31991
VEDL,20260907,272.1,272.5,267.0,268.0,4892640
VEDPOWER,20260907,34.2,34.54,33.75,34.12,12155109
VEEDOL,20260907,1464.0,1481.0,1452.2,1456.3,6133
VELJAN,20260907,1888.3,1935.0,1832.0,1902.3,1081
VENKEYS,20260907,1640.8,1670.9,1631.6,1648.3,40538
VENTIVE,20260907,604.5,604.5,578.0,580.55,12470
VENUSPIPES,20260907,1639.8,1821.0,1639.8,1805.4,603283
VENUSREM,20260907,1694.4,1724.9,1652.1,1669.4,17771
VERANDA,20260907,244.0,246.63,241.0,241.81,113164
VERTOZ,20260907,38.2,38.67,36.27,37.04,43316
VESUVIUS,20260907,422.4,424.9,416.8,419.55,70358
VETO,20260907,126.99,126.99,124.1,125.62,30100
VGCL,20260907,52.62,53.37,50.15,50.98,5319
VGL,20260907,52.43,55.81,51.5,53.52,47866
VGUARD,20260907,333.9,335.45,330.85,332.55,382618
VHL,20260907,3576.0,3675.0,3576.0,3620.8,193
VHLTD,20260907,117.45,124.0,116.1,121.87,265117
VHLTD-RE1,20260907,0.68,0.68,0.68,0.68,78853
VIDHIING,20260907,351.0,355.95,348.0,349.0,11998
VIDYAWIRES,20260907,90.9,90.99,87.55,88.15,876024
VIJAYA,20260907,1493.2,1527.5,1487.9,1497.5,101311
VIJIFIN,20260907,16.91,16.91,16.91,16.91,14384
VIJSOLX,20260907,684.25,687.0,677.8,682.1,99
VIKASECO,20260907,1.07,1.08,1.06,1.07,1477986
VIKASLIFE,20260907,1.29,1.3,1.26,1.29,1692409
VIKRAMSOLR,20260907,168.6,168.85,165.25,165.81,2014976
VIKRAN,20260907,61.0,61.37,59.88,60.6,1147055
VIMTALABS,20260907,636.0,644.65,633.15,640.65,109952
VINATIORGA,20260907,1312.2,1315.7,1295.6,1298.9,44434
VINCOFE,20260907,170.58,185.5,170.48,178.88,4026692
VINDHYATEL,20260907,2755.0,2952.6,2750.3,2765.0,214917
VINEETLAB,20260907,37.9,38.3,37.17,37.28,70769
VINNY,20260907,1.02,1.04,1.0,1.01,431438
VINYLINDIA,20260907,227.6,232.3,227.0,228.68,5175
VIPCLOTHNG,20260907,20.15,20.7,20.1,20.16,36857
VIPIND,20260907,314.05,325.45,312.8,320.5,613544
VIPULLTD,20260907,13.71,13.71,13.71,13.71,18348
VIRAT,20260907,429.0,440.95,404.4,433.2,6095
VIRINCHI,20260907,14.5,14.9,14.11,14.31,163647
VIRTUALG,20260907,0.48,0.48,0.45,0.45,348816
VISACHROME,20260907,37.47,39.45,36.66,36.73,135928
VISAKAIND,20260907,96.0,96.0,91.28,92.17,303340
VISHAL,20260907,19.13,19.5,17.35,18.24,81605
VISHNU,20260907,700.0,744.0,698.0,726.5,401102
VISHWARAJ,20260907,5.91,6.22,5.9,5.96,862570
VISL,20260907,35.76,36.34,34.52,34.64,21758859
VITAL,20260907,57.0,58.0,54.1,56.59,4143
VIVIANA,20260907,816.0,830.0,773.0,776.55,41040
VIVIDHA,20260907,0.52,0.54,0.51,0.51,127511
VIVIMEDLAB,20260907,6.51,6.51,6.45,6.45,43686
VIVOBIOT,20260907,19.0,19.08,18.42,18.99,39076
VIYASH,20260907,266.5,266.9,262.55,263.65,2271312
VLEGOV,20260907,10.98,10.98,10.26,10.47,99020
VLSFINANCE,20260907,245.0,247.8,244.0,244.43,5921
VMART,20260907,829.35,831.9,815.0,826.2,58090
VMM,20260907,106.15,106.57,103.06,104.0,19261503
VMSTMT,20260907,45.45,45.6,44.1,44.58,29817
VOEPL,20260907,553.2,574.95,538.6,543.15,99932
VOGL,20260907,38.02,38.09,36.8,36.94,26950606
VOITHPAPR,20260907,1487.9,1488.0,1436.0,1475.5,361
VOLTAMP,20260907,11500.0,11502.0,10951.0,11067.0,35462
VOLTAS,20260907,1170.0,1176.4,1164.4,1167.2,402813
VPRPL,20260907,36.38,36.44,34.0,34.27,480055
VRAJ,20260907,121.53,124.0,121.53,122.14,9594
VRLLOG,20260907,297.7,298.9,291.15,292.75,144481
VSSL,20260907,363.9,370.0,355.3,356.45,70989
VSTIND,20260907,208.0,208.5,205.97,206.96,94351
VSTL,20260907,118.01,123.15,118.01,121.75,37905
VSTTILLERS,20260907,4208.5,4208.8,4113.0,4131.9,6410
VTL,20260907,592.0,598.5,586.4,590.2,209417
VTMLTD,20260907,58.9,58.9,55.5,56.49,10946
WAAREEENER,20260907,2626.0,2653.0,2590.0,2593.0,382404
WAAREEINDO,20260907,275.65,275.65,263.5,265.55,63383
WAAREERTL,20260907,851.4,857.8,848.8,852.6,78010
WABAG,20260907,2029.0,2064.8,1985.3,2008.0,388707
WAKEFIT,20260907,152.28,157.48,151.7,155.34,1054577
WALCHANNAG,20260907,208.61,225.5,206.91,223.36,2190611
WANBURY,20260907,243.1,253.0,240.0,250.55,140282
WARDINMOBI,20260907,5.94,5.98,4.69,5.77,385034
WATERBASE,20260907,49.0,49.84,47.71,48.49,23118
WCIL,20260907,84.0,84.45,82.5,82.78,55033
WEALTH,20260907,841.7,852.7,832.0,839.25,1513
WEBELSOLAR,20260907,74.0,75.81,73.9,75.21,1728404
WEIZMANIND,20260907,74.5,75.85,72.5,73.37,802
WEL,20260907,75.5,76.68,72.23,72.23,1602669
WELCORP,20260907,2584.9,2674.8,2536.8,2597.9,1503451
WELENT,20260907,813.6,815.2,772.5,783.5,621082
WELINV,20260907,2275.3,2275.3,2275.3,2275.3,20
WELSPLSOL,20260907,60.44,61.99,58.5,58.99,2204084
WELSPUNLIV,20260907,210.0,216.0,209.02,211.95,6124120
WENDT,20260907,8160.0,8420.0,8113.5,8340.0,8810
WESTLIFE,20260907,528.0,538.85,520.2,533.05,32363
WEWIN,20260907,41.0,43.9,41.0,41.97,907
WEWORK,20260907,666.95,688.35,666.55,675.35,160167
WHBRADY,20260907,493.0,497.0,493.0,495.5,12
WHEELS,20260907,1740.0,1799.9,1713.1,1755.4,341864
WHIRLPOOL,20260907,818.4,825.0,809.0,815.35,199585
WILLAMAGOR,20260907,25.4,25.4,23.5,23.76,10152
WINDLAS,20260907,1150.0,1181.9,1145.0,1154.75,275989
WINDMACHIN,20260907,303.1,316.15,302.05,310.5,94815
WIPL,20260907,162.0,166.99,162.0,164.52,1359
WIPRO,20260907,175.89,176.47,172.65,172.8,10720636
WOCKPHARMA,20260907,2112.5,2236.0,2076.2,2208.0,4319658
WONDERLA,20260907,538.6,538.6,521.1,526.3,40911
WORTHPERI,20260907,150.3,156.5,150.3,154.99,3939
WPIL,20260907,445.0,445.0,433.0,435.3,31690
WSI,20260907,60.5,61.31,59.71,61.0,83914
WSTCSTPAPR,20260907,648.5,693.0,644.55,687.5,605527
XCHANGING,20260907,61.38,64.8,60.63,64.3,325705
XELPMOC,20260907,80.0,81.0,77.48,78.08,13772
XPROINDIA,20260907,1326.0,1408.7,1326.0,1362.0,340774
XTGLOBAL,20260907,31.06,32.45,31.0,32.0,71432
XTRANET,20260907,242.0,281.08,236.58,279.83,13668382
YASHO,20260907,4134.1,4162.5,3958.1,3987.8,28306
YATHARTH,20260907,995.0,1019.0,985.6,994.8,357062
YATRA,20260907,113.0,117.45,112.2,114.97,1530727
YESBANK,20260907,22.44,22.59,22.28,22.42,33364009
YOGI,20260907,163.4,163.4,155.0,163.25,4221
YUKEN,20260907,1015.85,1024.05,994.3,1005.6,9288
ZAGGLE,20260907,180.65,184.5,177.0,183.49,1176464
ZEEL,20260907,88.0,89.0,85.42,85.99,42609965
ZEELEARN,20260907,7.2,7.2,6.74,6.78,483351
ZEEMEDIA,20260907,8.2,8.22,7.77,7.94,5318153
ZENITHEXPO,20260907,207.0,214.0,193.9,196.57,1681
ZENITHSTL,20260907,6.15,6.5,5.8,6.03,377098
ZENSARTECH,20260907,462.7,463.1,450.0,453.85,659073
ZENTEC,20260907,1801.4,1842.0,1780.0,1794.6,344083
ZFCVINDIA,20260907,2550.4,2551.0,2471.1,2491.7,49999
ZFSTEERING,20260907,678.0,678.0,652.2,668.5,9550
ZIMLAB,20260907,126.0,132.1,125.9,129.16,83808
ZODIAC,20260907,245.15,246.37,236.12,237.16,10640
ZODIACLOTH,20260907,73.0,73.65,71.52,71.85,2628
ZOTA,20260907,1138.1,1138.1,1087.0,1089.7,29556
ZSARACOM,20260907,11859.0,11859.0,11302.0,11706.0,54
ZUARI,20260907,224.83,231.1,223.53,226.85,123314
ZUARIIND,20260907,276.45,286.5,274.8,280.4,98022
ZYDUSLIFE,20260907,1114.2,1163.0,1114.1,1156.9,2107281
ZYDUSWELL,20260907,537.3,581.0,536.65,555.35,7627303
