SYMBOL,TIMESTAMP,OPEN,HIGH,LOW,CLOSE,VOLUME
20MICRONS,20260908,226.0,227.23,218.79,219.28,108144
21STCENMGM,20260908,38.7,39.04,38.29,38.59,4103
360ONE,20260908,1125.0,1128.2,1104.3,1110.0,1123388
3BBLACKBIO,20260908,1563.0,1569.5,1428.1,1455.3,26241
3IINFOLTD,20260908,22.7,22.7,22.1,22.32,189516
3MINDIA,20260908,32840.0,33330.0,32620.0,33145.0,2158
3PLAND,20260908,32.15,32.5,31.8,32.4,3698
5PAISA,20260908,337.0,342.0,335.0,337.4,16944
63MOONS,20260908,881.4,899.4,860.2,868.25,536543
A2ZINFRA,20260908,15.56,16.0,15.5,15.8,117039
AAATECH,20260908,92.07,93.42,91.65,92.64,6650
AADHARHFC,20260908,477.15,482.95,468.2,479.65,279151
AAKASH,20260908,8.7,8.7,8.25,8.49,73817
AAREYDRUGS,20260908,98.47,99.2,94.21,98.03,142520
AARNAV,20260908,31.5,33.01,31.15,31.59,12653
AARON,20260908,123.35,126.02,123.35,125.01,6054
AARTECH,20260908,49.53,51.7,48.51,51.38,111245
AARTIDRUGS,20260908,421.5,427.9,419.2,421.5,60740
AARTIIND,20260908,490.7,504.75,486.5,503.7,766682
AARTIPHARM,20260908,866.9,889.7,861.55,867.0,453073
AARTISURF,20260908,549.9,550.0,525.2,538.75,11047
AARVI,20260908,143.02,143.96,140.67,142.16,16061
AASTHA,20260908,76.51,78.71,75.22,76.85,387228
AAVAS,20260908,1300.0,1314.8,1290.0,1293.5,35998
ABAN,20260908,14.98,14.98,14.55,14.55,13036
ABANSENT,20260908,28.39,28.39,27.21,27.77,2970
ABB,20260908,7389.0,7472.0,7340.0,7387.0,167057
ABBOTINDIA,20260908,25860.0,26065.0,25440.0,25555.0,11086
ABCAPITAL,20260908,400.0,401.0,394.45,396.95,3482938
ABCOTS,20260908,214.7,214.7,203.1,207.99,7227
ABDL,20260908,600.95,603.0,591.35,594.5,204726
ABFRL,20260908,53.07,53.07,51.63,52.24,2646472
ABGSEC,20260908,114.61,114.61,113.73,114.17,255
ABINFRA,20260908,11.37,11.6,11.16,11.51,1291691
ABLBL,20260908,85.29,85.56,84.05,84.52,303999
ABMINTLLTD,20260908,54.75,54.75,54.75,54.75,9
ABMKNO,20260908,189.98,189.98,183.6,187.13,913
ABREL,20260908,1379.8,1380.0,1358.1,1372.1,53107
ABSL10BANK,20260908,166.75,167.72,166.75,167.31,1397
ABSLAMC,20260908,1040.0,1045.6,1024.1,1037.8,65443
ABSLBANETF,20260908,58.5,58.62,58.3,58.31,16937
ABSLLIQUID,20260908,1000.0,1000.01,999.99,1000.0,728
ABSLMSCIN,20260908,29.37,29.55,29.03,29.34,370
ABSLNN50ET,20260908,76.83,77.15,76.11,76.85,9982
ABSLPSE,20260908,10.09,10.18,9.99,10.13,37126
ACC,20260908,1267.9,1268.0,1255.7,1262.8,116620
ACCELYA,20260908,1122.4,1133.0,1121.0,1124.4,4962
ACCURACY,20260908,4.38,4.38,4.16,4.29,28210
ACE,20260908,1122.2,1148.0,1105.0,1121.2,238203
ACEINTEG,20260908,17.17,18.39,17.17,17.37,1771
ACGL,20260908,1822.0,1822.0,1762.7,1780.5,246
ACI,20260908,512.0,512.0,483.65,484.7,688998
ACL,20260908,43.96,43.97,42.0,42.29,29632
ACMESOLAR,20260908,413.15,417.65,404.45,412.6,1281765
ACSTECH,20260908,56.0,57.14,55.0,57.14,653499
ACUTAAS,20260908,3181.6,3235.5,3161.5,3182.1,174805
ADANIENSOL,20260908,1390.4,1412.0,1370.0,1407.7,1308434
ADANIENT,20260908,2933.0,2968.8,2918.0,2953.1,971374
ADANIGREEN,20260908,1288.0,1301.3,1275.5,1292.0,678024
ADANIPORTS,20260908,1694.0,1713.1,1685.2,1710.0,1217135
ADANIPOWER,20260908,205.2,209.4,204.12,208.4,17837173
ADDIND,20260908,82.9,83.0,75.26,79.87,279
ADFFOODS,20260908,267.0,274.35,261.85,273.7,228769
ADL,20260908,74.85,75.0,72.55,74.69,176
ADOR,20260908,1645.0,1650.0,1600.0,1626.2,44887
ADROITINFO,20260908,10.25,11.25,9.76,10.63,123641
ADSL,20260908,101.55,102.0,99.75,101.23,91732
ADVAIT,20260908,2111.9,2172.9,2084.7,2153.9,66017
ADVANCE,20260908,118.14,118.14,114.58,115.53,79416
ADVANIHOTR,20260908,49.8,49.8,49.0,49.14,27336
ADVENTHTL,20260908,132.19,134.24,129.0,132.78,300842
ADVENZYMES,20260908,297.75,301.75,296.3,298.85,180305
ADVIKCA,20260908,1.1,1.1,1.06,1.07,819602
AEGISLOG,20260908,1253.8,1273.9,1232.0,1268.1,316136
AEGISVOPAK,20260908,285.0,291.8,284.0,290.65,584529
AEPL,20260908,18.1,18.5,17.08,18.11,46457
AEQUS,20260908,233.86,239.75,229.7,231.9,2864307
AEROENTER,20260908,157.0,159.6,150.25,152.65,1601272
AEROFLEX,20260908,561.65,584.15,545.1,573.5,1971688
AERONEU,20260908,76.0,78.0,73.25,74.13,46937
AEROPLANE,20260908,197.0,202.0,193.36,199.31,592688
AETHER,20260908,1622.0,1647.6,1592.6,1642.9,130630
AFCONS,20260908,292.05,294.75,279.35,280.25,828684
AFFLE,20260908,1622.2,1647.7,1593.1,1609.4,146367
AFFORDABLE,20260908,160.55,168.03,159.32,164.23,38881
AFIL,20260908,9.15,9.28,9.02,9.07,338110
AFSL,20260908,202.5,205.7,201.0,201.16,15736
AGARIND,20260908,436.75,449.65,432.1,440.9,47875
AGARWALEYE,20260908,518.25,523.8,512.8,519.7,424854
AGI,20260908,730.0,786.85,730.0,783.8,359947
AGIIL,20260908,276.55,276.55,270.05,271.65,297151
AGL,20260908,13.57,16.23,13.55,16.02,54467549
AGRITECH,20260908,104.4,104.4,98.01,99.75,4390
AGROPHOS,20260908,25.0,25.48,23.03,23.44,114226
AGSTRA,20260908,1.94,2.02,1.91,1.96,155492
AHCL,20260908,15.54,15.69,15.41,15.61,1454613
AHLADA,20260908,37.0,37.74,36.0,36.3,14208
AHLEAST,20260908,137.01,138.51,134.25,135.38,10422
AHLUCONT,20260908,595.0,609.0,592.1,607.15,45142
AHLWEST,20260908,515.0,522.0,505.05,515.5,1174
AIAENG,20260908,4246.0,4283.4,4200.0,4259.0,25860
AIIL,20260908,517.0,529.6,510.55,526.2,142504
AIRAN,20260908,16.67,17.95,16.25,17.15,568993
AIROLAM,20260908,88.8,90.5,86.0,88.67,11457
AJANTPHARM,20260908,3513.4,3597.0,3483.3,3579.3,112843
AJAXENGG,20260908,605.0,612.9,583.1,594.1,126111
AJMERA,20260908,116.43,119.9,116.02,118.1,329876
AJOONI,20260908,3.54,3.55,3.41,3.44,693541
AKASH,20260908,25.69,25.69,25.0,25.09,6216
AKCAPIT,20260908,1751.9,1775.0,1738.1,1772.2,628
AKG,20260908,9.39,9.95,9.38,9.83,13409
AKI,20260908,8.21,8.34,7.15,7.15,3982236
AKSHAR,20260908,0.43,0.44,0.42,0.42,1977218
AKSHARCHEM,20260908,465.0,472.0,444.95,452.5,23994
AKSHOPTFBR,20260908,8.19,8.19,8.19,8.19,769466
AKUMS,20260908,754.05,757.75,733.15,736.6,199035
ALANKIT,20260908,8.04,8.23,7.85,7.99,95801
ALBERTDAVD,20260908,863.0,867.8,840.0,844.05,6478
ALEMBICLTD,20260908,109.1,112.08,107.24,109.73,1417837
ALGOQUANT,20260908,63.89,64.4,63.5,63.7,926998
ALICON,20260908,681.75,700.0,670.0,695.45,29919
ALIVUS,20260908,1390.7,1399.8,1364.6,1372.0,105792
ALKALI,20260908,86.99,93.95,85.0,87.34,516831
ALKEM,20260908,5172.5,5206.5,5129.5,5181.0,75997
ALKYLAMINE,20260908,1999.9,2015.0,1960.1,1970.7,55726
ALLCARGO,20260908,12.67,13.24,12.6,13.02,25792094
ALLDIGI,20260908,810.3,813.6,801.55,804.9,4118
ALLTIME,20260908,215.0,216.0,209.5,211.46,38728
ALMONDZ,20260908,19.95,20.0,19.02,19.61,368472
ALOKINDS,20260908,7.64,7.89,7.38,7.46,28757241
ALPA,20260908,62.0,65.0,61.7,63.17,28762
ALPHA,20260908,53.98,54.23,53.42,54.14,719525
ALPHAETF,20260908,26.5,26.8,26.5,26.71,826651
ALPHAGEO,20260908,328.0,328.0,318.3,323.1,4182
ALPINETEX,20260908,63.17,64.75,62.0,62.6,266877
ALPL30IETF,20260908,27.5,27.5,27.41,27.46,160858
ALUFLUOR,20260908,502.5,506.0,498.0,503.75,5727
AMAGI,20260908,568.15,578.85,564.5,576.15,161239
AMAL,20260908,764.0,764.0,745.15,757.85,4498
AMANTA,20260908,201.86,201.86,201.86,201.86,50138
AMARJOTHI,20260908,161.0,162.9,161.0,161.05,574
AMBALALSA,20260908,42.25,43.1,41.5,42.05,38625
AMBER,20260908,7405.5,7430.5,7278.0,7308.0,137462
AMBICAAGAR,20260908,27.0,27.2,25.01,25.44,42539
AMBIKCO,20260908,1658.9,1658.9,1613.5,1631.9,19513
AMBUJACEM,20260908,398.0,400.95,395.15,398.3,986589
AMDIND,20260908,61.99,61.99,59.01,60.02,34539
AMJLAND,20260908,39.7,39.71,37.3,39.05,19625
AMNPLST,20260908,173.7,173.7,165.52,167.82,5113
AMRUTANJAN,20260908,503.0,503.85,493.0,500.45,42167
ANANDRATHI,20260908,2235.0,2235.0,2202.9,2229.5,119591
ANANTRAJ,20260908,641.0,641.0,623.05,625.85,1005063
ANDHRAPAP,20260908,73.91,79.79,67.0,72.09,29596575
ANDHRSUGAR,20260908,99.99,100.99,97.01,98.79,505786
ANDREWYU,20260908,27.35,27.79,26.8,27.18,60113
ANGELONE,20260908,303.8,304.15,296.5,298.0,2591770
ANIKINDS,20260908,44.77,45.9,44.51,45.21,7198
ANKITMETAL,20260908,1.7,1.7,1.64,1.64,4722
ANMOL,20260908,10.49,11.48,10.0,11.38,221539
ANNAPURNA,20260908,143.8,143.86,138.59,139.9,41641
ANNU,20260908,61.58,61.58,61.58,61.58,166981
ANSALAPI,20260908,3.4,3.41,3.4,3.41,11676
ANSALBU,20260908,89.99,89.99,80.0,82.5,1815
ANTELOPUS,20260908,987.5,1127.5,971.4,1099.15,9401224
ANTGRAPHIC,20260908,0.75,0.75,0.71,0.72,360294
ANTHEM,20260908,939.2,959.9,920.0,957.8,898858
ANUHPHR,20260908,92.0,99.5,91.79,95.53,1749719
ANUP,20260908,1768.3,1775.9,1717.0,1725.6,22344
ANURAS,20260908,1243.9,1245.5,1222.5,1233.4,137762
AONEGOLD,20260908,14.45,14.45,14.15,14.2,152998
AONELIQUID,20260908,1075.94,1075.95,1075.92,1075.94,29072
AONENIFTY,20260908,9.58,9.96,9.58,9.79,396075
AONESILVER,20260908,8.85,8.98,8.81,8.82,236317
AONETMMQ50,20260908,10.36,10.4,10.3,10.35,70002
AONETOTAL,20260908,11.99,11.99,11.8,11.81,195028
APARINDS,20260908,17789.0,17812.0,17372.0,17635.0,114178
APCL,20260908,100.0,101.96,100.0,100.32,5545
APCOTEXIND,20260908,630.05,633.05,601.0,612.15,262125
APEX,20260908,366.5,387.95,366.05,384.2,296621
APLAPOLLO,20260908,2204.6,2204.8,2165.0,2185.0,922548
APLLTD,20260908,802.0,810.95,792.6,808.5,200271
APOLLO,20260908,408.0,424.0,405.8,417.9,15479622
APOLLOHOSP,20260908,8761.5,8850.0,8745.0,8837.5,324848
APOLLOPIPE,20260908,600.6,603.95,586.2,591.2,87773
APOLLOTYRE,20260908,420.8,421.2,410.05,411.5,568041
APOLSINHOT,20260908,1204.9,1218.9,1201.4,1209.1,372
APOORVA,20260908,25.25,26.51,25.0,25.3,1205
APTECHT,20260908,90.49,90.49,88.05,89.69,60790
APTUS,20260908,256.0,257.86,252.1,256.96,511661
AQYLON,20260908,23.53,24.65,22.37,23.1,2178820
ARCHIDPLY,20260908,104.66,105.25,102.0,103.77,24405
ARCHIES,20260908,12.95,13.22,12.89,13.14,11407
ARCL,20260908,222.2,239.8,222.2,224.92,905
ARDEE,20260908,56.2,56.2,54.51,54.74,3009161
ARE&M,20260908,842.95,845.1,834.15,837.8,289450
ARENTERP,20260908,34.7,36.0,32.3,33.34,1192
ARFIN,20260908,97.0,97.16,91.03,91.36,1199300
ARIES,20260908,481.95,498.0,461.7,483.15,16363
ARIHANT,20260908,932.55,959.3,910.4,919.55,922
ARIHANTCAP,20260908,78.7,78.88,77.18,78.54,80820
ARIHANTSUP,20260908,234.1,239.1,231.65,232.6,1802
ARIS,20260908,134.52,134.52,126.0,127.22,3067027
ARKADE,20260908,124.0,125.99,122.5,123.09,94801
ARMANFIN,20260908,2025.0,2050.1,2001.0,2037.5,14516
AROGRANITE,20260908,24.5,24.95,23.86,24.1,10845
ARROWGREEN,20260908,824.0,824.0,791.0,800.7,14571
ARSHIYA,20260908,0.68,0.74,0.68,0.73,541000
ARSSBL,20260908,513.05,515.55,508.4,513.65,101733
ARTEMISMED,20260908,347.5,350.0,338.6,342.05,474334
ARTNIRMAN,20260908,40.41,41.1,40.41,40.41,6
ARVEE,20260908,164.74,196.71,163.61,193.74,59140
ARVIND,20260908,560.65,584.3,555.8,581.35,1015936
ARVINDFASN,20260908,441.3,443.05,430.0,440.35,107507
ARVSMART,20260908,648.2,653.55,626.0,629.65,40077
ARYAMAN,20260908,639.0,639.0,639.0,639.0,1
ASAHIINDIA,20260908,954.95,963.9,950.0,955.6,89970
ASAHISONG,20260908,388.0,389.0,381.2,385.35,16905
ASAL,20260908,470.0,472.0,466.0,468.45,10901
ASALCBR,20260908,708.0,710.2,689.95,696.15,38235
ASHAPURMIN,20260908,535.9,559.95,535.9,549.35,373033
ASHIANA,20260908,350.4,350.85,345.0,346.3,18213
ASHIKAG,20260908,420.0,429.4,415.0,419.5,62251
ASHIMASYN,20260908,17.6,17.61,17.3,17.36,100643
ASHOKA,20260908,115.46,115.6,113.56,114.27,633887
ASHOKAMET,20260908,14.5,15.25,14.04,14.44,61968
ASHOKLEY,20260908,170.0,170.17,167.75,169.0,7997004
ASIANENE,20260908,519.0,565.7,507.6,553.55,1715686
ASIANHOTNR,20260908,388.8,423.8,384.8,405.75,142759
ASIANPAINT,20260908,2499.0,2499.0,2474.1,2481.6,373248
ASIANTILES,20260908,49.45,50.5,49.41,50.04,2076110
ASIANTNE,20260908,9.89,9.89,9.37,9.69,1503
ASKAUTOLTD,20260908,609.0,621.0,601.2,610.15,464451
ASMS,20260908,6.92,7.05,6.9,6.92,196931
ASPINWALL,20260908,255.05,256.95,253.8,254.15,416
ASTAR,20260908,590.0,597.0,590.0,596.95,18
ASTEC,20260908,551.2,662.8,551.2,662.8,1270916
ASTERDM,20260908,795.65,795.65,782.6,790.35,537709
ASTRAL,20260908,1498.2,1507.4,1485.0,1500.8,613597
ASTRAMICRO,20260908,1748.0,1783.3,1708.3,1757.3,793737
ASTRAZEN,20260908,6860.0,6924.0,6830.0,6875.5,2698
ASTRON,20260908,3.0,3.12,2.87,2.96,12423
ATALREAL,20260908,26.01,26.07,21.2,21.2,10577296
ATAM,20260908,54.55,55.98,54.54,55.34,7609
ATGL,20260908,604.4,612.0,602.0,609.4,458452
ATHERENERG,20260908,1607.3,1613.4,1568.0,1578.0,2413864
ATL,20260908,25.45,26.44,24.85,25.82,362830
ATLANTAA,20260908,37.8,39.02,36.92,38.3,71064
ATLANTAELE,20260908,1940.1,1948.0,1882.3,1922.3,151171
ATLASCYCLE,20260908,95.6,113.38,95.0,113.03,1077562
ATUL,20260908,6335.0,6356.5,6305.0,6314.5,12993
ATULAUTO,20260908,460.05,463.9,457.3,458.9,80477
AUBANK,20260908,1055.7,1074.8,1051.4,1073.7,1353347
AUGMONT,20260908,899.0,909.95,882.8,893.4,693093
AURIONPRO,20260908,673.0,684.3,667.75,672.1,115133
AUROPHARMA,20260908,1660.5,1698.8,1655.0,1692.0,1055813
AURUM,20260908,225.85,228.0,223.78,227.26,56616
AURUS,20260908,4.94,4.94,4.73,4.78,24602
AUSOMENT,20260908,161.0,161.0,152.56,155.86,6145
AUSTENG,20260908,125.95,129.5,121.0,121.41,11816
AUTOAXLES,20260908,1666.6,1685.0,1658.1,1664.4,4754
AUTOBEES,20260908,286.69,288.0,284.05,286.83,187168
AUTOIETF,20260908,28.81,28.95,28.51,28.82,366585
AUTOIND,20260908,85.0,87.78,84.21,87.03,227265
AVADHSUGAR,20260908,839.7,844.5,825.0,836.25,59362
AVALON,20260908,2350.0,2360.0,2280.8,2290.3,355629
AVANCE,20260908,0.84,0.85,0.83,0.84,3518500
AVANTEL,20260908,156.97,160.6,156.0,156.44,942769
AVANTIFEED,20260908,786.95,847.9,784.75,837.15,1080144
AVG,20260908,165.04,165.9,164.0,165.57,4128
AVL,20260908,604.0,617.0,589.95,614.6,157929
AVONMORE,20260908,14.35,14.35,14.0,14.06,152135
AVROIND,20260908,8.4,8.88,8.19,8.58,820338
AVTNPL,20260908,90.96,91.58,88.9,90.35,162418
AWFIS,20260908,254.0,255.85,250.1,253.0,167070
AWHCL,20260908,370.5,372.45,361.0,365.75,73249
AWL,20260908,187.95,188.31,186.0,187.52,819467
AXISBANK,20260908,1262.8,1264.9,1239.5,1244.9,3623260
AXISCADES,20260908,1778.0,1861.0,1778.0,1848.6,309618
AXITA,20260908,8.03,8.04,7.97,7.99,573251
AXTEL,20260908,390.0,411.85,388.0,408.85,2822
AYE,20260908,185.37,188.83,183.51,184.78,556286
AYMSYNTEX,20260908,316.85,330.0,311.4,320.1,137382
AZAD,20260908,2885.0,2885.8,2800.0,2822.1,256205
AZADIND,20260908,90.25,91.0,89.0,89.86,43050
BAFNAPH,20260908,307.75,307.75,307.75,307.75,6169
BAGFILMS,20260908,4.81,4.88,4.64,4.7,121873
BAIDFIN,20260908,11.05,12.95,11.02,12.05,1092523
BAJAJ-AUTO,20260908,11727.0,11883.0,11716.0,11880.0,192942
BAJAJCON,20260908,526.0,527.6,512.0,514.1,589132
BAJAJELEC,20260908,341.05,341.85,335.0,339.95,97393
BAJAJFINSV,20260908,1938.6,1951.9,1933.0,1938.1,707710
BAJAJHCARE,20260908,328.85,338.7,328.85,336.7,196328
BAJAJHFL,20260908,83.51,84.2,82.58,84.01,3509185
BAJAJHIND,20260908,22.8,23.17,22.4,22.66,22885945
BAJAJHLDNG,20260908,11094.0,11124.0,10970.0,11046.0,28503
BAJAJINDEF,20260908,225.6,226.89,220.02,220.95,7155
BAJAJST,20260908,365.6,369.7,361.75,365.0,3242
BAJEL,20260908,187.3,187.3,182.12,183.62,105390
BAJFINANCE,20260908,1058.8,1059.6,1050.0,1054.1,3608327
BALAJEE,20260908,26.49,26.49,25.11,25.46,31666
BALAJITELE,20260908,92.82,95.0,91.9,93.42,310562
BALAMINES,20260908,2575.0,2581.2,2452.0,2475.4,202112
BALAXI,20260908,24.24,24.75,23.2,23.34,67891
BALKRISHNA,20260908,17.4,17.4,16.8,17.03,27420
BALKRISIND,20260908,2279.4,2305.5,2237.2,2258.0,360643
BALMLAWRIE,20260908,177.98,177.98,175.71,176.38,143306
BALPHARMA,20260908,93.78,97.6,93.0,95.38,126694
BALRAMCHIN,20260908,712.05,742.0,702.8,711.45,3169872
BALUFORGE,20260908,552.3,557.7,540.1,541.65,787147
BANARBEADS,20260908,112.0,113.95,109.05,109.99,539
BANARISUG,20260908,3824.6,3824.6,3720.1,3743.6,1142
BANCOINDIA,20260908,625.0,631.7,622.65,628.3,76891
BANDHANBNK,20260908,165.95,172.4,163.3,171.58,20828794
BANG,20260908,34.11,34.65,33.45,33.52,11655
BANK10ADD,20260908,16.85,16.9,16.65,16.69,45774
BANK10BETF,20260908,20.69,20.69,20.49,20.52,715
BANKA,20260908,82.0,83.5,78.52,79.1,2035
BANKADD,20260908,58.67,58.67,58.14,58.41,6667
BANKBARODA,20260908,236.8,237.7,234.54,236.6,7992697
BANKBEES,20260908,593.7,593.77,588.3,589.09,329432
BANKBETA,20260908,59.05,59.08,58.8,58.88,22057
BANKBETF,20260908,58.1,58.13,57.68,57.87,9059
BANKETF,20260908,582.09,582.09,578.45,579.02,11089
BANKIETF,20260908,58.61,58.8,58.31,58.43,108948
BANKINDIA,20260908,142.04,142.39,139.73,140.86,4588957
BANKNIFTY1,20260908,59.32,59.32,59.0,59.06,104424
BANKPSU,20260908,84.94,85.14,84.6,84.89,13314
BANSALWIRE,20260908,320.0,321.0,312.45,314.9,77638
BANSWRAS,20260908,115.95,116.0,113.1,115.0,23714
BASF,20260908,3785.2,3811.4,3744.2,3788.8,25345
BASML,20260908,24.75,25.0,24.01,24.46,80278
BATAINDIA,20260908,669.0,670.4,659.9,663.85,107016
BATLIBOI,20260908,89.59,89.6,86.42,87.63,41932
BAYERCROP,20260908,3980.0,3997.8,3972.5,3984.9,8994
BBETF0432,20260908,1347.99,1349.89,1345.0,1345.75,1247
BBL,20260908,2250.2,2291.7,2219.9,2240.1,33928
BBNPNBETF,20260908,57.72,58.29,57.1,57.13,3715
BBNPPGOLD,20260908,147.4,147.8,146.65,147.6,659
BBOX,20260908,780.0,781.15,756.25,770.9,344888
BBTC,20260908,1476.2,1490.0,1469.0,1477.5,36957
BBTCL,20260908,229.55,235.0,225.55,229.89,4569
BCG,20260908,9.7,11.18,9.67,10.57,67429127
BCLIND,20260908,36.48,36.88,35.77,36.0,353778
BCONCEPTS,20260908,173.55,173.76,164.83,166.33,10620
BCPL,20260908,70.56,74.0,68.06,71.04,72707
BDL,20260908,1250.1,1262.0,1234.3,1242.5,1571035
BEARDSELL,20260908,25.2,25.25,24.06,24.77,44012
BECTORFOOD,20260908,230.69,232.65,227.93,230.35,650239
BEDMUTHA,20260908,108.0,111.99,107.79,108.0,2251
BEEKAY,20260908,429.95,435.65,420.25,427.6,3407
BEL,20260908,408.0,416.0,406.5,410.55,23225496
BELLACASA,20260908,243.0,243.0,239.4,241.18,4006
BELRISE,20260908,230.41,230.95,225.0,227.17,5392903
BEML,20260908,2120.0,2205.0,2095.1,2105.6,1462432
BENARAS,20260908,10120.0,10250.0,10120.0,10250.0,57
BENGALASM,20260908,6349.5,6350.0,6206.0,6222.0,252
BEPL,20260908,125.8,134.5,125.75,133.84,5773995
BERGEPAINT,20260908,484.5,485.65,476.15,479.45,224801
BESTAGRO,20260908,20.4,20.4,19.41,19.6,802902
BETA,20260908,2115.0,2173.9,2115.0,2139.8,13277
BFINVEST,20260908,458.0,460.95,445.25,451.15,25262
BFSI,20260908,26.29,27.04,26.29,26.78,94175
BFUTILITIE,20260908,526.0,537.2,523.0,526.55,40778
BGRENERGY,20260908,257.0,265.0,248.3,257.06,21204
BHAGCHEM,20260908,259.4,261.6,258.35,259.05,67906
BHAGERIA,20260908,335.8,335.8,321.0,335.8,263098
BHAGYANGR,20260908,385.9,392.05,380.0,392.05,194589
BHANDARI,20260908,3.0,3.04,2.97,3.01,113309
BHARATCOAL,20260908,33.7,33.89,33.5,33.51,2353977
BHARATFORG,20260908,1954.5,2027.5,1930.5,2003.7,1947343
BHARATGEAR,20260908,103.05,104.25,102.5,102.78,10450
BHARATRAS,20260908,1166.1,1176.9,1152.0,1159.5,8773
BHARATSE,20260908,227.65,228.79,221.75,226.85,230364
BHARATWIRE,20260908,179.2,179.59,175.0,176.19,68008
BHARTIARTL,20260908,1846.2,1848.8,1829.0,1844.0,4169706
BHARTIHEXA,20260908,1519.0,1558.0,1519.0,1549.3,66216
BHEL,20260908,422.5,426.7,419.85,422.15,4160694
BI,20260908,104.9,104.9,95.61,96.11,191760
BIGBLOC,20260908,41.0,42.1,41.0,41.19,19372
BIKAJI,20260908,579.0,590.2,577.4,583.7,95487
BIL,20260908,947.0,947.0,907.0,936.85,14559
BILVYAPAR,20260908,4.15,4.24,4.02,4.1,9760
BIMETAL,20260908,606.0,628.5,606.0,612.5,91
BIOCON,20260908,392.15,399.9,390.9,392.3,2791301
BIOFILCHEM,20260908,32.7,32.7,31.5,31.52,12623
BIRLACABLE,20260908,339.9,339.9,339.9,339.9,50176
BIRLACORPN,20260908,868.15,882.0,853.0,854.3,58996
BIRLAMONEY,20260908,125.8,125.93,124.25,124.85,23168
BIRLANU,20260908,1444.0,1457.3,1425.0,1433.2,6962
BIRLAPREC,20260908,58.3,58.39,53.1,54.5,463466
BLACKBUCK,20260908,583.6,583.6,572.0,573.4,216364
BLACKROSE,20260908,112.97,112.97,110.1,112.27,19396
BLAL,20260908,160.79,163.07,159.49,161.92,33224
BLBLIMITED,20260908,16.9,16.94,16.42,16.88,119368
BLEL,20260908,477.75,485.0,448.0,451.05,2671760
BLIL,20260908,73.07,73.17,72.3,72.43,74366
BLISSGVS,20260908,720.0,725.9,686.0,722.3,433367
BLKASHYAP,20260908,57.05,57.29,55.92,56.8,295619
BLS,20260908,238.5,240.13,236.05,237.7,495662
BLSE,20260908,321.95,324.7,315.1,322.05,434327
BLUECLOUDS,20260908,19.85,20.1,19.56,19.75,1221023
BLUECOAST,20260908,22.66,22.66,21.5,22.1,2241
BLUEDART,20260908,4988.8,4996.0,4921.0,4987.2,6858
BLUEJET,20260908,570.7,584.8,565.05,581.5,529236
BLUESTARCO,20260908,1490.0,1492.7,1442.1,1460.9,1169742
BLUESTONE,20260908,872.0,884.8,850.1,868.7,627130
BLUSPRING,20260908,138.28,138.32,123.48,123.61,705528
BMWVENTLTD,20260908,55.98,55.98,54.5,54.8,51941
BNAGROCHEM,20260908,203.01,215.0,203.01,214.0,1621
BNALTD,20260908,361.2,382.0,361.2,375.0,155
BNKETFAXIS,20260908,588.11,589.35,585.07,585.23,883
BODALCHEM,20260908,185.0,186.0,174.34,184.05,5497858
BOHRAIND,20260908,12.76,13.01,12.76,13.0,17513
BOMDYEING,20260908,112.0,116.89,111.05,114.27,1292100
BONLON,20260908,41.5,41.93,40.1,40.88,1232
BORANA,20260908,335.0,335.0,315.0,319.95,22287
BOROLTD,20260908,252.17,257.4,252.17,255.54,95659
BORORENEW,20260908,510.0,513.9,501.2,503.35,342669
BOROSCI,20260908,130.65,132.5,127.0,129.63,41466
BOSCH-HCIL,20260908,1854.0,1854.0,1786.5,1794.0,52669
BOSCHLTD,20260908,48200.0,48955.0,48100.0,48785.0,33665
BPCL,20260908,311.1,314.25,301.4,303.85,4641011
BPL,20260908,49.6,50.0,48.62,48.65,25319
BPLPHARMA,20260908,1575.0,1575.0,1548.0,1568.8,939
BRAHMINFRA,20260908,162.99,162.99,156.75,159.13,8497
BRIGADE,20260908,675.8,689.95,669.0,687.0,319215
BRIGHOTEL,20260908,57.79,57.99,57.0,57.14,109899
BRIGHTBR,20260908,255.9,265.0,250.05,259.25,357
BRITANNIA,20260908,5036.0,5091.5,5012.0,5064.0,280231
BRNL,20260908,17.38,17.38,17.0,17.12,17393
BROOKS,20260908,69.7,69.75,61.52,63.3,64342
BSE,20260908,3440.0,3442.2,3362.0,3394.0,2850676
BSE500IETF,20260908,40.05,40.25,39.05,39.19,131875
BSHSL,20260908,93.0,93.0,89.0,91.17,8027
BSL,20260908,122.02,124.99,120.3,123.33,3612
BSLGOLDETF,20260908,134.02,135.24,133.34,133.97,592588
BSLNIFTY,20260908,28.62,28.62,27.76,27.88,630053
BSLSENETFG,20260908,77.92,78.5,76.13,76.54,22029
BSOFT,20260908,282.8,283.7,280.3,281.65,463798
BTML,20260908,8.37,8.49,7.48,8.02,2823219
BTTL,20260908,41.5,42.45,41.0,42.36,5023
BUILDPRO,20260908,1281.6,1320.0,1221.7,1301.1,139888
BURNPUR,20260908,19.47,19.47,19.47,19.47,58100
BUTTERFLY,20260908,614.9,630.0,609.7,614.55,20105
BVCL,20260908,42.2,43.79,41.9,42.68,55539
BYKE,20260908,32.0,32.56,30.66,31.9,40242
CALSOFT,20260908,37.0,37.0,37.0,37.0,43781
CAMLINFINE,20260908,102.7,106.62,101.62,104.15,1119448
CAMPUS,20260908,217.5,219.02,216.2,216.81,248017
CAMS,20260908,737.2,739.0,728.7,729.5,608207
CANBK,20260908,124.02,124.84,123.85,124.68,8644820
CANFINHOME,20260908,805.45,811.85,795.0,797.6,328192
CANHLIFE,20260908,152.0,154.71,148.61,154.16,988311
CANTABIL,20260908,238.6,239.28,235.35,236.87,59495
CAPACITE,20260908,205.05,206.82,198.65,199.72,572086
CAPILLARY,20260908,475.7,485.1,457.1,460.55,547944
CAPITALSFB,20260908,281.95,281.95,275.0,277.0,23273
CAPLIPOINT,20260908,2830.0,2850.4,2747.1,2770.1,127691
CAPTRUST,20260908,19.9,19.9,18.9,19.47,11840
CARBORUNIV,20260908,1095.1,1126.8,1087.4,1095.9,94132
CARERATING,20260908,1740.0,1742.8,1705.0,1721.1,27991
CARRARO,20260908,540.4,548.0,535.55,538.85,56002
CARTRADE,20260908,3186.0,3225.7,3110.0,3176.7,308717
CARYSIL,20260908,1151.0,1194.0,1140.0,1155.0,147684
CASHIETF,20260908,1078.61,1078.63,1078.61,1078.61,66567
CASTROLIND,20260908,189.01,190.45,188.3,189.46,1388206
CCAVENUE,20260908,16.0,16.1,15.29,15.36,10150351
CCCL,20260908,14.37,14.4,14.0,14.09,123596
CCHHL,20260908,12.65,12.99,12.42,12.69,29869
CCL,20260908,1097.0,1137.0,1086.5,1130.6,160147
CDSL,20260908,1415.0,1417.0,1395.0,1400.0,975781
CEATLTD,20260908,3321.0,3346.3,3304.0,3313.2,33715
CEIGALL,20260908,371.35,381.7,371.35,374.85,891724
CEINSYS,20260908,710.0,716.45,696.1,702.2,48187
CELEBRITY,20260908,6.6,6.84,6.6,6.74,36318
CELLO,20260908,340.25,348.95,336.0,343.95,285798
CEMNTGROWW,20260908,14.61,14.78,14.33,14.38,325637
CEMPRO,20260908,1319.0,1323.8,1265.5,1285.1,280343
CENTENKA,20260908,609.95,611.65,586.55,589.2,78032
CENTEXT,20260908,20.94,21.56,20.6,21.39,124246
CENTRALBK,20260908,30.96,31.04,30.78,30.96,3623098
CENTRUM,20260908,22.47,22.85,22.25,22.57,122608
CENTUM,20260908,4375.0,4400.0,4250.0,4287.4,92553
CENTURYPLY,20260908,745.0,749.5,738.0,744.1,22632
CERA,20260908,5744.0,5788.0,5710.0,5761.5,3298
CEREBRAINT,20260908,2.92,2.92,2.75,2.9,92104
CESC,20260908,145.47,146.66,143.9,146.05,1580615
CEWATER,20260908,267.5,269.9,262.15,267.0,37639
CFEL,20260908,31.56,32.75,31.5,32.21,6645
CGCL,20260908,276.8,278.8,268.15,270.75,4044474
CGPOWER,20260908,894.9,915.0,892.0,910.7,2618950
CGVAK,20260908,147.27,152.99,144.0,146.54,3883
CHALET,20260908,907.35,907.35,885.65,897.75,180696
CHAMBLFERT,20260908,416.85,420.3,415.0,418.65,398881
CHEMBOND,20260908,190.0,199.0,187.2,197.72,63405
CHEMBONDCH,20260908,272.0,274.0,256.2,259.95,6271
CHEMCON,20260908,200.0,209.53,198.03,209.53,88574
CHEMCRUX,20260908,81.35,85.2,81.35,83.52,3060
CHEMFAB,20260908,364.45,364.45,350.15,354.9,2418
CHEMICAL,20260908,30.15,30.21,30.05,30.13,218836
CHEMPLASTS,20260908,184.0,187.32,178.25,180.76,811176
CHENNPETRO,20260908,1429.2,1475.0,1415.1,1457.8,1138754
CHEVIOT,20260908,1225.0,1234.9,1208.0,1214.6,2630
CHOICEGOLD,20260908,153.32,153.32,150.0,151.01,2464
CHOICEIN,20260908,755.9,757.95,750.1,753.45,306449
CHOLAFIN,20260908,1834.0,1834.0,1810.0,1823.4,1040914
CHOLAHLDNG,20260908,1510.8,1533.3,1500.0,1526.2,134033
CIEINDIA,20260908,386.0,386.35,382.5,383.4,126785
CIFL,20260908,20.4,20.69,19.86,20.16,309086
CINELINE,20260908,99.4,99.4,94.04,95.39,72166
CINEVISTA,20260908,14.35,14.82,14.1,14.21,16065
CIPLA,20260908,1393.4,1398.4,1377.2,1384.0,728795
CLEAN,20260908,846.0,849.7,827.9,830.25,165910
CLEANMAX,20260908,1390.0,1403.7,1352.2,1399.2,90317
CLEDUCATE,20260908,62.47,62.47,58.1,59.11,12338
CLSEL,20260908,299.05,308.0,296.0,305.65,125406
CMLL,20260908,490.25,496.0,481.0,484.35,273491
CMPDI,20260908,239.5,243.99,236.12,236.85,1033476
CMRGREEN,20260908,224.4,226.5,221.0,222.16,274736
CMSINFO,20260908,239.9,241.0,236.0,236.58,427822
CNL,20260908,1209.5,1215.0,1131.0,1149.2,64047
COALINDIA,20260908,418.1,423.6,416.05,420.25,5273145
COASTCORP,20260908,40.99,41.37,40.0,40.69,64164
COCHINSHIP,20260908,1506.0,1531.5,1505.0,1528.2,875111
COCKERILL,20260908,8029.0,8409.0,8006.0,8325.5,11751
COFFEEDAY,20260908,31.0,34.24,30.7,34.24,2194138
COFORGE,20260908,1935.0,1954.4,1914.1,1950.0,1594561
COHANCE,20260908,451.8,460.5,448.1,451.6,1832601
COLPAL,20260908,1814.0,1841.3,1799.1,1819.9,214109
COMFINTE,20260908,6.13,6.28,6.01,6.11,47608
COMMOIETF,20260908,98.77,101.4,98.0,98.68,46454
COMPEAU,20260908,353.0,370.0,345.0,369.0,1017
COMPINFO,20260908,1.06,1.1,1.01,1.01,74562
COMPUSOFT,20260908,13.14,13.28,13.0,13.15,23897
COMSYN,20260908,295.5,307.2,286.1,301.85,1546418
CONCOR,20260908,503.0,512.8,499.05,502.0,924971
CONCORDBIO,20260908,1443.2,1492.0,1437.8,1470.5,201961
CONFIPET,20260908,82.88,85.0,82.0,82.49,3653848
CONS,20260908,11.9,11.98,11.81,11.88,28902
CONSOFINVT,20260908,317.8,317.8,292.0,317.45,88010
CONSUMAXIS,20260908,119.07,119.67,116.0,119.07,2055
CONSUMBEES,20260908,128.42,129.68,127.83,129.15,78677
CONSUMER,20260908,11.97,11.99,11.89,11.98,353916
CONSUMIETF,20260908,119.99,120.24,119.35,119.96,18938
CONTROLPR,20260908,600.95,602.0,592.5,593.3,12773
CORALFINAC,20260908,32.84,33.87,32.0,32.58,19540
CORDELIA,20260908,110.0,110.49,104.25,106.72,2061326
CORDSCABLE,20260908,314.85,376.0,303.0,372.75,1937988
COROMANDEL,20260908,1979.0,1979.1,1940.5,1951.1,61408
CORONA,20260908,2093.4,2107.5,2054.8,2093.2,9813
COSMOFIRST,20260908,935.4,935.4,905.0,909.15,40826
COUNCODOS,20260908,6.58,6.58,6.31,6.51,14203
CPCAP,20260908,140.0,142.0,136.1,137.36,88590
CPEDU,20260908,198.5,198.5,189.2,191.35,1581
CPL,20260908,62.35,67.8,62.35,66.78,201784
CPPLUS,20260908,3762.5,3850.0,3690.0,3828.8,169118
CPSEETF,20260908,94.24,94.4,93.34,94.23,1324882
CRAFTSMAN,20260908,11343.0,11542.0,11297.0,11406.0,22659
CRAMC,20260908,246.85,247.2,238.0,242.25,1912939
CRAVATEX,20260908,337.95,339.9,315.0,317.35,1220
CREATIVEYE,20260908,6.01,6.23,5.95,6.09,7155
CREDITACC,20260908,1425.0,1429.9,1392.5,1417.1,105678
CREST,20260908,366.0,368.0,356.5,362.35,7147
CRISIL,20260908,4786.6,4819.9,4603.1,4754.5,26735
CRIZAC,20260908,173.8,178.36,170.97,171.94,1555453
CROMPTON,20260908,230.8,234.4,227.56,231.9,3241817
CROWN,20260908,117.35,117.35,114.01,115.58,11590
CRSL,20260908,2.61,2.67,2.5,2.54,557743
CSBBANK,20260908,323.0,323.0,311.15,312.85,635441
CSLFINANCE,20260908,245.64,248.46,240.5,241.85,37446
CSM,20260908,95.0,95.24,93.0,94.13,51809
CTE,20260908,42.26,42.26,41.1,41.77,4642
CUB,20260908,238.6,239.17,232.16,232.97,1107925
CUBEXTUB,20260908,76.82,80.0,76.82,78.88,63102
CUMMINSIND,20260908,5007.0,5040.0,4965.0,5040.0,457631
CUPID,20260908,281.0,282.35,272.2,274.8,7752087
CURAA,20260908,84.0,84.0,76.0,78.0,671
CYBERMEDIA,20260908,26.41,26.82,23.92,23.92,116773
CYBERTECH,20260908,134.0,140.7,133.0,139.26,29551
CYIENT,20260908,1100.0,1100.0,1078.0,1086.3,261931
CYIENTDLM,20260908,867.3,1009.0,867.3,976.25,3128714
DABUR,20260908,375.25,377.95,373.75,375.0,2107745
DAICHI,20260908,370.0,370.0,355.15,367.0,1996
DALBHARAT,20260908,1713.9,1739.2,1671.8,1700.5,143709
DALMIASUG,20260908,448.05,457.2,439.0,450.35,113835
DAMCAPITAL,20260908,142.67,147.2,142.67,145.29,353726
DAMODARIND,20260908,29.3,29.3,28.35,29.11,1628
DANGEE,20260908,2.9,2.96,2.77,2.88,27055
DATAMATICS,20260908,752.0,760.85,733.85,739.0,113101
DATAPATTNS,20260908,4617.1,4950.0,4617.1,4932.3,2894206
DAVANGERE,20260908,2.03,2.03,1.92,1.93,31289677
DBCORP,20260908,194.65,195.51,193.4,195.3,29713
DBEIL,20260908,7.56,7.69,6.77,7.26,719710
DBL,20260908,392.0,394.95,390.15,393.55,49330
DBOL,20260908,126.8,127.5,125.01,126.12,83928
DBREALTY,20260908,101.0,103.35,100.88,101.19,799147
DBSTOCKBRO,20260908,28.4,28.92,28.4,28.41,2598
DCAL,20260908,172.0,174.89,170.51,173.98,138425
DCBBANK,20260908,221.0,234.8,219.91,229.55,6352270
DCI,20260908,353.0,353.0,300.25,300.75,1111658
DCM,20260908,76.2,77.9,75.0,75.06,29183
DCMFINSERV,20260908,5.31,5.32,5.06,5.11,11363
DCMNVL,20260908,186.3,187.98,177.35,180.44,40184
DCMSHRIRAM,20260908,1008.0,1015.9,1005.8,1008.2,45553
DCMSIL,20260908,68.0,71.98,67.89,69.09,61329
DCMSRIND,20260908,44.99,45.09,43.11,43.78,167918
DCW,20260908,47.99,49.25,46.85,47.65,2432635
DCXINDIA,20260908,173.95,178.15,173.17,174.09,482554
DDEVPLSTIK,20260908,274.95,274.95,268.9,269.45,76809
DECCANCE,20260908,570.85,578.15,564.0,567.75,11865
DECNGOLD,20260908,215.77,224.5,214.0,223.22,1302537
DEEDEV,20260908,682.6,710.0,663.65,701.6,328658
DEEP,20260908,35.57,36.35,34.76,35.56,9972
DEEPA,20260908,221.0,222.0,193.0,194.37,50931963
DEEPAKFERT,20260908,1349.9,1366.7,1341.0,1345.9,238040
DEEPAKNTR,20260908,1642.0,1659.9,1620.1,1647.8,310426
DEEPINDS,20260908,789.55,823.0,771.4,818.7,946974
DEFENCE,20260908,82.51,83.9,82.5,83.81,281076
DELHIVERY,20260908,452.8,458.2,450.25,454.9,2214615
DELPHIFX,20260908,6.07,6.07,5.89,5.95,84790
DELTACORP,20260908,56.2,56.36,55.2,55.44,536646
DELTAMAGNT,20260908,56.72,58.98,56.72,58.44,2793
DEN,20260908,27.9,27.99,26.55,27.18,336140
DENORA,20260908,825.15,833.95,800.15,805.95,5325
DENTA,20260908,282.6,282.75,276.15,279.65,79481
DEVIT,20260908,24.39,24.39,23.9,23.99,36964
DEVX,20260908,33.06,34.5,33.0,33.75,85260
DEVYANI,20260908,138.67,139.79,135.8,137.99,868338
DGCONTENT,20260908,24.43,25.0,24.43,24.54,7305
DHABRIYA,20260908,504.0,518.35,485.0,515.85,6148
DHAMPURSUG,20260908,172.49,173.75,166.95,168.88,450077
DHANBANK,20260908,31.36,31.42,30.95,31.11,342786
DHANUKA,20260908,1028.0,1028.0,989.15,994.05,37513
DHARAN,20260908,0.14,0.14,0.13,0.13,7901887
DHARMAJ,20260908,270.0,271.05,265.55,269.75,42227
DHATRE,20260908,4.98,4.98,4.32,4.69,77720
DHOOTTRANS,20260908,1551.7,1608.5,1537.0,1597.6,2321905
DHRUV,20260908,22.8,23.4,22.8,23.4,391
DHUNINV,20260908,1041.65,1041.65,1008.75,1014.5,301
DIACABS,20260908,332.9,344.3,326.5,336.25,645893
DIAMINESQ,20260908,240.0,247.49,240.0,245.07,7999
DIAMONDYD,20260908,1148.7,1168.3,1125.0,1129.3,30348
DICIND,20260908,613.0,638.3,613.0,622.85,6121
DIFFNKG,20260908,454.4,459.75,441.0,442.5,273122
DIGIDRIVE,20260908,17.84,18.3,17.52,17.73,29631
DIGISPICE,20260908,16.97,17.1,16.71,16.91,42404
DIGITIDE,20260908,96.06,96.06,92.49,93.42,293637
DIGJAMLMTD,20260908,51.19,54.0,51.19,51.78,20727
DISAQ,20260908,11899.0,11994.0,11800.0,11926.0,492
DISHTV,20260908,2.53,2.57,2.49,2.54,1298327
DIVGIITTS,20260908,1175.9,1213.0,1152.3,1189.3,105696
DIVIDEND,20260908,35.17,35.37,35.14,35.24,3316
DIVISLAB,20260908,9375.5,9588.0,9253.0,9575.0,838906
DIVOPPBEES,20260908,76.36,76.36,75.61,75.74,60917
DIXON,20260908,14128.0,14229.0,14052.0,14100.0,129101
DJML,20260908,74.48,77.0,72.68,76.08,156457
DLF,20260908,672.4,676.4,665.0,675.1,2425538
DLINKINDIA,20260908,449.95,449.95,440.05,443.0,31082
DMART,20260908,3697.1,3743.0,3680.5,3720.2,500898
DMCC,20260908,295.75,295.75,289.25,290.4,36462
DNAMEDIA,20260908,2.62,2.79,2.53,2.61,19650
DODLA,20260908,1082.1,1087.9,1070.0,1081.7,27293
DOLATALGO,20260908,69.96,70.95,68.9,70.7,128937
DOLLAR,20260908,262.05,265.95,260.0,264.75,70109
DOLPHIN,20260908,726.95,731.0,680.35,687.75,73643
DOMS,20260908,2194.0,2215.3,2170.0,2191.4,38304
DONEAR,20260908,88.7,91.49,86.16,86.79,60206
DPABHUSHAN,20260908,1424.8,1437.9,1400.2,1411.6,10491
DPSCLTD,20260908,7.29,7.32,7.05,7.24,70892
DPWIRES,20260908,156.46,156.46,151.0,152.77,5275
DRAGARWQ,20260908,5320.0,5351.0,5236.0,5267.5,898
DRCSYSTEMS,20260908,13.55,13.55,12.86,12.9,67911
DREAMFOLKS,20260908,65.12,66.35,64.96,65.14,44900
DREDGECORP,20260908,1054.2,1068.0,1037.5,1049.1,90354
DRREDDY,20260908,1146.5,1154.5,1144.0,1151.0,587270
DSFCL,20260908,26.0,26.9,26.0,26.74,72207
DSKULKARNI,20260908,20.19,20.19,20.19,20.19,1
DSSL,20260908,1041.3,1082.0,1024.6,1061.7,28453
DTIL,20260908,146.08,148.49,140.0,142.08,3972
DUCON,20260908,1.79,1.98,1.78,1.8,2913978
DVL,20260908,300.1,300.1,290.55,292.05,14117
DWARKESH,20260908,47.5,48.55,46.61,47.96,2299108
DYCL,20260908,462.95,475.0,452.35,460.6,1016331
DYNAMATECH,20260908,11520.0,11689.0,11450.0,11584.0,10021
DYNPRO,20260908,230.3,238.45,230.0,233.28,15809
E2E,20260908,618.75,627.7,601.0,617.6,909321
EASEMYTRIP,20260908,5.98,6.08,5.88,5.94,28001359
EASTSILK,20260908,58.04,58.04,56.0,57.0,314
EASTWEST,20260908,2.31,2.4,2.28,2.36,43991
EBANK10,20260908,16.72,16.72,16.5,16.54,2754
EBANKNIFTY,20260908,57.62,57.67,57.23,57.48,177
EBBETF0430,20260908,1614.88,1618.84,1610.0,1613.61,12172
EBBETF0431,20260908,1439.51,1440.99,1432.02,1435.18,4062
EBBETF0433,20260908,1312.56,1312.97,1305.0,1306.94,19196
EBGNG,20260908,626.0,675.0,617.0,665.15,1683816
EBIX,20260908,20.3,20.3,19.52,19.77,16460
ECAPINSURE,20260908,24.01,24.01,23.65,23.73,23253
ECLERX,20260908,1907.8,1959.0,1888.0,1945.1,168424
ECORECO,20260908,451.05,464.65,446.05,450.4,10266
ECOSMOBLTY,20260908,112.68,113.5,111.5,111.87,40799
EDELWEISS,20260908,134.0,139.8,127.48,138.8,23439200
EFCIL,20260908,193.0,193.0,185.82,186.53,188815
EGOLD,20260908,154.4,154.4,151.3,152.25,41468
EICHERMOT,20260908,7700.0,7747.5,7655.0,7747.5,461637
EIDPARRY,20260908,778.1,785.1,760.0,763.7,251904
EIEL,20260908,198.03,200.0,195.68,196.2,1029574
EIFFL,20260908,263.55,265.0,263.55,265.0,3197
EIHAHOTELS,20260908,296.45,299.9,293.0,295.7,11850
EIHOTEL,20260908,291.9,307.5,291.45,295.75,1038216
EIMCOELECO,20260908,2278.5,2305.0,2250.0,2258.2,16406
EKC,20260908,104.6,104.6,102.3,103.14,162005
EKI,20260908,74.0,74.0,70.45,70.81,11471
ELANTAS,20260908,13250.0,13999.0,13187.0,13891.0,9941
ELCIDIN,20260908,108915.0,108915.0,106500.0,106500.0,2
ELDEHSG,20260908,777.05,797.0,777.05,795.7,158
ELECON,20260908,426.9,428.0,420.0,421.15,163985
ELECTCAST,20260908,80.35,81.5,79.32,79.9,1318866
ELECTHERM,20260908,966.4,981.3,961.2,964.6,6936
ELGIEQUIP,20260908,644.9,645.5,635.1,638.2,286900
ELGIRUBCO,20260908,57.68,59.85,57.0,59.12,45091
ELIN,20260908,97.6,100.0,95.38,98.42,349113
ELIQUID,20260908,1046.84,1046.84,1046.82,1046.84,60179
ELITECON,20260908,7.84,7.84,7.84,7.84,1895127
ELLEN,20260908,322.95,329.05,316.65,322.8,868357
ELM250,20260908,16.74,16.76,16.27,16.47,107056
ELMDIV,20260908,36.24,36.24,36.04,36.13,7
ELPROINTL,20260908,177.95,177.95,174.01,174.17,4832
EMAMILTD,20260908,367.4,372.5,362.2,363.65,860617
EMAMIPAP,20260908,124.0,124.0,116.21,119.68,33686
EMAMIREAL,20260908,67.62,67.7,65.7,66.18,12331
EMBDL,20260908,59.23,59.23,57.57,58.12,1639752
EMCURE,20260908,1944.0,1955.0,1916.0,1925.8,93609
EMETAL,20260908,13.23,13.29,13.13,13.2,6040
EMIL,20260908,179.75,189.8,175.65,186.02,6303918
EMKAY,20260908,265.0,265.15,260.0,260.7,19955
EMMBI,20260908,94.47,94.47,87.55,89.94,11738
EMMVEE,20260908,325.65,332.75,323.25,331.25,1236466
EMPIND,20260908,1204.9,1204.9,1169.2,1176.8,17717
EMPOWER,20260908,2.01,2.02,2.0,2.01,19565972
EMSLIMITED,20260908,385.0,385.0,376.0,378.4,164742
EMUDHRA,20260908,505.0,517.15,493.8,509.1,173359
EMULTIMQ,20260908,41.79,42.14,41.72,42.09,12316
ENDURANCE,20260908,2770.0,2784.3,2702.0,2735.3,81560
ENERGY,20260908,38.22,38.5,38.17,38.45,383910
ENERGYAXIS,20260908,19.03,19.8,19.03,19.18,20874
ENERGYDEV,20260908,15.43,15.65,15.25,15.33,15162
ENEXT50,20260908,72.27,72.86,72.27,72.85,254
ENGINERSIN,20260908,277.6,281.95,271.45,279.2,2925037
ENIFTY,20260908,23.4,23.95,23.4,23.89,1719
ENIL,20260908,101.4,103.19,99.57,100.21,73276
ENKEIWHEL,20260908,395.0,410.0,390.0,396.6,4351
ENRIN,20260908,3109.0,3249.8,3086.0,3200.1,824146
ENTERO,20260908,1895.1,1920.0,1841.2,1851.8,114511
EPACK,20260908,186.31,190.24,186.0,187.38,327225
EPACKPEB,20260908,233.0,238.8,231.01,234.0,560975
EPIGRAL,20260908,1215.0,1215.0,1172.4,1189.8,30444
EPL,20260908,248.1,252.6,245.95,248.1,3071783
EQUAL200,20260908,14.06,14.06,13.69,13.74,23344
EQUAL50,20260908,327.1,327.47,326.46,327.03,3692
EQUAL50ADD,20260908,345.41,345.41,336.95,337.41,39565
EQUIPPP,20260908,22.85,23.99,22.02,23.8,60920
EQUITASBNK,20260908,73.2,73.22,72.3,72.54,1142583
ERIS,20260908,1322.9,1333.8,1315.1,1324.7,28743
ESABINDIA,20260908,6109.0,6117.5,6010.0,6067.0,4719
ESAFSFB,20260908,41.5,41.69,40.5,41.47,602956
ESCORTS,20260908,2980.3,3029.3,2962.2,3013.2,65334
ESDS,20260908,1189.0,1308.05,1140.6,1308.05,12761472
ESENSEX,20260908,76.77,76.77,76.3,76.46,204
ESG,20260908,41.66,41.66,40.53,40.54,34414
ESILVER,20260908,230.04,233.59,229.69,230.45,52737
ESSARSHPNG,20260908,16.5,16.86,15.9,16.05,303769
ESSENTIA,20260908,1.1,1.15,1.05,1.05,8096583
ESTER,20260908,91.5,92.39,91.02,91.43,49070
ETERNAL,20260908,320.8,324.3,320.5,321.6,10662039
ETHOSLTD,20260908,2779.0,2800.0,2736.7,2761.5,17259
EUREKAFORB,20260908,407.9,412.05,404.55,408.55,101526
EUROBOND,20260908,154.8,155.79,148.25,154.63,2142
EUROPRATIK,20260908,257.0,259.6,254.55,256.95,162490
EUROTEXIND,20260908,13.46,13.46,13.46,13.46,30
EVEREADY,20260908,329.9,351.55,324.4,348.85,421499
EVERESTIND,20260908,423.0,429.8,420.0,426.3,16352
EVIETF,20260908,32.27,34.18,32.0,32.48,211175
EVINDIA,20260908,32.64,32.64,32.15,32.4,176645
EXCELINDUS,20260908,1004.0,1004.0,984.1,993.0,8141
EXCELSOFT,20260908,69.8,69.9,68.5,69.06,244261
EXICOM,20260908,184.75,189.17,180.12,181.65,2500549
EXIDEIND,20260908,424.95,427.2,415.55,418.15,1399882
EXPLEOSOL,20260908,899.95,903.9,881.7,887.95,20997
EXXARO,20260908,6.41,6.6,6.41,6.51,254975
FABTECH,20260908,148.2,149.39,146.5,146.91,57323
FACT,20260908,795.0,823.3,786.65,791.2,402032
FAIRCHEMOR,20260908,646.85,647.0,616.2,629.7,42006
FAZE3Q,20260908,500.0,500.0,494.0,497.3,7008
FCL,20260908,58.84,59.5,56.7,58.44,51043359
FCSSOFT,20260908,1.46,1.46,1.41,1.42,1283392
FDC,20260908,343.0,347.5,341.95,345.95,62726
FEDDERSHOL,20260908,48.3,48.89,47.99,48.0,3577049
FEDERALBNK,20260908,343.05,345.9,341.45,344.15,3571930
FEDFINA,20260908,167.0,167.89,161.51,162.3,676777
FEL,20260908,0.38,0.39,0.37,0.38,141476
FELDVR,20260908,2.22,2.24,2.1,2.24,5836
FERMENTA,20260908,490.0,495.45,472.2,480.7,124807
FIBERWEB,20260908,26.42,26.42,25.73,26.03,5777
FIEMIND,20260908,2068.8,2074.0,2035.0,2038.2,36919
FILATEX,20260908,76.59,77.24,74.86,76.44,704694
FILATFASH,20260908,0.18,0.19,0.18,0.18,9975185
FINCABLES,20260908,1235.1,1311.8,1230.2,1302.3,1806357
FINEORG,20260908,5120.0,5207.0,5082.0,5196.0,11446
FINIETF,20260908,32.73,32.73,32.44,32.56,252671
FINKURVE,20260908,72.05,72.05,66.1,69.09,130557
FINOPB,20260908,137.71,142.37,137.5,139.97,223021
FINPIPE,20260908,157.0,159.17,156.71,157.86,256537
FIRSTCRY,20260908,178.0,178.03,174.6,176.24,570947
FISCHER,20260908,35.71,36.29,35.4,35.56,300427
FIVESTAR,20260908,524.05,528.75,518.5,524.15,145895
FLAIR,20260908,240.2,250.0,234.95,236.96,634998
FLEXIADD,20260908,10.18,10.18,9.93,9.97,45204
FLEXITUFF,20260908,2.18,2.28,2.08,2.08,145147
FLFL,20260908,1.25,1.31,1.19,1.21,26220
FLUOROCHEM,20260908,4539.0,4684.9,4486.0,4676.6,136156
FMCGADD,20260908,45.91,46.24,45.7,46.07,34188
FMCGIETF,20260908,49.32,49.5,48.92,49.31,2380827
FMGOETZE,20260908,482.1,482.1,466.75,469.25,572679
FMNL,20260908,9.43,9.79,9.41,9.52,50081
FOCUS,20260908,63.64,63.87,61.0,61.59,102474
FOODSIN,20260908,56.8,57.99,55.25,56.08,32938
FORCEMOT,20260908,17750.0,17865.0,17590.0,17625.0,47183
FORTIS,20260908,908.05,913.0,902.35,908.0,768379
FOSECOIND,20260908,6128.5,6198.5,6015.5,6095.5,8459
FRACTAL,20260908,802.0,804.65,791.2,794.75,133560
FREDUN,20260908,1409.9,1430.0,1320.1,1356.8,97274
FRONTSP,20260908,1261.8,1267.4,1246.0,1258.2,10954
FSL,20260908,261.0,261.0,256.5,257.8,339117
FUSION,20260908,200.52,203.33,197.82,202.06,508211
GABRIEL,20260908,1360.1,1395.0,1346.1,1389.6,196279
GAEL,20260908,165.89,170.3,164.35,167.3,561039
GAIL,20260908,175.09,176.2,173.84,175.09,4347861
GAJA,20260908,156.9,157.2,152.54,153.64,555867
GALAPREC,20260908,1028.0,1058.4,1020.0,1054.9,21610
GALAXYSURF,20260908,2170.0,2283.4,2166.3,2251.9,159336
GALLANTT,20260908,571.0,571.7,556.3,561.65,120655
GANDHAR,20260908,263.15,265.95,261.3,264.05,528915
GANDHITUBE,20260908,904.0,904.0,878.0,892.95,4925
GANECOS,20260908,990.0,1044.3,978.5,1040.4,156348
GANESHBE,20260908,135.85,135.85,126.25,129.6,594797
GANESHCP,20260908,170.95,172.04,167.5,169.71,620162
GANESHHOU,20260908,756.1,761.95,745.1,750.8,15289
GANGAFORGE,20260908,1.64,1.64,1.58,1.59,3936325
GANGESSECU,20260908,120.4,121.8,116.5,118.63,1524
GARFIBRES,20260908,819.25,821.75,802.0,819.15,24619
GARUDA,20260908,183.0,198.39,181.15,183.61,12283756
GATECH,20260908,0.83,0.83,0.83,0.83,4501301
GATECHDVR,20260908,0.49,0.51,0.49,0.49,300098
GATEWAY,20260908,54.44,54.96,53.5,53.94,1065075
GAUDIUMIVF,20260908,112.7,118.39,110.61,118.39,86378
GAYAHWS,20260908,1.97,1.98,1.92,1.94,242919
GAYAPROJ,20260908,22.4,23.28,22.3,23.26,2694235
GCSL,20260908,602.9,608.8,595.65,598.25,518013
GEECEE,20260908,379.6,379.6,362.6,368.5,3004
GEEKAYWIRE,20260908,30.55,30.87,29.4,29.51,124885
GEMAROMA,20260908,160.24,164.69,157.3,161.86,81302
GENCON,20260908,42.3,42.66,41.31,41.89,282549
GENESYS,20260908,240.25,288.19,239.5,288.19,8754555
GENSOL,20260908,17.6,17.77,17.0,17.46,73427
GENUSPAPER,20260908,13.48,13.79,12.67,12.86,169810
GENUSPOWER,20260908,337.0,338.2,331.85,333.65,1390800
GEOJITFSL,20260908,82.95,83.04,77.85,81.08,342199
GESHIP,20260908,1375.0,1397.7,1374.4,1383.8,760052
GFLLIMITED,20260908,62.9,63.59,59.21,60.17,299897
GFSTEELS,20260908,16.5,16.5,16.5,16.5,5204
GHCL,20260908,434.0,434.05,428.5,433.05,90776
GHCLTEXTIL,20260908,133.52,134.29,131.18,131.96,403571
GICHSGFIN,20260908,140.42,141.9,138.5,138.73,63413
GICL,20260908,24.01,24.8,23.2,24.53,695516
GICRE,20260908,351.0,353.15,346.2,348.1,937332
GILLANDERS,20260908,104.63,104.63,100.11,101.81,1739
GILLETTE,20260908,7360.0,7564.0,7311.5,7530.5,40115
GILT10BETA,20260908,26.66,26.77,26.33,26.7,500082
GILT5BETA,20260908,67.18,67.18,65.96,66.8,198804
GILT5YBEES,20260908,67.66,68.3,66.15,66.33,124132
GINNIFILA,20260908,42.73,43.49,42.0,42.99,12793
GIPCL,20260908,201.8,201.98,198.2,201.1,325313
GKB,20260908,68.95,71.77,65.0,71.52,7204
GKENERGY,20260908,131.3,133.88,127.51,129.61,362678
GKSL,20260908,176.34,179.8,174.0,175.19,381320
GKWLIMITED,20260908,1550.0,1584.0,1550.0,1551.7,508
GLAND,20260908,2979.9,2979.9,2901.9,2959.3,709554
GLAXO,20260908,2978.0,3001.3,2921.2,2928.2,50684
GLENMARK,20260908,2469.9,2492.0,2439.0,2474.5,447432
GLFL,20260908,5.72,5.73,5.35,5.35,11524
GLOBAL,20260908,120.49,129.4,120.46,126.62,385486
GLOBALE,20260908,11.15,11.74,10.85,10.91,4731
GLOBALVECT,20260908,141.0,142.43,138.26,139.29,6915
GLOBE,20260908,1.84,1.88,1.84,1.87,407651
GLOBECIVIL,20260908,47.0,47.0,45.0,45.34,27306
GLOBUSSPR,20260908,894.0,894.5,852.1,861.45,241474
GLOSTERLTD,20260908,603.4,614.5,591.1,598.8,641
GLOTTIS,20260908,59.63,60.86,56.8,57.13,135316
GMBREW,20260908,941.4,941.4,921.35,927.75,20463
GMDCLTD,20260908,558.1,576.1,552.75,568.85,1454970
GMMPFAUDLR,20260908,1262.8,1308.6,1235.7,1285.2,1155005
GMRAIRPORT,20260908,95.94,97.28,95.74,97.0,8949771
GMRP&UI,20260908,93.57,96.05,91.75,95.61,1548311
GNA,20260908,546.9,564.0,543.8,553.4,227103
GNFC,20260908,599.9,601.0,586.15,589.1,1037637
GNRL,20260908,115.0,117.8,106.7,108.95,634510
GOACARBON,20260908,387.0,393.0,382.15,386.25,28685
GOCLCORP,20260908,433.55,441.9,433.0,435.6,183004
GOCOLORS,20260908,330.5,330.95,325.45,327.45,59977
GODAVARIB,20260908,244.95,246.89,240.0,244.37,57244
GODFRYPHLP,20260908,2024.0,2036.9,2003.0,2010.0,129795
GODIGIT,20260908,255.05,261.45,254.5,259.15,158238
GODREJAGRO,20260908,665.5,675.0,655.35,673.6,422780
GODREJCP,20260908,866.5,870.95,855.15,865.0,1437045
GODREJIND,20260908,1152.0,1155.0,1130.2,1144.0,63806
GODREJPROP,20260908,1920.0,1926.3,1885.1,1906.6,507608
GOKEX,20260908,774.0,783.6,768.4,781.3,106564
GOKUL,20260908,43.8,44.4,42.02,42.54,154949
GOKULAGRO,20260908,231.45,240.0,229.79,233.15,875102
GOLD1,20260908,127.06,127.9,126.54,127.09,1041351
GOLD360,20260908,148.4,149.55,147.55,148.25,11492
GOLDADD,20260908,14.92,14.92,14.72,14.79,4359148
GOLDAXIS,20260908,127.0,127.67,126.3,126.86,2600077
GOLDBEES,20260908,126.0,126.7,125.29,125.84,19795291
GOLDBETA,20260908,128.25,129.0,127.5,128.15,736226
GOLDBND,20260908,152.69,153.17,151.26,152.36,24203
GOLDCASE,20260908,23.93,24.15,23.85,23.95,10295437
GOLDENTOBC,20260908,25.19,25.35,24.0,25.3,3341
GOLDETF,20260908,149.44,149.44,147.36,147.88,1246818
GOLDIAM,20260908,339.45,343.9,335.6,338.2,583593
GOLDIETF,20260908,131.25,131.3,129.8,130.38,3793599
GOLDTECH,20260908,48.49,48.54,47.6,48.01,8104
GOODLUCK,20260908,480.0,528.8,465.05,515.65,1569090
GOODYEAR,20260908,730.8,734.85,723.5,725.2,4216
GOPAL,20260908,267.7,267.7,263.0,264.2,91892
GOYALALUM,20260908,6.33,6.33,6.13,6.21,45367
GPIL,20260908,243.8,247.06,242.5,245.71,1287350
GPPL,20260908,160.9,162.96,159.56,160.58,560277
GPTHEALTH,20260908,161.37,164.4,159.0,160.7,145874
GPTINFRA,20260908,111.2,113.0,110.5,111.42,143162
GRADIENTE,20260908,2.62,2.67,2.52,2.54,1367910
GRANDOAK,20260908,36.25,36.25,34.36,34.56,772
GRANULES,20260908,869.0,899.85,865.0,895.35,2111998
GRAPHITE,20260908,718.0,743.9,713.0,734.25,1208880
GRASIM,20260908,3302.4,3318.2,3277.0,3306.8,875447
GRAUWEIL,20260908,71.88,73.2,70.53,72.01,306863
GRAVISSHO,20260908,28.67,28.67,28.67,28.67,105
GRAVITA,20260908,1665.0,1690.0,1665.0,1682.3,218722
GREAVESCOT,20260908,195.5,195.8,192.31,193.06,467258
GREENLAM,20260908,235.8,238.0,234.74,235.53,41593
GREENPANEL,20260908,162.6,164.44,160.5,161.69,351454
GREENPLY,20260908,305.35,305.35,297.35,299.35,104416
GREENPOWER,20260908,9.19,9.29,9.1,9.14,2268132
GRINDWELL,20260908,1933.0,1939.8,1910.0,1922.8,12837
GRINFRA,20260908,860.0,865.25,853.4,859.3,12337
GRMOVER,20260908,85.15,88.91,85.01,88.17,1436766
GROBTEA,20260908,966.0,966.0,966.0,966.0,2
GROWW,20260908,194.78,195.58,193.0,195.24,18712196
GROWWCAPM,20260908,11.54,11.59,11.4,11.43,463030
GROWWCHEM,20260908,29.93,30.43,29.9,30.21,109416
GROWWDEFNC,20260908,98.0,101.0,97.75,99.97,484787
GROWWEV,20260908,32.76,32.76,32.0,32.23,312881
GROWWGOLD,20260908,14.86,14.97,14.8,14.85,1485087
GROWWHOSPI,20260908,52.0,52.24,51.76,51.89,210204
GROWWLIQID,20260908,110.67,110.67,110.66,110.66,218348
GROWWLOVOL,20260908,10.28,10.42,10.17,10.2,7226
GROWWMC150,20260908,231.0,232.5,229.19,230.25,932
GROWWMETAL,20260908,12.4,12.68,12.4,12.48,669401
GROWWMOM50,20260908,11.2,11.2,10.96,11.05,94566
GROWWN200,20260908,11.55,11.55,11.16,11.17,82183
GROWWNET,20260908,10.7,11.06,10.09,10.86,657563
GROWWNIFTY,20260908,9.36,9.66,9.36,9.58,1090198
GROWWNXT50,20260908,73.15,74.85,72.11,74.6,4677
GROWWPOWER,20260908,11.23,11.38,11.21,11.34,1997010
GROWWPSE,20260908,96.0,99.6,96.0,98.16,1672
GROWWPSUBK,20260908,84.67,85.48,83.51,84.49,4854
GROWWRAIL,20260908,28.22,28.22,27.7,27.79,468337
GROWWRLTY,20260908,10.07,10.35,9.91,10.03,177073
GROWWSC250,20260908,10.8,10.8,10.58,10.64,115196
GROWWSLVR,20260908,22.9,22.94,22.55,22.65,1107262
GRPLTD,20260908,2042.0,2042.0,1962.0,2001.4,981
GRSE,20260908,2518.0,2568.9,2512.0,2525.7,348575
GRWRHITECH,20260908,7006.0,7049.0,6900.5,6975.5,21656
GSEC10ABSL,20260908,112.93,112.93,111.72,112.93,10
GSEC10ADD,20260908,26.81,26.83,26.47,26.83,520
GSEC10IETF,20260908,262.18,262.18,262.18,262.18,100
GSEC10YEAR,20260908,30.49,30.51,30.29,30.3,3501
GSEC5IETF,20260908,66.72,67.11,66.2,66.24,8567
GSFC,20260908,162.2,162.33,160.42,160.81,877506
GSLSU,20260908,30.5,30.5,28.24,29.3,71165
GSPCROP,20260908,600.0,606.7,480.8,531.0,2530958
GSS,20260908,11.34,11.34,10.83,10.96,29086
GTECJAINX,20260908,28.11,29.25,28.0,28.05,2455
GTL,20260908,7.3,7.3,6.71,7.02,459766
GTLINFRA,20260908,1.21,1.22,1.17,1.18,35870401
GTPL,20260908,59.0,59.13,57.67,58.08,26510
GUFICBIO,20260908,448.0,451.0,436.8,440.3,66969
GUJALKALI,20260908,709.0,730.0,707.85,718.75,57495
GUJAPOLLO,20260908,348.05,348.6,341.5,342.2,4003
GUJENERGY,20260908,261.93,262.9,258.91,260.18,1104625
GUJRAFFIA,20260908,40.0,42.0,40.0,41.95,2702
GUJTHEM,20260908,432.75,470.05,431.85,453.25,1824251
GULFOILLUB,20260908,1059.6,1061.0,1047.0,1057.6,37689
GULFPETRO,20260908,64.6,66.5,62.01,64.62,155261
GULPOLY,20260908,183.04,184.2,180.0,181.96,195570
GVKPIL,20260908,2.13,2.13,2.13,2.13,629903
GVPIL,20260908,662.45,673.8,651.35,656.2,214560
GVPTECH,20260908,7.8,8.29,7.67,8.03,45051
GVT&D,20260908,4636.1,4793.0,4610.0,4750.0,4274212
GYFTR,20260908,189.65,190.0,186.0,186.02,16980
HAL,20260908,4904.1,5072.0,4903.7,5031.1,2553021
HALDER,20260908,281.6,297.0,281.6,293.55,27910
HALDYNGL,20260908,145.05,145.95,140.0,141.14,43680
HALEOSLABS,20260908,1497.4,1497.4,1445.5,1448.1,465
HAMPTON,20260908,8.19,9.65,7.71,8.59,371915
HAPPSTMNDS,20260908,341.25,349.35,338.1,345.65,1486882
HAPPYFORGE,20260908,2259.9,2260.0,2171.5,2230.3,46944
HARDWYN,20260908,9.25,9.25,9.01,9.14,1019996
HARIOMPIPE,20260908,367.4,377.0,358.0,371.7,141126
HARRMALAYA,20260908,193.0,193.0,189.0,189.92,9200
HARSHA,20260908,461.05,468.9,451.15,466.8,211797
HATHWAY,20260908,10.39,10.39,10.26,10.29,1064614
HATSUN,20260908,1132.8,1218.2,1132.8,1198.0,180176
HAVELLS,20260908,1147.0,1147.6,1135.4,1140.0,1045920
HAVISHA,20260908,1.35,1.35,1.32,1.33,20675
HAWKINCOOK,20260908,8395.0,8395.0,8171.0,8212.0,843
HAZOOR,20260908,20.0,20.13,19.66,19.97,346036
HBESD,20260908,75.0,76.66,72.51,76.66,618
HBLENGINE,20260908,704.9,733.85,698.1,731.25,1986289
HBPOR,20260908,60.5,62.0,57.03,61.79,232
HBSL,20260908,53.5,56.0,53.26,54.01,5599
HCC,20260908,23.52,24.1,23.06,23.86,35951505
HCG,20260908,690.95,697.6,676.55,690.6,145459
HCL-INSYS,20260908,10.1,10.2,10.01,10.12,327856
HCLTECH,20260908,1281.4,1290.0,1268.2,1277.0,2241262
HDBFS,20260908,686.0,689.95,677.7,683.1,489696
HDFCAMC,20260908,2443.5,2454.0,2433.0,2447.3,550618
HDFCBANK,20260908,707.1,708.9,703.0,703.0,19883515
HDFCBSE500,20260908,37.37,37.59,37.11,37.35,566492
HDFCGOLD,20260908,130.15,130.9,129.5,130.18,2855085
HDFCGROWTH,20260908,117.25,118.09,117.0,117.33,28461
HDFCLIFE,20260908,539.9,547.8,533.65,533.8,3149035
HDFCLIQUID,20260908,1077.01,1077.01,1076.99,1077.0,18237
HDFCLOWVOL,20260908,20.27,20.32,20.25,20.29,13711
HDFCMID150,20260908,23.75,23.75,23.3,23.42,171590
HDFCMOMENT,20260908,31.0,31.3,30.98,31.23,162218
HDFCNEXT50,20260908,74.6,74.78,74.1,74.5,139965
HDFCNIF100,20260908,26.31,26.31,25.62,25.71,11976
HDFCNIFBAN,20260908,58.84,58.84,58.42,58.55,38001
HDFCNIFIT,20260908,32.75,32.75,31.8,32.0,34099
HDFCNIFTY,20260908,268.29,273.0,266.83,267.23,528289
HDFCNIMEG,20260908,132.19,132.71,131.0,131.8,2236
HDFCPSUBK,20260908,84.9,85.33,84.41,84.59,53433
HDFCPVTBAN,20260908,28.16,28.25,27.99,28.04,154092
HDFCQUAL,20260908,58.17,58.65,58.06,58.25,3179
HDFCSENSEX,20260908,86.69,86.69,85.98,85.99,29581
HDFCSILVER,20260908,223.38,224.2,220.01,221.31,2108714
HDFCSML250,20260908,186.51,187.2,185.69,186.57,830158
HDFCVALUE,20260908,124.25,126.33,123.4,123.92,12289
HDIL,20260908,1.52,1.53,1.47,1.5,78484
HEADSUP,20260908,7.0,7.67,6.75,7.04,10080
HEALTHADD,20260908,16.74,17.0,16.63,16.67,18688
HEALTHAXIS,20260908,168.0,169.68,168.0,169.31,989
HEALTHCARE,20260908,21.67,21.88,21.62,21.82,25981
HEALTHIETF,20260908,169.45,171.3,169.07,170.85,50246
HEALTHX,20260908,301.35,312.4,300.0,302.6,3540
HEALTHY,20260908,17.45,17.45,16.93,17.09,209540
HECPROJECT,20260908,120.48,140.2,118.02,122.98,139918
HEG,20260908,265.4,265.4,258.6,258.6,1334287
HEIDELBERG,20260908,161.49,161.49,158.62,159.72,341014
HEMIPROP,20260908,124.5,125.44,124.05,124.41,227721
HERANBA,20260908,170.0,175.99,169.21,172.8,32314
HERITGFOOD,20260908,385.0,385.15,376.5,382.15,264313
HEROMOTOCO,20260908,5305.0,5339.5,5285.0,5333.5,393029
HESTERBIO,20260908,2354.7,2369.9,2290.0,2318.3,5572
HEXAGON,20260908,65.5,66.75,63.5,64.21,969542
HEXATRADEX,20260908,159.98,165.9,157.11,157.34,1576
HEXT,20260908,523.8,524.45,508.75,518.85,253225
HFCL,20260908,255.16,255.16,245.51,250.76,15866254
HGINFRA,20260908,488.35,488.35,477.85,484.55,39924
HGM,20260908,53.4,53.4,48.05,50.16,4218
HGS,20260908,395.1,398.4,382.8,387.95,23781
HIKAL,20260908,246.2,253.8,238.19,246.01,6560890
HILINFRA,20260908,44.22,44.22,43.5,43.7,30137
HILTON,20260908,18.66,18.99,18.5,18.65,31756
HIMATSEIDE,20260908,70.15,70.24,68.8,69.46,362515
HINDADH,20260908,357.75,372.65,357.75,363.7,744
HINDALCO,20260908,1014.0,1024.7,1007.5,1009.0,3094146
HINDALUMI,20260908,100.5,100.5,94.5,97.9,4275
HINDCOMPOS,20260908,398.5,400.0,382.75,395.35,9174
HINDCON,20260908,24.83,24.83,24.25,24.39,18698
HINDCOPPER,20260908,520.0,537.0,520.0,532.85,24876043
HINDOILEXP,20260908,188.48,194.99,187.01,193.66,1852355
HINDPETRO,20260908,353.4,355.95,346.0,347.0,3433819
HINDUNILVR,20260908,1967.0,1990.8,1956.7,1980.0,1256067
HINDWAREAP,20260908,182.54,182.54,180.0,180.28,45845
HINDZINC,20260908,593.05,606.7,593.0,595.5,6893194
HIRECT,20260908,1214.2,1305.0,1214.2,1281.4,252304
HISARMETAL,20260908,165.2,165.26,160.24,160.26,2922
HITECH,20260908,75.86,75.9,74.5,75.4,377605
HITECHCORP,20260908,333.1,338.3,333.1,335.95,2645
HITECHGEAR,20260908,570.5,582.0,565.0,570.0,2353
HLEGLAS,20260908,345.0,345.0,328.15,334.5,315202
HLVLTD,20260908,6.5,6.5,6.3,6.4,134222
HMAAGRO,20260908,20.8,21.08,19.9,20.01,2220160
HMT,20260908,68.98,69.5,66.52,68.11,22580
HMVL,20260908,83.5,83.5,80.7,81.98,77539
HNDFDS,20260908,627.55,637.6,620.0,623.5,300961
HNGSNGBEES,20260908,477.51,477.51,466.0,466.97,66894
HOMEFIRST,20260908,1245.1,1248.1,1225.5,1237.1,560479
HONASA,20260908,468.95,483.0,468.95,476.05,1012735
HONAUT,20260908,35335.0,35725.0,34970.0,35060.0,2407
HONDAPOWER,20260908,2017.0,2018.2,1976.0,1981.7,2018
HORIZONIND,20260908,54.82,55.74,54.25,55.54,2922955
HPAL,20260908,35.5,36.18,35.17,35.42,57000
HPIL,20260908,121.87,127.9,121.87,122.0,198
HPL,20260908,301.55,305.55,300.3,303.0,66069
HRYNSHP,20260908,101.98,101.98,96.0,100.62,878
HSBCGOLD,20260908,133.41,133.41,132.05,132.67,2291
HSCL,20260908,676.3,680.5,667.15,670.65,1689241
HTEL,20260908,73.0,75.08,72.0,73.96,1164694
HTMEDIA,20260908,25.74,26.15,25.11,25.41,111032
HUBTOWN,20260908,188.48,190.0,184.59,185.56,331640
HUDCO,20260908,178.1,178.99,177.0,178.26,1157634
HUHTAMAKI,20260908,248.55,253.2,247.5,250.7,122791
HYBRIDETF,20260908,10.08,10.1,10.05,10.07,7198
HYBRIDFIN,20260908,17.19,18.04,16.85,17.2,4009
HYUNDAI,20260908,2200.0,2222.0,2198.9,2220.0,485596
IBULLSLTD,20260908,25.51,26.39,25.23,25.95,15254328
ICDSLTD,20260908,65.1,66.0,60.59,61.26,22358
ICEMAKE,20260908,723.9,733.0,720.0,730.35,9205
ICICIAMC,20260908,3001.0,3031.9,2983.8,3013.0,309852
ICICIB22,20260908,113.49,114.48,113.46,113.91,437422
ICICIBANK,20260908,1424.0,1424.9,1396.3,1399.4,12123411
ICICIGI,20260908,1500.0,1503.3,1474.5,1484.4,458407
ICICIPRULI,20260908,476.85,478.35,466.25,469.3,1191834
ICIL,20260908,451.75,453.45,437.95,450.85,292038
ICRA,20260908,4949.9,4955.0,4833.1,4854.4,25803
IDBI,20260908,91.3,92.0,79.05,81.11,69073713
IDEA,20260908,15.58,15.58,15.31,15.42,355940344
IDEAFORGE,20260908,771.0,799.0,771.0,775.2,409710
IDFCFIRSTB,20260908,86.44,87.1,86.02,86.5,11728338
IDFNIFTYET,20260908,262.3,262.54,261.02,261.92,1235
IEX,20260908,117.5,117.75,116.0,116.54,4316644
IFBAGRO,20260908,914.2,914.2,884.05,887.05,3184
IFBIND,20260908,1314.0,1314.9,1290.0,1296.0,30359
IFCI,20260908,103.4,103.59,91.77,92.61,217424506
IFGLEXPOR,20260908,203.97,205.56,195.0,198.22,36372
IGARASHI,20260908,412.05,417.5,412.05,415.6,27204
IGCL,20260908,73.47,73.47,72.1,72.54,177043
IGIL,20260908,318.0,320.05,314.35,318.1,321958
IGL,20260908,153.25,154.49,152.7,154.02,834619
IGPL,20260908,564.35,590.0,560.15,584.55,152994
IIFL,20260908,660.2,675.8,616.4,628.0,6784526
IIFLCAPS,20260908,341.95,341.95,339.0,339.4,419363
IITL,20260908,141.01,159.15,139.08,149.88,155404
IKIO,20260908,202.0,226.78,201.98,219.73,2263360
IKS,20260908,1800.0,1813.2,1769.8,1780.0,67890
IL&FSENGG,20260908,35.25,36.85,35.25,36.0,8080
IL&FSTRANS,20260908,2.11,2.15,2.06,2.08,15373
IMAGICAA,20260908,56.5,56.51,54.3,54.43,653308
IMFA,20260908,1287.0,1315.0,1283.1,1306.7,74407
IMPAL,20260908,1130.9,1170.0,1090.5,1151.5,15807
IMPEXFERRO,20260908,4.9,4.9,4.9,4.9,52111
INA,20260908,92.77,95.69,90.38,93.12,1060998
INCREDIBLE,20260908,32.48,32.48,31.31,31.78,2176
INDBANK,20260908,28.68,28.68,27.6,27.69,60876
INDGN,20260908,597.0,603.6,579.2,589.2,410036
INDHOTEL,20260908,712.6,723.55,712.6,720.0,996891
INDIACEM,20260908,356.0,357.55,352.4,353.45,40841
INDIAGLYCO,20260908,274.7,287.0,274.7,287.0,168877
INDIAMART,20260908,1700.1,1714.1,1681.0,1684.5,122055
INDIANB,20260908,868.5,868.9,855.15,859.9,1120827
INDIANCARD,20260908,224.4,224.99,212.19,218.81,538
INDIANHUME,20260908,393.6,395.0,385.6,388.9,33597
INDIASHLTR,20260908,670.0,675.0,667.5,671.7,31956
INDIGO,20260908,4971.0,5022.5,4952.0,5000.0,435589
INDIGOPNTS,20260908,1172.0,1176.2,1131.0,1140.3,52024
INDIQUBE,20260908,203.61,206.85,198.02,205.09,59639
INDNIPPON,20260908,1130.1,1135.9,1092.0,1122.3,41478
INDOAMIN,20260908,128.4,128.4,125.5,127.06,62530
INDOBORAX,20260908,503.3,515.45,503.1,511.05,95162
INDOCO,20260908,250.73,256.88,243.0,244.25,176170
INDOFARM,20260908,141.0,150.19,138.92,144.16,2435816
INDOKEM,20260908,649.85,649.85,624.9,627.4,2468
INDOMIM,20260908,951.0,989.0,943.75,968.95,2185054
INDORAMA,20260908,74.25,76.0,70.72,74.98,1050466
INDOSTAR,20260908,253.95,254.55,250.0,251.29,35032
INDOTECH,20260908,3679.9,3848.9,3600.0,3696.8,26581
INDOTHAI,20260908,39.4,39.4,39.4,39.4,59211
INDOUS,20260908,78.81,83.0,78.05,78.85,13629
INDOWIND,20260908,9.09,9.1,8.65,8.85,112368
INDPRUD,20260908,6389.0,6389.0,6200.0,6210.0,119
INDRAMEDCO,20260908,351.95,356.2,348.45,355.15,126540
INDSWFTLAB,20260908,368.7,401.45,368.7,388.3,2095086
INDTERRAIN,20260908,30.0,30.45,30.0,30.3,10452
INDUSINDBK,20260908,991.6,1004.7,988.3,997.7,1055105
INDUSTOWER,20260908,376.45,376.95,370.0,373.05,2490099
INFOBEAN,20260908,159.2,160.13,157.1,158.61,202682
INFOMEDIA,20260908,5.21,5.8,5.21,5.53,36530
INFRA,20260908,11.97,12.04,11.95,12.01,31381
INFRABEES,20260908,949.48,951.07,943.89,947.27,5487
INFRAIETF,20260908,94.39,95.14,93.81,94.76,224272
INFY,20260908,1095.0,1095.0,1078.9,1082.0,6269037
INGERRAND,20260908,4754.0,4769.9,4692.3,4741.7,10123
INNOVACAP,20260908,1172.0,1185.8,1164.0,1171.8,34248
INNOVANA,20260908,300.6,314.4,300.1,300.55,32871
INNOVISION,20260908,254.15,258.9,250.75,252.0,8849
INOXGREEN,20260908,172.28,176.0,169.61,174.42,1008485
INOXINDIA,20260908,2243.4,2253.1,2137.7,2215.9,203200
INOXWIND,20260908,75.67,76.08,74.5,75.71,9911582
INSECTICID,20260908,604.8,612.95,602.55,610.2,10805
INSPIRISYS,20260908,89.0,91.99,87.5,90.52,3083
INSUREIETF,20260908,15.13,15.14,14.93,14.98,272822
INTELLECT,20260908,688.0,694.95,677.0,691.8,252434
INTENTECH,20260908,80.31,81.6,78.25,79.66,14588
INTERARCH,20260908,1703.9,1765.9,1685.0,1753.5,112094
INTERNET,20260908,14.24,14.79,14.24,14.6,103946
INTLCONV,20260908,80.53,81.02,79.1,79.61,31494
INVENTURE,20260908,0.92,0.93,0.92,0.92,362494
INVPRECQ,20260908,1324.9,1324.9,1324.9,1324.9,1224
IOB,20260908,33.1,33.45,32.9,33.34,1397088
IOC,20260908,134.88,135.65,133.02,134.35,6954986
IOLCP,20260908,215.0,219.04,208.4,210.98,4116432
IONEXCHANG,20260908,436.0,437.9,420.85,431.75,513930
IPCALAB,20260908,1959.9,1996.9,1959.9,1967.2,158357
IPL,20260908,136.7,136.79,133.9,134.65,129674
IPRINGLTD,20260908,152.22,156.92,152.21,155.0,731
IRB,20260908,19.25,19.3,19.1,19.25,5202171
IRCON,20260908,117.8,118.25,116.61,116.89,803464
IRCTC,20260908,474.5,474.9,472.0,472.45,412334
IREDA,20260908,112.5,112.95,111.8,112.2,3095995
IRFC,20260908,82.9,82.93,81.75,82.0,5883007
IRIS,20260908,261.42,268.13,253.0,254.67,21579
IRISDOREME,20260908,62.1,62.5,60.71,61.62,321368
IRMENERGY,20260908,282.0,287.45,280.0,282.25,76125
ISFT,20260908,85.0,86.99,81.5,82.34,121968
ISGEC,20260908,781.0,787.0,767.0,782.4,32844
ISHANCH,20260908,44.95,45.57,43.85,44.32,16425
ISTLTD,20260908,644.0,675.0,644.0,651.8,1022
IT,20260908,33.32,33.82,33.01,33.27,602096
ITADD,20260908,32.24,32.24,31.61,31.79,174245
ITAXIS,20260908,329.0,331.5,328.05,329.35,1294
ITBEES,20260908,33.64,33.64,33.01,33.27,5640650
ITBETA,20260908,314.14,316.55,314.0,315.0,226
ITC,20260908,263.5,265.9,262.7,263.5,7406617
ITCHOTELS,20260908,158.0,158.98,156.05,156.84,1702422
ITDC,20260908,643.35,651.0,635.1,638.2,30593
ITETF,20260908,31.93,31.94,31.52,31.7,127960
ITI,20260908,270.6,271.65,266.95,270.2,142263
ITIETF,20260908,33.37,33.5,33.1,33.24,325229
ITL,20260908,362.65,370.0,358.4,369.65,3429
IVALUE,20260908,227.06,238.8,227.06,235.31,253667
IVC,20260908,10.25,10.38,9.82,10.02,1180267
IVP,20260908,212.9,218.5,212.0,216.96,17927
IVZBANKNF,20260908,56.77,56.95,56.7,56.8,1774
IVZINGOLD,20260908,133.15,133.3,131.2,132.9,75534
IVZINNIFTY,20260908,271.03,272.72,271.03,271.87,547
IVZSENSEX,20260908,75.9,76.07,75.56,75.81,1324
IWP,20260908,35.27,35.27,34.46,34.7,3329
IXIGO,20260908,166.04,171.42,165.89,169.96,914622
IZMO,20260908,924.5,935.0,905.25,927.15,97787
J&KBANK,20260908,147.88,148.5,145.8,147.03,1322470
JAGRAN,20260908,62.0,63.0,61.66,62.54,284044
JAGSNPHARM,20260908,239.51,241.33,236.1,237.72,59503
JAIBALAJI,20260908,69.98,70.54,67.5,67.86,645330
JAICORPLTD,20260908,98.59,99.0,97.11,98.3,221980
JAINREC,20260908,283.3,298.7,282.55,296.55,2755389
JAIPURKURT,20260908,25.09,25.97,25.09,25.71,7292
JAMNAAUTO,20260908,127.38,129.4,125.65,128.92,2288474
JARO,20260908,444.0,448.1,440.0,441.4,90685
JASH,20260908,513.0,521.0,504.75,518.7,195333
JAYAGROGN,20260908,228.3,256.0,227.21,249.04,266571
JAYBARMARU,20260908,120.69,120.69,114.19,116.5,487526
JAYKAY,20260908,158.73,162.39,156.28,159.87,301645
JAYKAY-RE1,20260908,75.0,82.65,73.2,81.64,139175
JAYNECOIND,20260908,89.0,91.0,88.33,90.68,4627478
JAYSREETEA,20260908,99.0,99.06,92.74,94.41,161062
JBMA,20260908,615.0,618.0,612.95,615.35,137066
JENBURPH,20260908,1052.0,1052.0,1025.1,1039.9,276
JETFREIGHT,20260908,20.21,20.83,20.06,20.24,121792
JGCHEM,20260908,582.0,623.0,582.0,611.2,571020
JHS,20260908,7.99,8.31,7.85,7.97,23839
JINDALPHOT,20260908,1020.2,1039.0,1014.5,1015.5,1280
JINDALPOLY,20260908,706.0,706.0,680.0,683.8,11020
JINDALSAW,20260908,309.55,310.95,297.35,307.6,2130770
JINDALSTEL,20260908,1147.9,1151.0,1135.0,1136.3,443885
JINDRILL,20260908,665.4,684.0,656.3,678.0,424593
JINDWORLD,20260908,58.5,59.9,54.21,55.53,62255444
JIOFIN,20260908,234.75,234.75,232.6,233.15,8934543
JISLDVREQS,20260908,21.62,22.05,21.31,21.7,11464
JISLJALEQS,20260908,32.51,32.54,30.9,31.12,3667616
JITFINFRA,20260908,300.0,309.9,300.0,306.5,11991
JKCEMENT,20260908,5026.0,5170.0,4972.0,4990.5,94515
JKIL,20260908,491.3,494.7,486.55,488.6,24752
JKIPL,20260908,98.03,99.96,95.5,96.5,7414
JKLAKSHMI,20260908,508.9,508.9,498.05,498.75,188056
JKPAPER,20260908,420.05,423.85,412.05,415.3,703560
JKTYRE,20260908,368.0,368.45,363.05,364.1,354143
JLHL,20260908,285.4,287.0,280.35,283.35,33842
JMA,20260908,91.79,91.79,88.35,89.14,7394
JMFINANCIL,20260908,130.0,131.81,128.08,128.47,1725261
JNKINDIA,20260908,432.5,450.0,432.5,440.5,71281
JNPR,20260908,259.05,267.5,252.5,264.1,742430
JOCIL,20260908,160.0,174.0,158.5,164.29,81439
JPOLYINVST,20260908,1007.2,1011.9,983.9,994.45,5471
JPPOWER,20260908,16.79,16.79,16.45,16.49,31428211
JSFB,20260908,540.6,547.45,536.65,539.8,181108
JSL,20260908,733.95,740.0,727.0,738.75,413278
JSLL,20260908,515.0,518.6,503.05,505.45,357058
JSWCEMENT,20260908,121.84,122.09,120.26,121.62,765295
JSWDULUX,20260908,3199.0,3199.0,3156.1,3174.4,37827
JSWENERGY,20260908,527.05,528.85,522.3,526.5,1912629
JSWHL,20260908,11548.0,11549.0,11222.0,11466.0,1674
JSWINFRA,20260908,330.0,335.9,328.8,332.0,1633475
JSWSTEEL,20260908,1306.4,1315.0,1295.7,1297.3,1345313
JTEKTINDIA,20260908,121.5,122.46,120.1,121.28,94919
JTLIND,20260908,89.25,90.4,87.76,89.55,3728512
JUBLCPL,20260908,2230.0,2230.0,2160.4,2177.8,4836
JUBLFOOD,20260908,473.0,484.0,471.5,480.4,1239794
JUBLINGREA,20260908,675.35,680.3,664.05,675.3,159391
JUBLPHARMA,20260908,956.0,1021.55,953.3,997.75,1366696
JUNIORBEES,20260908,788.78,790.0,783.46,787.59,233675
JUNIPER,20260908,217.5,217.5,212.72,215.75,71832
JUSTDIAL,20260908,705.0,705.0,685.5,694.25,162622
JWL,20260908,244.0,245.15,241.5,242.41,476036
JYOTHYLAB,20260908,195.1,196.01,192.3,194.59,457936
JYOTICNC,20260908,1020.0,1058.85,1012.45,1037.2,1316914
JYOTIRES,20260908,875.95,880.0,866.5,873.95,8040
JYOTISTRUC,20260908,10.29,10.85,10.05,10.42,14533173
KABRAEXTRU,20260908,639.5,677.75,639.0,656.45,524936
KAJARIACER,20260908,1220.4,1254.6,1213.7,1250.2,255311
KAKATCEM,20260908,109.14,112.0,108.7,111.14,915
KALAMANDIR,20260908,85.52,86.4,84.5,85.37,434600
KALPATARU,20260908,275.35,275.35,271.0,272.15,25325
KALYANIFRG,20260908,985.1,1010.0,975.65,975.65,3521
KALYANKJIL,20260908,591.0,618.9,587.1,612.6,10713234
KAMAHOLD,20260908,2336.5,2336.5,2316.1,2318.7,1318
KAMANWALA,20260908,16.5,16.9,16.5,16.5,2514
KAMATHOTEL,20260908,226.2,234.79,223.02,232.18,103818
KAMDHENU,20260908,40.88,40.95,39.6,40.25,844372
KAMOPAINTS,20260908,4.4,4.55,4.37,4.45,331028
KANANIIND,20260908,1.51,1.54,1.51,1.53,86175
KANCHI,20260908,403.05,407.0,394.0,403.95,862
KANCOTEA,20260908,56.0,56.0,52.99,55.89,218
KANORICHEM,20260908,156.75,161.5,152.8,158.9,28552
KANPRPLA,20260908,238.1,246.0,233.55,242.1,25065
KANSAINER,20260908,194.27,194.5,191.14,193.4,173879
KAPSTON,20260908,570.4,577.05,561.0,573.65,21702
KARMAENG,20260908,37.7,37.99,36.8,37.18,445
KARURVYSYA,20260908,341.6,343.65,334.8,341.15,1450597
KAUSHALYA,20260908,852.05,853.0,851.0,851.3,124
KAVDEFENCE,20260908,67.98,68.5,63.0,64.62,521569
KAYA,20260908,355.0,379.5,348.0,356.0,28671
KAYNES,20260908,3614.0,3685.0,3581.0,3610.0,686828
KCP,20260908,162.1,164.08,161.78,162.11,57528
KCPSUGIND,20260908,31.88,32.35,31.57,31.83,49111
KDDL,20260908,3990.9,4013.7,3940.1,3965.7,22322
KDGREEN,20260908,48.9,48.9,47.01,47.36,35522
KEC,20260908,401.65,407.25,401.65,405.7,468357
KECL,20260908,123.78,126.35,119.59,121.14,127638
KEEPLEARN,20260908,1.95,1.95,1.75,1.91,20742
KEI,20260908,4701.0,4783.0,4666.0,4697.5,1080574
KELLTONTEC,20260908,13.69,14.09,13.56,13.69,1924147
KENNAMET,20260908,4690.0,4770.0,4602.0,4654.4,21053
KERNEX,20260908,1774.8,1775.9,1713.0,1732.0,171873
KESORAMIND,20260908,11.33,11.33,11.33,11.33,139665
KEYFINSERV,20260908,246.05,264.6,246.05,250.25,624
KFINTECH,20260908,922.5,929.65,915.6,925.1,382500
KHADIM,20260908,115.0,118.32,113.76,118.32,14242
KHAICHEM,20260908,53.65,54.41,52.23,52.83,149643
KHAITANLTD,20260908,159.0,164.0,155.0,160.99,5036
KHANDSE,20260908,18.0,18.4,16.75,18.2,1221
KICL,20260908,5166.0,5234.5,5074.5,5144.0,982
KILITCH,20260908,192.0,192.0,181.3,187.88,33104
KIMS,20260908,762.25,771.65,759.0,764.5,737239
KINGFA,20260908,6099.0,6137.0,5993.5,6037.0,12243
KIOCL,20260908,376.5,379.15,372.1,377.1,54542
KIRANVYPAR,20260908,205.0,208.43,198.01,203.33,2460
KIRIINDUS,20260908,585.0,603.5,569.0,588.1,2404145
KIRLFER,20260908,457.85,465.3,457.35,459.9,63385
KIRLOSBROS,20260908,1829.0,1860.9,1825.0,1853.3,15551
KIRLOSENG,20260908,2180.0,2285.0,2163.9,2272.8,516056
KIRLOSIND,20260908,3705.1,3719.9,3670.0,3677.6,2188
KIRLPNU,20260908,758.1,762.0,742.0,745.0,249261
KISSHT,20260908,320.8,334.5,313.95,331.0,2316438
KITEX,20260908,126.71,129.4,125.51,127.1,304944
KJMCFIN,20260908,61.84,64.89,61.54,62.54,1447
KKCL,20260908,506.4,508.95,498.1,501.5,21476
KLBRENG-B,20260908,461.2,463.45,450.05,459.7,189596
KMCSHIL,20260908,138.59,138.59,134.61,137.59,73643
KMEW,20260908,2983.8,3025.8,2944.0,2985.6,59769
KMSUGAR,20260908,30.6,30.95,30.05,30.31,153322
KNACK,20260908,185.93,186.69,182.7,183.91,638148
KNAGRI,20260908,202.5,203.96,199.81,202.25,5211
KNRCON,20260908,122.0,122.47,118.55,119.72,860201
KOHINOOR,20260908,30.85,31.9,30.4,31.41,195203
KOKUYOCMLN,20260908,79.0,80.84,78.7,79.04,19504
KOLTEPATIL,20260908,444.4,448.0,437.2,441.95,46482
KOPRAN,20260908,245.87,249.99,235.0,239.51,809220
KOTAKBANK,20260908,422.3,423.85,419.0,419.25,12406799
KOTARISUG,20260908,29.31,29.9,29.05,29.24,55387
KOTHARIPET,20260908,133.0,150.6,131.2,144.29,660992
KOTHARIPRO,20260908,67.9,67.9,66.3,66.43,5661
KOTIC,20260908,133.02,137.0,132.9,136.63,8391
KOTYARK,20260908,32.89,33.39,31.55,32.0,93193
KOVAI,20260908,6120.0,6128.0,5970.0,6107.0,4468
KPEL,20260908,242.0,242.21,235.0,235.88,359793
KPIGREEN,20260908,303.55,304.45,290.55,292.05,1209981
KPIL,20260908,1430.9,1444.8,1393.3,1397.5,132996
KPITTECH,20260908,562.25,563.35,556.4,562.0,1083793
KPL,20260908,3443.0,3710.0,3442.9,3661.4,162467
KPRMILL,20260908,1154.8,1155.1,1118.1,1135.0,257472
KRBL,20260908,429.4,438.7,425.2,431.05,611988
KREBSBIO,20260908,56.0,58.0,55.68,56.73,3193
KRIDHANINF,20260908,2.03,2.03,1.95,1.97,50857
KRISHANA,20260908,182.5,185.5,181.7,183.03,596621
KRISHIVAL,20260908,415.7,419.2,414.25,418.0,53879
KRISHNADEF,20260908,1075.8,1122.0,1075.8,1111.6,191647
KRITI,20260908,62.16,64.0,61.2,61.27,8096
KRITIKA,20260908,5.5,5.5,5.25,5.32,81502
KRITINUT,20260908,84.8,84.8,81.53,82.14,11169
KRN,20260908,1639.9,1669.5,1591.0,1660.2,211548
KRONOX,20260908,180.99,184.45,172.5,174.97,103904
KROSS,20260908,208.5,212.09,205.36,211.28,229386
KRSNAA,20260908,564.55,565.25,544.1,546.15,76502
KRYSTAL,20260908,661.7,667.7,647.7,663.95,3892
KSB,20260908,799.05,830.0,790.05,824.05,192730
KSCL,20260908,729.5,734.9,724.3,728.5,44628
KSE,20260908,182.94,182.94,177.0,178.95,12354
KSHINTL,20260908,1113.95,1197.0,1102.05,1176.75,691489
KSHITIJPOL,20260908,3.4,3.63,3.31,3.62,4222263
KSL,20260908,951.05,959.0,900.0,907.8,117932
KSOLVES,20260908,268.0,270.0,265.15,268.2,27200
KSR,20260908,34.85,37.54,34.85,37.33,283946
KTKBANK,20260908,333.6,335.7,328.0,334.25,2015693
KUANTUM,20260908,76.35,81.28,76.35,77.92,243518
KUSUMGAR,20260908,570.95,573.95,561.0,565.8,131944
KWIL,20260908,41.1,42.09,40.5,41.48,11896172
LADDERUP,20260908,50.0,50.0,45.0,45.19,331
LAGNAM,20260908,77.4,77.4,74.15,74.51,688
LAHOTIOV,20260908,44.01,44.9,40.1,41.38,7475
LAKPRE,20260908,5.52,5.52,5.04,5.48,10289
LAKSHMIMIL,20260908,8045.0,8045.0,7751.0,7998.5,9
LAL,20260908,8.88,8.99,8.88,8.93,8099
LALITHAA,20260908,319.0,322.4,312.4,318.75,7903836
LALPATHLAB,20260908,1881.4,1920.0,1881.4,1912.5,90505
LAMBODHARA,20260908,136.15,140.0,131.0,138.7,15699
LANCER,20260908,13.01,13.1,12.51,12.62,465876
LANCORHOL,20260908,39.7,40.36,37.8,38.02,249193
LANDMARK,20260908,495.0,506.0,490.85,497.95,81462
LANDSMILL,20260908,0.59,0.62,0.57,0.58,5182259
LAOPALA,20260908,171.2,171.78,169.3,169.92,82971
LARGEMID50,20260908,36.08,36.15,35.97,36.14,1390
LASA,20260908,6.7,6.83,6.65,6.69,35670
LASERPOWER,20260908,313.95,317.15,303.8,305.3,507280
LATENTVIEW,20260908,261.75,262.05,256.95,258.05,358940
LATTEYS,20260908,21.0,22.0,20.63,21.15,65125
LAURUSLABS,20260908,1870.8,1952.0,1862.7,1946.9,2115447
LAXMICOT,20260908,13.37,13.74,12.66,13.03,13257
LAXMIDENTL,20260908,199.38,200.0,193.1,199.25,87536
LAXMIINDIA,20260908,130.23,132.9,129.16,129.99,123289
LCCINFOTEC,20260908,3.7,3.98,3.6,3.73,60140
LCL,20260908,565.0,571.5,546.0,555.8,429052
LEAPIND,20260908,147.0,149.16,143.68,148.26,3493046
LEENEE,20260908,8.2,8.39,7.88,8.0,4060
LEMERITE,20260908,20.7,21.0,20.4,20.67,159644
LEMONTREE,20260908,106.7,107.32,105.39,105.73,2549945
LENSKART,20260908,688.0,697.6,682.85,695.75,3755569
LEXUS,20260908,13.58,13.7,13.03,13.47,5389
LFIC,20260908,131.0,142.0,130.0,139.65,4098
LGBBROSLTD,20260908,1735.4,1749.9,1698.4,1736.7,28138
LGEINDIA,20260908,1647.8,1680.0,1639.7,1672.2,665219
LGHL,20260908,177.0,177.97,170.99,175.21,5650
LIBAS,20260908,10.38,10.4,9.7,9.99,41124
LIBERTSHOE,20260908,234.97,234.97,225.3,226.85,18116
LICHSGFIN,20260908,551.0,563.0,545.4,563.0,2858992
LICI,20260908,414.1,416.25,409.75,410.75,6844270
LICMFGOLD,20260908,138.4,138.5,136.65,137.2,23699
LICNETFGSC,20260908,29.45,29.61,29.2,29.38,20294
LICNETFN50,20260908,266.72,266.99,264.8,266.6,1157
LICNETFSEN,20260908,859.0,859.0,854.06,858.9,28
LICNFNHGP,20260908,271.43,272.42,271.43,272.42,244
LICNMID100,20260908,63.39,63.95,62.9,63.65,3570
LIKHITHA,20260908,205.16,206.86,202.09,203.77,29995
LINC,20260908,96.8,99.8,96.8,98.31,34538
LINCOLN,20260908,637.35,648.4,633.45,639.8,110673
LINDEINDIA,20260908,6367.0,6490.5,6330.5,6380.0,90218
LIQGRWBEES,20260908,1054.68,1054.7,1054.68,1054.68,35963
LIQUID,20260908,999.99,1000.0,999.99,999.99,89026
LIQUID1,20260908,1121.69,1121.71,1121.69,1121.7,913015
LIQUIDADD,20260908,1143.76,1143.78,1143.76,1143.76,459106
LIQUIDBEES,20260908,1000.0,1000.02,999.99,1000.0,2577615
LIQUIDBETA,20260908,1007.29,1007.29,1007.27,1007.29,149342
LIQUIDBETF,20260908,1097.88,1097.9,1097.88,1097.89,162025
LIQUIDCASE,20260908,115.81,115.83,115.81,115.82,16765740
LIQUIDETF,20260908,1000.0,1000.01,999.99,999.99,88307
LIQUIDIETF,20260908,999.99,1000.01,999.98,999.99,347991
LIQUIDPLUS,20260908,1102.27,1102.27,1102.25,1102.26,523752
LIQUIDSBI,20260908,1000.01,1000.01,999.99,999.99,823
LIQUIDSHRI,20260908,1120.56,1120.56,1120.54,1120.55,21607
LKPSEC,20260908,16.61,16.61,15.15,15.35,7963
LLOYDSENGG,20260908,83.11,83.6,81.48,81.81,3398406
LLOYDSENT,20260908,71.99,72.55,70.5,71.05,1174168
LLOYDSME,20260908,1803.0,1821.0,1780.0,1799.3,432002
LMW,20260908,18670.0,18734.0,18400.0,18603.0,3287
LODHA,20260908,1195.0,1226.2,1175.1,1212.0,1308433
LOKESHMACH,20260908,359.85,371.6,348.45,363.5,66524
LORDSCHLO,20260908,141.0,141.0,137.5,138.23,9111
LOTUSCHO,20260908,596.45,613.95,580.0,590.1,8090
LOTUSDEV,20260908,202.0,202.2,195.1,198.81,1016159
LOTUSEYE,20260908,110.04,112.6,107.1,110.66,20174
LOVABLE,20260908,72.0,72.0,70.02,70.41,8793
LOWVOL,20260908,202.74,203.13,202.55,202.55,274
LOWVOL1,20260908,20.82,20.95,20.72,20.85,574008
LOWVOLIETF,20260908,22.08,22.08,21.7,21.73,2664933
LOYALTEX,20260908,227.21,236.0,215.0,225.39,2534
LPDC,20260908,6.44,6.46,6.2,6.29,34608
LT,20260908,3988.7,3988.7,3946.1,3946.1,1200872
LTF,20260908,311.1,311.9,308.3,308.3,1493719
LTFOODS,20260908,449.55,466.8,447.0,455.25,1285427
LTGILTBEES,20260908,30.61,30.61,29.86,29.89,907482
LTGILTCASE,20260908,31.06,31.06,30.4,30.41,30740
LTM,20260908,4445.0,4489.1,4405.0,4430.0,167610
LTTS,20260908,3420.0,3440.0,3380.0,3389.1,56454
LUMAXIND,20260908,6104.5,6199.0,6080.5,6133.0,8457
LUMAXTECH,20260908,1935.5,1965.0,1910.0,1955.9,105255
LUMINO,20260908,116.23,118.0,107.2,108.12,21758832
LUPIN,20260908,2114.7,2116.0,2094.6,2104.7,713131
LUXIND,20260908,1159.4,1169.9,1121.1,1128.4,28385
LXCHEM,20260908,171.25,186.0,170.87,184.52,3239876
LYKALABS,20260908,81.51,81.51,81.5,81.51,45246
M&M,20260908,3145.0,3163.0,3096.3,3160.0,1784671
M&MFIN,20260908,373.0,381.45,368.75,374.35,2955284
MAANALU,20260908,116.5,119.78,113.3,114.34,54608
MACPOWER,20260908,1808.8,1890.0,1808.8,1874.1,25766
MADHAV,20260908,36.2,36.2,35.01,35.84,147
MADHAVIPL,20260908,7.91,8.07,7.86,8.03,95079
MADHUCON,20260908,4.5,4.8,4.44,4.59,65837
MADRASFERT,20260908,65.0,66.2,64.16,64.37,63088
MAFANG,20260908,221.6,240.0,219.6,234.98,1170160
MAFATIND,20260908,121.0,122.28,119.41,120.56,51795
MAGADSUGAR,20260908,573.95,578.05,559.75,563.8,15988
MAGNUM,20260908,18.8,19.39,18.51,18.99,51361
MAHABANK,20260908,84.55,85.9,84.0,84.79,10148334
MAHAPEXLTD,20260908,55.98,57.6,54.5,55.41,13567
MAHASTEEL,20260908,1343.4,1343.4,1255.0,1291.4,2908
MAHEPC,20260908,105.0,105.0,102.0,102.75,10915
MAHESHWARI,20260908,70.36,72.89,70.36,72.49,3129
MAHKTECH,20260908,23.61,23.61,23.01,23.09,801802
MAHLIFE,20260908,360.25,368.95,356.3,366.15,64994
MAHLOG,20260908,401.0,409.8,401.0,408.85,124819
MAHSCOOTER,20260908,13493.0,13493.0,13203.0,13267.0,2328
MAHSEAMLES,20260908,690.35,694.85,676.05,680.65,209156
MAITHANALL,20260908,1119.4,1119.4,1058.45,1061.2,147472
MAJESAUT,20260908,359.0,359.95,351.15,355.9,2616
MAKEINDIA,20260908,167.84,167.84,164.6,165.46,31695
MAKERSL,20260908,191.0,191.0,182.01,184.63,1226
MALLCOM,20260908,962.55,999.9,962.55,981.65,3595
MALUPAPER,20260908,33.44,34.77,33.1,34.59,95722
MAMATA,20260908,410.45,428.9,410.0,425.7,107076
MANAKALUCO,20260908,39.65,41.8,38.11,39.22,260095
MANAKCOAT,20260908,120.8,124.0,118.15,122.93,184446
MANAKSIA,20260908,67.9,70.0,65.01,67.72,256172
MANAKSTEEL,20260908,106.41,107.5,104.0,104.33,47505
MANALIPETC,20260908,86.0,93.0,85.0,90.08,8519441
MANAPPURAM,20260908,328.05,329.0,323.4,325.0,2253307
MANBA,20260908,132.0,134.38,129.5,130.67,73039
MANCREDIT,20260908,225.96,227.39,218.1,221.22,142107
MANGALAM,20260908,30.1,30.1,28.83,29.33,14010
MANGLMCEM,20260908,1084.6,1095.0,1054.0,1062.5,72542
MANINDS,20260908,829.4,844.4,809.5,821.7,728342
MANINFRA,20260908,124.75,131.0,123.15,127.75,4913934
MANIPALHOS,20260908,729.75,729.95,710.3,718.95,1687125
MANKIND,20260908,2318.0,2330.8,2301.0,2309.0,186335
MANOMAY,20260908,238.49,240.0,223.0,232.8,157491
MANORAMA,20260908,2003.6,2149.5,1986.1,2132.9,623511
MANORG,20260908,498.65,505.45,476.15,496.75,10371
MANUFGBEES,20260908,163.16,163.65,162.43,162.66,8323
MANUGRAPH,20260908,14.8,15.3,14.55,15.0,1507
MANYAVAR,20260908,588.7,588.7,576.2,579.55,167065
MAPMYINDIA,20260908,976.0,980.8,963.5,968.8,118765
MARALOVER,20260908,65.5,68.89,64.0,65.83,144795
MARATHON,20260908,463.95,467.4,443.65,446.35,161308
MARICO,20260908,806.55,825.45,801.35,823.9,1525669
MARINE,20260908,415.5,432.3,413.8,416.45,520027
MARKOLINES,20260908,174.9,178.25,172.96,177.17,335864
MARKSANS,20260908,337.5,349.95,331.6,335.9,5090238
MARSONS,20260908,129.0,133.89,128.5,131.07,4113139
MARUTI,20260908,12758.0,12758.0,12582.0,12641.0,356860
MASFIN,20260908,293.05,297.1,289.3,290.15,252561
MASPTOP50,20260908,85.9,98.78,85.0,97.01,1379821
MASTEK,20260908,1691.7,1703.9,1647.9,1654.2,82667
MASTERTR,20260908,88.0,100.0,87.79,92.09,4022552
MATRIMONY,20260908,519.4,522.45,514.0,516.05,13400
MAWANASUG,20260908,143.23,146.11,142.11,142.51,122119
MAXESTATES,20260908,539.0,545.0,534.0,538.15,63067
MAXHEALTH,20260908,992.5,996.9,982.4,993.0,1922846
MAXIND,20260908,147.18,150.73,147.0,147.22,38514
MAYURUNIQ,20260908,709.05,752.35,702.0,740.55,248868
MAZDA,20260908,272.0,278.0,262.0,271.75,21694
MAZDOCK,20260908,2454.2,2479.5,2435.6,2466.4,588746
MBAPL,20260908,163.0,168.48,161.5,164.37,1449405
MBECL,20260908,285.42,285.42,285.42,285.42,870
MBEL,20260908,271.75,272.4,261.75,267.7,199642
MBLINFRA,20260908,22.85,24.25,22.84,23.97,57023
MCCHRLS-B,20260908,684.45,684.45,659.0,670.0,165
MCL,20260908,58.0,59.95,58.0,59.35,108593
MCLEODRUSS,20260908,45.26,45.9,44.7,44.96,241071
MCLOUD,20260908,26.08,26.2,25.81,25.92,1633160
MCX,20260908,3350.0,3366.4,3279.9,3342.0,1433417
MEDANTA,20260908,1425.8,1434.9,1403.4,1428.6,185231
MEDIASSIST,20260908,336.5,338.9,330.0,331.25,123852
MEDICAMEQ,20260908,282.0,287.8,275.0,285.75,60359
MEDICAPQ,20260908,27.0,27.9,25.0,25.62,772
MEDICO,20260908,41.11,41.11,39.03,39.28,200705
MEDPLUS,20260908,656.0,667.0,655.8,663.45,76126
MEESHO,20260908,210.3,213.9,208.71,211.06,18323130
MEGASTAR,20260908,309.0,309.0,287.25,288.85,5602
MEIL,20260908,276.95,290.0,276.95,286.7,58432
MENNPIS,20260908,82.99,85.8,82.24,84.28,357684
MENONBE,20260908,312.8,319.2,291.05,291.05,71699
MEP,20260908,0.69,0.69,0.69,0.69,25945
MERCANTILE,20260908,24.92,27.2,23.73,24.72,327810
MERCURYEV,20260908,37.68,38.75,36.75,38.38,1533143
METAL,20260908,13.61,13.61,13.1,13.28,1452499
METALIETF,20260908,13.48,13.48,13.1,13.25,3282875
METROBRAND,20260908,934.55,952.0,926.2,948.55,29527
METROGLOBL,20260908,140.0,140.0,138.0,139.9,220
METROPOLIS,20260908,578.0,588.75,577.3,582.2,280010
MFML,20260908,19.0,19.7,18.62,18.69,4416
MFSL,20260908,1511.0,1527.0,1485.0,1498.7,589318
MGEL,20260908,15.9,16.2,15.41,15.5,5958460
MGL,20260908,1088.0,1105.0,1088.0,1103.2,89561
MHLXMIRU,20260908,174.0,174.0,166.25,166.25,13897
MHRIL,20260908,205.0,208.04,204.7,205.71,94722
MICEL,20260908,37.0,37.0,36.3,36.32,92604
MID150,20260908,23.49,23.52,23.37,23.48,93482
MID150BEES,20260908,242.99,242.99,237.91,239.02,441323
MID150CASE,20260908,11.79,11.79,11.59,11.63,1363301
MIDBANKADD,20260908,17.38,17.47,17.38,17.43,3817
MIDCAP,20260908,18.8,18.8,18.39,18.5,230507
MIDCAPADD,20260908,23.12,23.26,23.06,23.1,7072
MIDCAPBETA,20260908,233.28,233.98,232.77,233.87,1364
MIDCAPETF,20260908,24.2,24.2,23.53,23.63,1090161
MIDCAPIETF,20260908,23.91,24.0,23.8,23.91,958438
MIDHANI,20260908,422.5,482.4,421.0,477.0,36384306
MIDQ50ADD,20260908,25.42,26.01,24.42,24.92,31070
MIDSELIETF,20260908,19.78,19.93,19.75,19.89,139612
MIDSMALL,20260908,52.26,52.26,51.69,51.97,150944
MIDWESTLTD,20260908,1066.5,1093.0,1058.1,1078.4,11134
MIIL,20260908,719.0,725.85,700.5,704.6,68291
MILKYMIST,20260908,278.0,288.45,270.65,275.97,15671478
MINALIND,20260908,5.89,5.89,5.89,5.89,55821
MINDACORP,20260908,692.0,711.0,690.05,708.3,176980
MINDTECK,20260908,168.74,171.97,160.1,165.0,59413
MIRZAINT,20260908,31.05,31.4,30.5,30.73,63648
MITCON,20260908,81.5,84.99,79.03,80.74,7581
MITTAL,20260908,0.95,1.05,0.85,0.86,5554006
MKEXIM,20260908,60.2,66.0,60.2,64.01,15243
MKPL,20260908,4.04,4.06,3.98,3.99,93480
MLKFOOD,20260908,85.8,87.99,82.1,84.87,2618
MMFL,20260908,615.0,623.05,603.3,615.85,85647
MMP,20260908,454.75,485.0,449.5,478.5,482392
MMTC,20260908,63.95,64.35,62.95,63.19,1051849
MMWL,20260908,14.63,14.99,13.77,13.99,57368
MNC,20260908,33.04,33.14,32.87,33.11,44458
MOALPHA50,20260908,55.91,56.37,55.91,56.34,14388
MOBANK10,20260908,16.94,16.94,16.64,16.65,5927
MOBIKWIK,20260908,193.61,197.8,191.9,194.14,670210
MOCAPITAL,20260908,55.48,55.51,54.27,54.52,486310
MODEFENCE,20260908,110.0,110.0,107.24,109.72,2477617
MODINATUR,20260908,345.95,358.0,340.35,353.6,9512
MODIRUBBER,20260908,128.15,133.0,117.31,124.72,6704
MODIS,20260908,383.0,387.55,369.5,376.0,38222
MODISONLTD,20260908,481.75,499.35,475.05,499.35,243641
MODTHREAD,20260908,54.7,56.6,52.7,52.96,10826
MOENERGY,20260908,38.07,38.52,37.65,38.4,203649
MOGOLD,20260908,152.35,152.35,148.5,150.6,25620
MOGSEC,20260908,65.67,65.67,65.4,65.4,10746
MOHEALTH,20260908,51.89,52.65,51.53,52.6,44974
MOHITE,20260908,2.84,2.84,2.71,2.71,31496
MOHITIND,20260908,23.58,24.85,23.5,23.5,10507
MOIL,20260908,247.51,253.3,247.0,251.49,793529
MOINFRA,20260908,58.51,58.58,58.21,58.5,1767
MOIPO,20260908,48.66,48.95,48.4,48.7,31298
MOKSH,20260908,10.01,10.28,9.66,10.0,105124
MOL,20260908,65.75,67.68,64.85,65.82,1508309
MOLBIO,20260908,1127.2,1155.0,1110.2,1117.5,322070
MOLDTECH,20260908,225.0,227.0,213.0,218.27,86969
MOLDTKPAC,20260908,695.0,708.95,694.0,697.55,30371
MOLOWVOL,20260908,35.93,35.93,35.57,35.67,9592
MOM100,20260908,67.83,68.11,67.62,67.91,202648
MOM30IETF,20260908,31.23,31.65,31.23,31.53,786727
MOM50,20260908,246.55,248.82,246.55,247.72,4005
MOMENTUM,20260908,31.22,31.8,31.15,31.46,166053
MOMENTUM30,20260908,30.83,31.12,30.73,30.98,683196
MOMENTUM50,20260908,54.87,55.03,53.85,54.92,461988
MOMETAL,20260908,13.24,14.49,12.97,13.18,11452
MOMGF,20260908,162.05,162.65,161.24,161.24,1441
MOMIDMTM,20260908,64.93,64.99,64.12,64.87,57210
MOMMIDCAP,20260908,13.0,13.11,12.97,13.09,923584
MOMNC,20260908,32.0,32.1,31.97,32.1,1922
MOMOMENTUM,20260908,63.3,63.3,62.06,62.43,72915
MOMSBELIEF,20260908,239.0,239.0,227.32,228.34,1823943
MON100,20260908,339.71,349.0,331.4,344.7,1241705
MON50EQUAL,20260908,32.85,32.9,32.7,32.84,2791
MONARCH,20260908,382.9,385.05,378.65,382.45,164913
MONEXT50,20260908,72.69,72.88,72.39,72.83,3270
MONEYBOXX,20260908,59.0,59.0,56.0,56.01,8469
MONIFTY100,20260908,25.04,25.06,24.9,24.94,9124
MONIFTY500,20260908,23.83,23.83,23.65,23.72,1370066
MONQ50,20260908,168.19,196.9,164.0,195.77,1072859
MONTECARLO,20260908,576.7,576.7,554.8,558.5,99569
MOOILGAS,20260908,11.11,11.13,11.02,11.05,5658
MOPSE,20260908,99.0,99.46,98.92,99.46,158
MOQUALITY,20260908,198.72,199.75,197.98,199.27,227
MOREALTY,20260908,96.0,96.0,88.63,89.78,721102
MOREPENLAB,20260908,119.5,122.55,116.0,117.16,18553011
MOSCHIP,20260908,212.8,217.74,212.66,214.26,1305405
MOSERVICE,20260908,30.96,30.96,30.4,30.45,4837
MOSILVER,20260908,229.0,231.19,227.43,229.24,21905
MOSMALL250,20260908,18.08,18.67,18.08,18.58,921584
MOTHERSON,20260908,162.8,164.5,161.17,163.85,10426788
MOTILALOFS,20260908,1060.0,1060.2,1035.2,1051.5,940774
MOTISONS,20260908,16.8,16.86,15.83,16.13,23666142
MOTOGENFIN,20260908,32.23,32.25,25.3,27.45,337537
MOTOUR,20260908,77.01,77.5,76.86,77.49,7406
MOVALUE,20260908,112.5,112.61,111.5,111.69,38358
MPDL,20260908,32.11,33.39,32.11,32.2,400
MPHASIS,20260908,2374.0,2374.0,2335.1,2355.0,346120
MPSLTD,20260908,2625.0,2759.6,2606.0,2749.1,16092
MRF,20260908,128750.0,129290.0,128000.0,128245.0,2712
MRPL,20260908,174.43,176.26,170.75,172.96,5180617
MSCI360,20260908,10.12,10.12,10.02,10.02,1670
MSCIADD,20260908,29.15,29.28,29.15,29.27,600
MSCIINDIA,20260908,29.57,29.59,29.4,29.47,6105
MSL,20260908,149.0,150.0,140.0,140.1,616
MSPL,20260908,34.78,35.2,34.53,34.95,279294
MSTCLTD,20260908,790.7,805.0,754.35,778.55,557776
MSUMI,20260908,36.65,36.77,36.34,36.61,5851346
MTARTECH,20260908,7594.0,7866.5,7425.5,7799.5,197236
MTEDUCARE,20260908,1.94,1.94,1.78,1.87,41845
MTNL,20260908,26.14,26.14,25.3,25.35,971725
MUFIN,20260908,136.24,138.33,135.0,135.35,616664
MUFTI,20260908,74.0,74.8,73.3,73.91,41870
MUKANDLTD,20260908,136.42,138.2,135.45,137.66,72527
MUKESHB,20260908,133.45,135.0,133.45,133.45,1371
MUKKA,20260908,32.53,32.78,30.34,30.72,1863127
MUKTAARTS,20260908,58.0,58.5,57.02,57.05,376
MULTICAP,20260908,16.75,16.8,16.65,16.69,59576
MUNJALAU,20260908,115.99,115.99,112.3,112.8,319567
MUNJALSHOW,20260908,128.12,130.59,126.0,128.75,35204
MURUDCERA,20260908,29.02,29.93,28.0,29.08,26685
MUTHOOTCAP,20260908,244.8,244.8,231.1,234.39,12823
MUTHOOTFIN,20260908,2890.0,2899.7,2868.8,2899.7,560448
MUTHOOTMF,20260908,196.54,202.45,196.2,201.57,146026
MVELECTRO,20260908,820.0,917.8,815.2,883.25,18775267
MVGJL,20260908,233.99,233.99,205.25,210.72,3734364
MWL,20260908,38.93,39.35,37.51,37.65,242086
MYSORPETRO,20260908,135.0,140.09,135.0,140.09,5237
NACLIND,20260908,164.6,164.99,160.0,161.0,314539
NAGREEKCAP,20260908,23.25,24.29,22.31,23.38,3780
NAGREEKEXP,20260908,22.5,22.87,22.05,22.39,12111
NAHARCAP,20260908,255.25,259.85,255.2,258.9,1771
NAHARINDUS,20260908,140.8,140.8,135.73,137.43,13028
NAHARPOLY,20260908,238.02,244.9,234.0,243.18,11880
NAHARSPING,20260908,285.0,294.5,276.0,277.55,100649
NAM-INDIA,20260908,1194.0,1195.0,1180.0,1188.9,664071
NARMADA,20260908,14.38,14.99,13.96,14.78,852012
NATCAPSUQ,20260908,206.0,206.0,195.64,196.19,35188
NATCOPHARM,20260908,838.3,846.85,823.4,825.75,302502
NATHBIOGEN,20260908,152.27,153.95,149.98,152.01,17414
NATIONALUM,20260908,370.7,378.3,367.8,371.05,5469151
NATIONSTD,20260908,106.0,109.96,104.82,109.95,18469
NAUKRI,20260908,1274.5,1298.3,1251.9,1292.0,2345489
NAVA,20260908,559.95,559.95,551.0,554.55,133022
NAVINFLUOR,20260908,8552.0,8754.0,8505.5,8731.0,118511
NAVKARCORP,20260908,95.5,96.97,94.11,94.75,224450
NAVKARURB,20260908,0.91,0.92,0.88,0.89,5351448
NAVNETEDUL,20260908,131.6,131.6,130.0,130.16,32431
NAZARA,20260908,368.0,370.7,366.0,368.4,510005
NBCC,20260908,85.54,86.1,84.88,86.0,4783728
NBIFIN,20260908,2000.0,2024.0,1962.0,1970.0,5642
NCC,20260908,150.6,152.5,147.55,148.65,3150554
NCLIND,20260908,177.65,177.65,175.82,176.65,11552
NDGL,20260908,2820.0,2849.0,2775.0,2775.0,230
NDL,20260908,3.02,3.03,2.91,2.92,1104958
NDLVENTURE,20260908,121.1,128.8,121.1,126.18,23689
NDRAUTO,20260908,717.1,727.15,710.05,717.65,10845
NDTV,20260908,73.8,74.8,72.15,73.03,43052
NEAGI,20260908,3449.0,3470.0,3449.0,3470.0,10
NECCLTD,20260908,19.95,19.95,18.6,19.65,248003
NECLIFE,20260908,12.2,12.45,12.08,12.15,240705
NELCAST,20260908,114.8,115.9,113.0,114.18,53757
NELCO,20260908,933.0,1019.0,917.6,973.1,1910138
NEOGEN,20260908,2223.2,2250.0,2175.7,2213.0,88409
NEPHROPLUS,20260908,713.0,748.6,707.1,744.1,659007
NESCO,20260908,1085.0,1140.0,1072.6,1117.1,221569
NESTLEIND,20260908,1397.4,1415.1,1392.9,1400.5,1260068
NETF,20260908,259.9,262.98,256.77,257.91,957
NETWEB,20260908,5186.0,5228.5,5071.5,5087.5,812405
NETWORK18,20260908,27.5,27.63,27.18,27.3,3399137
NEUEON,20260908,11.8,12.36,11.57,12.03,37465
NEULANDLAB,20260908,23010.0,24100.0,23010.0,23995.0,82211
NEWGEN,20260908,519.0,520.4,513.0,514.0,474948
NEXT30ADD,20260908,42.32,42.6,42.32,42.6,3405
NEXT50,20260908,749.0,755.16,749.0,753.77,16777
NEXT50ADD,20260908,73.12,73.49,73.03,73.49,1994
NEXT50BETA,20260908,78.66,78.9,78.03,78.52,59886
NEXT50ETF,20260908,73.23,73.85,73.0,73.46,27338
NEXT50IETF,20260908,78.7,78.7,76.52,77.13,316266
NEXTMEDIA,20260908,3.76,3.91,3.72,3.86,31530
NFL,20260908,70.2,71.28,70.11,70.35,444515
NGIL,20260908,40.11,40.11,36.91,37.73,37163
NGLFINE,20260908,2887.3,2911.8,2736.6,2811.6,9484
NH,20260908,1910.0,1924.0,1887.0,1897.4,126279
NHPC,20260908,75.76,76.0,74.9,75.9,10135531
NIACL,20260908,231.2,232.0,199.52,205.22,45314645
NIBE,20260908,1310.0,1357.8,1310.0,1331.5,44934
NIBL,20260908,31.0,31.85,30.3,30.36,21715
NICCOPAR,20260908,81.25,83.0,80.11,80.33,1268
NIF100BEES,20260908,265.38,265.38,262.92,263.3,36800
NIF100IETF,20260908,28.52,28.52,27.68,27.77,62921
NIF500BETA,20260908,37.42,38.02,37.27,37.27,663
NIFTY1,20260908,270.8,270.8,261.56,263.3,4034945
NIFTY100EW,20260908,35.18,35.18,34.64,34.77,20398
NIFTYADD,20260908,250.39,250.59,249.02,250.03,13681
NIFTYAXIS,20260908,267.6,267.6,262.15,262.77,413555
NIFTYBEES,20260908,271.64,271.64,269.79,270.05,6629541
NIFTYBETA,20260908,263.89,265.22,257.29,262.87,31042
NIFTYBETF,20260908,245.57,245.57,243.0,243.84,1024082
NIFTYCASE,20260908,9.79,9.79,9.5,9.52,1090577
NIFTYETF,20260908,258.47,259.33,257.1,257.53,278731
NIFTYIETF,20260908,274.0,274.0,268.36,268.88,673504
NIFTYJBLK,20260908,12.61,12.61,12.12,12.14,158149
NIFTYQLITY,20260908,21.19,21.19,21.0,21.04,28811
NIITLTD,20260908,97.02,99.37,95.01,95.34,233060
NIITMTS,20260908,221.0,225.0,220.21,223.51,89450
NILAINFRA,20260908,6.67,7.0,6.4,6.62,372115
NILASPACES,20260908,12.23,13.2,12.18,12.78,3152074
NILE,20260908,1478.0,1491.0,1460.5,1471.7,2585
NILKAMAL,20260908,2060.0,2134.0,2060.0,2112.0,26213
NIMBSPROJ,20260908,150.0,150.68,147.41,148.46,763
NINSYS,20260908,715.0,715.0,703.2,709.1,3691
NIPPOBATRY,20260908,321.2,329.9,320.0,324.6,2175
NIRAJ,20260908,29.55,29.55,28.0,28.18,31085
NIRAJISPAT,20260908,350.05,350.05,350.05,350.05,132
NIRLON,20260908,624.55,628.85,619.05,619.65,10847
NITCO,20260908,93.85,94.39,92.46,93.46,414124
NITINSPIN,20260908,628.0,664.4,619.8,655.1,527875
NITIRAJ,20260908,235.95,235.95,224.0,230.92,8585
NITTAGELA,20260908,1703.0,1706.0,1654.2,1670.5,3735
NIVABUPA,20260908,81.09,81.1,80.01,80.55,309739
NKIND,20260908,65.8,65.8,58.65,61.05,3020
NLCINDIA,20260908,269.3,272.7,268.35,272.25,725528
NMDC,20260908,84.06,84.78,83.74,84.71,12129471
NOCIL,20260908,172.0,186.8,171.35,185.07,6480440
NOIDATOLL,20260908,4.02,4.05,3.93,3.99,39452
NORBTEAEXP,20260908,67.8,69.86,66.12,69.75,1346
NORTHARC,20260908,307.9,313.9,302.85,310.85,1487186
NOVAAGRI,20260908,23.31,23.44,23.0,23.15,34166
NOVARTIND,20260908,1659.0,1856.0,1640.1,1822.0,551700
NPBET,20260908,287.28,287.6,285.87,285.87,99
NPST,20260908,1748.3,1753.5,1692.2,1716.5,22167
NRAIL,20260908,599.9,648.3,589.95,644.35,144623
NRBBEARING,20260908,484.0,492.0,475.0,489.6,360511
NRL,20260908,135.5,137.79,126.15,130.46,112645
NSIL,20260908,5656.0,5723.0,5650.0,5660.0,973
NSLNISP,20260908,46.19,46.25,44.81,45.02,4004951
NTCIND,20260908,139.0,139.0,133.32,136.8,3656
NTPC,20260908,330.0,333.2,328.65,330.8,7351373
NTPCGREEN,20260908,88.16,88.6,87.5,88.44,1452819
NUCLEUS,20260908,712.3,720.45,712.3,717.45,8575
NURECA,20260908,320.0,324.9,311.0,318.1,3400
NUVAMA,20260908,1832.5,1849.9,1786.7,1836.4,249041
NUVOCO,20260908,347.9,347.9,339.1,339.85,115833
NV20,20260908,13.82,13.82,13.71,13.75,408358
NV20BEES,20260908,138.43,138.43,137.26,137.75,14767
NV20IETF,20260908,13.56,13.56,13.4,13.42,703019
NYKAA,20260908,333.1,341.55,333.1,341.0,5740245
OAL,20260908,530.25,545.95,500.0,530.95,79913
OBCL,20260908,55.26,56.5,55.05,55.63,4553
OBEROIRLTY,20260908,1852.0,1857.2,1820.4,1833.8,261690
OCCLLTD,20260908,165.0,166.0,163.02,164.84,43831
ODIGMA,20260908,22.98,22.98,21.41,21.99,18658
ODYCORP,20260908,7.1,7.45,7.1,7.27,3697
OFSS,20260908,11750.0,11815.0,11636.0,11780.0,101559
OIL,20260908,486.4,501.3,482.8,495.4,2619912
OILCOUNTUB,20260908,63.7,63.7,63.0,63.0,11913
OILIETF,20260908,11.15,11.31,11.15,11.21,1003926
OLAELEC,20260908,37.96,38.0,37.38,37.63,20686084
OLECTRA,20260908,1215.7,1224.0,1200.0,1213.7,234825
OMAXAUTO,20260908,177.63,178.86,167.35,170.75,109441
OMAXE,20260908,129.11,131.85,126.2,127.58,799127
OMFREIGHT,20260908,88.03,89.8,87.5,87.51,2765
OMINFRAL,20260908,84.8,84.8,80.75,81.96,46884
OMNI,20260908,524.95,539.75,518.55,525.9,328386
OMPOWER,20260908,171.73,171.73,168.31,170.0,34886
ONEGLOBAL,20260908,522.0,537.65,513.05,531.2,23535
ONELIFECAP,20260908,31.35,31.35,30.53,30.7,24493
ONEPOINT,20260908,57.83,58.25,56.07,56.36,279089
ONESOURCE,20260908,1560.0,1645.7,1557.5,1579.5,707456
ONGC,20260908,234.8,238.0,232.22,236.0,7965065
ONIDA,20260908,34.85,35.74,34.12,34.76,340380
ONIXSOLAR,20260908,434.0,444.35,425.0,444.3,435163
ONMOBILE,20260908,49.15,49.15,48.25,48.25,28804
ONWARDTEC,20260908,283.85,292.0,282.35,286.3,48760
OPTIEMUS,20260908,562.9,569.4,552.4,556.35,75184
OPTIFIN,20260908,14.43,15.15,14.36,14.52,56239
ORBTEXP,20260908,239.0,240.97,233.2,239.43,2784
ORCHASP,20260908,1.32,1.38,1.29,1.36,185912
ORCHPHARMA,20260908,945.0,968.5,937.35,965.8,26453
ORICONENT,20260908,52.25,55.48,52.25,53.16,38106
ORIENTALTL,20260908,5.21,5.21,5.03,5.11,86230
ORIENTBELL,20260908,415.15,424.95,407.0,410.3,37419
ORIENTCEM,20260908,126.8,127.59,125.01,126.42,378422
ORIENTCER,20260908,44.9,45.9,43.86,45.0,68672
ORIENTELEC,20260908,177.84,177.84,174.5,175.54,83726
ORIENTHOT,20260908,139.0,141.68,138.37,140.54,428985
ORIENTLTD,20260908,78.51,82.79,78.25,82.5,2361
ORIENTPPR,20260908,18.96,18.99,18.09,18.29,387404
ORIENTTECH,20260908,235.16,237.0,232.0,233.43,60257
ORIRAIL,20260908,127.28,130.99,126.7,128.38,67864
ORISSAMINE,20260908,4197.9,4260.0,4178.0,4198.7,4495
ORKLAINDIA,20260908,593.0,597.55,588.05,589.85,48821
ORTINGLOBE,20260908,16.2,16.2,15.32,15.93,57526
OSIAHYPER,20260908,2.54,2.54,2.39,2.44,521891
OSWALAGRO,20260908,36.13,36.85,35.64,36.21,70117
OSWALGREEN,20260908,20.38,20.44,20.01,20.29,100368
OSWALPUMPS,20260908,274.0,277.7,272.05,274.8,394684
OSWALSEEDS,20260908,12.25,12.5,11.86,12.14,40865
PACEDIGITK,20260908,162.0,164.0,156.73,160.31,946446
PACIFICI,20260908,140.0,140.0,140.0,140.0,4
PAGEIND,20260908,35700.0,36540.0,35505.0,35915.0,24215
PAISALO,20260908,78.76,78.85,76.71,77.72,10883081
PAKKA,20260908,77.01,80.1,77.01,78.54,229029
PALASHSECU,20260908,90.98,91.9,88.0,88.14,285
PALREDTEC,20260908,55.84,56.0,53.32,53.32,6675
PANACEABIO,20260908,379.1,398.0,377.6,391.85,101506
PANACHE,20260908,526.0,526.0,515.6,515.6,4808
PANAMAPET,20260908,481.2,489.1,473.0,483.15,160244
PANCHMAHQ,20260908,299.45,318.0,253.95,290.0,394
PANORAMA,20260908,49.41,50.04,46.26,48.38,288476
PANSARI,20260908,301.2,301.2,290.0,290.8,2968
PAR,20260908,141.44,141.44,141.44,141.44,13695
PARACABLES,20260908,65.56,69.5,64.85,69.05,4828599
PARADEEP,20260908,158.69,166.5,157.98,159.79,8713293
PARAGMILK,20260908,251.6,256.5,246.3,254.4,917296
PARAS,20260908,1496.5,1563.9,1496.0,1504.0,2631639
PARASPETRO,20260908,2.17,2.17,2.1,2.13,148151
PARKHOSPS,20260908,286.9,286.9,281.7,282.25,230408
PARKHOTELS,20260908,112.0,114.19,110.71,113.11,228241
PARNAXLAB,20260908,126.73,129.35,125.15,125.9,2682
PARSVNATH,20260908,1.63,1.63,1.63,1.63,1847451
PASHUPATI,20260908,82.5,87.0,79.2,81.02,227818
PASUPTAC,20260908,66.75,68.34,66.3,67.12,46773
PATANJALI,20260908,342.0,342.8,339.0,342.0,1412377
PATELENG,20260908,27.0,27.22,26.72,26.93,1875076
PATELRMART,20260908,217.8,218.79,214.17,215.2,90636
PATINTLOG,20260908,13.14,13.45,13.02,13.3,41274
PAUSHAKLTD,20260908,767.0,780.95,744.35,770.7,36424
PAVNAIND,20260908,16.25,16.68,16.1,16.18,26923
PAYTM,20260908,1654.5,1676.7,1636.0,1670.0,2338072
PCBL,20260908,325.0,334.7,321.9,328.8,6607816
PCJEWELLER,20260908,14.23,14.44,13.18,13.52,1114322441
PDMJEPAPER,20260908,102.4,104.72,98.1,99.61,699525
PDSL,20260908,351.15,351.6,344.25,346.2,91940
PEARLPOLY,20260908,15.69,15.87,15.52,15.64,3250
PENIND,20260908,176.0,182.5,175.5,180.62,1266398
PENINLAND,20260908,16.06,16.28,15.3,15.67,117089
PERMAGN,20260908,874.8,900.0,856.2,863.1,3734
PERNIASPOP,20260908,559.95,566.9,540.5,557.3,703695
PERSISTENT,20260908,5550.0,5600.0,5491.0,5560.0,330550
PETRONET,20260908,290.95,291.0,285.0,285.8,1543809
PFC,20260908,352.05,356.5,351.15,355.9,6879445
PFIZER,20260908,4530.0,4580.8,4300.0,4310.7,186580
PFOCUS,20260908,315.0,324.9,309.3,313.15,2434717
PFS,20260908,27.4,27.79,27.11,27.71,1295363
PGEL,20260908,557.85,562.0,551.05,553.7,1171922
PGHH,20260908,7635.0,7848.0,7562.0,7736.0,28369
PGHL,20260908,5675.0,5675.0,5585.5,5603.0,4338
PGIL,20260908,2285.0,2389.9,2270.1,2366.8,107491
PHARMABEES,20260908,28.08,28.08,27.34,27.66,4041902
PHOENIXLTD,20260908,1910.7,1915.0,1885.0,1885.0,329961
PHOENXINTL,20260908,30.0,30.8,29.15,29.81,2165
PICCADIL,20260908,618.0,623.85,605.1,608.3,114816
PIDILITIND,20260908,1579.8,1593.0,1565.0,1593.0,738063
PIGL,20260908,98.35,98.58,95.5,96.13,44872
PIIND,20260908,2416.4,2428.4,2390.1,2395.0,98267
PILANIINVS,20260908,4335.9,4369.0,4250.1,4261.7,1047
PILITA,20260908,7.85,7.97,7.56,7.75,89087
PINELABS,20260908,163.99,173.94,162.35,169.55,38342385
PIONEEREMB,20260908,21.64,21.89,20.36,21.02,23006
PIONRINV,20260908,84.0,84.0,83.85,83.85,571
PIRAMALFIN,20260908,2285.0,2309.9,2236.6,2298.5,481431
PITTIENG,20260908,1199.9,1199.9,1135.6,1171.3,219301
PIXTRANS,20260908,1754.8,1754.8,1710.0,1722.0,16266
PKTEA,20260908,999.0,1115.0,963.15,972.75,61700
PLASTIBLEN,20260908,196.78,196.78,190.0,191.23,26956
PLATIND,20260908,233.01,235.93,230.3,232.47,52015
PLAZACABLE,20260908,58.3,59.98,56.1,56.84,245887
PML,20260908,505.0,505.0,480.05,482.15,105
PNB,20260908,115.75,116.68,114.95,116.0,11972532
PNBGILTS,20260908,83.0,84.98,80.75,81.26,596996
PNBHOUSING,20260908,1182.0,1185.0,1166.5,1167.1,524914
PNC,20260908,16.3,17.4,16.05,16.66,4645
PNCINFRA,20260908,181.9,182.05,175.6,177.06,585027
PNGJL,20260908,621.9,632.45,615.0,627.45,958774
PNGSREVA,20260908,540.85,554.7,530.25,546.55,252382
POCL,20260908,472.4,477.35,466.5,469.45,198450
PODDARMENT,20260908,280.0,333.4,280.0,311.45,276944
POEL,20260908,149.5,149.5,143.52,144.12,16681
POKARNA,20260908,806.0,814.9,782.0,786.65,161959
POLICYBZR,20260908,1787.0,1827.9,1775.9,1826.0,1108483
POLYCAB,20260908,8301.0,8433.0,8301.0,8373.5,604579
POLYMED,20260908,1700.3,1751.0,1682.3,1730.1,127092
POLYPLEX,20260908,1175.0,1177.6,1141.5,1149.6,51471
POLYSPIN,20260908,29.28,29.28,28.99,29.0,683
PONNIERODE,20260908,387.95,387.95,376.0,378.55,14432
POONAWALLA,20260908,460.0,460.0,452.35,455.25,418071
POWERGRID,20260908,265.65,267.25,263.0,265.75,7385483
POWERICA,20260908,512.1,533.1,509.0,530.7,111394
POWERINDIA,20260908,31500.0,31570.0,30550.0,31135.0,278064
POWERMECH,20260908,2359.8,2443.4,2351.0,2415.1,50094
PPAP,20260908,258.7,258.7,248.0,249.8,27214
PPL,20260908,271.95,276.5,266.65,274.05,23357
PPLPHARMA,20260908,220.65,231.93,220.37,226.62,21040344
PRABHA,20260908,244.8,260.0,244.05,253.55,1160678
PRADPME,20260908,486.0,498.9,486.0,489.1,6186
PRAENG,20260908,24.74,24.74,22.5,22.69,88785
PRAJIND,20260908,336.5,340.0,334.0,338.85,279523
PRAKASH,20260908,125.99,129.89,125.11,127.3,682134
PRAKASHSTL,20260908,3.83,3.94,3.68,3.75,174917
PRAVEG,20260908,264.55,279.0,259.2,270.75,122995
PRAXIS,20260908,4.74,4.84,4.65,4.69,112712
PRECAM,20260908,123.96,124.39,121.1,121.71,137481
PRECOT,20260908,693.0,702.45,676.05,682.9,4798
PRECWIRE,20260908,462.0,489.6,460.95,480.2,1098914
PREMCO,20260908,391.95,392.9,385.1,392.0,212
PREMEXPLN,20260908,663.1,678.8,663.1,677.7,317368
PREMIER,20260908,2.85,2.85,2.62,2.78,3319
PREMIERENE,20260908,990.0,998.0,982.3,988.8,355380
PREMIERPOL,20260908,90.9,92.89,89.9,90.56,184768
PRESTIGE,20260908,1549.1,1566.0,1532.0,1561.6,505136
PRICOLLTD,20260908,782.0,782.2,755.05,758.6,294938
PRIMESECU,20260908,278.15,286.2,276.35,279.45,34338
PRIMO,20260908,20.88,21.14,19.26,20.41,198332
PRINCEPIPE,20260908,284.0,290.0,278.05,285.75,329475
PRIORITY,20260908,218.43,227.1,218.43,218.53,428308
PRISMX,20260908,0.54,0.57,0.54,0.55,127960
PRITI,20260908,33.34,33.5,33.34,33.35,4635
PRITIKAUTO,20260908,15.63,15.64,15.0,15.15,414500
PRIVISCL,20260908,3382.6,3497.0,3352.5,3469.6,101601
PROSTARM,20260908,138.8,139.03,135.0,135.23,122880
PROTEAN,20260908,513.0,514.85,498.0,499.65,211683
PROZONER,20260908,48.0,49.4,47.5,48.92,189943
PRSMJOHNSN,20260908,112.1,113.99,111.35,112.27,316056
PRUDENT,20260908,3367.7,3390.0,3255.1,3277.5,39653
PRUDMOULI,20260908,16.55,17.0,16.12,16.79,13163
PSB,20260908,22.9,23.01,22.77,22.86,519212
PSPPROJECT,20260908,870.0,886.45,858.85,875.4,37405
PSUBANK,20260908,84.43,84.99,83.9,84.22,41388
PSUBANKADD,20260908,85.06,85.4,84.9,85.12,14460
PSUBNKBEES,20260908,95.6,95.6,93.71,93.97,1124101
PSUBNKIETF,20260908,85.65,85.67,85.0,85.1,79437
PTC,20260908,155.36,155.45,153.33,154.2,1017313
PTCIL,20260908,23760.0,24085.0,23625.0,23730.0,23447
PTL,20260908,38.82,38.93,38.11,38.43,65200
PUNJABCHEM,20260908,1090.0,1105.8,1081.5,1094.9,2946
PURVA,20260908,223.02,223.02,214.8,216.39,301966
PVP,20260908,63.37,67.22,62.51,64.07,2145805
PVRINOX,20260908,1161.5,1243.0,1153.6,1231.3,1863426
PVSL,20260908,100.54,103.93,99.52,101.63,25283
PVTBANIETF,20260908,27.92,28.0,27.75,27.8,824898
PVTBANK,20260908,27.68,27.74,27.6,27.62,2839
PVTBANKADD,20260908,28.21,28.21,27.8,27.93,61827
PVTBKGROWW,20260908,28.19,28.19,27.55,27.7,9783
PWL,20260908,129.67,129.67,126.16,126.63,5315731
PYRAMID,20260908,151.64,153.6,151.0,151.67,26098
QGOLDHALF,20260908,126.0,127.47,125.79,126.09,263070
QMSMEDI,20260908,162.98,162.98,155.0,155.17,19633
QNIFTY,20260908,267.0,267.0,258.51,261.76,5892
QPOWER,20260908,1500.0,1525.0,1450.1,1519.7,292715
QUADFUTURE,20260908,418.9,444.0,415.0,441.0,1096145
QUAL30IETF,20260908,20.76,21.0,20.76,20.9,35378
QUALITY30,20260908,20.36,20.57,20.36,20.47,4104
QUESS,20260908,340.0,347.9,324.0,337.5,850090
QUICKHEAL,20260908,154.49,161.0,152.8,153.44,147505
QUINT,20260908,39.01,41.0,39.01,39.85,7175
RACE,20260908,101.92,101.92,96.25,97.5,4268
RACLGEAR,20260908,1575.0,1580.8,1527.2,1540.2,21693
RADAAN,20260908,3.0,3.03,2.92,2.98,17012
RADHIKAJWE,20260908,94.21,97.5,86.37,87.96,8196082
RADIANTCMS,20260908,43.0,43.39,41.03,41.24,426592
RADICO,20260908,4450.1,4497.6,4424.0,4485.0,139858
RADIOCITY,20260908,6.25,6.25,6.0,6.11,55539
RAILTEL,20260908,270.0,271.0,264.75,266.3,456353
RAIN,20260908,212.9,222.35,212.42,217.81,6812552
RAINBOW,20260908,1469.9,1479.0,1444.7,1449.9,65166
RAJESHEXPO,20260908,79.72,80.96,76.78,79.61,106273
RAJMET,20260908,3.16,3.3,3.1,3.25,595934
RAJOOENG,20260908,56.0,56.8,52.0,53.7,403364
RAJPALAYAM,20260908,779.5,786.0,770.4,785.0,468
RAJRATAN,20260908,491.7,499.8,486.3,496.8,73019
RAJRILTD,20260908,21.65,21.9,21.22,21.34,2147
RAJSREESUG,20260908,35.5,36.3,35.03,35.49,19238
RAJTV,20260908,8.83,8.84,8.36,8.64,56918
RALLIS,20260908,206.2,206.91,204.68,205.29,425909
RAMANEWS,20260908,32.89,34.3,32.66,33.74,151147
RAMAPHO,20260908,125.88,125.88,124.0,124.74,14324
RAMASTEEL,20260908,4.18,4.18,4.17,4.17,1166637
RAMBHAJO,20260908,273.01,283.95,266.94,275.04,848380
RAMCOCEM,20260908,876.0,881.9,865.0,871.45,201465
RAMCOIND,20260908,322.0,324.35,318.75,321.5,73261
RAMCOSYS,20260908,605.0,616.0,589.75,609.15,99742
RAMKY,20260908,337.15,340.65,335.2,337.6,21327
RAMRAT,20260908,527.65,536.9,509.1,531.25,272615
RANASUG,20260908,15.1,15.15,14.9,14.9,228040
RANEHOLDIN,20260908,1669.8,1738.0,1657.8,1691.8,23261
RATEGAIN,20260908,858.4,871.0,847.0,862.7,295189
RATNAMANI,20260908,2680.0,2819.0,2640.0,2803.8,145586
RATNAVEER,20260908,309.35,309.35,295.05,297.8,2092906
RAYMOND,20260908,775.0,869.0,775.0,857.8,13357784
RAYMONDLSL,20260908,672.0,727.7,667.85,696.85,990648
RAYMONDREL,20260908,554.3,592.2,549.3,582.5,872805
RBA,20260908,96.41,96.83,95.01,95.54,2625931
RBLBANK,20260908,413.0,419.1,413.0,418.5,1994199
RBZJEWEL,20260908,182.0,191.9,181.18,181.18,173557
RCF,20260908,113.9,115.74,113.25,113.73,863763
RCOM,20260908,0.87,0.89,0.86,0.89,4449294
RECLTD,20260908,316.8,318.0,314.0,317.85,4604418
REDINGTON,20260908,379.0,379.9,369.6,373.55,3067237
REDTAPE,20260908,118.9,118.9,115.0,115.58,398356
REFEX,20260908,278.0,278.8,275.0,275.85,155563
REGAAL,20260908,87.17,88.69,87.0,87.3,102928
REGENCERAM,20260908,34.46,36.8,34.1,34.23,880
RELAXO,20260908,338.0,341.9,331.15,333.7,81314
RELCHEMQ,20260908,112.25,116.99,112.25,114.09,937
RELIABLE,20260908,140.16,142.0,134.93,140.67,53257
RELIANCE,20260908,1304.1,1306.8,1288.0,1294.9,9799528
RELIGARE,20260908,253.51,256.54,252.4,254.61,439324
RELINFRA,20260908,58.29,58.7,57.0,57.0,268676
RELTD,20260908,158.39,160.58,154.26,155.39,109145
REMSONSIND,20260908,98.68,102.0,96.25,97.26,115898
RENUKA,20260908,25.15,25.73,24.97,25.19,20638935
REPCOHOME,20260908,356.8,365.95,356.8,361.35,64962
REPL,20260908,60.99,62.45,60.1,61.0,4142
REPRO,20260908,325.1,326.3,318.0,319.4,4269
RESPONIND,20260908,147.0,149.45,142.98,148.23,474819
RETAIL,20260908,16.13,17.75,16.13,17.23,5303
RGL,20260908,151.61,153.09,146.1,150.0,854180
RHETAN,20260908,28.01,28.01,28.0,28.0,9758911
RHFL,20260908,1.85,1.86,1.8,1.81,386501
RHIM,20260908,372.0,373.5,369.25,371.7,98879
RHL,20260908,166.16,169.7,166.0,166.66,116
RICOAUTO,20260908,135.6,136.25,131.28,132.38,670884
RIIL,20260908,732.95,739.45,727.2,729.7,35438
RIR,20260908,191.16,193.01,179.07,183.84,1449221
RISHABH,20260908,803.9,822.8,800.05,808.3,227115
RITCO,20260908,319.8,328.15,315.4,318.45,121488
RITES,20260908,215.0,215.8,212.75,212.97,171667
RKDL,20260908,18.78,18.78,18.28,18.36,7175
RKEC,20260908,20.88,20.88,19.55,20.45,73451
RKFORGE,20260908,706.25,709.8,695.1,701.3,527188
RKSWAMY,20260908,93.57,96.0,93.21,94.34,19078
RMC,20260908,233.55,239.7,224.1,226.19,94977
RMDRIP,20260908,22.5,22.93,22.0,22.91,556873
RML,20260908,1351.0,1423.5,1350.9,1390.0,207077
RNBDENIMS,20260908,10.11,10.49,9.97,10.09,202421
ROHLTD,20260908,307.0,310.0,298.0,308.0,33605
ROLEXRINGS,20260908,177.0,178.0,174.05,175.52,831437
ROLLT,20260908,4.65,4.8,4.65,4.8,1019312
ROML,20260908,42.5,43.6,42.0,42.26,2078
ROSSARI,20260908,458.55,458.95,453.5,454.6,48650
ROSSELLIND,20260908,56.93,57.6,56.15,56.51,33600
ROSSTECH,20260908,1160.0,1228.7,1151.0,1218.0,407001
ROTO,20260908,63.8,67.45,63.19,65.44,1146304
ROUTE,20260908,512.05,512.1,500.55,502.55,56368
RPEL,20260908,1689.0,1719.0,1679.1,1692.6,101435
RPGLIFE,20260908,2673.0,2870.0,2642.1,2802.6,28308
RPOWER,20260908,22.02,22.04,21.57,21.71,14966105
RPPINFRA,20260908,54.2,55.86,53.5,53.68,31611
RPPL,20260908,23.15,23.15,22.26,22.52,33764
RPSGVENT,20260908,803.4,825.95,803.4,819.05,13979
RPTECH,20260908,854.95,864.8,791.45,817.95,737587
RRECL,20260908,132.27,133.0,127.05,130.01,532
RRIL,20260908,16.79,17.29,15.61,16.12,75307
RRKABEL,20260908,2388.1,2468.0,2388.1,2448.5,665066
RSDFIN,20260908,98.6,98.84,93.0,98.0,211
RSL,20260908,187.69,192.0,186.05,190.21,297716
RSSOFTWARE,20260908,29.59,29.93,29.0,29.09,31601
RSWM,20260908,221.7,228.57,217.69,225.7,109970
RSYSTEMS,20260908,251.44,251.44,245.0,245.89,82877
RTNINDIA,20260908,28.14,28.3,27.62,28.05,1114969
RTNPOWER,20260908,7.3,7.31,7.22,7.28,12658598
RTSPOWR,20260908,93.0,93.0,87.31,88.17,1123
RUBFILA,20260908,70.96,71.39,69.53,70.18,91354
RUBICON,20260908,1751.0,1870.0,1741.9,1860.6,316261
RUBYMILLS,20260908,447.7,458.8,439.55,450.3,38798
RUCHINFRA,20260908,5.71,5.76,5.55,5.63,35307
RUCHIRA,20260908,108.0,113.97,108.0,112.17,233548
RUDRA,20260908,20.04,20.78,19.55,19.77,44191
RUPA,20260908,142.92,143.0,141.05,142.18,68578
RUSHIL,20260908,16.0,16.34,15.67,16.07,285323
RUSTOMJEE,20260908,367.0,369.0,351.05,357.55,588269
RVHL,20260908,40.8,40.8,39.6,39.99,5622
RVNL,20260908,210.05,211.3,207.0,207.5,2884655
RVTH,20260908,713.95,779.0,713.0,752.45,5687
S&SPOWER,20260908,339.4,350.7,330.4,350.7,5869
SAATVIKGL,20260908,416.6,421.95,412.2,415.95,60306
SAB,20260908,192.6,192.6,183.0,192.5,169
SADBHAV,20260908,8.03,8.07,7.85,7.99,253373
SADBHIN,20260908,2.55,2.64,2.55,2.6,88193
SADHNANIQ,20260908,2.77,2.82,2.77,2.82,2643882
SAFARI,20260908,1530.0,1540.9,1510.4,1533.7,27701
SAGARDEEP,20260908,24.8,24.8,23.4,23.98,8342
SAGCEM,20260908,153.64,155.5,151.1,151.82,108825
SAGILITY,20260908,45.9,46.05,45.19,45.7,14824946
SAHLIBHFI,20260908,86.54,88.48,84.0,84.95,25629
SAHYADRI,20260908,391.3,395.0,373.05,385.0,18574
SAICAPI,20260908,142.0,155.0,142.0,151.11,716
SAIL,20260908,188.5,190.8,186.05,186.1,19246316
SAILIFE,20260908,1579.6,1657.2,1574.0,1647.1,1414082
SAIPARENT,20260908,520.75,534.0,518.0,529.7,63249
SAKAR,20260908,1140.0,1211.0,1112.05,1157.85,580120
SAKHTISUG,20260908,19.88,20.24,19.65,19.93,106321
SAKSOFT,20260908,150.52,151.98,149.2,149.98,215339
SAKUMA,20260908,1.63,1.64,1.61,1.63,612558
SALASAR,20260908,5.05,5.19,5.0,5.14,4457217
SALONA,20260908,260.8,263.75,251.95,259.3,508
SALSTEEL,20260908,81.5,83.4,78.35,79.63,555238
SALZERELEC,20260908,551.6,572.95,544.0,550.55,56573
SAMBANDAM,20260908,119.99,120.0,118.0,118.0,168
SAMBHAAV,20260908,5.85,6.02,5.66,5.96,13109
SAMBHV,20260908,134.75,134.83,126.98,128.67,1530368
SAMHI,20260908,155.77,158.09,153.42,155.61,806381
SAMMAANCAP,20260908,155.0,155.33,152.67,153.0,2524388
SAMPANN,20260908,24.54,24.74,23.81,24.35,11876
SANATHAN,20260908,473.7,479.9,467.85,470.5,111078
SANDESH,20260908,1053.9,1064.7,1051.0,1051.1,1472
SANDHAR,20260908,624.7,627.8,615.35,626.35,80151
SANDUMA,20260908,196.45,198.85,195.39,196.57,382799
SANGAMIND,20260908,576.8,587.0,566.6,580.0,19148
SANGHVIMOV,20260908,437.95,445.85,428.45,441.2,224364
SANGINITA,20260908,61.9,61.9,61.9,61.9,46672
SANOFI,20260908,3130.0,3132.5,3111.0,3114.9,11823
SANOFICONR,20260908,4106.0,4129.9,4040.5,4075.6,2771
SANSERA,20260908,4020.0,4094.3,3957.7,4033.6,397756
SANSTAR,20260908,110.93,110.93,108.8,109.62,136076
SANWARIA,20260908,0.2,0.2,0.19,0.19,419837
SAPPHIRE,20260908,228.5,232.52,224.9,226.61,415672
SAPPL,20260908,290.0,290.0,280.0,282.7,651
SARDAEN,20260908,512.5,524.0,510.4,519.85,757903
SAREGAMA,20260908,494.0,501.7,487.8,497.1,266717
SARLAPOLY,20260908,100.96,102.19,100.0,101.47,34886
SARVESHWAR,20260908,3.8,4.03,3.75,4.03,13974925
SASKEN,20260908,1840.1,1917.9,1825.0,1894.3,30095
SATIA,20260908,68.01,69.7,66.0,67.83,274991
SATIN,20260908,217.88,220.48,214.75,217.49,141022
SAURASHCEM,20260908,55.92,56.66,55.25,56.11,84201
SAYAJIHOTL,20260908,322.9,322.9,305.0,320.0,3
SAYAJIIND,20260908,116.01,118.5,116.0,116.01,5307
SBC,20260908,46.99,47.58,46.62,46.77,8596009
SBCL,20260908,1092.1,1131.3,1066.2,1105.2,354867
SBFC,20260908,98.98,99.29,96.39,97.35,589867
SBGLP,20260908,24.01,24.95,23.81,23.81,13937
SBIBPB,20260908,49.32,49.32,48.7,48.87,21067
SBICARD,20260908,671.0,675.0,661.35,668.0,2340386
SBIETFCON,20260908,119.35,120.15,118.79,119.88,9270
SBIETFIT,20260908,342.25,342.25,330.05,331.6,6150
SBIETFPB,20260908,283.47,283.55,280.87,281.99,1134
SBIETFQLTY,20260908,219.37,220.73,219.37,219.53,847
SBIFUNDS,20260908,557.8,558.5,553.05,555.7,466279
SBILIFE,20260908,1734.6,1739.9,1696.6,1696.6,528949
SBILIQETF,20260908,1055.02,1055.04,1055.02,1055.03,69986
SBIMIDMOM,20260908,63.54,64.17,63.54,64.09,38459
SBIN,20260908,1004.9,1011.2,1002.1,1008.0,7084768
SBINEQWETF,20260908,32.93,32.94,32.75,32.88,32039
SBINMID150,20260908,23.41,23.41,23.08,23.17,18315
SBISILVER,20260908,227.6,229.64,225.55,226.79,852049
SBISMLETF,20260908,18.59,18.64,18.41,18.57,37294
SBIVALETF,20260908,14.65,14.66,14.57,14.57,5637
SCANSTL,20260908,59.8,60.98,57.71,58.41,38895
SCHAEFFLER,20260908,3991.2,4000.5,3911.7,3954.6,50833
SCHAND,20260908,133.95,138.0,133.01,136.64,21528
SCHNEIDER,20260908,1193.6,1235.3,1186.4,1229.7,180626
SCI,20260908,293.6,294.8,288.05,288.75,1262000
SCILAL,20260908,39.1,39.49,37.0,38.77,305630
SCODATUBES,20260908,130.3,131.2,128.61,129.85,117731
SCPL,20260908,655.05,671.5,647.0,662.2,12176
SDBL,20260908,75.02,75.17,72.1,72.39,493821
SEAMECLTD,20260908,1791.6,1799.0,1740.0,1782.6,67665
SECMARK,20260908,142.8,144.3,133.06,139.33,1810
SECURKLOUD,20260908,17.49,17.49,16.7,16.99,17022
SEDEMAC,20260908,2890.0,2930.0,2850.0,2867.5,50300
SEIL,20260908,203.89,203.89,197.1,198.59,123244
SEJALLTD,20260908,669.65,672.45,646.1,651.35,7849
SEKURITIND,20260908,114.7,114.84,112.7,113.19,28488
SELECTIPO,20260908,48.59,48.9,48.39,48.88,44164
SELMC,20260908,28.42,29.5,26.5,28.81,148529
SEMAC,20260908,294.95,294.95,279.0,285.95,890
SENCO,20260908,368.0,369.5,359.05,361.85,591895
SENORES,20260908,1504.0,1532.0,1486.0,1509.8,373922
SENSEXADD,20260908,78.45,78.54,77.91,78.31,1883
SENSEXAXIS,20260908,79.77,79.77,78.5,78.74,1850
SENSEXBETA,20260908,843.5,844.0,839.0,841.3,1117
SENSEXETF,20260908,78.98,78.98,78.0,78.19,39123
SENSEXIETF,20260908,873.01,876.37,871.0,872.03,6871
SEPC,20260908,5.37,5.4,5.32,5.34,5736412
SERVOTECH,20260908,79.03,79.9,77.85,79.06,228870
SESHAPAPER,20260908,243.8,249.2,240.0,243.98,134513
SETCO,20260908,17.88,18.19,16.95,17.08,101512
SETF10GILT,20260908,264.63,265.32,263.0,265.02,691
SETFGOLD,20260908,130.5,130.66,129.25,129.84,5603290
SETFNIF50,20260908,256.73,256.73,255.03,255.36,810044
SETFNIFBK,20260908,602.02,602.02,583.0,584.23,101600
SETFNN50,20260908,778.2,783.9,778.18,781.42,23683
SETL,20260908,388.55,407.0,384.1,404.5,899191
SETUINFRA,20260908,0.61,0.61,0.61,0.61,41602
SEYAIND,20260908,12.49,12.65,12.17,12.23,5717
SFL,20260908,652.0,707.0,645.45,675.95,2942072
SGFIN,20260908,675.05,685.45,668.55,676.15,164770
SGIL,20260908,605.5,606.55,585.05,588.5,16342
SGL,20260908,10.03,10.39,9.75,9.87,2966
SGLRES,20260908,2.62,2.62,2.4,2.52,36452
SGMART,20260908,810.4,830.45,806.0,809.5,180042
SGRL,20260908,715.0,722.0,685.0,696.0,14245
SHADOWFAX,20260908,248.9,255.85,244.75,249.75,4847985
SHAH,20260908,3.49,3.49,3.34,3.36,1797981
SHAHALLOYS,20260908,102.63,103.92,99.1,100.09,30763
SHAILY,20260908,3347.0,3419.9,3308.1,3407.8,108977
SHAKTIPUMP,20260908,467.0,477.45,466.95,473.0,379871
SHALBY,20260908,152.04,153.01,149.2,149.82,58413
SHALPAINTS,20260908,84.9,86.8,82.4,84.12,251218
SHANKARA,20260908,147.5,148.73,147.5,148.34,67386
SHANKESH,20260908,103.5,106.7,93.22,94.89,10007242
SHANTI,20260908,6.6,6.67,6.15,6.46,43412
SHANTIGEAR,20260908,638.85,704.0,632.15,704.0,498009
SHANTIGOLD,20260908,273.0,273.97,260.02,264.26,1505201
SHARDACROP,20260908,770.2,803.25,764.3,795.9,193168
SHARDAMOTR,20260908,890.05,897.9,882.0,890.75,29480
SHARDUL,20260908,53.02,54.7,53.02,54.03,15488
SHAREINDIA,20260908,171.74,172.59,168.62,170.91,191854
SHARIABEES,20260908,447.05,447.05,444.41,446.23,6020
SHBAJRG,20260908,161.99,163.66,155.11,155.89,3110
SHEKHAWATI,20260908,16.01,16.81,16.01,16.81,23831
SHEMAROO,20260908,128.99,128.99,124.51,125.31,5137
SHERVANI,20260908,325.0,325.15,324.1,324.9,27
SHILCTECH,20260908,4187.0,4247.8,4153.4,4212.5,14040
SHILGRAVQ,20260908,151.95,156.0,149.0,150.21,4455
SHILPAMED,20260908,949.85,965.0,937.1,959.9,714579
SHINDL,20260908,164.0,167.0,159.03,160.65,369555
SHIPROCKET,20260908,139.5,144.5,132.61,134.77,29791766
SHIVAAGRO,20260908,45.0,45.0,40.12,42.96,6565
SHIVACEM,20260908,16.07,16.2,15.9,16.12,57311
SHIVALIK,20260908,315.0,323.9,308.65,320.75,56701
SHIVAMAUTO,20260908,17.87,17.87,17.0,17.03,22462
SHIVAMILLS,20260908,62.99,63.49,59.75,62.63,7314
SHIVATEX,20260908,184.49,184.49,174.01,177.7,14001
SHIVAUM,20260908,460.0,470.0,451.5,461.2,14907
SHK,20260908,147.82,149.89,144.1,145.59,599257
SHOPERSTOP,20260908,378.0,397.95,374.05,380.8,46488
SHRADDHA,20260908,158.7,158.7,151.14,154.75,2821
SHRADHA,20260908,31.6,32.0,30.15,30.65,23256
SHREDIGCEM,20260908,72.9,73.22,71.0,72.6,73777
SHREECEM,20260908,23500.0,23560.0,23130.0,23160.0,13107
SHREEJISPG,20260908,702.8,710.3,695.0,698.2,621205
SHREEPUSHK,20260908,528.0,545.2,505.1,510.05,233531
SHREERAMA,20260908,43.57,43.7,41.43,42.27,80828
SHRENIK,20260908,0.29,0.3,0.29,0.29,161519
SHREYANIND,20260908,132.21,136.45,132.21,133.0,8325
SHRIKRISH,20260908,39.6,39.95,36.0,37.15,2279
SHRINGARMS,20260908,218.8,219.8,216.5,217.44,289705
SHRIPISTON,20260908,4488.0,4513.5,4428.2,4438.2,29385
SHRIRAMFIN,20260908,1030.0,1031.9,1017.2,1029.0,2574351
SHRIRAMPPS,20260908,75.5,75.75,74.26,74.63,244665
SHRJAGP,20260908,650.0,680.0,630.0,638.1,616
SHUKRAPHAR,20260908,53.37,56.0,52.21,54.11,6791172
SHYAMCENT,20260908,4.78,5.03,4.78,4.94,19189
SHYAMMETL,20260908,1082.5,1099.0,1076.7,1081.9,228641
SHYAMTEL,20260908,11.43,11.68,11.01,11.47,6998
SICAGEN,20260908,59.45,59.9,57.11,57.84,16231
SICALLOG,20260908,102.0,103.8,99.25,101.85,18022
SIEL,20260908,30.94,30.94,29.3,30.2,1617
SIEMENS,20260908,3911.0,3998.8,3911.0,3951.3,349820
SIGACHI,20260908,34.25,35.82,33.62,34.7,6169969
SIGIND,20260908,66.91,70.25,66.58,69.88,19947
SIGMA,20260908,48.29,48.29,47.0,47.21,49956
SIGMAADV,20260908,739.0,777.15,722.0,777.15,175034
SIGNATURE,20260908,795.0,802.0,780.5,785.2,184905
SIGNPOST,20260908,266.8,276.25,261.0,264.55,244701
SIKA,20260908,986.1,1025.2,978.1,1015.15,46112
SIKKO,20260908,5.61,5.62,5.29,5.52,301987
SIL,20260908,19.17,19.48,18.97,19.1,43242
SILGO,20260908,73.76,73.76,71.2,71.49,91013
SILINV,20260908,469.9,479.9,460.0,462.4,801
SILLYMONKS,20260908,16.4,16.5,16.0,16.29,17501
SILVER,20260908,231.76,233.6,229.8,231.1,776377
SILVER001,20260908,23.8,23.99,23.17,23.28,15632
SILVER1,20260908,22.6,22.7,22.32,22.46,8172584
SILVER360,20260908,227.01,229.95,226.2,227.28,8908
SILVERADD,20260908,22.6,22.6,22.18,22.3,5232857
SILVERAG,20260908,227.9,227.9,224.11,225.22,218393
SILVERAXIS,20260908,233.44,233.44,228.71,229.96,517480
SILVERBEES,20260908,222.3,223.65,220.01,221.17,16238547
SILVERBETA,20260908,223.66,226.0,222.19,223.41,267736
SILVERBND,20260908,233.89,234.36,230.8,231.9,8152
SILVERCASE,20260908,23.59,23.76,23.32,23.45,10441296
SILVERIETF,20260908,232.0,233.65,229.8,230.88,2517714
SILVERTUC,20260908,163.5,165.21,160.2,161.1,413174
SIMBHALS,20260908,7.5,7.5,7.5,7.5,1104
SIMPLEXINF,20260908,258.3,264.7,256.0,257.4,70097
SIMPLXREA,20260908,140.5,140.5,134.62,134.62,5
SINCLAIR,20260908,86.0,86.79,83.56,84.03,45494
SINDHUTRAD,20260908,25.25,25.44,24.87,25.0,1484833
SINGERIND,20260908,75.04,77.98,73.65,75.75,123756
SINTERCOM,20260908,81.44,84.9,78.0,79.2,4179
SIRCA,20260908,437.0,438.25,432.5,434.4,156436
SIS,20260908,428.65,435.9,426.5,427.75,478616
SITINET,20260908,0.29,0.3,0.28,0.28,748553
SIYSIL,20260908,564.05,569.25,551.2,554.05,25896
SJS,20260908,2332.3,2351.3,2258.2,2286.8,155758
SJVN,20260908,65.56,66.19,64.75,65.87,2380457
SKFINDIA,20260908,1554.8,1554.9,1524.7,1534.8,21578
SKFINDUS,20260908,3024.0,3048.0,2916.6,2953.8,38591
SKIPPER,20260908,605.0,614.0,595.0,604.7,1156716
SKMEGGPROD,20260908,246.5,256.9,246.5,253.35,186137
SKYGOLD,20260908,789.05,833.25,789.05,820.0,1443541
SKYWAYS,20260908,114.44,115.72,106.82,110.22,6417199
SMALL250,20260908,18.6,18.62,18.48,18.58,253505
SMALLADD,20260908,18.69,18.69,18.53,18.62,94164
SMALLCAP,20260908,49.49,49.49,49.17,49.45,1556365
SMALLGROWW,20260908,49.22,49.64,49.13,49.55,2937
SMALLIETF,20260908,18.54,18.61,18.48,18.59,16170
SMARTLINK,20260908,208.15,216.92,204.19,207.3,1347
SMARTWORKS,20260908,534.55,555.0,531.1,552.65,156782
SMCGLOBAL,20260908,86.0,86.77,83.39,85.31,1381128
SML100CASE,20260908,11.72,11.72,11.23,11.46,1008122
SMLMAH,20260908,6360.5,6360.5,6260.5,6313.5,45422
SMLT,20260908,64.75,65.49,61.31,62.17,12918
SMSPHARMA,20260908,402.7,409.4,394.15,399.15,634613
SNOWMAN,20260908,36.69,37.26,36.0,36.83,118533
SNXT30BEES,20260908,42.35,42.48,42.22,42.25,5301
SNXT50BETA,20260908,94.5,95.44,92.9,94.36,1928
SOBHA,20260908,1255.0,1262.4,1242.0,1255.6,33085
SOFTTECH,20260908,421.0,447.0,421.0,438.0,4536
SOLARA,20260908,708.0,719.0,683.05,701.8,800696
SOLARINDS,20260908,22130.0,22495.0,21925.0,22455.0,217218
SOLARWORLD,20260908,152.88,153.0,147.56,147.99,555468
SOLEX,20260908,720.15,729.5,710.6,725.05,15357
SOMANYCERA,20260908,556.95,564.0,555.4,562.65,68944
SOMATEX,20260908,89.62,89.62,84.01,85.27,7555
SOMICONVEY,20260908,94.0,94.0,91.06,91.64,7510
SONACOMS,20260908,785.95,805.9,778.2,804.0,1137878
SONAL,20260908,88.98,88.98,88.5,88.85,120
SONAMLTD,20260908,72.58,72.58,71.25,72.5,239293
SONATSOFTW,20260908,284.5,284.8,273.0,274.25,918276
SOTL,20260908,713.5,713.55,678.0,681.35,523435
SOUTHBANK,20260908,46.6,46.99,46.4,46.82,4494492
SOUTHWEST,20260908,222.46,234.4,217.35,230.38,606636
SPAL,20260908,1056.0,1080.6,1038.2,1048.9,32767
SPANDANA,20260908,238.88,240.75,236.22,239.74,48135
SPARC,20260908,205.87,206.96,201.25,203.27,627055
SPCENET,20260908,3.56,3.65,3.5,3.61,512719
SPECIALITY,20260908,136.4,136.4,132.0,133.78,10889
SPECTRUM,20260908,2611.1,2611.1,2611.1,2611.1,12874
SPELS,20260908,147.64,149.5,145.21,146.6,25492
SPENCERS,20260908,28.45,29.7,28.45,29.41,20201
SPIC,20260908,70.92,72.5,70.58,71.07,720567
SPLIL,20260908,30.8,30.99,30.8,30.8,421
SPLPETRO,20260908,809.0,831.1,783.15,828.4,904826
SPMLINFRA,20260908,180.21,183.44,175.0,176.31,311586
SPORTKING,20260908,224.0,224.0,208.71,215.6,571188
SRD,20260908,39.62,40.08,39.14,39.39,15302
SREEL,20260908,279.4,292.0,276.0,287.51,26819
SRF,20260908,2546.0,2546.0,2517.0,2522.0,167100
SRGHFL,20260908,242.1,243.75,233.1,236.65,1881
SRHHYPOLTD,20260908,525.1,540.0,525.1,527.9,13080
SRIKPRIND,20260908,33.42,34.98,32.13,32.36,25393
SRM,20260908,462.9,465.0,450.15,461.05,82127
SRTL,20260908,37.69,38.1,37.06,37.61,26612
SSDL,20260908,56.2,57.99,56.2,57.12,10042
SSWL,20260908,375.0,376.9,360.65,373.1,822533
STALLION,20260908,202.42,212.77,202.42,212.77,226048
STANLEY,20260908,137.0,141.8,135.53,138.59,112955
STAR,20260908,1169.0,1206.9,1155.3,1187.4,491962
STARCEMENT,20260908,195.0,196.34,193.7,194.83,289777
STARHEALTH,20260908,565.95,573.9,558.05,572.1,252143
STARPAPER,20260908,163.0,166.0,158.57,159.33,34432
STARTECK,20260908,247.0,247.0,246.7,246.9,66
STCINDIA,20260908,114.02,114.68,113.15,113.72,11336
STEELCAS,20260908,329.95,332.8,319.35,331.6,76516
STEELCITY,20260908,85.0,85.0,82.5,83.22,5527
STEELXIND,20260908,11.22,12.08,11.02,11.53,12644699
STEL,20260908,615.1,615.1,597.2,601.4,2050
STERTOOLS,20260908,218.15,221.45,215.55,218.68,14559
STLNETWORK,20260908,31.82,31.82,30.5,31.62,6414014
STLSTRINF,20260908,18.76,19.75,18.06,18.11,3074
STLTECH,20260908,825.6,825.6,800.0,824.7,2224609
STOVEKRAFT,20260908,855.0,864.95,829.1,839.45,77207
STUDDS,20260908,419.95,429.95,418.85,421.85,53941
STYL,20260908,384.65,394.15,377.0,383.35,142359
STYLAMIND,20260908,3360.0,3400.0,3328.1,3349.9,21577
STYLEBAAZA,20260908,401.3,401.45,386.05,387.3,404411
STYRENIX,20260908,2067.0,2145.0,2063.0,2114.9,63027
SUBEXLTD,20260908,16.72,19.58,16.7,19.23,31292634
SUBROS,20260908,703.3,708.25,695.0,697.85,36208
SUDARCOLOR,20260908,386.9,390.0,380.0,385.35,8513
SUDARSCHEM,20260908,1240.1,1249.5,1213.3,1221.7,146481
SUDEEPPHRM,20260908,1327.0,1362.9,1311.1,1344.2,192353
SUKHJITS,20260908,160.88,163.0,157.55,160.49,66512
SULA,20260908,146.51,147.99,145.25,146.5,152179
SUMEDHA,20260908,39.7,40.25,38.6,38.72,230
SUMEETINDS,20260908,11.35,11.7,11.25,11.39,1209924
SUMICHEM,20260908,489.95,495.95,481.5,486.7,141520
SUMIT,20260908,52.87,52.87,47.7,49.06,26995
SUMMITSEC,20260908,1435.3,1436.8,1400.0,1404.1,2339
SUNCLAY,20260908,1291.0,1313.5,1288.1,1293.4,4262
SUNDARAM,20260908,1.22,1.23,1.2,1.21,200955
SUNDARMFIN,20260908,4708.3,4739.9,4650.1,4712.7,33937
SUNDRMBRAK,20260908,731.0,748.0,730.0,731.8,497
SUNDRMFAST,20260908,1200.4,1278.0,1199.0,1255.0,289846
SUNDROP,20260908,665.0,665.0,655.15,659.3,5103
SUNFLAG,20260908,342.9,342.9,336.5,338.3,94593
SUNLOC,20260908,79.98,80.0,76.97,79.72,1618
SUNPHARMA,20260908,1892.0,1895.6,1876.8,1885.9,1422627
SUNRAKSHAK,20260908,370.15,375.0,361.05,373.75,10927
SUNSHIEL,20260908,1268.6,1284.8,1230.0,1239.4,2607
SUNSHINE,20260908,486.5,495.9,471.5,489.15,2339186
SUNTECK,20260908,294.4,297.3,290.3,295.9,114285
SUNTV,20260908,453.1,458.85,449.0,453.5,262935
SUPERHOUSE,20260908,170.62,172.0,167.02,170.7,1114
SUPERSPIN,20260908,7.05,7.14,6.72,6.87,41008
SUPRAJIT,20260908,473.2,477.4,468.55,475.6,38920
SUPREME,20260908,37.23,38.0,36.54,37.16,12225
SUPREMEENG,20260908,3.15,3.15,3.15,3.15,760756
SUPREMEIND,20260908,3598.0,3598.0,3521.7,3553.0,151985
SUPREMEINF,20260908,85.07,86.21,83.15,85.1,72493
SUPRIYA,20260908,910.0,925.1,898.5,915.65,265504
SUPTANERY,20260908,11.97,11.97,11.97,11.97,13502
SURAJEST,20260908,176.9,178.8,173.01,173.92,218552
SURAJLTD,20260908,200.0,207.98,198.25,200.2,3043
SURAKSHA,20260908,338.0,345.0,335.05,340.1,74971
SURANASOL,20260908,25.86,26.23,25.62,26.03,22239
SURANAT&P,20260908,16.25,16.6,16.25,16.42,42233
SURYALA,20260908,410.05,410.1,409.95,410.0,1077
SURYALAXMI,20260908,59.0,59.29,56.31,58.32,8399
SURYAROSNI,20260908,215.6,220.08,215.0,216.02,346599
SURYODAY,20260908,151.22,157.17,151.22,154.86,270869
SUTLEJTEX,20260908,40.85,42.0,39.55,40.6,35681
SUVEN,20260908,376.45,380.0,368.0,369.9,468826
SUVIDHAA,20260908,2.23,2.38,2.05,2.31,151860
SUYOG,20260908,724.8,740.0,705.55,713.65,38569
SUZLON,20260908,45.47,45.77,45.27,45.5,24929892
SVGLOBAL,20260908,154.0,159.0,140.1,152.87,8612
SVLL,20260908,800.0,819.0,800.0,800.2,552
SVPGLOB,20260908,3.67,3.67,3.48,3.51,51940
SWANCORP,20260908,279.45,280.4,275.25,276.8,756303
SWANDEF,20260908,2478.0,2540.0,2440.0,2484.0,11440
SWARAJ,20260908,358.0,362.9,350.1,354.8,74854
SWARAJENG,20260908,3650.0,3664.9,3603.1,3632.6,8188
SWARNSAR,20260908,39.2,44.38,38.0,41.62,232263
SWELECTES,20260908,573.6,608.0,573.6,583.8,31409
SWIGGY,20260908,276.45,280.0,274.6,275.7,25774897
SWISSMLTRY,20260908,15.48,15.61,15.03,15.26,20807
SWSOLAR,20260908,185.0,186.64,183.5,184.08,493784
SYMBIOTEC,20260908,1105.0,1108.6,1071.1,1094.1,556915
SYMPHONY,20260908,587.4,653.0,585.2,613.05,4900203
SYNCOMF,20260908,20.4,21.5,20.4,20.97,12467529
SYNGENE,20260908,389.3,390.65,383.5,387.55,482134
SYRMA,20260908,1627.0,1660.0,1592.2,1639.2,2823789
SYSTMTXC,20260908,66.4,66.4,66.4,66.4,18393
TAALTECH,20260908,4499.0,4550.0,4437.1,4532.2,7902
TAINWALCHM,20260908,207.44,218.0,207.44,212.34,2390
TAJGVK,20260908,329.35,338.4,326.9,332.75,102199
TAKE,20260908,15.23,15.23,14.79,15.23,882460
TALBROAUTO,20260908,431.8,431.8,420.0,424.0,150372
TAMBOLIIN,20260908,259.15,272.1,259.15,272.1,13968
TANAA,20260908,284.45,286.4,272.8,276.95,9918
TANLA,20260908,519.0,520.2,510.8,512.95,296264
TARACHAND,20260908,48.7,49.0,47.5,47.68,31732
TARAPUR,20260908,12.65,13.49,12.55,12.83,19300
TARC,20260908,136.49,136.49,130.6,131.53,643556
TARIL,20260908,298.4,299.9,295.5,297.15,569307
TARMAT,20260908,61.91,66.0,61.6,62.25,52108
TARSONS,20260908,326.6,330.2,321.15,325.15,67588
TASTYBITE,20260908,9883.0,9947.0,9826.0,9853.0,999
TATACAP,20260908,368.05,369.2,365.15,368.05,542958
TATACHEM,20260908,611.6,614.95,605.5,607.7,313943
TATACOMM,20260908,1746.9,1760.0,1718.2,1752.8,257972
TATACONSUM,20260908,1015.0,1018.7,1007.9,1014.1,720871
TATAELXSI,20260908,3505.0,3505.3,3462.2,3492.0,92045
TATAGOLD,20260908,14.78,14.89,14.73,14.79,43973894
TATAINVEST,20260908,626.9,626.9,621.0,622.05,120345
TATAPOWER,20260908,364.65,367.2,362.25,365.55,2879558
TATASTEEL,20260908,185.9,186.5,183.61,184.15,24272812
TATATECH,20260908,785.0,803.6,781.75,798.5,944323
TATSILV,20260908,22.53,22.73,22.34,22.44,41067114
TATVA,20260908,1715.0,1732.0,1656.0,1680.2,40980
TBOTEK,20260908,1690.0,1702.5,1669.6,1694.5,83697
TBZ,20260908,555.3,555.3,555.3,555.3,188891
TCC,20260908,41.0,49.29,39.37,49.07,6862837
TCI,20260908,863.0,880.0,860.0,872.5,21900
TCIEXP,20260908,549.1,556.85,545.35,550.45,35817
TCIFINANCE,20260908,15.2,15.48,14.69,15.0,8719
TCPLPACK,20260908,3919.8,3920.3,3802.2,3874.7,9186
TCS,20260908,2270.0,2274.5,2244.0,2255.5,2148114
TDPOWERSYS,20260908,736.0,778.85,736.0,768.8,2089519
TEAMGTY,20260908,243.0,243.0,235.0,235.02,620
TEAMLEASE,20260908,1285.0,1285.6,1243.8,1256.5,14408
TECH,20260908,32.85,33.01,32.6,32.79,18853
TECHM,20260908,1556.1,1569.9,1541.4,1559.0,1575629
TECHNOCRAF,20260908,393.25,406.95,389.1,403.85,1678026
TECHNOE,20260908,962.5,970.0,960.55,964.7,80436
TECHNVISN,20260908,4770.5,4956.0,4680.0,4797.5,314
TECILCHEM,20260908,9.54,9.7,9.21,9.26,9254
TEGA,20260908,1613.0,1695.0,1593.0,1632.4,535802
TEJASNET,20260908,595.7,604.95,583.4,590.05,2903328
TEMBO,20260908,59.4,59.62,58.0,58.17,869954
TEMPSENS,20260908,546.0,573.75,537.35,571.35,4308131
TENNIND,20260908,517.0,530.0,515.05,525.7,622292
TERAI,20260908,130.0,130.0,130.0,130.0,1
TERASOFT,20260908,273.25,280.05,270.4,272.35,13276
TEXINFRA,20260908,121.0,121.3,117.5,120.03,1152328
TEXMOPIPES,20260908,54.95,54.95,52.05,52.52,469063
TEXRAIL,20260908,119.88,121.87,117.71,118.26,1773204
TFCILTD,20260908,140.51,143.85,139.33,140.89,7108611
TFL,20260908,12.11,12.4,11.94,12.06,7174
TGBHOTELS,20260908,9.6,9.79,9.06,9.21,24346
TGVSL,20260908,110.91,111.85,108.62,109.47,103553
THACKER,20260908,1017.0,1017.0,1017.0,1017.0,7
THAKDEV,20260908,148.0,148.0,148.0,148.0,1
THANGAMAYL,20260908,5462.5,5507.0,5336.0,5366.5,54304
THEINVEST,20260908,96.51,98.99,95.05,96.28,8569
THEJO,20260908,2160.2,2168.9,2130.0,2134.1,2282
THELEELA,20260908,550.0,550.4,538.55,542.5,367701
THEMISMED,20260908,132.0,134.9,129.01,132.17,335531
THERMAX,20260908,3593.0,3655.2,3580.5,3629.6,195564
THOMASCOOK,20260908,112.0,112.53,108.8,109.91,680651
THOMASCOTT,20260908,261.85,261.85,253.0,255.3,56062
THYROCARE,20260908,573.1,577.0,566.6,569.45,161195
TI,20260908,532.0,542.0,531.15,540.35,208328
TICL,20260908,8.01,8.2,7.61,7.63,136326
TIGERLOGS,20260908,28.32,28.76,27.59,27.82,39299
TIIL,20260908,3198.0,3239.0,3109.0,3141.0,27206
TIINDIA,20260908,2683.4,2683.4,2626.2,2638.7,545195
TIJARIA,20260908,8.62,8.62,8.62,8.62,9431
TIL,20260908,246.05,255.0,246.05,250.64,96941
TIMETECHNO,20260908,184.2,188.0,183.16,186.54,2793802
TIMEX,20260908,633.0,637.0,599.0,607.1,839127
TIMKEN,20260908,3085.0,3120.0,3080.2,3098.9,12524
TINNARUBR,20260908,1027.45,1027.45,997.0,1019.0,59543
TIPSFILMS,20260908,328.15,336.0,325.0,331.1,2076
TIPSMUSIC,20260908,643.7,663.8,641.15,644.9,300602
TIRUMALCHM,20260908,155.5,159.8,153.0,157.9,259105
TIRUPATIFL,20260908,71.55,71.79,69.0,70.02,128662
TITAGARH,20260908,897.0,897.9,874.0,880.8,606235
TITAN,20260908,4975.0,5015.5,4969.0,4987.0,432671
TMB,20260908,936.45,936.8,920.15,926.8,66320
TMCV,20260908,459.0,460.45,453.25,456.05,4623711
TMPV,20260908,306.1,306.65,302.45,306.45,6921996
TNIDETF,20260908,89.8,90.69,89.29,89.67,49101
TNPETRO,20260908,131.51,146.99,130.25,139.18,6949799
TNPL,20260908,160.55,164.8,158.41,161.41,734222
TNTELE,20260908,8.97,9.08,8.69,8.99,18800
TOKYOPLAST,20260908,73.0,78.5,73.0,78.5,669
TOLINS,20260908,92.26,94.94,91.11,92.23,22178
TOP100CASE,20260908,10.62,10.62,10.41,10.43,1095097
TOP10ADD,20260908,87.15,87.15,86.55,86.63,278950
TOP15IETF,20260908,9.77,9.77,9.67,9.68,62782
TOP20,20260908,8.81,8.81,8.77,8.78,36389
TORNTPHARM,20260908,4900.0,4983.5,4887.0,4960.0,258478
TORNTPOWER,20260908,1275.0,1283.9,1257.6,1270.2,254564
TOTAL,20260908,72.03,74.12,72.03,73.72,5858
TOUCHWOOD,20260908,64.99,64.99,60.2,61.06,666
TOYAMSL,20260908,0.62,0.64,0.61,0.62,594749
TPHQ,20260908,0.53,0.54,0.51,0.51,1238088
TPLPLASTEH,20260908,68.98,69.33,66.07,67.69,187605
TRACXN,20260908,29.5,30.0,28.3,29.01,387852
TRANSCOR,20260908,26.0,26.0,24.35,24.99,1072
TRANSPEK,20260908,1400.0,1401.0,1351.2,1370.4,3860
TRANSRAILL,20260908,419.55,423.55,416.05,419.0,433538
TRANSWORLD,20260908,170.0,171.99,170.0,171.0,2660
TRAVELFOOD,20260908,1285.0,1304.0,1275.1,1295.5,26045
TREEHOUSE,20260908,6.02,6.36,6.02,6.07,20165
TREJHARA,20260908,147.19,149.8,146.01,149.11,5344
TREL,20260908,26.7,27.75,26.0,26.72,161113
TRENT,20260908,2800.5,2812.8,2770.4,2793.6,588825
TRF,20260908,238.0,238.0,230.42,230.98,6386
TRIDENT,20260908,23.98,23.98,23.81,23.86,1764542
TRIGYN,20260908,59.05,59.83,56.06,56.92,48367
TRITONV,20260908,1159.0,1159.0,1113.7,1124.6,2113
TRITURBINE,20260908,567.9,585.0,566.0,580.6,374569
TRIVENI,20260908,277.1,278.2,269.85,272.75,341771
TRU,20260908,4.01,4.15,3.97,4.06,168620
TRUALT,20260908,424.0,425.5,410.85,415.7,139457
TSFINV,20260908,403.6,429.2,403.6,422.3,141657
TTKHLTCARE,20260908,1092.5,1213.1,1090.0,1191.0,215583
TTKPRESTIG,20260908,550.0,561.3,545.0,549.2,162558
TTL,20260908,6.79,7.15,6.61,6.83,146579
TTML,20260908,37.3,37.31,36.3,36.49,1566480
TURTLEMINT,20260908,140.86,141.91,137.0,139.86,933717
TUTIALKA,20260908,61.0,61.0,59.01,59.91,11623
TVSELECT,20260908,417.1,424.95,410.3,411.75,14200
TVSHLTD,20260908,13743.0,13743.0,13300.0,13377.0,7053
TVSMOTOR,20260908,4139.0,4156.8,4078.0,4133.2,613492
TVSSCS,20260908,128.1,128.68,126.75,127.23,365615
TVSSRICHAK,20260908,5341.0,5500.0,5280.0,5340.0,13318
TVTODAY,20260908,110.74,113.43,110.18,110.99,18635
TVVISION,20260908,3.37,3.37,3.06,3.18,86150
TWCGOLDETF,20260908,158.9,158.9,151.04,151.52,2782
UBL,20260908,1291.0,1293.9,1245.9,1252.5,288599
UCAL,20260908,150.0,150.0,145.15,147.14,11689
UCOBANK,20260908,24.42,24.45,24.14,24.18,3477238
UDAYJEW,20260908,169.8,175.8,155.0,167.17,314708
UDS,20260908,216.76,221.0,206.21,215.77,498239
UEL,20260908,218.05,218.05,218.05,218.05,3358
UFBL,20260908,684.0,722.0,671.7,717.6,49617
UFLEX,20260908,683.55,695.0,663.35,686.75,338932
UFO,20260908,65.3,65.79,63.7,64.83,45753
UGARSUGAR,20260908,54.49,54.85,52.66,53.29,256047
UGROCAP,20260908,85.5,85.89,84.64,85.06,115764
UJJIVANSFB,20260908,64.93,65.47,63.71,64.86,8048113
ULTRACEMCO,20260908,11175.0,11215.0,10995.0,11009.0,338272
ULTRAMAR,20260908,429.4,438.5,419.2,421.45,110114
UMAEXPORTS,20260908,23.03,23.05,23.03,23.03,1824
UMESLTD,20260908,5.14,5.18,5.0,5.08,4272
UMIYA-MRO,20260908,105.82,105.82,98.0,98.93,45864
UNICHEMLAB,20260908,567.0,575.2,552.4,555.6,72969
UNIDT,20260908,233.24,236.0,229.2,234.16,36771
UNIECOM,20260908,85.36,85.7,83.26,84.13,324519
UNIENTER,20260908,93.9,95.45,93.26,93.55,7826
UNIINFO,20260908,11.06,11.2,10.85,11.05,4379
UNIMECH,20260908,1514.0,1640.0,1494.2,1629.6,939028
UNIONBANK,20260908,184.41,185.15,181.4,183.22,5714683
UNIONGOLD,20260908,149.55,150.25,148.45,148.85,739
UNIPARTS,20260908,903.95,907.0,890.0,898.0,107199
UNITDSPR,20260908,1431.8,1441.9,1426.9,1440.0,506102
UNITECH,20260908,4.25,4.25,4.01,4.04,8195532
UNITEDPOLY,20260908,42.99,43.0,41.5,42.78,129764
UNITEDTEA,20260908,442.0,446.1,440.1,441.85,906
UNIVASTU,20260908,169.05,170.0,164.1,164.79,38439
UNIVCABLES,20260908,1480.4,1556.8,1480.4,1524.7,181704
UNIVPHOTO,20260908,522.0,540.6,522.0,540.6,5091
UNOMINDA,20260908,1240.0,1241.0,1221.0,1237.0,561339
UPHOT,20260908,1350.0,1396.5,1350.0,1396.5,173
UPL,20260908,575.5,576.75,569.95,576.75,1635290
URAVIDEF,20260908,113.53,115.0,113.53,113.53,3133
URBANCO,20260908,176.06,177.0,169.52,171.77,4580702
URJA,20260908,9.06,9.14,9.06,9.08,432845
USHAMART,20260908,497.1,508.45,497.1,499.85,358059
USK,20260908,21.0,21.15,20.56,20.88,7056
UTIAMC,20260908,889.95,905.4,889.9,900.45,354889
UTKARSHBNK,20260908,15.29,16.49,14.94,15.69,102828979
UTLSOLAR,20260908,410.2,440.0,410.2,435.2,384255
UTTAMSUGAR,20260908,285.4,289.9,281.05,287.55,175245
UYFINCORP,20260908,20.2,20.25,19.65,19.88,82188
V2RETAIL,20260908,222.2,223.62,218.5,220.17,921453
VADILALIND,20260908,7450.0,7575.0,7375.5,7534.5,15038
VADILENT,20260908,10999.0,10999.0,10225.0,10364.0,36
VAIBHAVGBL,20260908,216.6,217.95,214.5,215.98,166004
VAISHALI,20260908,8.54,8.56,8.3,8.34,71384
VAKRANGEE,20260908,5.69,5.7,5.58,5.62,1093585
VAL30IETF,20260908,15.06,15.06,14.99,15.0,89195
VALIANTLAB,20260908,109.8,114.13,106.0,114.13,198717
VALIANTORG,20260908,331.8,342.4,327.15,342.4,57724
VALUE,20260908,16.04,16.06,15.96,15.98,5909
VALUEAXIS,20260908,32.2,33.03,32.2,32.62,19912
VAML,20260908,440.15,443.9,435.5,436.6,4740328
VARDHACRLC,20260908,43.65,44.92,42.53,44.18,67737
VARDMNPOLY,20260908,5.94,6.0,5.8,5.89,124199
VARROC,20260908,829.95,861.0,815.8,849.45,257449
VASCONEQ,20260908,29.94,30.15,29.76,29.87,224163
VASUPRADA,20260908,103.0,103.0,103.0,103.0,25
VASWANI,20260908,44.79,47.0,44.79,46.5,8518
VBL,20260908,405.0,408.4,403.65,405.7,3722223
VCL,20260908,1.44,1.58,1.44,1.58,1087249
VEDAVAAG,20260908,18.16,19.4,17.25,18.83,59851
VEDL,20260908,269.3,272.8,269.15,272.0,5812809
VEDPOWER,20260908,34.3,34.82,34.15,34.28,8548535
VEEDOL,20260908,1450.0,1462.8,1450.0,1454.0,4738
VELJAN,20260908,1935.0,1935.0,1855.3,1890.0,371
VENKEYS,20260908,1648.3,1742.0,1644.5,1709.0,184656
VENTIVE,20260908,585.15,585.6,567.35,571.5,29250
VENUSPIPES,20260908,1825.0,1987.0,1785.0,1949.9,1040708
VENUSREM,20260908,1660.0,1683.7,1606.2,1625.2,25267
VERANDA,20260908,241.6,243.14,229.66,232.73,527402
VERTOZ,20260908,38.0,38.97,37.1,38.38,43682
VESUVIUS,20260908,417.7,422.4,416.1,421.85,26333
VETO,20260908,123.5,127.0,123.5,125.71,24176
VGCL,20260908,51.0,52.99,49.25,50.66,3078
VGL,20260908,53.0,53.67,52.5,53.26,14201
VGUARD,20260908,330.35,332.65,327.3,330.05,379892
VHL,20260908,3576.0,3680.0,3576.0,3631.4,754
VHLTD,20260908,121.85,121.85,119.99,120.57,35606
VIDHIING,20260908,350.85,360.0,335.1,356.45,64248
VIDYAWIRES,20260908,87.5,90.89,86.66,89.09,1044051
VIJAYA,20260908,1495.0,1520.0,1486.1,1503.0,74840
VIJIFIN,20260908,17.24,17.24,16.58,16.58,689119
VIJSOLX,20260908,685.15,716.0,656.8,663.9,1872
VIKASECO,20260908,1.07,1.08,1.05,1.05,1994967
VIKASLIFE,20260908,1.29,1.3,1.28,1.28,1456406
VIKRAMSOLR,20260908,166.0,169.8,165.1,169.28,1795539
VIKRAN,20260908,60.46,60.46,59.02,59.14,631175
VIMTALABS,20260908,642.2,647.7,622.0,625.8,186817
VINATIORGA,20260908,1303.5,1368.0,1299.2,1347.8,165778
VINCOFE,20260908,178.9,181.8,175.28,178.34,2118171
VINDHYATEL,20260908,2789.0,2824.5,2690.0,2793.7,91884
VINEETLAB,20260908,37.9,38.3,35.66,36.94,36332
VINNY,20260908,1.01,1.01,0.99,1.0,592112
VINYLINDIA,20260908,231.0,231.5,221.0,224.57,7437
VIPCLOTHNG,20260908,20.36,20.55,19.94,20.26,147574
VIPIND,20260908,321.0,321.05,308.1,309.6,401325
VIPULLTD,20260908,13.44,13.44,13.44,13.44,20377
VIRAT,20260908,445.0,476.5,420.05,460.35,18049
VIRINCHI,20260908,14.3,14.74,13.75,14.05,133932
VIRTUALG,20260908,0.45,0.46,0.45,0.46,131539
VISACHROME,20260908,36.99,37.61,36.1,36.93,19729
VISAKAIND,20260908,92.4,94.8,91.2,93.12,236688
VISHAL,20260908,18.4,18.75,18.25,18.39,38439
VISHNU,20260908,736.5,742.0,712.6,731.55,302725
VISHWARAJ,20260908,5.98,6.04,5.82,5.86,498550
VISL,20260908,34.8,35.41,33.8,33.97,18095772
VITAL,20260908,55.11,59.0,55.1,55.4,69680
VIVIANA,20260908,794.9,794.9,725.1,740.85,27600
VIVIDHA,20260908,0.53,0.54,0.52,0.52,277142
VIVIMEDLAB,20260908,6.42,6.42,6.33,6.33,19391
VIVOBIOT,20260908,19.0,19.98,18.56,19.01,4329
VIYASH,20260908,264.0,264.8,260.8,261.95,2245212
VLEGOV,20260908,10.33,10.69,10.26,10.36,46709
VLSFINANCE,20260908,245.01,248.8,244.75,246.08,7058
VMART,20260908,834.4,834.4,823.5,824.65,67280
VMM,20260908,104.5,105.01,103.05,103.9,8285305
VMSTMT,20260908,44.45,45.37,44.2,44.83,25350
VOEPL,20260908,543.0,554.75,524.6,549.7,111664
VOGL,20260908,37.1,37.29,36.5,36.65,20555985
VOITHPAPR,20260908,1480.0,1493.0,1465.0,1490.8,189
VOLTAMP,20260908,11098.0,11401.0,11031.0,11365.0,26698
VOLTAS,20260908,1165.0,1169.2,1141.3,1144.8,819033
VPRPL,20260908,35.46,37.9,34.61,36.35,1388778
VRAJ,20260908,123.7,123.7,121.0,121.44,11216
VRLLOG,20260908,294.0,296.9,292.8,293.75,83373
VSSL,20260908,354.0,363.3,351.3,356.6,71289
VSTIND,20260908,206.96,207.5,205.5,206.74,87161
VSTL,20260908,122.9,126.0,120.99,124.44,18277
VSTTILLERS,20260908,4145.9,4163.9,4119.2,4127.5,3982
VTL,20260908,587.0,590.0,582.5,584.4,143998
VTMLTD,20260908,56.88,57.0,55.35,56.58,2878
WAAREEENER,20260908,2593.0,2613.5,2570.0,2571.0,335895
WAAREEINDO,20260908,267.4,267.4,261.2,262.05,52149
WAAREERTL,20260908,848.35,852.6,843.0,845.25,78934
WABAG,20260908,2018.0,2019.0,1995.1,2008.4,157426
WAKEFIT,20260908,156.01,156.89,152.0,153.05,722263
WALCHANNAG,20260908,226.0,227.98,214.85,219.1,752985
WANBURY,20260908,250.8,256.7,246.6,247.7,103951
WARDINMOBI,20260908,5.89,5.91,5.64,5.77,211281
WATERBASE,20260908,48.05,49.8,47.3,48.03,30587
WCIL,20260908,82.88,83.39,81.76,82.48,95413
WEALTH,20260908,839.3,844.8,831.6,835.75,964
WEBELSOLAR,20260908,75.0,76.12,74.3,75.01,1637073
WEIZMANIND,20260908,73.4,75.0,73.29,73.61,1221
WEL,20260908,72.19,72.19,68.62,69.39,1428171
WELCORP,20260908,2611.1,2641.7,2575.5,2599.5,1053885
WELENT,20260908,791.95,800.0,778.8,790.0,285056
WELINV,20260908,2320.8,2320.8,2320.7,2320.7,351
WELSPLSOL,20260908,59.0,59.28,56.55,57.11,788167
WELSPUNLIV,20260908,212.0,212.8,204.52,207.87,3413743
WENDT,20260908,8350.0,8578.0,8290.0,8419.0,9265
WESTLIFE,20260908,533.0,541.45,523.0,538.25,37260
WEWIN,20260908,41.97,42.85,41.5,41.85,888
WEWORK,20260908,669.8,677.35,663.5,667.35,82239
WHBRADY,20260908,484.3,493.0,480.0,481.5,96
WHEELS,20260908,1760.9,2106.4,1760.9,2106.4,3912924
WHIRLPOOL,20260908,816.0,818.25,796.1,805.0,322780
WILLAMAGOR,20260908,25.35,25.35,23.6,23.73,2699
WINDLAS,20260908,1164.0,1164.0,1123.25,1146.1,113115
WINDMACHIN,20260908,310.8,311.5,302.45,305.6,27781
WIPL,20260908,165.11,169.4,165.11,167.99,105
WIPRO,20260908,172.8,172.9,171.13,171.5,6948945
WOCKPHARMA,20260908,2200.0,2240.0,2166.0,2224.0,1343981
WONDERLA,20260908,528.6,532.0,515.0,518.4,43440
WORTHPERI,20260908,156.4,156.4,152.0,155.99,2963
WPIL,20260908,435.85,436.4,428.0,428.6,20429
WSI,20260908,60.98,61.32,59.05,59.75,54961
WSTCSTPAPR,20260908,689.8,699.15,676.2,681.2,353728
XCHANGING,20260908,64.3,65.85,63.7,64.08,212407
XELPMOC,20260908,79.5,79.5,77.02,77.61,16538
XPROINDIA,20260908,1362.0,1398.8,1345.0,1389.7,161994
XTGLOBAL,20260908,31.99,31.99,31.0,31.11,32037
XTRANET,20260908,281.0,291.99,260.56,266.7,10431097
YASHO,20260908,3987.8,4135.0,3960.0,4079.9,39513
YATHARTH,20260908,994.8,994.8,953.8,969.9,264267
YATRA,20260908,114.09,115.73,112.6,113.64,1684406
YESBANK,20260908,22.44,22.57,22.38,22.52,38612501
YOGI,20260908,163.25,163.25,155.0,155.05,376
YUKEN,20260908,1016.0,1050.95,968.1,1017.35,23733
ZAGGLE,20260908,182.7,183.6,179.0,180.11,529099
ZEEL,20260908,85.8,87.52,85.5,86.31,16984775
ZEELEARN,20260908,6.74,6.78,6.6,6.61,247853
ZEEMEDIA,20260908,7.86,8.2,7.51,7.94,2288521
ZENITHEXPO,20260908,198.54,200.53,197.0,197.0,176
ZENITHSTL,20260908,6.04,6.29,6.04,6.1,134814
ZENSARTECH,20260908,454.05,454.9,448.0,450.55,259747
ZENTEC,20260908,1808.0,1864.8,1804.1,1825.0,581636
ZFCVINDIA,20260908,2491.7,2537.9,2472.2,2517.4,77922
ZFSTEERING,20260908,675.0,683.1,666.5,670.3,10448
ZIMLAB,20260908,130.45,133.89,125.56,129.1,49305
ZODIAC,20260908,238.0,243.0,233.41,235.28,10361
ZODIACLOTH,20260908,72.02,72.59,70.0,71.5,4375
ZOTA,20260908,1100.1,1120.0,1086.1,1113.1,49560
ZSARACOM,20260908,11699.0,11699.0,11150.0,11276.0,55
ZUARI,20260908,227.56,229.89,225.87,227.96,74087
ZUARIIND,20260908,282.35,282.7,274.2,278.45,33313
ZYDUSLIFE,20260908,1161.7,1167.7,1142.0,1145.5,2009363
ZYDUSWELL,20260908,555.35,562.95,554.7,558.15,321731
