SYMBOL,TIMESTAMP,OPEN,HIGH,LOW,CLOSE,VOLUME
20MICRONS,20260909,219.0,220.99,216.75,218.06,78133
21STCENMGM,20260909,38.98,39.34,38.31,38.8,1472
360ONE,20260909,1104.4,1109.2,1087.4,1087.4,869898
3BBLACKBIO,20260909,1490.0,1499.0,1448.1,1476.1,9173
3IINFOLTD,20260909,22.32,22.58,22.1,22.5,150908
3MINDIA,20260909,33145.0,33145.0,32745.0,33025.0,1275
3PLAND,20260909,31.55,32.51,31.55,32.25,1886
5PAISA,20260909,337.2,338.95,327.55,334.3,55842
63MOONS,20260909,864.0,883.35,845.2,865.05,645891
A2ZINFRA,20260909,16.15,16.15,15.2,15.25,425561
AAATECH,20260909,92.97,92.97,91.51,91.86,7328
AADHARHFC,20260909,479.65,481.65,470.05,471.9,230829
AAKASH,20260909,8.48,8.6,8.27,8.49,81772
AAREYDRUGS,20260909,99.8,100.4,98.0,99.98,230078
AARNAV,20260909,32.89,32.89,30.02,31.9,14363
AARON,20260909,125.0,141.99,123.65,134.5,25451
AARTECH,20260909,51.0,52.85,50.38,52.5,71037
AARTIDRUGS,20260909,421.5,430.95,421.5,423.45,108126
AARTIIND,20260909,503.7,503.7,494.5,496.2,448671
AARTIPHARM,20260909,866.0,873.0,820.5,829.65,557734
AARTISURF,20260909,536.0,536.0,511.85,512.6,20036
AARVI,20260909,142.0,143.38,141.65,142.04,7411
AASTHA,20260909,77.26,83.88,75.1,81.46,2046144
AAVAS,20260909,1290.0,1305.5,1280.0,1290.3,80715
ABAN,20260909,14.55,14.81,14.26,14.72,15902
ABANSENT,20260909,27.77,29.0,27.5,27.99,6468
ABB,20260909,7377.0,7480.0,7361.0,7401.5,309539
ABBOTINDIA,20260909,25555.0,25705.0,25190.0,25225.0,6053
ABCAPITAL,20260909,396.85,402.05,393.55,400.0,2144020
ABCOTS,20260909,214.2,214.2,204.0,205.71,1477
ABDL,20260909,594.5,607.5,586.55,604.15,320490
ABFRL,20260909,52.19,52.22,51.23,51.33,2157046
ABINFRA,20260909,11.52,11.7,11.15,11.59,156073
ABLBL,20260909,84.52,85.6,83.79,84.26,494687
ABMINTLLTD,20260909,53.66,53.7,53.66,53.7,18
ABMKNO,20260909,187.13,190.8,180.0,180.73,651
ABREL,20260909,1372.0,1372.0,1330.0,1337.9,111860
ABSL10BANK,20260909,167.5,167.5,165.0,165.01,1456
ABSLAMC,20260909,1035.0,1070.3,1012.0,1066.5,233592
ABSLBANETF,20260909,58.91,58.91,57.8,58.0,156871
ABSLLIQUID,20260909,1000.0,1000.01,999.99,999.99,257
ABSLMSCIN,20260909,29.42,29.57,29.1,29.19,121
ABSLNN50ET,20260909,76.85,77.5,76.52,76.8,5514
ABSLPSE,20260909,10.1,10.23,10.1,10.19,90916
ACC,20260909,1260.0,1272.0,1255.1,1257.7,122510
ACCELYA,20260909,1129.0,1131.4,1115.0,1119.9,4845
ACCURACY,20260909,4.16,4.39,4.16,4.28,25806
ACE,20260909,1122.0,1163.0,1120.0,1127.0,559419
ACEINTEG,20260909,18.36,18.36,17.21,17.54,442
ACGL,20260909,1780.5,1799.8,1760.1,1795.1,393
ACI,20260909,485.9,486.65,477.0,481.25,289839
ACL,20260909,42.95,43.49,42.5,43.21,5707
ACMESOLAR,20260909,406.0,417.0,401.0,401.6,862025
ACSTECH,20260909,57.5,59.99,57.5,59.99,654859
ACUTAAS,20260909,3182.1,3270.0,3181.5,3241.8,282128
ADANIENSOL,20260909,1406.0,1446.0,1396.5,1423.3,1914487
ADANIENT,20260909,2959.9,3142.0,2935.2,3104.7,5320594
ADANIGREEN,20260909,1290.5,1339.7,1290.0,1315.0,2491107
ADANIPORTS,20260909,1719.0,1785.9,1706.0,1775.0,5527528
ADANIPOWER,20260909,207.1,216.1,206.5,214.9,33227588
ADDIND,20260909,77.0,79.0,77.0,79.0,41
ADFFOODS,20260909,274.8,279.65,268.35,278.2,212691
ADL,20260909,74.0,74.0,71.21,71.84,1535
ADOR,20260909,1645.0,1697.5,1623.1,1628.2,59288
ADROITINFO,20260909,10.6,11.4,10.27,10.98,65228
ADSL,20260909,101.57,102.38,99.12,99.68,92053
ADVAIT,20260909,2164.0,2164.0,2076.2,2091.7,44532
ADVANCE,20260909,115.99,116.19,113.31,113.85,78694
ADVANIHOTR,20260909,49.56,49.56,47.63,48.74,21032
ADVENTHTL,20260909,132.39,132.88,130.0,130.32,72649
ADVENZYMES,20260909,298.45,302.9,296.0,299.5,159172
ADVIKCA,20260909,1.07,1.09,1.06,1.07,159333
AEGISLOG,20260909,1270.6,1358.7,1268.6,1343.4,2121597
AEGISVOPAK,20260909,291.0,299.4,288.8,297.65,1911786
AEPL,20260909,18.5,18.5,16.12,16.99,123003
AEQUS,20260909,232.0,235.41,228.65,230.55,2439713
AEROENTER,20260909,151.81,152.55,140.7,142.95,1381011
AEROFLEX,20260909,572.0,573.4,554.05,561.15,865460
AERONEU,20260909,73.0,76.0,70.05,70.41,34048
AEROPLANE,20260909,199.31,204.0,196.52,199.47,287505
AETHER,20260909,1640.0,1678.8,1605.1,1610.9,217203
AFCONS,20260909,280.0,283.85,273.0,274.15,924861
AFFLE,20260909,1597.6,1613.6,1576.3,1587.3,101630
AFFORDABLE,20260909,166.0,166.0,157.21,161.71,23690
AFIL,20260909,9.45,9.45,8.9,9.01,446375
AFSL,20260909,201.74,204.4,201.05,201.21,4021
AGARIND,20260909,439.9,449.95,435.35,447.25,29437
AGARWALEYE,20260909,522.1,522.1,510.2,513.7,256670
AGI,20260909,781.0,800.0,767.3,796.15,303157
AGIIL,20260909,273.0,302.65,269.05,283.2,8760571
AGL,20260909,15.73,16.38,15.32,15.55,7575417
AGRITECH,20260909,100.0,101.89,96.1,98.25,2629
AGROPHOS,20260909,23.45,23.89,21.0,21.72,143020
AGSTRA,20260909,1.9,1.95,1.87,1.9,309384
AHCL,20260909,15.62,16.68,15.62,16.28,17458736
AHLADA,20260909,36.29,36.99,35.2,35.48,38344
AHLEAST,20260909,137.0,137.88,135.4,137.08,1988
AHLUCONT,20260909,605.9,619.0,593.0,596.15,63167
AHLWEST,20260909,506.0,538.95,506.0,516.0,663
AIAENG,20260909,4229.5,4259.1,4165.0,4172.1,18400
AIIL,20260909,524.5,524.65,512.0,513.95,100734
AIRAN,20260909,17.2,18.0,17.2,17.66,343975
AIROLAM,20260909,88.5,88.5,86.17,87.97,173
AJANTPHARM,20260909,3605.0,3609.0,3512.3,3534.4,41843
AJAXENGG,20260909,599.3,599.5,575.85,578.05,65391
AJMERA,20260909,118.1,118.27,115.3,117.12,540312
AJOONI,20260909,3.42,3.52,3.42,3.5,164411
AKASH,20260909,25.09,25.79,24.65,25.45,3274
AKCAPIT,20260909,1747.6,1750.2,1673.5,1691.6,2791
AKG,20260909,10.07,10.73,9.55,10.52,66537
AKI,20260909,7.15,7.35,6.8,6.8,111355
AKSHAR,20260909,0.42,0.43,0.41,0.41,1293096
AKSHARCHEM,20260909,452.5,453.0,429.9,429.9,23607
AKSHOPTFBR,20260909,8.59,8.59,8.59,8.59,372175
AKUMS,20260909,737.0,769.0,737.0,741.1,433609
ALANKIT,20260909,7.99,8.12,7.9,8.02,63127
ALBERTDAVD,20260909,854.0,854.0,832.3,850.55,3812
ALEMBICLTD,20260909,109.73,109.73,106.08,106.95,694090
ALFREDHE,20260909,2878.0,2900.0,2877.9,2900.0,96
ALGOQUANT,20260909,63.52,65.5,63.08,63.79,1285564
ALICON,20260909,695.45,743.0,663.0,737.65,108118
ALIVUS,20260909,1370.0,1436.4,1370.0,1400.1,193281
ALKALI,20260909,91.2,91.2,83.0,85.21,73247
ALKEM,20260909,5181.0,5222.0,5139.0,5139.0,106076
ALKYLAMINE,20260909,1966.0,1987.1,1941.0,1944.4,47706
ALLCARGO,20260909,13.2,13.3,12.5,12.75,22061311
ALLDIGI,20260909,809.0,818.55,800.0,802.7,5053
ALLTIME,20260909,212.0,215.0,204.81,213.54,120873
ALMONDZ,20260909,19.9,19.94,19.0,19.0,212289
ALOKINDS,20260909,7.49,7.69,7.38,7.41,26216573
ALPA,20260909,63.8,64.4,62.49,63.24,24550
ALPHA,20260909,54.13,54.49,54.1,54.22,635652
ALPHAETF,20260909,27.37,27.37,26.71,26.84,249325
ALPHAGEO,20260909,329.9,329.9,310.3,325.0,11061
ALPINETEX,20260909,61.95,62.9,57.8,59.63,195019
ALPL30IETF,20260909,27.44,27.67,27.37,27.51,144751
ALUFLUOR,20260909,500.1,503.45,483.3,500.1,3191
AMAGI,20260909,577.15,588.9,560.0,583.75,513278
AMAL,20260909,761.9,763.95,736.4,740.8,6623
AMANTA,20260909,205.89,205.89,205.89,205.89,37745
AMARJOTHI,20260909,163.0,163.0,160.05,160.05,1108
AMBALALSA,20260909,40.62,42.79,40.62,42.43,20446
AMBER,20260909,7339.0,7362.5,7210.0,7210.0,97425
AMBICAAGAR,20260909,25.89,25.89,24.76,25.05,34909
AMBIKCO,20260909,1637.1,1640.8,1613.6,1617.2,7772
AMBUJACEM,20260909,396.3,400.8,395.0,397.0,862520
AMDIND,20260909,60.02,61.6,55.8,56.57,63479
AMJLAND,20260909,39.22,39.59,38.5,38.98,2517
AMNPLST,20260909,168.0,169.97,165.0,167.99,3023
AMRUTANJAN,20260909,500.45,512.0,494.0,504.0,74607
ANANDRATHI,20260909,2219.0,2222.3,2165.0,2180.6,228715
ANANTRAJ,20260909,622.0,625.8,612.5,613.6,2109667
ANDHRAPAP,20260909,69.16,71.56,67.5,68.08,2940986
ANDHRSUGAR,20260909,99.4,99.57,97.1,97.75,311807
ANDREWYU,20260909,26.9,27.98,26.53,26.73,70262
ANGELONE,20260909,297.95,303.65,291.6,299.05,7856510
ANIKINDS,20260909,45.0,45.7,44.02,44.72,1479
ANKITMETAL,20260909,1.61,1.66,1.61,1.62,17086
ANMOL,20260909,11.48,13.65,11.05,13.63,2032233
ANNAPURNA,20260909,140.25,140.25,136.93,137.68,24785
ANNU,20260909,58.51,58.51,58.51,58.51,188774
ANSALAPI,20260909,3.4,3.46,3.4,3.44,45097
ANSALBU,20260909,82.5,82.5,75.0,77.15,667
ANTELOPUS,20260909,1116.8,1218.3,1107.45,1169.4,13072209
ANTGRAPHIC,20260909,0.73,0.73,0.71,0.72,406041
ANTHEM,20260909,957.7,977.55,940.45,942.95,928217
ANUHPHR,20260909,96.0,99.5,96.0,96.74,626549
ANUP,20260909,1721.0,1760.0,1710.1,1744.5,16835
ANURAS,20260909,1235.0,1238.5,1223.5,1229.6,204066
AONEGOLD,20260909,14.15,14.28,14.05,14.2,191081
AONELIQUID,20260909,1076.08,1076.08,1076.06,1076.06,26546
AONENIFTY,20260909,9.79,9.83,9.62,9.72,133129
AONESILVER,20260909,8.86,8.94,8.81,8.88,322568
AONETMMQ50,20260909,10.4,10.46,10.36,10.4,37525
AONETOTAL,20260909,11.86,11.86,11.73,11.76,184344
APARINDS,20260909,17639.0,18132.0,17350.0,17448.0,105567
APCL,20260909,98.5,102.8,98.5,100.41,3129
APCOTEXIND,20260909,610.15,618.9,606.05,615.45,67048
APEX,20260909,385.4,385.95,376.0,380.55,93004
APLAPOLLO,20260909,2182.0,2194.9,2165.0,2168.0,270373
APLLTD,20260909,804.5,821.5,799.1,817.4,86236
APOLLO,20260909,419.4,427.95,415.1,422.45,10424699
APOLLOHOSP,20260909,8825.0,8974.5,8803.5,8967.0,375525
APOLLOPIPE,20260909,592.0,593.5,574.1,577.6,132926
APOLLOTYRE,20260909,410.0,424.3,408.0,422.25,540857
APOLSINHOT,20260909,1221.5,1225.0,1208.6,1220.5,876
APOORVA,20260909,26.51,26.51,25.3,25.3,104
APTECHT,20260909,89.69,90.4,88.21,89.07,50373
APTUS,20260909,256.0,260.04,251.63,258.28,1132562
AQYLON,20260909,22.62,23.1,22.51,22.61,211570
ARCHIDPLY,20260909,104.35,104.43,102.01,102.54,4792
ARCHIES,20260909,13.0,13.9,12.26,13.03,56369
ARCL,20260909,231.9,234.9,223.0,226.83,358
ARDEE,20260909,54.63,55.0,52.65,53.27,3960688
ARE&M,20260909,836.3,842.4,830.0,832.15,297603
ARENTERP,20260909,33.22,34.99,33.0,34.99,924
ARFIN,20260909,92.95,92.99,88.47,88.77,684659
ARIES,20260909,482.0,493.25,470.0,486.15,32661
ARIHANT,20260909,917.8,918.0,860.1,887.5,1558
ARIHANTCAP,20260909,78.01,78.39,76.5,77.06,98959
ARIHANTSUP,20260909,231.45,231.45,217.0,221.8,31761
ARIS,20260909,127.26,129.8,126.4,127.85,672875
ARKADE,20260909,123.9,126.85,122.36,122.95,244733
ARMANFIN,20260909,2034.0,2075.0,2000.0,2037.1,27412
AROGRANITE,20260909,24.69,24.69,24.0,24.04,4086
ARROWGREEN,20260909,800.7,810.0,792.5,803.0,9843
ARSHIYA,20260909,0.75,0.75,0.71,0.74,274161
ARSSBL,20260909,510.05,513.0,505.0,505.55,81100
ARTEMISMED,20260909,340.95,355.9,336.4,354.3,813189
ARTNIRMAN,20260909,40.61,41.0,39.13,40.52,5519
ARVEE,20260909,206.0,224.99,206.0,210.29,159126
ARVIND,20260909,585.0,607.15,566.6,570.8,1539846
ARVINDFASN,20260909,440.5,449.0,437.3,446.05,133171
ARVSMART,20260909,626.0,628.5,603.15,605.25,69778
ARYAMAN,20260909,639.0,639.0,618.0,621.65,459
ASAHIINDIA,20260909,955.1,984.7,950.0,968.75,220637
ASAHISONG,20260909,385.35,391.0,380.0,389.9,15423
ASAL,20260909,463.0,477.95,463.0,468.3,9447
ASALCBR,20260909,698.5,698.5,680.05,686.7,26427
ASHAPURMIN,20260909,548.6,574.65,542.7,550.6,747609
ASHIANA,20260909,346.1,350.0,345.05,349.1,18098
ASHIKAG,20260909,411.0,424.4,402.1,412.65,99512
ASHIMASYN,20260909,17.35,18.4,17.11,17.22,90655
ASHOKA,20260909,113.6,114.09,113.25,113.58,473674
ASHOKAMET,20260909,14.87,14.87,14.22,14.54,13514
ASHOKLEY,20260909,167.12,169.27,166.22,167.0,7197614
ASIANENE,20260909,552.9,562.0,532.05,535.5,475711
ASIANHOTNR,20260909,415.0,419.2,393.05,404.5,27418
ASIANPAINT,20260909,2459.1,2489.0,2457.4,2489.0,432840
ASIANTILES,20260909,49.56,50.98,49.26,50.47,3910136
ASIANTNE,20260909,9.7,9.79,8.6,9.52,7352
ASKAUTOLTD,20260909,610.0,634.0,609.8,627.25,288722
ASMS,20260909,7.02,7.1,6.9,6.95,123575
ASPINWALL,20260909,254.15,254.2,249.0,251.25,803
ASTAR,20260909,594.9,594.9,575.0,575.1,32
ASTEC,20260909,691.0,779.35,690.0,761.0,5356635
ASTERDM,20260909,786.0,792.3,776.0,780.35,1498226
ASTRAL,20260909,1492.8,1507.0,1465.6,1474.8,769503
ASTRAMICRO,20260909,1767.8,1794.0,1696.1,1706.1,550424
ASTRAZEN,20260909,6870.0,6943.5,6801.0,6876.5,5604
ASTRON,20260909,2.97,3.09,2.87,3.01,45900
ATALREAL,20260909,16.96,16.96,16.96,16.96,701191
ATAM,20260909,56.45,56.45,54.18,55.64,4732
ATGL,20260909,610.9,624.4,608.55,612.3,871019
ATHERENERG,20260909,1577.0,1599.6,1572.8,1580.0,1669212
ATL,20260909,25.3,25.78,24.61,24.89,171806
ATLANTAA,20260909,38.49,38.84,37.02,38.11,19942
ATLANTAELE,20260909,1912.0,1932.8,1831.0,1848.7,103680
ATLASCYCLE,20260909,116.0,116.0,105.0,106.47,180895
ATUL,20260909,6295.0,6321.5,6203.5,6221.5,18697
ATULAUTO,20260909,458.3,460.0,455.0,456.1,46298
AUBANK,20260909,1070.9,1077.9,1060.5,1060.5,1294481
AUGMONT,20260909,885.5,926.2,885.5,895.3,1284516
AURIONPRO,20260909,676.5,676.5,663.0,664.95,119925
AUROPHARMA,20260909,1685.0,1704.0,1672.0,1698.9,600583
AURUM,20260909,228.74,228.75,218.0,220.17,140276
AURUS,20260909,4.78,4.97,4.78,4.93,26280
AUSOMENT,20260909,154.01,155.95,153.2,154.19,1211
AUSTENG,20260909,125.95,125.95,118.0,122.95,1041
AUTOAXLES,20260909,1666.0,1667.9,1652.0,1658.5,3945
AUTOBEES,20260909,286.71,286.9,284.46,285.51,141003
AUTOIETF,20260909,29.54,29.54,28.09,28.71,371777
AUTOIND,20260909,87.03,87.03,85.2,86.11,109051
AVADHSUGAR,20260909,842.9,843.0,805.0,822.3,118788
AVALON,20260909,2290.0,2334.0,2267.0,2293.6,206983
AVANCE,20260909,0.83,0.85,0.82,0.82,4345874
AVANTEL,20260909,156.49,162.0,156.49,160.6,1405773
AVANTIFEED,20260909,842.0,842.0,803.55,807.15,414240
AVG,20260909,166.39,173.84,163.9,173.8,20849
AVL,20260909,618.0,632.8,608.2,623.1,930980
AVONMORE,20260909,14.25,14.25,13.54,13.99,229737
AVROIND,20260909,8.55,8.85,8.19,8.59,860781
AVTNPL,20260909,90.0,93.05,90.0,92.42,432223
AWFIS,20260909,253.75,255.5,251.05,253.9,128291
AWHCL,20260909,362.65,384.0,362.55,376.15,145249
AWL,20260909,187.52,188.49,185.1,187.52,1594754
AXISBANK,20260909,1236.0,1257.4,1234.7,1238.5,6679663
AXISCADES,20260909,1870.0,1939.0,1850.0,1875.7,347063
AXITA,20260909,8.04,8.25,7.99,8.0,640768
AXTEL,20260909,452.0,454.8,425.0,436.05,26894
AYE,20260909,184.8,185.78,178.2,178.83,793540
AYMSYNTEX,20260909,322.0,328.0,304.6,311.3,91725
AZAD,20260909,2822.3,2868.0,2762.0,2805.0,261391
AZADIND,20260909,90.0,90.95,87.0,89.26,31921
BAFNAPH,20260909,301.6,303.1,301.6,301.6,4475
BAGFILMS,20260909,4.79,4.79,4.52,4.59,114517
BAIDFIN,20260909,12.28,12.75,12.0,12.03,273260
BAJAJ-AUTO,20260909,11841.0,11896.0,11740.0,11790.0,119472
BAJAJCON,20260909,514.1,524.0,509.0,521.45,824949
BAJAJELEC,20260909,336.55,341.9,335.7,339.8,90932
BAJAJFINSV,20260909,1939.1,1951.9,1921.5,1927.0,617280
BAJAJHCARE,20260909,339.2,339.2,331.25,333.7,83482
BAJAJHFL,20260909,84.1,84.1,82.79,82.92,1812516
BAJAJHIND,20260909,22.67,22.67,21.16,21.35,26539319
BAJAJHLDNG,20260909,11049.0,11133.0,11001.0,11078.0,18502
BAJAJINDEF,20260909,221.31,222.58,220.1,221.46,12456
BAJAJST,20260909,365.0,377.45,363.0,369.85,6692
BAJEL,20260909,184.49,184.9,182.0,183.93,90712
BAJFINANCE,20260909,1045.1,1060.1,1038.5,1039.3,9244698
BALAJEE,20260909,25.89,25.9,25.07,25.5,30955
BALAJITELE,20260909,93.6,94.9,91.75,92.85,83298
BALAMINES,20260909,2475.4,2487.1,2343.0,2359.3,261839
BALAXI,20260909,24.18,25.05,22.7,23.68,87548
BALKRISHNA,20260909,17.06,17.29,16.16,16.52,23179
BALKRISIND,20260909,2220.0,2248.5,2191.3,2208.6,491646
BALMLAWRIE,20260909,177.0,177.0,175.24,175.6,112860
BALPHARMA,20260909,95.1,114.45,95.1,114.45,782802
BALRAMCHIN,20260909,710.05,710.05,689.0,700.05,1337773
BALUFORGE,20260909,539.8,554.9,528.35,541.55,1038353
BANARBEADS,20260909,110.48,112.8,110.0,111.11,650
BANARISUG,20260909,3748.0,3749.9,3613.6,3650.8,1385
BANCOINDIA,20260909,628.0,649.0,624.25,635.15,222414
BANDHANBNK,20260909,170.6,174.96,168.65,171.7,11130322
BANG,20260909,34.25,35.99,33.05,35.63,144212
BANK10ADD,20260909,16.56,16.85,16.52,16.54,40014
BANK10BETF,20260909,20.62,20.99,20.3,20.42,1824
BANKA,20260909,76.21,82.39,75.15,77.56,13182
BANKADD,20260909,57.93,58.12,57.72,57.81,16309
BANKBARODA,20260909,236.65,237.15,234.05,234.1,14888061
BANKBEES,20260909,587.98,588.45,585.0,585.87,552845
BANKBETA,20260909,60.35,60.35,57.4,58.54,182507
BANKBETF,20260909,57.6,57.87,57.23,57.49,7286
BANKETF,20260909,593.49,593.49,575.1,575.63,30401
BANKIETF,20260909,58.3,58.37,58.01,58.1,382479
BANKINDIA,20260909,140.38,142.45,139.8,141.06,6061098
BANKNIFTY1,20260909,59.06,59.06,58.6,58.66,216941
BANKPSU,20260909,84.6,85.02,84.33,84.7,32043
BANSALWIRE,20260909,312.0,318.65,302.2,304.35,257221
BANSWRAS,20260909,115.83,116.89,112.54,113.42,25897
BASF,20260909,3760.0,3820.0,3730.1,3746.0,19474
BASML,20260909,24.9,24.9,23.92,24.59,42660
BATAINDIA,20260909,664.0,666.95,656.4,661.05,141443
BATLIBOI,20260909,86.85,89.66,86.26,87.29,45812
BAYERCROP,20260909,3990.0,3999.8,3945.0,3951.1,9019
BBETF0432,20260909,1352.99,1352.99,1342.15,1345.64,259
BBL,20260909,2221.0,2281.9,2221.0,2245.5,15266
BBNPNBETF,20260909,57.15,58.55,56.75,58.44,596
BBNPPGOLD,20260909,147.6,149.0,146.2,147.4,9016
BBOX,20260909,769.65,777.5,755.0,763.1,261045
BBTC,20260909,1480.0,1485.1,1444.5,1448.8,62602
BBTCL,20260909,235.0,235.0,225.25,228.05,6549
BCG,20260909,10.75,10.93,10.13,10.23,18035174
BCLIND,20260909,35.91,35.99,34.9,35.49,606197
BCONCEPTS,20260909,167.0,167.0,157.5,161.36,27842
BCPL,20260909,71.99,74.0,68.75,72.71,18800
BDL,20260909,1241.0,1248.0,1209.5,1218.1,1337188
BEARDSELL,20260909,24.77,25.48,24.45,24.96,14564
BECTORFOOD,20260909,230.1,243.7,225.61,242.05,2474475
BEDMUTHA,20260909,108.01,110.0,106.33,108.39,1322
BEEKAY,20260909,426.9,429.5,420.3,426.15,2146
BEL,20260909,411.55,413.85,406.0,406.0,10899391
BELLACASA,20260909,245.0,250.0,240.0,246.65,8196
BELRISE,20260909,227.5,231.54,227.5,228.54,1136349
BEML,20260909,2105.0,2146.0,2069.8,2097.8,465000
BENARAS,20260909,10148.0,10555.0,10070.0,10520.0,279
BENGALASM,20260909,6206.5,6300.0,6113.5,6149.5,6527
BEPL,20260909,135.15,136.0,131.8,133.56,2507926
BERGEPAINT,20260909,483.9,483.9,468.0,470.8,397752
BESTAGRO,20260909,19.69,19.93,19.16,19.5,599344
BETA,20260909,2150.5,2163.9,2105.0,2107.6,9360
BFINVEST,20260909,448.0,455.5,448.0,449.7,12979
BFSI,20260909,26.88,26.88,26.42,26.47,283798
BFUTILITIE,20260909,527.6,537.8,520.1,521.85,43773
BGRENERGY,20260909,258.8,260.0,248.0,248.87,24453
BHAGCHEM,20260909,258.0,265.95,256.6,262.55,43494
BHAGERIA,20260909,339.0,342.0,319.05,319.05,167841
BHAGYANGR,20260909,398.95,411.65,391.0,411.65,471785
BHANDARI,20260909,3.05,3.05,2.92,3.0,203925
BHARATCOAL,20260909,34.0,34.5,33.59,33.79,5615661
BHARATFORG,20260909,1995.5,2005.0,1970.5,1979.6,522619
BHARATGEAR,20260909,101.6,103.45,101.11,101.75,12062
BHARATRAS,20260909,1159.8,1175.0,1154.0,1167.0,7263
BHARATSE,20260909,227.49,227.84,221.01,222.0,65367
BHARATWIRE,20260909,176.0,177.88,170.23,171.84,154260
BHARTIARTL,20260909,1830.5,1834.8,1813.0,1814.7,5574027
BHARTIHEXA,20260909,1549.3,1562.0,1526.1,1544.8,74733
BHEL,20260909,422.15,436.0,421.65,433.7,8487227
BI,20260909,92.61,94.0,91.31,91.66,32476
BIGBLOC,20260909,40.7,41.43,40.45,40.82,33278
BIKAJI,20260909,580.0,584.05,571.0,571.7,64910
BIL,20260909,938.4,1124.2,915.1,1108.2,191572
BILVYAPAR,20260909,4.05,4.25,4.05,4.05,2596
BIMETAL,20260909,612.65,655.5,611.0,650.0,2520
BIOCON,20260909,394.0,403.95,393.0,395.0,10271402
BIOFILCHEM,20260909,32.15,32.15,31.26,31.46,7167
BIRLACABLE,20260909,326.0,356.85,326.0,356.85,1334884
BIRLACORPN,20260909,861.15,861.15,832.1,836.9,82083
BIRLAMONEY,20260909,126.0,126.98,122.62,123.25,35673
BIRLANU,20260909,1430.0,1432.8,1394.0,1407.8,6435
BIRLAPREC,20260909,54.11,57.0,51.78,56.48,147033
BLACKBUCK,20260909,600.4,600.5,577.65,580.05,1125030
BLACKROSE,20260909,112.75,112.75,110.8,112.02,13351
BLAL,20260909,163.4,163.45,160.0,161.34,14801
BLBLIMITED,20260909,16.9,17.01,16.42,16.5,102796
BLEL,20260909,452.0,465.8,451.15,456.75,1056205
BLIL,20260909,72.35,72.43,71.5,72.01,123875
BLISSGVS,20260909,722.3,725.0,690.1,692.85,344600
BLKASHYAP,20260909,56.8,57.52,55.0,55.41,428673
BLS,20260909,237.6,239.02,235.11,236.45,589949
BLSE,20260909,322.05,328.5,318.15,320.6,178708
BLUECLOUDS,20260909,19.89,19.89,19.55,19.7,722640
BLUECOAST,20260909,22.21,23.0,21.4,22.5,811
BLUEDART,20260909,4962.3,4975.6,4920.0,4928.4,5343
BLUEJET,20260909,580.1,584.0,573.0,575.3,216832
BLUESTARCO,20260909,1462.0,1470.5,1432.3,1456.9,714546
BLUESTONE,20260909,868.7,881.25,831.1,874.4,1010562
BLUSPRING,20260909,123.0,134.9,120.75,130.52,661581
BMWVENTLTD,20260909,54.99,54.99,54.0,54.18,62136
BNALTD,20260909,393.7,393.7,389.9,389.9,28
BNKETFAXIS,20260909,584.44,586.13,583.11,583.14,2147
BODALCHEM,20260909,186.4,189.68,174.85,174.85,3521966
BOHRAIND,20260909,13.15,13.15,12.75,13.0,15627
BOMDYEING,20260909,113.9,113.9,112.6,112.86,293411
BONLON,20260909,41.08,41.79,40.1,40.1,4935
BORANA,20260909,314.2,319.05,313.05,316.2,8005
BOROLTD,20260909,254.0,256.7,252.14,255.46,73476
BORORENEW,20260909,503.8,511.9,498.9,501.95,587336
BOROSCI,20260909,129.25,130.54,126.99,127.19,30256
BOSCH-HCIL,20260909,1769.3,1838.0,1769.3,1780.3,31513
BOSCHLTD,20260909,48475.0,49100.0,48360.0,49100.0,28278
BPCL,20260909,300.15,306.5,298.65,303.55,4492551
BPL,20260909,48.67,48.84,47.3,48.03,33481
BPLPHARMA,20260909,1570.0,1582.5,1500.0,1518.6,1692
BRAHMINFRA,20260909,155.7,159.59,155.7,157.11,11358
BRIGADE,20260909,687.0,689.3,656.3,662.9,347995
BRIGHOTEL,20260909,57.01,57.15,56.22,56.43,105118
BRIGHTBR,20260909,260.0,263.95,252.0,261.7,452
BRITANNIA,20260909,5064.0,5113.0,5023.0,5090.0,190380
BRNL,20260909,17.0,17.12,16.5,16.78,30372
BROOKS,20260909,64.61,65.5,61.15,62.99,17284
BSE,20260909,3301.0,3319.9,3268.2,3289.8,4365902
BSE500IETF,20260909,39.19,40.65,38.9,39.07,93731
BSHSL,20260909,91.17,93.0,89.1,89.42,3534
BSL,20260909,125.99,125.99,122.98,123.25,1297
BSLGOLDETF,20260909,133.78,135.0,133.12,133.98,250162
BSLNIFTY,20260909,28.57,28.57,27.57,27.61,1399208
BSLSENETFG,20260909,76.56,78.0,75.67,76.07,6613
BSOFT,20260909,279.85,279.85,276.1,277.2,945788
BTML,20260909,8.06,8.2,7.77,7.87,126755
BTTL,20260909,43.21,43.21,40.65,42.29,5066
BUILDPRO,20260909,1300.0,1314.9,1294.0,1302.7,36344
BURNPUR,20260909,18.5,18.5,18.5,18.5,7974
BUTTERFLY,20260909,614.15,620.0,610.05,616.3,8492
BVCL,20260909,42.99,48.0,42.28,44.02,205940
BYKE,20260909,31.75,32.73,31.05,32.11,20500
CALSOFT,20260909,35.15,35.15,35.15,35.15,80779
CAMLINFINE,20260909,104.15,105.3,102.84,103.8,399410
CAMPUS,20260909,217.0,218.0,214.5,214.86,324376
CAMS,20260909,729.0,730.0,711.2,715.0,1556690
CANBK,20260909,124.42,125.38,124.04,124.08,9338510
CANFINHOME,20260909,797.6,804.65,785.0,786.9,225807
CANHLIFE,20260909,153.5,154.12,148.1,149.49,641692
CANTABIL,20260909,236.87,240.9,233.5,238.8,127507
CAPACITE,20260909,199.72,200.58,194.9,199.59,444240
CAPILLARY,20260909,461.75,462.9,438.15,460.3,419478
CAPITALSFB,20260909,280.0,280.95,276.45,279.4,14170
CAPLIPOINT,20260909,2789.9,2798.9,2707.7,2723.1,117200
CAPTRUST,20260909,19.5,19.5,18.5,18.92,36907
CARBORUNIV,20260909,1106.0,1106.0,1080.7,1094.1,86399
CARERATING,20260909,1735.7,1737.0,1705.1,1724.6,27226
CARRARO,20260909,542.8,542.8,533.65,538.85,48909
CARTRADE,20260909,3157.4,3167.4,3011.0,3027.1,261277
CARYSIL,20260909,1163.5,1188.9,1156.0,1180.3,113525
CASHIETF,20260909,1078.74,1078.76,1078.74,1078.74,503338
CASTROLIND,20260909,188.96,189.9,188.3,189.16,2950116
CCAVENUE,20260909,15.33,15.6,15.2,15.41,7132901
CCCL,20260909,14.29,14.3,13.95,14.12,229188
CCHHL,20260909,12.7,12.99,12.41,12.59,12691
CCL,20260909,1130.0,1130.0,1094.1,1104.7,136573
CDSL,20260909,1393.0,1393.0,1360.0,1368.6,1314059
CEATLTD,20260909,3302.0,3333.5,3281.0,3293.2,61898
CEIGALL,20260909,377.0,380.0,369.0,376.4,243135
CEINSYS,20260909,703.25,710.45,685.25,688.1,26064
CELEBRITY,20260909,6.84,6.84,6.53,6.71,8695
CELLO,20260909,344.25,344.9,336.45,337.4,252463
CEMNTGROWW,20260909,14.54,14.54,14.25,14.33,131074
CEMPRO,20260909,1290.0,1297.0,1265.0,1269.1,210880
CENTENKA,20260909,593.7,596.95,566.2,570.8,131150
CENTEXT,20260909,21.55,21.98,21.05,21.94,645624
CENTRALBK,20260909,30.78,30.88,30.54,30.58,4467951
CENTRUM,20260909,22.58,22.63,22.07,22.4,151636
CENTUM,20260909,4287.9,4450.0,4211.0,4250.5,114623
CENTURYPLY,20260909,746.95,746.95,736.5,738.7,34000
CERA,20260909,5761.5,5761.5,5676.0,5698.5,4352
CEREBRAINT,20260909,2.9,3.02,2.8,2.86,87512
CESC,20260909,145.79,153.42,145.21,149.67,7429488
CEWATER,20260909,268.75,284.3,264.05,280.3,384572
CFEL,20260909,32.5,38.65,32.05,38.65,147540
CGCL,20260909,270.0,274.1,267.9,272.4,3036249
CGPOWER,20260909,910.7,930.55,910.0,926.95,3454657
CGVAK,20260909,146.54,151.99,144.02,144.84,645
CHALET,20260909,890.0,899.25,885.0,889.7,87296
CHAMBLFERT,20260909,414.6,417.95,414.5,415.6,446106
CHEMBOND,20260909,204.6,236.8,200.5,220.36,338501
CHEMBONDCH,20260909,259.95,265.95,250.0,251.75,12707
CHEMCON,20260909,212.53,220.0,212.0,220.0,139577
CHEMCRUX,20260909,83.57,84.0,82.0,82.57,3345
CHEMFAB,20260909,364.45,398.15,351.4,373.75,15562
CHEMICAL,20260909,30.32,30.32,30.02,30.12,274580
CHEMPLASTS,20260909,180.5,180.91,174.12,176.88,391876
CHENNPETRO,20260909,1466.5,1619.0,1466.0,1604.4,8400385
CHEVIOT,20260909,1205.3,1224.3,1180.1,1184.9,1489
CHOICEGOLD,20260909,151.01,151.88,149.7,151.13,6629
CHOICEIN,20260909,752.85,755.4,745.15,750.65,589501
CHOLAFIN,20260909,1828.4,1843.4,1809.0,1829.0,1079333
CHOLAHLDNG,20260909,1530.0,1535.9,1510.0,1530.6,50582
CIEINDIA,20260909,383.4,386.5,381.0,381.65,261325
CIFL,20260909,20.49,20.49,19.9,20.12,95857
CINELINE,20260909,95.01,97.35,93.01,93.96,26990
CINEVISTA,20260909,14.7,14.7,14.12,14.24,4924
CIPLA,20260909,1380.0,1388.7,1363.1,1363.1,818773
CLEAN,20260909,831.6,834.3,821.0,825.7,162108
CLEANMAX,20260909,1390.0,1433.9,1380.8,1397.6,152405
CLEDUCATE,20260909,58.5,60.15,57.25,58.74,7604
CLSEL,20260909,308.5,315.7,303.1,305.2,117675
CMLL,20260909,487.0,493.4,481.35,486.3,245505
CMPDI,20260909,236.85,237.75,229.5,230.88,1530570
CMRGREEN,20260909,222.9,223.7,216.04,217.29,376008
CMSINFO,20260909,236.0,236.0,228.5,231.25,1394473
CNL,20260909,1194.8,1194.8,1130.0,1141.4,16131
COALINDIA,20260909,420.85,435.35,419.8,431.0,22791556
COASTCORP,20260909,40.96,41.04,40.01,40.55,40320
COCHINSHIP,20260909,1528.2,1562.0,1502.1,1556.0,1253871
COCKERILL,20260909,8305.5,8361.0,8105.0,8140.0,3989
COFFEEDAY,20260909,35.2,35.34,32.52,33.15,1715870
COFORGE,20260909,1815.5,1877.6,1780.7,1845.0,10837239
COHANCE,20260909,453.85,455.2,436.25,443.35,1415841
COLPAL,20260909,1815.0,1815.0,1789.8,1800.0,518477
COMFINTE,20260909,6.19,6.19,6.04,6.13,106634
COMMOIETF,20260909,98.68,99.94,98.54,99.31,29312
COMPEAU,20260909,361.05,368.0,355.0,364.65,1168
COMPINFO,20260909,1.03,1.06,1.03,1.04,6309
COMPUSOFT,20260909,13.2,13.28,13.1,13.21,7177
COMSYN,20260909,305.3,307.0,298.3,301.15,618722
CONCOR,20260909,502.0,512.45,499.5,510.0,1057889
CONCORDBIO,20260909,1474.0,1479.8,1447.6,1464.5,140985
CONFIPET,20260909,82.98,91.3,82.98,90.66,15689882
CONS,20260909,11.88,11.94,11.85,11.9,31578
CONSOFINVT,20260909,315.0,315.0,301.6,305.05,9735
CONSUMAXIS,20260909,121.0,121.0,118.85,119.12,545
CONSUMBEES,20260909,129.15,129.99,128.45,128.84,62177
CONSUMER,20260909,12.19,12.19,11.88,11.9,302910
CONSUMIETF,20260909,119.82,120.0,118.23,119.01,22580
CONTROLPR,20260909,587.7,592.65,582.5,587.4,18172
CORALFINAC,20260909,33.4,33.4,31.53,32.69,42237
CORDELIA,20260909,106.62,108.77,103.73,104.25,1243173
CORDSCABLE,20260909,379.7,394.9,341.6,362.65,1551687
COROMANDEL,20260909,1946.1,1967.6,1918.1,1962.7,83551
CORONA,20260909,2175.0,2246.9,2150.0,2197.2,262842
COSMOFIRST,20260909,909.15,914.9,899.8,906.75,48300
COUNCODOS,20260909,6.57,6.57,6.31,6.5,96251
CPCAP,20260909,135.05,137.05,133.0,133.6,30258
CPEDU,20260909,192.0,195.0,190.0,190.18,1441
CPL,20260909,66.78,68.49,65.52,67.81,133934
CPPLUS,20260909,3850.0,3887.2,3703.2,3746.1,180329
CPSEETF,20260909,94.0,95.49,93.24,94.79,2883640
CRAFTSMAN,20260909,11406.0,11999.0,11317.0,11806.0,52885
CRAMC,20260909,241.25,243.6,236.85,238.7,573528
CRAVATEX,20260909,316.25,331.95,313.1,325.4,374
CREATIVEYE,20260909,6.19,6.19,6.01,6.13,4928
CREDITACC,20260909,1417.1,1420.3,1390.4,1396.2,124234
CREST,20260909,356.0,364.2,354.1,361.35,3154
CRISIL,20260909,4765.0,4765.0,4677.2,4690.6,17017
CRIZAC,20260909,171.94,178.0,168.41,176.04,420545
CROMPTON,20260909,229.95,234.42,228.57,232.96,3989754
CROWN,20260909,116.9,117.0,115.01,116.15,11540
CRSL,20260909,2.5,2.66,2.46,2.64,327296
CSBBANK,20260909,314.9,315.9,306.2,311.1,1000771
CSLFINANCE,20260909,241.85,246.39,238.41,243.4,73631
CSM,20260909,94.95,94.95,92.8,93.31,46723
CTE,20260909,41.78,43.0,41.21,42.55,3673
CUB,20260909,232.95,235.57,230.23,231.67,1015686
CUBEXTUB,20260909,79.9,82.0,78.33,79.99,91677
CUMMINSIND,20260909,5020.0,5182.5,5020.0,5170.5,373017
CUPID,20260909,275.4,280.6,265.45,279.7,26778485
CURAA,20260909,76.85,77.4,74.5,75.88,518
CYBERMEDIA,20260909,22.74,22.75,22.73,22.73,37745
CYBERTECH,20260909,140.7,142.95,140.0,142.27,29578
CYIENT,20260909,1066.3,1091.6,1058.4,1075.1,323893
CYIENTDLM,20260909,980.0,989.95,932.55,945.65,749695
DABUR,20260909,374.7,374.7,368.05,371.55,2451979
DAICHI,20260909,367.0,367.0,348.65,352.0,2014
DALBHARAT,20260909,1710.7,1740.0,1690.0,1733.6,41241
DALMIASUG,20260909,453.0,453.0,431.1,433.0,204730
DAMCAPITAL,20260909,145.2,146.31,144.01,144.87,225379
DAMODARIND,20260909,29.0,29.7,28.0,29.02,6491
DANGEE,20260909,2.94,2.94,2.81,2.83,10529
DATAMATICS,20260909,732.1,790.0,732.05,773.05,212122
DATAPATTNS,20260909,4932.5,4999.9,4846.0,4883.2,682371
DAVANGERE,20260909,1.96,2.02,1.74,1.75,161998621
DBCORP,20260909,195.98,195.98,190.22,190.55,99526
DBEIL,20260909,7.43,7.44,7.16,7.21,213896
DBL,20260909,393.15,399.7,391.0,393.0,82862
DBOL,20260909,127.5,127.5,122.35,123.12,186892
DBREALTY,20260909,102.45,102.45,99.01,99.26,1060583
DBSTOCKBRO,20260909,28.4,28.8,27.51,28.03,3703
DCAL,20260909,174.0,174.29,169.99,170.59,148123
DCBBANK,20260909,229.0,231.96,224.95,228.1,2269401
DCI,20260909,301.95,302.05,270.2,270.8,1464705
DCM,20260909,75.1,76.54,74.8,74.99,13063
DCMFINSERV,20260909,5.11,5.33,5.06,5.1,12518
DCMNVL,20260909,184.0,184.8,172.6,177.0,24490
DCMSHRIRAM,20260909,1005.0,1014.9,996.0,997.6,45418
DCMSIL,20260909,69.44,71.4,68.7,69.78,48268
DCMSRIND,20260909,43.6,43.89,42.2,42.41,178527
DCW,20260909,47.53,49.3,47.39,48.14,2937582
DCXINDIA,20260909,173.01,174.97,170.8,171.27,273660
DDEVPLSTIK,20260909,268.1,269.45,262.95,265.55,82663
DECCANCE,20260909,570.55,570.55,565.1,565.5,4122
DECNGOLD,20260909,225.0,228.7,216.54,219.36,1734880
DEEDEV,20260909,701.6,709.35,668.35,674.75,340451
DEEP,20260909,36.72,38.0,35.6,36.89,25981
DEEPA,20260909,196.01,203.8,194.37,201.23,14453376
DEEPAKFERT,20260909,1346.0,1363.8,1333.6,1357.8,233902
DEEPAKNTR,20260909,1647.8,1672.0,1630.0,1641.9,249150
DEEPINDS,20260909,825.0,825.0,781.4,792.7,624713
DEFENCE,20260909,84.59,84.59,83.13,83.36,205161
DELHIVERY,20260909,451.65,454.0,448.0,451.2,1267067
DELPHIFX,20260909,6.15,6.15,5.9,5.95,39494
DELTACORP,20260909,55.48,55.92,54.8,55.25,713513
DELTAMAGNT,20260909,57.2,58.49,56.66,57.1,1728
DEN,20260909,27.47,27.7,27.08,27.21,219114
DENORA,20260909,806.0,830.0,802.0,805.75,4503
DENTA,20260909,279.65,296.45,279.6,283.2,308512
DEVIT,20260909,23.99,24.8,23.6,23.9,27608
DEVX,20260909,33.0,33.99,32.9,33.63,52782
DEVYANI,20260909,137.99,139.76,136.61,137.17,859550
DGCONTENT,20260909,24.75,25.77,24.55,24.72,2970
DHABRIYA,20260909,513.9,523.0,505.1,517.25,7900
DHAMPURSUG,20260909,169.0,171.4,165.51,170.93,465136
DHANBANK,20260909,31.11,31.12,30.5,30.68,304141
DHANUKA,20260909,998.4,998.4,969.0,975.4,24199
DHARAN,20260909,0.14,0.14,0.13,0.13,9577028
DHARMAJ,20260909,268.8,272.5,268.8,270.2,19747
DHATRE,20260909,4.77,5.09,4.25,4.46,219304
DHOOTTRANS,20260909,1609.9,1610.0,1565.1,1596.5,1174598
DHRUV,20260909,23.0,24.05,23.0,23.0,1944
DHUNINV,20260909,1016.7,1017.15,991.2,999.9,675
DIACABS,20260909,336.25,340.4,330.0,334.8,523960
DIAMINESQ,20260909,245.01,254.0,245.0,253.24,10555
DIAMONDYD,20260909,1128.6,1131.4,1113.9,1123.6,4765
DICIND,20260909,635.9,635.9,615.0,617.6,6544
DIFFNKG,20260909,451.0,464.8,436.05,440.55,301159
DIGIDRIVE,20260909,18.0,18.0,17.26,17.46,9623
DIGISPICE,20260909,17.09,17.09,16.07,16.31,179178
DIGITIDE,20260909,95.0,95.0,92.12,92.69,115088
DIGJAMLMTD,20260909,52.9,53.5,51.5,51.54,8674
DISAQ,20260909,11813.0,11999.0,11733.0,11929.0,330
DISHTV,20260909,2.56,2.56,2.48,2.5,997546
DIVGIITTS,20260909,1202.6,1202.6,1142.1,1149.6,159356
DIVIDEND,20260909,35.24,35.24,34.96,35.07,35489
DIVISLAB,20260909,9575.0,9615.0,9410.0,9488.0,385273
DIVOPPBEES,20260909,75.7,75.7,75.12,75.23,58069
DIXON,20260909,14100.0,14271.0,13773.0,13845.0,368566
DJML,20260909,74.67,82.9,74.67,82.03,227969
DLF,20260909,670.2,672.1,654.7,655.1,17000327
DLINKINDIA,20260909,441.1,441.7,435.05,436.05,48956
DMART,20260909,3710.0,3750.0,3705.0,3735.0,183727
DMCC,20260909,290.4,293.8,286.45,288.9,28914
DNAMEDIA,20260909,2.56,2.6,2.5,2.51,63545
DODLA,20260909,1085.0,1116.6,1081.8,1096.9,37872
DOLATALGO,20260909,70.37,70.7,69.0,69.38,76139
DOLLAR,20260909,263.8,276.45,261.15,273.1,189227
DOLPHIN,20260909,682.8,714.9,676.2,685.0,70925
DOMS,20260909,2170.0,2196.4,2159.9,2190.8,157465
DONEAR,20260909,89.4,89.4,85.01,85.54,19989
DPABHUSHAN,20260909,1402.8,1411.0,1380.0,1397.7,16777
DPSCLTD,20260909,7.26,7.26,7.12,7.19,49018
DPWIRES,20260909,152.75,155.75,152.0,153.54,3000
DRAGARWQ,20260909,5254.0,5300.5,5223.0,5241.5,644
DRCSYSTEMS,20260909,12.73,13.3,12.62,12.97,72897
DREAMFOLKS,20260909,64.4,70.9,64.4,68.55,175877
DREDGECORP,20260909,1044.0,1066.0,1032.7,1040.5,76183
DRREDDY,20260909,1146.0,1151.0,1136.4,1145.0,528499
DSFCL,20260909,26.93,26.93,26.02,26.24,18395
DSSL,20260909,1061.7,1062.6,1018.6,1022.0,25777
DTIL,20260909,142.08,145.0,140.25,143.99,11797
DUCON,20260909,1.83,1.85,1.78,1.8,947888
DVL,20260909,292.05,293.85,286.1,289.2,17683
DWARKESH,20260909,48.0,48.0,46.4,46.72,1320702
DYCL,20260909,460.8,468.9,449.0,456.5,426020
DYNAMATECH,20260909,11495.0,11741.0,11394.0,11625.0,15961
DYNPRO,20260909,232.3,240.0,231.0,235.09,18946
E2E,20260909,627.0,627.0,600.0,604.5,796066
EASEMYTRIP,20260909,5.9,6.06,5.86,5.97,17088715
EASTSILK,20260909,54.91,59.84,54.9,59.84,377
EASTWEST,20260909,2.36,2.36,2.26,2.3,31476
EBANK10,20260909,16.5,16.93,16.37,16.38,2871
EBANKNIFTY,20260909,57.23,57.38,57.0,57.15,2020
EBBETF0430,20260909,1617.9,1617.9,1608.7,1612.43,16604
EBBETF0431,20260909,1433.0,1439.12,1433.0,1435.07,6557
EBBETF0433,20260909,1306.94,1313.98,1306.19,1313.47,9974
EBGNG,20260909,672.2,687.75,658.0,675.8,1154375
EBIX,20260909,20.05,20.4,19.51,19.81,21547
ECAPINSURE,20260909,23.65,23.82,23.3,23.47,96564
ECLERX,20260909,1945.1,1945.1,1900.2,1922.6,89506
ECORECO,20260909,450.4,457.5,441.25,444.45,10030
ECOSMOBLTY,20260909,111.87,112.56,110.49,111.44,40648
EDELWEISS,20260909,139.15,139.15,131.4,133.63,7709484
EFCIL,20260909,185.11,191.7,182.04,189.52,350498
EGOLD,20260909,151.9,152.9,151.35,152.2,410909
EICHERMOT,20260909,7687.0,7784.5,7664.5,7734.5,318638
EIDPARRY,20260909,765.0,767.0,746.1,756.7,361348
EIEL,20260909,204.75,215.0,203.75,206.06,13186612
EIFFL,20260909,270.3,270.3,259.7,270.3,5881
EIHAHOTELS,20260909,295.7,300.6,292.0,293.3,13571
EIHOTEL,20260909,295.25,295.75,288.3,289.35,133319
EIMCOELECO,20260909,2272.9,2297.6,2205.0,2221.6,14430
EKC,20260909,103.3,104.75,102.81,103.3,83747
EKI,20260909,73.0,73.0,70.3,71.38,7555
ELANTAS,20260909,13849.0,13850.0,13510.0,13618.0,1998
ELCIDIN,20260909,107500.0,108495.0,105340.0,108000.0,21
ELDEHSG,20260909,795.7,796.75,775.0,775.4,951
ELECON,20260909,421.95,427.35,416.8,419.4,286939
ELECTCAST,20260909,79.53,80.53,77.95,78.24,1148373
ELECTHERM,20260909,956.0,971.9,950.0,965.0,10148
ELGIEQUIP,20260909,640.0,645.9,617.5,618.85,367633
ELGIRUBCO,20260909,57.94,64.66,57.64,62.82,308072
ELIN,20260909,97.32,97.88,95.6,96.29,112960
ELIQUID,20260909,1047.0,1050.75,1041.91,1046.97,20826
ELITECON,20260909,7.45,7.45,7.45,7.45,660044
ELLEN,20260909,326.0,355.05,324.2,355.05,2993680
ELM250,20260909,16.55,16.75,16.41,16.52,501245
ELMDIV,20260909,36.49,36.49,35.43,35.6,2844
ELPROINTL,20260909,176.0,176.0,174.17,174.87,5075
EMAMILTD,20260909,363.2,377.65,363.2,369.1,8039529
EMAMIPAP,20260909,121.09,122.35,115.0,116.67,33133
EMAMIREAL,20260909,65.3,69.48,65.3,69.0,19551
EMBDL,20260909,57.65,58.11,57.1,57.34,3178307
EMCURE,20260909,1938.1,1938.9,1889.9,1914.4,74957
EMETAL,20260909,13.49,13.49,13.15,13.4,8228
EMIL,20260909,186.4,188.4,181.05,182.65,1903526
EMKAY,20260909,260.0,264.7,248.0,250.75,109423
EMMBI,20260909,89.89,89.94,87.56,89.88,3875
EMMVEE,20260909,331.0,338.0,327.95,328.9,1636507
EMPIND,20260909,1107.2,1120.0,1068.1,1076.6,13226
EMPOWER,20260909,2.06,2.11,2.05,2.1,14978502
EMSLIMITED,20260909,379.9,398.95,379.9,385.8,885127
EMUDHRA,20260909,509.1,516.0,501.15,511.5,59716
EMULTIMQ,20260909,42.09,42.35,41.87,42.19,12855
ENDURANCE,20260909,2738.0,2823.0,2722.9,2755.7,117170
ENERGY,20260909,39.41,39.41,38.45,38.71,382217
ENERGYAXIS,20260909,19.18,19.75,19.18,19.3,21312
ENERGYDEV,20260909,15.33,15.33,14.7,14.89,63369
ENEXT50,20260909,72.85,72.89,72.26,72.6,10396
ENGINERSIN,20260909,279.0,283.3,272.0,273.1,2222424
ENIFTY,20260909,24.48,24.48,23.68,23.7,11449
ENIL,20260909,101.0,101.67,99.0,100.72,33254
ENKEIWHEL,20260909,410.0,410.0,395.05,402.9,5075
ENRIN,20260909,3215.0,3238.0,3160.0,3183.7,276989
ENTERO,20260909,1856.0,1890.5,1812.0,1828.3,90729
EPACK,20260909,187.38,192.95,185.41,188.15,491145
EPACKPEB,20260909,234.0,250.9,231.21,248.14,1620115
EPIGRAL,20260909,1185.8,1189.8,1160.0,1163.9,32831
EPL,20260909,248.5,250.3,245.1,246.7,2561676
EQUAL200,20260909,13.7,13.73,13.67,13.69,16852
EQUAL50,20260909,325.51,326.38,324.94,325.08,4722
EQUAL50ADD,20260909,337.0,337.69,335.9,336.38,25552
EQUIPPP,20260909,23.75,24.47,23.11,23.83,52566
EQUITASBNK,20260909,72.52,73.0,71.03,72.7,1781588
ERIS,20260909,1318.0,1339.0,1318.0,1335.0,42165
ESABINDIA,20260909,6060.0,6126.0,5905.0,5932.0,7212
ESAFSFB,20260909,41.42,41.77,40.4,40.85,362765
ESCORTS,20260909,3009.0,3036.0,2977.7,2989.2,31863
ESDS,20260909,1438.85,1438.85,1438.85,1438.85,312887
ESENSEX,20260909,76.0,76.02,75.49,75.63,972
ESG,20260909,40.39,40.55,40.29,40.42,9483
ESILVER,20260909,230.45,233.5,230.45,232.93,237689
ESSARSHPNG,20260909,16.12,16.24,15.96,16.04,176001
ESSENTIA,20260909,1.06,1.07,1.05,1.06,2109879
ESTER,20260909,91.45,92.8,90.01,91.02,156917
ETERNAL,20260909,322.0,322.55,318.0,320.6,22599551
ETHOSLTD,20260909,2746.1,2781.6,2680.0,2744.0,33321
EUREKAFORB,20260909,411.25,412.0,398.65,399.35,114272
EUROBOND,20260909,159.54,159.54,149.0,150.15,696
EUROPRATIK,20260909,258.65,258.65,253.1,254.4,171857
EVEREADY,20260909,348.85,351.6,343.2,349.4,151411
EVERESTIND,20260909,428.0,434.0,421.5,425.0,8146
EVIETF,20260909,32.4,32.79,32.1,32.24,131065
EVINDIA,20260909,32.47,32.47,32.13,32.26,126162
EXCELINDUS,20260909,995.0,1001.9,985.0,989.4,10303
EXCELSOFT,20260909,69.49,78.8,67.0,75.23,15422814
EXICOM,20260909,180.45,185.49,170.99,180.42,3180545
EXIDEIND,20260909,418.1,420.0,409.7,410.75,2097228
EXPLEOSOL,20260909,888.0,891.55,870.6,877.6,31062
EXXARO,20260909,6.35,6.55,6.35,6.45,187657
FABTECH,20260909,148.0,149.93,146.52,147.65,64651
FACT,20260909,790.2,798.95,784.8,786.4,99776
FAIRCHEMOR,20260909,626.55,644.0,620.05,636.85,8741
FAZE3Q,20260909,489.25,494.95,481.0,484.8,9833
FCL,20260909,58.2,62.4,57.66,58.43,71051557
FCSSOFT,20260909,1.42,1.43,1.41,1.42,1579523
FDC,20260909,345.85,356.75,342.4,354.3,219983
FEDDERSHOL,20260909,47.75,48.9,47.28,48.5,3134810
FEDERALBNK,20260909,341.5,345.0,341.5,345.0,3903520
FEDFINA,20260909,163.42,163.42,156.6,156.94,903186
FEL,20260909,0.37,0.39,0.37,0.38,212427
FELDVR,20260909,2.24,2.33,2.13,2.23,3866
FERMENTA,20260909,476.0,506.9,475.95,494.4,168702
FIBERWEB,20260909,26.5,26.5,25.61,26.11,25253
FIEMIND,20260909,2045.0,2048.6,2009.4,2021.6,52069
FILATEX,20260909,76.07,76.91,75.06,75.55,994318
FILATFASH,20260909,0.19,0.19,0.18,0.18,15486525
FINCABLES,20260909,1320.0,1376.0,1295.4,1353.4,2871412
FINEORG,20260909,5173.0,5205.0,5120.0,5148.5,15842
FINIETF,20260909,32.51,32.51,32.23,32.32,443060
FINKURVE,20260909,69.42,70.98,64.62,67.57,111424
FINOPB,20260909,138.57,140.0,137.1,137.64,105045
FINPIPE,20260909,157.86,158.49,156.3,156.71,277310
FIRSTCRY,20260909,175.0,175.65,172.0,172.52,624781
FISCHER,20260909,36.0,36.01,34.5,34.78,669109
FIVESTAR,20260909,522.15,535.0,518.95,533.05,410018
FLAIR,20260909,235.05,245.95,235.0,238.56,87625
FLEXIADD,20260909,10.17,10.17,9.8,9.85,189232
FLEXITUFF,20260909,2.08,2.16,2.0,2.08,138434
FLFL,20260909,1.22,1.25,1.19,1.19,52536
FLUOROCHEM,20260909,4676.6,4769.9,4652.8,4754.8,119098
FMCGADD,20260909,45.9,47.22,45.4,46.15,21150
FMCGIETF,20260909,50.54,50.54,48.69,48.89,1908992
FMGOETZE,20260909,470.9,477.15,451.2,455.45,550860
FMNL,20260909,9.5,9.5,9.14,9.31,24342
FOCUS,20260909,60.62,62.0,59.64,60.92,62335
FOODSIN,20260909,55.0,58.5,54.61,57.98,95582
FORCEMOT,20260909,17588.0,17645.0,17340.0,17355.0,36797
FORTIS,20260909,906.9,918.4,903.65,915.0,670656
FOSECOIND,20260909,6100.0,6166.5,6030.0,6080.0,5173
FRACTAL,20260909,791.85,797.0,774.1,777.65,391503
FREDUN,20260909,1369.3,1449.0,1348.0,1439.2,63586
FRONTSP,20260909,1258.0,1275.7,1242.8,1263.9,11690
FSL,20260909,258.0,258.0,254.15,254.75,318352
FUSION,20260909,201.0,201.0,194.0,194.93,787463
GABRIEL,20260909,1387.0,1387.0,1354.0,1360.8,109451
GAEL,20260909,168.0,168.64,164.22,166.39,562238
GAIL,20260909,173.7,175.59,173.61,174.9,4342968
GAJA,20260909,153.65,160.0,152.61,158.69,1067431
GALAPREC,20260909,1054.0,1085.4,1038.2,1048.1,19177
GALAXYSURF,20260909,2251.9,2304.0,2231.0,2288.9,49913
GALLANTT,20260909,564.7,574.4,554.4,557.1,45830
GANDHAR,20260909,264.05,273.45,263.0,265.85,926450
GANDHITUBE,20260909,883.0,902.0,883.0,898.8,6229
GANECOS,20260909,1040.4,1041.0,1004.0,1020.5,98699
GANESHBE,20260909,130.0,133.5,125.1,128.19,269989
GANESHCP,20260909,170.0,174.0,166.47,167.58,362392
GANESHHOU,20260909,745.0,782.0,740.0,758.5,52614
GANGAFORGE,20260909,1.64,1.64,1.54,1.59,2752465
GANGESSECU,20260909,120.8,120.8,114.05,115.99,8609
GARFIBRES,20260909,822.4,822.4,809.0,814.6,35097
GARUDA,20260909,181.99,186.79,180.29,181.95,1610615
GATECH,20260909,0.79,0.79,0.79,0.79,5020956
GATECHDVR,20260909,0.5,0.5,0.48,0.49,431277
GATEWAY,20260909,53.94,54.1,53.3,53.51,411512
GAUDIUMIVF,20260909,119.65,123.89,115.7,116.56,144468
GAYAHWS,20260909,1.98,2.0,1.72,1.94,237823
GAYAPROJ,20260909,23.85,24.42,23.3,23.64,3083761
GCSL,20260909,597.8,608.0,594.3,601.9,268383
GEECEE,20260909,368.5,371.4,361.45,363.95,1750
GEEKAYWIRE,20260909,29.89,29.89,27.61,27.91,193204
GEMAROMA,20260909,165.0,168.0,160.3,164.83,113076
GENCON,20260909,42.08,43.7,41.34,42.03,256006
GENESYS,20260909,291.01,297.4,271.1,274.31,3610543
GENSOL,20260909,17.46,17.88,16.8,17.47,59726
GENUSPAPER,20260909,12.86,12.92,12.08,12.19,235975
GENUSPOWER,20260909,334.45,336.0,327.0,329.0,1392398
GEOJITFSL,20260909,80.25,81.25,79.47,80.12,235168
GESHIP,20260909,1393.0,1402.4,1381.2,1393.4,755591
GFLLIMITED,20260909,60.5,61.4,56.62,57.35,137857
GFSTEELS,20260909,18.15,18.15,18.15,18.15,3030
GHCL,20260909,434.0,434.0,423.65,426.3,136963
GHCLTEXTIL,20260909,132.44,134.9,130.73,133.67,580475
GICHSGFIN,20260909,139.15,139.16,136.95,137.15,73159
GICL,20260909,24.02,24.49,23.63,24.4,186663
GICRE,20260909,348.1,353.75,343.15,349.9,1164539
GILLANDERS,20260909,105.0,105.0,100.0,102.2,3083
GILLETTE,20260909,7525.0,7540.0,7455.0,7479.5,11889
GILT10BETA,20260909,26.7,26.79,26.37,26.79,204
GILT5BETA,20260909,67.13,67.23,66.01,67.02,1636
GILT5YBEES,20260909,66.33,66.48,66.26,66.36,181566
GINNIFILA,20260909,43.5,43.5,42.16,42.33,17885
GIPCL,20260909,202.0,204.14,200.5,201.04,368579
GKB,20260909,72.0,74.0,65.0,66.43,17482
GKENERGY,20260909,129.86,129.87,126.91,127.21,328663
GKSL,20260909,175.19,180.9,172.5,176.02,520724
GKWLIMITED,20260909,1579.5,1600.0,1562.0,1588.8,229
GLAND,20260909,2959.3,3033.9,2938.6,3026.2,1560855
GLAXO,20260909,2928.2,2959.6,2875.0,2890.2,29124
GLENMARK,20260909,2486.9,2486.9,2400.1,2435.0,424753
GLFL,20260909,5.35,5.6,5.09,5.37,21316
GLOBAL,20260909,126.62,128.24,123.47,125.94,118903
GLOBALE,20260909,10.91,11.4,10.65,11.3,5859
GLOBALVECT,20260909,140.0,140.0,136.32,139.03,7507
GLOBE,20260909,1.88,1.88,1.8,1.82,384976
GLOBECIVIL,20260909,45.98,45.98,43.62,44.72,25542
GLOBUSSPR,20260909,864.9,865.0,847.1,849.8,114371
GLOSTERLTD,20260909,601.0,610.0,595.2,597.55,418
GLOTTIS,20260909,56.51,59.48,56.5,59.03,58650
GMBREW,20260909,927.7,927.75,912.9,917.7,23995
GMDCLTD,20260909,571.7,585.0,569.95,574.55,1869082
GMMPFAUDLR,20260909,1305.0,1352.0,1297.7,1305.4,875591
GMRAIRPORT,20260909,97.02,98.73,96.26,98.65,11994804
GMRP&UI,20260909,96.2,96.55,94.0,94.82,1211553
GNA,20260909,558.0,562.0,536.5,539.55,303293
GNFC,20260909,564.0,579.75,556.5,574.6,850758
GNRL,20260909,110.7,112.0,108.1,109.03,149510
GOACARBON,20260909,400.0,463.5,400.0,463.5,1188458
GOCLCORP,20260909,435.95,439.9,430.0,431.7,111213
GOCOLORS,20260909,325.0,330.2,323.0,325.85,39458
GODAVARIB,20260909,243.52,244.19,237.5,238.46,53461
GODFRYPHLP,20260909,2010.0,2010.0,1972.0,1978.5,184308
GODIGIT,20260909,256.25,259.05,252.9,253.3,187554
GODREJAGRO,20260909,675.0,679.25,657.9,674.65,322590
GODREJCP,20260909,867.95,867.95,856.1,863.8,1440335
GODREJIND,20260909,1135.6,1143.0,1124.4,1133.4,45380
GODREJPROP,20260909,1905.5,1908.2,1855.0,1857.1,538632
GOKEX,20260909,786.2,797.5,770.1,785.45,287821
GOKUL,20260909,42.54,43.27,42.12,42.78,171792
GOKULAGRO,20260909,233.0,234.0,229.5,230.56,204827
GOLD1,20260909,127.0,127.54,126.36,126.95,1836693
GOLD360,20260909,148.25,148.95,147.4,148.25,90083
GOLDADD,20260909,14.85,14.87,14.7,14.8,2913131
GOLDAXIS,20260909,126.7,127.36,126.07,126.81,1146170
GOLDBEES,20260909,125.5,126.31,125.15,125.78,15054022
GOLDBETA,20260909,128.15,128.6,127.05,128.25,523716
GOLDBND,20260909,152.36,152.69,151.15,152.03,6005
GOLDCASE,20260909,23.91,24.05,23.82,23.96,7654601
GOLDENTOBC,20260909,25.75,25.75,24.11,25.1,1108
GOLDETF,20260909,146.55,148.46,146.55,148.05,1006579
GOLDIAM,20260909,341.0,341.1,328.25,329.8,512298
GOLDIETF,20260909,130.2,130.89,129.61,130.37,4152752
GOLDTECH,20260909,48.01,48.39,47.15,47.5,10933
GOODLUCK,20260909,516.55,539.0,512.8,515.8,1179600
GOODYEAR,20260909,730.0,730.0,723.05,729.35,2468
GOPAL,20260909,263.0,264.0,261.0,261.85,53441
GOYALALUM,20260909,6.1,6.27,6.1,6.16,31666
GPIL,20260909,245.0,255.0,243.99,253.04,3124495
GPPL,20260909,160.58,164.2,158.01,158.59,1549197
GPTHEALTH,20260909,159.5,163.26,158.86,162.63,119726
GPTINFRA,20260909,111.24,114.71,109.92,111.39,374389
GRADIENTE,20260909,2.63,2.63,2.48,2.55,2023521
GRANDOAK,20260909,36.15,36.28,35.26,36.26,6576
GRANULES,20260909,899.75,901.8,878.1,884.8,1406377
GRAPHITE,20260909,812.9,874.35,775.0,844.65,36292952
GRASIM,20260909,3305.0,3320.0,3279.0,3300.0,850901
GRAUWEIL,20260909,72.09,73.8,71.04,72.67,306598
GRAVISSHO,20260909,29.25,34.4,28.5,29.66,472614
GRAVITA,20260909,1682.3,1724.0,1677.5,1696.4,146729
GREAVESCOT,20260909,192.65,194.7,190.6,192.38,561514
GREENLAM,20260909,235.3,237.94,234.7,236.25,19363
GREENPANEL,20260909,161.0,164.25,158.01,160.67,180431
GREENPLY,20260909,299.0,299.85,292.2,293.65,148974
GREENPOWER,20260909,9.14,10.49,9.06,9.54,46749101
GRINDWELL,20260909,1922.8,1923.9,1881.0,1893.1,18388
GRINFRA,20260909,853.65,869.95,852.3,858.5,9779
GRMOVER,20260909,88.99,88.99,85.46,88.14,1430309
GROBTEA,20260909,967.0,968.0,940.1,945.95,50
GROWW,20260909,195.0,195.5,192.18,194.63,20798963
GROWWCAPM,20260909,11.59,11.59,11.3,11.35,563044
GROWWCHEM,20260909,29.9,30.21,29.9,30.1,52069
GROWWDEFNC,20260909,100.01,100.73,98.14,99.25,271306
GROWWEV,20260909,31.89,32.34,31.89,32.21,260637
GROWWGOLD,20260909,14.84,14.94,14.77,14.87,3485550
GROWWHOSPI,20260909,52.93,52.93,51.81,52.6,633992
GROWWLIQID,20260909,110.66,110.68,110.54,110.67,289704
GROWWLOVOL,20260909,10.4,10.4,10.14,10.18,7351
GROWWMC150,20260909,232.35,232.41,229.62,230.9,587
GROWWMETAL,20260909,12.79,12.8,12.4,12.7,534513
GROWWMOM50,20260909,11.18,11.18,11.01,11.12,237006
GROWWN200,20260909,11.17,11.32,11.1,11.17,29037
GROWWNET,20260909,10.99,11.2,10.66,10.77,399148
GROWWNIFTY,20260909,9.81,9.81,9.35,9.51,1082032
GROWWNXT50,20260909,74.47,75.1,73.11,73.82,6879
GROWWPOWER,20260909,11.59,11.59,11.31,11.43,13766421
GROWWPSE,20260909,99.48,99.48,96.2,98.5,2210
GROWWPSUBK,20260909,83.71,84.7,83.57,84.06,4654
GROWWRAIL,20260909,28.0,28.0,27.69,27.78,442887
GROWWRLTY,20260909,10.0,10.35,9.8,9.84,540756
GROWWSC250,20260909,10.64,10.72,10.62,10.65,157749
GROWWSLVR,20260909,22.86,22.94,22.7,22.77,1478790
GRPLTD,20260909,1980.0,2040.0,1980.0,2026.9,1215
GRSE,20260909,2525.7,2553.3,2488.1,2493.9,237008
GRWRHITECH,20260909,6920.0,6966.0,6735.5,6752.5,36942
GSEC10ABSL,20260909,112.93,113.27,111.82,113.27,34
GSEC10ADD,20260909,26.8,26.8,26.8,26.8,6
GSEC10IETF,20260909,262.43,265.05,262.43,262.81,130
GSEC10YEAR,20260909,30.45,30.45,30.3,30.44,68
GSEC5IETF,20260909,66.25,66.8,66.24,66.24,3785
GSFC,20260909,160.9,161.75,159.47,160.03,1931299
GSLSU,20260909,29.77,29.9,27.84,27.84,51751
GSPCROP,20260909,524.85,531.4,479.95,491.35,1797785
GSS,20260909,11.0,11.15,10.71,10.88,32036
GTECJAINX,20260909,27.98,29.0,26.65,26.87,10450
GTL,20260909,7.25,7.32,7.04,7.16,254178
GTLINFRA,20260909,1.18,1.18,1.16,1.16,33191149
GTPL,20260909,58.08,58.89,57.52,58.29,35618
GUFICBIO,20260909,439.45,445.0,425.8,428.85,79726
GUJALKALI,20260909,718.75,721.75,706.05,712.55,63316
GUJAPOLLO,20260909,342.6,348.4,340.05,345.0,5966
GUJENERGY,20260909,258.59,262.18,258.18,258.97,1102322
GUJRAFFIA,20260909,41.95,41.95,40.13,40.9,1281
GUJTHEM,20260909,455.95,459.35,427.0,430.75,618616
GULFOILLUB,20260909,1057.6,1090.1,1049.6,1081.1,87698
GULFPETRO,20260909,64.29,67.85,64.0,67.21,207186
GULPOLY,20260909,181.99,183.1,179.2,179.86,155791
GVKPIL,20260909,2.17,2.17,2.17,2.17,179151
GVPIL,20260909,656.2,672.7,647.0,659.25,237847
GVPTECH,20260909,7.87,8.2,7.8,7.97,67259
GVT&D,20260909,4774.0,4825.0,4638.8,4673.0,1094528
GYFTR,20260909,186.9,187.77,180.11,181.7,47501
HAL,20260909,5031.1,5097.4,5000.5,5000.5,1669937
HALDER,20260909,293.85,294.0,276.05,282.45,20732
HALDYNGL,20260909,141.84,144.05,140.4,141.07,48565
HALEOSLABS,20260909,1454.0,1497.3,1450.0,1470.9,733
HAMPTON,20260909,8.59,8.85,8.06,8.49,390289
HAPPSTMNDS,20260909,343.1,343.1,337.1,339.5,789142
HAPPYFORGE,20260909,2230.3,2341.8,2230.3,2256.7,53191
HARDWYN,20260909,9.15,9.2,7.61,8.93,1117076
HARIOMPIPE,20260909,370.0,372.0,365.0,366.15,89526
HARRMALAYA,20260909,190.59,190.59,186.7,187.72,6634
HARSHA,20260909,466.8,470.95,449.05,453.4,175392
HATHWAY,20260909,10.28,10.3,10.21,10.22,847215
HATSUN,20260909,1200.0,1215.0,1155.1,1199.1,122744
HAVELLS,20260909,1136.0,1143.5,1118.9,1120.4,608049
HAVISHA,20260909,1.35,1.36,1.3,1.35,18739
HAWKINCOOK,20260909,8340.0,8640.0,8337.0,8504.5,5000
HAZOOR,20260909,20.37,20.59,19.67,19.88,641192
HBESD,20260909,74.25,74.25,72.09,72.81,253
HBLENGINE,20260909,732.65,772.8,726.0,730.1,6705010
HBPOR,20260909,58.56,61.5,58.56,59.37,928
HBSL,20260909,54.4,54.4,52.1,52.86,2927
HCC,20260909,23.66,23.95,23.22,23.43,25015712
HCG,20260909,692.9,715.65,688.0,712.55,123628
HCL-INSYS,20260909,10.02,10.29,10.02,10.09,166878
HCLTECH,20260909,1248.8,1264.8,1222.7,1229.8,2099173
HDBFS,20260909,680.0,684.8,673.1,675.05,424779
HDFCAMC,20260909,2444.0,2446.4,2410.9,2440.0,455316
HDFCBANK,20260909,698.0,700.0,687.1,687.1,39173990
HDFCBSE500,20260909,37.36,37.36,36.8,37.0,2479438
HDFCGOLD,20260909,129.99,130.55,129.35,130.06,2291910
HDFCGROWTH,20260909,117.02,117.02,115.71,116.15,18270
HDFCLIFE,20260909,533.7,534.6,508.95,514.0,9024185
HDFCLIQUID,20260909,1077.13,1077.13,1077.11,1077.12,21185
HDFCLOWVOL,20260909,20.79,20.79,20.0,20.1,4649
HDFCMID150,20260909,23.42,23.42,23.24,23.3,247192
HDFCMOMENT,20260909,31.33,31.56,31.19,31.36,204344
HDFCNEXT50,20260909,74.78,75.0,74.08,74.58,77234
HDFCNIF100,20260909,25.71,25.96,25.53,25.55,16271
HDFCNIFBAN,20260909,58.4,58.51,58.0,58.16,181659
HDFCNIFIT,20260909,31.77,31.77,30.81,30.9,354288
HDFCNIFTY,20260909,266.91,266.91,265.03,265.24,180394
HDFCNIMEG,20260909,132.17,134.27,131.98,133.99,36595
HDFCPSUBK,20260909,84.46,85.26,84.26,84.75,22385
HDFCPVTBAN,20260909,28.04,28.04,27.65,27.89,69478
HDFCQUAL,20260909,57.96,57.96,57.63,57.72,5316
HDFCSENSEX,20260909,88.13,88.13,85.01,85.46,131101
HDFCSILVER,20260909,221.31,223.65,221.31,222.54,1537585
HDFCSML250,20260909,187.12,187.12,185.01,185.46,1166407
HDFCVALUE,20260909,123.19,128.0,122.61,122.89,12597
HDIL,20260909,1.54,1.54,1.48,1.49,76865
HEADSUP,20260909,7.25,7.25,6.6,6.94,23178
HEALTHADD,20260909,16.81,16.92,16.71,16.75,15029
HEALTHAXIS,20260909,170.43,170.9,168.18,168.88,1412
HEALTHCARE,20260909,21.82,22.26,21.73,21.79,64343
HEALTHIETF,20260909,172.56,172.56,169.19,170.12,68931
HEALTHX,20260909,302.85,304.0,297.0,299.5,4355
HEALTHY,20260909,17.17,17.25,16.95,17.05,246034
HECPROJECT,20260909,126.4,126.4,122.05,122.14,6948
HEG,20260909,257.0,271.5,255.0,262.75,3289030
HEIDELBERG,20260909,160.19,160.5,159.49,159.86,326934
HEMIPROP,20260909,124.02,125.4,122.15,123.18,310633
HERANBA,20260909,173.62,174.97,170.51,173.93,31477
HERITGFOOD,20260909,382.1,383.3,377.0,380.1,279635
HEROMOTOCO,20260909,5266.5,5297.0,5205.5,5218.0,532099
HESTERBIO,20260909,2316.9,2360.0,2257.4,2322.6,3779
HEXAGON,20260909,63.5,67.42,62.5,67.42,226751
HEXATRADEX,20260909,160.8,160.8,156.15,156.24,10694
HEXT,20260909,517.75,518.45,506.55,509.9,138830
HFCL,20260909,249.5,254.0,240.65,245.43,6833419
HGINFRA,20260909,483.0,483.15,476.25,478.55,26825
HGM,20260909,51.05,51.35,49.65,50.49,2341
HGS,20260909,387.0,393.9,381.0,384.75,11159
HIKAL,20260909,245.88,245.9,238.76,240.69,1270796
HILINFRA,20260909,43.25,43.79,43.1,43.28,40711
HILTON,20260909,18.97,18.97,18.34,18.44,52156
HIMATSEIDE,20260909,69.89,70.3,69.24,69.44,175080
HINDADH,20260909,363.7,374.45,357.0,367.2,1390
HINDALCO,20260909,1013.9,1032.4,1010.7,1026.9,3255790
HINDALUMI,20260909,97.95,97.95,96.35,97.38,531
HINDCOMPOS,20260909,395.35,400.0,380.2,387.05,4341
HINDCON,20260909,24.74,24.74,23.65,23.71,28580
HINDCOPPER,20260909,538.4,545.0,530.5,532.3,15102525
HINDOILEXP,20260909,194.62,201.44,193.9,195.83,3991694
HINDPETRO,20260909,345.55,350.9,343.55,348.9,5786455
HINDUNILVR,20260909,1973.0,1979.6,1936.0,1945.0,1455307
HINDWAREAP,20260909,181.46,183.9,179.0,179.66,81549
HINDZINC,20260909,595.0,608.75,593.1,605.4,6313228
HIRECT,20260909,1281.4,1318.5,1263.0,1273.6,99771
HISARMETAL,20260909,160.01,160.01,150.8,153.91,2386
HITECH,20260909,75.0,77.14,74.58,76.79,1108418
HITECHCORP,20260909,336.8,340.0,333.1,335.5,20809
HITECHGEAR,20260909,576.0,586.9,562.0,582.45,2753
HLEGLAS,20260909,333.05,367.95,333.05,367.95,846199
HLVLTD,20260909,6.33,6.57,6.32,6.47,139783
HMAAGRO,20260909,20.11,20.3,19.8,20.02,1106812
HMT,20260909,69.0,69.0,65.5,66.24,18801
HMVL,20260909,82.3,82.3,78.2,80.42,24250
HNDFDS,20260909,626.0,626.0,608.55,615.25,53963
HNGSNGBEES,20260909,478.64,478.64,463.82,466.33,79636
HOMEFIRST,20260909,1231.0,1231.0,1190.5,1202.3,156030
HONASA,20260909,475.0,480.55,466.2,471.05,683211
HONAUT,20260909,35190.0,35285.0,34055.0,34180.0,3890
HONDAPOWER,20260909,1981.7,1999.7,1949.0,1964.2,3084
HORIZONIND,20260909,55.05,56.8,54.98,55.67,3383047
HPAL,20260909,35.59,36.07,35.12,35.67,61671
HPIL,20260909,121.5,124.0,118.2,121.0,358
HPL,20260909,302.55,305.45,298.05,298.65,83546
HRYNSHP,20260909,102.5,102.5,98.11,99.95,784
HSBCGOLD,20260909,129.22,134.8,129.22,132.63,8413
HSCL,20260909,672.0,673.0,661.2,667.05,2178664
HTEL,20260909,74.74,77.65,73.5,77.65,1719401
HTMEDIA,20260909,25.24,25.91,24.5,24.67,122745
HUBTOWN,20260909,184.99,188.99,182.0,184.0,459997
HUDCO,20260909,177.57,178.5,175.0,175.35,1174950
HUHTAMAKI,20260909,249.0,269.4,249.0,267.85,970555
HYBRIDETF,20260909,10.12,10.15,10.06,10.12,29314
HYBRIDFIN,20260909,16.8,17.2,16.8,17.0,2117
HYUNDAI,20260909,2210.0,2219.7,2152.5,2182.4,587339
IBULLSLTD,20260909,25.86,26.85,24.92,25.05,41720731
ICDSLTD,20260909,60.6,64.32,60.5,64.32,6782
ICEMAKE,20260909,725.0,745.0,723.0,725.7,9869
ICICIAMC,20260909,3001.0,3009.9,2953.6,3003.5,347633
ICICIB22,20260909,116.75,116.75,113.15,113.61,333198
ICICIBANK,20260909,1395.9,1402.5,1385.5,1389.1,14229080
ICICIGI,20260909,1485.2,1485.7,1460.2,1474.0,974837
ICICIPRULI,20260909,467.7,468.0,456.9,462.5,942661
ICIL,20260909,449.75,464.0,443.55,445.55,554256
ICRA,20260909,4888.7,4888.7,4744.4,4776.5,30824
IDBI,20260909,81.4,83.47,80.12,81.56,22159103
IDEA,20260909,15.36,15.79,15.2,15.52,539161681
IDEAFORGE,20260909,779.0,784.8,736.45,747.45,650731
IDFCFIRSTB,20260909,86.48,86.95,85.9,86.0,20235616
IDFNIFTYET,20260909,259.53,260.77,259.35,259.96,1475
IEX,20260909,116.05,118.89,115.82,117.95,3287242
IFBAGRO,20260909,888.4,895.0,875.0,879.55,3776
IFBIND,20260909,1298.0,1298.5,1255.0,1266.8,51137
IFCI,20260909,92.5,93.56,87.76,88.96,156503199
IFGLEXPOR,20260909,198.0,225.98,197.0,214.65,638605
IGARASHI,20260909,415.6,420.85,406.4,410.3,39856
IGCL,20260909,71.15,73.0,71.15,72.74,154387
IGIL,20260909,320.0,320.0,309.3,311.5,601837
IGL,20260909,154.0,155.15,151.95,152.92,978960
IGPL,20260909,587.95,587.95,555.0,557.2,102555
IIFL,20260909,626.0,628.05,602.25,605.15,4680660
IIFLCAPS,20260909,340.7,341.2,337.6,338.05,492702
IITL,20260909,150.99,150.99,145.25,147.09,95334
IKIO,20260909,219.73,228.78,218.12,219.94,697005
IKS,20260909,1789.0,1849.0,1762.7,1792.1,206160
IL&FSENGG,20260909,36.5,37.8,35.51,37.8,61277
IL&FSTRANS,20260909,2.05,2.16,2.05,2.07,37237
IMAGICAA,20260909,54.5,55.59,53.25,54.8,1005224
IMFA,20260909,1300.0,1313.2,1288.0,1301.2,78027
IMPAL,20260909,1132.4,1154.9,1120.0,1128.7,4177
IMPEXFERRO,20260909,4.99,4.99,4.99,4.99,6684
INA,20260909,94.0,94.0,90.5,90.72,446968
INCREDIBLE,20260909,31.78,32.37,31.22,32.17,2141
INDBANK,20260909,27.7,28.1,26.4,26.61,179876
INDGN,20260909,589.2,591.0,580.85,586.35,239296
INDHOTEL,20260909,716.15,723.25,715.0,722.75,853702
INDIACEM,20260909,354.0,354.95,350.5,351.55,36593
INDIAGLYCO,20260909,301.3,301.3,300.0,301.3,101181
INDIAMART,20260909,1684.0,1697.2,1670.0,1671.9,45330
INDIANB,20260909,858.95,866.7,850.55,856.65,1463841
INDIANCARD,20260909,218.57,218.57,212.6,216.81,791
INDIANHUME,20260909,393.9,394.2,376.4,379.55,45110
INDIASHLTR,20260909,670.95,675.2,658.0,668.2,181931
INDIGO,20260909,4950.0,5009.0,4950.0,4975.0,443075
INDIGOPNTS,20260909,1136.9,1136.9,1105.0,1111.2,55897
INDIQUBE,20260909,202.93,206.96,195.27,204.34,37014
INDNIPPON,20260909,1120.1,1346.7,1111.2,1313.3,1613322
INDOAMIN,20260909,126.95,128.75,124.25,127.25,67298
INDOBORAX,20260909,514.4,522.0,510.0,510.95,92970
INDOCO,20260909,242.0,246.29,229.5,231.18,569994
INDOFARM,20260909,143.5,144.95,139.0,144.18,162637
INDOKEM,20260909,630.0,632.0,615.5,623.45,2754
INDOMIM,20260909,968.95,998.0,947.75,984.55,1874991
INDORAMA,20260909,75.3,88.2,72.76,86.13,7613089
INDOSTAR,20260909,251.0,254.29,245.62,247.49,126856
INDOTECH,20260909,3756.0,3756.0,3650.1,3657.9,8701
INDOTHAI,20260909,41.37,41.37,41.37,41.37,56636
INDOUS,20260909,81.33,81.33,78.0,80.25,18722
INDOWIND,20260909,8.86,9.06,8.86,9.02,113384
INDPRUD,20260909,6270.0,6270.0,6164.5,6164.5,45
INDRAMEDCO,20260909,352.0,362.0,352.0,360.2,217284
INDSWFTLAB,20260909,389.7,404.0,381.35,388.55,704593
INDTERRAIN,20260909,30.45,30.74,29.02,29.34,30788
INDUSINDBK,20260909,994.0,1010.0,994.0,1004.0,996411
INDUSTOWER,20260909,371.75,376.45,369.75,373.7,1765333
INFOBEAN,20260909,159.8,159.8,155.0,155.56,250394
INFOMEDIA,20260909,5.5,5.5,5.25,5.46,6918
INFRA,20260909,12.31,12.31,11.99,12.01,24842
INFRABEES,20260909,947.27,949.26,941.41,944.32,12145
INFRAIETF,20260909,94.46,94.7,93.32,93.91,700571
INFY,20260909,1059.0,1059.0,1026.5,1035.0,13530457
INGERRAND,20260909,4760.0,4825.0,4667.7,4693.5,19820
INNOVACAP,20260909,1200.0,1200.0,1167.0,1188.7,84136
INNOVANA,20260909,298.75,309.95,295.05,303.2,91112
INNOVISION,20260909,268.0,296.45,265.0,280.3,1409333
INOXGREEN,20260909,174.0,177.1,170.97,175.76,1869097
INOXINDIA,20260909,2208.1,2235.9,2174.9,2185.5,100850
INOXWIND,20260909,75.5,77.62,75.5,77.39,18491767
INSECTICID,20260909,603.8,634.9,601.15,623.6,36377
INSPIRISYS,20260909,92.0,92.0,86.0,88.68,10044
INSUREIETF,20260909,14.96,14.96,14.67,14.72,233503
INTELLECT,20260909,693.6,696.25,679.5,684.9,349339
INTENTECH,20260909,79.2,80.4,78.55,78.96,9042
INTERARCH,20260909,1759.9,1788.0,1725.0,1761.0,69673
INTERNET,20260909,14.59,14.68,14.52,14.63,64335
INTLCONV,20260909,79.58,79.58,75.05,76.96,88078
INVENTURE,20260909,0.92,0.94,0.9,0.91,958648
INVPRECQ,20260909,1351.3,1351.3,1351.3,1351.3,562
IOB,20260909,33.43,33.43,32.92,32.98,1407092
IOC,20260909,133.3,136.14,133.06,135.6,5297849
IOLCP,20260909,210.63,216.4,206.55,209.29,4527415
IONEXCHANG,20260909,430.0,444.0,429.0,437.45,786019
IPCALAB,20260909,1956.0,1983.5,1948.0,1963.6,126119
IPL,20260909,134.65,136.98,133.52,136.06,87601
IPRINGLTD,20260909,155.0,167.78,152.5,153.39,4748
IRB,20260909,19.19,19.24,19.05,19.07,5123857
IRCON,20260909,116.53,117.45,115.0,115.08,1372933
IRCTC,20260909,471.95,475.0,469.0,469.5,687597
IREDA,20260909,111.62,112.69,111.62,111.99,2500536
IRFC,20260909,81.9,82.4,81.12,81.39,6686837
IRIS,20260909,257.8,257.8,249.83,253.91,16457
IRISDOREME,20260909,62.03,62.58,60.61,61.3,528736
IRMENERGY,20260909,282.3,285.85,281.0,282.85,58949
ISFT,20260909,82.88,84.17,80.75,82.55,123639
ISGEC,20260909,782.4,790.0,774.55,784.55,16428
ISHANCH,20260909,44.89,45.48,43.41,44.82,22626
ISTLTD,20260909,651.8,670.0,642.0,663.65,938
IT,20260909,33.19,33.19,32.01,32.13,1033397
ITADD,20260909,31.74,31.79,30.6,30.68,50953
ITAXIS,20260909,325.0,328.55,318.25,319.85,6063
ITBEES,20260909,34.1,34.1,32.06,32.15,21960305
ITBETA,20260909,310.0,310.0,304.06,305.6,2381
ITC,20260909,263.65,264.5,260.2,260.8,10065188
ITCHOTELS,20260909,156.65,157.04,155.01,155.31,1636514
ITDC,20260909,634.1,636.4,627.1,629.65,40153
ITETF,20260909,31.73,31.73,30.56,30.64,887118
ITI,20260909,269.0,270.0,266.95,267.45,79954
ITIETF,20260909,33.12,33.12,32.06,32.18,942508
ITL,20260909,363.0,375.0,363.0,364.1,1725
IVALUE,20260909,234.55,237.2,232.1,233.71,80752
IVC,20260909,10.14,10.14,9.9,9.97,386088
IVP,20260909,219.95,222.0,210.31,220.26,18588
IVZBANKNF,20260909,56.49,56.51,56.39,56.42,650
IVZINGOLD,20260909,132.9,133.4,131.5,132.35,9533
IVZINNIFTY,20260909,270.47,270.92,269.37,269.92,238
IVZSENSEX,20260909,77.27,77.27,74.89,75.06,4373
IWP,20260909,35.04,35.4,34.0,34.49,4628
IXIGO,20260909,169.96,171.37,165.28,167.54,1901710
IZMO,20260909,933.8,933.8,907.0,912.3,83938
J&KBANK,20260909,147.88,147.88,145.0,145.81,1426459
JAGRAN,20260909,62.54,62.74,61.97,62.35,154323
JAGSNPHARM,20260909,236.0,239.38,229.02,235.39,69845
JAIBALAJI,20260909,67.82,69.75,67.82,68.7,760934
JAICORPLTD,20260909,98.0,98.97,97.18,97.5,209651
JAINREC,20260909,294.0,302.55,294.0,295.85,1263717
JAIPURKURT,20260909,25.73,25.75,24.4,24.65,37656
JAMNAAUTO,20260909,129.9,131.19,126.49,128.93,1789554
JARO,20260909,440.2,440.95,436.5,437.95,100093
JASH,20260909,522.8,528.0,513.8,518.75,167761
JAYAGROGN,20260909,254.0,265.0,248.0,256.9,140900
JAYBARMARU,20260909,116.1,119.79,114.35,117.28,224099
JAYKAY,20260909,160.49,173.5,159.55,168.94,1531650
JAYKAY-RE1,20260909,81.64,96.95,80.0,89.89,101809
JAYNECOIND,20260909,90.05,92.39,90.05,91.36,3291186
JAYSREETEA,20260909,95.0,95.8,93.93,94.88,48714
JBMA,20260909,617.15,618.9,611.55,614.25,158453
JENBURPH,20260909,1052.5,1052.9,1021.2,1023.7,1113
JETFREIGHT,20260909,20.25,20.72,19.9,20.11,128937
JGCHEM,20260909,612.45,631.0,601.05,619.5,521969
JHS,20260909,8.25,8.4,7.66,8.11,47340
JINDALPHOT,20260909,1021.0,1025.6,1009.6,1019.2,628
JINDALPOLY,20260909,677.0,699.0,670.1,675.7,9912
JINDALSAW,20260909,306.7,315.3,305.2,311.7,1991399
JINDALSTEL,20260909,1139.6,1158.0,1130.6,1146.5,590734
JINDRILL,20260909,675.05,693.0,666.1,673.75,656825
JINDWORLD,20260909,55.02,57.2,53.61,55.44,40892474
JIOFIN,20260909,232.5,232.97,230.63,231.0,10774282
JISLDVREQS,20260909,21.97,21.97,21.05,21.54,23848
JISLJALEQS,20260909,31.0,31.0,30.27,30.51,1453828
JITFINFRA,20260909,309.7,309.7,301.25,304.95,8268
JKCEMENT,20260909,5009.0,5070.0,4960.0,4990.5,34112
JKIL,20260909,488.6,490.0,480.35,483.55,37410
JKIPL,20260909,96.34,96.89,92.25,93.63,18691
JKLAKSHMI,20260909,497.85,500.9,495.2,499.2,56131
JKPAPER,20260909,418.9,418.9,406.8,408.85,353280
JKTYRE,20260909,364.4,364.75,355.5,356.25,661061
JLHL,20260909,283.45,287.0,280.0,282.0,51216
JMA,20260909,90.0,101.0,89.15,97.14,165983
JMFINANCIL,20260909,128.5,128.57,125.7,126.73,1812839
JNKINDIA,20260909,445.0,445.0,428.05,430.85,58816
JNPR,20260909,261.1,262.9,257.0,260.5,500085
JOCIL,20260909,163.99,164.0,145.26,152.29,30735
JPOLYINVST,20260909,992.1,997.95,988.0,994.05,2455
JPPOWER,20260909,16.49,16.81,16.35,16.4,35108812
JSFB,20260909,540.0,542.25,528.7,533.95,268255
JSL,20260909,739.0,794.0,731.0,783.3,6366585
JSLL,20260909,505.45,512.25,499.9,506.2,523561
JSWCEMENT,20260909,120.7,121.45,120.41,120.7,1069054
JSWDULUX,20260909,3184.4,3200.0,3140.1,3179.2,37589
JSWENERGY,20260909,526.5,541.7,521.5,534.8,2167753
JSWHL,20260909,11466.0,11466.0,11300.0,11344.0,877
JSWINFRA,20260909,330.15,343.45,329.1,341.4,5359382
JSWSTEEL,20260909,1303.9,1313.0,1290.1,1310.0,1484708
JTEKTINDIA,20260909,120.15,122.0,120.0,121.26,124349
JTLIND,20260909,90.04,90.04,85.7,87.8,3517545
JUBLCPL,20260909,2192.0,2223.3,2170.0,2191.1,2958
JUBLFOOD,20260909,477.1,479.25,473.0,475.95,712724
JUBLINGREA,20260909,672.3,678.1,656.5,672.75,379943
JUBLPHARMA,20260909,1000.0,1023.5,989.05,1019.0,452808
JUNIORBEES,20260909,771.84,791.99,771.84,789.37,239411
JUNIPER,20260909,217.37,217.37,212.84,213.41,120641
JUSTDIAL,20260909,688.3,688.85,672.2,678.45,149701
JWL,20260909,244.0,245.4,240.5,241.01,491937
JYOTHYLAB,20260909,195.0,196.3,191.24,195.1,516334
JYOTICNC,20260909,1030.35,1055.0,1005.0,1009.05,510588
JYOTIRES,20260909,868.85,877.0,858.05,865.45,5254
JYOTISTRUC,20260909,10.47,10.47,10.0,10.08,4126612
KABRAEXTRU,20260909,656.45,678.95,636.15,662.95,233277
KAJARIACER,20260909,1248.9,1248.9,1234.3,1239.2,80907
KAKATCEM,20260909,111.05,111.05,110.0,110.97,416
KALAMANDIR,20260909,85.3,85.74,84.01,84.92,518967
KALPATARU,20260909,272.2,273.2,263.25,266.35,47149
KALYANIFRG,20260909,926.9,926.9,926.9,926.9,4363
KALYANKJIL,20260909,612.6,617.9,603.3,607.6,7297816
KAMAHOLD,20260909,2318.8,2327.9,2289.0,2297.5,5094
KAMANWALA,20260909,16.5,16.5,16.0,16.0,10891
KAMATHOTEL,20260909,230.0,233.0,223.94,226.46,131332
KAMDHENU,20260909,40.45,40.89,39.0,39.38,732140
KAMOPAINTS,20260909,4.4,4.54,4.4,4.49,180943
KANANIIND,20260909,1.54,1.54,1.5,1.5,135257
KANCHI,20260909,404.9,415.0,390.3,405.5,2531
KANCOTEA,20260909,56.0,56.0,55.95,55.95,202
KANORICHEM,20260909,162.08,166.84,161.55,166.8,94989
KANPRPLA,20260909,243.0,253.7,239.0,251.4,24441
KANSAINER,20260909,191.26,192.56,187.03,191.2,343629
KAPSTON,20260909,570.0,572.7,563.0,564.3,22942
KARMAENG,20260909,37.18,37.89,37.18,37.82,713
KARURVYSYA,20260909,342.4,343.8,337.8,340.6,847197
KAUSHALYA,20260909,851.3,872.0,826.5,872.0,151
KAVDEFENCE,20260909,64.5,67.83,62.2,63.19,283464
KAYA,20260909,356.0,363.0,349.1,350.0,7689
KAYNES,20260909,3624.0,3650.7,3587.5,3615.0,446465
KCP,20260909,161.85,162.44,160.52,161.91,60961
KCPSUGIND,20260909,31.51,32.38,31.15,31.6,70669
KDDL,20260909,3965.0,4000.0,3875.5,3912.2,47930
KDGREEN,20260909,47.0,50.31,46.37,50.01,109479
KEC,20260909,406.0,417.9,389.15,393.2,2065963
KECL,20260909,120.95,125.53,120.6,122.64,87809
KEEPLEARN,20260909,1.91,2.02,1.83,1.93,29739
KEI,20260909,4722.0,4738.0,4610.0,4669.5,773204
KELLTONTEC,20260909,13.78,13.84,13.55,13.65,1101373
KENNAMET,20260909,4691.7,4880.0,4544.8,4746.7,45818
KERNEX,20260909,1730.0,1754.9,1706.0,1716.2,200570
KESORAMIND,20260909,11.55,11.55,11.55,11.55,246526
KEYFINSERV,20260909,252.0,256.4,245.25,247.4,421
KFINTECH,20260909,920.5,921.85,907.7,908.0,539427
KHADIM,20260909,116.1,120.68,115.96,120.68,519530
KHAICHEM,20260909,52.3,53.48,52.28,52.97,110462
KHAITANLTD,20260909,161.0,163.9,158.0,162.87,3223
KHANDSE,20260909,18.4,18.4,17.01,17.7,1179
KICL,20260909,5106.0,5134.5,5001.0,5021.5,1227
KILITCH,20260909,185.02,190.01,182.5,188.45,16972
KIMS,20260909,764.5,781.65,759.35,761.55,481002
KINGFA,20260909,6070.5,6187.0,5975.0,6157.5,23001
KIOCL,20260909,376.5,378.45,372.35,373.75,54759
KIRANVYPAR,20260909,200.0,206.0,194.0,204.87,5835
KIRIINDUS,20260909,596.05,600.5,546.6,550.75,2378104
KIRLFER,20260909,464.15,475.7,455.1,467.25,690407
KIRLOSBROS,20260909,1853.3,1862.5,1836.6,1850.2,18090
KIRLOSENG,20260909,2281.0,2317.1,2198.0,2219.9,438855
KIRLOSIND,20260909,3670.2,3671.8,3606.3,3634.1,3267
KIRLPNU,20260909,741.8,749.85,724.0,724.85,133312
KISSHT,20260909,329.0,333.5,321.5,322.85,1050580
KITEX,20260909,127.1,127.37,125.2,126.68,262578
KJMCFIN,20260909,62.5,63.97,62.0,62.64,285
KKCL,20260909,496.9,516.0,496.9,513.55,35975
KLBRENG-B,20260909,459.0,479.0,450.25,466.4,326009
KMCSHIL,20260909,138.47,139.2,135.0,138.25,71949
KMEW,20260909,2986.0,3037.7,2930.0,2964.0,67251
KMSUGAR,20260909,30.25,30.4,29.61,29.67,149192
KNACK,20260909,183.91,186.04,180.8,182.1,778843
KNAGRI,20260909,202.0,204.2,195.1,198.21,5602
KNRCON,20260909,119.6,124.5,118.51,122.9,1894420
KOHINOOR,20260909,31.5,31.74,30.5,30.87,204820
KOKUYOCMLN,20260909,78.4,79.95,78.2,78.9,19650
KOLTEPATIL,20260909,441.95,451.9,431.15,442.8,92288
KOPRAN,20260909,237.41,238.9,231.39,234.37,363944
KOTAKBANK,20260909,418.2,420.65,413.95,414.0,10886349
KOTARISUG,20260909,29.13,29.13,28.1,28.36,38596
KOTHARIPET,20260909,142.7,150.75,141.76,148.9,251482
KOTHARIPRO,20260909,67.4,68.19,66.0,66.5,5918
KOTIC,20260909,139.9,141.0,134.2,135.54,5193
KOTYARK,20260909,32.0,32.44,31.4,31.77,124336
KOVAI,20260909,6108.0,6188.0,6099.0,6149.5,6798
KPEL,20260909,238.09,241.5,231.5,232.83,384870
KPIGREEN,20260909,294.05,300.35,291.0,291.55,808169
KPIL,20260909,1399.5,1415.0,1385.1,1408.5,132395
KPITTECH,20260909,558.3,559.25,551.25,553.1,1160555
KPL,20260909,3678.9,3798.9,3552.5,3577.0,42952
KPRMILL,20260909,1148.9,1158.8,1128.3,1140.3,239559
KRBL,20260909,434.45,444.6,428.15,434.45,688251
KREBSBIO,20260909,57.4,66.66,57.4,60.14,133291
KRIDHANINF,20260909,2.01,2.05,1.96,2.0,76574
KRISHANA,20260909,182.99,184.5,174.28,181.93,1650580
KRISHIVAL,20260909,419.05,419.05,414.5,417.65,38015
KRISHNADEF,20260909,1120.2,1136.3,1080.0,1087.2,79580
KRITI,20260909,64.35,64.35,60.6,60.95,16043
KRITIKA,20260909,5.33,5.46,5.33,5.37,179616
KRITINUT,20260909,83.8,84.0,81.15,82.05,11043
KRN,20260909,1668.6,1687.0,1586.0,1597.3,186811
KRONOX,20260909,174.81,180.0,166.01,172.55,129647
KROSS,20260909,211.0,220.9,208.91,219.67,793389
KRSNAA,20260909,546.0,565.0,542.55,560.95,114869
KRYSTAL,20260909,658.0,667.65,629.9,634.25,22132
KSB,20260909,824.05,828.0,804.7,806.7,106837
KSCL,20260909,729.0,730.4,720.0,722.05,53257
KSE,20260909,181.99,181.99,176.11,177.85,14563
KSHINTL,20260909,1190.2,1198.0,1128.5,1152.05,300648
KSHITIJPOL,20260909,3.62,3.76,3.44,3.44,1924521
KSL,20260909,906.0,925.0,901.4,910.4,61181
KSOLVES,20260909,265.0,271.8,265.0,269.45,27480
KSR,20260909,38.1,39.19,36.53,39.19,164524
KTKBANK,20260909,334.2,335.7,330.0,331.25,1849893
KUANTUM,20260909,77.93,78.44,75.0,75.61,76052
KUSUMGAR,20260909,565.1,573.95,562.25,564.15,142624
KWIL,20260909,41.07,41.45,40.33,40.84,7073441
LADDERUP,20260909,45.85,54.22,45.85,51.61,11637
LAGNAM,20260909,75.99,76.0,73.0,74.53,3263
LAHOTIOV,20260909,41.04,42.59,41.04,41.37,7847
LAKPRE,20260909,5.58,5.75,5.58,5.74,8804
LAKSHMIMIL,20260909,7979.5,7979.5,7800.0,7800.0,5
LAL,20260909,8.93,9.97,8.65,9.1,67995
LALITHAA,20260909,320.0,339.95,319.95,334.45,16094330
LALPATHLAB,20260909,1905.2,1962.0,1901.2,1919.7,205022
LAMBODHARA,20260909,138.01,139.95,134.0,134.12,5480
LANCER,20260909,12.55,13.0,12.5,12.65,376947
LANCORHOL,20260909,38.4,38.7,36.12,36.13,165995
LANDMARK,20260909,494.35,505.95,487.2,491.5,55947
LANDSMILL,20260909,0.59,0.59,0.55,0.56,2833931
LAOPALA,20260909,170.59,170.97,166.81,167.46,103970
LARGEMID50,20260909,36.69,36.69,35.85,35.9,1823
LASA,20260909,6.71,6.71,6.45,6.52,46913
LASERPOWER,20260909,304.0,307.45,295.3,296.65,697253
LATENTVIEW,20260909,258.05,263.35,254.5,260.15,484772
LATTEYS,20260909,21.25,21.8,21.05,21.52,31941
LAURUSLABS,20260909,1946.9,1955.0,1917.9,1937.0,1822218
LAXMICOT,20260909,13.32,13.69,12.62,13.16,10359
LAXMIDENTL,20260909,197.17,201.79,195.68,201.14,102202
LAXMIINDIA,20260909,130.0,135.2,127.25,132.05,426097
LCCINFOTEC,20260909,3.9,3.9,3.5,3.54,148243
LCL,20260909,556.3,562.9,539.0,544.7,383959
LEAPIND,20260909,149.79,149.79,143.8,144.91,1589038
LEENEE,20260909,7.9,8.08,7.9,8.05,3270
LEMERITE,20260909,21.0,21.7,20.4,21.26,211782
LEMONTREE,20260909,105.13,106.86,105.13,106.17,3466400
LENSKART,20260909,695.0,697.5,681.0,693.9,7262193
LEXUS,20260909,13.8,13.8,13.07,13.35,9261
LFIC,20260909,139.99,166.98,139.65,152.52,189187
LGBBROSLTD,20260909,1749.0,1749.0,1714.1,1729.7,22866
LGEINDIA,20260909,1668.6,1673.0,1640.4,1647.8,285259
LGHL,20260909,177.31,177.31,169.81,172.23,7819
LIBAS,20260909,10.34,10.34,9.91,9.99,9534
LIBERTSHOE,20260909,231.98,240.88,226.81,233.05,47059
LICHSGFIN,20260909,560.0,564.75,550.45,555.0,2616014
LICI,20260909,410.0,410.95,406.55,407.5,5491468
LICMFGOLD,20260909,135.2,137.7,135.2,136.9,381839
LICNETFGSC,20260909,29.38,29.38,29.31,29.37,1812
LICNETFN50,20260909,263.93,265.25,263.93,264.24,159
LICNETFSEN,20260909,851.92,852.79,847.51,849.25,214
LICNFNHGP,20260909,271.8,277.23,269.7,274.86,2136
LICNMID100,20260909,63.26,63.5,62.52,62.77,7891
LIKHITHA,20260909,201.93,230.4,201.9,221.61,1147269
LINC,20260909,100.0,100.0,96.1,98.1,10519
LINCOLN,20260909,639.9,642.9,632.35,637.5,31329
LINDEINDIA,20260909,6401.0,6458.5,6322.0,6352.5,45955
LIQGRWBEES,20260909,1054.8,1054.82,1054.8,1054.8,17440
LIQUID,20260909,999.99,1000.0,999.99,999.99,178482
LIQUID1,20260909,1121.86,1121.86,1121.7,1121.84,1252433
LIQUIDADD,20260909,1143.89,1143.92,1143.89,1143.91,506393
LIQUIDBEES,20260909,1000.0,1000.01,999.99,999.99,2370214
LIQUIDBETA,20260909,1007.41,1007.41,1007.41,1007.41,65
LIQUIDBETF,20260909,1098.01,1098.03,1098.01,1098.02,212223
LIQUIDCASE,20260909,115.83,115.85,115.83,115.83,14342054
LIQUIDETF,20260909,1000.0,1000.01,999.99,999.99,263669
LIQUIDIETF,20260909,999.99,1000.01,999.99,999.99,361471
LIQUIDPLUS,20260909,1102.25,1103.37,1102.25,1102.39,309957
LIQUIDSBI,20260909,999.99,1000.01,999.99,999.99,1758
LIQUIDSHRI,20260909,1120.66,1120.68,1120.66,1120.66,4249
LKPSEC,20260909,14.86,15.9,14.86,15.84,20009
LLOYDSENGG,20260909,81.8,82.47,80.71,81.31,4107410
LLOYDSENT,20260909,71.03,71.99,70.18,70.43,1050080
LLOYDSME,20260909,1799.0,1822.0,1799.0,1807.6,188202
LMW,20260909,18600.0,18600.0,17900.0,18032.0,6787
LODHA,20260909,1203.5,1213.3,1161.0,1166.0,1560777
LOKESHMACH,20260909,365.0,365.0,351.8,356.85,27167
LORDSCHLO,20260909,139.0,141.4,136.1,139.66,18982
LOTUSCHO,20260909,591.0,603.95,581.7,587.7,2898
LOTUSDEV,20260909,199.75,200.9,193.0,197.99,818087
LOTUSEYE,20260909,111.98,112.0,110.05,110.96,4252
LOVABLE,20260909,71.9,71.9,69.5,69.62,8486
LOWVOL,20260909,201.64,201.64,200.73,200.73,482
LOWVOL1,20260909,20.85,20.85,20.5,20.58,415351
LOWVOLIETF,20260909,21.7,21.77,21.52,21.57,4536922
LOYALTEX,20260909,218.0,218.0,214.19,215.81,83
LPDC,20260909,6.29,6.45,6.22,6.38,33202
LT,20260909,3935.3,4020.2,3922.6,3922.6,2954721
LTF,20260909,307.9,314.4,307.0,310.4,2989428
LTFOODS,20260909,453.8,458.5,449.15,453.55,485637
LTGILTBEES,20260909,29.9,29.93,29.88,29.91,1289785
LTGILTCASE,20260909,30.55,30.55,30.4,30.42,134201
LTM,20260909,4399.9,4437.5,4290.0,4412.0,1051263
LTTS,20260909,3375.0,3375.0,3326.1,3364.0,52404
LUMAXIND,20260909,6188.0,6280.0,6120.0,6214.0,10564
LUMAXTECH,20260909,1961.5,2007.6,1937.7,1990.6,117985
LUMINO,20260909,109.6,110.25,105.41,106.32,20414218
LUPIN,20260909,2091.0,2120.0,2090.0,2100.0,596996
LUXIND,20260909,1130.0,1138.8,1118.1,1122.6,14747
LXCHEM,20260909,182.81,185.51,177.9,178.56,1701815
LYKALABS,20260909,83.14,83.14,83.14,83.14,26227
M&M,20260909,3135.3,3151.3,3118.0,3150.0,1050769
M&MFIN,20260909,373.5,374.0,362.2,363.75,2529271
MAANALU,20260909,114.98,116.7,110.5,111.27,125023
MACPOWER,20260909,1884.2,1932.9,1850.0,1863.8,28773
MADHAV,20260909,36.2,36.2,34.81,34.82,3836
MADHAVIPL,20260909,8.1,8.19,7.92,7.96,84238
MADHUCON,20260909,4.62,4.62,4.42,4.52,11044
MADRASFERT,20260909,64.8,64.8,61.5,63.03,66282
MAFANG,20260909,235.9,258.47,223.0,228.06,2290776
MAFATIND,20260909,121.77,123.3,120.26,121.6,19046
MAGADSUGAR,20260909,563.0,566.4,553.05,562.2,10950
MAGNUM,20260909,19.1,19.36,18.55,18.99,24891
MAHABANK,20260909,84.78,84.8,83.6,84.56,11713367
MAHAPEXLTD,20260909,55.03,55.03,50.76,52.53,61068
MAHASTEEL,20260909,1309.9,1340.0,1226.9,1325.6,4953
MAHEPC,20260909,104.18,104.45,102.0,102.14,8957
MAHESHWARI,20260909,72.48,72.48,71.01,71.03,1103
MAHKTECH,20260909,23.66,23.66,22.6,22.8,544833
MAHLIFE,20260909,364.15,373.0,361.2,370.1,147985
MAHLOG,20260909,410.5,412.75,399.2,401.75,106299
MAHSCOOTER,20260909,13354.0,13500.0,13151.0,13270.0,2701
MAHSEAMLES,20260909,679.65,683.2,668.7,676.2,167344
MAITHANALL,20260909,1065.0,1089.9,1035.6,1077.0,283553
MAJESAUT,20260909,355.9,363.0,351.3,360.5,2762
MAKEINDIA,20260909,165.93,165.93,164.6,165.28,23943
MAKERSL,20260909,184.28,191.0,183.0,184.89,1305
MALLCOM,20260909,980.3,983.45,971.25,977.85,3467
MALUPAPER,20260909,34.75,35.1,34.1,34.81,20336
MAMATA,20260909,428.55,439.95,417.5,419.4,100223
MANAKALUCO,20260909,39.65,39.65,38.5,38.74,69652
MANAKCOAT,20260909,123.0,127.9,123.0,126.42,707413
MANAKSIA,20260909,68.9,68.9,65.74,66.21,48915
MANAKSTEEL,20260909,103.9,109.54,103.9,109.54,59230
MANALIPETC,20260909,90.6,92.0,86.5,87.15,3298224
MANAPPURAM,20260909,323.0,328.0,312.3,320.0,6844403
MANBA,20260909,130.92,132.79,129.2,130.16,108399
MANCREDIT,20260909,224.0,224.0,218.24,220.19,141076
MANGALAM,20260909,29.33,31.99,28.51,31.71,64156
MANGLMCEM,20260909,1053.1,1068.0,1034.6,1049.6,86283
MANINDS,20260909,824.9,826.0,784.15,792.55,469853
MANINFRA,20260909,128.0,130.98,127.72,128.72,3598189
MANIPALHOS,20260909,721.3,737.75,719.45,729.95,1112481
MANKIND,20260909,2305.0,2317.6,2250.0,2265.0,266219
MANOMAY,20260909,232.46,235.89,227.38,229.73,147302
MANORAMA,20260909,2132.1,2138.9,2062.5,2093.3,166097
MANORG,20260909,498.9,498.9,476.55,480.7,5184
MANUFGBEES,20260909,163.47,163.68,162.02,162.22,6943
MANUGRAPH,20260909,15.4,15.5,14.68,15.1,5881
MANYAVAR,20260909,575.95,588.9,562.65,581.35,305840
MAPMYINDIA,20260909,968.8,970.0,951.0,955.2,82810
MARALOVER,20260909,67.1,67.89,62.7,64.79,35454
MARATHON,20260909,447.0,448.3,435.2,436.9,92861
MARICO,20260909,821.85,823.0,808.45,813.9,2389739
MARINE,20260909,416.8,431.7,416.8,421.05,483131
MARKOLINES,20260909,178.33,178.37,172.64,173.48,104732
MARKSANS,20260909,336.0,340.0,328.65,330.15,1784442
MARSONS,20260909,131.0,135.8,129.25,135.08,2107683
MARUTI,20260909,12609.0,12692.0,12537.0,12618.0,534832
MASFIN,20260909,290.15,290.15,282.0,288.9,375902
MASKINVEST,20260909,141.2,155.29,140.6,153.29,3699
MASPTOP50,20260909,99.43,111.56,95.85,100.76,2197272
MASTEK,20260909,1654.0,1654.0,1605.0,1623.5,133390
MASTERTR,20260909,91.99,96.5,90.64,93.07,1314880
MATRIMONY,20260909,514.3,528.3,508.0,515.75,15412
MAWANASUG,20260909,141.58,142.11,138.48,139.79,179141
MAXESTATES,20260909,541.65,551.8,531.0,546.1,63029
MAXHEALTH,20260909,992.7,1040.4,992.2,1037.5,4591285
MAXIND,20260909,147.0,150.84,146.5,148.65,57870
MAYURUNIQ,20260909,750.0,760.0,731.15,735.95,98651
MAZDA,20260909,270.8,275.0,260.0,271.7,11617
MAZDOCK,20260909,2451.0,2461.2,2395.0,2408.8,563605
MBAPL,20260909,164.37,165.3,161.06,162.03,370774
MBECL,20260909,299.69,299.69,299.69,299.69,1022
MBEL,20260909,267.7,267.75,263.55,265.15,44511
MBLINFRA,20260909,24.59,24.59,23.05,23.27,15352
MCCHRLS-B,20260909,684.9,684.9,672.0,683.5,41
MCL,20260909,60.0,64.0,58.16,58.95,300265
MCLEODRUSS,20260909,44.96,45.22,44.22,44.54,230024
MCLOUD,20260909,26.0,26.12,25.75,25.94,914261
MCX,20260909,3362.0,3398.0,3323.5,3350.0,2174879
MEDANTA,20260909,1432.1,1487.4,1431.8,1480.4,565564
MEDIASSIST,20260909,327.0,334.75,326.95,328.65,82663
MEDICAMEQ,20260909,287.65,317.35,280.05,312.9,364218
MEDICAPQ,20260909,27.72,30.74,26.99,30.74,101210
MEDICO,20260909,39.23,39.24,34.11,35.44,2383216
MEDPLUS,20260909,664.0,677.95,660.9,669.95,72744
MEESHO,20260909,211.4,217.86,210.5,216.7,17157843
MEGASTAR,20260909,285.0,292.0,280.2,285.1,3673
MEIL,20260909,287.75,289.4,280.25,283.45,24599
MENNPIS,20260909,85.0,85.0,79.21,80.43,158787
MENONBE,20260909,278.55,305.6,276.5,305.5,133876
MEP,20260909,0.68,0.68,0.68,0.68,9555
MERCANTILE,20260909,25.5,25.75,24.06,24.12,112840
MERCURYEV,20260909,38.94,38.94,37.0,37.83,463042
METAL,20260909,13.61,13.61,13.1,13.51,2417735
METALIETF,20260909,13.4,13.51,13.21,13.44,7227949
METROBRAND,20260909,948.95,961.9,932.3,959.0,34602
METROGLOBL,20260909,139.9,142.95,136.02,142.31,105
METROPOLIS,20260909,582.2,605.0,580.7,602.1,472099
MFML,20260909,18.69,19.83,18.18,18.38,1806
MFSL,20260909,1497.0,1497.0,1463.0,1468.5,802373
MGEL,20260909,15.5,17.0,14.51,15.84,14242508
MGL,20260909,1101.5,1109.0,1081.0,1084.3,156163
MHLXMIRU,20260909,164.7,166.0,162.0,164.88,4065
MHRIL,20260909,205.45,206.69,199.0,199.36,258681
MICEL,20260909,36.3,36.3,36.0,36.0,94150
MID150,20260909,22.89,23.9,22.89,23.4,15755
MID150BEES,20260909,233.04,242.0,233.04,238.02,580979
MID150CASE,20260909,11.79,11.79,11.55,11.57,1277038
MIDBANKADD,20260909,17.4,17.46,17.4,17.42,1080
MIDCAP,20260909,18.6,18.68,18.34,18.41,266667
MIDCAPADD,20260909,23.03,23.16,23.0,23.1,7867
MIDCAPBETA,20260909,233.26,236.8,231.97,233.03,774
MIDCAPETF,20260909,23.6,23.62,23.43,23.52,10482815
MIDCAPIETF,20260909,23.86,23.99,23.77,23.86,493061
MIDHANI,20260909,473.85,474.9,454.9,463.8,5087063
MIDQ50ADD,20260909,24.71,24.71,24.49,24.54,37381
MIDSELIETF,20260909,19.9,19.92,19.7,19.78,257690
MIDSMALL,20260909,51.92,52.0,51.53,51.64,140549
MIDWESTLTD,20260909,1084.2,1084.2,1055.0,1059.1,13692
MIIL,20260909,709.2,714.95,666.55,688.4,116329
MILKYMIST,20260909,274.94,274.94,262.18,265.56,8108465
MINALIND,20260909,5.88,5.88,5.78,5.78,198559
MINDACORP,20260909,710.0,710.35,697.05,700.8,140743
MINDTECK,20260909,165.0,167.09,162.04,162.68,24891
MIRZAINT,20260909,30.5,32.3,30.5,31.28,202011
MITCON,20260909,81.4,88.85,81.4,82.27,56492
MITTAL,20260909,0.88,0.92,0.87,0.88,1286326
MKEXIM,20260909,65.89,66.5,62.57,64.88,40623
MKPL,20260909,4.05,4.05,4.0,4.03,67490
MLKFOOD,20260909,86.0,87.4,82.5,84.97,1232
MMFL,20260909,613.75,628.75,609.4,616.95,91871
MMP,20260909,475.7,483.0,453.0,460.25,82983
MMTC,20260909,63.29,63.62,62.5,62.76,972735
MMWL,20260909,13.99,14.26,13.4,13.83,42797
MNC,20260909,33.18,33.18,32.81,32.89,75533
MOALPHA50,20260909,56.57,56.73,56.18,56.57,5752
MOBANK10,20260909,16.5,16.66,16.48,16.55,8406
MOBIKWIK,20260909,193.87,198.9,192.25,195.3,671589
MOCAPITAL,20260909,54.52,54.52,53.71,53.99,471099
MODEFENCE,20260909,110.0,110.82,108.4,108.87,3730401
MODINATUR,20260909,363.0,363.0,345.0,349.1,3983
MODIRUBBER,20260909,126.89,129.4,124.0,125.89,3150
MODIS,20260909,377.05,379.95,370.0,371.45,18094
MODISONLTD,20260909,515.0,522.4,481.0,490.3,268225
MODTHREAD,20260909,53.9,54.7,53.05,53.91,3023
MOENERGY,20260909,38.4,38.79,38.32,38.7,154383
MOGOLD,20260909,150.6,151.25,148.8,150.25,21158
MOGSEC,20260909,65.69,65.7,65.13,65.14,315
MOHEALTH,20260909,52.6,52.98,51.95,52.14,56801
MOHITE,20260909,2.78,2.84,2.66,2.74,90916
MOHITIND,20260909,24.4,24.8,23.0,23.23,6998
MOIL,20260909,251.69,254.2,250.0,251.95,587080
MOINFRA,20260909,58.68,59.04,58.39,58.41,10295
MOIPO,20260909,48.88,48.91,48.66,48.81,3095
MOKSH,20260909,9.95,10.99,9.95,10.3,224126
MOL,20260909,66.0,66.0,63.18,63.54,1003497
MOLBIO,20260909,1119.0,1293.5,1111.5,1257.9,9414132
MOLDTECH,20260909,218.27,224.4,210.0,212.51,35303
MOLDTKPAC,20260909,694.0,699.95,685.15,690.2,63868
MOLOWVOL,20260909,35.7,35.7,35.42,35.59,2171
MOM100,20260909,68.1,68.1,67.36,67.61,235846
MOM30IETF,20260909,32.31,32.31,31.23,31.54,471630
MOM50,20260909,250.2,250.2,245.94,246.16,14108
MOMENTUM,20260909,31.25,31.74,31.03,31.57,229971
MOMENTUM30,20260909,31.2,31.2,30.91,31.15,676856
MOMENTUM50,20260909,55.18,55.18,54.74,54.96,554699
MOMETAL,20260909,13.18,13.9,13.18,13.4,27345
MOMGF,20260909,162.49,162.58,161.3,162.24,310
MOMIDMTM,20260909,64.81,65.0,64.65,64.92,82906
MOMMIDCAP,20260909,13.12,13.17,13.05,13.12,753302
MOMNC,20260909,32.06,32.06,31.86,32.0,27509
MOMOMENTUM,20260909,62.79,63.3,62.51,62.68,62660
MOMSBELIEF,20260909,222.0,236.0,216.93,229.81,420436
MON100,20260909,353.31,354.9,335.16,340.57,1496649
MON50EQUAL,20260909,32.71,33.33,32.59,32.77,4858
MONARCH,20260909,381.7,381.7,369.9,370.95,113673
MONEXT50,20260909,73.84,74.84,72.62,72.96,2015
MONEYBOXX,20260909,57.0,57.0,44.81,44.81,349519
MONIFTY100,20260909,24.9,24.96,24.62,24.8,577647
MONIFTY500,20260909,24.31,24.31,23.5,23.6,1387568
MONQ50,20260909,198.0,234.92,196.0,213.01,1928274
MONTECARLO,20260909,562.15,563.8,548.35,553.3,88323
MOOILGAS,20260909,11.25,11.25,11.01,11.08,8445
MOPSE,20260909,99.46,103.0,99.37,99.77,10786
MOQUALITY,20260909,201.26,201.26,197.32,197.32,1279
MOREALTY,20260909,97.0,97.0,87.55,87.89,2572749
MOREPENLAB,20260909,117.04,118.5,113.68,116.54,12527070
MOSCHIP,20260909,213.52,215.0,210.61,211.41,1353450
MOSERVICE,20260909,30.18,30.96,30.08,30.18,6383
MOSILVER,20260909,231.0,231.0,228.9,229.79,25038
MOSMALL250,20260909,18.46,18.65,18.44,18.5,628553
MOTHERSON,20260909,162.99,165.04,162.5,163.7,6002467
MOTILALOFS,20260909,1049.5,1049.6,1019.0,1025.0,489071
MOTISONS,20260909,16.22,16.73,16.06,16.25,31830543
MOTOGENFIN,20260909,27.45,27.45,26.8,27.04,71800
MOTOUR,20260909,78.26,78.26,77.07,77.19,10418
MOVALUE,20260909,114.48,114.48,111.4,112.0,54956
MPDL,20260909,33.3,33.79,30.59,30.59,233
MPHASIS,20260909,2325.7,2326.6,2286.8,2307.5,288892
MPSLTD,20260909,2763.9,2806.7,2678.2,2783.4,31308
MRF,20260909,128400.0,129090.0,127545.0,128315.0,2834
MRPL,20260909,173.19,186.99,173.19,184.46,47490869
MSCI360,20260909,10.07,10.16,9.95,10.15,1082
MSCIADD,20260909,29.0,29.13,28.97,29.13,857
MSCIINDIA,20260909,29.44,29.5,29.26,29.31,7010
MSL,20260909,134.5,149.0,134.5,148.0,307
MSPL,20260909,34.6,35.1,34.2,34.43,1130276
MSTCLTD,20260909,778.55,787.05,757.0,764.1,218533
MSUMI,20260909,36.53,37.05,36.43,36.72,9188167
MTARTECH,20260909,7900.0,7945.0,7410.0,7501.0,147151
MTEDUCARE,20260909,1.96,1.96,1.78,1.93,46802
MTNL,20260909,25.35,25.44,25.15,25.21,501277
MUFIN,20260909,135.26,135.99,134.2,134.83,444682
MUFTI,20260909,73.91,75.59,72.35,74.66,98309
MUKANDLTD,20260909,136.7,141.0,135.21,139.69,172124
MUKESHB,20260909,127.01,135.0,127.0,135.0,106
MUKKA,20260909,30.49,31.2,28.16,29.86,1716557
MUKTAARTS,20260909,55.8,58.99,55.8,58.1,3237
MULTICAP,20260909,17.1,17.1,16.58,16.6,1640327
MUNJALAU,20260909,112.11,113.07,109.33,109.83,418680
MUNJALSHOW,20260909,130.38,130.38,127.3,128.19,21573
MURUDCERA,20260909,28.55,32.09,28.0,30.83,50558
MUTHOOTCAP,20260909,234.47,236.0,233.0,235.33,5157
MUTHOOTFIN,20260909,2854.1,2865.3,2795.6,2815.0,1027017
MUTHOOTMF,20260909,202.0,202.0,196.0,197.1,242835
MVELECTRO,20260909,887.85,948.0,880.0,917.5,16480312
MVGJL,20260909,208.0,224.33,201.6,214.64,1334420
MWL,20260909,37.87,38.5,37.2,37.76,254374
MYSORPETRO,20260909,146.75,147.09,140.09,147.09,7751
NACLIND,20260909,160.23,169.78,160.0,164.32,553243
NAGREEKCAP,20260909,23.0,23.38,22.3,22.66,1392
NAGREEKEXP,20260909,22.21,22.75,21.92,22.42,4404
NAHARCAP,20260909,258.0,262.0,254.5,257.65,1663
NAHARINDUS,20260909,135.92,138.52,133.34,134.1,15546
NAHARPOLY,20260909,239.02,242.19,236.0,236.55,6160
NAHARSPING,20260909,278.5,281.2,276.4,277.3,26272
NAM-INDIA,20260909,1188.1,1190.0,1158.0,1164.8,588058
NARMADA,20260909,14.6,14.86,14.21,14.59,457162
NATCAPSUQ,20260909,196.0,196.0,190.0,194.26,11298
NATCOPHARM,20260909,827.9,838.9,815.2,826.3,537495
NATHBIOGEN,20260909,152.01,153.48,149.11,151.67,9450
NATIONALUM,20260909,372.0,386.0,371.65,377.6,9139475
NATIONSTD,20260909,113.0,115.44,110.1,114.4,69353
NAUKRI,20260909,1281.0,1286.6,1255.0,1267.0,1281379
NAVA,20260909,555.35,580.0,555.05,561.15,309952
NAVINFLUOR,20260909,8740.0,8949.5,8700.0,8775.5,294169
NAVKARCORP,20260909,94.55,95.71,94.02,94.3,176714
NAVKARURB,20260909,0.9,0.93,0.88,0.89,383531
NAVNETEDUL,20260909,130.07,131.08,126.0,127.0,181942
NAZARA,20260909,367.75,378.0,363.0,374.4,1723096
NBCC,20260909,85.3,85.52,83.5,83.6,5699936
NBIFIN,20260909,1963.4,2075.0,1961.0,1993.0,9475
NCC,20260909,148.5,148.9,144.93,145.33,1300153
NCLIND,20260909,175.25,181.85,175.25,179.12,27116
NDGL,20260909,2775.0,2799.0,2725.0,2727.6,44
NDL,20260909,2.93,3.0,2.88,2.93,1338011
NDLVENTURE,20260909,128.4,128.99,123.0,124.69,22755
NDRAUTO,20260909,721.0,721.0,706.05,714.9,8117
NDTV,20260909,73.03,74.49,72.21,73.73,77952
NEAGI,20260909,3470.1,3470.1,3470.0,3470.0,29
NECCLTD,20260909,19.25,19.8,19.25,19.59,156794
NECLIFE,20260909,12.39,12.39,11.93,11.98,122330
NELCAST,20260909,114.4,117.0,113.0,113.94,47071
NELCO,20260909,975.8,992.1,953.3,958.3,381192
NEOGEN,20260909,2216.0,2336.4,2216.0,2255.2,234288
NEPHROPLUS,20260909,744.1,757.7,725.75,733.45,204496
NESCO,20260909,1101.0,1124.9,1091.4,1096.9,42607
NESTLEIND,20260909,1400.5,1405.9,1389.2,1393.0,994121
NETF,20260909,258.9,258.9,255.15,255.83,7172
NETWEB,20260909,5100.0,5127.5,4881.5,4898.5,1696353
NETWORK18,20260909,27.25,27.33,26.83,26.92,3339531
NEUEON,20260909,12.3,12.4,11.61,11.9,17728
NEULANDLAB,20260909,24000.0,24225.0,23000.0,23195.0,57976
NEWGEN,20260909,512.5,516.55,504.35,512.85,587106
NEXT30ADD,20260909,42.81,42.81,42.39,42.7,24711
NEXT50,20260909,755.07,756.08,750.93,753.29,29774
NEXT50ADD,20260909,73.36,73.49,73.11,73.43,417
NEXT50BETA,20260909,78.91,78.91,78.51,78.75,60519
NEXT50ETF,20260909,71.99,74.2,71.99,73.89,9452
NEXT50IETF,20260909,75.2,77.3,75.2,77.0,501933
NEXTMEDIA,20260909,3.9,3.99,3.75,3.88,19254
NFL,20260909,70.24,70.37,69.7,69.98,421662
NGIL,20260909,37.36,39.75,34.75,35.04,43179
NGLFINE,20260909,2811.6,2834.2,2750.0,2758.3,2466
NH,20260909,1899.9,1920.6,1872.0,1890.6,179466
NHPC,20260909,75.9,77.89,75.9,76.69,17730521
NIACL,20260909,205.22,210.2,201.38,205.51,10799389
NIBE,20260909,1331.0,1337.7,1310.0,1313.3,25348
NIBL,20260909,30.37,31.47,30.01,30.6,18028
NICCOPAR,20260909,79.0,81.0,78.33,80.27,1769
NIF100BEES,20260909,263.3,263.3,261.52,262.29,57443
NIF100IETF,20260909,27.7,27.7,27.52,27.6,115573
NIF500BETA,20260909,37.13,37.16,37.06,37.08,912
NIFTY1,20260909,263.0,263.0,260.9,261.13,147677
NIFTY100EW,20260909,34.73,35.84,34.64,35.0,38017
NIFTYADD,20260909,249.28,249.28,247.5,247.86,16177
NIFTYAXIS,20260909,262.15,262.15,260.0,260.47,72587
NIFTYBEES,20260909,269.43,269.68,267.9,268.15,7537478
NIFTYBETA,20260909,262.88,262.88,260.28,260.87,65235
NIFTYBETF,20260909,243.84,243.84,241.7,242.2,2211
NIFTYCASE,20260909,9.75,9.75,9.43,9.45,1416249
NIFTYETF,20260909,256.9,257.02,255.53,255.83,160962
NIFTYIETF,20260909,268.27,268.27,266.52,266.76,901843
NIFTYJBLK,20260909,12.44,12.44,12.03,12.05,179458
NIFTYQLITY,20260909,20.94,21.09,20.86,20.92,38855
NIITLTD,20260909,95.2,96.28,93.71,94.99,153514
NIITMTS,20260909,223.51,225.0,220.0,221.54,53748
NILAINFRA,20260909,6.73,7.8,6.61,6.8,433326
NILASPACES,20260909,12.81,12.98,11.97,12.16,3056613
NILE,20260909,1450.7,1490.8,1450.7,1479.7,1800
NILKAMAL,20260909,2101.6,2123.5,2045.1,2056.7,13217
NIMBSPROJ,20260909,147.46,155.87,141.04,155.84,6680
NINSYS,20260909,709.0,717.9,704.1,710.75,3177
NIPPOBATRY,20260909,324.6,328.3,321.0,323.0,460
NIRAJ,20260909,28.18,29.2,28.0,28.07,10845
NIRAJISPAT,20260909,332.55,332.55,332.55,332.55,68
NIRLON,20260909,619.65,624.75,617.6,619.7,5143
NITCO,20260909,93.43,94.0,92.1,92.53,262356
NITINSPIN,20260909,660.95,663.0,647.2,651.25,109474
NITIRAJ,20260909,232.0,232.0,225.0,229.46,3604
NITTAGELA,20260909,1672.0,1689.2,1650.4,1667.0,2041
NIVABUPA,20260909,80.48,80.84,79.2,79.59,371286
NKIND,20260909,60.01,60.1,58.0,58.07,341
NLCINDIA,20260909,275.0,282.3,270.75,271.55,4901961
NMDC,20260909,84.7,85.89,84.53,85.8,14151248
NOCIL,20260909,184.0,189.5,181.0,188.28,2843821
NOIDATOLL,20260909,4.05,4.05,3.96,4.02,76812
NORBTEAEXP,20260909,67.05,68.9,66.27,67.2,2111
NORTHARC,20260909,312.0,312.0,303.55,308.35,1054140
NOVAAGRI,20260909,23.3,23.79,23.01,23.12,32545
NOVARTIND,20260909,1873.7,2186.4,1851.0,2186.4,785816
NPBET,20260909,284.0,292.4,282.82,292.4,427
NPST,20260909,1743.4,1745.0,1621.0,1680.5,71432
NRAIL,20260909,649.9,650.0,604.95,611.2,41453
NRBBEARING,20260909,490.0,495.0,478.55,484.55,309450
NRL,20260909,128.0,133.0,128.0,129.5,45722
NSIL,20260909,5650.0,5667.5,5600.5,5621.0,1373
NSLNISP,20260909,45.2,45.65,44.82,45.04,5018996
NTCIND,20260909,139.0,139.0,130.6,132.41,3559
NTPC,20260909,331.1,337.5,330.9,334.5,11795145
NTPCGREEN,20260909,87.98,89.25,87.95,88.03,2698297
NUCLEUS,20260909,713.0,717.15,704.7,706.1,9393
NURECA,20260909,316.55,334.0,316.55,334.0,12839
NUVAMA,20260909,1829.0,1829.0,1765.1,1781.3,271476
NUVOCO,20260909,340.0,343.1,332.1,334.75,302497
NV20,20260909,13.77,13.77,13.6,13.62,205240
NV20BEES,20260909,137.75,137.75,136.11,136.53,29712
NV20IETF,20260909,13.69,13.69,13.27,13.3,776400
NYKAA,20260909,340.8,343.0,338.25,343.0,4010750
OAL,20260909,531.0,553.0,522.2,540.3,79289
OBCL,20260909,54.51,55.99,54.5,55.98,1427
OBEROIRLTY,20260909,1821.0,1836.2,1796.1,1800.0,222585
OCCLLTD,20260909,164.84,168.8,163.0,164.68,76133
ODIGMA,20260909,21.99,22.9,21.6,22.47,26469
ODYCORP,20260909,6.66,7.45,6.66,7.17,51147
OFSS,20260909,11762.0,11762.0,11550.0,11630.0,156426
OIL,20260909,498.0,504.9,496.0,498.95,2471923
OILCOUNTUB,20260909,63.0,63.0,61.74,61.74,8254
OILIETF,20260909,11.21,11.27,11.17,11.24,887967
OLAELEC,20260909,37.4,37.57,37.06,37.31,19057493
OLECTRA,20260909,1218.0,1230.0,1203.0,1206.6,256924
OMAXAUTO,20260909,178.7,179.0,172.21,175.79,90664
OMAXE,20260909,128.9,128.9,120.77,121.36,1138054
OMFREIGHT,20260909,87.75,89.0,87.0,87.75,2731
OMINFRAL,20260909,81.6,82.94,81.05,81.67,37997
OMNI,20260909,522.2,551.0,521.1,534.6,1142132
OMPOWER,20260909,170.92,171.56,168.01,168.7,34790
ONEGLOBAL,20260909,550.0,550.0,525.05,540.4,11378
ONELIFECAP,20260909,30.09,32.0,29.17,31.93,68506
ONEPOINT,20260909,56.08,58.7,55.11,58.07,847505
ONESOURCE,20260909,1590.0,1617.0,1510.1,1530.1,2411313
ONGC,20260909,237.8,239.27,234.02,234.02,12781171
ONIDA,20260909,34.7,34.73,33.9,34.26,346700
ONIXSOLAR,20260909,446.0,462.8,446.0,455.3,462195
ONMOBILE,20260909,48.25,48.25,47.3,47.35,20520
ONWARDTEC,20260909,285.75,290.0,280.3,285.75,35966
OPTIEMUS,20260909,552.4,556.7,540.05,541.95,80387
OPTIFIN,20260909,14.23,15.0,13.55,14.2,18983
ORBTEXP,20260909,231.5,237.99,231.5,233.0,709
ORCHASP,20260909,1.43,1.49,1.38,1.42,417732
ORCHPHARMA,20260909,975.8,1035.1,969.6,1024.85,161851
ORICONENT,20260909,53.16,53.97,51.88,52.08,18760
ORIENTALTL,20260909,5.09,5.17,5.02,5.12,107809
ORIENTBELL,20260909,413.6,422.5,395.8,420.1,41864
ORIENTCEM,20260909,127.2,127.9,125.72,126.28,241975
ORIENTCER,20260909,45.1,48.89,44.0,47.3,353849
ORIENTELEC,20260909,176.0,176.99,171.2,175.11,324397
ORIENTHOT,20260909,140.54,140.82,139.27,139.98,724013
ORIENTLTD,20260909,80.5,82.5,80.5,81.86,3456
ORIENTPPR,20260909,18.29,18.42,17.81,17.93,288440
ORIENTTECH,20260909,233.43,233.52,229.0,229.65,89252
ORIRAIL,20260909,127.75,129.29,125.94,126.65,59102
ORISSAMINE,20260909,4191.1,4201.4,4141.5,4153.5,4202
ORKLAINDIA,20260909,590.0,593.85,582.2,586.3,44801
ORTINGLOBE,20260909,15.54,16.29,15.53,15.53,2934
OSIAHYPER,20260909,2.41,2.49,2.39,2.45,387005
OSWALAGRO,20260909,37.24,37.24,35.1,35.83,21502
OSWALGREEN,20260909,20.11,20.34,20.1,20.15,77391
OSWALPUMPS,20260909,274.8,287.75,273.0,282.75,704387
OSWALSEEDS,20260909,12.38,13.31,11.81,13.08,295909
PACEDIGITK,20260909,159.7,163.5,158.8,160.68,802379
PACIFICI,20260909,141.0,142.0,134.0,141.79,313
PAGEIND,20260909,35825.0,35825.0,35200.0,35395.0,15250
PAISALO,20260909,77.76,80.5,77.11,79.92,21010428
PAKKA,20260909,78.99,81.0,76.7,78.13,152118
PALASHSECU,20260909,88.11,89.9,87.99,88.86,1181
PALREDTEC,20260909,53.75,53.75,50.66,50.75,1209
PANACEABIO,20260909,394.8,400.0,388.1,393.8,143042
PANACHE,20260909,510.1,525.0,510.0,525.0,5506
PANAMAPET,20260909,484.8,505.0,481.1,498.4,791161
PANCHMAHQ,20260909,290.0,290.0,290.0,290.0,62
PANORAMA,20260909,48.2,49.32,45.5,47.56,198297
PANSARI,20260909,287.55,303.1,280.0,281.2,909
PAR,20260909,134.37,134.37,134.37,134.37,18033
PARACABLES,20260909,69.74,70.9,66.05,66.45,3622562
PARADEEP,20260909,159.51,160.65,157.5,157.92,1680376
PARAGMILK,20260909,254.9,256.0,252.3,253.6,521490
PARAS,20260909,1510.8,1547.4,1459.0,1470.0,1212712
PARASPETRO,20260909,2.13,2.23,2.13,2.18,135723
PARKHOSPS,20260909,282.4,285.65,281.15,281.85,209305
PARKHOTELS,20260909,113.28,113.28,110.97,111.64,62584
PARNAXLAB,20260909,116.0,134.95,116.0,130.0,1921
PARSVNATH,20260909,1.66,1.66,1.66,1.66,131882
PASHUPATI,20260909,82.7,82.7,80.0,81.0,41925
PASUPTAC,20260909,66.79,69.1,66.16,67.91,68933
PATANJALI,20260909,341.55,341.55,338.7,341.0,967972
PATELENG,20260909,26.91,27.22,26.75,27.1,1587356
PATELRMART,20260909,215.6,216.95,213.35,214.93,67218
PATINTLOG,20260909,13.44,13.44,13.02,13.15,17082
PAUSHAKLTD,20260909,775.75,780.0,741.6,754.3,32142
PAVNAIND,20260909,16.18,16.49,14.66,15.17,297906
PAYTM,20260909,1677.0,1758.9,1676.1,1751.5,8247684
PBMPOLY,20260909,60.0,61.0,59.51,60.86,478
PCBL,20260909,330.9,341.5,326.15,334.95,6364541
PCJEWELLER,20260909,13.6,14.08,13.45,13.87,697754870
PDMJEPAPER,20260909,99.56,99.61,94.57,96.74,293437
PDSL,20260909,344.0,354.05,341.95,345.7,233662
PEARLPOLY,20260909,16.0,16.0,15.57,15.61,5371
PENIND,20260909,180.62,181.42,176.21,178.08,603270
PENINLAND,20260909,16.23,16.23,15.3,15.56,70378
PERMAGN,20260909,864.8,864.8,838.05,843.3,5717
PERNIASPOP,20260909,558.0,567.0,537.0,563.9,677914
PERSISTENT,20260909,5490.0,5490.0,5372.5,5419.0,599190
PETRONET,20260909,285.8,288.5,284.15,285.9,1133536
PFC,20260909,354.35,355.3,350.1,351.4,5426791
PFIZER,20260909,4310.7,4318.0,4158.4,4171.0,125703
PFOCUS,20260909,314.95,321.35,310.35,316.3,761243
PFS,20260909,27.7,27.75,26.99,27.21,430257
PGEL,20260909,553.5,557.15,539.45,542.5,1621300
PGHH,20260909,7730.0,7768.5,7600.0,7615.0,8659
PGHL,20260909,5598.0,5598.0,5451.0,5475.0,8071
PGIL,20260909,2369.1,2388.7,2215.5,2277.9,97199
PHARMABEES,20260909,26.96,28.4,26.96,27.5,3758240
PHOENIXLTD,20260909,1892.0,1915.9,1865.2,1885.3,299790
PHOENXINTL,20260909,29.6,30.2,29.06,30.2,2017
PICCADIL,20260909,612.65,612.65,595.6,599.8,223548
PIDILITIND,20260909,1579.0,1585.6,1566.0,1572.0,276995
PIGL,20260909,98.4,109.73,98.4,104.98,332177
PIIND,20260909,2395.0,2402.0,2367.6,2394.0,100714
PILANIINVS,20260909,4261.7,4303.9,4021.3,4109.8,18239
PILITA,20260909,7.9,8.11,7.48,7.85,63380
PINELABS,20260909,170.4,176.7,167.7,175.08,40668170
PIONEEREMB,20260909,21.51,21.51,20.51,20.83,11385
PIONRINV,20260909,88.0,88.0,85.5,85.5,7392
PIRAMALFIN,20260909,2319.0,2326.4,2278.1,2310.5,220456
PITTIENG,20260909,1175.3,1194.9,1164.5,1171.6,132385
PIXTRANS,20260909,1720.0,1761.9,1715.5,1746.4,13287
PKTEA,20260909,976.85,1160.0,880.0,1136.3,59199
PLASTIBLEN,20260909,191.59,193.42,187.2,189.3,13063
PLATIND,20260909,230.47,232.0,225.0,226.04,88798
PLAZACABLE,20260909,55.61,59.68,55.61,59.68,110358
PML,20260909,483.0,502.0,480.3,487.95,433
PNB,20260909,115.25,117.0,115.25,115.61,11691129
PNBGILTS,20260909,81.25,81.33,79.0,79.46,283795
PNBHOUSING,20260909,1165.5,1169.2,1138.2,1142.0,320435
PNC,20260909,16.8,16.8,16.35,16.56,14249
PNCINFRA,20260909,177.0,180.83,176.42,179.0,281660
PNGJL,20260909,628.0,628.85,609.3,611.45,402965
PNGSREVA,20260909,548.65,550.45,513.25,519.7,265641
POCL,20260909,471.0,479.4,465.0,466.95,581693
PODDARMENT,20260909,312.75,315.0,294.0,295.85,18372
POEL,20260909,144.99,145.97,142.21,143.02,24202
POKARNA,20260909,785.9,786.65,768.3,779.35,84126
POLICYBZR,20260909,1800.0,1814.7,1787.5,1800.0,1177932
POLYCAB,20260909,8373.5,8407.0,8302.0,8354.0,198567
POLYMED,20260909,1732.6,1750.4,1720.1,1724.0,75116
POLYPLEX,20260909,1147.0,1158.8,1135.1,1140.0,36081
PONNIERODE,20260909,381.05,381.8,370.25,373.2,51562
POONAWALLA,20260909,450.0,451.85,444.35,448.6,963582
POWERGRID,20260909,265.0,269.25,264.5,265.85,11738891
POWERICA,20260909,539.4,552.3,529.25,547.1,255922
POWERINDIA,20260909,31195.0,31590.0,31025.0,31580.0,94112
POWERMECH,20260909,2418.0,2493.4,2402.0,2430.1,123045
PPAP,20260909,251.6,251.8,242.1,244.4,17448
PPL,20260909,278.0,287.75,273.0,287.55,79281
PPLPHARMA,20260909,227.0,227.75,217.1,218.0,3881596
PRABHA,20260909,254.0,262.8,242.46,246.58,597234
PRADPME,20260909,488.0,497.9,481.0,487.85,8320
PRAENG,20260909,22.5,23.69,22.5,22.92,36814
PRAJIND,20260909,338.0,338.0,324.85,326.7,676653
PRAKASH,20260909,127.9,128.19,125.47,126.41,437689
PRAKASHSTL,20260909,3.76,3.82,3.75,3.8,85139
PRAVEG,20260909,274.05,276.85,261.05,263.8,31869
PRAXIS,20260909,4.78,4.78,4.6,4.72,161749
PRECAM,20260909,121.4,122.12,119.2,119.91,107492
PRECOT,20260909,675.6,686.2,658.2,660.15,9739
PRECWIRE,20260909,479.0,479.5,468.15,474.35,390910
PREMCO,20260909,392.0,398.5,385.05,386.05,896
PREMEXPLN,20260909,679.0,679.0,664.05,666.6,572139
PREMIER,20260909,2.78,2.88,2.65,2.87,33610
PREMIERENE,20260909,990.9,994.5,972.0,975.9,583491
PREMIERPOL,20260909,91.1,93.0,88.18,89.73,201085
PRESTIGE,20260909,1554.2,1557.9,1534.1,1540.4,499802
PRICOLLTD,20260909,758.0,758.0,740.3,745.8,304363
PRIMESECU,20260909,279.9,282.95,276.2,280.1,22760
PRIMO,20260909,20.63,21.74,20.26,21.27,162572
PRINCEPIPE,20260909,284.35,286.45,280.25,280.75,111190
PRIORITY,20260909,215.0,229.45,215.0,229.45,352389
PRISMX,20260909,0.57,0.58,0.55,0.57,231327
PRITI,20260909,33.35,34.0,32.2,33.47,5987
PRITIKAUTO,20260909,15.15,15.24,14.8,15.08,146467
PRIVISCL,20260909,3474.5,3565.0,3454.5,3537.9,130119
PROSTARM,20260909,135.91,136.88,133.92,135.64,119684
PROTEAN,20260909,499.65,499.85,491.05,493.35,135622
PROZONER,20260909,48.9,50.5,47.81,49.88,263133
PRSMJOHNSN,20260909,112.6,113.35,111.61,112.45,308878
PRUDENT,20260909,3252.0,3329.8,3251.0,3302.5,11980
PRUDMOULI,20260909,17.6,17.6,16.31,16.72,1635
PSB,20260909,22.86,22.88,22.6,22.64,610285
PSPPROJECT,20260909,865.4,896.0,865.4,879.95,48818
PSUBANK,20260909,83.5,84.93,83.5,83.96,579398
PSUBANKADD,20260909,85.0,85.25,84.51,84.81,7250
PSUBNKBEES,20260909,93.51,94.25,93.3,93.58,1220617
PSUBNKIETF,20260909,85.0,85.51,84.65,84.83,67078
PTC,20260909,153.91,154.59,152.78,153.12,1062150
PTCIL,20260909,23750.0,23950.0,22680.0,22780.0,31474
PTL,20260909,38.41,38.78,38.0,38.03,35094
PUNJABCHEM,20260909,1097.9,1104.0,1086.0,1096.1,3866
PURVA,20260909,215.1,217.0,213.02,216.25,167897
PVP,20260909,63.5,65.9,60.87,64.54,2883236
PVRINOX,20260909,1231.3,1232.0,1161.5,1169.2,564590
PVSL,20260909,102.04,102.04,100.1,100.6,12038
PVTBANIETF,20260909,27.8,27.8,27.5,27.55,4144284
PVTBANK,20260909,27.48,27.56,27.33,27.4,4949
PVTBANKADD,20260909,27.86,27.96,27.7,27.82,25064
PVTBKGROWW,20260909,27.41,27.6,27.41,27.44,3418
PWL,20260909,126.0,126.8,123.57,125.37,4582078
PYRAMID,20260909,152.04,153.54,150.0,150.51,31370
QGOLDHALF,20260909,126.03,126.67,125.5,126.0,167434
QMSMEDI,20260909,158.27,158.27,151.0,151.8,11377
QNIFTY,20260909,260.14,260.67,258.2,258.85,6728
QPOWER,20260909,1520.7,1568.0,1493.2,1513.2,176606
QUADFUTURE,20260909,440.9,452.0,433.05,439.85,584350
QUAL30IETF,20260909,20.78,20.83,20.61,20.63,83422
QUALITY30,20260909,20.39,20.41,20.3,20.34,2039
QUESS,20260909,335.1,358.0,332.55,355.0,821596
QUICKHEAL,20260909,153.0,154.66,151.27,152.36,70585
QUINT,20260909,40.4,40.4,38.67,39.51,5717
RACE,20260909,97.0,99.6,95.0,96.38,2903
RACLGEAR,20260909,1530.0,1647.8,1523.1,1633.9,98666
RADAAN,20260909,2.97,3.03,2.91,2.94,16689
RADHIKAJWE,20260909,87.96,91.99,85.02,87.14,5875923
RADIANTCMS,20260909,41.23,41.23,39.87,40.25,687614
RADICO,20260909,4459.5,4477.5,4396.6,4414.0,212920
RADIOCITY,20260909,6.09,7.33,5.9,6.47,196732
RAILTEL,20260909,267.0,268.15,262.95,263.8,434791
RAIN,20260909,219.5,230.0,218.67,222.5,11435273
RAINBOW,20260909,1445.0,1474.7,1440.8,1451.1,97345
RAJESHEXPO,20260909,80.39,82.61,78.56,79.05,100479
RAJMET,20260909,3.32,3.35,3.21,3.29,350812
RAJOOENG,20260909,53.7,56.35,52.05,55.9,449747
RAJPALAYAM,20260909,785.05,785.05,760.0,762.65,4229
RAJRATAN,20260909,496.8,529.95,490.55,520.85,285802
RAJRILTD,20260909,21.34,21.75,21.02,21.42,1165
RAJSREESUG,20260909,35.03,36.19,35.03,35.22,26724
RAJTV,20260909,8.6,8.79,8.21,8.21,103033
RALLIS,20260909,204.5,205.75,202.62,204.01,450078
RAMANEWS,20260909,33.9,34.5,32.66,32.69,11958
RAMAPHO,20260909,124.5,125.59,122.55,123.07,10645
RAMASTEEL,20260909,4.09,4.09,4.09,4.09,1269165
RAMBHAJO,20260909,274.8,285.0,271.13,277.98,714676
RAMCOCEM,20260909,871.55,876.1,859.2,866.85,177473
RAMCOIND,20260909,320.8,321.9,315.1,319.45,89199
RAMCOSYS,20260909,609.15,609.5,595.0,596.7,58410
RAMKY,20260909,338.0,341.45,336.55,339.0,15041
RAMRAT,20260909,529.7,538.5,525.0,527.35,184999
RANASUG,20260909,14.9,14.96,14.77,14.8,200511
RANEHOLDIN,20260909,1677.0,1703.9,1659.0,1686.4,15103
RATEGAIN,20260909,860.0,862.0,835.0,841.4,497731
RATNAMANI,20260909,2814.1,2873.8,2715.1,2859.2,126387
RATNAVEER,20260909,298.0,303.0,290.8,299.9,2550769
RAYMOND,20260909,834.5,834.5,773.5,808.45,5497465
RAYMONDLSL,20260909,720.0,732.0,664.5,670.45,1149008
RAYMONDREL,20260909,586.0,596.15,563.6,580.65,684383
RBA,20260909,95.0,101.25,94.64,100.5,7327768
RBLBANK,20260909,415.3,420.4,414.7,416.0,3908840
RBZJEWEL,20260909,179.5,189.0,172.13,173.6,240256
RCF,20260909,112.6,113.19,112.26,112.64,668920
RCOM,20260909,0.92,0.93,0.91,0.93,4345641
RECLTD,20260909,316.55,317.35,313.6,314.5,3145078
REDINGTON,20260909,376.0,382.7,374.05,378.05,4173283
REDTAPE,20260909,115.0,117.15,113.15,116.57,321602
REFEX,20260909,275.25,276.75,271.1,273.15,177778
REGAAL,20260909,87.87,87.87,84.5,85.8,260510
REGENCERAM,20260909,33.56,35.87,32.51,35.49,2140
RELAXO,20260909,332.25,333.9,325.1,326.1,121497
RELCHEMQ,20260909,116.0,116.0,113.3,115.38,994
RELIABLE,20260909,141.93,142.5,133.21,135.9,26731
RELIANCE,20260909,1283.5,1294.7,1277.2,1279.0,12152819
RELIGARE,20260909,252.47,257.44,248.68,256.65,1660145
RELINFRA,20260909,57.0,58.0,55.86,55.86,231937
RELTD,20260909,154.9,156.69,150.5,151.94,99769
REMSONSIND,20260909,97.82,99.13,96.32,98.1,54465
RENUKA,20260909,25.11,25.2,24.12,24.35,15123230
REPCOHOME,20260909,364.85,364.85,355.35,356.8,94098
REPL,20260909,61.0,62.5,60.1,60.1,2275
REPRO,20260909,321.65,321.8,312.0,314.0,2610
RESPONIND,20260909,147.15,175.2,144.88,169.59,12729406
RETAIL,20260909,17.2,17.35,16.5,17.24,2101
RGL,20260909,149.01,150.9,145.25,147.19,394708
RHETAN,20260909,28.51,28.9,26.6,26.6,55311416
RHFL,20260909,1.84,1.84,1.77,1.8,467505
RHIM,20260909,373.0,387.55,370.05,376.9,559435
RHL,20260909,165.5,169.0,165.5,167.0,532
RICOAUTO,20260909,132.38,133.2,129.36,130.42,679050
RIIL,20260909,730.8,738.3,723.3,724.95,44392
RIR,20260909,185.0,191.5,181.82,184.9,932071
RISHABH,20260909,802.0,852.0,802.0,815.9,379932
RITCO,20260909,322.9,327.7,312.0,317.45,142503
RITES,20260909,212.12,213.5,210.63,211.13,329531
RKDL,20260909,18.36,18.36,18.2,18.21,5500
RKEC,20260909,20.2,20.8,19.75,19.96,40247
RKFORGE,20260909,701.2,728.8,696.4,720.7,806230
RKSWAMY,20260909,96.0,96.0,93.0,93.04,34636
RMC,20260909,226.19,229.66,220.2,222.51,49359
RMDRIP,20260909,24.04,24.04,22.94,23.89,526283
RML,20260909,1395.0,1408.8,1356.2,1364.3,77426
RNBDENIMS,20260909,10.04,10.04,9.6,9.67,203219
ROHLTD,20260909,313.8,313.8,302.4,304.75,16081
ROLEXRINGS,20260909,175.3,177.89,172.82,175.47,946177
ROLLT,20260909,4.95,4.95,4.56,4.7,763266
ROML,20260909,42.36,42.39,42.0,42.18,394
ROSSARI,20260909,454.6,459.45,450.3,452.1,42336
ROSSELLIND,20260909,56.1,57.65,55.0,57.19,66742
ROSSTECH,20260909,1220.0,1241.7,1185.5,1193.7,189157
ROTO,20260909,65.44,67.4,64.37,65.67,863803
ROUTE,20260909,500.0,506.3,497.1,502.75,76517
RPEL,20260909,1694.9,1714.0,1662.0,1670.8,57819
RPGLIFE,20260909,2848.0,2961.9,2796.1,2812.0,51216
RPOWER,20260909,21.69,22.9,21.62,22.01,72139512
RPPINFRA,20260909,54.0,63.62,53.0,62.0,1013641
RPPL,20260909,22.78,22.78,21.71,21.8,39516
RPSGVENT,20260909,810.0,888.8,803.15,863.7,136757
RPTECH,20260909,818.0,820.4,784.75,794.6,390735
RRECL,20260909,130.0,133.0,130.0,132.04,450
RRIL,20260909,16.12,16.48,16.01,16.1,8537
RRKABEL,20260909,2450.0,2465.4,2411.0,2419.8,386308
RSDFIN,20260909,95.0,97.9,93.1,97.59,1738
RSL,20260909,191.75,192.77,187.31,190.09,144256
RSSOFTWARE,20260909,29.65,29.92,29.24,29.48,18618
RSWM,20260909,223.3,225.0,215.5,218.2,58589
RSYSTEMS,20260909,245.02,248.74,238.63,243.27,260433
RTNINDIA,20260909,28.09,28.18,27.43,27.61,1379212
RTNPOWER,20260909,7.27,7.4,7.23,7.25,18178604
RTSPOWR,20260909,88.0,90.0,88.0,88.66,941
RUBFILA,20260909,70.44,70.94,67.5,67.89,99559
RUBICON,20260909,1868.1,1868.2,1792.5,1810.5,189015
RUBYMILLS,20260909,454.8,488.3,444.55,474.85,50253
RUCHINFRA,20260909,5.74,5.74,5.53,5.6,39452
RUCHIRA,20260909,112.15,112.15,109.11,109.8,53343
RUDRA,20260909,19.78,20.33,19.75,19.98,25516
RUPA,20260909,141.5,143.29,140.2,141.03,97808
RUSHIL,20260909,16.27,16.34,15.8,16.07,286105
RUSTOMJEE,20260909,356.3,358.95,351.0,352.35,29197
RVHL,20260909,40.0,42.0,39.75,40.23,9927
RVNL,20260909,206.82,209.45,206.11,207.0,3171906
RVTH,20260909,752.45,799.0,752.45,787.3,4161
S&SPOWER,20260909,351.1,359.9,333.4,342.05,7426
SAATVIKGL,20260909,415.95,419.9,410.05,416.0,25784
SAB,20260909,192.5,192.5,183.0,183.0,51
SADBHAV,20260909,7.98,8.38,7.9,8.3,286011
SADBHIN,20260909,2.61,2.62,2.55,2.55,44394
SADHNANIQ,20260909,2.78,2.81,2.78,2.81,1051201
SAFARI,20260909,1533.0,1543.9,1499.9,1534.2,36130
SAGARDEEP,20260909,24.23,24.23,23.49,23.7,6387
SAGCEM,20260909,152.81,155.0,149.82,150.94,52413
SAGILITY,20260909,45.7,45.7,44.83,45.2,9776027
SAHLIBHFI,20260909,85.9,86.32,80.26,82.88,34749
SAHYADRI,20260909,385.55,385.55,375.0,377.05,11550
SAICAPI,20260909,154.15,154.15,144.2,144.2,472
SAIL,20260909,185.98,189.4,185.36,186.4,13768193
SAILIFE,20260909,1647.3,1697.0,1642.0,1675.4,1332770
SAIPARENT,20260909,524.9,533.45,521.35,526.15,68600
SAKAR,20260909,1169.0,1178.95,1114.0,1152.35,141701
SAKHTISUG,20260909,19.81,19.92,19.2,19.55,96334
SAKSOFT,20260909,149.98,152.5,147.3,151.41,243104
SAKUMA,20260909,1.63,1.64,1.59,1.6,538066
SALASAR,20260909,5.14,5.15,5.05,5.08,3215266
SALONA,20260909,261.95,269.0,255.1,264.25,246
SALSTEEL,20260909,79.01,80.85,77.0,79.19,697277
SALZERELEC,20260909,550.55,558.85,548.25,552.15,21705
SAMBANDAM,20260909,122.0,122.0,113.01,113.01,633
SAMBHAAV,20260909,5.71,6.03,5.71,5.78,21822
SAMBHV,20260909,128.05,132.6,127.57,130.44,2972046
SAMHI,20260909,155.9,156.2,151.82,152.43,989725
SAMMAANCAP,20260909,153.0,153.24,149.81,150.13,4799914
SAMPANN,20260909,24.47,24.59,23.75,23.99,13466
SANATHAN,20260909,475.0,488.05,472.0,480.35,243757
SANDESH,20260909,1051.1,1069.9,1020.0,1028.7,2318
SANDHAR,20260909,628.5,634.85,621.0,625.0,92102
SANDUMA,20260909,195.8,202.95,195.75,201.01,974554
SANGAMIND,20260909,579.05,595.0,572.05,581.8,16843
SANGHVIMOV,20260909,440.0,450.35,437.7,443.05,171856
SANGINITA,20260909,63.13,63.13,63.13,63.13,59507
SANOFI,20260909,3114.5,3124.9,3100.0,3104.2,13834
SANOFICONR,20260909,4099.8,4099.8,4033.0,4049.5,11920
SANSERA,20260909,4013.8,4170.0,3955.0,4135.9,470508
SANSTAR,20260909,109.0,111.47,108.5,108.99,126988
SANWARIA,20260909,0.2,0.2,0.19,0.19,450381
SAPPHIRE,20260909,225.35,233.3,224.72,227.61,1393585
SAPPL,20260909,283.0,291.5,275.05,287.5,1192
SARDAEN,20260909,520.0,554.7,519.05,545.85,5268817
SAREGAMA,20260909,497.0,516.5,493.9,500.55,742876
SARLAPOLY,20260909,102.48,103.5,100.5,101.46,45112
SARVESHWAR,20260909,4.16,4.17,3.74,3.78,7131865
SASKEN,20260909,1897.0,1897.5,1840.0,1857.1,16837
SATIA,20260909,66.5,68.19,66.21,66.51,119974
SATIN,20260909,216.0,219.0,213.02,214.88,148870
SAURASHCEM,20260909,56.35,56.66,55.5,55.78,23875
SAYAJIHOTL,20260909,299.0,316.0,295.0,302.35,108
SAYAJIIND,20260909,116.0,116.0,116.0,116.0,66
SBC,20260909,47.04,49.0,47.04,48.68,12797508
SBCL,20260909,1112.0,1163.5,1108.6,1136.5,383467
SBFC,20260909,97.35,99.99,96.15,99.59,1121688
SBGLP,20260909,24.52,24.7,23.67,23.99,30066
SBIBPB,20260909,49.31,49.31,48.59,48.72,4978966
SBICARD,20260909,665.35,674.45,657.25,668.4,2199393
SBIETFCON,20260909,120.97,120.97,118.77,119.01,2629
SBIETFIT,20260909,329.96,329.97,319.95,320.89,20685
SBIETFPB,20260909,285.89,285.89,278.77,280.11,2460
SBIETFQLTY,20260909,219.53,219.53,217.75,218.0,1205
SBIFUNDS,20260909,553.7,557.0,550.0,552.65,653948
SBILIFE,20260909,1703.6,1703.6,1676.0,1684.0,1020022
SBILIQETF,20260909,1055.15,1055.17,1055.15,1055.16,5892
SBIMIDMOM,20260909,64.09,64.5,63.74,63.99,55241
SBIN,20260909,999.0,1012.2,992.4,1000.5,7091386
SBINEQWETF,20260909,32.88,32.88,32.47,32.8,31916
SBINMID150,20260909,23.28,23.28,22.8,23.09,16113
SBISILVER,20260909,227.5,229.17,226.91,227.94,1523756
SBISMLETF,20260909,18.41,18.78,18.26,18.48,32248
SBIVALETF,20260909,14.57,14.68,14.57,14.62,10839
SCANSTL,20260909,58.39,58.97,56.0,56.32,46663
SCHAEFFLER,20260909,3954.0,3979.7,3912.0,3933.8,76961
SCHAND,20260909,137.99,137.99,132.3,135.01,21258
SCHNEIDER,20260909,1229.7,1235.0,1186.0,1193.8,184315
SCI,20260909,288.7,291.2,287.0,287.35,1073224
SCILAL,20260909,38.78,39.0,38.27,38.43,141169
SCODATUBES,20260909,130.0,132.9,129.01,130.99,228232
SCPL,20260909,662.2,680.0,643.0,648.1,15443
SDBL,20260909,72.39,73.5,71.25,71.68,408987
SEAMECLTD,20260909,1788.7,1812.2,1769.1,1772.6,97645
SECMARK,20260909,148.4,149.45,138.4,141.47,4964
SECURKLOUD,20260909,17.4,17.4,16.5,16.96,12897
SEDEMAC,20260909,2852.6,2869.8,2813.5,2850.4,80637
SEIL,20260909,200.01,200.01,193.06,195.28,205180
SEJALLTD,20260909,656.4,657.0,645.2,645.6,2864
SEKURITIND,20260909,113.8,114.19,110.25,111.7,29556
SELECTIPO,20260909,48.88,48.88,48.52,48.59,55023
SELMC,20260909,28.81,31.89,27.91,29.25,335077
SEMAC,20260909,273.45,285.0,273.4,279.85,512
SENCO,20260909,360.0,363.7,354.45,355.8,534010
SENORES,20260909,1519.9,1525.0,1460.2,1488.6,233104
SENSEXADD,20260909,77.64,77.7,77.22,77.68,9684
SENSEXAXIS,20260909,79.28,79.28,77.4,77.73,3092
SENSEXBETA,20260909,839.29,840.0,831.9,834.77,3870
SENSEXETF,20260909,78.17,78.17,77.31,77.42,49785
SENSEXIETF,20260909,870.0,870.01,862.51,863.68,12977
SEPC,20260909,5.34,5.44,5.31,5.36,6609217
SERVOTECH,20260909,79.9,79.9,77.12,77.84,367678
SESHAPAPER,20260909,244.29,245.4,241.5,243.68,74510
SETCO,20260909,16.74,17.42,16.41,17.18,60538
SETF10GILT,20260909,264.01,265.29,263.52,264.18,6790
SETFGOLD,20260909,129.65,130.26,129.08,129.83,4242284
SETFNIF50,20260909,252.65,257.91,252.65,253.43,1608380
SETFNIFBK,20260909,582.83,583.9,580.05,581.06,26284
SETFNN50,20260909,776.51,784.73,776.5,782.29,41835
SETL,20260909,402.0,424.7,401.4,424.7,1743094
SETUINFRA,20260909,0.64,0.64,0.64,0.64,61858
SEYAIND,20260909,12.47,12.47,12.02,12.47,3290
SFL,20260909,681.6,698.6,676.0,687.0,377404
SGFIN,20260909,675.2,687.0,668.25,678.8,153142
SGIL,20260909,597.9,609.0,578.7,600.55,10782
SGL,20260909,10.06,10.33,9.81,10.07,33380
SGLRES,20260909,2.53,2.58,2.4,2.47,49785
SGMART,20260909,809.5,816.0,766.9,772.9,336290
SGRL,20260909,702.95,708.0,653.5,665.9,15678
SHADOWFAX,20260909,249.0,253.5,246.25,251.2,2461406
SHAH,20260909,3.42,3.61,3.25,3.51,4466881
SHAHALLOYS,20260909,95.11,102.95,95.09,100.53,239381
SHAILY,20260909,3410.0,3487.7,3391.6,3455.0,243432
SHAKTIPUMP,20260909,472.0,477.4,466.05,467.8,389496
SHALBY,20260909,149.82,152.0,147.6,148.48,87527
SHALPAINTS,20260909,84.99,85.5,82.0,83.86,110746
SHANKARA,20260909,148.99,148.99,147.5,148.29,61629
SHANKESH,20260909,95.58,99.0,95.13,97.93,3732363
SHANTI,20260909,6.64,6.64,6.15,6.26,12792
SHANTIGEAR,20260909,711.5,739.05,687.5,707.75,936332
SHANTIGOLD,20260909,264.28,268.8,260.0,261.29,1281587
SHARDACROP,20260909,797.0,797.4,782.0,783.5,90922
SHARDAMOTR,20260909,890.75,921.75,885.05,909.3,72950
SHARDUL,20260909,54.03,55.0,53.7,54.06,17322
SHAREINDIA,20260909,170.2,196.6,168.71,189.46,28867559
SHARIABEES,20260909,445.0,446.04,438.5,439.96,13292
SHBAJRG,20260909,155.9,159.98,154.0,158.99,4905
SHEKHAWATI,20260909,17.6,17.65,16.5,17.58,43958
SHEMAROO,20260909,125.31,125.99,122.52,123.32,5243
SHERVANI,20260909,305.0,324.85,305.0,310.35,6
SHILCTECH,20260909,4239.9,4239.9,4063.0,4089.2,15750
SHILGRAVQ,20260909,151.0,153.0,151.0,151.61,826
SHILPAMED,20260909,959.9,974.95,954.1,960.6,694978
SHINDL,20260909,161.7,161.88,160.0,160.76,153215
SHIPROCKET,20260909,134.78,136.0,131.23,132.37,4190927
SHIVAAGRO,20260909,43.05,43.05,40.6,41.99,1176
SHIVACEM,20260909,16.12,16.12,15.8,15.89,45230
SHIVALIK,20260909,322.0,384.9,318.3,384.9,471778
SHIVAMAUTO,20260909,17.03,17.8,16.7,16.86,34231
SHIVAMILLS,20260909,62.0,62.25,59.86,60.47,2344
SHIVATEX,20260909,177.1,179.0,164.1,176.64,4458
SHIVAUM,20260909,464.05,465.0,460.55,464.35,1445
SHK,20260909,145.88,148.87,143.94,144.98,298967
SHOPERSTOP,20260909,384.7,384.7,377.7,379.3,8498
SHRADDHA,20260909,153.98,156.4,148.0,151.05,5567
SHRADHA,20260909,30.66,31.49,30.0,30.84,9114
SHREDIGCEM,20260909,71.2,72.0,70.6,70.96,94661
SHREECEM,20260909,23160.0,23240.0,22900.0,22950.0,12133
SHREEJISPG,20260909,695.2,715.0,695.1,713.1,735559
SHREEPUSHK,20260909,513.4,513.9,499.1,501.2,46803
SHREERAMA,20260909,42.8,49.91,41.14,45.0,417234
SHRENIK,20260909,0.29,0.3,0.28,0.29,443723
SHREYANIND,20260909,133.5,135.45,132.0,132.98,6056
SHRIKRISH,20260909,37.16,39.0,36.1,36.15,223
SHRINGARMS,20260909,218.0,220.0,216.51,218.7,104841
SHRIPISTON,20260909,4438.2,4525.0,4390.0,4500.8,101461
SHRIRAMFIN,20260909,1018.2,1034.8,1013.0,1029.0,3641454
SHRIRAMPPS,20260909,74.43,74.95,72.2,72.51,410646
SHRJAGP,20260909,637.0,665.95,622.25,652.0,253
SHUKRAPHAR,20260909,54.98,57.44,54.17,56.1,2827806
SHYAMCENT,20260909,5.0,5.1,4.95,4.97,31051
SHYAMMETL,20260909,1080.5,1090.3,1070.3,1073.7,153996
SHYAMTEL,20260909,11.06,11.97,10.72,11.43,4155
SICAGEN,20260909,57.15,58.95,54.95,56.36,42516
SICALLOG,20260909,101.85,103.25,99.71,100.56,14315
SIEL,20260909,29.55,29.55,29.34,29.35,346
SIEMENS,20260909,3932.0,4003.0,3911.8,3949.1,378664
SIGACHI,20260909,34.54,35.8,34.26,35.27,3396501
SIGIND,20260909,70.99,72.0,68.0,70.52,17737
SIGMA,20260909,47.2,48.0,45.7,45.83,112657
SIGMAADV,20260909,788.0,789.0,750.0,755.1,155489
SIGNATURE,20260909,785.0,794.1,775.65,786.8,172473
SIGNPOST,20260909,265.6,284.0,259.6,270.75,1028495
SIKA,20260909,1015.15,1019.05,985.6,993.4,26269
SIKKO,20260909,5.53,5.63,5.32,5.58,702986
SIL,20260909,19.19,19.29,18.26,18.35,75317
SILGO,20260909,71.5,72.91,70.55,71.09,309476
SILINV,20260909,453.0,465.0,453.0,461.45,1855
SILLYMONKS,20260909,15.96,16.49,15.96,16.0,31902
SILVER,20260909,232.39,233.64,231.33,232.45,554586
SILVER001,20260909,23.45,23.6,22.51,23.5,10116
SILVER1,20260909,22.55,22.7,22.48,22.61,7579686
SILVER360,20260909,227.28,229.99,226.15,229.05,25160
SILVERADD,20260909,22.48,22.58,22.33,22.42,2795835
SILVERAG,20260909,223.1,227.79,223.1,226.5,73101
SILVERAXIS,20260909,229.96,232.48,229.96,231.19,153962
SILVERBEES,20260909,221.49,223.65,221.49,222.59,13917585
SILVERBETA,20260909,221.5,225.83,221.5,224.56,301611
SILVERBND,20260909,233.05,234.89,231.84,233.12,12000
SILVERCASE,20260909,23.36,23.71,23.36,23.6,7178481
SILVERIETF,20260909,230.88,233.49,230.88,232.34,1953780
SILVERTUC,20260909,161.0,165.65,157.99,159.96,418255
SIMBHALS,20260909,7.5,7.5,7.35,7.35,4635
SIMPLEXINF,20260909,256.05,264.55,255.1,259.35,75525
SIMPLXREA,20260909,140.9,140.9,127.9,132.23,6
SINCLAIR,20260909,84.0,84.79,81.38,82.96,54639
SINDHUTRAD,20260909,25.0,25.42,24.55,24.99,11179609
SINGERIND,20260909,75.95,76.39,74.11,74.38,32579
SINTERCOM,20260909,81.85,85.0,80.97,83.9,8585
SIRCA,20260909,435.35,437.0,429.2,430.6,201874
SIS,20260909,427.0,433.8,425.25,426.55,365193
SITINET,20260909,0.28,0.29,0.28,0.28,339048
SIYSIL,20260909,550.1,553.85,527.1,530.45,80328
SJS,20260909,2280.0,2304.9,2258.5,2295.2,88371
SJVN,20260909,65.95,68.33,65.59,66.88,5367026
SKFINDIA,20260909,1534.8,1552.7,1525.9,1533.5,26668
SKFINDUS,20260909,2940.0,3039.8,2935.7,2971.7,36285
SKIPPER,20260909,604.0,616.8,590.1,593.95,1704618
SKMEGGPROD,20260909,252.15,254.95,249.0,250.9,123540
SKYGOLD,20260909,825.0,839.0,810.1,832.2,1092277
SKYWAYS,20260909,110.5,117.95,109.33,113.59,5424457
SMALL250,20260909,18.95,18.95,18.49,18.52,431576
SMALLADD,20260909,18.59,18.84,18.25,18.61,20581
SMALLCAP,20260909,49.49,49.6,49.22,49.35,1617862
SMALLGROWW,20260909,49.95,49.95,49.3,49.43,4260
SMALLIETF,20260909,18.79,18.79,18.49,18.52,21712
SMARTLINK,20260909,215.0,215.0,205.0,209.47,5421
SMARTWORKS,20260909,557.15,558.0,541.1,547.95,63358
SMCGLOBAL,20260909,85.0,85.47,83.22,83.93,804605
SML100CASE,20260909,11.61,11.61,11.39,11.41,733407
SMLMAH,20260909,6325.0,6629.0,6290.0,6570.0,134865
SMLT,20260909,62.5,63.65,62.1,62.15,2857
SMSPHARMA,20260909,405.0,417.7,402.05,407.3,523724
SNOWMAN,20260909,36.83,37.2,36.33,36.82,75581
SNXT30BEES,20260909,42.44,43.0,42.2,42.55,15467
SNXT50BETA,20260909,94.83,95.1,93.1,94.62,1586
SOBHA,20260909,1255.0,1255.0,1224.0,1229.5,40274
SOFTTECH,20260909,446.95,446.95,430.15,441.65,2570
SOLARA,20260909,700.0,707.95,688.05,690.5,271068
SOLARINDS,20260909,22515.0,22625.0,22230.0,22355.0,94443
SOLARWORLD,20260909,149.0,149.0,145.05,145.59,109693
SOLEX,20260909,729.8,729.8,712.8,715.6,16403
SOMANYCERA,20260909,558.0,561.75,551.6,553.5,93463
SOMATEX,20260909,86.98,86.98,84.0,84.05,7478
SOMICONVEY,20260909,90.55,91.99,90.5,90.87,7428
SONACOMS,20260909,803.05,806.4,792.55,799.5,549181
SONAL,20260909,88.85,89.4,88.5,88.58,125
SONAMLTD,20260909,73.0,76.0,73.0,74.65,127225
SONATSOFTW,20260909,274.15,274.15,265.3,267.7,909749
SOTL,20260909,681.35,698.2,675.4,689.6,375794
SOUTHBANK,20260909,46.51,46.96,46.14,46.41,8187411
SOUTHWEST,20260909,230.5,244.4,224.17,226.81,1192055
SPAL,20260909,1048.8,1054.9,1002.0,1012.5,128022
SPANDANA,20260909,239.0,239.0,232.02,232.61,88510
SPARC,20260909,204.0,204.0,200.07,200.58,519851
SPCENET,20260909,3.63,3.65,3.53,3.57,573087
SPECIALITY,20260909,134.44,136.0,131.5,135.13,17330
SPECTRUM,20260909,2591.0,2741.6,2571.0,2741.6,22007
SPELS,20260909,147.33,148.45,145.0,145.65,22324
SPENCERS,20260909,29.89,29.98,29.0,29.22,9742
SPIC,20260909,71.07,71.48,69.95,70.13,398972
SPLIL,20260909,30.81,31.4,30.0,31.33,4330
SPLPETRO,20260909,828.0,837.6,810.0,813.55,196496
SPMLINFRA,20260909,176.42,179.1,173.0,173.93,206020
SPORTKING,20260909,215.99,219.97,212.22,217.39,171997
SRD,20260909,39.06,40.0,38.9,39.33,20414
SREEL,20260909,288.0,345.01,287.5,345.01,635232
SRF,20260909,2519.8,2532.0,2509.7,2520.0,68501
SRGHFL,20260909,244.9,244.9,233.0,243.75,5845
SRHHYPOLTD,20260909,528.0,537.5,527.05,531.9,14320
SRIKPRIND,20260909,33.97,33.97,30.75,32.26,10151
SRM,20260909,462.9,462.9,450.0,452.85,43801
SRTL,20260909,37.78,37.88,36.8,37.02,24830
SSDL,20260909,57.12,57.79,56.07,56.54,20816
SSWL,20260909,374.95,379.05,369.15,371.45,676147
STALLION,20260909,218.7,223.4,215.1,223.4,201491
STANLEY,20260909,139.25,140.5,137.01,138.41,74144
STAR,20260909,1187.4,1217.0,1181.3,1195.7,376096
STARCEMENT,20260909,194.94,194.94,190.4,192.32,260534
STARHEALTH,20260909,576.5,576.5,561.75,571.95,289071
STARPAPER,20260909,161.5,163.0,157.5,159.17,8830
STARTECK,20260909,249.95,250.15,243.1,246.15,142
STCINDIA,20260909,115.5,115.5,113.1,113.74,11312
STEELCAS,20260909,333.8,336.2,320.35,324.8,78377
STEELCITY,20260909,83.4,84.29,82.5,84.07,5821
STEELXIND,20260909,11.61,12.89,11.47,12.0,57173683
STEL,20260909,605.15,607.6,577.6,590.0,4063
STERTOOLS,20260909,218.0,219.0,215.0,217.42,11117
STLNETWORK,20260909,31.95,33.2,30.71,33.2,12406425
STLSTRINF,20260909,18.2,19.5,18.2,18.64,1642
STLTECH,20260909,815.0,865.9,796.05,865.9,4381757
STOVEKRAFT,20260909,845.0,849.8,830.55,839.3,77414
STUDDS,20260909,421.85,424.0,410.0,414.6,46514
STYL,20260909,385.4,398.2,375.35,388.75,178377
STYLAMIND,20260909,3348.0,3430.0,3321.0,3382.3,26241
STYLEBAAZA,20260909,387.0,405.0,383.05,397.7,821639
STYRENIX,20260909,2124.9,2155.0,2102.7,2146.5,47541
SUBEXLTD,20260909,19.3,20.28,17.61,18.8,23896769
SUBROS,20260909,696.3,738.75,692.6,729.0,96607
SUDARCOLOR,20260909,385.5,385.5,380.0,380.55,3623
SUDARSCHEM,20260909,1224.6,1278.0,1218.0,1262.3,371328
SUDEEPPHRM,20260909,1354.2,1363.0,1277.0,1277.3,318567
SUKHJITS,20260909,160.7,164.95,158.3,160.03,91683
SULA,20260909,144.1,144.1,138.4,139.35,1328109
SUMEDHA,20260909,41.48,41.48,38.05,40.01,1112
SUMEETINDS,20260909,11.41,11.5,11.26,11.28,957437
SUMICHEM,20260909,489.9,492.0,477.8,481.75,294934
SUMIT,20260909,51.4,51.4,48.6,49.99,11078
SUMMITSEC,20260909,1410.7,1460.5,1402.5,1411.8,7674
SUNCLAY,20260909,1285.5,1305.0,1285.0,1286.0,3555
SUNDARAM,20260909,1.21,1.22,1.19,1.2,366921
SUNDARMFIN,20260909,4689.2,4740.6,4645.1,4728.0,24537
SUNDRMBRAK,20260909,731.8,741.8,722.0,730.55,263
SUNDRMFAST,20260909,1260.0,1265.0,1214.8,1219.4,99959
SUNDROP,20260909,652.3,674.85,651.5,668.1,50091
SUNFLAG,20260909,340.0,340.0,329.35,331.35,129992
SUNLOC,20260909,77.0,80.52,77.0,78.0,189
SUNPHARMA,20260909,1892.6,1898.6,1864.9,1864.9,1396896
SUNRAKSHAK,20260909,370.5,377.5,370.5,372.7,6679
SUNSHIEL,20260909,1259.9,1259.9,1180.8,1225.3,1041
SUNSHINE,20260909,490.05,498.6,476.35,481.2,850225
SUNTECK,20260909,295.8,296.95,290.45,291.7,85230
SUNTV,20260909,453.95,457.9,447.7,449.3,194146
SUPERHOUSE,20260909,168.5,189.0,167.04,180.05,73213
SUPERSPIN,20260909,6.87,7.2,6.8,7.01,28818
SUPRAJIT,20260909,478.7,488.5,465.0,485.45,99934
SUPREME,20260909,37.95,37.95,34.8,35.17,245015
SUPREMEENG,20260909,3.21,3.21,3.21,3.21,222519
SUPREMEIND,20260909,3553.0,3561.4,3493.8,3516.9,99750
SUPREMEINF,20260909,85.46,86.5,83.0,85.54,42204
SUPRIYA,20260909,911.3,925.0,899.1,911.4,196499
SUPTANERY,20260909,11.38,11.38,11.38,11.38,12803
SURAJEST,20260909,174.25,179.99,166.25,169.91,385372
SURAJLTD,20260909,200.0,205.5,192.01,204.06,1117
SURAKSHA,20260909,335.05,349.0,333.6,335.65,117233
SURANASOL,20260909,26.26,26.27,25.72,25.78,27564
SURANAT&P,20260909,16.29,16.71,16.0,16.24,49078
SURYALA,20260909,419.0,419.0,400.5,401.05,126
SURYALAXMI,20260909,58.98,59.74,57.55,58.21,957
SURYAROSNI,20260909,217.1,222.28,215.49,219.57,831791
SURYODAY,20260909,155.0,155.5,152.1,153.42,151992
SUTLEJTEX,20260909,40.4,41.6,39.25,39.95,18727
SUVEN,20260909,369.9,376.75,355.05,357.5,780037
SUVIDHAA,20260909,2.29,2.49,2.2,2.41,363122
SUYOG,20260909,717.5,739.8,680.4,689.35,77111
SUZLON,20260909,45.65,46.4,45.3,45.45,52512738
SVGLOBAL,20260909,156.8,156.9,145.35,147.65,1965
SVLL,20260909,793.0,812.0,790.0,790.5,661
SVPGLOB,20260909,3.51,3.65,3.5,3.5,35835
SWANCORP,20260909,276.3,279.9,273.65,277.65,830009
SWANDEF,20260909,2490.0,2592.0,2458.0,2584.5,24701
SWARAJ,20260909,356.25,356.25,352.15,353.15,57362
SWARAJENG,20260909,3639.0,3639.0,3572.0,3594.3,9033
SWARNSAR,20260909,43.5,45.7,39.21,40.78,123602
SWELECTES,20260909,582.55,594.8,571.0,576.6,15629
SWIGGY,20260909,274.0,285.55,271.8,282.75,23545618
SWISSMLTRY,20260909,15.59,15.59,15.03,15.13,60883
SWSOLAR,20260909,184.94,184.94,181.7,182.03,570016
SYMBIOTEC,20260909,1095.0,1161.65,1076.2,1133.7,3521358
SYMPHONY,20260909,605.0,627.0,603.0,618.6,331925
SYNCOMF,20260909,21.17,21.32,20.05,20.14,6347357
SYNGENE,20260909,386.8,388.6,382.6,386.8,358624
SYRMA,20260909,1639.0,1660.0,1616.0,1622.4,1096481
SYSTMTXC,20260909,69.72,69.72,69.72,69.72,14471
TAALTECH,20260909,4550.0,4949.0,4534.0,4886.6,45586
TAINWALCHM,20260909,212.34,216.0,209.0,209.11,2674
TAJGVK,20260909,332.05,335.7,329.4,332.15,57365
TAKE,20260909,15.84,15.99,15.5,15.99,796799
TALBROAUTO,20260909,420.1,426.9,417.05,420.45,106061
TAMBOLIIN,20260909,284.0,285.7,271.6,285.7,10355
TANAA,20260909,276.0,277.35,270.0,272.75,19162
TANLA,20260909,509.0,520.45,504.8,509.3,500496
TARACHAND,20260909,47.68,48.63,46.32,47.05,66478
TARAPUR,20260909,12.81,13.34,12.8,12.95,24086
TARC,20260909,132.9,133.9,127.11,129.78,519332
TARIL,20260909,298.0,300.5,295.15,296.9,775856
TARMAT,20260909,61.51,63.57,59.1,59.71,27947
TARSONS,20260909,327.3,329.05,315.05,321.35,113511
TASTYBITE,20260909,9806.0,9948.0,9801.0,9824.0,1538
TATACAP,20260909,365.15,366.55,360.55,363.0,617731
TATACHEM,20260909,604.7,607.95,600.55,603.05,311583
TATACOMM,20260909,1752.0,1784.0,1734.9,1772.8,207805
TATACONSUM,20260909,1010.8,1013.7,1001.0,1001.0,973918
TATAELXSI,20260909,3452.5,3459.9,3380.0,3383.0,246727
TATAGOLD,20260909,14.78,14.85,14.71,14.79,27633939
TATAINVEST,20260909,622.05,624.8,616.1,618.8,129846
TATAPOWER,20260909,364.1,373.7,363.15,370.0,5668226
TATASTEEL,20260909,184.8,190.26,183.41,188.75,45985325
TATATECH,20260909,794.0,794.0,783.0,787.65,610440
TATSILV,20260909,22.44,22.72,22.44,22.6,30151602
TATVA,20260909,1680.2,1712.5,1666.6,1688.4,32908
TBOTEK,20260909,1703.0,1735.0,1682.0,1721.1,87150
TBZ,20260909,583.05,583.05,527.55,527.6,5742152
TCC,20260909,49.1,58.88,45.6,51.5,32714581
TCI,20260909,874.8,888.0,863.3,867.95,18299
TCIEXP,20260909,548.9,549.7,535.6,540.05,33793
TCIFINANCE,20260909,15.0,15.45,14.8,15.0,3573
TCPLPACK,20260909,3874.7,3879.9,3802.2,3819.7,4307
TCS,20260909,2237.0,2237.0,2193.2,2208.0,3370071
TDPOWERSYS,20260909,769.8,787.6,752.0,755.1,1286601
TEAMGTY,20260909,240.97,240.97,235.0,238.43,248
TEAMLEASE,20260909,1250.0,1295.0,1240.5,1281.5,20453
TECH,20260909,32.79,32.79,31.61,31.76,122686
TECHM,20260909,1531.0,1531.0,1498.0,1508.0,1329200
TECHNOCRAF,20260909,405.9,416.5,401.0,409.0,1401837
TECHNOE,20260909,965.0,989.0,960.0,985.3,156026
TECHNVISN,20260909,4839.0,4950.0,4636.0,4928.5,156
TECILCHEM,20260909,9.59,10.2,9.5,9.52,16420
TEGA,20260909,1632.5,1743.3,1625.2,1678.3,1152710
TEJASNET,20260909,589.0,600.0,574.0,575.9,2049808
TEMBO,20260909,58.45,58.5,57.36,57.45,487518
TEMPSENS,20260909,574.7,609.8,572.0,588.65,7543324
TENNIND,20260909,526.8,528.95,513.4,518.4,564878
TERAI,20260909,131.3,131.3,115.0,123.31,1258
TERASOFT,20260909,272.35,272.35,251.5,255.4,40624
TEXINFRA,20260909,120.01,121.29,112.52,115.23,380617
TEXMOPIPES,20260909,52.3,59.2,51.31,57.59,998839
TEXRAIL,20260909,117.98,118.6,114.8,115.16,1397158
TFCILTD,20260909,141.01,144.8,140.15,141.69,5715933
TFL,20260909,12.18,12.18,11.82,11.92,662
TGBHOTELS,20260909,9.45,10.49,9.3,9.82,135707
TGVSL,20260909,109.11,109.93,106.1,106.92,103034
THACKER,20260909,1017.0,1047.0,1017.0,1045.0,44
THAKDEV,20260909,148.0,148.0,137.0,138.5,17
THANGAMAYL,20260909,5366.0,5366.0,5100.5,5118.0,89077
THEINVEST,20260909,98.0,100.8,96.0,97.46,11001
THEJO,20260909,2149.9,2175.8,2095.0,2150.1,5976
THELEELA,20260909,540.95,545.0,528.0,531.45,244629
THEMISMED,20260909,131.75,136.2,130.94,132.71,305033
THERMAX,20260909,3631.8,3702.0,3614.2,3638.6,140751
THOMASCOOK,20260909,110.0,110.0,107.5,109.13,809014
THOMASCOTT,20260909,256.5,257.9,249.0,250.6,69512
THYROCARE,20260909,569.45,574.05,564.1,566.85,171583
TI,20260909,540.45,540.85,526.8,530.9,653479
TICL,20260909,7.63,7.95,7.48,7.7,31961
TIGERLOGS,20260909,27.82,28.86,27.1,27.36,71997
TIIL,20260909,3150.0,3240.8,3119.8,3170.2,63318
TIINDIA,20260909,2649.4,2708.6,2596.3,2678.3,234838
TIJARIA,20260909,8.19,8.19,8.19,8.19,31244
TIL,20260909,250.0,255.0,248.1,248.97,41106
TIMETECHNO,20260909,186.24,189.2,184.5,184.99,1710617
TIMEX,20260909,605.1,632.5,603.75,623.35,313646
TIMKEN,20260909,3090.0,3208.0,3087.2,3173.4,30907
TINNARUBR,20260909,1025.65,1111.0,1011.05,1047.9,221674
TIPSFILMS,20260909,336.0,337.45,326.0,326.65,3246
TIPSMUSIC,20260909,644.0,654.85,638.2,650.8,162290
TIRUMALCHM,20260909,158.49,161.0,156.71,157.81,339118
TIRUPATIFL,20260909,69.31,70.65,68.6,69.29,138698
TITAGARH,20260909,881.0,904.8,873.15,876.35,869717
TITAN,20260909,5010.0,5019.0,4968.0,5005.0,502050
TMB,20260909,920.0,929.6,916.1,922.25,68604
TMCV,20260909,455.05,458.35,443.55,444.95,5681388
TMPV,20260909,306.45,306.45,300.8,303.0,6971556
TNIDETF,20260909,90.12,90.29,88.2,88.43,75049
TNPETRO,20260909,141.27,144.75,136.45,137.6,1993687
TNPL,20260909,161.99,162.19,155.0,155.34,188419
TNTELE,20260909,8.81,9.0,8.8,8.89,9038
TOKYOPLAST,20260909,77.4,78.49,74.58,74.65,2024
TOLINS,20260909,91.11,92.9,90.9,91.45,31300
TOP100CASE,20260909,10.64,10.64,10.35,10.37,966569
TOP10ADD,20260909,86.17,86.33,85.36,85.46,638719
TOP15IETF,20260909,9.63,9.66,9.56,9.57,149833
TOP20,20260909,8.78,8.78,8.67,8.67,67063
TORNTPHARM,20260909,4960.0,4992.0,4925.0,4930.0,165089
TORNTPOWER,20260909,1273.0,1322.4,1271.6,1305.7,486733
TOTAL,20260909,77.0,79.0,74.3,75.25,36891
TOUCHWOOD,20260909,61.06,61.4,60.1,61.0,375
TOYAMSL,20260909,0.64,0.65,0.63,0.65,326303
TPHQ,20260909,0.51,0.52,0.49,0.5,1636776
TPLPLASTEH,20260909,67.69,68.95,67.33,68.03,115475
TRACXN,20260909,29.29,29.69,28.86,29.15,375201
TRANSCOR,20260909,24.99,25.97,24.99,25.95,2330
TRANSPEK,20260909,1357.0,1388.0,1321.0,1358.6,1859
TRANSRAILL,20260909,420.0,433.3,420.0,424.05,461612
TRANSWORLD,20260909,171.0,171.0,168.0,168.0,2559
TRAVELFOOD,20260909,1295.0,1304.8,1269.2,1298.6,27394
TREEHOUSE,20260909,6.07,6.13,5.6,5.94,21266
TREJHARA,20260909,148.95,149.8,144.01,147.76,20042
TREL,20260909,26.72,27.31,26.05,26.99,213848
TRENT,20260909,2793.6,2841.8,2782.0,2820.0,601991
TRF,20260909,231.21,232.39,227.0,228.79,3357
TRIDENT,20260909,23.9,24.07,23.75,23.79,1905033
TRIGYN,20260909,56.95,61.5,56.51,57.39,73190
TRITONV,20260909,1135.8,1146.0,1111.0,1140.6,2202
TRITURBINE,20260909,580.6,583.6,563.8,565.05,454425
TRIVENI,20260909,270.2,274.7,265.0,268.8,445094
TRU,20260909,4.13,4.34,4.04,4.18,122358
TRUALT,20260909,415.7,428.6,415.0,421.15,119790
TSFINV,20260909,422.3,430.65,416.0,422.9,86541
TTKHLTCARE,20260909,1217.2,1247.0,1166.3,1184.0,244268
TTKPRESTIG,20260909,549.0,554.5,540.25,541.35,60712
TTL,20260909,7.05,7.25,6.61,6.84,296238
TTML,20260909,36.55,36.55,36.0,36.13,1205146
TURTLEMINT,20260909,139.1,139.1,133.8,134.62,423536
TUTIALKA,20260909,59.8,61.0,58.05,58.38,14318
TVSELECT,20260909,410.0,427.0,410.0,414.85,30987
TVSHLTD,20260909,13377.0,13399.0,13050.0,13119.0,5346
TVSMOTOR,20260909,4102.0,4217.5,4071.3,4151.1,1044264
TVSSCS,20260909,127.0,127.38,124.26,124.65,635388
TVSSRICHAK,20260909,5350.0,5367.0,5150.0,5169.0,7739
TVTODAY,20260909,110.99,112.7,110.0,110.06,17754
TVVISION,20260909,3.2,3.2,3.03,3.03,106312
TWCGOLDETF,20260909,154.55,154.55,150.57,151.54,12189
UBL,20260909,1252.0,1279.0,1245.0,1266.7,189906
UCAL,20260909,145.05,149.0,141.01,147.92,19134
UCOBANK,20260909,24.14,24.24,23.93,23.98,4455335
UDAYJEW,20260909,167.25,176.75,167.25,174.55,366777
UDS,20260909,217.0,217.02,205.64,207.42,449284
UEL,20260909,208.0,215.31,207.15,207.15,24874
UFBL,20260909,719.85,719.85,695.0,704.0,19392
UFLEX,20260909,686.75,701.05,677.3,680.15,154643
UFO,20260909,65.75,65.75,63.02,63.13,57074
UGARSUGAR,20260909,53.29,53.51,50.0,50.49,369523
UGROCAP,20260909,85.0,85.0,83.23,83.44,164949
UJJIVANSFB,20260909,64.28,65.09,63.68,64.12,14563305
ULTRACEMCO,20260909,10975.0,10998.0,10860.0,10900.0,325637
ULTRAMAR,20260909,426.2,431.0,420.3,427.5,35369
UMAEXPORTS,20260909,22.57,22.57,22.57,22.57,1862
UMESLTD,20260909,5.1,5.13,4.96,5.08,1680
UMIYA-MRO,20260909,98.0,102.99,95.4,99.46,15283
UNICHEMLAB,20260909,564.45,564.45,534.15,542.7,94121
UNIDT,20260909,238.95,239.97,227.0,230.36,22373
UNIECOM,20260909,83.76,86.08,82.55,85.5,308642
UNIENTER,20260909,94.01,94.99,92.07,92.56,11028
UNIINFO,20260909,11.2,11.25,10.81,11.25,2923
UNIMECH,20260909,1649.0,1652.8,1542.0,1586.4,399949
UNIONBANK,20260909,181.75,183.89,180.82,183.89,7080822
UNIONGOLD,20260909,149.5,152.8,148.4,149.0,1800
UNIPARTS,20260909,896.0,908.95,888.25,894.05,142933
UNITDSPR,20260909,1438.0,1439.9,1395.2,1405.2,493439
UNITECH,20260909,4.1,4.1,3.88,3.92,6591605
UNITEDPOLY,20260909,43.0,43.0,41.84,42.93,110087
UNITEDTEA,20260909,444.35,445.95,436.35,439.9,5647
UNIVASTU,20260909,162.5,166.49,160.25,163.35,46744
UNIVCABLES,20260909,1536.9,1564.0,1528.5,1543.6,91480
UNIVPHOTO,20260909,555.0,567.6,531.0,566.25,7505
UNOMINDA,20260909,1230.0,1237.0,1225.7,1229.0,375564
UPHOT,20260909,1390.0,1400.0,1390.0,1400.0,420
UPL,20260909,573.5,578.35,568.55,575.7,1763304
URAVIDEF,20260909,111.26,115.0,111.26,115.0,2705
URBANCO,20260909,170.5,173.0,166.0,171.59,5656330
URJA,20260909,9.08,9.18,9.02,9.05,777063
USHAMART,20260909,499.8,502.1,494.05,498.65,273561
USK,20260909,21.0,21.55,20.56,20.86,30662
UTIAMC,20260909,899.5,903.35,896.55,900.9,57773
UTKARSHBNK,20260909,15.41,16.48,15.21,15.9,50487332
UTLSOLAR,20260909,435.2,454.3,435.2,451.5,356144
UTTAMSUGAR,20260909,287.4,290.0,279.6,283.75,213906
UYFINCORP,20260909,20.14,20.14,19.4,19.44,40538
V2RETAIL,20260909,219.08,220.77,216.18,219.67,1035755
VADILALIND,20260909,7499.0,7594.5,7422.5,7462.0,8592
VADILENT,20260909,10590.0,10590.0,10400.0,10401.0,51
VAIBHAVGBL,20260909,215.98,218.12,213.1,214.25,178200
VAISHALI,20260909,8.47,8.47,8.05,8.14,166181
VAKRANGEE,20260909,5.62,5.66,5.5,5.52,1423887
VAL30IETF,20260909,15.11,15.13,15.0,15.05,855942
VALIANTLAB,20260909,116.6,119.83,115.27,119.83,118328
VALIANTORG,20260909,354.5,359.5,346.05,359.5,61630
VALUE,20260909,15.99,16.13,15.99,16.06,17546
VALUEAXIS,20260909,32.85,32.97,32.6,32.73,46207
VAML,20260909,436.2,449.7,434.0,445.3,6748411
VARDHACRLC,20260909,44.18,44.75,43.65,44.02,24251
VARDMNPOLY,20260909,5.89,6.0,5.82,5.91,188275
VARROC,20260909,851.0,862.2,832.75,839.4,163818
VASCONEQ,20260909,29.89,30.69,29.6,29.7,236751
VASUPRADA,20260909,103.0,103.0,103.0,103.0,36
VASWANI,20260909,46.09,46.5,45.0,45.75,14935
VBL,20260909,396.2,407.0,396.2,407.0,11284331
VCL,20260909,1.65,1.65,1.65,1.65,302169
VEDAVAAG,20260909,18.99,19.08,18.16,18.51,7155
VEDL,20260909,271.5,275.75,268.55,272.5,8634652
VEDPOWER,20260909,34.34,34.75,34.02,34.28,8453812
VEEDOL,20260909,1457.5,1467.1,1435.6,1437.0,8441
VELJAN,20260909,1880.6,1915.0,1841.0,1885.2,153
VENKEYS,20260909,1710.0,1727.8,1680.0,1694.7,62910
VENTIVE,20260909,572.55,574.0,554.85,569.7,66140
VENUSPIPES,20260909,1945.0,1998.0,1907.0,1930.1,287398
VENUSREM,20260909,1620.0,1700.0,1620.0,1650.2,25233
VERANDA,20260909,234.16,236.7,230.49,233.79,146699
VERTOZ,20260909,38.8,39.0,37.8,38.1,26874
VESUVIUS,20260909,423.0,438.0,419.75,420.85,175627
VETO,20260909,123.56,127.89,123.2,124.63,24705
VGCL,20260909,52.0,52.0,48.15,48.27,8103
VGL,20260909,53.0,55.45,51.62,54.77,37102
VGUARD,20260909,330.05,335.15,326.15,326.95,454074
VHL,20260909,3600.0,3681.0,3420.2,3453.6,3434
VHLTD,20260909,120.6,122.04,117.53,119.2,25699
VIDHIING,20260909,358.4,365.0,347.55,350.2,59111
VIDYAWIRES,20260909,89.09,91.7,88.67,89.76,974594
VIJAYA,20260909,1501.8,1578.0,1476.7,1498.9,569495
VIJIFIN,20260909,16.25,16.25,16.25,16.25,271832
VIJSOLX,20260909,670.0,676.65,632.0,642.5,1478
VIKASECO,20260909,1.05,1.08,1.05,1.06,1762614
VIKASLIFE,20260909,1.28,1.29,1.25,1.25,1436150
VIKRAMSOLR,20260909,167.55,169.43,166.1,166.59,1713809
VIKRAN,20260909,59.0,59.19,58.3,58.5,589225
VIMTALABS,20260909,625.0,638.75,617.35,628.15,176456
VINATIORGA,20260909,1347.8,1348.0,1323.1,1334.4,42455
VINCOFE,20260909,177.9,179.7,174.67,178.4,2464634
VINDHYATEL,20260909,2794.0,2951.0,2777.8,2916.4,163314
VINEETLAB,20260909,37.9,38.78,36.88,37.14,73018
VINNY,20260909,1.0,1.02,0.99,1.0,234737
VINYLINDIA,20260909,227.0,228.0,222.0,222.62,5240
VIPCLOTHNG,20260909,20.5,22.0,20.5,21.47,204395
VIPIND,20260909,308.2,311.95,303.5,305.0,340693
VIPULLTD,20260909,13.5,13.51,13.5,13.5,386770
VIRAT,20260909,436.2,469.75,436.2,450.2,6736
VIRINCHI,20260909,14.36,14.36,14.0,14.17,36907
VIRTUALG,20260909,0.46,0.46,0.44,0.44,187434
VISACHROME,20260909,37.89,38.45,35.09,35.09,102411
VISAKAIND,20260909,93.1,93.1,91.35,91.99,143775
VISHAL,20260909,18.8,18.8,18.11,18.21,21745
VISHNU,20260909,740.8,741.0,704.25,709.05,181853
VISHWARAJ,20260909,5.94,5.94,5.62,5.66,406094
VISL,20260909,34.08,34.34,33.26,33.38,30736292
VITAL,20260909,57.6,57.6,54.2,55.46,1748
VIVIANA,20260909,739.9,773.9,732.05,769.55,33047
VIVIDHA,20260909,0.51,0.54,0.51,0.52,132103
VIVIMEDLAB,20260909,6.35,6.4,6.21,6.27,50627
VIVOBIOT,20260909,19.01,19.2,18.46,18.64,8752
VIYASH,20260909,261.0,262.45,256.55,261.9,2327034
VLEGOV,20260909,10.31,10.8,10.12,10.34,61183
VLSFINANCE,20260909,245.0,247.92,245.0,246.31,6221
VMART,20260909,820.95,828.0,815.95,821.2,101696
VMM,20260909,103.99,103.99,102.52,103.18,6949596
VMSTMT,20260909,44.48,44.83,44.01,44.11,22344
VOEPL,20260909,549.7,558.2,531.7,552.45,107371
VOGL,20260909,36.5,37.04,36.2,36.27,28877181
VOITHPAPR,20260909,1492.0,1518.0,1465.0,1488.4,454
VOLTAMP,20260909,11300.0,11425.0,11011.0,11069.0,17603
VOLTAS,20260909,1144.0,1147.0,1136.0,1143.8,475069
VPRPL,20260909,37.7,37.7,34.85,35.11,814216
VRAJ,20260909,121.44,125.5,120.5,124.5,29237
VRLLOG,20260909,294.95,294.95,287.2,288.35,119096
VSSL,20260909,358.6,368.1,352.8,362.75,78919
VSTIND,20260909,205.5,209.31,205.1,208.59,122818
VSTL,20260909,126.0,126.0,121.5,123.41,12007
VSTTILLERS,20260909,4124.0,4137.5,4064.0,4074.3,9863
VTL,20260909,587.95,591.85,579.1,583.0,175793
VTMLTD,20260909,55.26,57.98,54.0,55.8,6773
WAAREEENER,20260909,2571.0,2599.0,2560.5,2568.0,282648
WAAREEINDO,20260909,262.55,270.0,259.1,261.1,83420
WAAREERTL,20260909,841.25,845.0,832.05,833.5,94062
WABAG,20260909,2011.3,2188.0,2011.3,2130.9,2441516
WAKEFIT,20260909,153.0,154.54,149.51,152.64,614979
WALCHANNAG,20260909,218.43,218.43,210.68,211.78,447376
WANBURY,20260909,245.1,249.75,243.1,244.75,60141
WARDINMOBI,20260909,5.9,5.9,5.68,5.73,217866
WATERBASE,20260909,48.1,48.2,47.0,47.17,12104
WCIL,20260909,84.0,85.99,82.1,84.14,121217
WEALTH,20260909,844.0,854.0,841.0,848.35,695
WEBELSOLAR,20260909,75.4,78.76,75.01,78.36,3125206
WEIZMANIND,20260909,75.28,75.28,72.3,72.57,477
WEL,20260909,69.39,72.85,68.04,72.85,1058750
WELCORP,20260909,2602.9,2652.0,2586.1,2608.5,759849
WELENT,20260909,789.95,790.6,776.0,782.85,160929
WELINV,20260909,2274.3,2367.1,2274.3,2339.0,129
WELSPLSOL,20260909,57.29,59.5,56.63,56.95,914578
WELSPUNLIV,20260909,211.8,214.7,207.55,210.28,8012610
WENDT,20260909,8430.0,8450.0,8200.0,8230.5,5305
WESTLIFE,20260909,538.25,579.75,533.0,561.5,543690
WEWIN,20260909,42.9,42.9,42.05,42.05,195
WEWORK,20260909,662.4,685.5,661.6,674.7,134282
WHBRADY,20260909,484.2,484.2,484.0,484.0,9
WHEELS,20260909,2110.0,2450.0,2110.0,2400.6,6608762
WHIRLPOOL,20260909,801.9,805.95,788.0,795.0,167593
WILLAMAGOR,20260909,24.64,24.64,23.61,24.02,1616
WINDLAS,20260909,1145.0,1174.75,1132.75,1142.45,145841
WINDMACHIN,20260909,305.4,306.2,299.65,301.45,20771
WIPL,20260909,167.99,171.39,167.6,169.52,839
WIPRO,20260909,168.7,169.15,166.37,167.0,12001620
WOCKPHARMA,20260909,2225.0,2272.9,2196.0,2248.8,1394874
WONDERLA,20260909,519.4,524.95,510.2,517.1,29909
WORTHPERI,20260909,159.8,159.8,150.05,151.93,15250
WPIL,20260909,430.0,440.4,427.0,427.75,21399
WSI,20260909,61.69,62.0,58.91,59.11,57431
WSTCSTPAPR,20260909,677.1,685.5,664.0,667.55,126973
XCHANGING,20260909,64.12,64.99,62.04,63.28,78595
XELPMOC,20260909,77.61,79.3,76.1,77.47,6890
XPROINDIA,20260909,1393.8,1393.8,1291.8,1301.4,85041
XTGLOBAL,20260909,31.26,31.89,29.5,30.87,51263
XTRANET,20260909,268.52,293.37,268.52,293.37,5261019
YASHO,20260909,4075.0,4115.9,3948.1,3988.9,30608
YATHARTH,20260909,971.0,995.6,971.0,989.7,233441
YATRA,20260909,113.18,115.99,112.9,115.17,1456925
YESBANK,20260909,22.45,22.58,22.37,22.42,38540281
YOGI,20260909,163.0,163.0,152.0,161.94,49
YUKEN,20260909,1018.0,1084.0,1000.1,1067.7,38375
ZAGGLE,20260909,180.0,181.01,176.15,177.06,813875
ZEEL,20260909,86.5,87.18,84.81,85.71,12868445
ZEELEARN,20260909,6.6,6.75,6.5,6.65,129047
ZEEMEDIA,20260909,7.94,7.95,7.58,7.7,1750424
ZENITHEXPO,20260909,205.0,206.85,204.9,204.98,18
ZENITHSTL,20260909,6.1,6.2,5.99,6.06,92313
ZENSARTECH,20260909,450.55,450.55,435.1,436.95,870647
ZENTEC,20260909,1820.0,1853.9,1756.5,1762.3,447868
ZFCVINDIA,20260909,2517.4,2517.4,2446.9,2469.9,88800
ZFSTEERING,20260909,674.0,681.95,671.05,680.05,6549
ZIMLAB,20260909,128.2,135.0,126.76,133.35,170175
ZODIAC,20260909,239.44,239.44,232.21,233.46,7149
ZODIACLOTH,20260909,71.5,72.0,69.99,71.03,3803
ZOTA,20260909,1105.8,1123.9,1095.9,1114.3,42339
ZSARACOM,20260909,11276.0,11499.0,10980.0,11002.0,43
ZUARI,20260909,226.83,228.8,224.41,225.63,42224
ZUARIIND,20260909,277.55,279.5,273.0,273.55,32325
ZYDUSLIFE,20260909,1150.0,1158.0,1126.5,1127.4,1185373
ZYDUSWELL,20260909,558.25,561.35,551.4,554.2,195180
