SYMBOL,TIMESTAMP,OPEN,HIGH,LOW,CLOSE,VOLUME
20MICRONS,20260910,219.48,220.9,210.73,211.87,115259
21STCENMGM,20260910,39.19,39.55,38.21,38.97,2643
360ONE,20260910,1087.0,1104.4,1076.6,1094.9,839166
3BBLACKBIO,20260910,1494.6,1494.6,1431.0,1443.3,13603
3IINFOLTD,20260910,22.44,22.55,22.36,22.4,303343
3MINDIA,20260910,32750.0,33330.0,32490.0,32800.0,1403
3PLAND,20260910,32.5,32.5,31.56,32.0,1053
5PAISA,20260910,333.75,338.95,328.3,332.5,28304
63MOONS,20260910,873.5,912.0,871.0,886.35,841520
A2ZINFRA,20260910,15.5,15.5,14.85,14.92,263345
AAATECH,20260910,92.97,94.5,91.02,92.77,10673
AADHARHFC,20260910,471.9,474.85,460.25,462.7,418935
AAKASH,20260910,8.5,9.98,8.31,9.14,795578
AAREYDRUGS,20260910,101.29,101.29,94.99,95.71,98928
AARNAV,20260910,31.0,31.71,30.6,31.31,5591
AARON,20260910,136.0,142.0,132.1,136.95,14071
AARTECH,20260910,51.1,53.48,51.1,52.07,43423
AARTIDRUGS,20260910,426.25,439.4,422.35,437.0,254738
AARTIIND,20260910,496.2,511.95,495.45,504.05,589520
AARTIPHARM,20260910,836.0,839.0,814.0,825.75,285444
AARTISURF,20260910,503.05,518.8,487.0,500.85,53683
AARVI,20260910,142.45,143.7,142.0,143.11,4118
AASTHA,20260910,81.41,81.41,78.8,79.29,263315
AAVAS,20260910,1287.0,1302.9,1277.2,1286.1,69794
ABAN,20260910,14.8,14.8,14.43,14.43,18397
ABANSENT,20260910,27.99,29.0,27.51,27.78,12639
ABB,20260910,7400.0,7418.5,7287.0,7329.0,93304
ABBOTINDIA,20260910,25245.0,25395.0,25205.0,25260.0,7222
ABCAPITAL,20260910,398.0,402.05,395.85,400.0,1395209
ABCOTS,20260910,205.0,206.64,200.1,205.55,5619
ABDL,20260910,603.0,613.7,598.4,611.45,300853
ABFRL,20260910,51.35,51.82,50.75,50.89,2526835
ABGSEC,20260910,113.96,114.4,113.96,113.96,15
ABINFRA,20260910,11.59,11.7,11.22,11.31,596997
ABLBL,20260910,84.2,85.05,83.51,84.0,410335
ABMINTLLTD,20260910,52.63,52.63,52.63,52.63,29
ABMKNO,20260910,181.01,182.0,181.01,181.35,220
ABREL,20260910,1345.9,1346.0,1323.1,1337.4,47082
ABSL10BANK,20260910,165.34,165.46,165.0,165.0,1768
ABSLAMC,20260910,1063.0,1098.9,1042.3,1088.5,371848
ABSLBANETF,20260910,58.13,58.13,57.7,57.76,224185
ABSLLIQUID,20260910,999.99,1000.01,999.99,1000.0,3130
ABSLMSCIN,20260910,29.12,29.12,28.9,28.93,154
ABSLNN50ET,20260910,76.8,77.51,76.31,76.61,7701
ABSLPSE,20260910,10.39,10.39,10.1,10.14,29732
ACC,20260910,1259.2,1260.3,1250.1,1254.3,110068
ACCELYA,20260910,1114.4,1128.8,1110.0,1118.1,5259
ACCURACY,20260910,4.12,4.45,4.12,4.2,41390
ACE,20260910,1132.0,1137.5,1112.4,1121.2,182048
ACEINTEG,20260910,18.39,18.39,17.56,17.89,2437
ACGL,20260910,1766.5,1795.1,1750.0,1754.6,764
ACI,20260910,484.1,485.2,478.15,480.55,159627
ACL,20260910,43.15,43.8,42.3,42.68,8422
ACMESOLAR,20260910,396.3,401.95,392.75,397.25,743888
ACSTECH,20260910,60.75,61.5,57.4,57.86,530654
ACUTAAS,20260910,3241.8,3464.0,3220.0,3451.4,1000453
ADANIENSOL,20260910,1439.4,1439.4,1382.1,1391.9,1412618
ADANIENT,20260910,3114.5,3114.5,3041.1,3077.2,1716315
ADANIGREEN,20260910,1322.0,1322.0,1292.0,1299.1,1163355
ADANIPORTS,20260910,1779.9,1780.0,1750.4,1768.0,2777377
ADANIPOWER,20260910,214.5,215.28,212.5,213.5,18719604
ADDIND,20260910,79.0,82.0,72.0,74.83,3924
ADFFOODS,20260910,278.0,278.0,270.55,274.05,72441
ADL,20260910,73.6,73.6,71.16,71.27,610
ADOR,20260910,1635.4,1641.2,1610.0,1623.4,20760
ADROITINFO,20260910,11.35,11.35,10.68,10.87,59921
ADSL,20260910,99.52,101.49,97.5,98.54,91385
ADVAIT,20260910,2082.7,2105.9,2036.0,2057.6,39928
ADVANCE,20260910,114.5,123.38,113.85,119.03,447365
ADVANIHOTR,20260910,48.15,49.48,48.0,48.43,24668
ADVENTHTL,20260910,130.9,133.0,129.05,132.39,70220
ADVENZYMES,20260910,299.35,311.0,298.8,303.35,461639
ADVIKCA,20260910,1.08,1.09,1.04,1.04,299553
AEGISLOG,20260910,1351.2,1385.0,1301.0,1307.6,1152343
AEGISVOPAK,20260910,299.15,300.7,289.25,291.85,693995
AEPL,20260910,17.5,18.25,17.1,17.56,36236
AEQUS,20260910,230.46,235.2,228.52,229.96,1702460
AEROENTER,20260910,143.32,147.04,132.41,135.01,1779021
AEROFLEX,20260910,560.0,568.1,548.1,564.2,940236
AERONEU,20260910,75.0,75.0,69.9,70.03,99364
AEROPLANE,20260910,201.8,209.44,200.1,206.9,1976088
AETHER,20260910,1620.8,1662.5,1586.4,1640.3,349496
AFCONS,20260910,273.0,275.45,259.6,260.85,3868242
AFFLE,20260910,1581.4,1617.0,1579.8,1594.0,141274
AFFORDABLE,20260910,161.94,165.19,160.5,162.34,29015
AFIL,20260910,9.1,9.19,8.67,8.94,519018
AFSL,20260910,201.51,203.12,201.0,201.27,4088
AGARIND,20260910,446.55,447.1,430.6,433.85,37587
AGARWALEYE,20260910,513.7,516.8,500.2,508.35,154967
AGI,20260910,800.0,801.6,761.0,778.05,203446
AGIIL,20260910,289.0,292.8,275.55,276.7,1376698
AGL,20260910,15.85,16.1,15.05,15.51,3759448
AGRITECH,20260910,100.9,100.9,96.65,99.08,3421
AGROPHOS,20260910,21.99,23.84,21.5,23.37,84181
AGSTRA,20260910,1.95,1.95,1.87,1.9,147218
AHCL,20260910,16.41,18.0,16.05,17.54,31629564
AHLADA,20260910,35.41,36.32,35.21,35.29,8683
AHLEAST,20260910,137.06,137.99,135.22,135.85,548
AHLUCONT,20260910,599.0,599.95,590.1,592.3,34728
AHLWEST,20260910,503.1,526.0,503.1,526.0,56
AIAENG,20260910,4183.9,4184.2,4102.1,4116.3,27226
AIIL,20260910,514.7,517.3,511.0,512.3,68818
AIRAN,20260910,17.94,18.05,16.88,17.04,200063
AIROLAM,20260910,87.0,88.5,84.11,85.37,2260
AJANTPHARM,20260910,3515.0,3550.0,3480.0,3520.0,20445
AJAXENGG,20260910,580.05,595.0,575.3,589.5,58801
AJMERA,20260910,116.51,120.95,116.25,118.74,614428
AJOONI,20260910,3.5,3.57,3.44,3.5,279132
AKASH,20260910,25.4,25.4,24.75,24.88,2847
AKCAPIT,20260910,1727.7,1736.0,1676.0,1702.5,1610
AKG,20260910,10.7,10.75,10.05,10.73,59083
AKI,20260910,6.5,6.5,6.46,6.46,70345
AKSHAR,20260910,0.42,0.43,0.41,0.42,917541
AKSHARCHEM,20260910,412.0,420.0,408.45,408.45,23186
AKSHOPTFBR,20260910,9.01,9.01,8.17,8.79,1233966
AKUMS,20260910,741.1,755.1,740.35,749.65,289465
ALANKIT,20260910,8.18,8.22,7.9,8.01,82978
ALBERTDAVD,20260910,855.15,861.0,838.6,850.0,1634
ALEMBICLTD,20260910,106.1,109.9,105.55,106.5,819704
ALGOQUANT,20260910,63.79,66.95,63.5,63.94,1336644
ALICON,20260910,745.0,763.9,735.0,740.6,53814
ALIVUS,20260910,1407.2,1414.3,1381.5,1390.2,72284
ALKALI,20260910,83.75,84.0,78.11,79.19,36492
ALKEM,20260910,5166.0,5185.0,5104.5,5138.0,41390
ALKYLAMINE,20260910,1946.0,1963.8,1910.0,1920.3,56790
ALLCARGO,20260910,12.8,12.84,12.08,12.26,11337840
ALLDIGI,20260910,806.8,810.7,800.0,802.7,3897
ALLTIME,20260910,214.93,214.93,209.06,210.16,29906
ALMONDZ,20260910,19.42,19.85,19.32,19.54,292639
ALOKINDS,20260910,7.58,7.66,7.35,7.4,21813064
ALPA,20260910,63.24,64.02,62.19,62.62,8797
ALPHA,20260910,54.22,54.49,54.05,54.27,538298
ALPHAETF,20260910,27.14,27.14,26.56,26.57,227031
ALPHAGEO,20260910,328.0,328.4,315.4,321.8,5210
ALPINETEX,20260910,59.63,60.0,57.22,58.22,125778
ALPL30IETF,20260910,27.47,27.49,27.2,27.37,222030
ALUFLUOR,20260910,503.05,505.0,495.1,497.15,2392
AMAGI,20260910,580.05,581.35,568.0,572.05,165269
AMAL,20260910,742.0,765.0,742.0,760.6,6250
AMANTA,20260910,209.95,209.95,201.78,201.78,38220
AMARJOTHI,20260910,158.0,162.0,150.0,152.36,7568
AMBALALSA,20260910,42.0,42.5,41.1,41.54,29620
AMBER,20260910,7202.5,7309.0,7183.0,7280.0,96213
AMBICAAGAR,20260910,25.25,26.36,25.02,25.49,35462
AMBIKCO,20260910,1617.2,1628.0,1603.1,1606.9,7441
AMBUJACEM,20260910,395.5,397.55,394.05,395.6,1427859
AMDIND,20260910,57.4,58.09,56.0,56.04,15155
AMJLAND,20260910,38.5,39.37,38.05,38.32,10983
AMNPLST,20260910,172.8,173.6,167.0,167.92,3607
AMRUTANJAN,20260910,504.0,508.5,492.2,493.25,53900
ANANDRATHI,20260910,2189.7,2210.9,2155.0,2202.5,473429
ANANTRAJ,20260910,610.05,615.95,605.3,608.85,1181722
ANDHRAPAP,20260910,67.9,73.52,67.55,72.58,4500334
ANDHRSUGAR,20260910,97.75,98.5,96.11,96.5,221478
ANDREWYU,20260910,26.73,27.19,26.55,26.77,35796
ANGELONE,20260910,297.0,301.35,296.15,297.3,2559910
ANIKINDS,20260910,44.21,44.9,44.09,44.39,2353
ANKITMETAL,20260910,1.62,1.62,1.59,1.59,22022
ANMOL,20260910,13.7,15.55,12.56,15.34,1844371
ANNAPURNA,20260910,137.68,139.75,134.05,135.03,39912
ANNU,20260910,57.0,61.43,56.5,61.42,2362524
ANSALAPI,20260910,3.5,3.5,3.38,3.39,14412
ANSALBU,20260910,77.0,86.0,76.21,80.9,2021
ANTELOPUS,20260910,1160.3,1169.9,1090.5,1124.1,2976174
ANTGRAPHIC,20260910,0.71,0.75,0.7,0.72,400862
ANTHEM,20260910,945.95,959.2,934.0,942.3,844850
ANUHPHR,20260910,97.9,98.88,90.2,91.21,400127
ANUP,20260910,1744.0,1760.9,1703.0,1719.4,16776
ANURAS,20260910,1234.0,1235.5,1229.3,1231.1,33522
AONEGOLD,20260910,14.2,14.33,14.2,14.24,318543
AONELIQUID,20260910,1076.21,1076.21,1076.19,1076.19,10942
AONENIFTY,20260910,9.86,9.86,9.67,9.68,231174
AONESILVER,20260910,8.96,9.04,8.9,8.91,352020
AONETMMQ50,20260910,10.45,10.45,10.33,10.37,37382
AONETOTAL,20260910,11.52,11.87,11.52,11.72,130733
APARINDS,20260910,17453.0,17595.0,17040.0,17342.0,114403
APCL,20260910,101.4,101.4,97.25,98.61,4073
APCOTEXIND,20260910,618.9,618.9,601.2,603.8,81232
APEX,20260910,378.6,378.6,373.45,374.7,50528
APLAPOLLO,20260910,2180.0,2194.8,2158.4,2194.8,292273
APLLTD,20260910,818.55,836.5,813.8,816.4,119529
APOLLO,20260910,422.0,423.3,408.1,413.2,7449993
APOLLOHOSP,20260910,9000.0,9024.0,8875.0,8900.0,329159
APOLLOPIPE,20260910,577.0,589.5,566.65,569.35,130281
APOLLOTYRE,20260910,423.6,423.65,416.4,419.55,284234
APOLSINHOT,20260910,1226.8,1232.6,1211.6,1228.9,610
APOORVA,20260910,25.3,26.56,24.04,26.56,958
APTECHT,20260910,89.0,89.79,85.5,87.49,54611
APTUS,20260910,257.0,257.55,250.1,252.2,1627426
AQYLON,20260910,22.99,22.99,21.6,21.88,387396
ARCHIDPLY,20260910,101.02,104.39,100.0,100.5,30279
ARCHIES,20260910,12.81,13.2,12.29,12.52,27960
ARCL,20260910,232.0,238.17,228.0,238.0,2888
ARDEE,20260910,53.5,54.5,52.39,52.62,3003161
ARE&M,20260910,832.15,836.5,816.85,819.2,438438
ARENTERP,20260910,34.99,34.99,32.13,32.6,5299
ARFIN,20260910,89.0,91.33,87.51,88.07,674744
ARIES,20260910,485.8,489.0,461.85,468.6,18982
ARIHANT,20260910,852.75,890.95,850.55,883.35,727
ARIHANTCAP,20260910,77.39,77.78,76.31,76.47,77332
ARIHANTSUP,20260910,223.95,228.8,217.1,219.65,8100
ARIS,20260910,128.6,131.88,125.33,126.98,2028975
ARKADE,20260910,122.95,123.57,121.92,122.94,154761
ARMANFIN,20260910,2035.9,2084.9,2030.1,2036.5,16638
AROGRANITE,20260910,24.04,24.48,23.7,24.19,11239
ARROWGREEN,20260910,817.9,817.9,776.1,791.7,17443
ARSHIYA,20260910,0.75,0.75,0.73,0.74,77488
ARSSBL,20260910,505.55,510.0,500.0,502.05,81397
ARTEMISMED,20260910,356.0,362.0,343.0,348.55,724459
ARTNIRMAN,20260910,40.9,40.9,39.13,39.87,568
ARVEE,20260910,210.29,210.29,194.0,195.25,18321
ARVIND,20260910,574.0,583.4,567.05,569.8,423712
ARVINDFASN,20260910,446.3,455.0,443.45,453.4,291313
ARVSMART,20260910,606.5,610.0,595.0,597.05,42075
ARYAMAN,20260910,610.0,625.0,610.0,625.0,34
ASAHIINDIA,20260910,968.75,993.4,967.95,976.2,220953
ASAHISONG,20260910,392.55,392.55,375.05,375.65,11155
ASAL,20260910,464.05,473.9,464.05,466.55,5668
ASALCBR,20260910,691.1,703.35,666.0,698.25,75970
ASHAPURMIN,20260910,551.8,557.85,540.0,542.05,268976
ASHIANA,20260910,351.4,352.0,344.9,347.9,19176
ASHIKAG,20260910,413.9,417.0,402.5,411.3,190663
ASHIMASYN,20260910,17.2,17.85,16.6,17.08,66907
ASHOKA,20260910,114.25,114.5,112.85,113.53,492184
ASHOKAMET,20260910,14.85,14.85,14.24,14.34,12840
ASHOKLEY,20260910,166.5,167.04,164.71,166.12,16214508
ASIANENE,20260910,539.0,542.0,530.55,533.95,161522
ASIANHOTNR,20260910,400.0,404.3,380.0,382.15,13812
ASIANPAINT,20260910,2485.1,2498.1,2468.6,2498.1,549332
ASIANTILES,20260910,50.92,51.12,47.37,50.39,5267540
ASIANTNE,20260910,9.05,10.7,9.0,9.23,49541
ASKAUTOLTD,20260910,627.25,631.45,616.25,622.4,107736
ASMS,20260910,7.07,7.07,6.88,6.91,141625
ASPINWALL,20260910,251.25,251.25,240.2,250.15,1162
ASSAMENT,20260910,826.95,826.95,826.95,826.95,1
ASTAR,20260910,589.9,589.9,576.0,587.75,52
ASTEC,20260910,751.0,751.0,693.4,715.8,524163
ASTERDM,20260910,778.1,781.55,765.0,766.5,999914
ASTRAL,20260910,1468.2,1474.8,1451.7,1459.0,914375
ASTRAMICRO,20260910,1708.0,1722.9,1685.0,1696.8,258483
ASTRAZEN,20260910,6880.5,6906.0,6837.5,6860.5,2286
ASTRON,20260910,3.01,3.06,2.92,3.0,11401
ATALREAL,20260910,15.27,15.27,15.27,15.27,504050
ATAM,20260910,55.64,56.34,53.1,53.7,11476
ATGL,20260910,613.5,616.0,600.25,602.7,461142
ATHERENERG,20260910,1614.0,1661.9,1607.4,1658.3,8086256
ATL,20260910,24.85,24.85,24.41,24.61,127832
ATLANTAA,20260910,38.11,38.49,37.13,37.51,20113
ATLANTAELE,20260910,1848.0,1859.9,1796.1,1805.4,53101
ATLASCYCLE,20260910,108.0,109.99,97.2,98.07,85127
ATUL,20260910,6221.5,6395.0,6209.5,6356.0,31851
ATULAUTO,20260910,447.1,457.9,447.1,449.65,96646
AUBANK,20260910,1058.9,1062.0,1047.2,1054.7,1126434
AUGMONT,20260910,910.2,950.0,890.8,917.5,2403694
AURIONPRO,20260910,664.95,678.0,664.95,671.15,84200
AUROPHARMA,20260910,1693.4,1693.4,1655.0,1668.4,798368
AURUM,20260910,220.86,222.5,218.44,220.38,65446
AURUS,20260910,4.82,4.98,4.78,4.8,18844
AUSOMENT,20260910,154.96,157.0,148.98,153.0,6437
AUSTENG,20260910,129.0,139.0,120.21,127.04,5658
AUTOAXLES,20260910,1665.5,1684.0,1652.2,1657.9,4446
AUTOBEES,20260910,283.5,287.53,283.21,284.53,155334
AUTOIETF,20260910,28.72,28.78,28.43,28.55,358459
AUTOIND,20260910,86.11,86.63,83.56,84.25,80757
AVADHSUGAR,20260910,818.5,829.0,784.1,794.45,70563
AVALON,20260910,2293.7,2315.0,2218.0,2227.0,280040
AVANCE,20260910,0.83,0.84,0.81,0.82,3178287
AVANTEL,20260910,158.99,165.7,158.7,159.07,1221911
AVANTIFEED,20260910,807.0,816.9,799.6,815.3,232284
AVG,20260910,173.0,182.49,172.0,182.49,37463
AVL,20260910,619.0,623.1,590.5,603.55,579067
AVONMORE,20260910,14.1,14.67,13.85,14.19,441717
AVROIND,20260910,8.7,8.75,8.22,8.34,365184
AVTNPL,20260910,92.55,93.33,90.1,90.6,216414
AWFIS,20260910,253.0,255.65,247.05,249.6,318609
AWHCL,20260910,373.85,379.55,372.0,373.15,43898
AWL,20260910,187.52,188.51,185.21,185.7,782230
AXISBANK,20260910,1242.1,1255.2,1240.4,1246.0,4150654
AXISCADES,20260910,1876.0,1920.0,1845.1,1869.7,144733
AXITA,20260910,8.03,8.04,7.99,8.0,424366
AXTEL,20260910,448.0,448.0,420.0,425.1,6892
AYE,20260910,179.9,182.8,176.12,178.1,458271
AYMSYNTEX,20260910,311.6,317.2,291.0,293.1,149205
AZAD,20260910,2805.0,2813.0,2760.0,2773.5,171925
AZADIND,20260910,90.0,93.49,85.05,86.79,43615
BAFNAPH,20260910,295.6,307.6,295.6,307.6,9236
BAGFILMS,20260910,4.52,4.68,4.29,4.46,104673
BAIDFIN,20260910,12.39,12.45,11.67,11.74,173715
BAJAJ-AUTO,20260910,11771.0,11820.0,11673.0,11768.0,121394
BAJAJCON,20260910,524.95,533.0,514.25,524.45,1178666
BAJAJELEC,20260910,338.1,346.15,336.1,337.75,142088
BAJAJFINSV,20260910,1932.9,1942.7,1921.1,1940.5,658197
BAJAJHCARE,20260910,335.9,337.9,331.5,333.3,62427
BAJAJHFL,20260910,82.82,84.64,82.4,84.22,3734084
BAJAJHIND,20260910,21.35,21.89,21.21,21.4,20871933
BAJAJHLDNG,20260910,11078.0,11078.0,10965.0,10992.0,18035
BAJAJINDEF,20260910,221.41,222.5,219.99,221.03,19297
BAJAJST,20260910,370.0,378.0,360.6,362.6,8005
BAJEL,20260910,183.9,183.9,176.6,177.42,237404
BAJFINANCE,20260910,1042.5,1048.7,1036.5,1043.5,3902988
BALAJEE,20260910,25.8,25.8,25.16,25.53,41722
BALAJITELE,20260910,92.65,93.19,91.35,91.81,78249
BALAMINES,20260910,2359.3,2415.0,2330.1,2342.6,150948
BALAXI,20260910,24.2,24.36,22.73,23.24,39290
BALKRISHNA,20260910,16.12,16.9,16.12,16.28,9811
BALKRISIND,20260910,2210.0,2234.8,2188.0,2193.0,353459
BALMLAWRIE,20260910,175.9,176.57,172.1,174.08,436931
BALPHARMA,20260910,120.0,124.6,105.05,106.21,690310
BALRAMCHIN,20260910,703.0,714.0,693.3,705.15,1534401
BALUFORGE,20260910,536.05,545.8,533.75,536.65,613100
BANARBEADS,20260910,113.65,113.98,110.0,110.56,914
BANARISUG,20260910,3661.0,3680.5,3556.0,3590.4,897
BANCOINDIA,20260910,635.0,639.3,624.4,627.5,103582
BANDHANBNK,20260910,171.9,174.01,169.41,174.0,11859976
BANG,20260910,35.63,35.99,33.3,34.51,30450
BANK10ADD,20260910,16.51,16.57,16.4,16.44,16364
BANK10BETF,20260910,20.52,20.68,20.24,20.28,12551513
BANKA,20260910,79.9,81.43,77.2,77.93,14098
BANKADD,20260910,57.82,58.01,57.57,57.68,2483
BANKBARODA,20260910,235.0,239.46,234.84,237.62,8949331
BANKBEES,20260910,585.87,586.83,582.94,583.52,393692
BANKBETA,20260910,58.46,58.6,58.2,58.29,263273
BANKBETF,20260910,57.31,57.64,57.2,57.31,9361
BANKETF,20260910,576.26,577.5,574.0,575.23,18747
BANKIETF,20260910,58.3,58.3,57.8,57.87,213648
BANKINDIA,20260910,141.3,142.72,140.0,141.0,5321538
BANKNIFTY1,20260910,58.31,58.81,58.31,58.46,281372
BANKPSU,20260910,85.1,85.52,84.25,84.3,3636
BANSALWIRE,20260910,306.0,312.8,305.4,311.4,59609
BANSWRAS,20260910,113.4,117.0,112.6,113.04,30780
BASF,20260910,3700.0,3783.0,3678.4,3688.3,18740
BASML,20260910,24.59,25.1,24.25,25.0,38404
BATAINDIA,20260910,660.0,664.0,651.15,653.25,78777
BATLIBOI,20260910,87.29,88.49,85.05,85.59,27083
BAYERCROP,20260910,3945.1,3995.0,3942.1,3978.4,13598
BBETF0432,20260910,1346.0,1348.99,1344.02,1346.48,236
BBL,20260910,2250.0,2268.2,2225.0,2231.2,11549
BBNPNBETF,20260910,56.85,57.35,56.68,56.89,1242
BBNPPGOLD,20260910,147.4,150.35,146.05,147.8,777
BBOX,20260910,760.0,774.35,742.5,744.85,215001
BBTC,20260910,1448.8,1456.3,1431.0,1434.7,33032
BBTCL,20260910,227.6,237.9,227.6,235.33,3137
BCG,20260910,10.29,10.39,9.96,10.1,9302127
BCLIND,20260910,35.43,35.59,35.01,35.12,253699
BCONCEPTS,20260910,163.0,163.0,151.6,154.5,24836
BCPL,20260910,72.71,72.71,70.2,71.05,11430
BDL,20260910,1215.0,1221.2,1190.0,1195.0,1240303
BEARDSELL,20260910,25.7,25.7,24.2,24.39,14895
BECTORFOOD,20260910,242.05,247.71,238.15,245.44,1400466
BEDMUTHA,20260910,106.41,107.75,105.02,105.37,5440
BEEKAY,20260910,426.95,440.0,420.1,433.4,2538
BEL,20260910,407.0,407.2,402.0,405.0,8716895
BELLACASA,20260910,248.58,267.58,244.21,262.11,28023
BELRISE,20260910,228.26,230.2,227.07,228.4,1568821
BEML,20260910,2100.0,2109.6,2024.4,2029.0,403865
BENARAS,20260910,10360.0,11200.0,10205.0,10736.0,341
BENGALASM,20260910,6196.5,6374.5,6151.0,6200.5,4096
BEPL,20260910,133.56,135.99,129.5,130.29,1382749
BERGEPAINT,20260910,471.0,473.95,460.95,463.8,262246
BESTAGRO,20260910,19.52,19.56,19.05,19.14,353461
BETA,20260910,2101.0,2107.5,2073.0,2085.8,11535
BFINVEST,20260910,452.65,463.9,441.3,448.6,52557
BFSI,20260910,26.42,26.57,26.33,26.47,146489
BFUTILITIE,20260910,523.0,567.5,516.05,544.45,482912
BGRENERGY,20260910,248.87,251.0,238.52,243.22,42440
BHAGCHEM,20260910,264.45,264.45,257.5,258.2,25913
BHAGERIA,20260910,303.1,303.1,303.1,303.1,34751
BHAGYANGR,20260910,415.75,432.2,415.75,432.2,487769
BHANDARI,20260910,3.0,3.05,2.98,3.0,87555
BHARATCOAL,20260910,33.8,34.1,33.33,33.42,3227357
BHARATFORG,20260910,1974.6,1981.0,1941.5,1954.9,403296
BHARATGEAR,20260910,101.6,102.95,101.12,102.67,11585
BHARATRAS,20260910,1174.0,1228.9,1150.1,1168.2,39675
BHARATSE,20260910,221.9,224.59,215.15,217.08,77910
BHARATWIRE,20260910,171.51,175.73,171.0,173.2,111621
BHARTIARTL,20260910,1815.1,1849.0,1814.0,1839.0,4588126
BHARTIHEXA,20260910,1553.2,1553.2,1533.2,1539.2,87669
BHEL,20260910,434.2,435.45,427.05,429.5,3963862
BI,20260910,89.06,92.0,89.0,89.83,26345
BIGBLOC,20260910,41.45,41.45,40.02,40.57,38315
BIKAJI,20260910,572.95,573.65,565.0,566.15,429656
BIL,20260910,1122.6,1150.0,1055.0,1081.7,50377
BILVYAPAR,20260910,4.03,4.05,3.91,4.0,3161
BIMETAL,20260910,650.0,659.0,633.6,645.0,563
BIOCON,20260910,397.0,397.95,388.45,391.65,4737510
BIOFILCHEM,20260910,31.46,37.75,31.46,36.79,681889
BIRLACABLE,20260910,369.45,374.65,360.4,374.65,929542
BIRLACORPN,20260910,839.0,844.95,831.0,836.7,27535
BIRLAMONEY,20260910,123.31,124.97,122.0,122.9,24305
BIRLANU,20260910,1410.0,1505.0,1410.0,1434.6,22823
BIRLAPREC,20260910,56.4,59.3,54.8,59.3,251521
BLACKBUCK,20260910,579.6,590.1,575.0,585.9,279838
BLACKROSE,20260910,114.0,114.0,110.26,111.79,11488
BLAL,20260910,161.73,163.0,161.0,161.23,12629
BLBLIMITED,20260910,16.85,16.98,14.6,15.98,362722
BLEL,20260910,458.9,461.65,437.15,441.6,563397
BLIL,20260910,72.25,72.25,71.25,71.42,117230
BLISSGVS,20260910,685.0,710.0,685.0,700.45,213265
BLKASHYAP,20260910,55.41,56.79,55.0,55.55,421323
BLS,20260910,237.0,238.58,235.0,235.63,501500
BLSE,20260910,320.25,321.9,311.3,316.6,372453
BLUECLOUDS,20260910,19.73,19.92,19.3,19.5,1031852
BLUECOAST,20260910,21.93,22.88,21.39,21.83,4015
BLUEDART,20260910,4910.0,4925.8,4868.0,4882.6,5407
BLUEJET,20260910,575.3,579.55,568.2,575.3,248896
BLUESTARCO,20260910,1450.0,1518.5,1450.0,1514.0,997496
BLUESTONE,20260910,874.1,875.9,844.65,855.15,402544
BLUSPRING,20260910,130.0,139.5,129.21,137.45,835035
BMWVENTLTD,20260910,54.45,54.89,54.22,54.59,26343
BNAGROCHEM,20260910,205.0,215.99,203.3,212.0,424
BNALTD,20260910,390.0,390.0,390.0,390.0,130
BNKETFAXIS,20260910,581.91,584.33,581.31,581.68,488
BODALCHEM,20260910,167.01,169.9,166.11,166.11,2774629
BOHRAIND,20260910,13.0,13.29,12.5,13.18,12410
BOMDYEING,20260910,112.52,114.18,111.65,112.51,326804
BONLON,20260910,40.65,40.7,38.55,40.25,5635
BORANA,20260910,316.2,324.45,316.1,317.65,8546
BOROLTD,20260910,253.61,274.86,253.61,263.78,1214319
BORORENEW,20260910,500.0,506.8,496.0,502.2,292829
BOROSCI,20260910,127.59,130.18,124.7,125.29,124569
BOSCH-HCIL,20260910,1788.1,1790.1,1681.8,1689.9,69787
BOSCHLTD,20260910,48865.0,49080.0,48480.0,48775.0,28128
BPCL,20260910,302.95,306.1,301.75,303.0,3231631
BPL,20260910,48.9,48.9,47.2,47.36,41997
BPLPHARMA,20260910,1565.0,1565.0,1530.0,1558.6,1275
BRAHMINFRA,20260910,160.95,160.95,158.01,158.62,5970
BRIGADE,20260910,660.6,665.75,649.4,651.15,181772
BRIGHOTEL,20260910,56.69,56.69,56.0,56.36,104697
BRIGHTBR,20260910,252.05,261.0,249.0,255.75,788
BRITANNIA,20260910,5108.0,5108.0,4997.0,5009.0,263129
BRNL,20260910,16.78,16.99,16.5,16.65,29344
BROOKS,20260910,66.0,66.0,63.1,63.85,24314
BSE,20260910,3288.0,3312.0,3261.0,3306.0,2228183
BSE500IETF,20260910,39.07,39.07,38.38,38.84,89012
BSHSL,20260910,90.8,90.9,87.0,88.84,3781
BSL,20260910,125.0,125.0,121.3,122.06,3578
BSLGOLDETF,20260910,135.31,135.31,134.14,134.33,254424
BSLNIFTY,20260910,28.3,28.3,27.45,27.5,895388
BSLSENETFG,20260910,76.07,76.07,75.4,75.53,3821
BSOFT,20260910,279.0,282.7,275.0,275.8,854846
BTML,20260910,7.8,8.04,7.58,7.79,178696
BTTL,20260910,41.29,42.99,40.18,42.49,14939
BUILDPRO,20260910,1309.8,1360.0,1264.2,1272.2,119521
BURNPUR,20260910,17.58,17.58,17.58,17.58,6914
BUTTERFLY,20260910,615.9,621.7,608.1,610.35,5449
BVCL,20260910,44.6,44.99,43.1,43.44,19531
BYKE,20260910,32.0,32.0,30.55,31.62,43194
CALSOFT,20260910,33.4,36.9,33.4,36.9,400472
CAMLINFINE,20260910,104.0,106.0,103.11,103.57,320150
CAMPUS,20260910,214.86,216.2,212.15,213.68,588814
CAMS,20260910,718.75,722.4,681.0,712.0,1371752
CANBK,20260910,124.0,127.6,123.7,124.6,22002938
CANFINHOME,20260910,788.9,791.75,780.3,782.2,196858
CANHLIFE,20260910,149.4,153.05,148.21,152.36,463305
CANTABIL,20260910,239.0,241.17,237.2,240.06,53432
CAPACITE,20260910,200.4,201.99,195.0,196.25,257180
CAPILLARY,20260910,456.7,464.2,450.0,459.9,151245
CAPITALSFB,20260910,283.3,283.3,270.6,272.15,22130
CAPLIPOINT,20260910,2716.0,2839.5,2714.0,2795.4,245863
CAPTRUST,20260910,18.61,19.05,18.02,18.29,42165
CARBORUNIV,20260910,1090.0,1123.4,1085.0,1090.2,210273
CARERATING,20260910,1733.2,1748.3,1690.0,1693.0,29312
CARRARO,20260910,535.1,564.5,531.05,551.95,125406
CARTRADE,20260910,3027.0,3064.0,2994.2,3034.7,155066
CARYSIL,20260910,1185.0,1211.0,1170.3,1178.5,150482
CASHIETF,20260910,1078.87,1078.89,1078.87,1078.88,95860
CASTROLIND,20260910,188.61,190.84,187.41,188.06,4597808
CCAVENUE,20260910,15.38,15.63,15.33,15.36,8320009
CCCL,20260910,14.44,14.44,14.0,14.15,72588
CCHHL,20260910,12.65,12.96,12.5,12.5,34264
CCL,20260910,1104.7,1104.7,1088.0,1096.8,86618
CDSL,20260910,1360.9,1372.9,1352.0,1355.0,771857
CEATLTD,20260910,3292.3,3313.5,3280.1,3295.7,43713
CEIGALL,20260910,377.0,389.25,369.55,379.1,1175462
CEINSYS,20260910,692.6,696.05,680.0,685.0,70255
CELEBRITY,20260910,6.84,6.99,6.62,6.72,4935
CELLO,20260910,337.45,341.2,337.0,338.9,141109
CEMNTGROWW,20260910,14.32,14.49,14.17,14.34,41538
CEMPRO,20260910,1265.0,1278.4,1250.0,1251.9,124816
CENTENKA,20260910,573.3,576.2,563.9,569.1,139334
CENTEXT,20260910,22.5,23.0,22.0,22.8,526048
CENTRALBK,20260910,30.6,31.23,30.53,30.82,5496244
CENTRUM,20260910,22.4,22.68,21.7,21.91,617593
CENTUM,20260910,4242.5,4309.0,4192.1,4210.4,21690
CENTURYPLY,20260910,735.5,743.05,731.05,734.05,43744
CERA,20260910,5698.5,5736.0,5601.0,5614.0,2852
CESC,20260910,150.0,152.48,147.1,147.58,1501069
CEWATER,20260910,289.9,289.9,275.0,279.9,285665
CFEL,20260910,43.0,46.38,40.32,44.92,1072863
CGCL,20260910,274.5,275.65,268.15,272.25,6527437
CGPOWER,20260910,928.0,931.0,905.0,914.55,1989359
CGVAK,20260910,151.9,151.9,140.2,146.25,1871
CHALET,20260910,889.7,896.1,863.2,875.55,119737
CHAMBLFERT,20260910,415.5,423.15,415.3,417.75,523104
CHEMBOND,20260910,220.86,232.8,220.25,225.82,47695
CHEMBONDCH,20260910,257.0,257.0,246.0,249.75,4895
CHEMCON,20260910,228.2,228.2,209.0,213.61,125537
CHEMCRUX,20260910,83.4,86.8,81.5,85.52,4525
CHEMFAB,20260910,370.2,399.5,370.2,384.5,14633
CHEMICAL,20260910,30.87,30.87,30.01,30.1,247365
CHEMPLASTS,20260910,178.03,183.18,175.15,176.15,347681
CHENNPETRO,20260910,1604.4,1663.3,1568.9,1626.4,3754568
CHEVIOT,20260910,1198.0,1205.0,1180.1,1195.9,1408
CHOICEGOLD,20260910,151.2,152.68,150.83,151.84,3020
CHOICEIN,20260910,750.0,775.95,750.0,770.4,549144
CHOLAFIN,20260910,1827.1,1868.2,1804.2,1859.0,2679971
CHOLAHLDNG,20260910,1520.6,1540.5,1519.0,1532.0,44664
CIEINDIA,20260910,381.0,386.25,380.6,381.8,321229
CIFL,20260910,20.3,20.3,19.91,20.19,95083
CINELINE,20260910,93.96,95.39,93.42,93.58,10986
CINEVISTA,20260910,15.0,15.0,14.06,14.36,1546
CIPLA,20260910,1366.8,1380.0,1363.1,1373.3,826221
CLEAN,20260910,825.7,862.3,825.55,848.45,951510
CLEANMAX,20260910,1400.0,1411.3,1393.0,1399.0,108482
CLEDUCATE,20260910,58.0,60.11,57.2,59.98,18408
CLSEL,20260910,304.8,305.35,299.35,302.55,57907
CMLL,20260910,489.9,489.9,468.0,470.8,333760
CMPDI,20260910,231.0,232.31,217.5,218.77,4598066
CMRGREEN,20260910,217.8,221.64,217.71,220.45,283687
CMSINFO,20260910,231.25,233.39,226.7,227.69,955879
CNL,20260910,1139.9,1139.9,1075.0,1086.3,44305
COALINDIA,20260910,433.0,436.3,430.0,432.0,8811171
COASTCORP,20260910,40.89,40.95,39.0,39.43,93128
COCHINSHIP,20260910,1556.1,1571.8,1520.4,1520.4,1052635
COCKERILL,20260910,8198.5,8264.5,7980.0,8009.0,3961
COFFEEDAY,20260910,33.16,33.59,31.71,31.99,600390
COFORGE,20260910,1842.0,1878.0,1821.0,1833.1,2691550
COHANCE,20260910,443.35,453.3,440.7,445.3,1241899
COLPAL,20260910,1804.5,1810.0,1796.9,1808.5,125826
COMFINTE,20260910,6.1,6.2,5.97,6.09,185838
COMMOIETF,20260910,99.37,99.38,98.3,98.57,438771
COMPEAU,20260910,368.0,368.0,351.0,360.0,902
COMPINFO,20260910,1.04,1.09,1.02,1.08,39125
COMPUSOFT,20260910,13.05,13.34,13.05,13.21,11612
COMSYN,20260910,301.7,304.45,297.05,299.0,468907
CONCOR,20260910,508.0,509.95,503.7,504.15,932939
CONCORDBIO,20260910,1472.2,1472.2,1432.0,1452.8,106007
CONFIPET,20260910,90.95,90.95,87.01,87.84,3216537
CONS,20260910,11.9,11.9,11.83,11.88,828806
CONSOFINVT,20260910,314.85,314.85,302.0,303.5,3305
CONSUMAXIS,20260910,118.78,119.68,118.34,118.4,7375
CONSUMBEES,20260910,129.47,129.47,128.01,128.34,69199
CONSUMER,20260910,12.14,12.47,11.5,11.88,97361
CONSUMIETF,20260910,119.24,119.88,118.97,119.33,3898
CONTROLPR,20260910,584.45,590.85,571.1,572.95,20559
CORALFINAC,20260910,32.99,32.99,31.84,32.88,15844
CORDELIA,20260910,105.65,109.46,104.18,109.44,3659034
CORDSCABLE,20260910,370.0,384.0,355.6,363.1,376600
COROMANDEL,20260910,1948.8,1972.0,1947.0,1961.9,38962
CORONA,20260910,2208.2,2225.0,2060.5,2200.8,354692
COSMOFIRST,20260910,903.0,914.7,877.6,880.65,56270
COUNCODOS,20260910,6.49,6.49,6.22,6.38,18197
CPCAP,20260910,137.89,137.89,132.23,134.49,27963
CPEDU,20260910,188.45,190.0,181.0,185.58,5171
CPL,20260910,67.5,67.81,65.24,66.38,138561
CPPLUS,20260910,3662.0,3879.9,3662.0,3829.1,215710
CPSEETF,20260910,95.9,95.9,94.51,94.78,565197
CRAFTSMAN,20260910,11800.0,11999.0,11231.0,11851.0,71337
CRAMC,20260910,238.5,241.0,238.0,240.05,189075
CRAVATEX,20260910,313.35,324.9,313.0,318.3,1421
CREATIVEYE,20260910,6.77,6.77,5.16,6.07,130775
CREDITACC,20260910,1397.1,1414.6,1394.0,1403.2,88216
CREST,20260910,360.15,375.0,350.0,357.4,6487
CRESTO,20260910,16.0,16.61,15.5,16.01,59749
CRISIL,20260910,4690.1,4779.6,4680.0,4721.7,22193
CRIZAC,20260910,177.0,180.99,174.12,179.7,242717
CROMPTON,20260910,234.0,234.0,229.74,230.0,2559289
CROWN,20260910,117.4,119.9,113.1,114.47,12728
CRSL,20260910,2.56,2.64,2.56,2.57,153783
CSBBANK,20260910,314.9,315.7,306.55,307.6,353998
CSLFINANCE,20260910,244.1,245.0,239.5,241.04,59861
CSM,20260910,92.85,97.64,92.28,94.96,892772
CTE,20260910,41.71,43.49,41.3,42.24,8424
CUB,20260910,232.0,232.99,224.95,226.45,1464969
CUBEXTUB,20260910,81.7,81.88,76.8,77.2,75588
CUMMINSIND,20260910,5170.5,5237.0,5069.5,5155.0,817252
CUPID,20260910,280.0,282.8,276.0,277.45,9575089
CURAA,20260910,75.88,75.88,75.88,75.88,1
CYBERMEDIA,20260910,22.28,23.79,21.64,22.37,58476
CYBERTECH,20260910,144.73,144.73,139.0,140.78,19759
CYIENT,20260910,1075.1,1089.9,1070.0,1076.4,187031
CYIENTDLM,20260910,947.9,967.75,916.0,923.3,452175
DABUR,20260910,370.45,377.75,369.0,376.45,2119982
DAICHI,20260910,350.25,351.95,340.0,341.05,1124
DALBHARAT,20260910,1730.0,1762.2,1712.0,1745.3,79405
DALMIASUG,20260910,430.0,442.5,429.0,431.5,150046
DAMCAPITAL,20260910,144.4,146.0,142.5,142.78,189257
DAMODARIND,20260910,29.31,29.49,28.1,29.49,1755
DANGEE,20260910,2.81,2.91,2.81,2.82,17138
DATAMATICS,20260910,776.6,783.9,760.2,780.45,84196
DATAPATTNS,20260910,4908.6,4928.2,4722.4,4777.2,554842
DAVANGERE,20260910,1.75,1.92,1.75,1.91,34419354
DBCORP,20260910,191.79,193.8,189.0,189.67,65563
DBEIL,20260910,7.05,7.24,7.02,7.11,148523
DBL,20260910,429.0,439.7,403.55,407.75,6474417
DBOL,20260910,122.0,124.06,120.0,120.38,152749
DBREALTY,20260910,99.4,102.36,99.4,100.19,1079190
DBSTOCKBRO,20260910,27.89,28.85,27.89,28.0,2328
DCAL,20260910,171.1,172.13,166.98,167.49,134059
DCBBANK,20260910,227.95,229.79,225.79,227.13,925685
DCI,20260910,271.1,282.5,271.1,274.6,202786
DCM,20260910,77.0,77.0,74.8,76.2,3407
DCMFINSERV,20260910,5.07,5.24,5.07,5.22,8291
DCMNVL,20260910,176.25,179.0,175.01,175.2,11541
DCMSHRIRAM,20260910,997.0,1014.8,994.0,1007.5,46045
DCMSIL,20260910,69.1,75.4,69.1,72.36,139970
DCMSRIND,20260910,42.88,43.31,41.42,41.76,242444
DCW,20260910,48.0,48.85,46.85,47.06,1159726
DCXINDIA,20260910,171.01,172.97,166.52,167.56,339818
DDEVPLSTIK,20260910,266.35,266.9,253.1,256.0,282659
DECCANCE,20260910,570.75,574.9,560.4,571.75,21447
DECNGOLD,20260910,221.39,228.9,219.62,225.88,1682664
DEEDEV,20260910,674.7,680.2,645.35,653.45,300005
DEEP,20260910,37.0,42.9,36.96,40.98,209619
DEEPA,20260910,203.1,203.8,193.6,196.04,4712667
DEEPAKFERT,20260910,1357.8,1364.8,1330.0,1335.6,150640
DEEPAKNTR,20260910,1642.0,1664.8,1633.5,1645.8,414991
DEEPINDS,20260910,796.6,804.9,780.1,782.8,243710
DEFENCE,20260910,84.27,84.27,82.13,82.35,388395
DELHIVERY,20260910,449.0,451.15,444.2,447.7,1333939
DELPHIFX,20260910,6.09,6.09,5.7,5.9,83858
DELTACORP,20260910,55.01,55.59,54.2,54.34,782143
DELTAMAGNT,20260910,58.99,58.99,55.4,56.82,10076
DEN,20260910,27.0,27.36,27.0,27.05,269174
DENORA,20260910,801.8,814.4,801.0,802.05,1190
DENTA,20260910,285.45,293.9,284.7,287.45,152520
DEVIT,20260910,23.91,24.75,23.8,23.97,75383
DEVX,20260910,33.69,33.8,32.79,32.99,92173
DEVYANI,20260910,138.0,140.1,135.26,135.92,978937
DGCONTENT,20260910,24.9,25.18,23.91,24.09,7989
DHABRIYA,20260910,522.4,522.4,506.0,512.65,5139
DHAMPURSUG,20260910,170.0,172.79,165.25,166.33,379032
DHANBANK,20260910,30.35,31.07,30.35,30.73,221381
DHANUKA,20260910,976.0,984.7,972.6,979.7,12867
DHARAN,20260910,0.14,0.14,0.13,0.13,7851139
DHARMAJ,20260910,269.95,271.0,267.3,270.0,24634
DHATRE,20260910,4.28,4.7,3.8,4.14,101237
DHOOTTRANS,20260910,1607.0,1609.5,1550.9,1571.6,1411231
DHRUV,20260910,24.05,24.12,22.63,22.79,1902
DHUNINV,20260910,1003.0,1015.0,982.0,991.5,605
DIACABS,20260910,336.4,351.5,332.2,351.5,1022436
DIAMINESQ,20260910,254.0,261.0,250.5,258.09,6347
DIAMONDYD,20260910,1123.6,1126.8,1101.6,1115.6,14173
DICIND,20260910,620.0,630.0,598.0,601.25,2387
DIFFNKG,20260910,442.0,457.95,436.1,449.55,213290
DIGIDRIVE,20260910,17.48,17.73,17.2,17.47,5299
DIGISPICE,20260910,16.48,16.82,16.01,16.53,109229
DIGITIDE,20260910,93.0,94.14,87.8,88.28,360528
DIGJAMLMTD,20260910,52.98,61.84,52.97,61.84,732362
DISAQ,20260910,11990.0,11999.0,11712.0,11849.0,277
DISHTV,20260910,2.5,2.51,2.39,2.39,1705526
DIVGIITTS,20260910,1150.0,1198.0,1127.3,1171.3,229899
DIVIDEND,20260910,35.24,35.3,35.0,35.0,2543
DIVISLAB,20260910,9600.5,9604.0,9386.5,9438.5,338181
DIVOPPBEES,20260910,76.73,76.73,74.95,75.31,35088
DIXON,20260910,13845.0,13867.0,13355.0,13500.0,467984
DJML,20260910,84.0,84.95,79.7,81.75,104674
DLF,20260910,653.6,662.4,651.9,655.85,2509591
DLINKINDIA,20260910,436.0,439.2,432.1,433.8,44139
DMART,20260910,3725.1,3735.0,3664.0,3690.0,265194
DMCC,20260910,290.8,297.4,284.1,291.95,40701
DNAMEDIA,20260910,2.48,2.59,2.45,2.48,47020
DODLA,20260910,1086.1,1099.8,1065.0,1090.1,14361
DOLATALGO,20260910,69.6,70.95,69.01,69.77,80374
DOLLAR,20260910,274.9,275.2,268.05,271.8,81680
DOLPHIN,20260910,685.0,694.55,645.3,654.0,33629
DOMS,20260910,2195.0,2198.5,2155.1,2165.6,14571
DONEAR,20260910,85.01,87.19,85.01,85.21,11551
DPABHUSHAN,20260910,1397.7,1406.7,1355.0,1369.3,19756
DPSCLTD,20260910,7.05,7.25,7.01,7.05,49883
DPWIRES,20260910,151.0,155.49,151.0,153.47,3717
DRAGARWQ,20260910,5266.5,5348.0,5266.5,5306.0,2708
DRCSYSTEMS,20260910,13.19,13.19,12.68,12.86,30616
DREAMFOLKS,20260910,68.3,69.0,66.82,67.12,30293
DREDGECORP,20260910,1042.0,1054.0,1022.1,1030.7,57460
DRREDDY,20260910,1140.0,1147.2,1134.9,1143.0,1684792
DSFCL,20260910,26.24,26.48,25.38,25.49,68627
DSKULKARNI,20260910,20.59,20.59,20.59,20.59,18
DSSL,20260910,1033.6,1040.8,1022.0,1032.2,22889
DTIL,20260910,144.7,144.7,141.3,144.2,8986
DUCON,20260910,1.82,1.83,1.76,1.78,1751220
DVL,20260910,290.85,291.5,280.05,285.1,17742
DWARKESH,20260910,46.99,47.44,45.4,45.78,1547426
DYCL,20260910,457.7,477.0,452.0,454.65,856388
DYNAMATECH,20260910,11625.0,11785.0,11402.0,11543.0,12225
DYNPRO,20260910,239.76,244.0,232.5,237.05,19689
E2E,20260910,604.5,616.0,598.0,605.9,426899
EASEMYTRIP,20260910,5.99,5.99,5.78,5.79,32925809
EASTSILK,20260910,57.01,62.62,56.85,61.89,115
EASTWEST,20260910,2.3,2.36,2.28,2.34,16616
EBANK10,20260910,16.46,16.5,16.21,16.25,842
EBANKNIFTY,20260910,56.87,57.24,56.87,57.06,305
EBBETF0430,20260910,1609.16,1617.8,1609.16,1612.2,2701
EBBETF0431,20260910,1442.0,1442.0,1431.07,1439.23,1272
EBBETF0433,20260910,1318.99,1318.99,1306.31,1309.17,1674
EBGNG,20260910,685.0,704.9,663.0,677.95,1283090
EBIX,20260910,19.82,20.63,19.55,19.63,20521
ECAPINSURE,20260910,23.4,23.5,23.23,23.28,159679
ECLERX,20260910,1930.0,1930.1,1890.4,1899.8,72761
ECORECO,20260910,444.45,452.9,435.0,437.25,14410
ECOSMOBLTY,20260910,111.97,112.99,111.1,111.73,36273
EDELWEISS,20260910,132.21,140.9,131.2,136.74,16928746
EFCIL,20260910,189.0,190.74,186.45,188.04,109913
EGOLD,20260910,153.7,153.7,152.2,152.6,811853
EICHERMOT,20260910,7713.0,7746.0,7637.5,7697.0,289058
EIDPARRY,20260910,750.0,761.0,731.6,733.95,342075
EIEL,20260910,211.03,215.74,209.0,211.65,5829468
EIFFL,20260910,275.7,275.7,275.7,275.7,2416
EIHAHOTELS,20260910,292.1,295.15,290.0,291.55,9363
EIHOTEL,20260910,288.95,290.0,281.35,285.05,131511
EIMCOELECO,20260910,2205.1,2344.5,2205.0,2291.4,45900
EKC,20260910,103.3,104.08,102.0,102.39,89007
EKI,20260910,71.01,72.5,70.0,70.73,15668
ELANTAS,20260910,13618.0,13899.0,13351.0,13397.0,3335
ELCIDIN,20260910,105590.0,107995.0,105590.0,106400.0,14
ELDEHSG,20260910,799.0,799.0,775.0,781.6,205
ELECON,20260910,419.55,423.85,418.0,420.5,155904
ELECTCAST,20260910,78.2,80.49,78.19,79.86,1266962
ELECTHERM,20260910,963.45,968.3,940.0,943.0,13574
ELGIEQUIP,20260910,621.8,624.9,602.5,621.6,574129
ELGIRUBCO,20260910,62.82,63.54,59.36,59.87,62106
ELIN,20260910,95.51,96.95,92.2,92.62,217355
ELIQUID,20260910,1047.08,1047.1,1047.08,1047.09,22275
ELITECON,20260910,7.08,7.82,7.08,7.8,33059819
ELLEN,20260910,359.0,378.6,345.5,373.5,3092748
ELM250,20260910,16.65,16.8,16.12,16.3,114662
ELMDIV,20260910,35.81,36.05,35.4,35.81,9467
ELPROINTL,20260910,175.8,175.8,173.45,173.76,11047
EMAMILTD,20260910,370.45,374.85,369.1,370.85,3326974
EMAMIPAP,20260910,116.98,118.0,113.56,117.74,20531
EMAMIREAL,20260910,72.0,72.45,70.0,72.31,43862
EMBDL,20260910,57.3,58.7,57.06,57.6,1393725
EMCURE,20260910,1926.1,1988.0,1914.5,1962.8,248776
EMETAL,20260910,13.53,13.53,13.22,13.49,4489
EMIL,20260910,182.4,196.4,180.23,191.82,7121916
EMKAY,20260910,253.5,254.7,248.6,249.2,10735
EMMBI,20260910,89.93,91.0,87.53,89.23,4692
EMMVEE,20260910,328.9,344.9,328.6,342.65,5005240
EMPIND,20260910,1077.0,1077.5,1041.2,1062.5,7162
EMPOWER,20260910,2.13,2.2,2.13,2.19,18816331
EMSLIMITED,20260910,386.95,393.0,382.0,391.4,298288
EMUDHRA,20260910,511.2,515.35,492.35,497.9,167411
EMULTIMQ,20260910,42.55,42.64,41.9,42.1,14928
ENDURANCE,20260910,2743.5,2762.2,2691.0,2715.9,119092
ENERGY,20260910,38.71,38.94,38.39,38.42,423910
ENERGYAXIS,20260910,19.4,19.7,19.1,19.18,9880
ENERGYDEV,20260910,14.89,15.3,14.36,15.12,43848
ENEXT50,20260910,72.97,72.97,72.1,72.1,1048
ENGINERSIN,20260910,273.6,277.8,270.1,272.05,1648920
ENIFTY,20260910,23.58,23.71,23.58,23.61,12198
ENIL,20260910,100.25,104.72,100.25,101.74,11082
ENKEIWHEL,20260910,403.0,408.5,388.0,392.2,4532
ENRIN,20260910,3215.7,3228.2,3167.2,3179.1,212471
ENTERO,20260910,1835.7,1850.0,1779.7,1792.9,166179
EPACK,20260910,188.0,189.77,186.81,188.14,315594
EPACKPEB,20260910,249.39,249.71,238.2,239.03,358765
EPIGRAL,20260910,1166.1,1175.0,1140.0,1149.8,35996
EPL,20260910,246.3,251.2,244.25,245.25,1241067
EQUAL200,20260910,13.69,13.69,13.61,13.64,10136
EQUAL50,20260910,325.0,325.49,323.87,324.87,3966
EQUAL50ADD,20260910,337.54,337.54,335.33,335.86,6652
EQUIPPP,20260910,24.0,24.45,23.12,23.5,4737
EQUITASBNK,20260910,72.9,73.35,71.96,72.63,1259639
ERIS,20260910,1335.0,1360.9,1325.0,1356.6,39505
ESABINDIA,20260910,5903.5,5953.0,5813.0,5824.0,3495
ESAFSFB,20260910,41.15,41.48,40.25,40.39,243128
ESCORTS,20260910,2989.2,3002.2,2951.0,2958.4,25353
ESDS,20260910,1520.0,1582.7,1330.0,1582.2,15676632
ESENSEX,20260910,75.49,75.54,75.1,75.45,1089
ESG,20260910,40.37,40.39,40.18,40.18,64497
ESILVER,20260910,234.15,236.17,233.0,233.29,24359
ESSARSHPNG,20260910,16.1,16.22,16.01,16.1,67976
ESSENTIA,20260910,1.07,1.09,1.06,1.06,1170605
ESTER,20260910,91.45,92.5,90.03,90.54,50678
ETERNAL,20260910,322.7,322.9,317.55,322.1,15557911
ETHOSLTD,20260910,2762.2,2778.0,2652.7,2687.4,68034
EUREKAFORB,20260910,403.0,406.75,395.6,397.35,147592
EUROBOND,20260910,154.0,154.0,148.0,150.0,929
EUROPRATIK,20260910,252.15,256.9,244.8,247.75,261511
EVEREADY,20260910,348.0,369.4,347.65,366.2,742503
EVERESTIND,20260910,416.0,424.0,414.0,415.45,2509
EVIETF,20260910,32.27,32.84,32.0,32.14,44236
EVINDIA,20260910,32.26,32.34,32.08,32.13,156859
EXCELINDUS,20260910,989.4,1001.0,989.4,992.6,4803
EXCELSOFT,20260910,74.6,83.4,74.06,80.08,9554776
EXICOM,20260910,180.42,183.8,175.1,176.73,1218667
EXIDEIND,20260910,411.0,424.0,411.0,420.85,3849629
EXPLEOSOL,20260910,877.6,898.0,875.35,883.8,17439
EXXARO,20260910,6.64,6.64,6.23,6.37,396906
FABTECH,20260910,149.9,154.45,146.15,147.42,213570
FACT,20260910,787.0,809.55,785.0,789.95,167703
FAIRCHEMOR,20260910,637.0,644.4,627.05,634.5,5527
FAZE3Q,20260910,486.1,492.25,482.1,486.4,8746
FCL,20260910,58.65,61.73,58.05,58.71,30215858
FCSSOFT,20260910,1.42,1.43,1.4,1.41,1067673
FDC,20260910,356.75,356.75,344.55,345.35,115269
FEDDERSHOL,20260910,49.5,50.32,48.4,48.42,4104988
FEDERALBNK,20260910,343.85,347.05,343.75,346.0,5314983
FEDFINA,20260910,157.25,160.38,156.82,158.88,454377
FEL,20260910,0.38,0.38,0.37,0.37,186652
FELDVR,20260910,2.27,2.34,2.12,2.14,3881
FERMENTA,20260910,494.75,499.45,479.5,483.65,54975
FIBERWEB,20260910,26.24,27.0,26.0,26.98,24076
FIEMIND,20260910,2010.0,2022.9,1980.0,1986.8,61931
FILATEX,20260910,75.4,76.53,75.16,76.25,654464
FILATFASH,20260910,0.18,0.19,0.18,0.18,19161585
FINCABLES,20260910,1355.0,1429.0,1336.7,1418.4,2351771
FINEORG,20260910,5172.0,5188.5,5122.0,5156.0,12118
FINIETF,20260910,32.67,32.67,32.13,32.36,290087
FINKURVE,20260910,68.11,70.49,66.5,66.73,129793
FINOPB,20260910,137.9,141.54,137.41,139.95,463691
FINPIPE,20260910,156.0,158.5,156.0,157.08,286323
FIRSTCRY,20260910,172.0,174.52,170.0,171.38,814837
FISCHER,20260910,35.01,35.55,34.59,34.9,451549
FIVESTAR,20260910,531.05,534.85,527.3,530.65,155615
FLAIR,20260910,241.9,241.9,236.56,238.54,98152
FLEXIADD,20260910,9.97,10.17,9.77,9.79,112300
FLEXITUFF,20260910,2.08,2.14,2.06,2.1,51593
FLFL,20260910,1.2,1.21,1.15,1.15,49478
FLUOROCHEM,20260910,4737.8,4887.9,4737.8,4786.3,170274
FMCGADD,20260910,46.05,46.05,45.36,45.4,23131
FMCGIETF,20260910,49.39,49.39,48.56,48.65,1894394
FMGOETZE,20260910,460.0,463.55,441.3,443.55,503177
FMNL,20260910,9.07,9.73,9.07,9.15,34831
FOCUS,20260910,61.8,62.5,61.05,61.97,100777
FOODSIN,20260910,59.0,59.7,55.35,56.77,116129
FORCEMOT,20260910,17419.0,18339.0,17349.0,18175.0,222791
FORTIS,20260910,914.65,915.0,900.6,902.45,963139
FOSECOIND,20260910,6060.0,6324.0,6060.0,6194.0,10101
FRACTAL,20260910,780.0,784.3,764.55,766.65,244109
FREDUN,20260910,1460.0,1493.0,1418.2,1461.2,44072
FRONTSP,20260910,1272.2,1275.1,1250.0,1255.0,7869
FSL,20260910,254.95,257.35,250.3,251.35,332027
FUSION,20260910,195.65,196.68,189.98,190.68,702387
GABRIEL,20260910,1360.8,1368.0,1328.4,1338.7,97710
GAEL,20260910,168.15,170.95,164.0,164.8,646957
GAIL,20260910,174.0,176.5,173.25,174.49,4397343
GAJA,20260910,160.24,163.9,153.25,155.33,1928025
GALAPREC,20260910,1054.8,1054.9,1015.0,1038.0,21452
GALAXYSURF,20260910,2300.1,2330.0,2226.0,2247.4,40182
GALLANTT,20260910,557.1,568.7,550.0,553.25,52214
GANDHAR,20260910,269.0,278.0,269.0,271.3,1490894
GANDHITUBE,20260910,900.0,902.95,889.1,899.3,2826
GANECOS,20260910,1023.7,1062.4,1009.6,1048.6,110267
GANESHBE,20260910,130.0,134.5,126.5,133.35,311838
GANESHCP,20260910,168.67,170.0,165.5,166.98,317609
GANESHHOU,20260910,757.3,784.1,754.7,772.95,23060
GANGAFORGE,20260910,1.63,1.63,1.55,1.6,3183731
GANGESSECU,20260910,116.99,119.46,115.5,115.62,1949
GARFIBRES,20260910,810.3,829.9,771.25,784.5,216497
GARUDA,20260910,181.99,183.19,177.65,179.29,680295
GATECH,20260910,0.76,0.76,0.76,0.76,4563307
GATECHDVR,20260910,0.5,0.51,0.48,0.48,233553
GATEWAY,20260910,53.35,54.5,53.35,53.65,347943
GAUDIUMIVF,20260910,116.56,118.8,114.0,115.26,105156
GAYAHWS,20260910,1.94,1.95,1.85,1.9,125320
GAYAPROJ,20260910,23.7,24.82,23.3,24.8,2185895
GCSL,20260910,605.0,616.9,603.85,614.8,241437
GEECEE,20260910,360.7,374.65,360.1,370.05,2131
GEEKAYWIRE,20260910,27.9,29.84,27.8,28.62,49534
GEMAROMA,20260910,166.67,172.6,163.5,165.09,111999
GENCON,20260910,42.98,42.98,41.4,41.91,381933
GENESYS,20260910,274.31,323.23,265.63,299.67,9166324
GENSOL,20260910,17.79,17.79,17.0,17.36,55103
GENUSPAPER,20260910,12.45,13.09,11.85,12.1,393870
GENUSPOWER,20260910,329.0,332.3,325.05,326.15,788425
GEOJITFSL,20260910,80.12,80.93,79.01,79.47,255965
GESHIP,20260910,1394.0,1426.9,1393.0,1400.2,1104013
GFLLIMITED,20260910,57.5,59.9,57.16,58.44,107699
GFSTEELS,20260910,19.96,19.96,19.96,19.96,2461
GHCL,20260910,426.3,428.9,421.0,424.7,92301
GHCLTEXTIL,20260910,134.72,134.88,130.5,132.54,233354
GICHSGFIN,20260910,137.31,138.51,135.6,136.12,77138
GICL,20260910,23.75,24.7,23.5,24.33,218956
GICRE,20260910,349.45,350.2,342.95,343.7,350856
GILLANDERS,20260910,104.0,105.49,102.0,102.37,2570
GILLETTE,20260910,7479.5,7480.0,7365.5,7385.5,5223
GILT10BETA,20260910,26.79,26.79,26.28,26.71,917
GILT5BETA,20260910,67.2,67.2,65.99,67.19,1611
GILT5YBEES,20260910,66.54,66.54,66.26,66.28,105046
GINNIFILA,20260910,42.33,42.98,41.0,41.3,26576
GIPCL,20260910,202.0,204.49,200.01,201.3,352513
GKB,20260910,68.0,68.0,64.0,65.09,5467
GKENERGY,20260910,132.0,132.0,127.5,128.01,515968
GKSL,20260910,175.0,177.01,172.87,173.22,142017
GKWLIMITED,20260910,1570.4,1572.2,1550.0,1556.3,114
GLAND,20260910,3031.0,3031.0,2918.9,2946.9,368835
GLAXO,20260910,2934.8,2961.8,2832.2,2840.9,38562
GLENMARK,20260910,2445.9,2449.9,2403.1,2415.0,262107
GLFL,20260910,5.37,5.4,5.13,5.26,13469
GLOBAL,20260910,126.0,128.54,121.94,123.56,81499
GLOBALE,20260910,11.19,11.3,10.75,10.85,2969
GLOBALVECT,20260910,140.4,140.4,138.0,138.35,5519
GLOBE,20260910,1.85,1.87,1.8,1.85,328839
GLOBECIVIL,20260910,43.75,45.97,43.75,44.55,23740
GLOBUSSPR,20260910,854.0,854.7,835.0,837.55,88143
GLOSTERLTD,20260910,607.5,607.5,590.0,599.45,653
GLOTTIS,20260910,59.89,60.37,58.5,58.74,43296
GMBREW,20260910,917.7,926.0,911.0,912.5,19971
GMDCLTD,20260910,578.8,601.0,577.0,580.4,4880225
GMMPFAUDLR,20260910,1305.4,1325.8,1290.6,1319.2,385507
GMRAIRPORT,20260910,98.61,98.61,96.82,97.46,9680394
GMRP&UI,20260910,94.82,97.05,92.58,96.51,1607477
GNA,20260910,543.7,559.0,540.0,553.95,297519
GNFC,20260910,572.0,575.0,564.45,570.75,432189
GNRL,20260910,109.71,110.29,107.31,107.73,76155
GOACARBON,20260910,484.0,484.0,433.65,440.25,627318
GOCLCORP,20260910,432.1,437.55,429.9,432.2,82309
GOCOLORS,20260910,326.0,326.0,316.4,318.45,53673
GODAVARIB,20260910,238.46,240.6,233.91,235.82,78228
GODFRYPHLP,20260910,1976.2,2002.9,1961.0,1972.0,190824
GODIGIT,20260910,253.3,255.7,250.1,250.75,93062
GODREJAGRO,20260910,675.05,683.5,663.8,673.05,424433
GODREJCP,20260910,863.8,872.8,859.0,869.9,697924
GODREJIND,20260910,1135.0,1135.4,1120.0,1122.3,90792
GODREJPROP,20260910,1850.0,1874.8,1836.0,1872.0,686220
GOKEX,20260910,781.0,792.15,770.5,774.2,208650
GOKUL,20260910,43.8,43.8,41.6,42.61,242171
GOKULAGRO,20260910,232.0,232.09,226.0,226.4,248041
GOLD1,20260910,127.9,128.12,127.22,127.4,3017812
GOLD360,20260910,148.6,149.8,148.45,149.15,7224
GOLDADD,20260910,14.8,14.92,14.8,14.83,3792185
GOLDAXIS,20260910,127.65,127.99,127.05,127.19,475888
GOLDBEES,20260910,126.41,126.93,126.05,126.2,15916449
GOLDBETA,20260910,128.5,129.2,128.35,128.5,685844
GOLDBND,20260910,152.1,153.88,151.82,152.51,22899
GOLDCASE,20260910,24.03,24.18,24.02,24.04,8411361
GOLDENTOBC,20260910,25.1,25.1,24.5,24.5,144
GOLDETF,20260910,148.2,149.15,148.2,148.46,1309123
GOLDIAM,20260910,330.0,333.05,325.6,327.8,299837
GOLDIETF,20260910,130.65,131.53,130.6,130.75,4267231
GOLDTECH,20260910,47.5,47.5,46.05,46.5,10609
GOODLUCK,20260910,515.8,533.3,515.05,517.9,811696
GOODYEAR,20260910,730.0,733.65,720.0,724.7,3645
GOPAL,20260910,261.9,263.85,259.0,260.5,86921
GOYALALUM,20260910,6.16,6.3,6.1,6.14,85898
GPIL,20260910,254.0,254.6,247.25,252.23,1594175
GPPL,20260910,159.16,163.34,159.16,162.27,1620378
GPTHEALTH,20260910,161.16,165.4,160.1,161.29,145904
GPTINFRA,20260910,113.0,114.8,112.12,113.47,239257
GRADIENTE,20260910,2.6,2.61,2.51,2.53,1077579
GRANDOAK,20260910,37.2,37.2,36.15,36.88,3734
GRANULES,20260910,870.1,905.85,870.1,899.25,1597031
GRAPHITE,20260910,839.15,868.95,820.1,824.8,11528239
GRASIM,20260910,3290.0,3324.4,3279.9,3319.0,1056285
GRAUWEIL,20260910,72.0,77.47,72.0,76.48,1086631
GRAVISSHO,20260910,29.16,35.59,28.65,35.59,491934
GRAVITA,20260910,1679.9,1720.6,1675.0,1698.7,117013
GREAVESCOT,20260910,192.0,199.4,191.1,193.6,1100510
GREENLAM,20260910,236.25,238.9,235.7,236.39,15103
GREENPANEL,20260910,162.0,163.95,159.5,159.99,645667
GREENPLY,20260910,294.95,298.5,291.0,296.7,114718
GREENPOWER,20260910,9.55,9.59,9.35,9.36,3898629
GRINDWELL,20260910,1875.0,1940.2,1865.1,1907.7,25898
GRINFRA,20260910,858.5,892.95,841.25,850.55,44767
GRMOVER,20260910,88.0,88.99,86.37,87.48,1190958
GROBTEA,20260910,940.05,980.05,940.05,960.0,127
GROWW,20260910,193.99,197.8,193.45,195.84,16339114
GROWWCAPM,20260910,11.58,11.58,11.25,11.31,354935
GROWWCHEM,20260910,30.1,30.29,29.85,30.05,51883
GROWWDEFNC,20260910,99.26,99.6,97.38,97.96,385355
GROWWEV,20260910,32.78,32.78,31.96,32.12,202888
GROWWGOLD,20260910,14.97,15.0,14.9,14.91,2119446
GROWWHOSPI,20260910,53.91,53.91,52.52,52.65,207236
GROWWLIQID,20260910,110.79,110.79,110.68,110.68,585938
GROWWLOVOL,20260910,10.25,10.25,10.14,10.2,6224
GROWWMC150,20260910,234.5,234.5,228.51,229.09,517
GROWWMETAL,20260910,12.56,12.88,12.1,12.7,276340
GROWWMOM50,20260910,11.18,11.18,11.01,11.09,162153
GROWWN200,20260910,11.09,11.22,11.09,11.14,38526
GROWWNET,20260910,10.92,11.05,10.76,10.83,355262
GROWWNIFTY,20260910,9.63,9.63,9.47,9.5,681596
GROWWNXT50,20260910,73.25,73.52,72.81,73.06,10598
GROWWPOWER,20260910,11.57,11.57,11.31,11.36,1267675
GROWWPSE,20260910,98.5,99.48,96.53,98.38,2343
GROWWPSUBK,20260910,84.7,85.2,83.11,84.45,1245
GROWWRAIL,20260910,28.05,28.05,27.6,27.64,863789
GROWWRLTY,20260910,9.9,9.9,9.68,9.76,430062
GROWWSC250,20260910,10.75,10.75,10.56,10.66,113543
GROWWSLVR,20260910,23.1,23.2,22.88,22.92,1297875
GRPLTD,20260910,2024.9,2024.9,1983.1,1992.5,608
GRSE,20260910,2498.0,2508.6,2419.0,2435.3,370821
GRWRHITECH,20260910,6752.5,7030.0,6752.5,6905.0,59432
GSEC10ADD,20260910,26.48,26.83,26.48,26.83,377
GSEC10IETF,20260910,264.96,264.96,262.33,262.33,186
GSEC10YEAR,20260910,30.58,30.61,30.25,30.61,5088
GSEC5IETF,20260910,66.57,66.8,66.17,66.19,9292
GSFC,20260910,160.0,161.9,159.1,160.38,1757556
GSLSU,20260910,28.0,28.0,26.45,27.22,53432
GSPCROP,20260910,490.0,494.6,470.0,471.75,252463
GSS,20260910,11.13,11.13,10.4,10.47,100600
GTECJAINX,20260910,26.33,28.15,26.33,27.9,5392
GTL,20260910,7.17,7.29,7.13,7.2,181256
GTLINFRA,20260910,1.16,1.18,1.16,1.16,22019197
GTPL,20260910,58.75,61.59,58.29,59.75,99581
GUFICBIO,20260910,429.9,432.2,419.1,422.65,59276
GUJALKALI,20260910,712.55,727.0,707.05,718.75,61375
GUJAPOLLO,20260910,348.3,349.0,336.0,338.35,8316
GUJENERGY,20260910,258.97,264.3,253.81,254.8,2198796
GUJRAFFIA,20260910,42.45,42.45,40.63,41.17,3927
GUJTHEM,20260910,435.4,445.0,426.1,430.1,1458568
GULFOILLUB,20260910,1077.0,1080.0,1064.3,1073.0,49771
GULFPETRO,20260910,67.98,67.98,65.01,65.74,51804
GULPOLY,20260910,179.86,180.75,176.4,176.68,155336
GVKPIL,20260910,2.21,2.21,2.21,2.21,253493
GVPIL,20260910,653.0,666.9,653.0,654.5,101615
GVPTECH,20260910,8.35,8.35,7.75,8.05,42123
GVT&D,20260910,4645.0,4666.9,4525.0,4545.0,685310
GYFTR,20260910,182.93,187.19,180.37,185.32,18925
HAL,20260910,5015.0,5052.4,4914.6,4950.0,688500
HALDER,20260910,287.0,287.0,275.0,281.9,21256
HALDYNGL,20260910,141.0,146.0,140.01,142.18,43890
HALEOSLABS,20260910,1498.0,1498.0,1450.0,1450.6,171
HAMPTON,20260910,8.46,8.46,8.26,8.4,361241
HAPPSTMNDS,20260910,338.75,340.9,331.2,332.4,807094
HAPPYFORGE,20260910,2253.2,2301.0,2211.0,2233.4,58774
HARDWYN,20260910,9.05,9.54,9.01,9.12,1908231
HARIOMPIPE,20260910,366.15,369.75,360.15,361.8,46893
HARRMALAYA,20260910,190.83,190.83,186.25,186.8,6407
HARSHA,20260910,453.4,455.0,445.1,447.2,86970
HATHWAY,20260910,10.15,10.3,10.1,10.17,976509
HATSUN,20260910,1203.8,1205.0,1180.0,1194.5,31094
HAVELLS,20260910,1121.0,1126.0,1105.5,1116.0,1093884
HAVISHA,20260910,1.35,1.37,1.33,1.34,32100
HAWKINCOOK,20260910,8637.5,8637.5,8333.0,8408.0,2639
HAZOOR,20260910,20.24,20.24,19.41,19.7,89734
HBESD,20260910,74.0,74.0,70.1,71.26,837
HBLENGINE,20260910,726.45,737.85,717.35,720.9,1338416
HBPOR,20260910,62.8,62.8,58.6,58.9,533
HBSL,20260910,53.4,54.98,53.4,54.37,3048
HCC,20260910,23.41,23.63,22.63,22.81,19958126
HCG,20260910,716.0,717.2,693.75,700.9,225989
HCL-INSYS,20260910,10.18,10.32,10.1,10.12,188728
HCLTECH,20260910,1224.8,1237.0,1196.9,1207.0,2197859
HDBFS,20260910,672.1,680.85,668.05,677.7,261702
HDFCAMC,20260910,2430.0,2448.1,2401.0,2433.8,370540
HDFCBANK,20260910,687.1,694.5,686.2,693.8,27108053
HDFCBSE500,20260910,37.79,37.79,36.54,36.8,4283337
HDFCGOLD,20260910,130.36,131.14,130.26,130.49,2125971
HDFCGROWTH,20260910,115.5,116.14,115.32,115.49,8374
HDFCLIFE,20260910,515.15,526.15,508.7,526.15,4125818
HDFCLIQUID,20260910,1077.12,1077.26,1077.12,1077.25,13555
HDFCLOWVOL,20260910,20.1,20.11,19.96,19.98,5195
HDFCMID150,20260910,23.34,23.35,23.17,23.24,264279
HDFCMOMENT,20260910,31.51,31.56,31.11,31.12,110804
HDFCNEXT50,20260910,74.57,74.76,73.97,74.08,56218
HDFCNIF100,20260910,25.55,25.55,25.45,25.47,44229
HDFCNIFBAN,20260910,58.16,58.37,57.89,58.03,676174
HDFCNIFIT,20260910,31.05,31.27,30.65,30.85,110521
HDFCNIFTY,20260910,267.94,267.94,264.06,264.33,202749
HDFCNIMEG,20260910,137.33,137.33,132.71,133.04,3912
HDFCPSUBK,20260910,84.91,85.77,84.45,84.7,29587
HDFCPVTBAN,20260910,28.58,28.58,27.72,27.74,92402
HDFCQUAL,20260910,57.72,57.94,57.4,57.4,6054
HDFCSENSEX,20260910,85.32,85.92,84.33,84.74,90184
HDFCSILVER,20260910,224.2,226.35,223.12,223.54,2256708
HDFCSML250,20260910,185.46,186.46,185.36,186.25,988207
HDFCVALUE,20260910,122.89,122.89,122.15,122.37,3273
HDIL,20260910,1.51,1.53,1.46,1.49,122897
HEADSUP,20260910,6.78,7.17,6.78,6.9,5294
HEALTHADD,20260910,17.1,17.1,16.63,16.66,117567
HEALTHAXIS,20260910,168.64,169.22,167.52,168.13,1495
HEALTHCARE,20260910,21.99,21.99,21.65,21.68,42640
HEALTHIETF,20260910,170.13,170.93,169.13,169.47,45541
HEALTHX,20260910,299.75,306.4,285.0,305.35,19198
HEALTHY,20260910,17.27,17.29,16.9,17.0,182029
HECPROJECT,20260910,121.0,123.2,119.22,119.55,1791
HEG,20260910,253.9,256.1,249.65,249.65,1892656
HEIDELBERG,20260910,160.0,160.26,158.01,158.79,467802
HEMIPROP,20260910,123.0,123.75,120.51,120.95,409114
HERANBA,20260910,171.77,176.18,171.77,172.3,18572
HERITGFOOD,20260910,380.1,403.5,376.3,398.05,2057299
HEROMOTOCO,20260910,5235.0,5280.0,5169.0,5280.0,501164
HESTERBIO,20260910,2323.0,2343.9,2267.5,2279.0,3073
HEXAGON,20260910,69.6,70.79,66.5,68.17,1057255
HEXATRADEX,20260910,157.0,158.0,155.15,156.88,660
HEXT,20260910,512.9,516.4,501.0,502.95,174991
HFCL,20260910,243.69,243.96,233.16,233.32,8324471
HGINFRA,20260910,478.0,495.0,476.0,487.25,83596
HGM,20260910,50.13,51.6,49.11,49.57,1327
HGS,20260910,386.65,390.0,382.3,383.85,5883
HIKAL,20260910,241.5,245.0,233.1,234.78,774444
HILINFRA,20260910,44.0,44.0,41.51,42.59,101361
HILTON,20260910,18.45,18.7,18.2,18.28,61751
HIMATSEIDE,20260910,69.49,69.98,68.52,68.85,246426
HINDADH,20260910,365.0,372.75,362.0,365.3,1601
HINDALCO,20260910,1027.5,1029.5,1007.8,1014.0,2172772
HINDALUMI,20260910,99.0,99.0,96.1,96.57,1213
HINDCOMPOS,20260910,387.05,393.0,380.0,381.45,3422
HINDCON,20260910,23.55,24.24,23.31,23.34,15364
HINDCOPPER,20260910,539.15,543.0,525.7,527.3,8458321
HINDOILEXP,20260910,192.0,195.98,187.0,187.66,1268291
HINDPETRO,20260910,347.0,353.85,346.95,352.65,2991765
HINDUNILVR,20260910,1940.0,1950.0,1936.0,1942.3,1232506
HINDWAREAP,20260910,180.3,191.95,180.12,181.67,253483
HINDZINC,20260910,608.5,610.9,592.25,593.6,4559807
HIRECT,20260910,1290.3,1299.0,1244.9,1248.9,57042
HISARMETAL,20260910,160.85,160.85,155.0,155.28,338
HITECH,20260910,76.6,79.7,76.31,77.4,1896207
HITECHCORP,20260910,330.7,336.0,330.7,332.25,3038
HITECHGEAR,20260910,583.9,591.9,562.0,579.45,1409
HLEGLAS,20260910,369.0,396.6,364.35,367.6,1484997
HLVLTD,20260910,6.47,6.47,6.31,6.38,119034
HMAAGRO,20260910,20.02,20.36,19.09,19.98,10117074
HMT,20260910,66.99,66.99,63.55,63.91,17576
HMVL,20260910,78.0,79.99,77.94,78.76,5824
HNDFDS,20260910,610.0,623.9,610.0,619.95,33284
HNGSNGBEES,20260910,465.99,466.98,463.82,466.06,61122
HOMEFIRST,20260910,1202.3,1214.8,1196.4,1209.4,168561
HONASA,20260910,471.0,483.9,469.65,475.65,657000
HONAUT,20260910,34370.0,34400.0,33875.0,34150.0,1828
HONDAPOWER,20260910,1988.0,1988.0,1945.0,1969.5,2818
HORIZONIND,20260910,55.5,56.15,54.99,55.55,1975842
HPAL,20260910,35.1,37.0,34.0,36.61,76830
HPIL,20260910,121.1,121.1,120.0,120.03,622
HPL,20260910,296.0,304.0,294.9,295.8,64754
HRYNSHP,20260910,101.55,102.0,98.32,99.32,1274
HSBCGOLD,20260910,132.25,134.8,132.25,132.9,2342
HSCL,20260910,666.5,671.0,662.0,663.75,906421
HTEL,20260910,81.53,81.53,81.53,81.53,538142
HTMEDIA,20260910,24.68,25.25,23.91,24.32,86924
HUBTOWN,20260910,183.98,185.82,182.0,183.22,202127
HUDCO,20260910,174.63,177.23,173.2,174.08,1349166
HUHTAMAKI,20260910,265.1,277.7,260.1,262.05,799014
HYBRIDETF,20260910,10.08,10.39,10.05,10.09,12382
HYBRIDFIN,20260910,17.0,17.18,16.5,17.11,4107
HYUNDAI,20260910,2188.0,2227.0,2170.3,2205.0,907669
IBULLSLTD,20260910,25.0,25.46,24.29,24.9,37845470
ICDSLTD,20260910,67.0,67.53,64.5,64.66,4782
ICEMAKE,20260910,725.7,760.0,721.0,727.9,17732
ICICIAMC,20260910,3003.5,3055.5,2991.8,3033.5,237958
ICICIB22,20260910,115.88,115.88,112.1,113.5,245107
ICICIBANK,20260910,1385.9,1393.0,1373.9,1384.5,10580641
ICICIGI,20260910,1473.7,1476.0,1459.1,1465.0,312999
ICICIPRULI,20260910,462.05,475.15,455.3,471.0,2174563
ICIL,20260910,445.0,471.25,434.7,439.45,1682911
ICRA,20260910,4800.0,4822.0,4715.0,4726.2,25291
IDBI,20260910,81.6,82.39,80.96,81.62,8241363
IDEA,20260910,15.7,15.7,14.82,14.9,888431120
IDEAFORGE,20260910,747.45,757.3,739.0,743.45,192541
IDFCFIRSTB,20260910,86.0,87.4,85.82,86.84,14637414
IDFNIFTYET,20260910,258.86,259.93,258.68,259.15,1016
IEX,20260910,117.95,118.63,116.06,116.63,2469793
IFBAGRO,20260910,871.0,896.25,867.0,874.8,3778
IFBIND,20260910,1268.3,1294.7,1256.3,1283.2,23672
IFCI,20260910,89.34,90.4,84.6,85.15,106219079
IFGLEXPOR,20260910,215.7,219.05,211.0,212.54,56193
IGARASHI,20260910,412.1,415.45,406.0,408.3,39876
IGCL,20260910,72.75,72.99,72.1,72.4,105778
IGIL,20260910,312.0,317.0,310.3,311.2,433610
IGL,20260910,152.35,154.45,152.0,153.46,622240
IGPL,20260910,562.0,565.0,552.0,553.5,44341
IIFL,20260910,609.8,616.5,601.25,607.65,2214842
IIFLCAPS,20260910,337.6,340.0,337.05,337.3,337784
IITL,20260910,149.29,155.3,145.51,147.23,109487
IKIO,20260910,220.4,235.0,220.4,231.73,2436372
IKS,20260910,1782.0,1802.2,1770.7,1783.7,76060
IL&FSENGG,20260910,37.05,39.49,36.78,39.09,26977
IL&FSTRANS,20260910,2.08,2.08,2.01,2.03,40383
IMAGICAA,20260910,55.0,55.1,52.2,53.2,683962
IMFA,20260910,1302.0,1313.0,1275.0,1279.1,78648
IMPAL,20260910,1145.0,1155.0,1124.0,1127.7,3127
IMPEXFERRO,20260910,5.08,5.08,4.9,5.08,278027
INA,20260910,90.6,94.89,90.6,93.0,605182
INCREDIBLE,20260910,32.0,32.48,30.51,30.98,9793
INDBANK,20260910,26.61,28.5,26.45,27.72,201918
INDGN,20260910,586.0,589.95,575.15,577.35,258395
INDHOTEL,20260910,718.4,720.6,712.55,715.75,991880
INDIACEM,20260910,352.0,353.65,346.6,347.95,36131
INDIAGLYCO,20260910,316.3,316.3,291.0,310.4,395575
INDIAMART,20260910,1672.3,1683.2,1626.0,1637.7,135778
INDIANB,20260910,859.5,869.85,850.6,856.5,1181088
INDIANCARD,20260910,216.81,216.81,208.05,209.36,815
INDIANHUME,20260910,377.3,380.75,365.4,367.0,77703
INDIASHLTR,20260910,662.05,676.2,662.05,672.15,109631
INDIGO,20260910,4964.5,4966.0,4877.0,4945.0,813491
INDIGOPNTS,20260910,1113.8,1118.6,1073.0,1077.8,74559
INDIQUBE,20260910,205.67,209.9,201.2,205.56,29531
INDNIPPON,20260910,1347.9,1564.0,1336.5,1369.0,2823252
INDOAMIN,20260910,127.5,128.65,125.5,127.87,26964
INDOBORAX,20260910,511.0,517.5,476.2,483.45,238232
INDOCO,20260910,234.94,269.9,229.0,254.25,6015331
INDOFARM,20260910,142.54,143.94,140.0,140.32,86499
INDOKEM,20260910,654.0,654.0,616.1,620.45,2599
INDOMIM,20260910,996.0,1028.5,996.0,1006.55,3303971
INDORAMA,20260910,85.68,90.0,81.75,82.93,3197552
INDOSTAR,20260910,247.7,250.0,245.3,246.89,90897
INDOTECH,20260910,3610.0,3670.0,3600.0,3602.4,7017
INDOTHAI,20260910,43.43,43.43,43.43,43.43,97714
INDOUS,20260910,81.2,81.25,78.01,79.54,5668
INDOWIND,20260910,9.1,9.19,9.0,9.08,157093
INDPRUD,20260910,6270.0,6270.0,6200.0,6211.5,58
INDRAMEDCO,20260910,362.55,362.55,358.0,360.0,106996
INDSWFTLAB,20260910,387.45,387.45,375.25,377.5,372420
INDTERRAIN,20260910,29.9,29.9,28.51,28.68,15017
INDUSINDBK,20260910,1001.9,1002.7,986.7,993.3,972483
INDUSTOWER,20260910,376.2,376.2,368.7,372.0,4491149
INFOBEAN,20260910,155.0,157.43,154.5,155.2,144218
INFOMEDIA,20260910,5.46,5.46,5.07,5.23,13607
INFRA,20260910,12.02,12.03,11.94,11.96,76663
INFRABEES,20260910,944.32,947.43,940.5,944.9,3893
INFRAIETF,20260910,94.32,94.32,93.36,93.54,148954
INFY,20260910,1039.6,1046.6,1027.3,1036.5,8998529
INGERRAND,20260910,4693.0,4738.9,4570.1,4604.8,20067
INNOVACAP,20260910,1188.7,1192.7,1165.0,1167.4,32787
INNOVANA,20260910,300.0,315.7,299.4,309.3,92386
INNOVISION,20260910,276.0,276.0,265.2,266.8,55275
INOXGREEN,20260910,174.51,179.0,172.65,178.12,2617527
INOXINDIA,20260910,2192.1,2339.5,2192.1,2295.8,853734
INOXWIND,20260910,77.39,77.85,75.81,76.02,9773988
INSECTICID,20260910,623.6,630.4,610.0,612.5,11623
INSPIRISYS,20260910,89.9,91.9,85.5,86.25,3886
INSUREIETF,20260910,14.7,14.85,14.6,14.77,115430
INTELLECT,20260910,685.9,693.6,680.5,685.05,188883
INTENTECH,20260910,78.5,81.85,78.5,79.12,16617
INTERARCH,20260910,1772.4,1772.5,1722.0,1729.4,27908
INTERNET,20260910,14.64,14.68,14.57,14.59,73790
INTLCONV,20260910,77.96,78.69,76.71,77.16,28120
INVENTURE,20260910,0.91,0.92,0.91,0.91,605206
INVPRECQ,20260910,1378.3,1378.3,1378.3,1378.3,888
IOB,20260910,33.0,33.24,32.77,32.86,1617716
IOC,20260910,134.31,136.15,134.31,134.94,6629384
IOLCP,20260910,209.0,215.5,208.07,211.43,3234389
IONEXCHANG,20260910,435.0,448.65,433.55,435.45,480368
IPCALAB,20260910,1954.6,1979.9,1953.1,1970.9,209376
IPL,20260910,136.88,137.5,135.05,135.74,45366
IPRINGLTD,20260910,154.15,159.0,145.0,147.85,5036
IRB,20260910,19.9,20.6,19.28,19.91,78742444
IRCON,20260910,115.14,118.87,115.0,115.21,1891140
IRCTC,20260910,470.85,476.4,467.0,467.75,675989
IREDA,20260910,111.99,114.75,111.83,113.32,5082162
IRFC,20260910,81.39,82.67,80.76,81.08,8521418
IRIS,20260910,252.23,256.0,248.37,249.08,8537
IRISDOREME,20260910,61.36,63.8,60.7,62.29,1407913
IRMENERGY,20260910,280.5,286.7,278.8,281.25,71084
ISFT,20260910,82.76,84.37,80.7,81.17,135437
ISGEC,20260910,784.55,830.0,783.0,810.15,160580
ISHANCH,20260910,44.5,46.46,44.23,44.82,17305
ISTLTD,20260910,672.9,672.9,641.0,661.0,851
IT,20260910,32.55,32.55,31.95,32.06,363757
ITADD,20260910,30.71,31.11,30.54,30.59,22534
ITAXIS,20260910,320.3,320.85,316.75,317.69,1103
ITBEES,20260910,32.94,32.94,32.0,32.06,8419582
ITBETA,20260910,306.16,314.0,302.53,309.14,782
ITC,20260910,261.0,263.9,259.1,259.3,17541602
ITCHOTELS,20260910,155.6,156.68,153.88,154.13,1213995
ITDC,20260910,629.65,736.6,629.0,664.6,8077461
ITETF,20260910,30.79,31.05,30.5,30.56,293507
ITI,20260910,267.45,269.55,263.0,263.5,171410
ITIETF,20260910,32.36,32.6,32.03,32.09,474066
ITL,20260910,364.1,372.95,362.05,368.3,2083
IVALUE,20260910,237.29,237.29,226.0,226.62,83324
IVC,20260910,9.95,10.06,9.48,9.68,1347693
IVP,20260910,218.99,219.8,209.35,219.01,22146
IVZBANKNF,20260910,56.42,56.42,56.22,56.22,298
IVZINGOLD,20260910,133.5,133.65,132.5,133.25,30437
IVZINNIFTY,20260910,276.66,276.66,268.52,269.07,479
IVZSENSEX,20260910,75.06,75.95,74.64,74.64,3263
IWP,20260910,34.49,34.99,34.0,34.27,2152
IXIGO,20260910,166.59,168.79,159.45,161.92,1880574
IZMO,20260910,910.5,923.3,895.0,900.2,80261
J&KBANK,20260910,145.19,147.29,144.76,145.77,1192519
JAGRAN,20260910,62.3,62.75,61.36,62.01,268360
JAGSNPHARM,20260910,235.39,239.17,231.11,232.99,47327
JAIBALAJI,20260910,68.0,68.87,67.25,67.53,491607
JAICORPLTD,20260910,97.55,98.45,96.32,96.84,249253
JAINREC,20260910,296.0,298.5,290.05,291.45,516476
JAIPURKURT,20260910,24.6,25.5,24.0,25.03,7233
JAMNAAUTO,20260910,128.7,133.96,127.8,131.86,3397638
JARO,20260910,437.95,467.0,433.0,456.25,185812
JASH,20260910,518.75,527.9,512.05,521.45,189537
JAYAGROGN,20260910,259.0,265.0,253.0,258.18,75360
JAYBARMARU,20260910,117.0,121.95,115.7,117.53,464405
JAYKAY,20260910,169.0,170.69,162.72,165.09,235338
JAYKAY-RE1,20260910,92.0,93.8,86.0,87.62,62262
JAYNECOIND,20260910,91.5,92.54,89.84,91.29,2838428
JAYSREETEA,20260910,95.69,97.42,93.2,95.08,67073
JBMA,20260910,610.2,617.3,602.35,604.25,219691
JENBURPH,20260910,1026.6,1047.0,1000.0,1026.8,3349
JETFREIGHT,20260910,20.35,20.59,20.03,20.2,52709
JGCHEM,20260910,625.0,629.0,585.7,595.0,463039
JHS,20260910,7.91,8.35,7.9,8.03,36289
JINDALPHOT,20260910,1029.3,1029.3,1001.0,1001.6,1501
JINDALPOLY,20260910,675.7,689.75,675.05,677.3,6824
JINDALSAW,20260910,314.0,320.0,308.6,317.5,3368101
JINDALSTEL,20260910,1149.7,1151.7,1131.0,1137.0,554299
JINDRILL,20260910,674.95,704.4,646.15,654.2,777024
JINDWORLD,20260910,57.09,57.49,55.0,55.64,21274518
JIOFIN,20260910,230.82,232.27,229.1,230.25,8980169
JISLDVREQS,20260910,21.3,21.86,20.83,20.84,6608
JISLJALEQS,20260910,30.5,30.84,29.83,30.02,1433440
JITFINFRA,20260910,304.85,310.0,297.55,300.95,38698
JKCEMENT,20260910,4991.5,5004.5,4887.0,4915.5,37586
JKIL,20260910,483.3,489.9,481.1,483.4,23678
JKIPL,20260910,93.65,93.96,90.35,91.6,27294
JKLAKSHMI,20260910,499.2,507.7,497.0,505.9,89497
JKPAPER,20260910,408.25,422.9,406.05,415.15,748718
JKTYRE,20260910,358.7,359.0,355.6,357.65,361289
JLHL,20260910,282.0,284.55,279.0,281.0,23187
JMA,20260910,94.5,97.9,94.5,95.51,16704
JMFINANCIL,20260910,126.9,128.8,126.5,127.24,1485582
JNKINDIA,20260910,433.05,438.2,420.2,428.85,92881
JNPR,20260910,263.0,263.0,257.3,259.05,177801
JOCIL,20260910,155.0,156.0,148.0,149.87,5247
JPOLYINVST,20260910,992.3,1000.5,986.1,996.7,2795
JPPOWER,20260910,16.41,16.59,16.16,16.23,29091889
JSFB,20260910,525.0,534.4,508.6,514.75,348693
JSL,20260910,785.0,790.5,760.1,762.15,960367
JSLL,20260910,506.2,535.15,505.4,518.3,993037
JSWCEMENT,20260910,120.5,121.32,120.35,120.77,681977
JSWDULUX,20260910,3179.2,3199.7,3161.6,3179.7,6736
JSWENERGY,20260910,529.9,534.05,527.5,530.45,973912
JSWHL,20260910,11418.0,11567.0,11311.0,11444.0,4370
JSWINFRA,20260910,341.95,345.0,339.3,342.45,2842351
JSWSTEEL,20260910,1301.0,1311.3,1292.7,1304.0,1102536
JTEKTINDIA,20260910,121.8,121.8,119.5,119.93,172948
JTLIND,20260910,87.8,91.36,87.17,89.6,4005608
JUBLCPL,20260910,2204.7,2211.7,2093.0,2101.0,11340
JUBLFOOD,20260910,474.95,480.9,467.95,473.8,962855
JUBLINGREA,20260910,674.9,680.6,665.0,666.6,101717
JUBLPHARMA,20260910,1015.0,1027.15,1007.9,1025.65,173412
JUNIORBEES,20260910,791.82,791.82,784.5,785.79,187309
JUNIPER,20260910,210.01,233.99,210.01,227.39,1039859
JUSTDIAL,20260910,678.45,684.45,658.05,668.75,225131
JWL,20260910,242.5,247.9,240.25,241.56,990155
JYOTHYLAB,20260910,195.11,196.27,193.5,195.65,488496
JYOTICNC,20260910,1002.0,1018.0,996.6,1003.9,356066
JYOTIRES,20260910,865.45,889.7,857.0,875.9,5330
JYOTISTRUC,20260910,10.15,10.23,9.93,9.98,3647204
KABRAEXTRU,20260910,659.9,717.0,655.0,707.55,773333
KAJARIACER,20260910,1239.2,1254.2,1224.5,1243.9,70866
KAKATCEM,20260910,111.9,114.79,108.01,109.42,5438
KALAMANDIR,20260910,84.75,85.95,83.48,83.64,564322
KALPATARU,20260910,266.5,269.8,266.0,267.4,19849
KALYANIFRG,20260910,897.0,973.2,880.6,973.2,10767
KALYANKJIL,20260910,609.0,620.35,603.5,615.2,6066311
KAMAHOLD,20260910,2313.1,2344.9,2280.0,2285.0,5128
KAMANWALA,20260910,16.36,17.25,15.6,17.02,10112
KAMATHOTEL,20260910,225.9,228.4,220.2,224.68,79870
KAMDHENU,20260910,39.5,40.72,38.5,39.22,519572
KAMOPAINTS,20260910,4.54,4.54,4.16,4.29,445052
KANANIIND,20260910,1.53,1.53,1.5,1.51,113593
KANCHI,20260910,396.2,409.0,391.3,403.75,4127
KANCOTEA,20260910,55.89,55.94,52.29,52.29,860
KANORICHEM,20260910,170.0,175.14,169.0,175.14,100439
KANPRPLA,20260910,251.2,254.2,248.0,251.7,10832
KANSAINER,20260910,190.0,192.4,189.71,191.11,109221
KAPSTON,20260910,568.0,589.9,563.0,584.95,77377
KARMAENG,20260910,37.82,40.98,37.25,37.88,69650
KARURVYSYA,20260910,337.25,340.0,334.5,335.3,979196
KAUSHALYA,20260910,865.0,871.8,836.3,840.55,62
KAVDEFENCE,20260910,63.0,75.82,61.0,74.77,2362626
KAYA,20260910,350.0,350.0,333.3,338.05,9721
KAYNES,20260910,3612.0,3632.5,3480.0,3499.0,848357
KCP,20260910,162.02,163.25,161.11,162.21,59944
KCPSUGIND,20260910,32.14,32.2,31.01,31.82,89772
KDDL,20260910,3905.5,3960.0,3876.0,3891.4,16584
KDGREEN,20260910,50.2,51.75,48.65,50.14,95699
KEC,20260910,393.85,415.95,393.85,413.45,2448087
KECL,20260910,121.0,128.3,120.51,126.36,126560
KEEPLEARN,20260910,1.86,1.92,1.86,1.89,11004
KEI,20260910,4679.5,4686.0,4580.0,4640.0,999943
KELLTONTEC,20260910,13.6,13.75,13.45,13.51,1023316
KENNAMET,20260910,4747.0,5136.0,4645.0,5027.9,72699
KERNEX,20260910,1727.7,1794.4,1690.1,1709.5,189892
KESORAMIND,20260910,11.78,11.78,11.78,11.78,330243
KEYFINSERV,20260910,250.0,250.0,242.2,242.95,597
KFINTECH,20260910,908.0,911.8,897.0,899.0,312327
KHADIM,20260910,121.0,123.09,121.0,123.08,74072
KHAICHEM,20260910,52.56,53.58,52.48,52.68,63268
KHAITANLTD,20260910,162.01,166.0,158.0,159.12,4363
KHANDSE,20260910,18.01,18.38,16.7,16.97,14089
KICL,20260910,5122.0,5144.0,5010.0,5083.5,1083
KILITCH,20260910,188.0,190.0,181.5,185.03,10194
KIMS,20260910,762.1,779.0,762.1,772.8,256634
KINGFA,20260910,6201.0,6347.0,6127.0,6227.5,56247
KIOCL,20260910,373.25,381.0,365.0,367.9,80371
KIRANVYPAR,20260910,210.0,212.0,205.06,206.99,8867
KIRIINDUS,20260910,548.55,556.4,520.55,523.1,1189208
KIRLFER,20260910,470.85,472.45,463.3,466.1,75301
KIRLOSBROS,20260910,1836.8,1858.2,1811.0,1818.3,25548
KIRLOSENG,20260910,2208.0,2250.6,2184.5,2209.0,310849
KIRLOSIND,20260910,3628.3,3636.0,3550.8,3576.8,2662
KIRLPNU,20260910,718.8,735.35,718.0,719.7,127082
KISSHT,20260910,323.0,337.9,321.05,333.9,1514881
KITEX,20260910,126.6,128.95,125.0,125.65,189187
KJMCFIN,20260910,62.0,63.95,60.22,61.58,1795
KKCL,20260910,513.55,518.9,500.0,501.7,27395
KLBRENG-B,20260910,465.05,490.45,465.05,477.4,381171
KMCSHIL,20260910,139.15,139.99,136.5,137.45,85875
KMEW,20260910,2963.8,2993.3,2886.6,2915.6,51447
KMSUGAR,20260910,29.7,30.47,29.7,30.1,106327
KNACK,20260910,184.45,189.39,183.46,186.96,703290
KNAGRI,20260910,198.21,199.9,194.0,195.02,11321
KNRCON,20260910,122.95,127.7,122.17,123.68,2823405
KOHINOOR,20260910,31.05,31.19,29.75,30.17,154095
KOKUYOCMLN,20260910,79.9,79.99,78.2,78.94,17115
KOLTEPATIL,20260910,462.65,484.9,442.3,451.15,1110209
KOPRAN,20260910,235.5,242.9,234.3,235.82,282347
KOTAKBANK,20260910,413.7,416.55,412.8,416.55,7755254
KOTARISUG,20260910,28.2,29.77,28.2,29.47,109662
KOTHARIPET,20260910,147.42,148.58,142.51,143.21,80350
KOTHARIPRO,20260910,68.01,68.01,65.5,65.76,7310
KOTIC,20260910,136.9,159.97,136.1,151.21,804224
KOTYARK,20260910,31.4,31.9,30.56,31.13,139777
KOVAI,20260910,6180.0,6444.0,6117.5,6292.0,15697
KPEL,20260910,235.8,235.8,223.0,224.13,438999
KPIGREEN,20260910,291.8,294.4,286.5,287.5,834609
KPIL,20260910,1402.0,1439.0,1402.0,1432.0,138417
KPITTECH,20260910,554.5,559.5,548.75,550.95,1114138
KPL,20260910,3619.9,3619.9,3464.0,3511.6,18178
KPRMILL,20260910,1133.3,1139.0,1120.0,1127.3,186138
KRBL,20260910,435.45,437.2,422.0,423.25,473016
KREBSBIO,20260910,61.0,64.5,59.99,61.47,79985
KRIDHANINF,20260910,2.1,2.1,1.96,1.99,159781
KRISHANA,20260910,182.8,184.99,179.8,183.5,617085
KRISHIVAL,20260910,416.7,419.9,416.7,418.15,11235
KRISHNADEF,20260910,1094.0,1099.7,1062.7,1070.0,65190
KRITI,20260910,60.6,63.47,60.6,62.9,4601
KRITIKA,20260910,5.4,5.47,5.33,5.37,87201
KRITINUT,20260910,81.8,83.49,81.0,81.98,12535
KRN,20260910,1597.3,1624.1,1579.4,1584.6,88038
KRONOX,20260910,171.0,175.99,170.0,171.96,65582
KROSS,20260910,220.75,240.8,220.0,231.54,8960812
KRSNAA,20260910,560.05,565.5,556.7,564.4,56292
KRYSTAL,20260910,631.0,636.0,623.0,624.45,4591
KSB,20260910,808.95,808.95,797.05,804.2,88865
KSCL,20260910,720.0,729.25,712.0,718.05,49514
KSE,20260910,177.85,180.0,177.69,178.69,13610
KSHINTL,20260910,1157.5,1184.25,1142.05,1174.3,187021
KSHITIJPOL,20260910,3.27,3.6,3.27,3.43,4029786
KSL,20260910,906.0,992.6,906.0,968.2,661316
KSOLVES,20260910,268.1,273.55,257.3,259.1,59528
KSR,20260910,39.19,41.14,39.0,40.93,116736
KTKBANK,20260910,331.25,336.05,329.6,332.55,1448556
KUANTUM,20260910,75.62,77.65,75.0,75.49,87247
KUSUMGAR,20260910,564.25,578.4,561.05,566.0,120072
KWIL,20260910,40.8,42.25,40.6,41.53,13096961
LADDERUP,20260910,54.9,61.93,53.0,61.93,9326
LAGNAM,20260910,76.39,76.39,70.56,72.53,18623
LAHOTIOV,20260910,41.38,42.8,37.64,41.14,32788
LAKPRE,20260910,5.7,6.02,5.5,5.72,10775
LAL,20260910,9.37,9.37,8.8,8.89,46049
LALITHAA,20260910,341.0,343.9,329.0,337.6,6296249
LALPATHLAB,20260910,1917.2,1927.0,1880.9,1916.7,165825
LAMBODHARA,20260910,134.1,140.49,132.5,137.22,17199
LANCER,20260910,12.58,12.97,12.58,12.83,205672
LANCORHOL,20260910,37.93,37.93,37.1,37.93,99878
LANDMARK,20260910,491.5,494.8,480.25,484.1,72927
LANDSMILL,20260910,0.56,0.58,0.56,0.57,1722350
LAOPALA,20260910,168.4,168.4,162.0,162.4,237695
LARGEMID50,20260910,35.9,35.9,35.8,35.83,1490
LASERPOWER,20260910,296.75,299.45,289.8,290.65,479560
LATENTVIEW,20260910,260.5,262.0,255.0,255.8,288214
LATTEYS,20260910,21.61,21.95,21.2,21.53,20743
LAURUSLABS,20260910,1932.6,1950.5,1920.9,1945.0,1067622
LAXMICOT,20260910,13.4,13.69,13.07,13.18,2377
LAXMIDENTL,20260910,202.0,205.0,199.75,202.56,94776
LAXMIINDIA,20260910,132.91,134.87,126.35,127.88,377674
LCCINFOTEC,20260910,3.64,3.68,3.19,3.19,328095
LCL,20260910,548.0,567.3,539.1,561.25,451525
LEAPIND,20260910,144.99,146.69,140.29,140.96,2862305
LEENEE,20260910,8.45,8.45,7.72,8.11,1714
LEMERITE,20260910,21.26,21.92,20.36,20.71,268746
LEMONTREE,20260910,106.17,106.67,105.51,105.7,1099344
LENSKART,20260910,701.9,703.5,690.35,693.3,6256637
LEXUS,20260910,13.37,13.8,13.3,13.45,4026
LFIC,20260910,153.0,153.0,144.0,145.32,6118
LGBBROSLTD,20260910,1721.9,1735.9,1711.0,1715.4,9004
LGEINDIA,20260910,1643.0,1654.1,1626.1,1650.0,794840
LGHL,20260910,170.0,198.01,168.66,189.49,52140
LIBAS,20260910,9.9,10.75,9.7,10.69,413944
LIBERTSHOE,20260910,233.05,239.45,228.1,229.41,20773
LICHSGFIN,20260910,558.0,558.0,543.8,552.3,2842584
LICI,20260910,407.5,407.65,402.35,405.6,7670673
LICMFGOLD,20260910,137.25,138.15,137.0,137.2,67573
LICNETFGSC,20260910,29.37,29.45,29.31,29.37,20937
LICNETFN50,20260910,264.24,264.24,262.41,263.43,602
LICNETFSEN,20260910,847.64,848.51,844.02,844.02,11
LICNFNHGP,20260910,270.86,271.05,270.33,270.35,134
LICNMID100,20260910,62.77,63.23,62.5,62.54,2961
LIKHITHA,20260910,222.0,228.84,212.11,213.71,76883
LINC,20260910,97.49,98.75,95.0,97.3,12355
LINCOLN,20260910,641.6,647.05,631.0,634.4,27777
LINDEINDIA,20260910,6352.5,6384.0,6180.5,6227.5,13975
LIQGRWBEES,20260910,1054.92,1054.94,1054.92,1054.92,72953
LIQUID,20260910,999.99,1000.0,999.99,999.99,61337
LIQUID1,20260910,1121.86,1121.98,1121.86,1121.97,510212
LIQUIDADD,20260910,1144.04,1144.09,1144.03,1144.03,661314
LIQUIDBEES,20260910,999.99,1000.01,999.99,999.99,2258098
LIQUIDBETA,20260910,1007.41,1007.41,1007.39,1007.41,36
LIQUIDBETF,20260910,1098.13,1098.15,1098.13,1098.14,93280
LIQUIDCASE,20260910,115.84,115.86,115.84,115.84,13485192
LIQUIDETF,20260910,1000.0,1000.01,999.99,999.99,74338
LIQUIDIETF,20260910,1000.0,1000.01,999.99,1000.0,731161
LIQUIDPLUS,20260910,1102.51,1102.53,1102.51,1102.52,444694
LIQUIDSBI,20260910,999.99,1000.01,999.99,1000.0,30988
LIQUIDSHRI,20260910,1120.81,1120.81,1120.79,1120.8,8838
LKPSEC,20260910,15.8,16.66,15.2,15.96,15839
LLOYDSENGG,20260910,81.04,82.09,80.5,80.55,3477682
LLOYDSENT,20260910,70.18,70.95,69.7,70.01,1005206
LLOYDSME,20260910,1805.5,1826.0,1805.0,1814.3,191914
LMW,20260910,18150.0,18376.0,17451.0,17614.0,7775
LODHA,20260910,1163.9,1172.9,1140.0,1163.4,2078548
LOKESHMACH,20260910,358.6,359.9,345.0,347.25,31555
LORDSCHLO,20260910,139.8,142.44,136.01,139.08,13339
LOTUSCHO,20260910,590.6,605.0,590.0,597.1,1262
LOTUSDEV,20260910,195.3,207.88,195.0,207.88,14078555
LOTUSEYE,20260910,110.89,113.39,110.0,111.62,16890
LOVABLE,20260910,69.2,72.48,69.0,71.85,30146
LOWVOL,20260910,200.93,200.93,200.27,200.52,1478
LOWVOL1,20260910,20.65,20.65,20.37,20.46,2789517
LOWVOLIETF,20260910,22.1,22.1,21.46,21.51,506919
LOYALTEX,20260910,216.88,217.96,210.1,217.6,61
LPDC,20260910,6.1,6.43,6.1,6.14,31595
LT,20260910,3949.4,3965.5,3910.0,3955.0,1376951
LTF,20260910,309.05,311.4,306.3,311.3,4503846
LTFOODS,20260910,453.0,454.05,440.1,441.5,337240
LTGILTBEES,20260910,29.85,29.95,29.83,29.84,2244670
LTGILTCASE,20260910,30.55,30.55,30.39,30.4,23450
LTM,20260910,4377.5,4434.5,4306.6,4374.0,402440
LTTS,20260910,3364.0,3411.2,3352.5,3377.9,47576
LUMAXIND,20260910,6230.0,6230.0,5766.0,5861.0,76489
LUMAXTECH,20260910,1996.1,1997.1,1926.9,1942.6,83841
LUMINO,20260910,106.49,110.75,102.5,107.93,19091007
LUPIN,20260910,2090.0,2098.2,2060.3,2077.8,624838
LUXIND,20260910,1122.6,1136.8,1105.1,1109.2,8661
LXCHEM,20260910,177.5,179.0,170.0,170.63,1814676
LYKALABS,20260910,83.21,84.8,83.21,84.2,48872
M&M,20260910,3141.7,3146.9,3097.7,3123.8,2140618
M&MFIN,20260910,362.5,365.0,356.5,359.25,2598186
MAANALU,20260910,112.98,113.01,109.82,110.79,92719
MACPOWER,20260910,1864.0,1889.7,1860.0,1870.4,15621
MADHAV,20260910,35.89,37.7,35.1,36.89,27934
MADHAVIPL,20260910,8.17,8.17,7.89,7.92,87558
MADHUCON,20260910,4.6,4.6,4.4,4.49,7830
MADRASFERT,20260910,63.34,63.79,62.3,62.6,54809
MAFANG,20260910,222.35,238.47,215.0,225.7,1093904
MAFATIND,20260910,120.3,124.19,120.02,122.85,37271
MAGADSUGAR,20260910,562.2,569.0,551.0,554.65,15235
MAGNUM,20260910,19.2,20.24,18.55,19.1,63106
MAHABANK,20260910,84.56,86.25,83.75,84.35,15415768
MAHAPEXLTD,20260910,52.21,57.5,51.56,56.23,79709
MAHASTEEL,20260910,1301.0,1360.0,1270.4,1331.6,2443
MAHEPC,20260910,102.14,103.73,102.01,102.65,22418
MAHESHWARI,20260910,72.97,72.97,71.03,71.87,1942
MAHKTECH,20260910,23.37,23.8,22.06,22.24,1344798
MAHLIFE,20260910,366.15,370.0,358.1,359.65,68036
MAHLOG,20260910,403.45,404.3,396.9,400.1,75748
MAHSCOOTER,20260910,13399.0,13399.0,13050.0,13098.0,4084
MAHSEAMLES,20260910,676.2,724.0,673.6,718.95,1256187
MAITHANALL,20260910,1087.0,1094.55,1050.0,1055.6,80381
MAJESAUT,20260910,360.5,375.9,351.0,372.15,3131
MAKEINDIA,20260910,165.92,165.92,163.6,163.9,66888
MAKERSL,20260910,188.45,191.0,176.98,177.97,8848
MALLCOM,20260910,973.55,999.0,972.0,976.3,1439
MALUPAPER,20260910,34.81,35.95,33.2,34.39,53157
MAMATA,20260910,419.0,419.65,407.1,409.45,36419
MANAKALUCO,20260910,38.98,39.39,37.37,37.69,60432
MANAKCOAT,20260910,126.87,133.28,123.3,124.37,2551453
MANAKSIA,20260910,67.2,73.1,66.85,70.51,553126
MANAKSTEEL,20260910,115.01,115.01,115.01,115.01,50215
MANALIPETC,20260910,87.5,89.55,85.72,86.27,1530559
MANAPPURAM,20260910,319.4,335.1,318.25,330.8,6953151
MANBA,20260910,129.14,134.0,129.14,131.48,66636
MANCREDIT,20260910,221.72,222.19,216.5,218.58,155276
MANGALAM,20260910,31.99,34.88,31.71,34.88,284790
MANGLMCEM,20260910,1034.6,1057.0,1005.5,1026.7,77092
MANINDS,20260910,781.0,944.0,772.65,876.45,8839846
MANINFRA,20260910,129.1,129.65,127.42,128.66,1843204
MANIPALHOS,20260910,735.15,750.0,728.1,733.25,1384611
MANKIND,20260910,2260.0,2276.5,2235.1,2238.4,180515
MANOMAY,20260910,233.2,235.59,230.0,234.86,143102
MANORAMA,20260910,2088.0,2137.0,2078.8,2085.0,216714
MANORG,20260910,486.55,492.3,457.0,458.8,15595
MANUFGBEES,20260910,164.6,164.6,161.82,162.21,4433
MANUGRAPH,20260910,15.47,15.47,15.01,15.15,2250
MANYAVAR,20260910,589.5,589.5,572.8,576.6,183468
MAPMYINDIA,20260910,955.0,967.0,933.1,939.9,121948
MARALOVER,20260910,64.99,65.0,61.25,62.65,19059
MARATHON,20260910,439.9,443.95,431.6,438.5,113729
MARICO,20260910,813.9,813.9,799.55,803.0,2060230
MARINE,20260910,422.5,427.65,403.0,408.85,475404
MARKOLINES,20260910,174.6,174.6,170.61,171.42,150146
MARKSANS,20260910,329.0,334.55,323.8,330.4,1295256
MARSONS,20260910,135.19,141.76,125.01,125.38,6404815
MARUTI,20260910,12679.0,12693.0,12517.0,12590.0,338613
MASFIN,20260910,290.0,295.9,287.3,294.45,137458
MASKINVEST,20260910,160.0,160.0,146.5,148.62,47
MASPTOP50,20260910,104.4,104.4,91.0,95.58,1041142
MASTEK,20260910,1605.8,1635.0,1603.1,1610.0,76128
MASTERTR,20260910,92.73,94.05,90.81,92.35,627564
MATRIMONY,20260910,514.0,514.95,508.6,510.6,7124
MAWANASUG,20260910,140.0,142.09,135.13,135.7,199436
MAXESTATES,20260910,549.85,562.65,537.55,559.75,122478
MAXHEALTH,20260910,1040.1,1040.2,1029.3,1038.6,2579310
MAXIND,20260910,148.55,150.0,147.03,147.42,45761
MAYURUNIQ,20260910,743.3,765.9,735.25,756.55,128849
MAZDA,20260910,270.75,270.75,258.5,261.0,6151
MAZDOCK,20260910,2408.8,2417.2,2374.0,2383.2,395925
MBAPL,20260910,162.14,162.54,158.74,161.2,812278
MBECL,20260910,314.67,314.67,314.67,314.67,2474
MBEL,20260910,263.1,268.7,257.1,259.35,146192
MBLINFRA,20260910,23.16,24.16,22.82,23.13,13590
MCCHRLS-B,20260910,683.5,683.5,679.0,679.0,5086
MCL,20260910,60.6,61.41,58.86,59.86,59426
MCLEODRUSS,20260910,44.36,45.04,43.74,44.05,176730
MCLOUD,20260910,25.81,26.16,25.8,25.99,1096841
MCX,20260910,3311.9,3335.5,3285.0,3300.0,1308638
MEDANTA,20260910,1487.9,1487.9,1445.0,1459.6,337547
MEDIASSIST,20260910,327.05,330.9,319.6,323.05,112697
MEDICAMEQ,20260910,317.35,326.85,301.35,307.5,204862
MEDICAPQ,20260910,32.79,36.8,29.96,35.22,493535
MEDICO,20260910,35.5,36.49,34.92,35.42,378559
MEDPLUS,20260910,669.95,669.95,655.0,658.05,61424
MEESHO,20260910,216.0,220.72,212.51,217.91,15406554
MEGASTAR,20260910,286.0,290.0,279.9,284.95,910
MEIL,20260910,285.3,285.45,278.45,280.2,23529
MENNPIS,20260910,80.0,80.0,76.41,76.41,52602
MENONBE,20260910,305.5,313.0,292.05,301.65,38353
MEP,20260910,0.67,0.69,0.67,0.67,228833
MERCANTILE,20260910,24.12,24.94,23.27,24.03,8086
MERCURYEV,20260910,38.44,41.61,37.73,41.61,3794734
METAL,20260910,13.69,13.69,13.37,13.39,1397566
METALIETF,20260910,13.57,13.57,13.3,13.34,4803124
METROBRAND,20260910,959.0,959.0,936.0,952.1,27109
METROGLOBL,20260910,143.0,143.0,137.01,140.97,1446
METROPOLIS,20260910,605.15,607.5,590.6,595.65,291883
MFML,20260910,19.45,19.9,18.3,18.94,12083
MFSL,20260910,1465.8,1483.7,1452.0,1479.9,258122
MGEL,20260910,16.6,16.6,15.54,16.03,1085311
MGL,20260910,1081.5,1107.0,1081.5,1100.8,198415
MHLXMIRU,20260910,165.0,165.0,157.0,158.31,13230
MHRIL,20260910,199.99,200.63,193.0,196.57,313310
MICEL,20260910,36.0,36.0,35.85,35.85,72500
MID150,20260910,23.4,23.43,23.13,23.14,93509
MID150BEES,20260910,235.64,242.99,235.64,236.62,996484
MID150CASE,20260910,11.57,11.61,11.5,11.51,885766
MIDBANKADD,20260910,17.46,17.46,17.33,17.4,2014
MIDCAP,20260910,18.41,18.41,18.3,18.32,279001
MIDCAPADD,20260910,23.0,23.05,22.9,22.98,1439
MIDCAPBETA,20260910,232.55,234.9,231.5,232.43,636
MIDCAPETF,20260910,23.52,23.57,23.4,23.41,1525556
MIDCAPIETF,20260910,23.86,23.9,23.67,23.73,1791013
MIDHANI,20260910,464.0,481.4,460.4,463.35,3378828
MIDQ50ADD,20260910,24.45,24.51,24.33,24.39,31657
MIDSELIETF,20260910,19.78,19.84,19.59,19.65,135506
MIDSMALL,20260910,52.19,52.19,51.42,51.56,161308
MIDWESTLTD,20260910,1060.6,1076.8,1043.3,1065.5,77450
MIIL,20260910,692.9,717.45,678.2,687.2,66187
MILKYMIST,20260910,267.0,278.83,265.32,278.83,8013334
MINALIND,20260910,5.67,5.67,5.67,5.67,34271
MINDACORP,20260910,704.9,709.5,697.5,703.1,74618
MINDTECK,20260910,166.9,167.06,159.0,160.0,45843
MIRZAINT,20260910,31.15,31.74,30.68,30.81,63473
MITCON,20260910,81.01,86.0,80.0,81.65,7795
MITTAL,20260910,0.88,0.9,0.82,0.83,1556381
MKEXIM,20260910,66.1,66.1,63.25,65.73,7037
MKPL,20260910,4.03,4.06,4.0,4.01,79304
MLKFOOD,20260910,86.9,86.9,81.0,83.42,7365
MMFL,20260910,621.0,648.35,616.1,644.1,213941
MMP,20260910,463.25,468.7,436.8,447.8,50469
MMTC,20260910,62.76,63.5,62.1,62.23,1012634
MMWL,20260910,13.83,14.2,13.45,13.87,28053
MNC,20260910,33.0,33.0,32.83,32.9,17281
MOALPHA50,20260910,57.7,57.7,56.24,56.43,10269
MOBANK10,20260910,16.55,16.57,16.5,16.51,4532
MOBIKWIK,20260910,194.8,198.24,193.35,194.68,722711
MOCAPITAL,20260910,53.9,53.99,53.52,53.63,571593
MODEFENCE,20260910,109.0,112.0,107.41,107.62,895581
MODINATUR,20260910,346.15,362.0,346.1,355.3,4303
MODIRUBBER,20260910,125.89,128.99,124.0,125.39,815
MODIS,20260910,370.5,379.0,368.1,373.85,11202
MODISONLTD,20260910,485.05,514.8,485.05,514.8,170543
MODTHREAD,20260910,54.17,54.17,50.02,51.62,4689
MOENERGY,20260910,39.08,39.08,38.0,38.15,128914
MOGOLD,20260910,151.65,151.75,150.65,150.75,16445
MOGSEC,20260910,65.69,65.7,65.1,65.64,2464
MOHEALTH,20260910,52.14,52.66,51.74,51.83,60963
MOHITE,20260910,2.78,2.84,2.7,2.75,35555
MOHITIND,20260910,24.1,24.24,23.04,23.55,4348
MOIL,20260910,251.95,256.0,249.0,250.18,780689
MOINFRA,20260910,58.93,58.93,58.66,58.93,685
MOIPO,20260910,48.81,48.81,48.5,48.68,14286
MOKSH,20260910,10.36,10.57,10.05,10.18,57711
MOL,20260910,63.5,64.91,62.2,62.55,607889
MOLBIO,20260910,1271.0,1509.4,1271.0,1509.4,11329700
MOLDTECH,20260910,215.8,217.8,208.0,211.69,23425
MOLDTKPAC,20260910,690.8,692.8,685.0,685.45,14862
MOLOWVOL,20260910,35.43,35.44,35.3,35.41,52262
MOM100,20260910,67.62,68.06,67.07,67.31,291771
MOM30IETF,20260910,31.69,31.73,31.3,31.39,416351
MOM50,20260910,245.0,246.4,221.55,245.5,3932
MOMENTUM,20260910,30.78,31.7,30.78,31.33,46660
MOMENTUM30,20260910,31.15,31.15,30.84,30.9,21034
MOMENTUM50,20260910,55.2,55.2,54.41,54.6,275611
MOMETAL,20260910,13.4,13.42,13.23,13.28,19317
MOMGF,20260910,161.99,164.0,160.97,161.04,2434
MOMIDMTM,20260910,64.95,64.95,64.22,64.35,27821
MOMMIDCAP,20260910,13.12,13.14,12.96,12.99,2379012
MOMNC,20260910,31.92,31.98,31.8,31.97,31991
MOMOMENTUM,20260910,62.68,62.96,62.11,62.29,72120
MOMSBELIEF,20260910,227.0,227.0,218.32,218.97,118759
MON100,20260910,349.0,349.0,329.01,333.21,1232723
MON50EQUAL,20260910,32.67,33.0,32.5,32.68,2146
MONARCH,20260910,373.4,378.25,368.4,370.95,130223
MONEXT50,20260910,72.86,73.5,72.43,72.67,2291
MONEYBOXX,20260910,40.75,40.75,35.85,37.15,1459080
MONIFTY100,20260910,25.3,25.87,24.55,24.62,26273
MONIFTY500,20260910,23.6,23.6,23.45,23.5,835686
MONQ50,20260910,218.33,225.0,181.07,199.89,1264631
MONTECARLO,20260910,553.0,560.6,553.0,556.05,28781
MOOILGAS,20260910,11.3,11.3,11.01,11.04,15409
MOPSE,20260910,100.02,102.5,99.29,99.68,1174
MOQUALITY,20260910,197.1,197.3,195.39,195.85,4153
MOREALTY,20260910,90.0,90.0,86.9,87.52,422152
MOREPENLAB,20260910,116.93,119.95,114.32,115.28,9814569
MOSCHIP,20260910,211.69,213.03,205.9,206.69,1247416
MOSERVICE,20260910,30.1,30.15,29.98,30.13,1550
MOSILVER,20260910,232.0,233.75,230.61,230.84,184460
MOSMALL250,20260910,18.52,18.58,18.45,18.51,544558
MOTHERSON,20260910,163.7,164.7,162.33,163.2,5599332
MOTILALOFS,20260910,1023.0,1024.9,1008.0,1015.0,338388
MOTISONS,20260910,16.25,16.54,15.86,16.01,15121349
MOTOGENFIN,20260910,27.04,27.79,26.52,26.87,15852
MOTOUR,20260910,77.19,77.19,76.5,76.58,8818
MOVALUE,20260910,111.5,112.78,111.22,111.59,39373
MPDL,20260910,32.0,32.11,31.0,32.11,434
MPHASIS,20260910,2320.0,2329.0,2290.2,2291.7,454003
MPSLTD,20260910,2783.4,2799.0,2700.1,2705.9,10462
MRF,20260910,128400.0,129245.0,128000.0,128270.0,2102
MRPL,20260910,184.98,191.9,176.01,181.32,31180630
MSCI360,20260910,9.95,10.0,9.88,9.96,16266
MSCIADD,20260910,28.96,29.04,28.94,28.95,747
MSCIINDIA,20260910,29.36,29.38,29.23,29.29,6800
MSL,20260910,150.96,154.9,147.98,149.0,1412
MSPL,20260910,34.46,34.87,34.2,34.4,340364
MSTCLTD,20260910,764.0,766.25,733.05,737.55,326755
MSUMI,20260910,36.95,36.95,36.31,36.34,8339844
MTARTECH,20260910,7410.0,7417.0,7150.0,7305.0,66106
MTEDUCARE,20260910,1.93,1.96,1.84,1.86,32744
MTNL,20260910,25.21,25.49,25.04,25.1,458177
MUFIN,20260910,135.0,135.95,133.7,135.22,475498
MUFTI,20260910,74.95,77.0,73.21,74.09,86212
MUKANDLTD,20260910,139.99,146.5,139.69,142.57,329153
MUKESHB,20260910,132.0,132.5,130.0,132.5,2650
MUKKA,20260910,30.35,31.0,29.87,30.57,873584
MUKTAARTS,20260910,56.94,60.7,56.12,56.88,7346
MULTICAP,20260910,17.01,17.01,16.52,16.53,124668
MUNJALAU,20260910,109.9,111.08,108.41,109.17,231004
MUNJALSHOW,20260910,127.51,128.9,126.82,127.07,15778
MURUDCERA,20260910,30.98,30.98,29.86,30.0,10188
MUTHOOTCAP,20260910,238.0,240.25,230.37,232.44,8204
MUTHOOTFIN,20260910,2815.4,2853.9,2807.4,2841.5,408226
MUTHOOTMF,20260910,196.21,198.3,195.78,196.13,140143
MVELECTRO,20260910,911.45,911.45,826.1,835.45,5082721
MVGJL,20260910,215.5,222.0,208.0,208.78,258423
MWL,20260910,38.01,43.93,37.43,39.56,18773791
MYSORPETRO,20260910,154.44,154.44,147.09,148.52,9286
NACLIND,20260910,164.32,165.39,157.1,159.49,443221
NAGREEKCAP,20260910,22.99,23.24,22.02,22.87,971
NAGREEKEXP,20260910,22.31,22.89,21.91,22.33,9698
NAHARCAP,20260910,264.4,264.4,255.5,256.9,2468
NAHARINDUS,20260910,135.31,136.59,133.1,133.89,14916
NAHARPOLY,20260910,237.16,239.04,232.42,233.77,4604
NAHARSPING,20260910,278.55,280.1,268.0,270.8,42431
NAM-INDIA,20260910,1156.6,1186.3,1152.4,1185.0,1085689
NARMADA,20260910,14.45,14.8,13.68,14.05,458942
NATCAPSUQ,20260910,194.99,194.99,187.0,190.74,7493
NATCOPHARM,20260910,825.55,832.15,816.0,818.65,236487
NATHBIOGEN,20260910,153.0,153.45,151.01,152.51,2248
NATIONALUM,20260910,382.0,383.0,371.05,373.35,3376100
NATIONSTD,20260910,115.05,120.0,111.11,115.89,78107
NAUKRI,20260910,1266.9,1277.9,1246.9,1265.0,981803
NAVA,20260910,561.15,565.15,556.05,558.35,96940
NAVINFLUOR,20260910,8748.0,8771.5,8622.0,8700.5,65488
NAVKARCORP,20260910,94.03,95.1,92.34,93.85,339324
NAVKARURB,20260910,0.91,0.93,0.86,0.89,338937
NAVNETEDUL,20260910,128.0,128.39,127.2,127.69,41286
NAZARA,20260910,373.95,380.0,369.2,374.65,1606579
NBCC,20260910,83.2,84.7,83.2,83.94,4868776
NBIFIN,20260910,2015.0,2024.9,1971.1,2010.0,5037
NCC,20260910,145.49,146.75,141.67,143.15,2615966
NCLIND,20260910,179.04,180.8,176.05,178.11,32644
NDGL,20260910,2730.7,2750.0,2700.1,2716.0,255
NDL,20260910,2.98,2.98,2.89,2.9,876630
NDLVENTURE,20260910,126.5,129.99,122.53,126.46,14377
NDRAUTO,20260910,714.0,719.0,693.0,702.25,16993
NDTV,20260910,73.8,74.95,71.0,72.29,48449
NEAGI,20260910,3469.0,3469.0,3469.0,3469.0,1
NECCLTD,20260910,19.6,19.7,18.71,19.26,70903
NECLIFE,20260910,12.09,12.2,11.9,11.93,87468
NELCAST,20260910,114.0,115.88,109.27,110.0,147086
NELCO,20260910,957.05,973.2,935.0,937.55,166262
NEOGEN,20260910,2240.0,2400.0,2231.0,2388.9,410092
NEPHROPLUS,20260910,733.1,751.15,731.05,747.25,204920
NESCO,20260910,1090.0,1120.3,1090.0,1091.2,46666
NESTLEIND,20260910,1396.8,1402.8,1377.7,1386.2,568997
NETF,20260910,256.9,257.0,254.7,256.7,1013
NETWEB,20260910,4910.0,5054.0,4900.0,5013.5,1532072
NETWORK18,20260910,26.87,27.24,26.76,26.83,2802426
NEUEON,20260910,12.22,12.48,11.8,12.05,29607
NEULANDLAB,20260910,23265.0,24150.0,23235.0,23800.0,55257
NEWGEN,20260910,516.0,521.6,505.15,507.9,531174
NEXT30ADD,20260910,42.57,42.65,42.49,42.64,1656
NEXT50,20260910,754.88,754.88,748.21,748.86,49990
NEXT50ADD,20260910,73.19,74.75,72.9,74.55,993
NEXT50BETA,20260910,79.0,79.0,78.12,78.34,46573
NEXT50ETF,20260910,73.89,73.89,73.0,73.21,9415
NEXT50IETF,20260910,78.92,78.92,76.57,76.7,454650
NEXTMEDIA,20260910,3.87,4.07,3.77,3.89,117633
NFL,20260910,69.99,71.1,69.24,69.45,738161
NGIL,20260910,36.06,36.6,34.11,34.68,11130
NGLFINE,20260910,2776.3,2790.4,2700.0,2725.7,4059
NH,20260910,1900.0,1920.0,1881.0,1909.7,140237
NHPC,20260910,76.69,76.85,75.93,76.35,9030454
NIACL,20260910,205.9,207.45,196.26,197.35,5001728
NIBE,20260910,1314.0,1319.9,1287.1,1298.2,34841
NIBL,20260910,30.6,31.66,30.05,30.58,3827
NICCOPAR,20260910,80.5,81.5,79.0,80.02,662
NIF100BEES,20260910,260.52,264.91,260.52,261.06,45272
NIF100IETF,20260910,27.69,27.69,27.41,27.49,65991
NIF500BETA,20260910,36.33,37.06,36.33,36.94,881
NIFTY1,20260910,263.83,263.83,260.0,260.24,107738
NIFTY100EW,20260910,35.0,35.0,34.59,34.6,54048
NIFTYADD,20260910,247.86,247.94,246.74,247.15,14792
NIFTYAXIS,20260910,261.29,261.29,259.45,259.69,182222
NIFTYBEES,20260910,273.51,273.51,266.0,267.17,5384617
NIFTYBETA,20260910,263.57,263.57,259.91,260.06,23635
NIFTYBETF,20260910,242.97,242.97,240.9,241.36,1464
NIFTYCASE,20260910,9.46,9.54,9.4,9.41,841327
NIFTYETF,20260910,255.83,256.0,254.82,255.09,146073
NIFTYIETF,20260910,267.59,267.59,265.6,265.84,573236
NIFTYJBLK,20260910,11.74,12.11,11.74,12.0,68602
NIFTYQLITY,20260910,20.9,20.96,20.74,20.8,34816
NIITLTD,20260910,95.46,95.46,93.5,94.09,140966
NIITMTS,20260910,222.99,226.8,221.01,224.64,64725
NILAINFRA,20260910,6.8,6.97,6.66,6.73,121635
NILASPACES,20260910,12.16,12.41,12.1,12.14,579752
NILE,20260910,1479.0,1490.0,1450.0,1457.0,1998
NILKAMAL,20260910,2056.7,2085.3,2036.2,2077.4,11826
NIMBSPROJ,20260910,152.06,163.63,150.0,157.56,114752
NINSYS,20260910,710.0,714.25,701.15,708.45,3174
NIPPOBATRY,20260910,325.0,325.0,320.0,322.45,1939
NIRAJ,20260910,28.0,28.7,27.3,27.76,20039
NIRAJISPAT,20260910,330.0,332.55,315.95,315.95,806
NIRLON,20260910,622.65,622.65,619.0,620.05,3618
NITCO,20260910,92.4,95.5,92.4,95.23,246641
NITINSPIN,20260910,652.65,665.5,633.35,649.5,188865
NITIRAJ,20260910,230.0,235.0,225.1,231.16,3966
NITTAGELA,20260910,1633.7,1718.9,1633.7,1654.4,1675
NIVABUPA,20260910,79.2,79.79,78.86,79.42,290644
NKIND,20260910,63.88,63.88,56.58,56.6,1867
NLCINDIA,20260910,272.0,274.95,270.0,270.4,1073393
NMDC,20260910,86.0,86.12,84.17,84.6,9878920
NOCIL,20260910,188.28,200.49,187.12,195.31,7274037
NOIDATOLL,20260910,4.02,4.05,3.97,3.99,61659
NORBTEAEXP,20260910,65.21,67.4,64.02,64.14,1992
NORTHARC,20260910,308.0,315.25,307.05,309.15,1349056
NOVAAGRI,20260910,23.5,23.5,23.0,23.09,16139
NOVARTIND,20260910,2260.0,2588.8,2232.1,2428.2,2292871
NPBET,20260910,284.3,290.0,282.41,282.93,3160
NPST,20260910,1680.5,1742.0,1664.1,1718.5,25134
NRAIL,20260910,614.5,635.2,588.1,595.3,39747
NRBBEARING,20260910,481.0,518.0,481.0,515.95,1397242
NRL,20260910,129.5,135.97,128.2,134.84,115844
NSIL,20260910,5648.5,5668.5,5594.0,5604.0,1715
NSLNISP,20260910,45.25,45.52,43.7,43.86,3875085
NTCIND,20260910,137.0,137.0,131.0,131.7,559
NTPC,20260910,335.65,335.7,333.1,335.0,6905905
NTPCGREEN,20260910,88.05,88.12,87.55,87.72,1225146
NUCLEUS,20260910,706.0,708.95,698.0,701.05,13973
NURECA,20260910,335.0,350.7,335.0,343.55,21935
NUVAMA,20260910,1788.0,1789.0,1742.3,1757.9,247136
NUVOCO,20260910,334.75,338.5,328.7,331.3,256455
NV20,20260910,13.68,13.68,13.54,13.57,101535
NV20BEES,20260910,136.78,137.0,135.75,135.96,22269
NV20IETF,20260910,13.3,13.34,13.22,13.24,378550
NYKAA,20260910,343.05,345.4,339.1,341.95,3136550
OAL,20260910,537.0,559.7,521.8,524.7,64967
OBCL,20260910,55.99,56.54,54.94,55.89,4444
OBEROIRLTY,20260910,1799.8,1806.4,1777.5,1792.0,233031
OCCLLTD,20260910,162.0,167.0,162.0,163.91,17924
ODIGMA,20260910,22.15,23.59,22.01,22.33,35868
ODYCORP,20260910,7.29,7.49,6.95,7.03,40410
OFSS,20260910,11680.0,11814.0,11627.0,11725.0,167438
OIL,20260910,503.9,514.45,497.75,500.3,4397946
OILCOUNTUB,20260910,61.0,61.01,60.51,60.51,4314
OILIETF,20260910,11.25,11.31,11.15,11.17,691135
OLAELEC,20260910,37.31,40.51,37.31,39.15,180771099
OLECTRA,20260910,1203.0,1218.9,1203.0,1206.7,243403
OMAXAUTO,20260910,175.0,179.45,174.0,176.44,38738
OMAXE,20260910,122.85,124.75,121.0,122.42,742271
OMFREIGHT,20260910,85.75,90.5,85.01,87.32,9815
OMINFRAL,20260910,81.67,83.31,79.61,80.8,56813
OMNI,20260910,534.6,572.0,534.6,563.35,1296012
OMPOWER,20260910,169.8,171.0,167.0,168.11,35105
ONEGLOBAL,20260910,546.0,549.0,527.05,546.0,15825
ONELIFECAP,20260910,31.2,32.45,30.55,31.95,16985
ONEPOINT,20260910,58.07,59.4,57.42,57.74,661574
ONESOURCE,20260910,1526.0,1567.8,1526.0,1541.9,247132
ONGC,20260910,236.1,239.8,235.6,237.27,12771340
ONIDA,20260910,34.26,34.48,32.65,32.98,466678
ONIXSOLAR,20260910,462.0,464.2,432.55,459.4,690257
ONMOBILE,20260910,47.29,47.29,46.99,46.99,17665
ONWARDTEC,20260910,282.15,298.0,282.15,288.65,55205
OPTIEMUS,20260910,545.0,569.0,545.0,557.65,286523
OPTIFIN,20260910,14.49,16.0,14.3,14.57,44190
ORBTEXP,20260910,233.05,241.8,232.0,237.0,1497
ORCHASP,20260910,1.47,1.48,1.42,1.44,185081
ORCHPHARMA,20260910,1025.8,1029.95,1000.2,1016.1,43310
ORICONENT,20260910,52.0,53.69,51.27,51.65,19885
ORIENTALTL,20260910,5.08,5.2,5.03,5.09,70328
ORIENTBELL,20260910,420.0,421.8,410.1,412.0,16716
ORIENTCEM,20260910,126.0,126.68,125.1,126.06,320950
ORIENTCER,20260910,47.35,48.5,46.2,46.68,140327
ORIENTELEC,20260910,176.25,176.25,173.06,173.64,45431
ORIENTHOT,20260910,140.11,142.11,138.8,139.81,352137
ORIENTLTD,20260910,78.11,83.47,78.11,81.73,6827
ORIENTPPR,20260910,17.93,18.79,17.73,18.06,440501
ORIENTTECH,20260910,230.0,244.17,230.0,235.36,266345
ORIRAIL,20260910,126.65,127.73,120.4,122.3,86819
ORISSAMINE,20260910,4156.2,4241.9,4057.1,4074.5,5995
ORKLAINDIA,20260910,585.0,588.9,576.0,578.5,46377
ORTINGLOBE,20260910,15.5,16.3,15.22,16.3,31447
OSIAHYPER,20260910,2.47,2.49,2.37,2.45,300909
OSWALAGRO,20260910,35.6,36.0,34.0,34.34,61424
OSWALGREEN,20260910,20.2,20.35,19.5,19.79,123485
OSWALPUMPS,20260910,290.0,293.6,281.45,283.6,919613
OSWALSEEDS,20260910,13.7,15.6,13.2,14.75,1573719
PACEDIGITK,20260910,161.0,161.9,158.3,159.0,517537
PACIFICI,20260910,141.79,145.0,137.0,137.82,106
PAGEIND,20260910,35300.0,35900.0,34960.0,35750.0,15704
PAISALO,20260910,79.5,83.5,79.2,83.05,21159038
PAKKA,20260910,78.6,78.6,76.01,76.28,93909
PALASHSECU,20260910,88.0,89.89,86.2,87.99,416
PALREDTEC,20260910,50.81,53.28,50.0,53.28,8304
PANACEABIO,20260910,396.4,399.0,387.45,388.65,101111
PANACHE,20260910,525.0,525.0,519.0,519.0,2417
PANAMAPET,20260910,500.0,502.7,488.15,491.65,169128
PANORAMA,20260910,48.0,56.2,48.0,52.92,1538580
PANSARI,20260910,295.0,295.0,287.5,293.0,1891
PAR,20260910,127.66,141.08,127.66,141.08,88687
PARACABLES,20260910,66.45,68.24,65.51,65.69,1118932
PARADEEP,20260910,157.5,159.91,156.11,157.11,2248464
PARAGMILK,20260910,254.4,275.0,253.3,264.85,7361793
PARAS,20260910,1472.0,1499.0,1441.5,1453.3,745689
PARASPETRO,20260910,2.2,2.26,2.15,2.15,172139
PARKHOSPS,20260910,282.0,287.95,270.5,280.8,281714
PARKHOTELS,20260910,113.19,113.19,110.6,111.63,74993
PARNAXLAB,20260910,141.7,149.5,104.0,127.48,1783
PARSVNATH,20260910,1.69,1.69,1.69,1.69,135421
PASHUPATI,20260910,82.3,86.0,80.08,80.24,142256
PASUPTAC,20260910,67.91,68.88,67.12,67.76,41488
PATANJALI,20260910,340.95,342.0,337.75,339.75,1115935
PATELENG,20260910,27.01,27.49,26.65,26.87,2216158
PATELRMART,20260910,214.93,218.01,210.63,211.9,59871
PATINTLOG,20260910,13.39,13.39,13.01,13.11,24623
PAUSHAKLTD,20260910,754.3,757.9,730.0,734.05,31771
PAVNAIND,20260910,15.21,15.83,14.81,15.08,91488
PAYTM,20260910,1750.0,1757.0,1720.1,1739.0,1479094
PBMPOLY,20260910,60.5,60.5,57.15,60.0,103
PCBL,20260910,335.0,346.0,333.1,334.8,3387384
PCJEWELLER,20260910,13.95,14.35,13.68,13.83,530933799
PDMJEPAPER,20260910,97.21,103.3,95.82,98.77,864939
PDSL,20260910,345.9,352.2,343.05,348.2,160889
PEARLPOLY,20260910,15.7,15.92,15.51,15.62,3058
PENIND,20260910,178.0,181.08,177.0,177.34,318619
PENINLAND,20260910,15.56,16.16,15.12,15.32,128977
PERMAGN,20260910,843.0,879.0,834.95,869.5,3537
PERNIASPOP,20260910,562.95,585.0,556.75,575.5,720934
PERSISTENT,20260910,5404.5,5560.0,5370.5,5509.5,516940
PETRONET,20260910,284.0,290.7,283.05,288.7,2585212
PFC,20260910,350.0,354.75,349.3,352.8,7286720
PFIZER,20260910,4175.8,4195.1,4080.0,4095.4,267140
PFOCUS,20260910,318.45,321.0,311.15,313.55,374526
PFS,20260910,27.15,27.74,26.4,27.47,585575
PGEL,20260910,542.5,548.25,538.5,542.0,786316
PGHH,20260910,7629.5,7665.5,7570.0,7581.5,5960
PGHL,20260910,5442.0,5505.0,5405.0,5425.5,15867
PGIL,20260910,2295.1,2424.9,2286.4,2378.4,292926
PHARMABEES,20260910,27.5,27.65,27.21,27.27,3713168
PHOENIXLTD,20260910,1887.5,1914.8,1883.1,1890.0,383380
PHOENXINTL,20260910,29.61,30.8,29.59,30.15,1802
PICCADIL,20260910,599.8,611.4,598.0,600.5,127719
PIDILITIND,20260910,1572.0,1577.9,1553.5,1569.0,475698
PIGL,20260910,104.9,106.97,103.41,104.11,58444
PIIND,20260910,2386.9,2397.6,2352.0,2365.0,275516
PILANIINVS,20260910,4176.0,4292.7,4154.6,4235.8,2590
PILITA,20260910,7.75,8.14,7.75,7.88,42014
PINELABS,20260910,174.99,176.58,172.22,173.17,15911117
PIONEEREMB,20260910,20.83,21.0,20.01,20.42,16041
PIONRINV,20260910,85.5,88.99,81.7,88.99,2814
PIRAMALFIN,20260910,2290.7,2316.0,2258.0,2295.6,335744
PITTIENG,20260910,1171.9,1180.0,1156.1,1171.4,71222
PIXTRANS,20260910,1741.8,1753.0,1721.0,1728.3,7959
PKTEA,20260910,1169.0,1169.0,1072.4,1094.2,10161
PLASTIBLEN,20260910,188.14,197.0,188.14,194.15,42721
PLATIND,20260910,226.0,228.99,217.6,221.04,35143
PLAZACABLE,20260910,61.35,62.08,58.01,60.51,193003
PML,20260910,499.95,504.35,485.3,486.75,221
PNB,20260910,115.5,118.2,115.47,116.85,18231772
PNBGILTS,20260910,79.46,83.0,79.46,80.36,476519
PNBHOUSING,20260910,1142.5,1186.4,1132.8,1179.0,1084833
PNC,20260910,17.39,17.39,16.22,16.52,6498
PNCINFRA,20260910,179.6,180.12,176.55,177.41,188698
PNGJL,20260910,612.0,615.35,604.15,611.05,248496
PNGSREVA,20260910,519.7,520.95,503.0,504.7,121081
POCL,20260910,464.0,470.0,454.05,457.55,411795
PODDARMENT,20260910,297.0,324.6,290.8,299.4,122057
POEL,20260910,144.0,144.73,140.0,140.7,19534
POKARNA,20260910,781.05,879.95,768.8,780.45,1363747
POLICYBZR,20260910,1790.1,1808.1,1780.5,1800.0,414006
POLYCAB,20260910,8330.5,8387.5,8272.5,8358.0,259270
POLYMED,20260910,1720.3,1757.0,1719.0,1747.7,99923
POLYPLEX,20260910,1140.1,1152.2,1112.2,1125.3,75614
POLYSPIN,20260910,29.0,29.0,28.5,28.5,431
PONNIERODE,20260910,373.15,378.15,361.0,363.45,29127
POONAWALLA,20260910,447.45,455.65,445.5,449.4,502977
POWERGRID,20260910,265.85,271.75,265.3,271.75,12187656
POWERICA,20260910,547.95,583.45,547.95,575.85,626654
POWERINDIA,20260910,31450.0,31595.0,31050.0,31195.0,49644
POWERMECH,20260910,2445.5,2452.9,2374.7,2379.4,36315
PPAP,20260910,245.9,245.9,240.05,242.75,11339
PPL,20260910,289.0,295.8,280.0,290.9,42204
PPLPHARMA,20260910,218.0,218.99,211.81,212.49,2726382
PRABHA,20260910,250.0,252.1,244.43,247.58,118160
PRADPME,20260910,495.0,497.65,486.55,486.65,2534
PRAENG,20260910,22.91,23.51,21.88,22.2,59683
PRAJIND,20260910,326.0,334.0,323.6,326.85,459946
PRAKASH,20260910,126.0,127.96,123.5,123.78,461514
PRAKASHSTL,20260910,3.76,3.88,3.75,3.79,90649
PRAVEG,20260910,262.65,271.5,260.55,266.5,25343
PRAXIS,20260910,4.8,4.88,4.51,4.71,220518
PRECAM,20260910,120.02,121.74,117.5,118.05,86119
PRECOT,20260910,656.05,690.0,656.05,670.75,2297
PRECWIRE,20260910,474.05,476.0,461.45,464.65,415746
PREMCO,20260910,389.95,390.0,385.05,386.3,742
PREMEXPLN,20260910,667.5,672.0,666.0,667.05,239866
PREMIER,20260910,2.87,2.98,2.73,2.83,5108
PREMIERENE,20260910,977.0,981.8,962.2,967.9,992989
PREMIERPOL,20260910,90.04,92.39,87.02,87.99,189665
PRESTIGE,20260910,1534.8,1544.0,1518.6,1543.6,296169
PRICOLLTD,20260910,746.0,753.1,736.1,739.6,208612
PRIMESECU,20260910,280.5,282.0,274.05,276.75,24310
PRIMO,20260910,21.7,22.1,21.26,21.7,167025
PRINCEPIPE,20260910,282.0,285.65,278.55,279.9,138600
PRIORITY,20260910,230.0,231.0,220.5,226.92,181325
PRISMX,20260910,0.58,0.61,0.56,0.59,209988
PRITI,20260910,34.0,34.1,33.01,34.06,28188
PRITIKAUTO,20260910,15.08,15.15,14.72,14.89,183893
PRIVISCL,20260910,3505.1,3535.2,3440.3,3495.6,104437
PROSTARM,20260910,136.53,139.0,132.8,134.78,217946
PROTEAN,20260910,495.95,499.05,483.55,492.75,207573
PROZONER,20260910,49.99,52.6,48.52,52.3,493674
PRSMJOHNSN,20260910,112.45,117.59,112.03,115.22,1164917
PRUDENT,20260910,3302.4,3355.0,3291.7,3318.8,8339
PRUDMOULI,20260910,17.5,17.5,15.89,16.8,28079
PSB,20260910,22.6,22.81,22.46,22.6,1124783
PSPPROJECT,20260910,874.1,882.7,864.0,865.05,17189
PSUBANK,20260910,83.97,85.01,83.76,84.03,69642
PSUBANKADD,20260910,85.0,85.81,84.42,84.62,6679
PSUBNKBEES,20260910,93.49,94.65,93.35,93.54,1625906
PSUBNKIETF,20260910,84.61,86.0,84.49,84.67,85050
PTC,20260910,153.12,156.4,153.01,153.69,1569043
PTCIL,20260910,22705.0,22880.0,22300.0,22385.0,16490
PTL,20260910,38.23,38.47,38.03,38.17,21129
PUNJABCHEM,20260910,1097.1,1113.7,1088.0,1091.8,2534
PURVA,20260910,218.0,218.34,212.0,214.16,148029
PVP,20260910,65.0,67.2,63.49,66.1,1507975
PVRINOX,20260910,1175.0,1227.0,1159.9,1221.3,746014
PVSL,20260910,100.2,102.0,99.13,100.53,10011
PVTBANIETF,20260910,27.64,27.67,27.45,27.54,471821
PVTBANK,20260910,27.3,27.43,27.3,27.35,18361
PVTBANKADD,20260910,27.77,27.81,27.63,27.76,11031
PVTBKGROWW,20260910,27.21,27.53,27.21,27.33,6087
PWL,20260910,125.79,130.62,125.79,126.73,13200512
PYRAMID,20260910,151.93,155.48,151.39,154.59,24175
QGOLDHALF,20260910,126.2,127.19,124.0,126.42,252215
QMSMEDI,20260910,148.7,153.99,148.7,150.46,4469
QNIFTY,20260910,259.0,259.38,257.6,258.22,2028
QPOWER,20260910,1501.0,1511.7,1441.0,1458.2,213213
QUADFUTURE,20260910,439.95,447.4,429.25,435.8,431820
QUAL30IETF,20260910,20.65,20.72,20.53,20.56,93934
QUALITY30,20260910,20.28,20.34,20.15,20.22,3960
QUESS,20260910,355.1,359.85,348.0,355.1,420571
QUICKHEAL,20260910,152.5,153.51,146.5,147.48,73128
QUINT,20260910,39.5,39.9,39.1,39.23,5768
RACE,20260910,98.78,99.0,96.0,96.43,3620
RACLGEAR,20260910,1643.9,1669.9,1568.5,1588.2,35327
RADAAN,20260910,2.99,2.99,2.86,2.87,34059
RADHIKAJWE,20260910,87.49,90.38,83.15,84.15,2401430
RADIANTCMS,20260910,38.2,38.2,36.4,37.53,577686
RADICO,20260910,4396.2,4485.0,4396.2,4460.0,119989
RADIOCITY,20260910,6.62,6.62,6.2,6.21,57135
RAILTEL,20260910,264.3,268.2,262.05,262.7,543638
RAIN,20260910,223.1,224.97,216.2,217.28,4114741
RAINBOW,20260910,1449.0,1478.9,1442.5,1460.1,75652
RAJESHEXPO,20260910,79.05,80.0,78.0,79.35,67128
RAJMET,20260910,3.33,3.33,3.21,3.26,251800
RAJOOENG,20260910,55.79,57.0,54.15,54.89,176989
RAJPALAYAM,20260910,775.0,784.2,735.6,751.1,2021
RAJRATAN,20260910,528.65,534.8,505.85,509.65,120155
RAJRILTD,20260910,21.11,21.79,21.1,21.19,2427
RAJSREESUG,20260910,35.57,35.57,33.5,33.66,30972
RAJTV,20260910,8.02,8.41,7.8,7.82,73915
RALLIS,20260910,204.01,205.1,201.95,203.06,593140
RAMANEWS,20260910,33.02,33.02,32.1,32.15,8566
RAMAPHO,20260910,123.26,125.99,122.5,123.57,12925
RAMASTEEL,20260910,4.01,4.01,4.01,4.01,1643160
RAMBHAJO,20260910,283.0,289.0,263.0,267.51,742523
RAMCOCEM,20260910,866.85,875.4,853.45,869.75,555763
RAMCOIND,20260910,319.35,321.9,314.6,319.55,75109
RAMCOSYS,20260910,596.1,616.8,595.1,610.6,71037
RAMKY,20260910,338.5,340.5,335.0,335.9,15021
RAMRAT,20260910,529.0,547.45,527.9,536.75,205735
RANASUG,20260910,14.75,15.19,14.75,14.85,247543
RANEHOLDIN,20260910,1686.4,1717.7,1675.0,1704.8,6820
RATEGAIN,20260910,841.0,872.0,833.25,866.45,296382
RATNAMANI,20260910,2870.4,2889.0,2785.0,2823.0,93487
RATNAVEER,20260910,301.25,312.2,299.0,310.6,3836811
RAYMOND,20260910,811.05,859.4,810.45,853.85,3307236
RAYMONDLSL,20260910,670.45,720.0,668.7,687.65,570900
RAYMONDREL,20260910,575.65,580.95,567.1,572.05,277667
RBA,20260910,100.95,100.95,96.24,96.82,2882594
RBLBANK,20260910,413.0,417.2,409.05,410.8,2711005
RBZJEWEL,20260910,175.0,181.4,170.0,178.67,157181
RCF,20260910,112.8,117.59,112.0,112.57,1662821
RCOM,20260910,0.97,0.97,0.96,0.97,4534123
RECLTD,20260910,313.9,316.9,312.65,313.8,3526950
REDINGTON,20260910,389.0,403.25,380.3,392.0,23154564
REDTAPE,20260910,116.6,117.68,114.75,115.06,148573
REFEX,20260910,274.8,275.6,268.6,269.95,160584
REGAAL,20260910,85.9,87.25,85.5,85.73,110269
REGENCERAM,20260910,37.0,37.0,34.51,36.05,3715
RELAXO,20260910,331.0,352.05,323.55,326.9,638940
RELCHEMQ,20260910,115.38,116.8,112.3,113.69,993
RELIABLE,20260910,138.11,139.19,134.01,135.95,34606
RELIANCE,20260910,1278.5,1285.3,1266.3,1274.0,9296079
RELIGARE,20260910,255.3,261.59,254.35,258.78,1470503
RELINFRA,20260910,55.5,56.0,54.75,54.75,323185
RELTD,20260910,152.01,161.1,151.16,155.08,231262
REMSONSIND,20260910,98.11,98.99,95.15,96.32,83542
RENUKA,20260910,24.51,25.34,24.35,24.82,18011981
REPCOHOME,20260910,355.5,360.0,352.55,353.8,64220
REPL,20260910,60.1,62.0,59.0,60.87,9560
REPRO,20260910,315.2,315.2,303.25,306.9,154399
RESPONIND,20260910,166.0,174.8,164.0,169.54,2901744
RETAIL,20260910,16.85,17.57,16.3,16.6,6568
RGL,20260910,146.5,158.0,144.57,156.48,2423183
RHETAN,20260910,25.27,25.27,25.27,25.27,90500
RHFL,20260910,1.81,1.82,1.78,1.8,302793
RHIM,20260910,377.6,383.9,376.0,378.7,234053
RHL,20260910,168.76,172.35,166.5,166.59,816
RICOAUTO,20260910,130.25,131.5,129.6,130.31,416899
RIIL,20260910,733.0,733.85,711.0,714.85,52712
RIR,20260910,184.01,191.1,176.05,177.38,2170322
RISHABH,20260910,816.85,824.75,793.55,809.55,171348
RITCO,20260910,317.0,317.55,303.1,305.35,50250
RITES,20260910,212.1,216.07,209.68,210.8,455292
RKDL,20260910,18.7,18.7,18.3,18.32,1859
RKEC,20260910,20.04,20.55,19.05,19.17,73562
RKFORGE,20260910,721.9,737.8,719.05,727.05,717946
RKSWAMY,20260910,94.41,95.06,90.3,91.47,25219
RMC,20260910,222.51,230.8,211.35,215.96,104694
RMDRIP,20260910,24.5,24.75,23.0,23.33,400763
RML,20260910,1363.5,1440.0,1361.7,1408.9,187566
RNBDENIMS,20260910,9.67,10.0,9.19,9.79,145113
ROHLTD,20260910,304.5,312.8,304.5,307.2,11856
ROLEXRINGS,20260910,177.16,181.0,172.0,173.15,2475259
ROLLT,20260910,4.74,4.74,4.5,4.61,686402
ROML,20260910,41.1,43.0,41.1,42.13,1352
ROSSARI,20260910,454.95,461.2,448.0,449.5,46876
ROSSELLIND,20260910,57.49,57.49,55.83,56.1,18934
ROSSTECH,20260910,1191.0,1215.2,1177.1,1206.6,82882
ROTO,20260910,66.16,67.18,64.66,65.07,325196
ROUTE,20260910,501.1,506.95,499.2,500.75,59372
RPEL,20260910,1675.0,1793.8,1675.0,1743.5,213981
RPGLIFE,20260910,2789.0,2844.0,2745.0,2782.7,11654
RPOWER,20260910,22.14,22.28,21.76,21.84,14929226
RPPINFRA,20260910,61.9,65.39,60.32,63.03,349542
RPPL,20260910,21.98,22.0,21.2,21.37,46877
RPSGVENT,20260910,860.0,863.6,836.5,840.2,43298
RPTECH,20260910,797.3,814.8,765.0,806.45,423199
RRECL,20260910,132.0,132.0,126.0,126.0,61
RRIL,20260910,16.1,16.64,15.8,15.97,5782
RRKABEL,20260910,2428.9,2478.0,2415.1,2437.0,571293
RSDFIN,20260910,95.64,97.59,93.6,93.6,229
RSL,20260910,191.33,192.61,186.0,186.7,172767
RSSOFTWARE,20260910,29.48,29.68,29.0,29.21,11425
RSWM,20260910,218.0,220.0,212.0,214.46,27751
RSYSTEMS,20260910,242.89,245.15,240.04,243.05,107915
RTNINDIA,20260910,27.7,27.83,27.5,27.6,600161
RTNPOWER,20260910,7.27,7.35,7.2,7.25,14701929
RTSPOWR,20260910,88.66,91.89,88.0,88.07,1842
RUBFILA,20260910,69.0,69.0,67.05,68.09,24306
RUBICON,20260910,1816.1,1816.2,1777.0,1790.0,143377
RUBYMILLS,20260910,485.0,485.0,441.2,445.9,31500
RUCHINFRA,20260910,5.77,5.8,5.61,5.68,50981
RUCHIRA,20260910,109.8,112.8,108.8,110.54,73974
RUDRA,20260910,20.47,20.47,19.71,20.0,74633
RUPA,20260910,141.03,143.23,140.11,140.45,120378
RUSHIL,20260910,16.24,16.25,16.0,16.01,144936
RUSTOMJEE,20260910,352.35,353.4,350.0,350.5,18773
RVHL,20260910,39.5,41.19,39.0,39.45,13468
RVNL,20260910,208.0,211.25,205.0,205.6,5012189
RVTH,20260910,790.0,793.95,755.0,762.5,1557
S&SPOWER,20260910,331.3,355.9,331.3,342.6,3172
SAATVIKGL,20260910,422.0,422.0,400.0,402.05,65004
SAB,20260910,175.03,175.05,175.03,175.05,6
SADBHAV,20260910,8.43,8.43,7.9,8.06,158176
SADBHIN,20260910,2.55,2.58,2.51,2.53,37677
SADHNANIQ,20260910,2.81,2.86,2.77,2.86,972054
SAFARI,20260910,1517.1,1548.9,1496.4,1501.6,13725
SAGARDEEP,20260910,24.0,24.17,23.7,24.04,9234
SAGCEM,20260910,151.0,153.74,148.0,150.34,50091
SAGILITY,20260910,45.1,45.14,44.3,44.41,9850961
SAHLIBHFI,20260910,84.2,85.0,80.35,82.33,22392
SAHYADRI,20260910,377.2,386.55,369.65,383.35,11752
SAICAPI,20260910,153.99,159.9,147.15,155.34,1950
SAIL,20260910,186.51,187.03,183.1,183.75,8060794
SAILIFE,20260910,1675.4,1675.4,1585.0,1591.1,1174342
SAIPARENT,20260910,529.0,529.0,516.0,522.55,61345
SAKAR,20260910,1149.0,1165.9,1084.0,1117.3,91278
SAKHTISUG,20260910,19.55,19.88,19.11,19.19,60402
SAKSOFT,20260910,151.42,151.54,145.43,146.87,236398
SAKUMA,20260910,1.62,1.63,1.57,1.59,672649
SALASAR,20260910,5.1,5.12,5.02,5.03,3374525
SALONA,20260910,269.0,269.0,256.55,262.75,28
SALSTEEL,20260910,78.35,79.59,75.5,76.63,288268
SALZERELEC,20260910,550.0,557.4,543.85,550.15,30610
SAMBANDAM,20260910,113.01,113.01,113.01,113.01,200
SAMBHAAV,20260910,5.78,6.05,5.65,5.82,60377
SAMBHV,20260910,130.0,135.9,129.43,132.51,2348033
SAMHI,20260910,151.1,172.5,151.1,160.2,14028183
SAMMAANCAP,20260910,150.5,152.22,147.5,149.77,5094753
SAMPANN,20260910,24.89,24.89,23.67,24.11,30605
SANATHAN,20260910,479.0,492.7,477.55,483.1,210461
SANDESH,20260910,1042.9,1045.6,1016.0,1021.1,377
SANDHAR,20260910,622.5,644.0,621.15,627.25,168956
SANDUMA,20260910,201.01,202.55,195.73,196.74,364928
SANGAMIND,20260910,578.0,584.35,573.8,577.05,6591
SANGHVIMOV,20260910,444.0,444.85,431.3,434.15,129546
SANGINITA,20260910,64.39,64.39,64.39,64.39,79634
SANOFI,20260910,3101.0,3120.0,3095.5,3106.0,10873
SANOFICONR,20260910,4046.7,4180.0,4025.0,4089.6,4993
SANSERA,20260910,4120.0,4136.0,4047.0,4107.9,157289
SANSTAR,20260910,109.62,110.0,106.5,107.38,86730
SANWARIA,20260910,0.19,0.2,0.19,0.19,381077
SAPPHIRE,20260910,228.0,230.01,223.15,224.11,418375
SAPPL,20260910,290.35,298.85,281.3,286.05,4761
SARDAEN,20260910,555.0,555.0,535.15,537.25,752808
SAREGAMA,20260910,503.5,515.0,500.85,505.15,434404
SARLAPOLY,20260910,101.6,102.78,100.7,101.31,31694
SARVESHWAR,20260910,3.77,4.12,3.71,3.99,10094104
SASKEN,20260910,1860.5,1894.0,1770.0,1777.6,32982
SATIA,20260910,66.2,69.45,66.2,68.57,185198
SATIN,20260910,214.87,217.9,210.0,217.21,307384
SAURASHCEM,20260910,55.78,56.16,55.0,55.48,30104
SAYAJIHOTL,20260910,308.4,331.0,300.0,325.2,274
SAYAJIIND,20260910,115.99,115.99,115.99,115.99,25
SBC,20260910,48.92,49.38,48.0,48.05,10039752
SBCL,20260910,1144.7,1148.2,1100.4,1112.0,138832
SBFC,20260910,99.59,99.87,97.41,98.48,716501
SBGLP,20260910,24.05,24.28,19.2,22.44,485912
SBIBPB,20260910,49.25,49.34,48.51,48.7,44509
SBICARD,20260910,663.0,671.0,660.55,666.3,1286184
SBIETFCON,20260910,120.47,120.47,118.45,118.65,56326
SBIETFIT,20260910,323.88,324.89,319.51,320.35,7497
SBIETFPB,20260910,283.89,283.89,278.31,278.52,930
SBIETFQLTY,20260910,217.04,218.12,215.91,216.53,638
SBIFUNDS,20260910,551.0,555.8,550.05,551.0,591646
SBILIFE,20260910,1684.0,1706.2,1674.5,1700.6,855621
SBILIQETF,20260910,1055.27,1055.29,1055.27,1055.27,348800
SBIMIDMOM,20260910,63.99,63.99,63.35,63.53,42707
SBIN,20260910,1002.0,1011.9,1001.0,1009.7,5504031
SBINEQWETF,20260910,32.8,32.91,32.6,32.7,11822
SBINMID150,20260910,23.09,23.1,22.92,22.95,14339
SBISILVER,20260910,230.0,231.99,228.71,229.15,953345
SBISMLETF,20260910,18.4,18.64,18.28,18.46,87267
SBIVALETF,20260910,14.83,14.83,14.54,14.62,56826
SCANSTL,20260910,57.0,58.0,56.33,57.82,29414
SCHAEFFLER,20260910,3934.9,3992.8,3930.1,3940.2,19467
SCHAND,20260910,135.03,136.0,134.1,135.42,11634
SCHNEIDER,20260910,1199.7,1202.3,1170.4,1194.9,223993
SCI,20260910,287.75,291.15,284.4,285.2,1123388
SCILAL,20260910,38.43,38.95,38.0,38.46,200962
SCODATUBES,20260910,132.01,132.08,128.82,129.21,92022
SCPL,20260910,644.0,655.0,641.0,643.45,1701
SDBL,20260910,71.6,72.29,70.69,70.87,425579
SEAMECLTD,20260910,1778.2,1806.4,1765.0,1772.9,55736
SECMARK,20260910,147.99,159.0,145.25,149.16,17484
SECURKLOUD,20260910,17.0,17.19,16.7,16.92,6278
SEDEMAC,20260910,2824.3,2935.6,2824.3,2915.7,105717
SEIL,20260910,197.73,197.73,189.94,195.02,213881
SEJALLTD,20260910,650.25,676.0,646.65,672.0,3755
SEKURITIND,20260910,112.82,113.17,111.42,112.43,20279
SELECTIPO,20260910,49.5,49.56,48.41,48.48,27809
SEMAC,20260910,277.1,279.85,277.1,279.85,127
SENCO,20260910,355.5,358.45,348.4,349.9,392329
SENORES,20260910,1489.8,1495.0,1460.0,1463.1,91237
SENSEXADD,20260910,77.34,77.44,77.22,77.42,606
SENSEXAXIS,20260910,78.05,78.16,77.01,77.22,8976
SENSEXBETA,20260910,834.0,844.0,828.5,840.98,1979
SENSEXETF,20260910,77.89,77.89,77.1,77.19,26434
SENSEXIETF,20260910,869.0,873.9,859.01,860.55,10282
SEPC,20260910,5.36,5.4,5.25,5.29,6530129
SERVOTECH,20260910,77.84,79.29,77.06,77.62,221576
SESHAPAPER,20260910,242.0,250.19,239.01,246.96,102354
SETCO,20260910,17.3,17.3,16.6,17.16,46276
SETF10GILT,20260910,264.18,265.44,263.08,264.48,1190
SETFGOLD,20260910,130.66,130.9,129.85,130.26,6272437
SETFNIF50,20260910,259.76,259.76,252.16,252.61,1118773
SETFNIFBK,20260910,581.12,582.41,578.2,578.83,25458
SETFNN50,20260910,780.74,784.0,772.91,777.83,19264
SETL,20260910,445.2,445.9,440.05,445.9,344586
SETUINFRA,20260910,0.67,0.67,0.67,0.67,25778
SEYAIND,20260910,12.71,12.71,12.25,12.44,10193
SFL,20260910,683.5,702.0,667.65,697.95,356525
SGFIN,20260910,679.5,683.2,666.2,672.0,153561
SGIL,20260910,600.55,606.4,600.0,602.0,3236
SGL,20260910,10.32,10.32,9.87,9.9,11807
SGLRES,20260910,2.52,2.52,2.35,2.36,63379
SGMART,20260910,776.05,785.0,763.0,766.55,400244
SGRL,20260910,669.25,669.25,620.0,631.65,42088
SHADOWFAX,20260910,251.2,255.7,247.0,255.1,2613346
SHAH,20260910,3.54,3.66,3.46,3.54,3922764
SHAHALLOYS,20260910,101.0,101.85,96.0,96.76,14683
SHAILY,20260910,3450.0,3466.3,3360.1,3383.2,102807
SHAKTIPUMP,20260910,506.9,524.45,493.05,503.2,13943643
SHALBY,20260910,148.99,149.99,145.25,145.96,87771
SHALPAINTS,20260910,84.8,86.5,82.4,85.44,396308
SHANKARA,20260910,148.99,148.99,148.29,148.41,109702
SHANKESH,20260910,98.49,101.0,97.3,98.41,3637976
SHANTI,20260910,6.26,6.5,6.17,6.2,11010
SHANTIGEAR,20260910,696.05,743.0,689.1,725.45,312598
SHANTIGOLD,20260910,261.19,264.5,254.52,257.29,1253608
SHARDACROP,20260910,786.0,786.0,776.1,781.35,72793
SHARDAMOTR,20260910,919.5,959.0,900.1,946.25,220362
SHARDUL,20260910,55.0,55.0,54.01,54.91,17996
SHAREINDIA,20260910,191.48,212.33,191.01,196.32,58611177
SHARIABEES,20260910,441.35,441.93,437.1,438.57,10553
SHBAJRG,20260910,159.6,159.97,157.12,159.5,486
SHEKHAWATI,20260910,17.81,18.45,17.81,18.45,43113
SHEMAROO,20260910,126.86,126.86,121.25,121.99,4126
SHERVANI,20260910,312.0,312.0,305.0,311.0,15
SHILCTECH,20260910,4131.0,4185.0,4099.0,4158.6,12554
SHILGRAVQ,20260910,153.8,177.38,153.8,168.4,93780
SHILPAMED,20260910,968.95,974.0,931.3,939.9,682900
SHINDL,20260910,160.05,162.5,160.0,161.98,305847
SHIPROCKET,20260910,132.6,133.34,128.5,129.17,2568729
SHIVAAGRO,20260910,42.0,42.0,39.5,40.32,1492
SHIVACEM,20260910,15.52,16.3,15.52,16.04,46357
SHIVALIK,20260910,398.0,411.8,362.75,366.8,375449
SHIVAMAUTO,20260910,17.39,17.39,16.66,16.68,23256
SHIVAMILLS,20260910,63.34,63.34,59.25,60.38,215
SHIVATEX,20260910,179.0,183.0,172.25,179.18,10363
SHIVAUM,20260910,465.0,476.0,400.0,461.45,898031
SHK,20260910,146.4,146.73,143.01,143.58,216431
SHOPERSTOP,20260910,377.05,390.0,375.2,377.55,19659
SHRADDHA,20260910,155.11,155.11,142.2,150.02,9404
SHRADHA,20260910,30.99,32.0,29.9,31.19,19799
SHREDIGCEM,20260910,70.62,71.47,68.4,69.09,114970
SHREECEM,20260910,22910.0,22990.0,22700.0,22785.0,9990
SHREEJISPG,20260910,716.5,721.5,704.1,713.1,1182838
SHREEPUSHK,20260910,503.4,511.45,489.1,491.6,85810
SHREERAMA,20260910,46.49,47.3,44.22,45.88,207997
SHRENIK,20260910,0.29,0.3,0.28,0.29,334931
SHREYANIND,20260910,134.31,136.66,133.53,135.46,8075
SHRIKRISH,20260910,37.99,38.0,37.0,37.39,159
SHRINGARMS,20260910,219.99,220.0,216.1,216.79,186044
SHRIPISTON,20260910,4500.8,4516.2,4432.0,4447.4,29116
SHRIRAMFIN,20260910,1030.0,1039.0,1020.9,1038.0,2757241
SHRIRAMPPS,20260910,72.5,73.99,72.3,72.62,214076
SHRJAGP,20260910,664.0,674.8,640.0,643.45,466
SHUKRAPHAR,20260910,57.69,58.2,53.91,53.97,4087812
SHYAMCENT,20260910,4.89,5.05,4.89,4.97,41713
SHYAMMETL,20260910,1081.0,1088.7,1074.2,1086.1,128947
SHYAMTEL,20260910,11.44,11.58,11.1,11.5,4900
SICAGEN,20260910,55.63,56.37,55.0,55.24,20126
SICALLOG,20260910,101.8,102.0,98.0,98.47,19427
SIEL,20260910,29.0,29.35,29.0,29.35,379
SIEMENS,20260910,3949.0,3987.9,3905.2,3954.4,227398
SIGACHI,20260910,35.6,38.77,35.36,37.56,13529422
SIGIND,20260910,72.4,72.4,68.0,71.12,44815
SIGMA,20260910,46.49,46.5,44.26,44.97,111147
SIGMAADV,20260910,791.8,792.85,780.0,792.85,250035
SIGNATURE,20260910,785.0,791.75,770.0,772.35,193242
SIGNPOST,20260910,271.0,279.95,265.3,267.8,83178
SIKA,20260910,999.9,1059.5,989.95,1024.85,75059
SIKKO,20260910,5.38,5.72,5.38,5.56,346395
SIL,20260910,18.34,18.99,18.0,18.1,51287
SILGO,20260910,71.09,72.8,70.5,71.74,11423
SILINV,20260910,460.0,467.3,445.25,451.0,1527
SILVER,20260910,234.81,236.36,233.12,233.49,1037175
SILVER001,20260910,23.6,23.9,23.6,23.6,12981
SILVER1,20260910,22.82,23.0,22.67,22.71,21027856
SILVER360,20260910,231.08,232.8,229.41,230.33,18794
SILVERADD,20260910,22.62,22.85,22.51,22.55,4334709
SILVERAG,20260910,228.9,230.51,227.09,227.93,278333
SILVERAXIS,20260910,235.3,235.3,232.05,232.4,147010
SILVERBEES,20260910,224.95,226.4,223.25,223.53,16509484
SILVERBETA,20260910,226.6,228.58,225.4,225.65,512145
SILVERBND,20260910,235.84,237.07,233.46,233.85,15782
SILVERCASE,20260910,23.84,24.01,23.67,23.72,11933662
SILVERIETF,20260910,234.45,236.32,233.1,233.48,3084086
SILVERTUC,20260910,161.1,161.1,143.97,152.0,2242513
SIMBHALS,20260910,7.21,7.21,7.21,7.21,3249
SIMPLEXINF,20260910,262.0,265.8,252.6,255.75,100611
SIMPLXREA,20260910,138.0,138.8,127.0,132.5,414
SINCLAIR,20260910,82.0,83.69,80.36,81.58,20693
SINDHUTRAD,20260910,25.16,25.16,23.65,23.81,1497012
SINGERIND,20260910,74.3,76.0,69.0,74.02,385095
SINTERCOM,20260910,84.73,84.74,79.4,79.82,51758
SIRCA,20260910,431.95,441.8,429.0,431.55,313161
SIS,20260910,429.6,429.6,421.4,422.95,439487
SITINET,20260910,0.28,0.29,0.28,0.28,608344
SIYSIL,20260910,533.9,551.0,533.1,547.0,34024
SJS,20260910,2296.9,2349.9,2281.2,2342.6,97579
SJVN,20260910,66.95,68.29,66.37,67.2,3722427
SKFINDIA,20260910,1532.9,1540.0,1522.9,1531.6,15804
SKFINDUS,20260910,3035.0,3035.0,2905.0,2935.4,42276
SKIPPER,20260910,593.9,596.15,574.5,583.0,1056778
SKMEGGPROD,20260910,250.85,253.8,246.8,247.9,149927
SKYGOLD,20260910,831.1,843.9,820.0,830.3,750031
SKYWAYS,20260910,114.0,114.2,109.3,111.19,2803163
SMALL250,20260910,18.98,18.98,18.45,18.51,120772
SMALLADD,20260910,18.81,18.81,18.5,18.51,16578
SMALLCAP,20260910,49.24,49.59,49.24,49.44,1636202
SMALLGROWW,20260910,49.6,49.93,48.74,49.16,6211
SMALLIETF,20260910,18.52,18.56,18.37,18.47,34009
SMARTLINK,20260910,209.65,219.94,203.61,219.57,14673
SMARTWORKS,20260910,547.95,550.7,531.7,535.55,112126
SMCGLOBAL,20260910,84.0,95.0,82.5,85.64,35904423
SML100CASE,20260910,11.53,11.53,11.26,11.32,2173190
SMLMAH,20260910,6510.0,6654.0,6241.5,6278.0,70105
SMLT,20260910,63.39,63.9,59.8,61.44,5764
SMSPHARMA,20260910,410.55,421.0,407.0,417.45,561774
SNOWMAN,20260910,36.33,36.81,36.0,36.16,97879
SNXT30BEES,20260910,41.7,42.55,41.7,42.47,1883
SNXT50BETA,20260910,95.58,95.58,92.1,93.19,3299
SOBHA,20260910,1234.0,1255.0,1217.0,1235.7,181083
SOFTTECH,20260910,452.7,452.7,425.1,435.0,1259
SOLARA,20260910,691.0,749.8,690.0,707.25,1463549
SOLARINDS,20260910,22350.0,22495.0,22180.0,22370.0,58690
SOLARWORLD,20260910,145.01,146.39,140.5,140.98,292863
SOLEX,20260910,720.3,724.9,651.2,705.25,22358
SOMANYCERA,20260910,556.85,572.65,554.15,559.7,88278
SOMATEX,20260910,87.44,87.44,84.1,84.48,3736
SOMICONVEY,20260910,90.11,102.59,90.06,92.76,99320
SONACOMS,20260910,798.0,813.15,792.2,803.5,1517259
SONAL,20260910,89.0,91.99,89.0,90.08,240
SONAMLTD,20260910,77.5,77.5,72.0,73.54,53707
SONATSOFTW,20260910,269.9,270.35,259.2,260.1,1071987
SOTL,20260910,692.7,705.35,685.0,697.1,257147
SOUTHBANK,20260910,46.48,46.48,45.76,46.08,5591541
SOUTHWEST,20260910,228.02,230.45,215.31,216.19,370671
SPAL,20260910,1009.3,1059.0,1009.3,1029.7,54077
SPANDANA,20260910,232.76,235.18,229.93,232.17,102678
SPARC,20260910,200.58,204.6,196.25,196.91,700852
SPCENET,20260910,3.57,3.64,3.46,3.47,500547
SPECIALITY,20260910,135.0,141.88,131.2,141.76,47006
SPECTRUM,20260910,2878.6,2878.6,2878.0,2878.6,10777
SPENCERS,20260910,29.5,29.8,28.15,28.64,81409
SPIC,20260910,70.1,71.12,68.76,69.3,457757
SPLIL,20260910,31.0,31.01,30.5,30.5,1637
SPLPETRO,20260910,816.0,843.8,810.15,828.15,413527
SPMLINFRA,20260910,173.93,176.55,172.5,173.0,97588
SPORTKING,20260910,217.0,220.0,211.99,215.83,180996
SRD,20260910,39.6,40.0,38.09,38.5,61667
SREEL,20260910,350.5,400.0,350.5,370.3,487582
SRF,20260910,2517.0,2551.7,2504.0,2519.0,210831
SRGHFL,20260910,195.0,224.85,195.0,195.0,126947
SRHHYPOLTD,20260910,533.3,534.55,514.0,517.1,18403
SRIKPRIND,20260910,31.01,32.14,30.65,31.43,11076
SRM,20260910,452.85,459.45,445.95,447.7,35913
SRTL,20260910,37.11,38.1,36.53,37.39,38337
SSDL,20260910,58.65,67.84,58.5,67.84,296352
SSWL,20260910,371.0,375.0,363.15,373.6,696576
STALLION,20260910,234.57,234.57,225.4,234.26,955209
STANLEY,20260910,139.31,139.45,136.14,137.43,89312
STAR,20260910,1189.0,1223.0,1159.7,1217.0,304120
STARCEMENT,20260910,192.3,195.48,190.5,194.68,219251
STARHEALTH,20260910,569.8,584.1,565.55,576.25,426891
STARPAPER,20260910,158.56,172.5,158.02,169.84,131116
STARTECK,20260910,243.5,248.9,239.3,245.2,233
STCINDIA,20260910,114.0,114.78,113.21,113.25,13252
STEELCAS,20260910,323.0,330.35,321.5,323.55,45339
STEELCITY,20260910,84.68,93.0,84.2,91.4,183418
STEELXIND,20260910,12.25,12.9,12.0,12.17,28145206
STEL,20260910,579.2,603.75,579.2,590.2,4036
STERTOOLS,20260910,218.5,218.5,212.55,216.21,8894
STLNETWORK,20260910,34.76,34.86,33.63,34.86,8127111
STLSTRINF,20260910,18.64,18.9,17.4,17.67,2419
STLTECH,20260910,865.0,897.3,840.0,854.75,2260708
STOVEKRAFT,20260910,839.3,847.9,835.1,840.05,48566
STUDDS,20260910,417.3,421.0,414.0,418.4,46750
STYL,20260910,391.7,394.5,381.1,385.9,85709
STYLAMIND,20260910,3383.0,3383.2,3300.0,3310.6,14083
STYLEBAAZA,20260910,397.7,401.0,387.8,388.95,379221
STYRENIX,20260910,2159.0,2170.0,2135.0,2142.9,28582
SUBEXLTD,20260910,18.96,19.99,18.9,19.76,15258452
SUBROS,20260910,729.0,729.0,703.55,712.6,45641
SUDARCOLOR,20260910,384.35,385.2,380.1,380.9,2765
SUDARSCHEM,20260910,1261.0,1287.4,1246.5,1270.8,490526
SUDEEPPHRM,20260910,1226.0,1259.8,1213.5,1213.5,283504
SUKHJITS,20260910,161.2,162.76,159.05,159.99,24992
SULA,20260910,139.0,141.3,138.07,138.28,341494
SUMEDHA,20260910,39.0,41.95,39.0,39.0,4591
SUMEETINDS,20260910,11.39,11.39,10.8,10.95,1464680
SUMICHEM,20260910,478.35,485.5,473.15,480.9,699446
SUMIT,20260910,51.6,51.6,48.81,48.93,13255
SUMMITSEC,20260910,1425.0,1465.0,1415.2,1438.6,5431
SUNCLAY,20260910,1288.4,1311.0,1282.0,1295.2,4028
SUNDARAM,20260910,1.22,1.22,1.2,1.2,230555
SUNDARMFIN,20260910,4750.0,4750.0,4651.3,4703.0,17626
SUNDRMBRAK,20260910,730.0,742.0,719.0,725.1,993
SUNDRMFAST,20260910,1226.0,1347.2,1226.0,1256.1,2102293
SUNDROP,20260910,668.5,685.0,662.05,669.15,37446
SUNFLAG,20260910,330.0,347.0,330.0,345.4,295191
SUNLOC,20260910,78.78,78.78,75.5,75.5,173
SUNPHARMA,20260910,1865.9,1875.3,1840.5,1861.0,1178648
SUNRAKSHAK,20260910,374.0,376.95,373.0,375.55,11408
SUNSHIEL,20260910,1240.0,1251.8,1204.1,1231.7,3247
SUNSHINE,20260910,485.0,522.0,483.65,509.7,2019949
SUNTECK,20260910,293.95,293.95,288.0,289.8,102409
SUNTV,20260910,451.0,459.8,450.3,455.55,289944
SUPERHOUSE,20260910,183.0,186.7,168.15,171.67,37503
SUPERSPIN,20260910,7.15,7.36,7.05,7.36,53322
SUPRAJIT,20260910,486.85,505.0,481.05,500.3,143145
SUPREME,20260910,35.0,35.82,34.32,34.7,38829
SUPREMEENG,20260910,3.27,3.27,3.27,3.27,306378
SUPREMEIND,20260910,3502.6,3512.2,3477.1,3510.0,54496
SUPREMEINF,20260910,86.56,92.25,83.05,88.73,288397
SUPRIYA,20260910,912.0,933.15,902.8,917.45,244416
SUPTANERY,20260910,10.82,10.82,10.82,10.82,25004
SURAJEST,20260910,170.0,179.47,170.0,177.0,362659
SURAJLTD,20260910,200.0,204.79,198.0,200.66,3232
SURAKSHA,20260910,338.35,338.35,325.65,327.85,44852
SURANASOL,20260910,25.76,25.98,25.2,25.63,15426
SURANAT&P,20260910,16.15,16.3,16.0,16.05,37061
SURYALA,20260910,418.95,418.95,395.1,398.55,981
SURYALAXMI,20260910,58.5,59.49,57.8,58.12,1209
SURYAROSNI,20260910,218.8,221.49,215.55,216.05,322557
SURYODAY,20260910,153.0,153.9,150.5,151.06,132570
SUTLEJTEX,20260910,41.73,41.73,39.01,39.64,26585
SUVEN,20260910,357.75,366.7,357.75,360.7,297186
SUVIDHAA,20260910,2.49,2.49,2.31,2.41,164465
SUYOG,20260910,691.0,700.0,662.2,669.4,27272
SUZLON,20260910,45.44,45.68,44.1,44.22,43668900
SVGLOBAL,20260910,150.33,150.35,140.7,140.8,711
SVLL,20260910,792.0,812.0,790.5,793.1,3154
SVPGLOB,20260910,3.67,3.67,3.37,3.42,18905
SWANCORP,20260910,276.7,315.35,274.5,298.15,53152302
SWANDEF,20260910,2597.0,2710.0,2550.0,2662.8,22304
SWARAJ,20260910,354.05,364.4,352.0,352.75,122887
SWARAJENG,20260910,3594.3,3600.0,3541.6,3551.0,7542
SWARNSAR,20260910,41.7,44.0,39.0,41.61,75776
SWELECTES,20260910,576.4,581.55,563.0,568.15,11018
SWIGGY,20260910,284.1,284.45,278.6,279.0,11468920
SWISSMLTRY,20260910,15.53,15.64,14.7,15.18,35590
SWSOLAR,20260910,182.1,192.5,181.2,182.65,2401702
SYMBIOTEC,20260910,1142.0,1193.7,1115.35,1138.95,2805864
SYMPHONY,20260910,609.05,617.9,602.0,606.95,96158
SYNCOMF,20260910,20.25,20.28,19.06,19.26,8403583
SYNGENE,20260910,390.0,390.0,383.0,384.0,187712
SYRMA,20260910,1616.0,1639.9,1594.0,1598.8,738911
SYSTMTXC,20260910,71.11,71.11,71.11,71.11,21780
TAALTECH,20260910,4889.9,5260.0,4850.0,5198.7,24471
TAINWALCHM,20260910,209.0,213.5,207.0,210.02,3826
TAJGVK,20260910,332.15,347.7,330.05,342.6,188257
TAKE,20260910,16.78,16.78,16.78,16.78,44087
TALBROAUTO,20260910,417.35,422.9,415.0,420.2,72274
TAMBOLIIN,20260910,289.95,299.95,286.0,299.95,17326
TANAA,20260910,277.7,279.0,243.25,251.5,64866
TANLA,20260910,509.4,518.0,501.2,503.85,273285
TARACHAND,20260910,47.95,47.95,46.8,47.24,59324
TARAPUR,20260910,13.08,13.21,12.11,12.74,23544
TARC,20260910,130.0,132.49,128.0,128.56,496359
TARIL,20260910,297.5,299.25,288.85,289.95,1129752
TARMAT,20260910,60.99,62.4,59.3,60.66,27556
TARSONS,20260910,316.0,333.9,311.35,317.65,136445
TASTYBITE,20260910,9809.0,10368.0,9734.0,10201.0,6020
TATACAP,20260910,362.0,365.55,360.65,363.15,664000
TATACHEM,20260910,603.05,617.05,603.05,610.55,692580
TATACOMM,20260910,1760.0,1782.0,1753.7,1764.4,187640
TATACONSUM,20260910,1004.0,1005.6,992.5,999.6,1001929
TATAELXSI,20260910,3384.0,3456.9,3370.0,3409.0,208936
TATAGOLD,20260910,14.88,14.92,14.82,14.83,42926312
TATAINVEST,20260910,620.0,679.4,620.0,645.15,8165222
TATAPOWER,20260910,369.7,369.7,363.95,367.0,2896528
TATASTEEL,20260910,189.0,189.0,185.0,186.78,23334612
TATATECH,20260910,789.9,803.0,773.0,779.05,739884
TATSILV,20260910,22.97,22.99,22.66,22.69,39043618
TATVA,20260910,1692.0,1750.0,1650.3,1659.2,96077
TBOTEK,20260910,1710.1,1715.2,1666.0,1671.6,100199
TBZ,20260910,511.0,542.9,501.25,501.25,1594014
TCC,20260910,52.2,58.97,51.81,53.62,56803097
TCI,20260910,867.45,872.9,853.0,856.9,21739
TCIEXP,20260910,537.4,542.45,532.35,535.4,15584
TCIFINANCE,20260910,15.0,15.37,14.95,15.11,7339
TCPLPACK,20260910,3822.0,3950.0,3822.0,3856.1,9504
TCS,20260910,2199.0,2232.0,2190.6,2204.1,2490912
TDPOWERSYS,20260910,756.0,772.0,748.25,762.75,1289222
TEAMGTY,20260910,242.89,242.89,235.0,235.32,977
TEAMLEASE,20260910,1265.6,1280.5,1251.2,1253.9,11448
TECH,20260910,31.76,32.12,31.51,31.7,19988
TECHM,20260910,1511.9,1544.7,1498.1,1525.8,1405653
TECHNOCRAF,20260910,410.0,453.0,410.0,439.4,4534860
TECHNOE,20260910,991.0,1012.7,975.1,977.85,258265
TECHNVISN,20260910,4950.0,4950.0,4682.5,4808.0,135
TECILCHEM,20260910,9.98,9.98,9.35,9.43,11648
TEGA,20260910,1700.9,1780.6,1692.0,1721.6,1131990
TEJASNET,20260910,575.9,592.05,546.35,549.8,4076904
TEMBO,20260910,57.05,57.89,57.0,57.12,345675
TEMPSENS,20260910,600.0,602.4,575.8,581.3,2165254
TENNIND,20260910,517.0,526.65,517.0,519.25,601567
TERAI,20260910,129.99,129.99,124.0,125.85,546
TERASOFT,20260910,256.0,263.8,250.4,253.55,14181
TEXINFRA,20260910,113.79,116.78,113.51,114.21,277127
TEXMOPIPES,20260910,58.3,61.9,55.8,56.44,789095
TEXRAIL,20260910,115.5,119.8,115.31,117.77,3303257
TFCILTD,20260910,141.77,144.18,141.0,143.17,4319155
TFL,20260910,12.74,12.74,12.0,12.11,3804
TGBHOTELS,20260910,10.17,10.17,9.57,9.86,7344
TGVSL,20260910,106.52,110.0,105.6,107.45,158109
THAKDEV,20260910,138.5,139.0,132.0,138.99,745
THANGAMAYL,20260910,5129.0,5178.0,5031.5,5081.5,90183
THEINVEST,20260910,99.2,100.0,96.5,97.34,5406
THEJO,20260910,2140.7,2220.0,2140.7,2197.4,8107
THELEELA,20260910,535.75,557.0,530.0,554.15,343941
THEMISMED,20260910,132.71,134.0,131.5,132.07,80188
THERMAX,20260910,3632.1,3719.8,3625.3,3645.4,112142
THOMASCOOK,20260910,109.2,110.9,107.71,108.35,494762
THOMASCOTT,20260910,252.0,260.9,238.35,243.9,124120
THYROCARE,20260910,568.9,569.55,553.65,557.7,303873
TI,20260910,529.5,549.35,528.6,535.75,370739
TICL,20260910,7.51,7.7,7.32,7.39,191027
TIGERLOGS,20260910,27.58,27.88,27.36,27.73,64523
TIIL,20260910,3170.0,3202.2,3099.9,3157.1,44509
TIINDIA,20260910,2670.0,2674.5,2632.5,2652.0,174561
TIJARIA,20260910,7.79,7.79,7.79,7.79,5279
TIL,20260910,250.8,253.0,243.6,246.24,34848
TIMETECHNO,20260910,184.6,187.44,183.0,184.87,2051244
TIMEX,20260910,625.0,638.65,618.3,627.1,232843
TIMKEN,20260910,3189.3,3321.0,3120.0,3297.2,72555
TINNARUBR,20260910,1051.0,1055.9,1020.15,1028.6,40611
TIPSFILMS,20260910,329.85,331.95,326.0,327.4,1392
TIPSMUSIC,20260910,658.55,674.4,644.05,658.4,528038
TIRUMALCHM,20260910,158.84,163.7,157.0,157.52,474593
TIRUPATIFL,20260910,70.0,70.9,69.16,70.48,153680
TITAGARH,20260910,878.0,901.8,855.6,859.2,970891
TITAN,20260910,5000.5,5021.0,4974.5,5021.0,336565
TMB,20260910,927.0,928.45,918.5,923.65,51371
TMCV,20260910,444.0,445.2,437.5,439.25,4477525
TMPV,20260910,303.0,304.0,300.05,300.5,7512877
TNIDETF,20260910,88.42,90.0,88.0,88.6,80115
TNPETRO,20260910,137.86,139.69,132.14,133.14,854501
TNPL,20260910,156.58,158.49,153.5,154.03,364842
TNTELE,20260910,8.93,9.03,8.81,8.94,26707
TOKYOPLAST,20260910,78.0,78.0,75.15,76.81,353
TOLINS,20260910,91.2,92.86,90.7,90.96,31876
TOP100CASE,20260910,10.45,10.45,10.3,10.31,827470
TOP10ADD,20260910,85.46,85.46,84.8,84.89,732020
TOP15IETF,20260910,9.57,9.81,9.52,9.56,213037
TOP20,20260910,8.67,8.68,8.65,8.65,26579
TORNTPHARM,20260910,5000.0,5000.0,4921.0,4930.0,190249
TORNTPOWER,20260910,1305.7,1309.3,1287.8,1296.3,110609
TOTAL,20260910,74.8,77.79,73.2,76.98,9529
TOUCHWOOD,20260910,62.4,63.0,61.13,61.16,1415
TOYAMSL,20260910,0.67,0.68,0.63,0.63,2174611
TPHQ,20260910,0.51,0.51,0.5,0.5,804671
TPLPLASTEH,20260910,68.68,68.99,67.33,68.2,129788
TRACXN,20260910,29.15,29.44,28.0,28.61,267220
TRANSCOR,20260910,25.86,27.0,25.05,25.05,6327
TRANSPEK,20260910,1340.0,1348.8,1291.0,1298.4,4552
TRANSRAILL,20260910,424.0,424.9,417.55,419.2,357838
TRANSWORLD,20260910,166.0,166.0,164.64,164.64,627
TRAVELFOOD,20260910,1298.0,1298.0,1278.1,1285.9,16562
TREEHOUSE,20260910,5.96,6.29,5.9,5.95,13053
TREJHARA,20260910,149.4,149.8,145.0,145.33,7570
TREL,20260910,27.39,27.53,26.7,26.94,70457
TRENT,20260910,2811.0,2835.0,2800.0,2818.7,503802
TRF,20260910,229.4,232.0,218.35,220.8,27500
TRIDENT,20260910,23.82,23.96,23.5,23.59,2209137
TRIGYN,20260910,58.4,59.39,56.2,57.03,31717
TRITONV,20260910,1140.6,1155.0,1121.6,1133.3,3031
TRITURBINE,20260910,565.1,574.45,555.1,560.85,1145463
TRIVENI,20260910,268.5,273.0,263.0,263.95,411213
TRU,20260910,4.33,4.33,4.13,4.28,85955
TRUALT,20260910,423.05,424.05,414.35,419.65,92623
TSFINV,20260910,422.1,444.3,420.6,441.15,183455
TTKHLTCARE,20260910,1190.6,1193.3,1117.0,1134.4,64448
TTKPRESTIG,20260910,545.0,547.55,536.6,540.2,31877
TTL,20260910,6.84,6.99,6.41,6.73,375671
TTML,20260910,36.14,36.64,35.9,35.91,1248091
TURTLEMINT,20260910,135.59,137.0,130.2,131.84,894619
TUTIALKA,20260910,57.15,59.45,56.25,58.48,22118
TVSELECT,20260910,411.1,417.2,409.0,410.45,15852
TVSHLTD,20260910,13119.0,13250.0,13000.0,13134.0,3702
TVSMOTOR,20260910,4151.1,4184.8,4098.7,4121.5,550990
TVSSCS,20260910,124.6,130.39,123.0,128.73,952295
TVSSRICHAK,20260910,5169.0,5287.5,5118.0,5222.5,5894
TVTODAY,20260910,110.07,112.63,108.63,109.7,25559
TVVISION,20260910,2.88,2.88,2.88,2.88,61170
TWCGOLDETF,20260910,149.1,152.68,149.1,152.05,2212
UBL,20260910,1260.4,1274.0,1253.6,1256.7,43033
UCAL,20260910,147.92,148.0,142.92,145.8,6269
UCOBANK,20260910,23.99,24.2,23.76,23.93,3531333
UDAYJEW,20260910,176.0,180.89,175.0,175.12,90402
UDS,20260910,206.0,215.13,203.0,214.07,328911
UEL,20260910,200.0,206.8,196.8,196.8,34173
UFBL,20260910,690.45,725.0,690.45,712.85,15944
UFLEX,20260910,690.0,690.05,670.0,672.6,104598
UFO,20260910,63.74,63.9,63.0,63.08,6766
UGARSUGAR,20260910,50.78,51.56,49.5,49.92,298195
UGROCAP,20260910,83.52,84.25,82.99,83.17,114156
UJJIVANSFB,20260910,64.85,66.73,64.05,66.52,14339627
ULTRACEMCO,20260910,10896.0,10979.0,10858.0,10979.0,270894
ULTRAMAR,20260910,428.95,436.8,426.1,433.35,54884
UMAEXPORTS,20260910,22.12,22.12,22.12,22.12,14972
UMESLTD,20260910,5.07,5.08,4.96,5.01,6984
UMIYA-MRO,20260910,97.0,97.95,93.6,94.84,19475
UNICHEMLAB,20260910,543.5,549.5,527.55,532.7,73010
UNIDT,20260910,231.1,235.0,228.1,230.47,18261
UNIECOM,20260910,85.21,86.0,84.35,84.77,121873
UNIENTER,20260910,94.0,94.0,91.5,91.55,4203
UNIINFO,20260910,11.0,11.54,10.91,11.27,2330
UNIMECH,20260910,1600.1,1602.3,1557.1,1568.1,132067
UNIONBANK,20260910,182.69,184.44,177.62,179.2,8544176
UNIONGOLD,20260910,148.05,150.45,148.05,149.35,3497
UNIPARTS,20260910,900.0,910.0,889.95,893.85,208073
UNITDSPR,20260910,1405.2,1416.1,1391.4,1400.0,432902
UNITECH,20260910,3.92,4.31,3.92,4.22,17405158
UNITEDPOLY,20260910,43.0,44.0,42.3,43.07,88234
UNITEDTEA,20260910,439.9,444.75,435.0,435.8,5789
UNIVASTU,20260910,159.0,163.99,158.0,160.3,41455
UNIVCABLES,20260910,1545.5,1577.2,1522.8,1556.9,65126
UNIVPHOTO,20260910,580.0,580.0,540.05,540.5,1614
UNOMINDA,20260910,1239.4,1241.0,1218.2,1224.8,474437
UPHOT,20260910,1360.0,1450.0,1360.0,1428.0,259
UPL,20260910,578.0,578.6,572.5,575.3,1242223
URAVIDEF,20260910,115.0,115.0,113.0,115.0,3263
URBANCO,20260910,171.5,173.0,163.6,164.56,6694497
URJA,20260910,9.1,9.14,8.99,9.0,505944
USHAMART,20260910,495.0,497.4,490.25,495.75,781944
USK,20260910,21.49,21.49,20.42,20.56,32729
UTIAMC,20260910,894.0,923.0,890.0,921.45,208731
UTKARSHBNK,20260910,15.75,15.9,14.01,14.8,53894436
UTLSOLAR,20260910,454.65,458.25,437.0,441.25,198307
UTTAMSUGAR,20260910,285.6,287.0,278.2,282.4,179791
UYFINCORP,20260910,19.75,19.9,19.17,19.31,27889
V2RETAIL,20260910,219.0,220.5,217.11,218.13,528322
VADILALIND,20260910,7436.5,7521.0,7161.0,7256.5,18654
VADILENT,20260910,10400.0,10401.0,10400.0,10400.0,105
VAIBHAVGBL,20260910,213.5,221.79,213.0,215.96,257975
VAISHALI,20260910,8.3,8.69,8.01,8.57,204884
VAKRANGEE,20260910,5.5,5.55,5.4,5.47,939918
VAL30IETF,20260910,15.04,15.14,15.02,15.06,110430
VALIANTLAB,20260910,123.2,125.82,121.0,124.8,286847
VALIANTORG,20260910,376.0,377.45,345.0,377.45,228476
VALUE,20260910,16.08,16.13,16.0,16.04,15691
VALUEAXIS,20260910,32.73,32.86,32.16,32.54,122454
VAML,20260910,445.8,449.6,436.1,437.05,4113436
VARDHACRLC,20260910,44.9,44.9,44.0,44.25,22140
VARDMNPOLY,20260910,6.03,6.06,5.91,5.94,130934
VARROC,20260910,842.35,889.95,842.35,884.4,1468228
VASCONEQ,20260910,29.68,30.33,29.65,30.15,225491
VASUPRADA,20260910,103.0,103.0,103.0,103.0,51
VASWANI,20260910,46.52,47.21,46.0,46.41,33025
VBL,20260910,409.0,415.5,405.35,410.5,7713560
VCL,20260910,1.73,1.73,1.71,1.73,439007
VEDAVAAG,20260910,18.7,22.21,18.51,22.21,526243
VEDL,20260910,273.75,275.1,268.8,269.05,4834991
VEDPOWER,20260910,34.39,34.5,33.81,33.96,10913217
VEEDOL,20260910,1442.4,1455.0,1432.5,1437.7,5202
VELJAN,20260910,1885.2,1923.0,1850.0,1919.4,570
VENKEYS,20260910,1690.0,1740.0,1682.1,1706.7,83868
VENTIVE,20260910,558.3,573.95,558.3,569.8,49112
VENUSPIPES,20260910,1931.8,1992.2,1909.6,1949.1,171606
VENUSREM,20260910,1671.8,1674.6,1618.0,1624.2,12804
VERANDA,20260910,235.49,235.59,229.65,230.51,90890
VERTOZ,20260910,37.8,40.65,37.8,39.42,128888
VESUVIUS,20260910,421.0,424.95,413.2,416.1,123836
VETO,20260910,124.64,129.0,124.63,127.15,23869
VGCL,20260910,50.31,50.5,48.27,49.42,4211
VGL,20260910,56.7,58.31,54.5,57.78,279228
VGUARD,20260910,327.9,331.7,324.3,328.75,389120
VHL,20260910,3470.9,3549.9,3404.5,3443.0,512
VHLTD,20260910,119.45,120.75,117.04,119.52,18365
VIDHIING,20260910,347.45,349.9,338.1,338.9,17805
VIDYAWIRES,20260910,90.33,91.5,89.31,90.21,700002
VIJAYA,20260910,1495.0,1516.8,1494.7,1498.8,87796
VIJIFIN,20260910,15.93,15.93,15.93,15.93,307383
VIJSOLX,20260910,642.5,652.0,611.0,625.9,1932
VIKASECO,20260910,1.06,1.08,1.04,1.05,3504047
VIKASLIFE,20260910,1.25,1.26,1.22,1.23,1778465
VIKRAMSOLR,20260910,167.38,168.3,165.1,165.61,960872
VIKRAN,20260910,58.2,59.1,57.5,57.64,769420
VIMTALABS,20260910,625.1,641.25,625.1,634.95,104764
VINATIORGA,20260910,1330.0,1337.6,1308.0,1312.4,42615
VINCOFE,20260910,179.0,183.0,176.18,176.93,3362417
VINDHYATEL,20260910,2930.0,2948.6,2800.1,2818.3,61035
VINEETLAB,20260910,37.14,37.65,35.5,35.79,61159
VINNY,20260910,1.02,1.02,1.0,1.0,323408
VINYLINDIA,20260910,222.9,225.89,220.11,221.63,4739
VIPCLOTHNG,20260910,21.86,22.43,20.65,21.26,103793
VIPIND,20260910,305.2,307.85,300.3,301.55,348354
VIPULLTD,20260910,13.23,13.23,13.23,13.23,10800
VIRAT,20260910,432.35,460.35,432.35,450.35,13675
VIRINCHI,20260910,14.15,14.25,14.02,14.16,55005
VIRTUALG,20260910,0.43,0.45,0.43,0.43,118138
VISACHROME,20260910,35.74,36.32,34.55,34.9,26010
VISAKAIND,20260910,91.2,94.8,91.2,91.91,216486
VISHAL,20260910,18.57,18.57,17.81,18.17,58458
VISHNU,20260910,709.7,731.0,709.7,723.8,82846
VISHWARAJ,20260910,5.75,5.79,5.61,5.62,346180
VISL,20260910,33.4,33.88,33.21,33.37,11464492
VITAL,20260910,56.99,57.99,52.69,55.96,24027
VIVIANA,20260910,762.4,795.0,758.0,769.15,24002
VIVIDHA,20260910,0.51,0.53,0.51,0.51,134051
VIVIMEDLAB,20260910,6.39,6.39,6.15,6.15,31613
VIVOBIOT,20260910,18.82,18.82,16.75,16.99,112181
VIYASH,20260910,261.0,263.4,255.45,260.45,3107823
VLEGOV,20260910,10.32,10.56,9.83,9.87,229029
VLSFINANCE,20260910,245.22,248.4,243.61,244.68,7585
VMART,20260910,805.0,825.0,800.1,817.8,60366
VMM,20260910,103.15,103.4,102.51,103.4,4752690
VMSTMT,20260910,44.03,44.45,44.0,44.09,9836
VOEPL,20260910,550.0,555.75,528.2,531.85,76519
VOGL,20260910,36.46,37.19,36.25,36.37,23606914
VOITHPAPR,20260910,1499.0,1499.0,1453.0,1484.7,453
VOLTAMP,20260910,11110.0,11179.0,10872.0,10924.0,19205
VOLTAS,20260910,1142.5,1158.9,1131.4,1158.5,517423
VPRPL,20260910,35.0,39.0,34.7,37.12,2532059
VRAJ,20260910,125.43,129.0,122.06,126.31,20881
VRLLOG,20260910,287.95,290.45,284.1,288.8,155343
VSSL,20260910,365.6,423.85,363.0,392.0,8306199
VSTIND,20260910,208.59,208.77,205.7,206.46,96791
VSTL,20260910,123.5,124.9,120.0,120.17,5743
VSTTILLERS,20260910,4076.9,4120.3,4062.1,4081.3,5896
VTL,20260910,580.1,587.6,572.35,575.6,287496
VTMLTD,20260910,55.65,56.68,50.8,52.72,43596
WAAREEENER,20260910,2570.0,2591.0,2530.8,2548.0,629037
WAAREEINDO,20260910,261.0,262.95,257.5,258.25,59046
WAAREERTL,20260910,830.2,841.65,830.0,833.85,94942
WABAG,20260910,2134.9,2224.3,2116.8,2211.8,1260627
WAKEFIT,20260910,153.82,155.43,151.84,152.44,510817
WALCHANNAG,20260910,212.0,214.99,207.41,208.92,264577
WANBURY,20260910,244.35,249.7,240.4,241.45,60101
WARDINMOBI,20260910,5.73,5.93,5.73,5.78,382818
WATERBASE,20260910,47.17,48.05,46.51,46.55,7837
WCIL,20260910,85.49,86.99,83.91,84.42,102129
WEALTH,20260910,839.9,853.0,823.9,839.3,1604
WEBELSOLAR,20260910,78.99,79.35,75.1,75.39,1982685
WEIZMANIND,20260910,74.0,74.0,71.0,71.57,1984
WEL,20260910,74.5,76.49,73.28,74.2,1202294
WELCORP,20260910,2614.0,2784.8,2606.5,2776.9,4261554
WELENT,20260910,790.0,802.0,780.1,797.95,305587
WELINV,20260910,2292.3,2345.0,2292.3,2345.0,278
WELSPLSOL,20260910,57.29,57.61,55.88,56.42,451059
WELSPUNLIV,20260910,210.28,213.2,208.49,210.5,1879096
WENDT,20260910,8284.0,8939.0,8225.0,8669.5,98896
WESTLIFE,20260910,561.5,567.85,552.05,561.95,29578
WEWIN,20260910,42.05,43.2,42.05,42.99,1324
WEWORK,20260910,672.05,686.0,667.6,676.95,114321
WHBRADY,20260910,484.0,488.0,480.0,480.5,14
WHEELS,20260910,2470.0,2498.0,2176.0,2313.0,2648322
WHIRLPOOL,20260910,795.15,800.75,788.75,795.65,113037
WILLAMAGOR,20260910,25.0,25.0,23.58,24.49,6072
WINDLAS,20260910,1140.0,1157.0,1125.05,1129.4,57449
WINDMACHIN,20260910,301.7,305.0,296.6,298.9,31335
WIPL,20260910,169.2,169.5,163.0,164.55,4170
WIPRO,20260910,167.9,169.19,166.0,166.3,9586645
WOCKPHARMA,20260910,2250.0,2267.0,2197.0,2220.6,693525
WONDERLA,20260910,519.0,521.45,517.15,519.05,17917
WORTHPERI,20260910,151.32,151.32,148.05,149.96,6840
WPIL,20260910,429.45,445.0,425.05,444.2,144403
WSI,20260910,60.47,60.47,57.61,58.83,29567
WSTCSTPAPR,20260910,668.6,714.8,667.1,710.1,528781
XCHANGING,20260910,64.0,64.23,62.96,63.62,69094
XELPMOC,20260910,77.5,78.5,74.0,76.21,17649
XPROINDIA,20260910,1311.8,1311.8,1251.0,1265.5,53097
XTGLOBAL,20260910,31.4,31.4,30.0,30.04,30411
XTRANET,20260910,294.11,304.8,278.3,285.59,4898567
YASHO,20260910,3988.9,4049.5,3938.9,3960.0,26451
YATHARTH,20260910,989.7,1005.7,970.5,977.2,249886
YATRA,20260910,115.25,116.7,113.56,113.98,790965
YESBANK,20260910,22.4,22.48,22.24,22.3,47990386
YOGI,20260910,169.0,169.0,155.0,155.37,180
YUKEN,20260910,1079.7,1134.7,1061.3,1085.7,120552
ZAGGLE,20260910,176.76,185.85,176.13,183.93,2600981
ZEEL,20260910,84.4,85.1,80.26,80.95,22803793
ZEELEARN,20260910,6.71,6.81,6.4,6.48,234207
ZEEMEDIA,20260910,7.64,7.81,7.64,7.67,1117559
ZENITHEXPO,20260910,204.98,204.98,204.98,204.98,7
ZENITHSTL,20260910,6.45,6.45,5.6,5.99,144436
ZENSARTECH,20260910,437.0,439.4,426.45,427.4,865424
ZENTEC,20260910,1769.8,1771.9,1745.6,1749.9,238930
ZFCVINDIA,20260910,2468.9,2534.9,2448.0,2528.4,81482
ZFSTEERING,20260910,683.0,794.95,681.2,743.4,96970
ZIMLAB,20260910,133.35,144.49,133.35,136.43,458670
ZODIAC,20260910,232.3,235.0,230.0,230.88,6529
ZODIACLOTH,20260910,71.75,71.99,68.0,70.42,8772
ZOTA,20260910,1115.0,1118.8,1081.9,1099.5,37277
ZSARACOM,20260910,11277.0,11277.0,10590.0,11190.0,26
ZUARI,20260910,224.0,226.59,221.5,223.04,37607
ZUARIIND,20260910,273.4,276.4,270.8,271.5,33644
ZYDUSLIFE,20260910,1130.0,1136.3,1108.1,1117.8,937267
ZYDUSWELL,20260910,554.95,571.65,554.95,566.3,368281
