SYMBOL,TIMESTAMP,OPEN,HIGH,LOW,CLOSE,VOLUME
20MICRONS,20260911,211.75,211.75,204.01,207.86,163867
21STCENMGM,20260911,38.97,38.97,38.25,38.39,528
360ONE,20260911,1089.7,1098.3,1065.6,1091.0,835305
3BBLACKBIO,20260911,1442.0,1448.3,1389.0,1419.9,19596
3IINFOLTD,20260911,22.37,22.97,21.78,22.85,374143
3MINDIA,20260911,32410.0,32865.0,32400.0,32710.0,1598
3PLAND,20260911,32.0,32.0,28.51,31.24,18145
5PAISA,20260911,330.0,331.8,322.35,326.55,38072
63MOONS,20260911,880.0,945.0,861.3,908.9,1336886
A2ZINFRA,20260911,15.09,15.35,14.81,15.33,74902
AAATECH,20260911,92.92,92.92,91.05,91.88,7375
AADHARHFC,20260911,460.5,460.75,452.0,456.8,197994
AAKASH,20260911,9.15,9.4,9.04,9.1,134797
AAREYDRUGS,20260911,95.71,100.3,94.92,98.89,369808
AARNAV,20260911,29.78,30.87,29.75,30.56,10028
AARON,20260911,137.0,137.0,121.16,126.94,34810
AARTECH,20260911,52.0,52.5,50.55,51.99,23362
AARTIDRUGS,20260911,437.0,444.0,426.15,428.5,173089
AARTIIND,20260911,503.0,503.0,490.05,492.7,592348
AARTIPHARM,20260911,814.0,833.0,814.0,826.95,268696
AARTISURF,20260911,495.0,515.0,488.15,506.65,32083
AARVI,20260911,142.0,143.11,140.7,141.85,12981
AASTHA,20260911,79.34,79.34,77.0,78.43,179977
AAVAS,20260911,1282.3,1284.9,1256.6,1275.1,59394
ABAN,20260911,14.43,14.43,14.15,14.39,6767
ABANSENT,20260911,27.91,28.37,27.43,28.09,7373
ABB,20260911,7294.0,7324.0,7173.0,7274.0,192422
ABBOTINDIA,20260911,25260.0,25635.0,25135.0,25550.0,9615
ABCAPITAL,20260911,395.0,396.2,391.0,395.0,1630117
ABCOTS,20260911,211.0,211.0,201.6,203.06,1253
ABDL,20260911,601.0,636.9,599.0,632.5,563681
ABFRL,20260911,50.5,50.65,49.4,50.44,4118000
ABGSEC,20260911,113.96,113.96,113.96,113.96,4
ABINFRA,20260911,11.5,11.5,11.11,11.34,96146
ABLBL,20260911,83.56,83.94,82.6,83.61,401584
ABMINTLLTD,20260911,52.5,52.5,52.5,52.5,259
ABMKNO,20260911,181.35,185.0,180.0,181.45,1407
ABREL,20260911,1315.1,1315.2,1276.0,1281.6,346175
ABSL10BANK,20260911,167.0,170.8,163.16,167.34,1397
ABSLAMC,20260911,1086.0,1116.9,1067.1,1109.9,578949
ABSLBANETF,20260911,57.34,58.1,57.23,58.01,69129
ABSLLIQUID,20260911,999.99,1000.01,999.99,1000.0,14903
ABSLMSCIN,20260911,29.02,29.09,28.75,28.9,148
ABSLNN50ET,20260911,78.0,78.61,75.22,76.15,18690
ABSLPSE,20260911,10.1,10.14,10.0,10.11,127603
ACC,20260911,1251.4,1251.7,1230.6,1246.5,111729
ACCELYA,20260911,1118.1,1120.9,1111.1,1118.4,5762
ACCURACY,20260911,4.06,4.24,4.06,4.19,22964
ACE,20260911,1110.0,1134.0,1086.1,1129.0,299344
ACEINTEG,20260911,18.47,18.47,17.16,17.62,843
ACGL,20260911,1702.0,1961.9,1702.0,1785.7,2316
ACI,20260911,480.55,481.0,461.6,470.45,306609
ACL,20260911,42.75,42.94,41.5,42.7,32848
ACMESOLAR,20260911,390.05,407.9,389.6,402.3,1235415
ACSTECH,20260911,57.1,59.95,56.5,58.29,220997
ACUTAAS,20260911,3488.0,3488.0,3350.0,3383.7,325242
ADANIENSOL,20260911,1375.0,1382.0,1364.2,1373.0,1154404
ADANIENT,20260911,3040.0,3065.0,2999.0,3060.0,1815342
ADANIGREEN,20260911,1292.6,1302.4,1273.2,1281.3,997068
ADANIPORTS,20260911,1755.0,1771.9,1750.8,1764.6,1674823
ADANIPOWER,20260911,212.0,212.48,208.41,209.97,10271412
ADDIND,20260911,80.0,80.0,74.5,77.48,1712
ADFFOODS,20260911,270.65,271.65,267.15,269.55,66092
ADL,20260911,72.02,73.4,70.4,71.54,966
ADOR,20260911,1633.9,1633.9,1579.4,1603.7,30109
ADROITINFO,20260911,11.23,11.3,10.66,11.02,20102
ADSL,20260911,98.38,101.0,97.05,100.21,98156
ADVAIT,20260911,2026.0,2086.7,2014.4,2065.0,34152
ADVANCE,20260911,119.03,119.03,116.62,117.85,65560
ADVANIHOTR,20260911,48.99,50.0,48.0,49.18,16431
ADVENTHTL,20260911,132.0,132.0,127.0,128.56,108834
ADVENZYMES,20260911,303.35,303.35,292.0,293.4,216076
ADVIKCA,20260911,1.05,1.05,0.91,1.02,603812
AEGISLOG,20260911,1311.1,1364.6,1287.7,1353.6,1216825
AEGISVOPAK,20260911,289.6,298.4,281.3,295.1,1776446
AEPL,20260911,18.48,18.48,17.0,17.21,27690
AEQUS,20260911,228.1,228.9,222.11,225.97,2450720
AEROENTER,20260911,133.6,139.0,130.54,137.09,981278
AEROFLEX,20260911,560.0,569.5,545.25,563.95,1042637
AERONEU,20260911,69.5,72.76,68.35,68.76,81254
AEROPLANE,20260911,206.98,207.5,196.56,205.13,4850211
AETHER,20260911,1629.9,1691.5,1600.1,1674.7,352268
AFCONS,20260911,262.3,263.75,249.0,253.8,1849652
AFFLE,20260911,1583.1,1586.2,1558.5,1567.6,89489
AFFORDABLE,20260911,165.9,165.9,157.9,159.88,15027
AFIL,20260911,8.9,9.1,8.8,8.92,234271
AFSL,20260911,201.5,201.9,201.0,201.0,28715
AGARIND,20260911,428.8,434.5,421.0,431.75,45584
AGARWALEYE,20260911,503.0,511.85,493.25,508.4,183331
AGI,20260911,778.0,778.0,756.0,762.65,80322
AGIIL,20260911,275.0,275.2,271.0,272.95,223061
AGL,20260911,15.32,15.69,15.0,15.13,3154038
AGRITECH,20260911,100.72,100.72,99.0,99.84,851
AGROPHOS,20260911,23.79,23.8,23.0,23.5,18506
AGSTRA,20260911,1.93,1.94,1.86,1.89,116502
AHCL,20260911,17.73,20.0,17.54,19.57,150749037
AHLADA,20260911,35.48,36.0,34.8,35.06,20179
AHLEAST,20260911,136.01,136.01,133.0,133.95,2151
AHLUCONT,20260911,587.0,605.9,582.65,601.0,57589
AHLWEST,20260911,503.5,505.0,499.7,505.0,165
AIAENG,20260911,4116.3,4125.9,4055.6,4096.6,18371
AIIL,20260911,508.0,558.0,503.0,544.35,5994616
AIRAN,20260911,16.62,17.36,16.5,17.13,109228
AIROLAM,20260911,87.95,87.95,83.98,84.25,1901
AJANTPHARM,20260911,3516.0,3560.0,3460.0,3533.4,45547
AJAXENGG,20260911,588.0,595.0,576.0,590.6,71818
AJMERA,20260911,116.5,118.15,114.66,116.75,411339
AJOONI,20260911,3.46,3.52,3.4,3.47,416976
AKASH,20260911,24.87,25.48,24.79,24.86,5123
AKCAPIT,20260911,1697.9,1744.9,1686.0,1708.4,887
AKG,20260911,10.72,10.75,10.13,10.61,23492
AKI,20260911,6.15,6.15,6.14,6.14,88073
AKSHAR,20260911,0.42,0.43,0.41,0.41,895612
AKSHARCHEM,20260911,390.0,428.85,388.05,423.4,18217
AKSHOPTFBR,20260911,8.55,8.85,8.36,8.78,739713
AKUMS,20260911,753.0,784.4,740.5,776.35,398725
ALANKIT,20260911,8.15,8.18,7.5,7.91,185587
ALBERTDAVD,20260911,847.65,850.45,835.5,844.35,2805
ALEMBICLTD,20260911,105.32,105.9,103.14,104.33,698680
ALFREDHE,20260911,2830.0,2979.9,2775.5,2845.0,125
ALGOQUANT,20260911,63.63,65.55,63.5,64.61,1630807
ALICON,20260911,731.4,743.85,712.4,733.4,18905
ALIVUS,20260911,1385.0,1398.1,1376.1,1386.8,74367
ALKALI,20260911,77.61,78.78,75.2,77.25,19801
ALKEM,20260911,5122.0,5128.0,5051.0,5087.5,238760
ALKYLAMINE,20260911,1920.3,1920.3,1859.1,1867.5,67897
ALLCARGO,20260911,12.2,12.31,12.0,12.16,10086572
ALLDIGI,20260911,802.7,802.7,795.15,797.3,1925
ALLTIME,20260911,209.9,225.76,200.0,221.15,431750
ALMONDZ,20260911,19.54,19.6,19.0,19.13,165677
ALOKINDS,20260911,7.4,7.41,7.25,7.36,13200683
ALPA,20260911,62.93,63.2,61.0,61.69,10634
ALPHA,20260911,54.74,54.74,53.0,54.06,1159861
ALPHAETF,20260911,26.55,26.56,26.13,26.49,253862
ALPHAGEO,20260911,315.0,318.0,302.65,310.25,7489
ALPINETEX,20260911,58.5,58.5,56.35,57.13,94740
ALPL30IETF,20260911,27.37,27.37,27.07,27.25,122468
ALUFLUOR,20260911,484.05,499.0,484.05,487.4,8607
AMAGI,20260911,571.0,586.0,562.75,578.35,380967
AMAL,20260911,748.8,751.1,730.6,738.7,8186
AMANTA,20260911,197.75,197.75,197.75,197.75,19137
AMARJOTHI,20260911,151.6,154.95,148.01,150.14,4782
AMBALALSA,20260911,41.1,41.79,39.68,40.33,56923
AMBER,20260911,7261.0,7261.0,7125.5,7245.0,111991
AMBICAAGAR,20260911,25.5,26.29,24.75,24.99,21404
AMBIKCO,20260911,1606.0,1614.9,1588.6,1593.1,15561
AMBUJACEM,20260911,393.0,393.55,387.65,391.85,1311052
AMDIND,20260911,56.32,65.2,55.51,64.03,484603
AMJLAND,20260911,38.99,39.0,37.4,38.56,8003
AMNPLST,20260911,169.95,169.95,164.0,165.26,1476
AMRUTANJAN,20260911,492.0,498.0,485.05,490.95,73521
ANANDRATHI,20260911,2180.1,2219.0,2180.1,2211.0,175283
ANANTRAJ,20260911,602.0,604.45,585.05,598.35,2041960
ANDHRAPAP,20260911,72.5,73.95,70.84,73.36,1705341
ANDHRSUGAR,20260911,96.5,97.39,93.97,96.38,486239
ANDREWYU,20260911,27.2,27.2,25.81,26.24,64991
ANGELONE,20260911,295.0,307.4,289.05,305.0,5942668
ANIKINDS,20260911,46.0,46.0,43.11,44.66,1140
ANKITMETAL,20260911,1.62,1.62,1.6,1.61,7730
ANMOL,20260911,15.0,16.87,15.0,16.87,1521669
ANNAPURNA,20260911,135.72,138.9,132.21,137.95,32222
ANNU,20260911,59.09,59.7,58.35,58.35,291772
ANSALAPI,20260911,3.39,3.44,3.33,3.34,18247
ANSALBU,20260911,81.7,82.51,81.0,82.0,276
ANTELOPUS,20260911,1118.0,1200.0,1114.15,1139.35,4164751
ANTGRAPHIC,20260911,0.74,0.77,0.72,0.75,305036
ANTHEM,20260911,938.1,952.0,932.7,940.9,844305
ANUHPHR,20260911,91.2,95.88,90.79,94.86,222204
ANUP,20260911,1703.6,1708.0,1650.0,1664.3,34067
ANURAS,20260911,1232.5,1232.6,1205.0,1219.4,418693
AONEGOLD,20260911,14.19,14.21,13.97,14.15,480448
AONELIQUID,20260911,1076.74,1076.76,1076.72,1076.74,8190
AONENIFTY,20260911,9.92,9.92,9.59,9.71,209232
AONESILVER,20260911,8.82,8.82,8.55,8.7,630579
AONETMMQ50,20260911,10.58,10.58,10.2,10.34,28404
AONETOTAL,20260911,11.95,11.95,10.74,11.7,418828
APARINDS,20260911,17200.0,17558.0,16686.0,17500.0,169196
APCL,20260911,100.0,100.0,97.5,98.16,3681
APCOTEXIND,20260911,603.8,604.55,590.0,601.15,92249
APEX,20260911,370.5,371.95,366.25,368.5,64885
APLAPOLLO,20260911,2176.2,2176.2,2109.8,2153.5,591497
APLLTD,20260911,806.0,822.0,799.2,810.95,118504
APOLLO,20260911,411.0,423.5,409.55,422.25,7751875
APOLLOHOSP,20260911,8806.0,8950.0,8806.0,8836.0,207930
APOLLOPIPE,20260911,569.35,569.35,550.0,554.9,328830
APOLLOTYRE,20260911,413.95,419.45,410.0,417.65,260936
APOLSINHOT,20260911,1208.3,1237.7,1181.0,1226.7,1813
APOORVA,20260911,26.58,27.88,26.43,27.63,135
APTECHT,20260911,87.0,89.0,85.68,88.2,39120
APTUS,20260911,250.02,251.2,245.5,249.11,1138103
AQYLON,20260911,21.8,22.34,20.89,21.24,515179
ARCHIDPLY,20260911,100.5,102.99,98.16,101.96,21936
ARCHIES,20260911,12.52,12.65,12.06,12.19,47987
ARCL,20260911,240.0,249.9,235.0,249.9,3115
ARDEE,20260911,52.0,52.5,50.48,50.91,4081585
ARE&M,20260911,815.2,816.4,803.75,813.9,385804
ARENTERP,20260911,33.4,33.4,32.6,33.34,517
ARFIN,20260911,88.0,88.61,85.14,85.98,791089
ARIES,20260911,462.0,485.0,445.2,475.6,24528
ARIHANT,20260911,899.35,899.4,885.0,887.75,3002
ARIHANTCAP,20260911,76.0,79.44,74.52,79.0,273519
ARIHANTSUP,20260911,222.4,222.4,215.0,218.45,2989
ARIS,20260911,126.06,127.0,122.0,125.46,1150625
ARKADE,20260911,123.24,123.85,120.0,122.03,241772
ARMANFIN,20260911,2000.6,2024.0,1960.5,2011.3,13661
AROGRANITE,20260911,23.6,24.82,23.0,23.38,13819
ARROWGREEN,20260911,782.0,818.95,780.0,813.0,19342
ARSHIYA,20260911,0.75,0.77,0.71,0.76,530220
ARSSBL,20260911,500.1,501.0,488.0,490.25,176505
ARTEMISMED,20260911,348.55,351.8,339.7,344.9,347172
ARTNIRMAN,20260911,40.06,40.06,38.0,39.92,2071
ARVEE,20260911,195.0,195.0,176.5,180.69,7318
ARVIND,20260911,564.0,579.7,552.3,575.1,470791
ARVINDFASN,20260911,450.0,453.95,441.7,446.5,629613
ARVSMART,20260911,595.45,602.9,585.15,598.05,60418
ARYAMAN,20260911,635.0,635.0,615.0,635.0,112
ASAHIINDIA,20260911,976.0,992.5,963.6,985.8,205299
ASAHISONG,20260911,365.55,370.0,356.9,363.95,22015
ASAL,20260911,465.5,465.5,458.5,462.4,6191
ASALCBR,20260911,694.0,694.0,675.0,676.7,47216
ASHAPURMIN,20260911,538.05,549.0,528.3,542.9,332067
ASHIANA,20260911,346.0,349.75,340.0,346.75,26317
ASHIKAG,20260911,411.3,424.0,399.0,415.45,36235
ASHIMASYN,20260911,17.0,17.0,16.36,16.61,88813
ASHOKA,20260911,112.0,114.24,111.15,113.86,682933
ASHOKAMET,20260911,14.54,17.2,14.01,17.2,1455188
ASHOKLEY,20260911,163.8,165.04,160.0,163.75,19044403
ASIANENE,20260911,530.0,553.55,523.5,535.1,492430
ASIANHOTNR,20260911,384.6,404.0,370.1,378.8,26340
ASIANPAINT,20260911,2453.2,2472.5,2442.8,2472.5,653006
ASIANTILES,20260911,50.3,50.95,48.77,50.34,5492697
ASIANTNE,20260911,9.46,9.85,9.22,9.25,1124
ASKAUTOLTD,20260911,621.7,632.85,612.05,624.55,129770
ASMS,20260911,6.89,6.98,6.66,6.88,141116
ASPINWALL,20260911,250.15,265.9,239.2,260.5,4219
ASTAR,20260911,595.0,595.0,565.0,583.0,172
ASTEC,20260911,716.0,722.4,694.0,699.8,83837
ASTERDM,20260911,761.0,770.9,757.55,763.05,600395
ASTRAL,20260911,1452.0,1456.0,1402.5,1411.4,872167
ASTRAMICRO,20260911,1691.9,1695.0,1656.1,1680.6,200377
ASTRAZEN,20260911,6880.0,6880.0,6750.0,6764.5,3314
ASTRON,20260911,3.0,3.06,2.9,2.94,15823
ATALREAL,20260911,13.75,13.75,13.75,13.75,370055
ATAM,20260911,54.45,56.11,53.01,55.38,7175
ATGL,20260911,599.5,601.45,592.5,594.8,437058
ATHERENERG,20260911,1657.0,1673.5,1615.5,1656.0,4881695
ATL,20260911,24.2,25.7,24.2,25.18,242102
ATLANTAA,20260911,37.97,37.97,36.26,37.22,29600
ATLANTAELE,20260911,1798.0,1798.0,1759.0,1777.8,69995
ATLASCYCLE,20260911,97.43,99.05,94.65,95.71,26962
ATUL,20260911,6327.0,6327.0,6156.5,6244.5,33362
ATULAUTO,20260911,448.95,449.8,439.85,445.6,59361
AUBANK,20260911,1052.0,1061.2,1033.2,1058.9,1058773
AUGMONT,20260911,915.0,915.0,873.7,886.15,1169259
AURIONPRO,20260911,670.0,689.5,665.05,680.85,163921
AUROPHARMA,20260911,1666.7,1681.4,1655.5,1679.8,494251
AURUM,20260911,218.4,226.16,218.4,224.02,74800
AURUS,20260911,4.8,4.92,4.68,4.89,14697
AUSOMENT,20260911,152.0,155.0,146.0,152.59,7199
AUSTENG,20260911,127.04,137.0,124.2,135.29,6029
AUTOAXLES,20260911,1652.2,1690.0,1650.0,1678.0,4539
AUTOBEES,20260911,284.11,284.11,280.36,282.87,170286
AUTOIETF,20260911,28.55,29.41,28.12,28.58,608290
AUTOIND,20260911,84.0,84.94,80.99,82.83,152032
AVADHSUGAR,20260911,788.95,812.0,763.3,769.6,185275
AVALON,20260911,2225.0,2299.8,2188.4,2264.5,334741
AVANCE,20260911,0.83,0.83,0.81,0.81,3112294
AVANTEL,20260911,157.77,157.77,154.96,156.46,782263
AVANTIFEED,20260911,809.55,809.55,795.7,798.6,207665
AVG,20260911,183.0,185.0,175.0,176.41,11880
AVL,20260911,600.0,620.0,593.8,616.45,243754
AVONMORE,20260911,14.2,14.6,13.85,14.0,258430
AVROIND,20260911,8.4,8.43,7.72,7.81,891730
AVTNPL,20260911,90.48,90.98,87.71,90.13,180833
AWFIS,20260911,248.5,299.45,244.1,293.2,23945553
AWHCL,20260911,370.05,372.3,360.0,366.5,85509
AWL,20260911,185.3,185.94,181.0,185.02,1727993
AXISBANK,20260911,1237.9,1252.8,1229.8,1246.0,4562285
AXISCADES,20260911,1864.2,1866.7,1815.0,1831.8,131542
AXITA,20260911,8.04,8.06,7.98,7.98,1291259
AXTEL,20260911,425.5,448.0,413.0,440.2,20070
AYE,20260911,176.95,180.6,172.45,179.46,606572
AYMSYNTEX,20260911,294.9,294.9,280.5,281.65,93298
AZAD,20260911,2744.0,2864.0,2677.8,2849.1,454037
AZADIND,20260911,88.53,88.78,83.25,87.13,33984
BAFNAPH,20260911,301.45,301.45,301.45,301.45,11743
BAGFILMS,20260911,4.53,4.66,4.32,4.44,136648
BAIDFIN,20260911,11.74,12.16,11.25,11.88,152112
BAJAJ-AUTO,20260911,11624.0,11723.0,11529.0,11678.0,214731
BAJAJCON,20260911,520.9,523.15,507.25,520.5,901856
BAJAJELEC,20260911,335.0,338.5,327.8,335.3,102318
BAJAJFINSV,20260911,1912.1,1926.0,1895.0,1913.5,762375
BAJAJHCARE,20260911,332.0,338.4,325.0,334.05,131431
BAJAJHFL,20260911,83.6,85.51,82.9,84.11,5140262
BAJAJHIND,20260911,21.35,21.46,20.8,20.94,24595964
BAJAJHLDNG,20260911,10990.0,11146.0,10922.0,11134.0,49910
BAJAJINDEF,20260911,222.9,237.0,219.61,228.57,44398
BAJAJST,20260911,365.05,370.45,357.1,365.65,9972
BAJEL,20260911,177.61,181.25,175.0,179.89,136248
BAJFINANCE,20260911,1031.0,1035.0,1015.1,1034.5,5411299
BALAJEE,20260911,25.52,25.67,24.36,25.14,53682
BALAJITELE,20260911,91.66,91.89,89.21,90.63,168159
BALAMINES,20260911,2329.8,2329.8,2245.6,2276.5,175673
BALAXI,20260911,23.4,24.69,22.75,23.39,39705
BALKRISHNA,20260911,16.59,16.59,15.9,16.1,12742
BALKRISIND,20260911,2180.2,2190.1,2156.4,2164.6,177906
BALMLAWRIE,20260911,170.21,170.25,167.41,168.72,170327
BALPHARMA,20260911,105.6,114.95,104.13,107.42,316936
BALRAMCHIN,20260911,697.4,709.0,687.0,691.4,1301177
BALUFORGE,20260911,534.0,536.9,523.3,533.4,532783
BANARBEADS,20260911,113.65,113.65,107.0,107.56,1907
BANARISUG,20260911,3588.0,3588.0,3475.0,3517.6,1867
BANCOINDIA,20260911,619.05,619.05,607.0,615.0,105218
BANDHANBNK,20260911,171.75,178.54,170.85,176.52,25334991
BANG,20260911,34.9,35.9,33.49,35.12,316170
BANK10ADD,20260911,16.34,16.73,16.34,16.65,36319
BANK10BETF,20260911,20.28,20.46,20.13,20.21,31320
BANKA,20260911,77.75,81.82,77.75,81.78,3172
BANKADD,20260911,57.57,58.35,57.07,58.09,4145
BANKBARODA,20260911,235.35,238.13,234.3,238.13,7018275
BANKBEES,20260911,583.13,587.5,578.23,586.35,931482
BANKBETA,20260911,58.02,58.86,57.69,58.63,235689
BANKBETF,20260911,57.05,57.77,56.61,57.61,1195831
BANKETF,20260911,571.81,578.6,568.58,577.62,21995
BANKIETF,20260911,57.79,58.21,57.29,58.14,2702304
BANKINDIA,20260911,140.0,140.1,137.26,140.0,4385344
BANKNIFTY1,20260911,58.34,58.82,57.94,58.7,5309458
BANKPSU,20260911,84.0,84.44,83.72,84.34,7528
BANSALWIRE,20260911,309.95,311.0,305.1,309.35,36627
BANSWRAS,20260911,113.06,113.9,110.66,112.84,13011
BASF,20260911,3663.4,3682.8,3585.6,3661.5,18224
BASML,20260911,24.5,25.0,24.25,24.6,14633
BATAINDIA,20260911,652.0,652.55,643.0,648.65,105041
BATLIBOI,20260911,84.89,86.0,84.5,85.91,25049
BAYERCROP,20260911,3952.0,3990.0,3926.6,3974.1,19851
BBETF0432,20260911,1347.92,1353.59,1344.23,1350.41,2657
BBL,20260911,2215.3,2269.2,2189.0,2246.5,18662
BBNPNBETF,20260911,56.67,56.88,56.24,56.66,328
BBNPPGOLD,20260911,147.6,147.6,145.6,146.2,7331
BBOX,20260911,741.0,808.4,740.0,800.8,1663788
BBTC,20260911,1426.0,1434.6,1405.3,1423.5,31609
BBTCL,20260911,231.0,233.99,226.76,227.51,5488
BCG,20260911,10.08,10.26,9.83,9.99,8199526
BCLIND,20260911,34.94,35.06,34.01,34.18,573427
BCONCEPTS,20260911,159.0,159.0,150.3,156.56,8986
BCPL,20260911,71.9,71.9,69.26,70.01,13097
BDL,20260911,1185.0,1192.0,1165.0,1190.0,974802
BEARDSELL,20260911,24.21,24.87,24.21,24.67,11804
BECTORFOOD,20260911,244.8,245.7,236.51,242.5,903250
BEDMUTHA,20260911,105.1,107.8,103.0,103.94,8678
BEEKAY,20260911,430.3,446.5,417.0,425.6,25298
BEL,20260911,402.6,405.4,399.25,404.35,7805974
BELLACASA,20260911,265.0,265.66,252.0,256.52,15318
BELRISE,20260911,227.5,229.69,225.36,228.0,1312518
BEML,20260911,2019.0,2044.0,1982.2,2023.4,230934
BENARAS,20260911,10897.0,11100.0,10796.0,11085.0,467
BENGALASM,20260911,6107.5,6300.0,6105.0,6265.0,186
BEPL,20260911,129.0,129.76,126.26,128.08,1126927
BERGEPAINT,20260911,460.75,465.75,457.0,458.05,283827
BESTAGRO,20260911,19.14,19.35,18.63,19.05,493330
BETA,20260911,2070.0,2147.8,2013.8,2118.5,18068
BFINVEST,20260911,448.6,453.9,440.55,448.3,19703
BFSI,20260911,26.36,26.6,26.15,26.52,2829147
BFUTILITIE,20260911,541.95,567.0,528.9,548.9,275682
BGRENERGY,20260911,238.0,245.0,231.5,232.78,116498
BHAGCHEM,20260911,257.1,261.0,254.6,258.75,21384
BHAGERIA,20260911,287.95,318.25,287.95,317.05,395692
BHAGYANGR,20260911,431.75,431.75,410.6,422.55,540725
BHANDARI,20260911,3.0,3.05,2.98,3.0,161333
BHARATCOAL,20260911,33.28,33.28,32.76,33.01,4257207
BHARATFORG,20260911,1947.8,1947.9,1908.6,1944.9,283776
BHARATGEAR,20260911,101.5,102.69,100.16,101.14,6384
BHARATRAS,20260911,1168.9,1168.9,1154.0,1157.9,11351
BHARATSE,20260911,215.0,218.59,211.2,217.47,128822
BHARATWIRE,20260911,173.2,173.89,168.5,172.48,90466
BHARTIARTL,20260911,1832.0,1852.0,1830.5,1831.1,4181325
BHARTIHEXA,20260911,1530.0,1567.4,1527.5,1545.0,139554
BHEL,20260911,427.0,433.0,418.2,431.0,6548117
BI,20260911,89.99,93.6,87.75,92.92,31238
BIGBLOC,20260911,39.61,41.1,39.61,40.79,23710
BIKAJI,20260911,566.0,566.0,547.3,548.25,142922
BIL,20260911,1097.0,1097.0,1030.2,1073.0,17520
BILVYAPAR,20260911,4.0,4.2,3.85,3.95,11058
BIMETAL,20260911,635.05,647.0,635.05,640.5,119
BIOCON,20260911,391.55,396.85,384.65,390.65,3665623
BIOFILCHEM,20260911,37.8,37.8,32.36,34.51,173376
BIRLACABLE,20260911,367.0,393.35,362.25,392.35,996485
BIRLACORPN,20260911,833.45,835.95,821.45,825.15,70252
BIRLAMONEY,20260911,122.15,123.79,118.26,121.19,53016
BIRLANU,20260911,1434.7,1465.0,1404.0,1448.4,10843
BIRLAPREC,20260911,59.0,62.0,57.0,61.43,273989
BLACKBUCK,20260911,575.0,634.4,575.0,628.15,4433382
BLACKROSE,20260911,110.9,110.9,106.21,108.14,29808
BLAL,20260911,161.91,162.01,158.0,161.47,12189
BLBLIMITED,20260911,15.98,17.3,15.6,16.13,420547
BLEL,20260911,437.95,445.05,429.0,442.15,733830
BLIL,20260911,67.79,70.09,67.79,68.44,188524
BLISSGVS,20260911,698.0,724.0,676.0,720.95,190726
BLKASHYAP,20260911,54.9,55.11,52.79,53.91,557333
BLS,20260911,233.0,233.36,228.88,231.58,804283
BLSE,20260911,314.9,316.05,307.05,312.8,356250
BLUECLOUDS,20260911,19.5,19.5,19.1,19.13,846423
BLUECOAST,20260911,20.75,22.92,20.75,22.18,477
BLUEDART,20260911,4850.0,4858.2,4812.2,4830.9,3737
BLUEJET,20260911,572.6,572.6,563.0,568.55,294503
BLUESTARCO,20260911,1500.0,1565.1,1489.0,1558.0,1336366
BLUESTONE,20260911,853.0,899.0,841.5,890.35,1308518
BLUSPRING,20260911,136.3,136.3,130.21,131.48,388095
BMWVENTLTD,20260911,54.6,54.6,53.45,54.05,32634
BNAGROCHEM,20260911,203.01,208.0,201.4,204.99,13194
BNALTD,20260911,399.9,400.95,399.9,400.6,6
BNKETFAXIS,20260911,575.86,585.25,575.67,584.36,778
BODALCHEM,20260911,159.0,174.0,157.81,172.4,7456837
BOHRAIND,20260911,12.75,14.49,12.52,13.42,17722
BOMDYEING,20260911,111.9,111.9,109.8,111.27,447712
BONLON,20260911,40.5,41.5,38.91,40.1,12737
BORANA,20260911,319.5,319.5,308.85,313.4,10383
BOROLTD,20260911,262.88,262.88,255.4,257.48,117326
BORORENEW,20260911,499.05,501.9,494.0,495.65,331461
BOROSCI,20260911,125.29,126.9,123.9,125.28,17100
BOSCH-HCIL,20260911,1678.0,1728.5,1652.2,1704.0,48942
BOSCHLTD,20260911,48480.0,48960.0,48080.0,48385.0,19898
BPCL,20260911,299.4,306.45,296.0,304.5,4137678
BPL,20260911,47.21,48.25,45.3,46.3,76466
BPLPHARMA,20260911,1558.6,1577.0,1449.8,1505.1,8418
BRAHMINFRA,20260911,158.0,158.0,155.0,157.35,12462
BRIGADE,20260911,648.8,650.4,628.2,638.65,380544
BRIGHOTEL,20260911,56.0,56.69,55.75,56.51,65944
BRIGHTBR,20260911,250.25,255.6,246.15,255.25,1377
BRITANNIA,20260911,4996.0,5012.5,4945.0,4962.0,194857
BRNL,20260911,17.0,17.0,16.06,16.73,17005
BROOKS,20260911,64.7,69.72,63.12,65.69,101530
BSE,20260911,3280.0,3394.4,3193.2,3384.0,4326473
BSE500IETF,20260911,38.84,38.86,38.38,38.78,63405
BSHSL,20260911,89.9,93.5,85.41,88.8,17879
BSL,20260911,122.06,123.28,117.2,120.39,4137
BSLGOLDETF,20260911,133.0,133.84,132.0,133.25,472915
BSLNIFTY,20260911,27.4,27.65,27.1,27.55,827639
BSLSENETFG,20260911,75.41,78.08,75.05,77.19,1931
BSOFT,20260911,280.75,284.8,274.2,281.65,4622260
BTML,20260911,7.79,7.88,7.28,7.48,663574
BTTL,20260911,42.65,42.65,42.5,42.5,188
BUILDPRO,20260911,1272.2,1274.0,1240.0,1252.5,38794
BURNPUR,20260911,16.71,16.71,16.71,16.71,9150
BUTTERFLY,20260911,609.2,610.1,579.95,586.25,36028
BVCL,20260911,43.43,43.8,41.9,42.05,26950
BYKE,20260911,31.42,31.42,31.0,31.05,13074
CALSOFT,20260911,36.8,38.74,35.21,38.74,338230
CAMLINFINE,20260911,102.57,102.65,100.89,101.68,388816
CAMPUS,20260911,212.8,215.5,210.98,214.36,196725
CAMS,20260911,708.5,713.05,694.6,711.0,1442644
CANBK,20260911,124.0,124.06,122.65,124.0,11131129
CANFINHOME,20260911,781.3,782.4,768.05,779.75,407215
CANHLIFE,20260911,150.57,153.68,145.65,151.92,603161
CANTABIL,20260911,238.8,241.58,234.6,240.21,142609
CAPACITE,20260911,193.7,195.56,190.96,191.98,455544
CAPILLARY,20260911,458.95,464.4,449.55,461.95,61095
CAPITALSFB,20260911,272.0,274.95,269.6,271.35,13631
CAPLIPOINT,20260911,2790.1,2790.1,2716.0,2754.9,103090
CAPTRUST,20260911,18.0,18.35,17.8,18.12,24777
CARBORUNIV,20260911,1091.8,1091.8,1055.1,1075.2,113965
CARERATING,20260911,1680.0,1680.2,1645.3,1650.5,49841
CARRARO,20260911,547.0,549.75,533.0,538.45,90810
CARTRADE,20260911,3005.9,3105.2,2982.1,3087.9,273739
CARYSIL,20260911,1170.2,1172.0,1145.3,1161.9,67653
CASHIETF,20260911,1079.43,1079.45,1079.43,1079.43,217314
CASTROLIND,20260911,187.8,189.0,187.05,188.03,1118348
CCAVENUE,20260911,15.35,16.4,15.0,16.29,42406012
CCCL,20260911,14.38,14.38,13.7,13.91,245082
CCHHL,20260911,12.41,12.89,12.2,12.37,19039
CCL,20260911,1086.0,1089.0,1059.1,1081.0,152869
CDSL,20260911,1343.6,1360.0,1315.5,1360.0,1040559
CEATLTD,20260911,3275.0,3294.6,3247.0,3278.5,37708
CEIGALL,20260911,376.3,383.0,369.2,380.4,266487
CEINSYS,20260911,685.0,719.0,677.55,707.0,83507
CELEBRITY,20260911,6.95,6.95,6.75,6.85,16891
CELLO,20260911,338.9,338.9,332.0,332.8,203828
CEMNTGROWW,20260911,14.44,14.53,14.02,14.37,141005
CEMPRO,20260911,1248.0,1257.8,1214.9,1244.3,288343
CENTENKA,20260911,568.5,569.45,552.3,565.4,67709
CENTEXT,20260911,22.5,23.4,22.03,22.37,704806
CENTRALBK,20260911,30.79,30.82,30.45,30.74,3617142
CENTRUM,20260911,21.75,22.99,21.7,22.34,104669
CENTUM,20260911,4214.0,4258.0,4082.5,4192.0,27427
CENTURYPLY,20260911,734.0,734.0,715.0,717.05,51749
CERA,20260911,5605.0,5643.0,5555.5,5587.5,3246
CESC,20260911,145.0,146.7,144.65,145.37,1387965
CEWATER,20260911,278.0,289.7,278.0,284.7,378859
CFEL,20260911,42.66,49.41,42.0,49.3,493522
CGCL,20260911,270.9,271.95,265.2,266.0,1958467
CGPOWER,20260911,906.85,912.5,889.0,909.0,2163164
CGVAK,20260911,150.99,150.99,144.1,145.83,1819
CHALET,20260911,865.0,884.45,856.05,877.25,133609
CHAMBLFERT,20260911,415.0,420.0,411.45,418.8,572806
CHEMBOND,20260911,222.6,225.82,211.1,217.12,15946
CHEMBONDCH,20260911,249.75,262.2,243.6,262.2,8561
CHEMCON,20260911,210.1,222.0,205.25,217.23,61940
CHEMCRUX,20260911,86.75,86.75,81.5,82.4,3233
CHEMFAB,20260911,389.45,399.0,369.75,379.35,4288
CHEMICAL,20260911,30.85,30.85,29.79,29.97,1512280
CHEMPLASTS,20260911,176.15,176.16,170.0,171.35,215773
CHENNPETRO,20260911,1660.0,1677.5,1563.1,1572.9,2916939
CHEVIOT,20260911,1190.0,1225.0,1180.1,1207.8,1164
CHOICEGOLD,20260911,148.7,151.08,148.7,150.0,4250
CHOICEIN,20260911,768.0,768.95,757.45,759.8,228484
CHOLAFIN,20260911,1834.1,1850.2,1795.1,1845.9,1505149
CHOLAHLDNG,20260911,1525.0,1539.4,1493.0,1528.6,57387
CIEINDIA,20260911,380.15,381.0,376.05,379.65,100295
CIFL,20260911,20.08,20.36,19.9,20.2,247154
CINELINE,20260911,94.0,97.18,91.15,96.31,19934
CINEVISTA,20260911,14.06,14.73,14.06,14.23,10771
CIPLA,20260911,1373.0,1373.0,1347.7,1366.0,1681155
CLEAN,20260911,848.4,851.2,825.1,842.05,371357
CLEANMAX,20260911,1395.1,1442.0,1361.7,1431.0,250397
CLEDUCATE,20260911,59.75,61.15,57.49,59.18,16667
CLSEL,20260911,299.0,299.0,294.45,296.5,41516
CMLL,20260911,467.0,480.35,460.0,474.15,290791
CMPDI,20260911,216.0,218.0,213.16,215.23,1563637
CMRGREEN,20260911,216.77,219.9,215.0,216.58,312177
CMSINFO,20260911,225.1,226.45,223.5,224.38,532465
CNL,20260911,1094.7,1139.0,1077.3,1116.9,40193
COALINDIA,20260911,432.0,434.3,424.2,426.4,3868222
COASTCORP,20260911,39.15,39.55,38.5,39.09,54723
COCHINSHIP,20260911,1510.0,1510.0,1372.0,1381.0,6390480
COCKERILL,20260911,7951.0,8259.0,7860.5,8191.0,4452
COFFEEDAY,20260911,31.8,31.82,31.1,31.67,619170
COFORGE,20260911,1807.3,1858.6,1807.3,1846.5,2687329
COHANCE,20260911,445.2,445.2,434.15,440.2,468144
COLPAL,20260911,1799.0,1799.9,1782.1,1797.4,280878
COMFINTE,20260911,6.09,6.12,5.98,6.08,101443
COMMOIETF,20260911,98.56,98.57,97.5,98.26,55954
COMPEAU,20260911,363.0,363.0,361.0,362.0,885
COMPINFO,20260911,1.13,1.13,1.05,1.1,17801
COMPUSOFT,20260911,13.1,13.29,12.85,12.9,70186
COMSYN,20260911,299.35,304.9,297.1,299.15,71613
CONCOR,20260911,500.0,503.5,494.15,499.25,556686
CONCORDBIO,20260911,1439.6,1529.0,1426.9,1505.7,372504
CONFIPET,20260911,87.79,90.5,86.95,89.22,4722048
CONS,20260911,11.8,11.9,11.74,11.84,28718
CONSOFINVT,20260911,302.4,311.4,301.4,301.5,2225
CONSUMAXIS,20260911,120.8,120.8,117.62,117.94,371
CONSUMBEES,20260911,128.2,128.22,127.06,127.96,61796
CONSUMER,20260911,11.64,12.1,11.64,11.82,248772
CONSUMIETF,20260911,119.1,119.29,118.19,119.03,10411
CONTROLPR,20260911,576.0,597.95,576.0,588.7,84948
CORALFINAC,20260911,32.21,32.99,32.05,32.16,7264
CORDELIA,20260911,109.38,114.32,107.05,112.85,3486070
CORDSCABLE,20260911,357.6,382.8,353.15,373.4,522110
COROMANDEL,20260911,1950.8,1950.8,1916.4,1929.0,100672
CORONA,20260911,2214.2,2250.8,2181.5,2236.1,140561
COSMOFIRST,20260911,878.05,884.4,858.2,874.9,51751
COUNCODOS,20260911,6.19,6.47,6.19,6.4,16149
CPCAP,20260911,136.5,138.37,130.32,135.08,31656
CPEDU,20260911,181.2,184.0,175.01,177.74,3545
CPL,20260911,66.39,66.39,64.71,64.79,117444
CPPLUS,20260911,3810.0,3900.0,3775.0,3825.5,161471
CPSEETF,20260911,94.78,95.25,93.5,93.89,2100651
CRAFTSMAN,20260911,11711.0,11831.0,11542.0,11669.0,53409
CRAMC,20260911,240.0,240.0,235.5,238.9,234612
CRAVATEX,20260911,320.0,326.3,320.0,323.95,174
CREATIVEYE,20260911,5.99,5.99,5.26,5.72,81227
CREDITACC,20260911,1382.1,1438.0,1370.8,1424.2,120902
CREST,20260911,358.2,361.45,354.0,355.25,285
CRESTO,20260911,16.1,17.25,14.35,16.91,52808
CRISIL,20260911,4711.0,4721.7,4656.3,4697.9,24019
CRIZAC,20260911,179.01,187.5,175.1,186.68,631557
CROMPTON,20260911,229.0,231.69,226.63,231.0,1077937
CROWN,20260911,113.8,116.48,112.0,112.55,2853
CRSL,20260911,2.58,2.65,2.5,2.6,325910
CSBBANK,20260911,307.5,307.75,304.0,305.7,303520
CSLFINANCE,20260911,234.54,234.54,217.12,220.98,149373
CSM,20260911,101.15,101.15,76.26,83.44,2772772
CTE,20260911,43.08,43.08,40.21,41.37,18583
CUB,20260911,225.9,231.85,223.69,227.32,1628700
CUBEXTUB,20260911,78.69,78.69,76.07,77.1,34020
CUMMINSIND,20260911,5117.0,5152.0,5020.5,5070.0,331010
CUPID,20260911,275.0,283.5,275.0,280.0,10688011
CURAA,20260911,75.88,83.97,75.41,79.61,727
CYBERMEDIA,20260911,21.26,23.2,21.26,22.69,31616
CYBERTECH,20260911,140.78,142.62,135.8,140.53,16480
CYIENT,20260911,1078.2,1087.4,1054.4,1059.4,308753
CYIENTDLM,20260911,907.05,921.3,893.3,904.4,506275
DABUR,20260911,372.35,377.0,372.1,376.0,863561
DAICHI,20260911,336.0,344.95,332.0,337.15,1241
DALBHARAT,20260911,1745.0,1755.0,1708.0,1746.6,41100
DALMIASUG,20260911,430.0,436.9,414.0,417.35,313193
DAMCAPITAL,20260911,141.0,143.0,140.32,142.43,162057
DAMODARIND,20260911,29.78,29.78,28.02,28.8,5955
DANGEE,20260911,2.82,2.82,2.71,2.75,54796
DATAMATICS,20260911,770.0,777.95,756.15,760.2,44416
DATAPATTNS,20260911,4730.0,4848.0,4655.5,4829.2,561224
DAVANGERE,20260911,1.95,2.1,1.9,2.1,36081250
DBCORP,20260911,190.03,191.94,188.1,190.79,45053
DBEIL,20260911,7.2,7.2,6.82,7.06,110846
DBL,20260911,407.45,407.45,398.5,403.35,161004
DBOL,20260911,120.3,123.25,117.58,118.55,321135
DBREALTY,20260911,99.15,99.5,97.0,97.79,888816
DBSTOCKBRO,20260911,28.78,28.78,27.31,27.61,2908
DCAL,20260911,167.49,168.35,163.57,167.25,115563
DCBBANK,20260911,225.0,226.99,223.41,226.37,1245963
DCI,20260911,272.7,276.8,270.5,271.7,86670
DCM,20260911,76.2,77.0,75.0,75.0,11232
DCMFINSERV,20260911,5.07,5.28,4.78,5.07,7604
DCMNVL,20260911,171.1,183.96,171.1,178.77,16378
DCMSHRIRAM,20260911,1000.2,1004.8,985.7,1000.0,30875
DCMSIL,20260911,73.99,73.99,69.72,71.04,188725
DCMSRIND,20260911,41.89,41.89,40.39,40.56,501707
DCW,20260911,46.5,46.86,45.75,46.63,839230
DCXINDIA,20260911,166.1,167.8,163.55,166.63,315264
DDEVPLSTIK,20260911,256.0,260.4,249.7,256.8,169491
DECCANCE,20260911,566.8,625.75,563.0,573.7,161187
DECNGOLD,20260911,225.41,236.8,222.13,229.73,3107818
DEEDEV,20260911,645.0,652.95,632.8,639.35,184000
DEEP,20260911,41.38,49.17,40.11,46.08,446458
DEEPA,20260911,194.0,194.25,185.0,185.86,3500638
DEEPAKFERT,20260911,1335.6,1341.3,1316.0,1320.4,147816
DEEPAKNTR,20260911,1634.0,1635.1,1583.2,1587.8,323567
DEEPINDS,20260911,784.9,795.5,760.0,774.4,513815
DEFENCE,20260911,82.35,82.35,81.09,81.92,297659
DELHIVERY,20260911,445.35,447.4,434.85,439.0,1047933
DELPHIFX,20260911,5.99,5.99,5.64,5.75,114964
DELTACORP,20260911,54.0,55.4,53.1,54.15,1394247
DELTAMAGNT,20260911,57.39,57.5,55.85,55.87,665
DEN,20260911,27.13,27.13,26.5,26.98,264336
DENORA,20260911,802.05,814.2,766.0,798.45,6410
DENTA,20260911,285.1,291.6,280.25,287.75,91603
DEVIT,20260911,24.75,25.0,23.82,24.18,37864
DEVX,20260911,32.88,34.2,32.57,34.05,150339
DEVYANI,20260911,135.0,138.4,133.75,137.97,2136370
DGCONTENT,20260911,23.89,24.68,23.88,24.12,3681
DHABRIYA,20260911,510.0,517.5,501.0,503.1,2772
DHAMPURSUG,20260911,167.1,168.35,162.0,163.59,644277
DHANBANK,20260911,30.68,31.5,30.15,31.15,372461
DHANUKA,20260911,979.7,989.65,965.0,980.0,21689
DHARAN,20260911,0.14,0.14,0.13,0.13,5856965
DHARMAJ,20260911,270.0,271.0,262.8,269.35,58585
DHATRE,20260911,4.24,4.4,4.2,4.31,25752
DHOOTTRANS,20260911,1552.0,1728.7,1531.5,1728.7,5862704
DHRUV,20260911,23.48,23.48,21.66,21.84,16609
DHUNINV,20260911,982.1,1007.65,980.2,995.0,304
DIACABS,20260911,356.8,369.05,341.0,369.05,1300799
DIAMINESQ,20260911,251.01,259.0,251.0,258.27,2539
DIAMONDYD,20260911,1108.5,1110.0,1093.0,1108.4,6366
DICIND,20260911,602.0,619.75,600.0,602.1,2447
DIFFNKG,20260911,448.55,459.95,442.0,449.5,124277
DIGIDRIVE,20260911,17.5,17.5,17.1,17.15,11469
DIGISPICE,20260911,17.0,17.35,16.21,16.87,141198
DIGITIDE,20260911,88.47,90.31,86.25,88.75,238604
DIGJAMLMTD,20260911,64.5,73.19,61.84,68.42,1282661
DISAQ,20260911,11845.0,11962.0,11623.0,11688.0,280
DISHTV,20260911,2.38,2.5,2.33,2.5,1281496
DIVGIITTS,20260911,1168.0,1215.0,1146.1,1188.3,136129
DIVIDEND,20260911,35.17,35.17,34.77,34.86,4455
DIVISLAB,20260911,9370.0,9415.0,9310.5,9322.0,516756
DIVOPPBEES,20260911,75.02,75.41,74.4,74.92,32493
DIXON,20260911,13300.0,13490.0,12980.0,13425.0,549928
DJML,20260911,83.0,83.0,80.11,82.39,53632
DLF,20260911,650.0,651.4,630.0,644.5,4502321
DLINKINDIA,20260911,433.8,437.2,428.85,434.25,42937
DMART,20260911,3677.8,3706.2,3650.0,3688.0,710188
DMCC,20260911,292.8,292.8,284.55,287.55,79664
DNAMEDIA,20260911,2.48,2.56,2.45,2.51,18152
DODLA,20260911,1090.1,1103.3,1068.1,1090.8,20513
DOLATALGO,20260911,68.93,69.98,68.02,69.32,89632
DOLLAR,20260911,270.0,276.9,265.6,273.55,119178
DOLLEX,20260911,35.0,38.95,35.0,38.45,215183
DOLPHIN,20260911,650.05,668.7,627.2,649.0,66808
DOMS,20260911,2151.0,2165.1,2110.0,2121.0,28530
DONEAR,20260911,85.21,85.99,84.01,85.03,13507
DPABHUSHAN,20260911,1369.9,1369.9,1325.4,1340.6,23180
DPSCLTD,20260911,7.08,7.29,7.0,7.14,54041
DPWIRES,20260911,153.0,154.49,147.0,150.33,16075
DRAGARWQ,20260911,5252.0,5350.5,5252.0,5306.5,976
DRCSYSTEMS,20260911,12.9,12.98,12.63,12.92,26002
DREAMFOLKS,20260911,66.6,66.99,65.27,66.12,37033
DREDGECORP,20260911,1025.5,1046.0,1009.1,1039.7,59951
DRREDDY,20260911,1130.0,1182.0,1130.0,1165.5,2403285
DSFCL,20260911,25.5,25.89,24.7,24.73,104784
DSKULKARNI,20260911,21.0,21.0,21.0,21.0,52
DSSL,20260911,1030.0,1080.0,1015.3,1059.1,32122
DTIL,20260911,143.95,145.0,140.1,142.91,4346
DUCON,20260911,1.81,1.81,1.75,1.78,760655
DVL,20260911,286.7,290.0,282.45,286.2,8642
DWARKESH,20260911,45.65,47.45,44.52,44.74,4383063
DYCL,20260911,452.1,462.3,442.05,455.45,397841
DYNAMATECH,20260911,11463.0,12300.0,11250.0,12097.0,62178
DYNPRO,20260911,235.0,235.0,231.0,232.18,10634
E2E,20260911,604.0,620.0,595.0,610.35,660254
EASEMYTRIP,20260911,5.8,5.94,5.74,5.83,17129400
EASTSILK,20260911,61.89,64.98,61.85,64.0,1194
EASTWEST,20260911,2.36,2.38,2.29,2.36,26955
EBANK10,20260911,16.41,16.45,16.18,16.45,6818
EBANKNIFTY,20260911,57.01,57.25,56.25,56.94,2370
EBBETF0430,20260911,1604.14,1616.98,1604.14,1608.01,34294
EBBETF0431,20260911,1444.39,1444.39,1432.01,1432.97,6760
EBBETF0433,20260911,1309.17,1311.97,1307.0,1308.54,1418
EBGNG,20260911,671.0,686.75,666.1,679.65,518414
EBIX,20260911,19.4,20.23,19.4,19.99,4484
ECAPINSURE,20260911,23.25,23.39,23.02,23.35,35535
ECLERX,20260911,1875.0,1917.0,1864.2,1899.6,107578
ECORECO,20260911,440.0,441.0,423.05,435.5,8801
ECOSMOBLTY,20260911,111.0,112.98,109.82,111.68,36406
EDELWEISS,20260911,134.0,134.98,130.3,132.43,9724312
EFCIL,20260911,187.99,187.99,184.0,185.18,85983
EGOLD,20260911,151.6,151.9,150.0,151.05,86655
EICHERMOT,20260911,7600.0,7633.0,7530.0,7530.0,444280
EIDPARRY,20260911,733.35,733.35,719.0,721.05,326581
EIEL,20260911,209.0,209.0,202.09,207.11,1550750
EIFFL,20260911,281.0,281.2,281.0,281.2,3955
EIHAHOTELS,20260911,293.2,293.2,284.6,287.45,15104
EIHOTEL,20260911,283.9,287.5,281.6,286.45,104848
EIMCOELECO,20260911,2279.0,2335.0,2255.4,2325.5,27993
EKC,20260911,101.41,102.61,100.0,101.8,101748
EKI,20260911,70.11,71.9,68.13,69.28,14683
ELANTAS,20260911,13397.0,14769.0,13162.0,14513.0,23985
ELCIDIN,20260911,105000.0,107000.0,105000.0,106850.0,6
ELDEHSG,20260911,782.0,795.9,780.0,783.5,367
ELECON,20260911,418.0,426.0,412.1,422.1,298340
ELECTCAST,20260911,79.79,79.79,76.5,77.62,1640745
ELECTHERM,20260911,943.0,972.0,934.65,956.3,225365
ELGIEQUIP,20260911,621.15,627.6,610.65,617.7,335930
ELGIRUBCO,20260911,61.0,61.0,57.2,58.48,38468
ELIN,20260911,93.11,93.11,90.5,90.96,159232
ELIQUID,20260911,1047.93,1047.93,1047.59,1047.59,49832
ELITECON,20260911,7.97,8.19,7.96,8.18,13024169
ELLEN,20260911,373.0,384.0,366.1,380.2,1713956
ELM250,20260911,16.22,16.65,16.18,16.31,123028
ELMDIV,20260911,36.14,36.45,35.6,36.26,1154
ELPROINTL,20260911,173.4,174.74,172.8,173.24,10781
EMAMILTD,20260911,370.0,370.0,363.0,363.8,801488
EMAMIPAP,20260911,117.69,119.0,113.11,116.0,14352
EMAMIREAL,20260911,72.31,74.5,69.16,69.8,14904
EMBDL,20260911,57.31,57.32,55.04,55.28,2777678
EMCURE,20260911,1965.0,1999.0,1948.2,1978.9,122389
EMETAL,20260911,13.49,13.49,12.87,13.06,66044
EMIL,20260911,191.85,192.97,185.5,188.38,2336802
EMKAY,20260911,248.0,253.8,242.4,250.9,16946
EMMBI,20260911,89.0,89.0,86.0,88.95,18027
EMMVEE,20260911,342.65,348.2,332.9,346.0,3747104
EMPIND,20260911,1052.3,1062.9,1050.1,1054.0,2614
EMPOWER,20260911,2.23,2.29,2.23,2.28,25714397
EMSLIMITED,20260911,385.55,387.95,379.5,383.1,170750
EMUDHRA,20260911,492.0,498.1,489.0,494.05,146792
EMULTIMQ,20260911,42.1,42.1,41.32,41.85,14210
ENDURANCE,20260911,2700.0,2733.3,2678.0,2692.6,56131
ENERGY,20260911,38.97,38.97,38.15,38.3,465300
ENERGYAXIS,20260911,19.51,19.51,18.97,19.06,14940
ENERGYDEV,20260911,15.27,15.39,14.62,14.92,20713
ENEXT50,20260911,71.03,72.73,70.94,72.21,1951
ENGINERSIN,20260911,270.6,272.25,267.1,268.95,1652427
ENIFTY,20260911,24.2,24.2,23.34,23.63,62822
ENIL,20260911,101.68,102.0,99.02,101.24,8264
ENKEIWHEL,20260911,397.4,406.6,380.4,399.0,2634
ENRIN,20260911,3167.0,3191.0,3124.0,3181.3,209741
ENTERO,20260911,1792.9,1840.4,1792.9,1815.4,98792
EPACK,20260911,186.5,187.85,184.0,185.15,281411
EPACKPEB,20260911,236.0,242.49,229.41,240.44,1131348
EPIGRAL,20260911,1155.9,1155.9,1117.0,1131.1,22425
EPL,20260911,244.7,244.7,237.7,239.3,2253374
EQUAL200,20260911,13.52,13.61,13.48,13.59,99106
EQUAL50,20260911,328.12,328.12,321.41,324.09,81887
EQUAL50ADD,20260911,334.1,335.2,332.11,334.19,32089
EQUIPPP,20260911,22.81,24.0,22.4,22.57,22307
EQUITASBNK,20260911,71.71,73.75,71.3,73.15,1535970
ERIS,20260911,1356.6,1362.0,1335.1,1355.5,24968
ESABINDIA,20260911,5880.5,5915.0,5740.0,5884.0,4246
ESAFSFB,20260911,40.02,40.25,38.83,39.61,466788
ESCORTS,20260911,2930.0,2949.6,2884.9,2899.7,42588
ESDS,20260911,1600.0,1740.4,1582.7,1740.4,7498763
ESENSEX,20260911,75.19,75.62,74.88,75.52,1600
ESG,20260911,39.99,40.34,39.95,40.18,31838
ESILVER,20260911,228.0,228.0,223.46,226.52,44105
ESSARSHPNG,20260911,16.1,16.38,15.91,16.31,92645
ESSENTIA,20260911,1.07,1.07,1.04,1.06,1743261
ESTER,20260911,89.23,90.48,89.12,89.89,32880
ETERNAL,20260911,317.95,324.8,316.05,323.5,22712054
ETHOSLTD,20260911,2654.0,2668.0,2612.5,2635.4,52075
EUREKAFORB,20260911,395.0,402.0,388.6,394.15,141916
EUROBOND,20260911,154.0,155.0,148.05,150.46,3318
EUROPRATIK,20260911,243.0,255.3,238.1,245.7,196361
EUROTEXIND,20260911,13.2,13.2,13.2,13.2,1
EVEREADY,20260911,366.2,368.9,355.7,363.0,205568
EVERESTIND,20260911,419.95,419.95,400.0,408.0,10247
EVIETF,20260911,32.11,32.15,31.7,31.97,220571
EVINDIA,20260911,32.77,32.77,31.71,31.99,214172
EXCELINDUS,20260911,995.0,995.0,961.2,980.8,11159
EXCELSOFT,20260911,80.81,81.84,79.26,81.03,2108387
EXICOM,20260911,175.65,183.5,172.17,182.28,1693706
EXIDEIND,20260911,418.25,418.45,411.45,412.65,1294606
EXPLEOSOL,20260911,883.0,892.95,873.2,889.5,9546
EXXARO,20260911,6.54,6.54,6.28,6.38,206060
FABTECH,20260911,146.0,148.35,146.0,147.02,80611
FACT,20260911,781.95,782.5,775.2,779.6,61387
FAIRCHEMOR,20260911,626.5,632.0,621.0,623.95,3729
FAZE3Q,20260911,484.3,498.9,474.05,489.45,13163
FCL,20260911,58.36,59.14,56.53,57.72,23377217
FCSSOFT,20260911,1.42,1.46,1.4,1.44,2063349
FDC,20260911,344.0,344.8,339.0,341.45,136483
FEDDERSHOL,20260911,48.5,49.32,48.5,48.51,1182463
FEDERALBNK,20260911,343.0,345.3,341.15,344.5,3188640
FEDFINA,20260911,156.36,159.49,155.78,158.53,777351
FEL,20260911,0.37,0.38,0.37,0.37,265359
FELDVR,20260911,2.14,2.14,2.1,2.12,1916
FERMENTA,20260911,484.0,484.0,471.0,474.65,53319
FIBERWEB,20260911,26.89,27.94,25.46,27.1,53439
FIEMIND,20260911,1973.0,2029.0,1947.9,2009.5,52734
FILATEX,20260911,76.0,90.9,74.27,87.41,38898608
FILATFASH,20260911,0.18,0.19,0.17,0.18,24532367
FINCABLES,20260911,1406.4,1498.0,1340.1,1424.0,3358636
FINEORG,20260911,5156.0,5180.5,5056.5,5167.5,16852
FINIETF,20260911,33.16,33.16,31.81,32.4,255467
FINKURVE,20260911,67.08,74.92,66.16,72.49,794258
FINOPB,20260911,140.5,141.78,137.21,139.83,229846
FINPIPE,20260911,155.1,155.77,152.9,153.45,316277
FIRSTCRY,20260911,170.0,170.05,166.95,168.83,749261
FISCHER,20260911,35.29,36.14,33.68,35.87,580113
FIVESTAR,20260911,525.75,556.85,521.0,551.05,1960216
FLAIR,20260911,234.86,238.43,234.01,236.08,71616
FLEXIADD,20260911,9.79,9.83,9.68,9.77,77407
FLEXITUFF,20260911,2.12,2.17,2.02,2.14,44698
FLFL,20260911,1.2,1.2,1.1,1.16,44725
FLUOROCHEM,20260911,4750.0,4820.0,4730.0,4773.2,130082
FMCGADD,20260911,45.4,45.6,45.01,45.52,35532
FMCGIETF,20260911,48.65,48.78,48.25,48.6,1558291
FMGOETZE,20260911,440.0,464.95,431.2,461.0,611438
FMNL,20260911,9.14,9.59,9.02,9.43,14442
FOCUS,20260911,62.28,62.5,59.56,61.84,22532
FOODSIN,20260911,55.77,55.95,54.01,55.23,93506
FORCEMOT,20260911,18000.0,18048.0,17630.0,17705.0,65131
FORTIS,20260911,897.5,900.0,885.0,887.8,784589
FOSECOIND,20260911,6231.5,6351.5,6100.0,6194.5,9080
FRACTAL,20260911,766.65,781.1,759.1,764.45,662525
FREDUN,20260911,1450.0,1450.0,1400.0,1412.2,25210
FRONTSP,20260911,1255.0,1255.0,1231.0,1240.0,10679
FSL,20260911,250.85,251.0,246.65,247.6,557943
FUSION,20260911,189.15,193.45,184.42,189.72,1012761
GABRIEL,20260911,1326.3,1369.3,1314.1,1346.4,116059
GAEL,20260911,162.4,164.45,160.91,163.08,569293
GAIL,20260911,173.5,175.18,173.01,173.62,6770227
GAJA,20260911,155.0,155.2,151.0,152.6,695770
GALAPREC,20260911,1027.0,1043.5,1013.4,1031.0,26357
GALAXYSURF,20260911,2247.4,2248.7,2172.0,2187.3,24175
GALLANTT,20260911,550.0,550.0,541.3,546.4,45220
GANDHAR,20260911,271.3,274.95,266.55,272.7,748277
GANDHITUBE,20260911,899.3,899.3,886.0,887.75,3500
GANECOS,20260911,1031.0,1037.9,1008.4,1013.3,60954
GANESHBE,20260911,133.35,134.5,130.0,131.63,118200
GANESHCP,20260911,166.98,169.49,165.25,167.36,278416
GANESHHOU,20260911,765.45,771.6,752.4,763.4,25527
GANGAFORGE,20260911,1.63,1.63,1.55,1.58,4435014
GANGESSECU,20260911,118.0,118.0,115.0,115.11,541
GARFIBRES,20260911,780.95,808.8,772.4,795.7,47380
GARUDA,20260911,178.4,183.7,175.25,181.9,747410
GATECH,20260911,0.73,0.73,0.73,0.73,5044317
GATECHDVR,20260911,0.49,0.5,0.46,0.48,507246
GATEWAY,20260911,53.22,53.7,53.02,53.35,552261
GAUDIUMIVF,20260911,115.88,121.02,111.75,117.75,241339
GAYAHWS,20260911,1.93,1.93,1.85,1.92,113257
GAYAPROJ,20260911,25.3,26.04,24.5,26.03,2686464
GCSL,20260911,609.9,613.45,598.1,600.7,862249
GEECEE,20260911,370.05,370.05,355.0,364.55,6469
GEEKAYWIRE,20260911,28.62,28.84,27.26,27.83,106072
GEMAROMA,20260911,164.32,164.44,159.29,160.87,84214
GENCON,20260911,41.71,42.06,40.6,41.01,237259
GENESYS,20260911,291.81,316.94,286.98,307.81,2809027
GENSOL,20260911,17.0,17.5,17.0,17.1,65062
GENUSPAPER,20260911,12.19,12.19,11.8,12.04,82560
GENUSPOWER,20260911,324.95,326.9,320.1,323.1,1329018
GEOJITFSL,20260911,79.34,79.74,78.0,78.6,165423
GESHIP,20260911,1400.0,1416.2,1389.4,1412.2,902109
GFLLIMITED,20260911,58.0,59.9,56.42,58.27,128897
GFSTEELS,20260911,20.95,20.95,20.95,20.95,2228
GHCL,20260911,424.7,424.75,420.7,421.15,114539
GHCLTEXTIL,20260911,131.99,134.4,129.22,130.76,509572
GICHSGFIN,20260911,136.0,138.7,134.72,136.84,110463
GICL,20260911,25.4,25.4,23.78,24.74,107323
GICRE,20260911,342.5,351.0,340.7,349.4,670025
GILLANDERS,20260911,102.0,109.5,100.0,103.58,16966
GILLETTE,20260911,7350.0,7350.0,7290.0,7307.0,8784
GILT10BETA,20260911,26.78,26.78,26.27,26.28,1075
GILT5BETA,20260911,67.17,67.17,66.31,66.41,213
GILT5YBEES,20260911,66.3,66.3,66.05,66.16,139072
GINNIFILA,20260911,41.47,41.47,40.1,41.0,47094
GIPCL,20260911,196.5,204.0,195.01,199.72,428319
GKB,20260911,65.0,67.0,63.51,64.79,2674
GKENERGY,20260911,127.0,128.31,125.3,127.85,215251
GKSL,20260911,174.35,176.45,170.0,171.09,120195
GKWLIMITED,20260911,1540.8,1591.8,1540.8,1584.8,248
GLAND,20260911,2940.0,2950.1,2882.0,2922.3,389004
GLAXO,20260911,2840.9,2863.5,2793.9,2828.4,38428
GLENMARK,20260911,2411.2,2431.9,2384.1,2419.2,346692
GLFL,20260911,5.15,5.25,5.0,5.22,6271
GLOBAL,20260911,123.0,128.0,122.0,126.91,180836
GLOBALE,20260911,11.25,11.39,10.87,11.38,13142
GLOBALVECT,20260911,137.0,139.89,130.0,132.17,23069
GLOBE,20260911,1.84,1.86,1.8,1.81,422290
GLOBECIVIL,20260911,45.9,45.9,43.4,44.21,25780
GLOBUSSPR,20260911,837.55,843.45,822.1,839.75,65575
GLOSTERLTD,20260911,590.0,605.8,581.0,583.1,1352
GLOTTIS,20260911,58.47,59.99,57.0,59.04,43281
GMBREW,20260911,910.0,921.95,900.5,910.9,21159
GMDCLTD,20260911,577.85,577.85,569.1,575.35,667017
GMMPFAUDLR,20260911,1327.0,1330.0,1295.6,1307.9,261557
GMRAIRPORT,20260911,96.79,97.98,95.28,97.98,7112955
GMRP&UI,20260911,95.0,95.44,93.8,94.07,549701
GNA,20260911,554.0,558.3,539.0,551.1,293874
GNFC,20260911,564.5,565.5,559.75,562.4,310457
GNRL,20260911,108.2,108.2,103.83,104.29,102693
GOACARBON,20260911,434.7,457.0,408.95,413.4,164355
GOCLCORP,20260911,431.0,446.35,426.55,441.55,203952
GOCOLORS,20260911,314.85,328.2,314.85,324.75,89664
GODAVARIB,20260911,235.6,237.9,230.82,233.65,93278
GODFRYPHLP,20260911,1965.8,1965.8,1921.2,1927.0,229401
GODIGIT,20260911,250.6,257.8,248.0,256.2,216275
GODREJAGRO,20260911,669.8,680.0,659.25,675.85,217886
GODREJCP,20260911,860.0,872.6,859.0,865.0,772816
GODREJIND,20260911,1115.0,1130.0,1101.1,1126.8,46331
GODREJPROP,20260911,1855.0,1855.0,1719.0,1748.0,2684348
GOKEX,20260911,769.0,791.7,757.45,785.5,298288
GOKUL,20260911,43.67,43.67,41.27,42.03,233417
GOKULAGRO,20260911,225.0,228.5,221.21,226.76,329785
GOLD1,20260911,125.98,126.93,125.16,126.19,2448652
GOLD360,20260911,149.15,149.15,146.4,147.8,7364
GOLDADD,20260911,14.73,14.79,14.57,14.71,11625798
GOLDAXIS,20260911,125.71,126.78,124.75,125.93,2104753
GOLDBEES,20260911,124.55,125.79,123.91,125.12,22473340
GOLDBETA,20260911,127.25,128.1,126.25,127.5,507327
GOLDBND,20260911,151.0,152.1,148.55,151.29,25687
GOLDCASE,20260911,23.75,23.95,23.61,23.82,9749511
GOLDENTOBC,20260911,24.5,25.5,24.0,25.49,2541
GOLDETF,20260911,146.63,147.9,145.9,147.2,1651331
GOLDIAM,20260911,325.0,329.3,320.8,325.0,477957
GOLDIETF,20260911,129.35,130.3,128.29,129.63,5171162
GOLDTECH,20260911,46.04,46.99,45.0,45.0,44583
GOODLUCK,20260911,519.8,522.0,508.55,516.85,636725
GOODYEAR,20260911,724.7,727.75,708.6,722.05,4337
GOPAL,20260911,260.85,260.85,253.45,257.35,94401
GOYALALUM,20260911,6.14,6.18,5.96,6.01,118715
GPIL,20260911,248.61,248.79,242.5,244.45,2161543
GPPL,20260911,160.0,163.6,159.9,161.32,1544847
GPTHEALTH,20260911,161.0,161.2,157.12,159.38,97541
GPTINFRA,20260911,112.1,113.0,111.0,112.21,59297
GRADIENTE,20260911,2.57,2.57,2.46,2.51,1359568
GRANDOAK,20260911,36.16,36.16,35.04,35.16,2496
GRANULES,20260911,895.95,914.85,881.25,909.3,7851231
GRAPHITE,20260911,812.0,834.4,785.1,825.8,3972340
GRASIM,20260911,3302.4,3302.4,3267.0,3281.9,515990
GRAUWEIL,20260911,75.9,77.1,73.74,75.6,839285
GRAVISSHO,20260911,37.5,42.7,36.83,42.7,433905
GRAVITA,20260911,1685.0,1688.0,1654.0,1668.2,113850
GREAVESCOT,20260911,193.6,193.6,190.05,192.25,543534
GREENLAM,20260911,234.4,237.78,231.11,234.63,81141
GREENPANEL,20260911,159.97,159.97,152.91,153.6,484400
GREENPLY,20260911,295.0,295.0,287.5,290.25,151520
GREENPOWER,20260911,9.3,9.48,9.2,9.31,1717718
GRINDWELL,20260911,1897.9,1930.0,1865.0,1885.8,12610
GRINFRA,20260911,850.0,866.65,842.0,855.8,11176
GRMOVER,20260911,86.37,87.38,82.2,84.45,1178962
GROBTEA,20260911,960.4,977.4,941.1,945.85,87
GROWW,20260911,194.7,200.91,192.6,200.24,31136422
GROWWCAPM,20260911,11.45,11.45,11.1,11.28,1047081
GROWWCHEM,20260911,30.15,30.15,29.6,29.87,8627115
GROWWDEFNC,20260911,97.51,97.7,96.36,97.41,169687
GROWWEV,20260911,32.01,32.12,31.61,31.91,210189
GROWWGOLD,20260911,14.74,14.87,14.63,14.78,4411269
GROWWHOSPI,20260911,52.53,52.89,51.96,52.32,235268
GROWWLIQID,20260911,110.74,110.75,110.74,110.74,613864
GROWWLOVOL,20260911,10.15,10.4,10.02,10.15,28956
GROWWMC150,20260911,225.47,230.14,225.47,228.18,910
GROWWMETAL,20260911,12.7,12.7,12.24,12.45,889261
GROWWMOM50,20260911,11.23,11.23,10.89,11.02,148850
GROWWN200,20260911,11.24,11.26,10.97,11.13,75308
GROWWNET,20260911,10.95,11.0,10.65,10.96,3268901
GROWWNIFTY,20260911,9.55,9.69,9.4,9.49,1174205
GROWWNXT50,20260911,72.45,72.99,71.57,71.83,14536
GROWWPOWER,20260911,11.55,11.55,11.2,11.36,13772281
GROWWPSE,20260911,99.41,99.41,96.0,98.28,3727
GROWWPSUBK,20260911,84.35,84.38,83.11,84.03,4371
GROWWRAIL,20260911,28.33,28.33,27.06,27.32,3297424
GROWWRLTY,20260911,9.66,9.76,9.35,9.53,1492211
GROWWSC250,20260911,10.66,10.68,10.5,10.64,103950
GROWWSLVR,20260911,22.13,22.34,21.94,22.2,2935673
GRPLTD,20260911,1984.6,1989.8,1885.5,1925.1,1612
GRSE,20260911,2418.0,2449.2,2359.7,2427.5,460144
GRWRHITECH,20260911,6895.5,7010.0,6772.0,6921.5,31550
GSEC10ABSL,20260911,113.03,113.03,113.03,113.03,2
GSEC10ADD,20260911,26.46,27.85,26.46,27.0,4
GSEC10IETF,20260911,264.95,265.26,262.33,262.33,3063
GSEC10YEAR,20260911,30.55,30.55,30.49,30.49,33
GSEC5IETF,20260911,66.3,66.77,66.19,66.26,1702
GSFC,20260911,154.91,156.8,152.85,155.95,1425671
GSLSU,20260911,27.5,28.58,26.78,28.25,76411
GSPCROP,20260911,472.0,485.4,464.95,471.25,184008
GSS,20260911,10.47,10.71,10.0,10.19,87837
GTECJAINX,20260911,26.52,28.5,26.52,26.65,6777
GTL,20260911,7.25,7.28,7.06,7.24,227358
GTLINFRA,20260911,1.17,1.17,1.15,1.16,19959792
GTPL,20260911,59.69,60.86,59.0,59.81,58766
GUFICBIO,20260911,423.25,431.95,418.1,425.1,86404
GUJALKALI,20260911,715.5,716.05,703.55,705.0,54425
GUJAPOLLO,20260911,333.05,350.0,333.0,348.1,12367
GUJENERGY,20260911,247.94,249.21,240.36,241.59,1808646
GUJRAFFIA,20260911,40.51,41.9,40.5,41.72,5856
GUJTHEM,20260911,430.0,430.0,413.6,422.65,390855
GULFOILLUB,20260911,1073.0,1073.0,1010.3,1060.7,62866
GULFPETRO,20260911,64.16,65.3,63.0,64.08,86449
GULPOLY,20260911,176.4,176.62,173.0,174.84,160780
GVKPIL,20260911,2.25,2.25,2.25,2.25,323735
GVPIL,20260911,651.25,659.0,640.4,652.65,102461
GVPTECH,20260911,8.25,8.25,7.67,7.82,31151
GVT&D,20260911,4500.0,4548.1,4428.7,4548.1,588462
GYFTR,20260911,189.0,189.0,175.0,175.73,47421
HAL,20260911,4930.0,4930.0,4875.0,4905.0,762754
HALDER,20260911,275.0,284.35,271.7,276.15,30980
HALDYNGL,20260911,142.18,146.79,138.51,145.7,42006
HALEOSLABS,20260911,1450.6,1500.0,1437.0,1462.5,382
HAMPTON,20260911,8.39,8.39,8.02,8.05,6475
HAPPSTMNDS,20260911,331.5,338.15,328.8,332.35,930766
HAPPYFORGE,20260911,2195.0,2244.8,2150.0,2169.0,66048
HARDWYN,20260911,9.15,9.2,9.04,9.16,496044
HARIOMPIPE,20260911,352.0,364.95,351.0,359.2,66567
HARRMALAYA,20260911,187.14,189.58,183.55,185.81,6619
HARSHA,20260911,444.0,446.55,436.0,445.0,107635
HATHWAY,20260911,10.01,10.29,10.0,10.23,1406853
HATSUN,20260911,1194.5,1240.2,1167.7,1224.4,113105
HAVELLS,20260911,1107.9,1114.7,1096.2,1111.0,699007
HAVISHA,20260911,1.32,1.35,1.25,1.34,35386
HAWKINCOOK,20260911,8410.5,8491.5,8366.5,8411.5,2765
HAZOOR,20260911,19.79,19.99,18.8,19.22,324963
HBESD,20260911,75.37,75.38,70.7,72.99,616
HBLENGINE,20260911,718.0,724.7,705.25,722.2,1018560
HBPOR,20260911,58.7,60.05,58.5,59.99,664
HBSL,20260911,53.99,53.99,52.8,52.91,3721
HCC,20260911,22.65,22.89,21.94,22.73,23241864
HCG,20260911,700.9,700.9,691.3,693.9,44421
HCL-INSYS,20260911,10.06,10.15,9.9,10.07,274708
HCLTECH,20260911,1196.0,1223.4,1195.7,1206.1,2272845
HDBFS,20260911,672.5,674.5,666.4,669.2,168613
HDFCAMC,20260911,2405.0,2424.6,2366.1,2403.9,677643
HDFCBANK,20260911,683.9,709.0,681.9,708.25,31411934
HDFCBSE500,20260911,36.98,37.0,36.5,36.89,2047858
HDFCGOLD,20260911,129.2,129.98,128.13,129.37,3331298
HDFCGROWTH,20260911,115.06,115.98,115.01,115.87,5891
HDFCLIFE,20260911,522.0,531.5,518.2,530.0,4127867
HDFCLIQUID,20260911,1077.78,1077.8,1077.78,1077.78,28711
HDFCLOWVOL,20260911,19.92,20.05,19.89,20.01,5968
HDFCMID150,20260911,23.24,23.24,22.9,23.13,685818
HDFCMOMENT,20260911,31.61,31.61,30.65,30.91,135504
HDFCNEXT50,20260911,73.82,74.0,73.09,73.91,103448
HDFCNIF100,20260911,25.5,25.5,25.25,25.44,32301
HDFCNIFBAN,20260911,57.83,58.41,57.4,58.33,78212
HDFCNIFIT,20260911,30.84,31.15,30.84,31.01,50580
HDFCNIFTY,20260911,270.93,270.93,262.16,263.79,3460871
HDFCNIMEG,20260911,130.21,130.7,129.03,130.37,12438
HDFCPSUBK,20260911,84.01,84.96,83.84,84.27,29654
HDFCPVTBAN,20260911,27.65,28.15,27.5,27.94,140346
HDFCQUAL,20260911,57.15,57.46,57.1,57.43,1548
HDFCSENSEX,20260911,86.85,86.85,84.3,85.32,90887
HDFCSILVER,20260911,216.02,217.67,213.85,216.48,6499736
HDFCSML250,20260911,188.11,188.2,183.26,185.17,1196133
HDFCVALUE,20260911,122.61,122.83,121.45,122.49,9138
HDIL,20260911,1.54,1.54,1.45,1.47,139042
HEADSUP,20260911,7.0,7.15,6.8,6.99,9463
HEALTHADD,20260911,16.58,16.82,16.55,16.68,240178
HEALTHAXIS,20260911,168.13,168.85,167.02,168.42,3098
HEALTHCARE,20260911,22.11,22.11,21.51,21.71,110839
HEALTHIETF,20260911,169.5,170.34,167.94,169.67,61063
HEALTHX,20260911,301.0,310.0,295.05,308.15,3397
HEALTHY,20260911,17.0,17.25,16.81,16.96,265871
HECPROJECT,20260911,118.1,121.0,115.0,119.04,9426
HEG,20260911,238.1,243.0,237.2,237.2,1259054
HEIDELBERG,20260911,150.95,150.95,147.8,149.8,314126
HEMIPROP,20260911,120.8,121.48,119.21,120.62,254402
HERANBA,20260911,172.3,174.0,168.5,171.58,43044
HERITGFOOD,20260911,396.0,425.0,389.0,417.4,3638335
HEROMOTOCO,20260911,5218.0,5243.0,5186.0,5221.5,251663
HESTERBIO,20260911,2275.0,2298.9,2238.3,2264.9,5276
HEXAGON,20260911,68.0,70.0,66.75,67.99,310047
HEXATRADEX,20260911,156.88,159.99,155.3,155.81,765
HEXT,20260911,501.3,502.95,496.0,497.05,87553
HFCL,20260911,225.05,237.3,222.25,233.69,8856109
HGINFRA,20260911,485.0,490.0,476.55,484.0,29567
HGM,20260911,48.62,50.0,48.5,48.68,7531
HGS,20260911,381.0,383.85,377.0,381.45,9177
HIKAL,20260911,231.02,232.39,221.98,224.95,902881
HILINFRA,20260911,42.5,42.99,40.2,41.53,128374
HILTON,20260911,18.3,18.7,17.61,18.06,89366
HIMATSEIDE,20260911,68.7,68.7,66.63,67.83,420697
HINDADH,20260911,365.3,370.9,345.25,369.1,3185
HINDALCO,20260911,990.0,992.8,973.1,981.5,4754493
HINDALUMI,20260911,97.0,98.99,95.1,96.18,2716
HINDCOMPOS,20260911,380.0,390.0,375.0,376.45,6223
HINDCON,20260911,23.9,24.63,22.36,24.09,24080
HINDCOPPER,20260911,510.0,516.5,505.0,514.5,8769684
HINDOILEXP,20260911,189.44,192.4,184.5,185.22,1154009
HINDPETRO,20260911,346.5,354.9,340.1,352.0,5835890
HINDUNILVR,20260911,1930.5,1946.6,1926.2,1927.0,1100313
HINDWAREAP,20260911,181.67,181.67,177.94,178.4,63015
HINDZINC,20260911,575.45,583.3,565.55,576.45,7158790
HIRECT,20260911,1244.9,1255.0,1205.0,1245.4,51541
HISARMETAL,20260911,161.98,161.98,157.0,157.2,808
HITECH,20260911,76.89,76.89,75.46,76.39,643983
HITECHCORP,20260911,331.75,337.75,331.4,334.5,3865
HITECHGEAR,20260911,579.4,579.45,565.0,567.45,1520
HLEGLAS,20260911,367.85,404.35,363.0,404.35,870661
HLVLTD,20260911,6.38,6.4,6.3,6.38,148728
HMAAGRO,20260911,20.0,20.24,19.68,20.07,982208
HMT,20260911,63.99,63.99,62.5,63.36,10153
HMVL,20260911,78.9,80.35,76.0,79.9,3987
HNDFDS,20260911,612.25,623.95,610.15,618.7,51791
HNGSNGBEES,20260911,465.9,465.9,461.55,463.91,63270
HOMEFIRST,20260911,1195.0,1195.0,1100.6,1184.5,435329
HONASA,20260911,472.0,478.15,470.0,471.15,680363
HONAUT,20260911,34000.0,34700.0,33800.0,34580.0,2181
HONDAPOWER,20260911,1979.8,1979.8,1941.2,1953.0,4009
HORIZONIND,20260911,55.0,55.89,53.75,55.67,3566247
HPAL,20260911,37.5,39.82,37.0,37.91,620683
HPIL,20260911,120.1,124.89,120.04,123.87,278
HPL,20260911,281.9,294.0,281.9,292.0,129096
HRYNSHP,20260911,99.32,100.95,98.0,100.84,957
HSBCGOLD,20260911,132.0,132.41,130.95,131.94,78821
HSCL,20260911,660.0,666.0,654.2,664.9,1420588
HTEL,20260911,85.6,85.6,80.0,85.6,3058271
HTMEDIA,20260911,24.65,25.35,23.99,24.92,115860
HUBTOWN,20260911,181.05,183.0,178.72,181.21,181732
HUDCO,20260911,173.6,173.6,171.6,172.76,1180108
HUHTAMAKI,20260911,260.0,260.0,250.25,254.4,211803
HYBRIDETF,20260911,10.19,10.19,9.98,10.04,214733
HYBRIDFIN,20260911,16.98,16.98,16.27,16.61,12623
HYUNDAI,20260911,2187.6,2195.5,2170.6,2174.0,484805
IBULLSLTD,20260911,24.31,26.14,24.31,26.14,32865374
ICDSLTD,20260911,64.98,64.98,61.51,62.52,6188
ICEMAKE,20260911,727.0,739.0,721.0,730.1,11852
ICICIAMC,20260911,3010.0,3051.0,2992.3,3041.5,135852
ICICIB22,20260911,113.64,113.64,112.6,113.16,164595
ICICIBANK,20260911,1371.6,1389.0,1367.6,1379.3,7064417
ICICIGI,20260911,1465.0,1465.0,1443.7,1459.8,663654
ICICIPRULI,20260911,468.8,475.5,461.25,471.5,1354875
ICIL,20260911,437.35,446.3,426.4,443.25,443332
ICRA,20260911,4731.0,4754.7,4665.6,4728.9,21358
IDBI,20260911,81.21,84.2,80.62,83.43,22126952
IDEA,20260911,15.08,15.2,14.84,14.97,547907103
IDEAFORGE,20260911,740.0,742.0,724.0,733.95,164262
IDFCFIRSTB,20260911,86.2,86.73,85.41,86.21,13937814
IDFNIFTYET,20260911,256.62,258.66,256.62,258.6,2321
IEX,20260911,115.88,115.91,113.0,113.88,6657040
IFBAGRO,20260911,880.0,894.9,860.0,884.45,5292
IFBIND,20260911,1267.2,1312.1,1251.0,1300.1,53221
IFCI,20260911,83.8,85.59,81.52,82.29,110886137
IFGLEXPOR,20260911,210.0,212.2,203.67,206.08,41185
IGARASHI,20260911,408.55,418.45,402.05,414.3,45453
IGCL,20260911,71.15,72.38,67.16,67.61,265110
IGIL,20260911,310.0,315.0,307.05,314.3,233518
IGL,20260911,152.23,152.5,151.02,151.98,766290
IGPL,20260911,555.9,555.9,535.7,547.05,58951
IIFL,20260911,605.0,616.35,595.0,600.6,2661025
IIFLCAPS,20260911,336.6,340.95,336.6,339.05,422556
IITL,20260911,147.8,153.84,145.6,149.01,93711
IKIO,20260911,234.0,238.8,221.42,223.87,1450380
IKS,20260911,1783.0,1783.0,1732.4,1740.6,83326
IL&FSENGG,20260911,37.65,39.9,37.5,38.54,62188
IL&FSTRANS,20260911,2.03,2.06,1.96,2.01,75974
IMAGICAA,20260911,53.01,53.15,51.8,52.33,449274
IMFA,20260911,1272.0,1277.4,1236.9,1243.5,110255
IMPAL,20260911,1108.0,1134.8,1105.0,1113.2,1166
IMPEXFERRO,20260911,5.18,5.18,5.18,5.18,85364
INA,20260911,92.9,93.95,90.61,92.98,594093
INCREDIBLE,20260911,31.92,34.49,31.05,33.58,17146
INDBANK,20260911,27.85,28.45,27.25,27.64,56742
INDGN,20260911,571.1,583.25,570.3,578.35,225658
INDHOTEL,20260911,712.75,720.75,708.6,718.5,1019599
INDIACEM,20260911,347.95,348.0,342.55,346.9,65795
INDIAGLYCO,20260911,310.0,310.0,294.9,294.9,164145
INDIAMART,20260911,1637.7,1716.4,1624.1,1695.0,140423
INDIANB,20260911,848.95,859.7,835.0,853.5,1579708
INDIANCARD,20260911,210.01,212.96,208.1,212.45,1949
INDIANHUME,20260911,367.0,375.0,362.25,369.55,30095
INDIASHLTR,20260911,674.35,674.35,647.0,652.25,81000
INDIGO,20260911,4875.0,4973.0,4822.0,4973.0,923733
INDIGOPNTS,20260911,1075.0,1094.0,1059.3,1089.3,55830
INDIQUBE,20260911,204.0,205.1,199.35,202.87,14391
INDNIPPON,20260911,1338.6,1404.0,1300.0,1358.9,274425
INDOAMIN,20260911,126.1,128.0,124.65,126.92,30597
INDOBORAX,20260911,481.0,492.45,465.25,484.55,125334
INDOCO,20260911,260.0,276.98,251.5,263.02,5002402
INDOFARM,20260911,140.0,144.03,135.83,141.66,131169
INDOKEM,20260911,617.0,620.0,603.0,613.85,3375
INDOMIM,20260911,995.0,1024.5,978.75,1018.2,1564591
INDORAMA,20260911,83.02,87.64,80.0,86.5,1794174
INDOSTAR,20260911,245.4,247.11,241.68,244.38,52664
INDOTECH,20260911,3601.0,3687.6,3462.3,3522.9,12309
INDOTHAI,20260911,43.4,45.49,41.17,41.17,20200138
INDOUS,20260911,82.0,82.0,78.0,78.24,10159
INDOWIND,20260911,9.01,9.2,8.91,9.09,122015
INDPRUD,20260911,6250.0,6250.0,6250.0,6250.0,2
INDRAMEDCO,20260911,345.0,356.2,344.1,355.0,185246
INDSWFTLAB,20260911,375.0,391.4,372.3,385.35,565658
INDTERRAIN,20260911,28.89,29.33,28.65,28.85,6587
INDUSINDBK,20260911,988.7,988.7,972.3,978.2,2504608
INDUSTOWER,20260911,372.0,390.85,372.0,388.0,16707001
INFOBEAN,20260911,155.2,155.2,152.91,154.01,153246
INFOMEDIA,20260911,4.82,5.44,4.82,5.2,18095
INFRA,20260911,11.88,11.93,11.8,11.91,127871
INFRABEES,20260911,943.84,946.69,934.7,943.65,5078
INFRAIETF,20260911,93.34,95.5,93.05,94.18,70908
INFY,20260911,1032.0,1047.3,1029.7,1037.7,6168088
INGERRAND,20260911,4599.9,4617.3,4506.3,4573.0,10539
INNOVACAP,20260911,1150.1,1168.1,1133.1,1147.2,44230
INNOVANA,20260911,310.8,334.0,300.1,327.0,50677
INNOVISION,20260911,265.0,265.0,258.85,260.35,22172
INOXGREEN,20260911,178.01,179.5,171.85,178.21,1096299
INOXINDIA,20260911,2272.0,2313.4,2236.9,2246.6,245450
INOXWIND,20260911,75.5,76.5,73.78,76.5,7415115
INSECTICID,20260911,610.0,619.0,595.1,609.7,26007
INSPIRISYS,20260911,87.0,87.95,84.2,85.43,4201
INSUREIETF,20260911,14.75,14.83,14.6,14.76,143136
INTELLECT,20260911,680.2,689.6,676.6,682.6,280610
INTENTECH,20260911,78.5,80.5,76.49,78.53,15643
INTERARCH,20260911,1717.1,1762.7,1700.0,1728.2,36252
INTERNET,20260911,14.66,15.8,14.44,14.87,266026
INTLCONV,20260911,76.99,78.88,76.39,78.27,32019
INVENTURE,20260911,0.92,0.94,0.9,0.92,1362737
INVPRECQ,20260911,1405.8,1405.8,1405.8,1405.8,4228
IOB,20260911,32.7,33.14,32.54,33.07,1926531
IOC,20260911,134.0,136.16,133.25,135.11,7203039
IOLCP,20260911,210.51,210.95,192.0,194.31,5129124
IONEXCHANG,20260911,430.0,461.0,426.65,445.7,1336559
IPCALAB,20260911,1975.8,1995.0,1958.4,1968.5,176417
IPL,20260911,134.52,135.65,133.3,133.69,100420
IPRINGLTD,20260911,147.0,150.5,138.0,145.87,2231
IRB,20260911,19.79,19.79,19.35,19.64,8984467
IRCON,20260911,114.9,114.9,112.55,113.26,1556241
IRCTC,20260911,467.0,467.15,462.15,462.9,604286
IREDA,20260911,112.27,112.57,111.31,111.71,3342411
IRFC,20260911,80.95,81.09,80.1,81.09,8029026
IRIS,20260911,246.07,249.0,243.85,245.39,12982
IRISDOREME,20260911,62.6,62.84,60.9,61.47,437736
IRMENERGY,20260911,281.2,284.9,274.3,280.25,57018
ISFT,20260911,81.78,81.78,78.15,79.48,118688
ISGEC,20260911,821.0,821.0,792.0,795.95,47204
ISHANCH,20260911,45.44,45.44,42.99,44.84,15039
ISTLTD,20260911,650.0,678.0,637.0,662.2,625
IT,20260911,32.03,32.34,31.95,32.13,281406
ITADD,20260911,30.63,30.87,30.59,30.75,8717
ITAXIS,20260911,317.73,320.98,317.73,320.94,1947
ITBEES,20260911,32.1,32.38,31.99,32.17,7008652
ITBETA,20260911,302.0,308.0,299.48,305.42,713
ITC,20260911,258.0,261.65,257.7,259.85,11116049
ITCHOTELS,20260911,153.85,154.5,152.61,153.69,1693876
ITDC,20260911,679.95,730.0,674.7,690.85,3431057
ITETF,20260911,31.17,31.17,30.51,30.74,182890
ITI,20260911,261.4,264.0,258.45,262.85,134104
ITIETF,20260911,32.19,32.42,32.03,32.26,467820
ITL,20260911,368.3,371.9,359.0,369.25,3944
IVALUE,20260911,227.0,229.27,219.6,223.35,119413
IVC,20260911,9.57,9.57,9.05,9.11,1429459
IVP,20260911,216.0,216.0,208.06,214.47,15176
IVZBANKNF,20260911,56.2,56.2,55.78,55.85,357
IVZINGOLD,20260911,132.4,132.5,130.15,131.9,76066
IVZINNIFTY,20260911,266.53,269.4,266.53,269.29,1110
IVZSENSEX,20260911,75.95,76.81,74.27,75.01,685
IWP,20260911,33.58,35.28,33.58,34.41,6626
IXIGO,20260911,159.24,161.27,157.27,158.63,1167601
IZMO,20260911,895.0,916.8,866.4,906.8,117769
J&KBANK,20260911,145.2,146.65,142.8,145.27,1131898
JAGRAN,20260911,62.02,62.56,61.5,62.09,143137
JAGSNPHARM,20260911,229.21,234.6,228.01,232.89,51421
JAIBALAJI,20260911,67.1,67.41,64.33,65.07,934174
JAICORPLTD,20260911,96.0,96.59,94.9,95.73,285725
JAINREC,20260911,290.0,291.15,282.7,284.7,807025
JAIPURKURT,20260911,25.99,25.99,24.7,25.57,1576
JAMNAAUTO,20260911,132.5,137.33,131.27,135.46,6244729
JARO,20260911,453.5,460.0,446.25,454.05,93689
JASH,20260911,520.4,520.4,509.55,514.05,90550
JAYAGROGN,20260911,257.0,257.0,239.09,244.13,47854
JAYBARMARU,20260911,115.0,120.0,114.84,116.58,333020
JAYKAY,20260911,165.09,168.0,160.22,165.32,256432
JAYKAY-RE1,20260911,86.1,88.75,82.86,87.07,60057
JAYNECOIND,20260911,90.2,91.26,89.0,89.97,2973675
JAYSREETEA,20260911,93.88,94.6,92.02,92.9,51691
JBMA,20260911,604.0,633.45,594.0,620.3,857400
JENBURPH,20260911,1020.0,1034.8,998.6,1003.9,1783
JETFREIGHT,20260911,20.2,20.7,19.7,20.07,180744
JGCHEM,20260911,591.85,595.1,575.6,592.05,335069
JHS,20260911,8.38,9.21,7.91,8.43,305861
JINDALPHOT,20260911,980.4,1019.5,980.4,1010.9,1935
JINDALPOLY,20260911,670.0,693.75,670.0,671.3,9891
JINDALSAW,20260911,316.0,316.0,305.05,311.95,1875374
JINDALSTEL,20260911,1111.0,1122.0,1058.0,1120.5,549857
JINDRILL,20260911,666.65,697.0,630.25,633.25,2159907
JINDWORLD,20260911,54.7,55.5,52.01,52.88,14626067
JIOFIN,20260911,228.7,231.37,226.44,229.9,22102551
JISLDVREQS,20260911,20.83,21.39,20.33,20.76,10008
JISLJALEQS,20260911,29.7,29.94,28.97,29.71,2167782
JITFINFRA,20260911,295.0,303.75,287.0,290.35,32081
JKCEMENT,20260911,4900.0,4909.5,4813.0,4843.5,54957
JKIL,20260911,481.7,481.75,475.0,475.85,37901
JKIPL,20260911,92.03,92.9,89.42,91.64,22555
JKLAKSHMI,20260911,498.0,509.75,496.1,505.9,74863
JKPAPER,20260911,411.85,418.85,406.8,414.25,395550
JKTYRE,20260911,355.65,355.65,350.25,353.95,331201
JLHL,20260911,277.55,285.05,277.3,279.15,78427
JMA,20260911,95.99,95.99,91.35,93.22,14169
JMFINANCIL,20260911,125.5,125.94,123.2,124.47,2358523
JNKINDIA,20260911,425.05,433.9,416.85,422.4,61081
JNPR,20260911,259.0,269.3,254.85,265.35,773789
JOCIL,20260911,150.61,150.8,143.1,149.89,8542
JPOLYINVST,20260911,997.0,997.0,984.05,989.5,822
JPPOWER,20260911,16.2,16.2,15.95,16.02,34693775
JSFB,20260911,510.0,520.65,484.85,516.85,1255413
JSL,20260911,754.55,766.5,741.0,756.1,1619515
JSLL,20260911,516.0,516.7,507.0,511.85,342560
JSWCEMENT,20260911,120.5,120.74,118.4,118.87,1784827
JSWDULUX,20260911,3164.5,3172.0,3143.1,3155.1,31176
JSWENERGY,20260911,527.0,527.0,522.75,526.45,583365
JSWHL,20260911,11444.0,11649.0,11213.0,11449.0,2996
JSWINFRA,20260911,339.25,344.1,335.75,343.15,2957954
JSWSTEEL,20260911,1281.0,1286.9,1265.0,1265.0,1580944
JTEKTINDIA,20260911,120.29,121.25,118.52,120.55,79648
JTLIND,20260911,88.8,89.39,86.4,88.68,2156849
JUBLCPL,20260911,2090.0,2142.0,2041.0,2105.8,7884
JUBLFOOD,20260911,470.6,472.85,465.65,470.25,354487
JUBLINGREA,20260911,664.0,666.8,651.4,658.4,313699
JUBLPHARMA,20260911,1020.0,1034.15,1006.3,1025.2,230939
JUNIORBEES,20260911,787.3,787.3,773.5,781.96,470922
JUNIPER,20260911,227.39,228.0,220.23,221.12,163779
JUSTDIAL,20260911,656.3,669.9,656.3,665.55,97065
JWL,20260911,240.06,240.25,237.72,239.58,394239
JYOTHYLAB,20260911,195.7,196.61,194.0,195.06,394200
JYOTICNC,20260911,994.0,998.6,966.0,985.0,692249
JYOTIRES,20260911,868.0,878.95,860.0,867.85,7907
JYOTISTRUC,20260911,9.95,9.97,9.55,9.69,7294287
KABRAEXTRU,20260911,710.0,733.0,690.6,723.15,479794
KAJARIACER,20260911,1245.0,1245.0,1215.3,1226.4,88820
KAKATCEM,20260911,109.0,110.8,107.5,109.57,1851
KALAMANDIR,20260911,83.64,83.64,82.05,82.57,345687
KALPATARU,20260911,267.4,267.9,263.1,266.25,41966
KALYANIFRG,20260911,990.0,1021.85,930.05,1021.65,8554
KALYANKJIL,20260911,609.5,610.0,589.05,601.15,6340796
KAMAHOLD,20260911,2241.1,2303.5,2241.1,2273.5,2654
KAMANWALA,20260911,17.5,17.5,16.27,17.46,2767
KAMATHOTEL,20260911,223.0,225.77,220.21,224.2,38878
KAMDHENU,20260911,40.0,40.0,37.65,39.09,860023
KAMOPAINTS,20260911,4.4,4.4,4.29,4.33,105351
KANANIIND,20260911,1.51,1.54,1.31,1.5,251370
KANCHI,20260911,396.0,397.0,383.6,390.75,2129
KANCOTEA,20260911,52.29,52.29,52.29,52.29,1
KANORICHEM,20260911,180.99,180.99,166.39,169.64,85705
KANPRPLA,20260911,248.05,277.45,247.5,264.6,72663
KANSAINER,20260911,189.39,189.54,187.3,188.6,119478
KAPSTON,20260911,584.95,597.85,578.55,588.2,63762
KARMAENG,20260911,38.25,39.99,37.25,39.63,9768
KARURVYSYA,20260911,336.05,336.05,330.45,333.8,987355
KAUSHALYA,20260911,840.0,840.0,822.0,825.2,286
KAVDEFENCE,20260911,72.41,73.8,68.2,69.33,1320997
KAYA,20260911,333.0,337.0,323.0,331.7,6333
KAYNES,20260911,3475.0,3550.0,3433.4,3505.0,555805
KCP,20260911,163.15,163.15,160.05,162.4,88951
KCPSUGIND,20260911,31.98,31.98,31.0,31.09,65819
KDDL,20260911,3894.9,3955.8,3835.0,3881.9,20482
KDGREEN,20260911,50.0,51.14,47.95,49.09,20263
KEC,20260911,411.0,411.0,404.1,406.4,608964
KECL,20260911,125.0,129.4,120.35,124.21,152390
KEEPLEARN,20260911,1.89,1.92,1.82,1.89,18438
KEI,20260911,4599.0,4599.0,4447.0,4578.0,1138228
KELLTONTEC,20260911,13.45,15.19,13.35,13.77,9142272
KENNAMET,20260911,5000.0,5000.0,4660.0,4682.4,70326
KERNEX,20260911,1709.2,1750.0,1673.1,1732.1,144751
KESORAMIND,20260911,12.0,12.01,12.0,12.01,964628
KEYFINSERV,20260911,249.95,249.95,238.0,239.2,800
KFINTECH,20260911,893.0,904.7,882.4,900.0,622342
KHADIM,20260911,125.54,125.54,121.01,121.01,28736
KHAICHEM,20260911,52.68,55.55,51.22,54.03,402804
KHAITANLTD,20260911,158.4,165.0,154.4,162.51,2808
KHANDSE,20260911,17.49,17.49,16.5,17.1,620
KICL,20260911,5065.0,5083.0,5014.0,5040.5,524
KILITCH,20260911,185.03,189.9,180.0,185.97,22611
KIMS,20260911,773.95,776.85,761.75,768.95,127766
KINGFA,20260911,6215.0,6240.0,6087.0,6197.0,15424
KIOCL,20260911,365.35,365.35,354.3,355.9,142628
KIRANVYPAR,20260911,204.45,209.89,203.99,207.02,2019
KIRIINDUS,20260911,518.8,541.0,512.1,537.35,1067749
KIRLFER,20260911,465.0,468.4,458.85,465.1,91717
KIRLOSBROS,20260911,1805.1,1811.2,1771.0,1784.0,56553
KIRLOSENG,20260911,2229.9,2230.0,2155.7,2168.6,316085
KIRLOSIND,20260911,3575.0,4055.0,3562.3,3828.3,639315
KIRLPNU,20260911,715.05,726.4,706.4,719.9,115300
KISSHT,20260911,330.0,336.2,324.5,328.7,1596936
KITEX,20260911,125.0,125.4,123.6,123.87,247724
KJMCFIN,20260911,61.58,62.5,60.03,60.51,1605
KKCL,20260911,505.95,505.95,492.15,494.9,45845
KLBRENG-B,20260911,477.05,490.0,465.7,486.95,237994
KMCSHIL,20260911,137.45,139.31,134.75,138.47,161203
KMEW,20260911,2904.9,2950.8,2812.1,2869.2,93353
KMSUGAR,20260911,30.1,31.23,29.5,30.41,222197
KNACK,20260911,185.74,185.74,181.51,183.27,429457
KNAGRI,20260911,197.0,197.9,192.75,193.74,9965
KNRCON,20260911,123.11,126.54,119.61,125.66,2245207
KOHINOOR,20260911,30.0,31.2,28.72,30.85,148832
KOKUYOCMLN,20260911,77.4,78.97,77.3,77.91,23988
KOLTEPATIL,20260911,445.0,445.0,435.0,436.85,84268
KOPRAN,20260911,235.75,237.6,226.2,235.26,399882
KOTAKBANK,20260911,412.6,420.0,409.25,419.0,15197483
KOTARISUG,20260911,29.01,30.55,28.3,28.57,84368
KOTHARIPET,20260911,143.0,143.06,136.33,138.57,35052
KOTHARIPRO,20260911,66.0,66.2,64.83,65.78,3613
KOTIC,20260911,148.76,148.76,130.55,133.82,122378
KOTYARK,20260911,31.13,32.68,30.8,32.19,243854
KOVAI,20260911,6292.0,6339.0,6150.5,6203.5,4574
KPEL,20260911,224.13,225.0,213.82,214.91,618562
KPIGREEN,20260911,284.05,285.0,281.0,281.7,847067
KPIL,20260911,1432.0,1442.0,1401.1,1435.7,107494
KPITTECH,20260911,550.9,555.95,545.6,553.75,860098
KPL,20260911,3500.1,3694.0,3422.3,3643.3,42959
KPRMILL,20260911,1122.0,1122.1,1100.0,1109.1,166974
KRBL,20260911,423.25,425.9,416.05,421.05,377861
KREBSBIO,20260911,62.89,62.89,57.07,58.72,8042
KRIDHANINF,20260911,1.96,2.05,1.91,1.96,56301
KRISHANA,20260911,183.5,183.67,178.72,179.66,331496
KRISHIVAL,20260911,418.95,420.0,417.25,419.95,11258
KRISHNADEF,20260911,1067.4,1075.0,1047.1,1065.5,70159
KRITI,20260911,62.9,63.3,60.0,61.4,5393
KRITIKA,20260911,5.46,5.46,5.31,5.4,101267
KRITINUT,20260911,81.98,81.98,80.1,80.52,6426
KRN,20260911,1560.0,1610.7,1531.5,1593.6,188504
KRONOX,20260911,171.11,178.5,170.0,175.92,71650
KROSS,20260911,232.03,239.8,222.84,239.07,2135648
KRSNAA,20260911,557.0,557.6,548.0,550.05,40893
KRYSTAL,20260911,624.45,624.45,608.6,614.45,9449
KSB,20260911,797.2,810.0,788.8,804.2,94866
KSCL,20260911,715.0,721.0,706.05,715.85,80701
KSE,20260911,175.02,180.05,175.02,177.22,23974
KSHINTL,20260911,1173.0,1178.35,1118.05,1170.9,259796
KSHITIJPOL,20260911,3.32,3.57,3.32,3.48,1531366
KSL,20260911,970.0,981.9,931.0,968.75,204430
KSOLVES,20260911,255.5,261.9,254.0,258.1,33182
KSR,20260911,42.5,42.9,39.05,42.4,124716
KTKBANK,20260911,328.5,330.4,322.5,325.35,2126968
KUANTUM,20260911,75.49,78.49,75.01,76.43,117403
KUSUMGAR,20260911,561.85,574.5,556.6,568.1,170440
KWIL,20260911,41.1,44.17,40.7,43.04,42730153
LADDERUP,20260911,73.0,74.31,73.0,74.31,59231
LAGNAM,20260911,72.53,72.8,71.0,72.56,2870
LAHOTIOV,20260911,41.0,41.5,40.16,40.55,11066
LAKPRE,20260911,5.78,6.0,5.44,6.0,7383
LAKSHMIMIL,20260911,7760.0,7835.0,7540.0,7800.0,30
LAL,20260911,8.89,9.19,8.8,8.83,20411
LALITHAA,20260911,337.9,343.6,330.3,338.6,6734761
LALPATHLAB,20260911,1900.0,1924.6,1893.9,1909.0,224876
LAMBODHARA,20260911,136.49,138.5,136.16,137.37,4215
LANCER,20260911,12.95,12.95,12.6,12.74,169288
LANCORHOL,20260911,38.8,39.79,36.3,36.95,150737
LANDMARK,20260911,484.8,494.95,473.95,487.95,110531
LANDSMILL,20260911,0.58,0.59,0.55,0.56,4314557
LAOPALA,20260911,161.79,161.79,158.51,158.93,142467
LARGEMID50,20260911,36.55,36.55,35.4,35.69,1478
LASERPOWER,20260911,289.0,294.05,281.0,289.75,685699
LATENTVIEW,20260911,255.8,255.8,251.55,252.45,335107
LATTEYS,20260911,21.53,21.83,20.42,21.8,24026
LAURUSLABS,20260911,1943.0,1981.8,1918.1,1969.0,2277375
LAXMICOT,20260911,13.08,13.47,12.2,12.89,22433
LAXMIDENTL,20260911,201.15,204.0,197.01,202.84,52887
LAXMIINDIA,20260911,126.5,131.11,125.5,129.07,162049
LCCINFOTEC,20260911,3.12,3.24,2.88,3.14,119835
LCL,20260911,561.25,561.25,545.4,553.05,237836
LEAPIND,20260911,139.9,145.0,136.0,144.34,4172766
LEENEE,20260911,8.28,8.28,7.9,7.9,5872
LEMERITE,20260911,21.0,21.73,20.3,21.11,319184
LEMONTREE,20260911,105.05,105.37,104.06,104.78,1933002
LENSKART,20260911,691.6,696.05,680.0,681.75,4110589
LEXUS,20260911,13.12,13.73,13.12,13.31,5153
LFIC,20260911,144.0,144.0,137.0,139.35,9389
LGBBROSLTD,20260911,1711.0,1729.1,1697.1,1711.0,21366
LGEINDIA,20260911,1647.8,1661.0,1632.4,1636.8,358511
LGHL,20260911,197.75,199.0,180.0,183.99,8290
LIBAS,20260911,10.79,11.48,10.19,11.2,371208
LIBERTSHOE,20260911,232.95,233.0,225.3,228.68,9747
LICHSGFIN,20260911,546.0,572.35,546.0,562.9,11556446
LICI,20260911,402.0,405.65,400.25,404.1,8144654
LICMFGOLD,20260911,136.4,137.0,135.0,136.3,65781
LICNETFGSC,20260911,29.12,29.56,29.12,29.31,21752
LICNETFN50,20260911,256.84,263.8,256.84,263.79,2585
LICNETFSEN,20260911,841.94,841.94,838.51,841.94,6
LICNFNHGP,20260911,268.53,269.6,266.87,269.57,99
LICNMID100,20260911,62.5,62.81,61.53,62.8,31829
LIKHITHA,20260911,213.0,219.9,209.95,217.07,88740
LINC,20260911,97.0,98.42,94.1,95.61,8862
LINCOLN,20260911,635.0,635.0,619.1,623.5,34328
LINDEINDIA,20260911,6203.0,6250.0,6160.0,6227.5,11729
LIQGRWBEES,20260911,1051.75,1055.66,1051.75,1055.41,34508
LIQUID,20260911,999.99,1000.0,999.99,999.99,75735
LIQUID1,20260911,1121.98,1123.01,1120.85,1122.52,627614
LIQUIDADD,20260911,1144.55,1144.61,1144.55,1144.6,297195
LIQUIDBEES,20260911,1000.0,1000.01,999.62,1000.0,3052115
LIQUIDBETA,20260911,1007.77,1007.91,1007.77,1007.91,7
LIQUIDBETF,20260911,1098.14,1098.69,1098.14,1098.68,592160
LIQUIDCASE,20260911,115.9,115.92,115.9,115.91,19174916
LIQUIDETF,20260911,1000.0,1000.01,999.99,1000.0,97436
LIQUIDIETF,20260911,999.99,1000.01,999.99,999.99,1126798
LIQUIDPLUS,20260911,1103.07,1103.09,1103.07,1103.07,466094
LIQUIDSBI,20260911,999.99,1000.01,999.99,999.99,4014
LIQUIDSHRI,20260911,1121.3,1121.32,1121.3,1121.3,20670
LKPSEC,20260911,15.95,16.1,15.44,15.82,2384
LLOYDSENGG,20260911,80.0,83.5,78.5,82.76,8020345
LLOYDSENT,20260911,69.36,70.24,67.6,69.79,3763753
LLOYDSME,20260911,1810.0,1819.0,1773.9,1799.6,400758
LMW,20260911,17302.0,17970.0,17255.0,17727.0,5570
LODHA,20260911,1145.7,1145.8,1075.5,1116.9,4191874
LOKESHMACH,20260911,345.8,354.9,336.55,347.15,33450
LORDSCHLO,20260911,136.08,139.96,135.0,137.67,10254
LOTUSCHO,20260911,597.1,599.9,579.6,589.45,1396
LOTUSDEV,20260911,213.7,215.0,206.25,209.27,2083473
LOTUSEYE,20260911,112.45,114.84,111.0,113.9,6522
LOVABLE,20260911,72.05,72.88,70.0,71.73,40924
LOWVOL,20260911,199.57,200.63,199.5,200.1,1327
LOWVOL1,20260911,20.46,20.61,20.36,20.51,314690
LOWVOLIETF,20260911,21.49,21.69,21.36,21.47,585603
LOYALTEX,20260911,210.0,221.2,202.51,213.83,354
LPDC,20260911,6.1,6.35,6.1,6.16,28809
LT,20260911,3926.0,3948.0,3880.7,3930.7,1195489
LTF,20260911,307.15,311.55,302.7,309.1,3956142
LTFOODS,20260911,438.0,440.35,431.4,438.1,573174
LTGILTBEES,20260911,29.89,29.89,29.75,29.75,1845066
LTGILTCASE,20260911,30.5,30.5,30.35,30.38,124569
LTM,20260911,4300.0,4366.8,4275.0,4275.0,349314
LTTS,20260911,3370.0,3370.1,3322.1,3337.4,32052
LUMAXIND,20260911,5862.0,5942.0,5750.0,5879.5,12470
LUMAXTECH,20260911,1942.0,2011.9,1893.7,1993.7,164997
LUMINO,20260911,106.0,112.8,105.65,108.81,22447623
LUPIN,20260911,2064.0,2108.5,2058.0,2095.0,621899
LUXIND,20260911,1118.4,1118.4,1097.0,1098.6,16241
LXCHEM,20260911,170.0,176.39,169.0,175.56,1243946
LYKALABS,20260911,84.0,84.0,82.8,82.9,8273
M&M,20260911,3110.0,3124.2,3069.1,3107.0,1311484
M&MFIN,20260911,355.0,357.6,351.55,356.15,2169574
MAANALU,20260911,110.5,111.38,108.0,110.4,36365
MACPOWER,20260911,1868.0,1871.6,1780.1,1843.0,20730
MADHAV,20260911,37.2,37.2,36.1,36.29,328
MADHAVIPL,20260911,7.9,8.07,7.81,7.96,110032
MADHUCON,20260911,4.64,4.64,4.27,4.34,43771
MADRASFERT,20260911,62.0,62.64,61.51,61.83,52408
MAFANG,20260911,227.96,239.98,221.0,235.56,802166
MAFATIND,20260911,122.7,123.58,120.15,122.57,18322
MAGADSUGAR,20260911,554.0,554.9,530.3,543.8,39314
MAGNUM,20260911,19.49,19.49,18.51,18.73,12351
MAHABANK,20260911,83.8,84.9,83.05,84.2,21676225
MAHAPEXLTD,20260911,57.63,57.63,54.0,54.57,6489
MAHASTEEL,20260911,1339.0,1345.0,1265.1,1276.1,4655
MAHEPC,20260911,102.64,102.89,101.51,101.82,15709
MAHESHWARI,20260911,71.52,72.0,70.5,70.71,5358
MAHKTECH,20260911,23.8,23.8,21.2,22.03,1130987
MAHLIFE,20260911,359.6,360.0,349.1,353.05,105958
MAHLOG,20260911,399.85,399.9,392.6,397.2,90944
MAHSCOOTER,20260911,13098.0,13120.0,12852.0,12964.0,1980
MAHSEAMLES,20260911,720.95,738.0,707.25,728.9,1045480
MAITHANALL,20260911,1050.0,1058.0,1026.55,1045.85,91972
MAJESAUT,20260911,379.8,379.8,360.3,366.7,2182
MAKEINDIA,20260911,163.46,163.46,161.29,162.79,68217
MAKERSL,20260911,177.05,189.0,175.98,185.87,4047
MALLCOM,20260911,970.05,980.0,943.0,952.15,8524
MALUPAPER,20260911,33.9,34.89,33.65,34.53,8781
MAMATA,20260911,408.85,417.0,403.4,407.85,22417
MANAKALUCO,20260911,38.17,38.19,36.75,36.87,147808
MANAKCOAT,20260911,123.9,129.8,121.53,128.53,734495
MANAKSIA,20260911,69.45,73.4,68.91,70.95,221417
MANAKSTEEL,20260911,116.5,120.76,112.1,117.91,149999
MANALIPETC,20260911,85.49,87.65,82.22,84.93,2153198
MANAPPURAM,20260911,324.75,329.1,323.1,329.0,3460959
MANBA,20260911,131.48,133.99,130.21,132.47,58753
MANCREDIT,20260911,221.5,222.0,215.25,219.9,17559
MANGALAM,20260911,35.0,38.25,33.11,36.46,385169
MANGLMCEM,20260911,1015.0,1038.2,1014.7,1028.0,75011
MANINDS,20260911,873.0,904.0,819.1,866.1,4525404
MANINFRA,20260911,127.95,127.95,125.7,126.87,1968685
MANIPALHOS,20260911,732.05,733.5,714.4,717.35,725068
MANKIND,20260911,2237.2,2280.0,2222.0,2280.0,530698
MANOMAY,20260911,234.8,236.0,231.27,234.19,118616
MANORAMA,20260911,2078.9,2080.0,2040.1,2055.7,120283
MANORG,20260911,459.0,470.05,450.25,466.45,7599
MANUFGBEES,20260911,161.5,166.38,159.05,160.93,4576
MANUGRAPH,20260911,15.15,15.15,14.8,14.96,811
MANYAVAR,20260911,575.8,584.5,562.0,582.35,230359
MAPMYINDIA,20260911,940.0,943.4,921.4,925.8,154456
MARALOVER,20260911,63.35,63.35,59.0,62.41,12281
MARATHON,20260911,444.0,444.0,428.0,435.45,87056
MARICO,20260911,797.0,810.0,795.7,802.1,1533624
MARINE,20260911,413.0,425.65,390.0,419.15,774758
MARKOLINES,20260911,172.79,172.9,168.88,170.86,84274
MARKSANS,20260911,325.0,333.75,324.2,329.4,1631814
MARSONS,20260911,125.38,128.4,122.46,127.24,1265195
MARUTI,20260911,12520.0,12541.0,12381.0,12400.0,514868
MASFIN,20260911,291.0,298.4,288.0,295.95,267840
MASKINVEST,20260911,146.0,154.89,141.19,145.36,671
MASPTOP50,20260911,97.96,103.96,91.36,93.97,1819204
MASTEK,20260911,1610.0,1643.9,1593.8,1626.3,115370
MASTERTR,20260911,91.99,93.4,88.77,90.61,346480
MATRIMONY,20260911,508.65,519.0,502.65,514.8,11096
MAWANASUG,20260911,135.0,138.19,132.4,134.63,308048
MAXESTATES,20260911,557.85,568.0,537.95,560.45,105077
MAXHEALTH,20260911,1028.2,1041.5,1022.7,1037.7,2506618
MAXIND,20260911,145.5,147.31,144.47,146.0,45617
MAYURUNIQ,20260911,747.85,755.0,738.3,740.05,80412
MAZDA,20260911,265.8,265.8,252.65,255.25,5715
MAZDOCK,20260911,2367.6,2367.6,2315.4,2339.0,509510
MBAPL,20260911,162.05,162.25,159.63,160.87,613250
MBECL,20260911,330.4,330.4,330.4,330.4,1091
MBEL,20260911,259.0,259.3,249.65,254.2,220155
MBLINFRA,20260911,23.7,23.7,22.7,23.0,12917
MCCHRLS-B,20260911,720.0,720.0,670.0,673.9,4933
MCL,20260911,59.9,59.9,57.56,57.92,39370
MCLEODRUSS,20260911,44.2,44.51,42.15,43.28,258616
MCLOUD,20260911,26.0,26.01,25.55,25.67,940129
MCX,20260911,3326.0,3389.0,3247.2,3276.0,1686562
MEDANTA,20260911,1450.1,1459.7,1432.3,1447.2,74678
MEDIASSIST,20260911,320.6,321.0,311.05,316.4,178119
MEDICAMEQ,20260911,301.0,330.0,289.45,323.05,191712
MEDICAPQ,20260911,34.59,36.2,31.7,31.7,64727
MEDICO,20260911,35.15,38.75,34.86,37.05,1342990
MEDPLUS,20260911,658.0,661.45,654.0,660.15,78313
MEESHO,20260911,215.0,223.1,214.5,217.08,27172498
MEGASTAR,20260911,295.0,295.0,267.75,277.5,1349
MEIL,20260911,277.0,284.0,272.0,282.1,33612
MENNPIS,20260911,73.33,80.0,72.6,78.65,87291
MENONBE,20260911,297.5,305.05,286.6,297.5,49421
MEP,20260911,0.67,0.68,0.66,0.67,40037
MERCANTILE,20260911,24.0,24.78,23.52,23.86,3994
MERCURYEV,20260911,41.51,44.05,40.71,41.86,2352177
METAL,20260911,13.72,13.72,13.03,13.16,2627619
METALIETF,20260911,13.34,13.35,12.98,13.1,24846699
METROBRAND,20260911,940.25,950.0,922.6,940.2,466848
METROGLOBL,20260911,141.99,145.0,128.7,138.58,6913
METROPOLIS,20260911,598.1,598.1,583.0,585.5,121416
MFML,20260911,18.81,19.0,18.52,18.52,2771
MFSL,20260911,1468.0,1488.0,1453.6,1477.0,350366
MGEL,20260911,15.72,16.6,15.6,15.86,337674
MGL,20260911,1099.9,1099.9,1080.4,1084.3,76835
MHLXMIRU,20260911,158.31,159.8,157.06,157.24,5666
MHRIL,20260911,195.0,199.95,193.97,196.73,136133
MICEL,20260911,35.49,35.49,35.49,35.49,136226
MID150,20260911,23.25,23.59,22.97,23.25,52420
MID150BEES,20260911,242.53,242.53,233.49,236.63,895099
MID150CASE,20260911,11.28,11.6,11.28,11.51,1149059
MIDBANKADD,20260911,17.18,17.39,17.18,17.39,2320
MIDCAP,20260911,18.69,18.69,18.04,18.31,670228
MIDCAPADD,20260911,22.69,22.98,22.66,22.89,11142
MIDCAPBETA,20260911,230.11,230.62,227.98,230.43,1517
MIDCAPETF,20260911,23.5,23.5,23.1,23.39,2535292
MIDCAPIETF,20260911,23.86,23.86,23.37,23.71,831090
MIDHANI,20260911,461.0,461.0,442.5,447.4,1941042
MIDQ50ADD,20260911,24.88,24.88,24.1,24.33,26379
MIDSELIETF,20260911,19.56,19.88,19.41,19.78,212799
MIDSMALL,20260911,51.48,51.65,50.8,51.56,390431
MIDWESTLTD,20260911,1066.7,1066.7,1005.5,1016.4,61358
MIIL,20260911,699.95,699.95,669.95,676.45,76449
MILKYMIST,20260911,279.0,292.77,276.83,292.77,8807785
MINALIND,20260911,5.56,5.56,5.56,5.56,9067
MINDACORP,20260911,698.0,708.0,693.1,705.45,109889
MINDTECK,20260911,160.0,161.39,156.61,158.61,35491
MIRZAINT,20260911,30.81,31.0,30.31,30.63,55731
MITCON,20260911,82.0,82.0,79.1,80.15,9000
MITTAL,20260911,0.82,0.83,0.78,0.8,3402263
MKEXIM,20260911,65.9,65.9,61.2,64.99,33700
MKPL,20260911,4.01,4.05,3.68,3.96,121039
MLKFOOD,20260911,83.42,83.42,79.0,80.64,3274
MMFL,20260911,644.15,644.7,626.6,631.7,71004
MMP,20260911,445.0,475.0,439.7,469.95,94390
MMTC,20260911,62.25,62.36,61.06,61.92,1116559
MMWL,20260911,14.09,14.09,13.31,13.46,16167
MNC,20260911,33.06,33.06,32.4,32.71,119113
MOALPHA50,20260911,56.05,56.26,55.55,56.12,6468
MOBANK10,20260911,16.65,16.65,16.32,16.65,2913
MOBIKWIK,20260911,194.42,220.22,193.21,209.7,18106631
MOCAPITAL,20260911,53.63,54.45,52.56,53.99,971245
MODEFENCE,20260911,110.0,110.0,105.85,106.73,1297463
MODINATUR,20260911,350.0,362.15,335.1,339.7,15368
MODIRUBBER,20260911,126.64,126.64,122.4,123.91,1863
MODIS,20260911,373.3,373.3,364.05,365.5,10813
MODISONLTD,20260911,498.9,517.0,495.0,503.05,92092
MODTHREAD,20260911,51.02,53.5,50.21,52.92,1510
MOENERGY,20260911,38.8,38.8,38.0,38.06,196018
MOGOLD,20260911,149.8,150.5,148.1,149.8,15805
MOGSEC,20260911,65.69,65.7,65.08,65.17,1358
MOHEALTH,20260911,52.08,52.28,51.33,52.15,37848
MOHITE,20260911,2.78,2.78,2.38,2.63,242470
MOHITIND,20260911,23.5,23.95,22.67,23.23,12041
MOIL,20260911,248.6,248.6,244.36,244.93,820722
MOINFRA,20260911,58.66,58.87,58.25,58.73,917
MOIPO,20260911,48.09,48.71,47.79,48.7,5307
MOKSH,20260911,10.23,10.7,9.99,10.31,352186
MOL,20260911,61.99,63.25,60.61,62.52,903722
MOLBIO,20260911,1545.0,1686.8,1391.7,1438.2,22057840
MOLDTECH,20260911,213.8,217.0,201.35,207.39,46074
MOLDTKPAC,20260911,685.0,685.0,662.85,676.45,45072
MOLOWVOL,20260911,35.58,35.58,35.06,35.33,4926
MOM100,20260911,67.31,67.5,66.28,67.29,350787
MOM30IETF,20260911,31.37,31.37,30.86,31.3,846206
MOM50,20260911,244.44,246.88,244.01,246.88,3523
MOMENTUM,20260911,31.8,31.98,30.76,31.61,61704
MOMENTUM30,20260911,30.55,30.81,30.37,30.63,51053
MOMENTUM50,20260911,54.41,54.7,53.67,54.52,412402
MOMETAL,20260911,13.3,13.3,12.87,13.07,93214
MOMGF,20260911,158.98,160.28,157.9,160.0,2350
MOMIDMTM,20260911,64.25,64.75,63.39,64.37,37777
MOMMIDCAP,20260911,12.91,13.01,12.8,12.99,1529959
MOMNC,20260911,32.61,32.61,31.37,31.85,6101
MOMOMENTUM,20260911,62.8,62.88,61.31,62.07,49442
MOMSBELIEF,20260911,217.0,226.25,208.03,224.96,118302
MON100,20260911,331.0,338.0,324.87,332.83,624312
MON50EQUAL,20260911,32.5,32.57,32.3,32.51,3476
MONARCH,20260911,370.0,376.0,363.3,373.95,125966
MONEXT50,20260911,71.56,72.46,71.18,71.9,6729
MONEYBOXX,20260911,36.0,40.86,36.0,40.86,182568
MONIFTY100,20260911,24.61,24.81,24.6,24.78,3430
MONIFTY500,20260911,23.49,23.74,23.25,23.53,476815
MONQ50,20260911,198.99,218.7,190.26,216.35,805626
MONTECARLO,20260911,556.05,557.8,548.0,555.45,35635
MOOILGAS,20260911,11.27,11.4,10.92,11.34,11555
MOPSE,20260911,99.23,99.41,98.53,99.27,1829
MOQUALITY,20260911,193.74,195.0,193.74,194.92,1640
MOREALTY,20260911,90.1,90.1,83.51,85.21,4236073
MOREPENLAB,20260911,114.5,117.7,111.01,115.78,15303804
MOSCHIP,20260911,206.7,211.75,204.0,210.29,1607823
MOSERVICE,20260911,30.13,30.35,29.81,30.33,1731
MOSILVER,20260911,225.98,225.98,221.29,224.35,47162
MOSMALL250,20260911,18.97,18.97,18.25,18.41,1053169
MOTHERSON,20260911,161.44,165.58,160.71,164.45,13200183
MOTILALOFS,20260911,1003.3,1030.7,988.0,1026.5,625141
MOTISONS,20260911,15.99,16.1,15.62,15.95,10279100
MOTOGENFIN,20260911,26.56,26.86,25.16,25.59,26188
MOTOUR,20260911,76.5,77.32,75.53,76.85,12352
MOVALUE,20260911,111.59,112.0,109.64,111.48,45242
MPDL,20260911,30.51,32.11,30.51,32.11,763
MPHASIS,20260911,2275.0,2309.2,2273.3,2295.0,184932
MPSLTD,20260911,2705.9,2705.9,2600.0,2608.5,26139
MRF,20260911,128105.0,128765.0,127015.0,128290.0,2143
MRPL,20260911,183.99,186.83,173.51,175.86,15708657
MSCI360,20260911,9.86,10.09,9.8,9.94,15049
MSCIADD,20260911,28.9,28.95,28.66,28.92,594
MSCIINDIA,20260911,29.18,29.4,28.94,29.11,4111
MSL,20260911,149.0,149.0,140.0,141.56,236
MSPL,20260911,34.11,34.53,33.06,33.96,493940
MSTCLTD,20260911,727.0,758.95,717.0,738.55,311849
MSUMI,20260911,36.27,36.55,36.02,36.3,7815501
MTARTECH,20260911,7102.0,7399.0,7005.0,7312.5,53464
MTEDUCARE,20260911,1.86,1.86,1.77,1.82,89233
MTNL,20260911,25.0,25.06,24.61,24.74,581753
MUFIN,20260911,134.8,135.84,133.6,134.76,233975
MUFTI,20260911,74.09,74.5,72.5,72.78,70139
MUKANDLTD,20260911,140.89,140.89,137.81,139.48,78890
MUKESHB,20260911,132.5,133.0,132.5,133.0,13
MUKKA,20260911,30.57,33.0,28.56,32.17,1909923
MUKTAARTS,20260911,56.0,58.69,55.9,58.57,862
MULTICAP,20260911,16.86,16.86,16.37,16.51,258604
MUNJALAU,20260911,109.0,109.01,105.1,106.64,457549
MUNJALSHOW,20260911,127.47,128.4,125.42,127.66,14894
MURUDCERA,20260911,29.76,30.4,29.21,29.78,11028
MUTHOOTCAP,20260911,230.0,235.02,225.0,226.85,11199
MUTHOOTFIN,20260911,2790.0,2820.0,2728.6,2792.1,1015297
MUTHOOTMF,20260911,196.13,197.0,190.25,196.48,130018
MVELECTRO,20260911,843.0,874.25,817.5,841.7,4580933
MVGJL,20260911,208.7,208.7,195.6,197.37,332881
MWL,20260911,38.95,41.9,38.25,40.6,1344494
MYSORPETRO,20260911,147.78,147.78,141.1,141.1,3988
NACLIND,20260911,157.96,158.89,156.6,157.62,259054
NAGREEKCAP,20260911,22.98,25.15,22.31,24.9,17663
NAGREEKEXP,20260911,22.33,22.74,22.26,22.4,9711
NAHARCAP,20260911,258.6,259.0,252.0,258.9,1192
NAHARINDUS,20260911,133.89,134.7,130.1,131.62,14797
NAHARPOLY,20260911,240.92,240.92,230.1,231.87,3654
NAHARSPING,20260911,267.0,275.0,264.8,273.1,22807
NAM-INDIA,20260911,1169.0,1192.0,1159.4,1189.6,776467
NARMADA,20260911,13.89,14.49,13.82,14.38,319864
NATCAPSUQ,20260911,192.6,192.6,185.0,189.39,8916
NATCOPHARM,20260911,816.1,821.45,801.4,815.35,567956
NATHBIOGEN,20260911,150.95,150.95,141.3,147.78,29647
NATIONALUM,20260911,365.0,365.0,352.35,361.0,6560514
NATIONSTD,20260911,116.5,116.5,110.1,110.11,24335
NAUKRI,20260911,1250.0,1262.1,1244.8,1250.8,524171
NAVA,20260911,555.0,555.0,546.5,551.85,169081
NAVINFLUOR,20260911,8671.0,8699.5,8486.5,8543.5,86538
NAVKARCORP,20260911,93.55,94.28,92.6,93.58,143303
NAVKARURB,20260911,0.89,0.9,0.85,0.87,487932
NAVNETEDUL,20260911,127.61,128.3,126.61,127.85,49863
NAZARA,20260911,372.4,374.6,362.0,370.3,1148490
NBCC,20260911,82.88,83.14,82.0,82.9,6012573
NBIFIN,20260911,1960.0,2020.0,1960.0,2020.0,28
NCC,20260911,142.25,142.39,138.8,140.94,1687263
NCLIND,20260911,176.51,177.89,171.82,175.05,60944
NDGL,20260911,2660.0,2705.0,2648.9,2692.2,203
NDL,20260911,2.95,2.95,2.82,2.86,711856
NDLVENTURE,20260911,129.0,131.5,121.07,125.43,55538
NDRAUTO,20260911,701.15,701.15,684.9,692.85,13350
NDTV,20260911,72.29,72.61,70.1,72.02,89989
NEAGI,20260911,3443.0,3443.0,3435.0,3435.0,11
NECCLTD,20260911,19.4,19.4,18.36,19.1,28292
NECLIFE,20260911,11.93,12.18,11.41,11.5,110885
NELCAST,20260911,110.0,110.0,107.71,108.56,67750
NELCO,20260911,932.05,955.0,919.6,947.25,159706
NEOGEN,20260911,2390.0,2411.0,2274.4,2373.0,409164
NEPHROPLUS,20260911,747.25,781.5,734.05,765.35,337264
NESCO,20260911,1090.0,1109.8,1090.0,1102.2,39091
NESTLEIND,20260911,1376.7,1401.2,1373.5,1383.3,1238699
NETF,20260911,263.11,263.11,253.54,254.79,8327
NETWEB,20260911,4967.5,5055.0,4916.0,5027.0,870299
NETWORK18,20260911,26.61,26.89,26.35,26.64,3839278
NEUEON,20260911,12.28,12.28,11.58,11.96,37376
NEULANDLAB,20260911,23780.0,23895.0,23225.0,23535.0,43901
NEWGEN,20260911,507.0,509.0,498.55,501.4,583926
NEXT30ADD,20260911,42.11,42.5,42.01,42.39,3594
NEXT50,20260911,746.0,747.68,738.6,746.1,39376
NEXT50ADD,20260911,72.55,72.91,71.96,72.78,6726
NEXT50BETA,20260911,78.34,78.34,77.27,78.06,1478655
NEXT50ETF,20260911,72.95,74.98,71.86,72.96,11202
NEXT50IETF,20260911,78.23,78.23,75.53,76.35,1014382
NEXTMEDIA,20260911,3.89,3.92,3.77,3.9,9170
NFL,20260911,68.2,68.74,67.6,68.49,498200
NGIL,20260911,34.21,34.7,32.93,33.42,13638
NGLFINE,20260911,2723.5,2723.5,2578.0,2657.2,8524
NH,20260911,1903.0,1908.3,1864.6,1869.2,183488
NHPC,20260911,75.91,77.4,75.87,76.38,12031109
NIACL,20260911,197.0,203.77,194.13,198.39,7024229
NIBE,20260911,1298.0,1298.0,1266.5,1282.4,40817
NIBL,20260911,31.0,36.69,29.97,33.23,438095
NICCOPAR,20260911,80.5,83.0,79.5,83.0,306
NIF100BEES,20260911,267.58,267.58,258.44,261.2,48961
NIF100IETF,20260911,27.3,27.6,27.21,27.49,71066
NIF500BETA,20260911,36.6,36.78,36.42,36.78,1712
NIFTY1,20260911,260.24,264.25,258.3,260.41,105159
NIFTY100EW,20260911,34.28,35.59,34.22,34.53,91355
NIFTYADD,20260911,246.48,247.58,245.37,246.89,35502
NIFTYAXIS,20260911,258.76,262.29,257.75,259.44,653406
NIFTYBEES,20260911,268.6,268.6,265.01,267.14,9238422
NIFTYBETA,20260911,266.56,266.56,257.46,260.23,20680
NIFTYBETF,20260911,240.47,241.7,239.59,241.1,3514
NIFTYCASE,20260911,9.64,9.64,9.33,9.41,1453190
NIFTYETF,20260911,254.57,255.59,252.56,255.29,193221
NIFTYIETF,20260911,264.77,266.36,263.66,265.67,494060
NIFTYJBLK,20260911,12.3,12.61,11.89,12.14,137929
NIFTYQLITY,20260911,20.9,20.9,20.63,20.83,10193
NIITLTD,20260911,93.8,94.25,92.0,92.49,219228
NIITMTS,20260911,224.0,237.93,219.44,229.84,1468129
NILAINFRA,20260911,6.8,6.8,6.61,6.64,96646
NILASPACES,20260911,12.2,12.46,11.99,12.28,1502397
NILE,20260911,1450.5,1473.1,1440.0,1452.1,1642
NILKAMAL,20260911,2067.1,2067.1,2005.0,2050.8,24037
NIMBSPROJ,20260911,163.63,165.43,163.5,165.25,1022
NINSYS,20260911,714.7,716.7,705.0,710.7,3308
NIPPOBATRY,20260911,316.0,324.0,316.0,317.85,1674
NIRAJ,20260911,27.5,28.37,25.7,27.22,41690
NIRAJISPAT,20260911,301.0,301.0,300.2,300.3,1868
NIRLON,20260911,624.0,624.0,598.8,607.5,6764
NITCO,20260911,94.3,94.3,91.5,93.71,329886
NITINSPIN,20260911,649.0,652.95,636.55,651.05,63163
NITIRAJ,20260911,233.0,237.1,226.0,233.25,5204
NITTAGELA,20260911,1655.0,1655.1,1584.0,1645.3,6154
NIVABUPA,20260911,79.1,80.36,78.36,79.93,472895
NKIND,20260911,56.8,57.4,55.04,55.43,506
NLCINDIA,20260911,268.0,268.55,263.55,264.4,1177609
NMDC,20260911,83.79,83.79,82.25,82.4,9234255
NOCIL,20260911,193.5,194.3,188.03,189.65,1202651
NOIDATOLL,20260911,4.0,4.08,3.9,3.95,68478
NORBTEAEXP,20260911,64.02,67.34,61.4,64.4,4523
NORTHARC,20260911,306.15,307.65,302.4,305.1,699849
NOVAAGRI,20260911,23.3,23.3,22.05,22.7,61630
NOVARTIND,20260911,2380.0,2550.0,2262.1,2391.3,454582
NPBET,20260911,280.92,284.79,280.92,284.56,189
NPST,20260911,1720.0,1723.1,1663.4,1686.1,20477
NRAIL,20260911,595.3,634.0,561.65,627.9,40702
NRBBEARING,20260911,518.3,519.0,498.2,514.65,700202
NRL,20260911,134.84,138.0,132.0,133.06,39928
NSIL,20260911,5620.0,5638.0,5510.5,5551.0,2296
NSLNISP,20260911,43.36,43.83,42.46,43.66,3568740
NTCIND,20260911,136.7,136.7,130.01,134.91,596
NTPC,20260911,333.0,336.25,331.6,333.4,4968535
NTPCGREEN,20260911,87.7,87.72,86.44,86.94,1230861
NUCLEUS,20260911,701.05,701.05,690.1,696.45,13685
NURECA,20260911,343.55,346.95,330.0,332.75,5811
NUVAMA,20260911,1735.6,1746.5,1703.4,1737.2,240099
NUVOCO,20260911,330.85,331.5,325.25,330.15,101606
NV20,20260911,13.73,13.73,13.26,13.56,102904
NV20BEES,20260911,135.5,136.68,134.6,136.15,29250
NV20IETF,20260911,13.23,13.31,12.99,13.27,538148
NYKAA,20260911,341.15,344.5,339.05,344.5,3977712
OAL,20260911,522.1,544.8,511.0,532.1,43221
OBCL,20260911,56.7,56.7,55.7,55.78,4948
OBEROIRLTY,20260911,1775.7,1780.0,1714.8,1741.1,543198
OCCLLTD,20260911,166.8,166.8,157.2,159.41,48957
ODIGMA,20260911,22.33,22.7,21.99,22.23,17891
ODYCORP,20260911,7.4,7.4,6.11,7.18,121012
OFSS,20260911,11599.0,11830.0,11595.0,11763.0,246099
OIL,20260911,508.0,511.95,485.4,489.8,5273521
OILCOUNTUB,20260911,60.0,61.2,59.3,61.2,6763
OILIETF,20260911,11.17,11.19,11.1,11.17,1400822
OLAELEC,20260911,38.7,39.35,38.34,38.54,48676576
OLECTRA,20260911,1193.1,1223.0,1185.5,1209.5,311051
OMAXAUTO,20260911,176.0,176.0,168.0,172.93,67161
OMAXE,20260911,121.0,126.2,117.51,123.98,1063265
OMFREIGHT,20260911,87.1,90.0,83.8,89.12,13225
OMINFRAL,20260911,80.8,82.0,78.85,79.59,50982
OMNI,20260911,554.9,558.0,537.55,549.75,582475
OMPOWER,20260911,167.01,174.95,165.0,171.54,206438
ONEGLOBAL,20260911,545.0,545.0,535.0,540.45,10095
ONELIFECAP,20260911,32.0,32.89,30.65,32.76,50114
ONEPOINT,20260911,57.7,57.7,55.99,56.39,363820
ONESOURCE,20260911,1548.1,1624.7,1530.0,1592.2,919086
ONGC,20260911,239.9,243.16,232.5,232.5,27128531
ONIDA,20260911,32.7,32.99,31.62,32.18,510143
ONIXSOLAR,20260911,458.9,459.0,436.45,438.65,428009
ONMOBILE,20260911,46.28,47.0,46.28,47.0,42356
ONWARDTEC,20260911,287.15,287.15,281.0,283.65,13987
OPTIEMUS,20260911,551.0,570.0,540.0,566.25,169027
OPTIFIN,20260911,15.22,15.22,14.2,14.5,31031
ORBTEXP,20260911,237.0,244.0,232.4,237.0,484
ORCHASP,20260911,1.45,1.48,1.36,1.41,169364
ORCHPHARMA,20260911,1005.5,1010.0,973.55,1003.05,68916
ORICONENT,20260911,53.0,53.0,51.2,51.39,48345
ORIENTALTL,20260911,5.03,5.14,5.0,5.07,65353
ORIENTBELL,20260911,408.8,412.0,400.2,401.95,22419
ORIENTCEM,20260911,125.0,126.28,123.0,125.58,258021
ORIENTCER,20260911,45.81,46.7,45.15,46.01,58539
ORIENTELEC,20260911,175.0,175.45,171.2,173.56,143546
ORIENTHOT,20260911,139.0,145.0,137.35,141.35,466572
ORIENTLTD,20260911,84.0,84.0,78.11,82.75,845
ORIENTPPR,20260911,17.65,18.06,17.65,17.78,151622
ORIENTTECH,20260911,237.18,274.5,233.7,249.64,8430139
ORIRAIL,20260911,123.8,125.0,116.86,124.11,164548
ORISSAMINE,20260911,4100.0,4100.0,3948.0,3955.2,10318
ORKLAINDIA,20260911,572.25,594.9,571.05,591.25,39880
ORTINGLOBE,20260911,16.7,17.11,15.81,17.09,30391
OSIAHYPER,20260911,2.35,2.52,2.35,2.44,321940
OSWALAGRO,20260911,35.0,35.97,34.91,35.6,58945
OSWALGREEN,20260911,19.79,20.09,19.65,20.01,43802
OSWALPUMPS,20260911,282.0,283.5,276.4,282.45,289556
OSWALSEEDS,20260911,15.0,17.0,15.0,15.54,1482517
PACEDIGITK,20260911,157.6,159.8,155.71,158.33,474369
PACIFICI,20260911,144.8,145.0,140.0,140.0,421
PAGEIND,20260911,35405.0,35410.0,35080.0,35365.0,11287
PAISALO,20260911,81.72,84.6,81.2,84.23,16781160
PAKKA,20260911,77.29,77.59,76.01,76.57,159578
PALASHSECU,20260911,89.9,89.9,85.0,85.92,2205
PALREDTEC,20260911,50.9,54.9,50.62,52.0,796
PANACEABIO,20260911,387.9,399.95,383.45,397.65,89281
PANACHE,20260911,510.0,519.0,510.0,519.0,2302
PANAMAPET,20260911,493.8,495.0,479.0,483.15,196478
PANCHMAHQ,20260911,280.0,300.0,280.0,280.0,4
PANORAMA,20260911,52.89,55.96,50.01,53.78,755344
PANSARI,20260911,275.3,292.5,275.3,281.5,1995
PAR,20260911,141.99,147.96,134.03,140.92,76296
PARACABLES,20260911,65.1,65.71,63.2,64.87,1513296
PARADEEP,20260911,156.25,156.38,153.03,155.96,1894916
PARAGMILK,20260911,263.3,273.2,261.0,268.5,2611943
PARAS,20260911,1440.0,1446.6,1404.0,1435.6,703534
PARASPETRO,20260911,2.19,2.23,2.1,2.17,112354
PARKHOSPS,20260911,279.0,281.7,276.65,279.3,211652
PARKHOTELS,20260911,111.63,111.79,109.2,110.77,113025
PARNAXLAB,20260911,127.48,134.72,125.0,127.0,3083
PARSVNATH,20260911,1.72,1.72,1.72,1.72,181521
PASHUPATI,20260911,81.0,84.7,79.98,80.73,139989
PASUPTAC,20260911,67.25,67.87,66.06,67.08,32213
PATANJALI,20260911,338.0,341.0,336.0,341.0,1986378
PATELENG,20260911,26.7,26.74,26.11,26.61,1915972
PATELRMART,20260911,214.0,214.0,205.82,211.05,101683
PATINTLOG,20260911,13.44,13.44,13.0,13.18,14144
PAUSHAKLTD,20260911,730.0,748.6,723.8,729.6,55605
PAVNAIND,20260911,15.23,15.88,14.51,14.88,94965
PAYTM,20260911,1745.0,1840.0,1726.8,1807.5,9269434
PBMPOLY,20260911,59.43,61.0,59.43,61.0,65
PCBL,20260911,331.3,332.0,324.45,331.05,1147765
PCJEWELLER,20260911,13.83,13.92,13.22,13.7,420161544
PDMJEPAPER,20260911,97.74,99.79,96.15,97.7,231141
PDSL,20260911,347.45,349.6,342.3,348.2,31707
PEARLPOLY,20260911,15.65,15.97,15.51,15.51,1835
PENIND,20260911,175.0,178.3,171.01,175.54,471310
PENINLAND,20260911,15.32,15.82,15.21,15.59,116121
PERMAGN,20260911,857.0,878.5,849.5,864.65,1843
PERNIASPOP,20260911,561.0,585.0,542.1,569.9,426175
PERSISTENT,20260911,5469.0,5545.5,5444.5,5516.0,335360
PETRONET,20260911,285.65,287.2,283.85,287.2,781806
PFC,20260911,348.0,353.45,348.0,353.45,6198609
PFIZER,20260911,4103.1,4123.8,4054.0,4060.2,138685
PFOCUS,20260911,310.0,315.6,307.0,310.85,313377
PFS,20260911,27.1,27.83,26.99,27.42,511300
PGEL,20260911,537.5,545.0,527.5,545.0,852250
PGHH,20260911,7560.0,7564.0,7507.5,7518.0,9836
PGHL,20260911,5430.0,5470.5,5302.5,5411.5,7707
PGIL,20260911,1200.8,1224.8,1155.3,1187.7,130774
PHARMABEES,20260911,27.27,27.77,26.58,27.29,3064207
PHOENIXLTD,20260911,1876.0,1910.0,1825.1,1890.0,723014
PHOENXINTL,20260911,29.0,30.15,29.0,29.85,1965
PICCADIL,20260911,602.0,610.2,592.1,602.15,150037
PIDILITIND,20260911,1550.0,1567.9,1540.4,1566.9,389368
PIGL,20260911,104.0,105.99,102.0,102.1,81976
PIIND,20260911,2350.0,2365.0,2191.0,2259.0,1124887
PILANIINVS,20260911,4270.0,4270.0,4167.3,4191.6,1468
PILITA,20260911,7.76,8.0,7.7,7.84,15708
PINELABS,20260911,171.0,206.38,170.96,202.17,276696049
PIONEEREMB,20260911,20.42,21.4,20.24,20.51,7098
PIONRINV,20260911,86.0,87.21,84.75,87.21,1782
PIRAMALFIN,20260911,2267.9,2287.4,2249.3,2255.6,290691
PITTIENG,20260911,1170.0,1172.0,1123.8,1167.9,128175
PIXTRANS,20260911,1721.1,1750.0,1709.9,1722.1,10173
PKTEA,20260911,1080.0,1150.0,1001.1,1121.75,25219
PLASTIBLEN,20260911,194.4,195.04,186.73,192.78,28068
PLATIND,20260911,219.23,223.0,218.42,221.05,33790
PLAZACABLE,20260911,60.9,63.5,59.32,62.97,304379
PML,20260911,499.0,499.0,482.0,482.45,301
PNB,20260911,116.0,117.79,114.52,116.75,11479971
PNBGILTS,20260911,80.36,81.0,79.04,80.34,230861
PNBHOUSING,20260911,1172.0,1189.6,1162.0,1178.9,1152599
PNC,20260911,16.0,16.94,16.0,16.5,10552
PNCINFRA,20260911,177.0,177.29,174.1,175.4,287085
PNGJL,20260911,603.0,622.0,598.7,613.2,300120
PNGSREVA,20260911,504.6,517.45,500.0,512.7,79334
POCL,20260911,457.55,462.95,445.05,454.15,414804
PODDARMENT,20260911,295.1,298.95,275.05,279.85,12804
POEL,20260911,140.85,141.99,138.8,140.83,25399
POKARNA,20260911,775.0,819.0,753.35,804.15,314231
POLICYBZR,20260911,1783.0,1813.3,1757.3,1797.3,564406
POLYCAB,20260911,8319.0,8319.0,8118.0,8241.0,400369
POLYMED,20260911,1740.1,1741.2,1709.7,1738.5,69913
POLYPLEX,20260911,1116.0,1149.9,1102.6,1134.2,72017
POLYSPIN,20260911,29.97,30.0,28.55,29.58,1047
PONNIERODE,20260911,362.0,375.6,358.4,371.1,41196
POONAWALLA,20260911,443.0,449.1,436.5,445.25,1633833
POWERGRID,20260911,269.95,274.05,268.35,269.1,11423068
POWERICA,20260911,574.85,578.85,557.45,569.35,169099
POWERINDIA,20260911,31060.0,31515.0,30700.0,31435.0,53538
POWERMECH,20260911,2365.0,2435.0,2332.6,2421.3,38776
PPAP,20260911,240.0,246.7,236.0,238.85,7156
PPL,20260911,285.2,287.2,279.1,285.55,32412
PPLPHARMA,20260911,210.59,214.45,208.68,211.35,3408833
PRABHA,20260911,239.0,247.0,230.4,244.64,816981
PRADPME,20260911,486.65,495.9,472.1,486.9,2492
PRAENG,20260911,22.2,22.75,21.66,21.93,48149
PRAJIND,20260911,323.35,324.5,318.3,322.15,479380
PRAKASH,20260911,123.0,124.0,122.0,123.14,280763
PRAKASHSTL,20260911,3.79,3.83,3.7,3.75,81450
PRAVEG,20260911,266.0,266.5,259.85,263.05,38024
PRAXIS,20260911,4.71,4.71,4.48,4.48,310216
PRECAM,20260911,117.49,119.9,114.54,116.81,166363
PRECOT,20260911,671.85,675.35,653.0,658.3,5108
PRECWIRE,20260911,463.0,469.5,447.5,462.55,535295
PREMCO,20260911,386.3,398.0,385.05,394.0,162
PREMEXPLN,20260911,666.9,668.85,663.35,668.0,98184
PREMIER,20260911,2.83,2.83,2.69,2.69,13437
PREMIERENE,20260911,972.2,980.5,950.1,974.2,1528118
PREMIERPOL,20260911,87.5,87.69,85.01,85.91,224408
PRESTIGE,20260911,1530.5,1530.8,1467.2,1498.0,746627
PRICOLLTD,20260911,743.5,770.85,739.05,761.4,760356
PRIMESECU,20260911,278.15,284.9,274.0,283.05,90543
PRIMO,20260911,21.43,24.67,21.43,23.71,1605579
PRINCEPIPE,20260911,278.15,278.45,264.15,266.65,328545
PRIORITY,20260911,225.0,231.0,220.0,228.8,139869
PRISMX,20260911,0.59,0.59,0.55,0.58,269843
PRITI,20260911,34.06,35.35,32.7,33.14,9979
PRITIKAUTO,20260911,14.94,15.0,14.51,14.91,84922
PRIVISCL,20260911,3437.9,3570.5,3418.0,3556.1,107650
PROSTARM,20260911,133.1,136.0,132.5,133.63,128408
PROTEAN,20260911,492.0,502.0,486.35,492.35,194728
PROZONER,20260911,52.18,53.48,50.65,52.88,257438
PRSMJOHNSN,20260911,114.0,114.25,112.5,113.35,298782
PRUDENT,20260911,3288.0,3449.9,3249.1,3385.0,39123
PRUDMOULI,20260911,16.01,16.72,16.01,16.35,1609
PSB,20260911,22.58,22.79,22.34,22.73,684511
PSPPROJECT,20260911,865.0,865.0,840.2,846.4,52797
PSUBANK,20260911,83.51,83.99,82.77,83.42,438730
PSUBANKADD,20260911,84.54,84.59,83.8,84.34,25438
PSUBNKBEES,20260911,93.54,93.54,92.38,93.22,874574
PSUBNKIETF,20260911,84.0,84.92,83.8,84.59,106071
PTC,20260911,153.5,153.65,152.3,152.78,878717
PTCIL,20260911,22385.0,24050.0,22055.0,23630.0,65881
PTL,20260911,38.17,38.79,38.06,38.43,25926
PUNJABCHEM,20260911,1085.0,1095.2,1061.4,1065.3,2438
PURVA,20260911,214.02,214.02,209.64,212.06,179867
PVP,20260911,66.0,66.0,63.2,64.82,1157979
PVRINOX,20260911,1228.0,1256.0,1212.1,1237.1,879763
PVSL,20260911,98.52,102.31,98.01,101.3,28536
PVTBANIETF,20260911,27.44,28.28,27.26,27.85,1573560
PVTBANK,20260911,27.12,27.53,27.12,27.53,3765
PVTBANKADD,20260911,27.44,28.06,27.41,27.89,53839
PVTBKGROWW,20260911,27.02,27.67,26.77,27.43,11593
PWL,20260911,125.5,137.12,125.37,136.1,41161986
PYRAMID,20260911,154.56,160.0,151.11,157.74,116058
QGOLDHALF,20260911,124.84,125.95,124.25,125.35,301995
QMSMEDI,20260911,150.4,157.98,150.4,157.98,30304
QNIFTY,20260911,257.0,259.0,255.8,258.9,2099
QPOWER,20260911,1455.0,1473.5,1401.8,1426.5,364591
QUADFUTURE,20260911,431.0,511.8,428.2,478.5,10362562
QUAL30IETF,20260911,20.56,20.6,20.4,20.5,75719
QUALITY30,20260911,20.11,20.18,19.99,20.18,10110
QUESS,20260911,350.0,357.0,344.55,348.0,382962
QUICKHEAL,20260911,147.1,150.0,145.01,147.52,90015
QUINT,20260911,39.23,41.48,38.49,40.2,13066
RACE,20260911,96.0,99.9,94.03,98.12,3194
RACLGEAR,20260911,1586.0,1856.0,1551.0,1756.7,1142834
RADAAN,20260911,2.81,2.96,2.81,2.83,9763
RADHIKAJWE,20260911,84.16,84.99,81.46,83.21,1473665
RADIANTCMS,20260911,37.21,37.69,35.26,35.99,485582
RADICO,20260911,4422.4,4437.6,4362.5,4368.1,104310
RADIOCITY,20260911,6.34,6.34,6.1,6.15,17731
RAILTEL,20260911,261.3,261.5,256.7,259.9,439813
RAIN,20260911,214.46,217.4,208.64,215.97,4334459
RAINBOW,20260911,1453.5,1461.7,1430.1,1444.9,82388
RAJESHEXPO,20260911,80.0,80.48,78.0,78.3,81802
RAJMET,20260911,3.21,3.25,3.1,3.2,179619
RAJOOENG,20260911,54.89,56.15,52.63,55.19,253434
RAJPALAYAM,20260911,765.95,778.4,754.0,775.95,374
RAJRATAN,20260911,507.45,507.45,492.8,498.15,79238
RAJRILTD,20260911,21.1,21.39,20.78,21.1,8744
RAJSREESUG,20260911,33.7,34.89,32.81,33.13,87667
RAJTV,20260911,8.15,8.21,7.7,8.21,54141
RALLIS,20260911,201.94,202.99,200.52,201.99,365628
RAMANEWS,20260911,32.79,32.79,30.52,30.95,55690
RAMAPHO,20260911,123.0,124.84,120.71,122.67,31234
RAMASTEEL,20260911,3.93,3.93,3.93,3.93,3936136
RAMBHAJO,20260911,264.06,273.96,261.0,269.28,368989
RAMCOCEM,20260911,860.0,869.9,851.75,866.65,301862
RAMCOIND,20260911,315.55,323.95,310.95,322.25,157854
RAMCOSYS,20260911,610.0,610.55,591.0,594.55,41056
RAMKY,20260911,335.35,335.65,327.05,332.1,36614
RAMRAT,20260911,531.0,538.8,524.1,532.4,107590
RANASUG,20260911,14.92,15.28,14.6,14.74,329456
RANEHOLDIN,20260911,1704.9,1706.2,1675.0,1696.2,6389
RATEGAIN,20260911,861.85,887.2,851.6,878.25,249314
RATNAMANI,20260911,2780.0,2890.0,2741.5,2811.4,71947
RATNAVEER,20260911,310.0,310.4,283.15,288.3,4371239
RAYMOND,20260911,853.85,1024.5,835.05,1002.8,16245056
RAYMONDLSL,20260911,687.45,708.9,675.05,692.0,445304
RAYMONDREL,20260911,570.0,585.6,565.0,583.55,650450
RBA,20260911,95.17,98.95,95.17,98.05,2109191
RBLBANK,20260911,408.0,416.5,406.0,412.55,3209425
RBZJEWEL,20260911,182.99,182.99,170.06,174.19,110293
RCF,20260911,111.7,111.9,110.12,111.45,854075
RCOM,20260911,1.0,1.01,0.98,1.01,6790419
RECLTD,20260911,312.0,315.05,311.25,312.7,4509899
REDINGTON,20260911,395.85,396.85,384.2,393.7,7473984
REDTAPE,20260911,114.0,116.5,113.1,116.1,211278
REFEX,20260911,268.0,275.3,264.0,273.55,234110
REGAAL,20260911,85.0,85.58,82.3,83.71,296792
REGENCERAM,20260911,34.66,37.5,33.2,34.1,4604
RELAXO,20260911,326.05,328.95,319.85,324.95,112342
RELCHEMQ,20260911,114.26,115.8,108.6,110.23,4867
RELIABLE,20260911,138.9,138.9,134.81,137.04,2873
RELIANCE,20260911,1267.0,1267.4,1253.0,1257.5,8777736
RELIGARE,20260911,255.25,258.75,253.15,256.81,416095
RELINFRA,20260911,53.67,54.75,53.66,53.66,110612
RELTD,20260911,153.23,157.8,151.72,155.64,145106
REMSONSIND,20260911,96.25,98.45,92.63,96.32,148192
RENUKA,20260911,24.51,25.13,23.97,24.87,19203049
REPCOHOME,20260911,350.05,361.95,348.85,359.6,106122
REPL,20260911,60.87,61.64,60.06,61.0,1787
REPRO,20260911,307.7,313.55,306.05,309.5,4874
RESPONIND,20260911,170.85,176.8,164.17,173.27,1947707
RETAIL,20260911,16.52,17.39,16.15,17.14,2912
RGL,20260911,156.0,161.2,154.25,155.49,1372451
RHETAN,20260911,24.01,24.01,24.01,24.01,72250
RHFL,20260911,1.8,1.89,1.78,1.87,1398093
RHIM,20260911,376.65,378.6,371.5,375.8,112757
RHL,20260911,167.0,168.9,165.0,166.85,2318
RICOAUTO,20260911,129.25,136.0,127.11,134.17,1711893
RIIL,20260911,712.0,714.5,704.55,710.75,35302
RIR,20260911,177.99,181.0,172.61,177.26,353197
RISHABH,20260911,817.75,848.4,800.0,829.6,223706
RITCO,20260911,305.1,308.55,296.75,300.7,49147
RITES,20260911,209.05,210.79,207.12,209.15,309078
RKDL,20260911,18.32,18.39,17.95,18.06,10185
RKEC,20260911,19.17,19.65,18.27,19.33,39692
RKFORGE,20260911,720.0,720.9,699.55,711.2,571407
RKSWAMY,20260911,91.5,94.0,91.0,92.94,13763
RMC,20260911,215.77,215.77,210.31,211.68,29563
RMDRIP,20260911,23.5,23.97,23.5,23.55,456419
RML,20260911,1415.8,1415.9,1340.1,1360.0,72216
RNBDENIMS,20260911,9.52,9.67,9.36,9.46,125822
ROHLTD,20260911,305.15,308.95,302.05,306.3,8615
ROLEXRINGS,20260911,173.9,173.9,166.5,171.37,1250767
ROLLT,20260911,4.42,4.84,4.42,4.75,415991
ROML,20260911,42.94,43.22,41.72,42.69,1948
ROSSARI,20260911,449.65,449.65,440.85,446.15,36449
ROSSELLIND,20260911,56.11,56.14,54.5,55.06,38496
ROSSTECH,20260911,1200.1,1236.0,1189.2,1214.3,147435
ROTO,20260911,65.0,65.55,63.27,64.29,258884
ROUTE,20260911,499.95,502.0,491.0,493.55,158844
RPEL,20260911,1773.5,1854.1,1725.9,1845.2,171393
RPGLIFE,20260911,2794.3,2794.3,2680.0,2698.6,17821
RPOWER,20260911,21.7,21.77,21.41,21.58,14641908
RPPINFRA,20260911,62.39,62.65,60.0,60.34,84305
RPPL,20260911,21.0,21.37,20.35,20.74,79579
RPSGVENT,20260911,828.6,844.85,828.2,831.8,9494
RPTECH,20260911,780.0,830.75,780.0,819.65,286250
RRECL,20260911,126.0,138.6,125.58,133.8,883
RRIL,20260911,16.4,16.4,15.6,15.99,31013
RRKABEL,20260911,2425.0,2438.9,2368.6,2424.4,331584
RSDFIN,20260911,93.6,96.0,93.5,94.0,515
RSL,20260911,186.8,191.99,184.01,190.1,379349
RSSOFTWARE,20260911,29.8,29.85,28.5,29.63,12071
RSWM,20260911,217.7,219.0,208.0,218.23,30165
RSYSTEMS,20260911,243.57,243.57,238.0,240.36,89858
RTNINDIA,20260911,27.48,28.0,27.0,27.68,1756505
RTNPOWER,20260911,7.25,7.27,7.13,7.17,15082630
RTSPOWR,20260911,88.51,89.99,80.3,87.94,2567
RUBFILA,20260911,68.89,69.89,67.01,68.51,52411
RUBICON,20260911,1792.0,1848.6,1758.1,1835.4,318589
RUBYMILLS,20260911,445.9,463.8,426.95,455.1,11703
RUCHINFRA,20260911,5.62,5.68,5.46,5.55,108052
RUCHIRA,20260911,110.4,110.4,108.31,108.83,51220
RUDRA,20260911,19.7,20.85,19.7,20.49,24938
RUPA,20260911,138.9,138.9,135.8,137.48,105141
RUSHIL,20260911,16.01,16.19,15.65,15.91,258300
RUSTOMJEE,20260911,351.0,351.2,331.9,344.95,351342
RVHL,20260911,40.5,40.5,38.0,39.46,5424
RVNL,20260911,204.5,204.99,202.04,204.9,3816727
RVTH,20260911,762.5,762.5,740.4,740.95,97
S&SPOWER,20260911,352.0,359.0,333.05,350.35,2806
SAATVIKGL,20260911,402.05,402.2,389.15,395.95,73637
SADBHAV,20260911,8.06,8.06,7.71,7.87,468955
SADBHIN,20260911,2.53,2.58,2.45,2.52,178190
SADHNANIQ,20260911,2.86,2.86,2.83,2.84,529521
SAFARI,20260911,1500.0,1556.8,1470.0,1544.7,115745
SAGARDEEP,20260911,24.2,24.2,23.72,23.79,9000
SAGCEM,20260911,149.48,150.34,145.5,146.25,121275
SAGILITY,20260911,44.25,45.5,43.47,45.2,24429679
SAHLIBHFI,20260911,83.15,84.0,81.1,81.67,17382
SAHYADRI,20260911,389.9,396.45,374.45,390.9,17080
SAICAPI,20260911,155.0,157.99,147.5,152.18,329
SAIL,20260911,182.43,182.43,178.65,179.0,8764231
SAILIFE,20260911,1590.0,1616.1,1571.4,1585.0,1170229
SAIPARENT,20260911,516.5,527.9,515.55,523.35,39054
SAKAR,20260911,1118.0,1195.0,1096.05,1158.55,181225
SAKHTISUG,20260911,19.19,21.55,19.05,19.9,421371
SAKSOFT,20260911,146.79,147.5,145.0,146.49,211197
SAKUMA,20260911,1.58,1.6,1.54,1.57,1273560
SALASAR,20260911,5.02,5.15,4.96,5.05,4132123
SALONA,20260911,261.45,261.45,255.0,260.05,55
SALSTEEL,20260911,76.0,76.69,74.0,74.81,418767
SALZERELEC,20260911,549.25,558.95,544.25,550.55,39771
SAMBANDAM,20260911,113.01,113.25,111.0,111.65,200
SAMBHAAV,20260911,5.94,6.4,5.81,5.96,26997
SAMBHV,20260911,131.0,134.75,129.01,131.08,1936674
SAMHI,20260911,158.4,160.0,156.13,157.07,1091697
SAMMAANCAP,20260911,149.0,149.37,146.6,147.3,4129688
SAMPANN,20260911,24.5,24.99,24.0,24.46,24675
SANATHAN,20260911,485.5,489.05,468.05,472.1,142861
SANDESH,20260911,1001.2,1032.0,1000.0,1014.6,1545
SANDHAR,20260911,624.95,624.95,610.2,618.6,99497
SANDUMA,20260911,195.0,195.35,189.6,190.35,858154
SANGAMIND,20260911,576.15,579.9,562.55,574.4,19897
SANGHVIMOV,20260911,431.05,433.0,420.1,426.5,256297
SANGINITA,20260911,65.67,65.67,65.67,65.67,29308
SANOFI,20260911,3101.3,3105.4,3069.3,3079.2,9890
SANOFICONR,20260911,4099.0,4113.5,4001.1,4023.4,4396
SANSERA,20260911,4086.7,4149.0,4050.0,4129.9,127741
SANSTAR,20260911,107.95,111.2,105.55,110.53,202115
SANWARIA,20260911,0.19,0.2,0.18,0.19,549342
SAPPHIRE,20260911,222.5,226.98,219.31,225.74,581886
SAPPL,20260911,292.0,292.0,286.05,290.8,212
SARDAEN,20260911,533.0,534.5,522.8,524.15,374526
SAREGAMA,20260911,505.45,516.2,493.35,505.5,522041
SARLAPOLY,20260911,101.25,101.98,99.62,100.22,107369
SARVESHWAR,20260911,4.1,4.1,3.89,4.01,4826620
SASKEN,20260911,1780.7,1818.9,1728.0,1783.6,29817
SATIA,20260911,68.43,68.43,66.0,68.01,115287
SATIN,20260911,217.0,220.89,215.03,216.68,136042
SAURASHCEM,20260911,55.63,55.84,54.0,54.76,60190
SAYAJIHOTL,20260911,324.35,330.0,315.0,326.8,308
SAYAJIIND,20260911,110.3,118.9,110.3,118.9,214
SBC,20260911,47.8,48.39,47.7,48.33,8267285
SBCL,20260911,1107.8,1108.0,1072.6,1087.0,165852
SBFC,20260911,97.99,99.01,96.52,98.19,411967
SBGLP,20260911,22.33,23.4,21.31,21.56,95640
SBIBPB,20260911,48.55,48.81,48.02,48.58,69244
SBICARD,20260911,665.0,665.15,650.05,655.2,1571692
SBIETFCON,20260911,119.47,119.47,117.65,118.35,2489
SBIETFIT,20260911,318.0,323.96,318.0,322.45,7677
SBIETFPB,20260911,278.51,282.15,275.3,281.69,2857
SBIETFQLTY,20260911,216.53,216.53,214.9,216.09,640
SBIFUNDS,20260911,550.0,550.0,543.15,544.3,756177
SBILIFE,20260911,1680.0,1697.7,1671.0,1684.7,308631
SBILIQETF,20260911,1055.82,1055.82,1055.8,1055.8,435842
SBIMIDMOM,20260911,63.35,63.82,62.68,63.53,55215
SBIN,20260911,1000.0,1001.9,993.0,995.7,7771109
SBINEQWETF,20260911,32.98,32.98,32.31,32.55,32422
SBINMID150,20260911,22.9,22.96,22.64,22.94,13150
SBISILVER,20260911,221.76,223.3,219.31,221.92,1619779
SBISMLETF,20260911,18.55,18.55,18.14,18.28,155495
SBIVALETF,20260911,14.62,14.62,14.42,14.57,24030
SCANSTL,20260911,56.85,56.85,55.5,56.34,21017
SCHAEFFLER,20260911,3951.0,3967.7,3890.1,3950.5,18313
SCHAND,20260911,136.0,138.0,134.96,137.72,36456
SCHNEIDER,20260911,1180.0,1237.0,1168.0,1227.0,261523
SCI,20260911,283.25,283.35,277.5,280.6,1518756
SCILAL,20260911,38.0,38.94,37.9,38.14,212235
SCODATUBES,20260911,130.09,131.0,127.21,129.82,79209
SCPL,20260911,643.45,660.0,632.0,646.8,3724
SDBL,20260911,70.75,71.55,69.35,70.07,386681
SEAMECLTD,20260911,1774.5,1849.0,1774.5,1788.4,150565
SECMARK,20260911,148.0,148.0,138.0,141.31,2320
SECURKLOUD,20260911,16.51,17.1,15.6,16.51,79798
SEDEMAC,20260911,2915.9,3008.9,2878.1,2906.2,106773
SEIL,20260911,196.68,196.68,191.0,192.68,123748
SEJALLTD,20260911,660.0,673.0,639.0,646.3,7569
SEKURITIND,20260911,111.2,115.0,108.96,110.34,50303
SELECTIPO,20260911,48.51,48.51,47.79,48.48,51448
SEMAC,20260911,279.85,279.85,270.0,273.05,2318
SENCO,20260911,349.9,349.9,340.25,346.4,676349
SENORES,20260911,1452.0,1480.0,1437.1,1467.3,134825
SENSEXADD,20260911,77.42,77.45,76.74,77.35,4095
SENSEXAXIS,20260911,77.45,77.94,76.93,77.35,6532
SENSEXBETA,20260911,836.84,836.84,824.05,832.37,4181
SENSEXETF,20260911,77.0,77.47,76.53,77.42,32749
SENSEXIETF,20260911,856.19,866.0,854.8,863.63,325681
SEPC,20260911,5.28,5.3,5.17,5.27,7963406
SERVOTECH,20260911,77.62,77.62,76.26,77.28,356343
SESHAPAPER,20260911,246.85,255.0,242.41,251.14,179922
SETCO,20260911,17.1,17.37,16.63,16.74,35391
SETF10GILT,20260911,265.0,265.0,262.57,263.98,1367
SETFGOLD,20260911,128.7,129.74,127.84,129.06,6085719
SETFNIF50,20260911,258.92,258.92,250.8,252.41,870218
SETFNIFBK,20260911,581.72,582.9,573.42,581.78,222320
SETFNN50,20260911,781.51,781.51,767.21,772.61,67424
SETL,20260911,468.15,468.15,443.0,468.15,2933978
SETUINFRA,20260911,0.7,0.7,0.64,0.66,348843
SEYAIND,20260911,12.2,12.68,12.2,12.68,23451
SFL,20260911,697.1,701.5,679.95,691.55,216987
SGFIN,20260911,670.0,673.2,658.0,660.75,162612
SGIL,20260911,590.8,602.45,590.0,592.2,8771
SGL,20260911,9.86,10.22,9.67,9.73,8778
SGLRES,20260911,2.45,2.45,2.31,2.44,37017
SGMART,20260911,766.55,775.0,749.4,750.95,160171
SGRL,20260911,633.95,661.95,620.0,659.2,18758
SHADOWFAX,20260911,253.0,255.0,246.5,253.4,1996782
SHAH,20260911,3.58,3.58,3.48,3.51,945289
SHAHALLOYS,20260911,96.76,97.88,91.93,92.62,54813
SHAILY,20260911,3351.8,3366.1,3222.1,3279.5,192834
SHAKTIPUMP,20260911,503.0,503.0,484.55,493.8,1008120
SHALBY,20260911,145.25,146.99,141.7,144.78,112748
SHALPAINTS,20260911,85.5,86.45,84.8,85.73,139971
SHANKARA,20260911,148.0,148.51,146.0,148.29,75913
SHANKESH,20260911,104.4,115.9,100.0,101.3,53876821
SHANTI,20260911,6.1,6.49,6.1,6.2,18127
SHANTIGEAR,20260911,720.0,733.9,708.55,714.95,146091
SHANTIGOLD,20260911,256.9,259.75,247.53,258.17,1074560
SHARDACROP,20260911,781.35,781.35,763.0,765.55,90612
SHARDAMOTR,20260911,946.3,948.5,915.1,943.75,86523
SHARDUL,20260911,54.91,55.6,54.5,55.43,29315
SHAREINDIA,20260911,197.0,204.87,192.3,198.93,15203480
SHARIABEES,20260911,438.57,440.76,435.12,437.38,11009
SHBAJRG,20260911,159.5,159.81,153.0,155.85,3297
SHEKHAWATI,20260911,19.04,19.37,18.6,19.37,247905
SHEMAROO,20260911,121.1,124.9,119.05,120.57,9440
SHERVANI,20260911,326.0,360.0,309.0,348.85,3811
SHILCTECH,20260911,4158.0,4189.0,4084.0,4174.4,17556
SHILGRAVQ,20260911,168.4,172.65,163.0,163.94,5074
SHILPAMED,20260911,935.0,975.0,910.0,961.15,1471659
SHINDL,20260911,162.0,164.75,160.0,163.02,258569
SHIPROCKET,20260911,129.0,135.42,126.13,133.99,8823294
SHIVAAGRO,20260911,40.32,40.88,39.0,39.69,5721
SHIVACEM,20260911,16.04,16.5,15.0,15.95,117344
SHIVALIK,20260911,358.45,365.65,349.55,362.05,115411
SHIVAMAUTO,20260911,16.98,16.98,16.45,16.69,13023
SHIVAMILLS,20260911,62.7,62.7,59.59,61.47,162
SHIVATEX,20260911,178.95,187.95,173.07,178.05,9452
SHIVAUM,20260911,476.0,476.0,462.05,465.4,13315
SHK,20260911,142.96,142.96,138.88,141.22,231464
SHOPERSTOP,20260911,376.2,388.0,368.25,375.45,38249
SHRADDHA,20260911,150.0,154.85,148.0,152.67,5140
SHRADHA,20260911,31.0,31.7,29.5,30.84,20345
SHREDIGCEM,20260911,69.41,69.51,68.0,68.49,56640
SHREECEM,20260911,22660.0,22680.0,22370.0,22570.0,16171
SHREEJISPG,20260911,706.65,711.3,686.45,691.75,919480
SHREEPUSHK,20260911,495.55,506.45,478.8,486.9,157309
SHREERAMA,20260911,46.69,47.4,45.0,47.12,107895
SHRENIK,20260911,0.3,0.3,0.29,0.29,332272
SHREYANIND,20260911,135.0,135.0,131.5,132.8,3771
SHRIKRISH,20260911,37.02,37.02,36.1,37.0,492
SHRINGARMS,20260911,217.4,218.0,214.04,217.27,148214
SHRIPISTON,20260911,4431.0,4462.0,4354.0,4371.5,35262
SHRIRAMFIN,20260911,1021.0,1034.5,1013.2,1028.6,3171217
SHRIRAMPPS,20260911,72.37,72.61,70.96,71.83,365745
SHRJAGP,20260911,625.55,664.0,625.55,647.0,155
SHUKRAPHAR,20260911,54.05,55.6,53.75,53.94,1577298
SHYAMCENT,20260911,5.14,5.14,4.91,4.96,42344
SHYAMMETL,20260911,1096.0,1096.0,1065.3,1074.8,224493
SHYAMTEL,20260911,11.5,11.5,11.01,11.48,3685
SICAGEN,20260911,55.89,55.89,53.11,53.53,26131
SICALLOG,20260911,98.9,99.99,95.1,98.0,22513
SIEL,20260911,29.35,30.0,28.1,30.0,169
SIEMENS,20260911,3912.1,3957.0,3858.4,3957.0,172514
SIGACHI,20260911,38.0,38.5,36.7,37.93,4502407
SIGIND,20260911,70.01,71.9,67.71,70.79,28521
SIGMA,20260911,44.83,44.83,44.0,44.19,64453
SIGMAADV,20260911,788.0,832.45,776.5,832.45,366669
SIGNATURE,20260911,772.35,779.95,751.0,760.85,209605
SIGNPOST,20260911,269.25,279.0,260.15,276.25,102421
SIKA,20260911,1030.1,1111.0,993.6,1085.55,654708
SIKKO,20260911,5.66,5.83,5.38,5.83,760515
SIL,20260911,18.19,18.55,17.5,17.76,43283
SILGO,20260911,70.75,70.98,69.0,70.01,14401
SILINV,20260911,450.0,475.4,445.0,463.8,3697
SILVER,20260911,224.99,227.67,223.75,226.48,1308998
SILVER001,20260911,23.05,23.45,22.25,22.94,269685
SILVER1,20260911,22.12,22.12,21.73,22.01,15547379
SILVER360,20260911,225.0,225.0,221.33,223.61,19580
SILVERADD,20260911,21.8,21.98,21.55,21.82,5816871
SILVERAG,20260911,219.99,221.82,217.9,220.59,423680
SILVERAXIS,20260911,225.44,234.7,222.66,225.76,1197571
SILVERBEES,20260911,216.79,218.0,214.02,216.72,31806842
SILVERBETA,20260911,218.44,219.95,215.92,218.53,780985
SILVERBND,20260911,228.0,228.88,222.69,227.2,14276
SILVERCASE,20260911,22.88,23.11,22.71,22.98,10830127
SILVERIETF,20260911,225.9,227.66,223.7,226.39,4458877
SILVERTUC,20260911,151.15,157.59,150.0,152.49,529921
SIMBHALS,20260911,7.07,7.07,7.07,7.07,3762
SIMPLEXINF,20260911,254.2,257.55,249.65,255.1,108268
SIMPLXREA,20260911,139.0,139.0,137.0,137.0,10
SINCLAIR,20260911,80.04,81.58,79.62,80.28,17030
SINDHUTRAD,20260911,23.52,24.17,23.44,23.99,3110385
SINGERIND,20260911,75.3,76.96,73.01,76.16,62570
SINTERCOM,20260911,79.02,82.8,75.81,76.65,13695
SIRCA,20260911,429.05,432.75,425.45,427.35,166249
SIS,20260911,423.8,427.0,415.2,419.3,453528
SITINET,20260911,0.29,0.29,0.27,0.27,238231
SIYSIL,20260911,540.45,543.75,528.65,535.15,38397
SJS,20260911,2341.2,2385.0,2314.4,2354.0,140948
SJVN,20260911,66.8,66.84,66.1,66.18,1187604
SKFINDIA,20260911,1526.0,1531.9,1505.0,1527.8,16051
SKFINDUS,20260911,2934.3,2963.2,2870.1,2887.7,40808
SKIPPER,20260911,581.0,581.0,541.35,551.55,2163432
SKMEGGPROD,20260911,247.65,247.65,240.0,241.3,151658
SKYGOLD,20260911,826.05,834.45,814.0,827.4,436603
SKYWAYS,20260911,109.0,117.5,108.5,116.01,4483291
SMALL250,20260911,18.88,18.88,18.24,18.4,390167
SMALLADD,20260911,18.73,18.78,18.3,18.48,15741
SMALLCAP,20260911,49.54,49.54,48.64,49.14,1384314
SMALLGROWW,20260911,49.05,49.56,48.57,49.55,21602
SMALLIETF,20260911,18.3,18.6,18.24,18.4,44709
SMARTLINK,20260911,219.5,230.54,215.05,230.3,20834
SMARTWORKS,20260911,534.3,534.7,521.1,530.75,36274
SMCGLOBAL,20260911,84.5,87.59,84.29,86.0,3491875
SML100CASE,20260911,11.32,11.39,11.2,11.29,2766423
SMLMAH,20260911,6219.0,6591.5,6064.5,6583.0,109374
SMLT,20260911,62.01,63.0,61.31,62.29,2950
SMSPHARMA,20260911,417.85,469.0,414.55,463.45,10401534
SNOWMAN,20260911,36.1,36.16,35.51,35.91,72438
SNXT30BEES,20260911,41.97,42.28,41.93,42.2,12162
SNXT50BETA,20260911,93.3,94.46,92.21,94.41,586
SOBHA,20260911,1234.0,1234.0,1201.9,1216.8,96039
SOFTTECH,20260911,435.0,455.9,433.85,452.35,7424
SOLARA,20260911,707.2,759.55,697.4,749.15,1159874
SOLARINDS,20260911,22300.0,22500.0,22130.0,22290.0,148838
SOLARWORLD,20260911,140.0,142.53,137.31,141.48,276812
SOLEX,20260911,710.9,710.9,677.6,698.6,28447
SOMANYCERA,20260911,559.0,571.0,550.6,565.2,101279
SOMATEX,20260911,84.48,85.9,81.25,84.52,5517
SOMICONVEY,20260911,97.6,97.6,92.12,92.93,10309
SONACOMS,20260911,798.0,799.95,786.9,788.0,832096
SONAL,20260911,90.5,90.5,86.25,86.25,108
SONAMLTD,20260911,75.1,75.1,72.5,72.9,26317
SONATSOFTW,20260911,260.1,268.1,257.8,265.85,1384592
SOTL,20260911,697.1,732.8,681.3,716.25,461088
SOUTHBANK,20260911,45.6,46.47,45.18,46.18,5755589
SOUTHWEST,20260911,214.1,217.77,212.04,213.35,203063
SPAL,20260911,1015.9,1027.0,1003.9,1023.0,54987
SPANDANA,20260911,230.0,236.79,228.37,235.37,102898
SPARC,20260911,196.89,197.55,192.56,196.01,475527
SPCENET,20260911,3.46,3.5,3.37,3.39,367991
SPECIALITY,20260911,141.76,147.0,137.49,141.7,41348
SPECTRUM,20260911,2970.0,3022.5,2752.0,3022.5,47215
SPENCERS,20260911,28.56,28.65,27.0,28.3,121748
SPIC,20260911,68.5,69.3,68.16,69.0,246359
SPLIL,20260911,30.4,31.19,30.0,30.05,4270
SPLPETRO,20260911,836.0,836.05,804.6,818.35,176561
SPMLINFRA,20260911,172.35,172.72,169.51,171.63,140993
SPORTKING,20260911,215.4,215.6,210.61,214.77,182419
SRD,20260911,38.9,39.4,37.85,38.27,52623
SREEL,20260911,365.0,365.8,333.27,333.27,129115
SRF,20260911,2508.0,2508.0,2460.0,2482.4,288552
SRGHFL,20260911,156.0,156.0,156.0,156.0,11743
SRHHYPOLTD,20260911,524.4,528.1,518.5,523.8,18998
SRIKPRIND,20260911,31.39,31.6,29.86,30.75,15491
SRM,20260911,447.7,447.7,437.15,439.35,64564
SRTL,20260911,37.0,37.4,36.67,37.32,15044
SSDL,20260911,71.0,72.7,61.37,62.59,560099
SSWL,20260911,370.0,384.15,364.55,370.65,1219997
STALLION,20260911,229.7,229.7,223.0,225.09,389412
STANLEY,20260911,136.0,137.97,135.0,135.6,76185
STAR,20260911,1199.9,1215.9,1179.0,1183.4,161625
STARCEMENT,20260911,194.0,195.9,193.1,195.14,240287
STARHEALTH,20260911,575.0,579.75,559.7,562.7,460832
STARPAPER,20260911,170.0,170.8,166.05,168.44,26257
STARTECK,20260911,242.35,247.0,238.55,240.65,52
STCINDIA,20260911,113.2,113.5,112.11,112.6,8404
STEELCAS,20260911,323.55,328.75,315.0,325.25,102466
STEELCITY,20260911,91.4,92.74,88.2,90.3,31154
STEELXIND,20260911,12.49,12.53,12.01,12.14,11073848
STEL,20260911,604.0,620.6,589.0,611.1,4670
STERTOOLS,20260911,216.21,216.99,212.0,214.66,13342
STLNETWORK,20260911,36.0,36.6,35.57,36.6,5579818
STLSTRINF,20260911,19.19,21.2,18.7,21.2,12925
STLTECH,20260911,870.0,897.45,830.0,897.4,2409510
STOVEKRAFT,20260911,830.0,832.95,809.1,814.9,106138
STUDDS,20260911,417.95,424.2,410.0,418.65,44136
STYL,20260911,379.95,391.55,374.15,387.4,124133
STYLAMIND,20260911,3280.0,3355.1,3250.8,3329.9,19311
STYLEBAAZA,20260911,388.0,394.05,378.0,388.1,488731
STYRENIX,20260911,2125.6,2127.5,2100.0,2113.1,34221
SUBEXLTD,20260911,19.91,21.0,19.2,20.8,34488169
SUBROS,20260911,707.15,708.85,697.1,703.75,27663
SUDARCOLOR,20260911,380.05,391.25,375.25,378.4,5571
SUDARSCHEM,20260911,1262.0,1277.5,1232.2,1248.2,316394
SUDEEPPHRM,20260911,1152.9,1244.0,1152.9,1202.8,593341
SUKHJITS,20260911,159.99,161.0,158.11,159.78,13568
SULA,20260911,138.0,138.13,135.75,136.38,349596
SUMEDHA,20260911,41.94,43.5,39.56,41.4,5329
SUMEETINDS,20260911,10.95,11.04,10.72,10.77,715081
SUMICHEM,20260911,480.0,480.0,466.5,476.4,269822
SUMIT,20260911,53.2,53.2,48.2,49.4,22760
SUMMITSEC,20260911,1439.2,1441.9,1400.0,1409.2,2388
SUNCLAY,20260911,1304.0,1304.0,1276.7,1298.3,3732
SUNDARAM,20260911,1.23,1.23,1.18,1.19,300725
SUNDARMFIN,20260911,4679.7,4746.5,4611.0,4710.7,25632
SUNDRMBRAK,20260911,716.25,740.95,700.05,713.65,768
SUNDRMFAST,20260911,1257.3,1284.6,1227.1,1270.0,158860
SUNDROP,20260911,673.8,673.8,656.1,662.0,8117
SUNFLAG,20260911,344.85,344.85,334.0,337.2,122690
SUNLOC,20260911,75.7,75.7,75.0,75.5,909
SUNPHARMA,20260911,1845.0,1854.5,1834.0,1840.0,1445071
SUNRAKSHAK,20260911,376.0,378.95,374.95,377.05,14206
SUNSHIEL,20260911,1220.0,1249.0,1185.7,1200.2,4670
SUNSHINE,20260911,512.4,524.95,407.8,407.8,3900142
SUNTECK,20260911,288.25,289.9,282.1,288.0,127980
SUNTV,20260911,450.55,485.5,450.0,476.0,3312335
SUPERHOUSE,20260911,168.2,173.87,166.6,169.66,5993
SUPERSPIN,20260911,7.38,7.68,7.37,7.41,46772
SUPRAJIT,20260911,497.0,497.0,480.3,488.9,105726
SUPREME,20260911,34.3,35.84,33.01,34.74,42197
SUPREMEENG,20260911,3.33,3.33,3.32,3.33,2178546
SUPREMEIND,20260911,3499.1,3499.1,3364.4,3364.4,130229
SUPREMEINF,20260911,87.98,87.98,84.0,85.04,56316
SUPRIYA,20260911,915.0,915.3,891.25,901.75,208583
SUPTANERY,20260911,10.28,10.28,10.28,10.28,14109
SURAJEST,20260911,175.0,175.49,172.5,174.59,44125
SURAJLTD,20260911,200.0,205.0,196.0,199.99,1492
SURAKSHA,20260911,330.1,330.1,318.1,323.75,50564
SURANASOL,20260911,25.5,25.63,25.01,25.51,25340
SURANAT&P,20260911,16.05,16.2,15.8,16.1,56422
SURYALA,20260911,395.05,410.0,383.0,395.25,782
SURYALAXMI,20260911,58.41,59.38,55.0,56.28,5357
SURYAROSNI,20260911,215.5,218.0,212.02,214.27,455493
SURYODAY,20260911,149.5,150.0,146.75,148.05,400335
SUTLEJTEX,20260911,39.65,40.9,38.9,39.27,20479
SUVEN,20260911,355.0,359.95,351.5,355.55,369913
SUVIDHAA,20260911,2.47,2.47,2.19,2.25,184883
SUYOG,20260911,661.05,679.6,645.05,650.5,46738
SUZLON,20260911,44.12,44.5,43.21,44.12,52777120
SVGLOBAL,20260911,140.69,140.69,126.55,133.35,1859
SVLL,20260911,793.0,810.0,775.0,785.05,4356
SVPGLOB,20260911,3.44,3.46,3.34,3.45,20107
SWANCORP,20260911,296.0,298.5,284.0,296.45,5650793
SWANDEF,20260911,2705.0,2742.0,2662.8,2727.9,20275
SWARAJ,20260911,352.0,353.9,335.15,335.15,110904
SWARAJENG,20260911,3550.0,3592.2,3531.3,3576.0,8326
SWARNSAR,20260911,40.7,41.4,39.3,39.66,60733
SWELECTES,20260911,570.65,582.0,561.05,567.4,15589
SWIGGY,20260911,276.05,281.45,275.3,278.2,17233642
SWISSMLTRY,20260911,15.0,15.15,14.7,14.91,76776
SWSOLAR,20260911,182.0,182.11,178.51,180.22,763085
SYMBIOTEC,20260911,1128.0,1148.0,1105.0,1133.45,1010520
SYMPHONY,20260911,604.85,605.0,591.0,592.65,62790
SYNCOMF,20260911,18.98,20.1,18.51,19.46,9148018
SYNGENE,20260911,383.25,383.6,375.55,382.65,373196
SYRMA,20260911,1598.9,1608.2,1556.1,1589.3,638884
SYSTMTXC,20260911,72.53,72.53,72.53,72.53,27101
TAALTECH,20260911,5190.0,5550.0,5180.0,5375.5,43191
TAINWALCHM,20260911,212.0,212.0,207.01,207.79,258
TAJGVK,20260911,341.9,342.0,333.2,334.8,51864
TAKE,20260911,17.61,17.61,16.78,17.61,317126
TALBROAUTO,20260911,418.0,427.2,414.9,423.75,164443
TAMBOLIIN,20260911,305.95,314.9,303.0,306.85,20188
TANAA,20260911,246.55,269.85,238.0,266.95,50644
TANLA,20260911,500.0,505.0,497.0,502.8,289977
TARACHAND,20260911,47.6,47.6,46.57,46.86,84039
TARAPUR,20260911,12.74,13.0,12.5,12.97,21384
TARC,20260911,128.56,132.59,126.4,131.39,472565
TARIL,20260911,288.5,290.45,285.15,288.5,827433
TARMAT,20260911,60.5,61.99,58.58,59.6,30543
TARSONS,20260911,317.65,317.65,304.0,311.2,159992
TASTYBITE,20260911,10074.0,10339.0,10074.0,10273.0,2921
TATACAP,20260911,361.2,365.15,356.8,362.9,495348
TATACHEM,20260911,608.25,616.25,600.0,612.45,642048
TATACOMM,20260911,1756.2,1785.0,1747.8,1761.6,167102
TATACONSUM,20260911,993.0,1000.0,988.0,991.0,905959
TATAELXSI,20260911,3400.2,3411.0,3373.7,3383.0,112924
TATAGOLD,20260911,14.61,14.79,14.58,14.7,38276819
TATAINVEST,20260911,646.0,654.5,641.7,650.9,577285
TATAPOWER,20260911,364.8,367.4,362.95,364.65,2425732
TATASTEEL,20260911,184.0,184.24,180.79,183.0,31510206
TATATECH,20260911,774.0,777.0,758.1,762.15,871685
TATSILV,20260911,22.01,22.13,21.73,21.99,73279808
TATVA,20260911,1659.2,1659.6,1597.0,1608.7,47765
TBOTEK,20260911,1671.0,1687.0,1632.2,1679.5,128318
TBZ,20260911,485.2,526.3,476.2,526.3,2734893
TCC,20260911,54.0,57.31,54.0,55.32,13756114
TCI,20260911,856.9,865.5,843.2,858.85,21578
TCIEXP,20260911,535.1,535.1,509.0,514.6,32945
TCIFINANCE,20260911,14.95,15.49,14.9,15.01,14232
TCPLPACK,20260911,3803.2,3911.8,3801.0,3871.0,5134
TCS,20260911,2185.5,2232.6,2185.5,2200.8,2634124
TDPOWERSYS,20260911,760.0,812.8,743.05,804.9,4284956
TEAMGTY,20260911,243.8,243.8,235.0,235.0,1191
TEAMLEASE,20260911,1252.0,1252.0,1232.3,1241.4,14460
TECH,20260911,31.7,32.5,31.5,31.78,27370
TECHM,20260911,1519.3,1557.3,1518.6,1541.0,2007328
TECHNOCRAF,20260911,459.15,459.8,425.5,442.3,2759682
TECHNOE,20260911,972.0,985.95,963.55,972.15,127552
TECHNVISN,20260911,4800.0,4800.5,4766.0,4788.0,145
TECILCHEM,20260911,9.77,9.77,9.2,9.6,9564
TEGA,20260911,1721.0,1742.0,1677.0,1729.1,278676
TEJASNET,20260911,546.0,560.4,539.4,552.65,2465801
TEMBO,20260911,56.9,57.0,56.0,56.08,1259812
TEMPSENS,20260911,578.9,594.15,561.2,584.8,2352665
TENNIND,20260911,518.55,518.55,504.8,506.35,515274
TERAI,20260911,127.11,127.11,126.9,126.9,180
TERASOFT,20260911,252.85,256.25,245.0,248.8,39096
TEXINFRA,20260911,114.25,117.0,112.1,115.52,140099
TEXMOPIPES,20260911,56.25,62.99,55.5,60.08,1133568
TEXRAIL,20260911,117.44,118.8,113.65,117.81,2468362
TFCILTD,20260911,142.0,144.21,140.05,141.49,6496168
TFL,20260911,12.05,12.46,11.64,11.8,10799
TGBHOTELS,20260911,9.86,9.9,9.31,9.7,42580
TGVSL,20260911,107.45,107.45,105.12,105.91,70249
THACKER,20260911,1045.0,1045.0,1000.0,1038.0,9
THAKDEV,20260911,130.65,139.8,125.35,128.15,660
THANGAMAYL,20260911,5063.0,5158.0,5038.5,5126.0,79789
THEINVEST,20260911,99.0,99.0,94.66,96.8,5797
THEJO,20260911,2197.4,2231.9,2158.0,2192.6,19444
THELEELA,20260911,553.8,553.95,533.35,542.3,361329
THEMISMED,20260911,132.02,132.02,126.16,128.25,110605
THERMAX,20260911,3611.0,3702.1,3589.5,3682.0,84569
THOMASCOOK,20260911,107.5,109.25,106.12,108.63,462603
THOMASCOTT,20260911,241.0,244.2,232.35,237.55,93348
THYROCARE,20260911,552.0,555.95,545.0,549.7,394901
TI,20260911,525.0,529.45,520.05,521.6,316424
TICL,20260911,7.31,7.31,7.03,7.05,140674
TIGERLOGS,20260911,27.11,28.42,26.95,27.16,76584
TIIL,20260911,3135.0,3300.0,3107.9,3250.2,40351
TIINDIA,20260911,2637.0,2637.1,2580.1,2606.1,135215
TIJARIA,20260911,7.41,7.41,7.41,7.41,55909
TIL,20260911,243.21,258.55,235.1,255.3,170916
TIMETECHNO,20260911,183.89,183.89,179.42,180.8,1260819
TIMEX,20260911,625.0,636.0,611.5,631.7,226422
TIMKEN,20260911,3297.2,3319.8,3210.1,3302.4,43706
TINNARUBR,20260911,1025.0,1043.2,1004.1,1034.05,33404
TIPSFILMS,20260911,322.1,329.4,322.1,327.5,501
TIPSMUSIC,20260911,657.1,668.45,650.05,661.55,252477
TIRUMALCHM,20260911,157.52,157.7,153.55,155.98,432083
TIRUPATIFL,20260911,70.65,71.3,69.0,69.12,140025
TITAGARH,20260911,852.0,853.1,833.2,842.15,463818
TITAN,20260911,4964.0,5015.0,4943.0,5009.5,403235
TMB,20260911,918.0,920.0,904.0,910.9,89596
TMCV,20260911,436.0,436.95,425.35,434.55,7109495
TMPV,20260911,299.75,304.4,296.5,301.1,7683193
TNIDETF,20260911,88.88,89.74,87.43,88.36,32712
TNPETRO,20260911,133.0,146.0,126.41,128.9,5650401
TNPL,20260911,152.52,155.26,151.1,153.27,185071
TNTELE,20260911,9.0,9.34,8.8,8.94,21111
TOKYOPLAST,20260911,80.29,80.29,75.26,78.94,1713
TOLINS,20260911,90.86,92.68,88.63,89.4,44120
TOP100CASE,20260911,10.31,10.35,10.2,10.33,660684
TOP10ADD,20260911,84.81,86.0,84.59,85.56,218951
TOP15IETF,20260911,9.51,9.62,9.48,9.56,103972
TOP20,20260911,8.65,8.67,8.59,8.65,62958
TORNTPHARM,20260911,4929.0,4988.0,4894.0,4965.5,263114
TORNTPOWER,20260911,1281.7,1300.4,1278.3,1297.6,194814
TOTAL,20260911,76.95,77.0,74.0,76.78,13215
TOYAMSL,20260911,0.64,0.66,0.63,0.66,1597779
TPHQ,20260911,0.51,0.51,0.5,0.5,724108
TPLPLASTEH,20260911,68.5,69.1,67.13,68.48,124603
TRACXN,20260911,28.59,32.39,28.43,31.9,1039887
TRANSCOR,20260911,25.05,25.48,24.0,25.39,5538
TRANSPEK,20260911,1298.0,1350.0,1275.0,1344.9,1190
TRANSRAILL,20260911,417.0,418.95,407.0,410.35,547873
TRANSWORLD,20260911,164.0,165.0,163.0,165.0,2369
TRAVELFOOD,20260911,1285.0,1285.0,1247.5,1253.6,25521
TREEHOUSE,20260911,6.28,6.3,5.9,6.14,11939
TREJHARA,20260911,145.36,145.36,142.5,143.02,13989
TREL,20260911,26.7,27.39,26.0,26.97,157483
TRENT,20260911,2789.0,2816.0,2757.5,2802.4,677898
TRF,20260911,221.0,223.0,218.6,222.05,12406
TRIDENT,20260911,23.59,23.6,23.23,23.39,2078247
TRIGYN,20260911,56.5,57.85,55.35,56.1,40050
TRITONV,20260911,1133.4,1144.6,1059.3,1092.1,4924
TRITURBINE,20260911,560.85,572.8,552.5,569.65,613864
TRIVENI,20260911,263.95,264.0,254.0,255.4,744952
TRU,20260911,4.32,4.32,4.03,4.28,36038
TRUALT,20260911,416.1,423.95,413.55,416.35,99815
TSFINV,20260911,436.0,439.95,425.1,437.25,91968
TTKHLTCARE,20260911,1139.0,1146.5,1112.1,1115.4,34353
TTKPRESTIG,20260911,540.2,540.2,527.45,537.3,39518
TTL,20260911,6.8,6.8,6.32,6.66,488208
TTML,20260911,35.81,35.81,35.31,35.6,1102640
TURTLEMINT,20260911,131.99,136.87,129.84,136.12,589477
TUTIALKA,20260911,58.45,59.89,57.79,59.19,4605
TVSELECT,20260911,410.5,418.0,402.05,413.85,26088
TVSHLTD,20260911,13239.0,13239.0,12876.0,13024.0,2094
TVSMOTOR,20260911,4081.0,4151.9,4062.8,4125.0,454748
TVSSCS,20260911,130.01,135.25,127.0,130.49,2918654
TVSSRICHAK,20260911,5220.0,5250.5,4940.5,5146.0,9142
TVTODAY,20260911,109.7,109.98,108.0,109.3,18765
TVVISION,20260911,2.74,2.74,2.74,2.74,67680
TWCGOLDETF,20260911,151.8,152.92,147.0,150.58,10595
UBL,20260911,1254.5,1263.5,1240.2,1256.1,407531
UCAL,20260911,144.6,145.99,139.51,143.43,20280
UCOBANK,20260911,23.7,24.17,23.59,24.12,5092337
UDAYJEW,20260911,178.0,178.0,169.9,172.04,19771
UDS,20260911,211.0,211.88,206.06,207.5,83336
UEL,20260911,188.01,206.64,186.96,206.64,41410
UFBL,20260911,712.0,712.0,685.1,698.85,17971
UFLEX,20260911,666.5,674.95,650.0,653.45,184116
UFO,20260911,63.31,63.65,62.11,62.63,7797
UGARSUGAR,20260911,49.99,58.99,48.49,54.3,11275075
UGROCAP,20260911,83.0,84.54,81.5,83.66,244074
UJJIVANSFB,20260911,65.9,66.08,64.7,65.54,9596521
ULTRACEMCO,20260911,10859.0,11060.0,10790.0,11000.0,223277
ULTRAMAR,20260911,430.5,432.2,422.85,428.55,21619
UMAEXPORTS,20260911,21.68,21.68,21.68,21.68,7556
UMESLTD,20260911,4.99,5.02,4.7,4.97,28419
UMIYA-MRO,20260911,94.0,97.45,93.44,96.23,7897
UNICHEMLAB,20260911,528.7,544.2,522.05,539.7,59557
UNIDT,20260911,232.0,233.0,225.85,230.95,15876
UNIECOM,20260911,84.77,84.8,82.69,83.33,208793
UNIENTER,20260911,92.0,92.98,91.01,91.32,1757
UNIINFO,20260911,10.91,11.13,10.71,10.94,5048
UNIMECH,20260911,1560.9,1614.9,1531.0,1610.0,296742
UNIONBANK,20260911,177.1,179.65,175.53,178.1,7422504
UNIONGOLD,20260911,149.0,149.0,146.8,148.3,3579
UNIPARTS,20260911,888.0,905.0,859.95,897.45,168282
UNITDSPR,20260911,1395.1,1407.2,1384.3,1395.0,552853
UNITECH,20260911,4.22,4.22,4.06,4.17,3308451
UNITEDPOLY,20260911,44.0,44.0,41.0,43.28,144169
UNITEDTEA,20260911,434.9,439.6,421.7,432.95,1928
UNIVASTU,20260911,156.1,159.9,152.5,153.0,91258
UNIVCABLES,20260911,1540.0,1540.1,1485.0,1492.5,129409
UNIVPHOTO,20260911,514.25,540.4,514.15,540.15,889
UNOMINDA,20260911,1217.0,1217.6,1199.5,1201.6,374682
UPHOT,20260911,1424.0,1499.4,1424.0,1499.0,64
UPL,20260911,571.8,577.65,567.55,572.95,1449635
URAVIDEF,20260911,115.0,115.0,112.7,114.0,1441
URBANCO,20260911,162.97,167.8,161.1,166.89,4314864
URJA,20260911,9.0,9.05,8.8,9.02,452061
USHAMART,20260911,493.0,501.5,487.05,494.5,1607761
USK,20260911,20.74,21.1,20.51,20.64,10354
UTIAMC,20260911,909.65,920.0,899.35,910.0,113860
UTKARSHBNK,20260911,14.76,14.76,14.29,14.52,14252337
UTLSOLAR,20260911,439.0,450.15,434.8,447.8,169862
UTTAMSUGAR,20260911,279.2,287.0,275.8,279.85,205674
UYFINCORP,20260911,19.31,20.0,19.0,19.74,105430
V2RETAIL,20260911,217.5,219.03,212.57,218.0,879127
VADILALIND,20260911,7125.0,7217.0,6887.5,6960.5,52588
VADILENT,20260911,10401.0,10501.0,10400.0,10400.0,31
VAIBHAVGBL,20260911,215.96,216.1,210.0,212.58,187970
VAISHALI,20260911,8.22,9.42,8.22,8.77,392962
VAKRANGEE,20260911,5.4,5.49,5.3,5.37,1038339
VAL30IETF,20260911,15.01,15.1,14.86,15.02,223102
VALIANTLAB,20260911,118.56,129.9,118.56,127.91,234978
VALIANTORG,20260911,364.0,396.3,358.6,396.3,133752
VALUE,20260911,16.03,16.03,15.82,15.92,41013
VALUEAXIS,20260911,33.03,33.03,32.26,32.47,66956
VAML,20260911,431.25,432.0,416.25,421.75,11587958
VARDHACRLC,20260911,44.9,44.9,43.55,44.06,29672
VARDMNPOLY,20260911,6.0,6.0,5.88,5.94,66395
VARROC,20260911,877.4,889.85,866.0,872.0,482620
VASCONEQ,20260911,30.15,30.34,29.62,30.08,205831
VASWANI,20260911,46.01,47.99,45.67,45.88,13498
VBL,20260911,406.8,417.15,403.0,416.5,9719304
VCL,20260911,1.81,1.81,1.65,1.65,1158740
VEDAVAAG,20260911,22.65,25.69,22.51,23.38,930326
VEDL,20260911,264.0,264.85,256.5,263.7,11843976
VEDPOWER,20260911,33.8,33.94,33.34,33.62,5964281
VEEDOL,20260911,1437.7,1437.7,1422.0,1428.5,8081
VELJAN,20260911,1935.0,1935.0,1875.0,1890.0,693
VENKEYS,20260911,1690.0,1795.0,1676.2,1787.2,254979
VENTIVE,20260911,569.7,577.95,560.05,574.7,34114
VENUSPIPES,20260911,1948.0,2044.4,1909.4,2020.1,301736
VENUSREM,20260911,1618.1,1655.0,1580.0,1616.3,16535
VERANDA,20260911,230.1,232.86,223.66,225.24,334713
VERTOZ,20260911,39.43,39.43,38.0,38.38,43289
VESUVIUS,20260911,412.3,415.65,408.55,413.05,31667
VETO,20260911,128.48,128.48,124.0,125.81,17098
VGCL,20260911,51.77,51.77,49.0,50.0,548
VGL,20260911,57.96,69.33,54.62,66.82,2056842
VGUARD,20260911,326.4,327.0,318.05,323.7,303031
VHL,20260911,3407.0,3483.4,3407.0,3447.9,337
VHLTD,20260911,120.55,120.55,116.0,118.98,12124
VIDHIING,20260911,333.9,337.9,328.85,334.45,17238
VIDYAWIRES,20260911,88.8,89.59,87.4,88.25,606031
VIJAYA,20260911,1495.0,1517.4,1466.1,1502.0,98574
VIJIFIN,20260911,15.62,15.62,15.62,15.62,428405
VIJSOLX,20260911,649.8,649.8,610.0,633.7,503
VIKASECO,20260911,1.06,1.06,1.04,1.05,1426919
VIKASLIFE,20260911,1.23,1.24,1.22,1.22,1661197
VIKRAMSOLR,20260911,165.52,167.84,165.15,166.86,1840186
VIKRAN,20260911,57.37,57.5,56.3,57.08,856569
VIMTALABS,20260911,635.8,635.8,623.25,629.6,75010
VINATIORGA,20260911,1313.0,1315.0,1289.5,1294.3,64208
VINCOFE,20260911,178.0,180.61,173.05,174.35,1851750
VINDHYATEL,20260911,2795.0,2865.5,2760.6,2813.5,64033
VINEETLAB,20260911,37.09,37.57,35.01,37.02,71650
VINNY,20260911,1.0,1.01,0.95,0.97,331980
VINYLINDIA,20260911,221.63,224.0,219.02,219.93,4847
VIPCLOTHNG,20260911,21.26,21.88,20.05,21.38,69320
VIPIND,20260911,301.55,301.95,296.15,300.1,215768
VIPULLTD,20260911,12.97,12.97,12.97,12.97,14460
VIRAT,20260911,448.7,454.75,448.7,450.05,6401
VIRINCHI,20260911,13.93,14.34,13.93,14.25,30033
VIRTUALG,20260911,0.45,0.45,0.43,0.45,212463
VISACHROME,20260911,36.39,36.39,34.8,35.03,12397
VISAKAIND,20260911,91.15,91.37,89.31,90.45,142149
VISHAL,20260911,17.85,18.8,17.85,18.36,76965
VISHNU,20260911,724.45,724.45,708.2,713.95,101468
VISHWARAJ,20260911,5.52,5.59,5.33,5.38,934016
VISL,20260911,33.35,33.6,32.39,33.34,13476504
VITAL,20260911,55.99,55.99,54.06,55.65,2687
VIVIANA,20260911,750.0,774.75,748.0,752.15,12940
VIVIDHA,20260911,0.52,0.54,0.51,0.51,204897
VIVIMEDLAB,20260911,6.03,6.03,6.03,6.03,21885
VIVOBIOT,20260911,17.0,17.37,16.5,17.13,33194
VIYASH,20260911,259.3,259.35,253.5,257.6,1859725
VLEGOV,20260911,10.01,10.3,9.4,10.24,148242
VLSFINANCE,20260911,242.05,246.38,241.0,244.0,12116
VMART,20260911,814.0,820.8,803.85,808.95,67763
VMM,20260911,102.6,102.65,101.06,101.71,7712844
VMSTMT,20260911,44.05,44.5,43.75,44.12,10687
VOEPL,20260911,531.8,531.8,503.8,515.35,132543
VOGL,20260911,36.5,37.44,35.85,36.71,38669198
VOITHPAPR,20260911,1440.0,1470.0,1440.0,1459.6,347
VOLTAMP,20260911,10800.0,11255.0,10672.0,11217.0,22505
VOLTAS,20260911,1149.0,1169.0,1138.0,1165.0,762254
VPRPL,20260911,36.4,37.0,35.8,36.17,413477
VRAJ,20260911,125.3,126.5,124.0,125.5,31941
VRLLOG,20260911,286.0,291.45,286.0,288.3,101854
VSSL,20260911,389.1,405.0,381.25,397.45,621233
VSTIND,20260911,206.0,206.45,203.0,203.93,169400
VSTL,20260911,118.45,122.8,117.0,119.71,8436
VSTTILLERS,20260911,4082.0,4088.9,4026.3,4042.9,6213
VTL,20260911,572.6,573.3,557.7,566.2,200543
VTMLTD,20260911,53.24,53.24,46.83,48.42,58536
WAAREEENER,20260911,2543.3,2635.0,2515.1,2625.0,1067044
WAAREEINDO,20260911,259.8,261.95,251.0,251.95,206769
WAAREERTL,20260911,831.0,836.95,821.5,831.95,89735
WABAG,20260911,2195.0,2319.0,2164.6,2277.9,2231415
WAKEFIT,20260911,152.75,158.2,150.45,155.13,732141
WALCHANNAG,20260911,207.0,214.74,203.5,210.1,1276691
WANBURY,20260911,240.0,240.4,234.75,239.35,59568
WARDINMOBI,20260911,5.84,5.89,5.67,5.72,221210
WATERBASE,20260911,46.53,47.24,45.7,46.54,9577
WCIL,20260911,84.95,89.4,84.63,87.51,446170
WEALTH,20260911,821.1,852.9,815.3,845.25,1525
WEBELSOLAR,20260911,75.37,76.95,74.05,75.84,1825883
WEIZMANIND,20260911,74.0,74.0,70.5,71.71,2145
WEL,20260911,72.0,72.85,70.7,72.34,401778
WELCORP,20260911,2745.0,2761.8,2658.5,2676.6,1221515
WELENT,20260911,797.95,797.95,777.0,786.2,250248
WELINV,20260911,2321.0,2322.0,2321.0,2322.0,236
WELSPLSOL,20260911,56.0,56.21,54.51,55.59,525139
WELSPUNLIV,20260911,208.0,208.9,203.52,207.68,2653493
WENDT,20260911,8660.0,8900.0,8461.0,8812.5,28678
WESTLIFE,20260911,554.8,572.0,548.95,569.6,7221944
WEWIN,20260911,43.2,43.4,42.01,42.46,2714
WEWORK,20260911,667.0,674.45,656.55,670.25,78098
WHEELS,20260911,2288.1,2319.9,2215.2,2230.1,386291
WHIRLPOOL,20260911,786.1,786.1,760.75,762.35,300241
WILLAMAGOR,20260911,24.61,24.61,23.5,24.18,593
WINDLAS,20260911,1127.1,1141.9,1110.75,1129.25,66749
WINDMACHIN,20260911,299.0,304.95,292.0,300.65,53705
WIPL,20260911,164.11,169.88,164.11,169.58,145
WIPRO,20260911,165.2,167.75,165.16,167.4,8484897
WOCKPHARMA,20260911,2200.0,2237.0,2167.3,2179.4,1109909
WONDERLA,20260911,518.75,530.45,504.1,520.95,73285
WORTHPERI,20260911,150.0,150.0,144.5,145.82,7377
WPIL,20260911,442.8,444.0,430.0,435.25,51726
WSI,20260911,61.98,63.8,58.22,61.92,146840
WSTCSTPAPR,20260911,703.0,722.4,691.05,713.8,271781
XCHANGING,20260911,63.98,64.94,61.78,62.34,82421
XELPMOC,20260911,75.11,77.47,72.1,76.03,12608
XPROINDIA,20260911,1269.8,1309.2,1239.2,1294.7,50993
XTGLOBAL,20260911,30.9,30.9,29.5,29.53,25934
XTRANET,20260911,284.91,288.89,270.0,271.34,1232212
YASHO,20260911,3950.0,4250.0,3773.0,4187.5,95474
YATHARTH,20260911,971.1,975.9,960.9,966.3,128509
YATRA,20260911,113.25,116.95,111.25,115.42,1430101
YESBANK,20260911,22.23,23.95,22.07,23.48,234792571
YOGI,20260911,162.9,169.0,155.0,157.13,3204
YUKEN,20260911,1085.7,1124.85,1060.55,1113.75,35432
ZAGGLE,20260911,182.0,187.88,180.34,187.0,1685484
ZEEL,20260911,81.0,81.9,79.2,79.36,21161135
ZEELEARN,20260911,6.4,6.8,6.3,6.78,240086
ZEEMEDIA,20260911,7.65,7.65,7.26,7.43,2297783
ZENITHEXPO,20260911,206.0,206.0,205.0,205.0,17
ZENITHSTL,20260911,6.13,6.35,5.73,5.85,88082
ZENSARTECH,20260911,425.7,432.8,421.0,425.25,980587
ZENTEC,20260911,1740.0,1741.2,1707.1,1722.6,273823
ZFCVINDIA,20260911,2514.9,2559.9,2490.0,2548.2,49717
ZFSTEERING,20260911,742.0,773.7,723.0,764.75,18700
ZIMLAB,20260911,137.18,141.5,132.0,139.22,119406
ZODIAC,20260911,221.35,231.18,221.35,227.98,12124
ZODIACLOTH,20260911,70.01,70.4,69.0,69.54,2956
ZOTA,20260911,1100.0,1103.8,1081.0,1087.2,22932
ZSARACOM,20260911,11100.0,11190.0,10221.0,10797.0,43
ZUARI,20260911,221.01,221.01,218.02,220.42,62275
ZUARIIND,20260911,270.0,276.8,265.0,273.15,49536
ZYDUSLIFE,20260911,1114.0,1135.5,1104.6,1119.1,1038797
ZYDUSWELL,20260911,567.85,570.0,545.3,552.0,210690
