SYMBOL,TIMESTAMP,OPEN,HIGH,LOW,CLOSE,VOLUME
20MICRONS,20260915,207.98,208.77,198.51,201.29,111270
21STCENMGM,20260915,37.8,39.15,37.8,39.0,1658
360ONE,20260915,1092.0,1092.9,1052.1,1052.1,896308
3BBLACKBIO,20260915,1423.5,1437.3,1352.0,1355.8,10026
3IINFOLTD,20260915,22.79,23.99,22.5,23.99,733982
3MINDIA,20260915,32710.0,32895.0,31500.0,31590.0,2096
3PLAND,20260915,31.25,32.3,29.5,30.8,7541
5PAISA,20260915,325.1,327.9,311.3,313.2,40835
63MOONS,20260915,911.7,914.25,858.1,864.0,310775
A2ZINFRA,20260915,15.99,15.99,15.07,15.11,95954
AAATECH,20260915,93.8,95.0,91.4,91.98,189713
AADHARHFC,20260915,457.0,460.2,444.5,448.35,231528
AAKASH,20260915,9.01,9.25,8.69,8.83,132523
AAREYDRUGS,20260915,98.71,100.45,96.1,98.82,212869
AARNAV,20260915,29.95,31.39,29.2,29.79,6499
AARON,20260915,125.0,132.2,120.6,123.18,14325
AARTECH,20260915,52.24,52.25,50.2,50.83,43354
AARTIDRUGS,20260915,428.0,439.9,424.0,426.35,143544
AARTIIND,20260915,492.7,494.5,466.1,468.7,789421
AARTIPHARM,20260915,831.95,832.0,785.15,789.45,386201
AARTISURF,20260915,506.9,515.0,506.9,513.2,14974
AARVI,20260915,141.1,145.45,140.81,141.39,5231
AASTHA,20260915,78.43,80.26,76.0,76.38,772986
AAVAS,20260915,1270.1,1290.6,1262.1,1270.3,114642
ABAN,20260915,14.65,14.65,14.11,14.36,14322
ABANSENT,20260915,28.09,28.6,26.81,27.83,5280
ABB,20260915,7268.0,7268.0,7005.0,7005.0,195095
ABBOTINDIA,20260915,25690.0,26245.0,25550.0,26125.0,10732
ABCAPITAL,20260915,395.15,396.8,378.8,378.8,2529778
ABCOTS,20260915,200.7,213.59,200.7,206.04,6697
ABDL,20260915,635.0,644.4,622.0,631.6,522432
ABFRL,20260915,50.35,50.68,48.71,49.02,9099306
ABGSEC,20260915,113.96,113.96,113.07,113.07,5
ABINFRA,20260915,11.34,11.4,10.91,11.11,133271
ABLBL,20260915,83.5,85.35,82.71,82.95,625654
ABMINTLLTD,20260915,52.35,52.35,52.0,52.0,51
ABMKNO,20260915,182.0,184.9,170.0,174.71,2678
ABREL,20260915,1276.2,1281.7,1227.0,1232.5,197639
ABSL10BANK,20260915,170.9,170.9,164.0,165.51,3511
ABSLAMC,20260915,1102.0,1104.0,1034.0,1037.9,129497
ABSLBANETF,20260915,58.14,58.28,57.3,57.4,23799
ABSLLIQUID,20260915,1000.01,1000.01,999.99,999.99,9016
ABSLMSCIN,20260915,29.11,29.26,28.63,28.67,354
ABSLNN50ET,20260915,76.53,76.53,74.1,74.48,43922
ABSLPSE,20260915,10.11,10.29,9.9,9.93,109470
ACC,20260915,1234.9,1280.3,1219.6,1225.2,205903
ACCELYA,20260915,1120.0,1126.0,1108.0,1112.2,5132
ACCURACY,20260915,4.17,4.39,4.17,4.38,99869
ACE,20260915,1135.0,1141.5,1105.0,1132.1,332640
ACEINTEG,20260915,17.54,18.37,17.51,17.75,6074
ACGL,20260915,1785.7,1824.0,1725.2,1732.1,944
ACI,20260915,476.7,478.0,453.05,455.25,295921
ACL,20260915,41.85,43.5,41.85,42.55,4611
ACMESOLAR,20260915,402.15,426.15,402.15,420.4,5262214
ACSTECH,20260915,58.5,61.1,58.5,59.45,274304
ACUTAAS,20260915,3384.0,3447.6,3232.2,3266.2,264234
ADANIENSOL,20260915,1377.6,1379.8,1337.0,1347.5,822951
ADANIENT,20260915,3080.0,3083.7,2921.3,2928.6,1783310
ADANIGREEN,20260915,1282.3,1294.0,1249.0,1255.0,980470
ADANIPORTS,20260915,1791.4,1791.4,1713.8,1713.8,1610729
ADANIPOWER,20260915,211.05,212.0,201.4,202.0,14417003
ADDIND,20260915,79.41,80.0,79.0,79.0,6
ADFFOODS,20260915,269.55,270.9,260.1,261.3,65591
ADL,20260915,75.9,83.0,69.71,71.16,3183
ADOR,20260915,1604.0,1620.0,1541.3,1548.2,31262
ADROITINFO,20260915,11.06,11.29,10.82,11.04,36084
ADSL,20260915,100.68,101.6,96.15,97.02,112407
ADVAIT,20260915,2070.0,2083.9,2000.0,2007.0,34911
ADVANCE,20260915,118.69,119.76,113.5,113.95,66283
ADVANIHOTR,20260915,49.06,49.06,47.5,47.98,35019
ADVENTHTL,20260915,128.67,136.0,125.11,126.42,361220
ADVENZYMES,20260915,293.4,297.0,286.15,287.7,247159
ADVIKCA,20260915,1.02,1.02,0.94,0.98,431765
AEGISLOG,20260915,1365.3,1385.0,1320.0,1323.5,701470
AEGISVOPAK,20260915,298.4,311.0,292.8,302.0,4447657
AEPL,20260915,17.5,17.59,16.02,16.27,53631
AEQUS,20260915,229.0,234.0,220.0,221.52,2201591
AEROENTER,20260915,137.77,137.77,113.85,116.93,1916380
AEROFLEX,20260915,565.4,567.45,507.6,507.6,1836440
AERONEU,20260915,68.76,71.39,67.75,67.94,22172
AEROPLANE,20260915,205.12,205.13,195.0,199.72,921171
AETHER,20260915,1674.7,1680.0,1567.7,1583.1,405221
AFCONS,20260915,281.0,304.55,260.25,262.25,26501568
AFFLE,20260915,1585.8,1588.9,1534.4,1536.4,132668
AFFORDABLE,20260915,159.09,161.88,156.01,158.93,16702
AFIL,20260915,9.0,9.0,8.39,8.54,634241
AFSL,20260915,201.95,202.5,201.0,201.03,7901
AGARIND,20260915,431.95,436.95,417.5,421.0,51633
AGARWALEYE,20260915,510.0,511.0,494.85,502.05,195769
AGI,20260915,761.05,762.05,731.1,736.65,91711
AGIIL,20260915,272.95,274.85,255.8,264.15,382898
AGL,20260915,15.14,15.23,14.01,14.23,2608653
AGRITECH,20260915,100.33,101.39,97.12,97.57,2551
AGROPHOS,20260915,24.2,24.2,22.51,23.47,22908
AGSTRA,20260915,1.89,1.98,1.88,1.92,169141
AHCL,20260915,21.05,22.94,19.37,20.18,165056337
AHLADA,20260915,34.85,36.09,34.0,34.99,10913
AHLEAST,20260915,134.52,136.88,133.0,133.56,1187
AHLUCONT,20260915,601.0,604.65,580.3,585.85,66007
AHLWEST,20260915,505.0,530.25,505.0,506.4,882
AIAENG,20260915,4113.5,4140.0,3886.0,3899.3,43966
AIIL,20260915,539.0,539.0,524.2,529.85,279515
AIRAN,20260915,17.21,17.9,16.21,16.45,157643
AIROLAM,20260915,89.45,89.45,83.53,84.21,2779
AJANTPHARM,20260915,3555.9,3555.9,3477.1,3510.4,78118
AJAXENGG,20260915,585.05,598.0,575.3,581.6,70412
AJMERA,20260915,117.61,117.61,111.83,114.37,421507
AJOONI,20260915,3.42,3.49,3.36,3.43,317027
AKASH,20260915,25.93,25.93,24.55,24.56,1710
AKCAPIT,20260915,1702.0,1715.0,1681.3,1714.1,1383
AKG,20260915,10.4,10.74,10.4,10.48,49896
AKI,20260915,6.14,6.14,5.84,5.84,285275
AKSHAR,20260915,0.41,0.42,0.41,0.41,395939
AKSHARCHEM,20260915,404.1,414.95,401.8,401.8,8144
AKSHOPTFBR,20260915,8.6,8.89,8.35,8.35,406682
AKUMS,20260915,780.25,792.0,762.15,765.65,345164
ALANKIT,20260915,8.0,8.0,7.7,7.77,78407
ALBERTDAVD,20260915,844.55,862.85,832.0,851.9,5779
ALEMBICLTD,20260915,105.3,106.49,100.0,100.51,840743
ALFREDHE,20260915,2800.9,2880.0,2750.0,2820.0,69
ALGOQUANT,20260915,64.61,66.59,63.5,64.13,1404240
ALICON,20260915,739.45,739.95,690.0,697.2,11860
ALIVUS,20260915,1386.8,1401.7,1344.5,1347.8,79325
ALKALI,20260915,75.7,78.48,72.22,73.45,10853
ALKEM,20260915,5170.0,5290.0,5140.5,5161.0,253213
ALKYLAMINE,20260915,1867.0,1867.0,1768.1,1775.7,85642
ALLCARGO,20260915,12.4,12.4,11.38,11.6,11548427
ALLDIGI,20260915,795.0,806.95,795.0,799.5,2913
ALLTIME,20260915,221.5,223.5,212.0,213.38,111414
ALMONDZ,20260915,19.25,19.4,15.77,16.84,546923
ALOKINDS,20260915,7.4,7.65,7.35,7.38,16675898
ALPA,20260915,62.0,62.8,60.0,60.39,10739
ALPHA,20260915,54.07,54.24,51.95,52.18,1858489
ALPHAETF,20260915,26.49,26.51,25.65,25.68,494292
ALPHAGEO,20260915,307.0,319.8,298.0,298.85,7700
ALPINETEX,20260915,57.11,57.39,53.5,54.68,94673
ALPL30IETF,20260915,27.25,27.25,26.69,26.7,2987998
ALUFLUOR,20260915,487.4,495.0,487.4,492.55,4714
AMAGI,20260915,581.25,587.85,567.05,569.4,291602
AMAL,20260915,739.0,739.4,702.65,713.3,7292
AMANTA,20260915,193.8,193.8,193.8,193.8,15941
AMARJOTHI,20260915,154.93,154.93,147.0,148.09,3047
AMBALALSA,20260915,40.5,40.98,38.32,38.59,45056
AMBER,20260915,7280.5,7290.5,6937.0,7000.0,145928
AMBICAAGAR,20260915,24.87,25.48,24.87,24.94,8112
AMBIKCO,20260915,1594.7,1605.0,1575.0,1579.6,10233
AMBUJACEM,20260915,392.6,393.85,380.1,381.75,1367462
AMDIND,20260915,66.29,74.39,65.8,69.64,1440694
AMJLAND,20260915,38.56,38.64,36.66,37.21,20539
AMNPLST,20260915,169.9,169.9,164.0,165.52,1450
AMRUTANJAN,20260915,489.0,494.85,485.0,489.6,26954
ANANDRATHI,20260915,2212.4,2222.0,2175.0,2183.9,126796
ANANTRAJ,20260915,601.05,605.3,583.05,585.9,1793456
ANDHRAPAP,20260915,73.36,75.0,71.0,71.64,1506455
ANDHRSUGAR,20260915,97.6,97.6,94.0,94.66,366347
ANDREWYU,20260915,26.1,26.89,25.31,25.65,63569
ANGELONE,20260915,306.45,310.0,297.3,297.5,5536817
ANIKINDS,20260915,44.05,45.53,39.96,40.58,23241
ANKITMETAL,20260915,1.64,1.64,1.64,1.64,40238
ANMOL,20260915,17.0,18.55,15.2,15.27,977450
ANNAPURNA,20260915,137.9,138.14,134.06,137.39,14823
ANNU,20260915,55.44,55.44,55.44,55.44,129616
ANSALAPI,20260915,3.4,3.4,3.4,3.4,23340
ANSALBU,20260915,82.0,87.0,79.0,84.0,10068
ANTELOPUS,20260915,1146.1,1173.15,1036.95,1057.8,1129576
ANTGRAPHIC,20260915,0.75,0.75,0.73,0.74,87794
ANTHEM,20260915,944.95,962.0,938.2,942.85,599280
ANUHPHR,20260915,95.0,97.5,89.91,90.33,208793
ANUP,20260915,1670.0,1679.0,1611.1,1616.1,24723
ANURAS,20260915,1224.8,1227.3,1115.8,1170.4,493232
AONEGOLD,20260915,14.01,14.99,13.96,14.5,394998
AONELIQUID,20260915,1076.89,1076.89,1076.87,1076.87,10143
AONENIFTY,20260915,9.95,9.95,9.55,9.58,237957
AONESILVER,20260915,8.77,8.79,8.58,8.66,565305
AONETMMQ50,20260915,10.69,10.69,10.0,10.0,204288
AONETOTAL,20260915,11.93,11.93,11.49,11.52,226437
APARINDS,20260915,17598.0,17688.0,16490.0,16550.0,100710
APCL,20260915,100.0,100.0,98.0,99.4,4097
APCOTEXIND,20260915,602.05,610.0,575.0,576.7,118177
APEX,20260915,366.65,369.7,355.0,358.95,81885
APLAPOLLO,20260915,2157.0,2160.0,2107.7,2119.3,434016
APLLTD,20260915,811.0,839.35,810.2,824.75,165473
APOLLO,20260915,424.35,424.6,384.0,386.6,9564451
APOLLOHOSP,20260915,8937.0,8950.5,8714.0,8714.0,247091
APOLLOPIPE,20260915,553.15,554.15,516.45,520.2,406249
APOLLOTYRE,20260915,415.0,417.75,405.05,406.2,329820
APOLSINHOT,20260915,1205.1,1237.0,1205.0,1214.5,636
APOORVA,20260915,28.18,28.18,27.0,27.02,296
APTECHT,20260915,90.0,90.0,86.0,86.38,47241
APTUS,20260915,249.01,249.66,240.4,244.83,1042351
AQYLON,20260915,21.65,21.9,20.18,20.71,4195907
ARCHIDPLY,20260915,102.0,105.6,100.21,100.21,16131
ARCHIES,20260915,12.36,12.61,12.23,12.29,10834
ARCL,20260915,262.39,262.39,262.39,262.39,1510
ARDEE,20260915,51.6,52.65,47.5,47.78,5215440
ARE&M,20260915,817.95,824.0,794.6,799.55,408139
ARENTERP,20260915,32.67,33.39,32.01,32.64,547
ARFIN,20260915,85.3,86.51,82.02,82.72,1085971
ARIES,20260915,468.5,482.0,453.0,473.3,25734
ARIHANT,20260915,949.15,960.0,841.4,858.8,6740
ARIHANTCAP,20260915,79.47,83.0,79.13,81.45,1185062
ARIHANTSUP,20260915,216.0,219.9,210.0,213.95,4749
ARIS,20260915,125.25,127.26,119.15,120.63,1323454
ARKADE,20260915,122.99,122.99,115.21,116.42,194033
ARMANFIN,20260915,2024.9,2025.0,1900.4,1918.1,37939
AROGRANITE,20260915,23.38,24.74,22.81,22.98,9200
ARROWGREEN,20260915,835.9,883.85,815.25,838.55,225224
ARSHIYA,20260915,0.74,0.79,0.74,0.78,391329
ARSSBL,20260915,495.0,499.9,475.05,479.65,149916
ARTEMISMED,20260915,347.5,347.5,326.45,330.55,380378
ARTNIRMAN,20260915,40.11,40.11,39.11,39.78,834
ARVEE,20260915,177.1,180.0,168.0,168.6,5648
ARVIND,20260915,578.8,597.9,542.25,550.6,1581072
ARVINDFASN,20260915,446.9,448.05,426.55,428.5,218586
ARVSMART,20260915,581.0,586.1,554.1,564.15,232819
ARYAMAN,20260915,632.0,632.0,632.0,632.0,5
ASAHIINDIA,20260915,995.0,995.0,952.35,958.8,181950
ASAHISONG,20260915,356.05,367.95,353.0,354.55,8660
ASAL,20260915,463.95,469.0,445.2,447.85,19416
ASALCBR,20260915,676.7,690.15,660.3,661.9,38899
ASHAPURMIN,20260915,542.8,546.8,515.65,518.4,299127
ASHIANA,20260915,344.2,346.4,340.5,341.9,26206
ASHIKAG,20260915,415.45,418.0,402.1,406.6,16659
ASHIMASYN,20260915,16.41,17.3,16.41,16.78,30749
ASHOKA,20260915,114.32,114.32,110.9,111.37,542158
ASHOKAMET,20260915,19.4,19.4,14.7,15.14,900455
ASHOKLEY,20260915,164.5,165.36,156.65,156.65,17917014
ASIANENE,20260915,541.75,541.75,477.5,485.25,855416
ASIANHOTNR,20260915,381.6,409.0,375.35,385.45,111275
ASIANPAINT,20260915,2472.5,2473.0,2402.8,2402.8,539643
ASIANTILES,20260915,50.0,50.44,48.86,50.03,2855354
ASIANTNE,20260915,9.9,9.9,8.22,8.69,11719
ASKAUTOLTD,20260915,634.0,649.95,600.35,604.7,480326
ASMS,20260915,6.99,6.99,6.8,6.82,66066
ASPINWALL,20260915,266.3,268.0,250.3,250.85,2956
ASTAR,20260915,583.0,583.0,560.05,562.5,164
ASTEC,20260915,700.0,708.7,663.05,673.7,47020
ASTERDM,20260915,762.95,762.95,738.0,741.25,1030702
ASTRAL,20260915,1410.0,1414.1,1372.8,1379.6,609291
ASTRAMICRO,20260915,1688.5,1688.5,1581.0,1593.8,496962
ASTRAZEN,20260915,6767.5,6778.5,6600.0,6695.5,14843
ASTRON,20260915,2.86,3.04,2.86,2.99,13824
ATALREAL,20260915,12.38,14.74,12.38,14.4,13631375
ATAM,20260915,55.11,56.5,53.61,54.67,10388
ATGL,20260915,595.0,602.9,576.4,580.15,517239
ATHERENERG,20260915,1660.7,1662.0,1545.5,1568.5,3713971
ATL,20260915,25.21,25.4,24.2,24.33,162315
ATLANTAA,20260915,37.0,38.0,36.25,36.74,26472
ATLANTAELE,20260915,1765.1,1784.2,1652.2,1660.0,106063
ATLASCYCLE,20260915,94.66,96.26,90.3,91.02,26406
ATUL,20260915,6250.0,6250.0,6060.5,6081.5,34391
ATULAUTO,20260915,446.5,460.0,435.15,438.45,132601
AUBANK,20260915,1061.4,1065.7,1024.6,1028.0,815819
AUGMONT,20260915,889.95,889.95,825.3,832.25,930427
AURIONPRO,20260915,691.0,725.95,687.0,698.65,306875
AUROPHARMA,20260915,1688.0,1688.0,1642.1,1660.0,438757
AURUM,20260915,224.02,227.18,220.75,221.36,121746
AURUS,20260915,4.87,4.99,4.69,4.85,12400
AUSOMENT,20260915,153.9,156.5,151.45,151.73,5047
AUSTENG,20260915,130.0,139.0,122.08,127.31,6842
AUTOAXLES,20260915,1685.0,1715.9,1655.1,1661.6,3806
AUTOBEES,20260915,286.0,286.0,277.9,278.31,187772
AUTOIETF,20260915,29.29,29.29,27.86,27.91,695282
AUTOIND,20260915,83.2,83.33,78.35,79.11,129975
AVADHSUGAR,20260915,777.0,777.0,724.0,732.7,195986
AVALON,20260915,2272.7,2312.0,2150.2,2160.7,355969
AVANCE,20260915,0.81,0.83,0.8,0.81,4652378
AVANTEL,20260915,156.46,159.0,143.0,144.5,1853714
AVANTIFEED,20260915,798.5,805.7,769.35,771.95,282723
AVG,20260915,180.0,180.0,168.2,169.21,5306
AVL,20260915,616.45,622.35,595.2,611.2,421337
AVONMORE,20260915,14.0,14.29,13.66,13.79,298526
AVROIND,20260915,7.76,8.2,7.51,7.66,222508
AVTNPL,20260915,89.4,90.19,84.54,86.24,279706
AWFIS,20260915,297.85,304.5,268.3,275.15,3801941
AWHCL,20260915,367.75,367.75,351.75,354.1,82561
AWL,20260915,185.5,185.94,181.05,183.14,1154132
AXISBANK,20260915,1254.0,1254.0,1219.9,1222.9,5698466
AXISCADES,20260915,1876.2,1876.2,1699.9,1717.7,176313
AXITA,20260915,8.03,8.04,7.99,8.0,425828
AXTEL,20260915,437.2,458.8,419.1,429.65,21380
AYE,20260915,185.0,189.28,176.11,177.25,1154930
AYMSYNTEX,20260915,278.65,284.55,268.0,269.1,73158
AZAD,20260915,2865.0,2904.2,2692.9,2704.9,427305
AZADIND,20260915,90.0,90.0,81.5,84.11,13007
BAFNAPH,20260915,301.55,307.45,301.55,307.3,12177
BAGFILMS,20260915,4.53,4.53,4.31,4.35,94381
BAIDFIN,20260915,11.82,11.9,9.97,10.08,552693
BAJAJ-AUTO,20260915,11693.0,11709.0,11416.0,11424.0,236796
BAJAJCON,20260915,517.0,529.8,496.8,503.8,824896
BAJAJELEC,20260915,335.95,340.4,326.4,328.4,127113
BAJAJFINSV,20260915,1921.4,1930.6,1855.5,1855.5,486164
BAJAJHCARE,20260915,334.05,334.1,318.6,320.9,95072
BAJAJHFL,20260915,84.26,84.53,83.08,84.0,3993670
BAJAJHIND,20260915,21.15,21.19,19.51,19.71,19892199
BAJAJHLDNG,20260915,11134.0,11208.0,11060.0,11100.0,56888
BAJAJINDEF,20260915,230.59,234.31,220.06,220.69,10651
BAJAJST,20260915,370.0,370.0,363.1,365.3,7410
BAJEL,20260915,178.67,182.6,168.01,168.87,305666
BAJFINANCE,20260915,1035.0,1038.6,1005.5,1009.2,5792124
BALAJEE,20260915,26.09,26.09,24.51,24.96,16947
BALAJITELE,20260915,90.71,98.0,90.51,95.48,1605822
BALAMINES,20260915,2288.0,2288.0,2093.0,2105.7,256830
BALAXI,20260915,24.8,24.8,23.0,23.12,26067
BALKRISHNA,20260915,16.6,17.2,16.02,16.73,9171
BALKRISIND,20260915,2164.6,2176.3,2117.1,2129.0,166038
BALMLAWRIE,20260915,168.7,169.0,163.25,164.24,203640
BALPHARMA,20260915,109.22,115.0,107.07,107.44,107727
BALRAMCHIN,20260915,697.3,698.0,667.55,677.1,1081870
BALUFORGE,20260915,533.4,534.9,494.0,498.2,876986
BANARBEADS,20260915,111.9,115.0,110.35,110.92,3820
BANARISUG,20260915,3542.6,3542.6,3400.0,3411.1,1035
BANCOINDIA,20260915,617.55,622.85,585.15,587.65,144544
BANDHANBNK,20260915,177.0,179.11,172.24,172.45,10329258
BANG,20260915,35.76,35.76,31.55,32.29,54164
BANK10ADD,20260915,16.73,16.73,16.38,16.45,37455
BANK10BETF,20260915,20.31,20.99,19.73,19.81,7312
BANKA,20260915,82.18,83.0,77.7,77.86,2696
BANKADD,20260915,58.5,58.5,57.23,57.51,16276
BANKBARODA,20260915,238.13,238.51,232.44,232.7,7383660
BANKBEES,20260915,601.0,601.0,578.18,579.33,533936
BANKBETA,20260915,60.09,60.09,57.85,58.08,62803
BANKBETF,20260915,57.0,57.91,56.44,57.02,11849
BANKETF,20260915,580.7,580.7,569.69,571.28,30068
BANKIETF,20260915,58.36,58.54,57.37,57.5,151138
BANKINDIA,20260915,140.0,140.41,137.0,137.61,4479489
BANKNIFTY1,20260915,59.08,59.21,58.0,58.06,332242
BANKPSU,20260915,83.72,84.34,82.41,82.56,18464
BANSALWIRE,20260915,307.9,311.9,298.0,303.7,82917
BANSWRAS,20260915,114.97,114.97,109.0,110.03,9076
BASF,20260915,3662.0,3674.1,3528.0,3539.4,17640
BASML,20260915,24.6,24.75,23.5,23.51,73689
BATAINDIA,20260915,649.9,656.9,637.5,640.15,174746
BATLIBOI,20260915,86.0,86.0,82.5,83.95,26108
BAYERCROP,20260915,3998.9,3999.0,3930.0,3941.1,9354
BBETF0432,20260915,1343.65,1343.66,1338.0,1340.38,680
BBL,20260915,2246.5,2275.5,2166.6,2180.1,28880
BBNPNBETF,20260915,57.97,57.97,56.43,56.44,315
BBNPPGOLD,20260915,146.2,146.2,144.15,144.8,1723
BBOX,20260915,815.0,834.35,727.1,745.8,1510478
BBTC,20260915,1429.0,1447.1,1410.4,1416.4,34860
BBTCL,20260915,232.79,232.79,221.35,224.92,4937
BCG,20260915,10.09,10.4,9.74,9.85,10744108
BCLIND,20260915,34.6,34.64,32.1,32.95,648439
BCONCEPTS,20260915,164.0,164.0,152.1,154.24,10173
BCPL,20260915,70.36,70.88,67.21,68.27,7601
BDL,20260915,1191.0,1194.6,1123.0,1135.0,1293584
BEARDSELL,20260915,25.18,25.18,24.02,24.27,15640
BECTORFOOD,20260915,239.7,240.0,221.5,223.4,2295967
BEDMUTHA,20260915,108.79,108.79,103.5,104.42,3658
BEEKAY,20260915,428.05,442.2,427.05,435.15,2968
BEL,20260915,402.0,403.65,382.9,382.9,16741114
BELLACASA,20260915,262.86,262.86,247.0,252.67,8516
BELRISE,20260915,228.59,232.56,226.0,226.66,2660988
BEML,20260915,2033.4,2033.4,1922.0,1939.3,234307
BENARAS,20260915,11199.0,11499.0,10460.0,11001.0,250
BENGALASM,20260915,6311.0,6349.0,6111.5,6286.5,372
BEPL,20260915,128.8,129.3,120.0,120.69,1830786
BERGEPAINT,20260915,458.05,460.95,445.55,447.1,220721
BESTAGRO,20260915,19.47,19.48,18.06,18.39,767826
BETA,20260915,2101.0,2214.9,2079.1,2105.2,34753
BFINVEST,20260915,453.0,453.7,434.7,435.5,25747
BFSI,20260915,27.18,27.18,25.9,26.18,162863
BFUTILITIE,20260915,547.15,550.05,521.0,528.2,40177
BGLOBAL,20260915,3.23,3.23,3.05,3.05,22158
BGRENERGY,20260915,235.0,238.4,221.15,221.15,72438
BHAGCHEM,20260915,258.75,258.75,246.1,250.0,54531
BHAGERIA,20260915,317.05,329.0,305.0,306.5,176159
BHAGYANGR,20260915,427.95,429.0,401.55,405.0,183392
BHANDARI,20260915,3.0,3.04,2.98,3.0,141743
BHARATCOAL,20260915,33.01,33.17,32.3,32.4,3087850
BHARATFORG,20260915,1944.9,1950.0,1869.1,1877.2,293090
BHARATGEAR,20260915,101.0,102.69,100.1,100.29,14687
BHARATRAS,20260915,1158.0,1170.0,1125.1,1128.9,12759
BHARATSE,20260915,217.5,219.72,206.6,208.62,128545
BHARATWIRE,20260915,173.74,179.7,166.1,168.08,170021
BHARTIARTL,20260915,1844.0,1844.0,1819.6,1830.4,4066471
BHARTIHEXA,20260915,1546.1,1546.1,1502.0,1505.5,47838
BHEL,20260915,431.25,432.0,412.85,412.85,7340842
BI,20260915,93.0,97.56,91.25,97.56,29669
BIGBLOC,20260915,40.0,40.73,39.0,39.14,53036
BIKAJI,20260915,555.0,570.0,535.35,541.6,111374
BIL,20260915,1073.0,1095.5,1025.0,1027.55,12076
BILVYAPAR,20260915,4.13,4.14,4.0,4.13,4416
BIMETAL,20260915,658.65,658.65,623.0,640.0,193
BIOCON,20260915,391.95,392.05,381.0,382.0,2543144
BIOFILCHEM,20260915,34.4,35.49,33.1,33.65,33485
BIRLACABLE,20260915,384.95,411.95,372.75,377.95,1025099
BIRLACORPN,20260915,825.0,829.7,805.05,810.25,33029
BIRLAMONEY,20260915,121.35,123.87,117.31,118.22,36546
BIRLANU,20260915,1448.4,1459.0,1385.9,1395.5,8252
BIRLAPREC,20260915,62.3,63.49,58.36,58.36,189775
BLACKBUCK,20260915,641.0,644.0,609.25,611.9,1773025
BLACKROSE,20260915,108.0,112.0,105.0,105.75,20342
BLAL,20260915,160.03,163.84,160.03,161.01,47310
BLBLIMITED,20260915,16.64,16.64,15.65,16.1,180878
BLEL,20260915,445.0,447.7,433.85,439.65,646232
BLIL,20260915,68.43,69.07,67.0,67.13,144750
BLISSGVS,20260915,719.0,728.0,684.95,684.95,217584
BLKASHYAP,20260915,54.08,54.79,51.0,51.5,679073
BLS,20260915,231.59,242.15,227.49,228.51,1252796
BLSE,20260915,313.0,315.95,307.25,310.1,302523
BLUECHIP,20260915,2.06,2.06,2.06,2.06,983
BLUECLOUDS,20260915,19.35,20.47,19.05,19.19,1858911
BLUECOAST,20260915,22.89,22.89,21.08,21.09,2067
BLUEDART,20260915,4842.0,4889.4,4791.0,4843.5,7941
BLUEJET,20260915,572.0,572.0,548.1,550.65,364930
BLUESTARCO,20260915,1559.5,1562.8,1475.3,1483.0,509083
BLUESTONE,20260915,899.0,904.0,822.35,828.55,950222
BLUSPRING,20260915,129.5,132.85,123.61,125.27,214823
BMWVENTLTD,20260915,53.73,54.35,50.16,51.61,133104
BNAGROCHEM,20260915,204.95,204.95,200.0,200.08,961
BNALTD,20260915,400.6,400.6,381.3,381.65,41
BNKETFAXIS,20260915,596.05,596.05,576.78,577.46,2506
BODALCHEM,20260915,173.12,181.02,172.0,176.66,2894993
BOHRAIND,20260915,14.0,14.4,13.02,13.71,21413
BOMDYEING,20260915,111.8,112.1,107.0,107.58,754544
BONLON,20260915,40.1,40.99,36.25,38.56,6018
BORANA,20260915,313.4,322.0,298.0,303.5,56889
BOROLTD,20260915,256.01,263.4,247.14,248.33,135344
BORORENEW,20260915,496.0,499.0,448.55,461.3,720224
BOROSCI,20260915,124.66,126.89,118.61,120.02,61828
BOSCH-HCIL,20260915,1698.0,1722.0,1660.0,1667.4,25201
BOSCHLTD,20260915,48725.0,48725.0,47070.0,47070.0,30224
BPCL,20260915,304.2,308.15,298.65,298.65,3512731
BPL,20260915,47.4,47.95,46.1,46.58,34419
BPLPHARMA,20260915,1575.0,1575.0,1510.0,1543.4,2207
BRAHMINFRA,20260915,157.04,157.04,148.8,151.6,7774
BRIGADE,20260915,642.05,648.95,610.0,612.25,201825
BRIGHOTEL,20260915,56.51,56.98,55.75,56.14,72260
BRIGHTBR,20260915,247.0,252.0,245.0,248.5,1183
BRITANNIA,20260915,4990.0,5022.5,4947.5,4947.5,209279
BRNL,20260915,16.7,16.7,16.25,16.31,33211
BROOKS,20260915,67.7,67.7,62.8,63.09,26350
BSE,20260915,3417.0,3452.7,3295.0,3310.0,3901579
BSE500IETF,20260915,38.0,39.24,37.81,38.03,305682
BSHSL,20260915,89.99,89.99,83.4,85.42,3443
BSL,20260915,120.0,122.99,117.25,119.35,2783
BSLGOLDETF,20260915,133.15,133.15,131.26,131.88,2171574
BSLNIFTY,20260915,28.23,28.23,27.2,27.33,1886384
BSLSENETFG,20260915,75.26,76.84,74.65,75.22,10770
BSOFT,20260915,291.0,302.85,285.1,286.45,8595221
BTML,20260915,7.68,8.0,6.42,7.62,1112013
BTTL,20260915,42.5,42.5,40.6,40.78,10559
BUILDPRO,20260915,1274.8,1334.0,1274.8,1283.0,95748
BURNPUR,20260915,15.88,15.88,15.88,15.88,11764
BUTTERFLY,20260915,582.15,634.8,577.05,580.25,89943
BVCL,20260915,42.1,42.9,40.11,40.8,18121
BYKE,20260915,31.03,31.7,30.05,30.17,34852
CALSOFT,20260915,39.9,40.2,36.81,37.86,473178
CAMLINFINE,20260915,101.86,103.9,97.75,99.21,634588
CAMPUS,20260915,214.5,215.39,207.92,212.9,432209
CAMS,20260915,711.3,732.6,708.05,717.35,1973247
CANBK,20260915,123.25,124.48,122.05,122.37,12696568
CANFINHOME,20260915,776.2,788.75,766.85,784.8,203614
CANHLIFE,20260915,151.7,153.0,149.0,151.78,591395
CANTABIL,20260915,238.6,245.79,238.0,240.3,198186
CAPACITE,20260915,191.0,196.53,187.75,189.57,319841
CAPILLARY,20260915,466.0,477.4,464.8,472.2,428715
CAPITALSFB,20260915,271.35,277.2,267.15,269.7,31682
CAPLIPOINT,20260915,2750.2,2760.0,2555.0,2570.6,216544
CAPTRUST,20260915,17.82,18.3,17.8,17.9,12034
CARBORUNIV,20260915,1085.0,1085.0,1021.0,1031.8,188036
CARERATING,20260915,1660.0,1668.3,1626.0,1635.7,28190
CARRARO,20260915,538.0,539.0,519.0,521.0,95342
CARTRADE,20260915,3090.0,3170.2,3001.1,3017.1,337654
CARYSIL,20260915,1162.0,1164.5,1123.0,1126.8,73083
CASHIETF,20260915,1079.5,1079.57,1079.5,1079.56,1011652
CASTROLIND,20260915,187.8,188.25,187.2,187.82,2080994
CCAVENUE,20260915,16.47,16.47,15.55,15.69,16515500
CCCL,20260915,13.9,14.11,13.73,13.99,158953
CCHHL,20260915,12.41,12.59,12.1,12.18,15566
CCL,20260915,1076.0,1086.0,1056.0,1060.9,118848
CDSL,20260915,1360.0,1361.3,1302.5,1311.0,1265342
CEATLTD,20260915,3285.9,3322.0,3252.0,3282.5,60254
CEIGALL,20260915,382.35,383.4,370.0,382.25,317006
CEINSYS,20260915,700.0,715.2,671.3,676.6,49837
CELEBRITY,20260915,7.17,7.17,6.65,6.7,21421
CELLO,20260915,335.45,337.0,325.05,327.55,382117
CEMNTGROWW,20260915,14.37,14.48,13.88,13.95,351863
CEMPRO,20260915,1246.0,1285.7,1196.0,1207.1,270250
CENTENKA,20260915,568.9,570.1,546.55,550.4,42064
CENTEXT,20260915,21.95,21.95,19.8,19.98,888517
CENTRALBK,20260915,30.85,31.03,30.35,30.46,5054888
CENTRUM,20260915,22.54,22.54,21.57,21.65,128168
CENTUM,20260915,4254.9,4298.9,3972.8,4010.6,42588
CENTURYPLY,20260915,717.05,726.9,706.65,711.05,37273
CERA,20260915,5588.0,5620.0,5558.0,5572.0,4096
CEREBRAINT,20260915,2.81,2.81,2.81,2.81,39145
CESC,20260915,146.0,146.76,141.1,141.7,1720693
CEWATER,20260915,286.55,286.7,273.3,276.15,142855
CFEL,20260915,50.0,52.8,47.05,47.41,171314
CGCL,20260915,264.0,264.8,254.25,255.1,2889142
CGPOWER,20260915,909.0,911.3,858.0,858.0,3474919
CGVAK,20260915,148.0,148.0,144.19,144.31,2089
CHALET,20260915,872.0,881.9,839.1,845.15,51795
CHAMBLFERT,20260915,420.0,421.0,415.45,416.65,447469
CHEMBOND,20260915,219.99,223.0,190.6,195.52,32132
CHEMBONDCH,20260915,263.0,275.3,263.0,264.75,15600
CHEMCON,20260915,219.01,224.5,211.3,213.88,72440
CHEMCRUX,20260915,82.1,84.0,79.8,80.23,5107
CHEMFAB,20260915,384.45,384.45,365.05,372.15,2148
CHEMICAL,20260915,30.36,30.36,28.73,28.94,511729
CHEMPLASTS,20260915,173.5,174.45,164.29,165.12,241434
CHENNPETRO,20260915,1580.0,1583.2,1461.1,1471.8,2061830
CHEVIOT,20260915,1213.8,1235.0,1170.0,1172.3,1305
CHOICEGOLD,20260915,150.0,150.28,148.0,149.29,5092
CHOICEIN,20260915,760.5,764.7,737.1,740.4,193485
CHOLAFIN,20260915,1834.8,1842.0,1784.2,1791.6,1709145
CHOLAHLDNG,20260915,1530.0,1543.2,1500.3,1510.8,79301
CIEINDIA,20260915,382.75,382.75,368.0,375.0,207605
CIFL,20260915,20.26,20.26,19.45,19.53,23450
CINELINE,20260915,97.9,97.9,91.25,91.81,12901
CINEVISTA,20260915,14.5,14.96,14.06,14.08,6564
CIPLA,20260915,1355.0,1362.7,1347.7,1351.0,1225305
CLCIND,20260915,47.7,47.7,47.67,47.67,262
CLEAN,20260915,843.45,850.8,815.5,820.3,281497
CLEANMAX,20260915,1429.0,1430.0,1292.6,1321.5,405886
CLEDUCATE,20260915,60.0,60.0,56.36,57.14,24865
CLSEL,20260915,297.7,301.5,280.0,281.6,80059
CMICABLES,20260915,2.57,2.63,2.57,2.62,23338
CMLL,20260915,475.5,486.3,467.0,474.7,292036
CMPDI,20260915,216.7,217.9,202.0,203.74,1650955
CMRGREEN,20260915,217.9,224.83,211.39,212.76,282768
CMSINFO,20260915,224.98,236.9,220.99,222.91,1409704
CNL,20260915,1133.6,1139.2,1050.1,1068.6,20384
COALINDIA,20260915,426.4,427.0,418.0,419.25,6128458
COASTCORP,20260915,39.52,40.53,37.0,37.32,132609
COCHINSHIP,20260915,1389.0,1389.0,1320.0,1325.0,1989625
COCKERILL,20260915,8115.0,8885.0,8115.0,8286.0,34982
COFFEEDAY,20260915,32.0,32.47,30.12,30.37,693779
COFORGE,20260915,1887.3,1893.6,1765.6,1775.5,4583784
COHANCE,20260915,440.1,443.15,421.35,423.6,383863
COLPAL,20260915,1797.4,1846.6,1788.8,1820.3,670867
COMFINTE,20260915,6.03,6.16,5.91,5.92,127261
COMMOIETF,20260915,98.26,99.28,96.01,96.24,64836
COMPEAU,20260915,364.5,364.5,360.0,360.0,10
COMPINFO,20260915,1.05,1.1,1.05,1.06,13460
COMPUSOFT,20260915,12.98,13.15,12.82,12.91,12297
COMSYN,20260915,303.0,303.0,281.35,289.8,208274
CONCOR,20260915,499.95,501.5,483.7,483.7,566088
CONCORDBIO,20260915,1513.6,1527.1,1467.0,1473.0,97030
CONFIPET,20260915,90.2,91.65,84.1,86.1,4869333
CONS,20260915,11.84,12.05,11.6,11.71,23897
CONSOFINVT,20260915,302.5,310.0,300.0,302.0,8390
CONSUMAXIS,20260915,118.52,118.61,116.57,116.94,1155
CONSUMBEES,20260915,128.77,128.89,126.12,126.43,78981
CONSUMER,20260915,12.06,12.06,11.58,11.61,341421
CONSUMIETF,20260915,119.03,119.55,117.45,117.9,6164
CONTROLPR,20260915,583.0,586.0,568.9,574.8,22163
CORALFINAC,20260915,31.65,33.96,31.65,32.77,13223
CORDELIA,20260915,114.29,115.49,109.87,112.33,2990405
CORDSCABLE,20260915,375.9,379.0,350.1,354.25,181308
COROMANDEL,20260915,1928.0,1950.0,1918.9,1939.1,93758
CORONA,20260915,2250.0,2292.4,2192.1,2217.9,90921
COSMOFIRST,20260915,875.05,884.6,858.0,861.35,54106
COUNCODOS,20260915,6.13,6.55,6.13,6.44,52396
CPCAP,20260915,138.32,141.0,132.0,140.17,81592
CPEDU,20260915,178.1,180.0,174.0,176.34,1860
CPL,20260915,65.78,65.78,62.5,62.83,22223
CPPLUS,20260915,3825.4,3879.8,3634.3,3663.4,182895
CPSEETF,20260915,93.89,94.36,91.54,92.04,1059209
CRAFTSMAN,20260915,11763.0,11798.0,10968.0,11099.0,74009
CRAMC,20260915,240.35,241.0,231.1,232.4,341060
CRAVATEX,20260915,335.2,335.2,316.3,319.5,231
CREATIVEYE,20260915,5.88,5.88,5.71,5.74,4750
CREDITACC,20260915,1413.3,1431.7,1400.0,1409.6,188404
CREST,20260915,350.5,357.95,347.5,354.65,6243
CRESTO,20260915,16.7,17.08,15.48,16.05,25866
CRISIL,20260915,4700.0,4717.4,4531.6,4596.9,45895
CRIZAC,20260915,190.0,192.0,178.12,179.89,323052
CROMPTON,20260915,231.0,231.6,226.11,226.15,1492514
CROWN,20260915,113.67,114.5,106.05,106.83,7616
CRSL,20260915,2.54,2.65,2.54,2.55,163187
CSBBANK,20260915,303.25,307.15,295.0,296.35,496189
CSLFINANCE,20260915,219.38,223.13,215.02,215.37,78193
CSM,20260915,83.44,95.0,81.59,89.85,1303153
CTE,20260915,41.5,42.93,39.76,39.96,2937
CUB,20260915,227.32,231.0,223.25,225.78,1260751
CUBEXTUB,20260915,76.0,76.72,74.8,75.08,50132
CUMMINSIND,20260915,5070.0,5121.5,4874.0,4874.0,304824
CUPID,20260915,280.55,286.85,279.0,284.4,10885946
CURAA,20260915,79.0,79.0,75.0,75.5,419
CYBERMEDIA,20260915,22.5,23.74,21.7,23.25,30711
CYBERTECH,20260915,141.99,146.0,139.0,140.43,14910
CYIENT,20260915,1076.6,1107.2,1065.6,1078.9,857646
CYIENTDLM,20260915,910.0,924.6,874.0,882.7,468701
DABUR,20260915,379.0,390.95,376.75,384.9,9936721
DAICHI,20260915,337.05,337.05,322.0,328.6,2055
DALBHARAT,20260915,1746.6,1754.0,1682.0,1687.4,56698
DALMIASUG,20260915,415.0,416.55,396.0,398.2,191352
DAMCAPITAL,20260915,142.98,144.09,138.05,138.93,215682
DAMODARIND,20260915,28.8,29.28,28.0,28.53,967
DANGEE,20260915,2.75,2.94,2.75,2.78,85525
DATAMATICS,20260915,764.5,857.5,755.5,766.25,1393528
DATAPATTNS,20260915,4829.0,4829.0,4306.0,4358.8,1100262
DAVANGERE,20260915,2.27,2.31,2.2,2.24,38601423
DBCORP,20260915,191.74,191.74,184.0,184.73,119959
DBEIL,20260915,7.1,7.1,6.52,6.79,205425
DBL,20260915,405.0,409.0,395.6,399.6,222795
DBOL,20260915,117.94,121.23,111.0,113.26,264141
DBREALTY,20260915,97.8,100.5,95.7,96.96,1376663
DBSTOCKBRO,20260915,27.51,28.79,27.51,27.8,11001
DCAL,20260915,174.99,177.57,160.77,163.16,903157
DCBBANK,20260915,226.23,228.94,220.81,221.89,845015
DCI,20260915,272.0,295.0,251.15,264.7,4004396
DCM,20260915,77.25,79.75,75.4,76.42,18824
DCMFINSERV,20260915,5.07,5.45,4.78,5.0,16937
DCMNVL,20260915,180.0,180.0,172.5,172.6,11960
DCMSHRIRAM,20260915,996.0,1004.0,985.0,994.1,54350
DCMSIL,20260915,72.0,73.79,68.03,69.25,117329
DCMSRIND,20260915,41.1,41.1,38.16,38.56,241420
DCW,20260915,46.72,46.84,44.5,44.72,962522
DCXINDIA,20260915,167.6,168.7,160.0,161.62,430267
DDEVPLSTIK,20260915,256.7,257.7,250.0,250.65,77123
DECCANCE,20260915,581.0,599.65,561.55,566.05,84609
DECNGOLD,20260915,237.0,238.4,221.25,222.82,2417752
DEEDEV,20260915,639.35,644.0,607.4,607.4,225832
DEEP,20260915,47.0,47.77,42.67,45.13,112049
DEEPA,20260915,185.87,187.62,165.0,169.14,3282691
DEEPAKFERT,20260915,1321.8,1353.0,1277.9,1284.8,232642
DEEPAKNTR,20260915,1588.9,1597.9,1556.1,1561.3,208902
DEEPINDS,20260915,778.4,778.4,724.55,730.4,492116
DEFENCE,20260915,83.56,83.56,76.5,76.88,1049090
DELHIVERY,20260915,439.0,441.85,416.5,420.5,4661661
DELPHIFX,20260915,6.0,6.0,5.47,5.54,120721
DELTACORP,20260915,54.14,54.53,52.82,53.79,983195
DELTAMAGNT,20260915,57.26,57.29,55.2,55.65,2736
DEN,20260915,26.98,27.19,26.51,26.62,260934
DENORA,20260915,820.0,820.0,792.0,812.95,2684
DENTA,20260915,288.1,291.9,273.0,276.3,83817
DEVIT,20260915,24.35,24.35,23.55,23.8,25147
DEVX,20260915,34.08,34.6,33.12,33.3,51741
DEVYANI,20260915,138.5,139.95,135.56,136.22,2125386
DGCONTENT,20260915,23.88,24.66,23.65,23.74,4109
DHABRIYA,20260915,512.0,518.4,494.0,503.7,5242
DHAMPURSUG,20260915,164.11,165.0,155.0,156.61,529298
DHANBANK,20260915,31.15,31.3,29.54,29.79,593184
DHANUKA,20260915,977.8,980.0,953.0,956.5,10086
DHARAN,20260915,0.14,0.14,0.13,0.13,8283083
DHARMAJ,20260915,269.5,271.2,264.95,268.25,39754
DHATRE,20260915,4.4,4.4,4.07,4.29,12333
DHOOTTRANS,20260915,1735.3,1735.3,1555.9,1555.9,1966272
DHRUV,20260915,22.0,22.93,21.5,22.14,3779
DHUNINV,20260915,1028.0,1028.0,975.0,978.45,570
DIACABS,20260915,381.0,387.5,375.0,387.5,1398719
DIAMINESQ,20260915,263.45,263.45,247.57,251.8,9661
DIAMONDYD,20260915,1114.5,1150.0,1076.3,1107.4,11209
DICIND,20260915,602.15,628.7,586.3,593.15,6058
DIFFNKG,20260915,449.0,459.25,423.25,427.25,231431
DIGIDRIVE,20260915,17.17,17.6,17.12,17.58,14370
DIGISPICE,20260915,17.68,17.68,16.12,16.33,161772
DIGITIDE,20260915,89.4,89.66,84.1,85.06,220676
DIGJAMLMTD,20260915,68.79,70.93,65.0,65.0,123964
DISAQ,20260915,11775.0,11919.0,11500.0,11677.0,295
DISHTV,20260915,2.59,2.62,2.57,2.62,1142262
DIVGIITTS,20260915,1192.9,1199.9,1101.0,1106.3,113571
DIVIDEND,20260915,35.16,35.26,34.67,34.71,7148
DIVISLAB,20260915,9367.5,9397.5,9118.5,9198.0,380826
DIVOPPBEES,20260915,76.12,76.12,74.27,74.4,63890
DIXON,20260915,13490.0,13575.0,13093.0,13180.0,431603
DJML,20260915,82.97,83.59,76.64,78.66,92791
DLF,20260915,644.5,647.15,620.85,620.85,3668098
DLINKINDIA,20260915,436.0,436.0,414.3,417.05,110182
DMART,20260915,3692.9,3735.9,3680.0,3680.0,496744
DMCC,20260915,290.0,290.0,263.5,265.5,109990
DNAMEDIA,20260915,2.56,2.66,2.48,2.5,16001
DODLA,20260915,1078.1,1094.5,1067.1,1080.3,23425
DOLATALGO,20260915,69.82,69.82,68.01,68.25,126104
DOLLAR,20260915,276.9,276.9,261.05,262.95,46906
DOLLEX,20260915,39.0,39.0,37.0,37.4,53119
DOLPHIN,20260915,663.0,685.0,644.1,651.05,52528
DOMS,20260915,2125.1,2143.8,2103.0,2120.4,19480
DONEAR,20260915,85.03,85.03,82.26,82.46,15977
DPABHUSHAN,20260915,1344.8,1359.9,1330.0,1337.5,18910
DPSCLTD,20260915,7.24,7.28,7.02,7.05,71833
DPWIRES,20260915,149.94,149.94,145.0,145.39,8284
DRAGARWQ,20260915,5311.0,5420.0,5105.5,5137.0,1747
DRCSYSTEMS,20260915,13.11,13.11,12.72,12.75,32134
DREAMFOLKS,20260915,65.69,69.25,65.5,66.76,74003
DREDGECORP,20260915,1047.0,1047.0,985.1,994.0,75067
DRREDDY,20260915,1163.7,1168.5,1141.0,1145.0,1810974
DSFCL,20260915,24.16,25.0,24.16,24.54,91373
DSKULKARNI,20260915,21.42,21.42,21.42,21.42,38
DSSL,20260915,1075.0,1104.7,1027.6,1034.4,38862
DTIL,20260915,145.8,145.8,136.9,138.3,9715
DUCON,20260915,1.8,1.81,1.52,1.59,3110461
DVL,20260915,286.2,287.9,281.5,282.7,13896
DWARKESH,20260915,45.1,45.15,41.51,41.72,3030956
DYCL,20260915,459.0,459.75,430.2,432.6,406393
DYNAMATECH,20260915,12201.0,12277.0,11925.0,12071.0,22745
DYNPRO,20260915,232.18,234.9,226.91,227.94,20261
E2E,20260915,593.8,610.35,579.85,579.85,635870
EASEMYTRIP,20260915,5.83,5.93,5.77,5.78,14324287
EASTSILK,20260915,64.0,64.0,62.0,63.5,2246
EASTWEST,20260915,2.38,2.38,2.3,2.3,21580
EBANK10,20260915,16.56,16.56,16.26,16.26,260
EBANKNIFTY,20260915,56.94,57.29,56.39,56.49,1851
EBBETF0430,20260915,1614.9,1614.9,1600.0,1603.74,9077
EBBETF0431,20260915,1432.0,1439.82,1420.61,1425.49,8761
EBBETF0433,20260915,1307.01,1312.52,1304.01,1305.8,3976
EBGNG,20260915,690.0,712.0,666.1,671.45,1306597
EBIX,20260915,19.99,20.39,19.0,19.3,15398
ECAPINSURE,20260915,23.64,23.65,22.88,22.95,164338
ECLERX,20260915,1890.8,1968.8,1885.0,1894.8,202420
ECORECO,20260915,444.0,444.0,424.0,427.4,6437
ECOSMOBLTY,20260915,112.47,112.91,106.0,107.47,96779
EDELWEISS,20260915,133.0,133.14,125.1,127.4,9385808
EDUCOMP,20260915,0.91,0.95,0.87,0.9,48559
EFCIL,20260915,185.85,187.78,180.45,182.64,171436
EGOLD,20260915,150.8,150.8,147.55,149.65,53334
EICHERMOT,20260915,7567.5,7570.5,7440.0,7452.5,353472
EIDPARRY,20260915,721.0,721.0,700.05,702.75,339905
EIEL,20260915,207.11,208.25,196.0,196.91,875481
EIFFL,20260915,275.6,275.6,275.6,275.6,45
EIHAHOTELS,20260915,289.4,292.05,280.1,281.3,20478
EIHOTEL,20260915,286.55,287.9,280.3,283.8,203168
EIMCOELECO,20260915,2325.5,2348.8,2233.0,2242.2,26475
EKC,20260915,101.8,102.39,98.1,98.8,215796
EKI,20260915,69.0,73.98,69.0,69.5,11049
ELANTAS,20260915,14890.0,14890.0,13125.0,13481.0,9233
ELCIDIN,20260915,105035.0,105500.0,102210.0,102210.0,11
ELDEHSG,20260915,799.8,815.8,775.0,780.3,1007
ELECON,20260915,422.6,423.45,412.2,413.5,171029
ELECTCAST,20260915,77.5,78.2,74.66,75.23,1365788
ELECTHERM,20260915,956.3,988.3,926.5,945.35,16105
ELGIEQUIP,20260915,627.55,641.4,606.8,612.05,626303
ELGIRUBCO,20260915,59.7,59.7,55.41,55.83,47619
ELIN,20260915,91.41,92.49,86.02,87.15,169405
ELIQUID,20260915,1047.74,1047.74,1047.72,1047.72,26313
ELITECON,20260915,8.48,8.58,8.36,8.57,12249273
ELLEN,20260915,382.05,382.45,351.1,355.1,1197962
ELM250,20260915,16.42,16.45,15.8,16.0,178808
ELMDIV,20260915,36.0,36.5,35.21,36.4,1456
ELPROINTL,20260915,173.5,174.89,171.9,172.85,17260
EMAMILTD,20260915,374.0,382.65,371.2,373.7,2883728
EMAMIPAP,20260915,116.05,117.8,113.0,113.0,25983
EMAMIREAL,20260915,68.1,69.9,67.05,67.45,5992
EMBDL,20260915,55.32,56.38,53.9,55.01,3033004
EMCURE,20260915,1977.0,2014.3,1974.0,1993.0,239137
EMETAL,20260915,13.35,13.35,12.7,12.74,14974
EMIL,20260915,190.49,191.82,183.5,185.06,1398144
EMKAY,20260915,254.0,254.45,240.0,241.45,26566
EMMBI,20260915,90.99,92.85,88.0,90.39,4997
EMMVEE,20260915,346.0,349.7,322.45,328.55,2890305
EMPIND,20260915,1049.0,1056.0,1020.1,1038.3,3778
EMPOWER,20260915,2.34,2.39,2.32,2.38,20036776
EMSLIMITED,20260915,387.0,387.0,371.05,373.95,200788
EMUDHRA,20260915,535.0,592.85,531.0,592.85,1550701
EMULTIMQ,20260915,42.05,42.05,40.35,40.58,40554
ENDURANCE,20260915,2692.6,2710.0,2609.8,2614.6,45517
ENERGY,20260915,37.34,39.0,37.34,37.4,440593
ENERGYAXIS,20260915,19.25,19.99,18.63,19.78,24801
ENERGYDEV,20260915,14.72,15.5,14.14,14.27,50557
ENEXT50,20260915,72.37,72.57,70.0,70.0,952
ENGINERSIN,20260915,270.0,273.0,261.6,262.45,2408462
ENIFTY,20260915,24.22,24.22,23.03,23.43,7916
ENIL,20260915,103.8,103.8,99.61,100.4,9593
ENKEIWHEL,20260915,412.95,413.0,394.6,398.55,2736
ENRIN,20260915,3200.0,3200.0,3010.0,3028.7,304976
ENTERO,20260915,1812.0,1825.4,1730.0,1802.1,144363
EPACK,20260915,185.49,186.79,176.72,177.7,422360
EPACKPEB,20260915,244.05,245.65,215.46,221.26,705316
EPIGRAL,20260915,1134.8,1136.6,1076.7,1092.2,49513
EPL,20260915,240.65,240.8,234.5,235.9,1961583
EQUAL200,20260915,13.59,13.59,13.33,13.33,30673
EQUAL50,20260915,324.99,324.99,319.56,320.43,1653
EQUAL50ADD,20260915,335.86,337.0,330.0,330.63,78106
EQUIPPP,20260915,22.54,23.5,22.05,23.4,21347
EQUITASBNK,20260915,73.04,73.55,71.05,71.35,1749775
ERIS,20260915,1355.5,1359.9,1300.6,1310.1,44182
ESABINDIA,20260915,5860.0,5886.5,5736.5,5751.0,5649
ESAFSFB,20260915,39.01,40.1,38.4,38.98,435491
ESCORTS,20260915,2895.0,2899.6,2822.2,2835.8,49945
ESDS,20260915,1800.0,1827.4,1681.0,1824.7,6742443
ESENSEX,20260915,76.58,76.58,74.69,75.4,149
ESG,20260915,40.38,40.44,39.72,39.72,17564
ESILVER,20260915,225.5,227.16,223.3,224.0,23787
ESSARSHPNG,20260915,16.31,17.15,15.61,15.76,184779
ESSENTIA,20260915,1.06,1.07,1.04,1.04,1407735
ESTER,20260915,90.53,93.85,86.2,87.03,59979
ETERNAL,20260915,327.5,327.95,314.65,315.25,12538697
ETHOSLTD,20260915,2646.0,2660.0,2567.5,2574.1,26476
EUREKAFORB,20260915,394.25,405.4,389.55,394.3,97508
EUROBOND,20260915,146.21,149.99,146.0,146.98,2050
EUROPRATIK,20260915,249.4,250.05,238.0,240.5,231445
EUROTEXIND,20260915,13.1,13.1,12.6,12.6,713
EVEREADY,20260915,362.95,362.95,329.6,336.75,204803
EVERESTIND,20260915,409.85,409.9,398.0,399.0,9599
EVIETF,20260915,32.76,32.76,31.13,31.35,138619
EVINDIA,20260915,32.78,32.78,31.41,31.5,246999
EXCELINDUS,20260915,990.6,1002.9,959.8,965.7,12066
EXCELSOFT,20260915,81.05,84.7,76.15,77.63,2340141
EXICOM,20260915,183.2,184.34,167.0,168.43,1644397
EXIDEIND,20260915,412.65,417.95,405.1,409.2,1537472
EXPLEOSOL,20260915,891.0,914.0,860.0,862.6,33126
EXXARO,20260915,6.38,6.48,6.2,6.35,241706
FABTECH,20260915,148.07,148.6,145.21,146.3,95273
FACT,20260915,780.15,785.15,751.4,754.55,118792
FAIRCHEMOR,20260915,639.9,639.9,605.0,608.85,5990
FAZE3Q,20260915,489.45,491.45,465.0,467.85,16501
FCL,20260915,58.0,58.39,52.25,53.88,29470137
FCSSOFT,20260915,1.46,1.47,1.42,1.42,1322981
FDC,20260915,340.0,354.85,339.75,349.7,470213
FEDDERSHOL,20260915,49.65,49.9,49.01,49.14,1540025
FEDERALBNK,20260915,344.45,344.5,339.45,343.0,3090047
FEDFINA,20260915,158.6,160.04,152.82,153.51,598566
FEL,20260915,0.38,0.38,0.37,0.37,226699
FELDVR,20260915,2.08,2.11,2.02,2.05,7080
FERMENTA,20260915,478.0,479.0,468.0,471.0,59767
FIBERWEB,20260915,27.1,27.98,25.56,25.63,17411
FIEMIND,20260915,2013.9,2020.0,1931.0,1938.1,61058
FILATEX,20260915,89.5,91.3,80.05,82.41,8356838
FILATFASH,20260915,0.18,0.19,0.18,0.18,17462471
FINCABLES,20260915,1420.0,1421.6,1326.4,1339.9,1266116
FINEORG,20260915,5160.5,5167.5,5081.0,5153.5,18010
FINIETF,20260915,33.21,33.21,31.58,31.64,463798
FINKURVE,20260915,75.0,76.83,70.3,72.68,389220
FINOPB,20260915,141.0,141.96,137.03,137.73,136375
FINPIPE,20260915,153.67,154.43,150.51,151.33,428132
FIRSTCRY,20260915,170.0,189.75,167.01,171.53,53340405
FISCHER,20260915,35.95,35.98,33.7,34.02,300708
FIVESTAR,20260915,558.0,558.0,536.35,541.95,513721
FLAIR,20260915,238.2,244.65,232.02,233.73,69539
FLEXIADD,20260915,9.91,9.99,9.65,9.67,585333
FLEXITUFF,20260915,2.18,2.24,2.14,2.24,78787
FLFL,20260915,1.21,1.21,1.15,1.15,40091
FLUOROCHEM,20260915,4819.9,4830.0,4557.9,4601.3,130548
FMCGADD,20260915,45.74,46.98,45.25,45.65,31238
FMCGIETF,20260915,49.81,49.81,48.41,48.49,1575053
FMGOETZE,20260915,466.25,466.4,441.0,445.65,274593
FMNL,20260915,9.65,9.65,8.97,9.09,45720
FOCUS,20260915,61.68,62.0,60.13,60.87,13306
FOODSIN,20260915,55.23,55.23,53.02,53.49,50438
FORCEMOT,20260915,17710.0,17785.0,17200.0,17245.0,68042
FORTIS,20260915,894.0,896.55,875.2,880.1,842800
FOSECOIND,20260915,6277.5,6367.5,6100.0,6223.5,11949
FRACTAL,20260915,765.95,780.0,743.1,748.1,404374
FREDUN,20260915,1424.7,1424.7,1308.1,1327.9,66072
FRONTSP,20260915,1240.0,1247.0,1195.4,1226.6,19127
FSL,20260915,250.15,292.0,250.15,283.35,33931358
FUSION,20260915,189.9,193.68,187.45,188.18,495689
GABRIEL,20260915,1347.1,1383.5,1292.0,1300.5,212338
GAEL,20260915,163.01,163.4,157.16,158.72,602826
GAIL,20260915,173.62,173.82,169.73,170.88,6202446
GAJA,20260915,152.61,153.09,141.2,142.55,792538
GALAPREC,20260915,1038.6,1051.0,985.0,992.1,25832
GALAXYSURF,20260915,2187.2,2198.9,2100.0,2127.3,22677
GALLANTT,20260915,546.9,548.75,531.0,534.65,75010
GANDHAR,20260915,274.2,275.85,257.8,260.45,886074
GANDHITUBE,20260915,887.75,887.75,870.05,871.2,3736
GANECOS,20260915,1005.0,1024.8,993.0,1007.0,80714
GANESHBE,20260915,134.25,134.95,125.05,125.35,119026
GANESHCP,20260915,168.41,168.54,163.25,163.79,70307
GANESHHOU,20260915,755.4,764.0,741.3,745.1,26112
GANGAFORGE,20260915,1.59,1.65,1.56,1.63,5791282
GANGESSECU,20260915,116.36,116.89,113.12,113.52,355
GARFIBRES,20260915,798.4,799.3,780.05,785.5,70578
GARUDA,20260915,182.9,184.17,175.0,176.05,384253
GATECH,20260915,0.7,0.7,0.7,0.7,6607161
GATECHDVR,20260915,0.48,0.5,0.47,0.49,371009
GATEWAY,20260915,53.5,54.0,52.35,52.49,543148
GAUDIUMIVF,20260915,119.8,125.5,113.6,114.42,217265
GAYAHWS,20260915,1.95,1.95,1.86,1.88,169792
GAYAPROJ,20260915,27.28,27.33,24.73,26.15,3617474
GCSL,20260915,604.75,610.9,588.35,601.55,1181049
GEECEE,20260915,362.95,372.75,350.0,350.1,2008
GEEKAYWIRE,20260915,27.84,31.72,27.84,29.34,463841
GEMAROMA,20260915,160.87,163.45,157.12,158.08,100204
GENCON,20260915,41.31,41.8,39.25,39.67,240268
GENESYS,20260915,307.0,314.49,280.19,285.51,945103
GENSOL,20260915,16.65,17.4,16.4,16.94,49482
GENUSPAPER,20260915,11.83,12.4,11.25,11.38,197130
GENUSPOWER,20260915,323.95,325.3,301.1,306.5,1644408
GEOJITFSL,20260915,79.22,79.99,76.6,77.27,214765
GESHIP,20260915,1415.0,1415.0,1375.0,1390.4,1189720
GFLLIMITED,20260915,58.27,58.27,54.19,54.69,88311
GFSTEELS,20260915,21.99,21.99,21.99,21.99,6049
GHCL,20260915,422.15,430.0,422.0,423.15,100745
GHCLTEXTIL,20260915,131.8,132.08,118.11,119.62,1302642
GICHSGFIN,20260915,136.11,137.5,134.5,134.89,50826
GICL,20260915,24.74,24.86,23.8,24.42,78057
GICRE,20260915,350.0,350.2,337.1,338.2,370114
GILLANDERS,20260915,109.0,109.0,101.02,102.91,3729
GILLETTE,20260915,7310.0,7321.0,7207.0,7248.5,11161
GILT10BETA,20260915,26.7,26.7,26.17,26.21,464
GILT5BETA,20260915,67.75,67.75,65.65,65.66,5511
GILT5YBEES,20260915,64.84,66.66,64.84,65.72,285839
GINNIFILA,20260915,40.99,42.99,40.57,42.18,37544
GIPCL,20260915,199.5,200.5,187.0,188.31,638722
GKB,20260915,64.79,67.44,64.79,67.42,340
GKENERGY,20260915,127.71,127.85,122.28,123.57,220707
GKSL,20260915,170.7,183.05,170.0,173.6,852318
GKWLIMITED,20260915,1589.8,1599.0,1551.0,1554.0,423
GLAND,20260915,2930.0,2940.0,2856.9,2895.5,497958
GLAXO,20260915,2814.9,2840.8,2775.8,2818.9,39814
GLENMARK,20260915,2420.8,2429.8,2346.6,2371.7,275789
GLFL,20260915,5.22,5.45,4.97,5.26,13041
GLOBAL,20260915,128.0,128.09,123.11,126.23,86903
GLOBALE,20260915,11.49,11.89,11.01,11.7,2350
GLOBALVECT,20260915,136.0,136.0,129.0,129.84,7660
GLOBE,20260915,1.81,1.85,1.76,1.76,241250
GLOBECIVIL,20260915,44.19,46.29,42.23,43.5,83670
GLOBUSSPR,20260915,839.9,843.55,810.25,820.55,116617
GLOSTERLTD,20260915,575.5,588.0,575.0,575.1,2489
GLOTTIS,20260915,58.0,59.42,58.0,59.03,26442
GMBREW,20260915,910.0,914.0,901.6,905.7,19543
GMDCLTD,20260915,577.0,580.0,552.0,553.45,947898
GMMPFAUDLR,20260915,1325.0,1384.8,1323.7,1348.0,1157001
GMRAIRPORT,20260915,98.0,98.28,92.92,92.97,10370386
GMRP&UI,20260915,93.55,94.38,90.0,90.35,813767
GNA,20260915,555.0,555.0,527.25,532.6,183815
GNFC,20260915,564.2,564.3,540.0,540.6,486266
GNRL,20260915,104.79,104.8,101.9,102.54,76246
GOACARBON,20260915,415.0,418.0,382.2,384.9,48024
GOCLCORP,20260915,444.15,448.0,432.05,435.65,209907
GOCOLORS,20260915,325.05,328.05,301.25,304.9,186618
GODAVARIB,20260915,233.65,236.89,225.02,226.63,65919
GODFRYPHLP,20260915,1931.0,1957.0,1900.0,1915.0,153558
GODIGIT,20260915,257.4,257.4,251.0,251.5,89335
GODREJAGRO,20260915,679.05,683.0,643.0,645.3,210484
GODREJCP,20260915,867.0,877.0,856.6,857.0,1176819
GODREJIND,20260915,1126.7,1137.8,1100.1,1104.0,51244
GODREJPROP,20260915,1754.0,1759.7,1657.4,1659.3,1071741
GOKEX,20260915,784.25,785.3,738.55,743.3,222959
GOKUL,20260915,42.03,42.03,39.51,39.92,194895
GOKULAGRO,20260915,226.18,226.89,218.0,218.69,250526
GOLD1,20260915,126.15,126.15,124.46,124.66,2132188
GOLD360,20260915,147.7,147.7,145.7,145.8,13408
GOLDADD,20260915,14.71,14.71,14.5,14.5,4200093
GOLDAXIS,20260915,125.9,125.9,124.16,124.35,3738148
GOLDBEES,20260915,124.8,124.8,123.38,123.62,23136571
GOLDBETA,20260915,126.35,127.2,125.6,126.05,719783
GOLDBND,20260915,151.48,154.0,149.11,149.43,7270
GOLDCASE,20260915,23.81,23.81,23.49,23.51,9637798
GOLDENTOBC,20260915,25.0,25.4,24.22,25.0,732
GOLDETF,20260915,147.01,147.01,145.16,145.49,1698626
GOLDIAM,20260915,329.0,340.9,322.0,324.15,797777
GOLDIETF,20260915,129.62,129.62,127.8,127.94,6488971
GOLDTECH,20260915,44.97,44.97,42.75,42.75,33127
GOODLUCK,20260915,520.0,528.7,513.35,519.15,708900
GOODYEAR,20260915,722.5,726.95,709.8,712.95,2756
GOPAL,20260915,256.25,259.95,248.1,249.3,99187
GOYALALUM,20260915,5.82,5.99,5.81,5.93,79378
GPIL,20260915,244.95,245.51,235.2,237.16,1827411
GPPL,20260915,162.5,165.5,160.8,161.18,3555183
GPTHEALTH,20260915,158.2,161.26,155.0,159.45,140502
GPTINFRA,20260915,113.0,113.24,109.25,111.72,131226
GRADIENTE,20260915,2.54,2.62,2.4,2.46,732804
GRANDOAK,20260915,35.5,36.8,33.41,34.89,6532
GRANULES,20260915,917.0,923.65,872.5,872.6,2106282
GRAPHITE,20260915,825.5,830.0,776.05,781.5,1871773
GRASIM,20260915,3263.3,3272.0,3171.0,3171.0,1332882
GRAUWEIL,20260915,75.6,77.0,72.8,73.08,415681
GRAVISSHO,20260915,46.15,46.97,45.7,46.97,129348
GRAVITA,20260915,1678.1,1690.8,1625.0,1639.0,126737
GREAVESCOT,20260915,192.25,194.08,185.1,187.13,743150
GREENLAM,20260915,236.35,236.94,225.0,226.57,75209
GREENPANEL,20260915,155.85,155.85,150.25,151.24,312484
GREENPLY,20260915,295.0,295.0,277.5,280.1,133626
GREENPOWER,20260915,9.31,9.36,8.88,9.09,2901357
GRINDWELL,20260915,1876.4,1885.8,1813.6,1825.9,25743
GRINFRA,20260915,855.8,857.5,832.0,838.15,11367
GRMOVER,20260915,84.5,85.9,82.0,82.7,1030464
GROBTEA,20260915,946.9,969.0,940.0,941.7,29
GROWW,20260915,200.2,203.7,196.4,197.59,30383521
GROWWCAPM,20260915,11.28,11.39,11.06,11.1,363928
GROWWCHEM,20260915,30.47,30.47,28.84,29.24,61518
GROWWDEFNC,20260915,97.41,97.7,91.54,91.97,976099
GROWWEV,20260915,31.66,32.87,31.01,31.48,410821
GROWWGOLD,20260915,14.78,14.78,14.57,14.6,1300210
GROWWHOSPI,20260915,52.58,52.78,51.75,51.92,451511
GROWWLIQID,20260915,110.76,110.76,110.75,110.75,665002
GROWWLOVOL,20260915,9.95,10.33,9.95,10.11,13459
GROWWMC150,20260915,226.11,230.46,224.15,226.5,1163
GROWWMETAL,20260915,12.46,12.64,12.1,12.14,481451
GROWWMOM50,20260915,11.14,11.14,10.62,10.65,325305
GROWWN200,20260915,11.4,11.4,10.91,10.92,47350
GROWWNET,20260915,11.18,11.18,10.59,10.7,698152
GROWWNIFTY,20260915,9.52,9.65,9.35,9.41,1309024
GROWWNXT50,20260915,71.83,72.58,70.61,71.8,10799
GROWWPOWER,20260915,11.59,11.59,10.98,11.02,3180372
GROWWPSE,20260915,96.31,99.0,95.7,96.11,6296
GROWWPSUBK,20260915,84.78,84.78,81.73,82.08,11159
GROWWRAIL,20260915,27.58,27.58,26.71,26.86,1062100
GROWWRLTY,20260915,9.69,9.69,9.16,9.22,1423895
GROWWSC250,20260915,10.69,10.72,10.36,10.38,240576
GROWWSLVR,20260915,22.03,22.21,21.92,22.0,1709364
GRPLTD,20260915,1925.1,2050.0,1925.1,2046.2,20058
GRSE,20260915,2434.5,2437.6,2350.0,2358.8,270785
GRWRHITECH,20260915,6921.0,6930.0,6566.0,6603.5,31955
GSEC10ABSL,20260915,112.75,112.75,112.59,112.59,6
GSEC10ADD,20260915,27.0,27.0,24.32,26.3,519
GSEC10IETF,20260915,263.64,263.64,263.0,263.08,387
GSEC10YEAR,20260915,30.34,30.46,29.99,30.05,1000
GSEC5IETF,20260915,66.52,66.58,65.85,65.85,18951
GSFC,20260915,155.8,156.5,150.85,151.55,1068484
GSLSU,20260915,28.98,29.66,27.71,28.0,84868
GSPCROP,20260915,471.25,486.45,465.0,472.35,389136
GSS,20260915,10.48,10.48,9.96,10.22,64657
GTECJAINX,20260915,24.8,29.31,24.8,29.31,20231
GTL,20260915,7.24,7.24,7.07,7.08,147661
GTLINFRA,20260915,1.16,1.17,1.12,1.13,39824241
GTPL,20260915,60.7,60.7,57.3,57.83,88762
GUFICBIO,20260915,425.0,431.9,418.0,425.1,60589
GUJALKALI,20260915,710.15,727.5,681.3,692.7,138916
GUJAPOLLO,20260915,340.25,346.4,334.75,340.85,126274
GUJENERGY,20260915,241.98,246.8,241.98,243.56,1350191
GUJRAFFIA,20260915,41.72,41.9,40.1,40.26,607
GUJTHEM,20260915,424.8,438.45,417.0,430.45,668088
GULFOILLUB,20260915,1060.7,1079.0,1051.1,1057.3,43293
GULFPETRO,20260915,64.08,64.45,60.88,61.01,139260
GULPOLY,20260915,175.98,176.0,169.2,170.03,150847
GVKPIL,20260915,2.29,2.29,2.29,2.29,179050
GVPIL,20260915,648.0,656.95,620.05,620.05,211646
GVPTECH,20260915,7.81,8.0,7.5,7.57,55164
GVT&D,20260915,4520.0,4520.0,4191.6,4246.9,1106490
GYFTR,20260915,175.0,182.5,174.3,178.62,26808
HAL,20260915,4920.0,4940.0,4674.0,4695.0,809202
HALDER,20260915,286.15,288.55,257.0,265.9,20914
HALDYNGL,20260915,146.0,149.79,140.25,141.68,39743
HALEOSLABS,20260915,1475.4,1496.0,1470.0,1488.9,1964
HAMPTON,20260915,8.1,8.38,7.33,7.95,363072
HAPPSTMNDS,20260915,336.05,343.7,324.1,325.6,1167686
HAPPYFORGE,20260915,2171.0,2186.9,2060.6,2074.3,75023
HARDWYN,20260915,9.23,9.25,8.81,9.06,3135827
HARIOMPIPE,20260915,355.95,358.95,348.5,351.6,64036
HARRMALAYA,20260915,185.81,190.19,180.0,182.6,9460
HARSHA,20260915,446.0,451.95,423.3,424.7,103103
HATHWAY,20260915,10.25,10.25,9.8,9.95,1951309
HATSUN,20260915,1207.2,1349.7,1207.2,1275.0,874664
HAVELLS,20260915,1117.0,1117.0,1081.1,1087.0,1017899
HAVISHA,20260915,1.36,1.36,1.3,1.31,8098
HAWKINCOOK,20260915,8455.5,8484.0,8250.0,8381.5,2478
HAZOOR,20260915,19.02,19.51,18.5,18.74,297628
HBESD,20260915,73.0,73.01,60.51,71.5,650
HBLENGINE,20260915,725.0,725.2,706.0,720.15,1095218
HBPOR,20260915,62.8,62.8,59.6,59.99,1364
HBSL,20260915,52.65,54.63,51.6,52.85,348
HCC,20260915,22.95,22.95,21.25,21.32,20566631
HCG,20260915,693.9,699.8,675.45,678.3,69865
HCL-INSYS,20260915,10.01,10.47,10.0,10.01,219639
HCLTECH,20260915,1252.0,1290.0,1250.0,1253.7,4443984
HDBFS,20260915,670.05,675.0,662.4,664.7,220611
HDFCAMC,20260915,2416.9,2423.9,2385.0,2409.0,652383
HDFCBANK,20260915,722.4,730.75,715.05,716.55,50387632
HDFCBSE500,20260915,36.89,37.18,36.07,36.33,722175
HDFCGOLD,20260915,129.33,129.33,127.59,127.88,4525096
HDFCGROWTH,20260915,115.87,117.16,115.3,115.75,6778
HDFCLIFE,20260915,530.0,530.65,516.1,516.1,4844755
HDFCLIQUID,20260915,1077.91,1077.93,1077.91,1077.91,35033
HDFCLOWVOL,20260915,20.1,20.12,19.82,19.87,16438
HDFCMID150,20260915,23.33,23.33,22.63,22.71,1419493
HDFCMOMENT,20260915,30.92,31.07,29.96,30.05,317341
HDFCNEXT50,20260915,73.91,74.26,72.01,72.18,160026
HDFCNIF100,20260915,25.44,25.66,25.1,25.18,114491
HDFCNIFBAN,20260915,58.25,58.54,57.54,57.69,81621
HDFCNIFIT,20260915,31.9,32.49,31.3,31.64,358822
HDFCNIFTY,20260915,257.19,266.79,257.19,261.49,1811012
HDFCNIMEG,20260915,130.37,143.4,126.5,136.31,4153
HDFCPSUBK,20260915,85.07,85.08,82.2,82.65,26997
HDFCPVTBAN,20260915,28.63,28.63,27.7,27.76,63514
HDFCQUAL,20260915,57.98,57.98,56.5,56.56,17570
HDFCSENSEX,20260915,85.03,86.3,84.25,84.58,134553
HDFCSILVER,20260915,216.45,216.45,213.72,214.48,3464974
HDFCSML250,20260915,186.62,186.62,180.4,180.83,3283413
HDFCVALUE,20260915,123.1,123.25,120.89,121.73,10278
HDIL,20260915,1.5,1.51,1.45,1.49,107732
HEADSUP,20260915,7.15,7.45,6.88,6.98,7511
HEALTHADD,20260915,16.5,16.76,16.45,16.5,66843
HEALTHAXIS,20260915,168.42,170.7,166.0,166.4,3445
HEALTHCARE,20260915,22.14,22.14,21.38,21.39,50176
HEALTHIETF,20260915,169.67,171.37,167.5,167.86,136608
HEALTHX,20260915,309.0,309.0,301.0,305.55,1370
HEALTHY,20260915,16.72,17.54,16.72,16.84,239809
HECPROJECT,20260915,121.49,121.49,116.31,117.53,3554
HEG,20260915,225.35,229.35,225.35,225.35,1510389
HEIDELBERG,20260915,153.5,154.0,145.1,145.97,283324
HEMIPROP,20260915,122.55,122.97,116.2,117.18,524451
HERANBA,20260915,172.43,173.79,165.0,165.95,25094
HERITGFOOD,20260915,419.5,419.95,391.3,393.85,572936
HEROMOTOCO,20260915,5287.5,5327.5,5166.0,5166.0,666103
HESTERBIO,20260915,2271.0,2299.0,2151.5,2171.8,4443
HEXAGON,20260915,68.98,69.0,64.31,64.54,140022
HEXATRADEX,20260915,156.26,158.5,155.99,156.06,5215
HEXT,20260915,497.75,527.2,497.75,517.5,441056
HFCL,20260915,230.5,234.7,222.01,222.01,5197660
HGINFRA,20260915,484.0,484.0,471.0,471.8,46258
HGM,20260915,48.49,48.49,45.99,46.77,5577
HGS,20260915,381.45,391.5,380.05,381.6,8605
HIKAL,20260915,227.87,227.87,210.15,212.22,851825
HILINFRA,20260915,41.04,45.5,40.1,43.6,189762
HILTON,20260915,17.71,18.29,17.16,17.29,144053
HIMATSEIDE,20260915,67.99,68.21,64.81,65.12,571755
HINDADH,20260915,369.1,376.0,354.1,371.95,5611
HINDALCO,20260915,980.1,981.0,958.7,958.7,2245506
HINDALUMI,20260915,98.0,98.99,93.46,95.09,2235
HINDCOMPOS,20260915,376.1,385.9,372.55,379.45,2565
HINDCON,20260915,23.2,24.5,23.2,23.74,23558
HINDCOPPER,20260915,513.95,513.95,490.55,492.1,6982438
HINDOILEXP,20260915,185.5,186.3,174.01,175.72,844381
HINDPETRO,20260915,352.65,355.2,344.2,345.3,2494296
HINDUNILVR,20260915,1944.0,1969.4,1933.8,1938.1,1715702
HINDWAREAP,20260915,178.96,181.29,174.0,174.42,75927
HINDZINC,20260915,574.95,574.95,560.9,560.9,2402454
HIRECT,20260915,1252.7,1255.0,1191.0,1204.9,59699
HISARMETAL,20260915,157.2,158.9,153.22,155.53,327
HITECH,20260915,76.77,77.0,73.23,73.61,553825
HITECHCORP,20260915,336.15,339.0,325.1,327.9,8272
HITECHGEAR,20260915,572.0,572.0,545.0,551.8,1883
HLEGLAS,20260915,415.0,429.8,388.9,395.4,745010
HLVLTD,20260915,6.4,6.55,6.22,6.26,150511
HMAAGRO,20260915,20.08,24.05,19.99,23.41,35613186
HMT,20260915,62.5,63.49,61.0,61.09,10848
HMVL,20260915,79.1,81.7,77.75,78.03,2537
HNDFDS,20260915,618.4,620.0,595.0,598.15,67519
HNGSNGBEES,20260915,469.55,471.01,462.81,465.43,115384
HOMEFIRST,20260915,1184.4,1194.9,1170.8,1175.3,137211
HONASA,20260915,471.15,476.2,455.15,457.25,707821
HONAUT,20260915,34590.0,34870.0,33500.0,33595.0,2651
HONDAPOWER,20260915,1966.9,1979.9,1904.5,1926.6,3003
HORIZONIND,20260915,56.1,56.55,53.1,53.59,3996553
HPAL,20260915,38.0,38.65,35.0,35.41,64781
HPIL,20260915,124.48,124.48,118.5,119.77,353
HPL,20260915,292.0,294.0,282.0,283.2,76209
HRYNSHP,20260915,100.1,101.0,95.99,96.38,1212
HSBCGOLD,20260915,131.9,132.35,128.09,130.59,17672
HSCL,20260915,665.0,667.4,632.5,637.25,7510515
HTEL,20260915,83.6,86.45,81.32,81.32,1461646
HTMEDIA,20260915,25.36,25.49,22.81,23.55,254895
HUBTOWN,20260915,182.28,182.28,172.2,173.18,309472
HUDCO,20260915,173.0,174.75,168.5,168.92,1454761
HUHTAMAKI,20260915,258.0,258.0,239.45,242.15,241632
HYBRIDETF,20260915,10.04,10.04,9.85,9.86,94732
HYBRIDFIN,20260915,16.2,16.8,16.2,16.21,2859
HYUNDAI,20260915,2187.9,2217.9,2130.5,2140.0,451786
IBULLSLTD,20260915,27.44,27.44,27.44,27.44,2593006
ICDSLTD,20260915,62.83,63.5,60.01,63.15,2403
ICEMAKE,20260915,728.0,728.0,691.25,695.55,33055
ICICIAMC,20260915,3021.7,3114.9,3021.7,3065.0,840166
ICICIB22,20260915,115.42,115.42,111.14,111.33,463142
ICICIBANK,20260915,1379.3,1390.0,1350.4,1350.4,10133488
ICICIGI,20260915,1460.0,1463.0,1423.1,1427.7,951910
ICICIPRULI,20260915,471.6,472.2,457.6,457.6,941756
ICIL,20260915,443.25,444.35,423.1,427.1,281524
ICRA,20260915,4787.0,4787.0,4600.2,4643.3,17598
IDBI,20260915,84.0,88.53,82.69,82.95,50187288
IDEA,20260915,15.06,15.07,14.43,14.45,368743044
IDEAFORGE,20260915,733.9,740.25,702.3,704.25,238794
IDFCFIRSTB,20260915,86.56,86.65,84.8,84.8,25183922
IDFNIFTYET,20260915,258.6,262.6,255.55,256.87,1273
IEX,20260915,113.88,114.24,111.82,112.0,5438969
IFBAGRO,20260915,898.0,898.0,859.0,861.1,2760
IFBIND,20260915,1310.7,1310.7,1255.0,1272.0,43228
IFCI,20260915,83.0,83.98,76.34,76.95,81195084
IFGLEXPOR,20260915,202.99,206.6,198.2,200.33,26283
IGARASHI,20260915,414.9,476.9,411.0,437.05,13011373
IGCL,20260915,67.99,67.99,62.63,65.59,238447
IGIL,20260915,320.0,323.6,312.25,313.1,503750
IGL,20260915,151.98,152.42,149.0,150.03,1069089
IGPL,20260915,544.4,547.0,516.4,525.25,69170
IIFL,20260915,599.0,599.0,573.3,581.05,2152091
IIFLCAPS,20260915,340.0,340.4,335.45,336.5,305457
IITL,20260915,148.27,155.0,147.02,148.84,96948
IKIO,20260915,223.85,223.87,210.0,211.06,350513
IKS,20260915,1762.8,1800.0,1747.0,1783.0,172263
IL&FSENGG,20260915,38.54,39.98,37.5,39.17,25777
IL&FSTRANS,20260915,2.06,2.06,1.91,1.92,114199
IMAGICAA,20260915,52.35,52.68,50.05,50.43,686219
IMFA,20260915,1245.0,1271.0,1215.0,1220.8,142336
IMPAL,20260915,1113.2,1120.5,1074.9,1077.8,2157
IMPEXFERRO,20260915,5.28,5.28,5.28,5.28,83788
INA,20260915,90.0,90.81,84.78,86.93,1853188
INCREDIBLE,20260915,34.25,34.5,31.57,33.46,3062
INDBANK,20260915,27.64,28.19,26.53,26.71,37094
INDGN,20260915,581.8,584.85,568.3,571.5,317962
INDHOTEL,20260915,724.0,737.75,710.85,715.0,2423706
INDIACEM,20260915,346.0,347.5,333.0,336.0,61327
INDIAGLYCO,20260915,290.0,291.8,280.2,280.2,52712
INDIAMART,20260915,1713.8,1713.8,1652.0,1659.5,56056
INDIANB,20260915,854.2,859.5,833.8,836.75,754029
INDIANCARD,20260915,212.7,212.7,206.02,207.35,589
INDIANHUME,20260915,371.3,372.45,351.7,354.0,31542
INDIASHLTR,20260915,653.0,663.0,640.5,647.25,99067
INDIGO,20260915,4955.5,4963.5,4773.0,4776.0,860472
INDIGOPNTS,20260915,1083.0,1090.9,1047.2,1061.9,62095
INDIQUBE,20260915,205.91,205.91,197.62,199.43,30153
INDNIPPON,20260915,1358.9,1364.9,1261.6,1279.0,96043
INDOAMIN,20260915,126.92,127.4,122.11,122.67,29985
INDOBORAX,20260915,482.0,485.35,457.2,460.8,103157
INDOCO,20260915,263.02,265.92,238.5,241.39,354504
INDOFARM,20260915,142.0,142.01,135.1,136.07,72050
INDOKEM,20260915,644.0,644.0,596.0,611.7,3603
INDOMIM,20260915,1026.0,1026.0,960.1,975.65,1440023
INDORAMA,20260915,90.0,96.5,81.56,82.81,4750924
INDOSTAR,20260915,243.16,246.19,230.15,233.07,94427
INDOTECH,20260915,3522.9,3544.3,3346.8,3377.2,32734
INDOTHAI,20260915,39.12,40.0,39.12,39.12,690854
INDOUS,20260915,79.9,81.0,76.0,78.29,2244
INDOWIND,20260915,9.2,9.2,8.86,8.9,81422
INDPRUD,20260915,6260.0,6260.0,6080.0,6081.0,67
INDRAMEDCO,20260915,355.0,360.0,351.35,354.55,259219
INDSWFTLAB,20260915,394.45,394.6,376.0,378.75,366134
INDTERRAIN,20260915,30.3,30.35,28.0,28.01,30326
INDUSINDBK,20260915,978.2,984.5,955.0,956.5,1511601
INDUSTOWER,20260915,390.8,390.8,378.7,379.0,3807593
INFOBEAN,20260915,154.22,161.75,152.15,153.13,416949
INFOMEDIA,20260915,5.11,5.43,5.11,5.18,2424
INFRA,20260915,11.93,11.93,11.55,11.55,173654
INFRABEES,20260915,938.93,948.37,920.0,925.85,14798
INFRAIETF,20260915,94.98,94.98,91.69,91.91,181412
INFY,20260915,1085.0,1097.7,1071.7,1077.0,14816117
INGERRAND,20260915,4551.6,4611.3,4301.4,4344.3,31530
INNOVACAP,20260915,1147.2,1236.1,1125.2,1140.1,216521
INNOVANA,20260915,334.0,336.35,303.0,306.1,29412
INNOVISION,20260915,260.8,261.0,255.0,255.35,13741
INOXGREEN,20260915,177.92,177.92,169.66,173.22,1508686
INOXINDIA,20260915,2250.0,2265.0,1982.0,1992.8,531067
INOXWIND,20260915,76.88,76.94,73.72,74.35,9034365
INSECTICID,20260915,609.7,618.0,591.05,594.8,10796
INSPIRISYS,20260915,84.05,88.0,81.35,81.78,5846
INSUREIETF,20260915,14.76,14.77,14.39,14.48,646486
INTELLECT,20260915,684.15,696.6,659.5,662.85,405465
INTENTECH,20260915,78.0,80.28,77.01,77.76,8255
INTERARCH,20260915,1751.0,1751.0,1668.5,1684.3,49337
INTERNET,20260915,14.86,14.87,14.39,14.45,237631
INTLCONV,20260915,78.8,79.8,75.2,76.04,38383
INVENTURE,20260915,0.93,0.93,0.91,0.91,357866
INVPRECQ,20260915,1377.7,1377.7,1377.7,1377.7,8851
IOB,20260915,33.24,33.3,32.12,32.38,2198392
IOC,20260915,135.5,135.69,132.03,132.03,10870933
IOLCP,20260915,195.11,197.9,176.3,179.52,5315214
IONEXCHANG,20260915,446.85,457.2,430.0,432.0,401926
IPCALAB,20260915,1976.7,1995.9,1924.0,1932.4,274487
IPL,20260915,134.1,134.28,132.01,132.68,99694
IPRINGLTD,20260915,142.1,145.0,136.0,137.02,1943
IRB,20260915,19.83,19.83,19.08,19.18,9392762
IRCON,20260915,113.26,113.95,109.0,109.42,1868607
IRCTC,20260915,464.0,466.55,457.0,458.55,660178
IREDA,20260915,111.71,112.08,108.27,109.0,3982851
IRFC,20260915,81.09,81.87,79.0,79.15,8655447
IRIS,20260915,245.0,251.39,233.42,237.78,28017
IRISDOREME,20260915,61.89,62.42,57.21,58.09,514737
IRMENERGY,20260915,279.05,283.4,265.05,266.5,78878
ISFT,20260915,80.4,80.4,76.18,76.59,115249
ISGEC,20260915,801.8,801.8,770.0,773.85,33880
ISHANCH,20260915,45.4,45.4,43.11,43.73,55167
ISTLTD,20260915,662.2,662.2,635.0,661.2,311
IT,20260915,32.77,33.85,32.43,32.85,995806
ITADD,20260915,31.7,32.28,31.35,31.44,131176
ITAXIS,20260915,324.38,335.43,324.35,325.36,12083
ITBEES,20260915,32.97,33.78,32.51,32.87,26293348
ITBETA,20260915,312.0,319.74,311.15,312.0,1781
ITC,20260915,261.0,264.2,258.0,258.0,12133201
ITCHOTELS,20260915,153.6,155.25,152.0,152.22,1141335
ITDC,20260915,688.2,689.85,645.4,653.45,186964
ITETF,20260915,31.7,32.28,31.33,31.37,430820
ITI,20260915,263.0,267.95,255.0,255.4,160701
ITIETF,20260915,32.5,33.89,32.5,32.87,1570613
ITL,20260915,378.95,378.95,366.0,367.5,412
IVALUE,20260915,228.0,233.78,223.35,225.7,112181
IVC,20260915,8.58,8.58,7.78,7.92,1241350
IVP,20260915,215.0,216.9,207.5,209.79,6599
IVZBANKNF,20260915,56.37,56.45,55.7,55.71,10711
IVZINGOLD,20260915,131.05,131.7,129.6,129.8,10693
IVZINNIFTY,20260915,276.02,276.02,265.99,267.04,892
IVZSENSEX,20260915,75.01,75.21,74.45,74.5,2639
IWP,20260915,36.0,36.0,34.1,34.85,7145
IXIGO,20260915,159.2,167.29,159.0,161.02,2920496
IZMO,20260915,912.15,940.0,891.05,896.05,183154
J&KBANK,20260915,145.27,147.5,143.75,144.75,3037724
JAGRAN,20260915,62.08,62.93,61.32,61.72,189794
JAGSNPHARM,20260915,234.6,234.99,223.16,225.83,57007
JAIBALAJI,20260915,65.38,65.89,62.0,62.25,672658
JAICORPLTD,20260915,97.4,97.4,92.3,92.64,336929
JAINREC,20260915,286.9,286.9,273.15,274.7,694511
JAIPURKURT,20260915,26.15,26.15,24.3,24.88,3714
JAMNAAUTO,20260915,137.5,139.4,127.99,129.06,3184124
JARO,20260915,457.0,478.2,454.05,469.95,330906
JASH,20260915,514.05,523.95,495.0,496.1,94635
JAYAGROGN,20260915,244.09,244.13,223.13,227.39,35008
JAYBARMARU,20260915,116.65,119.13,110.8,112.34,383222
JAYKAY,20260915,169.4,169.5,156.25,158.45,519085
JAYKAY-RE1,20260915,83.5,87.1,81.06,83.54,107174
JAYNECOIND,20260915,90.79,90.79,87.5,88.63,2854456
JAYSREETEA,20260915,93.1,94.87,90.51,91.64,41257
JBMA,20260915,620.95,626.0,600.0,603.9,226951
JENBURPH,20260915,991.2,1018.3,971.0,974.1,4111
JETFREIGHT,20260915,20.07,20.28,19.71,20.03,76485
JGCHEM,20260915,598.45,600.0,561.1,564.65,249766
JHS,20260915,8.45,9.39,8.45,8.79,376577
JINDALPHOT,20260915,1001.5,1154.0,1001.5,1099.6,83635
JINDALPOLY,20260915,671.3,738.4,666.0,737.9,346025
JINDALSAW,20260915,313.0,313.9,286.25,289.0,2584168
JINDALSTEL,20260915,1119.7,1119.7,1090.5,1095.0,816410
JINDRILL,20260915,640.0,643.8,596.0,598.65,319605
JINDWORLD,20260915,53.5,54.09,47.6,49.44,10265488
JIOFIN,20260915,230.5,231.8,225.6,225.6,13273805
JISLDVREQS,20260915,20.56,21.25,20.56,20.67,2483
JISLJALEQS,20260915,29.7,29.83,29.15,29.23,1419781
JITFINFRA,20260915,286.0,291.0,275.6,279.35,27837
JKCEMENT,20260915,4843.5,4849.5,4701.0,4712.0,24671
JKIL,20260915,483.55,486.95,470.0,473.15,61527
JKIPL,20260915,94.6,96.22,92.35,95.18,16190
JKLAKSHMI,20260915,506.0,516.0,500.25,504.9,138286
JKPAPER,20260915,414.25,417.0,400.0,402.1,256584
JKTYRE,20260915,353.95,355.0,343.1,345.25,438110
JLHL,20260915,278.0,283.0,270.65,275.55,62199
JMA,20260915,93.22,95.0,88.01,88.96,15451
JMFINANCIL,20260915,124.8,125.7,120.1,121.21,2800356
JNKINDIA,20260915,425.0,432.2,411.0,415.05,142537
JNPR,20260915,265.4,272.9,261.8,264.5,840795
JOCIL,20260915,145.4,149.9,140.7,142.39,8184
JPOLYINVST,20260915,989.5,1030.0,965.0,967.05,23363
JPPOWER,20260915,16.02,16.2,15.55,15.64,30754969
JSFB,20260915,517.5,527.7,486.95,488.65,344324
JSL,20260915,755.0,760.0,721.25,723.55,547512
JSLL,20260915,514.8,515.0,497.0,500.25,305700
JSWCEMENT,20260915,118.7,119.33,116.2,116.88,928470
JSWDULUX,20260915,3175.1,3199.0,3083.1,3133.8,50943
JSWENERGY,20260915,526.45,526.45,505.0,505.0,897315
JSWHL,20260915,11449.0,11543.0,10787.0,10967.0,58618
JSWINFRA,20260915,345.5,349.2,324.55,325.85,3396380
JSWSTEEL,20260915,1265.0,1267.7,1229.2,1229.2,1030088
JTEKTINDIA,20260915,121.25,121.74,117.0,117.36,93642
JTLIND,20260915,89.39,89.39,80.25,82.47,3227041
JUBLCPL,20260915,2106.0,2151.9,2079.0,2082.0,4591
JUBLFOOD,20260915,468.95,472.95,461.6,466.0,471771
JUBLINGREA,20260915,658.05,658.3,627.0,630.5,165058
JUBLPHARMA,20260915,1040.0,1041.0,1002.15,1011.95,190713
JUNIORBEES,20260915,797.6,797.6,757.68,762.71,586902
JUNIPER,20260915,222.5,223.91,213.0,214.84,124447
JUSTDIAL,20260915,668.0,669.95,646.85,661.85,149638
JWL,20260915,241.0,242.82,230.4,231.17,630241
JYOTHYLAB,20260915,196.25,197.09,191.0,192.22,405665
JYOTICNC,20260915,989.0,990.6,954.0,961.45,550288
JYOTIRES,20260915,862.0,875.0,840.0,843.5,7780
JYOTISTRUC,20260915,9.74,9.9,9.04,9.21,10215578
KABRAEXTRU,20260915,741.9,741.9,650.85,650.85,313142
KAJARIACER,20260915,1226.4,1226.7,1211.0,1213.6,99558
KAKATCEM,20260915,109.57,110.7,107.05,109.69,1411
KALAMANDIR,20260915,82.57,83.04,78.45,78.97,748945
KALPATARU,20260915,266.0,268.95,253.0,255.45,80848
KALYANIFRG,20260915,1030.35,1072.0,1024.55,1044.3,7646
KALYANKJIL,20260915,610.0,616.0,604.2,604.2,8522494
KAMAHOLD,20260915,2273.5,2299.9,2250.0,2269.7,8835
KAMANWALA,20260915,17.8,17.8,16.5,17.0,640
KAMATHOTEL,20260915,222.55,225.89,202.85,207.6,118268
KAMDHENU,20260915,39.68,39.7,38.1,38.66,432685
KAMOPAINTS,20260915,4.45,4.45,4.02,4.22,295047
KANANIIND,20260915,1.49,1.52,1.4,1.44,194238
KANCHI,20260915,388.8,408.6,379.35,392.5,1278
KANCOTEA,20260915,52.31,56.98,52.31,56.8,1089
KANORICHEM,20260915,178.12,178.12,178.12,178.12,67464
KANPRPLA,20260915,264.6,264.6,241.3,246.0,24653
KANSAINER,20260915,189.24,190.02,182.2,183.03,138520
KAPSTON,20260915,590.0,590.0,550.2,563.45,45325
KARMAENG,20260915,40.0,40.0,37.27,37.29,4644
KARURVYSYA,20260915,333.8,339.9,322.75,324.45,1975015
KAUSHALYA,20260915,822.0,841.9,820.0,834.5,121
KAVDEFENCE,20260915,69.0,80.0,63.8,75.17,2090584
KAYA,20260915,328.1,330.9,315.2,316.1,4822
KAYNES,20260915,3505.0,3527.8,3387.0,3392.0,689922
KCP,20260915,162.4,162.94,158.18,159.15,118488
KCPSUGIND,20260915,31.69,31.69,30.15,30.39,47617
KDDL,20260915,3898.9,3918.0,3739.5,3756.5,23873
KDGREEN,20260915,49.44,50.58,45.95,46.61,33359
KEC,20260915,427.1,429.6,403.45,406.9,5009834
KECL,20260915,124.34,124.6,118.2,119.47,107901
KEEPLEARN,20260915,1.89,1.92,1.83,1.89,13270
KEI,20260915,4570.0,4574.5,4449.0,4500.0,371320
KELLTONTEC,20260915,13.82,14.7,13.45,13.65,5613507
KENNAMET,20260915,4700.0,4739.6,4210.5,4266.4,50119
KERNEX,20260915,1738.0,1750.0,1650.0,1656.3,124877
KESORAMIND,20260915,12.61,12.61,12.01,12.6,1546731
KEYFINSERV,20260915,233.0,254.75,233.0,246.6,345
KFINTECH,20260915,901.8,903.85,880.0,884.8,761367
KHADIM,20260915,123.43,123.43,122.9,123.43,47601
KHAICHEM,20260915,54.43,54.5,50.11,50.6,260512
KHAITANLTD,20260915,166.0,166.0,156.5,158.94,5040
KHANDSE,20260915,16.58,17.99,16.58,17.67,1300
KICL,20260915,5065.0,5198.0,4802.0,4846.5,1570
KILITCH,20260915,187.0,194.0,185.0,190.2,28652
KIMS,20260915,770.0,772.15,755.0,766.85,493213
KINGFA,20260915,6280.0,6280.0,5701.5,5754.0,37408
KIOCL,20260915,358.15,358.35,339.35,340.8,91774
KIRANVYPAR,20260915,182.6,209.8,182.6,200.75,3176
KIRIINDUS,20260915,540.65,544.15,520.0,522.85,551796
KIRLFER,20260915,469.4,469.4,461.0,464.85,211119
KIRLOSBROS,20260915,1789.3,1796.9,1719.9,1728.0,80121
KIRLOSENG,20260915,2183.6,2212.5,2030.0,2041.6,639048
KIRLOSIND,20260915,3974.6,3983.0,3762.0,3834.0,37165
KIRLPNU,20260915,718.45,718.45,694.3,698.15,172157
KISSHT,20260915,332.0,350.5,332.0,339.55,4238984
KITEX,20260915,124.72,125.79,118.5,119.13,375463
KJMCFIN,20260915,60.51,62.94,60.51,60.95,214
KKCL,20260915,498.55,501.95,480.75,498.6,108121
KLBRENG-B,20260915,480.5,483.5,457.8,466.0,216254
KMCSHIL,20260915,138.48,138.56,132.0,132.8,108615
KMEW,20260915,2869.2,2917.6,2699.0,2730.5,78412
KMSUGAR,20260915,30.4,30.4,28.85,29.1,227201
KNACK,20260915,184.11,184.18,177.27,178.58,656445
KNAGRI,20260915,196.5,196.7,191.75,192.52,6861
KNRCON,20260915,126.05,126.45,120.62,121.22,956758
KOHINOOR,20260915,30.85,31.29,29.16,29.58,72803
KOKUYOCMLN,20260915,78.25,78.89,76.9,77.0,27082
KOLTEPATIL,20260915,436.8,437.2,418.5,420.8,69335
KOPRAN,20260915,235.26,267.0,233.15,249.9,15857726
KOTAKBANK,20260915,420.5,420.5,409.8,409.8,14367343
KOTARISUG,20260915,28.03,29.2,27.2,27.48,42257
KOTHARIPET,20260915,139.59,140.54,129.0,130.35,123365
KOTHARIPRO,20260915,65.78,67.61,65.0,65.03,7715
KOTIC,20260915,133.9,133.9,125.15,126.62,23198
KOTYARK,20260915,32.39,33.7,31.1,32.49,118674
KOVAI,20260915,6111.5,6189.0,5980.5,6019.0,11357
KPEL,20260915,215.9,219.94,208.15,210.24,324350
KPIGREEN,20260915,281.75,286.95,275.8,277.15,686169
KPIL,20260915,1436.7,1438.5,1371.8,1380.2,110460
KPITTECH,20260915,560.0,580.95,560.0,563.0,4090759
KPL,20260915,3700.0,3786.4,3392.5,3430.6,57728
KPRMILL,20260915,1110.0,1129.0,1105.1,1120.2,204356
KRBL,20260915,423.65,423.65,391.0,397.15,697222
KREBSBIO,20260915,58.5,59.5,56.03,56.27,7980
KRIDHANINF,20260915,1.97,1.98,1.92,1.94,16747
KRISHANA,20260915,180.9,183.0,173.29,177.2,700166
KRISHIVAL,20260915,420.65,421.1,418.0,419.5,7459
KRISHNADEF,20260915,1088.8,1088.8,1021.4,1027.8,121172
KRITI,20260915,64.0,64.0,60.6,61.6,5506
KRITIKA,20260915,5.35,5.48,5.2,5.24,102293
KRITINUT,20260915,81.32,82.79,79.51,80.78,9657
KRN,20260915,1593.6,1601.1,1514.0,1514.0,232761
KRONOX,20260915,172.55,175.92,169.0,170.36,39393
KROSS,20260915,240.0,243.29,226.01,228.87,885883
KRSNAA,20260915,552.45,552.6,540.0,541.65,38940
KRYSTAL,20260915,623.6,623.6,604.0,607.8,8328
KSB,20260915,810.05,812.0,780.4,787.95,182033
KSCL,20260915,721.1,728.95,694.25,697.9,66169
KSE,20260915,180.75,180.75,176.12,176.88,17510
KSHINTL,20260915,1184.0,1186.9,1048.25,1058.85,500166
KSHITIJPOL,20260915,3.45,3.65,3.4,3.65,7902695
KSL,20260915,970.0,985.0,922.1,930.45,163411
KSOLVES,20260915,258.5,264.95,251.0,252.1,43296
KSR,20260915,42.61,44.52,42.61,44.4,100470
KTKBANK,20260915,324.7,331.35,314.3,315.95,3508307
KUANTUM,20260915,76.88,80.49,75.15,75.99,324561
KUSUMGAR,20260915,565.0,569.9,549.3,552.35,213151
KWIL,20260915,43.6,43.69,40.51,40.83,11063147
LADDERUP,20260915,80.9,80.98,66.88,66.88,62133
LAGNAM,20260915,72.9,74.9,70.4,71.15,8595
LAHOTIOV,20260915,40.6,40.97,39.25,39.28,13284
LAKPRE,20260915,6.28,6.28,5.7,5.7,2929
LAKSHMIMIL,20260915,7799.0,8000.0,7565.0,7565.0,96
LAL,20260915,8.8,9.88,8.76,8.99,18605
LALITHAA,20260915,321.7,321.7,321.7,321.7,947094
LALPATHLAB,20260915,1907.0,1921.0,1885.5,1906.4,171214
LAMBODHARA,20260915,139.93,139.93,127.37,130.33,16281
LANCER,20260915,13.18,13.18,12.4,12.47,274163
LANCORHOL,20260915,37.0,37.95,35.25,36.04,37066
LANDMARK,20260915,490.0,493.95,470.0,470.35,61400
LANDSMILL,20260915,0.56,0.58,0.55,0.57,1865848
LAOPALA,20260915,158.93,165.79,158.7,160.63,442956
LARGEMID50,20260915,35.85,35.85,35.03,35.06,3975
LASA,20260915,6.2,6.2,6.2,6.2,18314
LASERPOWER,20260915,289.8,290.55,267.6,271.9,1156486
LATENTVIEW,20260915,254.05,264.8,251.7,252.9,1164017
LATTEYS,20260915,21.08,21.74,20.12,20.52,67559
LAURUSLABS,20260915,1975.0,1981.0,1915.6,1926.9,1538262
LAXMICOT,20260915,12.89,13.29,12.39,12.63,13495
LAXMIDENTL,20260915,202.14,205.0,196.0,197.46,65633
LAXMIINDIA,20260915,128.0,130.0,120.3,121.59,330864
LCCINFOTEC,20260915,3.15,3.15,2.99,2.99,115767
LCL,20260915,550.2,551.7,532.15,535.5,297525
LEAPIND,20260915,145.31,145.31,132.92,134.61,3444783
LEENEE,20260915,8.29,8.29,7.52,7.74,7188
LEMERITE,20260915,20.41,20.95,20.06,20.06,242138
LEMONTREE,20260915,104.75,105.13,102.3,102.58,2149510
LENSKART,20260915,691.2,701.25,679.5,685.4,6456204
LEXUS,20260915,13.94,13.94,12.58,12.75,20196
LFIC,20260915,136.1,157.89,135.6,136.64,32513
LGBBROSLTD,20260915,1711.0,1720.0,1697.2,1703.2,21277
LGEINDIA,20260915,1636.8,1658.0,1622.6,1629.6,617142
LGHL,20260915,184.78,187.0,175.86,185.11,11020
LIBAS,20260915,11.4,12.0,11.22,11.43,180219
LIBERTSHOE,20260915,228.68,228.68,217.5,218.62,49862
LICHSGFIN,20260915,563.9,565.25,538.5,542.0,4654811
LICI,20260915,402.6,404.7,390.65,391.5,12174521
LICMFGOLD,20260915,136.25,136.25,133.75,133.95,71303
LICNETFGSC,20260915,29.0,29.58,29.0,29.23,2720
LICNETFN50,20260915,257.19,264.69,257.19,261.0,387
LICNETFSEN,20260915,841.94,853.93,839.46,841.79,40
LICNFNHGP,20260915,269.57,272.8,263.25,270.0,140
LICNMID100,20260915,63.48,63.48,60.62,60.99,8554
LIKHITHA,20260915,218.0,234.0,208.0,222.22,176186
LINC,20260915,95.12,97.41,94.0,95.02,5415
LINCOLN,20260915,625.05,630.9,600.0,602.6,62529
LINDEINDIA,20260915,6250.0,6267.0,6065.0,6080.0,15285
LIQGRWBEES,20260915,1057.45,1057.45,1055.52,1055.53,82587
LIQUID,20260915,999.99,1000.0,999.99,999.99,503276
LIQUID1,20260915,1122.52,1124.45,1122.0,1122.67,702499
LIQUIDADD,20260915,1144.73,1144.76,1144.73,1144.75,703069
LIQUIDBEES,20260915,1001.0,1001.0,999.99,999.99,4879279
LIQUIDBETA,20260915,1008.02,1008.02,1008.02,1008.02,108
LIQUIDBETF,20260915,1098.68,1098.83,1098.68,1098.82,305217
LIQUIDCASE,20260915,115.91,115.93,115.91,115.92,21015069
LIQUIDETF,20260915,1000.0,1000.01,999.99,999.99,112514
LIQUIDIETF,20260915,1000.0,1000.01,999.99,999.99,325912
LIQUIDPLUS,20260915,1103.18,1103.2,1103.18,1103.18,903247
LIQUIDSBI,20260915,1000.01,1000.01,999.99,999.99,6431
LIQUIDSHRI,20260915,1121.46,1121.46,1121.44,1121.45,3625
LKPSEC,20260915,15.82,16.5,14.99,15.2,12628
LLOYDSENGG,20260915,83.09,83.19,79.35,79.71,4655333
LLOYDSENT,20260915,70.0,70.33,67.28,67.64,1887015
LLOYDSME,20260915,1789.1,1809.9,1741.0,1778.8,587090
LMW,20260915,17790.0,17797.0,17022.0,17103.0,2531
LODHA,20260915,1128.0,1128.0,1064.8,1064.8,1480215
LOKESHMACH,20260915,343.15,350.75,330.0,332.2,24268
LORDSCHLO,20260915,136.99,138.99,129.68,131.1,11716
LOTUSCHO,20260915,586.5,594.9,570.0,574.9,2708
LOTUSDEV,20260915,214.88,219.73,201.65,213.54,2311800
LOTUSEYE,20260915,111.3,115.3,109.57,110.59,16668
LOVABLE,20260915,71.98,71.98,69.69,70.91,10863
LOWVOL,20260915,200.1,201.1,198.22,198.22,160
LOWVOL1,20260915,19.99,20.84,19.99,20.27,511920
LOWVOLIETF,20260915,21.04,21.76,21.04,21.27,3329463
LOYALTEX,20260915,209.0,211.0,209.0,210.0,73
LPDC,20260915,6.24,6.24,6.02,6.06,23268
LT,20260915,3959.0,3959.0,3835.7,3850.7,1848703
LTF,20260915,310.6,311.3,296.6,296.8,3858315
LTFOODS,20260915,439.9,440.0,420.1,421.05,376661
LTGILTBEES,20260915,29.51,29.85,29.51,29.67,1553396
LTGILTCASE,20260915,30.99,30.99,29.8,30.22,178942
LTM,20260915,4404.3,4568.9,4323.3,4346.6,663212
LTTS,20260915,3402.0,3441.0,3300.5,3312.2,60380
LUMAXIND,20260915,5879.5,5943.0,5710.5,5766.5,12304
LUMAXTECH,20260915,2019.9,2048.9,1951.9,1991.3,233217
LUMINO,20260915,109.7,110.64,100.62,103.16,7645621
LUPIN,20260915,2095.0,2099.5,2049.5,2063.2,599677
LUXIND,20260915,1139.8,1139.8,1052.2,1056.7,34774
LXCHEM,20260915,175.56,176.01,167.01,167.83,901508
LYKALABS,20260915,82.5,82.5,81.25,81.25,3888
M&M,20260915,3114.6,3119.6,3029.5,3029.5,2176832
M&MFIN,20260915,356.15,358.75,341.0,342.3,1375707
MAANALU,20260915,110.4,111.96,105.0,106.14,90260
MACPOWER,20260915,1843.0,1950.0,1786.2,1882.3,51674
MADHAV,20260915,36.29,36.7,35.01,35.18,1158
MADHAVIPL,20260915,8.0,8.0,7.71,7.82,112440
MADHUCON,20260915,4.4,4.49,4.14,4.15,30916
MADRASFERT,20260915,62.99,62.99,60.01,60.52,36951
MAFANG,20260915,241.44,243.68,226.55,234.2,931372
MAFATIND,20260915,122.0,126.61,121.0,122.15,58688
MAGADSUGAR,20260915,545.0,548.95,515.0,520.15,18117
MAGNUM,20260915,18.42,19.07,18.41,18.69,12637
MAHABANK,20260915,84.2,84.61,79.56,79.56,14589564
MAHAPEXLTD,20260915,54.57,56.6,53.1,53.15,4322
MAHASTEEL,20260915,1278.0,1298.5,1212.3,1294.5,10124
MAHEPC,20260915,102.0,103.98,101.02,102.08,19128
MAHESHWARI,20260915,71.2,73.99,70.3,70.3,9099
MAHKTECH,20260915,22.58,22.8,21.6,21.74,1392067
MAHLIFE,20260915,353.1,363.45,345.05,345.9,92194
MAHLOG,20260915,398.4,398.4,381.8,387.25,147295
MAHSCOOTER,20260915,13027.0,13230.0,12750.0,12882.0,4586
MAHSEAMLES,20260915,735.0,738.6,696.0,701.1,328878
MAITHANALL,20260915,1045.85,1051.7,1002.0,1006.05,80106
MAJESAUT,20260915,377.95,377.95,357.5,357.9,1625
MAKEINDIA,20260915,159.53,164.48,158.63,158.97,44125
MAKERSL,20260915,184.95,187.2,171.36,173.77,4843
MALLCOM,20260915,959.05,959.05,905.15,911.95,3685
MALUPAPER,20260915,34.53,35.25,32.92,32.96,11021
MAMATA,20260915,411.9,413.55,392.25,396.65,46873
MANAKALUCO,20260915,36.55,37.53,35.11,35.47,91668
MANAKCOAT,20260915,130.05,130.5,123.36,124.19,148602
MANAKSIA,20260915,71.0,72.95,67.35,68.01,62854
MANAKSTEEL,20260915,119.9,119.9,112.02,112.02,57388
MANALIPETC,20260915,84.93,87.4,79.0,80.19,1729990
MANAPPURAM,20260915,327.1,330.45,317.7,318.85,3726323
MANBA,20260915,133.42,135.99,131.12,133.87,104730
MANCREDIT,20260915,221.97,224.9,214.0,215.36,145803
MANGALAM,20260915,36.0,36.46,33.22,33.54,109928
MANGLMCEM,20260915,1016.0,1022.4,983.8,989.4,49675
MANINDS,20260915,866.1,866.65,802.6,808.2,1027095
MANINFRA,20260915,127.48,127.48,122.89,124.83,1734690
MANIPALHOS,20260915,720.0,721.9,698.0,701.7,589061
MANKIND,20260915,2280.0,2300.9,2251.8,2280.5,446450
MANOMAY,20260915,235.5,239.8,224.5,228.71,116912
MANORAMA,20260915,2050.0,2057.3,1975.0,1987.1,151439
MANORG,20260915,468.4,475.0,450.1,454.3,11510
MANUFGBEES,20260915,161.73,161.73,157.11,157.69,19404
MANUGRAPH,20260915,16.03,16.5,14.0,14.65,50721
MANYAVAR,20260915,584.0,584.0,556.0,566.65,399110
MAPMYINDIA,20260915,927.0,944.6,885.1,887.8,177627
MARALOVER,20260915,61.3,67.0,60.0,60.0,15938
MARATHON,20260915,435.45,435.45,410.2,414.0,56871
MARICO,20260915,809.65,809.8,791.25,791.25,1533193
MARINE,20260915,422.0,426.55,373.3,376.75,1230221
MARKOLINES,20260915,171.0,171.47,161.27,163.08,166974
MARKSANS,20260915,330.0,331.4,301.1,312.85,2298117
MARSONS,20260915,128.0,129.0,121.0,121.3,2630119
MARUTI,20260915,12470.0,12470.0,12231.0,12231.0,286167
MASFIN,20260915,296.0,298.95,290.55,294.9,140211
MASKINVEST,20260915,140.1,151.95,140.1,140.8,190
MASPTOP50,20260915,96.31,100.48,93.97,95.31,1078493
MASTEK,20260915,1661.0,1743.0,1642.1,1652.1,341353
MASTERTR,20260915,89.25,90.38,83.45,87.55,1302449
MATRIMONY,20260915,515.9,516.55,492.0,497.8,13536
MAWANASUG,20260915,135.62,136.08,127.0,129.0,195212
MAXESTATES,20260915,559.75,571.5,542.0,568.9,257350
MAXHEALTH,20260915,1048.0,1048.0,1030.0,1030.0,2836517
MAXIND,20260915,145.7,149.71,137.36,139.12,80771
MAYURUNIQ,20260915,743.3,770.75,725.0,745.2,314452
MAZDA,20260915,255.25,264.45,252.5,255.9,14212
MAZDOCK,20260915,2339.0,2346.9,2225.1,2236.0,762530
MBAPL,20260915,161.99,163.1,153.98,155.82,1205876
MBECL,20260915,346.92,346.92,346.92,346.92,1134
MBEL,20260915,256.1,263.7,250.05,252.65,230610
MBLINFRA,20260915,22.46,23.68,22.4,22.56,13462
MCCHRLS-B,20260915,675.0,675.0,650.0,675.0,226
MCL,20260915,59.08,59.08,56.15,56.53,39754
MCLEODRUSS,20260915,43.11,43.69,41.15,41.57,364882
MCLOUD,20260915,25.67,27.1,25.55,25.58,1685258
MCX,20260915,3265.0,3267.6,3156.4,3173.5,1746940
MEDANTA,20260915,1454.0,1464.6,1410.0,1418.1,65507
MEDIASSIST,20260915,316.4,321.4,308.0,309.9,149893
MEDICAMEQ,20260915,329.5,341.0,312.1,318.2,154184
MEDICAPQ,20260915,31.0,31.0,28.53,28.53,34469
MEDICO,20260915,37.05,37.59,35.5,35.68,163751
MEDPLUS,20260915,660.45,666.6,654.0,656.3,61605
MEESHO,20260915,219.44,220.9,210.61,212.4,20742207
MEGASTAR,20260915,266.9,295.0,266.9,285.5,11101
MEIL,20260915,280.7,284.0,271.0,276.55,57165
MENNPIS,20260915,77.79,77.79,74.72,75.17,44760
MENONBE,20260915,298.85,312.0,287.05,304.35,65394
MEP,20260915,0.68,0.68,0.66,0.66,34438
MERCANTILE,20260915,23.85,24.98,21.0,22.02,3578
MERCURYEV,20260915,42.6,43.99,40.7,40.87,1209534
METAL,20260915,12.83,14.18,12.74,12.8,3768383
METALIETF,20260915,13.42,13.42,12.73,12.77,11323031
METROBRAND,20260915,954.75,954.75,938.4,944.45,34577
METROGLOBL,20260915,140.65,143.0,132.9,134.31,893
METROPOLIS,20260915,586.0,591.5,569.85,572.5,118075
MFML,20260915,18.54,19.44,18.53,18.68,2803
MFSL,20260915,1478.4,1482.0,1425.9,1425.9,557252
MGEL,20260915,16.2,16.2,15.5,15.53,227004
MGL,20260915,1081.0,1092.2,1069.1,1071.7,66528
MHLXMIRU,20260915,157.24,162.9,155.97,156.39,5361
MHRIL,20260915,198.04,199.86,191.1,192.4,132435
MICEL,20260915,35.14,35.14,34.79,34.79,104800
MID150,20260915,23.72,23.72,22.78,22.85,51260
MID150BEES,20260915,238.32,238.43,231.02,231.67,1215175
MID150CASE,20260915,11.79,11.79,11.25,11.29,1659047
MIDBANKADD,20260915,17.32,17.32,17.01,17.07,536738
MIDCAP,20260915,18.48,18.48,17.95,18.03,493281
MIDCAPADD,20260915,22.9,22.92,22.32,22.47,33965
MIDCAPBETA,20260915,229.28,233.9,225.79,231.44,2858
MIDCAPETF,20260915,23.56,23.56,22.85,22.91,2930640
MIDCAPIETF,20260915,23.71,23.95,23.2,23.28,1443451
MIDHANI,20260915,448.35,450.5,402.15,405.85,2748265
MIDQ50ADD,20260915,24.33,24.5,24.0,24.12,101598
MIDSELIETF,20260915,20.27,20.27,19.25,19.35,342179
MIDSMALL,20260915,51.56,51.67,50.16,50.28,246418
MIDWESTLTD,20260915,1030.0,1033.0,967.6,974.3,50494
MIIL,20260915,681.3,698.7,658.2,666.1,89895
MILKYMIST,20260915,290.0,304.7,278.14,278.14,10778708
MINALIND,20260915,5.45,5.45,5.45,5.45,3829
MINDACORP,20260915,702.3,704.6,675.0,678.95,184069
MINDTECK,20260915,161.61,162.28,151.8,154.36,44745
MIRZAINT,20260915,30.63,31.48,29.03,29.4,299174
MITCON,20260915,80.56,80.56,78.01,80.0,753
MITTAL,20260915,0.8,0.81,0.77,0.77,2832041
MKEXIM,20260915,66.9,66.9,61.5,64.52,4900
MKPL,20260915,3.97,4.0,3.9,3.92,84266
MLKFOOD,20260915,80.64,83.0,75.0,78.84,5091
MMFL,20260915,631.7,633.65,583.5,593.8,198758
MMP,20260915,474.35,498.0,453.25,457.7,68004
MMTC,20260915,62.42,62.99,60.34,60.77,973978
MMWL,20260915,13.46,14.1,13.4,13.77,30090
MNC,20260915,33.08,33.08,32.0,32.18,154691
MOALPHA50,20260915,56.12,57.1,53.86,54.04,24436
MOBANK10,20260915,16.73,17.07,16.39,16.42,1948
MOBIKWIK,20260915,211.88,215.7,197.7,200.86,3070663
MOCAPITAL,20260915,54.04,55.33,52.67,52.85,972221
MODEFENCE,20260915,110.0,110.0,100.3,100.76,4664150
MODINATUR,20260915,343.7,347.9,336.25,338.0,7810
MODIRUBBER,20260915,122.76,126.8,120.4,121.46,2584
MODIS,20260915,365.0,365.7,350.1,354.4,14475
MODISONLTD,20260915,503.05,510.8,477.9,478.15,76958
MODTHREAD,20260915,52.98,53.0,51.11,52.13,5839
MOENERGY,20260915,38.25,38.45,37.26,37.48,147550
MOGOLD,20260915,149.7,155.0,148.0,149.25,27721
MOGSEC,20260915,65.5,65.68,64.8,65.01,1521
MOHEALTH,20260915,52.65,52.65,50.93,51.11,136793
MOHITE,20260915,2.72,2.79,2.25,2.54,228258
MOHITIND,20260915,24.1,24.1,22.65,23.68,6206
MOIL,20260915,246.0,247.4,237.26,238.54,756254
MOINFRA,20260915,58.25,58.5,57.26,57.41,4927
MOIPO,20260915,48.7,48.73,47.25,47.59,8532
MOKSH,20260915,10.31,10.59,9.95,10.01,123393
MOL,20260915,62.86,63.15,58.58,58.86,828296
MOLBIO,20260915,1419.7,1419.7,1273.0,1356.8,3774360
MOLDTECH,20260915,213.0,213.0,197.03,197.03,28727
MOLDTKPAC,20260915,670.7,677.45,650.25,652.1,53186
MOLOWVOL,20260915,35.33,35.59,34.95,34.96,4112
MOM100,20260915,67.29,67.8,65.74,65.95,539284
MOM30IETF,20260915,31.93,31.93,30.25,30.33,1202788
MOM50,20260915,251.82,251.82,242.9,243.41,3874
MOMENTUM,20260915,32.0,32.4,30.04,30.25,160931
MOMENTUM30,20260915,30.95,30.95,29.53,29.78,194013
MOMENTUM50,20260915,55.47,55.47,52.46,52.63,1075624
MOMETAL,20260915,13.08,13.08,12.66,12.74,28627
MOMGF,20260915,159.17,165.0,156.05,158.24,1547
MOMIDMTM,20260915,65.66,65.66,62.4,62.66,64529
MOMMIDCAP,20260915,12.96,13.13,12.56,12.58,1704461
MOMNC,20260915,31.85,32.87,31.12,31.12,1595
MOMOMENTUM,20260915,61.51,62.16,60.11,60.3,104191
MOMSBELIEF,20260915,224.96,229.0,216.55,224.88,121277
MON100,20260915,338.44,342.81,330.02,330.62,785006
MON50EQUAL,20260915,32.64,33.33,32.05,32.22,3116
MONARCH,20260915,370.95,374.0,365.55,366.5,73907
MONEXT50,20260915,73.34,73.34,69.87,70.14,10781
MONEYBOXX,20260915,42.2,44.94,42.19,44.94,85676
MONIFTY100,20260915,24.16,25.02,24.16,24.48,8248
MONIFTY500,20260915,24.11,24.11,23.09,23.19,2616214
MONQ50,20260915,221.75,234.0,210.94,229.73,656015
MONTECARLO,20260915,555.45,560.9,548.0,552.35,63656
MOOILGAS,20260915,11.62,11.62,10.8,10.87,35075
MOPSE,20260915,97.1,103.0,96.9,99.1,3900
MOQUALITY,20260915,195.89,195.95,192.0,192.25,572
MORARJEE,20260915,8.76,8.76,8.76,8.76,3162
MOREALTY,20260915,86.06,86.59,82.1,82.37,790268
MOREPENLAB,20260915,116.0,116.68,104.8,106.22,18625874
MOSCHIP,20260915,210.35,211.7,202.0,203.02,1146326
MOSERVICE,20260915,30.94,30.94,29.9,30.0,5995
MOSILVER,20260915,224.48,224.48,221.2,221.93,23991
MOSMALL250,20260915,18.87,18.87,17.58,17.98,4772214
MOTHERSON,20260915,165.0,165.41,158.15,158.15,13755237
MOTILALOFS,20260915,1029.0,1030.0,985.1,990.8,581522
MOTISONS,20260915,16.0,16.09,15.32,15.47,9434969
MOTOGENFIN,20260915,25.6,27.0,25.11,25.15,41480
MOTOUR,20260915,76.85,77.61,75.07,75.27,24983
MOVALUE,20260915,111.55,112.48,108.79,109.39,46233
MPDL,20260915,31.95,31.95,30.51,31.75,808
MPHASIS,20260915,2353.0,2461.1,2353.0,2378.0,1176828
MPSLTD,20260915,2612.1,2649.0,2510.5,2522.6,19900
MRF,20260915,128800.0,129600.0,125500.0,125795.0,2921
MRPL,20260915,175.5,176.07,166.0,166.81,8734694
MSCI360,20260915,9.94,10.07,9.75,9.77,13928
MSCIADD,20260915,28.91,28.91,28.56,28.56,1208
MSCIINDIA,20260915,29.11,29.48,28.8,28.89,7421
MSL,20260915,138.5,140.0,134.0,140.0,405
MSPL,20260915,34.9,34.9,32.6,32.96,721973
MSTCLTD,20260915,741.95,746.0,700.0,701.2,387780
MSUMI,20260915,36.5,36.58,34.76,35.06,10784713
MTARTECH,20260915,6950.0,7151.0,6947.0,6947.0,155246
MTEDUCARE,20260915,1.91,1.91,1.73,1.83,43345
MTNL,20260915,24.94,25.12,23.62,23.7,1071039
MUFIN,20260915,135.33,135.9,131.31,132.49,403703
MUFTI,20260915,73.0,73.5,72.0,72.49,57214
MUKANDLTD,20260915,139.59,143.48,135.2,135.62,53683
MUKKA,20260915,33.0,33.29,30.95,31.39,2284101
MUKTAARTS,20260915,58.57,58.57,55.65,57.2,3147
MULTICAP,20260915,16.78,16.78,16.21,16.22,191369
MUNJALAU,20260915,106.64,108.24,103.09,103.8,299371
MUNJALSHOW,20260915,128.88,128.88,125.0,125.28,18586
MURUDCERA,20260915,29.74,30.16,29.0,29.0,11482
MUTHOOTCAP,20260915,226.85,233.79,220.8,222.9,11449
MUTHOOTFIN,20260915,2792.1,2794.0,2722.3,2722.3,451554
MUTHOOTMF,20260915,196.48,199.31,183.6,187.61,333669
MVELECTRO,20260915,856.0,856.0,757.55,777.0,1768387
MVGJL,20260915,197.8,212.0,193.23,196.05,407195
MWL,20260915,41.9,48.0,39.29,41.03,7108354
MYSORPETRO,20260915,135.01,146.45,134.05,134.05,3374
NACLIND,20260915,158.29,158.68,149.46,149.92,481375
NAGAFERT,20260915,1.86,1.86,1.86,1.86,287300
NAGREEKCAP,20260915,24.9,27.39,24.07,27.38,47603
NAGREEKEXP,20260915,22.4,23.0,21.36,21.61,18145
NAHARCAP,20260915,260.6,261.9,248.0,252.65,6628
NAHARINDUS,20260915,131.2,135.59,126.22,127.37,15027
NAHARPOLY,20260915,231.87,234.76,225.0,226.24,9176
NAHARSPING,20260915,275.0,279.0,255.0,261.65,17043
NAM-INDIA,20260915,1184.0,1194.4,1153.1,1153.1,1238154
NARMADA,20260915,14.2,14.38,13.55,13.85,188355
NATCAPSUQ,20260915,185.01,189.99,180.0,180.43,15656
NATCOPHARM,20260915,816.95,831.45,812.3,819.15,434634
NATHBIOGEN,20260915,147.78,150.0,146.0,146.81,7164
NATIONALUM,20260915,359.6,360.35,350.25,350.55,3640356
NATIONSTD,20260915,110.11,115.4,105.2,114.25,45167
NAUKRI,20260915,1268.1,1310.0,1261.5,1261.5,1716983
NAVA,20260915,552.1,561.85,533.9,536.95,261101
NAVINFLUOR,20260915,8586.0,8618.5,8208.0,8228.0,111387
NAVKARCORP,20260915,93.58,93.9,90.6,91.58,261219
NAVKARURB,20260915,0.87,0.89,0.84,0.87,739180
NAVNETEDUL,20260915,127.2,127.8,123.81,124.1,90749
NAZARA,20260915,369.05,375.05,354.9,357.4,1012532
NBCC,20260915,83.25,83.49,80.13,80.69,5854402
NBIFIN,20260915,2020.0,2020.0,1966.1,1978.5,5209
NCC,20260915,141.33,142.23,136.6,137.33,1413062
NCLIND,20260915,174.52,175.5,171.1,173.02,39682
NDGL,20260915,2690.0,2795.0,2650.0,2655.5,174
NDL,20260915,2.87,2.88,2.65,2.75,1065293
NDLVENTURE,20260915,127.97,127.97,118.3,118.87,40636
NDRAUTO,20260915,692.85,697.15,660.5,672.85,44559
NDTV,20260915,71.13,72.8,70.05,70.43,58950
NEAGI,20260915,3450.0,3450.0,3308.0,3308.0,10
NECCLTD,20260915,19.01,19.36,18.15,19.04,55002
NECLIFE,20260915,11.54,12.07,11.23,11.4,129977
NELCAST,20260915,108.79,109.04,103.8,104.91,50573
NELCO,20260915,953.0,960.65,912.5,924.3,220149
NEOGEN,20260915,2381.0,2399.8,2234.3,2310.3,264415
NEPHROPLUS,20260915,770.0,774.95,725.0,734.95,306493
NESCO,20260915,1112.0,1132.3,1081.6,1087.7,77281
NESTLEIND,20260915,1383.3,1395.0,1362.0,1362.0,1597455
NETF,20260915,252.55,257.0,252.15,253.54,2881
NETWEB,20260915,4962.0,4977.5,4570.0,4614.0,1907037
NETWORK18,20260915,27.12,27.19,25.85,25.95,3466061
NEUEON,20260915,11.95,11.95,11.37,11.38,31418
NEULANDLAB,20260915,23430.0,23480.0,22430.0,22595.0,54667
NEWGEN,20260915,512.0,528.6,498.0,499.35,1695640
NEXT30ADD,20260915,42.6,42.6,41.47,41.59,4424
NEXT50,20260915,746.1,749.83,726.93,728.36,56707
NEXT50ADD,20260915,72.78,72.78,70.71,70.86,114949
NEXT50BETA,20260915,78.78,78.78,76.0,76.45,122831
NEXT50ETF,20260915,73.32,73.32,71.0,71.39,26824
NEXT50IETF,20260915,76.7,76.7,74.32,74.54,1139608
NEXTMEDIA,20260915,3.81,3.96,3.78,3.83,15210
NFL,20260915,68.42,68.86,67.1,67.18,471098
NGIL,20260915,33.42,34.1,32.3,33.01,8373
NGLFINE,20260915,2657.2,2690.9,2541.5,2581.8,7736
NH,20260915,1899.0,1914.9,1878.9,1894.9,249620
NHPC,20260915,76.55,77.07,75.56,76.04,8558617
NIACL,20260915,200.0,200.3,184.0,185.41,3487564
NIBE,20260915,1295.0,1295.0,1218.0,1224.4,39048
NIBL,20260915,33.26,34.0,30.62,31.06,45821
NICCOPAR,20260915,83.0,83.0,79.05,80.51,1411
NIF100BEES,20260915,263.81,264.02,257.1,257.93,39979
NIF100IETF,20260915,28.17,28.17,26.8,27.16,131694
NIF500BETA,20260915,38.0,38.0,36.24,36.31,1428
NIFTY1,20260915,257.81,263.01,257.03,257.46,195379
NIFTY100EW,20260915,34.53,35.0,33.82,33.91,111737
NIFTYADD,20260915,244.42,248.12,244.42,244.69,14910
NIFTYAXIS,20260915,262.46,262.46,256.84,257.17,15282
NIFTYBEES,20260915,268.1,269.9,264.24,264.58,7069412
NIFTYBETA,20260915,262.88,262.88,257.11,257.38,53891
NIFTYBETF,20260915,244.47,244.47,238.39,239.22,14854
NIFTYCASE,20260915,9.17,9.59,9.17,9.34,1012463
NIFTYETF,20260915,255.17,258.86,252.12,252.68,119757
NIFTYIETF,20260915,270.98,270.98,263.0,263.36,638243
NIFTYJBLK,20260915,11.83,12.44,11.83,11.92,178450
NIFTYQLITY,20260915,21.08,21.08,20.5,20.57,31338
NIITLTD,20260915,91.77,94.29,86.69,87.32,391512
NIITMTS,20260915,231.98,238.45,227.82,232.02,297370
NILAINFRA,20260915,6.65,6.86,6.5,6.57,177793
NILASPACES,20260915,12.28,12.56,12.0,12.23,1058264
NILE,20260915,1440.0,1488.0,1430.0,1431.9,1972
NILKAMAL,20260915,2050.8,2069.9,1989.0,2017.9,19596
NIMBSPROJ,20260915,171.86,173.51,170.0,170.0,1551
NINSYS,20260915,725.0,725.0,700.05,710.75,3821
NIPPOBATRY,20260915,320.0,322.2,316.5,320.85,1619
NIRAJ,20260915,27.02,28.7,27.02,27.58,19209
NIRAJISPAT,20260915,299.95,300.0,299.9,300.0,674
NIRLON,20260915,610.0,620.45,600.0,600.65,3067
NITCO,20260915,93.32,94.03,87.15,88.24,464560
NITINSPIN,20260915,654.8,665.0,640.25,643.15,182683
NITIRAJ,20260915,235.0,236.0,224.5,225.91,4441
NITTAGELA,20260915,1625.4,1807.0,1602.2,1693.0,14085
NIVABUPA,20260915,79.92,83.9,79.63,81.5,1416460
NKIND,20260915,55.1,59.5,55.0,55.52,1139
NLCINDIA,20260915,264.45,266.4,256.3,261.05,1337838
NMDC,20260915,82.8,82.89,80.5,80.5,10462679
NOCIL,20260915,191.61,192.0,182.15,183.6,1291473
NOIDATOLL,20260915,4.04,4.05,3.95,4.01,48722
NORBTEAEXP,20260915,65.9,67.39,64.5,64.5,1569
NORTHARC,20260915,305.9,308.2,292.0,294.2,1045895
NOVAAGRI,20260915,23.42,23.48,21.8,22.49,107024
NOVARTIND,20260915,2360.2,2360.2,2153.3,2188.0,135595
NPBET,20260915,284.72,284.72,277.78,278.83,484
NPST,20260915,1698.9,1700.0,1630.0,1639.5,27585
NRAIL,20260915,638.0,685.0,631.0,638.85,113606
NRBBEARING,20260915,516.0,516.8,478.0,480.85,504748
NRL,20260915,127.0,136.5,126.41,135.35,118553
NSIL,20260915,5623.0,5623.0,5400.0,5409.5,1651
NSLNISP,20260915,43.68,43.69,41.35,41.45,3741526
NTCIND,20260915,139.45,139.45,130.15,134.11,2427
NTPC,20260915,333.0,333.3,326.4,329.5,8445501
NTPCGREEN,20260915,86.94,87.02,85.75,85.86,2073084
NUCLEUS,20260915,691.4,707.55,691.4,696.4,20850
NURECA,20260915,330.0,345.0,322.1,322.2,5712
NUVAMA,20260915,1740.0,1746.4,1660.0,1668.2,217310
NUVOCO,20260915,330.15,330.95,312.05,313.75,321519
NV20,20260915,13.56,13.81,13.47,13.51,362180
NV20BEES,20260915,137.51,137.61,134.99,135.04,114375
NV20IETF,20260915,13.54,13.58,13.01,13.16,447667
NYKAA,20260915,345.4,346.15,336.2,336.2,2338555
OAL,20260915,524.0,559.8,505.5,510.95,101439
OBCL,20260915,55.79,57.5,55.0,56.58,18533
OBEROIRLTY,20260915,1746.0,1749.5,1668.5,1668.5,362748
OCCLLTD,20260915,159.9,163.0,151.44,151.64,57150
ODIGMA,20260915,22.12,22.44,21.5,22.09,9536
ODYCORP,20260915,7.39,7.39,6.8,6.88,17867
OFSS,20260915,11910.0,12099.0,11692.0,11803.0,231321
OIL,20260915,494.4,494.4,483.0,485.6,1967012
OILCOUNTUB,20260915,61.2,62.4,61.01,62.4,14794
OILIETF,20260915,11.17,11.21,10.98,11.0,2438800
OLAELEC,20260915,38.95,40.1,37.63,38.03,60999122
OLECTRA,20260915,1216.7,1249.0,1166.1,1179.2,381768
OMAXAUTO,20260915,172.92,177.0,168.01,169.0,63651
OMAXE,20260915,123.03,123.54,116.65,118.04,801155
OMFREIGHT,20260915,87.5,88.5,86.5,86.51,3929
OMINFRAL,20260915,80.8,88.0,78.2,80.25,219096
OMNI,20260915,555.0,565.95,535.5,540.3,457673
OMPOWER,20260915,171.1,173.72,165.35,168.2,103029
ONEGLOBAL,20260915,555.3,560.2,513.45,518.5,19227
ONELIFECAP,20260915,32.87,34.0,31.76,33.15,13971
ONEPOINT,20260915,57.49,61.38,56.0,56.68,5466042
ONESOURCE,20260915,1614.9,1657.5,1589.0,1599.6,724751
ONGC,20260915,234.9,236.3,233.33,235.95,14549134
ONIDA,20260915,32.0,33.78,32.0,33.33,1068890
ONIXSOLAR,20260915,416.75,436.0,416.75,416.75,279187
ONMOBILE,20260915,47.23,49.35,46.74,49.35,77699
ONWARDTEC,20260915,283.65,290.0,280.1,281.55,20077
OPTIEMUS,20260915,569.6,622.1,567.85,604.95,1979704
OPTIFIN,20260915,14.05,15.0,13.56,13.85,28858
ORBTEXP,20260915,234.63,240.99,228.0,234.42,1386
ORCHASP,20260915,1.44,1.64,1.41,1.58,766655
ORCHPHARMA,20260915,1009.15,1060.0,972.85,988.2,135724
ORICONENT,20260915,51.55,53.43,51.16,51.31,18903
ORIENTALTL,20260915,5.07,5.25,4.95,5.02,85709
ORIENTBELL,20260915,403.1,414.0,386.4,390.45,55451
ORIENTCEM,20260915,125.58,125.99,121.2,121.98,433788
ORIENTCER,20260915,46.88,47.4,44.5,44.79,89199
ORIENTELEC,20260915,174.0,174.95,168.54,169.17,138909
ORIENTHOT,20260915,142.18,144.0,138.5,138.98,1117544
ORIENTLTD,20260915,83.16,83.16,82.5,82.9,125
ORIENTPPR,20260915,17.78,17.94,16.6,16.69,341559
ORIENTTECH,20260915,249.64,256.0,240.25,242.28,345230
ORIRAIL,20260915,124.11,124.99,117.01,119.03,99410
ORISSAMINE,20260915,3980.0,4037.4,3832.8,3877.9,10016
ORKLAINDIA,20260915,588.3,591.2,579.9,582.3,34460
ORTEL,20260915,1.86,1.86,1.76,1.76,46087
ORTINGLOBE,20260915,17.5,17.58,16.62,16.62,17178
OSIAHYPER,20260915,2.45,2.5,2.32,2.42,547909
OSWALAGRO,20260915,35.2,35.6,34.12,34.25,16012
OSWALGREEN,20260915,20.03,20.36,19.5,19.59,101172
OSWALPUMPS,20260915,282.45,289.2,274.3,275.45,347502
OSWALSEEDS,20260915,15.7,16.49,13.46,15.83,988892
PACEDIGITK,20260915,159.51,161.97,152.9,153.6,628622
PACIFICI,20260915,140.7,150.0,136.0,136.0,66
PAGEIND,20260915,35465.0,35510.0,34580.0,34580.0,12827
PAISALO,20260915,84.92,85.25,83.47,84.47,14460925
PAKKA,20260915,77.13,79.83,74.0,74.85,174152
PALASHSECU,20260915,87.02,90.0,84.0,88.72,1481
PALREDTEC,20260915,52.0,54.34,49.75,49.81,4452
PANACEABIO,20260915,396.95,396.95,371.0,375.75,292361
PANACHE,20260915,525.0,529.0,509.65,529.0,11038
PANAMAPET,20260915,475.05,476.9,445.15,450.75,455986
PANCHMAHQ,20260915,309.8,309.8,266.45,293.4,698
PANORAMA,20260915,55.4,56.18,50.35,51.92,572747
PANSARI,20260915,281.5,299.0,275.0,282.15,312
PAR,20260915,138.9,138.9,133.88,133.88,26115
PARACABLES,20260915,65.0,65.29,61.0,61.31,1879764
PARADEEP,20260915,155.51,156.71,148.5,149.34,2126737
PARAGMILK,20260915,269.0,276.75,250.0,252.15,1542890
PARAS,20260915,1437.0,1443.7,1306.0,1339.2,1276494
PARASPETRO,20260915,2.14,2.24,2.13,2.15,123328
PARKHOSPS,20260915,279.2,286.0,275.0,279.15,530232
PARKHOTELS,20260915,111.58,111.85,105.6,106.83,151020
PARNAXLAB,20260915,127.0,127.0,122.72,123.87,1731
PARSVNATH,20260915,1.75,1.75,1.75,1.75,70370
PASHUPATI,20260915,82.0,82.49,79.95,80.04,67301
PASUPTAC,20260915,70.5,72.8,68.1,70.48,667184
PATANJALI,20260915,341.0,342.4,335.75,338.55,2567906
PATELENG,20260915,27.65,27.65,26.0,26.08,1903899
PATELRMART,20260915,211.0,211.0,205.44,207.44,61869
PATINTLOG,20260915,13.18,13.54,13.11,13.14,21945
PAUSHAKLTD,20260915,730.15,736.45,675.3,682.8,35145
PAVNAIND,20260915,14.89,17.85,14.89,15.32,207036
PAYTM,20260915,1808.0,1811.0,1730.0,1730.0,3226150
PCBL,20260915,334.8,335.0,311.3,314.05,962916
PCJEWELLER,20260915,13.85,13.87,12.72,12.89,356317461
PDMJEPAPER,20260915,97.85,107.49,95.15,96.81,1160437
PDSL,20260915,348.2,349.0,331.1,334.25,70697
PEARLPOLY,20260915,15.22,15.98,15.22,15.85,21771
PENIND,20260915,175.54,175.58,166.69,167.3,338236
PENINLAND,20260915,15.87,15.87,14.8,14.98,100074
PERMAGN,20260915,864.65,864.65,821.3,827.7,2721
PERNIASPOP,20260915,564.95,565.0,529.2,542.0,391989
PERSISTENT,20260915,5654.0,5759.0,5456.5,5477.5,812335
PETRONET,20260915,287.05,288.4,280.5,283.95,1170508
PFC,20260915,352.45,353.3,344.0,344.0,7488255
PFIZER,20260915,4075.0,4091.1,4026.2,4041.6,36144
PFOCUS,20260915,310.95,323.7,310.1,319.0,1807027
PFS,20260915,27.44,27.49,26.41,26.51,303757
PGEL,20260915,543.75,545.0,515.15,518.0,837345
PGHH,20260915,7619.5,7619.5,7475.0,7507.0,11202
PGHL,20260915,5405.0,5459.5,5363.5,5408.0,10415
PGIL,20260915,1181.1,1192.5,1131.0,1141.4,82391
PHARMABEES,20260915,27.47,27.47,26.79,26.94,3727254
PHOENIXLTD,20260915,1890.0,1890.0,1833.6,1833.6,366872
PHOENXINTL,20260915,29.86,29.86,27.5,28.4,4669
PICCADIL,20260915,602.15,605.4,582.3,585.65,118995
PIDILITIND,20260915,1566.9,1575.7,1521.1,1521.1,455854
PIGL,20260915,102.9,104.9,98.6,99.54,104396
PIIND,20260915,2260.0,2288.3,2240.5,2255.0,286400
PILANIINVS,20260915,4200.0,4235.0,4059.9,4081.8,2461
PILITA,20260915,7.72,8.1,7.7,7.73,18276
PINELABS,20260915,201.4,201.4,191.0,193.8,62792856
PIONEEREMB,20260915,21.25,21.25,20.76,20.89,2658
PIRAMALFIN,20260915,2299.0,2299.0,2214.0,2224.4,257641
PITTIENG,20260915,1168.0,1168.0,1100.0,1109.3,110111
PIXTRANS,20260915,1722.2,1757.0,1710.0,1734.0,12970
PKTEA,20260915,1121.75,1121.75,1009.6,1024.6,3649
PLASTIBLEN,20260915,194.5,196.08,182.96,185.18,24239
PLATIND,20260915,221.2,221.9,216.0,218.88,39048
PLAZACABLE,20260915,64.9,66.0,60.42,61.38,226444
PML,20260915,500.95,504.85,476.7,498.55,105
PNB,20260915,116.75,117.23,114.7,114.7,12031284
PNBGILTS,20260915,80.2,80.8,76.01,76.29,569582
PNBHOUSING,20260915,1178.8,1178.9,1135.9,1145.0,321850
PNC,20260915,17.35,17.35,16.1,16.38,7941
PNCINFRA,20260915,165.0,165.0,140.32,140.32,4938381
PNGJL,20260915,613.2,617.55,605.45,611.6,655158
PNGSREVA,20260915,517.15,518.0,488.85,494.2,228691
POCL,20260915,455.0,459.55,432.1,435.3,443507
PODDARMENT,20260915,280.25,294.3,268.1,270.1,22527
POEL,20260915,140.51,145.92,138.55,139.45,34559
POKARNA,20260915,804.15,808.9,750.1,758.25,102781
POLICYBZR,20260915,1799.0,1804.3,1736.0,1736.0,750563
POLYCAB,20260915,8258.5,8294.5,8115.0,8143.5,301764
POLYMED,20260915,1738.5,1738.5,1695.5,1704.6,49164
POLYPLEX,20260915,1134.2,1138.3,1091.1,1093.8,46033
POLYSPIN,20260915,29.58,29.58,27.53,28.95,806
PONNIERODE,20260915,373.1,375.05,349.95,351.8,20410
POONAWALLA,20260915,446.0,447.65,431.0,434.6,859283
POWERGRID,20260915,267.15,268.5,262.8,262.8,10519594
POWERICA,20260915,572.1,572.1,530.0,532.75,169220
POWERINDIA,20260915,31260.0,31295.0,30000.0,30790.0,98157
POWERMECH,20260915,2421.3,2421.5,2320.3,2336.4,39034
PPAP,20260915,237.7,237.7,227.1,228.05,25261
PPL,20260915,284.15,284.95,273.05,277.45,35468
PPLPHARMA,20260915,211.07,211.35,202.55,203.47,3104010
PRABHA,20260915,247.4,251.0,235.25,239.42,307312
PRADPME,20260915,487.0,497.8,465.3,469.35,5366
PRAENG,20260915,21.93,23.44,21.26,21.51,47240
PRAJIND,20260915,321.05,322.8,316.25,318.0,504700
PRAKASH,20260915,123.57,124.01,117.99,119.49,716947
PRAKASHSTL,20260915,3.73,3.92,3.48,3.56,278843
PRANAV,20260915,165.0,165.1,132.0,132.0,41828214
PRAVEG,20260915,263.0,266.9,253.9,255.95,31819
PRAXIS,20260915,4.51,4.63,4.26,4.28,151922
PRECAM,20260915,117.06,118.17,112.4,113.69,244954
PRECOT,20260915,661.0,689.0,648.0,656.1,3291
PRECWIRE,20260915,462.9,465.6,435.35,440.05,413745
PREMCO,20260915,409.95,409.95,386.9,391.35,484
PREMEXPLN,20260915,667.5,669.95,663.2,668.3,192979
PREMIER,20260915,2.74,2.8,2.56,2.75,30780
PREMIERENE,20260915,967.1,972.8,940.5,945.0,569740
PREMIERPOL,20260915,85.99,86.06,80.16,81.9,359684
PRESTIGE,20260915,1498.2,1514.9,1417.0,1417.0,410061
PRICOLLTD,20260915,760.9,760.9,737.0,740.75,392758
PRIMESECU,20260915,280.2,281.0,275.4,277.5,4273
PRIMO,20260915,24.59,24.59,22.06,22.31,179451
PRINCEPIPE,20260915,270.0,272.4,258.0,259.05,208774
PRIORITY,20260915,232.99,234.0,217.61,220.64,118719
PRISMX,20260915,0.58,0.63,0.54,0.55,524693
PRITI,20260915,33.0,35.0,33.0,33.52,4850
PRITIKAUTO,20260915,15.05,15.05,14.35,14.47,123901
PRIVISCL,20260915,3561.4,3599.3,3425.5,3452.2,98065
PROSTARM,20260915,132.8,133.57,125.11,126.04,284943
PROTEAN,20260915,492.4,501.9,485.2,488.85,234669
PROZONER,20260915,52.12,53.49,51.12,52.72,311137
PRSMJOHNSN,20260915,112.8,113.69,111.56,112.14,251455
PRUDENT,20260915,3397.9,3436.7,3222.2,3251.5,43255
PRUDMOULI,20260915,15.55,16.02,15.55,15.55,3073
PSB,20260915,22.78,22.78,22.31,22.38,653723
PSPPROJECT,20260915,850.0,854.85,813.0,821.3,58315
PSUBANK,20260915,81.33,83.61,81.33,81.95,95380
PSUBANKADD,20260915,84.34,84.5,82.51,82.69,58726
PSUBNKBEES,20260915,93.22,94.18,91.1,91.25,1588284
PSUBNKIETF,20260915,84.52,84.68,82.93,83.08,129060
PTC,20260915,154.0,155.55,152.05,152.41,1610691
PTCIL,20260915,23450.0,23885.0,22400.0,22560.0,34722
PTL,20260915,38.84,38.84,38.01,38.15,23165
PUNJABCHEM,20260915,1069.0,1079.9,1030.0,1041.2,9565
PURVA,20260915,213.78,214.33,203.39,205.56,188428
PVP,20260915,63.99,64.79,61.58,61.58,853205
PVRINOX,20260915,1234.9,1234.9,1206.2,1221.0,291985
PVSL,20260915,100.13,101.1,97.3,97.93,12722
PVTBANIETF,20260915,28.49,28.49,27.42,27.51,1242955
PVTBANK,20260915,27.65,27.65,27.26,27.28,7206
PVTBANKADD,20260915,27.97,28.02,27.26,27.64,409732
PVTBKGROWW,20260915,27.95,27.95,27.0,27.3,17868
PWL,20260915,137.0,137.7,130.1,130.72,7983867
PYRAMID,20260915,157.0,158.0,152.1,154.96,41198
QGOLDHALF,20260915,125.32,125.9,124.1,124.36,339170
QMSMEDI,20260915,164.0,165.87,157.98,165.82,87527
QNIFTY,20260915,260.19,260.4,255.0,255.81,7801
QPOWER,20260915,1456.0,1459.0,1355.2,1355.2,415519
QUADFUTURE,20260915,482.0,519.6,473.6,484.6,4009846
QUAL30IETF,20260915,20.7,20.76,20.3,20.37,74969
QUALITY30,20260915,20.28,20.36,19.92,19.97,57105
QUESS,20260915,346.35,359.0,340.15,342.1,783201
QUICKHEAL,20260915,160.0,172.0,155.15,158.81,2076441
QUINT,20260915,43.5,48.24,41.0,48.24,43332
QUINTEGRA,20260915,1.2,1.2,1.1,1.15,31870
RACE,20260915,99.5,101.0,94.6,96.15,2080
RACLGEAR,20260915,1841.0,1850.0,1685.2,1755.2,219097
RADAAN,20260915,2.86,2.98,2.83,2.9,13131
RADHIKAJWE,20260915,84.0,85.99,73.61,75.47,1325850
RADIANTCMS,20260915,36.17,36.62,34.95,35.89,362902
RADICO,20260915,4370.1,4431.0,4298.8,4360.0,242365
RADIOCITY,20260915,6.05,6.32,6.0,6.03,144035
RAILTEL,20260915,259.95,261.3,251.05,252.4,418439
RAIN,20260915,216.0,216.48,195.3,196.74,5273699
RAINBOW,20260915,1443.1,1460.0,1424.0,1453.7,72380
RAJESHEXPO,20260915,80.43,80.43,76.3,76.47,105441
RAJMET,20260915,3.2,3.35,3.11,3.14,372173
RAJOOENG,20260915,55.19,56.1,53.3,53.96,169325
RAJPALAYAM,20260915,775.0,775.0,751.0,759.0,1355
RAJRATAN,20260915,495.2,498.1,474.8,485.1,153932
RAJRILTD,20260915,21.45,21.45,20.87,20.97,2090
RAJSREESUG,20260915,33.21,33.67,32.4,32.82,35214
RAJTV,20260915,8.59,8.62,8.44,8.62,39790
RAJVIR,20260915,5.32,5.32,5.32,5.32,1
RALLIS,20260915,204.15,208.5,199.5,200.82,1097997
RAMANEWS,20260915,30.95,32.71,30.5,30.94,16171
RAMAPHO,20260915,122.06,123.5,118.51,118.86,28796
RAMASTEEL,20260915,3.74,4.1,3.74,3.74,6593055
RAMBHAJO,20260915,269.17,269.17,250.0,253.22,537792
RAMCOCEM,20260915,869.4,870.1,855.35,859.55,187590
RAMCOIND,20260915,322.95,325.25,312.0,318.4,83193
RAMCOSYS,20260915,598.0,600.95,564.85,567.8,46824
RAMKY,20260915,332.8,334.95,312.65,314.8,47492
RAMRAT,20260915,535.1,555.0,513.0,515.85,217043
RANASUG,20260915,14.61,14.93,14.61,14.82,451004
RANEHOLDIN,20260915,1697.7,1699.9,1641.5,1669.0,15327
RATEGAIN,20260915,879.0,897.0,868.65,878.65,262687
RATNAMANI,20260915,2833.0,2833.7,2673.0,2691.4,55253
RATNAVEER,20260915,285.9,296.3,278.3,289.6,6487828
RAYMOND,20260915,1015.6,1122.0,971.3,995.95,22726056
RAYMONDLSL,20260915,700.0,717.55,670.0,672.65,675263
RAYMONDREL,20260915,600.05,615.0,575.0,584.0,2720847
RBA,20260915,98.05,99.46,94.27,95.23,2819981
RBLBANK,20260915,412.65,414.3,402.15,403.6,1249135
RBZJEWEL,20260915,175.98,176.4,165.49,165.7,82350
RCF,20260915,112.36,112.57,108.2,108.59,1070656
RCOM,20260915,1.06,1.06,1.04,1.06,6639544
RECLTD,20260915,313.0,314.8,308.5,308.5,4665696
REDINGTON,20260915,395.7,398.85,375.0,378.95,4338609
REDTAPE,20260915,115.07,132.75,114.11,120.87,33802011
REFEX,20260915,273.3,274.15,265.0,265.85,184866
REGAAL,20260915,84.0,84.86,79.02,79.72,301749
REGENCERAM,20260915,34.78,36.0,33.46,34.0,3945
RELAXO,20260915,324.95,327.5,315.0,317.15,109701
RELCHEMQ,20260915,114.0,129.5,113.0,120.7,138336
RELIABLE,20260915,139.1,139.1,133.5,134.92,3657
RELIANCE,20260915,1252.5,1259.4,1235.3,1235.3,13754376
RELIGARE,20260915,256.81,256.81,245.14,247.55,584107
RELINFRA,20260915,52.6,54.0,52.59,52.59,63092
RELTD,20260915,156.78,157.5,147.55,148.9,106567
REMSONSIND,20260915,96.4,98.9,91.11,92.13,146432
RENUKA,20260915,25.0,25.05,23.05,23.49,11649203
REPCOHOME,20260915,359.6,361.7,345.0,348.75,159662
REPL,20260915,61.99,61.99,57.95,59.51,9716
REPRO,20260915,312.9,314.6,285.2,296.4,9288
RESPONIND,20260915,172.3,172.96,160.0,160.82,957892
RETAIL,20260915,17.14,17.87,16.25,17.76,629
RGL,20260915,157.3,163.45,151.2,151.77,1223848
RHETAN,20260915,22.81,22.81,22.81,22.81,246294
RHFL,20260915,1.9,1.9,1.83,1.85,433412
RHIM,20260915,375.65,375.65,360.8,361.6,156169
RHL,20260915,168.7,179.8,168.69,175.23,17789
RICOAUTO,20260915,133.97,135.7,128.21,128.58,643528
RIIL,20260915,715.0,719.7,694.7,697.25,36914
RIR,20260915,180.0,181.0,170.27,171.5,512746
RISHABH,20260915,829.55,830.0,772.7,779.5,224609
RITCO,20260915,300.0,309.45,289.4,291.35,60571
RITES,20260915,209.6,211.19,205.55,206.53,262779
RKDL,20260915,18.1,18.69,17.62,18.0,5592
RKEC,20260915,20.45,20.45,19.2,19.43,22880
RKFORGE,20260915,715.0,715.2,684.6,688.2,685117
RKSWAMY,20260915,94.8,94.8,86.83,89.46,44355
RMC,20260915,211.68,215.0,199.0,201.09,55581
RMDRIP,20260915,24.0,24.02,23.5,23.5,385005
RML,20260915,1362.1,1371.6,1300.0,1306.5,36201
RNBDENIMS,20260915,9.55,9.77,9.0,9.04,189739
ROHLTD,20260915,304.8,313.95,294.0,298.5,20115
ROLEXRINGS,20260915,173.64,176.0,164.92,166.47,1102758
ROLLT,20260915,4.8,4.98,4.61,4.95,972824
ROML,20260915,43.22,43.5,42.72,43.0,144
ROSSARI,20260915,443.95,448.6,433.3,435.4,59590
ROSSELLIND,20260915,55.95,57.89,55.0,56.65,68654
ROSSTECH,20260915,1234.9,1308.2,1211.8,1265.4,1062808
ROTO,20260915,63.8,64.68,62.57,63.01,289946
ROUTE,20260915,496.45,505.9,480.0,481.9,216143
RPEL,20260915,1860.0,1875.0,1605.0,1622.4,225914
RPGLIFE,20260915,2709.0,2918.2,2685.0,2718.8,60664
RPOWER,20260915,21.6,21.74,20.9,21.03,17702828
RPPINFRA,20260915,60.79,60.83,54.32,54.72,87771
RPPL,20260915,20.74,20.74,19.8,20.0,77276
RPSGVENT,20260915,831.8,869.9,826.05,829.35,38746
RPTECH,20260915,815.0,815.0,788.3,797.35,377031
RRECL,20260915,134.46,134.46,121.2,123.7,160
RRIL,20260915,16.64,16.64,15.81,15.94,14455
RRKABEL,20260915,2424.8,2427.9,2370.1,2381.3,208267
RSDFIN,20260915,98.4,98.4,90.47,93.1,86
RSL,20260915,191.62,193.09,180.0,181.63,670942
RSSOFTWARE,20260915,29.5,29.97,29.01,29.6,32806
RSWM,20260915,222.0,222.0,208.05,209.41,38344
RSYSTEMS,20260915,240.34,252.74,240.0,240.47,217291
RTNINDIA,20260915,27.83,28.28,26.0,27.01,2120638
RTNPOWER,20260915,7.22,7.3,6.95,6.99,27592104
RTSPOWR,20260915,88.0,88.0,85.0,86.1,668
RUBFILA,20260915,67.4,68.34,62.8,63.56,103797
RUBICON,20260915,1852.9,1880.5,1805.1,1815.6,200388
RUBYMILLS,20260915,468.0,468.0,420.6,432.4,13641
RUCHINFRA,20260915,5.72,5.72,5.4,5.41,80698
RUCHIRA,20260915,109.0,111.73,104.57,105.44,37224
RUDRA,20260915,20.15,20.79,19.83,20.16,28636
RUPA,20260915,137.48,137.8,133.0,133.49,98326
RUSHIL,20260915,16.18,16.23,15.41,15.59,229040
RUSTOMJEE,20260915,345.0,348.55,334.55,339.45,76157
RVHL,20260915,40.43,40.43,38.37,39.16,6411
RVNL,20260915,205.0,207.0,198.29,199.0,3967219
RVTH,20260915,740.95,740.95,613.5,680.5,4976
S&SPOWER,20260915,332.85,344.0,332.85,332.85,2992
SAATVIKGL,20260915,392.0,399.0,384.7,389.55,105059
SAB,20260915,175.05,175.05,175.05,175.05,5
SADBHAV,20260915,7.99,8.1,7.62,7.67,224092
SADBHIN,20260915,2.56,2.56,2.46,2.47,60864
SADHNANIQ,20260915,2.84,2.84,2.8,2.8,888546
SAFARI,20260915,1550.0,1550.0,1490.0,1532.1,74589
SAGARDEEP,20260915,23.79,23.79,23.52,23.65,4366
SAGCEM,20260915,148.3,149.38,146.25,146.8,35191
SAGILITY,20260915,45.85,46.62,45.21,45.6,23912914
SAHLIBHFI,20260915,81.67,82.75,77.01,77.91,41398
SAHYADRI,20260915,394.8,408.95,358.0,363.15,27611
SAICAPI,20260915,155.0,155.0,148.0,154.5,134
SAIL,20260915,179.53,180.0,172.92,173.0,10217048
SAILIFE,20260915,1587.9,1601.0,1535.8,1541.5,433185
SAIPARENT,20260915,520.3,520.85,503.0,506.35,74691
SAKAR,20260915,1178.0,1179.0,1117.1,1137.55,119031
SAKHTISUG,20260915,19.9,20.22,18.9,18.95,135785
SAKSOFT,20260915,146.5,150.98,141.0,142.25,505365
SAKUMA,20260915,1.6,1.6,1.55,1.56,742269
SALASAR,20260915,5.07,5.09,4.71,4.81,11156788
SALONA,20260915,255.05,265.0,255.0,257.15,65
SALSTEEL,20260915,75.55,75.55,71.07,71.07,351889
SALZERELEC,20260915,551.6,551.6,530.0,531.45,34986
SAMBANDAM,20260915,111.65,111.65,111.65,111.65,1
SAMBHAAV,20260915,6.0,6.0,5.66,5.67,16941
SAMBHV,20260915,131.6,132.0,128.32,128.96,1638704
SAMHI,20260915,157.0,158.99,152.25,152.73,468454
SAMMAANCAP,20260915,148.0,148.3,141.21,141.96,5171011
SAMPANN,20260915,24.41,25.24,23.56,23.91,27614
SANATHAN,20260915,474.5,480.2,453.0,461.4,58337
SANDESH,20260915,1015.0,1042.0,1010.0,1018.8,502
SANDHAR,20260915,618.1,628.0,607.3,610.35,119259
SANDUMA,20260915,191.01,191.99,181.2,181.98,1127169
SANGAMIND,20260915,570.55,573.4,552.35,565.65,34764
SANGHVIMOV,20260915,427.85,438.15,400.0,401.5,514577
SANGINITA,20260915,66.98,66.98,66.98,66.98,23718
SANOFI,20260915,3079.2,3159.8,3074.1,3131.0,23468
SANOFICONR,20260915,4023.4,4112.0,3978.0,4055.3,7742
SANSERA,20260915,4155.0,4183.6,3820.0,3871.7,276179
SANSTAR,20260915,109.59,111.6,109.59,110.76,130368
SANWARIA,20260915,0.19,0.2,0.18,0.19,411773
SAPPHIRE,20260915,225.95,228.79,221.51,222.37,399696
SAPPL,20260915,292.0,293.0,277.95,287.6,1738
SARDAEN,20260915,523.0,525.0,499.5,501.35,380876
SAREGAMA,20260915,505.1,505.1,481.15,485.5,194289
SARLAPOLY,20260915,100.7,102.78,96.11,96.7,102414
SARVESHWAR,20260915,4.04,4.04,3.78,3.85,1905933
SASKEN,20260915,1749.9,1801.6,1714.0,1722.2,55350
SATIA,20260915,67.01,68.67,66.22,66.51,106260
SATIN,20260915,217.15,217.63,212.0,214.88,158812
SAURASHCEM,20260915,54.9,55.99,52.7,53.03,107268
SAYAJIHOTL,20260915,325.1,338.0,320.7,322.7,605
SAYAJIIND,20260915,113.0,117.99,113.0,113.51,312
SBC,20260915,48.15,48.55,47.35,47.73,9919587
SBCL,20260915,1087.0,1120.0,1000.0,1020.2,482862
SBFC,20260915,98.0,98.75,94.01,94.43,630989
SBGLP,20260915,21.56,22.63,21.05,21.33,56281
SBIBPB,20260915,48.58,49.13,47.5,47.72,56517
SBICARD,20260915,652.1,655.75,617.1,618.6,1751822
SBIETFCON,20260915,119.98,119.98,116.81,116.86,3428
SBIETFIT,20260915,324.7,339.7,324.7,328.26,32283
SBIETFPB,20260915,285.89,285.9,277.28,277.5,3089
SBIETFQLTY,20260915,215.01,218.28,213.31,214.04,17934
SBIFUNDS,20260915,545.8,549.0,533.1,536.5,1079997
SBILIFE,20260915,1672.1,1683.1,1652.9,1654.1,1139205
SBILIQETF,20260915,1055.93,1055.95,1055.93,1055.95,5977
SBIMIDMOM,20260915,64.17,64.17,61.68,61.85,53326
SBIN,20260915,994.0,999.8,968.0,968.0,10004115
SBINEQWETF,20260915,33.36,33.36,32.15,32.24,36302
SBINMID150,20260915,23.4,23.4,22.32,22.35,36224
SBISILVER,20260915,221.92,221.92,219.15,220.12,1062753
SBISMLETF,20260915,18.37,18.53,17.84,17.98,76273
SBIVALETF,20260915,14.57,14.57,14.25,14.28,12957
SCANSTL,20260915,56.06,56.99,54.9,55.18,24619
SCHAEFFLER,20260915,3950.5,3961.6,3895.0,3916.4,50304
SCHAND,20260915,136.05,137.72,133.19,133.74,17433
SCHNEIDER,20260915,1227.0,1228.9,1185.0,1193.1,233496
SCI,20260915,281.0,281.85,268.0,269.05,1967345
SCILAL,20260915,38.85,38.85,37.15,37.34,182150
SCODATUBES,20260915,130.0,132.9,125.5,126.23,123440
SCPL,20260915,646.0,654.0,630.05,636.05,3939
SDBL,20260915,70.0,71.96,67.75,68.13,535458
SEAMECLTD,20260915,1814.9,1814.9,1721.0,1736.9,83528
SECMARK,20260915,149.4,149.4,133.41,142.98,802
SECURKLOUD,20260915,16.18,16.99,16.18,16.78,31638
SEDEMAC,20260915,2944.0,2995.0,2911.0,2950.7,95665
SEIL,20260915,193.5,195.0,188.3,190.09,382765
SEJALLTD,20260915,663.2,663.2,616.5,618.35,6101
SEKURITIND,20260915,110.35,112.16,105.05,106.86,52685
SELECTIPO,20260915,48.72,48.72,47.31,47.34,61098
SELMC,20260915,28.0,28.0,27.79,27.79,6239
SEMAC,20260915,269.5,272.4,264.0,269.0,702
SENCO,20260915,348.95,351.0,335.15,336.4,504318
SENORES,20260915,1470.0,1475.6,1400.0,1416.1,162042
SENSEXADD,20260915,77.59,77.59,76.62,76.77,5048
SENSEXAXIS,20260915,78.38,78.38,77.0,77.2,2720
SENSEXBETA,20260915,822.02,844.0,822.02,824.0,240273
SENSEXETF,20260915,77.77,77.77,76.34,76.63,24562
SENSEXIETF,20260915,867.94,867.94,849.18,853.91,16466
SEPC,20260915,5.3,5.32,5.08,5.12,8695082
SERVOTECH,20260915,76.91,76.91,72.31,72.86,844722
SESHAPAPER,20260915,251.0,251.48,241.6,242.8,43579
SETCO,20260915,17.5,17.57,17.15,17.23,46116
SETF10GILT,20260915,262.75,264.4,261.0,263.75,5042
SETFGOLD,20260915,129.0,129.0,127.25,127.57,8275144
SETFNIF50,20260915,255.34,255.34,249.79,250.09,863309
SETFNIFBK,20260915,596.32,596.32,573.65,575.11,166307
SETFNN50,20260915,791.92,791.92,756.0,756.99,51047
SETL,20260915,444.75,444.75,444.75,444.75,194608
SETUINFRA,20260915,0.67,0.69,0.63,0.63,141940
SEYAIND,20260915,12.68,12.93,12.51,12.57,16307
SFL,20260915,691.55,695.9,662.9,668.25,159797
SGFIN,20260915,665.0,666.0,625.0,629.75,272203
SGIL,20260915,592.2,608.0,586.0,590.9,16573
SGL,20260915,9.82,10.01,9.75,9.82,6382
SGLRES,20260915,2.55,2.55,2.32,2.35,31022
SGMART,20260915,750.75,753.05,716.15,722.1,198309
SGRL,20260915,670.0,699.2,646.6,657.6,15689
SHADOWFAX,20260915,253.4,254.9,239.0,241.15,3355837
SHAH,20260915,3.5,3.5,3.19,3.35,1406837
SHAHALLOYS,20260915,90.3,94.25,87.99,91.05,43776
SHAILY,20260915,3300.7,3326.5,3152.0,3181.8,108535
SHAKTIPUMP,20260915,492.9,493.75,473.15,474.2,609362
SHALBY,20260915,144.78,149.0,136.35,137.21,364825
SHALPAINTS,20260915,85.73,89.0,81.45,81.79,88280
SHANKARA,20260915,148.4,150.39,147.11,149.83,415745
SHANKESH,20260915,103.49,104.19,92.22,94.35,5763565
SHANTI,20260915,6.47,6.47,6.04,6.1,27186
SHANTIGEAR,20260915,714.95,728.5,679.25,679.25,102653
SHANTIGOLD,20260915,260.65,262.04,246.36,247.89,888493
SHARDACROP,20260915,770.2,771.0,748.6,753.4,179500
SHARDAMOTR,20260915,968.0,974.4,928.0,933.15,147923
SHARDUL,20260915,56.0,56.0,53.25,54.17,27354
SHAREINDIA,20260915,204.28,207.36,193.06,197.2,4211096
SHARIABEES,20260915,437.5,446.25,437.5,442.09,13753
SHBAJRG,20260915,156.99,156.99,153.0,153.96,1495
SHEKHAWATI,20260915,19.29,20.33,19.0,20.29,203612
SHEMAROO,20260915,121.05,121.25,114.55,114.78,11458
SHERVANI,20260915,350.55,374.0,342.0,349.5,382
SHILCTECH,20260915,4208.9,4279.0,4062.2,4078.3,15004
SHILGRAVQ,20260915,164.0,168.9,158.0,159.62,3504
SHILPAMED,20260915,968.0,968.75,902.25,911.9,756740
SHINDL,20260915,164.69,164.69,158.77,161.48,154154
SHIPROCKET,20260915,134.39,134.39,125.85,127.82,2797182
SHIVAAGRO,20260915,40.0,40.0,37.6,37.9,1547
SHIVACEM,20260915,16.29,16.29,15.6,15.89,43700
SHIVALIK,20260915,362.5,373.15,350.0,353.9,97952
SHIVAMAUTO,20260915,17.1,18.0,16.45,16.54,41093
SHIVAMILLS,20260915,63.0,63.0,59.5,61.12,1396
SHIVATEX,20260915,180.03,184.72,176.06,180.5,3009
SHIVAUM,20260915,484.35,484.9,463.5,470.0,815
SHK,20260915,141.2,141.88,135.0,135.89,298458
SHOPERSTOP,20260915,378.2,442.0,372.55,398.5,2756422
SHRADDHA,20260915,151.0,154.53,148.1,151.89,7567
SHRADHA,20260915,30.84,30.84,29.8,29.97,1488
SHREDIGCEM,20260915,69.5,70.0,65.46,65.87,130681
SHREECEM,20260915,22620.0,22660.0,21905.0,21905.0,12171
SHREEJISPG,20260915,691.75,711.65,655.85,684.0,3269593
SHREEPUSHK,20260915,487.5,524.0,470.0,501.45,310949
SHREERAMA,20260915,46.31,47.08,43.61,44.23,84445
SHRENIK,20260915,0.29,0.3,0.29,0.29,244863
SHREYANIND,20260915,134.12,134.12,125.12,126.17,4777
SHRIKRISH,20260915,36.0,36.1,34.01,34.22,917
SHRINGARMS,20260915,218.0,218.01,209.55,211.05,157933
SHRIPISTON,20260915,4358.5,4407.8,4246.4,4275.4,76632
SHRIRAMFIN,20260915,1044.9,1044.9,979.8,979.8,5927612
SHRIRAMPPS,20260915,72.22,72.6,70.2,70.41,287955
SHRJAGP,20260915,673.95,673.95,617.0,641.45,451
SHUKRAPHAR,20260915,54.06,56.2,54.06,55.27,2366428
SHYAMCENT,20260915,4.96,5.09,4.87,4.9,30597
SHYAMMETL,20260915,1082.3,1082.7,1045.1,1050.5,231835
SHYAMTEL,20260915,11.86,11.86,10.55,11.2,1365
SICAGEN,20260915,54.0,55.95,53.01,53.98,13896
SICALLOG,20260915,98.9,101.94,94.25,94.42,12466
SIEL,20260915,30.5,31.5,28.51,31.5,510
SIEMENS,20260915,3957.4,3964.0,3770.0,3770.0,347469
SIGACHI,20260915,37.8,37.8,30.35,31.51,20492367
SIGIND,20260915,71.0,71.97,68.01,68.99,11166
SIGMA,20260915,43.35,46.79,43.35,44.9,139128
SIGMAADV,20260915,840.0,867.0,790.85,794.65,318415
SIGNATURE,20260915,764.9,777.85,748.55,751.15,179141
SIGNPOST,20260915,278.5,278.5,261.9,264.65,57010
SIKA,20260915,1099.9,1106.95,1026.1,1040.05,46605
SIKKO,20260915,5.97,5.99,5.6,5.64,506757
SIL,20260915,17.76,18.36,17.51,17.6,31415
SILGO,20260915,70.53,71.36,68.41,69.08,259419
SILINV,20260915,471.55,478.0,440.5,444.95,1485
SILVER,20260915,226.42,226.42,223.34,224.06,926183
SILVER001,20260915,23.05,23.17,22.61,23.0,6706
SILVER1,20260915,22.0,22.02,21.69,21.78,10647931
SILVER360,20260915,223.98,223.98,221.06,222.74,15321
SILVERADD,20260915,21.8,21.85,21.55,21.61,5796850
SILVERAG,20260915,220.5,220.5,217.67,218.62,216997
SILVERAXIS,20260915,226.45,226.45,222.42,223.1,657007
SILVERBEES,20260915,216.45,216.54,213.83,214.67,16405242
SILVERBETA,20260915,218.97,218.97,215.88,216.69,529462
SILVERBND,20260915,227.0,227.19,224.14,224.95,13863
SILVERCASE,20260915,22.95,22.96,22.68,22.74,5588161
SILVERIETF,20260915,226.5,226.5,223.33,223.94,3710345
SILVERTUC,20260915,155.98,157.9,146.12,149.66,420284
SIMBHALS,20260915,7.07,7.07,6.93,6.93,3399
SIMPLEXINF,20260915,255.35,256.0,238.9,242.85,110563
SIMPLXREA,20260915,143.0,143.0,130.15,132.27,169
SINCLAIR,20260915,80.0,81.0,78.1,78.41,46998
SINDHUTRAD,20260915,24.02,24.02,23.23,23.53,385853
SINGERIND,20260915,75.7,78.19,74.01,74.98,66642
SINTERCOM,20260915,80.0,80.0,75.0,75.05,1098
SIRCA,20260915,429.9,434.0,414.0,418.15,200970
SIS,20260915,418.45,425.65,412.25,414.9,450780
SITINET,20260915,0.27,0.28,0.27,0.27,433513
SIYSIL,20260915,535.65,539.6,516.4,520.95,26520
SJS,20260915,2357.1,2369.7,2290.2,2311.7,151469
SJVN,20260915,66.17,66.77,64.38,64.58,1708205
SKFINDIA,20260915,1518.6,1528.5,1502.1,1508.5,23487
SKFINDUS,20260915,2886.0,2910.0,2812.1,2833.8,56181
SKIL,20260915,0.89,0.91,0.87,0.9,109842
SKIPPER,20260915,557.5,557.8,531.0,534.15,1092523
SKMEGGPROD,20260915,241.35,242.95,231.0,231.9,116381
SKYGOLD,20260915,835.0,851.95,785.0,789.4,773753
SKYWAYS,20260915,117.0,117.5,110.31,111.29,1875473
SMALL250,20260915,18.86,18.86,17.93,17.98,505834
SMALLADD,20260915,18.48,18.5,18.02,18.11,90981
SMALLCAP,20260915,49.49,49.49,46.87,47.76,7245494
SMALLGROWW,20260915,49.95,50.08,47.67,47.85,12495
SMALLIETF,20260915,18.4,18.4,17.9,17.98,63411
SMARTLINK,20260915,233.3,241.81,230.3,233.41,25790
SMARTWORKS,20260915,539.0,540.35,517.5,518.7,39490
SMCGLOBAL,20260915,86.47,87.29,81.16,81.94,1251208
SML100CASE,20260915,11.57,11.7,11.0,11.05,2166984
SMLMAH,20260915,6640.0,6654.0,6254.0,6254.0,45556
SMLT,20260915,63.8,65.9,61.54,62.18,2686
SMSPHARMA,20260915,477.95,482.0,397.5,410.15,4315277
SNOWMAN,20260915,35.95,36.11,34.55,35.03,188142
SNXT30BEES,20260915,42.41,42.41,41.27,41.38,59482
SNXT50BETA,20260915,94.41,95.48,92.1,93.0,1657
SOBHA,20260915,1226.6,1240.9,1181.2,1192.7,110757
SOFTTECH,20260915,456.1,474.95,452.35,474.95,13382
SOLARA,20260915,761.45,774.0,711.1,715.8,696761
SOLARINDS,20260915,22320.0,22700.0,19065.0,19250.0,1304570
SOLARWORLD,20260915,142.0,143.45,130.15,131.42,463874
SOLEX,20260915,698.75,700.45,661.0,668.9,61445
SOMANYCERA,20260915,568.0,568.0,544.0,550.8,76905
SOMATEX,20260915,84.05,84.52,81.0,81.62,4172
SOMICONVEY,20260915,92.9,94.45,90.61,91.01,11112
SONACOMS,20260915,788.0,793.9,777.45,790.0,1635076
SONAL,20260915,90.5,90.5,90.5,90.5,98
SONAMLTD,20260915,74.0,75.0,72.15,72.55,37695
SONATSOFTW,20260915,274.75,291.95,272.45,281.3,6788610
SOTL,20260915,715.8,723.0,684.0,688.3,243431
SOUTHBANK,20260915,46.38,47.89,44.88,45.0,12742655
SOUTHWEST,20260915,213.35,213.35,200.05,201.59,304793
SPAL,20260915,1023.0,1027.9,965.3,973.8,53942
SPANDANA,20260915,235.37,235.51,226.15,226.96,188234
SPARC,20260915,197.26,198.09,186.99,188.0,627126
SPCENET,20260915,3.38,3.43,3.2,3.27,1132328
SPECIALITY,20260915,138.2,140.99,136.9,137.63,9049
SPECTRUM,20260915,3058.0,3173.6,2951.1,3173.6,29046
SPELS,20260915,138.37,138.37,138.37,138.37,17259
SPENCERS,20260915,28.5,28.99,27.5,27.94,30766
SPIC,20260915,69.0,69.17,67.0,67.38,418875
SPLIL,20260915,30.79,30.79,28.55,28.84,13439
SPLPETRO,20260915,828.0,828.0,781.35,789.35,170064
SPMLINFRA,20260915,171.05,171.89,167.0,168.47,163272
SPORTKING,20260915,215.0,215.0,199.0,201.01,471319
SRD,20260915,38.99,40.0,38.5,39.3,53352
SREEL,20260915,323.0,323.0,316.61,316.61,15954
SRF,20260915,2482.4,2490.7,2450.0,2455.2,149986
SRGHFL,20260915,140.4,140.4,140.4,140.4,66874
SRHHYPOLTD,20260915,523.5,535.0,488.0,497.4,59413
SRIKPRIND,20260915,29.5,29.5,29.22,29.22,3687
SRM,20260915,444.6,444.6,417.0,419.9,63636
SRTL,20260915,37.67,38.25,37.32,37.55,23754
SSDL,20260915,62.6,64.5,59.73,60.22,41431
SSWL,20260915,370.0,370.0,336.0,339.0,1724329
STALLION,20260915,218.5,223.95,213.84,213.84,255501
STANLEY,20260915,136.71,138.0,134.85,135.02,114098
STAR,20260915,1183.0,1203.0,1127.0,1150.6,421480
STARCEMENT,20260915,195.14,195.91,184.0,184.93,272570
STARHEALTH,20260915,562.7,565.0,537.0,540.8,873422
STARPAPER,20260915,172.0,172.0,159.01,160.27,14400
STARTECK,20260915,240.95,240.95,230.0,238.9,127
STCINDIA,20260915,112.61,114.43,111.0,111.26,11964
STEELCAS,20260915,325.35,330.0,311.0,312.75,49977
STEELCITY,20260915,89.55,90.88,85.36,86.12,17883
STEELXIND,20260915,12.19,12.25,11.3,11.44,5762202
STEL,20260915,611.1,611.1,581.5,597.9,3096
STERTOOLS,20260915,215.99,222.0,210.52,212.64,10880
STLNETWORK,20260915,38.43,38.43,35.37,37.2,14945148
STLSTRINF,20260915,25.44,25.44,24.2,25.44,40095
STLTECH,20260915,877.1,912.0,852.55,852.55,3615694
STOVEKRAFT,20260915,819.5,828.95,800.75,804.7,105247
STUDDS,20260915,420.0,422.05,410.0,410.7,20247
STYL,20260915,387.4,391.95,357.25,360.2,155799
STYLAMIND,20260915,3341.0,3359.7,3252.1,3281.2,31650
STYLEBAAZA,20260915,388.05,395.45,374.4,376.05,431277
STYRENIX,20260915,2114.4,2130.1,2018.3,2034.2,22209
SUBEXLTD,20260915,21.3,21.85,20.05,20.44,25531437
SUBROS,20260915,702.75,705.0,679.4,682.55,29668
SUDARCOLOR,20260915,376.0,388.7,374.0,375.1,5728
SUDARSCHEM,20260915,1259.0,1259.0,1175.4,1183.2,176492
SUDEEPPHRM,20260915,1238.0,1238.0,1142.7,1142.7,124977
SUKHJITS,20260915,162.0,165.67,160.95,161.72,29472
SULA,20260915,138.0,138.89,134.0,134.14,354017
SUMEDHA,20260915,43.49,45.5,41.55,43.09,12042
SUMEETINDS,20260915,10.8,10.82,10.24,10.24,1550724
SUMICHEM,20260915,478.2,479.55,450.25,451.95,263903
SUMIT,20260915,50.0,52.0,49.81,50.61,25085
SUMMITSEC,20260915,1423.3,1426.5,1390.0,1393.6,4644
SUNCLAY,20260915,1318.9,1318.9,1239.0,1250.2,6584
SUNDARAM,20260915,1.2,1.21,1.17,1.18,192563
SUNDARMFIN,20260915,4718.9,4864.8,4668.5,4695.0,64086
SUNDRMBRAK,20260915,720.75,720.75,681.0,690.1,1776
SUNDRMFAST,20260915,1277.3,1280.2,1232.5,1237.3,130043
SUNDROP,20260915,662.05,666.05,653.0,653.4,5387
SUNFLAG,20260915,337.2,339.5,328.5,331.55,103768
SUNLOC,20260915,75.0,77.99,74.74,76.49,506
SUNPHARMA,20260915,1854.6,1856.8,1828.0,1835.0,1437151
SUNRAKSHAK,20260915,375.0,378.9,350.1,362.45,8173
SUNSHIEL,20260915,1219.0,1275.4,1201.0,1209.3,4496
SUNSHINE,20260915,385.0,394.6,326.25,333.95,7326036
SUNTECK,20260915,289.0,289.95,275.0,276.2,243697
SUNTV,20260915,476.0,476.0,461.15,464.25,323101
SUPERHOUSE,20260915,171.49,177.9,169.0,169.83,4382
SUPERSPIN,20260915,7.5,7.5,7.15,7.16,23947
SUPRAJIT,20260915,490.45,495.0,475.2,480.05,113378
SUPREME,20260915,37.9,37.9,32.51,32.98,111772
SUPREMEENG,20260915,3.39,3.39,3.38,3.39,1404389
SUPREMEIND,20260915,3369.0,3413.9,3300.0,3300.0,157956
SUPREMEINF,20260915,85.04,86.0,81.25,81.4,33793
SUPRIYA,20260915,904.5,912.75,866.25,874.95,166220
SUPTANERY,20260915,9.72,9.72,9.72,9.72,24845
SURAJEST,20260915,175.42,179.59,168.85,169.85,123897
SURAJLTD,20260915,196.17,199.79,194.97,195.75,1313
SURAKSHA,20260915,323.75,328.85,317.7,323.05,70378
SURANASOL,20260915,25.7,26.0,24.8,25.02,24580
SURANAT&P,20260915,16.28,16.4,15.8,15.81,39617
SURYALA,20260915,399.2,416.0,395.25,401.0,41
SURYALAXMI,20260915,59.0,59.0,53.45,55.46,4782
SURYAROSNI,20260915,214.4,216.76,208.15,209.8,375749
SURYODAY,20260915,148.05,150.36,143.43,144.81,322480
SUTLEJTEX,20260915,39.31,39.5,38.0,38.28,68463
SUVEN,20260915,356.35,363.95,327.1,333.45,870622
SUVIDHAA,20260915,2.27,2.36,2.2,2.28,87341
SUYOG,20260915,652.95,664.75,639.0,643.6,25996
SUZLON,20260915,44.53,44.97,42.58,42.9,40276349
SVGLOBAL,20260915,135.0,143.6,127.2,131.84,2536
SVLL,20260915,816.0,829.4,790.0,790.4,1173
SVPGLOB,20260915,3.6,3.61,3.35,3.39,37542
SWANCORP,20260915,296.0,307.3,288.0,292.6,2810162
SWANDEF,20260915,2733.0,2733.0,2599.0,2650.5,21102
SWARAJ,20260915,318.4,318.4,318.4,318.4,3185
SWARAJENG,20260915,3579.0,3599.0,3549.0,3569.2,7502
SWARNSAR,20260915,39.05,40.87,38.3,38.74,17383
SWELECTES,20260915,569.9,572.0,547.0,551.4,14842
SWIGGY,20260915,278.2,282.0,275.0,275.0,13233851
SWISSMLTRY,20260915,14.99,15.34,14.52,14.73,51438
SWSOLAR,20260915,184.7,187.58,173.01,174.3,1684846
SYMBIOTEC,20260915,1133.5,1174.9,1070.05,1080.1,1313080
SYMPHONY,20260915,590.05,596.4,571.0,573.7,81544
SYNCOMF,20260915,19.69,19.85,18.44,18.53,5369736
SYNGENE,20260915,382.95,383.8,377.25,378.85,337576
SYRMA,20260915,1613.7,1614.0,1500.3,1507.7,1180574
SYSTMTXC,20260915,72.53,72.53,70.99,70.99,14593
TAALTECH,20260915,5550.0,5550.0,4957.2,5012.4,20898
TAINWALCHM,20260915,214.0,214.0,205.0,205.0,6228
TAJGVK,20260915,334.55,335.4,325.1,325.85,58026
TAKE,20260915,18.49,18.49,18.49,18.49,44031
TALBROAUTO,20260915,425.0,443.45,418.0,421.3,454628
TAMBOLIIN,20260915,303.0,318.85,291.55,291.55,5792
TANAA,20260915,271.0,278.0,263.0,263.6,15969
TANLA,20260915,508.05,516.0,488.0,490.55,453227
TARACHAND,20260915,48.0,48.0,46.5,47.11,59887
TARAPUR,20260915,12.97,13.31,12.14,12.26,30649
TARC,20260915,132.0,132.4,126.1,126.61,473899
TARIL,20260915,289.85,290.65,276.6,277.95,1167264
TARMAT,20260915,59.61,61.68,58.07,58.29,25511
TARSONS,20260915,311.75,312.45,301.0,303.15,98302
TASTYBITE,20260915,10275.0,10386.0,9900.0,9927.0,3830
TATACAP,20260915,365.0,365.0,350.95,353.35,1237142
TATACHEM,20260915,734.9,734.9,734.9,734.9,1823658
TATACOMM,20260915,1767.9,1819.8,1742.4,1748.2,285951
TATACONSUM,20260915,990.1,1009.3,986.0,986.1,1567952
TATAELXSI,20260915,3450.0,3532.1,3418.1,3440.0,424602
TATAGOLD,20260915,14.67,14.67,14.52,14.52,40637526
TATAINVEST,20260915,700.15,750.5,700.15,718.35,24516580
TATAPOWER,20260915,375.0,377.65,362.95,363.0,3710579
TATASTEEL,20260915,186.1,186.49,182.38,183.65,31857708
TATATECH,20260915,772.7,789.95,752.25,759.3,1235230
TATSILV,20260915,21.94,21.99,21.72,21.78,30441996
TATVA,20260915,1604.0,1618.0,1540.0,1547.3,42445
TBOTEK,20260915,1680.8,1680.8,1646.2,1656.1,81145
TBZ,20260915,552.6,552.6,511.4,524.45,1933695
TCC,20260915,56.0,57.3,52.36,54.63,3680305
TCI,20260915,858.85,867.4,833.6,845.4,17354
TCIEXP,20260915,519.0,519.5,490.35,494.3,25494
TCIFINANCE,20260915,15.94,15.94,14.2,15.02,20473
TCPLPACK,20260915,3879.3,3879.3,3657.5,3692.1,5613
TCS,20260915,2275.5,2323.0,2251.0,2251.0,5406210
TDPOWERSYS,20260915,814.15,817.55,720.1,725.5,5769493
TEAMGTY,20260915,243.9,243.9,235.0,235.08,467
TEAMLEASE,20260915,1230.1,1241.3,1213.1,1229.6,14425
TECH,20260915,32.01,33.3,31.93,32.38,173875
TECHM,20260915,1588.0,1633.2,1575.9,1575.9,2577135
TECHNOCRAF,20260915,440.25,446.05,414.9,424.35,1500330
TECHNOE,20260915,972.25,982.95,943.55,950.6,129290
TECHNVISN,20260915,4700.0,4874.0,4549.0,4591.5,744
TECILCHEM,20260915,9.6,9.6,9.05,9.27,13722
TEGA,20260915,1748.0,1748.0,1659.2,1671.1,138967
TEJASNET,20260915,554.0,558.3,516.75,521.25,2713607
TEMBO,20260915,56.6,56.98,55.1,55.52,967188
TEMPSENS,20260915,589.0,592.0,517.25,523.65,2634136
TENNIND,20260915,521.0,532.8,510.25,512.9,1307869
TERAI,20260915,125.63,125.63,120.69,125.63,57
TERASOFT,20260915,248.8,253.0,231.4,238.35,24003
TEXINFRA,20260915,115.52,116.07,113.47,114.07,226217
TEXMOPIPES,20260915,61.2,64.5,60.0,60.56,669660
TEXRAIL,20260915,118.0,119.01,110.27,110.71,2149805
TFCILTD,20260915,141.75,142.44,137.32,138.18,9687578
TFL,20260915,11.8,12.5,11.71,11.9,7273
TGBHOTELS,20260915,9.51,9.87,9.31,9.7,7842
TGVSL,20260915,105.99,107.0,103.01,103.91,127830
THACKER,20260915,1030.0,1030.0,1000.0,1000.0,38
THAKDEV,20260915,128.15,128.15,128.15,128.15,10
THANGAMAYL,20260915,5142.0,5148.5,4870.0,4912.0,100172
THEINVEST,20260915,96.51,99.0,95.44,96.18,4818
THEJO,20260915,2192.6,2250.0,2160.6,2175.2,14877
THELEELA,20260915,538.0,541.45,519.15,522.45,189584
THEMISMED,20260915,129.85,129.85,120.1,121.57,127347
THERMAX,20260915,3715.0,3718.0,3508.0,3559.4,211945
THOMASCOOK,20260915,108.6,109.6,102.83,103.37,989497
THOMASCOTT,20260915,236.6,246.15,229.75,237.9,60938
THYROCARE,20260915,552.7,556.9,542.05,544.45,194375
TI,20260915,524.05,526.4,503.1,510.75,786869
TICL,20260915,7.05,7.1,6.7,6.75,162994
TIGERLOGS,20260915,27.23,27.62,26.52,27.4,100468
TIIL,20260915,3250.2,3255.9,3109.0,3128.6,24762
TIINDIA,20260915,2606.1,2613.2,2521.5,2525.0,195410
TIJARIA,20260915,7.04,7.78,7.04,7.76,185044
TIL,20260915,254.9,256.0,242.54,244.6,58074
TIMETECHNO,20260915,180.8,181.79,176.0,176.3,1721801
TIMEX,20260915,637.25,637.25,600.0,605.65,315563
TIMKEN,20260915,3311.2,3312.3,3120.1,3151.2,60795
TINNARUBR,20260915,1034.0,1043.95,955.05,965.0,86015
TIPSFILMS,20260915,332.4,332.4,317.0,319.4,3349
TIPSMUSIC,20260915,660.8,668.0,652.2,659.15,210300
TIRUMALCHM,20260915,158.0,162.5,153.1,154.48,646717
TIRUPATIFL,20260915,69.2,70.5,65.7,68.52,264217
TITAGARH,20260915,847.7,848.4,809.0,811.45,476266
TITAN,20260915,5003.0,5003.0,4856.0,4856.0,504447
TMB,20260915,910.9,920.0,860.0,868.35,209458
TMCV,20260915,441.2,446.7,424.05,427.15,4286778
TMPV,20260915,320.0,320.15,303.5,303.6,19003987
TNIDETF,20260915,86.15,90.97,86.15,88.19,119416
TNPETRO,20260915,132.9,132.9,122.68,125.71,1021991
TNPL,20260915,154.25,156.6,151.56,152.39,240597
TNTELE,20260915,9.14,9.14,8.42,8.92,8615
TOKYOPLAST,20260915,78.94,79.8,75.92,76.01,1311
TOLINS,20260915,88.71,89.99,88.0,88.24,38721
TOP100CASE,20260915,10.58,10.58,10.2,10.21,868118
TOP10ADD,20260915,86.55,86.7,85.25,85.39,826254
TOP15IETF,20260915,9.6,9.61,9.47,9.49,72745
TOP20,20260915,8.71,8.73,8.59,8.6,170172
TORNTPHARM,20260915,4931.0,4959.5,4837.5,4850.0,397030
TORNTPOWER,20260915,1325.0,1326.9,1291.5,1300.9,436537
TOTAL,20260915,76.4,76.4,73.1,75.6,1241
TOUCHWOOD,20260915,62.68,62.68,60.16,60.91,635
TOYAMSL,20260915,0.69,0.69,0.68,0.68,667929
TPHQ,20260915,0.5,0.52,0.5,0.52,1023050
TPLPLASTEH,20260915,68.17,68.49,64.21,65.27,153584
TRACXN,20260915,32.5,33.04,30.61,31.21,478090
TRANSCOR,20260915,26.25,26.25,24.5,25.75,1157
TRANSPEK,20260915,1341.0,1369.0,1320.0,1336.7,1076
TRANSRAILL,20260915,415.5,418.5,402.0,404.9,368086
TRANSWORLD,20260915,162.0,166.66,162.0,162.12,1520
TRAVELFOOD,20260915,1259.3,1259.9,1224.4,1227.4,18613
TREEHOUSE,20260915,6.15,6.36,5.93,6.01,21449
TREJHARA,20260915,143.5,144.9,135.1,137.1,7177
TREL,20260915,27.19,27.9,25.17,25.71,82719
TRENT,20260915,2802.4,2817.6,2730.0,2730.0,494769
TRF,20260915,224.5,234.99,210.0,213.0,42549
TRIDENT,20260915,23.45,23.55,23.03,23.12,2850365
TRIGYN,20260915,55.9,57.77,51.71,52.58,58590
TRITONV,20260915,1092.1,1092.1,1040.0,1051.5,5609
TRITURBINE,20260915,567.1,569.65,535.65,546.9,1820501
TRIVENI,20260915,257.0,257.8,243.7,246.45,661461
TRU,20260915,4.54,4.59,4.06,4.22,206874
TRUALT,20260915,415.0,428.0,400.0,411.65,224114
TSFINV,20260915,437.0,446.45,436.95,442.95,92881
TTKHLTCARE,20260915,1119.0,1125.9,1067.9,1074.6,33869
TTKPRESTIG,20260915,537.35,550.2,534.3,540.0,65503
TTL,20260915,6.56,6.75,6.53,6.58,43242
TTML,20260915,36.01,36.92,35.85,36.15,2840915
TURTLEMINT,20260915,137.3,138.39,130.0,131.04,357604
TUTIALKA,20260915,60.79,60.79,58.85,59.78,6626
TVSELECT,20260915,412.0,415.2,395.0,399.4,27977
TVSHLTD,20260915,12991.0,13009.0,12402.0,12488.0,6044
TVSMOTOR,20260915,4150.0,4155.0,4022.1,4050.0,496058
TVSSCS,20260915,130.8,131.38,126.0,127.16,528148
TVSSRICHAK,20260915,5164.0,5164.0,4940.5,4960.5,5607
TVTODAY,20260915,108.4,109.97,104.51,105.68,93068
TVVISION,20260915,2.61,2.75,2.61,2.63,125312
TWCGOLDETF,20260915,150.3,151.77,146.05,147.74,10349
UBL,20260915,1262.3,1268.0,1240.0,1241.8,52994
UCAL,20260915,137.1,140.5,136.26,137.54,17019
UCOBANK,20260915,24.12,24.14,23.66,23.72,3373905
UDAYJEW,20260915,172.31,175.99,159.3,161.6,66824
UDS,20260915,209.02,210.0,194.15,197.04,95017
UEL,20260915,216.97,216.97,207.0,215.54,50156
UFBL,20260915,690.95,714.85,664.05,679.15,42478
UFLEX,20260915,663.5,670.3,631.75,636.1,129497
UFO,20260915,63.5,64.16,60.25,60.66,36249
UGARSUGAR,20260915,54.6,57.5,52.36,53.22,1194220
UGROCAP,20260915,85.31,86.42,82.8,83.28,189556
UJJIVANSFB,20260915,65.71,66.56,63.85,64.07,7611153
ULTRACEMCO,20260915,11045.0,11045.0,10697.0,10697.0,335172
ULTRAMAR,20260915,434.5,434.5,415.2,416.2,39348
UMAEXPORTS,20260915,21.25,21.25,21.25,21.25,4313
UMESLTD,20260915,4.97,5.14,4.48,4.53,145521
UMIYA-MRO,20260915,99.2,99.2,93.01,95.66,28955
UNICHEMLAB,20260915,544.1,548.95,515.0,519.05,57806
UNIDT,20260915,234.9,241.99,213.6,216.49,42891
UNIECOM,20260915,84.0,84.84,81.75,82.2,152701
UNIENTER,20260915,92.0,92.9,88.05,89.22,12219
UNIINFO,20260915,10.99,11.44,10.94,11.38,4784
UNIMECH,20260915,1625.0,1631.4,1533.0,1538.5,269490
UNIONBANK,20260915,179.57,179.69,174.74,175.0,4444675
UNIONGOLD,20260915,146.35,151.0,146.0,149.25,1984
UNIPARTS,20260915,897.45,899.0,861.1,865.7,115818
UNITDSPR,20260915,1392.1,1403.6,1370.6,1370.6,343060
UNITECH,20260915,4.2,4.4,4.02,4.21,10640815
UNITEDPOLY,20260915,44.89,45.05,42.5,42.75,129163
UNITEDTEA,20260915,426.05,438.5,415.1,425.65,6153
UNIVAFOODS,20260915,9.48,9.48,9.48,9.48,2201
UNIVASTU,20260915,153.97,157.0,145.35,145.37,72668
UNIVCABLES,20260915,1492.5,1501.6,1387.0,1417.3,235116
UNIVPHOTO,20260915,520.0,567.15,513.2,566.75,15446
UNOMINDA,20260915,1212.3,1213.9,1159.7,1159.7,417139
UPHOT,20260915,1506.4,1550.0,1506.4,1550.0,8
UPL,20260915,573.4,575.95,558.0,560.8,1588857
URAVIDEF,20260915,114.0,114.0,112.01,112.01,1574
URBANCO,20260915,166.98,167.71,157.55,158.22,4152047
URJA,20260915,9.15,9.15,8.8,8.81,719687
USHAMART,20260915,493.0,494.4,477.5,480.25,604747
USK,20260915,20.9,21.89,20.53,20.64,21328
UTIAMC,20260915,909.15,915.75,905.9,911.1,109601
UTKARSHBNK,20260915,14.61,14.75,14.14,14.2,10678279
UTLSOLAR,20260915,445.0,447.8,419.05,421.9,342061
UTTAMSUGAR,20260915,278.9,280.7,255.5,256.65,240789
UYFINCORP,20260915,19.83,20.35,19.16,19.28,82941
V2RETAIL,20260915,218.09,219.59,210.0,212.12,925313
VADILALIND,20260915,6923.0,7119.5,6745.0,7035.5,32305
VADILENT,20260915,10400.0,10450.0,10400.0,10400.0,11
VAIBHAVGBL,20260915,213.52,217.98,208.9,209.3,158830
VAISHALI,20260915,9.25,9.25,8.81,9.02,357226
VAKRANGEE,20260915,5.44,5.45,5.24,5.27,1176438
VAL30IETF,20260915,14.64,15.16,14.64,14.73,258219
VALIANTLAB,20260915,125.01,129.5,121.52,122.63,104961
VALIANTORG,20260915,408.0,414.0,379.1,388.35,74859
VALUE,20260915,15.95,15.95,15.64,15.65,21562
VALUEAXIS,20260915,32.88,32.88,31.8,31.9,98731
VAML,20260915,422.0,423.95,403.9,406.0,8429673
VARDHACRLC,20260915,44.0,44.75,43.2,43.25,42073
VARDMNPOLY,20260915,5.9,5.94,5.68,5.83,186182
VARROC,20260915,872.0,884.5,831.15,836.0,278443
VASCONEQ,20260915,30.05,30.48,28.86,29.1,368759
VASWANI,20260915,47.0,47.4,44.1,44.67,41920
VBL,20260915,417.5,419.75,409.1,409.6,3118516
VCL,20260915,1.57,1.73,1.57,1.71,10746943
VEDAVAAG,20260915,23.43,24.99,20.52,20.98,184975
VEDL,20260915,263.7,264.4,253.55,257.0,9234199
VEDPOWER,20260915,33.51,33.55,31.56,31.68,15567840
VEEDOL,20260915,1434.8,1439.7,1378.0,1382.5,15287
VELJAN,20260915,1890.0,1950.0,1850.0,1856.1,590
VENKEYS,20260915,1810.0,1814.9,1702.0,1713.6,115324
VENTIVE,20260915,580.0,582.0,561.0,563.15,79959
VENUSPIPES,20260915,2026.0,2033.9,1931.1,1941.6,238550
VENUSREM,20260915,1628.9,1645.0,1538.0,1545.4,34832
VERANDA,20260915,225.45,228.78,216.65,218.28,149157
VERTOZ,20260915,40.2,40.2,37.13,37.49,44396
VESUVIUS,20260915,413.05,413.4,400.0,400.8,58269
VETO,20260915,127.5,128.5,125.0,125.14,35415
VGCL,20260915,50.0,52.0,49.9,51.5,3504
VGL,20260915,66.82,70.49,64.05,66.21,361556
VGUARD,20260915,323.7,326.8,319.6,321.9,439497
VHL,20260915,3465.1,3470.0,3382.1,3403.0,495
VHLTD,20260915,122.0,122.5,117.4,120.81,34703
VIDHIING,20260915,331.7,334.45,320.0,320.65,23677
VIDYAWIRES,20260915,88.5,89.9,84.0,85.12,707334
VIJAYA,20260915,1503.0,1515.9,1431.1,1443.7,116091
VIJIFIN,20260915,15.31,15.31,15.31,15.31,151981
VIJSOLX,20260915,640.0,649.0,637.0,640.0,561
VIKASECO,20260915,1.05,1.07,1.05,1.05,1278805
VIKASLIFE,20260915,1.22,1.23,1.2,1.21,1607155
VIKRAMSOLR,20260915,167.06,168.62,162.84,163.46,2131509
VIKRAN,20260915,57.09,57.8,55.2,55.54,936506
VIMTALABS,20260915,637.9,642.0,613.0,616.0,121161
VINATIORGA,20260915,1300.6,1316.0,1250.1,1261.4,41505
VINCOFE,20260915,176.0,179.0,165.81,166.54,2128186
VINDHYATEL,20260915,2833.0,2842.4,2600.0,2617.7,100076
VINEETLAB,20260915,35.17,36.5,35.17,35.61,164341
VINNY,20260915,0.99,0.99,0.97,0.97,250857
VINYLINDIA,20260915,220.21,226.0,218.0,218.59,7205
VIPCLOTHNG,20260915,21.38,22.0,20.25,20.57,140164
VIPIND,20260915,300.6,303.2,290.05,291.05,220240
VIPULLTD,20260915,12.72,12.74,12.72,12.72,93865
VIRAT,20260915,463.95,463.95,406.35,421.6,7551
VIRINCHI,20260915,14.2,14.85,13.65,13.76,76595
VIRTUALG,20260915,0.47,0.47,0.46,0.47,246319
VISACHROME,20260915,34.0,35.89,33.28,33.53,10883
VISAKAIND,20260915,91.1,91.68,88.1,88.47,124953
VISHAL,20260915,18.81,20.45,18.2,18.35,32987
VISHNU,20260915,713.95,715.5,680.2,682.8,102967
VISHWARAJ,20260915,5.47,5.48,5.33,5.37,329218
VISL,20260915,33.49,33.49,31.68,31.68,18491355
VITAL,20260915,55.65,55.65,52.87,53.76,6752
VIVIANA,20260915,745.0,748.4,705.0,710.9,22028
VIVIDHA,20260915,0.51,0.57,0.51,0.52,347149
VIVIMEDLAB,20260915,6.03,6.03,5.91,5.91,3457
VIVOBIOT,20260915,16.79,17.44,16.0,17.19,12191
VIYASH,20260915,258.45,258.45,245.4,246.9,3290032
VLEGOV,20260915,10.25,10.75,10.25,10.47,218706
VLSFINANCE,20260915,242.12,247.55,231.95,235.33,23045
VMART,20260915,805.5,809.65,774.55,789.85,122376
VMM,20260915,102.25,102.29,100.1,100.1,7678106
VMSTMT,20260915,44.95,48.09,44.95,47.46,161894
VOEPL,20260915,522.0,522.7,485.55,495.0,79658
VOGL,20260915,36.89,36.95,34.7,34.83,23297053
VOITHPAPR,20260915,1459.6,1490.0,1440.0,1465.4,609
VOLTAMP,20260915,11250.0,11255.0,10460.0,10596.0,26149
VOLTAS,20260915,1168.0,1179.0,1137.0,1137.0,477143
VPRPL,20260915,36.0,36.68,30.76,32.26,723981
VRAJ,20260915,123.63,127.0,123.3,125.08,18615
VRLLOG,20260915,288.3,289.0,282.55,283.6,109956
VSSL,20260915,397.4,401.4,382.0,389.1,203103
VSTIND,20260915,206.0,206.49,202.1,203.4,101421
VSTL,20260915,117.25,122.0,114.0,114.88,12485
VSTTILLERS,20260915,4030.1,4085.0,4009.4,4030.3,7195
VTL,20260915,566.25,570.25,545.2,547.0,162882
VTMLTD,20260915,48.65,49.16,40.9,42.17,235189
WAAREEENER,20260915,2590.0,2624.9,2540.0,2555.0,734115
WAAREEINDO,20260915,252.1,259.5,245.1,249.4,92977
WAAREERTL,20260915,850.0,864.1,801.7,806.55,213833
WABAG,20260915,2283.0,2289.0,2091.1,2103.4,894663
WAKEFIT,20260915,154.27,156.0,147.9,148.61,422271
WALCHANNAG,20260915,212.4,212.4,199.0,200.03,668236
WANBURY,20260915,237.1,240.5,220.35,223.1,227244
WARDINMOBI,20260915,5.72,5.92,5.6,5.62,258296
WATERBASE,20260915,48.0,48.0,46.0,46.71,10908
WCIL,20260915,87.95,93.39,87.44,91.45,455441
WEALTH,20260915,822.0,845.0,820.0,825.3,2078
WEBELSOLAR,20260915,75.33,75.8,72.1,72.75,1752314
WEIZMANIND,20260915,71.71,71.71,69.1,70.28,1373
WEL,20260915,72.51,73.6,68.73,69.18,697448
WELCORP,20260915,2661.2,2718.4,2363.6,2413.3,3340619
WELENT,20260915,790.65,796.35,728.05,737.6,4638248
WELINV,20260915,2322.0,2322.0,2275.6,2276.0,292
WELSPLSOL,20260915,55.59,56.0,52.55,53.52,746478
WELSPUNLIV,20260915,208.0,208.83,199.25,201.63,5087632
WENDT,20260915,8900.0,9100.0,8521.0,8580.0,38273
WESTLIFE,20260915,569.95,579.8,550.0,556.1,84067
WEWIN,20260915,42.46,42.92,40.5,40.83,2599
WEWORK,20260915,666.15,680.0,666.15,673.55,304823
WHBRADY,20260915,481.3,481.3,477.0,477.0,19
WHEELS,20260915,2249.9,2249.9,2084.0,2129.1,383920
WHIRLPOOL,20260915,770.95,771.2,750.0,751.95,150797
WILLAMAGOR,20260915,24.8,24.8,23.6,24.46,887
WINDLAS,20260915,1137.0,1144.0,1084.0,1098.15,83578
WINDMACHIN,20260915,302.8,306.0,283.8,300.7,472746
WIPL,20260915,169.58,169.58,165.12,168.72,472
WIPRO,20260915,172.2,173.35,169.01,170.0,11722173
WOCKPHARMA,20260915,2190.0,2193.8,2055.0,2064.1,851928
WONDERLA,20260915,528.0,530.15,510.0,514.2,73992
WORTHPERI,20260915,144.36,147.98,141.37,142.83,3575
WPIL,20260915,435.25,440.4,421.5,428.55,30776
WSI,20260915,60.2,62.5,59.0,59.92,72062
WSTCSTPAPR,20260915,713.0,734.0,705.85,713.3,375037
XCHANGING,20260915,62.9,66.5,62.32,64.5,511238
XELPMOC,20260915,77.5,78.15,74.2,74.59,10867
XPROINDIA,20260915,1294.7,1295.0,1259.9,1268.2,54197
XTGLOBAL,20260915,29.55,31.8,29.25,29.45,82382
XTRANET,20260915,278.0,292.94,271.0,276.09,2631980
YASHO,20260915,4260.0,4286.9,3855.0,3883.4,72056
YATHARTH,20260915,1000.0,1024.0,972.0,981.8,693776
YATRA,20260915,114.28,115.67,107.5,107.96,969513
YESBANK,20260915,23.68,23.9,22.99,23.07,95413759
YOGI,20260915,157.5,166.95,157.5,158.58,390
YUKEN,20260915,1124.0,1124.0,1046.0,1077.6,43272
ZAGGLE,20260915,188.52,188.54,178.42,179.41,1178475
ZEEL,20260915,80.0,80.29,77.11,77.41,13904557
ZEELEARN,20260915,7.15,7.25,6.6,6.63,371367
ZEEMEDIA,20260915,7.5,7.56,7.25,7.27,1749367
ZENITHEXPO,20260915,207.05,207.05,194.75,196.35,238
ZENITHSTL,20260915,5.95,5.95,5.51,5.71,54663
ZENSARTECH,20260915,430.0,479.9,430.0,440.2,42017111
ZENTEC,20260915,1730.0,1732.8,1630.0,1638.9,529917
ZFCVINDIA,20260915,2560.0,2560.0,2495.5,2511.5,78066
ZFSTEERING,20260915,765.0,792.0,750.0,762.05,21612
ZIMLAB,20260915,136.0,138.96,128.02,133.61,146082
ZODIAC,20260915,221.5,226.85,220.01,221.61,14986
ZODIACLOTH,20260915,70.67,70.67,68.0,69.67,5490
ZOTA,20260915,1088.0,1124.0,1088.0,1113.1,53200
ZSARACOM,20260915,10600.0,11000.0,10300.0,10337.0,43
ZUARI,20260915,220.0,222.12,210.1,212.4,103154
ZUARIIND,20260915,273.4,273.6,264.25,265.3,52743
ZYDUSLIFE,20260915,1120.1,1124.5,1099.0,1099.0,522672
ZYDUSWELL,20260915,549.35,558.45,544.35,549.95,260004
