SYMBOL,TIMESTAMP,OPEN,HIGH,LOW,CLOSE,VOLUME
20MICRONS,20260916,201.29,206.0,194.05,203.23,142761
21STCENMGM,20260916,38.99,38.99,38.22,38.37,190
360ONE,20260916,1051.2,1061.9,1042.4,1045.6,635279
3BBLACKBIO,20260916,1355.0,1367.2,1285.0,1292.6,24554
3IINFOLTD,20260916,23.33,25.1,23.3,25.02,579920
3MINDIA,20260916,31710.0,33550.0,31600.0,31935.0,27574
3PLAND,20260916,31.01,31.58,29.65,31.28,1449
5PAISA,20260916,313.2,319.0,307.2,316.85,33376
63MOONS,20260916,869.65,875.45,824.55,848.15,268737
A2ZINFRA,20260916,15.2,15.51,14.56,14.7,255635
AAATECH,20260916,92.81,94.0,90.81,92.54,230663
AADHARHFC,20260916,450.0,460.95,440.15,458.7,157363
AAKASH,20260916,8.72,8.99,8.72,8.82,60235
AAREYDRUGS,20260916,101.0,101.0,94.15,99.94,483322
AARNAV,20260916,29.8,31.27,28.32,31.24,14104
AARON,20260916,123.18,126.89,120.96,124.71,14637
AARTECH,20260916,50.5,51.49,50.0,50.24,18889
AARTIDRUGS,20260916,428.0,431.7,411.0,424.3,137839
AARTIIND,20260916,470.5,474.45,459.55,472.85,521378
AARTIPHARM,20260916,785.0,819.8,765.0,813.0,378693
AARTISURF,20260916,505.75,518.0,488.25,500.45,18912
AARVI,20260916,141.58,143.69,139.25,140.07,9027
AASTHA,20260916,76.91,76.91,71.72,74.33,356386
AAVAS,20260916,1265.0,1289.4,1252.8,1282.5,61560
ABAN,20260916,14.21,14.64,14.08,14.6,13955
ABANSENT,20260916,27.82,28.14,26.92,27.0,4690
ABB,20260916,7005.0,7051.0,6905.5,6980.0,115646
ABBOTINDIA,20260916,26195.0,26450.0,25500.0,26125.0,5678
ABCAPITAL,20260916,378.8,384.05,378.0,381.3,1287557
ABCOTS,20260916,209.0,211.9,201.02,204.63,1377
ABDL,20260916,635.15,655.0,619.0,647.55,1453879
ABFRL,20260916,49.4,50.45,48.91,49.74,8057945
ABGSEC,20260916,114.2,114.45,112.49,113.74,366
ABINFRA,20260916,11.18,11.66,10.61,11.38,229237
ABLBL,20260916,82.64,83.17,82.11,82.4,535560
ABMINTLLTD,20260916,51.0,51.0,51.0,51.0,219
ABMKNO,20260916,174.72,179.9,168.3,171.04,513
ABREL,20260916,1232.8,1250.3,1207.0,1233.4,167844
ABSL10BANK,20260916,168.85,168.85,162.13,164.83,677
ABSLAMC,20260916,1032.0,1069.8,1004.0,1058.4,168606
ABSLBANETF,20260916,56.74,57.81,56.74,57.68,59736
ABSLLIQUID,20260916,1000.01,1000.01,999.99,1000.0,2169
ABSLMSCIN,20260916,28.76,28.76,28.45,28.46,322
ABSLNN50ET,20260916,73.0,75.18,73.0,74.27,6880
ABSLPSE,20260916,9.97,10.14,9.82,10.0,102027
ACC,20260916,1233.0,1235.0,1219.1,1226.6,85875
ACCELYA,20260916,1112.2,1118.4,1106.1,1116.1,5452
ACCURACY,20260916,4.47,4.52,4.47,4.49,69814
ACE,20260916,1130.0,1158.0,1102.0,1149.7,425403
ACEINTEG,20260916,18.0,18.39,17.22,17.61,2250
ACGL,20260916,1726.1,1800.2,1726.1,1769.4,449
ACI,20260916,456.9,468.0,446.0,461.45,236951
ACL,20260916,42.55,43.5,41.9,42.7,14356
ACMESOLAR,20260916,419.45,425.5,412.0,418.0,1349732
ACSTECH,20260916,59.39,61.0,56.5,60.0,189174
ACUTAAS,20260916,3275.0,3359.0,3188.8,3344.7,243061
ADANIENSOL,20260916,1347.6,1371.3,1341.6,1349.2,946914
ADANIENT,20260916,2957.0,2972.9,2914.3,2920.0,764624
ADANIGREEN,20260916,1253.9,1276.9,1245.6,1270.2,624972
ADANIPORTS,20260916,1722.9,1737.9,1707.0,1723.8,1060410
ADANIPOWER,20260916,202.1,205.0,200.4,202.34,12105905
ADDIND,20260916,78.6,79.79,76.25,79.0,52
ADFFOODS,20260916,261.45,274.95,248.8,267.15,159718
ADL,20260916,70.3,77.59,70.3,71.91,618
ADOR,20260916,1545.3,1563.9,1487.1,1536.2,26973
ADROITINFO,20260916,11.15,11.49,10.64,11.2,58562
ADSL,20260916,98.5,98.5,94.02,95.26,114360
ADVAIT,20260916,2004.0,2019.9,1941.5,1996.3,38672
ADVANCE,20260916,113.65,114.9,108.6,110.15,358473
ADVANIHOTR,20260916,48.01,48.99,46.75,47.18,31562
ADVENTHTL,20260916,126.84,129.37,123.75,124.71,125781
ADVENZYMES,20260916,287.9,293.2,282.05,287.85,179412
ADVIKCA,20260916,0.96,0.99,0.95,0.97,461983
AEGISLOG,20260916,1326.3,1395.0,1310.2,1381.2,1953104
AEGISVOPAK,20260916,305.0,305.0,288.9,296.95,1920715
AEPL,20260916,16.5,16.7,15.4,15.87,60080
AEQUS,20260916,222.5,223.37,213.41,220.68,1712222
AEROENTER,20260916,117.84,119.9,108.0,113.35,1723281
AEROFLEX,20260916,495.0,495.0,456.85,481.1,4838168
AERONEU,20260916,67.5,70.0,63.72,64.95,96688
AEROPLANE,20260916,199.39,199.39,189.8,195.67,613769
AETHER,20260916,1588.0,1615.9,1552.7,1603.1,159140
AFCONS,20260916,262.25,263.65,225.35,258.4,4434269
AFFLE,20260916,1537.0,1546.8,1500.3,1535.0,124764
AFFORDABLE,20260916,158.0,162.86,153.61,162.29,20433
AFIL,20260916,8.43,8.6,8.31,8.37,371881
AFSL,20260916,201.01,201.8,201.0,201.02,8483
AGARIND,20260916,427.9,427.9,407.95,409.6,46733
AGARWALEYE,20260916,502.05,508.25,484.15,505.0,242956
AGI,20260916,735.9,735.9,701.5,717.3,159416
AGIIL,20260916,263.0,273.0,260.05,262.4,972027
AGL,20260916,14.23,14.26,13.63,14.03,2126782
AGRITECH,20260916,102.44,102.44,97.25,98.1,1436
AGROPHOS,20260916,24.29,24.29,22.63,23.18,12920
AGSTRA,20260916,1.95,1.95,1.85,1.93,62151
AHCL,20260916,20.2,20.5,19.6,20.04,46066495
AHLADA,20260916,35.89,40.5,32.7,36.56,45748
AHLEAST,20260916,135.01,136.99,133.0,136.06,838
AHLUCONT,20260916,588.0,599.0,565.05,569.3,95786
AHLWEST,20260916,503.9,531.7,491.05,530.65,1425
AIAENG,20260916,3897.1,3907.7,3778.0,3805.8,133043
AIIL,20260916,532.0,535.2,518.05,528.95,188360
AIRAN,20260916,16.48,17.41,15.17,15.72,226075
AIROLAM,20260916,85.8,90.0,85.0,88.54,11084
AJANTPHARM,20260916,3482.4,3530.8,3460.0,3508.9,116329
AJAXENGG,20260916,579.0,582.0,555.1,566.55,76170
AJMERA,20260916,114.5,114.5,109.33,113.51,264603
AJOONI,20260916,3.41,3.44,3.08,3.3,463516
AKASH,20260916,24.55,25.14,24.15,24.18,4395
AKCAPIT,20260916,1714.1,1755.0,1710.0,1715.4,1051
AKG,20260916,10.53,10.68,10.41,10.55,3075
AKI,20260916,5.8,5.8,5.55,5.55,140368
AKSHAR,20260916,0.41,0.42,0.4,0.42,548513
AKSHARCHEM,20260916,389.1,395.0,381.75,381.95,11907
AKSHOPTFBR,20260916,8.32,8.32,7.94,7.96,257587
AKUMS,20260916,759.2,775.0,746.4,772.0,235680
ALANKIT,20260916,7.95,7.95,7.6,7.74,121612
ALBERTDAVD,20260916,859.5,870.05,835.0,860.45,4783
ALEMBICLTD,20260916,100.5,101.57,97.4,98.95,707870
ALFREDHE,20260916,2840.0,2860.0,2820.0,2820.0,7
ALGOQUANT,20260916,64.13,65.65,64.01,65.15,1160108
ALICON,20260916,688.65,708.75,672.9,688.35,30853
ALIVUS,20260916,1350.0,1390.9,1317.6,1370.6,153204
ALKALI,20260916,71.0,76.7,71.0,72.23,17465
ALKEM,20260916,5170.5,5265.5,5148.0,5175.0,304188
ALKYLAMINE,20260916,1775.7,1841.1,1740.0,1823.1,65315
ALLCARGO,20260916,11.5,11.57,10.77,11.18,13509692
ALLDIGI,20260916,803.5,803.5,783.2,792.5,2974
ALLTIME,20260916,212.39,212.42,203.72,206.42,45105
ALMONDZ,20260916,17.6,18.45,16.7,18.01,535197
ALOKINDS,20260916,7.45,7.54,7.31,7.48,14625867
ALPA,20260916,60.06,64.5,59.4,61.12,14768
ALPHA,20260916,51.25,52.79,51.25,52.46,1649953
ALPHAETF,20260916,25.8,25.82,25.35,25.73,485775
ALPHAGEO,20260916,300.0,300.0,285.7,294.65,3440
ALPINETEX,20260916,54.8,55.18,49.15,52.33,340439
ALPL30IETF,20260916,26.7,27.18,26.65,26.96,206822
ALUFLUOR,20260916,490.2,495.25,477.3,494.2,6704
AMAGI,20260916,565.8,576.0,564.05,569.3,270114
AMAL,20260916,718.0,719.0,673.55,711.75,17598
AMANTA,20260916,189.93,189.93,189.93,189.93,12454
AMARJOTHI,20260916,147.5,149.0,141.65,149.0,2026
AMBALALSA,20260916,38.45,40.0,37.15,39.82,41423
AMBER,20260916,6985.5,7009.5,6826.5,6930.0,142671
AMBICAAGAR,20260916,25.6,25.6,24.4,24.57,5248
AMBIKCO,20260916,1585.1,1587.7,1536.7,1564.9,11248
AMBUJACEM,20260916,382.0,385.45,379.55,381.05,1033371
AMDIND,20260916,68.5,72.37,62.2,63.66,424928
AMJLAND,20260916,37.94,37.94,36.0,36.43,1943
AMNPLST,20260916,169.75,169.75,160.0,160.4,2735
AMRUTANJAN,20260916,489.6,493.7,476.5,490.4,54792
ANANDRATHI,20260916,2180.0,2211.0,2150.0,2206.2,279080
ANANTRAJ,20260916,585.0,594.9,576.85,583.5,2951237
ANDHRAPAP,20260916,71.64,74.01,70.0,73.32,769224
ANDHRSUGAR,20260916,94.01,94.33,91.21,93.39,311145
ANDREWYU,20260916,25.65,26.78,25.11,25.88,59473
ANGELONE,20260916,295.0,299.3,291.6,293.5,2878370
ANIKINDS,20260916,40.03,43.78,40.03,42.86,17664
ANKITMETAL,20260916,1.67,1.67,1.67,1.67,1896
ANMOL,20260916,15.99,16.0,13.75,14.39,346560
ANNAPURNA,20260916,138.43,138.5,132.55,134.56,23446
ANNU,20260916,52.67,52.67,52.67,52.67,94002
ANSALAPI,20260916,3.43,3.46,3.36,3.46,15835
ANSALBU,20260916,86.99,86.99,78.0,80.11,2850
ANTELOPUS,20260916,1071.05,1214.45,996.1,1170.95,4319113
ANTGRAPHIC,20260916,0.74,0.74,0.72,0.72,115447
ANTHEM,20260916,939.95,953.75,903.0,908.45,1023044
ANUHPHR,20260916,89.5,91.99,87.01,89.22,141288
ANUP,20260916,1625.0,1667.4,1582.0,1637.0,22345
ANURAS,20260916,1179.5,1195.7,1160.5,1178.3,435775
AONEGOLD,20260916,14.3,14.43,14.06,14.1,802872
AONELIQUID,20260916,1077.03,1077.03,1077.01,1077.02,40763
AONENIFTY,20260916,9.81,9.81,9.55,9.61,165860
AONESILVER,20260916,8.66,8.78,8.66,8.73,423225
AONETMMQ50,20260916,10.2,10.2,9.86,10.01,46091
AONETOTAL,20260916,11.75,11.75,11.43,11.55,461967
APARINDS,20260916,16610.0,17200.0,16015.0,17075.0,108334
APCL,20260916,101.5,101.5,96.15,99.18,5331
APCOTEXIND,20260916,582.7,591.1,560.85,581.1,157464
APEX,20260916,354.1,366.2,341.05,347.95,151673
APLAPOLLO,20260916,2115.0,2132.9,2041.3,2120.0,925656
APLLTD,20260916,817.3,839.95,813.2,825.3,136463
APOLLO,20260916,386.6,388.5,361.4,370.35,12109247
APOLLOHOSP,20260916,8756.0,8792.5,8672.5,8696.5,232987
APOLLOPIPE,20260916,519.0,519.95,496.5,508.9,370429
APOLLOTYRE,20260916,410.95,429.55,402.15,411.95,2697223
APOLSINHOT,20260916,1220.6,1220.6,1185.0,1185.8,722
APOORVA,20260916,28.3,28.36,28.3,28.36,22
APTECHT,20260916,86.38,87.8,85.5,86.97,20893
APTUS,20260916,241.95,243.5,235.36,239.91,3168614
AQYLON,20260916,20.4,20.55,19.68,19.71,608668
ARCHIDPLY,20260916,99.0,101.98,97.05,100.22,11540
ARCHIES,20260916,12.41,12.41,12.15,12.21,3618
ARCL,20260916,275.5,275.5,250.35,274.16,19792
ARDEE,20260916,47.48,48.83,46.5,47.42,3672515
ARE&M,20260916,798.0,805.85,789.0,791.55,408549
ARENTERP,20260916,34.3,34.3,31.1,32.6,486
ARFIN,20260916,82.72,83.45,80.84,82.68,725579
ARIES,20260916,476.85,483.0,456.55,480.7,14050
ARIHANT,20260916,867.05,879.4,841.0,862.25,969
ARIHANTCAP,20260916,81.45,83.5,79.55,80.45,579106
ARIHANTSUP,20260916,216.1,224.0,209.05,220.45,2643
ARIS,20260916,120.97,121.0,115.75,116.53,605692
ARKADE,20260916,116.81,117.9,114.5,115.76,113779
ARMANFIN,20260916,1918.2,1948.0,1806.6,1873.5,67060
AROGRANITE,20260916,23.76,23.84,21.0,22.55,13812
ARROWGREEN,20260916,848.0,952.75,827.0,907.45,311513
ARSHIYA,20260916,0.79,0.79,0.76,0.77,82915
ARSSBL,20260916,485.9,514.75,470.55,496.95,261121
ARTEMISMED,20260916,330.55,333.7,306.6,325.25,533825
ARTNIRMAN,20260916,40.99,40.99,39.12,39.97,917
ARVEE,20260916,172.8,173.45,162.0,168.27,3355
ARVIND,20260916,553.0,561.9,532.6,548.05,980782
ARVINDFASN,20260916,426.0,429.5,414.95,416.35,249848
ARVSMART,20260916,564.15,564.2,546.05,549.2,106214
ARYAMAN,20260916,610.0,634.0,610.0,610.0,170
ASAHIINDIA,20260916,953.95,957.0,920.0,951.8,147987
ASAHISONG,20260916,354.0,360.0,341.2,347.95,8191
ASAL,20260916,447.85,450.0,431.05,444.55,13551
ASALCBR,20260916,662.0,673.45,644.55,649.55,40568
ASHAPURMIN,20260916,515.05,523.75,505.9,515.7,340216
ASHIANA,20260916,346.2,354.4,332.95,348.35,47881
ASHIKAG,20260916,402.2,413.9,396.0,407.05,38477
ASHIMASYN,20260916,16.52,17.19,16.1,16.29,28662
ASHOKA,20260916,111.37,111.67,107.37,108.76,768105
ASHOKAMET,20260916,15.15,15.18,14.11,14.5,149476
ASHOKLEY,20260916,157.4,158.21,154.75,156.5,10320454
ASIANENE,20260916,482.85,510.25,457.75,494.1,736572
ASIANHOTNR,20260916,385.0,399.0,363.05,388.55,33702
ASIANPAINT,20260916,2405.1,2444.5,2397.4,2416.6,591671
ASIANTILES,20260916,50.0,50.17,48.45,49.93,994691
ASIANTNE,20260916,9.25,9.49,8.66,9.19,11228
ASKAUTOLTD,20260916,607.65,625.0,596.5,617.9,209278
ASMS,20260916,6.81,7.07,6.81,6.86,234509
ASPINWALL,20260916,252.05,259.9,241.55,250.3,2282
ASSAMENT,20260916,785.65,785.65,785.65,785.65,1
ASTAR,20260916,485.0,581.9,485.0,560.7,197
ASTEC,20260916,673.6,673.6,640.55,661.95,34108
ASTERDM,20260916,741.0,746.8,729.05,741.2,982120
ASTRAL,20260916,1376.0,1388.3,1357.6,1382.5,523897
ASTRAMICRO,20260916,1601.0,1638.8,1537.1,1621.9,418082
ASTRAZEN,20260916,6671.0,6898.5,6650.5,6703.0,17007
ASTRON,20260916,3.04,3.07,2.9,2.94,71583
ATALREAL,20260916,14.58,15.84,14.4,14.44,6944853
ATAM,20260916,53.7,65.0,52.92,62.15,168740
ATGL,20260916,581.0,597.25,580.25,586.5,838761
ATHERENERG,20260916,1557.9,1574.8,1521.1,1567.5,3578038
ATL,20260916,24.33,24.83,23.12,23.89,233170
ATLANTAA,20260916,36.36,36.79,35.01,36.46,27184
ATLANTAELE,20260916,1680.0,1686.9,1623.9,1655.0,78831
ATLASCYCLE,20260916,90.55,93.69,90.23,92.35,10762
ATUL,20260916,6000.0,6140.5,5995.0,6076.0,17089
ATULAUTO,20260916,443.0,443.0,427.2,436.4,63313
AUBANK,20260916,1030.0,1038.1,1015.1,1033.2,1013402
AUGMONT,20260916,836.2,851.45,812.1,833.05,732796
AURIONPRO,20260916,706.0,706.0,685.0,688.0,96488
AUROPHARMA,20260916,1657.1,1657.1,1623.0,1643.0,522849
AURUM,20260916,220.0,221.78,215.4,219.81,89898
AURUS,20260916,4.93,4.99,4.72,4.83,24491
AUSOMENT,20260916,154.5,155.0,144.15,149.9,5638
AUSTENG,20260916,130.0,130.0,121.5,126.95,2381
AUTOAXLES,20260916,1666.0,1686.3,1646.0,1659.0,2634
AUTOBEES,20260916,279.06,280.35,275.98,279.35,210833
AUTOIETF,20260916,27.81,28.09,27.71,27.97,382894
AUTOIND,20260916,78.97,79.0,75.9,77.5,255516
AVADHSUGAR,20260916,740.0,740.0,709.1,726.2,99568
AVALON,20260916,2150.0,2260.0,1980.0,2216.1,935133
AVANCE,20260916,0.8,0.82,0.79,0.79,4352430
AVANTEL,20260916,144.5,147.9,138.8,141.89,1229880
AVANTIFEED,20260916,774.15,782.2,759.75,770.35,188352
AVG,20260916,176.99,176.99,163.15,163.75,11620
AVL,20260916,603.1,625.65,602.15,620.6,133409
AVONMORE,20260916,13.61,13.83,12.9,13.06,280829
AVROIND,20260916,7.5,8.04,7.47,7.92,207019
AVTNPL,20260916,86.24,88.0,84.42,85.72,126738
AWFIS,20260916,275.15,275.9,264.2,271.1,621355
AWHCL,20260916,354.1,355.25,337.55,345.5,191949
AWL,20260916,183.15,183.76,180.47,181.94,844193
AXISBANK,20260916,1230.0,1252.5,1223.7,1241.0,5799541
AXISCADES,20260916,1727.0,1736.9,1641.1,1684.5,158521
AXITA,20260916,8.04,8.12,7.97,7.99,495132
AXTEL,20260916,416.5,441.05,416.5,435.1,4299
AYE,20260916,179.91,182.64,176.3,180.12,728043
AYMSYNTEX,20260916,272.0,295.5,261.25,270.8,318398
AZAD,20260916,2719.0,2719.0,2555.0,2581.7,683850
AZADIND,20260916,84.95,89.86,82.45,84.36,28956
BAFNAPH,20260916,308.1,309.0,308.1,309.0,6535
BAGFILMS,20260916,4.44,4.44,4.3,4.36,30908
BAIDFIN,20260916,10.08,10.44,9.9,10.35,55486
BAJAJ-AUTO,20260916,11425.0,11596.0,11379.0,11593.0,305528
BAJAJCON,20260916,499.55,507.2,493.05,498.05,490370
BAJAJELEC,20260916,328.3,328.35,319.05,322.55,93301
BAJAJFINSV,20260916,1864.0,1874.8,1832.9,1837.0,613789
BAJAJHCARE,20260916,324.0,324.0,313.05,321.1,95502
BAJAJHFL,20260916,83.78,83.78,82.4,82.96,2504935
BAJAJHIND,20260916,19.86,19.95,19.27,19.81,16263903
BAJAJHLDNG,20260916,11011.0,11090.0,10925.0,10930.0,25570
BAJAJINDEF,20260916,220.78,220.78,214.01,215.36,13163
BAJAJST,20260916,360.0,365.6,345.05,351.65,10917
BAJEL,20260916,171.94,171.94,165.0,169.16,121724
BAJFINANCE,20260916,1010.5,1019.3,1006.2,1006.2,4190272
BALAJEE,20260916,24.52,25.4,24.24,24.43,24774
BALAJITELE,20260916,95.48,96.42,91.8,92.1,211758
BALAMINES,20260916,2128.3,2172.0,2081.0,2149.8,165267
BALAXI,20260916,23.01,24.33,22.5,23.33,19590
BALKRISHNA,20260916,16.89,17.14,16.1,16.53,6336
BALKRISIND,20260916,2124.5,2140.0,2100.1,2124.9,151993
BALMLAWRIE,20260916,162.67,163.81,160.7,162.1,158413
BALPHARMA,20260916,107.88,110.0,96.51,101.33,125428
BALRAMCHIN,20260916,674.9,685.0,657.3,682.6,936692
BALUFORGE,20260916,496.0,500.0,470.0,483.25,1000368
BANARBEADS,20260916,112.0,113.4,108.0,109.65,1067
BANARISUG,20260916,3401.0,3405.0,3196.5,3267.2,3218
BANCOINDIA,20260916,588.4,598.95,578.05,593.15,144353
BANDHANBNK,20260916,173.24,173.62,169.33,172.5,8261916
BANG,20260916,33.65,33.66,32.01,32.45,13063
BANK10ADD,20260916,16.47,16.6,16.46,16.46,80293
BANK10BETF,20260916,20.26,20.55,20.26,20.4,1871
BANKA,20260916,77.86,79.8,77.7,77.83,285
BANKADD,20260916,57.51,57.75,57.29,57.52,98870
BANKBARODA,20260916,233.25,235.29,232.33,234.98,5789637
BANKBEES,20260916,583.84,584.34,578.84,582.68,324940
BANKBETA,20260916,57.49,58.53,57.49,58.14,84054
BANKBETF,20260916,57.17,57.43,56.78,57.1,58830
BANKETF,20260916,573.7,575.11,570.0,573.59,7305
BANKIETF,20260916,58.65,58.65,57.43,57.75,491834
BANKINDIA,20260916,138.0,139.35,136.85,137.81,5030108
BANKNIFTY1,20260916,58.16,58.61,58.05,58.32,282711
BANKPSU,20260916,80.91,83.65,80.91,83.22,4267
BANSALWIRE,20260916,302.05,308.95,292.55,307.15,96192
BANSWRAS,20260916,110.03,113.93,107.56,109.34,16707
BASF,20260916,3549.9,3585.9,3485.0,3558.4,15289
BASML,20260916,23.75,23.9,23.01,23.42,56936
BATAINDIA,20260916,640.0,640.0,626.3,630.65,159770
BATLIBOI,20260916,84.05,84.06,81.0,82.1,38877
BAYERCROP,20260916,3949.0,3965.4,3885.3,3938.6,13378
BBETF0432,20260916,1338.5,1340.85,1334.0,1335.29,374
BBL,20260916,2181.0,2231.3,2131.5,2178.2,22867
BBNPNBETF,20260916,56.34,57.6,56.34,56.63,1205
BBNPPGOLD,20260916,144.8,147.4,144.8,146.4,7036
BBOX,20260916,758.0,768.6,727.25,763.25,526729
BBTC,20260916,1423.9,1428.0,1393.0,1416.7,36098
BBTCL,20260916,226.9,229.9,223.0,224.0,1138
BCG,20260916,9.88,9.91,9.63,9.78,5047851
BCLIND,20260916,32.95,34.04,32.11,32.98,758362
BCONCEPTS,20260916,158.0,158.0,148.0,150.68,8925
BCPL,20260916,68.57,68.65,66.55,67.33,3186
BDL,20260916,1131.4,1138.9,1095.0,1136.0,1708626
BEARDSELL,20260916,24.12,25.58,23.57,24.06,25008
BECTORFOOD,20260916,226.0,226.16,214.21,220.16,2203845
BEDMUTHA,20260916,104.0,104.0,98.2,102.28,16552
BEEKAY,20260916,437.0,443.45,417.15,431.8,2215
BEL,20260916,384.05,390.2,382.1,385.75,10138395
BELLACASA,20260916,248.0,252.5,240.0,250.48,14860
BELRISE,20260916,226.8,229.75,222.75,229.35,2897775
BEML,20260916,1935.5,2007.8,1861.5,1991.9,422730
BENARAS,20260916,11390.0,11395.0,10541.0,10789.0,284
BENGALASM,20260916,6309.0,6337.5,6201.0,6319.0,302
BEPL,20260916,122.98,126.08,118.32,124.92,1288886
BERGEPAINT,20260916,449.1,450.7,444.15,448.15,163379
BESTAGRO,20260916,18.12,18.87,17.73,18.44,601821
BETA,20260916,2082.2,2094.7,2002.6,2064.9,13984
BFINVEST,20260916,431.0,439.8,425.55,432.05,14710
BFSI,20260916,25.52,26.34,25.52,26.27,149842
BFUTILITIE,20260916,522.3,534.55,512.0,520.35,31854
BGRENERGY,20260916,222.0,232.0,218.0,231.86,49930
BHAGCHEM,20260916,251.0,251.5,242.0,244.25,89444
BHAGERIA,20260916,306.9,311.0,291.5,303.7,86277
BHAGYANGR,20260916,405.0,425.25,387.0,425.25,328669
BHANDARI,20260916,3.0,3.0,2.98,2.98,150895
BHARATCOAL,20260916,32.4,32.59,31.81,32.23,3804118
BHARATFORG,20260916,1879.0,1897.6,1850.4,1885.0,638432
BHARATGEAR,20260916,100.22,101.9,99.26,99.55,14060
BHARATRAS,20260916,1139.4,1179.9,1101.0,1157.4,16438
BHARATSE,20260916,208.41,208.9,198.36,205.26,108419
BHARATWIRE,20260916,166.55,171.09,163.62,167.69,118340
BHARTIARTL,20260916,1835.8,1838.0,1818.6,1835.0,2925053
BHARTIHEXA,20260916,1500.0,1505.0,1472.6,1479.3,52156
BHEL,20260916,415.45,417.4,406.0,410.6,7088021
BI,20260916,99.0,102.43,92.69,97.62,40895
BIGBLOC,20260916,39.14,40.0,38.0,39.51,45536
BIKAJI,20260916,545.25,547.7,532.75,540.95,69639
BIL,20260916,1029.0,1081.75,995.0,1036.25,12435
BILVYAPAR,20260916,4.0,4.16,4.0,4.16,5760
BIMETAL,20260916,620.05,659.65,605.0,638.65,819
BIOCON,20260916,381.0,383.5,373.5,374.4,1763053
BIOFILCHEM,20260916,33.0,33.71,33.0,33.13,11768
BIRLACABLE,20260916,380.05,395.0,359.1,382.55,734776
BIRLACORPN,20260916,816.1,818.3,789.9,803.9,86521
BIRLAMONEY,20260916,119.89,120.25,115.62,117.93,29866
BIRLANU,20260916,1395.5,1407.3,1345.0,1387.1,11149
BIRLAPREC,20260916,55.45,59.35,55.45,58.47,126575
BLACKBUCK,20260916,612.05,624.1,594.75,619.05,892263
BLACKROSE,20260916,105.75,109.9,103.55,106.56,8591
BLAL,20260916,160.5,163.0,159.21,161.99,12181
BLBLIMITED,20260916,16.1,16.49,15.26,16.13,218177
BLEL,20260916,435.0,436.7,415.0,428.4,591112
BLIL,20260916,67.1,67.95,67.1,67.33,49188
BLISSGVS,20260916,676.4,685.3,650.75,680.5,412619
BLKASHYAP,20260916,51.6,51.79,49.89,51.33,373401
BLS,20260916,230.0,231.93,221.34,226.74,913859
BLSE,20260916,306.1,315.0,300.0,313.55,420165
BLUECLOUDS,20260916,19.24,19.74,18.85,19.59,1424515
BLUECOAST,20260916,21.21,21.21,21.09,21.09,829
BLUEDART,20260916,4808.5,4868.9,4740.9,4850.5,10147
BLUEJET,20260916,553.0,575.0,543.75,565.05,1113127
BLUESTARCO,20260916,1483.3,1515.0,1472.0,1504.0,525657
BLUESTONE,20260916,838.0,863.8,798.2,856.0,806703
BLUSPRING,20260916,125.0,128.46,112.75,124.46,576465
BMWVENTLTD,20260916,51.21,59.0,50.7,51.8,652482
BNAGROCHEM,20260916,199.9,205.0,199.9,202.34,659
BNALTD,20260916,381.65,381.65,370.0,370.0,29
BNKETFAXIS,20260916,577.46,582.47,576.74,579.81,558
BODALCHEM,20260916,176.7,178.76,167.83,173.46,1821210
BOHRAIND,20260916,13.79,13.79,13.5,13.5,640
BOMDYEING,20260916,107.99,108.1,105.01,107.16,514540
BONLON,20260916,39.02,39.41,37.76,38.81,3542
BORANA,20260916,303.5,309.35,298.0,303.05,38658
BOROLTD,20260916,248.33,250.0,240.64,246.76,131207
BORORENEW,20260916,460.7,461.85,443.0,446.0,710811
BOROSCI,20260916,121.9,122.9,115.54,118.52,58547
BOSCH-HCIL,20260916,1667.4,1690.0,1631.6,1674.2,20673
BOSCHLTD,20260916,47100.0,48325.0,46850.0,47555.0,34806
BPCL,20260916,301.0,304.0,298.1,303.35,4428358
BPL,20260916,47.6,47.6,45.36,46.73,41913
BPLPHARMA,20260916,1570.0,1570.0,1500.0,1509.8,515
BRAHMINFRA,20260916,158.44,158.44,142.1,155.58,5582
BRIGADE,20260916,612.0,630.15,598.6,626.85,264994
BRIGHOTEL,20260916,56.31,56.9,55.75,55.85,101442
BRIGHTBR,20260916,245.05,252.0,232.25,252.0,585
BRITANNIA,20260916,4947.5,5036.5,4933.0,4999.5,250873
BRNL,20260916,16.59,16.95,16.05,16.24,29812
BROOKS,20260916,64.49,64.7,59.13,61.02,51525
BSE,20260916,3310.0,3317.0,3225.0,3240.0,2894042
BSE500IETF,20260916,38.03,38.43,37.26,38.2,84303
BSHSL,20260916,85.0,88.0,84.46,84.78,11809
BSL,20260916,119.89,119.89,117.81,117.97,1724
BSLGOLDETF,20260916,132.2,133.15,132.2,132.9,312123
BSLNIFTY,20260916,27.5,28.01,27.02,27.47,964485
BSLSENETFG,20260916,74.46,76.0,74.46,75.9,3679
BSOFT,20260916,286.2,287.8,279.3,281.25,1260023
BTML,20260916,7.89,7.89,7.43,7.57,106229
BTTL,20260916,40.65,41.9,40.65,41.89,3263
BUILDPRO,20260916,1289.9,1309.4,1252.7,1271.0,43132
BURNPUR,20260916,15.2,16.67,15.09,16.67,75037
BUTTERFLY,20260916,584.0,590.0,566.0,576.85,14048
BVCL,20260916,41.44,41.54,40.0,40.71,13663
BYKE,20260916,30.55,30.8,29.7,29.77,31180
CALSOFT,20260916,36.6,37.4,35.97,35.97,64879
CAMLINFINE,20260916,100.0,100.99,97.1,98.12,379806
CAMPUS,20260916,212.0,214.3,208.69,211.47,442078
CAMS,20260916,713.0,718.25,700.15,705.7,848314
CANBK,20260916,122.8,123.7,121.81,123.2,13945737
CANFINHOME,20260916,790.0,791.95,769.0,771.95,289578
CANHLIFE,20260916,150.2,154.54,147.27,153.92,545308
CANTABIL,20260916,240.6,243.2,237.02,238.95,227852
CAPACITE,20260916,190.37,191.44,185.25,186.88,290665
CAPILLARY,20260916,476.9,476.9,449.6,452.05,514440
CAPITALSFB,20260916,270.0,275.0,269.05,273.25,6767
CAPLIPOINT,20260916,2581.0,2606.7,2490.5,2583.0,212393
CAPTRUST,20260916,17.89,18.39,17.55,17.6,28068
CARBORUNIV,20260916,1031.8,1055.5,1018.1,1051.6,96977
CARERATING,20260916,1630.5,1659.0,1602.8,1652.5,28271
CARRARO,20260916,521.0,521.0,506.1,508.85,65060
CARTRADE,20260916,3037.0,3064.9,2856.7,2885.3,416850
CARYSIL,20260916,1122.0,1131.6,1091.3,1118.4,74682
CASHIETF,20260916,1079.7,1079.7,1079.68,1079.68,105529
CASTROLIND,20260916,187.51,189.45,187.05,188.84,1359799
CCAVENUE,20260916,15.95,15.95,15.25,15.32,10593710
CCCL,20260916,13.6,14.18,13.52,13.61,170456
CCHHL,20260916,12.18,12.9,12.18,12.5,10753
CCL,20260916,1056.2,1080.7,1043.6,1065.5,103629
CDSL,20260916,1311.0,1319.9,1284.0,1299.0,1055453
CEATLTD,20260916,3286.0,3324.0,3241.3,3305.6,48579
CEIGALL,20260916,380.0,393.8,372.0,386.8,393782
CEINSYS,20260916,674.95,686.75,665.0,673.05,58089
CELEBRITY,20260916,6.9,6.9,6.68,6.73,10862
CELLO,20260916,328.0,329.95,319.45,323.4,212024
CEMNTGROWW,20260916,14.0,14.08,13.73,13.85,171688
CEMPRO,20260916,1218.3,1267.4,1209.1,1235.1,553547
CENTENKA,20260916,553.15,565.0,535.8,561.45,51388
CENTEXT,20260916,19.81,20.1,18.67,19.49,633227
CENTRALBK,20260916,30.5,30.67,30.19,30.39,6327271
CENTRUM,20260916,21.85,21.99,20.92,21.52,150400
CENTUM,20260916,4049.5,4313.4,3900.2,4276.1,90062
CENTURYPLY,20260916,713.5,727.9,689.1,719.9,144990
CERA,20260916,5590.5,5708.5,5512.0,5646.0,9354
CESC,20260916,142.0,143.0,140.7,141.67,1662713
CEWATER,20260916,278.0,278.0,256.4,259.35,95434
CFEL,20260916,47.0,47.49,43.15,46.0,66304
CGCL,20260916,255.0,267.25,248.65,256.65,7620738
CGPOWER,20260916,858.0,864.2,838.55,851.55,1882336
CGVAK,20260916,148.7,148.7,141.6,144.11,1989
CHALET,20260916,841.0,854.6,828.15,844.1,83424
CHAMBLFERT,20260916,415.0,415.5,401.4,409.1,603060
CHEMBOND,20260916,199.4,199.4,176.8,190.06,20839
CHEMBONDCH,20260916,263.0,272.0,252.1,270.75,6762
CHEMCON,20260916,216.9,217.99,204.01,212.1,37182
CHEMCRUX,20260916,81.87,82.6,78.05,81.14,3017
CHEMFAB,20260916,358.4,366.8,353.1,358.0,2640
CHEMICAL,20260916,29.66,29.66,28.45,28.91,294836
CHEMPLASTS,20260916,165.0,169.44,161.0,166.12,170758
CHENNPETRO,20260916,1472.7,1487.0,1412.0,1456.0,1363010
CHEVIOT,20260916,1165.0,1179.0,1160.1,1175.1,1194
CHOICEGOLD,20260916,151.0,151.0,149.11,150.06,10121
CHOICEIN,20260916,740.35,741.6,722.5,725.65,204754
CHOLAFIN,20260916,1800.7,1800.7,1756.3,1765.6,1312956
CHOLAHLDNG,20260916,1501.5,1524.0,1485.0,1512.4,85920
CIEINDIA,20260916,371.9,379.75,366.9,375.8,270941
CIFL,20260916,19.42,20.63,18.56,20.2,375881
CINELINE,20260916,91.81,93.11,88.0,89.96,27119
CINEVISTA,20260916,14.89,14.89,13.6,13.88,27038
CIPLA,20260916,1351.0,1363.7,1344.3,1358.0,911572
CLEAN,20260916,820.95,827.45,806.25,820.0,348006
CLEANMAX,20260916,1303.1,1334.2,1265.0,1286.8,205827
CLEDUCATE,20260916,56.01,57.39,54.29,56.94,9973
CLSEL,20260916,281.6,305.95,274.1,298.25,200647
CMLL,20260916,477.85,484.6,468.0,475.4,380398
CMPDI,20260916,204.0,207.98,199.99,203.77,1289252
CMRGREEN,20260916,213.9,215.36,209.32,211.91,351172
CMSINFO,20260916,235.08,239.0,227.8,232.39,5544781
CNL,20260916,1065.0,1088.0,1050.0,1065.5,27962
COALINDIA,20260916,419.25,423.45,417.6,422.25,7049685
COASTCORP,20260916,37.25,37.69,35.6,36.18,73502
COCHINSHIP,20260916,1327.8,1330.0,1290.9,1319.0,1223182
COCKERILL,20260916,8210.0,8298.5,7771.0,7877.5,18330
COFFEEDAY,20260916,30.48,31.0,29.66,30.4,521794
COFORGE,20260916,1775.0,1784.4,1717.0,1766.7,3593943
COHANCE,20260916,425.6,434.6,416.2,432.95,320413
COLPAL,20260916,1833.9,1900.1,1830.1,1860.0,1465224
COMFINTE,20260916,5.86,6.18,5.82,5.88,146074
COMMOIETF,20260916,96.24,97.0,95.56,96.56,42166
COMPEAU,20260916,360.0,364.85,350.0,360.4,894
COMPINFO,20260916,1.1,1.1,1.03,1.08,15794
COMPUSOFT,20260916,13.18,13.18,12.73,12.84,16485
COMSYN,20260916,289.8,301.45,271.0,294.75,839631
CONCOR,20260916,484.0,491.3,480.7,488.8,443499
CONCORDBIO,20260916,1470.1,1484.2,1428.1,1453.8,105795
CONFIPET,20260916,85.0,88.0,82.1,86.58,2646137
CONS,20260916,11.67,11.79,11.65,11.67,12069
CONSOFINVT,20260916,300.4,308.4,300.15,303.15,1942
CONSUMAXIS,20260916,116.84,117.6,116.54,117.03,723
CONSUMBEES,20260916,125.81,129.0,125.58,127.09,136732
CONSUMER,20260916,11.84,11.84,11.39,11.65,183784
CONSUMIETF,20260916,117.68,118.69,117.0,117.91,20296
CONTROLPR,20260916,570.3,596.05,563.2,591.5,39907
CORALFINAC,20260916,32.93,33.41,32.03,32.4,7438
CORDELIA,20260916,111.0,113.25,106.72,108.19,2468400
CORDSCABLE,20260916,356.9,363.75,303.65,348.25,340527
COROMANDEL,20260916,1939.1,1945.0,1910.0,1937.8,88917
CORONA,20260916,2205.3,2245.0,2132.0,2143.6,28735
COSMOFIRST,20260916,860.0,898.0,842.5,878.05,56751
COUNCODOS,20260916,6.6,6.6,6.22,6.49,36281
CPCAP,20260916,141.0,143.05,138.45,140.77,42512
CPEDU,20260916,179.8,179.8,172.1,174.13,3045
CPL,20260916,62.7,64.89,62.01,62.26,19954
CPPLUS,20260916,3680.0,3699.0,3480.3,3547.7,315432
CPSEETF,20260916,92.75,92.75,91.71,92.32,567759
CRAFTSMAN,20260916,11260.0,11329.0,10600.0,11040.0,56874
CRAMC,20260916,231.75,234.45,226.6,228.55,435060
CRAVATEX,20260916,316.55,338.0,312.0,323.1,311
CREATIVEYE,20260916,5.87,5.87,5.56,5.59,4303
CREDITACC,20260916,1392.3,1423.8,1370.0,1416.5,188841
CREST,20260916,357.0,360.95,355.0,359.95,14808
CRESTO,20260916,16.89,16.89,16.0,16.34,13052
CRISIL,20260916,4644.0,4644.0,4494.2,4578.8,72153
CRIZAC,20260916,179.89,179.9,171.1,176.02,212621
CROMPTON,20260916,227.01,228.62,222.3,223.4,3565510
CROWN,20260916,105.03,111.0,102.7,107.54,9902
CRSL,20260916,2.56,2.62,2.43,2.49,271930
CSBBANK,20260916,297.9,337.0,297.8,328.75,8547841
CSLFINANCE,20260916,216.51,217.8,210.5,214.26,76689
CSM,20260916,91.99,103.45,88.68,96.22,6076531
CTE,20260916,39.05,41.8,38.11,40.45,5211
CUB,20260916,225.0,229.0,216.42,227.24,2169990
CUBEXTUB,20260916,75.85,75.98,74.5,75.09,23653
CUMMINSIND,20260916,4863.5,4985.0,4844.0,4940.0,399690
CUPID,20260916,284.5,287.0,276.0,280.0,8678314
CURAA,20260916,75.5,79.4,75.0,75.0,162
CYBERMEDIA,20260916,23.15,23.15,22.09,22.11,33623
CYBERTECH,20260916,140.0,142.5,138.0,141.16,7758
CYIENT,20260916,1078.9,1079.0,1030.3,1054.5,488288
CYIENTDLM,20260916,882.4,884.65,811.95,867.4,855768
DABUR,20260916,386.85,389.45,382.0,382.0,1792878
DAICHI,20260916,334.8,337.0,315.0,329.8,1354
DALBHARAT,20260916,1687.8,1704.5,1681.0,1693.6,58268
DALMIASUG,20260916,400.0,401.65,386.85,393.1,145925
DAMCAPITAL,20260916,139.0,141.2,134.39,135.99,231257
DAMODARIND,20260916,28.24,28.55,27.11,28.2,5864
DANGEE,20260916,2.84,2.92,2.7,2.73,38911
DATAMATICS,20260916,761.05,767.45,739.0,755.55,69650
DATAPATTNS,20260916,4380.5,4386.7,4140.0,4321.7,1076930
DAVANGERE,20260916,2.2,2.22,2.07,2.14,19163359
DBCORP,20260916,184.01,188.3,182.51,186.49,46883
DBEIL,20260916,6.94,6.97,6.51,6.74,121766
DBL,20260916,401.0,415.0,390.4,406.2,309785
DBOL,20260916,114.79,114.79,110.65,113.41,85045
DBREALTY,20260916,97.6,98.28,93.9,95.2,1376448
DBSTOCKBRO,20260916,27.8,28.0,27.51,27.99,1223
DCAL,20260916,164.26,167.99,158.5,162.08,183948
DCBBANK,20260916,222.82,223.93,215.46,219.94,912819
DCI,20260916,266.9,280.8,255.6,264.15,376664
DCM,20260916,75.06,77.02,74.98,76.27,16150
DCMFINSERV,20260916,5.21,5.21,4.85,5.14,18394
DCMNVL,20260916,173.89,176.4,172.5,174.05,8488
DCMSHRIRAM,20260916,990.0,1002.0,975.2,986.3,45772
DCMSIL,20260916,68.15,70.87,67.52,69.28,65734
DCMSRIND,20260916,38.31,39.51,37.06,38.68,247070
DCW,20260916,44.55,44.84,43.19,44.26,851390
DCXINDIA,20260916,161.6,162.39,156.12,160.76,768094
DDEVPLSTIK,20260916,253.15,255.1,245.6,252.2,86381
DECCANCE,20260916,562.4,579.95,555.55,570.0,26043
DECNGOLD,20260916,224.0,225.99,216.6,220.67,1128957
DEEDEV,20260916,600.0,636.7,577.65,634.65,309277
DEEP,20260916,46.59,47.0,42.0,43.47,33346
DEEPA,20260916,173.99,174.49,164.79,171.82,3436863
DEEPAKFERT,20260916,1297.9,1318.8,1269.1,1315.0,173758
DEEPAKNTR,20260916,1562.8,1598.0,1546.2,1590.5,443065
DEEPINDS,20260916,727.2,743.9,688.0,735.15,707797
DEFENCE,20260916,77.67,77.67,75.35,76.93,472845
DELHIVERY,20260916,418.05,428.15,414.6,421.8,3025177
DELPHIFX,20260916,5.7,5.8,5.3,5.46,94799
DELTACORP,20260916,53.8,57.1,51.66,55.19,2596609
DELTAMAGNT,20260916,57.45,57.45,52.2,54.88,7247
DEN,20260916,26.47,26.68,26.12,26.42,231818
DENORA,20260916,801.65,809.95,781.55,788.1,1735
DENTA,20260916,276.6,296.3,267.35,282.05,300277
DEVIT,20260916,23.36,24.7,23.1,23.34,23973
DEVX,20260916,32.16,34.9,32.16,33.96,110612
DEVYANI,20260916,135.53,137.9,135.16,136.69,1326172
DGCONTENT,20260916,23.75,23.94,23.6,23.88,3051
DHABRIYA,20260916,498.0,510.0,478.55,482.45,3211
DHAMPURSUG,20260916,157.4,157.4,150.1,152.74,665496
DHANBANK,20260916,29.85,30.18,29.05,29.42,511194
DHANUKA,20260916,959.7,974.0,931.2,961.85,38687
DHARAN,20260916,0.14,0.14,0.13,0.13,7585692
DHARMAJ,20260916,268.3,271.95,266.15,269.4,48933
DHATRE,20260916,4.4,4.4,4.06,4.11,31101
DHOOTTRANS,20260916,1525.0,1614.4,1400.4,1590.9,6172314
DHRUV,20260916,21.76,22.88,21.04,21.46,10601
DHUNINV,20260916,980.0,988.6,962.0,977.2,429
DIACABS,20260916,383.8,404.0,368.15,394.75,1589608
DIAMINESQ,20260916,259.0,261.0,248.62,256.19,7064
DIAMONDYD,20260916,1097.3,1119.9,1088.8,1102.2,6122
DICIND,20260916,600.0,623.6,590.05,610.3,3625
DIFFNKG,20260916,429.9,435.0,415.1,428.7,112103
DIGIDRIVE,20260916,17.58,18.75,17.11,17.22,39847
DIGISPICE,20260916,16.13,16.92,15.8,16.45,136926
DIGITIDE,20260916,85.0,88.08,82.6,86.25,188492
DIGJAMLMTD,20260916,62.04,62.05,61.75,61.75,4217
DISAQ,20260916,11705.0,11844.0,11602.0,11747.0,96
DISHTV,20260916,2.62,2.75,2.61,2.66,3311191
DIVGIITTS,20260916,1106.0,1147.3,1062.0,1119.7,143879
DIVIDEND,20260916,34.87,34.87,34.5,34.71,4182
DIVISLAB,20260916,9168.0,9180.0,8923.0,9158.0,878300
DIVOPPBEES,20260916,75.24,75.24,74.18,74.62,32131
DIXON,20260916,12985.0,13260.0,12850.0,13181.0,540673
DJML,20260916,79.85,80.29,75.6,78.14,95259
DLF,20260916,620.85,628.3,611.5,622.8,2223983
DLINKINDIA,20260916,418.45,420.75,406.3,418.0,56870
DMART,20260916,3679.0,3730.0,3670.0,3720.0,464459
DMCC,20260916,265.35,270.1,256.9,259.3,87873
DNAMEDIA,20260916,2.55,2.7,2.26,2.45,83926
DODLA,20260916,1083.9,1094.8,1059.9,1063.6,13702
DOLATALGO,20260916,68.25,68.43,66.21,67.47,127563
DOLLAR,20260916,262.05,268.8,259.05,266.8,66963
DOLLEX,20260916,38.8,38.8,35.9,37.0,26844
DOLPHIN,20260916,641.3,651.0,610.0,635.1,35409
DOMS,20260916,2102.6,2115.7,2061.3,2085.2,20224
DONEAR,20260916,82.46,83.5,82.01,82.06,10670
DPABHUSHAN,20260916,1336.8,1340.9,1290.0,1321.6,17595
DPSCLTD,20260916,7.06,7.2,6.92,7.07,46259
DPWIRES,20260916,141.39,145.0,141.39,143.49,5710
DRAGARWQ,20260916,5157.5,5325.0,5104.0,5269.5,3151
DRCSYSTEMS,20260916,12.95,12.95,12.4,12.48,41584
DREAMFOLKS,20260916,67.0,67.7,65.05,65.33,61208
DREDGECORP,20260916,994.9,994.9,961.1,987.8,45490
DRREDDY,20260916,1142.0,1149.9,1133.9,1140.0,1120896
DSFCL,20260916,24.54,25.76,23.45,25.75,49571
DSKULKARNI,20260916,21.84,21.84,21.84,21.84,119
DSSL,20260916,1047.5,1047.5,1011.6,1018.8,22429
DTIL,20260916,141.3,141.3,133.2,137.0,3017
DUCON,20260916,1.53,1.64,1.45,1.58,1986175
DVL,20260916,280.0,281.95,270.9,275.2,15512
DWARKESH,20260916,41.75,41.78,40.32,41.04,2115991
DYCL,20260916,436.0,438.15,416.65,433.0,387406
DYNAMATECH,20260916,12000.0,12151.0,11500.0,12077.0,28785
DYNPRO,20260916,226.61,231.39,224.4,230.04,9782
E2E,20260916,565.0,608.8,550.9,599.75,1076626
EASEMYTRIP,20260916,5.79,5.88,5.76,5.78,14917947
EASTSILK,20260916,65.0,65.0,60.33,61.24,151
EASTWEST,20260916,2.3,2.33,2.27,2.33,10315
EBANK10,20260916,16.1,16.77,16.09,16.52,940
EBANKNIFTY,20260916,56.48,56.87,56.26,56.61,422
EBBETF0430,20260916,1609.0,1609.0,1601.15,1604.0,7059
EBBETF0431,20260916,1425.79,1431.98,1424.15,1427.29,5837
EBBETF0433,20260916,1308.51,1311.36,1300.2,1309.64,4937
EBGNG,20260916,675.0,679.9,625.6,645.55,1024574
EBIX,20260916,20.0,20.0,18.8,19.39,26923
ECAPINSURE,20260916,22.95,23.16,22.54,23.03,41645
ECLERX,20260916,1890.5,1968.0,1848.2,1961.2,182677
ECORECO,20260916,427.4,429.85,415.1,425.1,11414
ECOSMOBLTY,20260916,106.21,108.19,105.29,106.37,45900
EDELWEISS,20260916,127.7,128.5,123.87,126.74,6116820
EFCIL,20260916,183.55,184.37,176.98,178.06,196331
EGOLD,20260916,150.05,151.1,150.05,150.95,43760
EICHERMOT,20260916,7430.0,7524.5,7406.0,7500.0,316258
EIDPARRY,20260916,702.75,707.0,685.5,703.05,314736
EIEL,20260916,197.98,198.99,190.5,194.87,495754
EIFFL,20260916,270.1,270.1,270.1,270.1,146
EIHAHOTELS,20260916,284.4,288.85,278.1,287.0,17383
EIHOTEL,20260916,284.15,294.0,283.5,292.1,671193
EIMCOELECO,20260916,2242.2,2339.9,2211.1,2277.1,58309
EKC,20260916,98.8,99.7,96.49,98.75,186889
EKI,20260916,69.0,71.0,67.0,67.57,23169
ELANTAS,20260916,13605.0,13676.0,12920.0,13436.0,3194
ELCIDIN,20260916,106300.0,108500.0,105305.0,107120.0,24
ELDEHSG,20260916,775.0,775.0,754.2,769.15,890
ELECON,20260916,413.0,413.05,402.4,407.35,162968
ELECTCAST,20260916,75.45,75.94,73.16,74.33,1233179
ELECTHERM,20260916,956.65,957.9,916.05,941.15,6788
ELGIEQUIP,20260916,615.0,615.05,590.1,592.5,533822
ELGIRUBCO,20260916,55.2,57.9,54.1,56.68,36113
ELIN,20260916,86.3,89.0,83.97,88.71,185837
ELIQUID,20260916,1048.2,1048.2,1047.85,1047.85,10860
ELITECON,20260916,8.83,8.9,8.15,8.15,2875950
ELLEN,20260916,356.5,390.6,343.0,374.65,2421472
ELM250,20260916,16.1,16.19,15.97,15.99,58374
ELMDIV,20260916,35.1,35.62,35.1,35.39,535
ELPROINTL,20260916,174.14,174.5,173.5,173.51,7268
EMAMILTD,20260916,375.0,376.0,365.8,369.3,1443979
EMAMIPAP,20260916,112.7,114.76,107.87,111.56,37534
EMAMIREAL,20260916,67.0,68.9,66.31,66.31,8902
EMBDL,20260916,55.4,55.5,53.31,53.68,1630746
EMCURE,20260916,2004.0,2013.0,1902.6,1931.9,248066
EMETAL,20260916,12.86,13.2,12.6,12.99,5130
EMIL,20260916,184.3,185.74,173.71,180.93,2115907
EMKAY,20260916,243.5,243.85,235.0,242.3,15157
EMMBI,20260916,90.84,90.84,86.8,87.75,3884
EMMVEE,20260916,322.5,330.6,318.6,321.7,1366386
EMPIND,20260916,1025.0,1034.0,1002.1,1026.9,1254
EMPOWER,20260916,2.43,2.49,2.43,2.48,43769639
EMSLIMITED,20260916,373.95,374.85,355.35,362.25,241061
EMUDHRA,20260916,625.0,677.0,600.35,642.3,30254888
EMULTIMQ,20260916,40.6,41.6,39.57,39.95,135756
ENDURANCE,20260916,2625.0,2659.0,2582.0,2628.4,72279
ENERGY,20260916,38.15,38.15,37.16,37.54,512476
ENERGYAXIS,20260916,19.47,19.81,18.58,18.71,85128
ENERGYDEV,20260916,14.2,14.83,14.0,14.08,33641
ENEXT50,20260916,70.16,71.0,69.8,70.54,236
ENGINERSIN,20260916,261.4,265.6,253.6,260.65,2212377
ENIFTY,20260916,23.47,23.51,23.27,23.33,16917
ENIL,20260916,101.9,102.79,99.26,100.34,7608
ENKEIWHEL,20260916,398.55,398.55,388.0,390.2,247
ENRIN,20260916,3028.0,3072.0,2968.0,3013.4,332338
ENTERO,20260916,1785.1,1800.3,1666.8,1731.8,236406
EPACK,20260916,177.34,181.32,175.04,178.09,354381
EPACKPEB,20260916,222.01,224.0,213.22,221.47,428491
EPIGRAL,20260916,1092.2,1092.2,1054.1,1084.0,21627
EPL,20260916,234.5,236.7,228.0,233.9,1925799
EQUAL200,20260916,13.36,13.36,13.2,13.34,29398
EQUAL50,20260916,321.44,321.61,318.92,320.85,1416
EQUAL50ADD,20260916,332.0,332.48,329.28,331.44,36479
EQUIPPP,20260916,23.4,24.5,22.71,24.39,48431
EQUITASBNK,20260916,71.39,74.5,70.82,73.5,2177983
ERIS,20260916,1296.2,1324.7,1282.8,1303.2,15100
ESABINDIA,20260916,5779.0,5779.0,5606.0,5675.0,3839
ESAFSFB,20260916,38.81,39.88,37.11,38.96,464010
ESCORTS,20260916,2840.0,2864.9,2791.1,2815.6,63932
ESDS,20260916,1820.0,1820.0,1733.5,1733.5,1728190
ESENSEX,20260916,74.9,76.01,74.8,75.27,72
ESG,20260916,39.88,40.0,39.69,39.91,1627
ESILVER,20260916,225.73,229.52,225.73,228.89,663442
ESSARSHPNG,20260916,16.48,16.48,15.45,15.53,227399
ESSENTIA,20260916,1.04,1.05,1.03,1.04,1782429
ESTER,20260916,87.27,87.69,85.05,86.24,40282
ETERNAL,20260916,316.25,318.35,310.8,317.0,11286053
ETHOSLTD,20260916,2602.0,2639.0,2520.0,2612.5,47503
EUREKAFORB,20260916,396.0,401.15,385.0,394.15,218699
EUROBOND,20260916,148.0,150.0,144.01,149.84,1652
EUROPRATIK,20260916,241.0,249.35,233.5,240.05,153538
EUROTEXIND,20260916,12.35,12.35,11.98,12.35,1333
EVEREADY,20260916,337.0,341.8,327.9,333.95,61719
EVERESTIND,20260916,399.0,405.0,390.0,401.35,2278
EVIETF,20260916,31.74,33.33,31.11,31.84,59450
EVINDIA,20260916,31.5,31.65,31.17,31.5,129716
EXCELINDUS,20260916,980.2,980.2,940.1,966.8,12959
EXCELSOFT,20260916,78.59,82.0,75.31,80.17,2760983
EXICOM,20260916,169.5,171.99,156.29,162.72,1815871
EXIDEIND,20260916,407.8,419.65,407.8,415.5,2177347
EXPLEOSOL,20260916,867.0,890.0,842.0,879.85,44424
EXXARO,20260916,6.48,6.48,6.22,6.25,128126
FABTECH,20260916,145.75,146.68,142.52,145.66,55594
FACT,20260916,754.55,756.35,740.05,749.0,76634
FAIRCHEMOR,20260916,608.0,624.9,585.2,619.25,7995
FAZE3Q,20260916,467.85,475.05,445.0,447.2,33939
FCL,20260916,53.48,54.13,49.34,53.07,29438708
FCSSOFT,20260916,1.43,1.43,1.4,1.41,1385664
FDC,20260916,350.7,358.8,340.05,350.2,238731
FEDDERSHOL,20260916,49.5,52.25,49.5,50.81,4985896
FEDERALBNK,20260916,341.8,346.0,340.1,341.8,2857474
FEDFINA,20260916,153.51,155.62,148.41,150.76,854914
FEL,20260916,0.38,0.38,0.36,0.36,69844
FELDVR,20260916,2.05,2.05,2.0,2.05,2663
FERMENTA,20260916,472.15,477.9,450.0,470.0,111404
FIBERWEB,20260916,25.76,26.9,25.07,26.08,22525
FIEMIND,20260916,1938.1,1965.0,1913.7,1927.9,64556
FILATEX,20260916,81.0,88.0,80.3,87.22,4978051
FILATFASH,20260916,0.18,0.19,0.18,0.18,11830382
FINCABLES,20260916,1344.2,1394.9,1299.1,1362.6,1264308
FINEORG,20260916,5115.0,5249.0,5037.5,5193.0,36658
FINIETF,20260916,31.65,31.83,31.28,31.61,202174
FINKURVE,20260916,72.6,78.99,71.2,72.99,420501
FINOPB,20260916,141.23,146.8,135.2,136.05,504308
FINPIPE,20260916,152.0,152.76,148.05,151.05,388076
FIRSTCRY,20260916,170.5,173.39,165.01,170.02,5950243
FISCHER,20260916,34.7,34.71,32.96,33.5,366426
FIVESTAR,20260916,544.65,552.65,532.3,549.4,549733
FLAIR,20260916,234.1,236.17,228.0,231.89,67634
FLEXIADD,20260916,9.69,9.73,9.6,9.68,133274
FLEXITUFF,20260916,2.35,2.35,2.35,2.35,11329
FLFL,20260916,1.15,1.17,1.1,1.12,70205
FLUOROCHEM,20260916,4602.0,4620.0,4439.6,4533.6,104607
FMCGADD,20260916,45.65,45.98,45.33,45.94,27665
FMCGIETF,20260916,48.5,49.2,48.49,49.14,1672884
FMGOETZE,20260916,447.9,453.65,432.5,446.8,286717
FMNL,20260916,9.11,9.3,9.1,9.28,4137
FOCUS,20260916,60.87,61.39,59.25,60.67,13908
FOODSIN,20260916,52.64,53.98,49.15,51.98,138960
FORCEMOT,20260916,17300.0,17501.0,17187.0,17383.0,56841
FORTIS,20260916,880.0,880.1,861.4,870.3,1094839
FOSECOIND,20260916,6224.5,7040.0,6141.0,6846.5,178685
FRACTAL,20260916,750.0,751.0,735.0,738.6,166944
FREDUN,20260916,1322.5,1345.8,1195.2,1221.6,306726
FRONTSP,20260916,1225.0,1225.0,1178.1,1185.8,22377
FSL,20260916,278.0,280.95,268.5,277.75,4437986
FUSION,20260916,186.68,188.97,182.13,182.73,528710
GABRIEL,20260916,1292.4,1309.4,1268.2,1295.7,275589
GAEL,20260916,159.0,159.51,152.64,157.16,1060772
GAIL,20260916,170.88,171.88,168.72,170.65,3949470
GAJA,20260916,142.73,144.45,137.5,138.83,551950
GALAPREC,20260916,986.6,1016.8,969.0,999.9,30901
GALAXYSURF,20260916,2112.9,2171.6,2078.7,2156.3,26358
GALLANTT,20260916,539.6,542.9,521.5,524.95,147112
GANDHAR,20260916,262.45,262.95,247.05,258.95,888416
GANDHITUBE,20260916,851.0,914.5,850.0,900.9,9851
GANECOS,20260916,1007.0,1016.0,983.2,1000.2,45692
GANESHBE,20260916,125.0,125.0,119.09,119.24,108181
GANESHCP,20260916,163.5,164.32,160.42,163.07,61120
GANESHHOU,20260916,745.1,754.95,726.3,740.65,25380
GANGAFORGE,20260916,1.64,1.65,1.58,1.59,1340813
GANGESSECU,20260916,113.52,117.0,113.0,115.01,403
GARFIBRES,20260916,781.95,804.75,762.15,800.6,44337
GARUDA,20260916,175.25,177.98,170.7,175.98,449765
GATECH,20260916,0.67,0.67,0.67,0.67,6062103
GATECHDVR,20260916,0.49,0.5,0.47,0.48,618204
GATEWAY,20260916,52.37,53.5,51.51,52.34,366855
GAUDIUMIVF,20260916,115.01,118.9,111.4,116.42,135695
GAYAHWS,20260916,1.92,1.93,1.81,1.84,205869
GAYAPROJ,20260916,26.4,27.0,24.85,24.85,1543449
GCSL,20260916,604.6,604.6,560.0,594.75,1045600
GEECEE,20260916,365.0,367.6,334.05,367.15,3782
GEEKAYWIRE,20260916,31.1,31.72,29.05,30.56,540043
GEMAROMA,20260916,156.7,158.82,154.0,156.07,65058
GENCON,20260916,42.98,42.98,38.11,39.02,364890
GENESYS,20260916,289.0,295.88,270.1,276.71,1018076
GENSOL,20260916,17.48,17.48,16.64,16.84,34774
GENUSPAPER,20260916,11.38,11.74,10.87,11.11,117821
GENUSPOWER,20260916,306.0,307.2,291.0,301.55,1972232
GEOJITFSL,20260916,77.5,78.0,75.36,76.9,227487
GESHIP,20260916,1390.4,1395.0,1358.8,1391.6,736615
GFLLIMITED,20260916,54.18,56.23,53.49,54.65,50994
GFSTEELS,20260916,23.08,23.08,23.08,23.08,2929
GHCL,20260916,423.0,424.5,415.0,418.85,128473
GHCLTEXTIL,20260916,119.0,124.08,117.03,121.68,550150
GICHSGFIN,20260916,135.4,136.0,132.94,134.92,64056
GICL,20260916,25.0,25.0,23.9,24.69,152986
GICRE,20260916,340.45,342.15,337.0,337.75,328457
GILLANDERS,20260916,102.4,105.01,102.4,103.0,3145
GILLETTE,20260916,7249.0,7295.5,7180.0,7275.5,7886
GILT10BETA,20260916,26.08,26.61,26.0,26.59,464
GILT5BETA,20260916,66.57,66.99,65.61,66.79,838
GILT5YBEES,20260916,66.7,66.7,65.58,65.74,141028
GINNIFILA,20260916,42.43,42.49,40.77,41.06,13767
GIPCL,20260916,187.0,191.75,181.1,185.14,490068
GKB,20260916,65.8,66.12,62.2,62.37,916
GKENERGY,20260916,122.5,123.6,119.61,119.91,358279
GKSL,20260916,173.99,175.83,163.94,172.33,505195
GKWLIMITED,20260916,1551.0,1607.0,1522.9,1589.2,251
GLAND,20260916,2877.0,2914.2,2792.4,2826.6,748751
GLASSWALL,20260916,194.0,229.0,185.2,214.85,50839300
GLAXO,20260916,2818.0,2878.0,2755.9,2856.2,85460
GLENMARK,20260916,2371.7,2425.8,2306.3,2410.0,677704
GLFL,20260916,5.4,5.4,5.01,5.35,5706
GLOBAL,20260916,127.0,131.98,124.5,128.89,214392
GLOBALE,20260916,11.7,11.7,11.12,11.12,284
GLOBALVECT,20260916,129.5,134.39,125.5,126.96,9529
GLOBE,20260916,1.79,1.79,1.75,1.77,179969
GLOBECIVIL,20260916,44.9,45.44,42.03,42.56,61442
GLOBUSSPR,20260916,825.0,844.0,810.9,839.05,57697
GLOSTERLTD,20260916,575.0,589.9,570.0,578.95,465
GLOTTIS,20260916,59.03,59.03,57.0,58.01,34936
GMBREW,20260916,905.7,917.0,883.05,912.65,29171
GMDCLTD,20260916,553.45,557.0,535.05,543.35,801915
GMMPFAUDLR,20260916,1348.0,1355.0,1300.1,1335.0,586784
GMRAIRPORT,20260916,93.15,93.81,91.99,92.46,8814802
GMRP&UI,20260916,89.91,94.2,88.12,93.16,2290502
GNA,20260916,533.0,539.7,504.2,529.85,210288
GNFC,20260916,540.6,545.6,528.8,539.75,367982
GNRL,20260916,102.8,102.8,99.1,99.87,92414
GOACARBON,20260916,388.75,400.0,384.0,390.6,37318
GOCLCORP,20260916,440.0,440.0,415.85,428.4,199597
GOCOLORS,20260916,306.8,310.2,298.0,303.6,79421
GODAVARIB,20260916,226.63,258.87,224.0,236.94,9406369
GODFRYPHLP,20260916,1924.0,1938.7,1895.0,1934.0,167013
GODIGIT,20260916,252.6,254.95,248.25,250.9,155492
GODREJAGRO,20260916,644.0,650.0,630.1,647.35,125139
GODREJCP,20260916,856.0,876.85,856.0,863.0,1427742
GODREJIND,20260916,1107.0,1172.0,1078.0,1136.5,463606
GODREJPROP,20260916,1666.9,1703.7,1647.6,1665.3,783588
GOKEX,20260916,741.2,743.15,705.95,725.35,273049
GOKUL,20260916,40.65,40.65,38.75,39.39,157381
GOKULAGRO,20260916,219.8,219.96,213.01,218.43,222970
GOLD1,20260916,125.53,126.35,125.53,126.08,3393728
GOLD360,20260916,146.2,147.8,137.15,147.35,130306
GOLDADD,20260916,14.72,14.77,14.63,14.69,3004420
GOLDAXIS,20260916,125.79,125.98,125.4,125.92,1451503
GOLDBEES,20260916,124.6,125.05,124.43,124.91,13858810
GOLDBETA,20260916,127.35,127.4,126.65,127.15,386720
GOLDBND,20260916,149.7,152.28,149.7,151.13,14446
GOLDCASE,20260916,23.68,23.82,23.68,23.78,6622272
GOLDENTOBC,20260916,25.0,25.29,23.77,23.77,3696
GOLDETF,20260916,146.77,147.0,146.33,146.81,1182514
GOLDIAM,20260916,324.7,329.95,317.0,321.8,408492
GOLDIETF,20260916,129.15,129.6,128.93,129.44,2824470
GOLDTECH,20260916,42.6,42.6,40.7,41.29,27399
GOODLUCK,20260916,519.15,527.05,495.5,510.3,533794
GOODYEAR,20260916,720.0,729.8,708.1,712.05,3200
GOPAL,20260916,249.3,257.95,248.0,254.4,117717
GOYALALUM,20260916,5.93,6.08,5.81,5.9,32092
GPIL,20260916,237.68,238.0,231.24,236.49,1238726
GPPL,20260916,162.15,163.3,158.35,162.24,1409967
GPTHEALTH,20260916,158.42,164.06,155.0,163.3,135814
GPTINFRA,20260916,111.72,112.51,109.65,111.0,114845
GRADIENTE,20260916,2.49,2.49,2.34,2.34,270800
GRANDOAK,20260916,34.8,36.43,34.0,34.08,1703
GRANULES,20260916,869.0,872.0,829.0,835.6,2651978
GRAPHITE,20260916,785.0,818.7,774.6,805.05,3021853
GRASIM,20260916,3190.0,3201.8,3159.1,3187.0,859973
GRAUWEIL,20260916,73.2,75.04,70.4,73.56,517563
GRAVISSHO,20260916,49.0,49.9,42.28,42.37,94415
GRAVITA,20260916,1639.3,1646.5,1601.3,1622.7,100063
GREAVESCOT,20260916,186.05,187.7,178.71,185.64,949927
GREENLAM,20260916,227.7,232.08,221.67,230.86,29337
GREENPANEL,20260916,152.7,154.25,148.51,152.77,620970
GREENPLY,20260916,275.0,284.2,275.0,281.1,99357
GREENPOWER,20260916,9.21,9.21,8.91,9.06,2506910
GRINDWELL,20260916,1824.7,1867.9,1818.5,1852.9,21384
GRINFRA,20260916,835.0,840.55,815.6,819.05,25372
GRMOVER,20260916,82.6,83.85,79.34,82.02,1077928
GROBTEA,20260916,959.4,959.4,938.2,938.95,13
GROWW,20260916,194.0,194.56,188.4,189.76,147977809
GROWWCAPM,20260916,11.1,11.15,10.85,11.03,832378
GROWWCHEM,20260916,29.24,29.24,28.33,28.97,48615
GROWWDEFNC,20260916,91.97,93.0,89.23,91.79,460123
GROWWEV,20260916,31.58,31.58,31.03,31.21,298822
GROWWGOLD,20260916,14.75,14.78,14.7,14.76,1752135
GROWWHOSPI,20260916,51.92,52.35,50.57,51.14,332991
GROWWLIQID,20260916,110.87,110.87,110.76,110.76,243164
GROWWLOVOL,20260916,10.11,10.11,9.91,10.05,14072
GROWWMC150,20260916,225.3,227.99,221.53,224.33,399
GROWWMETAL,20260916,12.38,12.38,11.97,12.05,453032
GROWWMOM50,20260916,10.65,10.69,10.46,10.66,155290
GROWWN200,20260916,10.92,11.25,10.82,10.94,53232
GROWWNET,20260916,10.64,10.94,10.49,10.72,1809603
GROWWNIFTY,20260916,9.44,9.45,9.33,9.43,752550
GROWWNXT50,20260916,72.68,72.68,70.01,72.43,7750
GROWWPOWER,20260916,11.24,11.24,10.85,10.93,1833790
GROWWPSE,20260916,97.68,97.68,94.85,95.52,3791
GROWWPSUBK,20260916,82.88,83.79,81.35,83.33,5330
GROWWRAIL,20260916,26.87,27.0,26.4,26.75,720691
GROWWRLTY,20260916,9.39,9.39,9.05,9.28,366826
GROWWSC250,20260916,10.52,10.59,10.1,10.41,283009
GROWWSLVR,20260916,22.5,22.5,22.31,22.38,1498334
GRPLTD,20260916,2046.2,2046.2,1916.1,1979.3,2182
GRSE,20260916,2370.0,2370.0,2290.0,2314.6,428399
GRWRHITECH,20260916,6625.0,6640.0,6392.0,6431.0,63165
GSEC10ABSL,20260916,111.24,111.92,111.24,111.92,16
GSEC10IETF,20260916,262.81,263.5,255.0,262.2,203235
GSEC10YEAR,20260916,30.04,30.47,30.04,30.19,1875
GSEC5IETF,20260916,66.17,66.74,65.56,65.62,3276
GSFC,20260916,151.85,152.24,147.15,149.16,1062067
GSLSU,20260916,27.15,28.77,27.11,27.51,34366
GSPCROP,20260916,473.1,489.0,472.0,482.95,504025
GSS,20260916,10.47,10.47,9.6,10.08,28633
GTECJAINX,20260916,28.3,29.0,27.11,27.61,5433
GTL,20260916,7.01,7.25,6.95,7.1,144365
GTLINFRA,20260916,1.13,1.14,1.11,1.11,25238570
GTPL,20260916,57.11,58.74,55.8,56.46,49981
GUFICBIO,20260916,424.45,424.45,404.1,419.85,112795
GUJALKALI,20260916,692.0,709.55,674.0,696.5,88806
GUJAPOLLO,20260916,340.0,344.0,332.2,338.1,50739
GUJENERGY,20260916,244.36,245.87,241.5,244.24,1082398
GUJRAFFIA,20260916,42.35,42.35,40.05,40.23,2348
GUJTHEM,20260916,425.9,427.95,401.95,412.6,394301
GULFOILLUB,20260916,1057.3,1065.2,1032.8,1057.2,25186
GULFPETRO,20260916,60.0,62.5,57.96,61.1,161491
GULPOLY,20260916,170.6,170.6,165.06,168.89,135723
GVKPIL,20260916,2.33,2.33,2.33,2.33,2042477
GVPIL,20260916,628.95,630.0,597.75,616.1,128227
GVPTECH,20260916,7.5,7.74,7.42,7.65,40085
GVT&D,20260916,4238.1,4315.7,4149.7,4267.0,717611
GYFTR,20260916,176.1,182.1,176.1,178.11,19937
HAL,20260916,4690.0,4709.6,4615.8,4695.6,679509
HALDER,20260916,258.0,288.5,258.0,285.95,21626
HALDYNGL,20260916,140.26,144.8,138.5,140.91,52067
HALEOSLABS,20260916,1450.6,1524.0,1450.6,1507.9,2124
HAMPTON,20260916,8.0,8.72,7.85,8.55,314251
HAPPSTMNDS,20260916,327.85,333.9,322.85,327.45,953262
HAPPYFORGE,20260916,2065.0,2178.0,2065.0,2155.9,168189
HARDWYN,20260916,9.05,9.11,8.97,9.04,2829919
HARIOMPIPE,20260916,348.0,356.95,346.1,350.35,104808
HARRMALAYA,20260916,182.7,182.7,176.44,178.71,4508
HARSHA,20260916,425.0,432.2,407.85,430.0,189658
HATHWAY,20260916,9.94,10.12,9.86,10.0,1263943
HATSUN,20260916,1273.1,1275.0,1206.1,1214.0,88440
HAVELLS,20260916,1093.0,1106.9,1084.8,1089.9,726459
HAVISHA,20260916,1.34,1.39,1.3,1.33,18072
HAWKINCOOK,20260916,8375.0,8375.0,8200.0,8296.5,1644
HAZOOR,20260916,18.8,19.29,18.01,18.51,194145
HBESD,20260916,69.01,74.01,69.0,71.02,319
HBLENGINE,20260916,719.0,719.0,692.0,704.65,831268
HBPOR,20260916,65.0,65.0,59.0,62.3,1402
HBSL,20260916,53.11,53.11,50.55,52.24,1508
HCC,20260916,21.4,21.44,20.64,21.04,21826373
HCG,20260916,678.3,684.3,644.95,674.15,241632
HCL-INSYS,20260916,10.15,10.15,10.0,10.0,104971
HCLTECH,20260916,1262.5,1284.6,1244.9,1253.0,3049093
HDBFS,20260916,664.7,678.8,662.7,678.0,294552
HDFCAMC,20260916,2383.1,2408.5,2360.0,2373.1,482108
HDFCBANK,20260916,714.9,725.4,710.85,721.5,27476943
HDFCBSE500,20260916,36.0,36.99,35.6,36.59,1443873
HDFCGOLD,20260916,128.8,129.39,128.61,129.11,2989552
HDFCGROWTH,20260916,117.75,117.75,113.71,115.2,6856
HDFCLIFE,20260916,522.0,534.0,517.0,530.2,3970025
HDFCLIQUID,20260916,1078.04,1078.06,1078.04,1078.05,24738
HDFCLOWVOL,20260916,19.87,19.95,19.63,19.8,3347
HDFCMID150,20260916,22.71,22.79,22.39,22.72,527369
HDFCMOMENT,20260916,30.14,30.34,29.64,30.09,136259
HDFCNEXT50,20260916,70.73,72.43,70.73,72.13,128348
HDFCNIF100,20260916,25.18,25.28,25.0,25.24,38353
HDFCNIFBAN,20260916,57.69,58.03,57.54,57.93,45470
HDFCNIFIT,20260916,31.79,31.82,30.9,30.96,125151
HDFCNIFTY,20260916,262.7,262.84,261.08,262.14,1280964
HDFCNIMEG,20260916,130.7,130.7,125.73,127.21,141137
HDFCPSUBK,20260916,83.19,83.9,82.75,83.78,21240
HDFCPVTBAN,20260916,27.76,27.93,27.65,27.8,134447
HDFCQUAL,20260916,56.69,56.86,56.31,56.71,4138
HDFCSENSEX,20260916,83.98,84.8,83.92,84.78,59228
HDFCSILVER,20260916,217.75,219.27,217.75,218.6,2201761
HDFCSML250,20260916,181.32,182.66,176.51,181.06,3533603
HDFCVALUE,20260916,122.95,123.55,121.22,121.57,12694
HDIL,20260916,1.5,1.51,1.45,1.47,83164
HEADSUP,20260916,7.01,7.25,6.77,6.89,92166
HEALTHADD,20260916,16.48,17.0,16.19,16.29,20520
HEALTHAXIS,20260916,166.34,166.5,164.44,165.48,5023
HEALTHCARE,20260916,21.82,21.82,19.26,21.33,21058
HEALTHIETF,20260916,168.43,168.99,165.28,166.98,108076
HEALTHX,20260916,306.0,306.9,293.95,298.1,3534
HEALTHY,20260916,16.84,17.15,16.6,16.77,358358
HECPROJECT,20260916,117.53,118.11,111.4,114.45,13832
HEG,20260916,214.1,225.25,214.1,215.05,3358403
HEIDELBERG,20260916,145.77,145.93,139.95,141.2,291016
HEMIPROP,20260916,118.05,118.05,115.2,117.67,160025
HERANBA,20260916,167.85,169.89,161.04,163.31,36171
HERITGFOOD,20260916,393.85,413.6,384.3,408.65,775192
HEROMOTOCO,20260916,5200.0,5315.0,5186.5,5235.0,525693
HESTERBIO,20260916,2147.0,2305.0,2130.0,2207.7,4571
HEXAGON,20260916,64.54,65.27,63.0,63.96,872829
HEXATRADEX,20260916,158.99,158.99,154.0,156.37,1415
HEXT,20260916,517.0,524.85,510.0,522.75,162429
HFCL,20260916,214.6,216.4,210.91,212.91,7489358
HGINFRA,20260916,471.9,473.95,460.1,461.5,54377
HGM,20260916,46.79,47.5,46.2,46.81,2412
HGS,20260916,391.35,391.35,375.15,386.05,9360
HIKAL,20260916,211.87,226.0,203.83,224.38,1817632
HILINFRA,20260916,43.99,43.99,41.9,43.83,78958
HILTON,20260916,17.01,17.93,17.01,17.52,72492
HIMATSEIDE,20260916,65.05,65.35,63.25,64.76,353499
HINDADH,20260916,384.0,384.0,364.0,378.45,3121
HINDALCO,20260916,956.4,978.5,956.4,972.7,3439776
HINDALUMI,20260916,97.0,97.0,92.0,93.83,2229
HINDCOMPOS,20260916,378.2,380.0,367.0,374.3,2149
HINDCON,20260916,24.43,24.43,23.25,23.76,15512
HINDCOPPER,20260916,496.0,496.7,477.5,481.6,7244772
HINDOILEXP,20260916,175.5,183.0,170.1,180.44,971364
HINDPETRO,20260916,347.0,352.25,343.05,350.05,3786470
HINDUNILVR,20260916,1944.1,1977.0,1943.5,1962.0,1013304
HINDWAREAP,20260916,175.29,176.09,171.0,171.93,80014
HINDZINC,20260916,564.8,573.55,561.2,567.5,2902624
HIRECT,20260916,1205.7,1215.0,1156.7,1182.6,53206
HISARMETAL,20260916,158.7,158.75,155.5,155.5,203
HITECH,20260916,74.0,74.28,71.76,73.36,444665
HITECHCORP,20260916,330.4,335.0,329.4,330.5,8225
HITECHGEAR,20260916,532.0,579.0,526.0,527.5,4707
HLEGLAS,20260916,391.5,433.8,388.05,416.85,1168248
HLVLTD,20260916,6.4,7.0,6.27,6.79,815269
HMAAGRO,20260916,24.99,24.99,22.2,23.04,11554697
HMT,20260916,61.1,62.5,60.1,61.79,7809
HMVL,20260916,78.03,79.5,77.01,78.31,4610
HNDFDS,20260916,596.0,612.0,593.5,606.45,85796
HNGSNGBEES,20260916,470.08,470.08,462.8,464.42,57841
HOMEFIRST,20260916,1175.3,1187.0,1155.8,1175.9,144222
HONASA,20260916,457.0,472.0,449.35,469.3,736639
HONAUT,20260916,33600.0,34170.0,33510.0,33895.0,2373
HONDAPOWER,20260916,1925.0,1931.9,1890.0,1922.9,1842
HORIZONIND,20260916,53.58,53.9,52.46,52.91,2695151
HPAL,20260916,35.36,36.88,34.4,35.64,52106
HPIL,20260916,120.51,120.51,119.77,120.0,417
HPL,20260916,283.25,283.3,274.05,278.0,116910
HRYNSHP,20260916,96.86,100.0,96.1,100.0,68
HSBCGOLD,20260916,133.0,133.0,130.07,131.51,240672
HSCL,20260916,640.0,657.25,636.3,652.8,4620164
HTEL,20260916,78.4,78.4,71.79,74.21,3861012
HTMEDIA,20260916,23.55,23.9,22.75,22.99,246224
HUBTOWN,20260916,173.0,180.09,169.11,176.39,380751
HUDCO,20260916,169.02,171.2,167.11,169.73,985174
HUHTAMAKI,20260916,245.8,249.35,238.65,243.05,188067
HYBRIDETF,20260916,9.9,9.9,9.8,9.88,21981
HYBRIDFIN,20260916,16.21,16.5,16.2,16.21,2859
HYUNDAI,20260916,2140.0,2182.0,2135.4,2155.0,733017
IBULLSLTD,20260916,28.81,28.81,27.9,28.79,62047779
ICDSLTD,20260916,64.99,64.99,60.5,60.53,2838
ICEMAKE,20260916,690.3,690.4,668.2,671.8,43401
ICICIAMC,20260916,3065.0,3105.0,3028.0,3086.3,293518
ICICIB22,20260916,113.56,113.56,110.97,111.78,8025440
ICICIBANK,20260916,1359.0,1361.4,1348.0,1358.8,9625762
ICICIGI,20260916,1440.0,1455.6,1429.9,1440.0,449383
ICICIPRULI,20260916,458.0,474.0,456.95,470.0,767677
ICIL,20260916,427.0,437.45,408.05,431.95,478937
ICRA,20260916,4679.1,4679.1,4578.1,4610.0,16982
IDBI,20260916,83.7,83.7,81.53,82.95,12983831
IDEA,20260916,14.48,14.49,14.13,14.26,307898731
IDEAFORGE,20260916,704.25,712.0,684.0,702.35,284863
IDFCFIRSTB,20260916,84.61,85.71,84.61,85.01,14275478
IDFNIFTYET,20260916,257.05,257.83,253.0,256.51,1148
IEX,20260916,112.0,112.41,110.35,112.0,3302102
IFBAGRO,20260916,843.0,873.0,842.6,861.4,3154
IFBIND,20260916,1260.1,1276.0,1235.5,1241.9,17335
IFCI,20260916,77.2,77.39,73.01,75.06,114066406
IFGLEXPOR,20260916,200.5,201.8,192.91,198.27,16938
IGARASHI,20260916,432.0,443.0,421.65,428.4,509069
IGCL,20260916,66.59,67.5,64.02,65.27,120978
IGIL,20260916,312.0,315.45,311.1,314.4,205329
IGL,20260916,150.0,150.39,147.27,148.77,1025294
IGPL,20260916,519.0,536.45,508.65,533.3,55598
IIFL,20260916,583.55,592.65,567.4,585.7,1242412
IIFLCAPS,20260916,336.5,337.85,335.05,335.6,527710
IITL,20260916,146.5,152.0,144.0,147.77,197944
IKIO,20260916,211.06,213.0,199.19,202.78,500954
IKS,20260916,1767.1,1786.2,1744.9,1752.0,129237
IL&FSENGG,20260916,39.2,40.05,38.5,39.93,36753
IL&FSTRANS,20260916,1.96,1.99,1.83,1.95,190435
IMAGICAA,20260916,50.33,56.34,49.25,52.99,2106560
IMFA,20260916,1220.0,1259.4,1199.8,1246.1,104558
IMPAL,20260916,1068.1,1087.9,1056.3,1065.0,2141
IMPEXFERRO,20260916,5.38,5.38,5.38,5.38,60449
INA,20260916,86.93,88.93,84.2,86.95,989571
INCREDIBLE,20260916,33.9,33.9,32.02,32.79,2468
INDBANK,20260916,27.68,27.68,25.01,25.68,80099
INDGN,20260916,570.35,574.1,559.0,573.2,205000
INDHOTEL,20260916,716.25,719.55,706.75,713.4,1037515
INDIACEM,20260916,336.0,338.7,331.65,334.65,62151
INDIAGLYCO,20260916,266.2,266.2,266.2,266.2,39549
INDIAMART,20260916,1662.0,1768.8,1645.2,1706.3,365133
INDIANB,20260916,840.0,849.8,834.7,840.0,773817
INDIANCARD,20260916,209.42,218.71,206.05,214.96,463
INDIANHUME,20260916,350.45,359.9,341.25,349.0,22793
INDIASHLTR,20260916,640.5,665.0,640.5,661.6,67155
INDIGO,20260916,4799.5,4806.0,4701.5,4733.5,529301
INDIGOPNTS,20260916,1052.8,1106.0,1049.7,1081.6,80470
INDIQUBE,20260916,200.0,202.74,190.01,200.15,59017
INDNIPPON,20260916,1268.0,1298.2,1214.9,1240.5,189869
INDOAMIN,20260916,122.67,126.0,117.7,123.06,31453
INDOBORAX,20260916,461.9,477.95,442.55,470.3,112370
INDOCO,20260916,241.39,258.0,235.0,254.0,644188
INDOFARM,20260916,138.0,138.0,130.0,132.92,109186
INDOKEM,20260916,614.75,625.0,555.0,606.55,9015
INDOMIM,20260916,970.0,970.1,922.55,946.1,2684652
INDORAMA,20260916,83.09,89.9,81.1,85.6,3645127
INDOSTAR,20260916,233.75,235.01,222.62,226.17,120640
INDOTECH,20260916,3313.4,3404.8,3198.9,3373.3,47402
INDOTHAI,20260916,37.17,37.17,37.17,37.17,134685
INDOUS,20260916,81.0,81.0,76.1,77.16,3838
INDOWIND,20260916,8.92,9.09,8.66,8.95,47572
INDPRUD,20260916,6388.0,6388.0,6200.0,6240.0,17
INDRAMEDCO,20260916,356.25,360.3,351.25,356.55,171771
INDSWFTLAB,20260916,376.65,379.7,320.2,363.9,1637019
INDTERRAIN,20260916,28.9,33.61,28.36,30.29,254442
INDUSINDBK,20260916,957.7,961.1,944.5,946.5,1727406
INDUSTOWER,20260916,381.0,381.5,375.2,375.6,4050806
INFOBEAN,20260916,155.0,156.12,148.03,150.98,182718
INFOMEDIA,20260916,5.98,5.98,5.11,5.5,9690
INFRA,20260916,11.56,11.58,11.43,11.56,24111
INFRABEES,20260916,928.75,928.75,918.65,926.01,12156
INFRAIETF,20260916,92.29,92.48,91.39,91.87,122117
INFY,20260916,1082.5,1085.1,1053.5,1060.0,6230590
INGERRAND,20260916,4344.3,4355.9,4225.0,4261.9,33772
INNOVACAP,20260916,1124.2,1164.9,1080.2,1133.4,119085
INNOVANA,20260916,314.35,314.35,300.1,301.3,21908
INNOVISION,20260916,255.35,258.7,253.25,255.45,12512
INOXGREEN,20260916,173.22,174.42,165.94,173.11,1578858
INOXINDIA,20260916,2006.0,2043.9,1930.8,1978.9,707394
INOXWIND,20260916,74.35,74.5,72.67,74.5,5543694
INSECTICID,20260916,600.05,604.9,585.0,595.2,15018
INSPIRISYS,20260916,84.0,84.0,78.2,83.31,5842
INSUREIETF,20260916,14.48,14.89,14.36,14.73,479614
INTELLECT,20260916,663.0,666.25,649.0,659.45,272239
INTENTECH,20260916,78.0,78.0,76.0,76.43,10622
INTERARCH,20260916,1681.0,1689.2,1625.0,1660.8,46273
INTERNET,20260916,14.49,14.56,14.17,14.46,260561
INTLCONV,20260916,76.04,77.7,75.01,75.39,23067
INVENTURE,20260916,0.91,0.92,0.88,0.88,415952
INVPRECQ,20260916,1350.2,1350.2,1350.2,1350.2,4502
IOB,20260916,32.49,32.49,31.95,32.09,1804893
IOC,20260916,132.79,134.97,131.7,134.75,10071835
IOLCP,20260916,182.0,197.9,173.55,194.57,8624277
IONEXCHANG,20260916,428.5,432.0,414.8,426.25,344615
IPCALAB,20260916,1963.3,1983.0,1905.0,1950.7,337123
IPL,20260916,136.0,152.28,134.26,137.77,28419705
IPRINGLTD,20260916,137.02,142.89,133.02,138.34,965
IRB,20260916,19.2,19.2,18.66,19.05,9930904
IRCON,20260916,109.5,109.65,107.54,108.51,1405153
IRCTC,20260916,457.2,458.0,446.5,452.95,1329707
IREDA,20260916,109.0,109.59,107.4,108.4,3083062
IRFC,20260916,79.41,79.58,78.16,78.95,9834178
IRIS,20260916,244.9,244.9,228.91,234.84,22712
IRISDOREME,20260916,57.51,59.0,55.62,58.18,724226
IRMENERGY,20260916,265.15,267.9,258.45,264.15,59978
ISFT,20260916,78.04,79.4,73.4,75.22,127841
ISGEC,20260916,766.2,773.0,749.5,759.05,36890
ISHANCH,20260916,44.7,48.9,43.5,47.12,32446
ISTLTD,20260916,650.0,650.0,631.0,650.0,170
IT,20260916,33.24,33.24,32.18,32.25,240611
ITADD,20260916,31.48,31.56,30.81,30.89,13383
ITAXIS,20260916,327.0,327.01,319.8,320.41,865
ITBEES,20260916,33.35,33.35,32.25,32.3,8243115
ITBETA,20260916,312.0,312.0,304.57,305.8,757
ITC,20260916,259.4,264.9,259.3,264.15,15199856
ITCHOTELS,20260916,152.6,153.95,149.85,153.39,1635546
ITDC,20260916,645.45,669.0,633.45,656.75,97137
ITETF,20260916,31.72,31.72,30.74,30.8,268691
ITI,20260916,256.1,257.0,251.65,255.5,182220
ITIETF,20260916,33.05,33.09,32.2,32.27,371540
ITL,20260916,375.0,375.0,356.2,367.7,206
IVALUE,20260916,226.18,235.99,226.0,230.45,273584
IVC,20260916,7.61,7.82,7.56,7.76,493527
IVP,20260916,212.04,215.0,200.0,210.42,7256
IVZBANKNF,20260916,55.54,56.14,55.54,56.07,11194
IVZINGOLD,20260916,130.95,131.85,130.85,131.6,9928
IVZINNIFTY,20260916,266.8,267.46,266.02,267.21,343
IVZSENSEX,20260916,75.38,75.38,73.73,74.55,7635
IWP,20260916,35.03,35.03,34.01,34.5,3659
IXIGO,20260916,161.02,162.99,156.14,160.53,568386
IZMO,20260916,887.0,891.7,860.0,880.0,82400
J&KBANK,20260916,145.18,148.79,144.1,147.66,3250203
JAGRAN,20260916,61.9,62.78,60.95,61.22,169560
JAGSNPHARM,20260916,224.7,230.95,217.81,228.28,56466
JAIBALAJI,20260916,61.65,64.81,61.01,64.05,814949
JAICORPLTD,20260916,94.03,94.21,90.42,92.63,240050
JAINREC,20260916,277.0,278.95,271.35,274.8,477646
JAIPURKURT,20260916,25.65,25.65,23.91,24.49,7292
JAMNAAUTO,20260916,128.07,129.7,124.3,128.55,2491533
JARO,20260916,474.0,476.75,459.5,467.95,115000
JASH,20260916,496.0,505.95,482.05,488.9,114592
JAYAGROGN,20260916,227.0,234.9,217.52,231.66,36723
JAYBARMARU,20260916,111.0,114.75,108.1,113.02,244009
JAYKAY,20260916,158.9,160.2,152.4,154.77,273295
JAYNECOIND,20260916,88.2,89.21,86.72,87.35,2439408
JAYSREETEA,20260916,91.75,93.94,89.0,89.23,32419
JBMA,20260916,606.0,606.0,585.0,588.2,281220
JENBURPH,20260916,988.0,994.9,960.3,992.0,571
JETFREIGHT,20260916,19.86,20.28,19.8,19.9,68397
JGCHEM,20260916,568.0,589.0,544.95,582.9,277514
JHS,20260916,8.99,8.99,8.29,8.51,131649
JINDALPHOT,20260916,1085.1,1130.0,1075.0,1125.6,9876
JINDALPOLY,20260916,765.0,800.0,725.1,742.4,423769
JINDALSAW,20260916,290.5,291.75,275.7,281.25,2433275
JINDALSTEL,20260916,1088.0,1117.0,1085.4,1103.0,457237
JINDRILL,20260916,600.1,603.75,576.05,595.15,273892
JINDWORLD,20260916,49.0,50.63,47.9,49.16,6160770
JIOFIN,20260916,226.5,228.22,224.84,224.84,11926382
JISLDVREQS,20260916,20.3,21.78,20.3,21.49,19622
JISLJALEQS,20260916,29.05,29.34,28.58,29.07,1129976
JITFINFRA,20260916,275.6,282.9,272.6,278.0,23711
JKCEMENT,20260916,4716.0,4872.0,4676.0,4750.0,61980
JKIL,20260916,475.25,490.0,466.0,480.4,50757
JKIPL,20260916,96.19,98.0,95.0,96.72,11597
JKLAKSHMI,20260916,505.0,509.45,500.2,507.65,56959
JKPAPER,20260916,403.5,420.0,396.8,417.35,708260
JKTYRE,20260916,343.1,350.6,339.55,343.3,475097
JLHL,20260916,273.3,282.7,273.3,276.85,117281
JMA,20260916,90.7,93.8,89.0,90.3,10829
JMFINANCIL,20260916,121.0,121.5,118.05,120.46,2236471
JNKINDIA,20260916,410.0,426.4,394.9,407.2,305381
JNPR,20260916,267.1,275.4,259.0,261.8,995377
JOCIL,20260916,140.0,147.0,132.8,143.0,2416
JPOLYINVST,20260916,970.05,990.95,961.0,983.7,3276
JPPOWER,20260916,15.65,15.7,15.28,15.41,40588771
JSFB,20260916,488.65,512.5,477.4,506.6,604934
JSL,20260916,723.55,738.8,715.0,730.85,1372384
JSLL,20260916,500.0,501.95,485.1,497.05,485564
JSWCEMENT,20260916,116.91,117.16,115.03,116.52,1308484
JSWDULUX,20260916,3133.8,3172.4,3041.0,3082.0,10726
JSWENERGY,20260916,506.6,510.95,503.05,504.7,1951623
JSWHL,20260916,11099.0,11109.0,10836.0,10935.0,2885
JSWINFRA,20260916,326.45,330.85,317.9,325.55,2646886
JSWSTEEL,20260916,1244.0,1250.2,1227.0,1248.9,1803781
JTEKTINDIA,20260916,117.9,118.09,114.82,117.12,72080
JTLIND,20260916,82.0,85.1,79.36,84.6,3752609
JUBLCPL,20260916,2097.6,2114.9,2052.0,2096.4,4036
JUBLFOOD,20260916,466.0,472.0,461.65,471.0,426648
JUBLINGREA,20260916,630.5,641.9,622.8,631.95,257245
JUBLPHARMA,20260916,1010.0,1010.0,977.5,1002.5,154099
JUNIORBEES,20260916,760.0,766.7,754.4,764.82,302310
JUNIPER,20260916,212.0,217.28,209.21,214.32,451284
JUSTDIAL,20260916,655.0,679.0,648.0,673.7,106509
JWL,20260916,233.5,233.5,225.65,228.67,792229
JYOTHYLAB,20260916,193.0,197.0,190.22,195.41,505369
JYOTICNC,20260916,964.0,974.5,928.6,967.7,970603
JYOTIRES,20260916,845.95,852.0,821.2,839.45,9126
JYOTISTRUC,20260916,9.22,9.25,8.9,9.02,8024275
KABRAEXTRU,20260916,640.0,650.0,585.8,628.1,651043
KAJARIACER,20260916,1213.6,1219.5,1179.1,1215.9,156466
KAKATCEM,20260916,107.76,109.8,107.0,108.44,1636
KALAMANDIR,20260916,78.99,79.86,76.7,77.78,467817
KALPATARU,20260916,253.0,260.0,250.0,256.3,27592
KALYANIFRG,20260916,1045.0,1045.0,992.1,994.7,2723
KALYANKJIL,20260916,606.9,611.8,574.4,580.9,7484433
KAMAHOLD,20260916,2250.0,2275.9,2244.1,2249.9,3365
KAMANWALA,20260916,17.17,17.49,16.49,17.24,15
KAMATHOTEL,20260916,207.6,214.25,202.0,209.88,71866
KAMDHENU,20260916,38.26,39.0,36.76,38.83,1085219
KAMOPAINTS,20260916,4.31,4.31,4.15,4.21,153248
KANANIIND,20260916,1.45,1.47,1.41,1.42,170523
KANCHI,20260916,391.5,391.5,382.0,388.5,690
KANCOTEA,20260916,55.4,55.4,55.3,55.3,11
KANOHAR,20260916,685.5,787.0,685.1,751.5,21611638
KANORICHEM,20260916,187.02,187.02,169.5,186.97,214032
KANPRPLA,20260916,247.5,270.0,243.15,265.85,27577
KANSAINER,20260916,183.03,185.98,181.06,184.81,277695
KAPSTON,20260916,565.0,580.0,540.85,577.15,43954
KARMAENG,20260916,38.95,43.88,37.31,38.72,111633
KARURVYSYA,20260916,325.3,335.8,324.95,334.8,2316768
KAUSHALYA,20260916,859.75,859.75,826.0,832.55,52
KAVDEFENCE,20260916,74.72,79.9,70.11,73.43,1471028
KAYA,20260916,316.1,316.1,300.3,309.35,10338
KAYNES,20260916,3392.0,3411.3,3293.0,3385.0,723071
KCP,20260916,159.16,159.16,155.42,158.64,56006
KCPSUGIND,20260916,30.0,30.84,28.88,28.88,207502
KDDL,20260916,3732.0,3865.0,3732.0,3819.0,30057
KDGREEN,20260916,46.74,47.94,45.81,46.87,35148
KEC,20260916,407.0,409.0,395.2,397.55,812676
KECL,20260916,117.61,121.44,115.05,120.02,80550
KEEPLEARN,20260916,1.89,1.92,1.77,1.83,44368
KEI,20260916,4484.0,4544.5,4468.0,4506.0,306662
KELLTONTEC,20260916,13.69,13.91,13.4,13.5,2802031
KENNAMET,20260916,4290.0,4444.0,4100.2,4135.8,62456
KERNEX,20260916,1659.0,1679.0,1593.0,1648.3,213622
KESORAMIND,20260916,12.1,13.0,11.97,12.36,995449
KEYFINSERV,20260916,250.0,250.0,241.05,246.25,760
KFINTECH,20260916,887.4,895.95,872.5,889.0,388510
KHADIM,20260916,120.97,123.0,120.97,120.97,126912
KHAICHEM,20260916,50.89,51.9,49.41,50.47,158837
KHAITANLTD,20260916,159.0,159.0,145.0,149.37,3814
KHANDSE,20260916,17.3,17.87,17.0,17.5,1408
KICL,20260916,4821.0,4950.0,4746.0,4779.5,5039
KILITCH,20260916,190.9,191.8,186.0,188.82,9185
KIMS,20260916,766.85,775.0,758.5,766.65,310465
KINGFA,20260916,5694.0,5980.0,5675.5,5889.0,18912
KIOCL,20260916,343.0,344.65,323.55,326.85,180378
KIRANVYPAR,20260916,196.0,204.0,193.0,200.09,3730
KIRIINDUS,20260916,521.0,526.2,492.0,513.4,797157
KIRLFER,20260916,468.0,475.15,461.15,470.9,140176
KIRLOSBROS,20260916,1735.0,1755.0,1698.2,1724.7,31065
KIRLOSENG,20260916,2040.5,2111.2,1934.0,2040.5,473446
KIRLOSIND,20260916,3834.7,3865.0,3636.1,3770.2,15231
KIRLPNU,20260916,698.15,701.0,676.55,695.2,142430
KISSHT,20260916,341.0,349.25,329.0,342.65,1873189
KITEX,20260916,119.0,120.82,116.9,118.58,409195
KJMCFIN,20260916,60.5,62.77,60.5,62.57,670
KKCL,20260916,498.7,498.7,483.95,485.55,33495
KLBRENG-B,20260916,461.1,469.05,448.0,462.65,181219
KMCSHIL,20260916,133.46,154.0,128.48,146.93,9088731
KMEW,20260916,2710.0,2758.7,2488.8,2708.7,240945
KMSUGAR,20260916,29.11,29.59,28.2,28.63,111052
KNACK,20260916,178.58,182.1,171.1,179.69,805422
KNAGRI,20260916,194.95,196.6,163.55,180.25,9108
KNRCON,20260916,121.0,122.82,117.49,121.82,1757894
KOHINOOR,20260916,30.4,31.75,28.64,31.36,318617
KOKUYOCMLN,20260916,76.64,78.36,76.1,76.6,27445
KOLTEPATIL,20260916,418.0,430.8,413.2,429.05,50440
KOPRAN,20260916,251.5,274.78,237.78,260.86,14226630
KOTAKBANK,20260916,413.6,417.05,409.35,415.0,10898426
KOTARISUG,20260916,27.05,27.5,26.8,27.19,28451
KOTHARIPET,20260916,131.81,134.62,130.02,133.03,66598
KOTHARIPRO,20260916,66.0,66.0,63.0,64.14,9143
KOTIC,20260916,128.8,137.95,123.12,133.61,26388
KOTYARK,20260916,32.98,33.39,31.0,32.16,157538
KOVAI,20260916,6019.0,6169.0,5974.0,6088.0,4040
KPEL,20260916,210.5,214.0,206.52,210.32,208889
KPIGREEN,20260916,279.0,280.4,271.9,276.35,657223
KPIL,20260916,1380.0,1395.3,1345.6,1390.9,100752
KPITTECH,20260916,563.0,566.4,553.1,555.0,831708
KPL,20260916,3420.1,3477.2,3137.0,3356.0,82018
KPRMILL,20260916,1117.2,1130.2,1080.0,1121.4,162171
KRBL,20260916,395.0,398.65,383.5,394.85,386919
KREBSBIO,20260916,55.5,57.8,54.66,55.65,5062
KRIDHANINF,20260916,1.95,1.95,1.85,1.89,63697
KRISHANA,20260916,177.0,185.8,171.21,183.67,1194736
KRISHIVAL,20260916,421.0,421.5,417.75,419.4,6512
KRISHNADEF,20260916,1018.7,1034.1,975.8,1002.4,99852
KRITI,20260916,63.0,63.0,60.8,61.91,9680
KRITIKA,20260916,5.22,5.35,5.0,5.17,114539
KRITINUT,20260916,80.0,81.0,79.0,80.3,9859
KRN,20260916,1491.8,1506.4,1438.3,1438.3,278536
KRONOX,20260916,170.36,173.45,163.85,171.53,51269
KROSS,20260916,228.86,229.79,220.42,225.86,554517
KRSNAA,20260916,540.0,549.0,525.0,536.4,42893
KRYSTAL,20260916,611.95,668.5,600.25,655.6,174712
KSB,20260916,786.0,789.65,762.0,764.85,144252
KSCL,20260916,697.0,704.1,685.4,690.45,57444
KSE,20260916,175.05,177.93,174.01,176.35,9240
KSHINTL,20260916,1052.0,1067.0,990.9,1060.35,397791
KSHITIJPOL,20260916,3.82,3.83,3.82,3.83,2313639
KSL,20260916,930.45,963.45,901.15,952.0,108914
KSOLVES,20260916,250.0,261.9,249.0,255.75,35656
KSR,20260916,45.98,46.62,44.65,46.52,86153
KTKBANK,20260916,314.6,321.85,309.95,318.2,2085928
KUANTUM,20260916,77.13,77.13,75.25,75.69,49275
KUSUMGAR,20260916,550.0,557.0,533.0,549.2,146373
KWIL,20260916,40.85,41.67,39.11,41.32,17948121
LADDERUP,20260916,66.8,66.8,60.2,60.94,10098
LAGNAM,20260916,71.03,72.99,69.13,71.3,977
LAHOTIOV,20260916,40.99,40.99,39.2,40.43,1636
LAKPRE,20260916,5.43,5.43,5.42,5.42,1515
LAKSHMIMIL,20260916,7760.0,7850.0,7554.0,7850.0,10
LAL,20260916,8.99,9.05,8.49,8.77,438065
LALITHAA,20260916,305.65,305.65,305.65,305.65,147338
LALPATHLAB,20260916,1921.0,2038.6,1870.0,1895.7,1560989
LAMBODHARA,20260916,128.65,130.5,116.6,117.76,98400
LANCER,20260916,12.95,12.95,12.05,12.23,243216
LANCORHOL,20260916,34.75,37.0,34.25,35.24,102134
LANDMARK,20260916,472.0,484.0,454.05,476.6,111985
LANDSMILL,20260916,0.58,0.58,0.56,0.57,1288942
LAOPALA,20260916,162.13,162.13,155.0,156.01,336735
LARGEMID50,20260916,35.06,35.2,34.95,35.19,1217
LASERPOWER,20260916,273.6,277.5,266.2,270.8,505982
LATENTVIEW,20260916,254.8,262.5,251.05,252.15,2075787
LATTEYS,20260916,20.52,20.99,20.12,20.65,20896
LAURUSLABS,20260916,1924.6,1940.4,1863.5,1905.5,2871410
LAXMICOT,20260916,12.59,13.45,12.54,13.22,27323
LAXMIDENTL,20260916,196.33,198.56,190.81,195.43,50757
LAXMIINDIA,20260916,121.59,124.8,117.25,119.85,198799
LCCINFOTEC,20260916,3.03,3.13,2.99,3.13,39224
LCL,20260916,532.8,535.9,504.4,523.8,495678
LEAPIND,20260916,134.61,135.85,128.55,134.71,2218348
LEENEE,20260916,7.89,7.9,7.4,7.55,9611
LEMERITE,20260916,19.76,19.76,19.06,19.18,207689
LEMONTREE,20260916,102.8,103.59,100.88,103.26,1729566
LENSKART,20260916,688.4,689.9,667.25,675.85,6968307
LEXUS,20260916,12.99,13.75,12.99,13.52,19072
LFIC,20260916,138.9,138.95,128.9,131.3,11464
LGBBROSLTD,20260916,1701.0,1716.0,1671.1,1706.7,38929
LGEINDIA,20260916,1630.0,1646.3,1599.0,1628.2,196075
LGHL,20260916,184.19,196.0,173.52,187.04,49456
LIBAS,20260916,11.9,11.9,11.3,11.47,193790
LIBERTSHOE,20260916,220.0,222.0,215.0,217.94,28444
LICHSGFIN,20260916,541.8,551.45,529.6,543.0,3693410
LICI,20260916,392.0,395.5,386.5,395.5,7015226
LICMFGOLD,20260916,135.1,136.7,135.1,135.6,315886
LICNETFGSC,20260916,29.23,29.4,29.05,29.2,1880
LICNETFN50,20260916,259.72,262.59,259.72,259.85,275
LICNFNHGP,20260916,272.7,275.65,271.1,275.01,296
LICNMID100,20260916,59.77,62.44,59.77,60.84,22005
LIKHITHA,20260916,225.55,239.95,207.0,227.33,378760
LINC,20260916,95.5,95.5,89.5,90.37,29059
LINCOLN,20260916,606.65,609.95,586.1,590.7,33110
LINDEINDIA,20260916,6090.0,6150.5,6024.5,6089.5,12044
LIQGRWBEES,20260916,1055.0,1055.66,1055.0,1055.64,95816
LIQUID,20260916,999.99,1000.0,999.99,999.99,154680
LIQUID1,20260916,1122.67,1123.8,1122.3,1122.81,739768
LIQUIDADD,20260916,1144.89,1144.91,1144.88,1144.88,308661
LIQUIDBEES,20260916,999.99,1000.01,999.99,999.99,3811884
LIQUIDBETA,20260916,1008.16,1008.16,1008.16,1008.16,132
LIQUIDBETF,20260916,1098.95,1098.95,1098.93,1098.94,123415
LIQUIDCASE,20260916,115.95,115.95,115.93,115.93,21585579
LIQUIDETF,20260916,1000.0,1000.01,999.99,999.99,159105
LIQUIDIETF,20260916,1000.0,1000.01,999.99,999.99,191381
LIQUIDPLUS,20260916,1103.32,1103.34,1103.32,1103.32,571866
LIQUIDSBI,20260916,999.99,1000.0,999.99,1000.0,1823
LIQUIDSHRI,20260916,1121.58,1121.6,1121.58,1121.58,1086
LKPSEC,20260916,15.2,15.77,14.98,15.03,35001
LLOYDSENGG,20260916,79.71,81.0,77.68,80.02,4340426
LLOYDSENT,20260916,67.33,68.56,65.91,66.96,1910226
LLOYDSME,20260916,1780.0,1832.3,1765.0,1812.3,293730
LMW,20260916,17180.0,17700.0,16800.0,17617.0,7595
LODHA,20260916,1050.0,1090.6,1047.5,1087.4,1204027
LOKESHMACH,20260916,333.0,354.8,322.45,348.25,55160
LORDSCHLO,20260916,131.5,136.48,130.31,133.49,6679
LOTUSCHO,20260916,580.65,584.0,560.0,561.7,2698
LOTUSDEV,20260916,209.51,220.4,202.87,216.4,1914804
LOTUSEYE,20260916,113.25,115.59,110.01,114.94,10389
LOVABLE,20260916,71.9,71.99,68.16,69.75,16767
LOWVOL,20260916,198.55,199.39,198.07,199.39,1505
LOWVOL1,20260916,20.38,20.42,20.22,20.23,111209
LOWVOLIETF,20260916,21.27,21.44,21.21,21.28,1400208
LOYALTEX,20260916,210.0,210.0,203.0,209.99,156
LPDC,20260916,6.17,6.18,6.02,6.12,12980
LT,20260916,3844.2,3867.9,3799.9,3807.7,2038640
LTF,20260916,296.9,300.95,293.8,295.5,1797290
LTFOODS,20260916,423.0,424.25,408.95,417.75,320057
LTGILTBEES,20260916,29.66,29.74,29.64,29.7,794995
LTGILTCASE,20260916,30.82,30.82,30.2,30.28,180779
LTM,20260916,4349.0,4370.0,4233.0,4233.0,229957
LTTS,20260916,3340.0,3366.0,3293.0,3351.5,46682
LUMAXIND,20260916,5738.5,5800.0,5560.0,5760.5,11706
LUMAXTECH,20260916,1990.2,2003.1,1905.0,1941.8,110575
LUMINO,20260916,102.99,102.99,98.05,100.29,9172632
LUPIN,20260916,2056.4,2074.1,2033.5,2045.0,789895
LUXIND,20260916,1057.0,1063.8,1030.0,1032.4,36476
LXCHEM,20260916,168.01,174.18,165.11,171.73,1325333
LYKALABS,20260916,80.0,80.11,79.9,80.11,10554
M&M,20260916,3044.6,3105.9,3044.6,3070.0,2390779
M&MFIN,20260916,342.5,347.35,341.1,345.05,1115347
MAANALU,20260916,106.14,107.87,101.8,103.41,73650
MACPOWER,20260916,1872.0,1930.0,1732.2,1889.6,53070
MADHAV,20260916,35.01,35.01,34.5,34.5,378
MADHAVIPL,20260916,7.99,7.99,7.57,7.69,103376
MADHUCON,20260916,4.31,4.31,3.95,3.99,41849
MADRASFERT,20260916,61.4,61.43,59.57,60.27,48477
MAFANG,20260916,237.44,239.9,230.0,232.48,741752
MAFATIND,20260916,122.94,122.94,119.1,120.41,21676
MAGADSUGAR,20260916,520.15,520.2,494.1,505.7,25481
MAGNUM,20260916,18.51,19.9,18.46,18.94,102635
MAHABANK,20260916,80.1,81.7,79.2,80.21,18702078
MAHAPEXLTD,20260916,54.0,58.02,52.67,54.88,24489
MAHASTEEL,20260916,1236.1,1274.0,1229.8,1265.1,7469
MAHEPC,20260916,102.08,103.5,101.0,101.18,10621
MAHESHWARI,20260916,72.98,72.98,69.35,71.48,8631
MAHKTECH,20260916,21.74,22.74,21.4,21.5,1007198
MAHLIFE,20260916,348.6,353.4,339.0,344.15,77651
MAHLOG,20260916,383.0,390.5,380.0,386.8,122831
MAHSCOOTER,20260916,13231.0,13231.0,12900.0,13123.0,3273
MAHSEAMLES,20260916,701.1,702.05,674.15,692.95,217121
MAITHANALL,20260916,1010.0,1010.0,974.45,994.45,70638
MAJESAUT,20260916,364.95,364.95,357.5,362.7,1198
MAKEINDIA,20260916,160.98,160.98,157.23,159.39,39316
MAKERSL,20260916,174.98,179.98,174.98,177.92,376
MALLCOM,20260916,912.0,932.4,912.0,924.3,1187
MALUPAPER,20260916,33.0,33.0,31.05,31.66,28875
MAMATA,20260916,390.5,405.35,388.0,391.55,56046
MANAKALUCO,20260916,36.49,36.49,34.0,35.0,82635
MANAKCOAT,20260916,124.19,126.9,119.5,125.96,382017
MANAKSIA,20260916,67.12,67.3,64.0,64.41,102935
MANAKSTEEL,20260916,107.02,110.0,106.42,106.42,75116
MANALIPETC,20260916,80.0,85.5,79.5,82.37,2637453
MANAPPURAM,20260916,321.25,324.7,317.25,319.9,3120709
MANBA,20260916,133.76,135.99,125.55,130.67,93447
MANCREDIT,20260916,220.5,221.69,210.99,215.24,135509
MANGALAM,20260916,33.0,33.79,31.2,31.98,56939
MANGLMCEM,20260916,978.3,998.3,972.0,988.8,54115
MANINDS,20260916,808.2,808.55,745.0,790.3,2075576
MANINFRA,20260916,124.43,126.6,121.98,124.23,2441811
MANIPALHOS,20260916,701.9,719.95,690.4,714.6,1278055
MANKIND,20260916,2280.5,2300.7,2246.0,2246.0,650768
MANOMAY,20260916,228.15,230.81,221.28,223.85,129033
MANORAMA,20260916,1986.0,1993.3,1876.1,1916.4,264064
MANORG,20260916,450.1,463.35,448.05,451.05,9573
MANUFGBEES,20260916,157.7,157.96,155.09,157.61,4901
MANUGRAPH,20260916,15.1,15.88,14.7,15.14,19649
MANYAVAR,20260916,560.0,563.65,543.25,554.7,245299
MAPMYINDIA,20260916,892.4,895.6,865.6,883.1,93593
MARALOVER,20260916,59.7,61.89,58.06,59.42,31966
MARATHON,20260916,408.2,419.9,397.25,415.05,97373
MARICO,20260916,795.5,819.9,792.15,810.15,3237626
MARINE,20260916,383.0,383.0,352.65,373.3,1225207
MARKOLINES,20260916,163.36,172.0,159.53,170.59,451228
MARKSANS,20260916,311.8,323.6,307.05,316.45,2264075
MARSONS,20260916,121.96,124.79,119.71,121.54,2019696
MARUTI,20260916,12231.0,12367.0,12159.0,12166.0,312876
MASFIN,20260916,296.95,296.95,286.0,288.05,143175
MASKINVEST,20260916,147.84,147.84,137.0,142.4,169
MASPTOP50,20260916,97.44,100.5,95.31,98.65,739743
MASTEK,20260916,1642.1,1664.8,1622.0,1633.1,87363
MASTERTR,20260916,88.16,89.0,84.84,85.38,496413
MATRIMONY,20260916,497.8,536.0,497.8,533.4,40915
MAWANASUG,20260916,128.69,128.69,122.81,125.16,292895
MAXESTATES,20260916,568.3,573.85,545.25,572.1,132037
MAXHEALTH,20260916,1036.4,1036.4,1021.6,1025.0,1600620
MAXIND,20260916,140.0,142.94,135.3,139.64,88956
MAYURUNIQ,20260916,751.15,751.15,719.45,741.2,113517
MAZDA,20260916,263.9,264.5,250.0,250.95,22311
MAZDOCK,20260916,2236.0,2288.6,2190.0,2231.9,545318
MBAPL,20260916,157.4,162.68,152.16,159.82,1546425
MBECL,20260916,364.26,364.26,329.58,364.26,28195
MBEL,20260916,253.2,260.65,249.95,254.4,122018
MBLINFRA,20260916,22.6,22.8,21.85,22.14,26480
MCCHRLS-B,20260916,650.1,699.0,650.1,660.0,5283
MCL,20260916,56.4,57.98,54.46,54.96,52469
MCLEODRUSS,20260916,41.57,43.39,40.36,42.55,413950
MCLOUD,20260916,25.9,26.0,24.84,25.17,1055531
MCX,20260916,3170.2,3224.5,3056.6,3211.2,1971522
MEDANTA,20260916,1425.0,1425.0,1380.1,1404.6,227556
MEDIASSIST,20260916,312.0,318.0,308.0,312.5,118389
MEDICAMEQ,20260916,315.35,354.4,290.55,345.5,248996
MEDICAPQ,20260916,27.9,27.9,25.68,25.81,21492
MEDICO,20260916,35.75,36.98,35.11,35.33,139644
MEDPLUS,20260916,656.05,660.65,645.0,656.1,114156
MEESHO,20260916,212.4,214.5,207.61,213.26,9379846
MEGASTAR,20260916,281.2,289.85,272.4,277.75,988
MEIL,20260916,273.2,274.7,262.55,268.6,44664
MENNPIS,20260916,75.17,75.5,72.05,74.2,26941
MENONBE,20260916,299.9,300.0,289.15,297.15,53188
MEP,20260916,0.67,0.67,0.65,0.65,26731
MERCANTILE,20260916,22.97,22.97,21.62,22.13,5962
MERCURYEV,20260916,41.0,41.97,36.79,39.08,1101352
METAL,20260916,13.12,13.19,12.68,12.88,2201316
METALIETF,20260916,12.77,12.9,12.64,12.85,4879226
METROBRAND,20260916,951.75,955.35,934.55,948.3,24415
METROGLOBL,20260916,131.01,135.3,131.0,132.0,1378
METROPOLIS,20260916,571.0,585.0,557.8,580.85,368661
MFML,20260916,19.0,19.38,18.98,19.34,700
MFSL,20260916,1425.9,1491.7,1423.6,1487.6,929997
MGEL,20260916,15.41,15.88,15.41,15.6,226843
MGL,20260916,1071.0,1084.5,1047.0,1080.1,99105
MHLXMIRU,20260916,159.9,159.9,148.77,149.87,19920
MHRIL,20260916,194.59,196.02,188.21,193.51,103937
MICEL,20260916,34.4,34.4,34.3,34.3,58994
MID150,20260916,23.31,23.31,22.46,22.88,73931
MID150BEES,20260916,232.89,232.99,228.56,232.0,1289248
MID150CASE,20260916,11.06,11.35,11.06,11.3,2486914
MIDBANKADD,20260916,17.18,18.0,16.94,17.22,220246
MIDCAP,20260916,18.12,18.28,17.76,18.01,479334
MIDCAPADD,20260916,22.47,22.8,22.21,22.7,14535
MIDCAPBETA,20260916,233.75,233.75,224.0,226.47,42932
MIDCAPETF,20260916,23.04,23.04,22.59,22.97,3919731
MIDCAPIETF,20260916,23.28,23.35,22.92,23.23,1018692
MIDHANI,20260916,407.35,409.7,387.45,399.25,1623475
MIDQ50ADD,20260916,24.12,24.13,23.7,24.07,40535
MIDSELIETF,20260916,19.27,19.5,19.01,19.31,219935
MIDSMALL,20260916,50.0,50.45,49.42,50.31,663597
MIDWESTLTD,20260916,974.0,989.9,951.6,975.3,14345
MIIL,20260916,689.95,704.9,640.5,663.0,140872
MILKYMIST,20260916,270.0,281.7,264.24,276.23,13428031
MINALIND,20260916,5.35,5.35,5.35,5.35,7324
MINDACORP,20260916,685.65,689.8,661.8,671.55,171805
MINDTECK,20260916,156.0,157.19,153.0,154.47,20656
MIRZAINT,20260916,29.5,29.94,28.51,29.02,83103
MITCON,20260916,80.0,83.8,79.95,80.26,3757
MITTAL,20260916,0.79,0.79,0.76,0.77,1461130
MKEXIM,20260916,65.88,65.88,62.59,65.17,14202
MKPL,20260916,4.0,4.7,3.93,4.03,128524
MLKFOOD,20260916,80.0,80.0,75.43,75.59,2562
MMFL,20260916,597.0,611.6,578.2,606.95,109301
MMP,20260916,457.7,466.15,430.75,456.35,64179
MMTC,20260916,61.38,61.38,59.07,59.8,1176490
MMWL,20260916,13.77,13.9,13.09,13.12,23806
MNC,20260916,32.01,32.32,31.92,32.09,94848
MOALPHA50,20260916,53.33,55.46,52.44,54.34,141639
MOBANK10,20260916,16.51,16.73,16.48,16.62,2068
MOBIKWIK,20260916,213.99,213.99,195.0,198.37,10303576
MOCAPITAL,20260916,52.85,53.06,51.71,52.57,1181704
MODEFENCE,20260916,101.77,101.77,98.07,100.52,3266265
MODINATUR,20260916,341.35,341.8,323.0,326.0,6152
MODIRUBBER,20260916,120.86,123.96,118.0,119.1,1276
MODIS,20260916,356.0,363.25,339.5,352.7,33729
MODISONLTD,20260916,460.1,468.6,454.25,455.05,80064
MODTHREAD,20260916,51.04,52.0,48.5,51.45,1215
MOENERGY,20260916,37.66,37.98,37.17,37.45,88248
MOGOLD,20260916,149.5,151.9,149.05,149.35,31256
MOGSEC,20260916,64.69,65.61,64.61,64.82,9755
MOHEALTH,20260916,52.3,52.3,50.45,51.4,56997
MOHITE,20260916,2.54,2.99,2.48,2.61,79733
MOHITIND,20260916,24.1,24.45,22.01,23.23,4201
MOIL,20260916,238.5,239.6,234.06,237.36,726299
MOINFRA,20260916,57.52,57.53,56.84,57.35,2209
MOIPO,20260916,47.82,47.82,46.61,47.48,27647
MOKSH,20260916,10.01,10.3,9.76,9.93,71948
MOL,20260916,59.11,59.95,56.95,58.5,825563
MOLBIO,20260916,1385.0,1437.6,1196.2,1307.0,8096253
MOLDTECH,20260916,190.15,192.08,187.18,187.18,18831
MOLDTKPAC,20260916,652.1,670.0,633.0,661.45,40145
MOLOWVOL,20260916,35.02,35.15,34.88,34.99,28354
MOM100,20260916,67.59,67.59,65.08,66.11,394657
MOM30IETF,20260916,30.36,30.42,29.89,30.34,658877
MOM50,20260916,245.93,245.93,242.44,243.84,6122
MOMENTUM,20260916,30.5,30.6,29.72,30.16,80126
MOMENTUM30,20260916,29.75,30.34,29.33,29.91,24629
MOMENTUM50,20260916,52.63,52.77,51.59,52.66,791696
MOMETAL,20260916,12.58,13.27,12.54,12.71,32836
MOMGF,20260916,156.4,156.65,154.26,156.62,1032
MOMIDMTM,20260916,63.88,63.88,61.56,62.69,34693
MOMMIDCAP,20260916,12.62,12.66,12.4,12.6,868783
MOMNC,20260916,31.12,31.8,30.95,31.38,11631
MOMOMENTUM,20260916,60.35,60.78,59.31,60.33,61164
MOMSBELIEF,20260916,217.11,225.9,214.24,224.3,315661
MON100,20260916,338.88,338.88,325.1,326.77,688291
MON50EQUAL,20260916,32.26,32.75,31.93,32.27,3713
MONARCH,20260916,370.15,371.0,350.45,368.95,269952
MONEXT50,20260916,70.37,72.5,69.51,71.64,9193
MONEYBOXX,20260916,49.43,49.43,49.43,49.43,16118
MONIFTY100,20260916,24.48,24.6,24.37,24.59,38426
MONIFTY500,20260916,23.19,23.35,22.88,23.15,593770
MONQ50,20260916,236.62,275.67,232.0,275.28,1389811
MONTECARLO,20260916,552.4,570.0,540.05,549.95,50125
MOOILGAS,20260916,11.1,11.2,10.79,10.86,5392
MOPSE,20260916,97.0,103.0,97.0,97.76,3381
MOQUALITY,20260916,191.6,192.77,190.32,191.94,4136
MOREALTY,20260916,83.0,83.4,80.92,83.01,410066
MOREPENLAB,20260916,106.45,116.0,97.04,114.73,39424210
MOSCHIP,20260916,203.02,204.36,195.02,199.16,1644416
MOSERVICE,20260916,30.0,30.11,29.9,30.11,2127
MOSILVER,20260916,224.4,226.41,224.4,225.55,37189
MOSMALL250,20260916,17.99,18.04,17.58,17.94,2922112
MOTHERSON,20260916,157.19,160.4,156.4,158.27,8769455
MOTILALOFS,20260916,982.4,989.9,963.8,976.5,771004
MOTISONS,20260916,15.46,16.87,15.02,16.62,93614476
MOTOGENFIN,20260916,25.1,25.8,24.61,25.0,8559
MOTOUR,20260916,75.27,75.29,74.22,75.02,10952
MOVALUE,20260916,109.5,111.84,108.69,109.92,42339
MPHASIS,20260916,2379.0,2393.9,2316.7,2316.7,158994
MPSLTD,20260916,2545.0,2629.3,2473.0,2610.2,14772
MRF,20260916,125880.0,127700.0,124615.0,125010.0,4959
MRPL,20260916,167.0,170.6,164.0,166.11,7293502
MSCI360,20260916,9.81,9.98,9.76,9.87,3079
MSCIADD,20260916,28.49,28.63,28.47,28.63,314
MSCIINDIA,20260916,28.91,29.0,28.7,28.88,15530
MSL,20260916,139.9,139.9,120.0,136.0,1487
MSPL,20260916,32.51,33.84,31.8,33.48,561971
MSTCLTD,20260916,707.85,710.85,671.0,703.55,248850
MSUMI,20260916,34.99,36.6,34.85,35.47,30692547
MTARTECH,20260916,6690.0,6820.0,6600.0,6792.0,141307
MTEDUCARE,20260916,1.75,1.82,1.74,1.74,13597
MTNL,20260916,24.03,24.14,23.3,23.84,597123
MUFIN,20260916,132.99,132.99,125.02,130.56,724979
MUFTI,20260916,72.99,73.0,71.61,72.34,43535
MUKANDLTD,20260916,135.2,136.27,129.91,134.89,134607
MUKKA,20260916,31.1,31.31,29.26,29.53,1355601
MUKTAARTS,20260916,57.48,57.48,55.65,55.65,90
MULTICAP,20260916,16.21,16.42,16.08,16.23,127049
MUNJALAU,20260916,103.31,103.67,98.96,102.06,297064
MUNJALSHOW,20260916,125.28,126.59,123.31,124.67,15812
MURUDCERA,20260916,29.0,29.8,28.16,28.6,11479
MUTHOOTCAP,20260916,222.9,235.26,216.54,234.02,34493
MUTHOOTFIN,20260916,2726.0,2804.6,2725.2,2771.4,632020
MUTHOOTMF,20260916,187.98,192.3,185.34,187.41,216959
MVELECTRO,20260916,777.1,845.7,736.0,819.05,4327351
MVGJL,20260916,196.04,209.9,185.15,207.16,672307
MWL,20260916,41.11,41.26,38.52,39.74,1184673
MYSORPETRO,20260916,131.0,132.98,127.35,127.54,3476
NACLIND,20260916,150.14,154.25,144.0,151.18,774178
NAGREEKCAP,20260916,27.38,28.29,25.12,27.79,65647
NAGREEKEXP,20260916,21.41,22.43,20.7,21.25,31177
NAHARCAP,20260916,252.0,255.65,242.2,250.05,1758
NAHARINDUS,20260916,126.35,130.19,124.0,127.3,36593
NAHARPOLY,20260916,233.0,233.0,225.0,225.84,6869
NAHARSPING,20260916,262.5,268.2,258.1,261.8,17468
NAM-INDIA,20260916,1154.0,1158.0,1111.2,1124.0,1222983
NARMADA,20260916,14.1,14.1,13.5,13.77,216587
NATCAPSUQ,20260916,179.99,179.99,171.41,172.54,12651
NATCOPHARM,20260916,813.1,828.75,801.0,813.3,492595
NATHBIOGEN,20260916,145.0,147.93,144.26,146.05,3309
NATIONALUM,20260916,352.0,357.75,350.1,356.0,3670150
NATIONSTD,20260916,113.7,115.78,108.54,109.21,22636
NAUKRI,20260916,1258.5,1274.3,1250.9,1256.0,788281
NAVA,20260916,538.8,554.7,535.05,548.3,290194
NAVINFLUOR,20260916,8212.0,8295.0,8100.0,8160.5,99485
NAVKARCORP,20260916,91.89,92.07,84.8,85.56,1883621
NAVKARURB,20260916,0.87,0.9,0.83,0.86,986715
NAVNETEDUL,20260916,124.74,126.0,122.1,125.03,58197
NAZARA,20260916,357.1,362.3,345.6,351.15,1068058
NBCC,20260916,81.2,81.54,79.72,81.41,5850166
NBIFIN,20260916,2049.5,2049.5,1965.3,1993.6,5174
NCC,20260916,137.31,137.85,133.78,135.01,1955001
NCLIND,20260916,173.99,173.99,168.6,172.42,38821
NDGL,20260916,2652.3,2680.0,2601.0,2668.6,71
NDL,20260916,2.79,3.2,2.64,2.89,1436754
NDLVENTURE,20260916,120.01,123.01,115.89,116.65,36791
NDRAUTO,20260916,672.85,676.4,653.3,670.55,16270
NDTV,20260916,71.91,71.91,68.75,69.74,40111
NECCLTD,20260916,18.3,19.25,18.15,18.97,36124
NECLIFE,20260916,11.41,11.68,10.83,10.9,225810
NELCAST,20260916,105.22,106.99,102.32,103.85,66256
NELCO,20260916,928.0,954.5,904.55,938.05,223586
NEOGEN,20260916,2302.0,2347.8,2202.9,2302.4,239255
NEPHROPLUS,20260916,734.85,742.7,710.05,735.2,144067
NESCO,20260916,1093.0,1103.3,1053.6,1075.6,26040
NESTLEIND,20260916,1369.2,1397.0,1368.7,1384.5,1631890
NETF,20260916,253.6,257.1,245.0,251.74,1490
NETWEB,20260916,4629.5,4638.5,4388.0,4562.0,1768403
NETWORK18,20260916,25.8,26.55,25.71,26.12,4777743
NEUEON,20260916,11.37,11.37,10.82,11.09,35557
NEULANDLAB,20260916,22595.0,23125.0,21855.0,22625.0,50785
NEWGEN,20260916,502.4,507.9,487.3,492.0,531343
NEXT30ADD,20260916,41.48,41.77,41.07,41.24,4260
NEXT50,20260916,732.0,732.0,720.0,729.58,24081
NEXT50ADD,20260916,70.58,71.09,70.38,70.74,17831
NEXT50BETA,20260916,76.45,76.72,75.16,76.34,150745
NEXT50ETF,20260916,71.39,71.39,70.38,70.93,11289
NEXT50IETF,20260916,76.4,76.4,73.56,74.61,732507
NEXTMEDIA,20260916,3.83,3.83,3.7,3.8,14112
NFL,20260916,67.0,67.13,65.3,66.29,545072
NGIL,20260916,32.56,33.88,31.57,32.34,8245
NGLFINE,20260916,2543.2,2738.9,2505.1,2673.8,11725
NH,20260916,1887.3,1887.3,1811.0,1851.6,401015
NHPC,20260916,76.0,76.73,75.26,75.41,9639495
NIACL,20260916,186.6,187.1,179.15,184.19,3069621
NIBE,20260916,1224.4,1254.6,1188.0,1212.0,51046
NIBL,20260916,31.21,31.64,30.74,30.88,6036
NICCOPAR,20260916,77.1,80.51,77.1,80.11,1639
NIF100BEES,20260916,261.2,261.2,256.19,258.67,270971
NIF100IETF,20260916,27.0,27.25,27.0,27.19,85738
NIF500BETA,20260916,36.26,36.38,35.83,35.99,31278
NIFTY1,20260916,257.46,259.41,256.67,258.43,53512
NIFTY100EW,20260916,34.59,34.99,33.59,34.33,148048
NIFTYADD,20260916,245.83,246.19,244.32,245.69,10290
NIFTYAXIS,20260916,258.31,258.31,256.46,257.65,24717
NIFTYBEES,20260916,264.58,266.28,262.79,265.02,6249520
NIFTYBETA,20260916,250.94,259.95,250.94,258.24,32014
NIFTYBETF,20260916,241.04,244.0,238.11,240.54,3109
NIFTYCASE,20260916,9.37,9.38,9.3,9.35,586025
NIFTYETF,20260916,253.5,253.83,252.0,253.31,123040
NIFTYIETF,20260916,269.94,269.94,262.7,263.67,511272
NIFTYJBLK,20260916,12.21,12.21,11.85,12.07,164395
NIFTYQLITY,20260916,20.57,20.6,20.33,20.36,26136
NIITLTD,20260916,87.8,88.89,84.86,85.35,351938
NIITMTS,20260916,232.02,232.02,222.16,223.79,88940
NILAINFRA,20260916,6.57,6.74,6.4,6.57,155759
NILASPACES,20260916,12.04,12.8,11.81,12.56,1928596
NILE,20260916,1468.3,1486.9,1431.1,1452.6,1356
NILKAMAL,20260916,2012.4,2012.4,1880.0,1920.5,41077
NIMBSPROJ,20260916,174.0,178.5,167.0,174.99,42855
NINSYS,20260916,714.75,714.9,687.05,709.35,4210
NIPPOBATRY,20260916,326.0,326.0,317.0,323.55,1173
NIRAJ,20260916,27.85,28.55,27.33,27.61,13411
NIRAJISPAT,20260916,300.0,300.0,300.0,300.0,5
NIRLON,20260916,598.0,602.75,591.8,593.6,1923
NITCO,20260916,88.9,89.05,83.25,85.17,684232
NITINSPIN,20260916,639.95,640.35,615.25,628.0,122404
NITIRAJ,20260916,232.0,232.0,218.9,230.02,4246
NITTAGELA,20260916,1725.9,1779.0,1651.2,1756.9,11261
NIVABUPA,20260916,81.5,81.79,79.08,79.55,1090983
NKIND,20260916,52.2,59.89,50.0,57.62,1193
NLCINDIA,20260916,261.25,262.0,254.3,255.35,3109419
NMDC,20260916,80.8,81.09,79.45,80.32,9502607
NOCIL,20260916,184.2,186.86,179.21,181.95,1428895
NOIDATOLL,20260916,3.94,4.06,3.92,3.96,42388
NORBTEAEXP,20260916,64.5,67.72,64.5,64.56,1286
NORTHARC,20260916,294.15,298.5,285.45,295.9,749709
NOVAAGRI,20260916,22.49,22.97,22.0,22.32,44964
NOVARTIND,20260916,2164.0,2178.1,1980.0,1995.5,122942
NPBET,20260916,281.1,282.9,281.1,282.63,148
NPST,20260916,1730.0,1934.0,1673.5,1834.6,3028115
NRAIL,20260916,642.0,659.95,603.95,621.4,31432
NRBBEARING,20260916,479.0,479.45,453.5,471.3,506012
NRL,20260916,136.0,139.0,128.59,133.98,80531
NSIL,20260916,5489.5,5489.5,5312.5,5397.5,1168
NSLNISP,20260916,41.6,41.77,40.23,41.17,4104940
NTCIND,20260916,138.8,138.8,130.4,136.7,1147
NTPC,20260916,329.5,329.95,326.55,327.0,6556304
NTPCGREEN,20260916,85.8,87.9,85.16,87.59,1822934
NUCLEUS,20260916,690.0,697.65,689.0,692.45,9512
NURECA,20260916,322.2,338.3,318.0,338.3,12352
NUVAMA,20260916,1661.6,1731.0,1649.8,1703.1,295864
NUVOCO,20260916,312.2,318.35,307.95,316.2,297862
NV20,20260916,13.57,13.76,13.46,13.56,122989
NV20BEES,20260916,135.5,136.13,134.95,135.62,94023
NV20IETF,20260916,13.48,13.48,13.13,13.19,227362
NYKAA,20260916,336.2,338.3,323.55,325.6,4960142
OAL,20260916,510.95,527.85,478.1,508.85,28836
OBCL,20260916,55.41,57.98,54.02,56.98,18956
OBEROIRLTY,20260916,1660.0,1717.3,1660.0,1706.9,599621
OCCLLTD,20260916,151.0,151.0,144.06,147.29,41985
ODIGMA,20260916,22.09,22.09,21.2,21.42,5887
ODYCORP,20260916,7.13,7.14,6.82,7.11,12042
OFSS,20260916,11840.0,11920.0,11399.0,11510.0,245645
OIL,20260916,485.5,489.5,481.4,487.6,1295800
OILCOUNTUB,20260916,63.63,63.63,62.79,63.0,72754
OILIETF,20260916,11.0,11.09,10.96,11.06,804626
OLAELEC,20260916,38.0,38.99,37.01,37.24,42359603
OLECTRA,20260916,1182.7,1190.4,1155.0,1168.0,265014
OMAXAUTO,20260916,169.6,172.49,161.21,167.1,50833
OMAXE,20260916,118.04,118.9,113.71,115.07,726110
OMFREIGHT,20260916,83.5,88.0,83.5,87.49,4026
OMINFRAL,20260916,80.99,80.99,77.43,80.42,39905
OMNI,20260916,543.0,549.8,527.05,539.5,284946
OMPOWER,20260916,165.35,168.19,162.1,164.82,96074
ONEGLOBAL,20260916,519.1,531.2,495.0,524.75,8604
ONELIFECAP,20260916,33.2,33.99,32.0,32.33,4211
ONEPOINT,20260916,57.09,58.77,55.41,56.28,1943119
ONESOURCE,20260916,1595.0,1613.6,1563.2,1596.6,143256
ONGC,20260916,236.45,236.8,233.31,236.8,8748123
ONIDA,20260916,33.0,33.85,32.35,33.05,264250
ONIXSOLAR,20260916,395.95,406.25,395.95,395.95,361158
ONMOBILE,20260916,49.95,51.81,49.52,51.81,60699
ONWARDTEC,20260916,280.5,288.9,274.8,278.6,16389
OPTIEMUS,20260916,600.0,605.0,575.0,592.85,419440
OPTIFIN,20260916,13.85,14.44,12.53,13.29,45848
ORBTEXP,20260916,232.01,241.72,223.01,224.59,7592
ORCHASP,20260916,1.68,1.71,1.54,1.6,529798
ORCHPHARMA,20260916,988.0,992.75,950.2,957.5,54989
ORICONENT,20260916,51.7,52.8,51.2,51.38,43753
ORIENTALTL,20260916,5.03,5.11,4.95,5.0,62041
ORIENTBELL,20260916,390.45,395.85,377.6,384.2,47962
ORIENTCEM,20260916,122.1,122.59,120.6,121.64,731583
ORIENTCER,20260916,45.26,45.97,42.5,44.82,53183
ORIENTELEC,20260916,168.2,171.32,166.0,168.4,119138
ORIENTHOT,20260916,138.2,139.55,135.92,138.59,1125124
ORIENTLTD,20260916,82.9,82.9,80.0,80.0,119
ORIENTPPR,20260916,16.7,16.94,16.55,16.79,267446
ORIENTTECH,20260916,242.28,245.76,230.56,233.32,241264
ORIRAIL,20260916,120.2,121.9,115.1,119.85,131322
ORISSAMINE,20260916,3877.9,3927.0,3795.5,3829.4,12535
ORKLAINDIA,20260916,580.0,587.9,575.0,579.8,81754
ORTINGLOBE,20260916,16.63,17.38,16.01,17.25,11645
OSIAHYPER,20260916,2.42,2.42,2.3,2.3,522012
OSWALAGRO,20260916,33.51,34.12,32.36,33.43,30937
OSWALGREEN,20260916,19.95,20.11,18.55,19.29,294796
OSWALPUMPS,20260916,276.85,276.85,266.45,269.85,273819
OSWALSEEDS,20260916,16.48,16.5,14.51,14.6,531007
PACEDIGITK,20260916,153.6,155.29,150.25,152.5,657267
PACIFICI,20260916,136.1,136.1,136.0,136.1,1179
PAGEIND,20260916,34600.0,35035.0,34000.0,34275.0,33484
PAISALO,20260916,82.95,85.6,81.1,84.59,20996365
PAKKA,20260916,74.85,76.0,73.5,75.15,49342
PALASHSECU,20260916,89.0,89.0,88.0,88.0,14
PALREDTEC,20260916,49.8,49.8,47.61,47.63,2041
PANACEABIO,20260916,374.9,378.9,361.95,367.15,107394
PANACHE,20260916,518.45,521.0,518.45,520.0,6894
PANAMAPET,20260916,447.0,454.75,436.85,451.55,187471
PANCHMAHQ,20260916,304.85,304.85,267.0,295.0,180
PANORAMA,20260916,52.09,54.26,49.14,50.13,417500
PANSARI,20260916,285.0,297.0,275.0,291.7,828
PAR,20260916,127.55,130.0,127.19,127.19,19322
PARACABLES,20260916,61.3,62.09,58.96,60.83,1483208
PARADEEP,20260916,149.46,149.94,145.0,146.84,1898179
PARAGMILK,20260916,252.0,272.45,246.3,269.1,2510039
PARAS,20260916,1351.8,1351.8,1252.0,1318.8,1223719
PARASPETRO,20260916,2.15,2.23,2.11,2.13,49817
PARKHOSPS,20260916,278.65,281.55,273.0,276.4,858138
PARKHOTELS,20260916,107.74,108.24,105.0,105.85,132228
PARNAXLAB,20260916,123.0,123.9,117.05,120.26,2002
PARSVNATH,20260916,1.75,1.78,1.72,1.78,5743240
PASHUPATI,20260916,81.25,81.25,79.1,79.74,222499
PASUPTAC,20260916,70.55,72.39,66.18,68.07,159716
PATANJALI,20260916,339.05,367.4,337.5,365.0,28837966
PATELENG,20260916,26.09,26.21,25.38,25.62,1973986
PATELRMART,20260916,206.07,209.9,201.25,202.92,144620
PATINTLOG,20260916,13.14,13.79,12.71,13.78,95273
PAUSHAKLTD,20260916,682.0,725.55,675.05,715.35,64217
PAVNAIND,20260916,15.1,16.2,14.96,15.14,134895
PAYTM,20260916,1830.0,1855.5,1731.1,1790.0,15413025
PCBL,20260916,314.15,320.9,310.25,317.1,859081
PCJEWELLER,20260916,12.89,12.9,11.81,12.64,526445213
PDMJEPAPER,20260916,96.77,99.5,94.21,97.95,368391
PDSL,20260916,332.15,342.0,325.15,336.65,79653
PEARLPOLY,20260916,16.24,16.24,15.6,16.15,19450
PENIND,20260916,167.55,168.99,162.0,166.79,496686
PENINLAND,20260916,15.67,15.67,14.18,14.62,151536
PERMAGN,20260916,829.0,842.35,824.7,834.8,3090
PERNIASPOP,20260916,542.0,549.65,511.5,545.1,183715
PERSISTENT,20260916,5522.0,5529.5,5390.5,5440.0,412053
PETRONET,20260916,281.6,284.95,278.25,282.1,692663
PFC,20260916,344.0,349.1,343.65,346.0,6079360
PFIZER,20260916,4052.0,4080.0,3955.5,4014.4,37281
PFOCUS,20260916,323.0,333.6,313.1,320.45,2349306
PFS,20260916,26.81,26.9,25.9,26.06,390809
PGEL,20260916,515.25,527.0,513.0,523.85,768516
PGHH,20260916,7525.0,7659.0,7488.0,7611.0,8431
PGHL,20260916,5365.0,5568.0,5365.0,5460.0,13561
PGIL,20260916,1171.6,1237.0,1136.1,1179.9,439780
PHARMABEES,20260916,26.26,27.1,26.26,26.95,3991876
PHOENIXLTD,20260916,1833.6,1864.1,1820.2,1855.0,473466
PHOENXINTL,20260916,28.4,28.4,27.8,28.1,1778
PICCADIL,20260916,584.0,597.35,572.0,593.05,178214
PIDILITIND,20260916,1521.2,1546.9,1521.2,1543.8,573360
PIGL,20260916,99.99,106.0,97.82,101.74,75040
PIIND,20260916,2255.0,2287.2,2227.2,2256.0,160599
PILANIINVS,20260916,4090.0,4100.0,4026.9,4052.2,3729
PILITA,20260916,7.73,7.96,7.63,7.79,13479
PINELABS,20260916,198.0,198.0,175.3,185.71,112454490
PIONEEREMB,20260916,22.89,22.89,20.7,21.01,14083
PIONRINV,20260916,83.0,83.0,82.85,82.85,550
PIRAMALFIN,20260916,2202.4,2237.2,2180.2,2201.1,405982
PITTIENG,20260916,1107.2,1110.7,1060.0,1101.4,136519
PIXTRANS,20260916,1739.8,1749.3,1711.6,1724.6,9230
PKTEA,20260916,1020.0,1020.0,922.2,936.95,5082
PLASTIBLEN,20260916,183.6,188.09,180.86,182.75,12425
PLATIND,20260916,220.0,220.0,211.41,217.03,26600
PLAZACABLE,20260916,61.38,64.0,59.82,62.51,101173
PML,20260916,495.85,496.1,495.8,496.1,180
PNB,20260916,114.73,117.48,114.63,116.8,18494065
PNBGILTS,20260916,76.5,80.24,74.03,77.91,627422
PNBHOUSING,20260916,1143.4,1152.3,1126.9,1134.0,988137
PNC,20260916,16.46,16.9,16.1,16.17,3026
PNCINFRA,20260916,132.0,141.6,116.4,134.44,18753186
PNGJL,20260916,606.0,619.7,596.65,608.65,278105
PNGSREVA,20260916,497.55,506.5,481.7,496.95,133694
POCL,20260916,435.3,468.35,427.6,452.9,1247116
PODDARMENT,20260916,275.95,279.9,265.65,267.15,1675
POEL,20260916,142.35,142.35,136.11,137.47,21498
POKARNA,20260916,750.0,765.8,740.0,750.5,70556
POLICYBZR,20260916,1739.9,1847.0,1710.1,1827.1,2054206
POLYCAB,20260916,8129.5,8244.0,8072.0,8121.5,246715
POLYMED,20260916,1701.9,1716.7,1691.2,1704.6,116363
POLYPLEX,20260916,1093.0,1100.0,1054.6,1079.7,57907
POLYSPIN,20260916,28.95,28.95,28.95,28.95,50
PONNIERODE,20260916,351.8,370.45,343.1,359.55,23272
POONAWALLA,20260916,434.5,434.95,428.1,432.45,679052
POWERGRID,20260916,264.1,266.35,262.8,262.8,7132902
POWERICA,20260916,536.0,547.1,516.75,540.0,112963
POWERINDIA,20260916,30300.0,30400.0,29645.0,30200.0,93574
POWERMECH,20260916,2325.1,2334.0,2278.8,2296.5,41657
PPAP,20260916,229.0,235.95,222.0,234.35,10777
PPL,20260916,282.95,282.95,262.1,272.25,23499
PPLPHARMA,20260916,203.0,207.96,198.86,202.37,2966781
PRABHA,20260916,238.0,239.5,222.85,226.58,175244
PRADPME,20260916,456.5,456.5,445.9,446.1,8849
PRAENG,20260916,21.5,22.44,20.81,22.1,29615
PRAJIND,20260916,318.0,318.0,310.0,314.0,414802
PRAKASH,20260916,118.0,118.9,115.01,118.48,357885
PRAKASHSTL,20260916,3.82,3.82,3.57,3.74,127516
PRANAV,20260916,121.0,123.7,105.6,106.81,19882781
PRASOLCHEM,20260916,610.0,671.0,601.0,671.0,2214873
PRAVEG,20260916,256.05,263.6,252.2,254.0,29166
PRAXIS,20260916,4.37,4.39,4.15,4.23,84702
PRECAM,20260916,113.6,114.96,111.61,112.81,126306
PRECOT,20260916,643.0,660.0,643.0,654.45,586
PRECWIRE,20260916,440.05,445.5,420.3,439.6,436969
PREMCO,20260916,391.35,397.0,386.95,392.05,1105
PREMEXPLN,20260916,666.05,668.75,663.1,667.85,188663
PREMIER,20260916,2.8,2.81,2.62,2.79,7955
PREMIERENE,20260916,940.4,944.2,888.1,899.0,3795481
PREMIERPOL,20260916,80.97,84.95,79.0,82.62,260231
PRESTIGE,20260916,1418.9,1442.0,1409.1,1424.0,498204
PRICOLLTD,20260916,740.0,751.55,721.0,744.8,291807
PRIMESECU,20260916,276.05,288.0,275.05,283.75,18774
PRIMO,20260916,23.2,23.2,20.91,21.35,203469
PRINCEPIPE,20260916,260.25,261.85,251.8,257.3,103383
PRIORITY,20260916,218.0,228.05,209.61,221.55,180110
PRISMX,20260916,0.56,0.56,0.54,0.55,78577
PRITI,20260916,33.52,33.52,31.0,31.96,11013
PRITIKAUTO,20260916,14.8,14.89,14.23,14.48,150537
PRIVISCL,20260916,3468.0,3498.7,3383.1,3480.7,61992
PROSTARM,20260916,126.12,130.69,124.03,127.95,202291
PROTEAN,20260916,488.0,500.3,484.1,485.35,257806
PROZONER,20260916,53.75,53.75,49.5,52.61,332568
PRSMJOHNSN,20260916,112.4,115.8,111.05,114.54,529992
PRUDENT,20260916,3232.0,3342.2,3190.2,3326.1,14577
PRUDMOULI,20260916,14.81,15.67,14.78,14.8,12013
PSB,20260916,22.35,22.45,22.11,22.25,895874
PSPPROJECT,20260916,825.4,829.0,796.75,813.75,37931
PSUBANK,20260916,81.95,83.05,81.88,82.8,251844
PSUBANKADD,20260916,83.1,84.03,82.41,83.23,29062
PSUBNKBEES,20260916,91.25,92.6,91.0,92.21,803010
PSUBNKIETF,20260916,83.2,84.06,82.84,83.7,51646
PTC,20260916,153.0,153.79,150.51,151.96,1795094
PTCIL,20260916,22615.0,22685.0,22120.0,22500.0,25652
PTL,20260916,38.25,38.64,37.75,38.05,25279
PUNJABCHEM,20260916,1049.5,1080.0,1020.1,1071.2,5860
PURVA,20260916,207.85,215.5,200.25,210.23,368141
PVP,20260916,60.2,60.79,58.51,58.51,342199
PVRINOX,20260916,1220.0,1264.0,1217.6,1254.6,456245
PVSL,20260916,98.02,101.0,97.51,99.32,10100
PVTBANIETF,20260916,27.75,28.5,27.36,27.94,1508749
PVTBANK,20260916,27.23,27.45,27.15,27.41,11177
PVTBANKADD,20260916,27.26,28.5,27.09,27.73,146716
PVTBKGROWW,20260916,26.8,27.78,26.8,27.53,18943
PWL,20260916,130.0,130.8,125.27,127.53,6610404
PYRAMID,20260916,154.96,157.0,151.5,153.93,43737
QGOLDHALF,20260916,125.84,125.92,124.9,125.15,236584
QMSMEDI,20260916,167.0,167.0,160.0,164.29,28905
QNIFTY,20260916,255.0,257.0,255.0,256.39,2924
QPOWER,20260916,1344.0,1422.9,1291.7,1422.9,493456
QUADFUTURE,20260916,484.6,497.0,466.95,491.95,1127715
QUAL30IETF,20260916,20.37,20.39,20.16,20.27,123139
QUALITY30,20260916,19.97,19.99,19.73,19.93,2463
QUESS,20260916,344.1,345.0,328.2,342.4,373895
QUICKHEAL,20260916,161.0,164.8,151.18,157.33,346174
QUINT,20260916,57.88,57.88,57.88,57.88,41492
RACE,20260916,95.0,99.0,90.0,96.86,36959
RACLGEAR,20260916,1755.0,1892.0,1726.5,1852.4,258873
RADAAN,20260916,2.91,2.91,2.8,2.84,9341
RADHIKAJWE,20260916,72.0,74.7,71.7,71.7,90970
RADIANTCMS,20260916,38.24,39.49,36.31,38.05,649686
RADICO,20260916,4338.7,4466.0,4321.6,4466.0,278614
RADIOCITY,20260916,5.9,6.2,5.9,6.03,19490
RAILTEL,20260916,255.0,255.0,248.0,252.35,487737
RAIN,20260916,196.74,202.5,191.04,199.29,4448597
RAINBOW,20260916,1449.9,1464.7,1424.5,1457.2,55338
RAJESHEXPO,20260916,76.3,78.48,75.0,76.74,90962
RAJMET,20260916,3.14,3.18,3.12,3.13,123405
RAJOOENG,20260916,54.99,54.99,51.27,52.26,169408
RAJPALAYAM,20260916,760.0,770.0,755.0,760.0,2946
RAJRATAN,20260916,481.0,481.0,460.6,462.95,109075
RAJRILTD,20260916,20.97,20.97,20.58,20.91,2601
RAJSREESUG,20260916,33.14,33.15,30.51,31.24,75840
RAJTV,20260916,8.9,8.9,8.19,8.58,52656
RALLIS,20260916,200.85,203.98,196.81,202.65,662039
RAMANEWS,20260916,31.57,31.57,30.0,30.16,13260
RAMAPHO,20260916,118.5,119.49,113.86,115.18,46737
RAMASTEEL,20260916,3.69,3.92,3.68,3.92,2722764
RAMBHAJO,20260916,252.9,258.0,242.01,252.05,333413
RAMCOCEM,20260916,859.55,868.8,849.2,863.15,270752
RAMCOIND,20260916,318.4,322.8,305.8,320.85,125109
RAMCOSYS,20260916,566.9,567.8,543.95,558.65,62642
RAMKY,20260916,315.0,318.0,308.85,311.75,39434
RAMRAT,20260916,515.0,528.0,500.1,525.8,107130
RANASUG,20260916,14.82,14.94,14.6,14.7,327889
RANEHOLDIN,20260916,1650.1,1662.4,1602.6,1630.3,7491
RATEGAIN,20260916,869.0,875.0,849.85,860.95,140820
RATNAMANI,20260916,2730.0,2730.5,2615.6,2695.0,33844
RATNAVEER,20260916,280.0,294.9,275.2,286.75,11887521
RAYMOND,20260916,1000.0,1058.0,937.3,993.9,12662239
RAYMONDLSL,20260916,674.9,682.75,660.5,667.75,162589
RAYMONDREL,20260916,583.0,593.85,561.1,565.35,510026
RBA,20260916,95.23,96.58,93.1,95.83,2492691
RBLBANK,20260916,404.8,406.7,395.95,404.0,2607366
RBZJEWEL,20260916,165.69,165.69,157.42,162.3,84411
RCF,20260916,109.15,109.85,107.27,108.77,1035985
RCOM,20260916,1.09,1.09,1.01,1.01,3525359
RECLTD,20260916,308.7,315.5,308.7,312.65,4651938
REDINGTON,20260916,378.95,389.9,371.2,388.15,5640367
REDTAPE,20260916,123.0,126.38,115.92,117.34,2138900
REFEX,20260916,265.55,269.95,258.1,260.9,260006
REGAAL,20260916,79.96,81.01,77.71,80.59,120947
REGENCERAM,20260916,34.0,34.9,32.0,33.1,2640
RELAXO,20260916,318.0,318.45,309.15,311.4,255746
RELCHEMQ,20260916,123.71,129.4,115.27,116.66,42380
RELIABLE,20260916,136.4,137.45,133.61,136.05,57475
RELIANCE,20260916,1243.0,1255.0,1240.0,1240.0,10023997
RELIGARE,20260916,246.21,250.39,243.4,247.65,443966
RELINFRA,20260916,51.54,52.0,51.54,51.54,79034
RELTD,20260916,148.2,150.99,143.41,147.96,58078
REMSONSIND,20260916,92.13,94.53,88.48,92.34,72102
RENUKA,20260916,23.54,23.54,22.4,23.01,12297730
REPCOHOME,20260916,348.5,351.95,340.65,346.7,69215
REPL,20260916,59.35,59.97,56.55,57.61,7269
REPRO,20260916,290.05,306.6,288.1,297.95,20159
RESPONIND,20260916,162.54,164.0,158.06,161.57,394977
RETAIL,20260916,17.39,17.4,16.32,16.78,3489
RGL,20260916,149.29,153.79,146.4,149.5,585544
RHETAN,20260916,21.67,21.67,21.67,21.67,118798
RHFL,20260916,1.87,1.87,1.79,1.79,464570
RHIM,20260916,361.7,366.7,360.5,363.6,123204
RHL,20260916,170.0,177.95,170.0,173.24,807
RICOAUTO,20260916,129.45,129.45,123.62,125.86,903568
RIIL,20260916,701.0,708.95,681.0,693.65,38754
RIR,20260916,172.0,184.0,164.11,179.77,1024742
RISHABH,20260916,780.0,786.55,726.5,758.55,371434
RITCO,20260916,292.35,299.5,280.1,294.75,80345
RITES,20260916,206.53,207.9,202.92,204.92,282038
RKDL,20260916,18.59,18.59,17.49,17.94,17578
RKEC,20260916,19.25,19.94,18.45,19.01,42803
RKFORGE,20260916,684.0,693.9,659.1,688.8,507925
RKSWAMY,20260916,91.0,91.7,87.91,88.33,32265
RMC,20260916,202.0,208.32,194.1,206.41,40032
RMDRIP,20260916,23.79,23.79,22.33,23.23,1384412
RML,20260916,1320.0,1320.0,1229.8,1268.1,72986
RNBDENIMS,20260916,9.0,9.49,8.72,9.31,135099
ROHLTD,20260916,300.1,300.35,292.0,296.1,12894
ROLEXRINGS,20260916,166.43,169.7,160.74,168.53,952108
ROLLT,20260916,4.98,5.19,4.98,5.19,932152
ROML,20260916,42.02,43.4,40.61,41.27,1543
ROSSARI,20260916,435.4,441.45,428.3,437.8,57741
ROSSELLIND,20260916,56.0,57.44,54.65,55.35,18235
ROSSTECH,20260916,1270.0,1420.0,1219.5,1349.9,3386100
ROTO,20260916,63.32,63.32,60.15,62.13,267153
ROUTE,20260916,484.9,488.1,471.3,480.7,283400
RPEL,20260916,1648.0,1648.0,1507.2,1547.0,244936
RPGLIFE,20260916,2691.1,2760.0,2630.5,2739.1,14164
RPOWER,20260916,21.03,21.18,20.51,20.78,18909477
RPPINFRA,20260916,55.25,55.5,53.0,53.56,98351
RPPL,20260916,20.0,21.0,19.15,20.98,22994
RPSGVENT,20260916,824.05,840.05,820.0,823.7,13165
RPTECH,20260916,801.0,814.35,768.2,794.45,308029
RRECL,20260916,124.0,136.0,124.0,135.57,707
RRIL,20260916,15.38,16.65,15.38,16.23,10727
RRKABEL,20260916,2398.9,2454.0,2340.2,2397.4,456841
RSDFIN,20260916,93.0,93.0,93.0,93.0,51
RSL,20260916,181.0,184.25,171.41,180.84,510807
RSSOFTWARE,20260916,29.6,30.2,29.52,29.92,27506
RSWM,20260916,207.1,217.0,201.3,210.67,25672
RSYSTEMS,20260916,240.47,244.9,235.37,240.74,140217
RTNINDIA,20260916,27.14,27.14,26.51,26.74,2671333
RTNPOWER,20260916,6.99,7.22,6.96,7.03,29119691
RTSPOWR,20260916,91.6,93.0,68.88,83.72,2735
RUBFILA,20260916,64.64,67.0,62.25,65.04,70501
RUBICON,20260916,1802.0,1812.3,1712.1,1766.7,415964
RUBYMILLS,20260916,427.15,468.65,398.4,462.1,90742
RUCHINFRA,20260916,5.51,5.51,5.16,5.22,73373
RUCHIRA,20260916,105.5,108.38,105.5,107.28,23506
RUDRA,20260916,20.79,20.79,19.85,20.08,59486
RUPA,20260916,134.0,134.01,130.0,132.08,117220
RUSHIL,20260916,15.59,15.85,15.06,15.33,380720
RUSTOMJEE,20260916,340.9,340.9,333.55,338.35,33205
RVHL,20260916,39.35,39.55,38.2,39.43,2490
RVNL,20260916,199.05,200.19,195.15,197.5,4733889
RVTH,20260916,680.5,680.5,651.0,663.0,854
S&SPOWER,20260916,344.9,344.9,316.25,321.35,2830
SAATVIKGL,20260916,428.5,428.5,404.0,413.25,1244363
SADBHAV,20260916,7.79,7.79,7.45,7.6,137386
SADBHIN,20260916,2.42,2.59,2.42,2.55,162598
SADHNANIQ,20260916,2.78,2.78,2.75,2.75,823455
SAFARI,20260916,1526.2,1535.0,1495.0,1520.5,31277
SAGARDEEP,20260916,23.66,24.14,23.2,23.81,1209
SAGCEM,20260916,146.8,148.74,141.52,147.99,59078
SAGILITY,20260916,45.93,46.2,44.75,45.02,11752528
SAHLIBHFI,20260916,79.9,79.9,75.0,78.94,18065
SAHYADRI,20260916,366.25,376.7,355.0,361.3,8746
SAICAPI,20260916,167.0,167.0,152.05,158.84,832
SAIL,20260916,173.79,174.9,170.5,173.55,9871840
SAILIFE,20260916,1539.8,1557.8,1494.4,1539.1,801004
SAIPARENT,20260916,511.3,519.0,491.25,516.45,101958
SAKAR,20260916,1137.0,1143.9,1042.7,1105.4,164430
SAKHTISUG,20260916,19.38,19.38,18.31,18.53,116936
SAKSOFT,20260916,142.29,143.21,137.62,141.18,225685
SAKUMA,20260916,1.58,1.59,1.54,1.56,511864
SALASAR,20260916,4.78,4.97,4.72,4.93,5331409
SALONA,20260916,255.9,264.9,250.1,264.0,1163
SALSTEEL,20260916,70.15,74.62,67.6,74.62,575115
SALZERELEC,20260916,532.55,573.95,520.0,557.85,196809
SAMBANDAM,20260916,109.42,109.42,106.25,106.27,400
SAMBHAAV,20260916,5.85,5.98,5.63,5.89,13015
SAMBHV,20260916,129.55,130.27,123.75,128.4,2221545
SAMHI,20260916,152.05,164.0,149.0,160.27,4543499
SAMMAANCAP,20260916,142.1,143.28,139.96,142.19,4885236
SAMPANN,20260916,24.37,24.65,23.7,24.28,7222
SANATHAN,20260916,460.0,461.35,443.05,454.05,95303
SANDESH,20260916,1010.0,1051.0,997.0,1032.3,1115
SANDHAR,20260916,616.35,616.35,577.0,583.25,313788
SANDUMA,20260916,182.34,183.49,178.2,180.6,619561
SANGAMIND,20260916,559.3,575.55,557.8,566.55,9376
SANGHVIMOV,20260916,403.7,411.0,395.3,408.25,277691
SANGINITA,20260916,68.31,68.31,68.31,68.31,45896
SANOFI,20260916,3131.0,3149.0,3081.0,3111.2,18139
SANOFICONR,20260916,4012.1,4039.3,3971.0,3990.4,1967
SANSERA,20260916,3870.4,3981.9,3800.0,3971.2,229404
SANSTAR,20260916,111.5,114.77,107.21,112.81,194156
SANWARIA,20260916,0.2,0.2,0.18,0.2,825068
SAPPHIRE,20260916,223.0,226.0,219.92,223.32,241465
SAPPL,20260916,299.75,299.75,271.05,274.65,575
SARDAEN,20260916,501.0,503.0,491.6,497.35,279078
SAREGAMA,20260916,485.5,498.0,475.2,486.55,380888
SARLAPOLY,20260916,96.8,98.75,93.5,95.22,78562
SARVESHWAR,20260916,3.79,3.87,3.67,3.79,1724587
SASKEN,20260916,1701.6,1736.8,1650.1,1681.5,27960
SATIA,20260916,66.17,68.5,65.33,68.11,101252
SATIN,20260916,214.75,219.4,210.0,217.88,208980
SAURASHCEM,20260916,52.8,55.88,51.8,52.33,122216
SAYAJIHOTL,20260916,326.0,329.25,315.1,319.1,104
SAYAJIIND,20260916,109.51,113.0,109.0,113.0,1049
SBC,20260916,47.7,48.0,45.75,47.63,9128975
SBCL,20260916,1020.0,1070.9,957.1,1057.0,529492
SBFC,20260916,94.44,95.24,92.43,93.66,611434
SBGLP,20260916,21.11,22.01,20.0,21.49,39935
SBIBPB,20260916,47.71,48.94,47.53,48.27,57633
SBICARD,20260916,619.75,629.3,612.6,618.1,1306832
SBIETFCON,20260916,118.47,118.47,116.77,117.78,5383
SBIETFIT,20260916,328.71,329.4,322.0,322.23,2435
SBIETFPB,20260916,282.29,282.29,277.09,279.3,9739
SBIETFQLTY,20260916,214.05,214.46,211.88,213.75,1690
SBIFUNDS,20260916,537.0,537.5,525.3,530.1,941906
SBILIFE,20260916,1656.4,1705.0,1656.4,1697.9,835034
SBILIQETF,20260916,1056.09,1056.09,1056.07,1056.07,247158
SBIMIDMOM,20260916,61.8,63.67,60.93,62.01,7808
SBIN,20260916,976.0,991.4,973.2,991.4,8609956
SBINEQWETF,20260916,32.33,32.47,32.02,32.21,74112
SBINMID150,20260916,22.46,22.58,22.21,22.48,15025
SBISILVER,20260916,223.19,224.75,223.19,224.07,859266
SBISMLETF,20260916,18.15,18.29,17.55,17.9,58946
SBIVALETF,20260916,14.28,14.45,14.21,14.35,12811
SCANSTL,20260916,55.18,55.18,53.27,53.32,39951
SCHAEFFLER,20260916,3916.4,3955.5,3818.1,3898.9,33996
SCHAND,20260916,133.07,134.66,127.73,133.28,41303
SCHNEIDER,20260916,1193.1,1215.0,1169.1,1198.6,304100
SCI,20260916,269.05,274.0,262.8,266.9,1491512
SCILAL,20260916,37.88,37.99,36.8,37.91,180889
SCODATUBES,20260916,126.24,126.24,118.6,124.34,232154
SCPL,20260916,641.0,648.0,630.0,635.2,5340
SDBL,20260916,67.8,68.0,66.1,67.29,474100
SEAMECLTD,20260916,1736.0,1736.0,1660.0,1701.6,84964
SECMARK,20260916,134.0,160.25,133.9,143.74,9748
SECURKLOUD,20260916,16.89,17.5,16.2,17.06,57998
SEDEMAC,20260916,2963.8,3151.9,2896.9,3122.4,279820
SEIL,20260916,187.24,193.43,178.4,189.33,377063
SEJALLTD,20260916,625.5,649.25,587.45,649.25,112760
SEKURITIND,20260916,108.0,108.9,106.0,107.25,17097
SELECTIPO,20260916,47.9,47.9,46.54,47.35,63204
SEMAC,20260916,272.0,272.0,261.05,269.0,202
SENCO,20260916,337.9,337.95,325.65,332.25,473765
SENORES,20260916,1424.2,1425.0,1355.6,1376.9,222954
SENSEXADD,20260916,76.82,77.0,76.53,76.9,496
SENSEXAXIS,20260916,77.26,77.52,76.75,77.33,3236
SENSEXBETA,20260916,818.0,827.64,813.89,818.38,3936
SENSEXETF,20260916,75.09,77.04,75.09,76.84,13863
SENSEXIETF,20260916,858.19,858.69,852.86,856.15,65446
SEPC,20260916,5.1,5.19,5.0,5.11,6615229
SERVOTECH,20260916,72.68,75.8,71.0,73.24,897042
SESHAPAPER,20260916,243.4,248.08,239.12,246.72,35200
SETCO,20260916,17.23,17.5,16.6,16.95,35221
SETF10GILT,20260916,263.0,263.0,261.09,262.49,6229
SETFGOLD,20260916,128.51,128.98,128.29,128.88,3186743
SETFNIF50,20260916,251.88,252.0,248.6,250.64,674626
SETFNIFBK,20260916,570.35,579.48,570.35,577.41,12979
SETFNN50,20260916,759.57,760.05,748.3,758.2,39694
SETL,20260916,422.55,422.55,422.55,422.55,64549
SETUINFRA,20260916,0.63,0.63,0.62,0.62,8870
SEYAIND,20260916,12.35,12.82,12.32,12.62,6377
SFL,20260916,662.0,675.7,659.0,663.05,158561
SGFIN,20260916,629.0,636.0,600.0,618.2,226905
SGIL,20260916,585.0,594.2,565.9,581.5,5232
SGL,20260916,10.02,10.02,9.4,9.64,5093
SGLRES,20260916,2.4,2.46,2.33,2.44,14193
SGMART,20260916,716.0,739.95,678.1,697.65,699054
SGRL,20260916,663.8,665.95,630.0,648.65,14381
SHADOWFAX,20260916,242.45,247.5,236.0,243.75,2089926
SHAH,20260916,3.39,3.4,3.31,3.34,822276
SHAHALLOYS,20260916,89.6,94.4,89.0,90.56,16932
SHAILY,20260916,3180.0,3180.0,3040.0,3097.3,129716
SHAKTIPUMP,20260916,472.15,474.2,455.0,463.9,711934
SHALBY,20260916,137.21,138.54,131.81,135.74,244848
SHALPAINTS,20260916,82.0,83.5,78.4,81.92,146601
SHANKARA,20260916,147.51,149.82,147.51,149.24,42998
SHANKESH,20260916,95.96,95.99,87.31,89.55,5412485
SHANTI,20260916,6.17,6.3,5.9,6.06,17273
SHANTIGEAR,20260916,660.4,713.0,645.3,691.6,212317
SHANTIGOLD,20260916,247.9,253.99,238.82,243.95,1104713
SHARDACROP,20260916,754.4,758.75,740.05,745.5,127529
SHARDAMOTR,20260916,933.15,938.9,902.15,930.55,82323
SHARDUL,20260916,54.2,54.9,53.35,53.56,35121
SHAREINDIA,20260916,197.8,199.8,188.05,196.05,1855814
SHARIABEES,20260916,443.56,444.0,438.15,439.4,5901
SHBAJRG,20260916,156.0,156.0,147.98,151.35,1514
SHEKHAWATI,20260916,20.7,21.3,20.3,21.22,179202
SHEMAROO,20260916,115.85,116.99,115.0,115.82,5633
SHERVANI,20260916,350.1,350.1,332.0,332.0,33
SHILCTECH,20260916,4119.8,4150.0,3964.7,4016.5,12222
SHILGRAVQ,20260916,163.25,163.25,153.05,154.88,811
SHILPAMED,20260916,909.9,945.0,874.85,928.05,1187365
SHINDL,20260916,160.12,164.39,160.0,163.05,128760
SHIPROCKET,20260916,126.95,128.33,120.31,123.66,9635180
SHIVAAGRO,20260916,37.72,41.0,36.5,39.89,1518
SHIVACEM,20260916,15.61,16.02,15.3,15.5,89358
SHIVALIK,20260916,355.7,406.55,341.85,389.15,289347
SHIVAMAUTO,20260916,16.54,16.9,16.1,16.33,28408
SHIVAMILLS,20260916,61.9,61.9,58.21,59.86,379
SHIVATEX,20260916,178.15,182.0,171.29,177.7,17665
SHIVAUM,20260916,475.8,475.8,469.0,469.0,1900
SHK,20260916,135.05,135.95,131.0,133.42,600690
SHOPERSTOP,20260916,398.35,400.9,381.15,395.3,70172
SHRADDHA,20260916,156.5,156.5,144.53,152.97,3646
SHRADHA,20260916,33.88,34.9,30.51,31.49,107995
SHREDIGCEM,20260916,66.0,67.5,65.0,66.19,85455
SHREECEM,20260916,21970.0,22235.0,21665.0,21795.0,21233
SHREEJISPG,20260916,682.0,694.35,655.75,690.2,809303
SHREEPUSHK,20260916,501.45,514.85,482.0,506.95,123748
SHREERAMA,20260916,44.97,44.97,43.5,43.98,53787
SHRENIK,20260916,0.29,0.3,0.28,0.29,322590
SHREYANIND,20260916,126.17,128.0,124.0,127.48,2846
SHRIKRISH,20260916,34.23,34.23,33.85,34.0,23
SHRINGARMS,20260916,212.25,217.0,205.17,209.49,236182
SHRIPISTON,20260916,4243.1,4353.8,4150.0,4309.3,62702
SHRIRAMFIN,20260916,979.0,990.3,972.6,979.0,7221528
SHRIRAMPPS,20260916,70.02,71.39,69.25,70.57,363848
SHRJAGP,20260916,655.0,655.0,636.0,637.15,298
SHUKRAPHAR,20260916,56.25,56.25,52.33,54.6,2286024
SHYAMCENT,20260916,5.04,5.04,4.8,4.96,21867
SHYAMMETL,20260916,1050.0,1063.3,1019.0,1048.0,155947
SHYAMTEL,20260916,11.19,11.22,10.32,11.2,2765
SICAGEN,20260916,55.55,55.55,51.67,52.41,13515
SICALLOG,20260916,95.9,95.9,91.3,93.07,14751
SIEL,20260916,32.98,32.98,31.5,31.5,60
SIEMENS,20260916,3764.0,3799.3,3682.4,3742.0,132688
SIGACHI,20260916,32.0,32.26,29.81,31.16,5298985
SIGIND,20260916,71.8,71.8,67.5,67.94,3919
SIGMA,20260916,44.0,46.49,41.21,45.6,306226
SIGMAADV,20260916,790.85,824.9,758.0,817.05,250590
SIGNATURE,20260916,754.6,761.3,742.85,752.5,185649
SIGNPOST,20260916,264.65,271.2,255.1,263.55,64789
SIKA,20260916,1026.55,1085.7,993.6,1052.2,62044
SIKKO,20260916,5.54,5.92,5.37,5.88,2331569
SIL,20260916,17.7,18.0,16.32,16.52,80915
SILGO,20260916,68.99,71.57,68.66,71.04,40113
SILINV,20260916,445.0,452.0,436.55,440.1,1033
SILVER,20260916,227.49,228.96,227.49,228.18,736262
SILVER001,20260916,24.2,24.2,22.89,23.12,2914
SILVER1,20260916,22.11,22.31,22.1,22.2,18529177
SILVER360,20260916,224.3,226.1,224.15,225.16,32081
SILVERADD,20260916,22.0,22.12,21.92,22.04,4462291
SILVERAG,20260916,220.0,223.36,220.0,222.76,249835
SILVERAXIS,20260916,226.38,227.95,226.38,227.04,2272938
SILVERBEES,20260916,217.77,219.28,217.77,218.46,14593538
SILVERBETA,20260916,219.26,221.41,219.26,220.69,428878
SILVERBND,20260916,227.7,229.99,227.7,229.24,31333
SILVERCASE,20260916,23.05,23.24,23.0,23.16,9484959
SILVERIETF,20260916,227.9,228.9,227.49,228.08,1819854
SILVERTUC,20260916,151.7,157.0,148.85,153.05,370310
SIMBHALS,20260916,6.99,6.99,6.9,6.93,5980
SIMPLEXINF,20260916,240.6,250.2,233.05,248.85,165011
SIMPLXREA,20260916,126.01,126.01,126.01,126.01,2
SINCLAIR,20260916,78.51,79.9,77.1,77.92,22330
SINDHUTRAD,20260916,23.53,23.97,22.8,23.35,608340
SINGERIND,20260916,75.96,78.5,71.42,77.2,110528
SINTERCOM,20260916,75.12,79.0,73.3,75.32,2902
SIRCA,20260916,419.0,420.95,399.8,403.25,225976
SIS,20260916,418.4,426.85,410.65,415.9,461513
SITINET,20260916,0.28,0.28,0.27,0.28,239392
SIYSIL,20260916,521.05,529.35,508.35,516.05,41973
SJS,20260916,2312.0,2334.3,2241.7,2297.2,97320
SJVN,20260916,64.55,64.55,63.2,64.06,1560643
SKFINDIA,20260916,1501.0,1554.8,1488.0,1546.3,61886
SKFINDUS,20260916,2840.0,2964.9,2802.4,2943.0,51270
SKIPPER,20260916,533.0,534.55,513.7,522.65,661514
SKMEGGPROD,20260916,232.95,234.05,224.1,229.6,247841
SKYGOLD,20260916,791.35,824.35,774.8,792.6,704650
SKYWAYS,20260916,111.74,114.5,108.54,113.42,1867585
SMALL250,20260916,18.42,18.42,17.57,17.9,1668162
SMALLADD,20260916,18.2,18.47,17.67,17.99,292045
SMALLCAP,20260916,47.76,47.98,46.67,47.65,4252598
SMALLGROWW,20260916,47.85,48.18,46.85,47.62,7786
SMALLIETF,20260916,17.98,18.25,17.6,17.93,104207
SMARTLINK,20260916,227.0,230.0,221.74,222.57,14055
SMARTWORKS,20260916,521.0,525.0,503.3,520.2,69624
SMCGLOBAL,20260916,81.93,82.04,78.83,80.57,959934
SML100CASE,20260916,11.32,11.32,10.81,11.01,4609641
SMLMAH,20260916,6200.0,6229.5,5941.5,5971.5,83297
SMLT,20260916,63.7,63.7,58.25,59.88,16782
SMSPHARMA,20260916,410.2,413.35,393.25,402.95,802591
SNOWMAN,20260916,36.39,36.39,34.15,34.54,128926
SNXT30BEES,20260916,41.78,41.78,41.21,41.62,31627
SNXT50BETA,20260916,93.0,93.0,91.0,92.99,1859
SOBHA,20260916,1190.0,1194.7,1173.1,1181.8,77935
SOFTTECH,20260916,485.0,485.0,451.25,476.9,9640
SOLARA,20260916,715.0,730.0,669.0,711.5,730185
SOLARINDS,20260916,19400.0,19460.0,18480.0,18900.0,525092
SOLARWORLD,20260916,132.0,135.0,128.16,133.76,273416
SOLEX,20260916,674.2,675.05,652.05,657.65,20235
SOMANYCERA,20260916,542.55,561.9,529.65,555.15,103578
SOMATEX,20260916,83.25,83.74,79.25,80.58,3656
SOMICONVEY,20260916,90.69,97.5,89.01,94.11,28525
SONACOMS,20260916,780.6,794.65,767.0,768.0,2589871
SONAL,20260916,86.05,87.0,86.05,86.11,145
SONAMLTD,20260916,74.78,74.78,70.0,71.44,36780
SONATSOFTW,20260916,287.95,289.0,274.1,276.9,2111366
SOTL,20260916,689.0,702.45,670.0,694.4,213789
SOUTHBANK,20260916,45.22,45.89,44.54,45.19,9001848
SOUTHWEST,20260916,201.0,203.24,193.72,198.58,286651
SPAL,20260916,980.0,986.9,939.4,974.9,65492
SPANDANA,20260916,227.0,229.39,222.35,225.8,152012
SPARC,20260916,188.0,190.81,182.0,185.59,673294
SPCENET,20260916,3.34,3.4,3.23,3.24,474492
SPECIALITY,20260916,137.0,138.98,133.3,135.06,15219
SPECTRUM,20260916,3132.2,3132.5,3015.0,3083.7,19711
SPENCERS,20260916,27.94,28.48,27.01,28.21,18839
SPIC,20260916,67.39,67.63,65.1,66.83,460572
SPLIL,20260916,29.6,30.2,29.01,29.57,7018
SPLPETRO,20260916,789.35,798.0,769.3,792.7,175117
SPMLINFRA,20260916,169.05,173.0,163.54,172.03,122560
SPORTKING,20260916,201.0,203.6,196.22,200.96,252465
SRD,20260916,39.59,40.19,38.73,40.09,45265
SREEL,20260916,300.78,303.0,300.78,300.78,10682
SRF,20260916,2457.5,2508.5,2444.5,2480.1,159810
SRGHFL,20260916,126.4,138.2,126.4,126.4,350276
SRHHYPOLTD,20260916,507.0,512.75,490.2,509.7,17233
SRIKPRIND,20260916,29.0,30.4,27.76,27.76,7914
SRM,20260916,421.3,429.2,406.35,419.8,91640
SRTL,20260916,37.51,37.8,36.56,36.86,15004
SSDL,20260916,60.22,62.0,59.2,59.7,11507
SSWL,20260916,340.8,354.0,326.0,350.05,1772756
STALLION,20260916,211.7,218.65,203.67,212.79,283630
STANLEY,20260916,134.37,136.49,134.37,135.72,88725
STAR,20260916,1153.4,1192.0,1102.0,1183.9,398309
STARCEMENT,20260916,184.93,187.89,183.6,187.3,254340
STARHEALTH,20260916,540.8,549.45,531.05,545.7,589994
STARPAPER,20260916,163.99,169.5,160.0,161.46,10208
STARTECK,20260916,240.05,244.0,233.1,236.8,21
STCINDIA,20260916,112.6,112.6,110.1,111.08,11187
STEELCAS,20260916,309.0,314.65,292.2,299.25,290998
STEELCITY,20260916,87.86,87.86,84.1,85.25,6573
STEELXIND,20260916,11.34,11.6,10.9,11.07,6088018
STEL,20260916,597.05,605.0,596.0,602.05,4630
STERTOOLS,20260916,212.64,216.8,209.0,212.51,13533
STLNETWORK,20260916,38.45,39.06,35.34,38.97,15347153
STLSTRINF,20260916,26.99,27.9,22.9,26.52,135722
STLTECH,20260916,809.95,849.0,809.95,818.05,2551038
STOVEKRAFT,20260916,797.0,833.0,797.0,828.55,109498
STUDDS,20260916,411.0,418.0,402.55,404.85,50715
STYL,20260916,361.25,364.0,345.0,361.2,106890
STYLAMIND,20260916,3271.2,3299.9,3169.8,3188.1,33962
STYLEBAAZA,20260916,377.0,379.05,362.05,372.3,712655
STYRENIX,20260916,2020.0,2091.4,2015.0,2059.7,32782
SUBEXLTD,20260916,20.5,20.94,19.3,19.59,15276187
SUBROS,20260916,683.0,690.45,666.2,678.0,30494
SUDARCOLOR,20260916,376.0,376.0,370.0,370.5,2703
SUDARSCHEM,20260916,1175.0,1208.2,1148.1,1198.7,166126
SUDEEPPHRM,20260916,1125.8,1128.8,1085.6,1107.2,535162
SUKHJITS,20260916,163.5,163.5,158.08,159.22,44293
SULA,20260916,135.0,145.61,132.06,136.52,3167897
SUMEDHA,20260916,43.4,44.9,41.3,43.15,4562
SUMEETINDS,20260916,10.18,10.18,9.73,9.73,1666510
SUMICHEM,20260916,454.0,457.3,446.75,454.05,183439
SUMIT,20260916,51.2,51.2,48.71,50.56,29732
SUMMITSEC,20260916,1395.0,1403.1,1370.0,1391.7,1752
SUNCLAY,20260916,1241.0,1272.5,1198.3,1257.4,13674
SUNDARAM,20260916,1.2,1.2,1.16,1.17,113701
SUNDARMFIN,20260916,4695.0,4696.0,4630.1,4672.4,51662
SUNDRMBRAK,20260916,697.0,697.0,681.0,685.05,698
SUNDRMFAST,20260916,1226.0,1235.2,1204.4,1219.9,533381
SUNDROP,20260916,652.0,664.2,645.5,653.15,8010
SUNFLAG,20260916,325.0,347.75,325.0,339.0,213617
SUNLOC,20260916,76.49,76.49,73.49,73.49,22
SUNPHARMA,20260916,1843.6,1857.4,1837.0,1853.5,1370607
SUNRAKSHAK,20260916,366.05,374.0,359.85,370.55,9439
SUNSHIEL,20260916,1255.0,1255.0,1205.0,1213.8,2087
SUNSHINE,20260916,350.15,367.3,332.35,363.7,3704081
SUNTECK,20260916,277.45,283.15,272.0,281.15,216291
SUNTV,20260916,466.5,469.0,460.0,462.45,302447
SUPERHOUSE,20260916,176.75,176.75,166.11,167.48,5235
SUPERSPIN,20260916,7.02,7.1,6.84,6.85,19102
SUPRAJIT,20260916,480.05,504.7,475.5,488.15,328298
SUPREME,20260916,33.2,34.45,31.68,32.08,23688
SUPREMEENG,20260916,3.45,3.45,3.45,3.45,580149
SUPREMEIND,20260916,3300.0,3346.6,3270.0,3300.0,84649
SUPREMEINF,20260916,84.5,84.5,79.35,79.66,29915
SUPRIYA,20260916,863.75,889.45,845.55,877.85,191677
SUPTANERY,20260916,9.24,9.24,9.24,9.24,48995
SURAJEST,20260916,171.0,171.0,166.0,168.69,45106
SURAJLTD,20260916,200.0,202.98,197.01,197.32,50
SURAKSHA,20260916,323.0,334.0,300.0,326.8,98905
SURANASOL,20260916,25.27,25.7,24.61,25.01,16353
SURANAT&P,20260916,15.81,16.0,15.75,15.86,29453
SURYALA,20260916,393.0,401.0,381.5,386.85,99
SURYALAXMI,20260916,55.19,56.45,54.11,55.89,2635
SURYAROSNI,20260916,209.53,211.99,206.72,209.2,306174
SURYODAY,20260916,146.0,146.0,142.01,143.61,146412
SUTLEJTEX,20260916,38.5,39.0,36.5,38.73,48820
SUVEN,20260916,335.0,342.0,324.0,336.45,521311
SUVIDHAA,20260916,2.28,2.34,2.05,2.21,152084
SUYOG,20260916,647.95,668.8,643.05,657.35,17252
SUZLON,20260916,42.9,42.9,41.76,42.15,65021879
SVGLOBAL,20260916,130.2,137.0,124.26,134.03,582
SVLL,20260916,800.4,821.0,799.3,804.2,1647
SVPGLOB,20260916,3.49,3.49,3.33,3.41,25916
SWANCORP,20260916,289.0,297.75,284.15,292.85,1192992
SWANDEF,20260916,2601.3,2720.0,2520.2,2687.2,17649
SWARAJ,20260916,303.0,303.0,302.5,302.5,23709
SWARAJENG,20260916,3556.0,3569.4,3510.1,3524.8,10589
SWARNSAR,20260916,39.0,39.75,36.1,37.32,11771
SWELECTES,20260916,554.2,559.4,533.1,543.45,9475
SWIGGY,20260916,274.4,277.7,269.45,270.5,9369276
SWISSMLTRY,20260916,14.65,15.24,14.5,14.66,94978
SWSOLAR,20260916,174.35,179.21,173.74,177.94,977482
SYMBIOTEC,20260916,1085.0,1087.9,1021.55,1042.8,766135
SYMPHONY,20260916,573.7,579.4,562.1,570.1,57599
SYNCOMF,20260916,18.56,18.88,16.61,18.41,10523823
SYNGENE,20260916,376.1,382.4,374.2,380.1,267759
SYRMA,20260916,1508.9,1522.8,1418.0,1511.2,1682259
SYSTMTXC,20260916,69.58,71.5,69.58,71.25,10456
TAALTECH,20260916,5148.0,5200.0,4712.1,5121.2,14013
TAINWALCHM,20260916,205.01,210.49,205.0,209.09,2499
TAJGVK,20260916,325.05,328.1,318.55,327.4,50327
TAKE,20260916,19.41,19.41,17.57,17.67,1099505
TALBROAUTO,20260916,419.85,429.45,410.05,418.8,207967
TAMBOLIIN,20260916,287.8,287.8,277.0,278.7,5882
TANAA,20260916,263.6,265.7,259.55,263.2,5701
TANLA,20260916,495.0,503.4,484.0,487.55,529075
TARACHAND,20260916,47.99,47.99,46.5,46.73,33440
TARAPUR,20260916,12.5,12.74,12.1,12.53,27522
TARC,20260916,125.05,129.24,124.1,128.81,437372
TARIL,20260916,277.95,279.3,269.55,277.1,972056
TARMAT,20260916,57.27,58.71,57.02,57.47,15351
TARSONS,20260916,303.0,305.8,287.1,302.3,107349
TASTYBITE,20260916,9900.0,10163.0,9742.0,9936.0,2439
TATACAP,20260916,352.0,355.0,342.1,343.5,1218761
TATACHEM,20260916,715.0,788.0,691.9,731.8,25483055
TATACOMM,20260916,1754.9,1815.9,1740.0,1799.3,317034
TATACONSUM,20260916,990.0,1010.5,988.8,1000.1,1573391
TATAELXSI,20260916,3434.0,3441.9,3355.1,3373.0,185990
TATAGOLD,20260916,14.61,14.69,14.61,14.68,32001501
TATAINVEST,20260916,708.0,708.0,666.0,681.95,4857618
TATAPOWER,20260916,363.0,366.1,360.4,360.4,2900501
TATASTEEL,20260916,183.65,185.4,180.28,183.0,29476234
TATATECH,20260916,763.95,775.85,745.0,748.4,942325
TATSILV,20260916,22.09,22.28,22.09,22.2,38004670
TATVA,20260916,1560.0,1666.6,1520.0,1646.8,109010
TBOTEK,20260916,1643.7,1647.7,1600.0,1631.4,84932
TBZ,20260916,525.95,550.65,505.1,547.5,1564537
TCC,20260916,53.7,54.74,50.15,52.26,1749386
TCI,20260916,841.2,859.95,825.0,827.0,19650
TCIEXP,20260916,494.3,497.3,480.0,489.1,21265
TCIFINANCE,20260916,14.73,15.49,14.5,14.89,14981
TCPLPACK,20260916,3655.0,3890.0,3655.0,3863.0,10088
TCS,20260916,2270.0,2273.9,2172.0,2188.8,2763709
TDPOWERSYS,20260916,728.75,729.05,680.0,696.0,4260675
TEAMGTY,20260916,243.93,243.93,235.01,242.52,57
TEAMLEASE,20260916,1229.6,1240.0,1213.2,1228.0,5297
TECH,20260916,32.38,32.54,31.8,32.06,12044
TECHM,20260916,1578.2,1589.2,1548.0,1558.0,1472713
TECHNOCRAF,20260916,429.0,443.9,422.15,439.4,1424369
TECHNOE,20260916,955.0,979.9,936.0,971.05,168316
TECHNVISN,20260916,4480.5,4480.5,4362.0,4362.0,185
TECILCHEM,20260916,9.39,9.89,9.1,9.2,7584
TEGA,20260916,1674.4,1735.2,1630.4,1717.1,225032
TEJASNET,20260916,524.75,524.75,495.5,514.8,2655014
TEMBO,20260916,55.1,57.0,54.25,56.48,967666
TEMPSENS,20260916,530.0,546.0,521.1,540.55,2755719
TENNIND,20260916,513.5,520.0,502.5,512.05,398376
TERAI,20260916,115.95,139.0,104.15,127.16,463
TERASOFT,20260916,235.1,244.75,230.0,234.25,22024
TEXINFRA,20260916,113.85,118.0,111.63,116.25,173127
TEXMOPIPES,20260916,60.96,61.29,55.05,57.45,315498
TEXRAIL,20260916,110.8,111.38,107.21,108.62,1327822
TFCILTD,20260916,138.61,141.74,132.93,138.81,11711599
TFL,20260916,11.91,12.2,11.91,12.17,6356
TGBHOTELS,20260916,9.45,9.9,9.1,9.4,17863
TGVSL,20260916,104.2,104.89,101.01,102.37,119527
THACKER,20260916,1000.0,1000.0,952.0,952.0,7
THAKDEV,20260916,128.15,128.15,128.15,128.15,24
THANGAMAYL,20260916,4900.0,4950.0,4783.5,4927.0,93434
THEINVEST,20260916,97.97,97.97,91.89,95.13,9717
THEJO,20260916,2175.2,2179.4,2081.0,2156.8,4749
THELEELA,20260916,517.0,531.5,513.15,524.2,232426
THEMISMED,20260916,120.21,123.48,116.0,119.76,61249
THERMAX,20260916,3559.4,3582.5,3481.6,3536.8,245768
THOMASCOOK,20260916,103.84,105.0,100.1,102.01,653944
THOMASCOTT,20260916,230.0,237.0,221.8,233.8,95963
THYROCARE,20260916,543.3,549.45,532.75,541.3,263200
TI,20260916,508.7,532.4,500.65,526.55,568346
TICL,20260916,6.67,6.74,6.42,6.42,81596
TIGERLOGS,20260916,27.4,28.38,26.56,26.88,73876
TIIL,20260916,3135.0,3167.9,2988.4,3114.2,37713
TIINDIA,20260916,2514.0,2609.0,2482.0,2566.6,188014
TIJARIA,20260916,7.73,8.0,7.38,7.38,37922
TIL,20260916,242.0,248.0,238.02,243.75,87272
TIMETECHNO,20260916,176.87,177.11,172.05,173.53,1790244
TIMEX,20260916,600.25,613.5,580.15,605.45,290955
TIMKEN,20260916,3126.6,3264.4,3091.2,3238.6,40328
TINNARUBR,20260916,970.95,1010.95,940.0,1002.5,59516
TIPSFILMS,20260916,320.0,320.0,312.35,315.2,1619
TIPSMUSIC,20260916,656.1,667.4,645.15,654.55,215227
TIRUMALCHM,20260916,155.0,156.52,152.6,154.19,283261
TIRUPATIFL,20260916,67.89,68.89,65.5,65.91,248780
TITAGARH,20260916,828.0,830.9,789.45,813.15,789709
TITAN,20260916,4880.0,4921.5,4845.0,4908.5,376036
TMB,20260916,870.0,909.7,863.9,904.2,261381
TMCV,20260916,425.1,426.4,416.0,424.25,5085378
TMPV,20260916,304.25,306.0,299.3,301.0,12264774
TNIDETF,20260916,89.95,89.95,87.64,87.97,69596
TNPETRO,20260916,125.71,128.9,120.2,127.72,947867
TNPL,20260916,153.1,153.15,148.51,152.09,219131
TNTELE,20260916,8.86,8.99,8.4,8.72,5379
TOKYOPLAST,20260916,76.01,77.84,72.22,76.4,2231
TOLINS,20260916,88.5,88.7,85.15,86.07,61099
TOP100CASE,20260916,10.3,10.3,10.13,10.21,1220250
TOP10ADD,20260916,85.68,85.68,85.02,85.25,237280
TOP15IETF,20260916,9.49,9.7,9.46,9.5,66956
TOP20,20260916,8.63,8.65,8.6,8.6,15770
TORNTPHARM,20260916,4850.0,4870.0,4755.5,4812.5,647806
TORNTPOWER,20260916,1294.2,1309.3,1267.4,1295.3,389154
TOTAL,20260916,75.6,75.6,72.8,74.0,2375
TOUCHWOOD,20260916,60.5,62.64,60.16,61.64,347
TOYAMSL,20260916,0.7,0.71,0.68,0.71,3386208
TPHQ,20260916,0.52,0.53,0.51,0.52,734097
TPLPLASTEH,20260916,64.38,65.99,63.42,64.63,147167
TRACXN,20260916,31.31,31.66,30.75,30.96,87218
TRANSCOR,20260916,25.0,25.7,24.0,25.1,2364
TRANSPEK,20260916,1310.0,1376.7,1310.0,1359.9,1024
TRANSRAILL,20260916,404.9,417.0,400.65,406.85,495771
TRANSWORLD,20260916,160.55,162.12,160.55,161.0,1705
TRAVELFOOD,20260916,1239.9,1239.9,1190.1,1215.3,28959
TREEHOUSE,20260916,6.01,6.28,5.68,5.87,21285
TREJHARA,20260916,140.0,143.38,133.55,137.1,10881
TREL,20260916,25.95,27.24,25.15,27.03,136134
TRENT,20260916,2735.4,2799.2,2723.9,2769.7,620165
TRF,20260916,214.3,223.0,210.2,213.97,13547
TRIDENT,20260916,23.42,23.42,22.8,23.17,3380565
TRIGYN,20260916,52.97,54.49,50.82,53.95,43446
TRITONV,20260916,1077.0,1077.0,1020.0,1061.6,2116
TRITURBINE,20260916,541.8,548.0,532.1,540.8,440380
TRIVENI,20260916,248.6,248.9,235.7,239.45,1811638
TRU,20260916,4.07,4.49,3.92,4.01,97881
TRUALT,20260916,416.2,427.5,407.0,422.7,454451
TSFINV,20260916,449.5,449.5,429.05,438.5,67235
TTKHLTCARE,20260916,1069.2,1082.9,1059.0,1065.1,18487
TTKPRESTIG,20260916,537.0,554.25,534.3,541.1,60787
TTL,20260916,6.58,6.6,6.35,6.43,45020
TTML,20260916,36.15,36.2,34.62,35.22,1878014
TURTLEMINT,20260916,130.2,133.42,125.2,127.74,380515
TUTIALKA,20260916,58.51,59.28,55.31,57.19,9553
TVSELECT,20260916,400.6,407.85,387.6,401.5,23955
TVSHLTD,20260916,12630.0,12970.0,12376.0,12769.0,6360
TVSMOTOR,20260916,4033.0,4078.5,4002.0,4033.0,439422
TVSSCS,20260916,127.16,127.66,124.11,126.28,545154
TVSSRICHAK,20260916,4942.0,4958.5,4627.0,4685.5,20198
TVTODAY,20260916,106.0,106.0,102.48,103.49,35794
TVVISION,20260916,2.52,2.65,2.5,2.51,177552
TWCGOLDETF,20260916,150.41,150.71,149.83,150.59,2550
UBL,20260916,1244.1,1251.8,1225.2,1227.3,73909
UCAL,20260916,139.95,139.95,130.67,136.95,9341
UCOBANK,20260916,23.74,24.02,23.58,23.68,4352333
UDAYJEW,20260916,162.35,165.5,157.4,158.53,12332
UDS,20260916,197.5,198.77,187.16,190.6,193396
UEL,20260916,214.0,214.0,204.77,204.77,18722
UFBL,20260916,678.95,713.1,650.0,708.0,31744
UFLEX,20260916,636.1,649.7,608.0,645.45,235420
UFO,20260916,60.03,62.98,59.5,61.32,28591
UGARSUGAR,20260916,53.0,53.88,51.21,53.39,935629
UGROCAP,20260916,82.66,85.79,81.27,83.5,229146
UJJIVANSFB,20260916,63.82,64.98,63.08,64.83,8507406
ULTRACEMCO,20260916,10777.0,10880.0,10639.0,10700.0,236781
ULTRAMAR,20260916,415.2,429.0,410.7,418.65,45196
UMAEXPORTS,20260916,20.83,20.83,20.83,20.83,2707
UMESLTD,20260916,4.9,4.9,4.08,4.08,363161
UMIYA-MRO,20260916,97.0,101.9,93.7,98.45,24746
UNICHEMLAB,20260916,517.05,530.1,497.8,524.25,65501
UNIDT,20260916,212.16,223.9,202.98,218.77,35350
UNIECOM,20260916,81.1,82.0,79.65,80.94,181226
UNIENTER,20260916,91.99,91.99,88.43,89.05,2263
UNIINFO,20260916,11.38,11.65,10.83,11.46,145
UNIMECH,20260916,1530.9,1568.5,1430.1,1515.8,459813
UNIONBANK,20260916,176.54,179.35,175.07,178.2,9588072
UNIONGOLD,20260916,151.0,151.0,146.15,147.9,4578
UNIPARTS,20260916,859.0,867.45,817.25,851.15,262807
UNITDSPR,20260916,1370.0,1398.2,1368.1,1389.5,235642
UNITECH,20260916,4.21,4.55,4.15,4.46,14237019
UNITEDPOLY,20260916,44.4,44.4,41.5,43.19,143829
UNITEDTEA,20260916,434.0,434.0,417.8,431.2,1123
UNIVASTU,20260916,138.51,145.0,138.11,138.11,46859
UNIVCABLES,20260916,1417.9,1450.0,1338.4,1405.2,131254
UNIVPHOTO,20260916,567.0,595.05,567.0,595.05,19469
UNOMINDA,20260916,1164.0,1188.3,1160.0,1186.0,367236
UPHOT,20260916,1550.0,1550.0,1475.0,1475.0,28
UPL,20260916,560.9,563.55,550.6,550.6,3044986
URAVIDEF,20260916,113.88,113.88,110.11,110.11,1337
URBANCO,20260916,160.44,166.8,153.3,164.56,10721087
URJA,20260916,8.81,8.99,8.72,8.77,593625
USHAMART,20260916,482.0,482.0,464.15,478.85,1054481
USK,20260916,20.11,20.88,20.11,20.31,13276
UTIAMC,20260916,909.0,915.95,877.15,895.2,111844
UTKARSHBNK,20260916,14.27,14.39,13.76,13.82,13856543
UTLSOLAR,20260916,427.9,427.9,400.5,405.65,398209
UTTAMSUGAR,20260916,257.0,258.35,244.1,250.7,243694
UYFINCORP,20260916,19.74,19.74,18.87,19.3,157276
V2RETAIL,20260916,212.12,212.21,204.71,209.18,1524680
VADILALIND,20260916,7069.5,7189.5,7000.0,7156.0,13274
VADILENT,20260916,10400.0,10599.0,10390.0,10599.0,10
VAIBHAVGBL,20260916,209.3,211.34,204.05,210.66,196654
VAISHALI,20260916,8.7,9.03,8.42,8.68,142834
VAKRANGEE,20260916,5.27,5.45,5.13,5.25,1288190
VAL30IETF,20260916,14.78,14.92,14.65,14.8,181031
VALIANTLAB,20260916,117.0,119.82,116.5,116.91,111457
VALIANTORG,20260916,377.05,402.0,369.0,389.0,58340
VALUE,20260916,15.69,15.76,15.56,15.73,8072
VALUEAXIS,20260916,31.93,32.28,31.62,31.96,107751
VAML,20260916,406.0,412.95,401.15,409.3,5420442
VARDHACRLC,20260916,43.5,44.0,42.85,43.47,53255
VARDMNPOLY,20260916,5.99,5.99,5.8,5.86,76615
VARROC,20260916,835.5,860.05,807.9,851.15,438002
VASCONEQ,20260916,29.0,30.95,28.25,29.57,259421
VASUPRADA,20260916,102.0,102.0,102.0,102.0,4
VASWANI,20260916,45.25,45.9,43.35,44.98,19948
VBL,20260916,408.9,414.4,407.15,410.4,3489901
VCL,20260916,1.75,1.75,1.63,1.65,469977
VEDAVAAG,20260916,21.97,22.07,19.6,19.77,62223
VEDL,20260916,256.0,257.7,252.5,256.0,5794228
VEDPOWER,20260916,31.5,31.8,30.78,31.0,13474724
VEEDOL,20260916,1389.9,1389.9,1361.0,1375.3,5836
VELJAN,20260916,1910.0,1911.0,1765.1,1902.6,2130
VENKEYS,20260916,1720.0,1725.0,1638.7,1670.6,89813
VENTIVE,20260916,558.2,572.95,558.2,565.05,29156
VENUSPIPES,20260916,1935.0,1969.4,1860.0,1938.1,218549
VENUSREM,20260916,1549.7,1569.6,1475.0,1535.1,38705
VERANDA,20260916,219.3,219.9,211.2,217.97,158113
VERTOZ,20260916,37.27,38.65,37.01,37.69,28774
VESUVIUS,20260916,401.05,403.95,391.6,394.75,111670
VETO,20260916,125.21,129.0,125.1,127.94,21871
VGCL,20260916,51.5,51.5,48.93,48.93,1558
VGL,20260916,66.29,71.0,64.0,66.2,900280
VGUARD,20260916,322.25,331.4,316.05,327.15,442903
VHL,20260916,3390.0,3436.4,3358.0,3396.8,328
VHLTD,20260916,122.0,126.85,116.0,126.85,71786
VIDHIING,20260916,318.0,344.7,314.55,337.4,39645
VIDYAWIRES,20260916,85.02,85.98,82.0,84.93,1005103
VIJAYA,20260916,1436.7,1453.9,1380.0,1438.3,157498
VIJIFIN,20260916,15.01,15.01,15.01,15.01,267790
VIJSOLX,20260916,630.0,640.0,630.0,640.0,111
VIKASECO,20260916,1.05,1.06,1.03,1.04,1728712
VIKASLIFE,20260916,1.21,1.22,1.18,1.19,2174274
VIKRAMSOLR,20260916,165.0,166.63,161.0,163.88,2212887
VIKRAN,20260916,55.53,56.35,53.85,56.06,926679
VIMTALABS,20260916,615.05,619.1,580.0,598.45,286652
VINATIORGA,20260916,1260.0,1274.5,1242.8,1253.9,38547
VINCOFE,20260916,166.5,168.48,161.91,167.27,1939984
VINDHYATEL,20260916,2620.8,2631.9,2486.7,2586.5,71256
VINEETLAB,20260916,35.61,35.99,34.41,35.89,82550
VINNY,20260916,0.97,1.01,0.95,0.98,238913
VINYLINDIA,20260916,219.0,220.17,213.28,215.0,4098
VIPCLOTHNG,20260916,21.0,21.0,20.26,20.5,14347
VIPIND,20260916,291.05,299.95,286.5,297.65,263461
VIPULLTD,20260916,12.47,12.47,12.47,12.47,17359
VIRAT,20260916,440.7,448.2,385.35,399.45,6298
VIRINCHI,20260916,13.77,14.39,13.6,13.95,67481
VIRTUALG,20260916,0.47,0.49,0.45,0.49,370793
VISACHROME,20260916,33.53,35.2,31.86,31.86,69916
VISAKAIND,20260916,88.0,88.66,85.11,87.15,144251
VISHAL,20260916,17.8,18.9,17.8,18.42,24153
VISHNU,20260916,686.0,703.0,666.9,693.9,112259
VISHWARAJ,20260916,5.31,5.37,5.21,5.31,224472
VISL,20260916,31.68,31.75,30.28,31.16,15541357
VITAL,20260916,53.76,53.96,52.0,52.69,562
VIVIANA,20260916,711.0,750.0,687.05,701.2,32589
VIVIDHA,20260916,0.53,0.54,0.52,0.53,54437
VIVIMEDLAB,20260916,5.81,5.89,5.8,5.8,5067
VIVOBIOT,20260916,17.3,17.3,16.01,16.83,7197
VIYASH,20260916,246.9,248.65,236.85,238.85,6370548
VLEGOV,20260916,10.7,10.7,10.05,10.21,60043
VLSFINANCE,20260916,236.85,246.0,233.03,241.88,7848
VMART,20260916,782.9,792.85,761.0,786.4,51736
VMM,20260916,100.55,102.1,98.9,100.97,9534655
VMSTMT,20260916,47.98,50.9,47.98,50.57,298770
VOEPL,20260916,490.6,497.25,471.0,479.6,76478
VOGL,20260916,34.87,35.24,33.91,34.98,17539688
VOITHPAPR,20260916,1488.5,1488.5,1452.0,1452.1,237
VOLTAMP,20260916,10600.0,10652.0,10259.0,10513.0,28298
VOLTAS,20260916,1137.0,1153.0,1131.0,1131.0,466652
VPRPL,20260916,31.63,32.84,31.0,31.79,1042177
VRAJ,20260916,125.1,125.1,121.2,122.25,8978
VRLLOG,20260916,283.7,287.2,280.9,286.05,182706
VSSL,20260916,395.0,410.5,379.15,405.85,383814
VSTIND,20260916,203.92,204.2,201.0,202.14,107670
VSTL,20260916,112.1,116.99,110.76,112.75,6766
VSTTILLERS,20260916,4030.1,4060.6,3950.0,3996.5,7744
VTL,20260916,550.5,577.0,543.35,571.75,547052
VTMLTD,20260916,40.0,50.5,39.15,48.83,388226
WAAREEENER,20260916,2547.0,2565.4,2491.3,2501.0,624441
WAAREEINDO,20260916,251.85,253.2,241.1,246.95,74425
WAAREERTL,20260916,810.0,813.2,792.85,801.05,159892
WABAG,20260916,2113.8,2114.0,2010.1,2055.8,874393
WAKEFIT,20260916,148.2,149.0,143.0,145.61,424569
WALCHANNAG,20260916,199.0,199.9,192.36,197.08,815156
WANBURY,20260916,223.85,229.3,219.0,222.6,160579
WARDINMOBI,20260916,5.73,5.77,5.5,5.57,165552
WATERBASE,20260916,45.6,47.75,45.6,47.31,17196
WCIL,20260916,92.98,93.0,87.92,90.24,283914
WEALTH,20260916,825.3,839.1,810.2,837.45,2584
WEBELSOLAR,20260916,73.0,74.14,71.1,72.11,1827286
WEIZMANIND,20260916,74.0,74.0,70.06,72.53,2564
WEL,20260916,70.9,71.12,68.11,69.42,430709
WELCORP,20260916,2413.0,2448.7,2240.2,2424.5,2931474
WELENT,20260916,743.0,770.0,725.2,768.0,590693
WELINV,20260916,2275.8,2275.8,2230.5,2230.5,76
WELSPLSOL,20260916,53.49,54.31,50.59,52.1,988521
WELSPUNLIV,20260916,201.6,204.69,195.7,202.82,3113066
WENDT,20260916,8470.0,8855.0,8349.0,8663.5,16389
WESTLIFE,20260916,556.1,556.1,540.2,550.45,40195
WEWIN,20260916,40.63,42.21,40.63,41.87,507
WEWORK,20260916,667.0,682.3,657.3,676.1,97214
WHBRADY,20260916,485.0,485.0,485.0,485.0,2
WHEELS,20260916,2129.1,2198.0,2031.9,2110.5,240307
WHIRLPOOL,20260916,752.1,754.8,729.9,731.75,364148
WILLAMAGOR,20260916,24.92,24.92,23.52,24.59,152
WINDLAS,20260916,1094.95,1099.95,1050.8,1075.05,113547
WINDMACHIN,20260916,303.0,303.15,287.55,295.3,78486
WIPL,20260916,165.16,168.0,164.09,168.0,953
WIPRO,20260916,170.02,170.89,166.11,166.89,11030339
WOCKPHARMA,20260916,2050.0,2075.0,1967.3,2021.5,1262973
WONDERLA,20260916,513.35,520.0,504.65,517.6,54569
WORTHPERI,20260916,148.0,149.35,141.05,148.07,11083
WPIL,20260916,425.0,436.0,418.0,431.85,30844
WSI,20260916,60.6,61.45,54.01,56.04,169308
WSTCSTPAPR,20260916,717.8,722.6,679.1,711.0,293983
XCHANGING,20260916,65.78,65.78,62.4,63.08,91818
XELPMOC,20260916,75.06,77.3,73.02,73.81,11202
XPROINDIA,20260916,1269.9,1273.0,1220.0,1255.7,31096
XTGLOBAL,20260916,30.15,30.15,27.91,29.05,21078
XTRANET,20260916,279.4,288.0,248.49,283.03,2262758
YASHO,20260916,3950.0,4074.7,3790.6,4008.5,43034
YATHARTH,20260916,988.0,994.9,960.5,982.3,259279
YATRA,20260916,107.49,108.98,101.67,102.46,1663021
YESBANK,20260916,23.58,24.1,23.26,23.4,205410106
YOGI,20260916,162.0,162.0,157.0,160.0,1164
YUKEN,20260916,1077.6,1153.85,1029.35,1134.95,66940
ZAGGLE,20260916,179.4,180.6,174.6,177.81,782986
ZEEL,20260916,77.89,83.66,77.38,79.6,35791324
ZEELEARN,20260916,6.74,7.24,6.56,7.05,294285
ZEEMEDIA,20260916,7.27,7.49,7.15,7.37,1396432
ZENITHEXPO,20260916,196.35,206.0,195.0,195.0,38
ZENITHSTL,20260916,5.79,5.79,5.47,5.49,63088
ZENSARTECH,20260916,446.4,461.4,438.0,450.15,10541488
ZENTEC,20260916,1616.1,1670.0,1585.6,1662.8,424705
ZFCVINDIA,20260916,2511.5,2511.5,2449.5,2461.5,26952
ZFSTEERING,20260916,764.6,764.6,721.2,725.8,6030
ZIMLAB,20260916,130.16,138.99,127.81,136.78,104649
ZODIAC,20260916,220.51,226.99,220.0,220.37,10443
ZODIACLOTH,20260916,69.67,69.67,67.21,69.26,4026
ZOTA,20260916,1108.4,1119.5,1095.0,1114.1,31804
ZSARACOM,20260916,10370.0,10495.0,9801.0,10494.0,56
ZUARI,20260916,212.98,214.3,204.11,209.3,73779
ZUARIIND,20260916,264.1,265.7,246.8,254.85,157037
ZYDUSLIFE,20260916,1093.7,1113.3,1086.0,1107.5,689380
ZYDUSWELL,20260916,547.25,559.0,535.75,551.8,164461
