SYMBOL,TIMESTAMP,OPEN,HIGH,LOW,CLOSE,VOLUME
20MICRONS,20260918,207.77,209.0,204.62,208.28,45744
21STCENMGM,20260918,38.81,39.29,38.81,38.98,135
360ONE,20260918,1060.5,1086.1,1060.5,1073.1,519067
3BBLACKBIO,20260918,1313.5,1328.7,1289.8,1319.3,6766
3IINFOLTD,20260918,25.67,26.0,24.56,25.5,419639
3MINDIA,20260918,32530.0,34450.0,32380.0,34095.0,8040
3PLAND,20260918,31.5,31.5,30.5,31.09,721
5PAISA,20260918,314.1,323.0,314.1,321.35,21347
63MOONS,20260918,872.65,890.15,864.45,884.75,231331
A2ZINFRA,20260918,15.31,15.31,14.87,14.89,43624
AAATECH,20260918,88.0,88.0,84.05,86.95,107337
AADHARHFC,20260918,467.0,470.7,453.7,461.65,2175228
AAKASH,20260918,8.92,9.18,8.8,8.88,78109
AAREYDRUGS,20260918,103.0,103.5,98.81,102.13,289834
AARNAV,20260918,30.5,31.9,30.5,31.2,3120
AARON,20260918,124.42,126.99,115.0,119.92,38147
AARTECH,20260918,51.45,51.82,49.77,51.33,17042
AARTIDRUGS,20260918,428.35,435.2,426.0,431.8,88332
AARTIIND,20260918,476.65,493.45,476.25,491.15,541708
AARTIPHARM,20260918,827.0,845.7,812.4,820.4,1901494
AARTISURF,20260918,530.0,545.0,530.0,535.95,9675
AARVI,20260918,141.9,141.9,138.12,139.95,3984
AASTHA,20260918,77.99,77.99,74.24,76.25,240248
AAVAS,20260918,1296.0,1304.9,1273.8,1284.6,164549
ABAN,20260918,14.32,14.6,14.04,14.54,11942
ABANSENT,20260918,26.61,27.46,26.0,26.07,7320
ABB,20260918,7185.5,7307.0,7151.0,7270.5,383030
ABBOTINDIA,20260918,26035.0,27490.0,26035.0,27270.0,38339
ABCAPITAL,20260918,390.5,410.05,390.5,410.05,4888619
ABCOTS,20260918,221.0,222.01,206.05,209.85,219982
ABDL,20260918,649.9,659.55,641.0,647.6,437696
ABFRL,20260918,50.6,50.77,49.8,50.16,3238057
ABGSEC,20260918,114.2,114.2,113.19,114.2,8
ABINFRA,20260918,11.08,11.57,11.0,11.57,395493
ABLBL,20260918,82.75,82.75,80.81,81.17,1106286
ABMINTLLTD,20260918,49.98,49.98,49.98,49.98,28
ABMKNO,20260918,178.0,187.9,170.05,170.5,1382
ABREL,20260918,1264.0,1279.0,1249.2,1266.2,171318
ABSL10BANK,20260918,165.5,166.3,165.0,166.04,281
ABSLAMC,20260918,1083.0,1107.9,1053.4,1060.4,378189
ABSLBANETF,20260918,57.65,57.92,57.53,57.72,10671
ABSLLIQUID,20260918,995.0,1004.94,995.0,1000.0,8812
ABSLMSCIN,20260918,28.82,28.93,28.68,28.69,608
ABSLNN50ET,20260918,74.81,75.99,73.87,75.87,7289
ABSLPSE,20260918,10.1,10.1,9.97,10.05,46993
ACC,20260918,1236.6,1279.9,1236.6,1259.7,386560
ACCELYA,20260918,1131.8,1132.0,1117.0,1123.0,3559
ACCURACY,20260918,4.65,4.73,4.54,4.65,37927
ACE,20260918,1212.3,1241.5,1202.0,1229.2,881443
ACEINTEG,20260918,17.8,17.81,17.11,17.37,2419
ACGL,20260918,1798.0,1836.9,1725.1,1737.2,1004
ACI,20260918,463.65,473.0,458.0,467.15,327739
ACL,20260918,42.8,42.99,41.52,42.66,6820
ACMESOLAR,20260918,411.5,440.7,411.5,435.25,12038412
ACSTECH,20260918,64.99,66.15,64.99,66.15,430625
ACUTAAS,20260918,3334.0,3462.0,3302.5,3440.3,521496
ADANIENSOL,20260918,1380.9,1436.5,1380.9,1436.1,2145921
ADANIENT,20260918,2933.0,3020.0,2924.6,3020.0,1628125
ADANIGREEN,20260918,1274.2,1337.9,1274.2,1334.5,2597171
ADANIPORTS,20260918,1748.0,1824.0,1744.0,1824.0,4148803
ADANIPOWER,20260918,206.05,209.6,205.64,206.6,18185888
ADDIND,20260918,83.0,83.0,82.65,82.65,3
ADFFOODS,20260918,265.1,265.9,260.2,261.45,88038
ADL,20260918,75.4,75.4,70.0,70.06,261
ADOR,20260918,1570.1,1613.0,1568.9,1592.1,19186
ADROITINFO,20260918,10.82,11.7,10.82,11.14,39432
ADSL,20260918,96.98,97.46,95.5,96.29,57062
ADVAIT,20260918,2030.0,2030.4,1985.0,2003.6,19625
ADVANCE,20260918,112.75,112.75,110.0,110.48,87868
ADVANIHOTR,20260918,48.35,49.34,47.62,47.89,13516
ADVENTHTL,20260918,128.11,132.9,125.46,129.15,174166
ADVENZYMES,20260918,291.0,291.85,286.45,287.8,243137
ADVIKCA,20260918,0.97,1.0,0.95,0.98,216964
AEGISLOG,20260918,1362.9,1429.7,1360.0,1415.4,1333662
AEGISVOPAK,20260918,313.0,317.0,300.65,314.95,2342046
AEPL,20260918,15.7,16.5,15.7,15.92,15668
AEQUS,20260918,228.98,233.47,227.0,231.67,859211
AEROENTER,20260918,122.94,126.9,120.9,125.49,751302
AEROFLEX,20260918,510.0,514.0,497.1,510.9,890374
AERONEU,20260918,66.28,68.0,66.28,67.09,28643
AEROPLANE,20260918,193.0,203.25,192.12,201.49,778122
AETHER,20260918,1624.3,1651.3,1618.1,1630.0,94450
AFCONS,20260918,264.0,264.4,255.8,263.4,3352350
AFFLE,20260918,1545.6,1623.5,1535.0,1603.5,434146
AFFORDABLE,20260918,164.0,175.0,162.93,172.31,29285
AFIL,20260918,8.96,8.96,8.34,8.61,302606
AFSL,20260918,202.45,202.45,201.0,201.0,7974
AGARIND,20260918,407.8,417.9,405.6,412.65,17291
AGARWALEYE,20260918,500.25,503.0,495.2,500.45,105331
AGI,20260918,740.0,756.0,723.0,745.05,155939
AGIIL,20260918,266.15,274.0,266.0,270.45,660624
AGL,20260918,13.94,14.11,13.56,13.8,1221013
AGRITECH,20260918,97.8,99.48,97.55,98.33,1770
AGROPHOS,20260918,24.38,24.38,22.51,23.64,5479
AGSTRA,20260918,1.96,1.98,1.91,1.93,89160
AHCL,20260918,22.68,24.78,22.11,22.9,145565213
AHLADA,20260918,38.9,39.64,37.2,37.33,8224
AHLEAST,20260918,135.12,139.71,132.01,135.59,5283
AHLUCONT,20260918,568.0,590.0,564.0,584.7,63766
AHLWEST,20260918,551.95,551.95,542.3,544.25,511
AIAENG,20260918,3967.5,4039.8,3900.0,3973.3,75514
AIIL,20260918,531.95,562.0,527.5,559.0,762508
AIRAN,20260918,16.59,16.9,16.2,16.69,56051
AIROLAM,20260918,89.8,92.0,85.5,89.0,12571
AJANTPHARM,20260918,3535.0,3630.0,3531.5,3563.6,201322
AJAXENGG,20260918,563.0,570.2,554.0,559.75,86718
AJMERA,20260918,114.37,116.9,112.73,115.6,307767
AJOONI,20260918,3.24,3.39,3.24,3.28,714622
AKASH,20260918,24.7,24.72,24.27,24.29,2440
AKCAPIT,20260918,1731.4,1755.0,1701.3,1746.4,1185
AKG,20260918,10.48,10.68,10.02,10.37,8242
AKI,20260918,6.11,6.11,6.11,6.11,43619
AKSHAR,20260918,0.42,0.42,0.41,0.41,990838
AKSHARCHEM,20260918,373.5,392.15,373.5,392.15,5797
AKSHOPTFBR,20260918,8.0,8.34,7.72,7.84,346118
AKUMS,20260918,767.1,790.0,767.1,783.7,330477
ALANKIT,20260918,7.95,7.95,7.6,7.74,109982
ALBERTDAVD,20260918,835.15,841.45,831.0,833.6,1809
ALEMBICLTD,20260918,102.1,106.0,102.1,102.63,829029
ALFREDHE,20260918,2830.0,2830.0,2815.0,2830.0,52
ALGOQUANT,20260918,70.84,76.2,70.13,72.27,3786684
ALICON,20260918,710.0,735.0,687.4,729.35,33801
ALIVUS,20260918,1395.1,1443.0,1387.0,1430.8,304330
ALKALI,20260918,73.06,87.66,72.05,87.66,133798
ALKEM,20260918,5378.5,5466.5,5310.5,5466.5,320770
ALKYLAMINE,20260918,1846.5,1878.0,1838.9,1863.0,55371
ALLCARGO,20260918,11.0,11.32,10.84,11.11,7521321
ALLDIGI,20260918,788.5,805.65,767.5,776.3,12122
ALLTIME,20260918,207.94,218.0,207.0,208.4,65171
ALMONDZ,20260918,19.24,19.24,17.92,18.52,264761
ALOKINDS,20260918,7.05,7.15,6.98,7.05,21523794
ALPA,20260918,60.85,60.85,58.51,59.35,17399
ALPHA,20260918,54.18,54.18,52.86,53.72,2753171
ALPHAETF,20260918,26.2,26.46,26.16,26.33,696150
ALPHAGEO,20260918,306.95,306.95,290.0,292.1,4155
ALPINETEX,20260918,52.05,54.0,52.05,52.66,133099
ALPL30IETF,20260918,27.01,27.19,26.98,27.04,241054
ALUFLUOR,20260918,494.85,542.5,494.85,537.15,28768
AMAGI,20260918,574.35,575.45,559.2,569.5,232661
AMAL,20260918,735.0,749.0,707.0,722.4,25482
AMANTA,20260918,189.0,189.95,186.16,189.95,51926
AMARJOTHI,20260918,148.95,149.95,146.0,147.07,1260
AMBALALSA,20260918,41.48,41.48,39.22,39.97,84610
AMBER,20260918,7080.5,7164.5,7075.0,7125.0,75972
AMBICAAGAR,20260918,25.14,25.62,24.7,24.89,5850
AMBIKCO,20260918,1585.0,1609.0,1570.0,1602.0,8106
AMBUJACEM,20260918,384.55,396.0,383.9,388.3,2583375
AMDIND,20260918,66.0,66.0,63.26,63.26,18035
AMJLAND,20260918,36.44,37.69,36.3,37.18,691
AMNPLST,20260918,164.95,190.0,164.95,171.51,9478
AMRUTANJAN,20260918,490.25,497.0,489.35,493.8,19221
ANANDRATHI,20260918,2201.1,2268.4,2201.1,2229.4,880377
ANANTRAJ,20260918,595.0,607.5,595.0,606.15,1464027
ANDHRAPAP,20260918,71.6,74.99,71.38,74.62,950746
ANDHRSUGAR,20260918,93.59,94.53,91.75,94.1,257513
ANDREWYU,20260918,25.98,26.66,25.75,26.27,49555
ANGELONE,20260918,295.0,301.75,295.0,299.1,3531096
ANIKINDS,20260918,42.25,44.98,42.25,44.59,6672
ANKITMETAL,20260918,1.73,1.73,1.73,1.73,6003
ANMOL,20260918,14.77,15.1,14.04,14.23,67425
ANNAPURNA,20260918,137.65,138.06,130.0,132.55,45381
ANNU,20260918,49.05,52.4,49.05,50.46,1339255
ANSALAPI,20260918,3.59,3.59,3.55,3.59,18299
ANSALBU,20260918,82.99,82.99,78.0,78.97,110
ANTELOPUS,20260918,1131.55,1142.15,1090.25,1104.85,555265
ANTGRAPHIC,20260918,0.72,0.74,0.7,0.71,304156
ANTHEM,20260918,934.0,952.9,916.55,928.5,5490000
ANUHPHR,20260918,94.14,95.07,92.0,93.48,95805
ANUP,20260918,1646.6,1683.0,1613.7,1638.3,35387
ANURAS,20260918,1179.1,1219.0,1179.1,1207.7,465185
AONEGOLD,20260918,14.28,14.33,14.15,14.3,691851
AONELIQUID,20260918,1077.55,1077.59,1077.55,1077.58,55374
AONENIFTY,20260918,9.38,9.82,9.38,9.65,163521
AONESILVER,20260918,8.95,8.99,8.79,8.96,807684
AONETMMQ50,20260918,9.92,10.24,9.92,10.19,109369
AONETOTAL,20260918,11.39,11.83,11.39,11.68,71974
APARINDS,20260918,17800.0,19080.0,17745.0,18858.0,271798
APCL,20260918,99.5,99.5,96.94,97.85,14530
APCOTEXIND,20260918,598.4,612.85,596.1,604.85,77596
APEX,20260918,351.2,354.1,342.0,345.35,103075
APLAPOLLO,20260918,2154.9,2270.1,2146.3,2270.1,1115754
APLLTD,20260918,828.0,860.0,828.0,845.75,634938
APOLLO,20260918,380.2,391.8,368.5,370.7,9146349
APOLLOHOSP,20260918,8800.0,8944.5,8798.0,8944.5,344265
APOLLOPIPE,20260918,525.05,549.5,522.35,543.6,313076
APOLLOTYRE,20260918,414.75,418.75,407.9,409.3,2365364
APOLSINHOT,20260918,1212.1,1240.0,1211.0,1214.9,374
APOORVA,20260918,31.2,31.2,29.0,31.05,1516
APTECHT,20260918,87.67,92.05,87.01,92.05,85360
APTUS,20260918,239.2,243.6,233.12,237.68,3101354
AQYLON,20260918,19.18,19.18,17.94,17.98,38267346
ARCHIDPLY,20260918,102.24,105.5,102.21,104.8,14610
ARCHIES,20260918,12.4,12.4,12.01,12.29,10999
ARCIL,20260918,135.55,138.7,124.5,136.37,6345147
ARCL,20260918,260.46,272.98,250.0,262.0,3408
ARDEE,20260918,49.0,49.52,48.36,49.28,1819919
ARE&M,20260918,795.3,804.9,790.3,796.0,760908
ARENTERP,20260918,35.3,35.3,33.02,33.02,287
ARFIN,20260918,87.91,94.23,87.88,89.62,2628465
ARIES,20260918,471.65,488.05,465.15,472.05,7855
ARIHANT,20260918,900.0,947.4,900.0,936.35,2240
ARIHANTCAP,20260918,80.71,81.99,79.31,80.29,109582
ARIHANTSUP,20260918,231.0,231.0,222.0,227.2,4595
ARIS,20260918,129.6,136.5,129.1,133.33,3619098
ARKADE,20260918,117.0,122.0,117.0,118.85,162908
ARMANFIN,20260918,1939.7,1976.0,1938.9,1961.0,11273
AROGRANITE,20260918,23.22,23.69,23.15,23.15,673
ARROWGREEN,20260918,899.0,924.0,877.9,889.25,50512
ARSHIYA,20260918,0.74,0.74,0.71,0.71,315671
ARSSBL,20260918,503.6,503.6,497.95,502.05,65352
ARTEMISMED,20260918,334.15,344.95,332.5,338.5,335686
ARTNIRMAN,20260918,40.78,40.78,39.0,39.0,14
ARVEE,20260918,168.1,176.5,168.1,174.06,791
ARVIND,20260918,543.2,554.8,542.4,552.6,627060
ARVINDFASN,20260918,429.0,433.35,422.0,428.1,132261
ARVSMART,20260918,553.45,562.8,540.35,550.1,118593
ARYAMAN,20260918,634.0,634.0,625.0,629.25,138
ASAHIINDIA,20260918,950.7,968.0,950.7,961.05,98471
ASAHISONG,20260918,365.3,380.0,362.05,372.8,9338
ASAL,20260918,446.8,452.5,444.6,449.7,7762
ASALCBR,20260918,658.05,666.0,649.05,659.55,20148
ASHAPURMIN,20260918,522.0,527.25,517.0,525.35,170804
ASHIANA,20260918,351.0,366.7,350.0,354.75,53770
ASHIKAG,20260918,409.7,418.0,401.15,409.65,12384
ASHIMASYN,20260918,16.25,16.4,15.4,15.65,194419
ASHOKA,20260918,108.8,114.54,108.2,113.43,780308
ASHOKAMET,20260918,14.81,15.25,14.54,15.1,58651
ASHOKLEY,20260918,159.1,163.12,158.51,163.0,17546400
ASIANENE,20260918,490.1,502.0,478.5,492.25,232493
ASIANHOTNR,20260918,376.9,385.0,371.0,374.9,25728
ASIANPAINT,20260918,2455.7,2474.0,2438.0,2451.3,1000730
ASIANTILES,20260918,49.97,51.29,49.21,50.65,2493341
ASIANTNE,20260918,9.53,9.78,9.2,9.28,8933
ASKAUTOLTD,20260918,620.0,659.8,620.0,656.25,515555
ASMS,20260918,6.79,6.8,6.62,6.66,166356
ASPINWALL,20260918,253.5,255.0,250.1,251.55,636
ASSAMENT,20260918,780.0,780.0,780.0,780.0,1
ASTAR,20260918,807.3,807.35,760.35,807.35,13851
ASTEC,20260918,760.0,767.6,717.45,726.7,101375
ASTERDM,20260918,761.1,769.6,747.0,755.05,1616337
ASTRAL,20260918,1400.0,1427.7,1397.5,1427.7,1389183
ASTRAMICRO,20260918,1611.0,1650.6,1611.0,1631.2,199551
ASTRAZEN,20260918,6678.0,6769.0,6678.0,6751.5,4635
ASTRON,20260918,2.99,3.0,2.89,2.96,6523
ATALREAL,20260918,14.29,16.02,14.29,14.36,18623657
ATAM,20260918,60.0,60.0,56.2,57.58,15055
ATGL,20260918,587.4,674.8,587.4,660.7,39305845
ATHERENERG,20260918,1550.0,1640.0,1548.1,1640.0,5010015
ATL,20260918,24.21,24.81,24.2,24.24,95340
ATLANTAA,20260918,36.21,37.6,35.4,36.04,24208
ATLANTAELE,20260918,1641.8,1699.9,1637.9,1666.1,104958
ATLASCYCLE,20260918,89.05,89.14,87.6,88.19,16554
ATUL,20260918,6133.5,6201.0,6110.5,6170.5,21266
ATULAUTO,20260918,441.65,453.0,441.65,446.45,52416
AUBANK,20260918,1040.5,1058.6,1033.3,1058.6,1251837
AUGMONT,20260918,815.0,884.0,813.0,874.35,898791
AURIONPRO,20260918,702.0,704.4,680.7,685.6,183275
AUROPHARMA,20260918,1683.2,1734.0,1676.1,1734.0,1209478
AURUM,20260918,222.5,222.5,218.47,219.78,149650
AURUS,20260918,4.72,4.96,4.72,4.87,15310
AUSOMENT,20260918,148.11,154.0,146.95,152.15,9808
AUSTENG,20260918,130.0,137.0,130.0,131.41,2596
AUTOAXLES,20260918,1687.3,1712.9,1661.4,1701.2,4894
AUTOBEES,20260918,282.41,283.66,281.55,282.71,85935
AUTOIETF,20260918,28.3,28.4,28.22,28.35,993774
AUTOIND,20260918,79.4,79.41,77.37,78.34,88494
AVADHSUGAR,20260918,721.0,739.6,708.0,730.45,74170
AVALON,20260918,2236.2,2618.0,2218.3,2537.7,4310981
AVANCE,20260918,0.78,0.83,0.77,0.8,2535570
AVANTEL,20260918,146.37,148.53,146.3,147.23,619077
AVANTIFEED,20260918,772.0,778.35,754.0,774.45,318512
AVG,20260918,170.5,173.9,168.3,170.11,2793
AVL,20260918,638.0,642.0,630.6,636.95,147990
AVONMORE,20260918,12.2,12.5,12.09,12.46,98361
AVROIND,20260918,7.9,8.1,7.66,7.94,153863
AVTNPL,20260918,85.5,86.78,85.5,85.7,59925
AWFIS,20260918,264.7,279.0,263.5,275.75,539359
AWHCL,20260918,385.0,385.3,362.3,364.9,403982
AWL,20260918,184.04,187.55,183.49,186.98,2593357
AXISBANK,20260918,1244.0,1257.0,1240.5,1257.0,5693016
AXISCADES,20260918,1872.0,1879.0,1785.7,1811.2,286095
AXITA,20260918,8.02,8.02,7.96,7.99,327258
AXTEL,20260918,444.25,444.25,431.5,440.05,7910
AYE,20260918,181.64,188.52,180.0,185.72,854592
AYMSYNTEX,20260918,280.05,286.8,278.4,283.15,33688
AZAD,20260918,2605.3,2816.0,2605.3,2790.3,700873
AZADIND,20260918,85.04,88.49,80.34,82.18,36707
BAFNAPH,20260918,317.2,317.2,317.2,317.2,6714
BAGFILMS,20260918,4.4,4.56,4.3,4.35,58850
BAIDFIN,20260918,10.69,11.43,10.45,10.89,238710
BAJAJ-AUTO,20260918,11501.0,11540.0,11406.0,11414.0,296757
BAJAJCON,20260918,500.0,524.95,495.45,512.15,942030
BAJAJELEC,20260918,323.3,329.25,321.0,323.05,113896
BAJAJFINSV,20260918,1857.2,1872.6,1852.5,1852.5,719520
BAJAJHCARE,20260918,329.0,332.65,326.5,330.55,42148
BAJAJHFL,20260918,82.83,86.45,82.71,85.58,5168608
BAJAJHIND,20260918,19.38,19.8,19.01,19.53,14869475
BAJAJHLDNG,20260918,11094.0,11363.0,11070.0,11282.0,56100
BAJAJINDEF,20260918,220.24,221.59,214.6,214.94,29344
BAJAJST,20260918,358.65,358.8,348.8,352.2,4283
BAJEL,20260918,173.0,175.89,170.1,171.91,153833
BAJFINANCE,20260918,1025.9,1040.3,1019.1,1040.3,8201656
BALAJEE,20260918,25.01,25.5,24.82,25.31,22788
BALAJITELE,20260918,95.33,96.99,93.6,95.25,146529
BALAMINES,20260918,2155.0,2196.8,2142.1,2171.5,97030
BALAXI,20260918,22.7,23.6,22.7,23.55,17900
BALKRISHNA,20260918,16.66,16.93,16.31,16.43,8085
BALKRISIND,20260918,2170.7,2296.0,2166.0,2265.3,616772
BALMLAWRIE,20260918,163.5,169.0,162.84,167.41,149297
BALPHARMA,20260918,102.88,103.94,100.1,100.67,24581
BALRAMCHIN,20260918,676.6,679.9,662.0,672.6,1086980
BALUFORGE,20260918,504.0,525.8,504.0,522.15,1043655
BANARBEADS,20260918,110.85,114.2,110.85,113.05,790
BANARISUG,20260918,3290.9,3329.4,3290.9,3316.7,629
BANCOINDIA,20260918,596.0,608.65,596.0,604.0,92889
BANDHANBNK,20260918,173.0,178.3,172.5,175.0,20360613
BANG,20260918,33.85,34.85,33.26,33.5,35579
BANK10ADD,20260918,16.54,16.66,16.52,16.62,3296
BANK10BETF,20260918,20.22,20.52,20.22,20.47,6250
BANKA,20260918,77.2,81.0,75.6,79.96,1630
BANKADD,20260918,57.53,57.88,57.42,57.63,10688
BANKBARODA,20260918,233.56,234.94,231.92,234.94,7110561
BANKBEES,20260918,583.0,584.89,581.78,583.58,369452
BANKBETA,20260918,58.17,58.46,58.08,58.37,39047
BANKBETF,20260918,55.96,57.5,55.96,57.3,6890
BANKETF,20260918,571.2,576.4,571.2,574.99,12315
BANKIETF,20260918,58.0,58.03,57.68,57.9,95206
BANKINDIA,20260918,138.78,140.0,138.02,140.0,4269930
BANKNIFTY1,20260918,58.29,58.64,58.29,58.54,106721
BANKPSU,20260918,83.49,83.96,83.35,83.89,13954
BANSALWIRE,20260918,310.4,320.0,306.3,310.6,81678
BANSWRAS,20260918,111.95,112.1,105.99,108.49,57722
BASF,20260918,3617.0,3641.6,3566.5,3605.7,35931
BASML,20260918,24.15,24.15,23.25,23.47,18457
BATAINDIA,20260918,639.95,656.0,624.9,638.3,1089830
BATLIBOI,20260918,81.8,81.89,78.11,81.09,54989
BAYERCROP,20260918,3891.0,3899.1,3761.1,3779.5,87483
BBETF0432,20260918,1340.79,1343.44,1335.89,1337.8,437
BBL,20260918,2180.3,2219.0,2180.3,2207.9,15471
BBNPNBETF,20260918,55.49,57.02,55.49,56.75,372
BBNPPGOLD,20260918,148.7,148.7,145.0,147.95,5669
BBOX,20260918,770.0,804.0,764.55,801.15,640804
BBTC,20260918,1409.7,1534.2,1409.7,1512.1,2468226
BBTCL,20260918,235.89,235.89,227.0,230.53,509
BCG,20260918,9.9,10.39,9.87,10.26,9727064
BCLIND,20260918,33.12,33.39,32.63,33.06,347328
BCONCEPTS,20260918,157.01,157.03,150.3,153.1,5600
BCPL,20260918,68.95,68.95,65.81,66.92,10426
BDL,20260918,1151.9,1196.6,1151.0,1196.6,741593
BEARDSELL,20260918,24.95,24.95,23.56,23.87,11453
BECTORFOOD,20260918,222.55,224.5,217.34,221.55,1369086
BEDMUTHA,20260918,104.98,106.0,102.5,104.74,2278
BEEKAY,20260918,421.25,439.35,420.3,430.05,1478
BEL,20260918,397.4,399.2,393.3,393.3,11862641
BELLACASA,20260918,259.0,263.23,250.35,262.53,9510
BELRISE,20260918,230.15,242.89,229.62,240.18,10829670
BEML,20260918,2030.4,2155.0,2030.4,2135.0,1380251
BENARAS,20260918,10612.0,10700.0,10551.0,10588.0,37
BENGALASM,20260918,6213.0,6241.5,6195.0,6199.5,151
BEPL,20260918,127.56,130.3,126.62,128.95,834218
BERGEPAINT,20260918,449.95,461.8,448.6,458.65,1220340
BESTAGRO,20260918,18.61,18.7,18.25,18.51,285469
BETA,20260918,2095.2,2147.9,2025.0,2055.2,14462
BFINVEST,20260918,437.35,452.4,436.35,445.25,25663
BFSI,20260918,27.03,27.03,26.38,26.58,75368
BFUTILITIE,20260918,523.95,564.75,523.95,542.0,206053
BGRENERGY,20260918,251.0,255.62,251.0,255.62,60331
BHAGCHEM,20260918,246.8,251.95,245.1,246.85,146748
BHAGERIA,20260918,334.75,334.75,325.0,334.75,62603
BHAGYANGR,20260918,465.0,467.9,438.0,446.7,329482
BHANDARI,20260918,2.96,3.03,2.96,2.99,92258
BHARATCOAL,20260918,32.24,32.95,32.2,32.69,3195446
BHARATFORG,20260918,1940.1,1994.9,1940.1,1962.1,1602315
BHARATGEAR,20260918,100.2,102.4,100.15,100.51,6382
BHARATRAS,20260918,1169.5,1182.1,1155.0,1168.8,11371
BHARATSE,20260918,210.72,215.82,210.26,214.02,96601
BHARATWIRE,20260918,173.06,174.18,169.97,173.05,72882
BHARTIARTL,20260918,1843.0,1893.3,1835.3,1893.3,14189780
BHARTIHEXA,20260918,1482.0,1558.9,1477.8,1540.1,307475
BHEL,20260918,428.4,439.9,427.25,439.9,7669374
BI,20260918,107.62,107.62,104.2,107.62,75195
BIGBLOC,20260918,39.8,40.92,39.8,40.4,25873
BIKAJI,20260918,553.0,592.0,550.4,580.25,153843
BIL,20260918,1044.4,1079.9,1012.3,1040.85,9486
BILVYAPAR,20260918,4.15,4.33,4.02,4.29,14009
BIMETAL,20260918,654.0,654.0,640.0,640.2,332
BIOCON,20260918,380.05,388.0,379.3,385.0,7901211
BIOFILCHEM,20260918,32.7,33.49,32.0,32.83,16681
BIRLACABLE,20260918,414.85,418.8,390.0,409.5,573898
BIRLACORPN,20260918,815.0,842.15,804.8,823.6,124135
BIRLAMONEY,20260918,120.65,121.8,118.41,120.49,18286
BIRLANU,20260918,1395.0,1400.0,1365.1,1380.1,5947
BIRLAPREC,20260918,58.49,58.6,56.16,57.08,71985
BLACKBUCK,20260918,616.0,645.0,609.0,632.4,1667349
BLACKROSE,20260918,103.2,107.65,102.8,106.41,14457
BLAL,20260918,162.47,164.99,160.01,162.99,20633
BLBLIMITED,20260918,16.29,16.29,15.86,16.0,122807
BLEL,20260918,437.9,444.3,434.2,440.4,370777
BLIL,20260918,67.7,68.48,66.97,67.1,110370
BLISSGVS,20260918,690.75,701.0,675.0,681.85,168694
BLKASHYAP,20260918,52.55,54.0,52.1,52.74,424616
BLS,20260918,227.89,230.8,226.0,226.5,748096
BLSE,20260918,313.95,322.0,313.55,316.5,224022
BLUECLOUDS,20260918,19.65,19.65,19.25,19.34,493433
BLUECOAST,20260918,22.6,22.6,20.99,20.99,963
BLUEDART,20260918,4810.5,4851.0,4770.0,4821.0,10165
BLUEJET,20260918,570.45,577.85,567.0,575.25,207881
BLUESTARCO,20260918,1551.2,1571.5,1531.8,1531.8,798646
BLUESTONE,20260918,838.7,863.0,821.0,827.5,1018859
BLUSPRING,20260918,123.06,127.14,122.66,123.34,141114
BMWVENTLTD,20260918,50.77,53.4,50.32,51.9,185490
BNAGROCHEM,20260918,207.0,207.0,200.0,207.0,944
BNALTD,20260918,365.0,365.0,365.0,365.0,1
BNKETFAXIS,20260918,580.87,582.38,578.96,581.87,772
BODALCHEM,20260918,184.99,191.23,184.05,191.23,1686113
BOHRAIND,20260918,13.0,13.88,12.41,12.71,36792
BOMDYEING,20260918,108.0,112.9,108.0,111.3,1069497
BONLON,20260918,37.82,39.85,37.82,39.13,2577
BORANA,20260918,298.15,304.0,296.0,297.1,25153
BOROLTD,20260918,256.25,263.1,252.6,259.21,133921
BORORENEW,20260918,455.0,461.4,447.95,459.5,460974
BOROSCI,20260918,118.29,121.8,117.0,119.56,21927
BOSCH-HCIL,20260918,1668.3,1705.0,1660.0,1694.0,36229
BOSCHLTD,20260918,47850.0,48650.0,47000.0,47000.0,27389
BPCL,20260918,308.55,314.2,308.25,314.0,9439555
BPL,20260918,46.5,46.8,45.5,45.79,13947
BPLPHARMA,20260918,1541.2,1564.0,1499.9,1509.7,843
BRAHMINFRA,20260918,163.01,163.01,158.6,162.36,20632
BRIGADE,20260918,621.0,629.3,616.25,621.7,666470
BRIGHOTEL,20260918,56.52,56.59,56.15,56.23,35906
BRIGHTBR,20260918,240.05,254.15,240.0,248.45,836
BRITANNIA,20260918,4982.0,5026.5,4968.0,4998.0,346885
BRNL,20260918,16.41,16.75,16.03,16.25,29263
BROOKS,20260918,61.24,63.89,61.02,61.53,38012
BSE,20260918,3259.0,3296.0,3241.0,3266.4,2075360
BSE500IETF,20260918,38.4,38.84,38.26,38.76,58159
BSHSL,20260918,89.25,93.0,86.2,87.87,3480
BSL,20260918,116.8,119.49,116.8,118.26,3489
BSLGOLDETF,20260918,134.3,134.8,133.48,134.53,327089
BSLNIFTY,20260918,27.38,28.62,27.36,27.46,690033
BSLSENETFG,20260918,75.96,75.96,74.88,75.15,4943
BSOFT,20260918,285.0,285.05,278.45,280.4,1305483
BTML,20260918,7.49,7.49,7.14,7.25,704020
BTTL,20260918,41.5,41.5,39.1,39.64,2293
BUILDPRO,20260918,1254.9,1270.0,1198.5,1253.8,123781
BURNPUR,20260918,18.37,18.37,16.8,17.85,120881
BUTTERFLY,20260918,577.9,589.0,566.75,585.8,26618
BVCL,20260918,40.69,41.3,40.5,40.76,7122
BYKE,20260918,30.99,30.99,29.56,30.25,11206
CALSOFT,20260918,36.9,39.56,36.8,39.19,171438
CAMLINFINE,20260918,100.55,101.47,95.65,97.28,1375944
CAMPUS,20260918,212.0,212.95,210.51,212.12,306540
CAMS,20260918,712.65,723.6,708.05,708.05,1128255
CANBK,20260918,123.81,123.89,123.01,123.78,11489793
CANFINHOME,20260918,777.6,787.6,769.0,778.5,539763
CANHLIFE,20260918,155.33,156.25,151.79,153.59,807851
CANTABIL,20260918,242.4,246.0,240.2,242.63,143791
CAPACITE,20260918,191.9,199.02,191.9,195.71,235892
CAPILLARY,20260918,448.95,489.0,443.1,484.05,532692
CAPITALSFB,20260918,276.1,283.4,274.15,278.9,8706
CAPLIPOINT,20260918,2596.5,2780.0,2596.0,2748.6,308471
CAPTRUST,20260918,18.6,19.4,18.6,19.39,64785
CARBORUNIV,20260918,1084.0,1141.3,1078.4,1124.4,533148
CARERATING,20260918,1645.5,1674.7,1614.8,1668.6,46640
CARRARO,20260918,522.1,533.0,517.6,524.65,169514
CARTRADE,20260918,2949.9,3127.7,2946.7,2988.9,650048
CARYSIL,20260918,1111.2,1138.7,1106.0,1131.3,62416
CASHIETF,20260918,1079.83,1080.28,1078.82,1080.26,122070
CASTROLIND,20260918,192.34,197.85,192.0,197.14,9615337
CCAVENUE,20260918,16.39,16.64,15.99,16.08,15304318
CCCL,20260918,13.69,13.95,13.69,13.76,57075
CCHHL,20260918,12.8,13.1,12.6,13.01,25484
CCL,20260918,1065.7,1076.3,1058.2,1065.6,92827
CDSL,20260918,1348.0,1390.0,1346.5,1390.0,1694146
CEATLTD,20260918,3430.0,3529.0,3418.1,3468.9,113245
CEIGALL,20260918,391.6,391.8,372.05,373.75,307512
CEINSYS,20260918,692.4,715.0,672.05,675.35,73862
CELEBRITY,20260918,6.9,6.9,6.69,6.83,7755
CELLO,20260918,328.0,330.0,320.0,322.45,240397
CEMNTGROWW,20260918,14.09,14.3,14.01,14.22,45103
CEMPRO,20260918,1265.0,1287.4,1246.6,1263.5,233345
CENTENKA,20260918,570.75,570.75,551.85,561.45,33970
CENTEXT,20260918,19.0,19.55,19.0,19.16,123725
CENTRALBK,20260918,30.42,32.4,30.41,31.73,56472458
CENTRUM,20260918,22.69,22.69,21.65,21.94,41442
CENTUM,20260918,4398.0,4421.0,4300.0,4333.3,41693
CENTURYPLY,20260918,725.0,735.0,714.05,722.65,83789
CERA,20260918,5592.0,5785.0,5592.0,5645.0,14398
CESC,20260918,141.99,142.93,140.71,141.53,3878798
CEWATER,20260918,252.8,286.0,252.8,279.25,750844
CFEL,20260918,46.99,47.0,44.0,46.95,32553
CGCL,20260918,263.0,273.65,262.0,270.65,6367147
CGPOWER,20260918,883.65,911.0,881.3,892.0,3114673
CGVAK,20260918,147.0,152.0,144.0,149.8,2553
CHALET,20260918,845.0,874.25,839.55,865.65,566679
CHAMBLFERT,20260918,414.7,420.0,410.9,414.9,470769
CHEMBOND,20260918,197.03,203.45,185.6,192.77,12271
CHEMBONDCH,20260918,275.35,279.5,261.45,272.55,8833
CHEMCON,20260918,217.0,222.04,214.0,216.36,40049
CHEMCRUX,20260918,82.0,84.19,78.0,80.78,4816
CHEMFAB,20260918,355.0,373.5,355.0,369.4,2010
CHEMICAL,20260918,28.55,29.58,28.55,29.43,279002
CHEMPLASTS,20260918,167.8,175.1,167.09,171.48,443500
CHENNPETRO,20260918,1414.0,1437.1,1390.1,1416.6,1081342
CHEVIOT,20260918,1174.9,1179.9,1161.8,1174.7,820
CHOICEGOLD,20260918,149.5,152.21,149.5,151.99,2964
CHOICEIN,20260918,739.95,775.7,738.45,763.85,989378
CHOLAFIN,20260918,1769.3,1804.4,1766.0,1800.0,1509978
CHOLAHLDNG,20260918,1510.0,1541.0,1482.0,1507.7,395533
CIEINDIA,20260918,388.0,391.5,382.9,387.15,376545
CIFL,20260918,19.86,20.49,19.86,19.98,45611
CINELINE,20260918,91.1,93.6,90.0,90.36,6895
CINEVISTA,20260918,13.8,14.74,13.8,14.13,6423
CIPLA,20260918,1371.7,1394.5,1371.7,1394.5,1386584
CLEAN,20260918,831.0,872.85,826.7,851.9,891352
CLEANMAX,20260918,1296.4,1299.4,1272.0,1279.4,102176
CLEDUCATE,20260918,54.99,56.18,54.51,54.81,7979
CLSEL,20260918,296.45,299.15,292.25,294.9,32143
CMLL,20260918,483.0,484.7,471.0,477.7,165073
CMPDI,20260918,207.85,217.23,204.69,214.58,2923381
CMRGREEN,20260918,214.79,234.58,214.79,231.87,1840718
CMSINFO,20260918,231.15,232.72,228.52,230.93,952449
CNL,20260918,1078.9,1140.1,1077.5,1127.1,17388
COALINDIA,20260918,418.0,419.95,409.65,409.9,7700870
COASTCORP,20260918,36.17,39.1,36.01,38.84,131467
COCHINSHIP,20260918,1335.0,1398.0,1333.0,1398.0,1456165
COCKERILL,20260918,8029.0,8220.0,8006.5,8164.0,3914
COFFEEDAY,20260918,30.86,31.33,30.07,30.52,346468
COFORGE,20260918,1793.0,1841.0,1754.2,1841.0,2489460
COHANCE,20260918,439.95,446.65,429.25,438.0,699254
COLPAL,20260918,1841.5,1917.8,1836.9,1917.8,601910
COMFINTE,20260918,6.18,6.18,5.86,5.98,71837
COMMOIETF,20260918,97.15,97.93,97.15,97.5,21581
COMPEAU,20260918,360.0,369.9,360.0,365.0,714
COMPINFO,20260918,1.12,1.15,1.05,1.1,6048
COMPUSOFT,20260918,12.98,14.6,12.95,13.63,299192
COMSYN,20260918,294.0,314.45,293.55,306.55,869871
CONCOR,20260918,489.0,504.55,485.1,504.55,2242132
CONCORDBIO,20260918,1459.5,1519.9,1459.4,1494.4,170417
CONFIPET,20260918,87.25,92.61,86.71,91.95,5542393
CONS,20260918,11.86,11.89,11.78,11.88,3928
CONSOFINVT,20260918,300.6,307.6,300.05,302.2,3184
CONSUMAXIS,20260918,118.43,118.6,117.73,118.57,851
CONSUMBEES,20260918,128.26,128.66,127.42,128.32,39495
CONSUMER,20260918,11.74,11.83,11.74,11.8,73605
CONSUMIETF,20260918,119.0,119.7,118.68,119.09,4906
CONTROLPR,20260918,610.0,613.7,598.0,600.9,28633
CORALFINAC,20260918,33.28,33.28,32.13,32.56,23368
CORDELIA,20260918,109.68,115.16,109.68,115.15,2435983
CORDSCABLE,20260918,360.0,381.4,355.8,364.15,176486
COROMANDEL,20260918,1929.8,2019.9,1919.5,1999.5,302340
CORONA,20260918,2175.0,2208.0,2166.6,2201.8,12123
COSMOFIRST,20260918,883.0,884.45,866.05,871.25,34649
COUNCODOS,20260918,6.45,6.45,6.05,6.32,47880
CPCAP,20260918,142.46,152.0,141.01,145.19,107712
CPEDU,20260918,174.01,175.9,171.0,171.66,5691
CPL,20260918,67.3,68.24,63.5,64.49,41073
CPPLUS,20260918,3378.4,3500.0,3321.0,3355.1,880079
CPSEETF,20260918,92.36,92.99,92.1,92.58,392825
CRAFTSMAN,20260918,10890.0,11300.0,10871.0,11138.0,207605
CRAMC,20260918,236.0,237.6,232.6,234.0,275239
CRAVATEX,20260918,333.0,339.9,320.0,324.55,1798
CREATIVEYE,20260918,5.88,5.88,5.5,5.7,11299
CREDITACC,20260918,1370.0,1394.9,1360.0,1387.6,149069
CREST,20260918,374.0,385.0,356.35,365.75,2310
CRESTO,20260918,16.35,16.43,15.93,16.39,6035
CRISIL,20260918,4560.0,4615.0,4540.0,4577.5,81962
CRIZAC,20260918,176.55,177.63,172.0,173.73,149317
CROMPTON,20260918,226.0,227.12,225.11,227.12,1405047
CROWN,20260918,109.99,111.99,108.11,108.48,8079
CRSL,20260918,2.52,2.52,2.41,2.44,184630
CSBBANK,20260918,323.4,340.0,319.95,336.15,1075560
CSLFINANCE,20260918,216.14,220.31,214.81,218.24,12818
CSM,20260918,104.0,114.9,101.5,109.85,9116969
CTE,20260918,38.59,40.7,38.59,40.7,14992
CUB,20260918,231.6,238.95,231.6,235.79,2196738
CUBEXTUB,20260918,86.0,87.0,80.26,85.32,247242
CUMMINSIND,20260918,5000.0,5119.0,5000.0,5099.5,502366
CUPID,20260918,280.3,282.0,251.1,265.0,27287571
CURAA,20260918,69.94,76.0,69.94,76.0,168
CYBERMEDIA,20260918,22.03,23.0,20.93,21.16,33593
CYBERTECH,20260918,142.55,144.4,139.0,142.82,32580
CYIENT,20260918,1064.8,1079.5,1047.6,1073.3,668011
CYIENTDLM,20260918,893.45,945.0,890.0,940.7,469640
DABUR,20260918,384.6,395.25,382.95,395.25,2455500
DAICHI,20260918,330.0,339.0,323.0,327.95,489
DALBHARAT,20260918,1695.0,1805.0,1685.1,1761.4,374184
DALMIASUG,20260918,394.0,398.2,382.4,390.5,148278
DAMCAPITAL,20260918,137.0,139.0,136.52,137.92,176661
DAMODARIND,20260918,28.14,28.19,27.75,28.12,1916
DANGEE,20260918,2.71,2.75,2.69,2.73,22988
DATAMATICS,20260918,763.9,772.0,753.0,765.95,43182
DATAPATTNS,20260918,4429.7,4550.0,4415.6,4513.3,606762
DAVANGERE,20260918,2.08,2.1,2.03,2.06,6216386
DBCORP,20260918,187.82,189.56,183.6,184.06,107079
DBEIL,20260918,7.3,7.3,6.95,7.12,686235
DBL,20260918,408.35,428.5,408.35,425.5,638580
DBOL,20260918,115.22,117.3,109.74,116.27,181653
DBREALTY,20260918,95.69,97.3,94.0,95.68,1389676
DBSTOCKBRO,20260918,29.22,30.5,29.22,30.35,6932
DCAL,20260918,162.0,171.69,157.6,170.52,727114
DCBBANK,20260918,218.99,223.02,217.0,218.35,1445096
DCI,20260918,287.8,288.9,277.25,278.95,78388
DCM,20260918,78.0,79.79,77.01,77.21,4286
DCMFINSERV,20260918,5.26,5.26,4.78,5.18,5895
DCMNVL,20260918,175.02,182.79,172.52,180.2,8381
DCMSHRIRAM,20260918,990.0,1005.0,982.4,995.0,69400
DCMSIL,20260918,70.64,72.0,67.99,70.26,110121
DCMSRIND,20260918,38.81,39.68,38.0,38.24,225676
DCW,20260918,45.18,45.64,45.05,45.18,560676
DCXINDIA,20260918,165.29,167.08,161.97,163.1,307226
DDEVPLSTIK,20260918,255.8,257.55,252.8,254.95,71638
DECCANCE,20260918,567.3,572.45,562.5,567.45,36914
DECNGOLD,20260918,219.47,220.74,216.0,217.21,714192
DEEDEV,20260918,636.95,668.75,636.8,668.75,288664
DEEP,20260918,49.0,49.0,46.11,46.72,24429
DEEPA,20260918,175.3,191.49,171.38,188.31,7608515
DEEPAKFERT,20260918,1324.1,1350.0,1313.2,1343.2,209549
DEEPAKNTR,20260918,1606.9,1623.5,1577.2,1586.3,426779
DEEPINDS,20260918,734.7,747.6,732.55,743.35,137404
DEFENCE,20260918,78.09,78.96,78.0,78.72,216860
DELHIVERY,20260918,426.1,433.55,425.85,428.0,1686221
DELPHIFX,20260918,5.29,5.29,4.96,4.96,300320
DELTACORP,20260918,56.5,58.85,56.03,58.34,1668878
DELTAMAGNT,20260918,56.9,56.9,53.5,54.95,898
DEN,20260918,26.45,26.75,26.31,26.62,72184
DENORA,20260918,787.85,790.55,770.0,782.25,1861
DENTA,20260918,279.3,281.95,276.55,279.35,61071
DEVIT,20260918,23.31,23.9,23.05,23.13,15846
DEVX,20260918,33.0,33.69,31.21,32.21,103136
DEVYANI,20260918,139.43,141.49,138.19,140.62,2466888
DGCONTENT,20260918,23.8,24.55,23.71,24.49,19907
DHABRIYA,20260918,470.0,490.65,460.0,488.75,6986
DHAMPURSUG,20260918,152.45,160.0,148.61,156.22,762354
DHANBANK,20260918,28.88,29.75,28.85,29.47,262185
DHANUKA,20260918,980.05,990.0,970.05,973.3,13511
DHARAN,20260918,0.14,0.14,0.13,0.14,4858146
DHARMAJ,20260918,274.0,286.9,272.0,276.15,40591
DHATRE,20260918,4.4,4.4,4.08,4.18,31872
DHOOTTRANS,20260918,1575.0,1603.8,1558.0,1590.7,1187578
DHRUV,20260918,21.0,22.77,21.0,21.4,14049
DHUNINV,20260918,998.8,1008.0,980.0,1001.95,799
DIACABS,20260918,375.0,375.0,362.1,366.8,759461
DIAMINESQ,20260918,258.0,259.86,252.03,256.77,2884
DIAMONDYD,20260918,1107.0,1122.0,1079.2,1088.1,15018
DICIND,20260918,630.5,642.0,618.0,632.5,7309
DIFFNKG,20260918,438.0,452.0,436.2,445.8,86835
DIGIDRIVE,20260918,17.24,17.78,17.11,17.43,22287
DIGISPICE,20260918,16.26,17.09,16.15,16.99,300569
DIGITIDE,20260918,85.0,85.94,83.0,83.45,146398
DIGJAMLMTD,20260918,58.5,61.6,58.5,61.6,18535
DISAQ,20260918,12165.0,12165.0,11716.0,12062.0,137
DISHTV,20260918,2.62,2.65,2.52,2.56,2364283
DIVGIITTS,20260918,1122.2,1141.7,1118.7,1130.2,45303
DIVIDEND,20260918,34.77,34.89,34.69,34.85,2339
DIVISLAB,20260918,9346.5,9445.0,9328.5,9375.0,691534
DIVOPPBEES,20260918,75.25,75.25,74.44,74.71,25029
DIXON,20260918,13290.0,13383.0,13005.0,13005.0,371296
DJML,20260918,79.09,81.3,77.01,77.65,19162
DLF,20260918,640.0,653.7,640.0,644.35,2890331
DLINKINDIA,20260918,427.8,434.8,424.1,430.05,46171
DMART,20260918,3711.1,3755.8,3680.0,3749.9,881497
DMCC,20260918,263.0,284.0,261.3,280.65,122609
DNAMEDIA,20260918,2.44,2.5,2.25,2.47,39981
DODLA,20260918,1054.0,1095.0,1048.5,1083.6,28490
DOLATALGO,20260918,67.99,68.38,67.05,67.32,98529
DOLLAR,20260918,268.0,278.0,266.85,273.25,161698
DOLLEX,20260918,37.95,38.5,36.85,37.2,14860
DOLPHIN,20260918,678.0,684.75,659.0,665.5,27025
DOMS,20260918,2121.6,2122.9,2097.4,2105.3,20153
DONEAR,20260918,82.0,84.18,82.0,83.79,7103
DPABHUSHAN,20260918,1330.0,1482.0,1330.0,1448.3,37904
DPSCLTD,20260918,7.1,7.18,6.85,7.16,84580
DPWIRES,20260918,146.95,149.77,145.11,146.44,3010
DRAGARWQ,20260918,5339.5,5380.0,5251.0,5371.5,708
DRCSYSTEMS,20260918,12.81,12.81,12.31,12.63,12957
DREAMFOLKS,20260918,65.98,65.98,64.32,64.76,30395
DREDGECORP,20260918,985.6,1006.0,985.0,992.3,36676
DRREDDY,20260918,1182.6,1207.5,1182.1,1185.0,3002566
DSFCL,20260918,25.0,26.2,24.31,26.14,92554
DSKULKARNI,20260918,22.71,22.71,22.71,22.71,161
DSSL,20260918,1042.4,1042.4,1010.5,1013.4,13842
DTIL,20260918,141.0,141.0,137.9,138.42,3024
DUCON,20260918,1.22,1.29,1.15,1.23,6489613
DVL,20260918,280.45,293.25,280.45,290.0,11439
DWARKESH,20260918,40.52,41.51,39.86,41.15,1861792
DYCL,20260918,443.9,464.0,443.55,457.4,419341
DYNAMATECH,20260918,11819.0,12215.0,11743.0,12061.0,12437
DYNPRO,20260918,230.05,232.0,228.0,229.89,4824
E2E,20260918,607.05,620.0,599.0,607.65,595972
EASEMYTRIP,20260918,5.81,5.81,5.71,5.76,13670746
EASTSILK,20260918,61.5,64.11,61.5,64.07,1041
EASTWEST,20260918,2.23,2.27,2.1,2.25,56253
EBANK10,20260918,16.59,16.59,16.57,16.57,109
EBANKNIFTY,20260918,56.83,56.98,56.53,56.96,1676
EBBETF0430,20260918,1639.4,1639.4,1604.01,1610.9,3456
EBBETF0431,20260918,1438.47,1439.97,1429.21,1431.44,2826
EBBETF0433,20260918,1304.2,1309.0,1301.08,1303.19,2911
EBGNG,20260918,668.25,711.25,664.55,703.05,1067215
EBIX,20260918,19.24,19.3,18.66,19.03,5798
ECAPINSURE,20260918,23.78,24.01,23.48,23.61,24238
ECLERX,20260918,1919.4,1938.8,1898.7,1915.6,177527
ECORECO,20260918,442.8,445.95,424.0,432.1,8812
ECOSMOBLTY,20260918,107.45,108.5,106.5,108.12,30641
EDELWEISS,20260918,128.42,136.9,128.42,136.25,9148549
EFCIL,20260918,179.89,180.5,176.85,178.67,216644
EGOLD,20260918,151.65,153.15,151.65,152.8,71864
EICHERMOT,20260918,7523.5,7569.0,7477.0,7516.0,419526
EIDPARRY,20260918,694.65,708.15,682.75,700.7,854169
EIEL,20260918,201.0,202.0,196.06,200.01,574560
EIFFL,20260918,259.45,262.1,259.45,262.1,7949
EIHAHOTELS,20260918,294.95,307.8,294.05,303.5,37838
EIHOTEL,20260918,304.0,321.15,299.95,317.9,1308371
EIMCOELECO,20260918,2247.0,2292.8,2240.0,2248.4,15042
EKC,20260918,100.1,101.88,99.21,101.07,92899
EKI,20260918,67.51,69.89,67.5,68.34,6068
ELANTAS,20260918,13747.0,14400.0,13561.0,14228.0,3136
ELCIDIN,20260918,109735.0,109735.0,103820.0,105130.0,13
ELDEHSG,20260918,788.0,789.95,770.25,781.7,209
ELECON,20260918,414.6,424.95,414.0,421.2,301790
ELECTCAST,20260918,74.25,75.3,72.9,73.38,1797787
ELECTHERM,20260918,932.0,947.0,920.0,925.5,12959
ELGIEQUIP,20260918,593.9,613.3,593.3,609.55,398074
ELGIRUBCO,20260918,60.81,62.38,60.81,61.6,74237
ELIN,20260918,89.51,90.29,87.9,88.53,71187
ELIQUID,20260918,1048.39,1048.4,1048.39,1048.4,9883
ELITECON,20260918,7.37,8.13,7.37,7.99,15604333
ELLEN,20260918,371.0,387.0,370.7,373.1,733301
ELM250,20260918,16.36,16.45,16.01,16.15,73569
ELMDIV,20260918,35.39,35.5,35.39,35.5,4
ELPROINTL,20260918,172.86,174.58,170.97,172.53,15621
EMAMILTD,20260918,380.0,380.05,366.55,368.45,3703471
EMAMIPAP,20260918,111.97,117.56,106.38,116.7,59907
EMAMIREAL,20260918,69.4,69.4,66.15,67.18,3888
EMBDL,20260918,55.0,55.0,53.5,53.88,2229839
EMCURE,20260918,1915.9,2100.7,1915.1,2003.8,1744754
EMETAL,20260918,12.99,13.1,12.87,13.05,6609
EMIL,20260918,186.85,202.86,185.1,196.28,15751870
EMKAY,20260918,248.95,253.75,244.95,248.9,11664
EMMBI,20260918,87.25,89.76,86.1,88.91,2806
EMMVEE,20260918,328.65,333.0,326.6,328.0,974170
EMPIND,20260918,1043.8,1064.8,1043.4,1057.1,968
EMPOWER,20260918,2.38,2.38,2.38,2.38,1202346
EMSLIMITED,20260918,364.5,371.25,362.0,366.65,104833
EMUDHRA,20260918,633.25,638.1,601.1,613.45,1272884
EMULTIMQ,20260918,41.28,41.55,40.94,41.35,9268
ENDURANCE,20260918,2680.8,2743.6,2680.8,2732.0,88695
ENERGY,20260918,38.08,38.2,37.21,38.14,124531
ENERGYAXIS,20260918,18.94,19.19,18.75,18.96,10923
ENERGYDEV,20260918,14.66,15.01,14.5,14.68,18897
ENEXT50,20260918,70.89,72.41,70.89,71.6,406
ENGINERSIN,20260918,265.0,268.5,263.5,266.35,1732303
ENIFTY,20260918,24.07,24.07,23.45,23.6,4415
ENIL,20260918,100.0,102.8,99.5,101.9,13770
ENKEIWHEL,20260918,388.0,404.9,385.4,395.1,827
ENRIN,20260918,3116.0,3250.0,3110.0,3228.0,740325
ENTERO,20260918,1669.9,1737.8,1669.9,1732.3,244661
EPACK,20260918,181.01,183.01,178.4,178.84,161343
EPACKPEB,20260918,225.0,231.61,224.41,226.26,315915
EPIGRAL,20260918,1101.9,1119.4,1093.1,1105.3,25007
EPL,20260918,234.0,241.1,233.75,239.35,2325889
EQUAL200,20260918,13.48,13.6,13.48,13.6,2868
EQUAL50,20260918,323.08,323.77,322.59,323.77,2038
EQUAL50ADD,20260918,333.64,334.5,333.05,334.35,6164
EQUIPPP,20260918,24.0,24.6,23.26,24.51,53053
EQUITASBNK,20260918,72.05,74.9,71.89,74.09,2395159
ERIS,20260918,1315.1,1355.1,1303.1,1321.3,143139
ESABINDIA,20260918,5618.5,5659.5,5600.5,5627.5,3207
ESAFSFB,20260918,38.27,39.5,38.27,39.19,206115
ESCORTS,20260918,2830.0,2836.8,2769.4,2798.2,81690
ESDS,20260918,1565.0,1594.0,1564.55,1564.55,582208
ESENSEX,20260918,75.39,75.51,74.84,75.51,1311
ESG,20260918,40.11,40.29,40.01,40.24,5616
ESILVER,20260918,228.98,235.1,228.98,234.3,255075
ESSARSHPNG,20260918,16.46,16.53,16.06,16.19,112302
ESSENTIA,20260918,1.03,1.04,1.02,1.03,1591457
ESTER,20260918,87.56,88.9,86.6,87.67,36137
ETERNAL,20260918,328.5,329.75,325.7,326.85,17696853
ETHOSLTD,20260918,2655.0,2682.6,2612.6,2661.5,27302
EUREKAFORB,20260918,393.4,395.25,383.0,385.3,438600
EUROBOND,20260918,150.0,154.0,147.03,148.05,4198
EUROPRATIK,20260918,232.0,235.7,229.1,231.75,211870
EUROTEXIND,20260918,11.74,11.74,11.74,11.74,975
EVEREADY,20260918,334.1,341.5,328.5,331.0,178458
EVERESTIND,20260918,400.0,420.0,395.0,412.5,5429
EVIETF,20260918,31.92,32.95,31.73,32.04,133816
EVINDIA,20260918,32.48,32.48,31.78,32.0,100432
EXCELINDUS,20260918,963.8,979.9,945.1,958.2,12412
EXCELSOFT,20260918,80.0,80.19,77.24,78.08,372636
EXICOM,20260918,160.0,165.2,160.0,163.68,730474
EXIDEIND,20260918,419.35,444.7,419.35,435.85,5570954
EXPLEOSOL,20260918,898.05,900.9,875.0,881.95,20658
EXXARO,20260918,6.2,6.39,6.2,6.25,115668
FABTECH,20260918,147.4,148.98,146.92,147.93,41486
FACT,20260918,764.95,767.65,753.05,764.2,66764
FAIRCHEMOR,20260918,624.0,640.0,601.3,634.0,7851
FAZE3Q,20260918,442.0,448.0,438.0,442.95,11314
FCL,20260918,53.31,57.75,52.9,57.02,26160940
FCSSOFT,20260918,1.42,1.43,1.41,1.41,856983
FDC,20260918,353.15,354.15,347.7,352.5,115044
FEDDERSHOL,20260918,52.8,53.39,52.7,52.9,4766815
FEDERALBNK,20260918,332.8,335.4,325.4,332.75,14568034
FEDFINA,20260918,152.27,156.0,151.82,155.25,792266
FEL,20260918,0.36,0.37,0.36,0.36,458221
FELDVR,20260918,1.96,2.05,1.96,2.05,1748
FERMENTA,20260918,465.7,478.9,465.7,474.15,26096
FIBERWEB,20260918,26.49,26.57,25.8,26.1,9330
FIEMIND,20260918,1907.0,1963.9,1907.0,1937.3,71600
FILATEX,20260918,90.32,94.5,87.73,93.83,6299414
FILATFASH,20260918,0.19,0.19,0.17,0.17,16682906
FINCABLES,20260918,1399.0,1434.7,1390.2,1411.2,1061919
FINEORG,20260918,5219.5,5271.0,5160.0,5199.0,45907
FINIETF,20260918,32.17,32.46,32.06,32.28,140103
FINKURVE,20260918,74.93,76.9,72.14,73.1,35407
FINOPB,20260918,135.87,137.7,135.0,135.48,82685
FINPIPE,20260918,154.0,156.0,153.03,154.63,484153
FIRSTCRY,20260918,169.8,173.0,163.37,172.15,6662007
FISCHER,20260918,33.31,33.76,32.71,33.15,361136
FIVESTAR,20260918,527.5,545.9,524.0,538.45,741259
FLAIR,20260918,239.99,240.0,232.2,235.23,44067
FLEXIADD,20260918,9.72,9.85,9.71,9.79,103179
FLEXITUFF,20260918,2.58,2.58,2.58,2.58,3818
FLFL,20260918,1.08,1.16,1.08,1.15,78664
FLUOROCHEM,20260918,4490.0,4613.9,4490.0,4586.7,225937
FMCGADD,20260918,46.18,46.18,45.75,46.02,16877
FMCGIETF,20260918,49.49,49.49,48.87,49.28,1479012
FMGOETZE,20260918,447.5,455.0,444.45,446.15,117700
FMNL,20260918,8.75,9.35,8.53,9.24,103859
FOCUS,20260918,59.6,61.72,58.61,60.64,33288
FOODSIN,20260918,53.55,55.29,53.12,54.57,62580
FORCEMOT,20260918,17622.0,17882.0,17488.0,17488.0,63130
FORTIS,20260918,884.7,899.7,884.7,886.0,1928099
FOSECOIND,20260918,6787.5,6974.5,6622.5,6677.5,44756
FRACTAL,20260918,755.0,768.0,744.9,764.35,203930
FREDUN,20260918,1300.2,1324.0,1288.1,1303.5,65181
FRONTSP,20260918,1199.0,1226.9,1178.0,1198.4,15604
FSL,20260918,272.0,275.5,269.4,273.45,1243136
FUSION,20260918,184.02,186.02,181.82,185.12,511372
GABRIEL,20260918,1290.1,1336.0,1290.0,1321.8,293065
GAEL,20260918,160.1,160.6,156.25,156.95,962051
GAIL,20260918,172.0,174.65,172.0,173.9,8527161
GAJA,20260918,145.84,145.84,142.0,142.5,198526
GALAPREC,20260918,1005.9,1024.9,1001.5,1011.2,12068
GALAXYSURF,20260918,2271.0,2271.1,2201.0,2215.2,22064
GALLANTT,20260918,545.85,553.95,541.0,547.15,73721
GANDHAR,20260918,268.2,277.2,268.0,276.2,670870
GANDHITUBE,20260918,897.0,904.0,865.0,899.2,7643
GANECOS,20260918,992.0,1015.0,982.2,1002.0,99501
GANESHBE,20260918,126.4,130.89,125.21,126.86,164083
GANESHCP,20260918,165.97,171.24,163.51,169.2,98944
GANESHHOU,20260918,758.0,758.0,735.25,741.45,25397
GANGAFORGE,20260918,1.57,1.58,1.55,1.55,1827820
GANGESSECU,20260918,116.79,117.0,114.15,114.15,669
GARFIBRES,20260918,799.7,840.0,791.3,819.0,56698
GARUDA,20260918,175.8,176.84,174.16,175.53,180277
GATECH,20260918,0.73,0.73,0.73,0.73,5680142
GATECHDVR,20260918,0.5,0.5,0.48,0.48,334623
GATEWAY,20260918,53.33,53.33,52.65,52.87,660523
GAUDIUMIVF,20260918,118.96,118.96,114.23,116.22,155323
GAYAHWS,20260918,1.87,1.95,1.82,1.9,253808
GAYAPROJ,20260918,23.78,24.8,23.57,24.72,1572098
GCSL,20260918,588.6,620.5,588.6,618.55,622465
GEECEE,20260918,373.0,373.0,360.3,371.85,727
GEEKAYWIRE,20260918,34.0,35.0,33.06,33.25,814069
GEMAROMA,20260918,152.4,155.3,147.65,149.1,145529
GENCON,20260918,39.81,41.5,39.12,40.01,237077
GENESYS,20260918,286.0,296.0,281.25,285.19,496070
GENSOL,20260918,16.44,17.3,16.44,17.1,30824
GENUSPAPER,20260918,11.18,11.45,11.18,11.41,40231
GENUSPOWER,20260918,305.0,315.65,304.6,310.75,3184194
GEOJITFSL,20260918,80.12,83.5,79.56,81.99,713593
GESHIP,20260918,1425.0,1439.7,1413.7,1432.1,465939
GFLLIMITED,20260918,56.02,56.98,55.16,56.43,23959
GFSTEELS,20260918,25.44,25.44,25.44,25.44,4818
GHCL,20260918,422.0,428.0,418.3,421.7,157583
GHCLTEXTIL,20260918,125.4,125.6,122.5,124.51,222126
GICHSGFIN,20260918,136.3,141.0,135.62,139.35,89007
GICL,20260918,25.14,25.14,23.6,24.58,144572
GICRE,20260918,340.75,353.25,340.55,351.0,1183930
GILLANDERS,20260918,103.0,106.0,98.6,104.52,1721
GILLETTE,20260918,7340.0,7340.0,7031.5,7073.0,52262
GILT10BETA,20260918,26.14,26.67,26.14,26.66,641
GILT5BETA,20260918,65.28,66.6,65.28,66.59,117
GILT5YBEES,20260918,65.95,65.96,65.75,65.8,117989
GINNIFILA,20260918,41.7,42.5,41.0,42.35,15490
GIPCL,20260918,186.0,189.06,185.26,188.35,253911
GKB,20260918,62.6,69.89,62.6,67.44,10541
GKENERGY,20260918,119.92,123.0,118.22,119.77,561130
GKSL,20260918,178.14,186.0,178.13,181.25,273151
GKWLIMITED,20260918,1604.9,1604.9,1566.0,1587.1,208
GLAND,20260918,2907.2,2978.0,2904.0,2961.9,492452
GLASSWALL,20260918,267.98,304.2,258.35,269.51,73819973
GLAXO,20260918,2800.0,2900.0,2800.0,2838.8,125265
GLENMARK,20260918,2409.8,2447.4,2396.8,2447.4,545520
GLFL,20260918,5.35,5.35,5.03,5.06,320
GLOBAL,20260918,127.8,131.0,125.06,130.16,143869
GLOBALE,20260918,10.95,11.85,10.93,11.0,8037
GLOBALVECT,20260918,127.7,132.78,125.0,131.58,6742
GLOBE,20260918,1.79,2.1,1.75,2.07,2740470
GLOBECIVIL,20260918,43.8,43.8,42.0,42.26,21470
GLOBUSSPR,20260918,837.45,841.35,815.3,819.75,68570
GLOSTERLTD,20260918,578.5,587.0,578.2,586.2,325
GLOTTIS,20260918,57.71,59.7,57.71,59.48,24282
GMBREW,20260918,937.05,964.95,934.0,953.95,70274
GMDCLTD,20260918,551.0,559.8,551.0,556.45,635840
GMMPFAUDLR,20260918,1370.0,1475.0,1370.0,1467.0,1207844
GMRAIRPORT,20260918,95.51,99.3,95.41,99.3,21945461
GMRP&UI,20260918,92.11,94.88,91.0,92.31,1263129
GNA,20260918,539.95,588.8,539.95,558.55,2062341
GNFC,20260918,578.85,594.35,574.0,588.9,1359872
GNRL,20260918,101.6,103.99,96.69,98.43,205527
GOACARBON,20260918,387.0,387.0,375.0,377.6,21751
GOCLCORP,20260918,458.15,461.4,442.15,446.1,522016
GOCOLORS,20260918,309.8,310.75,304.1,306.0,44609
GODAVARIB,20260918,242.41,243.0,238.55,241.01,80755
GODFRYPHLP,20260918,1948.0,2018.0,1943.7,2018.0,404029
GODIGIT,20260918,255.5,255.9,235.8,239.0,3424067
GODREJAGRO,20260918,656.3,670.0,645.7,661.6,161090
GODREJCP,20260918,875.3,886.0,870.45,880.0,1410736
GODREJIND,20260918,1127.3,1132.4,1095.1,1107.4,114004
GODREJPROP,20260918,1686.9,1721.3,1686.6,1691.1,659676
GOKEX,20260918,732.1,743.9,723.1,727.75,166162
GOKUL,20260918,40.48,40.9,39.69,40.43,137161
GOKULAGRO,20260918,219.0,226.98,219.0,224.24,245236
GOLD1,20260918,126.8,128.17,126.64,127.68,1925096
GOLD360,20260918,148.45,149.85,147.95,149.1,6821
GOLDADD,20260918,14.73,14.93,14.72,14.86,7975560
GOLDAXIS,20260918,126.6,128.16,126.42,127.67,2006311
GOLDBEES,20260918,125.51,126.95,125.47,126.48,28783409
GOLDBETA,20260918,127.35,129.05,127.35,128.6,806701
GOLDBND,20260918,153.56,154.0,150.71,153.21,44050
GOLDCASE,20260918,23.86,24.2,23.86,24.07,8804176
GOLDENTOBC,20260918,24.0,24.99,24.0,24.61,982
GOLDETF,20260918,147.29,149.02,147.29,148.57,2707257
GOLDIAM,20260918,325.9,329.2,322.1,326.75,282706
GOLDIETF,20260918,129.82,131.62,129.82,131.16,4606964
GOLDTECH,20260918,41.95,41.95,39.65,41.32,12021
GOODLUCK,20260918,509.9,523.5,509.9,517.25,363708
GOODYEAR,20260918,704.6,716.55,702.0,704.85,5290
GOPAL,20260918,252.25,257.4,248.25,256.75,121271
GOYALALUM,20260918,5.85,5.99,5.3,5.77,189846
GPIL,20260918,238.39,239.42,232.3,233.47,1620482
GPPL,20260918,162.9,163.2,158.35,160.35,1713766
GPTHEALTH,20260918,164.3,170.4,163.61,166.21,319398
GPTINFRA,20260918,119.17,123.32,116.35,118.96,3008060
GRADIENTE,20260918,2.36,2.4,2.25,2.38,414891
GRANDOAK,20260918,35.48,35.48,33.55,34.23,2900
GRANULES,20260918,874.0,890.4,865.9,875.5,1200729
GRAPHITE,20260918,815.0,838.0,810.0,830.85,2312208
GRASIM,20260918,3175.0,3209.2,3174.5,3209.2,682793
GRAUWEIL,20260918,83.0,88.53,82.25,86.62,14617872
GRAVISSHO,20260918,38.25,38.25,38.25,38.25,3609
GRAVITA,20260918,1611.6,1636.0,1585.7,1598.4,377745
GREAVESCOT,20260918,192.1,200.13,192.1,197.35,1549231
GREENLAM,20260918,236.0,238.19,228.96,231.51,75198
GREENPANEL,20260918,158.5,159.9,154.48,157.83,701624
GREENPLY,20260918,291.25,296.95,288.55,292.85,221495
GREENPOWER,20260918,9.4,9.4,9.0,9.05,3333043
GRINDWELL,20260918,1862.0,1914.0,1862.0,1895.6,41705
GRINFRA,20260918,823.15,837.8,815.1,825.9,47000
GRMOVER,20260918,80.0,82.38,79.76,81.64,1123465
GROBTEA,20260918,925.0,925.0,921.0,921.9,139
GROWW,20260918,189.0,195.5,185.7,191.76,73111303
GROWWCAPM,20260918,11.29,11.29,11.1,11.24,516604
GROWWCHEM,20260918,29.37,29.37,28.76,29.3,29833
GROWWDEFNC,20260918,93.38,94.35,92.31,93.86,167199
GROWWEV,20260918,32.18,32.18,31.69,31.94,137774
GROWWGOLD,20260918,14.81,14.99,14.81,14.94,1882882
GROWWHOSPI,20260918,52.22,53.16,52.14,53.01,266394
GROWWLIQID,20260918,110.81,110.82,110.81,110.81,102618
GROWWLOVOL,20260918,10.08,10.24,10.08,10.12,13538
GROWWMC150,20260918,226.64,228.98,226.44,228.5,165
GROWWMETAL,20260918,12.2,12.44,12.2,12.37,443476
GROWWMOM50,20260918,10.8,10.96,10.77,10.88,144864
GROWWN200,20260918,11.04,11.22,10.91,11.12,14116
GROWWNET,20260918,10.68,11.05,10.68,10.92,446972
GROWWNIFTY,20260918,9.65,9.65,9.4,9.48,375003
GROWWNXT50,20260918,71.46,72.75,71.46,72.64,1327
GROWWPOWER,20260918,11.06,11.26,10.98,11.21,1720753
GROWWPSE,20260918,96.57,98.8,94.6,98.36,2729
GROWWPSUBK,20260918,81.11,84.6,81.11,83.61,12152
GROWWRAIL,20260918,27.12,27.59,26.95,27.44,641865
GROWWRLTY,20260918,9.49,9.56,9.39,9.54,2189718
GROWWSC250,20260918,10.69,10.69,10.38,10.54,183371
GROWWSLVR,20260918,22.5,23.06,22.5,22.92,2841992
GRPLTD,20260918,2018.3,2021.5,1974.2,2008.2,1162
GRSE,20260918,2349.0,2430.0,2345.0,2411.8,531793
GRWRHITECH,20260918,6520.0,6761.5,6520.0,6724.5,29770
GSEC10IETF,20260918,263.97,263.97,263.97,263.97,2
GSEC10YEAR,20260918,30.35,30.35,30.19,30.31,279
GSEC5IETF,20260918,65.64,66.4,65.64,66.4,563
GSFC,20260918,153.05,153.72,150.35,151.92,1280620
GSLSU,20260918,27.27,28.78,27.27,28.04,24429
GSPCROP,20260918,482.0,493.85,479.0,482.1,277176
GSS,20260918,10.28,10.6,10.08,10.37,31000
GTECJAINX,20260918,26.78,28.38,26.0,26.86,8169
GTL,20260918,7.02,7.15,7.02,7.09,57543
GTLINFRA,20260918,1.14,1.17,1.13,1.15,29685116
GTPL,20260918,57.68,57.9,56.8,56.96,73098
GUFICBIO,20260918,422.3,439.9,422.3,436.0,58865
GUJALKALI,20260918,661.55,668.8,631.1,638.7,217900
GUJAPOLLO,20260918,333.95,354.95,324.0,350.1,36321
GUJENERGY,20260918,239.95,251.0,238.4,244.64,6160841
GUJRAFFIA,20260918,40.91,41.8,40.05,40.25,3547
GUJTHEM,20260918,420.15,440.0,418.5,427.4,580582
GULFOILLUB,20260918,1070.9,1073.1,1061.3,1070.1,30222
GULFPETRO,20260918,60.6,64.0,60.15,61.89,62023
GULPOLY,20260918,171.25,172.0,168.17,169.99,99834
GVKPIL,20260918,2.41,2.41,2.41,2.41,321527
GVPIL,20260918,631.0,656.1,628.85,656.1,128144
GVPTECH,20260918,7.5,7.5,7.25,7.34,44713
GVT&D,20260918,4389.8,4433.9,4357.5,4385.0,809572
GYFTR,20260918,177.51,182.49,168.18,171.05,223375
HAL,20260918,4804.9,4890.0,4780.0,4800.3,972849
HALDER,20260918,286.2,293.1,277.0,280.95,482
HALDYNGL,20260918,143.5,143.5,141.05,142.58,28774
HALEOSLABS,20260918,1493.5,1524.9,1470.0,1497.6,777
HAMPTON,20260918,8.99,8.99,7.93,8.22,115275
HAPPSTMNDS,20260918,329.0,329.8,319.0,321.55,860696
HAPPYFORGE,20260918,2177.8,2180.9,2140.0,2148.3,61172
HARDWYN,20260918,9.12,9.24,9.02,9.16,693563
HARIOMPIPE,20260918,354.95,369.95,348.9,362.9,170163
HARRMALAYA,20260918,183.45,183.45,178.0,178.49,10216
HARSHA,20260918,435.25,451.0,435.25,440.45,92889
HATHWAY,20260918,10.02,10.1,9.91,9.98,1165234
HATSUN,20260918,1186.9,1186.9,1125.1,1139.1,78526
HAVELLS,20260918,1086.0,1132.4,1086.0,1132.4,745375
HAVISHA,20260918,1.38,1.38,1.31,1.33,14206
HAWKINCOOK,20260918,8364.5,8364.5,8250.0,8286.0,937
HAZOOR,20260918,18.55,19.9,17.75,19.3,2904804
HBESD,20260918,70.0,74.5,69.3,73.57,1323
HBLENGINE,20260918,754.0,768.0,751.0,760.0,1898943
HBPOR,20260918,61.5,62.93,60.68,61.0,788
HBSL,20260918,53.33,53.33,52.0,52.68,1597
HCC,20260918,21.72,21.9,21.37,21.77,16759566
HCG,20260918,693.45,715.0,693.2,708.25,82273
HCL-INSYS,20260918,10.2,10.6,10.05,10.47,494275
HCLTECH,20260918,1258.3,1260.8,1235.6,1249.3,2886447
HDBFS,20260918,678.0,701.55,674.15,698.4,780230
HDFCAMC,20260918,2405.6,2439.0,2401.2,2425.0,1040790
HDFCBANK,20260918,715.25,733.8,715.25,731.0,39400710
HDFCBSE500,20260918,36.31,37.61,36.31,36.91,202980
HDFCGOLD,20260918,130.0,131.06,129.67,130.64,3837028
HDFCGROWTH,20260918,115.6,115.64,114.3,114.77,17188
HDFCLIFE,20260918,557.1,564.95,550.95,550.95,5599030
HDFCLIQUID,20260918,1078.61,1078.63,1078.61,1078.63,10808
HDFCLOWVOL,20260918,19.6,20.29,19.6,19.9,5708
HDFCMID150,20260918,23.3,23.3,22.92,23.12,361504
HDFCMOMENT,20260918,30.4,30.83,30.4,30.72,113697
HDFCNEXT50,20260918,73.05,73.99,73.05,73.88,38062
HDFCNIF100,20260918,25.34,25.4,25.26,25.35,50524
HDFCNIFBAN,20260918,57.86,58.15,57.81,57.99,31923
HDFCNIFIT,20260918,31.27,31.27,30.6,30.69,256307
HDFCNIFTY,20260918,264.61,264.62,262.62,263.56,1788313
HDFCNIMEG,20260918,128.33,130.05,128.33,129.9,15389
HDFCPSUBK,20260918,83.75,84.18,83.47,84.13,41351
HDFCPVTBAN,20260918,28.01,28.01,27.74,27.83,50848
HDFCQUAL,20260918,56.55,57.05,56.55,56.72,11934
HDFCSENSEX,20260918,84.77,85.2,84.35,84.78,51347
HDFCSILVER,20260918,221.28,225.17,221.1,223.95,3863924
HDFCSML250,20260918,182.87,184.95,181.9,184.55,1274357
HDFCVALUE,20260918,121.91,124.5,121.52,121.96,7148
HDIL,20260918,1.47,1.48,1.44,1.45,182234
HEADSUP,20260918,7.24,7.24,6.61,6.71,14036
HEALTHADD,20260918,16.8,16.86,16.72,16.8,37211
HEALTHAXIS,20260918,168.49,169.9,168.36,169.67,1483
HEALTHCARE,20260918,21.98,22.03,21.7,21.84,22617
HEALTHIETF,20260918,170.0,171.44,169.81,170.91,124667
HEALTHX,20260918,319.0,319.0,294.0,300.0,1400
HEALTHY,20260918,17.43,17.43,17.01,17.14,168153
HECPROJECT,20260918,116.84,121.42,114.31,119.77,8152
HEG,20260918,226.3,237.05,226.25,237.05,930482
HEIDELBERG,20260918,141.83,149.0,141.16,145.92,145888
HEMIPROP,20260918,120.15,122.29,120.0,120.77,245577
HERANBA,20260918,166.95,168.88,163.79,167.02,35651
HERITGFOOD,20260918,406.25,421.0,402.5,418.1,567662
HEROMOTOCO,20260918,5325.0,5362.5,5285.5,5285.5,688654
HESTERBIO,20260918,2245.0,2275.5,2162.8,2195.6,5041
HEXAGON,20260918,64.42,67.0,63.5,66.26,200000
HEXATRADEX,20260918,158.7,172.0,155.31,158.29,2261
HEXT,20260918,525.25,527.2,516.45,524.55,191368
HFCL,20260918,213.9,219.4,208.5,215.71,6279766
HGINFRA,20260918,460.65,466.3,441.2,442.45,172786
HGM,20260918,49.33,49.33,47.4,48.51,546
HGS,20260918,383.0,383.0,378.05,379.4,19544
HIKAL,20260918,225.29,232.34,224.6,226.04,382596
HILINFRA,20260918,43.07,46.74,43.07,43.92,415937
HILTON,20260918,16.81,17.73,16.16,16.38,395977
HIMATSEIDE,20260918,63.7,65.44,62.94,64.66,578349
HINDADH,20260918,376.0,379.7,372.0,374.9,2455
HINDALCO,20260918,982.9,999.3,979.4,986.5,8310236
HINDALUMI,20260918,95.5,96.0,92.05,94.27,1778
HINDCOMPOS,20260918,371.95,390.0,365.65,378.65,7703
HINDCON,20260918,23.73,24.64,23.4,23.81,32398
HINDCOPPER,20260918,490.7,499.25,487.05,497.4,9888264
HINDOILEXP,20260918,182.3,182.78,178.35,180.29,525134
HINDPETRO,20260918,352.4,359.0,350.5,359.0,6539998
HINDUNILVR,20260918,1950.0,1959.6,1932.0,1932.0,1994635
HINDWAREAP,20260918,176.58,178.84,171.0,172.08,124952
HINDZINC,20260918,578.3,596.0,578.3,596.0,7197021
HIRECT,20260918,1225.0,1279.0,1214.2,1242.8,50557
HISARMETAL,20260918,153.1,158.0,153.1,154.53,148
HITECH,20260918,74.2,76.7,73.66,76.14,751081
HITECHCORP,20260918,334.0,334.0,325.0,328.4,1007
HITECHGEAR,20260918,540.0,541.0,530.0,540.0,1332
HLEGLAS,20260918,415.95,457.2,413.0,446.9,1020903
HLVLTD,20260918,6.78,6.85,6.65,6.75,114147
HMAAGRO,20260918,23.0,24.36,22.86,23.77,3564052
HMT,20260918,61.49,61.5,60.6,61.32,9036
HMVL,20260918,77.01,81.2,73.48,81.09,129194
HNDFDS,20260918,620.0,629.0,613.0,625.7,57146
HNGSNGBEES,20260918,467.6,467.6,461.4,463.3,56641
HOMEFIRST,20260918,1165.0,1265.0,1158.2,1241.3,873253
HONASA,20260918,458.1,481.5,458.1,479.55,1065010
HONAUT,20260918,33915.0,36485.0,33885.0,35445.0,15555
HONDAPOWER,20260918,1959.9,1975.0,1902.0,1930.3,4755
HORIZONIND,20260918,51.9,54.5,51.89,54.23,2786457
HPAL,20260918,34.83,35.4,34.61,34.76,28109
HPIL,20260918,118.01,123.99,118.0,118.99,737
HPL,20260918,280.35,286.85,279.4,284.3,113357
HRYNSHP,20260918,97.55,101.25,96.1,97.19,1604
HSBCGOLD,20260918,131.01,133.5,130.94,132.91,13418
HSCL,20260918,656.5,678.85,654.1,675.35,2687060
HTEL,20260918,73.75,79.38,71.26,76.77,3939738
HTMEDIA,20260918,24.12,24.7,23.26,23.69,100997
HUBTOWN,20260918,175.0,180.0,174.66,177.69,745087
HUDCO,20260918,170.2,176.5,169.71,174.92,3438429
HUHTAMAKI,20260918,247.1,248.0,241.0,245.0,136211
HYBRIDETF,20260918,9.94,10.0,9.94,10.0,38244
HYBRIDFIN,20260918,16.21,16.81,16.21,16.29,7980
HYUNDAI,20260918,2176.0,2208.8,2155.5,2208.8,764325
IBULLSLTD,20260918,30.0,31.0,29.51,30.39,34084914
ICDSLTD,20260918,58.8,58.8,55.86,56.16,5950
ICEMAKE,20260918,668.0,694.0,668.0,685.6,53006
ICICIAMC,20260918,3085.2,3286.0,3073.7,3206.7,1632087
ICICIB22,20260918,113.12,113.12,111.97,112.46,154083
ICICIBANK,20260918,1351.9,1359.8,1338.9,1338.9,7509409
ICICIGI,20260918,1485.7,1486.8,1458.1,1458.1,925599
ICICIPRULI,20260918,494.0,501.45,491.1,492.0,2240637
ICIL,20260918,436.7,449.0,435.0,447.35,300607
ICRA,20260918,4642.6,4642.6,4525.1,4544.7,33473
IDBI,20260918,82.3,84.89,81.8,83.06,20869049
IDEA,20260918,14.34,14.37,13.92,13.92,350366817
IDEAFORGE,20260918,721.0,734.8,713.55,729.6,103895
IDFCFIRSTB,20260918,86.0,87.17,85.92,85.92,27340008
IDFNIFTYET,20260918,258.31,259.0,255.75,259.0,363
IEX,20260918,113.0,115.46,113.0,115.46,2248423
IFBAGRO,20260918,867.7,899.0,855.1,888.0,3866
IFBIND,20260918,1208.1,1234.9,1208.1,1225.1,22497
IFCI,20260918,77.56,77.97,75.4,76.51,60473703
IFGLEXPOR,20260918,198.62,205.49,197.42,199.03,28261
IGARASHI,20260918,433.7,439.9,428.6,432.35,77496
IGCL,20260918,66.22,68.75,65.15,67.05,121706
IGIL,20260918,318.8,337.9,316.95,330.95,2435441
IGL,20260918,148.5,151.79,148.1,148.56,4539547
IGPL,20260918,554.55,562.15,542.0,550.15,52110
IIFL,20260918,602.0,614.25,598.5,600.2,2243955
IIFLCAPS,20260918,336.9,346.85,336.8,345.1,1665584
IITL,20260918,149.9,149.96,142.0,143.37,110592
IKIO,20260918,206.62,217.9,205.68,210.25,516858
IKS,20260918,1721.0,1795.5,1721.0,1779.9,451923
IL&FSENGG,20260918,39.0,40.95,38.6,40.56,77426
IL&FSTRANS,20260918,1.95,1.95,1.86,1.91,25002
IMAGICAA,20260918,51.43,54.79,51.19,52.82,1607686
IMFA,20260918,1264.1,1290.5,1249.0,1252.2,49098
IMPAL,20260918,1084.0,1112.8,1058.5,1065.6,1932
IMPEXFERRO,20260918,5.58,5.58,5.58,5.58,29142
INA,20260918,88.66,93.5,87.81,91.7,561788
INCREDIBLE,20260918,34.45,34.45,32.12,32.37,3415
INDBANK,20260918,25.7,26.26,25.35,25.56,27153
INDGN,20260918,595.55,611.7,590.5,600.1,469267
INDHOTEL,20260918,725.85,743.0,722.6,732.75,3256156
INDIACEM,20260918,349.45,356.15,342.6,344.8,229613
INDIAGLYCO,20260918,250.1,282.0,250.1,263.7,1678037
INDIAMART,20260918,1651.4,1667.0,1622.4,1646.3,709316
INDIANB,20260918,845.0,848.85,835.0,839.8,1400080
INDIANCARD,20260918,209.0,214.0,209.0,210.0,144
INDIANHUME,20260918,356.3,370.0,355.25,365.3,81339
INDIASHLTR,20260918,673.0,685.0,668.9,681.85,62948
INDIGO,20260918,4925.0,4970.0,4881.0,4920.0,732347
INDIGOPNTS,20260918,1108.9,1108.9,1080.0,1099.7,43988
INDIQUBE,20260918,200.0,202.87,190.9,192.85,81977
INDNIPPON,20260918,1272.0,1279.6,1250.0,1260.0,32358
INDOAMIN,20260918,124.5,128.5,121.7,126.55,36333
INDOBORAX,20260918,466.75,481.65,466.75,472.6,40484
INDOCO,20260918,254.44,259.65,247.0,249.01,205516
INDOFARM,20260918,135.9,137.74,135.02,136.78,92008
INDOKEM,20260918,643.15,668.0,602.0,620.0,13991
INDOMIM,20260918,999.0,1064.0,990.5,1055.9,3925761
INDORAMA,20260918,89.87,93.49,87.43,91.05,1163975
INDOSTAR,20260918,232.69,244.9,227.59,241.05,121475
INDOTECH,20260918,3429.0,3459.0,3350.0,3394.7,8364
INDOTHAI,20260918,33.56,36.5,33.56,33.56,3760631
INDOUS,20260918,78.92,81.2,76.5,78.0,5215
INDOWIND,20260918,9.15,9.15,8.82,8.92,72495
INDPRUD,20260918,6304.5,6304.5,6150.0,6227.5,64
INDRAMEDCO,20260918,360.55,366.9,360.05,362.9,134873
INDSWFTLAB,20260918,377.55,385.15,368.0,373.25,399757
INDTERRAIN,20260918,28.86,29.98,28.12,28.91,57089
INDUSINDBK,20260918,963.8,969.3,955.3,966.3,6250679
INDUSTOWER,20260918,380.9,382.5,375.9,375.9,4696284
INFOBEAN,20260918,151.16,152.4,150.01,151.27,99135
INFOMEDIA,20260918,5.56,5.56,4.91,5.28,35771
INFRA,20260918,11.9,11.9,11.72,11.85,16540
INFRABEES,20260918,933.6,938.0,931.37,935.62,5322
INFRAIETF,20260918,92.74,93.3,92.6,92.96,203080
INFY,20260918,1061.9,1061.9,1038.0,1051.4,22124953
INGERRAND,20260918,4226.0,4275.9,4135.0,4155.7,41603
INNOVACAP,20260918,1150.0,1183.6,1150.0,1179.8,32076
INNOVANA,20260918,300.2,306.0,297.3,303.25,35756
INNOVISION,20260918,254.35,254.8,251.6,253.1,8009
INOXGREEN,20260918,174.64,175.93,170.07,171.32,536646
INOXINDIA,20260918,2030.0,2104.6,2016.0,2098.8,229005
INOXWIND,20260918,74.33,76.8,74.29,76.8,10976663
INSECTICID,20260918,597.55,608.25,597.35,605.6,5335
INSPIRISYS,20260918,85.79,85.79,82.05,83.16,2161
INSUREIETF,20260918,15.13,15.21,15.09,15.11,308060
INTELLECT,20260918,651.7,656.9,641.4,647.45,290091
INTENTECH,20260918,77.46,80.0,76.92,78.14,11763
INTERARCH,20260918,1701.0,1719.9,1684.1,1705.8,35940
INTERNET,20260918,14.56,14.74,14.56,14.72,297012
INTLCONV,20260918,76.49,77.48,76.26,76.6,17876
INVENTURE,20260918,0.89,0.9,0.89,0.89,358172
INVPRECQ,20260918,1375.0,1375.9,1350.0,1357.0,1269
IOB,20260918,32.18,32.32,32.0,32.17,1954679
IOC,20260918,135.02,137.0,134.6,137.0,11505787
IOLCP,20260918,198.5,206.0,195.7,203.15,4695376
IONEXCHANG,20260918,424.35,446.8,423.25,442.3,491666
IPCALAB,20260918,1972.3,2038.0,1964.0,2009.6,527501
IPL,20260918,139.38,140.04,134.1,134.67,496519
IPRINGLTD,20260918,138.5,141.99,137.1,139.95,2570
IRB,20260918,18.99,18.99,18.38,18.48,21372707
IRCON,20260918,107.9,110.75,107.0,109.85,2642536
IRCTC,20260918,458.0,480.0,457.15,476.75,1670118
IREDA,20260918,109.79,114.32,109.21,114.32,5072770
IRFC,20260918,79.32,81.5,79.32,81.5,14377921
IRIS,20260918,240.1,241.8,235.91,238.09,5209
IRISDOREME,20260918,62.85,66.3,61.0,64.58,2408240
IRMENERGY,20260918,278.15,278.15,268.0,270.2,69769
ISFT,20260918,98.97,98.97,88.53,95.16,414668
ISGEC,20260918,773.45,790.0,769.15,786.25,50228
ISHANCH,20260918,50.0,53.25,49.5,51.04,41286
ISTLTD,20260918,661.05,687.8,655.5,663.85,583
IT,20260918,31.67,32.8,31.67,31.94,639140
ITADD,20260918,30.6,30.65,30.36,30.5,25542
ITAXIS,20260918,323.98,323.98,315.39,316.58,2163
ITBEES,20260918,33.1,33.1,31.81,31.94,13607369
ITBETA,20260918,302.28,310.64,301.55,302.55,798
ITC,20260918,266.6,266.6,262.3,262.3,14399150
ITCHOTELS,20260918,154.99,159.5,154.4,158.8,2982731
ITDC,20260918,662.7,667.4,655.6,658.3,46546
ITETF,20260918,30.95,31.0,30.35,30.47,500010
ITI,20260918,254.8,257.45,252.0,256.3,79274
ITIETF,20260918,32.46,32.46,31.83,32.0,825230
ITL,20260918,358.0,371.7,355.0,356.85,1046
IVALUE,20260918,229.0,229.16,218.1,222.03,132240
IVC,20260918,7.79,8.0,7.79,7.9,144297
IVP,20260918,210.71,219.5,210.71,215.04,9157
IVZBANKNF,20260918,55.99,56.37,55.99,56.06,12191
IVZINGOLD,20260918,132.55,134.0,131.9,133.75,33465
IVZINNIFTY,20260918,274.2,274.2,266.9,267.76,209
IVZSENSEX,20260918,74.5,74.6,74.4,74.56,2023
IWP,20260918,35.95,35.95,33.62,34.73,9946
IXIGO,20260918,159.6,167.84,159.6,165.65,3132025
IZMO,20260918,923.0,944.6,913.6,934.35,130243
J&KBANK,20260918,147.6,149.7,145.0,146.58,3653479
JAGRAN,20260918,62.5,62.5,61.5,62.36,110739
JAGSNPHARM,20260918,228.78,230.49,226.0,228.42,48985
JAIBALAJI,20260918,63.55,65.24,63.2,64.48,524099
JAICORPLTD,20260918,93.2,94.8,93.2,94.42,148952
JAINREC,20260918,275.0,278.55,272.0,276.25,555155
JAIPURKURT,20260918,24.7,25.3,24.21,24.85,3279
JAMNAAUTO,20260918,126.6,128.0,122.4,125.03,2670217
JARO,20260918,476.55,477.0,462.15,465.4,98491
JASH,20260918,514.0,527.5,508.9,521.15,166601
JAYAGROGN,20260918,228.3,229.5,225.02,227.39,6086
JAYBARMARU,20260918,114.7,114.7,109.9,111.15,160918
JAYKAY,20260918,158.32,169.75,153.55,167.18,966066
JAYNECOIND,20260918,89.08,89.75,88.6,89.26,1630439
JAYSREETEA,20260918,90.9,91.79,88.5,89.38,31481
JBMA,20260918,593.65,605.0,593.65,599.1,200524
JENBURPH,20260918,985.0,997.0,972.6,979.9,1916
JETFREIGHT,20260918,19.4,22.5,18.4,22.14,1486253
JGCHEM,20260918,593.25,619.95,592.2,612.4,346503
JHS,20260918,8.84,8.84,8.41,8.54,41482
JINDALPHOT,20260918,1129.7,1135.0,1109.8,1125.6,7243
JINDALPOLY,20260918,726.95,735.95,708.9,718.45,16484
JINDALSAW,20260918,293.0,294.8,288.05,289.5,2085677
JINDALSTEL,20260918,1128.9,1140.2,1119.5,1119.5,1056818
JINDRILL,20260918,584.0,599.95,575.25,594.85,269661
JINDWORLD,20260918,49.4,51.5,47.78,49.7,11061999
JIOFIN,20260918,230.0,232.0,229.89,229.89,11847025
JISLDVREQS,20260918,21.29,21.97,20.55,20.94,12202
JISLJALEQS,20260918,31.0,31.9,29.24,30.42,5621238
JITFINFRA,20260918,292.0,293.65,280.4,284.75,18410
JKCEMENT,20260918,5010.0,5139.0,4990.0,5064.5,60794
JKIL,20260918,477.6,488.3,474.8,486.55,65328
JKIPL,20260918,96.17,99.78,95.1,98.6,4652
JKLAKSHMI,20260918,510.4,535.0,510.1,530.2,278231
JKPAPER,20260918,417.0,433.0,416.95,430.6,572207
JKTYRE,20260918,352.25,352.3,344.4,349.35,621396
JLHL,20260918,279.0,285.65,276.2,280.05,240514
JMA,20260918,89.55,93.0,89.55,90.21,11223
JMFINANCIL,20260918,122.75,126.79,122.4,126.3,5637377
JNKINDIA,20260918,412.2,424.0,410.4,413.9,58911
JNPR,20260918,259.8,267.0,256.5,265.15,720178
JOCIL,20260918,147.41,152.35,141.05,145.95,6159
JPOLYINVST,20260918,987.8,988.5,977.0,980.75,1447
JPPOWER,20260918,15.25,15.49,15.17,15.37,37304111
JSFB,20260918,516.7,534.1,514.4,527.3,1405254
JSL,20260918,724.5,754.95,724.5,750.95,2671236
JSLL,20260918,494.4,513.0,494.0,510.4,341598
JSWCEMENT,20260918,117.2,118.1,116.23,117.44,1513300
JSWDULUX,20260918,3099.9,3235.9,3057.1,3188.8,21480
JSWENERGY,20260918,512.0,526.0,509.0,526.0,3397652
JSWHL,20260918,11146.0,11504.0,10931.0,11282.0,3808
JSWINFRA,20260918,329.9,356.95,326.1,348.25,25470641
JSWSTEEL,20260918,1270.1,1278.7,1262.7,1275.6,2378010
JTEKTINDIA,20260918,118.9,121.94,117.15,117.77,217543
JTLIND,20260918,88.01,92.25,86.15,87.67,2943629
JUBLCPL,20260918,2013.3,2043.2,1980.0,2000.1,6169
JUBLFOOD,20260918,483.95,502.0,480.3,500.0,2900829
JUBLINGREA,20260918,638.5,642.6,612.0,624.9,923659
JUBLPHARMA,20260918,1012.1,1086.0,1012.1,1065.4,308313
JUNIORBEES,20260918,778.3,782.0,766.15,781.11,180919
JUNIPER,20260918,217.0,226.48,215.46,224.33,274539
JUSTDIAL,20260918,674.05,684.4,660.2,669.0,174274
JWL,20260918,232.5,233.99,228.16,230.13,1093397
JYOTHYLAB,20260918,193.5,196.6,192.69,195.07,713471
JYOTICNC,20260918,980.85,1065.0,979.0,1049.7,3979254
JYOTIRES,20260918,837.9,856.45,832.7,841.0,2378
JYOTISTRUC,20260918,9.18,9.42,9.09,9.29,4504436
KABRAEXTRU,20260918,640.25,690.0,639.7,681.6,233883
KAJARIACER,20260918,1211.1,1216.9,1197.0,1202.7,194896
KAKATCEM,20260918,107.4,109.9,107.0,107.33,1116
KALAMANDIR,20260918,77.06,78.93,76.56,78.26,532981
KALPATARU,20260918,259.75,279.95,257.2,274.45,59103
KALYANIFRG,20260918,1010.45,1010.45,964.75,975.25,3446
KALYANKJIL,20260918,585.0,588.5,580.0,581.85,5379085
KAMAHOLD,20260918,2288.7,2288.7,2244.1,2249.9,5489
KAMANWALA,20260918,17.8,17.8,16.51,16.51,414
KAMATHOTEL,20260918,220.1,232.38,220.1,229.3,48978
KAMDHENU,20260918,39.0,41.05,39.0,41.05,947462
KAMOPAINTS,20260918,4.45,4.45,4.25,4.39,124231
KANANIIND,20260918,1.43,1.44,1.4,1.42,132727
KANCHI,20260918,389.0,394.5,383.1,386.65,439
KANCOTEA,20260918,55.62,55.62,55.62,55.62,1
KANOHAR,20260918,825.0,855.0,780.1,786.8,7345005
KANORICHEM,20260918,180.25,188.0,176.46,184.11,60692
KANPRPLA,20260918,262.35,262.35,243.9,246.1,26773
KANSAINER,20260918,183.73,185.1,181.6,183.96,672383
KAPSTON,20260918,583.8,589.95,575.85,584.3,40257
KARAMTARA,20260918,369.0,377.9,331.3,355.55,29625649
KARMAENG,20260918,40.2,43.0,39.96,41.27,18883
KARURVYSYA,20260918,334.35,339.85,329.5,332.15,3218547
KAUSHALYA,20260918,831.0,854.0,831.0,833.1,126
KAVDEFENCE,20260918,70.7,74.98,68.06,72.71,225971
KAYA,20260918,326.0,341.0,326.0,341.0,13887
KAYNES,20260918,3528.0,3605.9,3475.0,3515.0,1266788
KCP,20260918,158.12,166.0,156.29,161.95,136817
KCPSUGIND,20260918,29.44,29.85,28.5,29.3,53094
KDDL,20260918,3851.0,3875.0,3820.0,3858.4,7233
KDGREEN,20260918,48.47,50.0,48.01,49.35,44221
KEC,20260918,404.0,409.15,396.65,404.25,1338287
KECL,20260918,119.4,123.54,118.88,122.78,66064
KEEPLEARN,20260918,1.95,1.95,1.84,1.86,16221
KEI,20260918,4560.0,4650.0,4532.0,4650.0,573397
KELLTONTEC,20260918,13.99,13.99,13.4,13.61,1105458
KENNAMET,20260918,4321.6,4399.0,4231.0,4281.5,23629
KERNEX,20260918,1731.9,1743.5,1700.0,1732.5,104121
KESORAMIND,20260918,12.3,12.5,11.88,11.94,423814
KEYFINSERV,20260918,247.95,247.95,240.0,245.95,123
KFINTECH,20260918,900.0,930.0,894.95,930.0,539201
KHADIM,20260918,125.84,125.84,125.2,125.84,43755
KHAICHEM,20260918,50.52,51.5,49.36,49.94,135895
KHAITANLTD,20260918,153.4,156.0,149.0,152.13,3145
KHANDSE,20260918,18.35,18.35,17.89,18.09,894
KICL,20260918,4825.0,5028.0,4825.0,5009.5,2638
KILITCH,20260918,189.9,192.0,189.9,191.45,13725
KIMS,20260918,793.4,819.0,784.0,809.85,1242321
KINGFA,20260918,5907.0,5950.0,5799.0,5828.0,6576
KIOCL,20260918,337.7,344.75,336.0,340.65,77819
KIRANVYPAR,20260918,218.0,218.0,202.5,207.34,1367
KIRIINDUS,20260918,539.0,541.9,528.2,531.75,384478
KIRLFER,20260918,479.75,489.0,474.0,480.65,201207
KIRLOSBROS,20260918,1757.1,1838.6,1757.1,1811.4,50634
KIRLOSENG,20260918,2106.8,2169.9,2106.7,2160.1,473818
KIRLOSIND,20260918,3780.6,3845.9,3680.0,3699.8,21797
KIRLPNU,20260918,695.0,701.85,686.3,698.65,252323
KISSHT,20260918,358.0,373.0,347.0,356.05,4153061
KITEX,20260918,121.3,121.3,119.2,119.5,262500
KJMCFIN,20260918,62.0,63.49,60.51,63.2,620
KKCL,20260918,489.65,490.9,481.6,485.6,9200
KLBRENG-B,20260918,462.35,474.5,455.0,471.0,93229
KMCSHIL,20260918,157.0,158.33,148.0,150.26,467949
KMEW,20260918,2842.3,2920.5,2830.0,2885.6,56943
KMSUGAR,20260918,28.99,29.28,28.16,28.62,136758
KNACK,20260918,184.9,187.97,182.0,182.6,753950
KNAGRI,20260918,204.0,205.78,192.81,196.06,10201
KNRCON,20260918,122.0,125.8,121.11,124.8,3109057
KOHINOOR,20260918,31.2,33.0,30.43,30.55,72393
KOKUYOCMLN,20260918,76.23,78.2,76.11,77.79,18695
KOLTEPATIL,20260918,433.1,438.05,423.0,431.75,117469
KOPRAN,20260918,267.59,282.1,261.1,277.6,2434887
KOTAKBANK,20260918,415.5,419.2,412.5,412.5,15461137
KOTARISUG,20260918,27.0,28.14,26.02,26.97,88916
KOTHARIPET,20260918,132.64,137.98,132.63,136.47,101963
KOTHARIPRO,20260918,64.44,64.99,62.2,63.11,4933
KOTIC,20260918,135.69,152.0,131.6,144.41,87682
KOTYARK,20260918,31.3,31.74,30.75,31.17,80587
KOVAI,20260918,6071.5,6290.0,6071.5,6226.0,3229
KPEL,20260918,212.7,220.99,212.7,216.88,216598
KPIGREEN,20260918,280.0,287.0,276.65,284.45,1041400
KPIL,20260918,1404.9,1457.0,1402.0,1445.5,224766
KPITTECH,20260918,559.3,559.5,532.0,532.0,3944020
KPL,20260918,3471.2,3564.9,3430.1,3471.2,28652
KPRMILL,20260918,1090.0,1154.4,1086.4,1141.4,265730
KRBL,20260918,393.45,398.0,390.3,392.45,358622
KREBSBIO,20260918,56.94,62.8,55.8,57.31,54497
KRIDHANINF,20260918,1.88,1.89,1.82,1.83,6829
KRISHANA,20260918,183.0,185.0,178.34,179.89,358867
KRISHIVAL,20260918,417.5,420.75,411.55,419.3,7573
KRISHNADEF,20260918,1018.6,1033.0,1005.3,1030.0,49863
KRITI,20260918,62.99,62.99,58.91,59.44,30068
KRITIKA,20260918,5.13,5.25,5.13,5.2,65954
KRITINUT,20260918,84.47,84.47,80.61,81.34,6156
KRN,20260918,1434.0,1455.0,1404.8,1446.2,245619
KRONOX,20260918,173.45,175.18,171.7,172.79,26861
KROSS,20260918,244.77,248.77,237.36,239.19,1324987
KRSNAA,20260918,541.05,547.7,533.0,541.15,121588
KRYSTAL,20260918,675.95,685.0,640.25,646.35,46393
KSB,20260918,780.0,819.6,778.35,813.1,277580
KSCL,20260918,703.35,709.7,685.0,696.35,71585
KSE,20260918,179.6,180.0,176.0,178.37,5194
KSHINTL,20260918,1044.4,1076.0,1034.15,1046.95,274277
KSHITIJPOL,20260918,4.2,4.21,4.2,4.2,6675034
KSL,20260918,975.0,983.4,951.55,955.05,67867
KSOLVES,20260918,260.0,262.8,250.4,251.6,55291
KSR,20260918,44.3,44.5,42.09,43.2,26765
KTKBANK,20260918,315.05,317.75,312.2,313.8,1649339
KUANTUM,20260918,76.75,79.68,76.0,78.77,286124
KUSUMGAR,20260918,551.95,594.0,551.95,591.2,504398
KWIL,20260918,40.15,41.45,39.48,41.22,11630941
LADDERUP,20260918,60.05,63.24,59.84,59.84,3727
LAGNAM,20260918,73.0,73.0,68.1,72.34,15924
LAHOTIOV,20260918,39.32,40.48,39.2,39.26,5598
LAKPRE,20260918,5.15,5.15,4.9,4.9,7141
LAKSHMIMIL,20260918,7654.0,7654.0,7654.0,7654.0,1
LAL,20260918,8.96,8.96,8.65,8.86,223610
LALITHAA,20260918,280.0,304.9,277.0,304.9,8505145
LALPATHLAB,20260918,1930.1,1959.4,1885.0,1896.9,477275
LAMBODHARA,20260918,120.0,121.2,118.6,120.21,6550
LANCER,20260918,12.6,12.6,12.0,12.11,346283
LANCORHOL,20260918,36.19,36.96,33.62,35.0,149561
LANDMARK,20260918,488.75,515.0,482.9,504.5,67669
LANDSMILL,20260918,0.57,0.58,0.56,0.56,1697340
LAOPALA,20260918,157.59,164.98,157.12,162.6,310800
LARGEMID50,20260918,35.53,35.56,35.36,35.55,1014
LASERPOWER,20260918,270.5,284.0,270.4,280.75,1116298
LATENTVIEW,20260918,256.05,256.5,253.6,255.35,254240
LATTEYS,20260918,20.34,21.2,20.34,20.69,40204
LAURUSLABS,20260918,1962.0,1982.0,1954.0,1954.0,2655873
LAXMICOT,20260918,13.0,13.28,12.6,12.72,5476
LAXMIDENTL,20260918,199.49,202.0,197.0,197.95,29411
LAXMIINDIA,20260918,124.96,127.5,123.5,126.98,133652
LCCINFOTEC,20260918,3.44,3.44,3.44,3.44,47268
LCCPROJECT,20260918,159.63,163.7,153.09,155.78,11654009
LCL,20260918,527.45,547.05,527.35,538.6,322072
LEAPIND,20260918,137.25,143.02,135.34,140.47,2759097
LEENEE,20260918,7.92,8.2,7.6,7.8,2347
LEMERITE,20260918,18.35,19.54,17.81,18.35,249153
LEMONTREE,20260918,104.12,106.9,104.12,106.47,2070198
LENSKART,20260918,683.0,725.0,677.55,707.2,25690503
LEXUS,20260918,13.75,13.9,12.36,13.0,39290
LFIC,20260918,135.4,136.02,130.21,132.74,2724
LGBBROSLTD,20260918,1718.1,1764.9,1698.6,1730.4,25696
LGEINDIA,20260918,1660.0,1706.9,1658.9,1696.9,1337344
LGHL,20260918,188.95,188.95,180.0,181.12,25458
LIBAS,20260918,12.25,12.9,11.3,12.1,272411
LIBERTSHOE,20260918,215.98,224.0,215.98,221.28,20763
LICHSGFIN,20260918,548.6,552.0,543.6,548.15,2234836
LICI,20260918,400.0,407.7,398.8,407.7,6937082
LICMFGOLD,20260918,137.25,138.1,136.45,137.65,332691
LICNETFGSC,20260918,29.49,29.49,29.02,29.28,6406
LICNETFN50,20260918,260.84,263.39,260.84,263.39,69
LICNETFSEN,20260918,838.75,849.9,833.11,838.84,52
LICNFNHGP,20260918,274.18,274.18,268.0,268.0,361
LICNMID100,20260918,61.69,63.7,61.69,63.34,17461
LIKHITHA,20260918,222.0,230.39,219.0,220.78,62548
LINC,20260918,91.95,93.38,91.0,91.81,5818
LINCOLN,20260918,597.05,612.35,597.05,604.85,18250
LINDEINDIA,20260918,6139.0,6250.0,6116.0,6241.5,20753
LIQGRWBEES,20260918,1055.79,1056.19,1055.79,1056.18,101609
LIQUID,20260918,999.99,1000.0,999.99,999.99,107563
LIQUID1,20260918,1122.94,1125.1,1122.94,1123.38,588053
LIQUIDADD,20260918,1145.45,1145.85,1145.21,1145.47,335850
LIQUIDBEES,20260918,999.99,1000.01,999.99,999.99,6909810
LIQUIDBETF,20260918,1099.5,1099.5,1099.48,1099.49,477228
LIQUIDCASE,20260918,116.01,116.01,115.99,116.0,13211859
LIQUIDETF,20260918,999.99,1000.01,999.99,1000.0,89967
LIQUIDIETF,20260918,1000.0,1000.01,999.99,999.99,841690
LIQUIDPLUS,20260918,1103.9,1103.92,1103.9,1103.91,480177
LIQUIDSBI,20260918,1000.01,1000.01,999.99,999.99,2584
LIQUIDSHRI,20260918,1122.13,1122.15,1122.13,1122.13,5249
LKPSEC,20260918,15.65,15.65,14.75,15.01,9134
LLOYDSENGG,20260918,80.2,82.63,80.2,82.43,2821471
LLOYDSENT,20260918,66.75,69.79,66.75,68.84,1584258
LLOYDSME,20260918,1807.8,1831.5,1799.5,1826.7,342148
LMW,20260918,18249.0,18509.0,17605.0,17759.0,8747
LODHA,20260918,1110.2,1148.8,1108.6,1144.7,4727259
LOKESHMACH,20260918,333.2,352.2,332.9,344.8,15887
LORDSCHLO,20260918,134.0,137.49,132.1,136.06,10327
LOTUSCHO,20260918,564.35,580.0,560.0,575.1,1912
LOTUSDEV,20260918,210.1,216.0,209.05,215.13,557967
LOTUSEYE,20260918,113.12,115.2,113.0,115.1,7112
LOVABLE,20260918,71.5,71.5,69.0,69.67,3538
LOWVOL,20260918,199.5,199.96,199.5,199.64,1007
LOWVOL1,20260918,20.14,20.5,20.14,20.37,30084
LOWVOLIETF,20260918,21.59,21.59,21.32,21.41,4231155
LOYALTEX,20260918,207.0,210.8,197.09,201.35,447
LPDC,20260918,6.3,7.32,6.14,7.07,456816
LT,20260918,3846.0,3898.0,3846.0,3885.0,1547690
LTF,20260918,303.0,314.3,302.5,312.8,4647669
LTFOODS,20260918,420.9,426.45,416.1,423.2,459122
LTGILTBEES,20260918,29.68,29.9,29.67,29.78,1009925
LTGILTCASE,20260918,30.88,30.88,30.1,30.29,228742
LTM,20260918,4245.0,4300.0,4155.0,4275.1,500645
LTTS,20260918,3340.9,3367.9,3286.8,3347.5,103280
LUMAXIND,20260918,5740.0,5917.0,5738.5,5851.0,10193
LUMAXTECH,20260918,2011.3,2118.4,2003.6,2102.7,190451
LUMINO,20260918,109.4,112.9,107.2,111.52,21880189
LUPIN,20260918,2088.1,2114.7,2075.0,2083.0,1194290
LUXIND,20260918,1049.5,1169.9,1049.5,1139.2,279753
LXCHEM,20260918,180.0,182.84,177.22,178.24,922831
LYKALABS,20260918,83.34,83.34,83.34,83.34,23845
M&M,20260918,3082.0,3098.2,3052.0,3052.0,2973119
M&MFIN,20260918,349.85,356.95,347.1,353.3,3129493
MAANALU,20260918,105.85,105.94,103.61,104.77,32914
MACPOWER,20260918,1930.1,2149.0,1930.1,2104.5,237776
MADHAV,20260918,35.9,37.79,35.1,35.46,25672
MADHAVIPL,20260918,7.59,8.15,7.59,7.8,146481
MADHUCON,20260918,3.87,4.07,3.69,4.07,49270
MADRASFERT,20260918,61.4,61.64,60.8,61.28,22335
MAFANG,20260918,238.66,254.0,238.66,248.07,1209212
MAFATIND,20260918,120.9,122.39,119.2,119.56,45441
MAGADSUGAR,20260918,509.85,512.7,497.6,504.75,25380
MAGNUM,20260918,19.53,19.98,18.81,19.19,75187
MAHABANK,20260918,81.6,83.54,81.13,83.54,18030197
MAHAPEXLTD,20260918,54.2,58.8,54.02,54.72,2016
MAHASTEEL,20260918,1180.0,1199.9,1141.9,1141.9,2857
MAHEPC,20260918,103.38,103.8,101.55,102.64,11732
MAHESHWARI,20260918,68.3,71.49,68.28,68.7,2620
MAHKTECH,20260918,21.75,22.9,21.7,21.8,1637716
MAHLIFE,20260918,364.0,371.0,356.85,366.4,140424
MAHLOG,20260918,393.95,394.75,387.4,392.75,101788
MAHSCOOTER,20260918,13217.0,13850.0,13151.0,13729.0,8261
MAHSEAMLES,20260918,724.0,725.9,712.15,717.55,177765
MAITHANALL,20260918,1034.7,1040.6,1006.1,1009.1,55436
MAJESAUT,20260918,366.8,366.8,360.0,363.1,1399
MAKEINDIA,20260918,161.95,162.78,161.75,162.62,56042
MAKERSL,20260918,182.0,195.13,178.2,190.88,1211
MALLCOM,20260918,954.7,974.0,954.7,968.9,1230
MALUPAPER,20260918,31.9,33.08,31.6,32.16,17439
MAMATA,20260918,392.2,405.2,392.2,403.75,39826
MANAKALUCO,20260918,36.3,36.7,35.57,35.87,30354
MANAKCOAT,20260918,129.7,130.6,127.5,129.22,281064
MANAKSIA,20260918,63.57,65.28,62.81,64.26,42702
MANAKSTEEL,20260918,104.46,108.0,104.46,107.58,16755
MANALIPETC,20260918,82.3,83.47,80.95,82.92,884970
MANAPPURAM,20260918,319.0,319.9,310.0,319.15,3822669
MANBA,20260918,135.1,136.9,132.1,133.76,78068
MANCREDIT,20260918,219.5,224.9,217.44,223.39,137124
MANGALAM,20260918,34.4,34.95,32.5,34.26,167646
MANGLMCEM,20260918,1036.6,1041.0,1024.0,1030.8,36083
MANINDS,20260918,825.0,860.5,822.35,851.55,1165509
MANINFRA,20260918,126.0,127.64,124.8,125.64,2921365
MANIPALHOS,20260918,725.0,742.5,725.0,738.95,838917
MANKIND,20260918,2300.0,2329.5,2287.7,2300.7,484552
MANOMAY,20260918,225.0,231.0,224.29,229.68,182888
MANORAMA,20260918,1953.9,1984.0,1924.1,1966.9,97087
MANORG,20260918,450.0,458.85,450.0,456.95,8980
MANUFGBEES,20260918,160.83,160.83,159.55,160.16,3663
MANUGRAPH,20260918,15.04,18.22,15.04,18.09,591694
MANYAVAR,20260918,570.0,570.6,536.0,544.25,2133812
MAPMYINDIA,20260918,889.8,905.2,885.6,899.4,120929
MARALOVER,20260918,60.7,60.7,58.38,59.36,3430
MARATHON,20260918,414.15,419.8,405.25,409.0,86215
MARICO,20260918,820.05,822.45,803.9,803.9,2848872
MARINE,20260918,373.15,382.0,372.95,379.2,395698
MARKOLINES,20260918,172.85,173.98,169.0,169.71,68615
MARKSANS,20260918,321.35,325.85,318.65,320.15,975318
MARSONS,20260918,122.45,132.58,121.76,128.62,5689077
MARUTI,20260918,12350.0,12458.0,12103.0,12103.0,659773
MASFIN,20260918,287.4,290.1,281.0,288.95,360227
MASKINVEST,20260918,143.85,143.85,140.01,143.55,345
MASPTOP50,20260918,108.0,124.59,106.42,124.48,4373919
MASTEK,20260918,1642.9,1642.9,1575.1,1588.2,200770
MASTERTR,20260918,87.2,90.3,87.2,89.74,309406
MATRIMONY,20260918,533.0,538.1,528.45,535.55,5229
MAWANASUG,20260918,126.91,130.44,123.5,128.21,108075
MAXESTATES,20260918,575.0,595.0,575.0,594.0,201561
MAXHEALTH,20260918,1037.0,1059.9,1034.9,1049.3,2098416
MAXIND,20260918,142.62,155.0,141.0,152.69,216930
MAYURUNIQ,20260918,757.4,757.4,740.0,743.4,37518
MAZDA,20260918,260.0,276.0,258.0,266.25,166595
MAZDOCK,20260918,2209.0,2280.0,2205.1,2280.0,850778
MBAPL,20260918,164.6,165.77,158.5,159.82,852099
MBECL,20260918,401.59,401.59,401.59,401.59,1893
MBEL,20260918,252.85,257.4,251.1,252.25,88783
MBLINFRA,20260918,22.19,22.35,21.8,22.29,22105
MCCHRLS-B,20260918,680.0,680.0,648.0,655.0,6059
MCL,20260918,55.0,56.24,55.0,55.94,39011
MCLEODRUSS,20260918,42.22,44.33,42.22,44.33,84730
MCLOUD,20260918,25.19,25.5,25.06,25.3,881659
MCX,20260918,3257.5,3314.9,3230.1,3260.0,2197423
MEDANTA,20260918,1448.7,1520.0,1430.0,1499.4,703445
MEDIASSIST,20260918,323.0,326.55,317.75,324.85,105999
MEDICAMEQ,20260918,344.7,344.7,328.05,328.05,29506
MEDICAPQ,20260918,24.25,25.82,24.0,25.82,3778
MEDICO,20260918,36.36,36.57,34.71,34.89,312783
MEDPLUS,20260918,655.0,665.2,654.0,659.65,87557
MEESHO,20260918,208.48,220.0,208.16,214.44,83376786
MEGASTAR,20260918,280.0,283.9,280.0,281.8,17638
MEIL,20260918,272.55,274.75,270.0,271.85,23180
MENNPIS,20260918,74.78,75.0,72.03,73.79,26549
MENONBE,20260918,311.75,320.0,310.0,316.85,88392
MEP,20260918,0.65,0.65,0.63,0.63,69757
MERCANTILE,20260918,23.48,23.96,22.17,22.7,2852
MERCURYEV,20260918,41.74,41.74,39.11,39.91,456747
METAL,20260918,13.32,13.32,13.0,13.15,3215331
METALIETF,20260918,13.29,13.29,12.97,13.08,3650778
METROBRAND,20260918,955.0,955.0,927.0,940.85,918435
METROGLOBL,20260918,134.5,134.5,132.01,132.01,59
METROPOLIS,20260918,589.9,602.05,582.0,597.45,223299
MFML,20260918,18.66,19.49,18.21,18.83,2179
MFSL,20260918,1538.6,1573.6,1538.0,1559.0,898566
MGEL,20260918,15.6,15.99,15.47,15.64,241973
MGL,20260918,1067.1,1087.5,1066.2,1081.7,196402
MHLXMIRU,20260918,153.9,154.0,146.31,153.97,11934
MHRIL,20260918,195.0,201.0,194.81,199.29,169999
MICEL,20260918,33.39,33.39,33.37,33.37,94790
MID150,20260918,23.2,23.22,22.93,23.18,222934
MID150BEES,20260918,234.88,236.88,233.43,236.52,453893
MID150CASE,20260918,11.6,11.6,11.21,11.51,622348
MIDBANKADD,20260918,17.22,17.75,17.15,17.24,12233
MIDCAP,20260918,18.39,18.39,18.1,18.29,96964
MIDCAPADD,20260918,22.77,24.93,22.77,23.75,1040
MIDCAPBETA,20260918,229.24,230.9,228.95,230.9,5959
MIDCAPETF,20260918,23.13,23.43,23.1,23.37,1444353
MIDCAPIETF,20260918,23.55,23.81,23.45,23.7,934043
MIDHANI,20260918,411.0,421.5,408.85,417.3,1297036
MIDQ50ADD,20260918,24.25,24.56,24.23,24.46,38319
MIDSELIETF,20260918,19.8,19.8,19.44,19.63,169980
MIDSMALL,20260918,51.87,51.87,50.73,51.4,137961
MIDWESTLTD,20260918,980.0,990.8,973.1,980.8,10017
MIIL,20260918,699.5,714.85,689.95,711.35,83235
MILKYMIST,20260918,276.13,283.98,271.5,274.07,5036730
MINALIND,20260918,5.15,5.15,5.15,5.15,7728
MINDACORP,20260918,685.0,696.35,681.4,691.45,90197
MINDTECK,20260918,160.36,160.36,156.81,158.33,19042
MIRZAINT,20260918,29.6,29.98,28.71,29.14,204304
MITCON,20260918,79.03,81.59,79.0,80.01,386
MITTAL,20260918,0.76,0.84,0.74,0.77,4600938
MKEXIM,20260918,67.9,69.87,65.75,67.43,49723
MKPL,20260918,4.07,4.17,3.96,3.97,125960
MLKFOOD,20260918,83.0,86.0,77.11,79.82,3524
MMFL,20260918,618.9,632.95,618.9,628.55,41604
MMP,20260918,472.7,482.8,461.5,466.85,94696
MMTC,20260918,60.14,60.99,60.02,60.27,733798
MMWL,20260918,13.39,13.39,12.76,12.89,11336
MNC,20260918,32.29,32.75,31.89,32.69,79748
MOALPHA50,20260918,55.45,55.88,55.29,55.74,4637
MOBANK10,20260918,16.55,16.66,16.49,16.66,1608
MOBIKWIK,20260918,200.7,213.75,200.5,212.48,5135376
MOCAPITAL,20260918,53.64,53.69,53.05,53.58,811785
MODEFENCE,20260918,103.05,103.6,102.21,103.28,1229387
MODINATUR,20260918,339.95,374.0,339.95,359.05,10638
MODIRUBBER,20260918,123.0,123.4,119.16,120.24,577
MODIS,20260918,351.1,353.85,342.0,352.4,19609
MODISONLTD,20260918,445.0,467.2,442.0,457.6,46210
MODTHREAD,20260918,49.21,50.35,47.0,47.99,5222
MOENERGY,20260918,37.25,38.15,36.78,38.0,38962
MOGOLD,20260918,150.95,151.7,149.85,151.35,22815
MOGSEC,20260918,63.74,65.42,63.74,65.12,764
MOHEALTH,20260918,52.31,52.43,51.66,52.09,230100
MOHITE,20260918,2.44,2.54,2.4,2.45,64284
MOHITIND,20260918,23.99,23.99,23.0,23.62,21043
MOIL,20260918,244.0,245.1,240.98,243.88,344649
MOINFRA,20260918,57.88,58.47,57.88,58.26,772
MOIPO,20260918,48.97,49.65,47.92,48.99,22647
MOKSH,20260918,9.99,10.3,9.95,10.17,406146
MOL,20260918,60.0,63.8,59.6,63.05,1434815
MOLBIO,20260918,1297.1,1314.8,1262.2,1288.3,1435104
MOLDTECH,20260918,193.9,196.84,188.51,192.75,42547
MOLDTKPAC,20260918,661.85,666.05,655.5,658.3,42442
MOLOWVOL,20260918,36.52,36.52,35.31,35.58,1878
MOM100,20260918,66.99,67.3,66.41,66.95,152423
MOM30IETF,20260918,30.95,31.19,30.79,31.08,375419
MOM50,20260918,243.85,252.85,243.82,247.42,1236
MOMENTUM,20260918,30.8,30.87,30.5,30.79,22891
MOMENTUM30,20260918,30.42,30.63,30.31,30.5,14003
MOMENTUM50,20260918,53.2,54.1,53.16,53.97,348067
MOMETAL,20260918,12.95,13.08,12.94,13.04,4082
MOMGF,20260918,159.12,159.64,159.12,159.63,599
MOMIDMTM,20260918,64.4,64.4,63.41,63.9,51049
MOMMIDCAP,20260918,12.78,12.93,12.78,12.9,1400681
MOMNC,20260918,31.56,31.61,31.43,31.54,55646
MOMOMENTUM,20260918,60.84,61.83,60.84,61.55,70539
MOMSBELIEF,20260918,216.04,226.0,213.72,223.73,90045
MON100,20260918,328.44,330.99,325.01,330.33,750532
MON50EQUAL,20260918,32.45,32.5,32.29,32.37,2913
MONARCH,20260918,369.5,370.0,363.2,366.15,96830
MONEXT50,20260918,71.73,72.46,71.6,72.35,2915
MONEYBOXX,20260918,54.49,54.49,54.49,54.49,24084
MONIFTY100,20260918,24.54,25.4,24.54,24.83,5007
MONIFTY500,20260918,23.79,23.79,23.28,23.45,206084
MONQ50,20260918,349.99,396.3,330.26,396.3,2229451
MONTECARLO,20260918,558.7,561.8,547.5,553.05,129704
MOOILGAS,20260918,11.0,11.04,10.9,10.98,3726
MOPSE,20260918,100.87,100.87,97.92,98.73,4247
MOQUALITY,20260918,193.44,195.06,193.05,194.5,690
MOREALTY,20260918,84.26,85.47,83.9,85.27,283299
MOREPENLAB,20260918,120.6,123.45,118.14,120.9,16816327
MOSCHIP,20260918,210.0,211.15,207.91,208.89,1271753
MOSERVICE,20260918,30.12,30.35,30.05,30.35,490
MOSILVER,20260918,229.57,232.3,228.63,231.3,54487
MOSMALL250,20260918,17.94,18.6,17.71,18.41,921766
MOTHERSON,20260918,161.87,165.37,161.84,162.57,19068300
MOTILALOFS,20260918,988.7,1010.0,988.7,1010.0,739629
MOTISONS,20260918,18.25,19.12,17.95,18.3,114189016
MOTOGENFIN,20260918,24.84,27.84,24.84,26.19,68884
MOTOUR,20260918,77.98,78.34,76.18,77.95,34945
MOVALUE,20260918,110.36,111.48,109.04,110.91,33264
MPDL,20260918,28.69,30.0,28.69,30.0,349
MPHASIS,20260918,2322.9,2327.9,2275.0,2300.4,650262
MPIMANIPAL,20260918,348.9,349.95,329.0,341.35,1721733
MPSLTD,20260918,2583.0,2689.9,2560.1,2667.3,8970
MRF,20260918,124900.0,126500.0,123815.0,125670.0,8232
MRPL,20260918,164.36,167.1,162.64,165.38,4824765
MSCI360,20260918,9.88,10.06,9.8,9.96,3868
MSCIADD,20260918,28.74,28.8,28.74,28.8,758
MSCIINDIA,20260918,29.11,29.58,29.03,29.27,9841
MSL,20260918,137.1,145.0,136.22,141.43,649
MSPL,20260918,33.75,34.5,33.36,34.15,596227
MSTCLTD,20260918,715.2,741.45,701.0,724.05,213012
MSUMI,20260918,36.1,36.2,35.38,35.67,31085866
MTARTECH,20260918,7061.0,7250.0,6900.0,7202.0,88193
MTEDUCARE,20260918,1.74,1.79,1.63,1.69,94189
MTNL,20260918,23.78,24.15,23.52,23.8,778801
MUFIN,20260918,132.99,136.0,132.5,133.45,1191673
MUFTI,20260918,75.02,75.02,73.0,73.63,39771
MUKANDLTD,20260918,134.2,136.5,133.52,134.78,48572
MUKESHB,20260918,133.0,133.0,133.0,133.0,1
MUKKA,20260918,28.56,28.76,26.87,26.93,640411
MUKTAARTS,20260918,56.28,57.92,54.31,57.92,605
MULTICAP,20260918,16.0,16.53,16.0,16.48,43331
MUNJALAU,20260918,104.24,105.84,103.46,103.99,237389
MUNJALSHOW,20260918,124.0,126.74,123.21,125.8,20341
MURUDCERA,20260918,29.0,29.0,27.82,28.26,14737
MUTHOOTCAP,20260918,231.62,239.98,231.62,234.28,14019
MUTHOOTFIN,20260918,2796.6,2852.0,2784.3,2841.1,654610
MUTHOOTMF,20260918,188.3,189.9,187.23,189.28,137823
MVELECTRO,20260918,795.0,842.0,776.0,832.75,2320560
MVGJL,20260918,217.0,224.36,212.2,214.47,509506
MWL,20260918,40.17,44.0,40.12,42.52,3022051
MYSORPETRO,20260918,129.39,131.79,124.1,129.99,2567
NACLIND,20260918,148.33,148.88,143.1,146.75,691786
NAGREEKCAP,20260918,29.0,29.0,27.3,28.19,45262
NAGREEKEXP,20260918,21.3,21.95,20.94,21.13,14284
NAHARCAP,20260918,257.95,257.95,245.0,247.5,2151
NAHARINDUS,20260918,131.5,136.9,130.5,131.29,6308
NAHARPOLY,20260918,224.0,228.45,223.0,227.02,2119
NAHARSPING,20260918,278.85,281.35,268.05,269.2,12712
NAM-INDIA,20260918,1128.3,1156.1,1124.1,1155.0,1528510
NARMADA,20260918,13.86,14.0,13.67,13.72,201618
NATCAPSUQ,20260918,176.0,176.0,170.0,171.58,12419
NATCOPHARM,20260918,819.0,822.65,806.9,813.4,489351
NATHBIOGEN,20260918,148.14,149.0,146.5,147.34,54186
NATIONALUM,20260918,359.8,363.2,350.5,350.5,5809441
NATIONSTD,20260918,112.35,112.99,109.0,109.94,6114
NAUKRI,20260918,1265.0,1284.0,1251.2,1251.2,1486135
NAVA,20260918,548.05,571.75,548.05,562.3,664236
NAVINFLUOR,20260918,8257.0,8682.5,8231.5,8590.0,298599
NAVKARCORP,20260918,87.8,89.25,87.26,88.91,302437
NAVKARURB,20260918,0.83,0.84,0.79,0.83,436782
NAVNETEDUL,20260918,124.9,128.44,124.06,126.89,73795
NAZARA,20260918,364.5,377.0,364.5,369.35,3038750
NBCC,20260918,82.4,84.27,82.4,82.4,5214690
NBIFIN,20260918,1960.0,1979.0,1946.0,1970.8,5088
NCC,20260918,135.98,138.92,134.84,137.13,2320130
NCLIND,20260918,172.46,175.0,172.45,174.66,30414
NDGL,20260918,2664.0,2690.0,2600.0,2649.5,359
NDL,20260918,2.82,2.9,2.75,2.78,967406
NDLVENTURE,20260918,123.0,125.38,116.0,123.0,18292
NDRAUTO,20260918,700.0,729.7,700.0,726.0,29831
NDTV,20260918,71.0,73.38,70.9,71.72,77022
NEAGI,20260918,3308.0,3308.0,3308.0,3308.0,1
NECCLTD,20260918,19.25,19.35,18.13,18.97,39219
NECLIFE,20260918,11.19,11.3,10.85,10.98,93255
NELCAST,20260918,107.72,110.09,105.75,108.34,86630
NELCO,20260918,969.55,1019.5,965.3,1011.85,682119
NEOGEN,20260918,2435.0,2498.2,2376.2,2488.4,355984
NEPHROPLUS,20260918,742.0,746.95,735.1,743.35,75741
NESCO,20260918,1088.3,1124.1,1076.0,1111.3,41377
NESTLEIND,20260918,1372.1,1390.0,1332.8,1372.4,3264904
NETF,20260918,251.55,255.25,251.55,254.15,868
NETWEB,20260918,4612.0,4703.5,4587.0,4664.5,1136499
NETWORK18,20260918,26.49,27.17,26.39,27.0,5331335
NEUEON,20260918,11.62,11.7,11.25,11.29,9328
NEULANDLAB,20260918,22700.0,23030.0,22440.0,22840.0,75518
NEWGEN,20260918,493.4,499.3,487.1,497.3,622017
NEXT30ADD,20260918,42.17,42.36,42.06,42.36,7416
NEXT50,20260918,739.38,748.53,736.14,745.6,22861
NEXT50ADD,20260918,72.14,72.57,71.98,72.45,13052
NEXT50BETA,20260918,77.77,78.09,77.03,77.88,122825
NEXT50ETF,20260918,72.03,73.0,72.03,72.85,4546
NEXT50IETF,20260918,76.81,76.81,74.82,76.39,466182
NEXTMEDIA,20260918,3.88,3.88,3.79,3.82,1241
NFL,20260918,66.99,67.41,66.5,66.79,382639
NGIL,20260918,36.33,38.43,35.94,38.04,33418
NGLFINE,20260918,2728.8,2780.0,2670.1,2768.2,11325
NH,20260918,1859.0,1940.0,1859.0,1928.5,271767
NHPC,20260918,75.2,76.95,75.09,76.95,18275311
NIACL,20260918,196.76,196.76,186.0,187.66,9375719
NIBE,20260918,1252.9,1305.0,1228.3,1287.0,46108
NIBL,20260918,30.36,31.68,29.5,30.97,10685
NICCOPAR,20260918,82.99,82.99,78.0,80.45,5480
NIF100BEES,20260918,259.46,261.1,259.45,260.72,7950
NIF100IETF,20260918,27.3,27.52,27.26,27.4,41367
NIF500BETA,20260918,36.66,36.7,36.51,36.66,29211
NIFTY1,20260918,261.71,261.71,258.81,259.67,68356
NIFTY100EW,20260918,34.78,34.8,34.19,34.31,68217
NIFTYADD,20260918,246.45,247.02,245.3,246.79,4027
NIFTYAXIS,20260918,258.96,259.39,258.09,259.23,8771
NIFTYBEES,20260918,267.89,267.89,265.94,266.53,3645562
NIFTYBETA,20260918,259.0,261.99,258.35,259.77,2607269
NIFTYBETF,20260918,240.7,241.19,239.23,240.79,3374
NIFTYCASE,20260918,9.59,9.59,9.35,9.37,503818
NIFTYETF,20260918,254.8,255.02,253.61,254.51,142854
NIFTYIETF,20260918,268.5,268.5,264.37,265.13,397456
NIFTYJBLK,20260918,12.23,12.23,11.94,11.98,100363
NIFTYQLITY,20260918,20.88,20.88,20.5,20.61,10693
NIITLTD,20260918,87.88,94.3,86.8,91.57,391257
NIITMTS,20260918,225.5,225.66,214.49,217.16,402242
NILAINFRA,20260918,6.64,6.69,6.41,6.63,201803
NILASPACES,20260918,12.48,12.72,12.13,12.3,1810089
NILE,20260918,1493.0,1493.0,1455.0,1462.2,1434
NILKAMAL,20260918,1904.6,1934.0,1844.2,1887.5,25774
NIMBSPROJ,20260918,192.89,192.91,178.02,185.46,10487
NINSYS,20260918,714.5,714.5,702.1,707.5,807
NIPPOBATRY,20260918,327.0,327.0,315.2,319.8,1463
NIRAJ,20260918,27.06,28.73,27.06,27.74,7255
NIRAJISPAT,20260918,285.0,285.0,285.0,285.0,30
NIRLON,20260918,600.0,604.95,596.05,600.4,1961
NITCO,20260918,85.95,88.46,85.12,87.0,417793
NITINSPIN,20260918,617.0,634.9,613.05,619.2,58258
NITIRAJ,20260918,233.0,236.7,227.5,232.01,3238
NITTAGELA,20260918,1794.1,1794.1,1690.2,1711.4,5804
NIVABUPA,20260918,79.85,80.45,79.01,79.59,1273196
NLCINDIA,20260918,264.2,269.7,262.55,268.8,2578554
NMDC,20260918,81.38,81.7,79.15,79.15,18919633
NOCIL,20260918,187.3,196.87,186.34,194.56,1732771
NOIDATOLL,20260918,3.94,4.04,3.87,4.0,26530
NORBTEAEXP,20260918,64.13,66.9,64.13,65.5,1847
NORTHARC,20260918,311.9,315.5,308.55,313.6,1062365
NOVAAGRI,20260918,22.7,23.39,22.11,22.9,38579
NOVARTIND,20260918,2082.2,2154.9,2006.0,2046.8,76794
NPBET,20260918,283.11,283.45,283.0,283.0,8
NPST,20260918,1857.1,1899.5,1803.1,1828.5,139085
NRAIL,20260918,620.2,640.8,601.5,625.2,18686
NRBBEARING,20260918,474.0,534.9,472.6,525.5,9738086
NRL,20260918,136.73,143.98,132.9,143.67,210713
NSIL,20260918,5400.0,5550.0,5400.0,5507.5,2466
NSLNISP,20260918,41.8,43.04,41.33,42.6,6294350
NTCIND,20260918,132.03,136.0,132.03,132.85,747
NTPC,20260918,329.8,330.85,323.65,323.65,9448827
NTPCGREEN,20260918,88.5,88.95,86.91,88.55,4164366
NUCLEUS,20260918,700.0,709.0,683.0,686.25,14849
NURECA,20260918,330.0,348.95,327.15,345.95,28818
NUVAMA,20260918,1700.0,1720.0,1689.5,1713.7,265082
NUVOCO,20260918,318.05,333.5,318.05,328.6,629989
NV20,20260918,13.84,13.84,13.46,13.58,58601
NV20BEES,20260918,135.72,136.11,134.86,135.32,22134
NV20IETF,20260918,13.22,13.29,13.14,13.2,328699
NYKAA,20260918,324.15,332.15,322.7,332.15,4424240
OAL,20260918,513.8,528.9,510.0,514.15,22259
OBCL,20260918,55.82,58.0,55.1,57.02,5689
OBEROIRLTY,20260918,1730.1,1785.0,1721.0,1785.0,766762
OCCLLTD,20260918,156.5,159.0,150.6,154.09,17991
ODIGMA,20260918,20.95,21.44,20.95,21.0,20873
ODYCORP,20260918,7.18,7.18,6.25,7.07,41164
OFSS,20260918,11648.0,11896.0,11515.0,11896.0,162844
OIL,20260918,479.0,482.8,472.0,475.7,3703547
OILCOUNTUB,20260918,65.54,65.54,65.54,65.54,44331
OILIETF,20260918,11.03,11.19,11.01,11.14,690859
OLAELEC,20260918,36.8,37.0,36.02,36.39,48738061
OLECTRA,20260918,1183.0,1206.4,1183.0,1198.8,174712
OMAXAUTO,20260918,175.09,185.01,174.04,182.16,85580
OMAXE,20260918,120.96,123.0,116.41,117.31,744348
OMFREIGHT,20260918,86.0,87.79,84.0,85.16,4094
OMINFRAL,20260918,80.91,80.91,77.9,78.33,54641
OMNI,20260918,569.95,588.0,544.8,556.15,6045799
OMPOWER,20260918,167.53,175.4,167.11,172.37,71555
ONEGLOBAL,20260918,550.45,550.45,525.05,538.75,3309
ONELIFECAP,20260918,32.91,34.1,32.91,34.02,21388
ONEPOINT,20260918,59.14,60.2,58.66,59.64,579627
ONESOURCE,20260918,1575.0,1634.8,1575.0,1594.9,335793
ONGC,20260918,232.43,234.32,231.75,232.8,11146237
ONIDA,20260918,32.28,33.4,32.23,32.89,453556
ONIXSOLAR,20260918,357.4,357.4,357.4,357.4,6099
ONMOBILE,20260918,51.31,51.31,48.75,48.81,98825
ONWARDTEC,20260918,289.9,297.0,286.05,287.2,13769
OPTIEMUS,20260918,614.0,622.7,585.6,590.1,190406
OPTIFIN,20260918,14.99,14.99,13.8,14.01,61040
ORBTEXP,20260918,224.0,234.4,224.0,229.82,1710
ORCHASP,20260918,1.41,1.43,1.37,1.4,375577
ORCHPHARMA,20260918,958.05,999.0,958.05,989.7,56527
ORICONENT,20260918,51.06,53.88,51.06,52.75,17128
ORIENTALTL,20260918,4.98,5.03,4.93,4.96,55364
ORIENTBELL,20260918,394.05,396.0,383.0,393.25,10141
ORIENTCEM,20260918,122.03,126.2,121.83,124.55,2828940
ORIENTCER,20260918,46.89,46.9,45.62,46.52,53405
ORIENTELEC,20260918,170.68,170.68,166.25,167.36,123188
ORIENTHOT,20260918,142.0,144.69,140.15,143.45,1243314
ORIENTLTD,20260918,79.55,84.99,79.55,80.82,1086
ORIENTPPR,20260918,17.3,17.51,16.99,17.2,191461
ORIENTTECH,20260918,236.47,239.24,235.01,236.35,156550
ORIRAIL,20260918,119.23,120.41,116.3,117.09,33351
ORISSAMINE,20260918,4020.0,4051.0,3800.1,3821.2,28276
ORKLAINDIA,20260918,576.3,604.25,575.0,595.65,71578
ORTINGLOBE,20260918,15.7,16.68,15.67,15.83,8090
OSIAHYPER,20260918,2.24,2.27,2.16,2.24,225631
OSWALAGRO,20260918,35.99,35.99,33.22,33.88,56597
OSWALGREEN,20260918,19.2,19.95,18.76,19.44,107196
OSWALPUMPS,20260918,274.8,280.7,270.45,278.1,271449
OSWALSEEDS,20260918,14.0,14.35,13.55,13.72,109264
PACEDIGITK,20260918,155.26,158.38,154.5,156.17,521729
PACIFICI,20260918,147.99,147.99,147.99,147.99,1
PAGEIND,20260918,34990.0,36400.0,34900.0,36400.0,32020
PAISALO,20260918,91.0,91.0,88.75,89.51,25898908
PAKKA,20260918,75.55,79.8,75.55,78.56,45964
PALASHSECU,20260918,86.11,88.5,86.1,86.11,305
PALREDTEC,20260918,46.01,46.13,46.01,46.1,161
PANACEABIO,20260918,373.0,375.8,359.9,367.9,119782
PANACHE,20260918,515.0,522.2,515.0,522.2,3474
PANAMAPET,20260918,455.7,472.4,455.7,470.2,166705
PANCHMAHQ,20260918,295.0,301.0,295.0,296.4,38
PANORAMA,20260918,52.3,54.0,52.0,53.26,171382
PANSARI,20260918,280.0,285.0,262.9,284.95,1081
PAR,20260918,134.39,139.94,134.0,136.6,29278
PARACABLES,20260918,60.75,62.5,60.75,62.02,1236571
PARADEEP,20260918,154.0,156.56,153.06,155.62,2314244
PARAGMILK,20260918,265.5,272.4,263.5,268.5,1521408
PARAS,20260918,1375.0,1397.7,1366.4,1372.7,613001
PARASPETRO,20260918,2.16,2.23,2.13,2.14,180581
PARKHOSPS,20260918,279.4,284.3,271.2,282.05,1071510
PARKHOTELS,20260918,108.0,109.89,106.6,107.38,147877
PARNAXLAB,20260918,130.0,130.0,124.0,128.2,1756
PARSVNATH,20260918,1.84,1.84,1.84,1.84,20372
PASHUPATI,20260918,84.9,84.9,79.5,80.26,350867
PASUPTAC,20260918,70.65,71.89,69.2,69.98,130798
PATANJALI,20260918,353.05,367.0,353.05,367.0,1999903
PATELENG,20260918,25.96,26.29,25.48,25.62,2871181
PATELRMART,20260918,204.89,206.9,203.42,205.77,19068
PATINTLOG,20260918,14.15,14.25,13.71,14.0,72909
PAUSHAKLTD,20260918,719.9,730.75,708.0,716.35,16660
PAVNAIND,20260918,15.0,15.88,14.96,15.67,69294
PAYTM,20260918,1795.4,1849.9,1765.0,1849.9,4640337
PBMPOLY,20260918,67.0,67.0,60.08,65.0,146
PCBL,20260918,332.0,338.0,328.75,336.7,1255857
PCJEWELLER,20260918,12.51,13.04,12.37,12.72,332313201
PDMJEPAPER,20260918,103.5,103.94,100.43,101.59,236098
PDSL,20260918,346.95,353.3,345.3,351.15,69980
PEARLPOLY,20260918,17.36,17.36,16.16,17.09,9783
PENIND,20260918,170.45,172.4,168.58,171.43,219229
PENINLAND,20260918,15.86,16.0,15.1,15.36,101308
PERMAGN,20260918,829.0,855.95,820.0,848.15,6294
PERNIASPOP,20260918,554.4,554.4,537.0,546.45,102495
PERSISTENT,20260918,5476.0,5500.0,5389.0,5416.0,494682
PETRONET,20260918,284.85,292.6,284.1,292.6,3218273
PFC,20260918,345.0,347.1,342.55,342.55,11369930
PFIZER,20260918,4054.9,4054.9,3972.7,4002.4,42189
PFOCUS,20260918,335.0,347.25,334.9,344.35,5344944
PFS,20260918,26.58,26.79,26.07,26.17,503737
PGEL,20260918,529.35,541.45,529.15,529.15,570498
PGHH,20260918,7673.5,7680.0,7432.0,7486.0,66505
PGHL,20260918,5455.0,5529.0,5434.0,5503.5,5754
PGIL,20260918,1134.1,1157.2,1122.2,1146.1,101084
PHARMABEES,20260918,27.88,27.88,27.36,27.5,3520516
PHOENIXLTD,20260918,1880.0,1923.2,1877.9,1877.9,421506
PHOENXINTL,20260918,28.91,29.48,28.0,29.0,1414
PICCADIL,20260918,600.55,606.9,585.95,589.4,174176
PIDILITIND,20260918,1559.9,1598.9,1559.9,1572.1,1142486
PIGL,20260918,99.76,102.77,99.11,99.49,20728
PIIND,20260918,2307.0,2366.8,2302.5,2366.8,558327
PILANIINVS,20260918,4086.0,4119.9,4050.0,4067.0,1314
PILITA,20260918,7.85,7.85,7.37,7.48,128245
PINELABS,20260918,185.0,198.65,183.16,192.04,66808323
PIONEEREMB,20260918,21.5,22.0,20.25,21.95,13799
PIONRINV,20260918,76.11,79.55,76.11,79.55,430
PIRAMALFIN,20260918,2260.0,2324.5,2246.8,2300.2,529289
PITTIENG,20260918,1144.0,1178.8,1138.7,1146.1,157561
PIXTRANS,20260918,1724.6,1749.0,1723.1,1741.1,4141
PKTEA,20260918,921.25,966.5,904.0,910.0,10797
PLASTIBLEN,20260918,187.5,187.92,185.75,186.63,5737
PLATIND,20260918,211.13,215.5,210.24,214.05,53556
PLAZACABLE,20260918,62.2,63.0,61.0,61.06,75948
PML,20260918,494.95,498.95,491.0,496.15,41
PNB,20260918,117.0,117.5,116.5,117.27,16061334
PNBGILTS,20260918,79.3,80.0,77.96,79.18,317177
PNBHOUSING,20260918,1105.2,1138.3,1103.0,1133.1,1328599
PNC,20260918,16.02,17.89,16.02,16.86,122675
PNCINFRA,20260918,139.66,141.21,135.71,138.87,2445538
PNGJL,20260918,606.9,610.0,596.75,604.75,323988
PNGSREVA,20260918,491.8,507.05,491.1,495.75,49612
POCL,20260918,470.0,476.0,461.1,469.95,298950
PODDARMENT,20260918,270.6,284.4,270.6,284.15,1124
POEL,20260918,139.1,142.42,136.5,137.16,20393
POKARNA,20260918,742.0,760.0,740.0,746.85,86007
POLICYBZR,20260918,1770.0,1798.0,1743.0,1743.0,1368411
POLYCAB,20260918,8256.0,8400.0,8235.0,8400.0,417221
POLYMED,20260918,1705.7,1748.0,1704.5,1726.0,150328
POLYPLEX,20260918,1091.5,1093.9,1071.2,1079.3,65825
POLYSPIN,20260918,28.25,29.65,28.25,29.6,1363
PONNIERODE,20260918,356.4,361.25,351.6,356.6,9320
POONAWALLA,20260918,434.0,492.0,434.0,479.4,7163603
POWERGRID,20260918,264.6,270.3,263.4,270.3,17896733
POWERICA,20260918,558.8,581.0,558.8,576.3,141360
POWERINDIA,20260918,31490.0,32700.0,31450.0,32700.0,125521
POWERMECH,20260918,2345.2,2392.0,2336.6,2371.4,37848
PPAP,20260918,235.0,244.95,233.0,240.6,7134
PPL,20260918,271.95,278.0,268.0,268.6,9993
PPLPHARMA,20260918,204.45,210.1,204.45,208.16,2926602
PRABHA,20260918,220.1,236.88,220.1,233.01,262939
PRADPME,20260918,450.0,464.5,447.75,453.5,3004
PRAENG,20260918,22.94,22.94,22.26,22.69,11386
PRAJIND,20260918,317.1,320.0,314.15,316.05,412461
PRAKASH,20260918,117.6,119.49,116.93,118.51,371984
PRAKASHSTL,20260918,3.78,3.84,3.5,3.65,85881
PRANAV,20260918,110.51,111.59,106.08,107.55,5313844
PRASOLCHEM,20260918,679.0,734.9,675.3,703.4,1150866
PRAVEG,20260918,250.9,253.35,246.0,247.45,37176
PRAXIS,20260918,4.25,4.29,3.91,4.09,101700
PRECAM,20260918,113.83,117.6,113.44,116.41,69491
PRECOT,20260918,654.9,693.8,654.55,659.65,1317
PRECWIRE,20260918,450.0,488.9,448.55,478.4,1840592
PREMCO,20260918,397.9,404.0,396.25,400.1,209
PREMEXPLN,20260918,668.4,670.9,668.1,668.25,60147
PREMIER,20260918,2.68,2.78,2.56,2.78,24991
PREMIERENE,20260918,880.0,905.8,878.3,902.0,3106714
PREMIERPOL,20260918,82.55,84.9,80.05,81.43,131946
PRESTIGE,20260918,1447.0,1471.6,1435.1,1435.1,562624
PRICOLLTD,20260918,752.5,778.0,752.05,767.5,280279
PRIMESECU,20260918,296.5,301.0,289.0,296.85,24904
PRIMO,20260918,21.46,21.95,21.25,21.35,58854
PRINCEPIPE,20260918,259.7,274.9,257.55,269.8,268881
PRIORITY,20260918,219.89,232.22,217.1,232.06,229769
PRISMX,20260918,0.55,0.56,0.53,0.55,63127
PRITI,20260918,34.49,34.49,33.0,33.43,3423
PRITIKAUTO,20260918,14.45,14.99,14.45,14.82,71658
PRIVISCL,20260918,3474.0,3503.9,3435.4,3444.9,27058
PROSTARM,20260918,130.5,132.33,128.5,129.53,162723
PROTEAN,20260918,492.0,495.0,487.3,490.3,138117
PROZONER,20260918,53.59,53.98,52.1,53.17,159033
PRSMJOHNSN,20260918,113.44,118.48,113.18,117.05,685410
PRUDENT,20260918,3309.7,3544.1,3309.7,3501.6,57792
PRUDMOULI,20260918,14.68,14.75,14.1,14.27,1006
PSB,20260918,21.9,22.24,21.65,22.1,1335054
PSPPROJECT,20260918,819.2,820.0,799.0,810.1,59163
PSUBANK,20260918,82.9,83.49,82.61,83.0,73566
PSUBANKADD,20260918,83.39,84.44,83.39,84.28,13145
PSUBNKBEES,20260918,93.3,93.3,92.25,92.65,675075
PSUBNKIETF,20260918,84.0,84.69,83.75,84.34,111967
PTC,20260918,156.45,157.0,153.8,156.23,1628957
PTCIL,20260918,22835.0,23395.0,22700.0,22805.0,28545
PTL,20260918,38.49,38.75,38.1,38.33,49373
PUNJABCHEM,20260918,1063.4,1090.9,1058.0,1075.7,8955
PURVA,20260918,218.85,219.32,211.21,213.43,298969
PVP,20260918,58.2,59.8,57.7,59.28,618141
PVRINOX,20260918,1277.5,1339.8,1270.0,1324.7,1050636
PVSL,20260918,99.5,105.79,98.0,98.77,24445
PVTBANIETF,20260918,27.58,27.83,27.55,27.7,2501679
PVTBANK,20260918,27.3,27.43,27.3,27.32,2060
PVTBANKADD,20260918,27.73,27.99,27.68,27.86,106460
PVTBKGROWW,20260918,27.11,27.7,27.11,27.7,4283
PWL,20260918,128.0,137.5,128.0,136.6,20005965
PYRAMID,20260918,155.69,157.0,153.64,154.49,17225
QGOLDHALF,20260918,125.99,127.18,125.75,126.67,110831
QMSMEDI,20260918,171.99,177.36,168.92,177.36,86775
QNIFTY,20260918,259.9,259.9,255.0,257.62,1691
QPOWER,20260918,1498.0,1544.0,1489.9,1536.1,298373
QUADFUTURE,20260918,519.7,554.4,516.2,528.2,1647848
QUAL30IETF,20260918,20.33,20.79,20.3,20.35,136727
QUALITY30,20260918,20.01,20.04,19.91,19.92,11801
QUESS,20260918,355.0,355.1,345.1,351.65,799867
QUICKHEAL,20260918,153.98,158.89,151.2,152.46,136800
QUINT,20260918,67.52,70.02,58.56,70.02,668824
RACE,20260918,96.92,97.42,96.66,96.8,11689
RACLGEAR,20260918,1844.0,1844.0,1750.0,1760.9,49043
RADAAN,20260918,2.9,2.9,2.75,2.8,12431
RADHIKAJWE,20260918,68.75,71.52,66.0,71.24,703327
RADIANTCMS,20260918,36.0,36.69,35.26,35.42,252590
RADICO,20260918,4381.0,4535.4,4381.0,4535.4,371544
RADIOCITY,20260918,6.2,6.2,6.0,6.01,16349
RAILTEL,20260918,260.5,266.9,258.3,265.0,631938
RAIN,20260918,203.0,209.0,202.41,206.92,2370944
RAINBOW,20260918,1473.4,1494.9,1447.4,1454.7,99805
RAJESHEXPO,20260918,73.5,76.99,69.76,70.83,1392319
RAJMET,20260918,3.15,3.16,3.09,3.15,227668
RAJOOENG,20260918,53.98,54.18,51.3,52.99,145991
RAJPALAYAM,20260918,787.7,798.85,765.2,790.65,350
RAJRATAN,20260918,440.3,461.25,440.3,452.6,152140
RAJRILTD,20260918,21.0,21.46,20.71,20.82,5414
RAJSREESUG,20260918,31.99,32.24,31.4,31.87,21536
RAJTV,20260918,8.73,8.78,8.4,8.6,26834
RALLIS,20260918,204.0,204.74,202.0,203.8,510589
RAMANEWS,20260918,30.4,31.9,30.4,31.33,27396
RAMAPHO,20260918,116.7,121.88,116.7,120.87,11362
RAMASTEEL,20260918,4.19,4.31,4.04,4.28,4510946
RAMBHAJO,20260918,272.18,292.78,265.01,290.85,1439325
RAMCOCEM,20260918,857.5,881.95,857.5,869.75,212951
RAMCOIND,20260918,320.9,334.8,316.0,332.1,174010
RAMCOSYS,20260918,563.0,570.0,557.0,567.25,51781
RAMKY,20260918,319.4,324.8,317.0,319.35,46321
RAMRAT,20260918,561.0,564.8,552.65,554.75,145032
RANASUG,20260918,14.61,14.74,14.26,14.43,403187
RANEHOLDIN,20260918,1618.9,1620.0,1530.9,1598.4,45929
RATEGAIN,20260918,865.8,873.85,850.1,858.4,539083
RATNAMANI,20260918,2702.6,2897.4,2701.6,2859.1,64084
RATNAVEER,20260918,305.75,331.95,297.8,299.25,9860141
RAYMOND,20260918,982.0,1008.65,970.0,978.0,2069600
RAYMONDLSL,20260918,659.9,665.95,645.05,648.35,123035
RAYMONDREL,20260918,587.0,602.35,584.8,588.3,381357
RBA,20260918,96.29,96.49,94.0,95.12,9653090
RBLBANK,20260918,406.15,415.9,405.0,415.9,3792806
RBZJEWEL,20260918,169.99,175.0,164.0,173.0,55458
RCF,20260918,109.9,110.28,107.6,109.08,961339
RCOM,20260918,0.92,0.93,0.92,0.92,2091623
RECLTD,20260918,311.0,313.4,309.05,312.0,4686436
REDINGTON,20260918,405.0,413.2,396.25,399.85,10809796
REDTAPE,20260918,118.65,119.49,115.91,117.35,428381
REFEX,20260918,270.0,277.6,269.95,271.85,220185
REGAAL,20260918,79.9,86.16,79.89,84.03,391644
REGENCERAM,20260918,34.7,34.7,32.0,32.55,3522
RELAXO,20260918,314.25,315.0,289.25,291.25,2052973
RELCHEMQ,20260918,120.0,123.8,116.0,119.7,4528
RELIABLE,20260918,137.44,142.0,135.61,140.2,7570
RELIANCE,20260918,1245.0,1247.3,1226.4,1226.4,15122715
RELIGARE,20260918,250.7,255.0,247.91,253.02,365894
RELINFRA,20260918,51.01,51.5,49.99,49.99,505392
RELTD,20260918,148.0,148.92,144.91,147.59,88630
REMSONSIND,20260918,95.06,103.0,94.81,98.66,290021
RENTOMOJO,20260918,570.0,581.95,492.1,512.75,35242382
RENUKA,20260918,22.85,23.32,22.35,23.06,10903563
REPCOHOME,20260918,348.9,356.9,345.1,354.5,65528
REPL,20260918,60.33,60.33,57.0,58.12,3161
REPRO,20260918,297.05,307.5,296.0,305.25,5649
RESPONIND,20260918,159.08,160.93,157.0,159.18,195728
RETAIL,20260918,16.66,18.38,16.66,17.69,18976
RGL,20260918,155.7,158.6,152.3,153.4,352268
RHETAN,20260918,19.57,19.57,19.57,19.57,614120
RHFL,20260918,1.74,1.78,1.7,1.74,846709
RHIM,20260918,365.95,371.5,365.0,368.7,154535
RHL,20260918,178.5,182.75,169.02,179.55,8021
RICOAUTO,20260918,128.04,131.19,127.02,130.58,724126
RIIL,20260918,703.0,709.0,700.05,703.15,22641
RIR,20260918,203.0,213.94,196.2,198.93,14823429
RISHABH,20260918,778.35,783.8,759.55,764.7,72318
RITCO,20260918,300.0,300.0,289.65,291.45,43385
RITES,20260918,205.5,211.2,204.3,207.23,523244
RKDL,20260918,18.21,18.7,18.21,18.49,14459
RKEC,20260918,18.53,18.99,18.03,18.13,36623
RKFORGE,20260918,709.0,728.0,705.45,724.1,469398
RKSWAMY,20260918,90.25,90.69,88.21,89.4,15782
RMC,20260918,232.29,234.21,223.21,228.18,36568
RMDRIP,20260918,23.0,23.44,21.99,22.19,508940
RML,20260918,1281.8,1340.0,1248.2,1324.5,89211
RNBDENIMS,20260918,9.4,9.6,8.92,8.96,298753
ROHLTD,20260918,303.4,308.15,298.0,304.9,14584
ROLEXRINGS,20260918,170.86,172.99,169.02,172.08,832907
ROLLT,20260918,5.55,5.71,5.18,5.71,1509760
ROML,20260918,41.0,42.23,41.0,41.35,1373
ROSSARI,20260918,445.0,445.0,434.55,437.95,57950
ROSSELLIND,20260918,54.38,55.65,50.43,52.64,144635
ROSSTECH,20260918,1370.0,1464.9,1350.0,1374.3,911139
ROTO,20260918,63.45,65.6,62.37,62.68,207373
ROUTE,20260918,490.3,490.7,457.6,464.4,1118251
RPEL,20260918,1646.1,1678.6,1615.1,1652.4,80692
RPGLIFE,20260918,2824.5,2882.9,2742.2,2802.4,17373
RPOWER,20260918,21.05,21.32,20.9,21.13,21881312
RPPINFRA,20260918,54.48,54.99,53.45,53.81,44911
RPPL,20260918,21.51,21.6,20.24,20.24,68559
RPSGVENT,20260918,839.95,854.95,832.75,843.45,24246
RPTECH,20260918,806.8,817.0,790.25,798.05,162620
RRECL,20260918,130.01,147.0,130.0,138.89,1174
RRIL,20260918,16.04,16.28,15.36,15.55,36153
RRKABEL,20260918,2390.0,2457.0,2382.6,2450.8,373286
RSDFIN,20260918,90.0,97.4,88.42,92.87,596
RSL,20260918,183.33,185.34,178.75,181.21,149175
RSSOFTWARE,20260918,29.7,30.69,29.7,30.26,5384
RSWM,20260918,215.95,222.95,211.0,220.4,118034
RSYSTEMS,20260918,246.4,247.0,241.47,242.15,107484
RTNINDIA,20260918,26.4,26.75,26.33,26.54,1216905
RTNPOWER,20260918,7.06,7.19,7.01,7.14,19172063
RTSPOWR,20260918,89.95,89.95,85.05,87.28,1654
RUBFILA,20260918,65.77,68.3,65.01,67.36,53768
RUBICON,20260918,1778.9,1827.5,1736.2,1751.1,470413
RUBYMILLS,20260918,458.1,479.0,438.1,467.1,40821
RUCHINFRA,20260918,5.27,5.27,5.1,5.2,58791
RUCHIRA,20260918,108.9,109.44,108.0,108.84,25087
RUDRA,20260918,20.9,21.0,20.0,20.68,180289
RUPA,20260918,134.36,138.0,133.72,137.16,129316
RUSHIL,20260918,15.83,18.3,15.35,17.26,1882573
RUSTOMJEE,20260918,343.0,356.2,341.7,353.75,78181
RVHL,20260918,39.66,40.37,38.31,39.48,1514
RVNL,20260918,201.8,214.29,200.78,214.29,9469057
RVTH,20260918,670.05,724.9,670.0,697.3,995
S&SPOWER,20260918,325.35,334.6,318.0,319.0,2414
SAATVIKGL,20260918,404.05,413.55,400.0,411.8,95137
SAB,20260918,174.15,174.15,174.15,174.15,29
SADBHAV,20260918,7.61,7.89,7.57,7.73,118102
SADBHIN,20260918,2.5,2.58,2.45,2.54,75422
SADHNANIQ,20260918,2.8,2.8,2.75,2.75,623198
SAFARI,20260918,1506.6,1525.6,1465.0,1501.0,111608
SAGARDEEP,20260918,23.51,24.49,23.51,23.62,2092
SAGCEM,20260918,149.59,154.18,149.59,151.79,55093
SAGILITY,20260918,44.59,46.23,44.59,45.66,17450697
SAHLIBHFI,20260918,76.4,79.7,75.0,76.56,17392
SAHYADRI,20260918,366.6,369.05,360.45,365.35,3344
SAICAPI,20260918,155.8,158.4,154.4,158.4,140
SAIL,20260918,176.5,179.8,176.03,177.33,11881802
SAILIFE,20260918,1553.4,1613.9,1550.3,1600.5,867960
SAIPARENT,20260918,514.2,520.0,510.0,510.75,34306
SAKAR,20260918,1148.0,1190.5,1148.0,1179.8,147455
SAKHTISUG,20260918,18.5,18.89,17.84,18.37,134585
SAKSOFT,20260918,143.1,143.65,140.2,141.14,197325
SAKUMA,20260918,1.56,1.57,1.5,1.51,991276
SALASAR,20260918,4.89,4.95,4.85,4.89,2915338
SALONA,20260918,266.05,269.0,255.0,263.4,1102
SALSTEEL,20260918,80.01,82.26,80.01,82.26,251942
SALZERELEC,20260918,551.95,558.45,543.1,550.45,37733
SAMBANDAM,20260918,101.5,106.0,100.0,100.0,1107
SAMBHAAV,20260918,6.13,6.13,5.72,6.09,46601
SAMBHV,20260918,129.08,150.99,129.08,147.57,28285913
SAMHI,20260918,157.0,163.5,157.0,161.98,928386
SAMMAANCAP,20260918,142.5,144.5,142.4,143.92,3658484
SAMPANN,20260918,24.32,25.38,23.9,24.67,30068
SANATHAN,20260918,468.95,489.0,467.5,480.85,107246
SANDESH,20260918,1042.6,1042.6,1020.4,1025.8,106
SANDHAR,20260918,594.7,607.5,590.15,601.25,100399
SANDUMA,20260918,183.2,186.25,183.0,185.4,462946
SANGAMIND,20260918,581.3,584.95,573.85,580.0,9168
SANGHVIMOV,20260918,419.65,434.0,412.05,430.7,254315
SANGINITA,20260918,71.06,71.06,71.06,71.06,31071
SANOFI,20260918,3093.3,3115.0,3080.0,3087.4,12855
SANOFICONR,20260918,3999.0,4078.0,3992.0,4033.4,4359
SANSERA,20260918,4042.0,4300.0,4017.5,4259.9,287946
SANSTAR,20260918,115.55,117.0,115.0,115.7,168121
SANWARIA,20260918,0.19,0.2,0.18,0.18,914603
SAPPHIRE,20260918,233.29,236.25,228.0,230.11,997329
SAPPL,20260918,285.0,289.9,265.3,276.15,1212
SARDAEN,20260918,510.0,513.6,503.0,505.95,328485
SAREGAMA,20260918,489.25,506.6,489.25,499.9,387575
SARLAPOLY,20260918,97.36,98.25,96.47,97.48,23691
SARVESHWAR,20260918,3.73,3.79,3.67,3.74,983863
SASKEN,20260918,1704.4,1746.9,1701.1,1719.6,12687
SATIA,20260918,67.41,68.98,66.5,68.46,108564
SATIN,20260918,218.47,221.0,217.37,219.32,162662
SAURASHCEM,20260918,51.91,53.99,51.8,53.51,57241
SAYAJIHOTL,20260918,314.1,319.0,314.1,319.0,52
SAYAJIIND,20260918,108.1,116.75,108.0,115.0,510
SBC,20260918,48.45,49.8,48.32,49.24,15020726
SBCL,20260918,1091.8,1109.8,1084.1,1096.2,106816
SBFC,20260918,93.58,94.19,91.89,92.36,1954335
SBGLP,20260918,26.52,26.59,21.33,22.23,587657
SBIBPB,20260918,47.5,48.49,47.5,48.21,61295
SBICARD,20260918,635.95,651.15,630.7,651.15,3242132
SBIETFCON,20260918,119.77,119.77,118.18,118.45,2418
SBIETFIT,20260918,325.23,325.23,317.36,319.25,11162
SBIETFPB,20260918,283.6,283.6,277.93,279.97,2346
SBIETFQLTY,20260918,214.38,215.31,213.87,215.27,1393
SBIFUNDS,20260918,540.95,567.95,537.25,561.35,1779360
SBILIFE,20260918,1751.3,1770.0,1731.0,1731.0,929365
SBILIQETF,20260918,1056.63,1056.63,1056.61,1056.62,725607
SBIMIDMOM,20260918,63.07,63.54,62.86,63.33,79500
SBIN,20260918,992.0,996.2,985.1,996.2,5699456
SBINEQWETF,20260918,31.92,32.93,31.92,32.2,90497
SBINMID150,20260918,22.74,23.09,22.65,22.94,17739
SBISILVER,20260918,226.86,230.64,226.76,229.44,1587770
SBISMLETF,20260918,18.0,18.56,18.0,18.38,15195
SBIVALETF,20260918,14.51,14.52,14.28,14.41,23970
SCANSTL,20260918,53.95,53.96,51.5,52.97,39615
SCHAEFFLER,20260918,4016.0,4260.0,4010.1,4217.6,171857
SCHAND,20260918,136.14,136.68,133.5,133.87,21577
SCHNEIDER,20260918,1206.6,1244.5,1206.6,1213.5,316226
SCI,20260918,271.0,278.0,269.05,277.05,1560763
SCILAL,20260918,38.01,38.38,36.2,36.83,1140340
SCODATUBES,20260918,125.33,130.77,125.33,128.51,98767
SCPL,20260918,638.0,647.95,618.5,622.1,4602
SDBL,20260918,68.0,69.14,67.5,68.06,396617
SEAMECLTD,20260918,1757.0,1757.0,1712.1,1726.3,27243
SECLEDBETA,20260918,15.0,15.5,14.21,14.25,20683
SECMARK,20260918,145.0,146.4,132.41,144.1,2367
SECURKLOUD,20260918,17.0,17.2,16.7,16.84,5429
SEDEMAC,20260918,3110.6,3234.1,3110.0,3147.8,190154
SEIL,20260918,195.24,195.24,188.05,192.19,257466
SEJALLTD,20260918,690.0,715.75,669.85,714.4,36648
SEKURITIND,20260918,109.99,114.0,108.39,113.44,52095
SELECTIPO,20260918,48.66,48.66,47.67,48.44,24458
SEMAC,20260918,270.0,280.0,262.4,273.7,315
SENCO,20260918,344.5,352.8,341.1,348.0,606311
SENORES,20260918,1423.6,1441.9,1391.7,1402.6,325710
SENSEXADD,20260918,76.18,77.3,75.91,77.29,737
SENSEXAXIS,20260918,76.38,77.68,76.38,77.23,3257
SENSEXBETA,20260918,825.01,838.0,821.0,832.87,1251
SENSEXETF,20260918,77.29,77.5,76.85,77.16,10598
SENSEXIETF,20260918,854.94,862.49,854.93,858.7,5572
SEPC,20260918,5.26,5.29,5.08,5.23,12309907
SERVOTECH,20260918,72.27,73.66,71.91,72.8,396912
SESHAPAPER,20260918,248.0,251.7,245.04,249.77,27629
SETCO,20260918,17.1,17.1,16.71,17.06,13053
SETF10GILT,20260918,263.0,263.0,261.7,262.26,2805
SETFGOLD,20260918,129.2,130.84,129.2,130.52,3938423
SETFNIF50,20260918,252.88,252.88,250.92,251.95,842918
SETFNIFBK,20260918,577.83,580.29,576.44,579.47,5777
SETFNN50,20260918,763.08,777.5,762.3,774.62,16704
SETL,20260918,393.25,414.0,393.25,402.35,987119
SETUINFRA,20260918,0.61,0.61,0.6,0.6,29424
SEYAIND,20260918,12.93,13.12,12.63,13.12,10679
SFL,20260918,679.0,682.0,651.7,657.3,213905
SGFIN,20260918,624.9,638.05,621.05,630.95,75511
SGIL,20260918,582.45,606.35,582.45,589.3,2487
SGL,20260918,9.68,9.79,9.17,9.35,7236
SGLRES,20260918,2.49,2.6,2.37,2.43,279185
SGMART,20260918,719.0,747.4,710.0,733.55,192112
SGRL,20260918,677.95,722.65,675.0,697.75,18488
SHADOWFAX,20260918,252.5,253.4,247.5,251.55,1172675
SHAH,20260918,3.32,3.32,3.26,3.28,392673
SHAHALLOYS,20260918,95.99,95.99,91.0,92.5,11671
SHAILY,20260918,3119.5,3209.7,3107.3,3149.8,156212
SHAKTIPUMP,20260918,465.7,470.65,458.75,460.95,460443
SHALBY,20260918,138.0,141.4,133.92,137.66,149630
SHALPAINTS,20260918,81.99,82.31,80.0,80.9,37865
SHANKARA,20260918,148.3,150.0,148.3,149.26,461337
SHANKESH,20260918,90.7,95.25,89.01,93.06,4370436
SHANTI,20260918,5.81,6.39,5.81,6.19,7260
SHANTIGEAR,20260918,681.3,705.0,667.35,700.05,90105
SHANTIGOLD,20260918,242.44,264.11,242.44,251.27,2818320
SHARDACROP,20260918,742.9,753.0,737.15,743.1,119733
SHARDAMOTR,20260918,935.0,971.95,930.0,967.05,121973
SHARDUL,20260918,54.45,55.25,54.45,55.0,11561
SHAREINDIA,20260918,221.0,233.35,216.0,228.15,24957936
SHARIABEES,20260918,439.9,443.95,437.25,438.88,4350
SHBAJRG,20260918,153.99,155.0,152.15,155.0,3122
SHEKHAWATI,20260918,20.79,22.07,20.6,21.48,268145
SHEMAROO,20260918,120.0,120.0,115.5,116.39,3624
SHERVANI,20260918,360.0,360.0,349.95,352.5,54
SHILCTECH,20260918,4072.6,4172.9,3976.9,4067.9,16065
SHILGRAVQ,20260918,160.0,162.99,154.5,154.69,2494
SHILPAMED,20260918,958.35,1033.1,951.9,1021.1,1766385
SHINDL,20260918,164.5,164.5,160.38,161.64,430082
SHIPROCKET,20260918,122.2,122.93,120.5,121.59,2264860
SHIVAAGRO,20260918,39.89,42.0,37.16,41.79,861
SHIVACEM,20260918,15.49,15.69,15.3,15.45,35784
SHIVALIK,20260918,368.3,378.9,359.0,372.1,87050
SHIVAMAUTO,20260918,16.7,19.42,16.7,19.42,291980
SHIVAMILLS,20260918,58.6,61.95,58.1,61.58,1536
SHIVATEX,20260918,181.0,181.0,163.21,168.51,4948
SHIVAUM,20260918,470.3,477.0,468.25,468.3,3232
SHK,20260918,138.67,143.12,132.4,137.04,865394
SHOPERSTOP,20260918,405.9,415.0,395.25,399.75,72761
SHRADDHA,20260918,150.73,153.7,146.7,147.14,11255
SHRADHA,20260918,31.0,32.15,29.81,30.0,21953
SHREDIGCEM,20260918,67.42,69.0,67.37,68.51,55328
SHREECEM,20260918,22200.0,23000.0,22100.0,22600.0,62133
SHREEJISPG,20260918,689.95,709.8,674.2,708.05,854162
SHREEPUSHK,20260918,510.0,518.0,500.1,514.3,44521
SHREERAMA,20260918,44.35,46.39,44.15,44.53,43261
SHRENIK,20260918,0.29,0.3,0.28,0.29,253750
SHREYANIND,20260918,128.01,132.0,125.65,131.13,3183
SHRIKRISH,20260918,34.02,39.99,34.02,36.98,1595
SHRINGARMS,20260918,214.0,216.75,208.75,210.67,569905
SHRIPISTON,20260918,4394.0,4598.0,4394.0,4576.6,151917
SHRIRAMFIN,20260918,1004.9,1019.0,1000.5,1010.0,4870631
SHRIRAMPPS,20260918,73.15,73.15,70.81,71.22,365988
SHRJAGP,20260918,643.55,657.75,630.0,637.65,176
SHUKRAPHAR,20260918,54.76,57.89,54.29,55.93,3423614
SHYAMCENT,20260918,4.75,5.12,4.75,5.06,422226
SHYAMMETL,20260918,1087.0,1109.0,1079.0,1100.0,1196160
SHYAMTEL,20260918,11.14,11.4,11.13,11.4,2221
SICAGEN,20260918,52.74,53.69,52.0,52.77,7433
SICALLOG,20260918,91.35,94.7,89.05,91.07,16434
SIEL,20260918,30.08,33.07,30.0,30.0,233
SIEMENS,20260918,3781.4,3913.9,3770.0,3913.9,666502
SIGACHI,20260918,29.35,32.15,29.32,29.6,16377369
SIGIND,20260918,71.3,71.3,69.0,69.99,11347
SIGMA,20260918,47.0,47.3,46.25,47.03,50131
SIGMAADV,20260918,848.0,888.3,831.1,866.1,255004
SIGNATURE,20260918,755.0,761.0,744.0,756.95,248406
SIGNPOST,20260918,265.05,277.5,260.6,271.5,44887
SIKA,20260918,1030.7,1063.7,1010.25,1021.5,36899
SIKKO,20260918,5.8,6.0,5.75,5.92,462737
SIL,20260918,16.21,16.95,16.06,16.13,54990
SILGO,20260918,69.46,71.99,69.46,70.8,50168
SILINV,20260918,437.95,455.0,434.0,446.9,588
SILVER,20260918,231.24,234.88,231.05,233.88,1124622
SILVER001,20260918,23.5,23.79,23.01,23.78,53082
SILVER1,20260918,22.37,22.89,22.37,22.79,10493440
SILVER360,20260918,225.5,230.94,225.5,229.98,22855
SILVERADD,20260918,22.1,22.71,22.1,22.6,4445826
SILVERAG,20260918,224.0,229.08,224.0,228.18,239735
SILVERAXIS,20260918,230.05,233.79,230.03,232.82,1004472
SILVERBEES,20260918,221.1,225.0,221.1,224.07,28477957
SILVERBETA,20260918,221.68,227.34,221.68,226.15,562410
SILVERBND,20260918,232.19,236.0,231.56,235.48,25507
SILVERCASE,20260918,23.48,23.82,23.46,23.73,12962915
SILVERIETF,20260918,231.22,234.96,230.97,233.89,3751667
SILVERTUC,20260918,149.08,149.09,144.4,146.28,310512
SIMBHALS,20260918,6.67,6.67,6.67,6.67,4036
SIMPLEXINF,20260918,253.3,268.0,249.1,251.4,211797
SIMPLXREA,20260918,132.0,132.0,120.6,124.2,5
SINCLAIR,20260918,78.87,84.39,78.55,81.93,60387
SINDHUTRAD,20260918,23.54,24.94,22.62,24.72,5339301
SINGERIND,20260918,76.92,77.99,75.3,76.28,58206
SINTERCOM,20260918,76.41,78.59,75.0,77.1,403
SIRCA,20260918,410.25,413.0,404.0,406.25,247257
SIS,20260918,419.8,430.95,419.0,428.25,164393
SITINET,20260918,0.27,0.28,0.27,0.28,223470
SIYSIL,20260918,512.55,535.85,512.55,527.4,52367
SJS,20260918,2297.2,2460.0,2280.2,2422.8,992502
SJVN,20260918,64.84,65.23,63.7,63.95,4062726
SKFINDIA,20260918,1541.0,1639.8,1515.0,1552.6,324766
SKFINDUS,20260918,2969.9,3218.7,2942.0,2984.2,1293995
SKIPPER,20260918,537.0,570.0,532.1,566.2,1433300
SKMEGGPROD,20260918,232.9,235.9,228.1,229.75,106551
SKYGOLD,20260918,794.0,806.75,779.85,783.7,566838
SKYWAYS,20260918,126.9,135.35,122.55,124.43,92941309
SMALL250,20260918,18.15,18.45,18.12,18.38,280548
SMALLADD,20260918,18.45,18.49,18.11,18.32,36311
SMALLCAP,20260918,49.17,50.37,48.19,49.09,1265660
SMALLGROWW,20260918,47.1,49.21,47.1,48.51,17667
SMALLIETF,20260918,18.17,18.38,18.17,18.35,36738
SMARTLINK,20260918,213.62,220.45,213.62,220.45,1400
SMARTWORKS,20260918,519.85,560.95,519.85,547.35,274681
SMCGLOBAL,20260918,82.0,83.7,80.21,80.94,467005
SML100CASE,20260918,11.35,11.36,11.14,11.32,1176113
SMLMAH,20260918,6248.0,6484.0,6221.0,6292.5,53178
SMLT,20260918,62.88,62.88,59.98,61.42,3265
SMSPHARMA,20260918,415.8,446.2,415.8,442.95,1745125
SNOWMAN,20260918,34.9,35.4,34.0,35.25,155817
SNXT30BEES,20260918,42.33,42.38,42.02,42.14,494
SNXT50BETA,20260918,93.36,94.4,91.63,92.86,2181
SOBHA,20260918,1192.7,1225.8,1190.5,1215.2,120571
SOFTTECH,20260918,525.7,525.7,515.0,525.7,35070
SOLARA,20260918,741.7,750.4,730.0,742.05,260108
SOLARINDS,20260918,18850.0,19080.0,18555.0,18555.0,202858
SOLARWORLD,20260918,134.37,136.39,132.2,133.56,125558
SOLEX,20260918,681.35,719.0,673.6,695.1,122265
SOMANYCERA,20260918,560.75,579.25,557.95,572.6,103703
SOMATEX,20260918,82.77,82.99,79.3,80.95,13997
SOMICONVEY,20260918,97.59,97.59,94.0,94.25,11529
SONACOMS,20260918,780.2,812.0,780.2,808.0,4201864
SONAL,20260918,87.25,87.25,84.01,84.07,270
SONAMLTD,20260918,68.18,71.1,68.0,70.27,28662
SONATSOFTW,20260918,282.0,282.05,272.2,274.0,672020
SOTL,20260918,693.0,720.0,686.05,708.05,236215
SOUTHBANK,20260918,46.0,46.54,45.78,46.07,8637328
SOUTHWEST,20260918,199.0,202.5,193.44,196.11,197258
SPAL,20260918,998.2,1012.9,981.0,994.3,23776
SPANDANA,20260918,227.02,231.3,227.0,229.25,74230
SPARC,20260918,193.16,198.6,192.39,193.92,682997
SPCENET,20260918,3.2,3.26,3.1,3.13,702541
SPECIALITY,20260918,136.0,145.5,136.0,144.89,33415
SPECTRUM,20260918,2990.0,3145.0,2955.0,3039.6,4924
SPENCERS,20260918,28.5,29.4,27.62,28.38,28173
SPIC,20260918,67.3,69.09,67.25,68.7,616680
SPLIL,20260918,29.65,30.79,29.65,30.3,1395
SPLPETRO,20260918,811.4,872.0,804.9,865.7,1234723
SPMLINFRA,20260918,170.0,174.56,167.15,168.23,101537
SPORTKING,20260918,201.35,204.69,201.0,203.85,135881
SRD,20260918,40.29,40.29,39.1,39.15,8341
SREEL,20260918,294.03,300.79,282.15,283.47,18201
SRF,20260918,2536.6,2569.9,2512.0,2512.0,401209
SRGHFL,20260918,132.05,132.85,127.05,128.15,45678
SRHHYPOLTD,20260918,521.0,525.05,519.8,523.1,26767
SRIKPRIND,20260918,27.8,28.9,26.8,27.98,5520
SRM,20260918,425.65,429.25,420.65,423.85,14465
SRTL,20260918,37.9,38.39,36.5,38.02,36125
SSDL,20260918,62.08,62.85,60.2,61.35,27910
SSWL,20260918,351.65,378.8,350.15,372.4,1835082
STALLION,20260918,220.8,222.0,215.0,220.49,214149
STANLEY,20260918,137.01,138.99,137.01,137.45,31819
STAR,20260918,1202.6,1229.4,1200.0,1219.8,282913
STARCEMENT,20260918,188.9,195.79,188.9,194.25,271084
STARHEALTH,20260918,558.0,559.65,542.1,547.05,2515581
STARPAPER,20260918,156.01,159.5,155.01,158.82,5933
STARTECK,20260918,240.0,261.5,236.1,240.0,201
STCINDIA,20260918,112.3,113.15,111.1,111.54,9715
STEAMHOUSE,20260918,100.7,106.0,95.01,97.98,23967427
STEELCAS,20260918,306.85,323.0,306.85,319.9,92629
STEELCITY,20260918,85.5,86.59,85.0,85.39,2941
STEELXIND,20260918,11.18,11.9,11.18,11.74,6471920
STEL,20260918,657.0,658.15,631.95,654.2,12670
STERTOOLS,20260918,210.55,214.99,209.95,213.21,12067
STLNETWORK,20260918,42.95,42.95,42.95,42.95,1250147
STLSTRINF,20260918,26.0,26.9,23.12,23.47,28554
STLTECH,20260918,852.0,852.0,805.55,818.8,1735063
STOVEKRAFT,20260918,833.65,840.45,825.25,829.3,75158
STUDDS,20260918,408.8,410.1,402.75,407.1,21853
STYL,20260918,366.0,369.95,355.0,360.35,182909
STYLAMIND,20260918,3238.2,3308.0,3236.6,3295.5,12878
STYLEBAAZA,20260918,385.0,394.0,380.35,386.75,591675
STYRENIX,20260918,2065.9,2095.4,2050.7,2067.9,22964
SUBEXLTD,20260918,20.09,20.68,19.68,20.11,8841874
SUBROS,20260918,685.1,739.0,685.1,720.3,73793
SUDARCOLOR,20260918,379.45,382.9,376.55,379.6,2802
SUDARSCHEM,20260918,1203.8,1278.0,1199.4,1263.5,318843
SUDEEPPHRM,20260918,1107.2,1160.6,1107.2,1155.0,217226
SUKHJITS,20260918,161.8,162.98,160.36,161.95,16431
SULA,20260918,135.9,136.99,134.1,134.49,213274
SUMEDHA,20260918,44.16,46.39,42.52,44.4,1646
SUMEETINDS,20260918,9.35,9.66,9.3,9.56,1016943
SUMICHEM,20260918,456.55,469.0,455.75,460.85,605290
SUMIT,20260918,50.0,50.0,47.03,49.43,5452
SUMMITSEC,20260918,1392.0,1419.9,1389.0,1412.0,1257
SUNCLAY,20260918,1270.9,1279.2,1251.0,1254.6,2172
SUNDARAM,20260918,1.18,1.21,1.16,1.16,522850
SUNDARMFIN,20260918,4634.5,4790.0,4630.0,4730.6,179114
SUNDRMBRAK,20260918,685.0,720.0,685.0,696.1,365
SUNDRMFAST,20260918,1229.0,1240.6,1221.5,1228.2,237526
SUNDROP,20260918,671.4,671.5,660.1,663.4,1428
SUNFLAG,20260918,346.8,354.0,343.0,345.1,219245
SUNLOC,20260918,73.49,73.49,73.49,73.49,1
SUNPHARMA,20260918,1866.1,1877.2,1837.3,1837.3,2896860
SUNRAKSHAK,20260918,369.65,369.95,363.5,368.5,3601
SUNSHIEL,20260918,1242.0,1242.0,1218.8,1233.3,2481
SUNSHINE,20260918,399.0,413.5,390.65,398.3,1408607
SUNTECK,20260918,281.2,298.0,280.8,294.05,126393
SUNTV,20260918,469.8,470.4,449.05,451.7,943160
SUPERHOUSE,20260918,171.95,171.95,160.1,165.1,7472
SUPERSPIN,20260918,7.19,7.52,7.12,7.26,17270
SUPRAJIT,20260918,484.75,502.7,482.25,499.05,184177
SUPREME,20260918,32.22,33.3,31.68,32.0,10410
SUPREMEENG,20260918,3.58,3.58,3.58,3.58,420602
SUPREMEIND,20260918,3347.4,3580.3,3347.4,3580.3,469754
SUPREMEINF,20260918,84.49,84.49,79.35,79.88,32459
SUPRIYA,20260918,900.65,920.0,895.75,906.3,130367
SUPTANERY,20260918,8.5,9.21,8.35,9.21,157913
SURAJEST,20260918,178.25,195.62,176.7,192.25,641088
SURAJLTD,20260918,201.89,201.89,197.03,200.79,436
SURAKSHA,20260918,328.95,338.0,327.55,335.1,117799
SURANASOL,20260918,24.9,25.95,24.86,25.5,59455
SURANAT&P,20260918,15.75,17.2,15.75,16.39,133228
SURYALA,20260918,405.0,405.0,395.0,395.0,39
SURYALAXMI,20260918,58.07,58.87,57.0,57.76,2230
SURYAROSNI,20260918,210.95,212.84,209.05,210.62,604194
SURYODAY,20260918,146.95,147.31,145.3,146.63,147616
SUTLEJTEX,20260918,38.5,39.0,37.5,38.12,39942
SUVEN,20260918,353.8,353.8,338.0,341.55,261686
SUVIDHAA,20260918,2.2,2.3,2.2,2.22,49615
SUYOG,20260918,671.5,671.5,645.2,649.4,25191
SUZLON,20260918,42.9,43.75,42.67,43.14,63471191
SVGLOBAL,20260918,127.5,153.91,126.4,147.92,6683
SVLL,20260918,818.45,825.0,801.0,815.85,1039
SVPGLOB,20260918,3.47,3.51,3.27,3.49,18472
SWANCORP,20260918,287.8,297.0,287.3,294.95,1412160
SWANDEF,20260918,2720.8,2764.0,2660.0,2746.4,30702
SWARAJ,20260918,273.05,287.0,273.05,273.05,404231
SWARAJENG,20260918,3552.4,3635.0,3542.1,3625.1,6970
SWARNSAR,20260918,38.72,38.98,37.66,38.96,862
SWELECTES,20260918,560.0,560.0,550.0,556.8,8473
SWIGGY,20260918,277.0,280.0,273.05,273.05,20140282
SWISSMLTRY,20260918,14.95,15.39,14.51,14.78,58881
SWSOLAR,20260918,180.0,180.97,174.4,176.06,1209329
SYMBIOTEC,20260918,1050.0,1106.9,1048.0,1095.1,1099366
SYMPHONY,20260918,581.8,604.8,580.1,598.65,71400
SYNCOMF,20260918,18.8,20.25,18.8,20.04,10260532
SYNGENE,20260918,379.1,384.0,366.65,369.05,2498133
SYRMA,20260918,1614.1,1764.0,1612.0,1728.9,10474149
SYSTMTXC,20260918,74.12,74.12,74.12,74.12,3449
TAALTECH,20260918,5359.9,5483.8,5250.1,5416.3,11685
TAINWALCHM,20260918,208.0,215.0,208.0,213.11,2239
TAJGVK,20260918,335.0,336.05,331.0,334.7,51856
TAKE,20260918,16.16,16.5,15.96,15.96,236867
TALBROAUTO,20260918,442.0,480.8,437.5,476.7,1960823
TAMBOLIIN,20260918,306.75,306.75,290.0,301.45,5703
TANAA,20260918,266.05,274.0,263.25,266.35,9722
TANLA,20260918,498.5,499.05,486.8,489.25,400725
TARACHAND,20260918,47.8,48.5,46.51,47.69,34465
TARAPUR,20260918,12.46,12.87,12.1,12.55,25602
TARC,20260918,131.18,134.99,129.01,133.09,537993
TARIL,20260918,278.1,285.25,278.1,279.85,1238672
TARMAT,20260918,59.6,59.6,57.24,57.76,3487
TARSONS,20260918,311.25,317.8,303.55,306.1,133321
TASTYBITE,20260918,10049.0,10095.0,9816.0,9901.0,1518
TATACAP,20260918,345.0,355.0,344.3,351.35,2404143
TATACHEM,20260918,729.0,741.35,687.1,693.25,14086032
TATACOMM,20260918,1794.8,1805.0,1743.3,1780.1,713124
TATACONSUM,20260918,1016.2,1018.7,996.0,996.0,2076522
TATAELXSI,20260918,3399.0,3399.0,3266.7,3266.7,297430
TATAGOLD,20260918,14.73,14.91,14.73,14.85,55967837
TATAINVEST,20260918,688.0,707.85,682.55,702.35,2361598
TATAPOWER,20260918,364.8,374.8,360.9,374.8,5102671
TATASTEEL,20260918,186.4,187.96,185.54,185.54,29014128
TATATECH,20260918,761.4,761.4,716.1,722.45,2215517
TATSILV,20260918,22.48,22.87,22.47,22.74,58813645
TATVA,20260918,1712.0,1787.8,1702.5,1770.2,91966
TBOTEK,20260918,1650.0,1728.7,1643.7,1710.6,212106
TBZ,20260918,603.55,603.55,585.1,603.55,1436925
TCC,20260918,51.36,51.86,49.3,49.85,705212
TCI,20260918,826.55,838.8,821.55,829.8,20300
TCIEXP,20260918,494.9,497.35,481.05,485.35,20352
TCIFINANCE,20260918,15.24,15.8,14.56,15.58,64732
TCPLPACK,20260918,3860.6,3901.7,3826.0,3844.2,1645
TCS,20260918,2177.2,2177.3,2101.2,2105.0,6875428
TDPOWERSYS,20260918,726.0,770.0,725.15,763.75,3139171
TEAMGTY,20260918,235.0,242.9,235.0,238.5,2034
TEAMLEASE,20260918,1226.7,1238.5,1200.6,1219.0,21622
TECH,20260918,31.85,32.39,31.3,31.55,144353
TECHM,20260918,1558.3,1561.2,1523.1,1537.1,3113722
TECHNOCRAF,20260918,441.05,459.2,436.0,440.8,859607
TECHNOE,20260918,990.3,1039.0,989.6,1030.45,286285
TECHNVISN,20260918,3941.5,4351.0,3941.0,4349.0,752
TECILCHEM,20260918,9.76,10.0,9.23,9.77,3009
TEGA,20260918,1888.2,1970.0,1887.3,1943.0,1144337
TEJASNET,20260918,525.8,527.7,514.8,518.3,1522105
TEMBO,20260918,57.0,57.0,55.9,56.19,302439
TEMPSENS,20260918,542.8,552.4,524.5,531.6,1265503
TENNIND,20260918,515.5,524.9,511.95,517.9,1072952
TERASOFT,20260918,231.95,243.35,226.05,236.6,26937
TEXINFRA,20260918,114.88,115.89,112.67,113.54,245506
TEXMOPIPES,20260918,62.7,64.4,60.82,61.49,315163
TEXRAIL,20260918,112.0,116.0,111.76,114.66,2196519
TFCILTD,20260918,139.7,141.02,139.0,139.62,12165117
TFL,20260918,11.83,12.09,11.83,11.99,56
TGBHOTELS,20260918,9.37,9.89,9.37,9.41,5102
TGVSL,20260918,103.0,103.5,102.1,102.59,44012
THACKER,20260918,1030.0,1030.0,1000.0,1030.0,21
THAKDEV,20260918,127.51,127.51,127.51,127.51,6
THANGAMAYL,20260918,4844.0,5051.5,4794.5,5044.5,386791
THEINVEST,20260918,95.99,96.0,91.85,94.27,2967
THEJO,20260918,2183.4,2223.6,2157.1,2199.7,6505
THELEELA,20260918,530.0,549.7,527.05,540.55,124085
THEMISMED,20260918,118.82,126.58,118.82,123.97,78797
THERMAX,20260918,3569.5,3599.0,3522.4,3551.9,238396
THOMASCOOK,20260918,103.42,107.38,103.2,106.04,997099
THOMASCOTT,20260918,239.0,239.0,230.0,236.55,23906
THYROCARE,20260918,561.0,568.0,553.85,555.8,244576
TI,20260918,551.0,575.6,550.55,568.7,1687493
TICL,20260918,6.09,6.1,5.81,5.85,292004
TIGERLOGS,20260918,27.19,27.4,25.95,26.13,77418
TIIL,20260918,3059.9,3118.0,3025.5,3054.1,34329
TIINDIA,20260918,2598.9,2637.8,2571.5,2600.0,293372
TIJARIA,20260918,7.74,8.1,7.34,7.4,80102
TIL,20260918,252.0,261.94,250.0,257.51,145867
TIMETECHNO,20260918,176.25,180.67,176.05,179.24,3604165
TIMEX,20260918,613.05,729.0,613.05,714.2,6651306
TIMKEN,20260918,3172.6,3269.0,3091.0,3124.2,132715
TINNARUBR,20260918,1000.0,1030.0,1000.0,1018.75,22220
TIPSFILMS,20260918,333.95,334.0,318.1,320.35,1585
TIPSMUSIC,20260918,656.5,667.0,644.15,657.7,502106
TIRUMALCHM,20260918,155.56,163.49,155.51,158.54,657447
TIRUPATIFL,20260918,64.1,67.7,63.8,67.68,328776
TITAGARH,20260918,827.15,849.9,827.15,837.65,475698
TITAN,20260918,4851.0,4864.5,4772.0,4798.5,1066023
TMB,20260918,894.5,905.45,889.05,895.75,242023
TMCV,20260918,436.0,445.0,430.2,442.9,13129939
TMPV,20260918,309.6,310.0,301.5,303.8,18037112
TNIDETF,20260918,88.38,89.33,87.48,88.34,57856
TNPETRO,20260918,128.85,129.96,122.84,125.73,848214
TNPL,20260918,144.64,149.45,144.1,148.34,256191
TNTELE,20260918,8.72,9.1,8.71,8.86,7387
TOKYOPLAST,20260918,77.79,77.79,74.11,75.67,400
TOLINS,20260918,88.5,88.75,87.52,88.02,21237
TOP100CASE,20260918,10.05,10.47,10.05,10.3,253788
TOP10ADD,20260918,84.9,85.12,84.6,84.8,953150
TOP15IETF,20260918,9.53,9.6,9.46,9.49,237198
TOP20,20260918,8.64,8.65,8.6,8.62,220953
TORNTPHARM,20260918,4874.5,4928.0,4827.0,4840.0,486733
TORNTPOWER,20260918,1277.0,1285.7,1232.0,1258.8,462594
TOTAL,20260918,69.57,69.57,69.0,69.33,36948
TOUCHWOOD,20260918,62.44,63.78,59.6,60.93,403
TOYAMSL,20260918,0.77,0.77,0.77,0.77,458115
TPHQ,20260918,0.55,0.55,0.53,0.55,926974
TPLPLASTEH,20260918,65.09,65.9,64.14,65.34,111552
TRACXN,20260918,30.65,31.49,30.51,31.0,73768
TRANSCOR,20260918,25.04,25.49,23.0,23.79,3513
TRANSPEK,20260918,1350.2,1370.0,1325.1,1359.4,864
TRANSRAILL,20260918,411.9,413.5,407.45,408.75,228722
TRANSWORLD,20260918,166.0,166.99,165.99,166.39,3282
TRAVELFOOD,20260918,1232.0,1276.8,1217.4,1256.1,42342
TREEHOUSE,20260918,5.99,6.17,5.87,5.87,37165
TREJHARA,20260918,136.9,136.9,131.0,132.37,19780
TREL,20260918,30.06,31.51,29.01,29.66,611021
TRENT,20260918,2789.3,2824.0,2776.1,2824.0,925467
TRF,20260918,221.7,223.7,214.0,215.25,8388
TRIDENT,20260918,23.08,24.01,23.03,23.22,5955453
TRIGYN,20260918,54.6,55.78,52.94,53.56,19459
TRITONV,20260918,1076.0,1114.9,1070.0,1084.3,1647
TRITURBINE,20260918,554.4,572.0,550.35,567.8,501922
TRIVENI,20260918,234.9,241.0,234.9,238.8,661400
TRU,20260918,4.0,4.3,4.0,4.21,85524
TRUALT,20260918,425.0,437.65,420.5,421.7,220451
TSFINV,20260918,446.8,459.9,445.5,455.65,153537
TTKHLTCARE,20260918,1053.0,1089.8,1041.6,1050.0,41244
TTKPRESTIG,20260918,545.0,546.5,525.0,530.85,114198
TTL,20260918,7.25,7.5,7.1,7.24,235464
TTML,20260918,36.2,36.33,35.56,35.73,1516686
TURTLEMINT,20260918,133.65,137.0,131.15,134.12,832911
TUTIALKA,20260918,55.68,57.0,55.67,56.56,3984
TVSELECT,20260918,403.75,408.9,398.5,403.15,26441
TVSHLTD,20260918,12911.0,13079.0,12540.0,12812.0,45028
TVSMOTOR,20260918,4125.0,4195.0,4122.1,4171.3,1304681
TVSSCS,20260918,130.1,138.15,130.1,133.85,2452803
TVSSRICHAK,20260918,4867.0,4959.5,4796.0,4844.5,4438
TVTODAY,20260918,107.5,110.0,106.68,109.29,47797
TVVISION,20260918,2.59,2.67,2.47,2.53,59660
TWCGOLDETF,20260918,151.45,152.93,151.32,152.54,2610
UBL,20260918,1219.9,1258.0,1219.9,1251.5,276273
UCAL,20260918,136.0,142.0,136.0,138.15,3186
UCOBANK,20260918,23.59,23.94,23.53,23.75,3517779
UDAYJEW,20260918,158.7,161.95,151.99,152.2,58089
UDS,20260918,191.0,191.57,187.02,189.82,72939
UEL,20260918,199.98,205.0,190.27,203.73,52048
UFBL,20260918,690.9,715.0,685.4,692.45,24810
UFLEX,20260918,652.95,669.9,652.0,659.45,69585
UFO,20260918,62.0,62.0,60.3,60.95,14004
UGARSUGAR,20260918,53.72,58.39,52.85,56.79,1345153
UGROCAP,20260918,83.74,84.47,82.96,83.74,98903
UJJIVANSFB,20260918,64.05,65.3,63.88,65.02,4749884
ULTRACEMCO,20260918,10890.0,11060.0,10819.0,11014.0,458848
ULTRAMAR,20260918,412.1,430.0,412.1,424.4,78947
UMAEXPORTS,20260918,20.25,20.82,20.02,20.02,25019
UMESLTD,20260918,4.1,4.44,3.76,4.39,63578
UMIYA-MRO,20260918,99.0,99.0,96.15,98.01,4684
UNICHEMLAB,20260918,536.85,547.0,536.85,545.7,26772
UNIDT,20260918,232.0,232.0,222.98,224.01,13543
UNIECOM,20260918,85.0,85.0,82.5,83.21,166409
UNIENTER,20260918,91.9,92.48,89.9,90.71,4951
UNIINFO,20260918,11.52,11.52,10.83,11.23,2207
UNIMECH,20260918,1578.5,1612.0,1568.4,1591.3,189186
UNIONBANK,20260918,178.5,178.92,176.56,176.56,6401370
UNIONGOLD,20260918,147.0,150.4,146.95,149.65,5577
UNIPARTS,20260918,878.0,885.4,824.95,831.5,220753
UNITDSPR,20260918,1382.0,1405.0,1371.0,1371.0,842151
UNITECH,20260918,4.27,4.36,4.19,4.31,4618701
UNITEDPOLY,20260918,45.0,46.05,43.2,45.85,640093
UNITEDTEA,20260918,437.5,439.3,430.0,431.65,1441
UNIVASTU,20260918,152.26,152.26,152.25,152.26,51713
UNIVCABLES,20260918,1450.9,1494.9,1437.4,1477.0,96755
UNIVPHOTO,20260918,624.75,624.75,583.3,584.0,2579
UNOMINDA,20260918,1213.2,1284.0,1206.8,1284.0,1277954
UPHOT,20260918,1478.5,1500.0,1478.5,1500.0,121
UPL,20260918,554.0,580.0,553.4,580.0,3779171
URAVIDEF,20260918,109.5,109.5,108.0,108.0,292
URBANCO,20260918,163.89,172.42,162.55,169.11,11152442
URJA,20260918,9.4,9.4,9.02,9.15,538147
USHAMART,20260918,496.0,511.0,494.0,507.2,1588391
USK,20260918,19.81,20.87,19.81,20.07,20541
UTIAMC,20260918,908.0,908.0,889.65,895.0,109250
UTKARSHBNK,20260918,14.11,14.38,13.96,14.17,5303916
UTLSOLAR,20260918,413.0,422.0,412.6,418.65,120238
UTTAMSUGAR,20260918,254.95,261.7,249.7,260.25,127683
UYFINCORP,20260918,19.95,19.95,19.2,19.29,31026
V2RETAIL,20260918,210.01,215.81,210.0,214.03,643385
VADILALIND,20260918,7065.0,7389.0,7040.0,7362.0,19386
VADILENT,20260918,10400.0,10575.0,10400.0,10540.0,10
VAIBHAVGBL,20260918,212.35,213.0,206.92,209.9,254747
VAISHALI,20260918,9.0,9.14,8.73,8.79,189226
VAKRANGEE,20260918,5.25,5.34,5.25,5.3,1102478
VAL30IETF,20260918,14.81,14.92,14.77,14.88,91576
VALIANTLAB,20260918,127.15,128.88,121.0,123.26,155553
VALIANTORG,20260918,420.0,428.85,413.0,426.65,161458
VALUE,20260918,15.84,15.85,15.75,15.8,8366
VALUEAXIS,20260918,32.1,32.25,32.0,32.13,39037
VAML,20260918,407.4,419.0,407.35,416.5,9307238
VARDHACRLC,20260918,43.15,45.29,43.15,44.5,112090
VARDMNPOLY,20260918,5.99,5.99,5.62,5.69,430537
VARROC,20260918,852.25,877.05,840.55,861.55,223364
VASCONEQ,20260918,30.4,30.94,29.5,30.35,305184
VASWANI,20260918,44.7,48.47,44.4,46.47,52340
VBL,20260918,416.9,425.4,416.25,421.95,7581873
VCL,20260918,1.67,1.68,1.61,1.61,674666
VEDAVAAG,20260918,22.0,23.25,20.35,22.21,105589
VEDL,20260918,258.0,267.6,258.0,267.6,8484152
VEDPOWER,20260918,31.19,31.6,30.44,31.17,12482165
VEEDOL,20260918,1381.6,1397.0,1371.0,1377.7,9305
VEEGALAND,20260918,154.0,154.0,146.3,146.3,5227484
VELJAN,20260918,1996.8,2009.0,1931.1,1941.4,608
VENKEYS,20260918,1675.0,1675.0,1616.4,1646.8,50193
VENTIVE,20260918,564.55,564.9,555.0,557.35,25567
VENUSPIPES,20260918,2123.1,2309.1,2120.0,2282.9,1274312
VENUSREM,20260918,1527.0,1594.9,1527.0,1582.2,11202
VERANDA,20260918,216.98,225.0,212.8,221.76,279852
VERTOZ,20260918,36.72,37.95,36.2,37.04,17377
VESUVIUS,20260918,402.0,414.3,400.9,405.95,129439
VETO,20260918,133.8,139.15,131.15,139.15,189474
VGCL,20260918,48.01,50.39,48.0,48.42,2553
VGL,20260918,66.35,68.01,66.0,66.27,45684
VGUARD,20260918,330.0,337.65,323.4,325.4,650488
VHL,20260918,3400.0,3426.7,3362.0,3377.1,287
VHLTD,20260918,125.48,127.99,125.48,126.31,90680
VIDHIING,20260918,346.0,350.5,340.0,344.55,23643
VIDYAWIRES,20260918,85.34,87.39,85.11,86.87,527832
VIJAYA,20260918,1510.0,1569.0,1491.0,1558.9,278137
VIJIFIN,20260918,14.45,15.0,14.45,15.0,2801457
VIJSOLX,20260918,638.0,647.95,627.05,631.5,282
VIKASECO,20260918,1.05,1.05,1.04,1.04,1026403
VIKASLIFE,20260918,1.22,1.24,1.21,1.21,1457205
VIKRAMSOLR,20260918,164.24,165.91,163.05,165.42,864171
VIKRAN,20260918,56.25,56.68,55.79,56.31,526119
VIMTALABS,20260918,604.0,610.0,599.05,603.1,91341
VINATIORGA,20260918,1254.0,1255.4,1228.3,1234.9,178913
VINCOFE,20260918,173.25,177.73,172.7,174.19,1635637
VINDHYATEL,20260918,2640.0,2687.9,2601.0,2660.0,35119
VINEETLAB,20260918,36.9,37.37,35.41,36.78,115604
VINNY,20260918,0.99,0.99,0.95,0.96,264396
VINYLINDIA,20260918,218.7,226.0,214.1,222.68,6877
VIPCLOTHNG,20260918,20.73,21.35,20.6,20.8,75380
VIPIND,20260918,305.0,310.85,292.35,299.1,1206004
VIPULLTD,20260918,12.47,12.47,12.25,12.25,217274
VIRAT,20260918,394.9,404.8,375.35,390.85,11453
VIRINCHI,20260918,13.61,14.5,13.61,14.17,62548
VIRTUALG,20260918,0.49,0.49,0.47,0.47,200774
VISACHROME,20260918,29.11,31.78,28.8,30.09,54826
VISAKAIND,20260918,91.0,97.95,91.0,97.36,612789
VISHAL,20260918,18.12,18.49,18.05,18.22,14567
VISHNU,20260918,715.5,728.0,709.2,722.15,81466
VISHWARAJ,20260918,5.25,5.35,5.25,5.31,173856
VISL,20260918,32.37,32.37,30.37,30.91,23212486
VITAL,20260918,57.25,57.25,55.4,55.4,4769
VIVIANA,20260918,732.15,743.75,711.45,718.8,13641
VIVIDHA,20260918,0.52,0.53,0.51,0.51,328242
VIVIMEDLAB,20260918,5.71,5.78,5.58,5.58,16758
VIVOBIOT,20260918,17.19,17.19,16.11,16.77,7955
VIYASH,20260918,245.9,251.15,245.65,249.65,1418518
VLEGOV,20260918,10.25,10.47,10.07,10.19,22497
VLSFINANCE,20260918,238.0,241.98,237.56,238.2,5611
VMART,20260918,789.75,828.0,781.2,808.15,87125
VMM,20260918,101.24,102.65,100.23,102.65,10785733
VMSTMT,20260918,50.5,50.9,47.51,49.64,133668
VOEPL,20260918,499.0,510.15,491.55,506.75,30038
VOGL,20260918,35.08,35.16,34.01,34.26,21433547
VOITHPAPR,20260918,1461.2,1475.8,1451.0,1457.5,161
VOLTAMP,20260918,10798.0,10964.0,10784.0,10879.0,19415
VOLTAS,20260918,1136.0,1145.3,1110.9,1110.9,597381
VPRPL,20260918,33.78,36.0,32.9,34.72,1120320
VRAJ,20260918,124.0,128.1,123.87,127.74,20078
VRLLOG,20260918,286.15,295.0,286.15,293.6,140025
VSSL,20260918,406.95,411.0,397.95,404.7,154256
VSTIND,20260918,206.0,214.7,202.5,208.92,257715
VSTL,20260918,114.82,114.82,112.1,113.54,5909
VSTTILLERS,20260918,4248.2,4322.6,4086.8,4240.0,17107
VTL,20260918,558.5,580.5,558.2,578.05,361599
VTMLTD,20260918,48.44,48.44,46.12,47.5,35040
WAAREEENER,20260918,2490.1,2560.7,2486.1,2560.7,1224265
WAAREEINDO,20260918,260.1,271.7,253.3,267.95,293556
WAAREERTL,20260918,811.65,825.95,811.65,819.65,93649
WABAG,20260918,2085.0,2148.8,2065.4,2132.6,535595
WAKEFIT,20260918,146.11,148.9,144.6,146.85,179739
WALCHANNAG,20260918,200.0,203.75,198.02,202.71,396972
WANBURY,20260918,226.1,228.0,221.25,222.75,113160
WARDINMOBI,20260918,5.77,5.79,5.6,5.72,205536
WATERBASE,20260918,45.67,46.9,45.51,45.96,12534
WCIL,20260918,95.8,99.99,93.95,96.86,535857
WEALTH,20260918,842.1,857.7,830.0,841.55,2275
WEBELSOLAR,20260918,72.99,74.49,71.65,72.94,1657255
WEIZMANIND,20260918,71.27,71.5,71.27,71.48,282
WEL,20260918,70.4,72.94,68.01,72.94,546636
WELCORP,20260918,2472.6,2678.7,2472.6,2660.1,4629365
WELENT,20260918,783.8,837.75,774.65,823.35,1675361
WELINV,20260918,2286.3,2320.0,2230.6,2320.0,24
WELSPLSOL,20260918,53.88,56.23,52.99,55.65,558795
WELSPUNLIV,20260918,212.25,216.0,211.46,214.66,3513969
WENDT,20260918,8799.0,8945.0,8622.5,8767.5,16282
WESTLIFE,20260918,544.2,566.0,544.2,564.4,64581
WEWIN,20260918,43.1,43.1,41.01,43.0,3103
WEWORK,20260918,682.0,692.55,676.6,681.2,191510
WHBRADY,20260918,489.0,489.0,465.3,476.05,124
WHEELS,20260918,2130.0,2235.0,2116.6,2175.7,311417
WHIRLPOOL,20260918,727.4,732.1,706.0,717.7,1683148
WILLAMAGOR,20260918,25.25,25.25,23.41,24.36,939
WINDLAS,20260918,1119.85,1136.6,1104.35,1109.45,71125
WINDMACHIN,20260918,300.05,303.2,293.7,300.05,137585
WIPL,20260918,171.39,171.39,164.7,165.21,1593
WIPRO,20260918,166.9,166.9,163.3,166.83,23606474
WOCKPHARMA,20260918,2072.3,2109.3,2047.3,2086.1,557349
WONDERLA,20260918,516.65,529.8,516.05,527.85,72202
WORTHPERI,20260918,144.21,155.0,144.21,147.52,6705
WPIL,20260918,444.6,445.0,430.5,433.7,38917
WSI,20260918,58.79,58.79,57.02,58.59,15648
WSTCSTPAPR,20260918,716.0,772.0,713.95,768.3,592182
XCHANGING,20260918,62.4,62.95,61.65,62.16,62678
XELPMOC,20260918,75.99,75.99,73.1,74.39,4134
XPROINDIA,20260918,1231.0,1251.2,1213.0,1223.0,20472
XTGLOBAL,20260918,29.45,30.0,28.6,29.54,27319
XTRANET,20260918,305.49,330.0,303.11,312.16,2792260
YASHO,20260918,4003.0,4065.0,3970.0,4002.0,16899
YATHARTH,20260918,1098.0,1184.0,1082.4,1139.5,6484052
YATRA,20260918,103.7,106.5,103.7,104.83,437182
YESBANK,20260918,23.2,23.38,22.72,22.72,73563796
YOGI,20260918,163.99,164.0,163.9,163.98,15
YUKEN,20260918,1123.1,1149.0,1078.4,1139.2,26377
ZAGGLE,20260918,181.24,182.24,177.25,178.56,983830
ZEEL,20260918,78.31,79.97,76.76,78.62,21977996
ZEELEARN,20260918,7.3,7.3,6.6,6.86,361589
ZEEMEDIA,20260918,7.3,7.44,7.29,7.32,1273163
ZENITHEXPO,20260918,196.95,203.95,196.95,203.95,2
ZENITHSTL,20260918,5.48,5.69,5.48,5.58,27022
ZENSARTECH,20260918,442.4,443.85,433.0,436.45,1100244
ZENTEC,20260918,1690.0,1706.0,1680.0,1687.4,196201
ZFCVINDIA,20260918,2450.0,2451.4,2361.0,2387.0,351520
ZFSTEERING,20260918,689.0,704.7,685.8,697.85,3521
ZIMLAB,20260918,137.77,139.79,130.2,135.51,127424
ZODIAC,20260918,226.5,226.5,220.1,222.25,6000
ZODIACLOTH,20260918,69.12,70.88,69.1,69.52,674
ZOTA,20260918,1124.9,1155.0,1124.9,1144.5,56557
ZSARACOM,20260918,10400.0,10400.0,10400.0,10400.0,4
ZUARI,20260918,216.05,221.35,215.45,220.77,66310
ZUARIIND,20260918,262.15,265.0,257.05,262.45,26424
ZYDUSLIFE,20260918,1150.7,1167.3,1147.7,1160.0,2789186
ZYDUSWELL,20260918,548.0,552.9,512.0,522.25,723768
