SYMBOL,TIMESTAMP,OPEN,HIGH,LOW,CLOSE,VOLUME
20MICRONS,20260922,220.0,223.15,215.04,216.45,163799
21STCENMGM,20260922,39.55,39.95,38.8,39.62,2450
360ONE,20260922,1074.3,1093.2,1065.2,1073.5,338935
3BBLACKBIO,20260922,1412.9,1421.0,1360.0,1369.3,6598
3IINFOLTD,20260922,25.6,26.18,25.11,26.03,414486
3MINDIA,20260922,34890.0,35095.0,34065.0,34220.0,4367
3PLAND,20260922,30.5,34.88,30.5,30.74,85714
5PAISA,20260922,312.55,318.95,312.55,315.3,10273
63MOONS,20260922,888.8,914.95,788.5,841.75,1713258
A2ZINFRA,20260922,14.95,15.24,14.52,14.73,97954
AAATECH,20260922,93.0,95.35,92.03,93.73,122242
AADHARHFC,20260922,468.35,469.15,453.45,457.85,361745
AAKASH,20260922,9.07,9.07,8.8,8.96,45676
AAREYDRUGS,20260922,102.37,103.99,101.1,102.52,281824
AARNAV,20260922,31.55,31.92,31.11,31.83,5429
AARON,20260922,121.42,126.6,119.0,120.48,26297
AARTECH,20260922,51.18,51.7,50.05,51.58,27728
AARTIDRUGS,20260922,435.5,440.8,422.6,425.75,124108
AARTIIND,20260922,500.35,504.8,492.05,496.0,478713
AARTIPHARM,20260922,862.0,909.5,861.2,883.75,1401079
AARTISURF,20260922,521.55,535.0,510.0,514.75,15158
AARVI,20260922,136.93,140.39,136.88,138.18,4487
AASTHA,20260922,74.9,81.63,74.35,81.62,1334826
AAVAS,20260922,1321.9,1342.6,1307.8,1313.1,128992
ABAN,20260922,14.25,14.56,14.09,14.13,20048
ABANSENT,20260922,27.49,27.49,26.34,27.29,6800
ABB,20260922,7261.5,7405.5,7117.5,7120.5,196683
ABBOTINDIA,20260922,26960.0,27295.0,26960.0,27225.0,4434
ABCAPITAL,20260922,401.0,405.0,394.65,397.0,2377189
ABCOTS,20260922,206.3,208.09,203.0,205.25,6173
ABDL,20260922,660.65,661.4,631.7,647.9,798258
ABFRL,20260922,49.97,50.24,49.01,49.22,2744633
ABGSEC,20260922,113.0,114.44,113.0,114.15,74
ABINFRA,20260922,11.82,12.7,11.71,12.25,370287
ABLBL,20260922,80.98,81.43,80.55,80.74,322317
ABMINTLLTD,20260922,48.02,48.02,48.02,48.02,1008
ABMKNO,20260922,175.67,175.67,171.01,173.34,2
ABREL,20260922,1241.4,1250.0,1196.5,1201.1,183365
ABSL10BANK,20260922,170.9,172.0,163.03,164.29,7252
ABSLAMC,20260922,1033.5,1043.6,1017.0,1027.0,139392
ABSLBANETF,20260922,58.15,58.15,57.57,57.75,393885
ABSLLIQUID,20260922,1000.0,1000.01,999.99,1000.0,9206
ABSLMSCIN,20260922,29.03,29.03,28.75,28.8,128
ABSLNN50ET,20260922,76.07,76.41,75.68,75.97,9456
ABSLPSE,20260922,9.79,10.08,9.79,10.0,71073
ACC,20260922,1256.5,1260.0,1234.8,1238.2,79866
ACCELYA,20260922,1119.9,1125.0,1115.5,1118.8,4271
ACCURACY,20260922,4.67,4.67,4.37,4.37,100801
ACE,20260922,1240.2,1263.1,1235.1,1241.9,237158
ACEINTEG,20260922,18.78,18.78,16.6,17.31,8495
ACGL,20260922,1720.1,1764.9,1711.0,1728.5,1102
ACI,20260922,466.5,468.0,460.05,463.05,136463
ACL,20260922,42.1,43.46,42.1,42.92,9176
ACMESOLAR,20260922,460.0,476.9,441.55,458.65,3701858
ACSTECH,20260922,71.7,72.92,71.7,72.92,112624
ACUTAAS,20260922,3450.0,3450.0,3200.0,3213.7,482993
ADANIENSOL,20260922,1399.0,1411.9,1375.9,1381.7,1791593
ADANIENT,20260922,2995.0,3026.1,2979.6,2997.0,793747
ADANIGREEN,20260922,1309.0,1317.0,1300.0,1304.0,437524
ADANIPORTS,20260922,1796.0,1812.7,1786.1,1795.0,871935
ADANIPOWER,20260922,207.0,210.0,206.56,206.96,11848251
ADDIND,20260922,82.0,82.0,74.93,76.7,1115
ADFFOODS,20260922,268.25,268.25,261.6,263.15,52750
ADL,20260922,72.0,73.79,67.4,69.0,67
ADOR,20260922,1576.4,1632.4,1576.4,1594.8,22625
ADROITINFO,20260922,11.13,12.48,11.13,12.17,257593
ADSL,20260922,96.35,98.19,96.02,96.44,59418
ADVAIT,20260922,2021.5,2032.4,1989.0,2005.6,19580
ADVANCE,20260922,107.58,110.0,107.5,108.14,92635
ADVANIHOTR,20260922,47.75,48.8,47.5,47.78,18657
ADVENTHTL,20260922,126.64,127.95,125.68,126.76,97052
ADVENZYMES,20260922,297.8,302.7,295.05,296.6,245144
ADVIKCA,20260922,0.96,0.98,0.94,0.95,307535
AEGISLOG,20260922,1474.0,1528.7,1382.1,1424.5,2196787
AEGISVOPAK,20260922,320.85,320.85,296.7,301.4,3129116
AEPL,20260922,16.78,16.78,16.01,16.35,40538
AEQUS,20260922,234.8,243.78,233.93,242.87,3668716
AEROENTER,20260922,123.4,125.5,122.72,123.6,317838
AEROFLEX,20260922,519.35,526.95,510.05,516.7,748519
AERONEU,20260922,66.68,67.25,65.88,66.06,31837
AEROPLANE,20260922,200.0,207.88,199.27,204.8,834421
AETHER,20260922,1637.7,1651.5,1621.1,1643.5,159611
AFCONS,20260922,256.8,262.0,253.0,260.35,1138018
AFFLE,20260922,1605.0,1605.0,1582.0,1592.3,74378
AFFORDABLE,20260922,172.5,172.5,168.0,170.77,16709
AFIL,20260922,8.9,9.0,8.27,8.32,403059
AFSL,20260922,202.05,202.05,201.0,201.0,7026
AGARIND,20260922,409.0,412.95,404.0,405.8,23190
AGARWALEYE,20260922,492.0,497.65,487.4,493.05,303733
AGI,20260922,825.9,851.0,804.45,845.7,476790
AGIIL,20260922,277.5,279.2,267.25,269.3,497300
AGL,20260922,13.7,14.25,13.7,13.94,1471915
AGRITECH,20260922,98.22,100.39,96.1,97.38,1866
AGROPHOS,20260922,24.2,24.5,22.0,23.97,38838
AGSTRA,20260922,2.06,2.11,2.02,2.1,257095
AHCL,20260922,27.6,28.86,26.91,28.86,70018561
AHLADA,20260922,36.97,38.0,36.16,37.28,1431
AHLEAST,20260922,135.01,137.48,135.0,135.13,472
AHLUCONT,20260922,581.05,585.45,577.0,582.4,28751
AHLWEST,20260922,545.0,551.0,545.0,545.0,986
AIAENG,20260922,3941.0,3981.5,3912.0,3923.4,18004
AIIL,20260922,559.4,564.2,544.55,546.9,88597
AIRAN,20260922,16.65,18.0,16.59,17.02,116617
AIROLAM,20260922,87.01,90.1,87.01,87.69,4636
AJANTPHARM,20260922,3539.0,3547.0,3465.8,3519.3,106260
AJAXENGG,20260922,561.0,572.5,561.0,564.6,39283
AJMERA,20260922,118.25,120.7,118.02,119.87,199233
AJOONI,20260922,3.2,3.24,3.1,3.16,232957
AKASH,20260922,24.46,25.47,24.46,24.99,3633
AKCAPIT,20260922,1749.5,1770.0,1744.2,1766.8,1327
AKG,20260922,9.86,10.5,9.86,10.2,8052
AKI,20260922,6.7,6.7,6.09,6.42,363123
AKSHAR,20260922,0.42,0.42,0.41,0.41,632399
AKSHARCHEM,20260922,407.0,415.0,395.0,395.9,11646
AKSHOPTFBR,20260922,7.2,7.38,7.08,7.13,523357
AKUMS,20260922,830.0,834.7,801.0,807.9,262560
ALANKIT,20260922,7.56,8.55,7.52,7.94,424375
ALBERTDAVD,20260922,848.95,853.05,837.3,848.9,2601
ALEMBICLTD,20260922,103.54,106.7,102.56,104.79,709434
ALFREDHE,20260922,2811.0,2811.0,2811.0,2811.0,101
ALGOQUANT,20260922,72.92,73.9,71.5,72.24,1189233
ALICON,20260922,738.25,755.0,734.05,744.5,45206
ALIVUS,20260922,1400.4,1422.2,1368.0,1374.2,89919
ALKALI,20260922,97.7,106.3,92.12,103.2,251907
ALKEM,20260922,5365.0,5419.5,5308.5,5331.5,94905
ALKYLAMINE,20260922,1867.9,1898.9,1851.0,1863.8,26813
ALLCARGO,20260922,10.99,11.17,10.83,10.93,5186068
ALLDIGI,20260922,791.9,801.8,771.1,784.6,6147
ALLTIME,20260922,207.7,209.39,202.2,203.73,67645
ALMONDZ,20260922,18.75,19.18,18.1,18.65,407680
ALOKINDS,20260922,7.2,7.44,7.17,7.34,29145200
ALPA,20260922,60.49,61.85,58.35,61.36,11423
ALPHA,20260922,53.61,53.95,53.04,53.16,770430
ALPHAETF,20260922,26.34,26.45,26.1,26.13,2181529
ALPHAGEO,20260922,300.0,303.9,296.0,296.1,4763
ALPINETEX,20260922,52.75,53.9,51.95,52.36,196992
ALPL30IETF,20260922,27.25,27.33,26.99,27.03,243771
ALUFLUOR,20260922,534.35,545.95,534.3,543.35,4483
AMAGI,20260922,566.0,603.85,563.8,581.1,743158
AMAL,20260922,720.05,725.95,704.05,711.9,16314
AMANTA,20260922,188.1,188.1,184.35,185.5,27852
AMARJOTHI,20260922,149.0,149.7,147.0,148.91,127
AMBALALSA,20260922,38.54,39.3,38.5,38.65,32469
AMBER,20260922,7105.0,7164.5,6992.0,7000.0,95036
AMBICAAGAR,20260922,25.42,25.42,24.73,24.83,38792
AMBIKCO,20260922,1600.0,1600.0,1569.0,1577.7,8416
AMBUJACEM,20260922,391.1,394.0,385.15,386.9,1155681
AMDIND,20260922,59.59,62.4,58.11,59.84,49658
AMJLAND,20260922,36.53,38.49,36.52,37.75,4545
AMNPLST,20260922,173.0,176.49,166.66,169.65,6227
AMRUTANJAN,20260922,493.4,504.0,493.4,500.05,30980
ANANDRATHI,20260922,2210.0,2220.1,2161.4,2179.0,485812
ANANTRAJ,20260922,595.9,614.8,594.5,610.1,1661656
ANDHRAPAP,20260922,72.25,73.75,70.77,71.43,388193
ANDHRSUGAR,20260922,96.4,98.36,94.0,95.35,449168
ANDREWYU,20260922,26.42,26.98,26.03,26.49,31507
ANGELONE,20260922,296.2,298.65,293.2,295.1,2221167
ANIKINDS,20260922,43.5,44.74,42.71,42.99,3438
ANKITMETAL,20260922,1.76,1.79,1.76,1.79,11261
ANMOL,20260922,14.99,15.24,13.98,14.03,72003
ANNAPURNA,20260922,133.5,134.0,130.2,131.71,65755
ANNU,20260922,53.7,54.8,52.1,54.17,1112623
ANSALAPI,20260922,3.66,3.73,3.66,3.73,23327
ANSALBU,20260922,75.1,90.12,75.1,90.12,32466
ANTELOPUS,20260922,1109.15,1145.75,1080.05,1110.4,639484
ANTGRAPHIC,20260922,0.74,0.74,0.71,0.71,181944
ANTHEM,20260922,921.0,921.0,890.1,891.7,499529
ANUHPHR,20260922,94.69,95.89,93.0,93.48,106195
ANUP,20260922,1639.0,1722.2,1639.0,1663.0,29875
ANURAS,20260922,1169.7,1210.0,1142.0,1197.9,1218193
AONEGOLD,20260922,14.36,14.36,14.05,14.11,361549
AONELIQUID,20260922,1077.85,1077.88,1077.85,1077.87,4180
AONENIFTY,20260922,9.43,9.79,9.25,9.67,118375
AONESILVER,20260922,8.96,9.06,8.73,8.8,440688
AONETMMQ50,20260922,10.2,10.29,10.13,10.16,41593
AONETOTAL,20260922,11.83,11.83,11.62,11.68,79655
APARINDS,20260922,18899.0,19265.0,17919.0,18233.0,207076
APCL,20260922,98.0,98.0,94.24,94.8,2908
APCOTEXIND,20260922,612.0,623.15,605.75,609.45,75211
APEX,20260922,358.9,359.55,351.65,356.9,84991
APLAPOLLO,20260922,2180.9,2199.3,2159.9,2195.0,598956
APLLTD,20260922,847.05,850.95,835.9,840.15,104047
APOLLO,20260922,390.0,412.65,390.0,406.75,13757604
APOLLOHOSP,20260922,8960.0,9000.0,8822.5,8835.5,350507
APOLLOPIPE,20260922,539.45,543.2,523.0,526.1,81329
APOLLOTYRE,20260922,409.3,411.35,401.0,402.55,600980
APOLSINHOT,20260922,1205.3,1235.9,1205.0,1223.3,378
APOORVA,20260922,33.92,33.92,30.7,33.89,1611
APTECHT,20260922,94.1,94.24,91.1,91.78,120592
APTUS,20260922,237.5,244.03,237.5,242.08,3567063
AQYLON,20260922,18.91,19.81,18.91,19.8,621543
ARCHIDPLY,20260922,105.97,111.25,105.97,107.68,44478
ARCHIES,20260922,12.71,12.94,12.68,12.75,6514
ARCIL,20260922,135.3,140.9,135.1,138.91,3340524
ARCL,20260922,251.64,264.22,249.9,262.06,9484
ARDEE,20260922,49.0,53.3,48.86,52.08,11664894
ARE&M,20260922,795.0,811.45,790.25,793.2,387946
ARENTERP,20260922,34.7,34.79,27.6,34.77,4820
ARFIN,20260922,91.0,91.88,89.0,89.28,931091
ARIES,20260922,468.9,473.0,450.0,469.95,14933
ARIHANT,20260922,977.0,977.0,890.4,923.9,773
ARIHANTCAP,20260922,81.19,93.0,81.19,90.99,6068298
ARIHANTSUP,20260922,230.0,236.95,226.0,234.9,2580
ARIS,20260922,142.5,143.44,136.51,140.1,2008186
ARKADE,20260922,124.88,128.99,123.5,128.4,297017
ARMANFIN,20260922,1961.0,1994.9,1961.0,1974.9,15081
AROGRANITE,20260922,23.4,23.92,23.0,23.09,2305
ARROWGREEN,20260922,888.95,939.45,882.2,913.05,148575
ARSHIYA,20260922,0.7,0.71,0.68,0.7,174860
ARSSBL,20260922,503.95,503.95,490.0,496.25,89398
ARTEMISMED,20260922,339.05,346.75,338.15,340.85,274562
ARTNIRMAN,20260922,40.9,40.93,39.0,40.49,729
ARVEE,20260922,224.9,247.99,222.25,236.07,229982
ARVIND,20260922,542.0,543.0,531.0,533.55,313593
ARVINDFASN,20260922,427.7,427.7,417.1,419.4,100434
ARVSMART,20260922,574.4,592.0,569.1,588.2,71059
ARYAMAN,20260922,624.9,633.95,624.9,633.95,21
ASAHIINDIA,20260922,958.0,974.7,950.0,965.15,71821
ASAHISONG,20260922,388.95,388.95,366.0,371.2,8790
ASAL,20260922,446.0,454.0,446.0,449.15,12265
ASALCBR,20260922,656.0,662.05,649.2,651.8,21155
ASHAPURMIN,20260922,532.5,555.75,532.5,537.35,437634
ASHIANA,20260922,405.55,410.0,381.55,385.0,169995
ASHIKAG,20260922,399.95,400.05,395.85,397.05,26686
ASHIMASYN,20260922,16.26,16.3,15.5,15.68,172316
ASHOKA,20260922,112.95,113.8,111.6,111.96,454581
ASHOKAMET,20260922,14.73,15.14,14.21,14.3,78479
ASHOKLEY,20260922,163.0,164.2,159.8,160.75,8959874
ASIANENE,20260922,486.05,492.8,482.0,489.6,141941
ASIANHOTNR,20260922,375.1,392.45,373.05,385.1,6272
ASIANPAINT,20260922,2475.1,2475.1,2435.6,2448.5,414715
ASIANTILES,20260922,51.26,51.7,49.76,50.09,1095832
ASIANTNE,20260922,9.67,9.67,9.2,9.38,3290
ASKAUTOLTD,20260922,661.65,674.8,655.15,663.4,435952
ASMS,20260922,6.8,6.8,6.58,6.61,187513
ASPINWALL,20260922,250.05,253.7,248.2,252.35,3259
ASSAMENT,20260922,818.0,818.0,742.0,788.0,27
ASTAR,20260922,733.85,734.0,680.0,702.45,3138
ASTEC,20260922,715.05,825.95,712.5,794.5,2103437
ASTERDM,20260922,756.75,758.45,746.3,750.7,586106
ASTRAL,20260922,1401.0,1407.9,1381.6,1381.6,419577
ASTRAMICRO,20260922,1655.0,1662.3,1611.0,1616.3,180438
ASTRAZEN,20260922,6605.0,6757.0,6603.0,6711.5,4537
ASTRON,20260922,2.95,3.01,2.82,2.84,21137
ATALREAL,20260922,14.25,14.25,12.8,13.07,6493632
ATAM,20260922,60.4,60.4,57.39,58.27,10919
ATGL,20260922,640.0,642.95,622.2,626.25,1213917
ATHERENERG,20260922,1614.0,1621.8,1538.0,1543.8,3426121
ATL,20260922,24.5,24.65,24.03,24.35,101478
ATLANTAA,20260922,35.94,36.94,35.0,35.64,30631
ATLANTAELE,20260922,1719.0,1724.8,1649.2,1664.9,71639
ATLASCYCLE,20260922,88.42,94.49,88.42,93.55,26564
ATUL,20260922,6128.0,6234.0,6096.0,6176.5,92926
ATULAUTO,20260922,450.45,454.4,444.0,446.6,35641
AUBANK,20260922,1037.9,1043.5,1027.6,1036.4,506494
AUGMONT,20260922,830.0,872.0,825.2,853.35,1115175
AURIONPRO,20260922,687.1,698.95,675.15,681.9,122905
AUROPHARMA,20260922,1718.3,1719.0,1689.3,1700.0,869831
AURUM,20260922,217.51,225.5,217.4,222.04,106125
AURUS,20260922,4.83,4.95,4.77,4.89,9217
AUSOMENT,20260922,147.98,148.25,143.15,147.23,6276
AUSTENG,20260922,135.0,162.85,135.0,162.85,77654
AUTOAXLES,20260922,1702.2,1709.0,1659.0,1664.4,4548
AUTOBEES,20260922,280.61,283.48,279.65,280.12,175061
AUTOIETF,20260922,28.24,28.37,28.08,28.19,289352
AUTOIND,20260922,85.48,86.99,84.0,84.82,151528
AVADHSUGAR,20260922,735.0,749.0,727.0,732.8,67763
AVALON,20260922,2485.9,2526.3,2410.0,2468.5,395562
AVANCE,20260922,0.85,0.89,0.84,0.86,6880158
AVANTEL,20260922,146.0,149.8,145.73,146.71,786281
AVANTIFEED,20260922,776.0,776.0,750.65,753.15,186772
AVG,20260922,170.0,174.99,167.3,169.55,4003
AVL,20260922,629.95,633.0,624.85,627.1,65399
AVONMORE,20260922,13.01,13.27,12.77,12.87,95776
AVROIND,20260922,8.14,8.14,7.08,7.24,765860
AVTNPL,20260922,90.1,100.0,90.1,98.26,4546154
AWFIS,20260922,271.95,274.0,264.5,266.55,372113
AWHCL,20260922,364.55,368.0,360.5,364.3,66519
AWL,20260922,184.0,184.9,182.35,183.1,1156490
AXISBANK,20260922,1245.2,1255.6,1240.1,1242.7,2689110
AXISCADES,20260922,1844.0,1908.1,1831.3,1891.1,183778
AXITA,20260922,8.03,8.17,7.91,7.99,885885
AXTEL,20260922,435.0,440.9,424.6,439.15,4892
AYE,20260922,188.17,190.0,181.2,183.43,757630
AYMSYNTEX,20260922,288.2,300.8,287.15,295.4,92341
AZAD,20260922,2764.9,2820.0,2759.0,2776.2,235668
AZADIND,20260922,76.87,80.0,70.41,78.44,58205
BAFNAPH,20260922,329.95,329.95,329.95,329.95,525
BAGFILMS,20260922,4.39,4.45,4.29,4.31,46537
BAIDFIN,20260922,10.75,11.1,10.28,10.55,77323
BAJAJ-AUTO,20260922,11460.0,11515.0,11281.0,11363.0,154756
BAJAJCON,20260922,515.0,524.5,511.4,513.75,484075
BAJAJELEC,20260922,326.1,329.6,322.15,323.45,74689
BAJAJFINSV,20260922,1862.7,1863.0,1823.4,1823.4,405051
BAJAJHCARE,20260922,335.6,341.8,334.3,336.1,75304
BAJAJHFL,20260922,84.03,84.31,82.98,83.12,1745461
BAJAJHIND,20260922,20.15,20.7,20.06,20.29,13242731
BAJAJHLDNG,20260922,11312.0,11389.0,11103.0,11185.0,71522
BAJAJINDEF,20260922,216.1,222.89,214.1,219.02,124201
BAJAJST,20260922,345.55,355.85,345.05,348.05,5127
BAJEL,20260922,173.99,174.83,171.61,172.47,108677
BAJFINANCE,20260922,1025.3,1029.2,1005.0,1008.8,4581750
BALAJEE,20260922,24.61,25.89,24.53,25.19,24134
BALAJITELE,20260922,94.49,95.5,93.2,93.71,57550
BALAMINES,20260922,2140.5,2179.6,2126.4,2138.9,83836
BALAXI,20260922,23.5,23.5,22.96,23.12,22486
BALKRISHNA,20260922,16.53,16.65,16.3,16.41,1867
BALKRISIND,20260922,2224.0,2231.0,2202.3,2216.9,103064
BALMLAWRIE,20260922,166.25,168.74,163.55,167.43,178669
BALPHARMA,20260922,109.27,112.87,107.11,108.16,91977
BALRAMCHIN,20260922,661.0,668.4,651.3,661.05,1293003
BALUFORGE,20260922,519.0,521.7,501.05,505.25,563043
BANARBEADS,20260922,113.45,113.65,110.3,111.28,648
BANARISUG,20260922,3314.5,3390.0,3303.1,3322.8,756
BANCOINDIA,20260922,599.95,608.7,599.95,605.65,55149
BANDHANBNK,20260922,180.0,185.11,179.9,184.7,22278301
BANG,20260922,33.61,34.29,32.0,32.46,25889
BANK10ADD,20260922,16.74,16.77,16.54,16.56,14040
BANK10BETF,20260922,20.59,20.59,20.38,20.5,176
BANKA,20260922,77.0,78.55,74.63,76.14,2695
BANKADD,20260922,56.35,58.11,56.35,57.68,971
BANKBARODA,20260922,233.64,234.9,232.71,234.35,3787052
BANKBEES,20260922,587.91,587.91,582.01,583.52,477077
BANKBETA,20260922,59.88,59.88,58.1,58.21,584220
BANKBETF,20260922,57.37,57.71,57.1,57.2,6026
BANKETF,20260922,561.51,577.98,561.51,573.85,28055
BANKIETF,20260922,57.3,58.25,57.3,57.86,126483
BANKINDIA,20260922,138.5,138.91,137.01,137.01,3112072
BANKNIFTY1,20260922,58.43,58.85,58.3,58.4,147348
BANKPSU,20260922,84.07,84.07,83.14,83.55,4250
BANSALWIRE,20260922,318.95,319.95,313.5,315.25,45581
BANSWRAS,20260922,113.92,116.35,112.23,113.33,37753
BASF,20260922,3675.0,3706.0,3555.0,3572.2,16963
BASML,20260922,24.8,25.74,24.25,24.73,49336
BATAINDIA,20260922,637.25,639.4,629.05,631.75,122211
BATLIBOI,20260922,86.0,86.5,82.42,82.96,15519
BAYERCROP,20260922,3775.1,3797.4,3730.6,3765.8,31340
BBETF0432,20260922,1343.97,1343.99,1340.56,1343.32,676
BBL,20260922,2186.9,2237.0,2186.9,2220.4,15439
BBNPNBETF,20260922,58.01,58.01,56.5,56.52,447
BBNPPGOLD,20260922,147.0,148.0,145.0,146.6,1565
BBOX,20260922,838.85,845.9,797.6,810.05,664899
BBTC,20260922,1493.0,1497.9,1453.2,1460.4,48718
BBTCL,20260922,237.78,238.8,232.0,234.0,1933
BCG,20260922,9.7,9.74,9.55,9.6,5240142
BCLIND,20260922,33.49,33.59,33.11,33.48,419750
BCONCEPTS,20260922,153.7,153.71,149.0,152.58,6771
BCPL,20260922,70.26,72.0,68.6,69.31,7514
BDL,20260922,1185.0,1192.6,1164.0,1168.0,523381
BEARDSELL,20260922,24.85,24.85,23.5,24.41,39301
BECTORFOOD,20260922,225.86,226.9,217.01,217.81,1284560
BEDMUTHA,20260922,104.51,105.8,101.4,102.57,4118
BEEKAY,20260922,427.6,434.4,419.5,420.8,349
BEL,20260922,398.5,400.65,395.8,397.9,8488775
BELLACASA,20260922,276.86,285.0,266.3,279.3,21237
BELRISE,20260922,242.0,248.8,242.0,244.74,4815462
BEML,20260922,2100.0,2120.0,2076.2,2096.8,221034
BENARAS,20260922,10380.0,10449.0,10100.0,10254.0,52
BENGALASM,20260922,6155.5,6250.0,6155.5,6173.5,152
BEPL,20260922,129.35,132.8,128.52,130.23,1665214
BERGEPAINT,20260922,453.0,456.9,448.0,452.6,454498
BESTAGRO,20260922,18.7,18.75,18.21,18.34,640357
BETA,20260922,2080.0,2170.0,2063.4,2105.0,20315
BFINVEST,20260922,446.2,446.95,442.0,443.75,11376
BFSI,20260922,25.96,26.73,25.96,26.46,181085
BFUTILITIE,20260922,537.9,537.9,525.0,527.45,30977
BGRENERGY,20260922,268.4,281.0,268.4,271.56,64190
BHAGCHEM,20260922,245.1,251.9,242.5,243.85,83051
BHAGERIA,20260922,367.0,367.0,342.0,345.25,221218
BHAGYANGR,20260922,435.55,448.0,421.0,426.05,115065
BHANDARI,20260922,3.0,3.0,2.96,2.96,71168
BHARATCOAL,20260922,32.35,32.8,32.15,32.24,2812928
BHARATFORG,20260922,1965.0,2010.0,1965.0,2009.0,982220
BHARATGEAR,20260922,100.89,100.89,100.06,100.4,7351
BHARATRAS,20260922,1117.9,1142.0,1110.5,1129.4,10860
BHARATSE,20260922,214.68,229.55,213.42,219.86,746137
BHARATWIRE,20260922,170.47,174.0,166.37,167.89,109806
BHARTIARTL,20260922,1833.9,1836.3,1813.0,1817.2,4134236
BHARTIHEXA,20260922,1533.4,1550.0,1526.4,1534.3,37934
BHEL,20260922,435.2,439.7,424.65,425.8,4718245
BI,20260922,106.99,107.0,106.99,107.0,55366
BIGBLOC,20260922,40.4,41.35,39.5,40.4,35066
BIKAJI,20260922,559.0,561.5,552.0,553.65,215549
BIL,20260922,1088.0,1088.0,1042.55,1050.5,6091
BILVYAPAR,20260922,4.1,4.24,4.1,4.23,597
BIMETAL,20260922,664.0,672.0,655.0,661.45,851
BIOCON,20260922,394.3,396.25,389.0,390.0,2816261
BIOFILCHEM,20260922,32.56,33.29,32.34,32.88,7771
BIRLACABLE,20260922,389.05,401.85,371.3,375.25,412134
BIRLACORPN,20260922,827.0,832.95,816.0,817.6,18917
BIRLAMONEY,20260922,120.77,122.78,118.0,118.44,29095
BIRLANU,20260922,1395.0,1428.0,1372.5,1385.6,5042
BIRLAPREC,20260922,55.5,56.49,53.66,53.98,87252
BLACKBUCK,20260922,635.0,659.7,618.15,620.35,2055001
BLACKROSE,20260922,111.2,113.8,111.0,113.25,51989
BLAL,20260922,166.61,167.08,163.25,164.24,7668
BLBLIMITED,20260922,16.25,16.3,15.91,16.22,133466
BLEL,20260922,447.0,475.0,445.15,469.05,1603310
BLIL,20260922,67.35,67.5,66.8,67.35,45812
BLISSGVS,20260922,661.55,694.6,651.55,694.6,353104
BLKASHYAP,20260922,51.8,53.2,51.06,51.53,237471
BLS,20260922,234.0,234.0,228.0,228.71,579169
BLSE,20260922,317.9,339.8,317.4,328.1,1257827
BLUECLOUDS,20260922,19.27,19.37,18.95,19.17,546154
BLUECOAST,20260922,21.0,21.58,19.56,19.83,1308
BLUEDART,20260922,4806.2,4844.9,4780.0,4786.6,7423
BLUEJET,20260922,584.0,602.65,580.55,587.3,621304
BLUESTARCO,20260922,1572.0,1572.2,1519.5,1525.0,739436
BLUESTONE,20260922,850.7,950.0,847.95,930.4,3686322
BLUSPRING,20260922,121.89,127.57,121.89,125.47,222765
BMWVENTLTD,20260922,50.9,52.73,50.58,51.92,228231
BNAGROCHEM,20260922,208.67,209.99,200.0,200.85,355
BNKETFAXIS,20260922,583.46,584.78,579.49,580.18,794
BODALCHEM,20260922,199.55,206.0,187.83,192.9,2856632
BOHRAIND,20260922,13.2,13.8,12.36,13.26,6365
BOMDYEING,20260922,110.5,111.6,108.85,109.58,411668
BONLON,20260922,41.34,41.5,39.8,40.07,12082
BORANA,20260922,295.05,301.0,291.25,292.4,24044
BOROLTD,20260922,260.0,269.7,259.62,263.57,230571
BORORENEW,20260922,476.9,489.7,472.1,474.7,666860
BOROSCI,20260922,122.75,126.35,116.7,119.81,329680
BOSCH-HCIL,20260922,1681.1,1749.6,1681.1,1720.8,31143
BOSCHLTD,20260922,47795.0,48290.0,47530.0,48290.0,17807
BPCL,20260922,315.0,318.2,308.15,313.6,10959640
BPL,20260922,45.8,46.06,44.99,45.2,33419
BPLPHARMA,20260922,1560.0,1560.0,1531.0,1531.7,1688
BRAHMINFRA,20260922,164.3,164.3,155.01,156.51,8121
BRIGADE,20260922,608.9,624.0,605.45,616.55,276171
BRIGHOTEL,20260922,56.29,57.5,56.08,56.48,114783
BRIGHTBR,20260922,244.0,255.5,244.0,252.95,1978
BRITANNIA,20260922,5030.0,5030.0,4915.0,4918.0,177451
BRNL,20260922,16.1,16.9,16.1,16.67,20908
BROOKS,20260922,60.0,60.55,59.01,59.09,24690
BSE,20260922,3170.8,3254.0,3170.8,3235.0,3165566
BSE500IETF,20260922,38.78,38.88,38.6,38.7,1326306
BSHSL,20260922,86.1,88.0,85.3,85.64,4737
BSL,20260922,123.63,126.93,123.02,125.54,1430
BSLGOLDETF,20260922,133.08,133.71,132.24,133.06,426280
BSLNIFTY,20260922,27.56,28.24,27.2,27.48,729462
BSLSENETFG,20260922,76.59,76.59,74.75,75.16,3184
BSOFT,20260922,284.15,284.5,280.75,281.15,486688
BTML,20260922,7.44,7.44,7.11,7.15,186655
BTTL,20260922,41.0,41.0,39.5,39.5,11160
BUILDPRO,20260922,1287.0,1344.0,1285.0,1310.8,110920
BURNPUR,20260922,16.79,16.79,16.12,16.12,27608
BUTTERFLY,20260922,580.0,585.75,559.75,562.3,38079
BVCL,20260922,41.35,43.2,40.7,41.57,38781
BYKE,20260922,31.0,31.0,29.65,30.31,10737
CALSOFT,20260922,40.75,40.8,39.09,39.64,285980
CAMLINFINE,20260922,99.0,100.5,96.0,96.45,1677989
CAMPUS,20260922,211.16,214.2,210.5,211.35,257451
CAMS,20260922,707.95,714.5,704.0,704.0,949770
CANBK,20260922,124.02,124.69,122.8,122.9,7064389
CANFINHOME,20260922,770.0,775.55,755.3,759.55,339027
CANHLIFE,20260922,154.0,154.45,151.63,153.4,425119
CANTABIL,20260922,241.0,243.0,238.0,238.85,112830
CAPACITE,20260922,195.32,197.71,194.02,194.73,146197
CAPILLARY,20260922,511.0,556.8,509.35,547.1,1529129
CAPITALSFB,20260922,281.8,282.4,277.2,281.3,11748
CAPLIPOINT,20260922,2768.9,2840.0,2762.1,2777.3,118478
CAPTRUST,20260922,19.5,19.5,18.74,19.5,3792
CARBORUNIV,20260922,1177.5,1239.8,1177.0,1211.3,970152
CARERATING,20260922,1622.0,1641.3,1605.6,1627.8,157788
CARRARO,20260922,529.0,551.0,529.0,542.3,146505
CARTRADE,20260922,2920.0,2973.6,2900.1,2907.9,196801
CARYSIL,20260922,1070.9,1080.9,1060.0,1065.3,76582
CASHIETF,20260922,1080.54,1080.56,1080.54,1080.54,130946
CASTROLIND,20260922,193.89,196.0,193.2,195.61,3487992
CCAVENUE,20260922,16.08,16.83,16.02,16.11,21347420
CCCL,20260922,13.55,13.79,13.55,13.6,109103
CCHHL,20260922,13.02,13.25,12.62,12.94,18869
CCL,20260922,1073.0,1074.5,1044.1,1050.0,156624
CDSL,20260922,1361.0,1374.0,1342.5,1348.0,721143
CEATLTD,20260922,3411.9,3422.0,3360.1,3401.4,54853
CEIGALL,20260922,381.7,381.7,369.1,377.2,375674
CEINSYS,20260922,713.0,715.0,690.0,701.5,75985
CELEBRITY,20260922,6.7,6.82,6.37,6.79,29456
CELLO,20260922,321.95,325.4,318.85,320.3,245545
CEMNTGROWW,20260922,13.89,14.35,13.89,14.3,30136
CEMPRO,20260922,1256.5,1319.3,1252.5,1319.3,316336
CENTENKA,20260922,571.9,584.0,565.2,567.4,19449
CENTEXT,20260922,19.57,19.79,18.35,18.63,346646
CENTRALBK,20260922,31.53,31.69,31.26,31.37,2768742
CENTRUM,20260922,22.19,22.34,21.3,21.43,232939
CENTUM,20260922,4745.0,4894.8,4640.0,4858.7,98747
CENTURYPLY,20260922,706.9,716.3,692.35,695.6,162121
CERA,20260922,5525.0,5579.5,5484.0,5501.0,5363
CESC,20260922,144.0,144.22,142.28,142.52,1319444
CEWATER,20260922,277.8,281.1,274.0,278.75,54231
CFEL,20260922,49.75,49.75,47.0,47.32,11513
CGCL,20260922,269.5,271.8,265.1,267.05,2002679
CGPOWER,20260922,915.65,926.1,896.1,896.1,2299693
CGVAK,20260922,151.0,151.0,141.0,145.41,2150
CHALET,20260922,858.05,888.9,857.0,872.35,141251
CHAMBLFERT,20260922,417.95,420.0,414.3,418.5,650166
CHEMBOND,20260922,190.2,198.99,185.25,192.77,15681
CHEMBONDCH,20260922,260.2,268.25,258.0,260.4,4460
CHEMCON,20260922,225.8,235.0,224.68,227.4,64232
CHEMCRUX,20260922,79.4,82.1,78.0,78.57,8574
CHEMFAB,20260922,367.45,367.45,352.1,354.0,3146
CHEMICAL,20260922,29.6,29.68,29.36,29.45,550652
CHEMPLASTS,20260922,181.0,202.45,178.5,198.67,7329815
CHENNPETRO,20260922,1375.5,1405.0,1362.0,1392.0,1113436
CHEVIOT,20260922,1160.1,1190.0,1156.1,1170.4,2309
CHOICEGOLD,20260922,150.9,150.99,149.0,149.56,5647
CHOICEIN,20260922,783.95,785.4,753.6,760.9,318303
CHOLAFIN,20260922,1769.9,1779.4,1756.8,1759.1,906681
CHOLAHLDNG,20260922,1476.0,1481.1,1442.8,1459.6,138445
CIEINDIA,20260922,396.8,398.1,389.1,390.6,173881
CIFL,20260922,20.29,21.7,20.1,21.27,268122
CINELINE,20260922,92.0,92.0,88.0,89.16,26334
CINEVISTA,20260922,14.2,16.15,14.05,14.51,150406
CIPLA,20260922,1386.3,1388.7,1364.5,1384.1,767139
CLEAN,20260922,840.0,843.0,830.55,833.2,195980
CLEANMAX,20260922,1349.5,1415.9,1340.3,1367.5,226917
CLEDUCATE,20260922,56.99,57.89,55.0,55.38,4261
CLSEL,20260922,291.65,296.9,291.65,293.4,28674
CMLL,20260922,480.85,495.0,475.15,490.9,348444
CMPDI,20260922,210.01,213.9,207.76,209.34,605161
CMRGREEN,20260922,231.0,238.85,227.75,229.49,642934
CMSINFO,20260922,232.95,235.74,230.55,234.62,474646
CNL,20260922,1148.0,1153.5,1098.1,1108.1,17470
COALINDIA,20260922,424.7,428.75,419.65,428.0,16676174
COASTCORP,20260922,39.49,39.49,37.93,38.19,35585
COCHINSHIP,20260922,1390.0,1411.0,1376.5,1388.9,830403
COCKERILL,20260922,8050.5,8289.5,8030.5,8178.0,3955
COFFEEDAY,20260922,30.49,31.32,30.01,30.59,325352
COFORGE,20260922,1814.0,1818.0,1784.4,1803.0,1220431
COHANCE,20260922,461.35,468.55,451.6,452.75,705248
COLPAL,20260922,1892.1,1892.3,1863.0,1869.0,200338
COMFINTE,20260922,5.89,5.89,5.72,5.8,117214
COMMOIETF,20260922,97.96,98.98,97.11,97.67,103277
COMPEAU,20260922,364.0,364.0,364.0,364.0,65
COMPINFO,20260922,1.06,1.11,1.01,1.08,19953
COMPUSOFT,20260922,13.79,13.79,13.07,13.24,17471
COMSYN,20260922,308.0,310.9,300.1,301.25,927179
CONCOR,20260922,489.5,489.5,466.7,467.0,2828067
CONCORDBIO,20260922,1588.0,1588.7,1522.8,1532.4,170913
CONFIPET,20260922,88.92,90.54,86.3,86.76,1813161
CONS,20260922,11.91,11.91,11.84,11.85,8035
CONSOFINVT,20260922,312.75,312.75,300.0,300.25,5574
CONSUMAXIS,20260922,118.55,119.27,118.47,118.47,1278
CONSUMBEES,20260922,129.5,129.5,127.51,128.23,28104
CONSUMER,20260922,11.85,11.88,11.8,11.84,40564
CONSUMIETF,20260922,119.56,119.97,119.0,119.04,8207
CONTROLPR,20260922,599.75,599.75,585.55,589.15,22760
CORALFINAC,20260922,32.5,32.99,31.5,32.14,9094
CORDELIA,20260922,114.49,115.47,111.33,112.18,1099605
CORDSCABLE,20260922,361.0,389.0,360.0,382.9,391036
COROMANDEL,20260922,1935.0,1953.4,1935.0,1944.9,77210
CORONA,20260922,2212.9,2215.7,2171.2,2181.5,10943
COSMOFIRST,20260922,865.0,879.95,856.2,862.75,28152
COUNCODOS,20260922,6.34,6.38,6.09,6.33,27955
CPCAP,20260922,160.5,160.5,151.11,151.7,38437
CPEDU,20260922,183.99,183.99,176.0,177.35,1229
CPL,20260922,63.75,65.36,62.1,62.7,23267
CPPLUS,20260922,3500.1,3656.4,3500.1,3649.5,317707
CPSEETF,20260922,90.4,93.52,90.4,92.94,663335
CRAFTSMAN,20260922,11006.0,11018.0,10556.0,10602.0,81543
CRAMC,20260922,231.6,234.75,226.2,227.9,551421
CRAVATEX,20260922,335.75,335.85,325.0,326.15,1385
CREATIVEYE,20260922,5.55,6.5,5.51,6.25,104668
CREDITACC,20260922,1400.0,1400.0,1354.0,1357.9,130909
CREST,20260922,368.5,385.0,362.0,363.7,2879
CRESTO,20260922,16.49,19.21,16.21,19.21,200316
CRISIL,20260922,4597.5,4677.8,4515.5,4559.8,76168
CRIZAC,20260922,176.99,180.25,176.2,177.03,104937
CROMPTON,20260922,224.75,225.71,221.76,222.0,2814418
CROWN,20260922,123.0,132.0,121.38,124.96,148899
CRSL,20260922,2.59,2.65,2.48,2.61,262202
CSBBANK,20260922,336.0,340.9,331.25,334.95,231055
CSLFINANCE,20260922,224.5,224.5,217.62,220.24,12304
CSM,20260922,112.0,112.0,103.06,105.15,525358
CTE,20260922,43.89,43.89,41.21,43.81,11979
CUB,20260922,234.9,235.78,226.0,227.21,2192380
CUBEXTUB,20260922,89.0,104.85,87.91,104.85,1043536
CUMMINSIND,20260922,5090.0,5128.5,4962.5,4962.5,314342
CUPID,20260922,251.0,265.5,246.0,258.2,43352836
CURAA,20260922,69.0,72.2,68.59,72.0,97
CYBERMEDIA,20260922,20.43,20.58,19.64,20.04,11638
CYBERTECH,20260922,135.9,139.45,135.5,138.36,15623
CYIENT,20260922,1064.8,1085.1,1032.0,1079.0,587228
CYIENTDLM,20260922,915.0,938.8,913.7,917.2,281857
DABUR,20260922,388.3,390.1,385.2,388.1,1352500
DAICHI,20260922,330.0,330.0,324.0,325.0,397
DALBHARAT,20260922,1764.0,1785.4,1736.3,1741.6,35465
DALMIASUG,20260922,385.0,400.0,384.75,388.1,145352
DAMCAPITAL,20260922,137.32,139.5,137.1,137.7,109917
DAMODARIND,20260922,28.05,29.15,27.7,28.87,1095
DANGEE,20260922,2.72,2.76,2.6,2.7,29077
DATAMATICS,20260922,773.0,776.0,755.15,765.3,38498
DATAPATTNS,20260922,4541.7,4640.0,4462.4,4484.9,401737
DAVANGERE,20260922,2.15,2.32,2.15,2.26,11390212
DBCORP,20260922,184.62,184.62,181.55,183.04,62503
DBEIL,20260922,7.24,7.28,6.93,7.0,410139
DBL,20260922,423.95,430.0,419.5,423.1,272116
DBOL,20260922,113.21,116.33,113.01,114.81,96815
DBREALTY,20260922,95.0,98.39,95.0,96.65,827941
DBSTOCKBRO,20260922,29.6,29.86,29.0,29.21,8974
DCAL,20260922,171.99,172.99,169.0,169.88,73638
DCBBANK,20260922,218.71,221.8,217.06,218.58,568379
DCI,20260922,273.0,283.3,273.0,275.85,54335
DCM,20260922,76.0,76.67,75.55,76.37,12046
DCMFINSERV,20260922,5.39,5.39,4.9,5.09,8377
DCMNVL,20260922,180.0,182.06,175.1,178.04,4551
DCMSHRIRAM,20260922,984.2,993.6,976.6,979.3,35282
DCMSIL,20260922,69.5,71.5,69.04,70.42,64277
DCMSRIND,20260922,38.1,39.13,37.6,37.87,227030
DCW,20260922,45.5,48.45,45.47,48.02,3396420
DCXINDIA,20260922,170.0,170.0,162.5,163.5,443850
DDEVPLSTIK,20260922,262.75,264.0,258.0,260.45,95768
DECCANCE,20260922,569.95,575.0,560.05,562.25,41769
DECNGOLD,20260922,217.99,226.5,217.02,225.17,1187001
DEEDEV,20260922,677.95,695.7,677.95,691.8,112901
DEEP,20260922,48.59,48.59,45.1,45.56,8005
DEEPA,20260922,184.0,192.0,181.94,188.43,2177575
DEEPAKFERT,20260922,1365.9,1386.7,1337.5,1340.4,165923
DEEPAKNTR,20260922,1605.1,1623.8,1593.4,1613.2,183682
DEEPINDS,20260922,732.1,765.55,731.25,761.6,362342
DEFENCE,20260922,79.02,79.8,78.8,79.24,190693
DELHIVERY,20260922,435.5,437.35,428.4,430.75,2292809
DELPHIFX,20260922,5.28,5.37,5.04,5.37,417786
DELTACORP,20260922,61.99,63.55,61.02,61.77,2802181
DELTAMAGNT,20260922,56.0,56.78,53.52,55.0,1288
DEN,20260922,26.75,26.8,26.06,26.26,197380
DENORA,20260922,814.9,820.9,792.8,798.4,1605
DENTA,20260922,277.25,279.45,271.1,272.65,91689
DEVIT,20260922,23.35,23.99,22.8,23.12,30918
DEVX,20260922,35.64,35.64,34.8,35.06,87156
DEVYANI,20260922,143.89,145.4,141.02,144.51,2365367
DGCONTENT,20260922,24.3,24.5,23.8,23.92,2454
DHABRIYA,20260922,498.0,516.45,494.0,505.25,6872
DHAMPURSUG,20260922,163.01,170.3,161.51,164.13,717925
DHANBANK,20260922,29.52,29.73,29.01,29.18,226911
DHANUKA,20260922,985.15,985.15,963.7,966.4,9208
DHARAN,20260922,0.14,0.15,0.14,0.14,6714108
DHARMAJ,20260922,283.3,288.4,278.3,281.6,42905
DHATRE,20260922,4.08,4.36,4.08,4.27,28145
DHOOTTRANS,20260922,1590.0,1679.0,1529.5,1653.2,2848268
DHRUV,20260922,21.79,21.79,20.7,21.57,5220
DHUNINV,20260922,995.8,1005.1,982.0,983.6,414
DIACABS,20260922,378.8,380.75,365.0,370.85,549133
DIAMINESQ,20260922,256.44,256.74,250.5,254.85,4769
DIAMONDYD,20260922,1110.8,1110.8,1089.3,1090.3,3469
DICIND,20260922,629.9,667.95,626.0,654.25,19144
DIFFNKG,20260922,445.85,449.95,436.95,441.6,95045
DIGIDRIVE,20260922,17.25,17.95,17.22,17.76,10299
DIGISPICE,20260922,16.55,16.8,16.2,16.4,57388
DIGITIDE,20260922,84.39,84.45,81.13,81.82,267976
DIGJAMLMTD,20260922,58.45,58.5,56.46,56.83,8395
DISAQ,20260922,11905.0,12188.0,11905.0,12185.0,67
DISHTV,20260922,2.48,2.52,2.43,2.5,1038239
DIVGIITTS,20260922,1126.1,1176.0,1105.3,1118.9,73787
DIVIDEND,20260922,34.85,34.87,34.75,34.86,3912
DIVISLAB,20260922,9444.0,9444.0,9315.5,9352.0,293688
DIVOPPBEES,20260922,75.2,75.2,74.3,74.58,20835
DIXON,20260922,13364.0,13434.0,12996.0,13084.0,400815
DJML,20260922,75.0,78.0,73.51,74.45,234675
DLF,20260922,662.0,671.9,659.05,669.5,5186082
DLINKINDIA,20260922,426.6,429.3,421.15,423.55,32294
DMART,20260922,3793.3,3830.5,3769.3,3777.0,473697
DMCC,20260922,286.8,297.9,283.8,290.65,93524
DNAMEDIA,20260922,2.53,2.57,2.37,2.55,32982
DODLA,20260922,1065.5,1086.3,1036.8,1047.6,34218
DOLATALGO,20260922,66.6,70.0,66.6,68.16,167707
DOLLAR,20260922,276.5,276.65,271.05,272.8,27774
DOLLEX,20260922,38.0,38.5,36.0,36.6,16696
DOLPHIN,20260922,694.0,745.0,668.4,724.3,205636
DOMS,20260922,2109.0,2111.7,2087.2,2098.8,19537
DONEAR,20260922,82.13,83.26,82.13,82.5,9673
DPABHUSHAN,20260922,1422.6,1475.4,1406.2,1469.4,39075
DPSCLTD,20260922,6.91,7.16,6.91,7.12,97907
DPWIRES,20260922,148.0,154.59,148.0,154.23,14883
DRAGARWQ,20260922,5241.0,5315.0,5180.0,5200.0,1448
DRCSYSTEMS,20260922,12.77,13.15,11.52,12.29,195714
DREAMFOLKS,20260922,63.48,64.48,62.57,63.04,57824
DREDGECORP,20260922,997.0,1035.0,984.4,993.8,160585
DRREDDY,20260922,1207.0,1222.0,1201.2,1211.0,3355097
DSFCL,20260922,28.68,28.81,28.0,28.81,120100
DSSL,20260922,1055.0,1059.0,1021.0,1022.2,23096
DTIL,20260922,145.33,146.0,142.8,142.9,2079
DUCON,20260922,1.41,1.46,1.36,1.46,3328520
DVL,20260922,285.15,292.5,282.6,283.25,3523
DWARKESH,20260922,40.7,42.66,40.7,41.68,2743999
DYCL,20260922,458.5,465.0,449.1,453.75,188194
DYNAMATECH,20260922,12205.0,12695.0,12102.0,12516.0,35975
DYNPRO,20260922,230.95,232.46,228.93,231.51,6561
E2E,20260922,599.0,606.0,595.0,604.95,343795
EASEMYTRIP,20260922,5.79,6.22,5.75,5.99,42659431
EASTSILK,20260922,62.15,65.25,62.15,65.25,5484
EASTWEST,20260922,2.35,2.42,2.24,2.3,107411
EBANK10,20260922,16.56,16.56,16.4,16.4,306
EBANKNIFTY,20260922,57.17,57.22,56.72,56.95,839
EBBETF0430,20260922,1604.41,1613.87,1604.41,1608.23,12362
EBBETF0431,20260922,1436.92,1437.56,1430.01,1432.9,1924
EBBETF0433,20260922,1306.65,1306.65,1302.01,1302.8,6496
EBGNG,20260922,695.0,710.0,684.1,692.3,676693
EBIX,20260922,18.45,19.75,18.43,18.43,124035
ECAPINSURE,20260922,23.7,23.74,23.5,23.57,11385
ECLERX,20260922,1965.0,1998.9,1908.3,1924.1,210085
ECORECO,20260922,425.0,429.45,416.1,422.9,10233
ECOSMOBLTY,20260922,109.67,111.18,108.0,108.62,34838
EDELWEISS,20260922,140.6,144.19,139.5,141.16,13480301
EFCIL,20260922,178.9,185.01,177.2,177.99,96963
EGOLD,20260922,151.45,152.1,150.4,151.1,24890
EICHERMOT,20260922,7519.0,7555.0,7427.0,7427.0,336400
EIDPARRY,20260922,704.95,704.95,694.0,695.55,179390
EIEL,20260922,203.9,207.0,200.5,201.07,383292
EIFFL,20260922,261.0,261.0,256.1,256.15,414
EIHAHOTELS,20260922,301.0,301.0,297.5,298.8,6173
EIHOTEL,20260922,309.0,309.0,302.6,303.9,107926
EIMCOELECO,20260922,2285.9,2333.8,2241.6,2256.1,15657
EKC,20260922,100.06,102.0,100.06,100.81,75429
EKI,20260922,70.89,70.89,67.11,68.79,12895
ELANTAS,20260922,14999.0,15150.0,14262.0,14410.0,1964
ELCIDIN,20260922,106000.0,106000.0,105000.0,105000.0,6
ELDEHSG,20260922,783.0,790.0,771.05,780.0,365
ELECON,20260922,413.95,424.95,413.75,420.55,225275
ELECTCAST,20260922,73.7,73.95,72.23,72.88,1213133
ELECTHERM,20260922,910.3,911.25,896.0,903.85,11398
ELGIEQUIP,20260922,612.85,623.9,607.65,608.95,306980
ELGIRUBCO,20260922,60.97,60.97,59.22,59.77,7429
ELIN,20260922,90.25,91.0,89.58,90.71,57844
ELIQUID,20260922,1048.68,1048.7,1048.68,1048.7,35927
ELITECON,20260922,8.17,8.76,8.05,8.74,15398398
ELLEN,20260922,375.9,382.6,342.9,357.1,1571584
ELM250,20260922,16.48,16.48,16.23,16.26,53297
ELMDIV,20260922,35.75,35.75,35.5,35.52,263
ELPROINTL,20260922,168.25,174.08,165.05,172.24,8639
EMAMILTD,20260922,384.9,392.0,380.55,390.0,1848450
EMAMIPAP,20260922,115.0,115.99,112.82,113.81,12695
EMAMIREAL,20260922,68.8,68.8,67.2,68.0,24259
EMBDL,20260922,61.0,63.8,58.2,58.43,5822899
EMCURE,20260922,2000.0,2010.3,1972.0,1975.0,41985
EMETAL,20260922,12.7,13.07,12.7,12.92,5192
EMIL,20260922,191.28,195.03,190.21,192.61,1941463
EMKAY,20260922,253.0,277.0,253.0,264.55,101420
EMMBI,20260922,88.55,91.0,86.0,90.89,21556
EMMVEE,20260922,343.0,346.8,338.3,339.75,1458115
EMPIND,20260922,1057.0,1060.5,1035.0,1038.1,941
EMPOWER,20260922,2.16,2.25,2.16,2.16,13600179
EMSLIMITED,20260922,365.7,370.45,360.1,365.25,144550
EMUDHRA,20260922,664.0,681.6,639.9,649.25,1234222
EMULTIMQ,20260922,41.68,41.84,41.32,41.52,30702
ENDURANCE,20260922,2756.4,2764.6,2687.8,2693.7,47437
ENERGY,20260922,38.94,38.94,37.97,38.02,91298
ENERGYAXIS,20260922,18.48,19.47,18.48,18.89,34831
ENERGYDEV,20260922,14.9,14.99,14.52,14.54,17512
ENEXT50,20260922,71.96,72.31,71.9,71.9,14
ENGINERSIN,20260922,286.7,304.95,281.5,302.55,23538487
ENIFTY,20260922,24.21,24.21,23.52,23.64,963
ENIL,20260922,100.9,101.54,99.1,99.64,16506
ENKEIWHEL,20260922,394.95,407.3,391.2,395.2,630
ENRIN,20260922,3225.1,3348.0,3217.6,3235.0,545192
ENTERO,20260922,1804.5,1865.1,1782.5,1841.8,262292
EPACK,20260922,179.8,184.9,179.8,181.55,340700
EPACKPEB,20260922,242.5,252.0,241.0,250.34,1057801
EPIGRAL,20260922,1115.0,1125.0,1095.2,1100.9,22809
EPL,20260922,241.1,241.1,234.95,236.65,1299475
EQUAL200,20260922,13.65,13.65,13.52,13.57,7792
EQUAL50,20260922,324.62,324.62,322.58,323.49,3425
EQUAL50ADD,20260922,335.27,335.64,333.08,334.34,8378
EQUIPPP,20260922,22.61,23.99,22.34,22.78,34980
EQUITASBNK,20260922,73.11,73.95,71.69,72.91,1575361
ERIS,20260922,1295.5,1300.0,1263.6,1271.2,50895
ESABINDIA,20260922,5561.0,5799.0,5558.0,5654.5,6061
ESAFSFB,20260922,39.35,39.97,38.5,39.46,269699
ESCORTS,20260922,2833.9,2848.3,2787.0,2793.6,28639
ESDS,20260922,1724.85,1724.85,1724.85,1724.85,158784
ESENSEX,20260922,75.6,75.6,74.95,75.4,383
ESG,20260922,40.3,40.39,40.09,40.09,25154
ESILVER,20260922,231.51,232.63,228.26,229.6,23570
ESSARSHPNG,20260922,16.49,16.49,15.43,15.63,156754
ESSENTIA,20260922,1.03,1.07,1.02,1.04,3587816
ESTER,20260922,87.17,88.4,86.45,87.11,24596
ETERNAL,20260922,337.7,342.0,334.65,342.0,22276945
ETHOSLTD,20260922,2593.8,2638.5,2555.6,2613.3,48788
EUREKAFORB,20260922,381.0,384.95,375.95,377.3,183218
EUROBOND,20260922,154.0,157.0,151.15,153.1,2636
EUROPRATIK,20260922,224.0,229.0,217.0,218.45,260706
EUROTEXIND,20260922,12.27,12.28,12.26,12.26,1372
EVEREADY,20260922,325.0,331.0,321.0,329.05,91573
EVERESTIND,20260922,423.5,438.8,415.5,432.45,7858
EVIETF,20260922,31.9,31.97,31.6,31.69,137555
EVINDIA,20260922,32.06,32.06,31.6,31.64,73252
EXCELINDUS,20260922,958.2,963.1,946.1,952.6,7504
EXCELSOFT,20260922,80.6,83.85,80.6,82.85,921406
EXICOM,20260922,162.75,165.49,160.4,161.44,549513
EXIDEIND,20260922,434.5,438.5,427.5,429.7,1869658
EXPLEOSOL,20260922,885.0,887.75,870.4,877.2,8135
EXXARO,20260922,6.34,6.34,6.21,6.23,114586
FABTECH,20260922,148.92,150.4,145.5,147.02,67544
FACT,20260922,800.0,808.3,792.5,798.45,106175
FAIRCHEMOR,20260922,644.8,658.0,632.1,636.6,3001
FAZE3Q,20260922,428.15,438.4,416.2,422.85,37589
FCL,20260922,56.7,58.68,55.89,57.39,20804868
FCSSOFT,20260922,1.41,1.41,1.37,1.38,1621095
FDC,20260922,363.4,363.4,355.0,356.5,77747
FEDDERSHOL,20260922,65.0,72.77,59.37,64.8,51021947
FEDERALBNK,20260922,332.3,334.85,325.5,327.0,5612786
FEDFINA,20260922,152.7,154.2,150.0,152.14,923446
FEL,20260922,0.36,0.37,0.36,0.36,158605
FELDVR,20260922,2.0,2.09,1.9,2.07,12814
FERMENTA,20260922,475.0,486.2,461.8,470.6,110202
FIBERWEB,20260922,26.27,26.48,25.56,26.14,7490
FIEMIND,20260922,1910.8,1925.1,1895.5,1906.7,46110
FILATEX,20260922,102.88,105.75,99.43,101.07,7326971
FILATFASH,20260922,0.18,0.18,0.17,0.17,11808473
FINCABLES,20260922,1409.9,1474.0,1404.3,1468.1,1670261
FINEORG,20260922,5155.0,5198.5,5079.5,5159.5,24450
FINIETF,20260922,32.28,32.33,31.9,32.0,139491
FINKURVE,20260922,71.39,71.5,69.74,70.39,37846
FINOPB,20260922,135.2,136.89,131.4,133.02,152627
FINPIPE,20260922,153.1,154.56,152.1,152.94,206950
FIRSTCRY,20260922,170.5,182.36,169.77,175.08,11963508
FISCHER,20260922,33.23,34.01,32.68,32.95,7482910
FIVESTAR,20260922,525.0,534.6,520.5,524.85,541837
FLAIR,20260922,239.0,244.19,234.0,241.29,122428
FLEXIADD,20260922,9.76,9.95,9.7,9.76,261971
FLEXITUFF,20260922,2.68,2.68,2.68,2.68,29023
FLFL,20260922,1.18,1.2,1.13,1.17,25841
FLUOROCHEM,20260922,4582.9,4590.0,4478.3,4487.2,47912
FMCGADD,20260922,46.14,46.22,45.62,45.84,7261
FMCGIETF,20260922,50.84,50.85,49.1,49.19,737924
FMGOETZE,20260922,439.85,449.4,439.85,446.75,121636
FMNL,20260922,8.89,9.14,8.41,8.43,144674
FOCUS,20260922,60.4,60.81,59.95,59.97,14610
FOODSIN,20260922,53.26,54.3,53.12,53.83,41389
FORCEMOT,20260922,17600.0,17600.0,17182.0,17275.0,64656
FORTIS,20260922,894.2,908.8,892.35,896.55,808369
FOSECOIND,20260922,6649.0,6779.5,6500.0,6562.0,19928
FRACTAL,20260922,767.0,775.0,756.05,761.4,225446
FREDUN,20260922,1325.0,1409.9,1325.0,1382.6,137800
FRONTSP,20260922,1182.5,1214.0,1150.5,1162.2,13399
FSL,20260922,270.3,274.8,268.3,269.5,407264
FUSION,20260922,185.4,187.25,181.98,183.6,233787
GABRIEL,20260922,1291.3,1495.0,1291.3,1471.4,7891064
GAEL,20260922,161.8,162.13,156.15,157.08,475136
GAIL,20260922,173.08,174.3,171.35,171.84,8361284
GAJA,20260922,162.51,163.76,157.52,159.34,1914226
GALAPREC,20260922,1054.0,1088.8,1039.0,1058.0,45642
GALAXYSURF,20260922,2200.0,2238.1,2169.0,2188.0,27241
GALLANTT,20260922,554.8,581.45,540.15,545.7,516798
GANDHAR,20260922,269.0,271.65,266.3,269.05,380656
GANDHITUBE,20260922,909.0,1046.6,906.15,1003.2,315988
GANECOS,20260922,1003.7,1025.2,993.4,998.4,43065
GANESHBE,20260922,125.8,127.95,125.0,125.22,153106
GANESHCP,20260922,172.0,172.01,165.75,166.59,112408
GANESHHOU,20260922,743.9,750.0,735.0,736.8,15648
GANGAFORGE,20260922,1.59,1.6,1.57,1.57,1700312
GANGESSECU,20260922,114.28,116.9,114.2,115.04,67
GARFIBRES,20260922,801.0,806.9,794.95,800.45,29629
GARUDA,20260922,175.5,182.8,175.5,181.56,617015
GATECH,20260922,0.79,0.79,0.79,0.79,11933993
GATECHDVR,20260922,0.5,0.5,0.47,0.48,262848
GATEWAY,20260922,52.98,52.98,52.05,52.28,691852
GAUDIUMIVF,20260922,112.01,114.1,109.25,111.35,281800
GAYAHWS,20260922,1.9,1.94,1.86,1.9,98199
GAYAPROJ,20260922,24.84,24.85,23.5,23.68,799991
GCSL,20260922,639.8,645.25,617.05,639.2,789628
GEECEE,20260922,377.0,378.0,370.0,373.85,2265
GEEKAYWIRE,20260922,31.5,33.5,30.5,32.73,517452
GEMAROMA,20260922,150.58,157.59,150.45,153.72,62073
GENCON,20260922,41.24,41.24,39.25,39.84,261394
GENESYS,20260922,282.0,286.98,273.5,280.1,482544
GENSOL,20260922,16.94,17.39,16.56,16.93,55091
GENUSPAPER,20260922,11.5,11.5,11.25,11.28,21443
GENUSPOWER,20260922,312.5,313.9,308.6,309.45,883342
GEOJITFSL,20260922,81.57,82.69,80.36,80.64,209758
GESHIP,20260922,1490.0,1495.1,1458.0,1462.0,859612
GFLLIMITED,20260922,57.0,58.49,56.65,56.95,38366
GFSTEELS,20260922,28.04,28.04,28.04,28.04,15794
GHCL,20260922,421.85,425.95,419.1,420.3,117521
GHCLTEXTIL,20260922,132.1,137.36,130.11,133.92,664643
GICHSGFIN,20260922,139.9,142.98,138.6,138.86,47067
GICL,20260922,23.74,23.74,22.46,23.33,132967
GICRE,20260922,346.3,348.4,340.3,341.2,451093
GILLANDERS,20260922,106.0,106.0,102.91,105.0,2693
GILLETTE,20260922,7045.0,7060.5,6988.0,7009.0,18255
GILT10BETA,20260922,26.68,26.68,26.3,26.6,95
GILT5BETA,20260922,66.46,66.59,65.84,66.59,313
GILT5YBEES,20260922,65.95,66.02,65.78,65.92,145399
GINNIFILA,20260922,42.0,42.0,41.2,41.6,12287
GIPCL,20260922,190.3,191.56,186.2,186.92,258472
GKB,20260922,69.11,76.02,67.11,68.37,86152
GKENERGY,20260922,128.36,130.5,127.1,127.77,753442
GKSL,20260922,184.99,185.21,173.01,175.17,2252924
GKWLIMITED,20260922,1572.7,1619.6,1560.0,1565.4,211
GLAND,20260922,2944.9,2968.4,2900.0,2916.6,124161
GLASSWALL,20260922,304.15,317.9,296.1,309.29,70304720
GLAXO,20260922,2862.7,2880.9,2840.0,2873.6,37100
GLENMARK,20260922,2460.4,2472.0,2443.0,2461.4,402355
GLFL,20260922,5.24,5.24,4.97,5.09,1446
GLOBAL,20260922,130.4,133.5,127.58,132.23,214321
GLOBALE,20260922,11.38,11.43,10.75,11.15,1219
GLOBALVECT,20260922,134.95,137.79,132.9,133.41,5110
GLOBE,20260922,2.25,2.33,2.19,2.22,1261268
GLOBECIVIL,20260922,42.87,43.99,42.02,43.66,25572
GLOBUSSPR,20260922,830.8,833.9,819.0,821.3,48747
GLOSTERLTD,20260922,588.0,588.0,563.1,572.15,393
GLOTTIS,20260922,57.99,58.5,57.01,57.41,12647
GMBREW,20260922,947.0,959.25,942.7,948.05,20472
GMDCLTD,20260922,562.2,565.95,557.0,563.65,726787
GMMPFAUDLR,20260922,1511.0,1516.2,1440.3,1462.3,327918
GMRAIRPORT,20260922,98.99,99.5,97.69,98.35,8095151
GMRP&UI,20260922,92.25,97.2,92.25,95.26,2027140
GNA,20260922,567.95,567.95,553.3,561.65,152556
GNFC,20260922,592.1,615.85,589.3,598.7,2063093
GNRL,20260922,99.1,100.2,96.3,98.42,735614
GOACARBON,20260922,389.2,396.35,383.95,386.9,24946
GOCLCORP,20260922,421.65,424.0,406.35,411.05,374867
GOCOLORS,20260922,306.1,310.8,305.9,307.9,31470
GODAVARIB,20260922,244.2,244.9,241.01,243.4,38955
GODFRYPHLP,20260922,1989.9,1997.1,1967.0,1970.0,96350
GODIGIT,20260922,241.45,243.6,237.15,241.85,1511491
GODREJAGRO,20260922,660.7,667.35,650.1,653.9,81790
GODREJCP,20260922,869.8,878.8,864.2,873.6,483682
GODREJIND,20260922,1101.7,1111.0,1090.6,1099.6,35951
GODREJPROP,20260922,1710.0,1732.0,1690.2,1699.5,473583
GOKEX,20260922,695.0,714.0,690.0,695.05,353650
GOKUL,20260922,39.7,40.65,39.61,40.4,147335
GOKULAGRO,20260922,221.97,223.81,220.1,221.15,158912
GOLD1,20260922,126.57,126.76,125.4,125.99,15280316
GOLD360,20260922,147.85,148.3,146.8,147.45,6641
GOLDADD,20260922,14.81,14.81,14.59,14.69,5061615
GOLDAXIS,20260922,126.5,126.77,125.08,125.84,2262010
GOLDBEES,20260922,125.56,125.57,124.28,125.0,21852347
GOLDBETA,20260922,127.9,127.9,126.6,127.25,460617
GOLDBND,20260922,151.0,152.47,150.15,151.21,50308
GOLDCASE,20260922,23.86,23.97,23.65,23.79,14811313
GOLDENTOBC,20260922,24.61,24.61,23.0,23.65,2764
GOLDETF,20260922,148.0,148.0,146.2,146.96,1145706
GOLDIAM,20260922,324.0,326.55,318.65,319.8,381738
GOLDIETF,20260922,130.0,130.11,128.7,129.42,6958253
GOLDTECH,20260922,41.1,43.31,41.1,41.99,36739
GOODLUCK,20260922,525.9,541.25,523.0,538.05,827953
GOODYEAR,20260922,708.9,714.2,700.6,706.25,3588
GOPAL,20260922,258.4,259.65,255.3,258.35,35086
GOYALALUM,20260922,6.29,6.29,5.9,5.97,70853
GPIL,20260922,239.0,239.0,232.2,232.89,1398629
GPPL,20260922,165.9,166.95,163.6,164.41,819136
GPTHEALTH,20260922,163.99,166.78,162.0,162.79,60740
GPTINFRA,20260922,117.6,119.5,117.5,118.16,152627
GRADIENTE,20260922,2.42,2.46,2.3,2.37,310681
GRANDOAK,20260922,34.69,34.69,32.76,33.6,2503
GRANULES,20260922,876.0,876.6,853.9,864.05,640982
GRAPHITE,20260922,819.9,832.65,811.0,827.75,1332319
GRASIM,20260922,3171.0,3180.8,3125.0,3128.2,692941
GRAUWEIL,20260922,85.17,86.43,82.9,83.24,476150
GRAVISSHO,20260922,34.53,36.32,34.53,34.53,5300
GRAVITA,20260922,1585.1,1596.6,1560.0,1564.9,198743
GREAVESCOT,20260922,198.99,205.7,198.06,199.67,2267387
GREENLAM,20260922,229.9,234.99,225.0,226.17,22030
GREENPANEL,20260922,168.27,176.54,168.27,170.18,857586
GREENPLY,20260922,290.95,297.7,289.05,296.65,295075
GREENPOWER,20260922,9.09,9.18,8.97,9.0,1950021
GRINDWELL,20260922,1985.0,2018.0,1933.0,1941.9,57640
GRINFRA,20260922,820.2,828.0,793.6,805.15,67733
GRMOVER,20260922,82.43,82.65,80.11,80.59,1070563
GROBTEA,20260922,919.8,919.8,850.0,904.2,711
GROWW,20260922,190.1,190.5,188.1,189.18,14342042
GROWWCAPM,20260922,11.14,11.19,11.11,11.16,252556
GROWWCHEM,20260922,29.0,29.7,29.0,29.27,22198
GROWWDEFNC,20260922,94.02,95.32,93.74,94.27,116798
GROWWEV,20260922,31.8,31.92,31.29,31.41,243425
GROWWGOLD,20260922,14.8,14.86,14.68,14.75,2180086
GROWWHOSPI,20260922,53.16,53.29,52.57,52.85,162188
GROWWLIQID,20260922,110.84,110.85,110.84,110.84,320946
GROWWLOVOL,20260922,10.32,10.32,10.04,10.18,10850
GROWWMC150,20260922,230.67,230.73,226.42,227.56,4199
GROWWMETAL,20260922,12.6,12.6,12.27,12.36,127942
GROWWMOM50,20260922,10.99,11.01,10.83,10.88,38960
GROWWN200,20260922,11.2,11.2,11.01,11.05,44483
GROWWNET,20260922,11.05,11.2,10.89,11.11,793359
GROWWNIFTY,20260922,9.73,9.73,9.43,9.47,583316
GROWWNXT50,20260922,73.04,73.04,71.23,71.52,7901
GROWWPOWER,20260922,11.44,11.44,11.12,11.17,1157658
GROWWPSE,20260922,98.0,98.0,96.37,96.99,1892
GROWWPSUBK,20260922,83.64,84.58,82.5,82.64,5789
GROWWRAIL,20260922,27.46,27.46,27.05,27.16,278757
GROWWRLTY,20260922,9.69,9.7,9.36,9.56,215291
GROWWSC250,20260922,10.63,10.63,10.51,10.54,68472
GROWWSLVR,20260922,22.65,22.8,22.39,22.56,1392509
GRPLTD,20260922,1970.7,2003.9,1969.0,2000.0,1422
GRSE,20260922,2390.2,2459.2,2386.9,2399.7,584333
GRWRHITECH,20260922,6450.0,6502.0,6302.0,6366.5,48819
GSEC10ABSL,20260922,112.1,112.1,112.1,112.1,10
GSEC10IETF,20260922,263.57,264.6,261.46,264.6,71
GSEC10YEAR,20260922,30.26,30.37,30.11,30.12,450
GSEC5IETF,20260922,66.15,66.32,65.67,66.09,21662
GSFC,20260922,151.36,153.8,151.0,152.19,626935
GSLSU,20260922,30.09,30.91,29.84,30.91,112033
GSPCROP,20260922,493.8,493.8,482.55,484.9,238074
GSS,20260922,11.17,11.17,10.36,10.54,36992
GTECJAINX,20260922,26.39,29.02,26.39,28.43,9492
GTL,20260922,7.04,7.09,6.81,6.99,191858
GTLINFRA,20260922,1.13,1.14,1.11,1.12,30228187
GTPL,20260922,55.88,55.88,54.6,55.06,23773
GUFICBIO,20260922,440.4,449.0,434.55,442.15,61868
GUJALKALI,20260922,628.0,635.95,617.05,626.55,78981
GUJAPOLLO,20260922,346.9,349.0,336.1,337.4,7101
GUJENERGY,20260922,239.89,239.89,229.5,230.4,2054302
GUJRAFFIA,20260922,40.01,40.98,39.05,39.21,1636
GUJTHEM,20260922,414.95,416.95,408.0,411.65,245616
GULFOILLUB,20260922,1058.6,1065.3,1046.0,1050.9,23913
GULFPETRO,20260922,62.75,64.1,60.0,63.45,116083
GULPOLY,20260922,169.52,173.99,169.52,173.1,131794
GVKPIL,20260922,2.49,2.49,2.49,2.49,370675
GVPIL,20260922,698.0,711.9,670.1,673.1,312168
GVPTECH,20260922,7.2,7.41,7.2,7.39,34739
GVT&D,20260922,4420.0,4513.5,4348.0,4348.0,545018
GYFTR,20260922,171.58,171.58,167.0,168.5,33108
HAL,20260922,4834.8,4879.5,4776.2,4800.0,548249
HALDER,20260922,296.9,296.9,273.7,277.3,26279
HALDYNGL,20260922,141.35,145.85,141.35,143.05,32133
HALEOSLABS,20260922,1485.0,1539.4,1485.0,1500.0,339
HAMPTON,20260922,8.22,8.22,7.9,8.17,8908
HAPPSTMNDS,20260922,319.0,320.15,311.6,313.4,879998
HAPPYFORGE,20260922,2109.1,2124.4,2076.1,2108.5,99354
HARDWYN,20260922,9.2,9.24,9.03,9.09,289352
HARIOMPIPE,20260922,363.8,374.0,358.5,361.85,127395
HARRMALAYA,20260922,181.87,181.87,176.1,176.66,4078
HARSHA,20260922,472.55,475.0,461.35,465.1,187169
HATHWAY,20260922,9.95,10.08,9.95,9.99,1017873
HATSUN,20260922,1130.0,1180.9,1128.0,1168.0,47379
HAVELLS,20260922,1103.6,1109.4,1086.0,1088.9,252772
HAVISHA,20260922,1.34,1.37,1.31,1.36,33997
HAWKINCOOK,20260922,8200.0,8259.5,7951.0,8009.5,4227
HAZOOR,20260922,19.0,19.94,18.81,19.11,430931
HBESD,20260922,71.51,74.9,66.5,70.52,720
HBLENGINE,20260922,751.0,778.0,746.0,767.15,1613557
HBPOR,20260922,61.5,62.1,55.01,61.99,204
HBSL,20260922,53.0,54.5,53.0,54.45,6255
HCC,20260922,21.84,22.31,21.61,21.67,14710707
HCG,20260922,701.35,715.7,696.85,713.1,99348
HCL-INSYS,20260922,10.69,11.24,10.69,10.79,531935
HCLTECH,20260922,1280.0,1286.1,1240.3,1270.4,2680986
HDBFS,20260922,680.95,684.1,672.75,674.55,153222
HDFCAMC,20260922,2438.2,2451.8,2414.1,2430.0,481994
HDFCBANK,20260922,738.85,749.3,738.6,738.6,35483669
HDFCBSE500,20260922,37.08,37.09,36.63,36.79,1159363
HDFCGOLD,20260922,129.53,129.92,128.47,129.26,3410806
HDFCGROWTH,20260922,114.81,114.82,114.01,114.34,14004
HDFCLIFE,20260922,560.55,567.4,559.05,559.2,1788405
HDFCLIQUID,20260922,1078.9,1078.92,1078.9,1078.92,27281
HDFCLOWVOL,20260922,20.29,20.29,19.91,19.96,3253
HDFCMID150,20260922,23.25,23.25,23.05,23.16,498977
HDFCMOMENT,20260922,30.79,30.83,30.5,30.69,198472
HDFCNEXT50,20260922,73.99,74.07,73.54,73.66,99490
HDFCNIF100,20260922,25.53,25.53,25.21,25.31,66513
HDFCNIFBAN,20260922,58.4,58.4,57.84,58.03,45977
HDFCNIFIT,20260922,31.55,31.55,30.35,30.49,1173850
HDFCNIFTY,20260922,271.4,271.4,263.1,263.97,131748
HDFCNIMEG,20260922,130.17,130.46,129.12,129.68,2207
HDFCPSUBK,20260922,84.28,84.29,83.19,83.44,15620
HDFCPVTBAN,20260922,27.87,28.06,27.82,27.88,46295
HDFCQUAL,20260922,55.82,57.1,55.82,56.82,15973
HDFCSENSEX,20260922,87.17,87.17,84.51,84.8,33409
HDFCSILVER,20260922,222.05,222.22,218.18,220.07,3187602
HDFCSML250,20260922,183.0,186.43,182.2,183.98,981864
HDFCVALUE,20260922,122.4,122.5,121.14,121.26,8667
HDIL,20260922,1.46,1.48,1.45,1.45,78369
HEADSUP,20260922,6.89,6.91,6.66,6.77,3446
HEALTHADD,20260922,17.07,17.32,16.88,16.9,9214
HEALTHAXIS,20260922,171.35,171.35,170.1,171.22,639
HEALTHCARE,20260922,22.5,22.5,21.83,21.9,38218
HEALTHIETF,20260922,173.01,173.8,171.0,171.77,125259
HEALTHX,20260922,297.0,303.0,287.0,289.4,8261
HEALTHY,20260922,17.33,17.45,17.2,17.24,412294
HECPROJECT,20260922,117.26,118.95,114.1,115.68,11252
HEGAM,20260922,247.0,248.0,229.5,232.9,1096045
HEIDELBERG,20260922,141.7,142.98,140.44,141.13,69280
HEMIPROP,20260922,120.02,121.54,118.55,119.16,326039
HERANBA,20260922,169.75,169.85,165.0,166.47,19818
HERITGFOOD,20260922,422.4,426.2,412.8,414.7,234231
HEROMOTOCO,20260922,5424.0,5443.0,5368.0,5373.0,542248
HESTERBIO,20260922,2184.8,2235.9,2166.1,2178.7,1267
HEXAGON,20260922,65.35,67.0,64.55,65.07,203283
HEXATRADEX,20260922,160.9,160.9,157.1,158.81,601
HEXT,20260922,513.1,515.6,503.0,504.2,274878
HFCL,20260922,218.1,224.81,218.1,221.06,6521319
HGINFRA,20260922,442.65,452.4,440.05,444.45,70448
HGM,20260922,47.5,48.5,40.0,42.66,66926
HGS,20260922,376.1,386.15,376.1,379.65,11133
HIKAL,20260922,229.5,234.0,225.2,227.0,736129
HILINFRA,20260922,44.3,44.3,43.02,43.26,33250
HILTON,20260922,17.0,17.0,16.46,16.59,157941
HIMATSEIDE,20260922,63.25,64.0,61.09,63.21,1370385
HINDADH,20260922,391.9,391.9,375.25,384.45,2862
HINDALCO,20260922,987.0,987.5,967.1,973.0,3336085
HINDALUMI,20260922,94.0,96.5,91.25,94.08,1945
HINDCOMPOS,20260922,380.5,383.75,371.5,376.55,2234
HINDCON,20260922,24.37,25.5,24.37,24.73,59407
HINDCOPPER,20260922,510.05,521.7,507.1,508.2,7778716
HINDOILEXP,20260922,176.5,177.48,174.0,174.83,370465
HINDPETRO,20260922,359.2,365.2,354.7,360.7,5830757
HINDUNILVR,20260922,1952.0,1956.8,1933.8,1933.8,1023040
HINDWAREAP,20260922,175.0,178.69,174.0,174.77,41766
HINDZINC,20260922,591.8,599.95,590.15,590.5,3894528
HIRECT,20260922,1249.9,1295.9,1235.0,1242.2,51959
HISARMETAL,20260922,158.0,162.69,155.35,156.05,1158
HITECH,20260922,74.96,75.85,74.0,74.62,499235
HITECHCORP,20260922,328.0,333.0,327.4,329.75,10653
HITECHGEAR,20260922,531.05,546.0,531.05,534.25,901
HLEGLAS,20260922,479.9,483.4,445.75,445.75,431598
HLVLTD,20260922,6.7,6.74,6.29,6.4,546868
HMAAGRO,20260922,24.41,24.41,23.36,23.72,2088829
HMT,20260922,63.9,65.5,63.13,64.35,6857
HMVL,20260922,82.67,83.5,80.8,82.21,7506
HNDFDS,20260922,617.75,625.9,613.05,622.15,41151
HNGSNGBEES,20260922,465.4,466.98,462.16,462.58,46908
HOMEFIRST,20260922,1255.0,1255.0,1190.0,1212.5,308917
HONASA,20260922,474.0,476.6,472.0,473.65,463681
HONAUT,20260922,34685.0,34890.0,33950.0,34025.0,2713
HONDAPOWER,20260922,1920.6,1938.0,1910.0,1916.5,1669
HORIZONIND,20260922,52.74,53.5,52.02,52.76,4274349
HPAL,20260922,36.65,36.65,35.26,35.39,27400
HPIL,20260922,120.0,120.01,115.01,118.71,397
HPL,20260922,283.3,291.45,278.2,279.85,102152
HRYNSHP,20260922,92.01,100.95,92.01,99.85,332
HSBCGOLD,20260922,131.74,133.0,130.51,131.14,4741
HSCL,20260922,676.35,678.7,668.05,669.45,2081157
HTEL,20260922,73.39,74.48,70.15,70.96,1699824
HTMEDIA,20260922,24.05,24.75,23.77,24.45,77379
HUBTOWN,20260922,175.73,179.25,175.06,175.61,225987
HUDCO,20260922,173.5,174.49,171.99,172.4,970859
HUHTAMAKI,20260922,243.95,249.05,242.0,246.55,92529
HYBRIDETF,20260922,10.02,10.02,9.92,9.98,3286
HYBRIDFIN,20260922,16.6,16.79,16.42,16.69,3787
HYUNDAI,20260922,2145.0,2152.8,2097.6,2101.0,462118
IBULLSLTD,20260922,29.0,29.9,28.66,29.51,7641378
ICDSLTD,20260922,61.85,61.9,59.0,61.9,9062
ICEMAKE,20260922,693.0,709.0,689.9,702.1,14608
ICICIAMC,20260922,3207.0,3216.1,3141.0,3151.2,335076
ICICIB22,20260922,109.84,113.61,109.84,112.46,267853
ICICIBANK,20260922,1343.0,1347.2,1333.8,1339.6,6433249
ICICIGI,20260922,1511.0,1513.8,1480.0,1480.0,690497
ICICIPRULI,20260922,495.9,497.9,486.05,486.65,517509
ICIL,20260922,436.25,453.15,436.25,448.9,400281
ICRA,20260922,4558.0,4607.9,4552.0,4579.8,64757
IDBI,20260922,83.25,84.0,82.7,82.88,4998773
IDEA,20260922,13.89,14.36,13.71,14.27,527812273
IDEAFORGE,20260922,765.0,775.95,727.75,741.4,216245
IDFCFIRSTB,20260922,85.64,86.1,84.9,85.37,7198920
IDFNIFTYET,20260922,259.85,259.97,257.59,259.13,791
IEX,20260922,113.82,114.12,112.12,112.9,4454976
IFBAGRO,20260922,874.05,880.0,860.0,865.7,1783
IFBIND,20260922,1220.0,1238.0,1210.5,1213.1,16131
IFCI,20260922,74.45,77.08,73.91,75.94,67877909
IFGLEXPOR,20260922,197.15,200.0,193.2,194.65,38262
IGARASHI,20260922,426.0,432.15,421.2,424.0,43387
IGCL,20260922,65.0,67.08,64.11,64.85,102898
IGIL,20260922,324.0,332.25,323.2,326.95,1036006
IGL,20260922,148.71,148.99,145.5,146.68,2535771
IGPL,20260922,585.0,585.0,558.7,563.4,65381
IIFL,20260922,608.0,620.0,604.0,617.55,1734500
IIFLCAPS,20260922,344.5,345.9,342.0,345.05,284144
IITL,20260922,142.78,163.0,140.16,143.4,93108
IKIO,20260922,213.68,216.8,203.83,205.98,266100
IKS,20260922,1771.7,1886.0,1771.3,1869.2,486580
IL&FSENGG,20260922,43.8,43.8,41.01,42.41,38786
IL&FSTRANS,20260922,1.95,2.0,1.86,1.86,108343
IMAGICAA,20260922,53.05,54.1,52.03,52.4,462703
IMFA,20260922,1240.0,1270.0,1238.0,1252.8,76934
IMPAL,20260922,1084.0,1129.0,1071.0,1075.0,1353
IMPEXFERRO,20260922,5.75,5.8,5.75,5.8,23462
INA,20260922,91.05,95.9,91.05,92.56,755835
INCREDIBLE,20260922,33.01,33.01,32.32,32.51,786
INDBANK,20260922,25.7,25.95,25.5,25.65,14492
INDGN,20260922,596.0,600.35,588.0,592.1,192223
INDHOTEL,20260922,749.4,749.4,735.75,736.25,1255870
INDIACEM,20260922,348.6,348.6,339.6,340.65,97438
INDIAGLYCO,20260922,257.8,258.5,252.0,253.6,284894
INDIAMART,20260922,1635.0,1645.0,1630.0,1635.2,39293
INDIANB,20260922,844.95,850.8,835.5,840.8,498899
INDIANCARD,20260922,207.11,213.0,207.08,212.95,641
INDIANHUME,20260922,364.0,377.0,359.0,367.9,61624
INDIASHLTR,20260922,680.0,681.15,660.7,662.15,48202
INDIGO,20260922,5000.0,5064.0,4943.0,5030.0,873833
INDIGOPNTS,20260922,1131.0,1149.9,1117.0,1142.0,48417
INDIQUBE,20260922,190.81,192.29,183.85,187.96,67403
INDNIPPON,20260922,1254.0,1276.0,1226.8,1237.0,38127
INDOAMIN,20260922,135.8,138.65,132.87,134.8,96970
INDOBORAX,20260922,467.0,473.95,461.0,463.55,32044
INDOCO,20260922,259.25,262.99,253.1,254.51,149543
INDOFARM,20260922,142.0,144.29,139.0,139.9,84078
INDOKEM,20260922,625.0,640.0,601.65,607.2,3087
INDOMIM,20260922,1155.0,1248.0,1146.65,1233.3,8175941
INDORAMA,20260922,106.18,112.3,102.26,103.57,4610713
INDOSTAR,20260922,234.55,237.37,230.0,231.58,35719
INDOTECH,20260922,3313.5,3359.9,3249.1,3279.0,11936
INDOTHAI,20260922,34.0,34.79,32.38,32.38,1578498
INDOUS,20260922,79.7,79.7,78.0,78.99,4002
INDOWIND,20260922,9.06,9.14,8.85,9.0,84149
INDPRUD,20260922,6273.0,6273.0,6271.0,6273.0,21
INDRAMEDCO,20260922,369.5,369.65,357.0,360.95,148051
INDSWFTLAB,20260922,388.0,417.0,386.2,405.55,2018474
INDTERRAIN,20260922,29.02,29.52,28.63,29.2,13764
INDUSINDBK,20260922,959.0,963.5,949.3,955.0,971946
INDUSTOWER,20260922,377.65,382.1,373.65,382.1,3537704
INFOBEAN,20260922,153.88,153.88,150.45,151.05,115367
INFOMEDIA,20260922,5.65,5.65,5.16,5.34,10392
INFRA,20260922,11.92,11.92,11.78,11.78,12256
INFRABEES,20260922,940.97,944.47,929.88,931.64,7995
INFRAIETF,20260922,93.4,93.78,92.65,93.09,67131
INFY,20260922,1037.7,1041.0,1019.2,1029.4,9341109
INGERRAND,20260922,4210.0,4249.0,4140.0,4146.7,14361
INNOVACAP,20260922,1207.6,1237.9,1204.2,1226.7,56049
INNOVANA,20260922,307.0,307.9,291.05,295.3,44589
INNOVISION,20260922,253.6,255.95,250.85,254.45,5564
INOXGREEN,20260922,172.34,175.9,169.26,171.41,1945949
INOXINDIA,20260922,2130.7,2175.5,2097.7,2133.7,376256
INOXWIND,20260922,78.03,78.89,77.4,77.9,10089416
INSECTICID,20260922,598.95,616.85,596.5,611.6,37873
INSPIRISYS,20260922,89.79,89.79,87.0,88.99,1156
INSUREIETF,20260922,15.44,16.0,15.09,15.17,427861
INTELLECT,20260922,660.5,664.65,644.95,647.75,466891
INTENTECH,20260922,81.0,85.88,79.0,81.35,38938
INTERARCH,20260922,1715.0,1733.7,1692.0,1701.6,32052
INTERNET,20260922,14.86,15.0,14.8,14.97,321002
INTLCONV,20260922,75.22,78.3,75.22,77.86,41166
INVENTURE,20260922,0.89,0.91,0.89,0.89,1112088
INVPRECQ,20260922,1395.3,1395.3,1395.3,1395.3,4183
IOB,20260922,32.06,32.2,31.85,31.92,1483150
IOC,20260922,137.53,139.3,136.8,137.8,11156453
IOLCP,20260922,203.05,206.19,193.46,200.39,2518148
IONEXCHANG,20260922,432.25,442.95,422.9,429.8,197060
IPCALAB,20260922,2015.5,2037.0,1980.0,1992.4,122345
IPL,20260922,135.8,135.9,133.2,133.47,173144
IPRINGLTD,20260922,137.0,138.99,132.0,135.95,2867
IRB,20260922,18.1,18.27,17.93,17.98,16358591
IRCON,20260922,109.0,110.9,108.66,109.09,1704761
IRCTC,20260922,472.0,474.6,466.35,469.65,431674
IREDA,20260922,111.25,112.19,110.0,110.25,2673698
IRFC,20260922,80.51,80.8,79.8,80.0,4813566
IRIS,20260922,246.5,248.99,232.5,236.43,25387
IRISDOREME,20260922,64.81,68.0,63.2,66.24,2598455
IRMENERGY,20260922,269.0,273.0,267.6,268.35,39213
ISFT,20260922,93.98,108.24,91.65,104.02,385240
ISGEC,20260922,851.4,859.4,835.0,840.75,64283
ISHANCH,20260922,53.35,53.39,50.0,50.78,73746
ISTLTD,20260922,652.0,680.0,642.5,675.75,1091
IT,20260922,32.1,32.11,31.55,31.78,588058
ITADD,20260922,30.55,30.55,30.12,30.45,22170
ITAXIS,20260922,325.48,325.48,313.0,315.69,2172
ITBEES,20260922,32.34,32.34,31.55,31.77,11585503
ITBETA,20260922,301.33,309.0,299.3,309.0,540
ITC,20260922,267.9,268.25,264.75,265.8,7177847
ITCHOTELS,20260922,157.0,159.78,157.0,158.6,1872495
ITDC,20260922,651.95,723.7,651.0,705.75,3480946
ITETF,20260922,30.6,30.6,30.09,30.33,531253
ITI,20260922,255.35,257.8,252.8,253.25,182578
ITIETF,20260922,32.13,32.19,31.58,31.82,583650
ITL,20260922,367.35,369.9,361.1,365.75,1430
IVALUE,20260922,224.79,229.8,221.22,225.48,165371
IVC,20260922,7.83,7.99,7.72,7.78,153235
IVP,20260922,224.9,232.0,221.3,230.81,21798
IVZBANKNF,20260922,56.54,56.57,56.15,56.24,35
IVZINGOLD,20260922,132.0,132.1,130.65,131.55,47281
IVZINNIFTY,20260922,269.7,269.7,267.61,268.0,102
IVZSENSEX,20260922,77.0,77.0,74.6,74.6,2559
IWP,20260922,34.18,34.5,33.66,34.47,2747
IXIGO,20260922,161.85,165.26,160.65,163.28,892824
IZMO,20260922,934.0,979.9,929.2,931.55,189787
J&KBANK,20260922,146.11,147.9,145.26,145.94,832954
JAGRAN,20260922,62.9,62.94,62.01,62.44,109716
JAGSNPHARM,20260922,226.81,230.09,224.1,225.68,29107
JAIBALAJI,20260922,64.01,65.63,64.01,64.33,233054
JAICORPLTD,20260922,95.05,96.39,92.9,94.25,287511
JAINREC,20260922,274.95,299.8,274.85,291.25,15629652
JAIPURKURT,20260922,25.3,25.3,24.1,24.79,9986
JAMNAAUTO,20260922,129.4,131.4,127.27,127.99,1646548
JARO,20260922,474.85,483.2,457.3,460.4,80130
JASH,20260922,583.0,603.0,576.35,584.75,2189614
JAYAGROGN,20260922,232.0,238.0,227.67,233.47,12637
JAYBARMARU,20260922,109.01,112.7,108.45,110.58,244474
JAYKAY,20260922,189.0,194.99,186.46,189.5,1302037
JAYNECOIND,20260922,91.74,92.1,89.81,90.28,1316788
JAYSREETEA,20260922,90.3,90.81,88.5,88.75,19817
JBMA,20260922,592.0,606.95,591.0,593.15,324713
JENBURPH,20260922,997.5,997.7,949.8,957.2,2235
JETFREIGHT,20260922,22.3,22.82,21.11,22.15,571916
JGCHEM,20260922,622.0,644.4,606.1,610.35,314170
JHS,20260922,8.54,8.88,8.2,8.34,83247
JINDALPHOT,20260922,1129.9,1129.9,1088.0,1097.2,925
JINDALPOLY,20260922,743.95,748.0,712.1,721.9,18243
JINDALSAW,20260922,293.35,296.55,285.7,286.45,873761
JINDALSTEL,20260922,1135.0,1147.5,1131.0,1141.0,891592
JINDRILL,20260922,576.0,592.4,576.0,587.65,178381
JINDWORLD,20260922,50.46,53.5,49.7,52.22,15568112
JIOFIN,20260922,231.3,234.0,229.34,230.7,8586144
JISLDVREQS,20260922,21.49,21.49,20.4,20.53,37989
JISLJALEQS,20260922,31.09,31.34,28.85,28.93,7791317
JITFINFRA,20260922,280.3,289.4,280.3,282.7,12947
JKCEMENT,20260922,5090.5,5175.0,5050.0,5104.0,19306
JKIL,20260922,484.3,486.0,472.8,478.0,71045
JKIPL,20260922,101.9,102.79,97.55,99.24,6931
JKLAKSHMI,20260922,515.75,523.0,507.0,507.8,62075
JKPAPER,20260922,423.45,425.85,415.0,416.4,245359
JKTYRE,20260922,348.75,352.55,345.15,346.5,478597
JLHL,20260922,276.0,278.95,273.4,274.8,54029
JMA,20260922,90.79,91.6,89.29,90.82,11615
JMFINANCIL,20260922,126.26,128.5,126.0,126.31,1411675
JNKINDIA,20260922,409.9,420.0,405.0,413.95,83207
JNPR,20260922,270.5,275.7,266.4,268.7,423701
JOCIL,20260922,146.0,157.76,143.02,146.4,3829
JPOLYINVST,20260922,984.35,989.95,970.3,972.75,1503
JPPOWER,20260922,16.55,16.57,16.02,16.17,107197215
JSFB,20260922,535.0,549.85,532.0,533.7,1228918
JSL,20260922,749.0,750.1,738.5,743.45,890183
JSLL,20260922,507.1,530.75,507.1,515.4,504867
JSWCEMENT,20260922,117.0,118.1,115.91,116.7,3073613
JSWDULUX,20260922,3173.8,3192.0,3122.5,3137.1,26982
JSWENERGY,20260922,517.0,522.05,515.35,518.0,1108603
JSWHL,20260922,11151.0,11424.0,11038.0,11219.0,2737
JSWINFRA,20260922,351.45,375.5,351.3,367.6,17124150
JSWSTEEL,20260922,1274.7,1277.5,1264.4,1267.0,874592
JTEKTINDIA,20260922,115.67,117.32,115.6,116.49,64920
JTLIND,20260922,89.05,91.52,88.6,89.21,1285481
JUBLCPL,20260922,2129.4,2132.9,2053.3,2099.1,5028
JUBLFOOD,20260922,487.65,495.9,487.0,491.1,1745967
JUBLINGREA,20260922,631.0,637.8,613.35,617.6,216018
JUBLPHARMA,20260922,1052.6,1079.05,1045.4,1070.85,192545
JUNIORBEES,20260922,786.06,786.07,777.0,778.55,232951
JUNIPER,20260922,225.0,229.0,220.84,222.8,118013
JUSTDIAL,20260922,682.95,694.0,675.05,682.6,124991
JWL,20260922,230.0,232.9,227.51,228.63,657865
JYOTHYLAB,20260922,195.17,196.0,193.55,193.97,168293
JYOTICNC,20260922,1110.05,1114.0,1072.25,1084.3,1090012
JYOTIRES,20260922,842.5,859.25,832.8,840.0,5238
JYOTISTRUC,20260922,9.08,9.33,9.08,9.19,2694027
KABRAEXTRU,20260922,676.1,683.3,662.0,666.25,96279
KAJARIACER,20260922,1203.9,1205.3,1176.6,1183.6,126005
KAKATCEM,20260922,110.4,110.4,105.1,109.75,2050
KALAMANDIR,20260922,79.53,79.96,77.51,78.08,352318
KALPATARU,20260922,271.0,273.95,267.0,268.4,19444
KALYANIFRG,20260922,938.95,939.0,910.0,927.25,3340
KALYANKJIL,20260922,583.85,590.95,578.9,583.1,3440026
KAMAHOLD,20260922,2280.0,2280.0,2230.0,2236.4,2484
KAMANWALA,20260922,16.52,17.3,16.52,16.56,250
KAMATHOTEL,20260922,238.91,242.49,233.43,237.05,68823
KAMDHENU,20260922,43.19,43.7,41.0,41.51,1778308
KAMOPAINTS,20260922,4.3,4.41,4.12,4.26,412431
KANANIIND,20260922,1.41,1.43,1.4,1.42,97331
KANCHI,20260922,382.0,404.15,381.25,395.45,816
KANCOTEA,20260922,54.59,56.85,54.59,56.85,151
KANOHAR,20260922,880.15,904.6,847.1,870.5,5305723
KANORICHEM,20260922,180.8,180.98,171.2,173.57,42689
KANPRPLA,20260922,256.75,268.8,252.1,266.75,33973
KANSAINER,20260922,183.0,183.83,180.06,180.98,129858
KAPSTON,20260922,578.0,591.0,565.3,570.55,93628
KARAMTARA,20260922,360.0,382.15,360.0,365.1,5727743
KARMAENG,20260922,41.6,41.6,40.05,40.1,4026
KARURVYSYA,20260922,328.35,328.95,318.0,320.15,2085010
KAUSHALYA,20260922,854.0,878.8,830.1,868.75,201
KAVDEFENCE,20260922,75.7,79.5,75.7,78.67,379524
KAYA,20260922,330.1,340.85,329.0,338.35,4143
KAYNES,20260922,3599.0,3599.0,3425.0,3455.0,3022938
KCP,20260922,159.42,161.4,155.42,157.4,121658
KCPSUGIND,20260922,29.45,29.45,28.52,28.95,47820
KDDL,20260922,4052.5,4104.0,3940.1,3973.1,35491
KDGREEN,20260922,50.08,51.99,50.0,50.01,90966
KEC,20260922,405.1,408.7,390.5,391.55,1574562
KECL,20260922,120.8,126.0,118.97,121.21,162499
KEEPLEARN,20260922,1.94,1.94,1.84,1.84,9184
KEI,20260922,4648.0,4657.0,4548.0,4575.0,182004
KELLTONTEC,20260922,13.71,13.88,13.65,13.7,1040960
KENNAMET,20260922,4400.0,4499.9,4323.5,4379.4,35892
KERNEX,20260922,1787.0,1789.0,1732.0,1744.7,119313
KESORAMIND,20260922,11.5,11.66,11.25,11.35,344506
KEYFINSERV,20260922,250.0,250.0,238.3,240.05,276
KFINTECH,20260922,896.9,905.75,891.6,898.0,569715
KHADIM,20260922,125.44,125.44,125.44,125.44,6661
KHAICHEM,20260922,49.55,50.32,49.26,50.02,85997
KHAITANLTD,20260922,150.39,152.2,149.1,151.82,824
KHANDSE,20260922,17.76,17.93,17.0,17.91,1004
KICL,20260922,4951.0,5048.0,4900.0,5005.5,1575
KILITCH,20260922,211.07,211.07,211.07,211.07,25499
KIMS,20260922,789.7,801.95,788.0,789.8,158613
KINGFA,20260922,6062.0,6300.0,6056.0,6168.5,21396
KIOCL,20260922,342.0,351.0,338.0,342.55,76799
KIRANVYPAR,20260922,221.78,221.78,207.38,218.79,7877
KIRIINDUS,20260922,541.0,555.0,538.5,540.5,507200
KIRLFER,20260922,484.75,487.7,473.3,479.85,86299
KIRLOSBROS,20260922,1790.1,1824.9,1772.0,1775.3,22481
KIRLOSENG,20260922,2132.0,2178.0,2130.5,2165.0,236947
KIRLOSIND,20260922,3722.2,3743.9,3650.0,3667.2,8029
KIRLPNU,20260922,711.8,728.2,705.3,706.8,71425
KISSHT,20260922,362.5,372.0,350.5,352.55,1816221
KITEX,20260922,116.13,123.73,116.13,119.48,814091
KJMCFIN,20260922,61.73,64.0,61.73,61.8,352
KKCL,20260922,490.45,491.0,476.05,484.8,29062
KLBRENG-B,20260922,461.15,525.0,461.15,519.5,1923203
KMCSHIL,20260922,162.95,166.3,157.52,159.61,735446
KMEW,20260922,2898.0,3029.9,2895.0,2976.7,186241
KMSUGAR,20260922,28.69,29.45,28.66,28.85,114356
KNACK,20260922,183.0,186.48,183.0,185.55,348907
KNAGRI,20260922,207.0,208.0,201.23,203.95,2275
KNRCON,20260922,122.5,123.23,119.8,120.04,1303513
KOHINOOR,20260922,30.77,31.36,30.53,31.06,120015
KOKUYOCMLN,20260922,77.7,77.8,75.0,75.71,37342
KOLTEPATIL,20260922,426.9,440.95,426.4,435.55,99378
KOPRAN,20260922,282.9,285.49,270.0,276.44,603842
KOTAKBANK,20260922,416.5,417.8,412.55,412.65,3795161
KOTARISUG,20260922,26.55,27.5,26.4,26.65,19248
KOTHARIPET,20260922,135.5,137.77,134.0,134.16,49825
KOTHARIPRO,20260922,65.0,65.0,63.0,63.67,9366
KOTIC,20260922,147.89,163.0,145.2,146.89,321420
KOTYARK,20260922,31.7,31.99,31.1,31.84,72482
KOVAI,20260922,6221.0,6221.0,6085.5,6153.5,1546
KPEL,20260922,233.8,239.8,228.1,230.94,464862
KPIGREEN,20260922,321.4,350.0,321.4,346.45,10752256
KPIL,20260922,1440.6,1443.7,1392.1,1400.1,117910
KPITTECH,20260922,539.9,539.9,524.0,529.05,1583599
KPL,20260922,3819.9,3819.9,3682.0,3752.8,58050
KPRMILL,20260922,1121.0,1131.9,1105.5,1120.8,109610
KRBL,20260922,391.0,394.95,386.55,389.9,247235
KREBSBIO,20260922,56.08,59.5,56.08,56.86,5820
KRIDHANINF,20260922,1.86,1.86,1.81,1.85,23202
KRISHANA,20260922,185.0,189.99,185.0,189.55,829723
KRISHIVAL,20260922,418.0,418.9,413.0,415.7,6275
KRISHNADEF,20260922,1040.0,1074.2,1018.1,1025.6,69961
KRITI,20260922,58.52,59.99,58.0,59.75,22034
KRITIKA,20260922,5.1,5.17,4.9,5.04,113844
KRITINUT,20260922,80.55,82.45,80.1,80.66,6993
KRN,20260922,1437.0,1448.0,1406.1,1420.1,159708
KRONOX,20260922,176.0,185.0,170.15,182.27,77869
KROSS,20260922,260.0,262.58,254.51,256.13,1039237
KRSNAA,20260922,554.0,573.9,551.05,557.85,185318
KRYSTAL,20260922,649.65,654.9,637.6,638.8,12729
KSB,20260922,802.6,822.0,802.6,820.15,145461
KSCL,20260922,715.0,715.75,698.0,699.7,41522
KSE,20260922,181.02,182.0,178.81,179.96,5068
KSHINTL,20260922,1035.0,1068.95,1032.0,1040.95,166419
KSHITIJPOL,20260922,4.61,4.62,4.61,4.61,8716105
KSL,20260922,944.45,962.0,943.6,959.15,46816
KSOLVES,20260922,253.25,254.45,250.0,250.75,17191
KSR,20260922,40.5,40.5,39.06,39.06,20088
KTKBANK,20260922,315.95,334.0,315.0,331.5,3195855
KUANTUM,20260922,80.46,87.0,78.0,84.95,356156
KUSUMGAR,20260922,609.35,634.0,606.05,616.15,600887
KWIL,20260922,42.39,42.98,41.71,41.99,11145561
LADDERUP,20260922,61.48,61.5,56.06,57.89,4700
LAGNAM,20260922,75.5,76.0,72.5,74.01,6107
LAHOTIOV,20260922,39.98,40.97,39.56,40.68,1423
LAKPRE,20260922,4.57,4.89,4.44,4.88,1102
LAKSHMIMIL,20260922,7755.0,7755.0,7700.0,7700.0,7
LAL,20260922,8.85,8.92,8.28,8.66,320607
LALITHAA,20260922,325.0,336.1,324.9,336.1,4493449
LALPATHLAB,20260922,1920.4,1944.0,1903.1,1909.8,262090
LAMBODHARA,20260922,120.01,122.0,115.57,116.08,11958
LANCER,20260922,11.82,11.99,11.55,11.69,253663
LANCORHOL,20260922,34.79,35.45,33.8,34.5,75936
LANDMARK,20260922,500.0,514.2,496.85,510.5,64035
LANDSMILL,20260922,0.56,0.56,0.54,0.54,4275266
LAOPALA,20260922,161.8,163.36,159.3,160.61,77552
LARGEMID50,20260922,35.67,35.67,35.39,35.46,92
LASERPOWER,20260922,276.15,280.0,272.9,275.05,379905
LATENTVIEW,20260922,254.8,254.8,249.65,250.55,306722
LATTEYS,20260922,20.04,20.94,20.04,20.48,46555
LAURUSLABS,20260922,2018.0,2032.8,2002.2,2006.5,1487044
LAXMICOT,20260922,12.94,13.3,12.56,13.05,7690
LAXMIDENTL,20260922,194.42,196.35,192.6,193.18,62927
LAXMIINDIA,20260922,124.82,128.97,123.0,123.73,159542
LCCINFOTEC,20260922,3.6,3.7,3.4,3.66,373518
LCCPROJECT,20260922,145.0,155.12,142.25,147.56,6263543
LCL,20260922,560.35,590.0,558.45,580.3,711729
LEAPIND,20260922,146.5,149.98,145.63,148.44,2591990
LEENEE,20260922,7.87,7.87,7.3,7.74,6490
LEMERITE,20260922,18.99,19.19,17.94,18.94,499276
LEMONTREE,20260922,106.49,108.7,105.91,107.51,2586160
LENSKART,20260922,685.0,697.0,669.3,691.45,6868715
LEXUS,20260922,13.67,13.67,12.3,12.47,96413
LFIC,20260922,135.4,138.98,133.66,135.3,122
LGBBROSLTD,20260922,1735.0,1745.9,1723.3,1730.2,19648
LGEINDIA,20260922,1661.1,1684.8,1657.0,1663.7,427916
LGHL,20260922,190.0,190.0,177.0,177.38,6393
LIBAS,20260922,13.19,13.19,12.5,12.58,138738
LIBERTSHOE,20260922,220.75,223.95,217.1,218.54,9624
LICHSGFIN,20260922,569.0,573.95,563.2,565.0,2772548
LICI,20260922,400.85,406.8,399.55,404.55,5528988
LICMFGOLD,20260922,136.85,136.9,135.2,135.8,48124
LICNETFGSC,20260922,29.36,29.72,29.21,29.21,103950
LICNETFN50,20260922,262.55,264.42,261.47,263.27,2332
LICNETFSEN,20260922,843.34,843.34,843.34,843.34,4
LICNFNHGP,20260922,276.95,276.95,268.19,272.55,240
LICNMID100,20260922,63.18,63.18,61.58,61.89,10260
LIKHITHA,20260922,220.85,229.95,220.85,227.96,62359
LINC,20260922,93.89,93.89,90.35,92.37,9400
LINCOLN,20260922,610.0,612.0,590.35,594.35,21211
LINDEINDIA,20260922,6287.0,6479.5,6276.5,6320.0,30577
LIQGRWBEES,20260922,1056.44,1056.46,1056.44,1056.45,54659
LIQUID,20260922,999.99,1000.0,999.99,999.99,175256
LIQUID1,20260922,1124.7,1124.7,1123.66,1123.66,630809
LIQUIDADD,20260922,1145.77,1145.79,1145.77,1145.78,786773
LIQUIDBEES,20260922,1000.0,1000.01,999.22,1000.0,2523773
LIQUIDBETF,20260922,1099.77,1099.78,1099.76,1099.77,132373
LIQUIDCASE,20260922,116.02,116.04,116.02,116.03,14665202
LIQUIDETF,20260922,1000.0,1000.01,999.99,999.99,66236
LIQUIDIETF,20260922,1000.0,1000.01,999.99,999.99,663727
LIQUIDPLUS,20260922,1104.06,1104.22,1104.06,1104.21,563717
LIQUIDSBI,20260922,1000.0,1000.01,999.99,1000.01,3916
LIQUIDSHRI,20260922,1122.42,1122.44,1122.42,1122.43,11842
LKPSEC,20260922,15.45,16.55,15.15,15.31,5275
LLOYDSENGG,20260922,85.86,88.9,85.5,85.73,8563009
LLOYDSENT,20260922,70.5,72.84,69.81,70.41,3151980
LLOYDSME,20260922,1830.9,1884.0,1828.1,1857.4,498981
LMW,20260922,17440.0,17470.0,17025.0,17077.0,3430
LODHA,20260922,1150.0,1159.6,1135.1,1144.0,647829
LOKESHMACH,20260922,338.0,348.75,335.0,337.15,29943
LORDSCHLO,20260922,138.6,140.0,135.21,138.3,5742
LOTUSCHO,20260922,590.0,590.0,574.4,586.4,469
LOTUSDEV,20260922,215.0,216.98,212.6,213.84,396339
LOTUSEYE,20260922,114.68,115.02,113.0,114.97,6701
LOVABLE,20260922,70.44,72.0,69.4,71.27,14944
LOWVOL,20260922,200.45,200.45,199.0,199.77,545
LOWVOL1,20260922,20.48,20.6,20.29,20.48,209096
LOWVOLIETF,20260922,21.63,21.63,21.28,21.39,1337740
LOYALTEX,20260922,202.72,214.95,202.72,214.95,31
LPDC,20260922,6.87,6.95,6.32,6.58,162076
LT,20260922,3919.6,3930.5,3866.0,3866.4,1355288
LTF,20260922,308.15,309.25,302.05,304.9,2577248
LTFOODS,20260922,430.8,430.8,420.15,421.35,336273
LTGILTBEES,20260922,29.83,29.84,29.7,29.74,3072917
LTGILTCASE,20260922,30.37,30.39,30.27,30.35,154472
LTM,20260922,4187.1,4187.1,4094.0,4158.3,995608
LTTS,20260922,3317.1,3330.5,3271.0,3293.6,40975
LUMAXIND,20260922,5778.0,5900.0,5778.0,5846.0,4530
LUMAXTECH,20260922,2085.0,2129.9,2067.3,2116.4,137061
LUMINO,20260922,112.98,116.64,106.56,108.27,22815313
LUPIN,20260922,2123.6,2135.0,2109.0,2135.0,597568
LUXIND,20260922,1203.5,1210.3,1150.0,1157.5,42998
LXCHEM,20260922,178.5,182.64,177.1,178.01,736074
LYKALABS,20260922,86.7,86.7,86.7,86.7,57416
M&M,20260922,3066.0,3093.7,3035.0,3044.5,1708090
M&MFIN,20260922,355.65,356.85,349.8,352.4,1732378
MAANALU,20260922,108.37,108.37,100.2,104.81,63465
MACPOWER,20260922,1956.6,2124.0,1945.2,2096.5,83048
MADHAV,20260922,35.01,36.0,34.05,34.46,1060
MADHAVIPL,20260922,7.65,8.08,7.21,7.39,200477
MADHUCON,20260922,4.2,4.2,3.97,4.07,9701
MADRASFERT,20260922,62.6,62.6,61.2,61.35,33641
MAFANG,20260922,245.79,248.96,237.0,238.18,736357
MAFATIND,20260922,122.59,122.59,120.05,120.32,31498
MAGADSUGAR,20260922,494.8,510.6,490.0,500.75,30380
MAGNUM,20260922,19.27,19.27,18.81,19.02,24116
MAHABANK,20260922,82.52,83.3,82.29,82.4,6615014
MAHAPEXLTD,20260922,55.95,55.98,53.3,53.79,3234
MAHASTEEL,20260922,1128.9,1147.8,1080.3,1101.8,2539
MAHEPC,20260922,100.39,100.6,97.1,98.75,29129
MAHESHWARI,20260922,73.0,73.4,71.5,71.53,12444
MAHKTECH,20260922,22.31,22.31,21.8,22.01,556489
MAHLIFE,20260922,360.85,363.6,356.25,359.05,68310
MAHLOG,20260922,397.0,406.95,397.0,400.3,69426
MAHSCOOTER,20260922,13600.0,13658.0,13251.0,13313.0,3629
MAHSEAMLES,20260922,707.0,712.85,695.0,697.35,112372
MAITHANALL,20260922,1005.0,1005.0,986.0,994.95,41393
MAJESAUT,20260922,368.45,370.0,355.0,362.25,915
MAKEINDIA,20260922,162.76,163.26,161.43,161.65,17768
MAKERSL,20260922,189.0,191.49,180.0,181.26,3883
MALLCOM,20260922,974.0,978.95,950.1,951.7,2723
MALUPAPER,20260922,32.12,32.15,31.9,31.98,8576
MAMATA,20260922,402.0,414.0,400.0,403.55,40816
MANAKALUCO,20260922,35.0,36.5,35.0,35.36,39820
MANAKCOAT,20260922,136.27,136.27,132.01,132.67,235115
MANAKSIA,20260922,63.98,66.7,63.7,65.34,57853
MANAKSTEEL,20260922,108.29,108.7,105.3,107.25,19206
MANALIPETC,20260922,87.0,87.0,84.35,84.87,927627
MANAPPURAM,20260922,315.9,320.2,315.9,319.3,2282054
MANBA,20260922,136.38,139.67,135.2,136.41,390344
MANCREDIT,20260922,228.0,229.0,221.22,222.53,102916
MANGALAM,20260922,33.19,33.59,31.67,32.24,48764
MANGLMCEM,20260922,1010.1,1020.6,998.0,1006.3,56199
MANIKA,20260922,42.25,42.95,41.25,41.79,914028
MANINDS,20260922,870.5,880.0,840.15,849.9,625173
MANINFRA,20260922,123.5,124.98,122.75,124.04,1053458
MANIPALHOS,20260922,756.0,769.75,743.0,746.1,1312945
MANKIND,20260922,2450.0,2490.0,2438.7,2480.0,667075
MANOMAY,20260922,226.35,228.58,223.5,227.35,124259
MANORAMA,20260922,1923.0,1945.3,1905.0,1911.0,88545
MANORG,20260922,475.0,480.0,457.5,459.5,2762
MANUFGBEES,20260922,162.03,162.03,159.71,160.44,5380
MANUGRAPH,20260922,18.85,21.38,18.1,20.22,293270
MANYAVAR,20260922,539.95,540.05,526.0,535.35,286758
MAPMYINDIA,20260922,900.5,969.8,900.5,922.0,1688962
MARALOVER,20260922,58.0,63.4,57.5,61.11,36191
MARATHON,20260922,419.95,424.75,415.3,417.8,46245
MARICO,20260922,824.55,830.5,824.55,830.0,1090303
MARINE,20260922,422.0,423.8,404.0,411.45,1021060
MARKOLINES,20260922,170.7,171.75,167.27,169.24,249643
MARKSANS,20260922,340.05,340.95,328.65,332.95,1560912
MARSONS,20260922,127.99,132.37,126.33,127.88,859909
MARUTI,20260922,12155.0,12275.0,12142.0,12190.0,246724
MASFIN,20260922,295.0,295.0,286.1,289.35,220651
MASKINVEST,20260922,146.1,146.1,138.0,144.31,361
MASPTOP50,20260922,116.08,118.83,96.27,98.01,4467822
MASTEK,20260922,1590.0,1591.8,1561.5,1567.9,47680
MASTERTR,20260922,88.67,88.67,86.2,86.46,135711
MATRIMONY,20260922,555.0,555.45,544.7,550.75,13550
MAWANASUG,20260922,126.35,134.0,124.57,131.43,303537
MAXESTATES,20260922,595.85,602.3,586.35,595.05,124021
MAXHEALTH,20260922,1060.1,1069.0,1049.7,1056.5,1132196
MAXIND,20260922,153.52,154.4,148.21,151.86,45282
MAYURUNIQ,20260922,755.0,758.7,724.2,726.15,117662
MAZDA,20260922,253.9,256.45,241.8,242.75,260665
MAZDOCK,20260922,2241.2,2250.5,2196.0,2204.0,611823
MBAPL,20260922,162.0,166.36,162.0,165.68,810859
MBECL,20260922,430.09,430.09,430.0,430.09,11498
MBEL,20260922,255.9,262.65,254.85,259.25,145564
MBLINFRA,20260922,22.0,22.55,21.24,21.76,14782
MCCHRLS-B,20260922,679.9,679.9,650.0,654.8,4108
MCL,20260922,55.75,57.25,55.48,56.35,43960
MCLEODRUSS,20260922,48.0,48.29,44.3,44.96,479493
MCLOUD,20260922,25.15,25.45,24.98,25.18,657233
MCX,20260922,3220.0,3289.8,3212.8,3262.6,1069125
MEDANTA,20260922,1508.1,1516.0,1483.6,1487.8,144659
MEDIASSIST,20260922,340.4,342.9,327.0,328.6,740848
MEDICAMEQ,20260922,317.9,326.85,314.0,319.5,20311
MEDICAPQ,20260922,25.37,25.87,24.8,25.34,4022
MEDICO,20260922,34.5,34.65,33.75,33.96,141351
MEDPLUS,20260922,660.0,663.05,655.0,655.55,22088
MEESHO,20260922,221.88,244.74,218.6,240.19,108359244
MEGASTAR,20260922,284.0,284.0,272.05,276.1,4264
MEIL,20260922,271.25,273.95,265.55,271.75,21109
MENNPIS,20260922,73.04,74.39,73.01,73.35,11711
MENONBE,20260922,303.85,314.5,291.6,306.7,58106
MEP,20260922,0.65,0.65,0.63,0.63,153506
MERCANTILE,20260922,23.48,23.48,21.6,22.1,4899
MERCURYEV,20260922,39.97,41.48,39.7,39.93,644774
METAL,20260922,13.34,13.34,13.06,13.11,5819561
METALIETF,20260922,13.18,13.18,13.01,13.05,3502799
METROBRAND,20260922,931.2,937.4,904.5,920.3,64975
METROGLOBL,20260922,133.3,133.5,129.0,132.97,1154
METROPOLIS,20260922,593.5,599.0,590.35,592.4,107949
MFML,20260922,19.78,19.78,18.7,19.26,471
MFSL,20260922,1574.9,1581.1,1549.2,1554.2,279864
MGEL,20260922,15.94,15.94,15.31,15.52,5412606
MGL,20260922,1075.5,1079.8,1059.0,1067.3,236016
MHLXMIRU,20260922,155.4,163.32,155.4,163.26,15858
MHRIL,20260922,201.37,202.0,198.1,199.07,44579
MICEL,20260922,34.03,34.03,34.03,34.03,129272
MID150,20260922,23.25,23.35,23.0,23.17,24126
MID150BEES,20260922,237.59,237.59,235.5,236.21,312262
MID150CASE,20260922,11.31,11.8,11.31,11.47,1366142
MIDBANKADD,20260922,17.14,17.15,17.0,17.06,308564
MIDCAP,20260922,18.26,18.48,18.06,18.22,260998
MIDCAPADD,20260922,22.96,23.0,22.86,22.89,16028
MIDCAPBETA,20260922,231.91,232.1,230.05,232.0,2505
MIDCAPETF,20260922,23.34,23.47,23.27,23.32,1440561
MIDCAPIETF,20260922,23.66,23.85,23.48,23.54,714577
MIDHANI,20260922,419.95,423.95,413.35,415.2,496164
MIDQ50ADD,20260922,24.99,24.99,24.3,24.35,10218
MIDSELIETF,20260922,19.78,19.78,19.6,19.65,430796
MIDSMALL,20260922,51.63,51.63,51.09,51.14,116835
MIDWESTLTD,20260922,998.1,1029.0,986.6,1018.3,17524
MIIL,20260922,714.5,716.0,699.0,710.45,88266
MILKYMIST,20260922,293.2,302.15,291.2,302.15,11275606
MINALIND,20260922,4.95,4.95,4.95,4.95,1919
MINDACORP,20260922,680.3,687.95,676.7,685.4,101472
MINDTECK,20260922,155.37,160.0,155.37,157.94,14331
MIRZAINT,20260922,29.11,29.49,29.0,29.12,54503
MITCON,20260922,79.8,82.5,79.8,80.12,79499
MITTAL,20260922,0.78,0.78,0.76,0.76,1010483
MKEXIM,20260922,64.1,68.9,64.1,68.04,15103
MKPL,20260922,4.04,4.11,3.98,4.03,64158
MLKFOOD,20260922,83.0,83.0,80.26,82.45,4497
MMFL,20260922,613.0,616.95,597.5,603.4,86119
MMP,20260922,489.9,497.0,455.35,461.3,157727
MMTC,20260922,60.47,60.8,59.56,59.67,718269
MMWL,20260922,13.19,13.39,12.77,13.29,9664
MNC,20260922,32.5,32.78,32.18,32.28,40231
MOALPHA50,20260922,55.69,56.98,55.0,55.44,18003
MOBANK10,20260922,16.89,16.89,16.65,16.77,3877
MOBIKWIK,20260922,209.5,214.2,207.7,209.02,1446487
MOCAPITAL,20260922,53.01,53.69,52.91,52.94,338511
MODEFENCE,20260922,103.99,104.48,102.3,103.81,915413
MODINATUR,20260922,345.1,359.0,345.1,355.75,3282
MODIRUBBER,20260922,122.0,126.0,121.51,122.04,1014
MODIS,20260922,346.6,350.75,344.85,347.3,10261
MODISONLTD,20260922,455.0,479.0,451.75,468.25,84256
MODTHREAD,20260922,46.4,47.66,45.22,46.37,6243
MOENERGY,20260922,38.0,38.37,37.77,37.91,57907
MOGOLD,20260922,150.4,150.4,148.8,149.7,257739
MOGSEC,20260922,63.66,65.49,63.66,65.03,9575
MOHEALTH,20260922,53.85,53.85,52.58,52.65,55690
MOHITE,20260922,2.48,2.54,2.43,2.47,11716
MOHITIND,20260922,23.9,23.9,22.56,22.87,12579
MOIL,20260922,241.5,245.59,241.5,243.2,338539
MOINFRA,20260922,58.57,58.57,57.06,57.56,2967
MOIPO,20260922,48.87,49.64,48.73,48.98,6695
MOKSH,20260922,9.97,10.1,9.95,10.06,49760
MOL,20260922,62.25,62.94,61.02,61.45,480743
MOLBIO,20260922,1230.0,1283.5,1227.6,1263.8,1579734
MOLDTECH,20260922,192.0,198.95,191.1,194.44,23122
MOLDTKPAC,20260922,644.85,651.25,638.0,639.95,25115
MOLOWVOL,20260922,36.1,36.1,35.09,35.25,84026
MOM100,20260922,67.25,67.4,66.66,66.87,137012
MOM30IETF,20260922,31.09,31.14,30.77,30.83,448767
MOM50,20260922,243.55,246.51,243.52,243.74,3737
MOMENTUM,20260922,29.99,31.0,29.99,30.75,91264
MOMENTUM30,20260922,30.48,31.8,30.3,30.93,21103
MOMENTUM50,20260922,54.07,54.37,53.36,53.53,435747
MOMETAL,20260922,13.07,13.07,12.97,13.02,2155
MOMGF,20260922,162.8,162.81,159.05,159.42,1497
MOMIDMTM,20260922,62.42,64.68,62.42,63.64,77472
MOMMIDCAP,20260922,12.9,12.92,12.81,12.82,2474779
MOMNC,20260922,31.72,31.73,31.3,31.41,2870
MOMOMENTUM,20260922,62.27,62.27,60.83,61.32,51028
MOMSBELIEF,20260922,223.89,230.0,221.02,228.33,46009
MON100,20260922,338.49,339.7,320.42,324.95,1056991
MON50EQUAL,20260922,33.0,33.49,32.34,32.63,6702
MONARCH,20260922,362.0,369.05,361.95,366.9,68954
MONEXT50,20260922,72.2,72.99,71.26,71.54,4634
MONEYBOXX,20260922,60.07,60.07,54.55,57.4,514607
MONIFTY100,20260922,24.75,24.84,24.57,24.72,5958
MONIFTY500,20260922,23.47,23.59,23.34,23.44,213318
MONQ50,20260922,317.04,317.04,253.64,253.64,942885
MONTECARLO,20260922,534.1,539.0,521.0,524.35,68944
MOOILGAS,20260922,11.27,12.15,10.9,11.51,14110
MOPSE,20260922,99.26,100.3,98.03,98.42,4721
MOQUALITY,20260922,194.43,194.9,193.11,193.97,704
MOREALTY,20260922,87.79,87.79,85.15,86.08,335647
MOREPENLAB,20260922,122.35,123.8,118.12,119.04,10361426
MOSCHIP,20260922,208.0,211.7,206.51,207.37,938006
MOSERVICE,20260922,30.37,30.37,30.1,30.2,17172
MOSILVER,20260922,230.2,230.2,226.0,227.71,22873
MOSMALL250,20260922,18.37,18.48,18.2,18.3,395721
MOTHERSON,20260922,162.75,163.9,161.21,161.77,8031394
MOTILALOFS,20260922,995.6,1025.0,995.6,1007.0,813525
MOTISONS,20260922,18.0,18.71,17.88,18.04,70245799
MOTOGENFIN,20260922,27.4,27.5,26.0,26.28,110559
MOTOUR,20260922,78.01,78.71,78.01,78.52,9292
MOVALUE,20260922,110.66,111.48,110.13,110.44,384762
MPDL,20260922,30.0,30.0,30.0,30.0,201
MPHASIS,20260922,2298.4,2306.5,2254.5,2265.0,506297
MPIMANIPAL,20260922,335.0,342.6,330.35,338.6,616288
MPSLTD,20260922,2605.0,2650.0,2591.8,2603.2,4754
MRF,20260922,125490.0,125755.0,124635.0,124770.0,1591
MRPL,20260922,167.65,168.06,164.0,164.44,4279978
MSCI360,20260922,9.86,9.94,9.83,9.91,316
MSCIADD,20260922,28.93,28.94,28.8,28.91,333
MSCIINDIA,20260922,29.2,29.32,29.09,29.19,6221
MSL,20260922,136.1,138.0,136.1,138.0,41
MSPL,20260922,33.4,33.8,32.8,33.39,1337071
MSTCLTD,20260922,729.1,755.0,728.0,746.95,255933
MSUMI,20260922,35.63,35.74,35.1,35.15,5632984
MTARTECH,20260922,7100.0,7209.0,6925.0,7176.0,64031
MTEDUCARE,20260922,1.74,1.74,1.62,1.67,58555
MTNL,20260922,23.75,24.26,23.5,23.67,734073
MUFIN,20260922,132.84,135.47,131.01,132.69,610502
MUFTI,20260922,72.25,73.92,72.12,73.34,36520
MUKANDLTD,20260922,136.1,143.0,136.03,141.41,207157
MUKESHB,20260922,132.7,132.7,127.0,130.5,51
MUKKA,20260922,28.28,28.28,27.01,27.37,265123
MUKTAARTS,20260922,56.12,56.17,55.06,56.0,8740
MULTICAP,20260922,16.53,16.57,16.43,16.45,151841
MUNJALAU,20260922,105.71,107.49,104.15,104.8,239397
MUNJALSHOW,20260922,129.3,138.8,126.02,133.32,173266
MURUDCERA,20260922,28.5,30.2,28.5,29.23,27522
MUTHOOTCAP,20260922,228.95,233.18,226.02,229.85,4638
MUTHOOTFIN,20260922,2855.0,2874.0,2822.0,2831.5,484238
MUTHOOTMF,20260922,189.3,194.44,187.45,188.32,218153
MVELECTRO,20260922,884.9,895.0,851.0,877.35,1534723
MVGJL,20260922,214.5,217.09,205.82,213.26,407774
MWL,20260922,43.15,43.25,41.87,42.03,378882
MYSORPETRO,20260922,128.99,129.32,126.0,127.13,2457
NACLIND,20260922,144.6,145.44,137.97,138.62,1558909
NAGREEKCAP,20260922,30.0,30.0,28.15,28.46,17052
NAGREEKEXP,20260922,21.06,22.5,21.06,21.66,18998
NAHARCAP,20260922,256.5,256.5,247.9,249.95,1357
NAHARINDUS,20260922,131.17,133.9,130.0,131.71,38768
NAHARPOLY,20260922,223.01,238.09,223.01,232.84,6546
NAHARSPING,20260922,280.0,281.9,277.0,277.85,18714
NAM-INDIA,20260922,1149.0,1164.9,1139.2,1159.0,699444
NARMADA,20260922,13.47,13.75,13.3,13.42,434476
NATCAPSUQ,20260922,167.0,172.35,163.5,169.0,20174
NATCOPHARM,20260922,819.3,820.0,806.1,815.05,619357
NATHBIOGEN,20260922,153.0,153.76,148.0,148.38,99665
NATIONALUM,20260922,352.95,353.2,348.1,352.2,2687468
NATIONSTD,20260922,116.5,116.85,113.02,114.98,9396
NAUKRI,20260922,1296.0,1316.9,1291.9,1304.0,1322215
NAVA,20260922,558.9,562.35,550.0,550.9,183108
NAVINFLUOR,20260922,8500.0,8650.0,8411.0,8438.0,72911
NAVKARCORP,20260922,88.58,90.36,88.58,89.38,214447
NAVKARURB,20260922,0.9,0.91,0.88,0.91,284743
NAVNETEDUL,20260922,125.55,127.05,121.65,123.12,202463
NAZARA,20260922,369.0,372.45,366.0,370.45,548510
NBCC,20260922,83.18,83.64,81.5,81.9,4367203
NBIFIN,20260922,1998.9,1998.9,1927.0,1948.0,6323
NCC,20260922,136.05,137.62,133.75,134.41,1592824
NCLIND,20260922,176.5,177.4,175.1,175.51,26986
NDGL,20260922,2670.0,2698.9,2521.0,2590.0,175
NDL,20260922,2.79,2.79,2.74,2.76,649914
NDLVENTURE,20260922,123.4,126.13,122.5,124.01,3522
NDRAUTO,20260922,732.2,767.65,732.2,753.2,39462
NDTV,20260922,71.97,73.5,71.0,72.31,42101
NEAGI,20260922,3452.7,3470.0,3452.7,3468.8,15
NECCLTD,20260922,19.62,19.8,19.0,19.66,114401
NECLIFE,20260922,11.05,11.14,10.75,10.83,130968
NELCAST,20260922,109.49,110.0,108.08,108.9,58414
NELCO,20260922,989.0,1030.0,989.0,1011.75,421377
NEOGEN,20260922,2371.6,2397.7,2363.7,2379.2,122496
NEPHROPLUS,20260922,753.0,762.1,739.2,749.45,205974
NESCO,20260922,1080.0,1085.0,1063.5,1069.0,39039
NESTLEIND,20260922,1382.2,1392.9,1363.9,1363.9,865008
NETF,20260922,256.0,256.0,254.01,254.99,421
NETWEB,20260922,4768.0,4835.0,4742.0,4817.0,927925
NETWORK18,20260922,26.8,27.37,26.71,26.91,3752909
NEUEON,20260922,12.08,12.44,12.08,12.44,6656
NEULANDLAB,20260922,22730.0,23040.0,22435.0,22550.0,26441
NEWGEN,20260922,497.0,500.75,492.3,495.7,352708
NEXT30ADD,20260922,42.24,42.37,41.85,42.1,1600
NEXT50,20260922,746.51,748.72,741.06,742.39,22526
NEXT50ADD,20260922,72.87,72.87,72.35,72.57,16335
NEXT50BETA,20260922,78.02,78.39,77.03,77.27,936981
NEXT50ETF,20260922,72.82,74.5,72.01,72.61,16434
NEXT50IETF,20260922,76.35,76.6,75.71,75.87,364547
NEXTMEDIA,20260922,3.88,3.89,3.64,3.74,12492
NFL,20260922,66.99,67.29,66.57,66.71,357620
NGIL,20260922,38.2,40.49,38.16,39.04,214313
NGLFINE,20260922,2761.4,2875.0,2695.0,2859.4,16029
NH,20260922,1896.9,1913.8,1878.0,1883.3,86014
NHPC,20260922,75.89,76.49,75.6,76.01,9874034
NIACL,20260922,187.0,191.54,186.56,187.41,2272794
NIBE,20260922,1399.0,1405.0,1358.9,1369.9,65055
NIBL,20260922,30.62,34.99,30.62,33.08,105959
NICCOPAR,20260922,82.1,84.9,81.5,81.5,596
NIF100BEES,20260922,261.32,261.61,258.7,259.98,12858
NIF100IETF,20260922,27.39,27.59,26.95,27.25,81203
NIF500BETA,20260922,37.7,37.7,36.23,36.72,6061
NIFTY1,20260922,261.87,263.01,258.93,259.86,45764
NIFTY100EW,20260922,34.54,34.84,34.3,34.53,50714
NIFTYADD,20260922,247.72,247.77,245.88,246.38,2959
NIFTYAXIS,20260922,267.02,267.02,258.53,259.35,5836
NIFTYBEES,20260922,267.85,268.89,266.01,266.64,5397108
NIFTYBETA,20260922,267.07,267.07,258.3,259.33,16304
NIFTYBETF,20260922,242.24,242.35,240.01,240.6,931
NIFTYCASE,20260922,9.64,9.64,9.25,9.39,694769
NIFTYETF,20260922,255.39,255.85,253.75,254.53,112153
NIFTYIETF,20260922,266.6,266.6,262.5,265.42,315625
NIFTYJBLK,20260922,12.28,12.28,11.95,11.99,50272
NIFTYQLITY,20260922,20.54,20.88,20.28,20.39,173635
NIITLTD,20260922,90.57,91.37,88.82,89.52,132756
NIITMTS,20260922,215.3,219.9,213.37,217.81,111441
NILAINFRA,20260922,6.7,6.74,6.56,6.66,76534
NILASPACES,20260922,12.1,12.38,11.97,12.02,1263682
NILE,20260922,1461.0,1468.9,1441.5,1444.9,1778
NILKAMAL,20260922,1899.0,1915.0,1845.4,1864.8,16543
NIMBSPROJ,20260922,194.8,194.8,180.54,188.54,29424
NINSYS,20260922,725.0,725.0,705.25,711.05,6565
NIPPOBATRY,20260922,319.05,335.0,319.05,325.55,7961
NIRAJ,20260922,29.89,29.89,27.66,28.16,65381
NIRAJISPAT,20260922,272.0,272.0,262.1,262.1,69
NIRLON,20260922,591.5,605.0,580.0,601.35,5883
NITCO,20260922,89.9,93.38,89.45,91.89,1072518
NITINSPIN,20260922,613.0,618.0,606.3,608.4,49283
NITIRAJ,20260922,230.95,230.95,224.0,229.33,1681
NITTAGELA,20260922,1770.0,1770.0,1691.3,1700.1,2217
NIVABUPA,20260922,80.48,81.5,79.93,80.83,804858
NKIND,20260922,56.66,59.77,56.4,56.55,590
NLCINDIA,20260922,266.0,269.8,265.4,267.0,1009013
NMDC,20260922,80.09,80.31,79.34,80.2,8885406
NOCIL,20260922,196.3,197.79,191.23,193.89,789706
NOIDATOLL,20260922,4.0,4.04,3.93,4.0,40221
NORBTEAEXP,20260922,66.4,68.8,66.0,66.26,1057
NORTHARC,20260922,319.0,320.9,314.1,315.9,649137
NOVAAGRI,20260922,23.25,23.31,23.0,23.08,39425
NOVARTIND,20260922,2037.0,2042.0,1960.0,1973.3,46906
NPBET,20260922,285.3,285.3,283.41,284.26,116
NPST,20260922,1792.5,1930.0,1792.5,1888.8,163372
NRAIL,20260922,638.5,678.3,621.05,652.1,35475
NRBBEARING,20260922,525.8,529.0,518.0,520.5,327766
NRL,20260922,155.0,158.35,152.0,158.35,290325
NSIL,20260922,5527.0,5564.0,5490.0,5524.0,712
NSLNISP,20260922,42.8,43.08,42.4,42.51,2214252
NTCIND,20260922,134.45,134.99,131.0,133.81,973
NTPC,20260922,326.5,329.0,325.55,327.8,6219007
NTPCGREEN,20260922,91.8,95.3,91.8,93.31,10827047
NUCLEUS,20260922,682.0,689.95,681.05,685.95,8452
NURECA,20260922,338.8,346.0,334.0,336.0,2693
NUVAMA,20260922,1689.4,1710.0,1669.5,1675.7,160021
NUVOCO,20260922,330.55,340.6,330.55,338.85,292607
NV20,20260922,13.57,13.61,13.43,13.58,50769
NV20BEES,20260922,136.18,138.89,135.01,135.7,10399
NV20IETF,20260922,13.32,13.34,13.13,13.23,330687
NYKAA,20260922,335.0,337.65,330.3,333.55,1885771
OAL,20260922,554.8,570.0,550.05,556.9,64317
OBCL,20260922,58.77,58.77,58.0,58.16,5112
OBEROIRLTY,20260922,1823.9,1853.0,1802.6,1845.6,470585
OCCLLTD,20260922,155.0,155.4,150.25,151.34,78317
ODIGMA,20260922,21.05,21.65,20.9,20.92,13535
ODYCORP,20260922,6.9,7.29,6.62,7.02,310960
OFSS,20260922,10962.0,11111.0,10835.0,10989.0,232724
OIL,20260922,476.6,479.15,463.25,467.0,2648023
OILCOUNTUB,20260922,68.18,68.18,68.18,68.18,69535
OILIETF,20260922,11.19,11.23,11.0,11.12,880678
OLAELEC,20260922,37.15,38.9,37.14,37.78,73804321
OLECTRA,20260922,1212.0,1256.0,1210.5,1217.2,561988
OMAXAUTO,20260922,191.43,197.22,187.21,190.86,58433
OMAXE,20260922,114.0,119.34,114.0,116.5,773045
OMFREIGHT,20260922,88.95,90.87,87.1,90.29,10900
OMINFRAL,20260922,80.6,80.69,78.42,78.93,33594
OMNI,20260922,553.4,571.4,546.05,562.5,1018160
OMPOWER,20260922,169.37,171.99,167.0,170.34,50245
ONEGLOBAL,20260922,537.3,552.0,519.95,547.9,10380
ONELIFECAP,20260922,35.99,35.99,33.59,35.19,24489
ONEPOINT,20260922,60.3,65.2,60.05,63.2,6891301
ONESOURCE,20260922,1601.3,1618.9,1585.0,1587.9,155059
ONGC,20260922,235.51,236.37,233.75,236.13,8097173
ONIDA,20260922,34.3,35.49,34.0,34.73,628277
ONIXSOLAR,20260922,328.0,338.0,322.6,322.6,249185
ONMOBILE,20260922,51.41,53.8,51.4,53.29,80312
ONWARDTEC,20260922,293.9,297.0,284.95,286.6,26976
OPTIEMUS,20260922,590.0,708.9,590.0,708.9,8046819
OPTIFIN,20260922,13.99,16.71,13.99,16.7,1436544
ORBTEXP,20260922,226.85,233.0,226.85,228.32,327
ORCHASP,20260922,1.43,1.46,1.31,1.37,175541
ORCHPHARMA,20260922,1089.9,1143.5,1075.1,1107.2,493833
ORICONENT,20260922,54.15,56.0,54.15,55.78,27420
ORIENTALTL,20260922,5.08,5.1,4.95,4.98,53067
ORIENTBELL,20260922,394.9,406.8,391.0,392.8,14460
ORIENTCEM,20260922,125.07,125.5,122.57,123.19,361493
ORIENTCER,20260922,48.29,49.43,47.53,48.08,207701
ORIENTELEC,20260922,168.01,168.75,165.8,166.54,82979
ORIENTHOT,20260922,145.19,145.19,142.15,142.88,292194
ORIENTLTD,20260922,78.77,82.0,78.77,81.89,5132
ORIENTPPR,20260922,17.25,17.5,16.93,16.99,114990
ORIENTTECH,20260922,235.77,237.39,233.01,235.08,86146
ORIRAIL,20260922,128.75,128.75,122.21,126.96,244531
ORISSAMINE,20260922,3819.0,3894.6,3819.0,3879.7,5140
ORKLAINDIA,20260922,579.05,585.4,567.4,569.25,49707
ORTINGLOBE,20260922,15.35,15.64,14.6,14.74,52473
OSIAHYPER,20260922,2.32,2.32,2.2,2.25,135581
OSWALAGRO,20260922,35.0,35.45,34.61,35.12,9299
OSWALGREEN,20260922,19.75,20.15,19.57,20.06,65670
OSWALPUMPS,20260922,277.4,282.45,273.0,273.6,292752
OSWALSEEDS,20260922,13.75,14.45,13.58,13.81,56475
PACEDIGITK,20260922,165.5,175.37,165.4,167.74,26735640
PACIFICI,20260922,144.0,144.0,140.0,140.0,204
PAGEIND,20260922,36130.0,37345.0,36075.0,37150.0,38196
PAISALO,20260922,93.0,94.05,92.51,93.43,19182757
PAKKA,20260922,78.67,79.67,76.35,77.02,37438
PALASHSECU,20260922,86.5,87.0,86.5,86.7,727
PALREDTEC,20260922,48.2,48.5,46.62,46.95,316
PANACEABIO,20260922,381.95,393.95,377.0,382.65,149585
PANACHE,20260922,520.1,520.6,509.6,509.6,18891
PANAMAPET,20260922,475.9,485.5,472.3,481.25,138492
PANORAMA,20260922,56.29,56.5,54.12,55.32,319717
PANSARI,20260922,281.0,281.05,275.2,278.1,461
PAR,20260922,130.0,138.0,128.0,137.82,19588
PARACABLES,20260922,61.29,62.74,60.9,61.75,1049848
PARADEEP,20260922,155.6,157.79,153.51,154.17,1162417
PARAGMILK,20260922,278.0,283.0,270.25,279.4,3909827
PARAS,20260922,1413.5,1444.9,1364.4,1375.5,723945
PARASPETRO,20260922,2.18,2.18,2.07,2.09,77231
PARKHOSPS,20260922,285.0,288.5,281.0,285.1,364039
PARKHOTELS,20260922,106.25,109.7,105.2,107.75,231164
PARNAXLAB,20260922,118.42,139.8,118.42,129.22,6455
PARSVNATH,20260922,1.9,1.9,1.9,1.9,11386
PASHUPATI,20260922,80.8,81.19,79.55,80.2,127639
PASUPTAC,20260922,72.5,78.0,71.75,76.37,967519
PATANJALI,20260922,394.0,412.8,394.0,404.0,15560500
PATELENG,20260922,25.85,27.87,25.85,26.85,8482601
PATELRMART,20260922,204.6,207.69,203.41,205.36,38760
PATINTLOG,20260922,14.66,15.19,14.1,14.19,80249
PAUSHAKLTD,20260922,713.05,723.65,696.0,700.95,28680
PAVNAIND,20260922,16.09,16.56,15.3,15.46,192402
PAYTM,20260922,1808.7,1828.1,1802.6,1814.4,1208769
PBMPOLY,20260922,65.0,68.0,65.0,65.01,1938
PCBL,20260922,346.2,354.15,345.7,347.75,1739256
PCJEWELLER,20260922,12.79,13.72,12.71,13.58,638501220
PDMJEPAPER,20260922,99.42,101.42,97.0,97.36,118631
PDSL,20260922,353.85,367.9,352.65,361.45,106649
PEARLPOLY,20260922,18.82,18.83,18.15,18.83,26641
PENIND,20260922,172.9,176.7,171.72,174.14,375240
PENINLAND,20260922,16.35,17.7,15.8,17.03,657910
PERMAGN,20260922,850.0,850.0,827.7,837.85,3008
PERNIASPOP,20260922,533.7,549.75,533.5,545.75,92753
PERSISTENT,20260922,5454.5,5463.0,5359.0,5366.0,350423
PETRONET,20260922,287.6,288.25,280.3,281.75,1996961
PFC,20260922,345.2,346.5,343.1,345.8,7604431
PFIZER,20260922,4050.0,4050.0,3990.5,3998.9,10508
PFOCUS,20260922,352.6,362.0,346.1,357.45,4255646
PFS,20260922,27.03,27.09,26.31,26.43,261099
PGEL,20260922,540.0,541.45,519.0,520.2,855489
PGHH,20260922,7426.0,7454.0,7200.0,7282.0,52867
PGHL,20260922,5480.0,5544.5,5406.0,5459.0,5659
PGIL,20260922,1139.6,1228.0,1139.5,1194.9,230499
PHARMABEES,20260922,28.4,28.4,27.15,27.68,2961932
PHOENIXLTD,20260922,1948.9,1958.0,1930.3,1953.4,421114
PHOENXINTL,20260922,28.9,28.9,27.8,28.35,810
PICCADIL,20260922,594.7,624.35,591.3,614.8,255580
PIDILITIND,20260922,1576.3,1587.0,1562.7,1572.7,482511
PIGL,20260922,101.9,102.0,99.9,101.06,19598
PIIND,20260922,2364.9,2428.7,2350.0,2410.0,837735
PILANIINVS,20260922,4060.0,4072.8,4006.0,4008.3,1454
PILITA,20260922,7.3,7.52,7.3,7.38,19689
PINELABS,20260922,195.25,204.95,191.63,197.58,82008849
PIONEEREMB,20260922,22.5,22.5,22.0,22.28,8614
PIONRINV,20260922,78.1,80.0,78.0,78.51,605
PIRAMALFIN,20260922,2220.4,2231.9,2176.3,2206.7,265963
PITTIENG,20260922,1140.0,1142.4,1113.4,1121.9,41005
PIXTRANS,20260922,1730.7,1754.1,1724.1,1733.0,8411
PKTEA,20260922,997.9,997.9,997.9,997.9,1408
PLASTIBLEN,20260922,186.79,189.5,185.0,185.94,7913
PLATIND,20260922,212.75,217.49,210.25,216.07,67727
PLAZACABLE,20260922,61.7,63.54,60.45,62.27,92063
PML,20260922,474.05,498.85,474.05,498.85,425
PNB,20260922,118.45,118.74,116.7,117.0,8967547
PNBGILTS,20260922,76.61,80.0,76.02,76.23,402524
PNBHOUSING,20260922,1139.8,1147.7,1121.0,1125.6,217294
PNC,20260922,16.5,16.8,16.15,16.42,4378
PNCINFRA,20260922,140.47,143.9,138.34,139.62,1611269
PNGJL,20260922,601.05,606.4,596.7,598.4,131220
PNGSREVA,20260922,511.9,529.0,508.0,511.7,167836
POCL,20260922,476.0,482.5,470.05,472.95,349421
PODDARMENT,20260922,290.0,290.0,282.0,288.7,2054
POEL,20260922,137.35,141.0,137.35,138.05,20838
POKARNA,20260922,739.7,747.45,730.0,732.55,47211
POLICYBZR,20260922,1794.4,1806.4,1773.7,1805.0,793833
POLYCAB,20260922,8400.0,8442.0,8345.0,8350.0,231281
POLYMED,20260922,1715.4,1728.0,1695.5,1699.0,59651
POLYPLEX,20260922,1108.0,1118.9,1082.4,1091.6,33912
POLYSPIN,20260922,30.6,30.6,28.0,28.51,2465
PONNIERODE,20260922,359.4,369.45,359.0,362.8,14405
POONAWALLA,20260922,468.2,478.45,468.2,471.9,787982
POWERGRID,20260922,267.0,268.3,265.95,265.95,7314792
POWERICA,20260922,579.95,579.95,549.8,559.3,113348
POWERINDIA,20260922,32170.0,32550.0,31195.0,31415.0,89147
POWERMECH,20260922,2455.0,2491.3,2410.0,2443.1,32584
PPAP,20260922,237.0,237.0,232.15,232.6,5366
PPL,20260922,267.0,281.0,267.0,273.4,23688
PPLPHARMA,20260922,215.5,215.97,209.5,210.12,2470090
PRABHA,20260922,230.23,241.73,230.23,235.72,249425
PRADPME,20260922,487.0,498.85,480.0,498.85,31261
PRAENG,20260922,22.49,22.8,21.35,21.56,25926
PRAJIND,20260922,312.5,323.2,312.5,317.55,502874
PRAKASH,20260922,121.0,125.73,118.3,119.12,564037
PRAKASHSTL,20260922,3.81,3.82,3.66,3.72,65227
PRANAV,20260922,105.98,106.07,101.89,102.87,2894567
PRASOLCHEM,20260922,685.05,710.4,676.0,704.75,413042
PRAVEG,20260922,253.9,263.95,252.05,255.85,26918
PRAXIS,20260922,4.32,4.35,4.2,4.35,39242
PRECAM,20260922,117.42,120.9,116.81,118.87,110105
PRECOT,20260922,709.0,709.0,668.85,674.6,2741
PRECWIRE,20260922,471.0,499.65,471.0,491.1,960152
PREMCO,20260922,400.0,403.85,390.5,402.0,354
PREMEXPLN,20260922,677.9,677.9,671.0,674.25,109557
PREMIER,20260922,2.84,2.88,2.65,2.83,35580
PREMIERENE,20260922,914.6,920.0,896.2,907.2,1202025
PREMIERPOL,20260922,79.96,82.0,79.18,81.02,94173
PRESTIGE,20260922,1483.0,1495.1,1454.0,1479.6,512562
PRICOLLTD,20260922,756.5,776.0,752.4,768.1,210797
PRIMESECU,20260922,300.0,300.0,287.3,290.2,8958
PRIMO,20260922,22.31,23.3,21.26,22.69,174515
PRINCEPIPE,20260922,266.3,269.25,264.1,265.25,99974
PRIORITY,20260922,232.0,236.0,221.41,223.5,124239
PRISMX,20260922,0.56,0.56,0.54,0.55,88701
PRITI,20260922,33.59,33.88,32.0,32.9,6371
PRITIKAUTO,20260922,15.49,15.65,15.06,15.6,89488
PRIVISCL,20260922,3535.3,3571.2,3493.3,3515.2,41202
PROSTARM,20260922,128.03,130.0,127.09,127.84,66825
PROTEAN,20260922,575.0,656.9,568.35,620.65,14817622
PROZONER,20260922,53.39,53.39,51.5,52.23,432191
PRSMJOHNSN,20260922,117.65,117.65,115.5,116.08,173322
PRUDENT,20260922,3426.8,3468.8,3393.0,3403.7,9530
PRUDMOULI,20260922,14.0,14.69,13.61,13.71,25129
PSB,20260922,21.95,22.06,21.81,21.93,468789
PSPPROJECT,20260922,828.95,855.6,821.25,828.7,54861
PSUBANK,20260922,83.09,83.69,82.51,82.66,29570
PSUBANKADD,20260922,84.46,84.46,83.16,83.2,14924
PSUBNKBEES,20260922,93.9,93.9,92.0,92.15,686677
PSUBNKIETF,20260922,84.5,84.69,83.55,83.66,30018
PTC,20260922,156.78,157.95,155.08,155.63,1053065
PTCIL,20260922,22320.0,22455.0,22005.0,22130.0,15358
PTL,20260922,38.44,38.59,38.05,38.35,16578
PUNJABCHEM,20260922,1072.0,1085.9,1052.5,1066.2,6041
PURVA,20260922,214.94,223.7,214.0,216.69,395080
PVP,20260922,65.35,65.35,63.7,65.35,789426
PVRINOX,20260922,1350.0,1352.8,1306.0,1334.8,388638
PVSL,20260922,99.75,100.99,99.0,99.92,11215
PVTBANIETF,20260922,28.37,28.37,27.58,27.7,755688
PVTBANK,20260922,28.0,28.0,27.29,27.3,3207
PVTBANKADD,20260922,27.9,27.98,27.74,27.91,54566
PVTBKGROWW,20260922,27.95,27.95,27.3,27.39,14442
PWL,20260922,135.01,136.84,132.5,136.35,6126383
PYRAMID,20260922,157.67,159.05,155.43,157.79,16861
QGOLDHALF,20260922,125.82,125.9,124.6,125.2,142236
QMSMEDI,20260922,190.0,195.52,183.21,192.8,72067
QNIFTY,20260922,257.62,261.9,257.0,257.6,5541
QPOWER,20260922,1500.0,1539.1,1487.5,1491.6,215820
QUADFUTURE,20260922,538.0,551.45,516.9,522.4,701484
QUAL30IETF,20260922,20.42,20.43,20.28,20.37,41414
QUALITY30,20260922,20.14,20.14,19.96,19.96,4581
QUESS,20260922,359.65,372.25,357.8,360.45,403546
QUICKHEAL,20260922,151.84,156.0,151.4,152.32,114004
QUINT,20260922,76.73,80.56,74.1,80.56,193585
RACE,20260922,102.0,119.98,99.94,119.98,682329
RACLGEAR,20260922,1717.0,1813.0,1713.1,1758.0,64952
RADAAN,20260922,2.88,2.88,2.81,2.87,14744
RADHIKAJWE,20260922,71.55,74.85,71.0,72.15,293333
RADIANTCMS,20260922,35.39,35.99,35.13,35.24,263083
RADICO,20260922,4493.0,4512.3,4436.0,4448.8,160829
RADIOCITY,20260922,6.1,6.14,5.98,6.09,59997
RAILTEL,20260922,260.2,266.15,258.3,263.9,469926
RAIN,20260922,212.98,221.0,212.6,219.54,4482583
RAINBOW,20260922,1442.0,1454.6,1411.2,1430.9,95288
RAJESHEXPO,20260922,70.99,71.98,68.5,68.74,743032
RAJMET,20260922,3.16,3.19,3.12,3.14,283086
RAJOOENG,20260922,54.63,55.5,53.57,54.31,133368
RAJPALAYAM,20260922,772.35,778.5,757.0,758.5,367
RAJRATAN,20260922,452.0,461.0,445.0,450.2,86400
RAJRILTD,20260922,20.79,20.79,20.09,20.15,14148
RAJSREESUG,20260922,32.48,32.9,31.4,32.16,24067
RAJTV,20260922,9.09,9.31,8.84,9.31,128187
RALLIS,20260922,202.0,203.44,199.23,201.95,559902
RAMANEWS,20260922,32.39,32.54,31.51,32.11,17709
RAMAPHO,20260922,121.21,123.5,120.05,120.16,12642
RAMASTEEL,20260922,4.51,4.58,4.26,4.54,6376739
RAMBHAJO,20260922,306.0,306.0,282.1,284.1,754506
RAMCOCEM,20260922,880.0,889.9,872.5,883.5,292303
RAMCOIND,20260922,323.8,328.65,319.5,320.85,46173
RAMCOSYS,20260922,564.0,592.4,564.0,592.4,92608
RAMKY,20260922,320.05,323.95,314.3,316.55,33762
RAMRAT,20260922,550.1,571.8,545.85,562.75,812222
RANASUG,20260922,14.11,14.39,14.04,14.11,237048
RANEHOLDIN,20260922,1584.3,1600.0,1571.5,1585.6,5656
RATEGAIN,20260922,844.9,858.0,834.0,837.5,277542
RATNAMANI,20260922,2777.0,2802.0,2765.0,2781.7,27421
RATNAVEER,20260922,336.2,341.1,327.0,332.3,6199353
RAYMOND,20260922,1090.0,1193.4,1089.95,1116.95,4950372
RAYMONDLSL,20260922,652.4,667.15,647.55,652.8,312338
RAYMONDREL,20260922,587.0,612.4,586.0,589.5,765481
RBA,20260922,95.7,95.7,92.14,93.64,3566634
RBLBANK,20260922,404.3,424.4,402.85,423.2,7366610
RBZJEWEL,20260922,176.0,179.55,170.0,177.78,82958
RCF,20260922,109.24,109.5,107.45,107.63,957267
RCOM,20260922,0.91,0.92,0.89,0.89,3105011
RECLTD,20260922,310.3,311.0,307.1,307.1,4641953
REDINGTON,20260922,394.0,412.2,392.6,410.35,5662870
REDTAPE,20260922,116.41,120.0,115.9,118.8,543970
REFEX,20260922,293.2,296.9,289.05,291.0,525817
REGAAL,20260922,83.44,100.12,82.6,97.21,8177219
REGENCERAM,20260922,32.0,33.55,31.99,33.3,2947
RELAXO,20260922,295.95,298.0,291.5,292.65,209982
RELCHEMQ,20260922,118.0,119.8,116.0,117.61,2469
RELIABLE,20260922,142.1,147.98,141.15,142.05,20777
RELIANCE,20260922,1247.6,1251.9,1237.4,1240.4,10684376
RELIGARE,20260922,252.01,253.09,248.4,249.17,903971
RELINFRA,20260922,48.02,48.02,48.02,48.02,71113
RELTD,20260922,143.99,153.58,143.99,151.26,195108
REMSONSIND,20260922,97.99,99.85,96.1,97.82,111502
RENTOMOJO,20260922,542.0,546.0,520.0,524.9,3415248
RENUKA,20260922,22.92,23.35,22.72,22.82,6690805
REPCOHOME,20260922,362.15,362.15,355.0,357.25,62778
REPL,20260922,59.5,59.5,56.0,57.67,3370
REPRO,20260922,299.85,300.0,295.3,298.2,10077
RESPONIND,20260922,160.0,162.47,156.48,157.38,83796
RETAIL,20260922,18.89,18.89,17.05,17.11,1490
RGL,20260922,162.24,162.96,155.51,156.78,467283
RHETAN,20260922,17.67,18.8,17.67,17.67,5520962
RHFL,20260922,1.71,1.76,1.68,1.7,1124648
RHIM,20260922,392.6,397.85,372.2,379.2,11882563
RHL,20260922,176.0,179.99,173.0,174.82,4903
RICOAUTO,20260922,128.9,130.9,127.31,128.14,457519
RIIL,20260922,712.0,719.95,703.8,709.7,36666
RIR,20260922,196.0,199.75,188.87,191.56,1078839
RISHABH,20260922,750.0,765.95,731.15,736.55,108922
RITCO,20260922,285.0,290.2,280.9,287.2,67260
RITES,20260922,203.98,208.34,203.0,203.6,578211
RKDL,20260922,18.76,19.16,18.21,18.85,86335
RKEC,20260922,18.61,18.61,17.4,18.43,19316
RKFORGE,20260922,719.4,741.0,712.1,716.25,660677
RKSWAMY,20260922,91.05,91.5,87.25,87.8,20496
RMC,20260922,217.51,228.16,217.51,225.2,28244
RMDRIP,20260922,22.75,24.0,22.75,23.72,168812
RML,20260922,1345.6,1384.4,1341.1,1347.9,37741
RNBDENIMS,20260922,9.01,9.18,8.8,8.96,107785
ROHLTD,20260922,314.0,314.0,305.15,306.0,8254
ROLEXRINGS,20260922,172.7,175.85,172.06,172.5,534690
ROLLT,20260922,6.1,6.26,5.9,6.26,1239003
ROML,20260922,40.55,41.68,40.29,41.14,3417
ROSSARI,20260922,441.65,445.9,435.0,442.25,88725
ROSSELLIND,20260922,52.27,52.5,51.3,51.92,37290
ROSSTECH,20260922,1363.8,1505.0,1363.7,1494.1,1051024
ROTO,20260922,63.24,63.8,62.5,62.8,234959
ROUTE,20260922,468.9,471.3,462.2,463.95,187200
RPEL,20260922,1714.9,1760.0,1713.8,1742.3,70679
RPGLIFE,20260922,2760.3,2819.9,2722.1,2746.9,7450
RPOWER,20260922,21.02,21.32,20.82,20.89,15218039
RPPINFRA,20260922,53.05,55.49,53.05,54.98,27867
RPPL,20260922,19.84,20.2,19.3,19.54,57203
RPSGVENT,20260922,855.65,857.0,831.5,841.65,23708
RPTECH,20260922,812.0,900.0,812.0,883.55,726954
RRECL,20260922,138.8,138.8,137.0,137.0,156
RRIL,20260922,16.3,16.5,15.51,16.11,28596
RRKABEL,20260922,2416.0,2491.0,2414.5,2472.5,317242
RSDFIN,20260922,90.0,92.0,88.0,91.0,110
RSL,20260922,199.9,202.22,186.05,187.27,483336
RSSOFTWARE,20260922,30.3,31.74,29.7,31.6,48181
RSWM,20260922,234.4,234.9,225.55,227.01,95632
RSYSTEMS,20260922,242.31,244.89,238.15,239.45,93080
RTNINDIA,20260922,27.17,28.39,27.06,27.22,1363637
RTNPOWER,20260922,7.11,7.21,7.05,7.06,13563610
RTSPOWR,20260922,90.0,91.5,85.3,90.06,6801
RUBFILA,20260922,67.8,67.88,66.02,66.97,40794
RUBICON,20260922,1720.0,1730.8,1662.0,1671.2,344602
RUBYMILLS,20260922,479.75,479.75,450.05,459.95,6782
RUCHINFRA,20260922,5.07,5.2,4.96,5.01,70765
RUCHIRA,20260922,108.0,108.0,105.6,105.93,14598
RUDRA,20260922,20.43,20.5,20.0,20.1,15293
RUPA,20260922,137.1,138.8,136.8,138.52,75272
RUSHIL,20260922,16.2,17.5,16.2,16.7,592262
RUSTOMJEE,20260922,358.35,367.45,353.95,363.55,38395
RVHL,20260922,39.8,40.5,39.2,39.65,5919
RVNL,20260922,211.0,213.3,209.63,211.15,4049857
RVTH,20260922,685.0,685.35,670.05,671.55,132
S&SPOWER,20260922,323.1,330.05,318.6,325.45,4106
SAATVIKGL,20260922,434.2,451.0,428.8,446.75,345259
SAB,20260922,174.15,174.15,170.0,174.15,5
SADBHAV,20260922,7.5,7.73,7.46,7.68,115553
SADBHIN,20260922,2.52,2.59,2.46,2.58,117847
SADHNANIQ,20260922,2.87,3.0,2.77,2.85,3184795
SAFARI,20260922,1494.0,1517.4,1480.5,1498.5,29262
SAGARDEEP,20260922,23.03,23.87,23.03,23.39,4115
SAGCEM,20260922,152.6,154.72,151.0,151.32,45894
SAGILITY,20260922,46.0,46.24,45.51,45.61,7493649
SAHLIBHFI,20260922,77.4,77.8,74.5,77.36,28755
SAHYADRI,20260922,367.6,380.0,358.55,360.25,6899
SAICAPI,20260922,159.99,159.99,142.5,152.52,55
SAIL,20260922,177.1,178.29,174.0,174.01,7065250
SAILIFE,20260922,1608.1,1615.0,1592.5,1600.5,274572
SAIPARENT,20260922,513.15,517.35,505.0,506.65,27104
SAKAR,20260922,1168.0,1196.9,1145.0,1188.4,107278
SAKHTISUG,20260922,18.55,18.8,18.21,18.3,86231
SAKSOFT,20260922,147.0,147.0,143.74,144.36,221274
SAKUMA,20260922,1.52,1.53,1.51,1.52,822511
SALASAR,20260922,4.86,5.0,4.86,4.96,3500589
SALONA,20260922,261.1,280.0,261.05,271.5,5038
SALSTEEL,20260922,82.36,84.8,79.49,80.98,715814
SALZERELEC,20260922,548.95,563.1,542.35,545.95,39062
SAMBHAAV,20260922,6.0,6.29,5.9,5.96,36588
SAMBHV,20260922,155.9,156.0,150.8,151.94,5785775
SAMHI,20260922,159.59,161.69,159.0,159.52,527288
SAMMAANCAP,20260922,143.5,144.95,141.75,142.36,2980044
SAMPANN,20260922,24.89,24.89,23.76,24.1,14344
SANATHAN,20260922,479.9,482.45,466.8,471.3,34433
SANDESH,20260922,1055.0,1055.0,1032.0,1038.7,412
SANDHAR,20260922,594.0,599.8,583.4,586.3,76254
SANDUMA,20260922,183.15,186.47,182.21,183.24,386959
SANGAMIND,20260922,582.85,582.85,556.8,569.3,10602
SANGHVIMOV,20260922,437.0,444.9,433.1,438.8,154791
SANGINITA,20260922,73.92,73.92,73.92,73.92,21841
SANOFI,20260922,3077.8,3091.1,3053.0,3058.8,13451
SANOFICONR,20260922,3997.6,4024.8,3960.0,3993.0,3410
SANSERA,20260922,4489.9,4630.0,4393.3,4586.5,914987
SANSTAR,20260922,113.46,114.85,112.1,112.61,164181
SANWARIA,20260922,0.2,0.2,0.19,0.19,571650
SAPPHIRE,20260922,239.6,239.6,232.56,237.24,675367
SAPPL,20260922,272.3,272.3,272.0,272.15,270
SARDAEN,20260922,505.95,510.0,500.55,503.35,219099
SAREGAMA,20260922,488.2,508.85,486.45,503.35,406636
SARLAPOLY,20260922,98.15,100.5,97.09,99.26,65467
SARVESHWAR,20260922,3.74,3.74,3.66,3.67,801580
SASKEN,20260922,1738.0,1795.5,1700.0,1755.6,62363
SATIA,20260922,67.69,68.95,66.11,67.41,70149
SATIN,20260922,223.4,225.1,218.51,223.2,156325
SAURASHCEM,20260922,53.14,54.0,52.71,53.15,44355
SAYAJIHOTL,20260922,329.9,329.9,309.15,309.15,266
SAYAJIIND,20260922,120.42,121.0,119.79,121.0,1013
SBC,20260922,49.19,49.49,49.19,49.23,7180385
SBCL,20260922,1140.0,1168.5,1117.7,1126.9,193534
SBFC,20260922,91.01,91.44,90.27,90.41,623342
SBGLP,20260922,23.62,24.1,22.65,23.34,92156
SBIBPB,20260922,48.55,48.55,47.78,47.86,22749
SBICARD,20260922,637.1,642.65,630.65,634.95,676501
SBIETFCON,20260922,118.85,120.28,118.33,118.93,2601
SBIETFIT,20260922,321.44,324.55,314.3,317.37,14353
SBIETFPB,20260922,279.37,284.9,278.96,279.18,24239
SBIETFQLTY,20260922,215.17,215.17,213.46,214.19,1235
SBIFUNDS,20260922,552.5,554.9,544.0,546.0,526991
SBILIFE,20260922,1761.1,1772.7,1740.0,1756.3,329671
SBILIQETF,20260922,1056.9,1056.92,1056.9,1056.9,621027
SBIMIDMOM,20260922,63.86,65.04,62.57,63.01,61859
SBIN,20260922,999.1,1000.1,981.3,987.0,6126235
SBINEQWETF,20260922,33.14,33.38,32.28,32.43,29413
SBINMID150,20260922,23.39,23.7,22.83,22.93,41838
SBISILVER,20260922,227.11,227.92,223.81,225.6,1305691
SBISMLETF,20260922,18.32,18.43,18.24,18.28,33143
SBIVALETF,20260922,14.51,14.51,14.4,14.46,4168
SCANSTL,20260922,50.5,52.99,50.0,52.82,26262
SCHAEFFLER,20260922,4112.0,4124.5,4035.0,4054.2,27601
SCHAND,20260922,135.25,135.97,131.1,133.75,30117
SCHNEIDER,20260922,1235.0,1254.1,1210.0,1214.2,136911
SCI,20260922,282.0,283.9,279.0,281.1,1193262
SCILAL,20260922,38.19,39.29,37.72,38.27,298183
SCODATUBES,20260922,128.95,130.26,128.5,128.85,184669
SCPL,20260922,658.0,665.0,636.1,659.5,12743
SDBL,20260922,68.85,69.15,67.21,67.45,289834
SEAMECLTD,20260922,1695.0,1754.0,1690.1,1734.7,35821
SECLEDBETA,20260922,14.96,14.96,14.29,14.31,11225
SECMARK,20260922,140.21,142.38,135.05,136.11,1337
SECURKLOUD,20260922,17.0,17.0,16.57,16.85,4936
SEDEMAC,20260922,3100.0,3108.0,2985.6,3034.3,95017
SEIL,20260922,186.23,192.73,184.91,191.74,257983
SEJALLTD,20260922,688.35,688.35,659.6,666.3,3526
SEKURITIND,20260922,113.21,115.79,112.41,114.35,26965
SELECTIPO,20260922,48.72,48.93,48.57,48.84,70034
SEMAC,20260922,272.25,281.95,272.25,279.0,24
SENCO,20260922,341.9,344.7,336.0,337.35,343192
SENORES,20260922,1396.0,1409.8,1372.1,1379.9,229036
SENSEXADD,20260922,77.54,77.55,76.83,77.06,729
SENSEXAXIS,20260922,77.8,78.09,77.28,77.69,2580
SENSEXBETA,20260922,829.45,833.68,826.0,828.37,1707
SENSEXETF,20260922,77.5,77.61,76.88,77.12,14793
SENSEXIETF,20260922,875.0,875.0,856.51,860.49,4680
SEPC,20260922,5.09,5.2,5.09,5.16,6308331
SERVOTECH,20260922,71.45,72.7,70.11,70.64,551402
SESHAPAPER,20260922,247.16,250.0,245.0,246.94,28688
SETCO,20260922,17.0,17.6,16.9,17.04,36933
SETF10GILT,20260922,262.85,263.89,261.78,262.53,1544
SETFGOLD,20260922,129.5,129.58,128.12,128.91,5500775
SETFNIF50,20260922,259.09,259.09,251.03,251.73,534174
SETFNIFBK,20260922,581.09,582.32,576.61,578.21,34953
SETFNN50,20260922,776.75,777.9,770.24,772.86,14862
SETL,20260922,410.0,412.2,393.15,402.55,721740
SETUINFRA,20260922,0.6,0.6,0.58,0.58,11884
SEYAIND,20260922,13.64,13.64,13.17,13.64,14897
SFL,20260922,655.0,676.3,644.95,648.25,223486
SGFIN,20260922,632.0,646.75,618.1,624.6,174549
SGIL,20260922,606.0,650.0,600.05,636.8,39063
SGL,20260922,9.67,9.74,9.0,9.07,6143
SGLRES,20260922,2.53,2.55,2.36,2.4,42415
SGMART,20260922,728.1,737.05,718.1,721.8,57564
SGRL,20260922,735.0,736.95,675.05,704.8,33078
SHADOWFAX,20260922,272.75,288.25,272.5,283.05,10724382
SHAH,20260922,3.32,3.32,3.23,3.25,843480
SHAHALLOYS,20260922,84.05,90.0,83.5,89.98,23286
SHAILY,20260922,3281.5,3281.5,3150.0,3168.8,152551
SHAKTIPUMP,20260922,471.0,482.25,467.5,469.1,446914
SHALBY,20260922,138.75,144.13,136.1,136.7,196871
SHALPAINTS,20260922,82.36,82.36,76.55,77.64,42713
SHANKARA,20260922,147.46,147.99,138.15,141.39,115988
SHANKESH,20260922,91.99,93.0,90.66,91.09,1338379
SHANTI,20260922,5.7,5.88,5.45,5.56,49440
SHANTIGEAR,20260922,700.0,723.0,670.5,673.7,84984
SHANTIGOLD,20260922,259.8,268.4,256.15,258.04,1083004
SHARDACROP,20260922,746.0,756.15,743.25,747.35,82060
SHARDAMOTR,20260922,957.7,988.9,955.8,985.75,141934
SHARDUL,20260922,54.6,55.7,54.45,55.2,11612
SHAREINDIA,20260922,223.95,229.59,221.34,223.32,2064061
SHARIABEES,20260922,451.75,451.75,434.0,435.76,17144
SHBAJRG,20260922,153.79,153.99,151.0,153.79,2551
SHEKHAWATI,20260922,23.67,23.67,22.55,23.67,78935
SHEMAROO,20260922,118.0,122.99,118.0,121.25,5923
SHERVANI,20260922,343.0,343.0,343.0,343.0,27
SHILCTECH,20260922,3975.0,4025.0,3965.5,3989.0,9161
SHILGRAVQ,20260922,157.0,159.54,152.0,154.57,2724
SHILPAMED,20260922,1060.0,1073.0,1023.3,1033.15,675143
SHINDL,20260922,164.83,164.83,160.0,162.53,247030
SHIPROCKET,20260922,122.99,130.15,122.55,126.19,4643439
SHIVAAGRO,20260922,42.44,42.44,39.0,40.03,2056
SHIVACEM,20260922,15.88,15.88,15.31,15.5,33780
SHIVALIK,20260922,404.5,436.9,395.8,416.9,297963
SHIVAMAUTO,20260922,17.9,18.23,17.55,17.75,87411
SHIVAMILLS,20260922,61.35,61.35,59.22,61.24,110
SHIVATEX,20260922,174.08,177.98,168.11,172.07,3694
SHIVAUM,20260922,460.35,519.0,460.0,515.05,682178
SHK,20260922,136.27,141.02,136.27,138.28,210414
SHOPERSTOP,20260922,394.95,400.0,389.8,392.5,28442
SHRADDHA,20260922,152.9,152.9,144.2,144.78,5638
SHRADHA,20260922,30.94,30.94,29.9,30.78,5324
SHREDIGCEM,20260922,67.7,67.94,66.13,66.92,60844
SHREECEM,20260922,22540.0,22650.0,22165.0,22200.0,9585
SHREEJISPG,20260922,713.55,723.65,695.6,719.35,1156580
SHREEPUSHK,20260922,519.6,519.6,501.35,505.85,33737
SHREERAMA,20260922,44.0,44.46,43.11,43.69,41912
SHRENIK,20260922,0.29,0.3,0.28,0.28,680395
SHREYANIND,20260922,133.61,133.61,126.8,127.31,13105
SHRIKRISH,20260922,35.61,35.61,34.75,34.75,104
SHRINGARMS,20260922,208.99,211.0,207.0,208.56,192061
SHRIPISTON,20260922,4523.5,4587.9,4491.0,4512.6,52033
SHRIRAMFIN,20260922,1011.8,1016.6,995.5,1006.0,3773069
SHRIRAMPPS,20260922,72.03,72.83,70.52,71.03,248568
SHRJAGP,20260922,638.95,640.0,625.05,630.5,614
SHUKRAPHAR,20260922,55.33,59.4,55.33,58.59,5114278
SHYAMCENT,20260922,5.02,5.1,5.01,5.04,46119
SHYAMMETL,20260922,1105.2,1105.2,1085.9,1094.1,383963
SHYAMTEL,20260922,11.13,11.39,10.81,11.05,5020
SICAGEN,20260922,53.57,53.57,51.7,52.05,12795
SICALLOG,20260922,93.2,96.9,92.5,93.76,33561
SIEL,20260922,28.9,30.48,28.9,30.48,14
SIEMENS,20260922,3890.0,3954.3,3850.1,3858.0,257553
SIGACHI,20260922,31.3,31.64,30.41,30.61,3127491
SIGIND,20260922,71.39,71.98,70.0,71.3,31901
SIGMA,20260922,46.8,47.4,46.0,46.46,69532
SIGMAADV,20260922,914.95,950.0,905.0,948.0,369254
SIGNATURE,20260922,767.15,787.55,760.0,763.1,308020
SIGNPOST,20260922,269.95,272.65,266.3,267.05,17124
SIKA,20260922,1097.4,1103.0,1052.45,1062.8,38121
SIKKO,20260922,5.92,6.18,5.78,5.99,679968
SIL,20260922,15.7,16.5,15.7,16.01,72593
SILGO,20260922,70.6,71.26,68.18,70.92,16891
SILINV,20260922,443.0,452.35,433.1,440.8,149
SILVER,20260922,232.04,232.3,228.2,230.01,391777
SILVER001,20260922,23.93,24.15,23.11,23.34,74232
SILVER1,20260922,22.53,22.62,22.15,22.35,10450572
SILVER360,20260922,228.58,228.66,224.89,226.34,11650
SILVERADD,20260922,22.54,22.54,22.0,22.18,6357708
SILVERAG,20260922,225.0,226.66,222.32,224.07,387711
SILVERAXIS,20260922,230.95,231.22,227.2,229.33,886110
SILVERBEES,20260922,222.25,222.49,218.42,220.27,17443388
SILVERBETA,20260922,223.0,224.53,220.46,222.29,593224
SILVERBND,20260922,232.52,233.24,229.19,231.26,10288
SILVERCASE,20260922,23.52,23.58,23.17,23.36,4537007
SILVERIETF,20260922,232.25,232.29,228.11,230.18,3508319
SILVERTUC,20260922,162.5,164.71,155.15,155.89,655906
SIMBHALS,20260922,6.54,6.67,6.41,6.41,9236
SIMPLEXINF,20260922,252.1,260.5,252.1,256.3,149503
SINCLAIR,20260922,83.15,84.07,81.05,81.79,8447
SINDHUTRAD,20260922,24.0,24.3,23.8,24.11,337022
SINGERIND,20260922,76.8,78.9,76.48,77.26,26645
SINTERCOM,20260922,75.15,80.94,75.0,80.49,38291
SIRCA,20260922,406.0,411.6,402.25,404.6,139519
SIS,20260922,420.55,433.0,420.35,424.05,254932
SITINET,20260922,0.28,0.29,0.28,0.28,275612
SIYSIL,20260922,535.8,538.4,527.1,535.75,20446
SJS,20260922,2335.0,2359.9,2304.5,2310.8,56227
SJVN,20260922,63.4,63.91,62.85,63.11,2784240
SKFINDIA,20260922,1537.9,1539.8,1504.0,1507.2,37128
SKFINDUS,20260922,2894.4,2917.6,2781.6,2790.8,21855
SKIPPER,20260922,563.2,577.5,555.45,561.55,666777
SKMEGGPROD,20260922,229.0,231.1,218.3,221.25,237366
SKYGOLD,20260922,796.0,806.0,788.55,802.55,490824
SKYWAYS,20260922,128.54,133.0,124.63,130.32,13853831
SMALL250,20260922,18.73,18.73,18.29,18.35,597786
SMALLADD,20260922,18.49,18.52,18.35,18.43,23859
SMALLCAP,20260922,50.2,50.2,48.66,48.74,1707236
SMALLGROWW,20260922,49.1,49.38,48.62,48.84,8360
SMALLIETF,20260922,18.47,18.47,18.25,18.34,43651
SMARTLINK,20260922,212.51,224.0,212.51,223.97,3657
SMARTWORKS,20260922,545.7,557.9,536.65,543.9,75216
SMCGLOBAL,20260922,81.99,82.88,80.76,82.43,641242
SML100CASE,20260922,11.56,11.56,11.25,11.29,1248407
SMLMAH,20260922,6490.0,6787.0,6451.5,6719.5,73551
SMLT,20260922,61.5,61.5,58.5,60.77,3830
SMSPHARMA,20260922,467.85,494.45,467.85,483.35,1908207
SNOWMAN,20260922,35.79,35.79,34.75,34.85,115991
SNXT30BEES,20260922,42.14,42.33,41.93,42.06,5894
SNXT50BETA,20260922,95.2,95.44,92.05,92.66,4011
SOBHA,20260922,1223.3,1260.0,1217.9,1230.9,133744
SOFTTECH,20260922,535.0,535.0,494.95,498.25,9390
SOLARA,20260922,753.4,763.0,739.55,744.55,260825
SOLARINDS,20260922,19395.0,20225.0,19315.0,19890.0,396641
SOLARWORLD,20260922,141.0,142.93,138.24,139.46,581345
SOLEX,20260922,699.8,712.9,671.4,678.95,42358
SOMANYCERA,20260922,589.5,601.75,589.45,594.75,97579
SOMATEX,20260922,80.0,81.44,78.51,80.02,5262
SOMICONVEY,20260922,93.0,93.98,90.98,92.66,1916
SONACOMS,20260922,800.0,809.0,794.05,809.0,1560055
SONAL,20260922,84.01,84.01,84.01,84.01,50
SONAMLTD,20260922,70.0,70.0,67.0,67.21,33405
SONATSOFTW,20260922,279.9,285.0,276.0,284.45,954532
SOTL,20260922,728.6,733.35,714.55,724.35,190337
SOUTHBANK,20260922,45.89,45.95,45.11,45.23,4437444
SOUTHWEST,20260922,189.0,194.51,189.0,190.79,95266
SPAL,20260922,977.7,991.0,972.5,979.7,20612
SPANDANA,20260922,229.2,231.41,226.0,227.38,51888
SPARC,20260922,195.9,203.5,195.9,197.96,884640
SPCENET,20260922,3.22,3.38,3.19,3.29,909337
SPECIALITY,20260922,144.0,150.0,144.0,149.53,29566
SPECTRUM,20260922,3285.0,3351.0,3090.0,3344.5,14682
SPENCERS,20260922,28.39,28.99,27.85,28.47,19506
SPIC,20260922,66.8,67.15,65.86,66.09,205502
SPLIL,20260922,30.26,31.5,29.65,30.52,7934
SPLPETRO,20260922,870.75,871.0,852.35,864.75,126025
SPMLINFRA,20260922,169.83,171.0,165.49,166.44,121670
SPORTKING,20260922,206.87,219.79,205.97,214.49,455954
SRD,20260922,40.99,41.0,39.65,40.32,15162
SREEL,20260922,276.3,281.79,276.3,279.9,8245
SRF,20260922,2540.0,2554.3,2526.4,2538.3,69512
SRGHFL,20260922,133.0,145.0,130.2,143.75,74850
SRHHYPOLTD,20260922,664.7,670.0,591.25,599.25,336785
SRIKPRIND,20260922,28.64,29.74,28.0,28.78,18113
SRM,20260922,420.25,428.0,415.3,419.8,43479
SRTL,20260922,38.36,39.03,37.4,38.84,55248
SSDL,20260922,62.78,70.99,62.77,65.71,490278
SSWL,20260922,361.75,389.85,358.0,364.8,2427282
STALLION,20260922,230.9,237.7,221.6,226.23,479856
STANLEY,20260922,136.15,136.99,134.7,135.43,35397
STAR,20260922,1234.2,1246.7,1195.5,1217.4,285056
STARCEMENT,20260922,194.0,195.0,189.1,189.51,147576
STARHEALTH,20260922,543.0,547.0,539.2,544.6,355636
STARPAPER,20260922,158.5,160.0,155.22,156.79,3168
STARTECK,20260922,253.15,253.15,240.3,242.0,19
STCINDIA,20260922,111.9,112.15,110.9,111.06,14626
STEAMHOUSE,20260922,107.75,113.04,106.65,112.02,21132380
STEELCAS,20260922,365.0,365.0,340.0,350.15,1480419
STEELCITY,20260922,87.56,87.56,84.87,85.59,3722
STEELXIND,20260922,11.22,11.45,11.1,11.18,3289141
STEL,20260922,662.0,674.0,656.05,663.55,3924
STERTOOLS,20260922,219.0,229.7,218.0,223.02,34254
STLNETWORK,20260922,45.09,47.34,44.01,47.34,13000814
STLSTRINF,20260922,24.99,24.99,23.0,23.16,10145
STLTECH,20260922,819.95,851.0,818.0,839.55,1444247
STOVEKRAFT,20260922,817.9,835.95,816.05,827.8,107974
STUDDS,20260922,429.0,434.4,419.55,421.45,44386
STYL,20260922,350.15,364.0,345.25,361.25,84140
STYLAMIND,20260922,3194.9,3360.5,3153.4,3309.4,109057
STYLEBAAZA,20260922,398.95,399.05,375.05,375.05,4125890
STYRENIX,20260922,2096.0,2110.4,2070.0,2078.3,16283
SUBEXLTD,20260922,19.7,19.83,19.1,19.37,4951473
SUBROS,20260922,715.0,724.35,715.0,720.65,18563
SUDARCOLOR,20260922,410.0,410.0,388.15,390.2,4738
SUDARSCHEM,20260922,1274.1,1274.1,1222.4,1230.3,122386
SUDEEPPHRM,20260922,1141.1,1201.2,1133.8,1197.1,307848
SUKHJITS,20260922,163.0,164.5,160.03,161.0,11140
SULA,20260922,134.9,136.89,134.46,135.48,259852
SUMEDHA,20260922,48.1,48.1,44.0,44.04,2902
SUMEETINDS,20260922,10.44,10.53,10.44,10.53,624237
SUMICHEM,20260922,453.55,462.7,450.65,457.5,466298
SUMIT,20260922,50.99,50.99,48.5,50.06,13814
SUMMITSEC,20260922,1404.8,1410.0,1395.3,1404.0,650
SUNCLAY,20260922,1252.5,1266.6,1221.0,1252.5,6249
SUNDARAM,20260922,1.19,1.19,1.16,1.17,232872
SUNDARMFIN,20260922,4665.6,4873.7,4650.0,4751.9,90693
SUNDRMBRAK,20260922,705.0,709.0,665.0,690.85,4033
SUNDRMFAST,20260922,1205.6,1218.9,1176.6,1190.9,190200
SUNDROP,20260922,719.0,773.0,711.5,742.35,291500
SUNFLAG,20260922,355.45,362.2,352.7,355.05,199128
SUNLOC,20260922,73.0,75.8,73.0,75.8,122
SUNPHARMA,20260922,1869.0,1876.4,1842.3,1846.4,1062235
SUNRAKSHAK,20260922,365.5,368.9,363.0,364.85,4543
SUNSHIEL,20260922,1227.0,1235.0,1184.8,1192.0,6652
SUNSHINE,20260922,432.8,444.0,427.2,440.4,705974
SUNTECK,20260922,290.3,292.7,286.1,287.9,54482
SUNTV,20260922,458.0,494.2,454.0,490.1,3413835
SUPERHOUSE,20260922,170.31,171.0,168.0,169.17,4819
SUPERSPIN,20260922,6.93,7.42,6.76,7.4,55578
SUPRAJIT,20260922,484.0,487.7,482.2,483.45,37481
SUPREME,20260922,33.7,33.7,31.1,32.19,14062
SUPREMEENG,20260922,3.72,3.72,3.72,3.72,190781
SUPREMEIND,20260922,3495.0,3511.2,3435.9,3460.5,194956
SUPREMEINF,20260922,82.92,83.0,80.2,80.5,6278
SUPRIYA,20260922,963.0,971.65,933.1,939.1,333549
SUPTANERY,20260922,10.15,10.15,10.15,10.15,72173
SURAJEST,20260922,213.0,226.61,213.0,217.0,622792
SURAJLTD,20260922,198.0,204.99,190.3,202.41,920
SURAKSHA,20260922,351.9,358.05,341.0,353.4,177064
SURANASOL,20260922,25.82,26.35,25.41,25.53,17108
SURANAT&P,20260922,16.11,16.5,16.11,16.19,22965
SURYALA,20260922,392.9,392.95,380.2,390.8,421
SURYALAXMI,20260922,57.6,58.89,57.01,57.4,3951
SURYAROSNI,20260922,211.18,215.8,211.01,212.05,391334
SURYODAY,20260922,148.55,148.97,145.79,146.4,125159
SUTLEJTEX,20260922,39.45,40.0,38.37,38.92,20552
SUVEN,20260922,337.9,345.2,334.3,335.45,271490
SUVIDHAA,20260922,2.25,2.39,2.19,2.22,1482871
SUYOG,20260922,654.9,658.5,641.5,644.65,15031
SUZLON,20260922,43.5,44.22,42.91,43.0,41578320
SVGLOBAL,20260922,159.0,159.5,150.2,155.6,7057
SVLL,20260922,814.0,885.0,814.0,867.65,7371
SVPGLOB,20260922,3.44,3.44,3.19,3.34,31926
SWANCORP,20260922,303.0,311.0,301.0,302.75,1116225
SWANDEF,20260922,2646.0,2769.9,2645.6,2722.0,26576
SWARAJ,20260922,279.0,301.0,278.95,292.55,345708
SWARAJENG,20260922,3572.4,3594.7,3542.0,3556.0,5088
SWARNSAR,20260922,37.81,40.4,36.55,39.69,54675
SWELECTES,20260922,573.8,574.0,559.8,564.95,4248
SWIGGY,20260922,273.0,284.25,272.8,284.05,32604564
SWISSMLTRY,20260922,14.34,14.69,13.93,14.39,107210
SWSOLAR,20260922,178.89,186.66,176.1,178.42,5752741
SYMBIOTEC,20260922,1099.0,1188.0,1095.0,1120.9,2182137
SYMPHONY,20260922,597.8,598.05,589.1,590.55,22943
SYNCOMF,20260922,19.87,21.0,19.87,20.4,9828587
SYNGENE,20260922,385.15,385.85,373.6,377.5,422362
SYRMA,20260922,1720.0,1803.9,1714.5,1741.8,4023734
SYSTMTXC,20260922,75.0,76.3,74.9,76.3,15671
TAALTECH,20260922,1163.0,1234.0,1158.0,1185.4,145451
TAINWALCHM,20260922,219.54,228.0,216.0,219.29,1736
TAJGVK,20260922,328.8,332.95,326.05,328.85,38081
TAKE,20260922,16.6,16.6,15.75,15.84,254803
TALBROAUTO,20260922,466.0,485.8,464.55,475.3,342284
TAMBOLIIN,20260922,305.9,305.9,280.0,289.95,3180
TANAA,20260922,334.5,378.95,332.5,367.05,965676
TANLA,20260922,493.0,496.35,483.75,485.35,387958
TARACHAND,20260922,47.25,47.99,46.6,47.08,41820
TARAPUR,20260922,12.0,12.53,11.45,12.08,39790
TARC,20260922,129.97,132.19,129.05,130.66,312935
TARIL,20260922,279.15,285.75,279.15,280.75,810752
TARMAT,20260922,55.87,55.9,54.13,54.22,9899
TARSONS,20260922,342.0,344.9,330.2,331.5,262560
TASTYBITE,20260922,9801.0,9941.0,9784.0,9829.0,3087
TATACAP,20260922,343.0,345.6,340.25,341.1,934131
TATACHEM,20260922,695.0,697.05,673.0,674.0,1586207
TATACOMM,20260922,1733.0,1741.0,1682.1,1692.4,136660
TATACONSUM,20260922,1002.9,1006.0,984.1,984.1,683063
TATAELXSI,20260922,3295.0,3295.0,3200.0,3220.0,523177
TATAGOLD,20260922,14.78,14.78,14.61,14.69,45022739
TATAINVEST,20260922,686.0,697.15,677.1,682.25,729720
TATAPOWER,20260922,367.0,370.0,365.9,367.0,2521297
TATASTEEL,20260922,183.6,185.49,183.1,184.97,17525509
TATATECH,20260922,724.9,724.9,712.0,715.55,476836
TATSILV,20260922,22.52,22.59,22.17,22.36,31043387
TATVA,20260922,1775.0,1817.0,1731.5,1744.2,53674
TBOTEK,20260922,1705.0,1748.0,1682.1,1703.7,596139
TBZ,20260922,650.0,665.35,636.95,665.35,881481
TCC,20260922,46.22,55.18,45.2,52.62,4284942
TCI,20260922,809.8,825.0,797.0,813.45,70223
TCIEXP,20260922,482.6,489.95,482.6,486.15,8484
TCIFINANCE,20260922,15.15,15.68,14.81,15.26,4943
TCPLPACK,20260922,3914.0,3919.8,3813.5,3833.8,2746
TCS,20260922,2135.1,2135.2,2098.2,2105.0,3641623
TDPOWERSYS,20260922,754.0,763.25,743.35,756.4,1714771
TEAMGTY,20260922,242.99,242.99,235.2,240.77,359
TEAMLEASE,20260922,1230.2,1230.2,1195.4,1201.0,16127
TECH,20260922,31.55,32.23,31.1,31.37,33252
TECHM,20260922,1553.7,1558.7,1530.9,1551.6,1013719
TECHNOCRAF,20260922,439.0,463.0,438.3,457.5,1492761
TECHNOE,20260922,1017.7,1041.4,1000.0,1005.65,112644
TECHNVISN,20260922,4154.5,4290.0,3947.0,3982.5,773
TECILCHEM,20260922,9.31,9.46,9.0,9.31,6433
TEGA,20260922,2130.0,2175.0,2060.0,2069.0,1295775
TEJASNET,20260922,518.0,527.0,515.0,516.3,963970
TEMBO,20260922,57.99,58.86,57.01,57.36,1028129
TEMPSENS,20260922,528.0,551.55,528.0,537.1,1620809
TENNIND,20260922,513.0,535.1,513.0,532.75,1047619
TERASOFT,20260922,251.1,252.8,238.25,240.8,15569
TEXINFRA,20260922,115.31,115.9,108.95,115.02,130228
TEXMOPIPES,20260922,61.0,62.0,59.15,59.38,270473
TEXRAIL,20260922,114.43,119.95,114.43,119.2,4041975
TFCILTD,20260922,140.49,144.48,139.79,140.8,9890686
TFL,20260922,11.84,12.08,11.67,11.75,1810
TGBHOTELS,20260922,9.9,9.9,9.34,9.64,18593
TGVSL,20260922,106.12,109.0,106.12,107.45,126979
THACKER,20260922,1077.9,1077.9,1000.0,1008.75,16
THAKDEV,20260922,125.0,128.9,115.6,126.36,622
THANGAMAYL,20260922,4965.0,5164.5,4955.0,5119.5,65238
THEINVEST,20260922,95.99,95.99,93.5,95.25,1491
THEJO,20260922,2141.8,2199.0,2140.0,2167.9,9018
THELEELA,20260922,540.0,548.75,531.05,537.05,518559
THEMISMED,20260922,123.2,126.19,122.0,122.6,57664
THERMAX,20260922,3580.0,3615.0,3459.0,3472.2,183238
THOMASCOOK,20260922,105.05,106.0,103.81,104.85,359934
THOMASCOTT,20260922,239.85,245.0,235.1,236.9,91068
THYROCARE,20260922,573.4,594.0,573.0,577.5,397695
TI,20260922,581.2,585.7,572.1,574.65,1596488
TICL,20260922,5.85,5.87,5.5,5.56,328364
TIGERLOGS,20260922,25.66,26.75,25.66,26.57,94527
TIIL,20260922,3050.0,3065.7,2936.0,2983.0,57681
TIINDIA,20260922,2602.0,2617.4,2558.4,2574.0,81195
TIJARIA,20260922,7.2,7.47,6.87,6.87,42120
TIL,20260922,259.55,260.0,243.86,248.07,62532
TIMETECHNO,20260922,178.52,181.9,176.9,180.59,2674483
TIMEX,20260922,708.5,718.45,701.65,703.8,236271
TIMKEN,20260922,3156.6,3194.9,3115.0,3178.5,38073
TINNARUBR,20260922,1029.35,1047.0,1002.75,1008.1,40473
TIPSFILMS,20260922,317.0,328.45,314.25,316.35,2578
TIPSMUSIC,20260922,658.1,672.0,658.1,661.8,165069
TIRUMALCHM,20260922,157.75,159.76,156.2,157.32,146008
TIRUPATIFL,20260922,74.61,74.61,74.61,74.61,347410
TITAGARH,20260922,841.9,854.6,831.3,834.85,341550
TITAN,20260922,4876.0,4982.0,4862.5,4928.5,1238174
TMB,20260922,895.0,897.8,870.6,883.75,140878
TMCV,20260922,444.5,452.0,437.2,440.1,4761149
TMPV,20260922,302.1,302.8,298.5,300.05,6935097
TNIDETF,20260922,88.06,88.99,88.06,88.6,20531
TNPETRO,20260922,131.7,132.0,128.15,129.0,559727
TNPL,20260922,146.01,146.23,141.22,142.56,241006
TNTELE,20260922,9.89,9.89,8.95,9.11,22551
TOKYOPLAST,20260922,77.0,78.98,75.02,78.4,4504
TOLINS,20260922,90.77,92.77,89.02,89.6,26635
TOP100CASE,20260922,10.43,10.45,10.26,10.3,903235
TOP10ADD,20260922,85.39,85.39,84.49,84.53,590727
TOP15IETF,20260922,9.55,9.57,9.43,9.45,284359
TOP20,20260922,8.69,8.69,8.62,8.64,44627
TORNTPHARM,20260922,4984.0,4984.0,4910.0,4935.0,244345
TORNTPOWER,20260922,1261.0,1268.4,1242.0,1246.3,126940
TOTAL,20260922,71.0,72.55,70.0,72.19,6008
TOUCHWOOD,20260922,61.79,62.78,59.08,61.67,903
TOYAMSL,20260922,0.84,0.84,0.84,0.84,170180
TPHQ,20260922,0.54,0.56,0.53,0.53,1127715
TPLPLASTEH,20260922,65.72,66.25,64.47,65.09,118214
TRACXN,20260922,31.98,32.85,31.5,32.69,265268
TRANSCOR,20260922,29.0,29.0,24.2,24.92,12276
TRANSPEK,20260922,1349.9,1372.0,1315.0,1338.6,575
TRANSRAILL,20260922,420.0,488.0,420.0,477.15,23971640
TRANSWORLD,20260922,166.51,168.94,166.51,166.51,8159
TRAVELFOOD,20260922,1228.5,1240.7,1223.3,1230.3,15552
TREEHOUSE,20260922,5.84,6.1,5.76,6.05,21627
TREJHARA,20260922,136.0,145.0,132.0,136.21,46087
TREL,20260922,26.51,27.89,26.51,27.31,181088
TRENT,20260922,2838.7,2847.9,2754.2,2782.9,764083
TRF,20260922,217.0,219.01,215.15,216.06,4526
TRIDENT,20260922,23.09,23.19,22.82,22.93,2129961
TRIGYN,20260922,56.0,56.45,55.2,55.76,16792
TRITONV,20260922,1085.0,1091.6,1063.9,1080.1,981
TRITURBINE,20260922,555.65,564.85,546.8,550.3,374231
TRIVENI,20260922,239.95,244.05,238.55,239.55,311291
TRU,20260922,4.03,4.28,4.03,4.17,36808
TRUALT,20260922,415.55,428.9,411.0,414.45,371407
TSFINV,20260922,464.95,467.35,459.0,461.35,47069
TTKHLTCARE,20260922,1079.8,1084.8,1040.0,1050.2,29824
TTKPRESTIG,20260922,529.45,530.0,516.0,517.15,41161
TTL,20260922,7.32,7.48,7.01,7.29,574914
TTML,20260922,35.25,35.99,35.25,35.62,1182880
TURTLEMINT,20260922,132.46,143.0,130.51,140.23,3713889
TUTIALKA,20260922,57.5,57.5,54.05,55.34,3470
TVSELECT,20260922,401.2,401.2,388.0,391.15,26743
TVSHLTD,20260922,12671.0,12798.0,12501.0,12543.0,3500
TVSMOTOR,20260922,4155.0,4188.1,4134.0,4140.0,544904
TVSSCS,20260922,133.1,135.63,131.58,132.31,510639
TVSSRICHAK,20260922,4658.0,4690.0,4610.0,4650.0,7781
TVTODAY,20260922,107.15,109.81,107.0,107.67,40045
TVVISION,20260922,2.68,2.78,2.68,2.78,54667
TWCGOLDETF,20260922,151.2,151.2,149.46,150.57,51682
UBL,20260922,1234.0,1234.9,1210.4,1215.2,88734
UCAL,20260922,146.0,149.7,142.0,145.12,7010
UCOBANK,20260922,23.62,23.78,23.62,23.72,2058479
UDAYJEW,20260922,151.83,152.11,147.0,148.87,11047
UDS,20260922,198.0,207.8,196.0,198.14,138849
UEL,20260922,202.99,202.99,190.0,191.3,19352
UFBL,20260922,704.5,738.65,704.5,720.3,30557
UFLEX,20260922,669.0,679.7,640.0,648.15,251203
UFO,20260922,61.0,61.95,60.3,60.64,33271
UGARSUGAR,20260922,56.01,56.85,55.0,55.35,452353
UGROCAP,20260922,82.01,83.31,82.01,82.74,78300
UJJIVANSFB,20260922,64.99,65.8,64.46,64.74,5992425
ULTRACEMCO,20260922,11100.0,11142.0,11000.0,11000.0,320797
ULTRAMAR,20260922,438.0,438.0,422.05,423.9,20679
UMAEXPORTS,20260922,19.53,20.01,19.28,20.01,16517
UMESLTD,20260922,4.34,4.64,4.27,4.57,45624
UMIYA-MRO,20260922,98.06,99.49,96.21,97.29,7773
UNICHEMLAB,20260922,538.0,566.0,534.7,538.75,114861
UNIDT,20260922,222.0,223.35,210.72,212.42,12203
UNIECOM,20260922,81.55,90.5,80.96,86.32,13825616
UNIENTER,20260922,92.0,92.0,89.67,91.15,3572
UNIINFO,20260922,11.0,11.48,11.0,11.45,1335
UNIMECH,20260922,1719.9,1868.2,1715.0,1732.5,1014230
UNIONBANK,20260922,178.0,178.8,175.86,178.0,5275793
UNIONGOLD,20260922,149.0,150.5,147.25,147.9,400811
UNIPARTS,20260922,859.0,860.95,841.65,851.7,68579
UNITDSPR,20260922,1402.9,1405.3,1390.2,1398.0,387186
UNITECH,20260922,4.17,4.17,4.08,4.09,2193592
UNITEDPOLY,20260922,46.0,46.75,44.95,45.57,212897
UNITEDTEA,20260922,430.05,437.45,423.2,427.35,3724
UNIVASTU,20260922,151.99,151.99,147.0,148.17,24598
UNIVCABLES,20260922,1488.0,1548.6,1462.0,1478.2,145762
UNIVPHOTO,20260922,602.1,615.0,581.0,589.65,2770
UNOMINDA,20260922,1227.5,1240.1,1220.7,1226.0,316922
UPHOT,20260922,1449.0,1522.5,1449.0,1507.8,34
UPL,20260922,559.25,562.55,555.0,559.9,2741227
URAVIDEF,20260922,105.5,105.5,104.9,104.9,1071
URBANCO,20260922,173.4,175.95,171.67,174.21,6235889
URJA,20260922,9.06,9.14,8.96,9.04,413283
USHAMART,20260922,541.0,541.0,525.7,531.3,2758062
USK,20260922,19.65,20.49,19.65,19.97,18360
UTIAMC,20260922,921.35,935.95,911.05,919.95,129398
UTKARSHBNK,20260922,14.0,14.3,13.85,13.88,6307706
UTLSOLAR,20260922,418.05,435.9,418.05,434.6,217304
UTTAMSUGAR,20260922,259.0,264.25,255.25,258.25,120563
UYFINCORP,20260922,19.69,19.69,19.0,19.15,107768
V2RETAIL,20260922,210.68,213.6,210.0,213.18,459607
VADILALIND,20260922,7520.0,7937.5,7520.0,7598.0,48713
VADILENT,20260922,10400.0,10400.0,10300.0,10350.0,79
VAIBHAVGBL,20260922,209.1,211.32,206.9,208.18,223734
VAISHALI,20260922,8.17,8.75,8.17,8.58,124367
VAKRANGEE,20260922,5.2,5.3,5.16,5.26,1307740
VAL30IETF,20260922,14.96,14.96,14.8,14.84,161495
VALIANTLAB,20260922,127.1,132.25,125.88,126.56,65482
VALIANTORG,20260922,421.0,425.0,391.15,418.35,123062
VALUE,20260922,15.84,15.85,15.75,15.79,16648
VALUEAXIS,20260922,32.43,32.43,32.0,32.04,116290
VAML,20260922,415.8,430.75,415.15,425.35,8507810
VARDHACRLC,20260922,45.0,45.0,44.0,44.38,16881
VARDMNPOLY,20260922,5.89,5.95,5.75,5.8,87970
VARROC,20260922,877.9,912.2,860.25,864.5,721004
VASCONEQ,20260922,32.25,32.49,31.2,31.44,391428
VASUPRADA,20260922,93.1,100.0,93.1,100.0,462
VASWANI,20260922,46.99,46.99,45.28,45.61,13382
VBL,20260922,427.2,433.8,424.2,430.0,5138730
VCL,20260922,1.58,1.68,1.57,1.6,4742713
VEDAVAAG,20260922,23.21,23.21,20.5,21.8,109600
VEDL,20260922,261.0,263.85,260.2,263.0,5419840
VEDPOWER,20260922,30.86,31.61,30.77,31.07,18011957
VEEDOL,20260922,1362.0,1372.7,1357.3,1369.9,8152
VEEGALAND,20260922,138.99,140.95,135.2,139.84,548154
VELJAN,20260922,1951.1,2005.0,1945.0,1996.7,379
VENKEYS,20260922,1641.0,1698.0,1641.0,1675.9,58766
VENTIVE,20260922,560.0,583.5,555.35,579.6,97386
VENUSPIPES,20260922,2242.0,2258.8,2182.0,2223.3,149878
VENUSREM,20260922,1599.0,1644.0,1582.8,1611.5,21162
VERANDA,20260922,231.97,232.61,225.16,230.13,627174
VERTOZ,20260922,37.99,37.99,36.5,36.89,20979
VESUVIUS,20260922,399.95,405.0,392.0,392.75,84558
VETO,20260922,145.95,145.95,139.0,139.57,101878
VGCL,20260922,48.49,48.49,45.0,46.9,5454
VGL,20260922,69.05,70.6,68.07,68.34,167860
VGUARD,20260922,327.95,328.0,318.55,320.5,275290
VHL,20260922,3348.3,3396.7,3331.0,3342.8,306
VHLTD,20260922,131.0,131.0,125.5,126.18,26659
VIDHIING,20260922,358.35,364.0,351.7,359.95,72419
VIDYAWIRES,20260922,85.97,86.5,84.34,84.77,526875
VIJAYA,20260922,1548.3,1571.8,1505.9,1516.0,147335
VIJIFIN,20260922,15.6,15.6,15.6,15.6,218651
VIJSOLX,20260922,664.4,664.5,621.2,638.0,330
VIKASECO,20260922,1.05,1.07,1.04,1.04,1737447
VIKASLIFE,20260922,1.24,1.27,1.23,1.26,1613858
VIKRAMSOLR,20260922,164.73,165.6,161.7,162.35,1586320
VIKRAN,20260922,56.48,57.07,55.06,55.38,851048
VIMTALABS,20260922,622.6,626.5,607.1,610.15,154392
VINATIORGA,20260922,1226.5,1232.7,1199.5,1202.7,89448
VINCOFE,20260922,176.5,181.0,173.32,174.2,1555865
VINDHYATEL,20260922,2881.0,2947.7,2822.0,2865.4,100801
VINEETLAB,20260922,36.23,36.23,34.3,34.81,63313
VINNY,20260922,0.94,0.94,0.92,0.92,483748
VINYLINDIA,20260922,219.0,222.72,219.0,220.2,3368
VIPCLOTHNG,20260922,21.3,22.2,20.61,21.66,84807
VIPIND,20260922,299.0,305.0,295.6,297.2,297936
VIPULLTD,20260922,11.99,12.0,11.45,11.45,235569
VIRAT,20260922,376.0,384.8,355.3,376.55,3472
VIRINCHI,20260922,14.27,14.27,13.85,14.0,26065
VIRTUALG,20260922,0.45,0.47,0.43,0.46,729173
VISACHROME,20260922,32.0,33.16,31.51,33.16,15870
VISAKAIND,20260922,95.57,96.19,94.0,94.47,120212
VISHAL,20260922,18.35,18.43,18.0,18.19,36313
VISHNU,20260922,714.5,732.8,714.5,720.9,69771
VISHWARAJ,20260922,5.35,5.39,5.28,5.32,204980
VISL,20260922,31.0,32.21,30.68,32.21,16918818
VITAL,20260922,56.9,56.9,53.0,53.02,510
VIVIANA,20260922,747.0,790.0,721.25,734.0,38813
VIVIDHA,20260922,0.52,0.55,0.51,0.52,285268
VIVIMEDLAB,20260922,5.37,5.5,5.37,5.38,47716
VIVOBIOT,20260922,16.58,16.98,16.22,16.71,7298
VIYASH,20260922,252.0,262.65,250.25,251.5,4520764
VLEGOV,20260922,10.1,10.39,9.95,10.29,90978
VLSFINANCE,20260922,238.14,241.0,235.57,236.46,4007
VMART,20260922,815.0,815.0,792.1,795.6,51319
VMM,20260922,102.0,104.03,101.34,104.03,12806676
VMSTMT,20260922,48.5,49.0,47.02,47.23,54927
VOEPL,20260922,496.8,512.85,488.2,493.05,52839
VOGL,20260922,34.33,35.95,33.95,35.01,46962562
VOITHPAPR,20260922,1454.0,1470.0,1432.1,1440.0,745
VOLTAMP,20260922,10802.0,11094.0,10665.0,10747.0,14738
VOLTAS,20260922,1143.0,1143.1,1100.0,1100.8,1090998
VPRPL,20260922,34.0,34.43,33.34,33.56,230707
VRAJ,20260922,129.2,130.9,125.2,125.88,20043
VRLLOG,20260922,291.2,297.0,290.7,291.75,99556
VSSL,20260922,410.15,416.6,406.45,407.8,91342
VSTIND,20260922,206.5,208.01,204.2,205.69,94917
VSTL,20260922,113.9,115.45,113.0,114.19,5081
VSTTILLERS,20260922,4312.2,4398.9,4238.0,4305.4,13939
VTL,20260922,554.0,559.85,549.05,551.2,196638
VTMLTD,20260922,46.2,47.0,45.1,45.4,74894
WAAREEENER,20260922,2529.0,2547.0,2480.2,2494.8,1148630
WAAREEINDO,20260922,256.95,267.25,251.0,254.45,366936
WAAREERTL,20260922,818.0,841.4,811.6,816.95,173634
WABAG,20260922,2105.0,2123.2,2063.1,2072.1,230608
WAKEFIT,20260922,147.41,151.64,142.6,146.86,567656
WALCHANNAG,20260922,201.98,205.0,197.5,199.05,371862
WANBURY,20260922,228.05,230.0,221.0,222.7,104097
WARDINMOBI,20260922,5.75,6.18,5.57,5.63,318418
WATERBASE,20260922,44.99,45.89,44.99,45.52,24632
WCIL,20260922,96.5,96.5,94.01,95.14,164399
WEALTH,20260922,824.45,844.5,824.0,836.4,1276
WEBELSOLAR,20260922,72.0,73.78,71.35,71.8,1722203
WEIZMANIND,20260922,73.0,73.01,71.02,72.8,1007
WEL,20260922,77.9,80.4,77.73,80.4,462050
WELCORP,20260922,2762.7,2829.0,2706.7,2731.5,1437944
WELENT,20260922,788.65,800.0,778.0,783.75,519523
WELINV,20260922,2413.7,2413.7,2408.9,2408.9,227
WELSPLSOL,20260922,55.8,56.25,53.0,53.06,912274
WELSPUNLIV,20260922,215.4,224.0,215.32,221.51,5107266
WENDT,20260922,8718.0,8945.0,8570.5,8627.0,16023
WESTLIFE,20260922,564.1,585.4,555.2,574.0,139627
WEWIN,20260922,42.4,43.02,41.5,43.0,3623
WEWORK,20260922,670.05,680.85,668.3,671.15,31492
WHBRADY,20260922,484.0,485.0,458.3,464.4,445
WHEELS,20260922,2174.9,2255.9,2141.1,2174.0,125029
WHIRLPOOL,20260922,728.0,730.75,718.7,721.05,104472
WILLAMAGOR,20260922,24.15,24.15,23.08,23.6,408
WINDLAS,20260922,1138.5,1148.0,1092.3,1102.3,51621
WINDMACHIN,20260922,296.0,303.0,293.25,300.0,183702
WIPL,20260922,165.0,165.0,158.5,159.4,2901
WIPRO,20260922,164.81,166.0,163.21,166.0,14726893
WOCKPHARMA,20260922,2205.9,2247.0,2176.8,2185.4,1006397
WONDERLA,20260922,512.3,517.0,510.0,511.15,46738
WORTHPERI,20260922,145.41,149.96,145.1,148.82,4773
WPIL,20260922,446.95,452.9,434.15,439.35,76916
WSI,20260922,57.4,58.99,56.0,58.32,11479
WSTCSTPAPR,20260922,761.25,764.95,737.35,749.75,223516
XCHANGING,20260922,61.95,61.95,60.1,60.32,67795
XELPMOC,20260922,75.4,75.7,71.1,73.32,21198
XPROINDIA,20260922,1200.0,1212.4,1164.6,1201.0,51808
XTGLOBAL,20260922,30.34,30.85,29.9,30.14,16700
XTRANET,20260922,352.0,358.5,326.3,334.36,2041149
YASHO,20260922,3965.5,4011.9,3850.0,3959.4,37966
YATHARTH,20260922,1125.3,1136.0,1102.4,1129.1,578412
YATRA,20260922,104.8,110.73,104.5,108.82,1814749
YESBANK,20260922,23.17,23.29,23.04,23.2,36775729
YOGI,20260922,163.9,163.9,155.01,161.0,401
YUKEN,20260922,1138.45,1149.0,1071.7,1137.95,32762
ZAGGLE,20260922,182.0,182.7,178.55,179.95,652387
ZEEL,20260922,78.22,79.2,77.77,78.21,8389460
ZEELEARN,20260922,6.95,6.99,6.7,6.81,167275
ZEEMEDIA,20260922,7.4,7.99,7.39,7.56,2865132
ZENITHEXPO,20260922,197.0,198.97,197.0,197.62,280
ZENITHSTL,20260922,5.58,5.58,5.27,5.31,61929
ZENSARTECH,20260922,432.55,439.3,431.7,432.6,578686
ZENTEC,20260922,1696.5,1729.9,1666.0,1673.8,252218
ZFCVINDIA,20260922,2362.6,2385.9,2312.9,2362.2,264362
ZFSTEERING,20260922,695.0,703.95,686.1,689.7,1643
ZIMLAB,20260922,131.25,134.96,130.5,133.8,56716
ZODIAC,20260922,235.8,235.8,225.0,227.72,10456
ZODIACLOTH,20260922,69.4,70.89,69.12,69.89,3940
ZOTA,20260922,1317.0,1438.0,1295.0,1356.0,1031885
ZSARACOM,20260922,10282.0,10535.0,10282.0,10485.0,9
ZUARI,20260922,222.84,226.76,222.21,225.72,57519
ZUARIIND,20260922,273.25,279.95,273.0,275.1,77212
ZYDUSLIFE,20260922,1161.0,1178.0,1160.0,1162.3,1243696
ZYDUSWELL,20260922,534.5,537.0,514.0,520.55,193863
