SYMBOL,TIMESTAMP,OPEN,HIGH,LOW,CLOSE,VOLUME
20MICRONS,20260930,211.29,221.8,211.29,214.59,76779
21STCENMGM,20260930,40.0,40.0,38.59,38.67,901
360ONE,20260930,1029.2,1047.0,1029.0,1030.0,1348986
3BBLACKBIO,20260930,1615.1,1740.0,1610.5,1710.4,67737
3IINFOLTD,20260930,23.35,23.6,22.4,22.52,173804
3MINDIA,20260930,31890.0,32695.0,31890.0,32160.0,3548
3PLAND,20260930,32.0,32.0,30.9,31.01,1104
5PAISA,20260930,304.05,309.7,302.35,305.2,19885
63MOONS,20260930,809.95,839.0,807.65,811.05,138349
A2ZINFRA,20260930,14.5,15.15,14.36,14.93,277855
AAATECH,20260930,99.95,103.57,91.56,94.73,72253
AADHARHFC,20260930,432.5,438.0,427.55,436.0,338639
AAKASH,20260930,8.79,8.79,8.3,8.44,71888
AAREYDRUGS,20260930,100.18,103.69,99.22,102.72,392668
AARNAV,20260930,34.0,36.49,34.0,36.0,22618
AARON,20260930,122.01,126.0,122.01,124.68,13823
AARTECH,20260930,50.01,51.79,50.01,50.14,12880
AARTIDRUGS,20260930,429.8,439.0,429.6,430.9,145119
AARTIIND,20260930,472.0,489.95,471.4,475.7,723013
AARTIPHARM,20260930,983.5,1002.4,943.0,953.75,951362
AARTISURF,20260930,487.75,504.05,485.0,493.2,10560
AARVI,20260930,135.1,138.0,135.1,136.83,2281
AASTHA,20260930,36.61,36.9,33.96,34.15,1212077
AAVAS,20260930,1240.0,1250.8,1206.0,1211.9,80671
ABAN,20260930,14.63,14.63,14.63,14.63,47186
ABANSENT,20260930,26.33,26.96,26.3,26.46,4977
ABB,20260930,6801.0,6927.5,6771.0,6776.0,229223
ABBOTINDIA,20260930,27270.0,27495.0,27015.0,27125.0,5645
ABCAPITAL,20260930,380.15,385.55,379.95,380.6,3567531
ABCOTS,20260930,204.5,204.5,192.7,196.49,2630
ABDL,20260930,716.5,729.0,711.65,718.9,319559
ABFRL,20260930,46.6,47.29,45.97,46.32,3805401
ABGSEC,20260930,112.92,113.68,112.92,113.58,115
ABINFRA,20260930,12.56,12.79,12.25,12.71,316291
ABLBL,20260930,77.39,77.8,76.11,76.52,2517738
ABMINTLLTD,20260930,45.2,45.2,45.2,45.2,61
ABMKNO,20260930,169.5,187.8,161.55,170.98,12784
ABREL,20260930,1169.9,1183.0,1122.1,1130.7,276535
ABSL10BANK,20260930,161.0,163.62,161.0,162.51,1230
ABSLAMC,20260930,955.9,1033.9,947.9,995.3,214646
ABSLBANETF,20260930,56.95,56.95,55.6,56.04,12244
ABSLLIQUID,20260930,999.99,1000.01,999.99,1000.0,3737
ABSLMSCIN,20260930,28.35,29.21,27.93,28.33,195
ABSLNN50ET,20260930,74.85,74.93,73.04,73.58,6636
ABSLPSE,20260930,9.73,10.14,9.73,9.78,71398
ACC,20260930,1205.0,1224.0,1200.8,1204.1,63787
ACCELYA,20260930,1090.0,1111.9,1085.2,1090.3,8286
ACCURACY,20260930,4.25,4.3,4.2,4.26,29571
ACE,20260930,1205.9,1245.6,1205.0,1232.0,343169
ACEINTEG,20260930,16.71,17.0,16.4,16.77,1622
ACGL,20260930,1630.0,1674.9,1630.0,1638.0,339
ACI,20260930,487.0,496.45,481.5,485.85,231287
ACL,20260930,39.96,40.39,38.71,39.33,9813
ACMESOLAR,20260930,441.3,444.6,436.0,439.0,1108840
ACSTECH,20260930,79.43,79.43,79.43,79.43,10015
ACUTAAS,20260930,3334.1,3344.0,3255.0,3279.4,349433
ADANIENSOL,20260930,1319.0,1340.8,1308.9,1314.6,1154073
ADANIENT,20260930,2910.0,2957.6,2880.0,2903.4,1663023
ADANIGREEN,20260930,1250.4,1284.8,1250.4,1278.0,1452231
ADANIPORTS,20260930,1793.5,1803.2,1775.4,1798.3,3199507
ADANIPOWER,20260930,198.69,204.49,198.65,204.0,21070859
ADDIND,20260930,78.4,82.2,78.4,78.74,378
ADFFOODS,20260930,268.3,274.95,263.1,273.1,59409
ADL,20260930,78.0,80.0,67.33,77.6,6985
ADOR,20260930,1625.1,1625.1,1585.2,1591.8,15859
ADROITIND,20260930,235.0,248.39,235.0,248.39,3804148
ADROITINFO,20260930,14.69,15.84,14.26,14.67,1779133
ADSL,20260930,110.8,113.37,108.0,108.53,187491
ADVAIT,20260930,1915.2,1935.2,1863.4,1901.8,33345
ADVANCE,20260930,120.19,125.45,120.0,121.19,261919
ADVANIHOTR,20260930,47.78,48.98,47.2,48.01,10655
ADVENTHTL,20260930,125.74,130.5,123.9,126.32,194445
ADVENZYMES,20260930,282.1,287.5,280.25,281.6,122182
ADVIKCA,20260930,0.96,1.07,0.86,1.0,1451821
AEGISLOG,20260930,1312.5,1400.0,1312.5,1380.1,1090547
AEGISVOPAK,20260930,296.0,299.5,294.05,296.8,532792
AEPL,20260930,14.26,15.58,14.26,15.18,17337
AEQUS,20260930,274.64,285.95,273.21,279.48,11216835
AEROENTER,20260930,125.5,126.99,122.71,124.0,231674
AEROFLEX,20260930,539.6,553.5,527.55,536.6,981031
AERONEU,20260930,74.46,74.46,69.75,70.84,47313
AEROPLANE,20260930,205.0,210.0,200.0,206.57,776058
AETHER,20260930,1758.2,1758.2,1685.6,1699.3,292457
AFCONS,20260930,246.5,250.05,246.5,247.8,370681
AFFLE,20260930,1511.0,1547.0,1502.1,1511.0,216326
AFFORDABLE,20260930,176.2,176.85,168.0,171.1,23394
AFIL,20260930,7.98,8.05,7.86,7.93,529863
AFSL,20260930,201.04,201.78,201.0,201.0,9448
AGARIND,20260930,394.0,398.9,390.0,391.95,12498
AGARWALEYE,20260930,499.7,499.75,472.5,479.3,215481
AGASTYAEN,20260930,70.96,70.96,70.96,70.96,139171
AGI,20260930,791.9,816.0,790.05,804.4,112338
AGIIL,20260930,265.0,268.95,262.55,264.7,319369
AGL,20260930,13.03,13.4,13.01,13.13,885567
AGRITECH,20260930,97.2,97.2,90.5,91.17,6729
AGROPHOS,20260930,23.81,24.11,23.1,23.48,22366
AGSTRA,20260930,2.69,2.69,2.59,2.59,448982
AHCL,20260930,37.17,37.24,34.58,34.58,18707312
AHLADA,20260930,37.9,38.74,37.05,37.09,2221
AHLEAST,20260930,135.0,135.53,134.25,134.44,200
AHLUCONT,20260930,552.05,563.7,542.8,550.05,77719
AHLWEST,20260930,533.1,553.9,533.1,535.05,438
AIAENG,20260930,3850.0,3910.9,3804.2,3869.0,51956
AIIL,20260930,542.85,559.0,541.0,546.6,158568
AIRAN,20260930,16.4,16.85,16.06,16.18,22565
AIROLAM,20260930,89.0,96.0,89.0,92.85,5335
AJANTPHARM,20260930,3570.0,3758.9,3567.1,3620.8,344068
AJAXENGG,20260930,591.65,597.0,586.0,587.0,41369
AJMERA,20260930,120.15,121.09,117.45,118.74,165082
AJOONI,20260930,3.16,3.16,3.1,3.13,140753
AKASH,20260930,25.83,25.83,24.6,24.94,4302
AKCAPIT,20260930,1745.3,1751.9,1704.1,1706.3,305
AKG,20260930,9.89,9.89,9.6,9.74,13934
AKI,20260930,6.21,6.4,6.0,6.14,45609
AKSHAR,20260930,0.41,0.43,0.41,0.42,1069940
AKSHARCHEM,20260930,376.55,394.85,372.15,388.1,7060
AKSHOPTFBR,20260930,7.11,7.23,6.9,6.97,201391
AKUMS,20260930,828.2,828.2,811.1,818.5,196569
ALANKIT,20260930,7.68,7.94,7.56,7.83,128910
ALBERTDAVD,20260930,894.4,894.4,870.05,872.25,6427
ALEMBICLTD,20260930,109.1,110.59,106.11,107.23,819580
ALGOQUANT,20260930,65.15,69.1,65.15,66.03,1174607
ALICON,20260930,730.15,869.8,726.05,869.8,953310
ALIVUS,20260930,1350.0,1390.0,1350.0,1379.3,186612
ALKALI,20260930,92.75,95.0,90.16,91.43,8088
ALKEM,20260930,5249.5,5276.5,5135.0,5163.5,146577
ALKYLAMINE,20260930,1781.3,1818.8,1751.3,1761.7,31646
ALLCARGO,20260930,10.78,10.78,10.05,10.13,7854276
ALLDIGI,20260930,779.65,786.0,762.5,767.25,8379
ALLTIME,20260930,193.9,197.85,192.15,194.0,31339
ALMONDZ,20260930,20.5,20.5,19.5,20.0,279934
ALOKINDS,20260930,7.1,7.24,7.07,7.09,12343099
ALPA,20260930,59.76,61.5,59.25,59.51,8263
ALPHA,20260930,52.29,52.92,51.7,51.9,1603268
ALPHAETF,20260930,25.48,25.5,25.11,25.23,481250
ALPHAGEO,20260930,259.0,265.9,252.2,256.5,6932
ALPINETEX,20260930,49.7,49.7,47.53,47.8,111760
ALPL30IETF,20260930,26.47,26.48,26.17,26.2,235519
ALUFLUOR,20260930,640.0,645.0,622.3,632.7,19252
AMAGI,20260930,560.0,568.45,541.3,549.45,281619
AMAL,20260930,671.3,700.0,671.3,684.5,6607
AMANTA,20260930,190.39,190.39,190.39,190.39,16960
AMARJOTHI,20260930,152.0,152.0,147.05,149.0,342
AMBALALSA,20260930,39.5,40.94,39.0,39.54,57944
AMBER,20260930,6639.0,6786.0,6617.0,6672.5,224400
AMBICAAGAR,20260930,24.5,25.12,24.14,24.4,13549
AMBIKCO,20260930,1531.0,1545.9,1516.2,1520.6,5265
AMBUJACEM,20260930,369.0,376.65,368.65,374.0,3219926
AMDIND,20260930,53.1,54.48,53.1,53.45,19423
AMJLAND,20260930,38.04,38.58,37.4,37.62,3327
AMNPLST,20260930,174.9,174.9,168.56,171.57,2629
AMRUTANJAN,20260930,505.25,522.2,505.25,514.75,62878
ANANDRATHI,20260930,2111.1,2127.6,2072.0,2120.0,552945
ANANTRAJ,20260930,605.0,611.0,597.0,598.9,1122020
ANDHRAPAP,20260930,72.0,73.93,72.0,72.68,240993
ANDHRSUGAR,20260930,94.4,95.95,92.7,93.15,186327
ANDREWYU,20260930,25.85,27.9,25.85,26.02,44656
ANGELONE,20260930,274.25,278.2,273.25,274.0,2439788
ANIKINDS,20260930,44.89,44.89,43.8,44.45,2550
ANKITMETAL,20260930,1.97,1.97,1.97,1.97,19735
ANMOL,20260930,14.05,14.26,13.45,13.71,19776
ANNAPURNA,20260930,126.05,141.94,126.05,131.0,115324
ANNU,20260930,47.85,50.2,47.85,48.22,585399
ANSALAPI,20260930,4.16,4.16,4.0,4.16,71384
ANSALBU,20260930,87.43,95.4,86.0,87.75,9005
ANTELOPUS,20260930,1174.15,1178.15,1119.0,1125.9,316480
ANTGRAPHIC,20260930,0.71,0.72,0.7,0.71,89758
ANTHEM,20260930,871.0,878.2,855.05,858.6,189868
ANUHPHR,20260930,90.31,91.05,87.0,87.4,70318
ANUP,20260930,1605.3,1635.0,1590.1,1596.3,11751
ANURAS,20260930,1181.0,1188.5,1169.0,1181.0,133965
AONEGOLD,20260930,13.84,13.84,13.68,13.72,251762
AONELIQUID,20260930,1079.0,1079.02,1079.0,1079.0,7508
AONENIFTY,20260930,9.65,9.65,9.35,9.37,165786
AONESILVER,20260930,8.44,8.49,8.35,8.36,1239764
AONETMMQ50,20260930,10.15,10.15,9.9,9.95,90255
AONETOTAL,20260930,11.6,11.6,11.3,11.37,120405
APARINDS,20260930,17804.0,17882.0,17291.0,17384.0,116165
APCL,20260930,95.86,98.89,92.0,94.22,7847
APCOTEXIND,20260930,600.0,607.4,592.0,595.6,40627
APEX,20260930,343.1,348.3,335.0,336.5,66125
APLAPOLLO,20260930,2201.9,2224.5,2181.6,2190.1,587352
APLLTD,20260930,866.0,876.4,821.7,825.45,266145
APOLLO,20260930,402.9,410.7,401.7,403.45,4344769
APOLLOHOSP,20260930,8582.0,8659.0,8053.0,8165.5,2108531
APOLLOPIPE,20260930,516.9,525.0,505.0,507.85,166142
APOLLOTYRE,20260930,412.9,412.95,402.0,404.7,684149
APOLSINHOT,20260930,1156.1,1189.9,1156.1,1162.6,1022
APOORVA,20260930,33.0,33.0,31.35,33.0,103
APTECHT,20260930,89.49,90.0,87.73,88.26,53672
APTUS,20260930,235.0,236.87,230.0,232.53,1838844
AQYLON,20260930,17.11,17.39,16.26,16.26,476188
ARCHIDPLY,20260930,101.11,104.99,99.52,103.5,33170
ARCHIES,20260930,12.73,12.73,12.33,12.39,7581
ARCIL,20260930,143.51,149.27,143.32,144.59,1943689
ARCL,20260930,233.0,242.0,232.95,241.9,351
ARDEE,20260930,51.55,52.95,50.4,50.77,3252521
ARE&M,20260930,768.95,781.65,750.0,754.55,706708
ARENTERP,20260930,34.4,34.4,31.12,33.9,137
ARFIN,20260930,88.05,91.0,88.05,89.19,916404
ARIES,20260930,471.05,484.8,471.05,480.55,9875
ARIHANT,20260930,884.9,920.4,855.55,900.7,2591
ARIHANTCAP,20260930,90.58,92.55,88.98,89.74,513589
ARIHANTSUP,20260930,230.0,231.6,221.35,222.85,1653
ARIS,20260930,140.0,146.4,136.79,143.88,4654571
ARKADE,20260930,122.5,123.48,119.0,119.39,136891
ARMANFIN,20260930,1711.4,1756.7,1707.1,1744.2,31160
ARMEE,20260930,375.0,375.0,300.0,300.0,10736790
AROGRANITE,20260930,23.0,23.89,22.2,23.28,1925
ARROWGREEN,20260930,876.5,886.95,840.15,856.05,48123
ARSHIYA,20260930,0.79,0.82,0.79,0.81,154611
ARSSBL,20260930,503.1,525.8,502.9,515.1,370040
ARTEMISMED,20260930,368.95,370.1,342.1,345.55,1002073
ARTNIRMAN,20260930,37.85,41.8,37.75,40.24,6656
ARVEE,20260930,233.99,235.79,222.2,225.16,5986
ARVIND,20260930,545.0,549.95,535.75,539.9,644224
ARVINDFASN,20260930,407.1,411.35,386.0,387.45,332564
ARVSMART,20260930,615.8,615.8,596.65,601.75,40388
ARYAMAN,20260930,630.0,630.0,630.0,630.0,5
ASAHIINDIA,20260930,956.1,974.7,956.1,958.85,85211
ASAHISONG,20260930,385.1,394.95,379.0,389.15,10809
ASAL,20260930,430.0,439.85,430.0,433.5,7089
ASALCBR,20260930,634.6,636.45,615.1,615.45,44141
ASHAPURMIN,20260930,526.6,526.6,502.5,504.15,261585
ASHIANA,20260930,389.3,397.95,382.95,386.0,34947
ASHIKAG,20260930,398.35,404.8,396.1,397.85,21935
ASHIMASYN,20260930,16.15,16.2,15.91,15.98,37084
ASHOKA,20260930,108.74,111.83,107.31,107.75,413067
ASHOKAMET,20260930,15.0,15.68,15.0,15.18,15455
ASHOKLEY,20260930,154.41,156.19,153.35,154.19,17703276
ASIANENE,20260930,479.1,482.45,463.0,471.85,211572
ASIANHOTNR,20260930,365.0,369.0,339.3,354.8,28570
ASIANPAINT,20260930,2410.0,2430.5,2390.0,2402.6,553695
ASIANTILES,20260930,51.0,51.0,49.26,49.68,1065834
ASIANTNE,20260930,9.02,9.43,8.75,9.22,22821
ASKAUTOLTD,20260930,621.95,652.2,614.75,640.1,479507
ASMS,20260930,6.2,6.49,5.81,6.06,557356
ASPINWALL,20260930,242.5,250.15,240.0,241.85,2012
ASSAMENT,20260930,741.0,818.0,741.0,818.0,15
ASTAR,20260930,700.0,705.0,665.0,679.7,123
ASTEC,20260930,699.0,787.8,699.0,722.75,1100746
ASTERDM,20260930,735.05,739.55,691.75,697.15,2346216
ASTRAL,20260930,1376.0,1384.1,1366.0,1370.4,258131
ASTRAMICRO,20260930,1651.4,1663.6,1621.0,1636.7,270444
ASTRAZEN,20260930,6210.0,6289.0,6120.5,6186.0,56730
ASTRON,20260930,2.99,2.99,2.8,2.8,28543
ATALREAL,20260930,11.88,12.63,11.7,12.58,2281142
ATAM,20260930,56.01,58.6,55.01,56.34,12689
ATGL,20260930,589.9,602.95,589.05,593.9,616167
ATHERENERG,20260930,1416.5,1441.0,1405.0,1425.0,3085289
ATL,20260930,24.3,25.0,24.12,24.44,119329
ATLANTAA,20260930,36.7,38.0,36.0,37.25,154317
ATLANTAELE,20260930,1615.0,1652.5,1600.0,1608.1,85264
ATLASCYCLE,20260930,95.0,97.0,93.05,93.53,4894
ATUL,20260930,5980.0,6064.5,5881.0,5915.5,61199
ATULAUTO,20260930,440.0,454.0,440.0,448.15,83527
AUBANK,20260930,1001.9,1015.1,995.2,1010.3,1358165
AUGMONT,20260930,1074.0,1138.5,1014.3,1086.55,2989279
AURIONPRO,20260930,639.5,645.0,620.0,622.1,128401
AUROPHARMA,20260930,1696.0,1707.2,1649.3,1672.0,1138610
AURUM,20260930,221.8,238.54,220.06,232.37,461824
AURUS,20260930,4.77,4.77,4.36,4.43,43033
AUSOMENT,20260930,142.31,145.9,139.01,140.68,4187
AUSTENG,20260930,159.72,176.45,155.5,171.52,54150
AUTOAXLES,20260930,1682.0,1717.0,1680.0,1706.5,2884
AUTOBEES,20260930,270.0,274.27,270.0,272.25,175105
AUTOIETF,20260930,27.97,27.97,27.2,27.3,251181
AUTOIND,20260930,81.11,84.25,81.11,82.66,106738
AVADHSUGAR,20260930,793.45,817.1,786.6,800.2,100923
AVALON,20260930,2205.0,2319.5,2180.0,2296.7,2010767
AVANCE,20260930,0.85,0.86,0.82,0.82,8121839
AVANTEL,20260930,149.02,156.5,149.0,154.06,1744909
AVANTIFEED,20260930,751.0,759.1,715.0,717.8,468691
AVG,20260930,164.53,170.0,163.35,167.23,9678
AVL,20260930,591.0,599.8,576.3,594.35,107338
AVONMORE,20260930,13.42,13.42,12.75,12.94,106930
AVROIND,20260930,7.13,7.18,6.8,6.83,93679
AVTNPL,20260930,93.0,93.49,90.41,91.29,232448
AWFIS,20260930,249.35,250.7,242.6,244.1,196593
AWHCL,20260930,364.35,371.7,361.05,364.55,68038
AWL,20260930,178.95,181.3,177.11,177.68,910512
AXISBANK,20260930,1201.1,1237.1,1201.1,1226.0,6178741
AXISCADES,20260930,2070.0,2274.1,2070.0,2231.2,1248290
AXITA,20260930,7.84,7.86,7.7,7.71,504922
AXTEL,20260930,447.5,447.5,438.2,440.8,5897
AYE,20260930,160.7,161.29,155.0,155.89,864881
AYMSYNTEX,20260930,292.35,300.25,290.05,292.15,44125
AZAD,20260930,2941.0,3127.9,2875.6,2963.2,5708538
AZADIND,20260930,80.84,88.1,80.01,84.6,77601
BAFNAPH,20260930,371.4,371.4,371.35,371.35,546
BAGFILMS,20260930,4.02,4.23,3.9,4.1,61189
BAIDFIN,20260930,10.26,10.7,10.26,10.38,74200
BAJAJ-AUTO,20260930,10779.0,10953.0,10779.0,10874.0,313712
BAJAJCON,20260930,499.0,503.9,493.45,495.55,260252
BAJAJELEC,20260930,309.0,315.0,302.15,303.4,155806
BAJAJFINSV,20260930,1742.4,1748.0,1702.1,1731.0,1086211
BAJAJHCARE,20260930,337.8,338.0,325.15,327.2,84330
BAJAJHFL,20260930,81.33,83.4,81.33,82.0,4275068
BAJAJHIND,20260930,20.09,20.51,19.41,19.54,12481018
BAJAJHLDNG,20260930,10686.0,10805.0,10655.0,10788.0,40117
BAJAJINDEF,20260930,219.44,226.0,210.2,211.02,8436
BAJAJST,20260930,345.1,347.75,340.0,345.45,7198
BAJEL,20260930,168.93,172.56,163.5,164.9,199105
BAJFINANCE,20260930,981.5,981.5,955.8,959.4,6625616
BALAJEE,20260930,24.67,26.44,24.67,25.2,36875
BALAJITELE,20260930,91.74,93.78,90.71,91.26,130429
BALAMINES,20260930,2143.0,2179.0,2095.0,2118.5,117148
BALAXI,20260930,23.4,23.4,22.55,22.78,11994
BALKRISHNA,20260930,15.88,16.49,15.76,16.29,4016
BALKRISIND,20260930,2121.6,2155.0,2105.7,2117.0,119706
BALMLAWRIE,20260930,161.0,165.65,161.0,161.16,90994
BALPHARMA,20260930,112.44,113.38,109.0,109.53,41420
BALRAMCHIN,20260930,678.0,688.4,654.0,662.85,1285691
BALUFORGE,20260930,505.0,511.95,493.5,496.35,310853
BANARBEADS,20260930,115.25,124.7,115.0,120.75,3639
BANARISUG,20260930,3245.1,3329.2,3245.1,3300.2,308
BANCOINDIA,20260930,598.3,617.45,598.3,606.3,110117
BANDHANBNK,20260930,184.01,184.37,177.26,178.23,13031625
BANG,20260930,31.53,32.8,30.92,32.27,21308
BANK10ADD,20260930,16.12,16.37,16.09,16.27,30632
BANK10BETF,20260930,19.45,20.48,19.36,19.89,10012558
BANKA,20260930,70.52,72.0,70.0,70.0,918
BANKADD,20260930,56.16,56.43,55.84,56.23,428485
BANKBARODA,20260930,230.4,235.7,230.29,230.55,10920670
BANKBEES,20260930,567.24,571.5,563.98,567.42,414243
BANKBETA,20260930,56.38,57.2,56.36,57.02,37577
BANKBETF,20260930,55.43,56.5,54.93,55.6,6730
BANKETF,20260930,551.06,562.0,551.06,557.44,41020
BANKIETF,20260930,56.07,56.7,55.85,56.42,2045989
BANKINDIA,20260930,130.89,132.73,130.24,130.24,5018149
BANKNIFTY1,20260930,56.5,57.32,55.91,56.78,215264
BANKPSU,20260930,81.56,81.87,81.0,81.09,2084
BANSALWIRE,20260930,330.35,333.95,322.0,323.45,109681
BANSWRAS,20260930,110.43,110.43,107.27,108.61,7017
BASF,20260930,3445.0,3515.8,3438.6,3447.8,10894
BASML,20260930,23.48,23.74,22.99,23.0,38632
BATAINDIA,20260930,620.4,627.0,617.05,618.75,59998
BATLIBOI,20260930,85.85,86.9,82.58,82.95,26225
BAYERCROP,20260930,3615.0,3665.8,3615.0,3627.6,21117
BBETF0432,20260930,1339.94,1339.94,1334.02,1335.5,41450
BBL,20260930,2129.4,2163.7,2091.6,2095.2,13884
BBNPNBETF,20260930,54.89,55.69,54.89,55.39,794
BBNPPGOLD,20260930,141.8,143.45,141.6,142.05,17548
BBOX,20260930,820.0,854.6,800.25,804.8,1137619
BBTC,20260930,1362.4,1378.8,1350.0,1357.4,24685
BBTCL,20260930,233.3,233.3,225.62,228.67,627
BCG,20260930,9.2,9.42,9.2,9.22,3466176
BCLIND,20260930,32.42,32.74,31.51,31.79,223784
BCONCEPTS,20260930,144.9,145.77,136.5,140.66,6718
BCPL,20260930,67.8,71.9,65.4,68.86,28331
BDL,20260930,1091.0,1127.6,1091.0,1110.1,1193043
BEARDSELL,20260930,24.44,24.44,22.02,22.43,82174
BECTORFOOD,20260930,209.9,211.6,205.3,206.74,816875
BEDMUTHA,20260930,109.2,111.97,105.1,109.96,7028
BEEKAY,20260930,433.35,480.0,433.35,452.95,12184
BEL,20260930,386.4,391.0,385.0,388.3,9671143
BELLACASA,20260930,260.62,268.0,243.51,246.61,10056
BELRISE,20260930,240.5,244.14,240.0,240.36,1036662
BEML,20260930,1956.6,2002.8,1956.6,1992.4,204724
BENARAS,20260930,10205.0,10288.0,10200.0,10215.0,24
BENGALASM,20260930,6109.5,6138.0,6051.0,6103.0,246
BEPL,20260930,124.0,127.19,123.75,124.4,743884
BERGEPAINT,20260930,451.15,458.75,449.25,455.45,302319
BESTAGRO,20260930,17.74,18.25,17.33,17.53,672928
BETA,20260930,2079.9,2095.0,2026.6,2053.0,7218
BFINVEST,20260930,436.15,443.45,433.0,434.05,13108
BFSI,20260930,26.09,26.09,25.41,25.66,105147
BFUTILITIE,20260930,512.0,525.0,504.0,507.75,73546
BGRENERGY,20260930,242.13,242.13,242.13,242.13,35590
BHAGCHEM,20260930,240.0,242.75,235.05,238.55,78136
BHAGERIA,20260930,382.0,413.5,378.0,406.45,364825
BHAGYANGR,20260930,405.0,422.0,400.05,411.15,87639
BHANDARI,20260930,2.9,2.93,2.88,2.89,96957
BHARATCOAL,20260930,33.49,33.55,32.45,32.8,4485549
BHARATFORG,20260930,1931.0,1944.9,1891.6,1926.0,1059256
BHARATGEAR,20260930,100.29,102.3,99.5,101.43,8952
BHARATRAS,20260930,1008.1,1030.0,998.5,1003.9,28003
BHARATSE,20260930,216.13,217.12,210.5,212.38,50392
BHARATWIRE,20260930,166.95,169.66,164.0,164.36,98885
BHARTIARTL,20260930,1775.2,1779.5,1753.7,1757.0,8080358
BHARTIHEXA,20260930,1409.4,1438.0,1401.0,1424.5,102458
BHEL,20260930,415.1,421.8,411.7,415.5,8153812
BI,20260930,98.67,98.67,98.67,98.67,5190
BIGBLOC,20260930,39.77,40.0,38.8,39.79,23838
BIKAJI,20260930,530.0,543.0,516.0,521.8,174430
BIL,20260930,1030.0,1030.0,952.95,995.1,7093
BILVYAPAR,20260930,4.27,4.27,4.16,4.25,1571
BIMETAL,20260930,638.0,649.95,637.0,648.95,250
BIOCON,20260930,378.0,381.2,370.3,370.3,1849491
BIOFILCHEM,20260930,30.51,31.81,29.6,30.38,18556
BIRLACABLE,20260930,372.0,387.35,371.45,381.15,654414
BIRLACORPN,20260930,850.0,857.8,839.0,840.05,20629
BIRLAMONEY,20260930,114.29,116.5,114.29,114.78,18729
BIRLANU,20260930,1406.0,1426.5,1394.1,1400.1,6563
BIRLAPREC,20260930,54.8,55.95,54.0,54.91,76920
BLACKBUCK,20260930,628.0,634.0,606.0,607.9,471558
BLACKROSE,20260930,115.25,118.28,112.0,115.79,54925
BLAL,20260930,162.38,163.09,159.01,160.26,23426
BLBLIMITED,20260930,16.6,17.19,16.6,16.73,47532
BLEL,20260930,451.9,529.95,449.6,485.6,15601996
BLIL,20260930,65.17,65.78,64.91,65.23,45185
BLISSGVS,20260930,709.95,722.0,690.0,694.45,209856
BLKASHYAP,20260930,50.61,53.44,50.0,50.36,421044
BLS,20260930,219.55,223.93,217.23,218.26,602312
BLSE,20260930,323.0,332.0,321.1,328.6,445285
BLUECLOUDS,20260930,20.35,20.82,19.56,19.9,4389309
BLUECOAST,20260930,22.7,23.8,22.01,22.07,3112
BLUEDART,20260930,4574.9,4654.2,4539.3,4629.0,14406
BLUEJET,20260930,555.0,562.35,535.0,538.05,399671
BLUESTARCO,20260930,1525.0,1541.1,1502.1,1518.0,615606
BLUESTONE,20260930,806.2,812.0,782.0,794.85,805919
BLUSPRING,20260930,145.8,147.8,140.1,141.74,149662
BMWVENTLTD,20260930,51.13,51.89,51.12,51.5,27684
BNAGROCHEM,20260930,215.0,217.6,210.1,217.6,102349
BNKETFAXIS,20260930,564.54,618.0,564.49,575.31,689
BODALCHEM,20260930,191.99,200.5,182.4,198.35,789248
BOHRAIND,20260930,15.03,15.76,14.8,15.51,26872
BOMDYEING,20260930,106.75,107.84,105.0,105.62,316532
BONLON,20260930,41.0,41.9,38.01,40.21,38309
BORANA,20260930,297.8,297.8,275.0,278.2,66407
BOROLTD,20260930,282.0,300.0,279.41,293.38,1096443
BORORENEW,20260930,452.95,470.8,452.95,458.15,523400
BOROSCI,20260930,114.84,116.77,113.16,113.91,54494
BOSCH-HCIL,20260930,1950.1,1979.0,1851.2,1876.7,72922
BOSCHLTD,20260930,45960.0,47545.0,45960.0,47100.0,30394
BPCL,20260930,301.95,308.25,301.1,303.2,5525502
BPL,20260930,46.78,46.85,45.32,45.59,37403
BPLPHARMA,20260930,1945.0,1948.0,1756.4,1792.8,15982
BRAHMINFRA,20260930,158.2,159.0,146.15,148.08,41533
BRIGADE,20260930,559.1,586.85,559.1,575.25,566667
BRIGHOTEL,20260930,55.85,57.8,55.85,56.96,282041
BRIGHTBR,20260930,254.0,254.0,246.0,252.9,1978
BRITANNIA,20260930,4830.0,4830.5,4758.0,4830.0,485651
BRNL,20260930,16.15,16.9,15.67,15.84,34022
BROOKS,20260930,56.8,57.61,55.02,55.8,46499
BSE,20260930,3138.9,3149.0,3075.0,3092.0,6411793
BSE500IETF,20260930,37.73,38.87,37.2,37.51,84433
BSHSL,20260930,85.8,86.75,83.5,86.1,3551
BSL,20260930,118.16,121.49,117.5,118.28,909
BSLGOLDETF,20260930,128.69,130.0,128.69,129.46,650112
BSLNIFTY,20260930,27.73,28.0,26.56,26.85,4493220
BSLSENETFG,20260930,72.29,74.2,72.29,73.09,907
BSOFT,20260930,270.0,280.3,269.9,271.7,1727416
BTML,20260930,6.91,7.44,6.91,6.97,91799
BTTL,20260930,40.76,41.5,38.25,40.98,1488
BUILDPRO,20260930,1249.1,1257.9,1221.1,1231.0,84714
BURNPUR,20260930,13.69,14.0,13.15,13.16,47764
BUTTERFLY,20260930,564.3,565.35,551.55,552.75,12112
BVCL,20260930,41.5,44.38,41.47,43.02,72324
BYKE,20260930,29.5,29.87,29.0,29.12,40573
CALSOFT,20260930,33.37,35.11,32.07,35.11,151774
CAMLINFINE,20260930,93.8,95.79,92.91,93.15,369269
CAMPUS,20260930,210.0,211.36,207.52,208.83,196106
CAMS,20260930,666.6,679.95,666.0,671.0,1798467
CANBK,20260930,119.7,121.48,119.44,119.44,12579795
CANFINHOME,20260930,733.0,739.8,715.0,719.2,235321
CANHLIFE,20260930,149.87,149.87,147.15,148.51,225185
CANTABIL,20260930,232.2,233.99,229.3,231.22,69587
CAPACITE,20260930,182.7,186.63,182.4,182.89,95782
CAPILLARY,20260930,569.0,574.0,553.15,560.45,69748
CAPITALSFB,20260930,278.0,298.0,278.0,288.6,137229
CAPLIPOINT,20260930,2760.1,2797.8,2663.3,2716.4,156298
CAPTRUST,20260930,17.65,18.42,16.9,18.28,27829
CARBORUNIV,20260930,1206.5,1269.9,1204.4,1252.5,475133
CARERATING,20260930,1637.0,1652.8,1611.0,1616.7,51390
CARRARO,20260930,520.0,530.45,515.0,527.5,352593
CARTRADE,20260930,2922.0,2949.5,2888.0,2899.8,191607
CARYSIL,20260930,1046.1,1060.4,1020.0,1036.1,149256
CASHIETF,20260930,1081.71,1081.71,1081.69,1081.7,596911
CASTROLIND,20260930,199.83,202.75,199.83,200.52,2564891
CCAVENUE,20260930,15.31,15.52,15.08,15.12,7376759
CCCL,20260930,13.98,14.38,13.05,13.95,353951
CCHHL,20260930,12.9,13.2,12.9,13.0,12278
CCL,20260930,1002.0,1031.0,991.4,1019.5,146634
CDSL,20260930,1270.0,1286.5,1262.5,1264.0,871860
CEATLTD,20260930,3242.3,3320.9,3242.3,3264.4,46666
CEIGALL,20260930,383.8,385.9,375.1,382.75,305558
CEINSYS,20260930,676.15,690.0,666.0,666.85,44612
CELEBRITY,20260930,6.74,6.74,6.36,6.66,13125
CELLO,20260930,330.0,337.55,324.1,325.55,174282
CEMNTGROWW,20260930,13.89,13.97,13.75,13.86,36281
CEMPRO,20260930,1226.3,1249.0,1182.6,1192.2,242505
CENTENKA,20260930,552.0,569.3,551.55,554.6,24863
CENTEXT,20260930,18.2,19.07,18.2,18.62,121183
CENTEXT-RE,20260930,3.88,3.88,3.0,3.62,305177
CENTRALBK,20260930,30.07,30.84,30.07,30.46,4973027
CENTRUM,20260930,20.95,21.35,19.0,19.61,765145
CENTUM,20260930,4915.8,4925.0,4738.4,4797.9,90214
CENTURYPLY,20260930,663.05,686.0,663.05,681.85,64964
CERA,20260930,5125.0,5199.5,5037.0,5088.0,25540
CESC,20260930,133.95,136.39,133.61,133.85,1540893
CEWATER,20260930,259.25,267.4,257.05,259.6,28177
CFEL,20260930,47.1,47.1,45.05,45.58,4882
CGCL,20260930,249.3,252.75,246.5,247.45,1406907
CGPOWER,20260930,866.45,876.8,854.2,854.2,2404620
CGVAK,20260930,151.5,151.5,145.31,145.69,1492
CHALET,20260930,849.9,861.95,831.0,845.2,132305
CHAMBLFERT,20260930,414.35,417.45,408.4,409.25,384509
CHEMBOND,20260930,182.5,189.44,181.62,182.73,12149
CHEMBONDCH,20260930,230.0,237.45,218.8,225.5,25729
CHEMCON,20260930,212.1,221.37,212.1,217.28,27761
CHEMCRUX,20260930,79.8,80.2,77.51,78.62,6413
CHEMFAB,20260930,359.8,359.8,335.0,335.9,4381
CHEMICAL,20260930,28.15,28.74,28.0,28.47,326516
CHEMPLASTS,20260930,192.26,196.79,184.5,185.92,278500
CHENNPETRO,20260930,1447.9,1502.3,1428.0,1436.3,1709133
CHEVIOT,20260930,1194.9,1199.9,1175.4,1183.2,642
CHOICEGOLD,20260930,145.2,147.12,145.2,145.54,10811
CHOICEIN,20260930,741.05,749.4,721.2,726.25,401169
CHOLAFIN,20260930,1637.2,1642.1,1600.1,1620.0,1860436
CHOLAHLDNG,20260930,1361.0,1400.0,1361.0,1386.2,272263
CIEINDIA,20260930,379.0,390.0,378.05,386.3,288927
CIFL,20260930,20.63,21.85,20.63,21.34,72960
CINELINE,20260930,89.44,89.5,85.35,86.96,22839
CINEVISTA,20260930,13.75,13.99,13.65,13.83,5653
CIPLA,20260930,1383.0,1384.0,1346.0,1346.0,1063964
CLEAN,20260930,776.9,801.2,774.8,794.35,245660
CLEANMAX,20260930,1390.7,1405.0,1315.8,1327.2,851431
CLEDUCATE,20260930,55.96,58.2,55.0,57.01,31888
CLSEL,20260930,282.2,295.5,282.2,284.15,68524
CMLL,20260930,547.05,553.55,529.0,532.05,314749
CMPDI,20260930,213.1,214.89,207.5,209.21,726889
CMRGREEN,20260930,228.98,233.99,223.5,224.83,395630
CMSINFO,20260930,229.95,231.99,220.99,221.45,632685
CNL,20260930,1105.8,1156.9,1078.0,1082.2,6433
COALINDIA,20260930,425.1,432.9,423.95,425.0,7436925
COASTCORP,20260930,36.53,37.8,36.0,36.97,86221
COCHINSHIP,20260930,1332.0,1348.6,1305.7,1315.0,985418
COCKERILL,20260930,7905.5,8029.0,7840.5,7966.5,3420
COFFEEDAY,20260930,30.51,30.85,30.06,30.14,310652
COFORGE,20260930,1757.6,1824.4,1749.1,1749.1,3113656
COHANCE,20260930,456.0,460.95,440.8,444.0,1480412
COLPAL,20260930,1790.1,1808.6,1763.3,1763.3,276534
COMFINTE,20260930,6.94,7.24,6.02,6.36,1331887
COMMOIETF,20260930,95.27,95.98,94.56,95.31,45119
COMPEAU,20260930,358.1,368.45,354.4,368.45,224
COMPINFO,20260930,1.05,1.08,1.0,1.06,54241
COMPUSOFT,20260930,13.66,14.0,13.41,13.48,24794
COMSYN,20260930,267.65,279.15,265.0,269.7,610951
CONCOR,20260930,449.0,454.6,445.3,447.5,1094966
CONCORDBIO,20260930,1423.4,1434.7,1366.6,1373.6,100957
CONFIPET,20260930,87.0,89.55,86.52,88.13,1829935
CONS,20260930,11.53,11.55,11.4,11.46,68549
CONSOFINVT,20260930,292.1,299.85,280.0,293.9,1868
CONSUMAXIS,20260930,115.58,116.9,113.9,113.93,2958
CONSUMBEES,20260930,125.35,126.04,123.07,123.68,94086
CONSUMER,20260930,11.33,11.4,11.29,11.3,59211
CONSUMIETF,20260930,116.1,116.15,114.8,115.0,10322
CONTROLPR,20260930,608.0,610.0,600.0,607.35,13322
CORALFINAC,20260930,32.77,32.77,31.43,31.55,10305
CORDELIA,20260930,103.46,105.16,102.3,102.59,630212
CORDSCABLE,20260930,314.0,332.5,314.0,332.5,29609
COROMANDEL,20260930,1810.8,1832.0,1742.9,1758.2,612561
CORONA,20260930,2085.0,2111.8,2062.1,2093.4,23940
COSMOFIRST,20260930,856.0,875.75,837.5,845.6,43706
COUNCODOS,20260930,6.3,6.58,6.2,6.4,6350
CPCAP,20260930,153.9,154.0,137.35,141.59,19440
CPEDU,20260930,178.0,181.0,177.2,177.45,4608
CPL,20260930,61.69,64.07,61.69,63.27,27672
CPPLUS,20260930,3840.1,3950.0,3766.0,3846.5,237687
CPSEETF,20260930,91.36,91.87,90.24,90.55,578348
CRAFTSMAN,20260930,10581.0,10581.0,10316.0,10417.0,46075
CRAMC,20260930,224.45,227.0,224.0,224.7,247677
CRAVATEX,20260930,359.8,365.8,345.0,359.85,56
CREATIVEYE,20260930,6.15,6.75,5.85,6.12,4878
CREDITACC,20260930,1220.2,1278.8,1220.2,1272.0,364278
CREST,20260930,364.95,375.0,355.0,366.85,4058
CRESTO,20260930,23.99,23.99,22.93,23.21,53671
CRISIL,20260930,4464.8,4519.0,4416.0,4450.8,36918
CRIZAC,20260930,170.6,173.39,168.9,170.12,100955
CROMPTON,20260930,212.0,214.56,208.67,208.67,1957515
CROWN,20260930,116.8,116.99,114.59,115.27,17028
CRSL,20260930,2.3,2.3,2.19,2.22,200889
CSBBANK,20260930,316.0,319.15,309.5,311.0,283282
CSLFINANCE,20260930,213.98,215.25,210.0,210.85,14378
CSM,20260930,100.0,104.0,97.0,98.17,132729
CTE,20260930,40.0,41.4,39.3,40.39,11833
CUB,20260930,216.75,229.0,214.91,226.05,8157697
CUBEXTUB,20260930,175.74,184.0,166.96,174.84,388081
CUMMINSIND,20260930,4821.5,4839.0,4741.0,4760.0,573791
CUPID,20260930,288.0,312.0,287.4,311.65,66496228
CURAA,20260930,72.5,72.5,71.05,72.5,138
CYBERMEDIA,20260930,19.02,19.02,18.25,18.56,10630
CYBERTECH,20260930,136.8,139.5,135.35,138.83,7837
CYIENT,20260930,1055.3,1138.0,1050.1,1100.7,2323228
CYIENTDLM,20260930,921.0,928.25,905.35,914.1,203064
DABUR,20260930,379.95,384.65,379.15,380.1,1957070
DAICHI,20260930,313.05,322.95,306.5,312.85,341
DALBHARAT,20260930,1637.6,1696.8,1637.4,1683.7,111663
DALMIASUG,20260930,416.0,424.9,405.65,408.8,130282
DAMCAPITAL,20260930,154.95,159.29,150.1,151.08,623800
DAMODARIND,20260930,26.85,27.0,25.81,26.96,4457
DANGEE,20260930,2.85,3.0,2.8,2.92,102268
DATAMATICS,20260930,825.0,837.0,802.15,805.55,146286
DATAPATTNS,20260930,4241.2,4358.8,4226.0,4286.9,336383
DAVANGERE,20260930,2.37,2.4,2.26,2.31,6763373
DBCORP,20260930,177.02,181.6,174.01,175.38,195863
DBEIL,20260930,6.45,6.74,6.45,6.68,157480
DBL,20260930,410.45,416.0,403.1,406.2,63814
DBOL,20260930,124.49,129.89,124.29,126.1,321088
DBREALTY,20260930,98.25,98.99,95.5,96.52,1028560
DBSTOCKBRO,20260930,30.55,31.98,30.01,31.74,4810
DCAL,20260930,162.57,163.83,156.35,157.47,228801
DCBBANK,20260930,202.06,205.56,202.05,203.54,781971
DCI,20260930,326.9,340.0,322.9,335.0,162842
DCM,20260930,75.01,77.6,73.41,74.0,18795
DCMFINSERV,20260930,4.93,5.15,4.85,5.07,23478
DCMNVL,20260930,175.09,176.75,171.06,172.6,4894
DCMSHRIRAM,20260930,905.1,923.9,905.1,915.6,58580
DCMSIL,20260930,78.05,85.31,77.3,82.25,216984
DCMSRIND,20260930,39.61,40.35,38.83,39.57,203293
DCW,20260930,46.05,47.17,45.31,45.62,928628
DCXINDIA,20260930,159.6,164.87,159.6,161.18,345928
DDEVPLSTIK,20260930,249.6,253.9,246.2,249.5,55337
DECCANCE,20260930,550.0,587.45,537.85,566.5,102837
DECNGOLD,20260930,201.61,208.0,198.06,200.76,933680
DEEDEV,20260930,659.75,683.0,659.75,676.9,93263
DEEP,20260930,45.0,46.0,43.05,44.82,2754
DEEPA,20260930,191.8,199.9,189.74,195.48,2948558
DEEPAKFERT,20260930,1305.1,1387.4,1305.1,1351.0,520150
DEEPAKNTR,20260930,1535.0,1555.0,1520.6,1529.8,141444
DEEPINDS,20260930,782.45,789.0,746.95,755.95,186911
DEFENCE,20260930,77.15,77.98,76.99,77.52,198066
DELHIVERY,20260930,418.35,418.35,400.35,409.7,5573038
DELPHIFX,20260930,6.77,6.77,6.77,6.77,111667
DELTACORP,20260930,78.55,87.9,78.55,80.51,84962418
DELTAMAGNT,20260930,57.2,58.5,57.01,57.19,2227
DEN,20260930,25.99,26.36,25.77,25.93,269929
DENORA,20260930,735.0,756.0,718.6,736.5,10095
DENTA,20260930,267.4,271.75,264.5,265.75,48166
DEVIT,20260930,21.6,22.5,21.06,21.86,72158
DEVX,20260930,36.12,36.56,35.71,36.07,41456
DEVYANI,20260930,130.68,132.7,129.0,130.29,1090016
DGCONTENT,20260930,25.5,26.75,24.75,25.43,84649
DHABRIYA,20260930,462.15,480.5,462.0,472.8,10075
DHAMPURSUG,20260930,174.0,179.69,170.1,171.42,654374
DHANBANK,20260930,28.11,28.93,27.1,27.52,833002
DHANUKA,20260930,931.0,940.75,925.1,928.35,21838
DHARAN,20260930,0.15,0.15,0.14,0.14,5532871
DHARMAJ,20260930,276.2,282.9,262.0,264.35,100650
DHATRE,20260930,3.91,4.1,3.91,3.98,17934
DHOOTTRANS,20260930,1505.0,1518.9,1480.0,1488.8,580685
DHRUV,20260930,20.87,21.89,19.96,20.08,8040
DHUNINV,20260930,989.7,991.0,950.0,955.65,621
DIACABS,20260930,349.5,360.0,348.0,354.2,338526
DIAMINESQ,20260930,243.38,243.38,236.6,238.5,1955
DIAMONDYD,20260930,1061.0,1124.9,1056.2,1108.5,164680
DICIND,20260930,629.5,645.65,623.05,635.3,5230
DIFFNKG,20260930,451.45,452.0,435.1,438.75,78332
DIGIDRIVE,20260930,17.73,17.99,17.55,17.89,18503
DIGISPICE,20260930,15.0,15.53,14.86,14.96,99635
DIGITIDE,20260930,75.67,77.5,72.2,72.85,366324
DIGJAMLMTD,20260930,49.5,51.94,49.1,50.46,1729
DISAQ,20260930,12050.0,12050.0,11750.0,11796.0,158
DISHTV,20260930,2.05,2.19,2.05,2.06,4887725
DIVGIITTS,20260930,1220.0,1283.1,1166.3,1181.8,161440
DIVIDEND,20260930,34.34,34.4,34.0,34.04,9597
DIVISLAB,20260930,9499.5,9505.0,9275.0,9291.5,541269
DIVOPPBEES,20260930,73.15,73.49,72.52,72.88,28022
DIXON,20260930,13300.0,13425.0,13100.0,13100.0,273569
DJML,20260930,70.91,72.9,70.91,71.82,96040
DLF,20260930,665.05,674.0,653.0,674.0,5830044
DLINKINDIA,20260930,417.05,421.45,410.0,411.85,40130
DMART,20260930,3769.5,3865.0,3769.5,3801.4,620771
DMCC,20260930,317.0,324.0,308.35,311.7,250289
DNAMEDIA,20260930,2.43,2.48,2.42,2.44,24871
DODLA,20260930,1001.3,1032.9,1001.3,1019.4,22246
DOLATALGO,20260930,66.0,66.48,64.52,64.94,79533
DOLLAR,20260930,278.2,285.9,276.0,277.25,210742
DOLLEX,20260930,40.0,40.0,37.6,38.0,17634
DOLPHIN,20260930,652.5,715.8,631.2,637.4,70720
DOMS,20260930,2056.4,2122.0,2044.1,2107.0,46672
DONEAR,20260930,81.13,82.64,80.71,81.4,4484
DPABHUSHAN,20260930,1750.0,1815.7,1685.0,1788.8,869922
DPSCLTD,20260930,6.81,7.0,6.71,6.8,94002
DPWIRES,20260930,161.0,167.0,161.0,163.89,6309
DRAGARWQ,20260930,5190.0,5201.0,5061.0,5130.0,2230
DRCSYSTEMS,20260930,12.19,14.0,12.16,13.15,111616
DREAMFOLKS,20260930,62.19,62.89,61.5,61.66,28888
DREDGECORP,20260930,939.4,954.6,912.0,920.2,61117
DRREDDY,20260930,1242.2,1244.6,1214.2,1233.0,4026022
DSFCL,20260930,29.17,29.8,28.19,28.94,45090
DSKULKARNI,20260930,25.56,25.56,25.56,25.56,37
DSSL,20260930,1023.5,1023.5,981.1,983.2,22519
DTIL,20260930,147.7,152.22,146.0,152.21,19102
DUCON,20260930,1.37,1.43,1.35,1.36,3809077
DVL,20260930,288.0,291.45,282.1,282.95,8519
DWARKESH,20260930,43.8,44.55,42.45,42.66,1342472
DYCL,20260930,435.5,446.45,435.0,437.15,216097
DYNAMATECH,20260930,13065.0,13650.0,13060.0,13611.0,49032
DYNPRO,20260930,226.0,227.02,221.0,223.58,5756
E2E,20260930,655.05,679.0,636.2,650.5,479810
EASEMYTRIP,20260930,5.88,6.03,5.81,5.86,9015155
EASTSILK,20260930,69.0,73.81,66.79,73.81,961
EASTWEST,20260930,2.27,2.36,2.25,2.33,34577
EBANK10,20260930,16.1,16.23,15.74,15.82,1176
EBANKNIFTY,20260930,55.02,55.78,55.02,55.41,643
EBBETF0430,20260930,1591.93,1611.9,1591.93,1606.78,2174
EBBETF0431,20260930,1432.57,1433.94,1423.02,1427.54,21312
EBBETF0433,20260930,1293.04,1297.9,1293.04,1297.04,2939
EBGNG,20260930,700.05,711.45,684.9,686.75,906069
EBIX,20260930,17.68,17.86,16.82,16.97,41803
ECAPINSURE,20260930,22.84,23.03,22.21,22.56,46164
ECLERX,20260930,1772.0,1848.7,1772.0,1819.9,177436
ECORECO,20260930,407.95,410.0,391.45,395.5,9028
ECOSMOBLTY,20260930,106.58,107.01,104.1,104.73,35333
EDELWEISS,20260930,137.7,144.05,137.7,142.73,10840581
EFCIL,20260930,174.28,177.94,171.5,172.21,206429
EGOLD,20260930,147.25,147.65,146.45,147.1,47305
EICHERMOT,20260930,7182.0,7245.0,7120.0,7150.0,418141
EIDPARRY,20260930,696.0,708.0,681.0,685.9,467662
EIEL,20260930,193.05,195.66,188.0,189.62,435975
EIFFL,20260930,271.6,273.2,271.6,273.2,1439
EIHAHOTELS,20260930,293.9,302.35,289.2,297.15,18403
EIHOTEL,20260930,301.85,306.15,297.55,301.1,1001715
EIMCOELECO,20260930,2297.6,2320.4,2259.8,2269.2,14680
EKC,20260930,108.2,110.5,106.65,108.9,199123
EKI,20260930,99.98,103.88,94.11,94.99,82152
ELANTAS,20260930,13850.0,13978.0,13643.0,13839.0,1294
ELCIDIN,20260930,103000.0,103000.0,102665.0,102665.0,2
ELDEHSG,20260930,751.75,760.0,751.0,751.05,691
ELECON,20260930,478.05,487.2,460.0,461.8,812540
ELECTCAST,20260930,76.12,78.19,73.89,74.37,3312574
ELECTHERM,20260930,785.05,790.85,768.7,774.25,8860
ELEVATE,20260930,355.1,372.75,290.1,322.95,38490932
ELGIEQUIP,20260930,594.95,614.8,594.95,608.85,316761
ELGIRUBCO,20260930,52.95,54.0,52.95,53.42,21168
ELIN,20260930,88.38,88.38,86.02,86.3,57220
ELIQUID,20260930,1049.85,1049.85,1049.83,1049.84,14787
ELITECON,20260930,8.2,8.61,7.86,7.98,13834853
ELLEN,20260930,378.0,381.0,354.15,356.9,2144133
ELM250,20260930,15.7,15.99,15.55,15.77,43903
ELMDIV,20260930,34.93,34.93,34.42,34.61,473
ELPROINTL,20260930,170.4,174.1,170.4,174.0,2626
EMAMILTD,20260930,382.5,384.5,375.6,379.05,1943040
EMAMIPAP,20260930,118.96,121.0,115.16,119.56,38369
EMAMIREAL,20260930,67.7,68.49,66.95,67.43,5618
EMBDL,20260930,56.9,59.49,55.51,58.51,2043111
EMCURE,20260930,1960.0,1965.9,1907.2,1943.0,71094
EMETAL,20260930,12.76,12.98,12.65,12.66,3247
EMIL,20260930,192.0,208.98,192.0,205.36,14305072
EMKAY,20260930,284.7,289.05,277.05,278.2,41969
EMMBI,20260930,90.0,90.0,88.1,89.74,5465
EMMVEE,20260930,313.95,318.5,313.2,315.9,1295809
EMPIND,20260930,1052.0,1066.0,1052.0,1057.1,2549
EMPOWER,20260930,1.62,1.62,1.62,1.62,3851509
EMSLIMITED,20260930,340.5,345.5,335.2,337.2,113345
EMUDHRA,20260930,628.5,637.6,592.1,596.5,713583
EMULTIMQ,20260930,40.2,41.4,40.01,40.11,39253
ENDURANCE,20260930,2665.0,2747.9,2621.1,2656.5,137641
ENERGY,20260930,37.02,37.31,36.85,36.9,241151
ENERGYAXIS,20260930,18.43,18.69,18.35,18.4,7782
ENERGYDEV,20260930,14.48,14.98,14.1,14.39,30784
ENEXT50,20260930,70.0,72.52,69.75,70.5,240
ENGINERSIN,20260930,310.75,315.5,307.5,309.6,3125317
ENIFTY,20260930,23.42,23.97,22.85,22.9,34486
ENIL,20260930,96.99,96.99,95.05,95.59,12291
ENKEIWHEL,20260930,399.0,399.0,390.0,396.55,253
ENRIN,20260930,3211.4,3322.8,3200.0,3200.0,666697
ENTERO,20260930,1764.9,1775.3,1701.0,1708.9,78337
EPACK,20260930,178.65,180.15,175.0,175.35,178498
EPACKPEB,20260930,243.0,247.28,241.8,243.2,149107
EPIGRAL,20260930,1024.0,1030.0,1011.0,1012.5,37182
EPL,20260930,235.8,241.35,233.5,237.0,3029109
EQUAL200,20260930,13.19,13.19,13.09,13.1,42187
EQUAL50,20260930,314.98,315.11,312.17,312.57,4521
EQUAL50ADD,20260930,324.25,325.71,322.85,323.42,94200
EQUIPPP,20260930,23.8,23.8,22.4,22.65,1424
EQUITASBNK,20260930,67.1,69.2,67.06,68.93,1798270
ERIS,20260930,1225.3,1226.3,1180.8,1191.9,97144
ESABINDIA,20260930,5565.5,5565.5,5521.0,5530.0,1062
ESAFSFB,20260930,44.55,46.0,44.03,44.52,733692
ESCORTS,20260930,2705.0,2743.4,2700.1,2715.2,45053
ESDS,20260930,1509.5,1509.5,1509.5,1509.5,35560
ESENSEX,20260930,73.56,73.9,73.0,73.25,1347
ESG,20260930,39.06,39.12,38.75,38.83,1842
ESILVER,20260930,219.19,220.7,219.06,219.2,379464
ESSARSHPNG,20260930,17.54,20.34,17.54,18.89,6789502
ESSENTIA,20260930,1.0,1.02,1.0,1.0,770450
ESTER,20260930,90.0,101.46,87.19,101.22,3656608
ETERNAL,20260930,328.15,329.0,317.1,320.0,28850208
ETHOSLTD,20260930,2489.9,2555.0,2484.4,2537.2,22966
EUREKAFORB,20260930,361.95,371.0,357.5,361.0,311340
EUROBOND,20260930,150.0,151.89,145.65,146.25,1174
EUROPRATIK,20260930,202.4,216.8,190.1,192.3,693046
EUROTEXIND,20260930,12.85,14.3,11.75,14.3,4554
EVEREADY,20260930,318.9,325.0,318.9,323.2,38598
EVERESTIND,20260930,427.1,458.05,427.1,455.6,19320
EVIETF,20260930,30.75,31.09,30.7,30.8,296562
EVINDIA,20260930,30.69,31.05,30.69,30.76,272976
EXCELINDUS,20260930,925.3,957.7,925.3,945.2,33101
EXCELSOFT,20260930,83.99,85.7,80.23,81.17,532184
EXICOM,20260930,152.97,158.6,151.0,152.11,522829
EXIDEIND,20260930,407.75,417.5,407.75,412.6,2723921
EXPLEOSOL,20260930,858.0,873.9,855.0,857.85,5181
EXXARO,20260930,6.22,6.24,6.05,6.07,93351
FABTECH,20260930,147.47,148.99,143.95,145.04,43962
FACT,20260930,757.2,770.35,752.0,757.95,99917
FAIRCHEMOR,20260930,678.0,693.0,661.0,680.75,5353
FAZE3Q,20260930,428.0,462.2,420.0,442.15,402154
FCL,20260930,57.94,59.21,57.0,57.45,16165821
FCSSOFT,20260930,1.39,1.45,1.38,1.4,2540760
FDC,20260930,350.1,353.4,337.85,339.4,103104
FEDDERSHOL,20260930,61.0,62.6,61.0,61.51,2131447
FEDERALBNK,20260930,321.05,324.25,317.4,317.4,5485971
FEDFINA,20260930,149.0,152.07,149.0,150.96,578967
FEL,20260930,0.39,0.39,0.38,0.38,82983
FELDVR,20260930,2.07,2.15,1.97,2.02,5324
FERMENTA,20260930,538.0,564.9,528.7,549.7,521926
FIBERWEB,20260930,27.99,27.99,26.58,27.41,23194
FIEMIND,20260930,1921.1,1955.2,1870.0,1877.6,91793
FILATEX,20260930,111.85,112.94,107.1,107.76,2227616
FILATFASH,20260930,0.19,0.19,0.18,0.18,10328490
FINCABLES,20260930,1432.0,1472.4,1432.0,1450.3,452990
FINEORG,20260930,5140.5,5165.0,5092.5,5124.5,24136
FINIETF,20260930,30.5,30.51,30.05,30.25,281730
FINKURVE,20260930,69.9,71.2,67.45,67.92,42160
FINOPB,20260930,129.85,131.06,126.3,127.21,135642
FINPIPE,20260930,152.0,153.44,150.36,151.48,238428
FIRSTCRY,20260930,184.37,187.0,178.35,179.94,2624709
FISCHER,20260930,33.68,34.7,33.35,33.55,284295
FIVESTAR,20260930,495.05,519.9,494.85,516.85,602120
FLAIR,20260930,232.0,232.87,228.51,229.32,67611
FLEXIADD,20260930,9.52,9.74,9.4,9.44,176556
FLEXITUFF,20260930,2.97,2.97,2.96,2.97,1301
FLFL,20260930,1.1,1.1,1.05,1.09,88833
FLUOROCHEM,20260930,4420.1,4454.9,4358.1,4405.3,68354
FMCGADD,20260930,45.23,45.3,44.75,44.79,27390
FMCGIETF,20260930,48.5,48.74,47.86,47.92,1468352
FMGOETZE,20260930,460.1,469.0,442.1,445.65,268118
FMNL,20260930,7.97,8.36,7.97,8.35,43409
FOCUS,20260930,58.3,58.3,56.26,56.52,17513
FOODSIN,20260930,50.9,52.32,50.4,50.92,48116
FORCEMOT,20260930,17000.0,17435.0,17000.0,17054.0,56785
FORTIS,20260930,817.0,821.0,757.45,770.0,5818918
FOSECOIND,20260930,6359.5,6640.0,6339.5,6462.5,22698
FRACTAL,20260930,753.15,762.45,738.0,740.2,134937
FREDUN,20260930,1403.0,1447.4,1398.9,1404.5,35676
FRONTSP,20260930,1414.4,1500.0,1402.0,1460.2,55952
FSL,20260930,248.9,270.7,248.9,255.8,6657490
FUSION,20260930,175.05,178.2,172.87,175.08,555656
GABRIEL,20260930,1315.4,1355.0,1313.0,1341.8,243468
GAEL,20260930,162.7,164.01,159.25,160.21,271005
GAIL,20260930,170.62,172.99,170.21,170.55,12187561
GAJA,20260930,140.0,143.05,139.21,140.05,309382
GALAPREC,20260930,1165.9,1212.5,1147.1,1197.2,103371
GALAXYSURF,20260930,2303.0,2378.9,2303.0,2332.8,110086
GALLANTT,20260930,551.0,551.0,535.2,537.5,51095
GANDHAR,20260930,274.0,283.45,274.0,278.85,742278
GANDHITUBE,20260930,970.0,974.5,945.0,951.55,5516
GANECOS,20260930,1010.0,1029.4,993.3,1000.6,39514
GANESHBE,20260930,140.0,140.0,130.94,130.94,634963
GANESHCP,20260930,156.1,157.99,150.72,151.41,97953
GANESHHOU,20260930,712.55,722.3,711.75,719.0,25145
GANGAFORGE,20260930,1.54,1.54,1.51,1.54,1174893
GANGESSECU,20260930,113.0,113.01,112.26,112.4,26
GARFIBRES,20260930,754.85,783.3,752.05,770.85,18057
GARUDA,20260930,178.4,179.2,173.8,174.67,213498
GATECH,20260930,0.7,0.73,0.67,0.68,21658907
GATECHDVR,20260930,0.49,0.49,0.46,0.47,143757
GATEWAY,20260930,51.65,52.45,51.61,52.04,515500
GAUDIUMIVF,20260930,114.88,116.39,110.01,111.15,201656
GAYAHWS,20260930,1.84,1.84,1.72,1.76,312692
GAYAPROJ,20260930,22.5,23.44,22.14,22.68,652974
GCSL,20260930,667.5,682.5,666.75,675.85,247015
GEECEE,20260930,376.05,384.95,365.0,374.2,3606
GEEKAYWIRE,20260930,30.01,31.64,30.01,31.19,82538
GEMAROMA,20260930,157.76,168.0,157.76,161.0,123363
GENCON,20260930,36.51,40.99,36.51,39.54,834565
GENESYS,20260930,278.0,286.7,271.41,273.43,392461
GENSOL,20260930,15.25,15.74,14.39,14.39,178511
GENUSPAPER,20260930,10.43,10.96,10.36,10.64,156399
GENUSPOWER,20260930,294.05,298.65,286.1,288.65,2196401
GEOJITFSL,20260930,76.76,78.29,76.1,76.59,205675
GESHIP,20260930,1538.0,1583.0,1538.0,1560.0,938291
GFLLIMITED,20260930,56.85,56.85,54.51,54.94,29988
GFSTEELS,20260930,37.55,37.55,37.55,37.55,3972
GHCL,20260930,404.55,411.2,404.3,405.5,106362
GHCLTEXTIL,20260930,132.04,136.44,128.15,128.9,528612
GICHSGFIN,20260930,134.3,135.86,133.11,133.87,80679
GICL,20260930,22.3,23.0,22.21,22.83,200478
GICRE,20260930,320.0,333.5,320.0,331.15,772056
GILLANDERS,20260930,111.55,119.5,111.55,114.8,117182
GILLETTE,20260930,6965.0,7055.0,6956.0,7000.0,36059
GILT10BETA,20260930,26.19,26.5,26.15,26.36,96
GILT5BETA,20260930,65.9,66.22,65.7,65.82,715
GILT5YBEES,20260930,67.11,67.11,64.62,65.79,167837
GINNIFILA,20260930,40.44,40.89,39.7,40.5,20188
GIPCL,20260930,182.0,184.05,178.5,179.68,195771
GKB,20260930,65.93,69.75,64.0,64.33,4797
GKENERGY,20260930,119.03,128.89,119.03,119.88,1278697
GKSL,20260930,177.52,184.4,176.38,179.05,537362
GKWLIMITED,20260930,1542.1,1570.0,1530.2,1550.0,46
GLAND,20260930,2990.0,3007.7,2872.0,2899.4,528548
GLASSWALL,20260930,283.4,293.28,276.01,282.0,10083480
GLAXO,20260930,2783.8,2813.6,2752.1,2769.3,45801
GLENMARK,20260930,2391.0,2410.0,2334.7,2334.7,1261905
GLFL,20260930,5.52,5.53,5.1,5.39,11947
GLOBAL,20260930,133.0,138.98,132.0,132.8,145033
GLOBALE,20260930,10.64,11.15,10.11,10.31,16320
GLOBALVECT,20260930,135.98,135.98,127.0,127.58,7330
GLOBE,20260930,2.14,2.18,2.11,2.14,406477
GLOBECIVIL,20260930,41.23,43.45,41.23,41.53,30345
GLOBUSSPR,20260930,804.8,826.35,782.6,786.45,136954
GLOSTERLTD,20260930,553.9,553.9,545.4,546.1,238
GLOTTIS,20260930,61.04,63.79,60.11,62.88,97164
GMBREW,20260930,962.95,981.0,960.0,966.95,39378
GMDCLTD,20260930,515.0,524.4,506.0,507.7,688502
GMMPFAUDLR,20260930,1489.9,1509.0,1444.0,1466.7,164451
GMRAIRPORT,20260930,94.8,95.34,93.29,95.15,16281025
GMRP&UI,20260930,100.72,106.84,100.72,105.38,3679473
GNA,20260930,599.0,612.0,585.65,598.35,510171
GNFC,20260930,611.0,621.7,603.0,604.4,973991
GNRL,20260930,98.9,99.9,97.0,98.26,854365
GOACARBON,20260930,408.85,414.45,401.3,404.95,17841
GOCLCORP,20260930,364.7,370.6,360.65,362.45,64481
GOCOLORS,20260930,306.9,311.0,298.5,300.75,74451
GODAVARIB,20260930,236.79,237.0,230.0,232.01,112434
GODFRYPHLP,20260930,1882.5,1932.0,1882.1,1891.8,240882
GODIGIT,20260930,251.05,261.9,251.05,260.05,1467678
GODREJAGRO,20260930,629.0,641.45,620.95,623.55,114004
GODREJCP,20260930,855.0,857.95,848.0,850.0,1632650
GODREJIND,20260930,1048.0,1069.0,1036.0,1039.4,37170
GODREJPROP,20260930,1640.6,1659.6,1623.4,1628.5,832521
GOKEX,20260930,678.55,709.0,678.55,687.8,231795
GOKUL,20260930,39.1,39.8,39.06,39.42,142762
GOKULAGRO,20260930,217.16,217.39,212.0,212.98,116742
GOLD1,20260930,122.59,123.34,122.35,122.88,1441143
GOLD360,20260930,142.1,144.6,142.1,143.6,7494
GOLDADD,20260930,14.26,14.36,13.81,14.28,12591544
GOLDAXIS,20260930,122.04,123.09,121.86,122.48,1574920
GOLDBEES,20260930,121.12,122.1,121.12,121.59,24806672
GOLDBETA,20260930,123.95,124.3,123.0,123.85,840320
GOLDBND,20260930,146.25,147.75,146.25,147.19,47342
GOLDCASE,20260930,23.08,23.25,23.03,23.16,5642152
GOLDENTOBC,20260930,24.5,25.24,23.42,23.46,312
GOLDETF,20260930,142.87,143.55,142.53,143.02,1302559
GOLDIAM,20260930,323.0,327.45,311.15,313.45,331778
GOLDIETF,20260930,125.47,126.62,125.46,126.07,7166962
GOLDTECH,20260930,44.68,44.68,44.68,44.68,954
GOODLUCK,20260930,526.0,531.5,503.3,508.05,291149
GOODYEAR,20260930,713.9,713.9,700.1,703.15,2595
GOPAL,20260930,252.9,255.05,250.2,250.95,66870
GOYALALUM,20260930,6.05,6.06,5.68,5.86,68542
GPIL,20260930,223.05,226.0,221.0,222.34,919919
GPPL,20260930,160.54,167.34,159.6,166.75,1900735
GPTHEALTH,20260930,153.15,156.18,150.0,150.74,71224
GPTINFRA,20260930,116.57,119.4,114.1,118.34,162220
GRADIENTE,20260930,2.23,2.25,2.23,2.25,1396620
GRANDOAK,20260930,35.01,35.01,33.94,34.19,1400
GRANULES,20260930,867.0,884.0,844.0,846.55,819196
GRAPHITE,20260930,780.0,801.0,757.25,764.8,2394392
GRASIM,20260930,3100.0,3112.3,3046.4,3061.9,448156
GRAUWEIL,20260930,83.98,85.28,82.5,82.77,394032
GRAVISSHO,20260930,32.1,32.1,30.81,31.6,1544
GRAVITA,20260930,1459.7,1472.9,1439.7,1447.4,221058
GREAVESCOT,20260930,235.75,240.4,227.3,230.28,2034376
GREENLAM,20260930,215.4,218.59,211.0,212.85,64940
GREENPANEL,20260930,159.96,164.67,158.0,160.32,811571
GREENPLY,20260930,281.0,303.9,280.7,299.95,859868
GREENPOWER,20260930,8.85,9.0,8.8,8.83,1424370
GRINDWELL,20260930,1916.0,2016.0,1916.0,1994.1,63047
GRINFRA,20260930,809.2,819.85,796.1,800.6,12867
GRMOVER,20260930,79.46,80.3,78.06,78.92,943352
GROBTEA,20260930,887.5,909.35,887.5,909.1,123
GROWW,20260930,184.1,187.65,183.08,183.91,24545475
GROWWCAPM,20260930,10.79,10.92,10.71,10.76,997429
GROWWCHEM,20260930,28.5,28.81,28.18,28.37,20916
GROWWDEFNC,20260930,93.06,93.52,91.7,92.51,123682
GROWWEV,20260930,30.31,30.97,30.3,30.59,121403
GROWWGOLD,20260930,14.29,14.47,14.22,14.33,8272551
GROWWHOSPI,20260930,51.0,51.07,47.41,48.11,2028190
GROWWLIQID,20260930,110.96,110.96,110.95,110.95,247098
GROWWLOVOL,20260930,9.81,10.1,9.81,9.86,5551
GROWWMC150,20260930,224.8,227.86,219.38,227.14,903
GROWWMETAL,20260930,12.26,12.44,12.23,12.24,153679
GROWWMOM50,20260930,10.66,10.68,10.5,10.59,114128
GROWWN200,20260930,10.61,10.84,10.6,10.68,42510
GROWWNET,20260930,10.4,10.49,10.0,10.01,1218822
GROWWNIFTY,20260930,9.01,9.35,9.01,9.18,756450
GROWWNXT50,20260930,70.75,71.0,69.75,70.3,4299
GROWWPOWER,20260930,10.91,11.01,10.72,10.84,1718738
GROWWPSE,20260930,96.48,97.2,93.5,94.02,10573
GROWWPSUBK,20260930,81.0,82.6,79.25,82.17,11236
GROWWRAIL,20260930,26.22,27.11,26.1,26.55,1325731
GROWWRLTY,20260930,9.4,9.55,9.27,9.48,89223
GROWWSC250,20260930,10.39,10.4,10.3,10.32,72436
GROWWSLVR,20260930,21.64,21.67,21.47,21.49,1765536
GRPLTD,20260930,1899.0,1935.9,1890.0,1898.6,628
GRSE,20260930,2215.0,2235.1,2175.0,2181.9,377318
GRWRHITECH,20260930,7072.0,7159.0,6937.0,7015.5,84631
GSEC10ABSL,20260930,111.87,111.9,111.87,111.9,7
GSEC10YEAR,20260930,30.26,30.26,30.1,30.1,11525
GSEC5IETF,20260930,65.92,66.3,65.75,66.04,18548
GSFC,20260930,152.41,154.0,150.25,150.79,768508
GSLSU,20260930,31.87,31.87,30.26,31.0,34789
GSPCROP,20260930,478.7,480.55,462.55,467.15,261143
GSPLTRANS,20260930,152.0,159.6,144.4,144.4,256372
GSS,20260930,10.97,10.97,10.18,10.37,20250
GTECJAINX,20260930,32.62,32.62,32.62,32.62,3654
GTL,20260930,6.73,6.96,6.73,6.88,129838
GTLINFRA,20260930,1.09,1.11,1.08,1.08,28683315
GTPL,20260930,54.12,55.48,54.0,54.86,23329
GUFICBIO,20260930,438.8,452.0,429.0,432.0,150453
GUJALKALI,20260930,621.0,626.9,612.2,618.85,58668
GUJAPOLLO,20260930,330.9,333.75,324.25,330.0,12761
GUJENERGY,20260930,236.61,240.65,236.14,237.58,951899
GUJRAFFIA,20260930,40.21,40.7,39.75,40.69,2496
GUJTHEM,20260930,404.1,408.6,386.5,387.6,187350
GULFOILLUB,20260930,1107.9,1128.7,1103.4,1125.4,61978
GULFPETRO,20260930,60.0,62.5,60.0,60.72,39828
GULPOLY,20260930,164.03,168.99,164.03,165.86,44432
GVKPIL,20260930,2.56,2.56,2.56,2.56,352294
GVPIL,20260930,687.0,718.0,673.8,678.4,263834
GVPTECH,20260930,7.75,8.11,7.35,7.95,101330
GVT&D,20260930,4190.0,4258.4,4126.9,4201.0,624058
GYFTR,20260930,154.18,166.0,154.18,159.16,146651
HAL,20260930,4640.0,4701.0,4614.7,4668.0,1233758
HALDER,20260930,241.35,258.8,239.65,245.75,318
HALDYNGL,20260930,156.0,163.78,154.0,154.46,182272
HALEOSLABS,20260930,1524.0,1529.0,1500.4,1501.4,776
HAMPTON,20260930,8.38,8.38,7.91,8.08,13378
HAPPSTMNDS,20260930,308.7,315.25,308.65,310.6,477766
HAPPYFORGE,20260930,2079.0,2107.0,2050.0,2067.2,57822
HARDWYN,20260930,9.33,9.39,9.11,9.21,302662
HARIOMPIPE,20260930,345.1,349.8,340.1,340.95,38845
HARRMALAYA,20260930,179.88,184.0,172.52,179.13,16158
HARSHA,20260930,465.05,474.0,460.8,470.3,95299
HATHWAY,20260930,9.5,9.64,9.41,9.45,1655209
HATSUN,20260930,1106.5,1139.5,1093.5,1099.0,15584
HAVELLS,20260930,1045.0,1054.4,1015.1,1016.0,1394518
HAVISHA,20260930,1.36,1.39,1.32,1.34,33131
HAWKINCOOK,20260930,7904.0,8050.5,7828.5,8007.5,1137
HAZOOR,20260930,18.98,19.29,18.51,18.65,146563
HBESD,20260930,74.53,74.53,69.11,71.63,200
HBLENGINE,20260930,812.3,815.5,786.2,794.5,1235100
HBPOR,20260930,60.0,63.7,58.02,59.3,295
HBSL,20260930,55.28,57.95,55.28,55.89,993
HCC,20260930,20.61,21.14,20.35,20.41,9937639
HCG,20260930,703.6,710.0,660.5,666.05,204434
HCL-INSYS,20260930,10.26,10.35,10.02,10.1,206242
HCLTECH,20260930,1229.0,1256.4,1224.8,1230.0,4242658
HDBFS,20260930,630.9,637.5,620.0,621.3,420599
HDFCAMC,20260930,2255.0,2314.0,2252.6,2280.7,908968
HDFCBANK,20260930,711.5,720.3,708.7,708.7,39365496
HDFCBSE500,20260930,35.92,36.32,35.5,35.71,1086363
HDFCGOLD,20260930,125.05,126.19,125.05,125.75,4800287
HDFCGROWTH,20260930,111.11,112.28,110.55,110.8,13156
HDFCLIFE,20260930,516.6,521.2,513.4,521.2,5062593
HDFCLIQUID,20260930,1080.05,1080.07,1080.05,1080.05,29271
HDFCLOWVOL,20260930,19.73,19.73,19.2,19.33,19748
HDFCMID150,20260930,22.67,22.78,22.16,22.16,358356
HDFCMOMENT,20260930,30.06,30.35,29.81,29.92,129784
HDFCNEXT50,20260930,71.56,72.08,71.25,71.48,84297
HDFCNIF100,20260930,24.67,25.4,24.55,25.04,119088
HDFCNIFBAN,20260930,56.2,56.85,56.01,56.47,89379
HDFCNIFIT,20260930,29.63,30.39,29.58,29.62,124808
HDFCNIFTY,20260930,263.02,263.02,255.3,255.84,180348
HDFCNIMEG,20260930,129.53,129.53,127.0,128.0,1482
HDFCPSUBK,20260930,81.41,82.23,81.2,81.57,27800
HDFCPVTBAN,20260930,27.6,27.6,26.95,27.27,86017
HDFCQUAL,20260930,55.61,55.87,55.29,55.47,9412
HDFCSENSEX,20260930,84.79,84.79,82.07,82.56,92417
HDFCSILVER,20260930,209.95,211.09,209.3,209.63,2285176
HDFCSML250,20260930,182.88,182.88,178.55,179.55,1266359
HDFCVALUE,20260930,118.77,119.3,118.0,118.37,7996
HDIL,20260930,1.43,1.49,1.41,1.47,82075
HEADSUP,20260930,6.78,6.84,6.33,6.75,2539
HEALTHADD,20260930,16.81,16.99,16.27,16.33,100221
HEALTHAXIS,20260930,168.43,169.21,164.0,164.49,5086
HEALTHCARE,20260930,21.81,21.81,21.12,21.15,109519
HEALTHIETF,20260930,170.0,171.74,165.52,166.5,204794
HEALTHX,20260930,290.9,290.9,283.6,285.05,741
HEALTHY,20260930,17.14,17.38,16.5,16.58,7501875
HECPROJECT,20260930,115.8,115.8,112.0,113.0,385
HEGAM,20260930,241.0,250.3,232.0,237.65,1339286
HEIDELBERG,20260930,130.5,133.59,130.5,132.6,115695
HEMIPROP,20260930,115.95,117.09,113.63,114.07,198593
HERANBA,20260930,178.57,183.44,176.0,176.53,40668
HERITGFOOD,20260930,400.0,407.3,398.15,402.0,179464
HEROMOTOCO,20260930,5236.5,5341.0,5236.5,5241.0,567810
HEROMOTORS,20260930,140.28,152.58,140.0,152.55,107202546
HESTERBIO,20260930,2163.6,2240.1,2160.2,2175.8,2531
HEXAGON,20260930,65.0,68.6,64.55,68.6,981540
HEXATRADEX,20260930,158.88,158.88,155.03,156.85,843
HEXT,20260930,480.65,504.75,479.05,494.1,140752
HFCL,20260930,227.02,227.02,227.02,227.02,3383926
HGINFRA,20260930,439.55,442.55,431.0,432.75,125949
HGM,20260930,43.4,43.4,42.05,42.56,347
HGS,20260930,365.0,375.9,364.95,370.05,14795
HIKAL,20260930,217.0,223.0,216.65,217.89,411937
HILINFRA,20260930,42.3,43.34,41.71,42.75,81532
HILTON,20260930,16.3,16.9,16.06,16.34,93970
HIMATSEIDE,20260930,65.54,69.03,65.3,66.4,718202
HINDADH,20260930,388.0,390.95,382.0,385.4,3288
HINDALCO,20260930,950.2,956.8,941.1,941.8,4420021
HINDALUMI,20260930,91.99,93.0,90.31,92.69,1416
HINDCOMPOS,20260930,377.5,390.95,377.4,381.3,3953
HINDCON,20260930,34.95,35.05,33.81,35.05,296482
HINDCOPPER,20260930,477.0,481.7,471.5,472.65,5881618
HINDOILEXP,20260930,172.4,175.37,171.25,171.55,262942
HINDPETRO,20260930,351.2,357.4,350.35,350.35,2520543
HINDUNILVR,20260930,1871.4,1889.6,1865.2,1879.1,1430335
HINDWAREAP,20260930,170.2,178.0,169.13,169.97,83588
HINDZINC,20260930,567.2,575.05,562.6,566.0,2880602
HIRECT,20260930,1171.4,1189.0,1136.9,1147.2,33683
HISARMETAL,20260930,151.39,151.4,147.25,148.97,716
HITECH,20260930,73.0,74.35,72.3,72.61,332376
HITECHCORP,20260930,338.25,346.0,338.25,345.25,28964
HITECHGEAR,20260930,639.0,645.0,615.0,621.8,4081
HLEGLAS,20260930,440.0,456.35,436.15,439.4,124676
HLVLTD,20260930,6.3,6.55,6.25,6.41,124451
HMAAGRO,20260930,23.79,24.69,23.61,23.92,978980
HMT,20260930,59.98,62.0,59.01,60.1,7423
HMVL,20260930,72.4,76.02,72.4,75.96,18380
HNDFDS,20260930,596.85,604.75,567.6,574.75,134253
HNGSNGBEES,20260930,464.28,464.28,453.0,457.47,66686
HOMEFIRST,20260930,1094.4,1136.9,1094.4,1104.8,255917
HONASA,20260930,441.65,447.05,426.05,431.35,1589113
HONAUT,20260930,33980.0,34240.0,33360.0,33460.0,1786
HONDAPOWER,20260930,1870.1,1916.9,1868.1,1874.5,1685
HORIZONIND,20260930,50.6,51.0,50.07,50.28,1962971
HPAL,20260930,34.2,35.58,33.36,33.83,36913
HPL,20260930,270.1,274.65,268.1,269.05,57651
HRYNSHP,20260930,96.5,97.0,95.0,96.0,331
HSBCGOLD,20260930,130.7,130.7,127.01,127.47,160677
HSCL,20260930,667.1,687.3,667.1,677.8,2047533
HTEL,20260930,71.7,77.15,70.0,72.29,4644616
HTMEDIA,20260930,23.51,24.13,22.92,23.02,62468
HUBTOWN,20260930,167.45,186.0,167.21,182.28,1619724
HUDCO,20260930,166.47,169.25,164.28,166.58,2274257
HUHTAMAKI,20260930,236.7,243.0,234.7,237.35,87980
HYBRIDETF,20260930,9.84,9.85,9.8,9.8,22319
HYBRIDFIN,20260930,17.74,18.35,17.5,17.94,3054
HYUNDAI,20260930,2060.0,2084.6,2026.7,2031.0,644391
IBULLSLTD,20260930,30.45,30.65,29.52,29.61,7753680
ICDSLTD,20260930,51.45,51.45,48.88,48.88,2591
ICEMAKE,20260930,634.0,641.45,623.0,629.55,21934
ICICIAMC,20260930,3249.0,3249.0,3107.4,3136.7,372808
ICICIB22,20260930,111.02,111.13,109.78,109.96,261911
ICICIBANK,20260930,1295.3,1337.0,1295.3,1321.7,14095232
ICICIGI,20260930,1516.1,1590.0,1511.6,1590.0,1952166
ICICIPRULI,20260930,448.0,450.0,442.4,443.8,839768
ICIL,20260930,437.0,464.0,437.0,460.4,1020870
ICRA,20260930,4297.9,4320.0,4198.2,4232.0,71638
IDBI,20260930,83.51,84.29,81.96,82.2,4433814
IDEA,20260930,13.6,13.61,12.84,12.95,640485531
IDEAFORGE,20260930,725.0,744.8,717.5,730.95,237947
IDFCFIRSTB,20260930,79.46,82.08,79.46,81.44,23332019
IDFNIFTYET,20260930,255.0,255.0,249.95,254.93,1087
IEX,20260930,106.75,108.8,106.53,107.0,3890920
IFBAGRO,20260930,905.45,932.4,881.0,891.65,3890
IFBIND,20260930,1211.6,1223.8,1199.0,1201.0,20374
IFCI,20260930,70.95,71.43,68.45,68.77,25751767
IFGLEXPOR,20260930,190.0,198.39,190.0,191.45,23250
IGARASHI,20260930,414.5,418.5,401.0,403.4,45397
IGCL,20260930,58.75,59.1,56.15,56.8,95296
IGIL,20260930,323.2,327.05,314.05,315.9,584224
IGL,20260930,141.99,146.9,141.99,145.61,3093267
IGPL,20260930,586.6,594.9,577.0,579.75,37036
IIFL,20260930,606.0,608.65,598.0,600.75,1194083
IIFLCAPS,20260930,343.7,349.8,343.7,346.0,1333723
IITL,20260930,127.69,139.25,127.52,133.26,113106
IKIO,20260930,198.75,204.38,195.22,196.85,144490
IKS,20260930,1782.9,1800.5,1740.3,1747.5,152839
IL&FSENGG,20260930,35.0,38.59,35.0,38.57,14299
IL&FSTRANS,20260930,1.95,1.96,1.86,1.92,23269
IMAGICAA,20260930,51.3,52.19,50.6,51.08,281012
IMFA,20260930,1206.5,1228.0,1185.2,1190.9,61334
IMPAL,20260930,1049.4,1067.9,1029.4,1037.5,1754
IMPEXFERRO,20260930,6.5,6.5,6.5,6.5,59395
INA,20260930,89.26,91.8,86.81,87.5,609109
INCREDIBLE,20260930,31.52,33.98,31.52,32.61,6216
INDBANK,20260930,25.6,25.99,25.06,25.36,17590
INDGN,20260930,606.0,614.5,585.0,590.75,390007
INDHOTEL,20260930,714.35,736.9,713.0,728.65,3733640
INDIACEM,20260930,301.1,309.9,300.15,301.85,337561
INDIAGLYCO,20260930,307.0,314.3,304.1,307.4,321153
INDIAMART,20260930,1615.0,1644.0,1613.1,1629.0,101414
INDIANB,20260930,800.0,814.65,799.2,805.9,1068705
INDIANCARD,20260930,180.9,190.0,180.0,186.13,4029
INDIANHUME,20260930,352.15,362.8,350.3,352.8,25759
INDIASHLTR,20260930,639.75,645.8,630.75,635.6,44998
INDIGO,20260930,4915.5,5021.5,4893.5,4984.0,624800
INDIGOPNTS,20260930,1078.9,1104.2,1072.0,1091.0,37864
INDIQUBE,20260930,197.54,199.48,192.66,196.38,19857
INDNIPPON,20260930,1246.0,1267.6,1216.1,1244.4,48325
INDOAMIN,20260930,145.61,148.0,138.35,142.07,208080
INDOBORAX,20260930,489.0,495.0,470.0,481.45,168168
INDOCO,20260930,270.52,274.87,255.35,261.67,1088133
INDOFARM,20260930,134.0,137.0,133.26,134.45,63176
INDOKEM,20260930,625.0,625.0,595.2,600.45,4030
INDOMIM,20260930,1263.9,1263.9,1223.0,1242.45,707284
INDORAMA,20260930,105.85,107.5,99.0,100.36,1164796
INDOSTAR,20260930,210.0,215.7,209.05,213.54,106921
INDOTECH,20260930,3267.0,3275.0,3161.2,3188.2,8311
INDOTHAI,20260930,32.4,33.52,32.39,33.52,452135
INDOUS,20260930,79.5,81.98,75.51,78.22,35025
INDOWIND,20260930,8.7,9.0,8.6,8.69,115529
INDPRUD,20260930,6350.0,6450.0,6290.0,6336.5,76
INDRAMEDCO,20260930,355.0,358.95,340.2,348.95,390892
INDSWFTLAB,20260930,417.25,424.75,382.0,388.75,805121
INDTERRAIN,20260930,29.35,29.96,29.26,29.42,13832
INDUSINDBK,20260930,885.0,902.1,885.0,901.4,2428835
INDUSTOWER,20260930,370.35,376.05,368.6,373.2,6712752
INFOBEAN,20260930,143.25,145.38,143.01,143.5,118611
INFOMEDIA,20260930,5.29,5.54,5.05,5.38,21723
INFRA,20260930,11.55,11.57,11.48,11.5,14992
INFRABEES,20260930,911.5,913.09,900.0,903.01,8740
INFRAIETF,20260930,90.61,92.74,89.35,90.81,106039
INFY,20260930,1004.0,1024.0,992.2,994.1,13508984
INGERRAND,20260930,4195.0,4237.3,4077.0,4144.0,28231
INNOVACAP,20260930,1269.8,1270.0,1146.5,1159.8,621573
INNOVANA,20260930,296.1,296.1,286.05,292.55,25036
INNOVISION,20260930,253.25,255.65,251.2,252.0,6614
INOXGREEN,20260930,164.79,166.82,160.0,161.07,413754
INOXINDIA,20260930,2087.2,2099.0,2040.1,2052.5,179897
INOXWIND,20260930,72.0,72.93,69.51,69.51,9235114
INSECTICID,20260930,585.1,599.2,581.05,584.3,7085
INSPIRISYS,20260930,84.22,90.0,84.22,87.16,5963
INSUREIETF,20260930,14.61,14.72,14.42,14.55,6536073
INTELLECT,20260930,614.0,634.2,609.0,613.65,457036
INTENTECH,20260930,81.6,86.5,81.6,84.46,18698
INTERARCH,20260930,1705.9,1713.5,1670.0,1673.4,34454
INTERNET,20260930,13.68,13.99,13.46,13.51,187020
INTLCONV,20260930,78.6,81.09,78.4,80.01,28672
INVENTURE,20260930,0.86,0.88,0.86,0.86,476101
INVPRECQ,20260930,1550.0,1560.0,1480.1,1536.7,3316
IOB,20260930,31.0,31.54,30.8,30.96,2518317
IOC,20260930,133.3,135.99,133.14,134.93,9545086
IOLCP,20260930,202.6,211.6,202.51,207.08,3390524
IONEXCHANG,20260930,411.9,414.5,403.6,411.15,230496
IPCALAB,20260930,1950.3,1984.9,1916.4,1927.0,312460
IPL,20260930,133.0,135.0,131.1,132.72,140290
IPRINGLTD,20260930,144.0,147.99,142.0,145.03,3198
IRB,20260930,16.98,17.57,16.92,17.49,15971102
IRCON,20260930,102.8,122.96,102.8,117.09,76654100
IRCTC,20260930,452.55,467.35,452.55,455.4,829734
IREDA,20260930,111.7,113.84,111.37,111.68,3872732
IRFC,20260930,78.6,81.5,78.41,79.28,38110222
IRIS,20260930,234.92,234.99,222.0,223.38,9220
IRISDOREME,20260930,62.8,63.48,61.0,61.55,155703
IRMENERGY,20260930,263.25,272.1,263.25,264.45,32502
ISFT,20260930,101.61,101.84,95.11,95.86,9354
ISGEC,20260930,880.25,893.5,871.2,883.1,77493
ISHANCH,20260930,47.35,49.69,46.26,47.82,48457
ISTLTD,20260930,655.0,665.0,620.0,642.9,458
IT,20260930,30.72,31.63,30.64,30.83,284257
ITADD,20260930,29.51,30.15,29.42,29.55,9323
ITAXIS,20260930,311.45,313.81,305.01,305.64,6846
ITBEES,20260930,31.57,31.57,30.75,30.86,11992964
ITBETA,20260930,297.19,299.0,291.37,292.6,179
ITC,20260930,265.0,266.9,261.4,262.75,14079098
ITCHOTELS,20260930,161.7,164.9,160.25,164.13,1550628
ITDC,20260930,660.0,728.0,656.1,687.65,4549325
ITETF,20260930,29.7,30.18,29.35,29.47,570634
ITI,20260930,242.6,261.9,242.25,246.4,1068588
ITIETF,20260930,30.82,31.6,30.79,30.9,1391110
ITL,20260930,356.5,356.5,347.05,351.2,665
IVALUE,20260930,225.9,228.1,220.25,222.76,66924
IVC,20260930,7.71,8.18,7.71,7.8,469057
IVP,20260930,228.55,228.9,222.1,225.91,9312
IVZBANKNF,20260930,54.66,54.66,53.23,53.49,181
IVZINGOLD,20260930,127.95,133.0,127.55,128.9,64490
IVZINNIFTY,20260930,255.15,263.21,255.15,259.83,5228
IVZSENSEX,20260930,73.03,73.5,72.51,72.77,4734
IWP,20260930,38.34,38.65,36.41,37.52,82945
IXIGO,20260930,160.24,164.21,159.51,162.89,842850
IZMO,20260930,895.0,909.8,870.1,874.8,82671
J&KBANK,20260930,139.0,142.26,138.0,138.65,1592541
JAGRAN,20260930,62.05,62.99,62.0,62.3,103134
JAGSNPHARM,20260930,237.99,246.0,232.0,237.74,282625
JAIBALAJI,20260930,64.18,65.0,62.0,62.24,275374
JAICORPLTD,20260930,91.8,93.63,91.3,91.69,201178
JAINREC,20260930,286.9,293.85,283.05,292.35,924581
JAIPURKURT,20260930,27.0,27.0,25.02,26.69,48210
JAMNAAUTO,20260930,136.35,141.75,135.7,136.35,2575110
JARO,20260930,421.55,427.65,419.0,420.1,91420
JASH,20260930,600.0,619.4,585.15,591.65,838814
JAYAGROGN,20260930,224.77,226.14,222.7,223.18,7967
JAYBARMARU,20260930,125.95,129.4,123.67,128.39,660716
JAYKAY,20260930,206.05,214.9,204.1,204.93,641565
JAYNECOIND,20260930,93.7,96.38,92.0,92.79,5628555
JAYSREETEA,20260930,86.25,89.55,85.01,85.74,32813
JBMA,20260930,568.95,572.7,552.0,556.5,234314
JENBURPH,20260930,930.0,944.0,911.2,914.6,2329
JETFREIGHT,20260930,20.32,21.25,20.32,20.74,93418
JGCHEM,20260930,671.55,688.0,617.5,645.1,1421545
JHS,20260930,11.4,12.45,11.0,12.45,2836786
JINDALPHOT,20260930,1040.4,1067.0,1031.0,1040.5,939
JINDALPOLY,20260930,681.5,688.55,670.0,672.55,5648
JINDALSAW,20260930,277.3,282.05,274.35,277.7,1224272
JINDALSTEL,20260930,1130.0,1144.3,1124.6,1134.9,1535849
JINDRILL,20260930,599.9,612.4,595.35,600.6,191699
JINDWORLD,20260930,47.6,47.97,46.26,46.54,2793369
JIOFIN,20260930,218.0,220.39,215.64,216.88,14305215
JISLDVREQS,20260930,19.5,19.98,19.01,19.14,9109
JISLJALEQS,20260930,28.93,29.3,27.75,27.93,1648888
JITFINFRA,20260930,288.4,288.4,275.6,278.8,21653
JKCEMENT,20260930,4848.0,5117.0,4848.0,5076.0,106778
JKIL,20260930,452.5,471.0,452.0,463.3,98451
JKIPL,20260930,96.05,100.5,96.0,97.7,3154
JKLAKSHMI,20260930,490.05,498.75,488.1,492.3,104189
JKPAPER,20260930,394.6,399.45,391.0,393.7,294026
JKTYRE,20260930,337.0,349.0,337.0,347.0,1039519
JLHL,20260930,262.05,263.05,251.5,253.6,384611
JMA,20260930,89.1,91.34,87.06,89.6,7776
JMFINANCIL,20260930,125.25,129.65,125.25,129.02,2299895
JNKINDIA,20260930,459.95,462.9,434.8,438.2,239632
JNPR,20260930,270.5,282.75,269.85,273.3,1056639
JOCIL,20260930,162.0,162.0,146.0,146.86,5784
JPOLYINVST,20260930,950.0,959.5,930.05,933.4,1705
JPPOWER,20260930,15.25,15.58,15.0,15.13,29140693
JSFB,20260930,506.0,509.0,486.0,489.3,428503
JSIPL,20260930,159.99,160.79,157.73,160.79,902237
JSL,20260930,735.7,749.85,733.0,747.4,860756
JSLL,20260930,509.45,512.9,494.6,500.8,559788
JSWCEMENT,20260930,113.6,114.03,112.3,113.38,1945111
JSWDULUX,20260930,3069.0,3091.3,3035.7,3079.0,14235
JSWENERGY,20260930,498.0,500.45,489.5,494.7,1797485
JSWHL,20260930,11000.0,11409.0,11000.0,11346.0,51678
JSWINFRA,20260930,352.0,358.5,348.7,356.6,2191121
JSWSTEEL,20260930,1272.4,1275.9,1253.4,1253.4,1329600
JTEKTINDIA,20260930,115.84,117.3,115.84,116.58,54853
JTLIND,20260930,88.99,91.11,87.8,88.28,1732287
JUBLCPL,20260930,2122.6,2141.5,2050.0,2061.2,4910
JUBLFOOD,20260930,463.4,466.25,451.1,456.7,797358
JUBLINGREA,20260930,639.5,677.4,639.5,653.2,605507
JUBLPHARMA,20260930,1052.1,1063.1,1021.6,1028.8,460073
JUNIORBEES,20260930,765.3,765.3,746.43,756.31,325345
JUNIPER,20260930,214.0,218.0,212.15,213.42,90330
JUSTDIAL,20260930,659.8,672.0,651.65,666.15,130940
JWL,20260930,221.5,244.8,220.59,233.12,24061117
JYOTHYLAB,20260930,184.6,187.48,183.29,186.7,398247
JYOTICNC,20260930,1062.0,1068.35,1028.0,1039.85,430258
JYOTIRES,20260930,850.0,850.0,832.0,835.45,6331
JYOTISTRUC,20260930,8.98,9.25,8.83,8.9,4112757
KABRAEXTRU,20260930,835.0,838.9,788.35,805.55,221415
KAJARIACER,20260930,1227.8,1265.9,1212.8,1235.1,2882388
KAKATCEM,20260930,107.88,107.9,104.4,105.18,1761
KALAMANDIR,20260930,76.0,77.63,75.9,76.27,385217
KALPATARU,20260930,278.8,285.0,276.0,278.7,55095
KALYANIFRG,20260930,1005.0,1014.5,970.3,991.05,1604
KALYANKJIL,20260930,572.0,572.05,552.5,553.15,5559899
KAMAHOLD,20260930,2256.0,2304.9,2251.9,2286.8,3772
KAMANWALA,20260930,16.5,17.1,16.4,16.9,2326
KAMATHOTEL,20260930,237.0,240.29,235.0,237.2,26647
KAMDHENU,20260930,38.15,40.25,37.81,38.08,554860
KAMOPAINTS,20260930,4.11,4.24,4.05,4.14,250787
KANANIIND,20260930,1.37,1.38,1.34,1.36,74296
KANCHI,20260930,383.05,394.85,380.0,388.05,929
KANCOTEA,20260930,54.89,54.89,50.53,53.9,52
KANOHAR,20260930,869.0,884.0,841.1,856.75,2079818
KANORICHEM,20260930,201.0,202.44,190.2,198.77,40917
KANPRPLA,20260930,249.0,253.4,246.45,249.0,5949
KANSAINER,20260930,182.9,183.54,177.1,177.99,178729
KAPSTON,20260930,569.0,569.0,545.25,550.35,494511
KARAMTARA,20260930,364.0,395.35,361.35,395.35,5878325
KARMAENG,20260930,39.0,39.0,37.1,37.43,1021
KARURVYSYA,20260930,318.1,327.0,311.4,324.8,3398416
KAUSHALYA,20260930,840.65,843.9,821.0,837.0,66
KAVDEFENCE,20260930,77.94,80.5,76.0,79.48,100996
KAYA,20260930,303.05,315.0,301.0,307.2,3614
KAYNES,20260930,3520.4,3611.0,3501.0,3501.0,720015
KCP,20260930,155.6,158.59,153.91,154.15,80241
KCPSUGIND,20260930,29.43,29.43,27.77,28.04,118676
KDDL,20260930,3980.0,4010.8,3857.2,3886.9,16959
KDGREEN,20260930,49.0,49.0,46.82,47.72,19545
KEC,20260930,380.0,384.35,375.1,377.25,715246
KECL,20260930,122.44,124.9,119.15,120.64,118696
KEEPLEARN,20260930,1.84,1.89,1.82,1.85,39242
KEI,20260930,4504.5,4536.5,4450.0,4455.0,182773
KELLTONTEC,20260930,13.0,13.24,12.82,12.85,1210486
KENNAMET,20260930,4079.0,4170.0,3958.1,4131.0,116894
KERNEX,20260930,1750.0,1762.5,1671.0,1686.0,228842
KESORAMIND,20260930,11.08,11.1,10.56,10.92,547872
KEYFINSERV,20260930,247.8,247.8,234.7,242.95,1823
KFINTECH,20260930,840.0,853.8,837.4,840.0,489013
KHADIM,20260930,116.1,116.1,114.15,114.17,10847
KHAICHEM,20260930,50.4,50.4,48.7,48.76,107547
KHAITANLTD,20260930,154.79,154.79,146.25,146.25,1789
KHANDSE,20260930,17.49,17.49,16.9,17.2,1628
KICL,20260930,4837.0,4893.5,4761.5,4799.0,1070
KILITCH,20260930,217.9,221.5,208.33,213.32,33773
KIMS,20260930,769.95,777.95,722.6,746.4,2363878
KINGFA,20260930,6550.0,6601.0,6380.5,6482.5,19393
KIOCL,20260930,337.25,344.0,330.0,332.3,54237
KIRANVYPAR,20260930,187.15,187.15,187.15,187.15,10
KIRIINDUS,20260930,544.1,553.3,540.0,541.3,396704
KIRLFER,20260930,474.4,481.7,468.3,470.0,42951
KIRLOSBROS,20260930,1828.0,1847.5,1745.0,1774.9,321866
KIRLOSENG,20260930,2358.0,2360.0,2241.3,2304.2,1822978
KIRLOSIND,20260930,3600.0,3659.7,3545.2,3570.7,4008
KIRLPNU,20260930,682.6,702.0,674.65,676.7,75891
KISSHT,20260930,356.0,372.0,352.2,369.55,2404648
KITEX,20260930,115.51,121.18,115.2,119.55,552200
KJMCFIN,20260930,60.0,60.0,58.0,60.0,380
KKCL,20260930,467.1,472.25,458.0,460.35,7446
KLBRENG-B,20260930,527.9,534.55,521.55,523.95,206790
KMCSHIL,20260930,163.98,175.4,156.26,171.14,2691889
KMEW,20260930,3106.3,3170.0,2986.0,3041.5,217728
KMSUGAR,20260930,31.99,34.03,31.99,33.68,822756
KNACK,20260930,175.75,182.0,175.75,180.0,582310
KNAGRI,20260930,204.9,204.9,192.0,198.13,3274
KNRCON,20260930,118.38,120.6,118.08,118.58,458300
KOHINOOR,20260930,30.35,32.3,30.35,30.58,105851
KOKUYOCMLN,20260930,75.0,76.6,74.0,75.87,53215
KOLTEPATIL,20260930,430.2,431.9,423.75,424.85,34307
KOPRAN,20260930,293.8,295.83,277.01,278.32,487875
KOTAKBANK,20260930,406.1,419.15,405.95,417.0,32537029
KOTARISUG,20260930,25.96,26.88,25.8,26.08,23944
KOTHARIPET,20260930,130.51,132.39,129.0,129.43,43927
KOTHARIPRO,20260930,66.5,66.5,65.0,65.35,4794
KOTIC,20260930,150.29,154.0,135.36,152.7,126637
KOTYARK,20260930,29.08,30.9,29.07,29.83,288722
KOVAI,20260930,6013.5,6075.5,5981.0,6007.0,3797
KPEL,20260930,225.5,229.2,219.13,220.41,231806
KPIGREEN,20260930,386.4,386.9,355.5,358.95,4386433
KPIL,20260930,1366.9,1385.2,1366.9,1380.6,71593
KPITTECH,20260930,510.95,518.0,499.1,499.1,1625467
KPL,20260930,3699.0,3699.0,3611.1,3641.4,14030
KPRMILL,20260930,1081.5,1113.3,1076.4,1103.3,165794
KRBL,20260930,386.3,393.7,379.5,381.6,243341
KREBSBIO,20260930,55.4,63.69,55.33,60.2,50966
KRIDHANINF,20260930,1.89,1.97,1.85,1.88,56032
KRISHANA,20260930,186.0,193.0,185.19,188.23,1098163
KRISHIVAL,20260930,414.0,415.25,400.25,401.85,15013
KRISHNADEF,20260930,1009.0,1047.0,1008.0,1032.8,60180
KRITI,20260930,63.8,63.8,60.46,61.0,10030
KRITIKA,20260930,5.1,5.1,4.81,4.91,120247
KRITINUT,20260930,72.65,73.89,68.9,69.81,60590
KRN,20260930,1456.0,1481.0,1424.0,1436.5,184949
KRONOX,20260930,217.2,221.0,208.0,216.38,123311
KROSS,20260930,262.0,268.0,258.12,263.05,623813
KRSNAA,20260930,549.65,564.45,543.0,559.95,68107
KRYSTAL,20260930,624.0,635.0,616.25,626.2,8802
KSB,20260930,860.0,900.0,841.0,856.1,5216083
KSCL,20260930,746.5,752.8,720.0,725.65,229047
KSE,20260930,178.99,180.38,177.0,177.81,4570
KSHINTL,20260930,1036.7,1040.2,1000.0,1001.1,165317
KSHITIJPOL,20260930,4.14,4.14,4.14,4.14,164889
KSL,20260930,964.35,989.6,957.25,965.4,76255
KSOLVES,20260930,247.4,251.5,245.0,248.8,19655
KSR,20260930,37.69,39.43,37.69,39.32,39624
KTKBANK,20260930,324.4,332.15,322.55,329.0,1004306
KUANTUM,20260930,77.06,78.08,76.0,76.35,68177
KUSUMGAR,20260930,608.6,616.95,597.0,600.95,82582
KWIL,20260930,41.22,41.22,39.0,39.22,9990414
LADDERUP,20260930,50.75,51.98,49.0,51.98,1817
LAGNAM,20260930,72.15,74.9,72.02,72.24,1580
LAHOTIOV,20260930,40.0,42.0,40.0,41.25,7759
LAKPRE,20260930,5.34,5.34,4.98,5.25,107
LAKSHMIMIL,20260930,7650.0,7874.0,7620.0,7632.5,38
LAL,20260930,8.55,8.9,8.4,8.42,7950
LALITHAA,20260930,384.0,393.75,375.5,381.9,6734536
LALPATHLAB,20260930,1946.0,1994.0,1865.0,1987.0,525994
LAMBODHARA,20260930,135.4,136.45,128.1,129.28,9370
LANCER,20260930,11.64,11.79,11.31,11.45,136799
LANCORHOL,20260930,33.45,33.5,32.06,32.83,61310
LANDMARK,20260930,479.9,495.5,471.0,475.7,949666
LANDSMILL,20260930,0.96,0.96,0.96,0.96,5502985
LAOPALA,20260930,156.8,158.69,155.31,156.18,57031
LARGEMID50,20260930,34.54,34.6,34.4,34.42,1552
LASERPOWER,20260930,269.75,277.0,262.25,263.85,490611
LATENTVIEW,20260930,235.5,243.8,234.75,236.0,300979
LATTEYS,20260930,20.89,21.49,20.6,20.91,64502
LAURUSLABS,20260930,1993.0,2001.6,1955.1,1980.0,1397926
LAXMICOT,20260930,12.84,13.5,12.84,13.01,18035
LAXMIDENTL,20260930,194.38,196.97,190.35,191.42,66468
LAXMIINDIA,20260930,118.84,121.5,118.71,121.1,68302
LCCINFOTEC,20260930,3.9,4.05,3.76,4.02,79585
LCCPROJECT,20260930,151.0,156.5,150.71,154.36,1848088
LCL,20260930,580.0,587.65,553.45,557.15,296716
LEAPIND,20260930,137.44,142.4,136.51,137.78,814776
LEENEE,20260930,7.84,7.84,7.28,7.58,5848
LEMERITE,20260930,19.9,20.38,19.0,19.93,598289
LEMONTREE,20260930,104.2,105.4,103.7,104.25,2167934
LENSKART,20260930,684.35,698.1,672.4,685.05,6800271
LEXUS,20260930,11.82,12.38,11.51,11.76,15553
LFIC,20260930,130.55,132.02,129.0,131.22,1406
LGBBROSLTD,20260930,1736.6,1761.0,1729.1,1730.1,9738
LGEINDIA,20260930,1740.0,1740.0,1704.0,1723.5,421274
LGHL,20260930,184.99,208.95,180.0,200.04,71282
LIBAS,20260930,11.63,12.05,11.42,11.87,30725
LIBERTSHOE,20260930,229.0,229.0,220.46,221.01,30337
LICHSGFIN,20260930,555.1,565.0,530.2,530.2,5474497
LICI,20260930,395.0,398.95,391.9,395.2,6311852
LICMFGOLD,20260930,131.9,133.35,131.9,132.35,45397
LICNETFGSC,20260930,29.2,29.2,29.0,29.04,234379
LICNETFN50,20260930,254.76,257.22,254.47,255.11,350
LICNETFSEN,20260930,825.5,826.55,824.25,824.25,7
LICNFNHGP,20260930,259.89,265.0,255.1,264.99,2734
LICNMID100,20260930,60.97,60.97,59.38,59.63,7451
LIKHITHA,20260930,221.13,243.82,220.24,234.29,271910
LINC,20260930,88.84,90.78,88.12,88.63,16141
LINCOLN,20260930,590.0,593.4,584.0,585.65,19291
LINDEINDIA,20260930,6241.0,6366.0,6180.5,6323.0,28491
LIQGRWBEES,20260930,1057.52,1057.52,1057.5,1057.5,85673
LIQUID,20260930,999.99,1000.0,999.99,999.99,256215
LIQUID1,20260930,1124.68,1124.83,1124.68,1124.82,2127440
LIQUIDADD,20260930,1146.97,1146.99,1146.97,1146.97,523853
LIQUIDBEES,20260930,1000.01,1000.01,999.99,1000.0,5812069
LIQUIDBETA,20260930,1010.02,1010.04,1010.02,1010.02,14
LIQUIDBETF,20260930,1100.88,1100.9,1100.88,1100.89,175302
LIQUIDCASE,20260930,116.16,116.16,116.14,116.15,26123360
LIQUIDETF,20260930,1000.0,1000.01,999.99,999.99,144112
LIQUIDIETF,20260930,999.99,1000.01,999.99,999.99,481471
LIQUIDPLUS,20260930,1105.37,1105.39,1105.37,1105.38,382273
LIQUIDSBI,20260930,1000.0,1000.01,999.99,1000.01,4432
LIQUIDSHRI,20260930,1123.56,1123.56,1123.54,1123.55,16544
LKPSEC,20260930,14.7,14.7,13.65,14.14,7198
LLOYDSENGG,20260930,102.72,104.2,97.51,98.64,20659896
LLOYDSENT,20260930,79.7,82.1,78.68,79.23,4337499
LLOYDSME,20260930,1902.5,1918.8,1870.0,1884.0,333292
LMW,20260930,16961.0,17054.0,16800.0,16862.0,1450
LODHA,20260930,1103.0,1135.0,1091.8,1135.0,1779057
LOKESHMACH,20260930,345.0,369.5,341.75,365.9,76813
LORDSCHLO,20260930,143.0,144.7,137.15,138.54,11305
LOTUSCHO,20260930,554.55,564.95,546.1,550.35,1679
LOTUSDEV,20260930,218.0,224.85,215.0,224.53,1330015
LOTUSEYE,20260930,114.9,115.9,113.51,115.89,4479
LOVABLE,20260930,71.0,72.45,69.8,71.05,3749
LOWVOL,20260930,194.22,194.66,192.72,193.0,4298
LOWVOL1,20260930,19.97,19.98,19.66,19.67,2308658
LOWVOLIETF,20260930,20.85,20.96,20.6,20.66,4427471
LOYALTEX,20260930,206.3,213.95,206.3,209.67,787
LPDC,20260930,6.2,6.44,6.11,6.18,50182
LT,20260930,3756.2,3786.5,3730.0,3760.0,2396040
LTF,20260930,272.0,273.25,264.9,265.0,6415013
LTFOODS,20260930,405.65,409.4,399.0,400.4,356756
LTGILTBEES,20260930,29.56,29.65,29.56,29.58,1530615
LTGILTCASE,20260930,30.75,30.75,30.15,30.16,531368
LTM,20260930,3979.9,4138.0,3979.9,4045.0,463734
LTTS,20260930,3100.0,3254.9,3100.0,3228.6,146167
LUMAXIND,20260930,5650.0,5750.0,5523.0,5568.5,12677
LUMAXTECH,20260930,2034.8,2099.0,2007.4,2076.7,137712
LUMINO,20260930,104.4,106.19,101.7,102.46,3888707
LUPIN,20260930,2065.0,2071.7,2027.0,2030.2,1085192
LUXIND,20260930,1103.6,1134.5,1101.0,1107.0,11916
LXCHEM,20260930,176.0,182.2,176.0,177.36,710755
LYKALABS,20260930,83.21,84.1,83.21,83.21,27299
M&M,20260930,2925.0,2986.0,2925.0,2950.0,2332540
M&MFIN,20260930,328.75,333.25,322.65,324.85,920944
MAANALU,20260930,102.63,102.63,99.81,100.17,29710
MACPOWER,20260930,2165.5,2183.6,2080.0,2096.0,40395
MADHAV,20260930,34.81,35.89,34.1,34.16,4441
MADHAVIPL,20260930,7.38,7.58,7.21,7.31,97889
MADHUCON,20260930,4.1,4.25,3.91,4.19,39757
MADRASFERT,20260930,58.5,59.69,58.5,58.77,34224
MAFANG,20260930,238.14,242.36,235.6,240.79,504625
MAFATIND,20260930,117.98,118.99,115.75,117.54,19676
MAGADSUGAR,20260930,540.65,548.4,527.3,531.25,16452
MAGNUM,20260930,18.51,19.15,18.4,18.48,13633
MAHABANK,20260930,80.0,81.5,79.37,79.37,19568168
MAHAPEXLTD,20260930,50.37,52.0,50.37,51.0,6541
MAHASTEEL,20260930,1195.6,1209.0,1167.0,1189.0,987
MAHEPC,20260930,97.01,98.48,96.3,96.74,10903
MAHESHWARI,20260930,74.0,74.0,73.05,73.43,13129
MAHKTECH,20260930,21.35,22.08,21.35,21.89,324852
MAHLIFE,20260930,357.2,362.7,353.05,360.3,92476
MAHLOG,20260930,427.0,439.75,423.25,435.85,367227
MAHSCOOTER,20260930,12300.0,12645.0,12300.0,12576.0,5414
MAHSEAMLES,20260930,725.0,768.0,721.95,737.65,1572414
MAITHANALL,20260930,930.0,955.05,918.1,925.25,52211
MAJESAUT,20260930,364.0,369.95,355.0,367.8,2477
MAKEINDIA,20260930,158.1,159.06,157.29,157.7,26088
MAKERSL,20260930,181.4,189.49,178.0,181.75,1070
MALLCOM,20260930,939.6,965.5,936.2,938.95,1522
MALUPAPER,20260930,32.3,32.59,31.45,31.47,12910
MAMATA,20260930,406.0,412.15,396.0,398.8,29583
MANAKALUCO,20260930,34.5,35.22,34.1,34.32,20753
MANAKCOAT,20260930,126.28,129.19,126.0,126.98,218743
MANAKSIA,20260930,61.0,62.7,59.11,59.99,43003
MANAKSTEEL,20260930,110.3,116.0,108.05,110.33,18922
MANALIPETC,20260930,80.65,82.75,80.18,80.98,828103
MANAPPURAM,20260930,316.45,322.65,312.95,315.85,3430831
MANBA,20260930,137.6,138.95,136.0,136.84,93564
MANCREDIT,20260930,215.19,224.9,215.19,220.73,132906
MANGALAM,20260930,31.39,31.93,29.51,30.74,42421
MANGLMCEM,20260930,982.6,1021.8,982.6,993.2,85822
MANIKA,20260930,42.0,43.52,40.99,42.34,934281
MANINDS,20260930,962.0,992.95,898.25,907.35,1072563
MANINFRA,20260930,128.0,129.4,125.28,126.86,1599762
MANIPALHOS,20260930,749.8,752.3,703.15,708.3,2679610
MANKIND,20260930,2545.0,2552.0,2455.0,2503.8,1311278
MANOMAY,20260930,238.5,244.9,234.17,240.66,491051
MANORAMA,20260930,1865.0,1879.4,1844.8,1852.8,123908
MANORG,20260930,447.05,456.4,445.35,452.25,6490
MANUFGBEES,20260930,156.17,158.69,155.75,155.82,19120
MANUGRAPH,20260930,17.0,17.88,17.0,17.32,133871
MANYAVAR,20260930,534.25,541.0,527.9,535.1,127982
MAPMYINDIA,20260930,854.0,873.4,849.1,858.1,121081
MARALOVER,20260930,61.5,61.74,57.0,60.31,23420
MARATHON,20260930,385.15,394.4,384.15,389.15,29572
MARICO,20260930,789.85,799.25,786.0,786.0,2455494
MARINE,20260930,440.4,446.05,416.65,429.55,1225757
MARKOLINES,20260930,169.59,170.2,166.4,167.72,473817
MARKSANS,20260930,344.0,345.9,321.0,322.3,3253271
MARSONS,20260930,117.85,119.25,114.11,115.44,1066194
MARUTI,20260930,11901.0,12065.0,11879.0,11967.0,430286
MASFIN,20260930,278.45,284.95,274.65,282.7,197774
MASKINVEST,20260930,154.0,154.0,142.0,150.95,468
MASPTOP50,20260930,101.98,101.98,98.01,99.66,519681
MASTEK,20260930,1515.0,1583.8,1514.6,1562.8,139740
MASTERTR,20260930,83.72,84.14,81.55,82.14,223611
MATRIMONY,20260930,519.5,529.8,519.05,523.8,4149
MAWANASUG,20260930,143.55,150.79,143.55,145.01,253411
MAXESTATES,20260930,569.25,594.5,565.5,587.1,107816
MAXHEALTH,20260930,963.0,976.3,907.7,929.8,13817675
MAXIND,20260930,162.45,164.2,158.22,160.83,111095
MAYURUNIQ,20260930,730.0,752.45,725.05,734.35,148388
MAZDA,20260930,290.0,303.3,290.0,303.3,42578
MAZDOCK,20260930,2083.4,2140.0,2081.1,2113.0,510455
MBAPL,20260930,167.0,173.5,167.0,170.63,1417308
MBECL,20260930,484.32,484.32,484.32,484.32,3776
MBEL,20260930,254.15,256.0,248.0,249.0,53598
MBLINFRA,20260930,22.5,22.85,21.96,22.85,53197
MCCHRLS-B,20260930,704.0,704.0,660.0,689.85,68
MCL,20260930,58.0,59.63,56.58,56.74,56806
MCLEODRUSS,20260930,45.55,45.73,44.5,44.74,624727
MCLOUD,20260930,25.43,25.79,24.9,25.06,2323995
MCX,20260930,3280.1,3345.0,3255.0,3300.4,2066935
MEDANTA,20260930,1426.7,1429.1,1352.4,1365.0,457701
MEDIASSIST,20260930,307.0,314.85,301.1,302.25,211883
MEDICAMEQ,20260930,320.9,329.85,310.1,321.75,20688
MEDICAPQ,20260930,25.95,27.0,25.25,25.6,903
MEDICO,20260930,22.4,23.64,21.17,21.53,1169517
MEDPLUS,20260930,659.0,661.75,654.5,654.9,70747
MEESHO,20260930,223.0,230.68,219.19,227.75,15536460
MEGASTAR,20260930,252.2,260.55,248.0,249.05,3858
MEIL,20260930,268.65,269.0,263.35,264.85,18704
MENNPIS,20260930,73.39,73.39,70.17,72.28,17849
MENONBE,20260930,296.55,303.0,292.0,296.2,70127
MEP,20260930,0.69,0.69,0.67,0.67,135026
MERCANTILE,20260930,22.03,23.46,22.0,22.99,3619
MERCURYEV,20260930,38.18,39.25,38.13,38.17,65295
METAL,20260930,13.28,13.28,12.88,12.91,2030313
METALIETF,20260930,13.02,13.03,12.87,12.89,3593568
METROBRAND,20260930,872.05,875.0,832.0,841.75,53574
METROGLOBL,20260930,131.99,134.8,131.0,133.9,513
METROPOLIS,20260930,560.0,561.25,536.65,541.7,572003
MFML,20260930,18.46,19.84,18.37,18.63,14210
MFSL,20260930,1386.5,1395.1,1344.3,1373.4,931017
MGEL,20260930,16.14,16.19,15.61,15.89,235063
MGL,20260930,1048.0,1067.1,1039.0,1058.0,217105
MHLXMIRU,20260930,176.39,182.24,176.3,179.21,4203
MHRIL,20260930,195.9,197.07,192.85,194.25,48568
MICEL,20260930,36.22,36.72,36.22,36.72,194181
MID150,20260930,22.78,22.78,22.22,22.3,91415
MID150BEES,20260930,229.65,229.65,226.5,227.04,492892
MID150CASE,20260930,11.06,11.28,11.0,11.05,1608104
MIDBANKADD,20260930,16.46,16.53,16.42,16.5,24656
MIDCAP,20260930,17.52,17.78,17.39,17.48,1467345
MIDCAPADD,20260930,22.5,22.5,21.9,21.97,10128
MIDCAPBETA,20260930,223.85,224.0,221.02,223.12,2319
MIDCAPETF,20260930,22.44,22.6,22.36,22.4,2032130
MIDCAPIETF,20260930,22.87,22.91,22.65,22.7,766520
MIDHANI,20260930,421.8,442.35,419.75,437.65,1995574
MIDQ50ADD,20260930,23.78,24.14,23.57,23.6,42607
MIDSELIETF,20260930,18.75,18.89,18.51,18.56,346145
MIDSMALL,20260930,50.0,50.34,49.8,49.88,179826
MIDWESTLTD,20260930,884.9,919.0,878.0,895.0,74483
MIIL,20260930,697.0,699.4,672.1,682.05,86940
MILKYMIST,20260930,323.0,323.0,310.0,316.46,676275
MINALIND,20260930,4.41,4.41,4.41,4.41,686
MINDACORP,20260930,672.75,698.15,672.75,692.85,255045
MINDTECK,20260930,153.9,156.39,151.1,153.15,15052
MIRZAINT,20260930,28.3,28.48,27.9,27.94,82196
MITCON,20260930,84.89,85.0,81.1,82.95,7346
MITTAL,20260930,0.73,0.73,0.72,0.72,528176
MKEXIM,20260930,69.95,69.95,64.72,66.84,6295
MKPL,20260930,4.0,4.05,3.92,3.99,69786
MLKFOOD,20260930,84.24,85.99,81.0,83.36,6097
MMFL,20260930,614.9,627.5,592.0,598.6,61917
MMP,20260930,447.0,477.3,447.0,474.85,139843
MMTC,20260930,57.82,58.48,56.7,56.91,1298784
MMWL,20260930,14.82,14.82,14.02,14.82,28234
MNC,20260930,32.18,32.18,31.22,31.41,117979
MOALPHA50,20260930,54.29,54.4,53.5,53.77,26182
MOBANK10,20260930,16.04,16.39,16.0,16.37,2028
MOBIKWIK,20260930,194.95,202.39,194.95,196.32,603060
MOCAPITAL,20260930,52.58,52.58,51.1,51.31,726308
MODEFENCE,20260930,101.29,102.3,101.0,101.86,1179096
MODINATUR,20260930,341.0,348.0,333.0,336.0,2947
MODIRUBBER,20260930,122.5,122.5,117.0,120.21,987
MODIS,20260930,369.5,373.0,366.25,372.35,42478
MODISONLTD,20260930,458.2,468.5,446.2,462.95,59779
MODTHREAD,20260930,48.9,48.9,47.5,48.64,54
MOENERGY,20260930,37.34,37.34,36.62,36.75,75098
MOGOLD,20260930,146.4,146.4,144.95,145.4,18221
MOGSEC,20260930,64.7,65.25,64.7,64.75,221149
MOHEALTH,20260930,52.89,52.89,50.8,51.07,73088
MOHITE,20260930,2.53,2.6,2.25,2.52,151942
MOHITIND,20260930,23.4,24.0,22.25,22.67,14977
MOIL,20260930,244.0,245.88,235.0,237.76,392618
MOINFRA,20260930,56.9,57.09,56.62,56.81,1008
MOIPO,20260930,46.66,46.95,46.22,46.42,3076
MOKSH,20260930,9.55,9.83,9.45,9.51,34960
MOL,20260930,57.23,58.73,56.02,56.31,370257
MOLBIO,20260930,1314.9,1369.2,1274.4,1308.9,3130442
MOLDTECH,20260930,205.0,208.0,201.0,206.16,34867
MOLDTKPAC,20260930,643.0,668.25,643.0,660.6,39184
MOLOWVOL,20260930,34.57,34.57,34.21,34.23,6425
MOM100,20260930,64.75,64.97,64.0,64.29,312563
MOM30IETF,20260930,30.19,30.46,30.03,30.15,537232
MOM50,20260930,239.0,239.0,236.01,236.92,2762
MOMENTUM,20260930,30.01,30.79,29.94,30.01,12414
MOMENTUM30,20260930,29.86,29.86,29.52,29.66,33859
MOMENTUM50,20260930,52.47,53.05,52.23,52.54,591232
MOMETAL,20260930,13.28,13.39,12.73,12.9,132480
MOMGF,20260930,155.8,159.0,154.75,155.08,5453
MOMIDMTM,20260930,61.99,62.55,61.7,61.77,25538
MOMMIDCAP,20260930,12.58,12.59,12.45,12.46,1193102
MOMNC,20260930,30.82,30.82,30.22,30.25,2920
MOMOMENTUM,20260930,60.64,60.64,59.52,59.9,75860
MOMSBELIEF,20260930,255.96,256.89,230.6,234.64,300642
MON100,20260930,319.64,323.6,316.44,321.08,470889
MON50EQUAL,20260930,31.64,32.5,31.35,31.52,16989
MONARCH,20260930,339.15,349.2,336.0,337.85,30720
MONEXT50,20260930,70.33,70.48,69.8,69.98,2698
MONEYBOXX,20260930,53.39,53.39,50.1,52.28,31574
MONIFTY100,20260930,24.2,24.2,23.9,23.98,104720
MONIFTY500,20260930,22.8,22.9,22.62,22.67,1019365
MONQ50,20260930,193.12,202.99,186.07,194.62,960820
MONTECARLO,20260930,517.95,535.0,517.95,527.45,39094
MOOILGAS,20260930,10.72,11.17,10.41,10.67,22490
MOPSE,20260930,96.22,96.8,95.56,96.34,239
MOQUALITY,20260930,188.9,190.65,188.0,189.01,12136
MOREALTY,20260930,84.79,85.84,84.0,84.85,300207
MOREPENLAB,20260930,119.34,128.1,117.8,125.99,26169666
MOSCHIP,20260930,199.04,205.49,199.04,201.25,1416715
MOSERVICE,20260930,29.4,30.3,29.08,29.73,2492
MOSILVER,20260930,217.98,218.8,216.59,217.06,96372
MOSMALL250,20260930,18.0,18.05,17.9,17.93,915284
MOTHERSON,20260930,160.35,164.1,160.35,163.26,15307995
MOTILALOFS,20260930,999.9,1016.5,994.0,994.0,766759
MOTISONS,20260930,17.62,18.28,17.52,18.0,39407577
MOTOGENFIN,20260930,25.5,25.77,25.2,25.5,7018
MOTOUR,20260930,76.39,76.72,75.89,76.35,6380
MOVALUE,20260930,107.09,110.98,107.01,108.15,42580
MPDL,20260930,26.75,29.37,26.59,29.35,3970
MPHASIS,20260930,2164.5,2252.6,2144.8,2154.4,701536
MPIMANIPAL,20260930,425.05,438.8,400.15,409.15,3225179
MPSLTD,20260930,2648.0,2796.0,2622.1,2699.0,44086
MRF,20260930,123000.0,125800.0,123000.0,125280.0,4133
MRPL,20260930,172.5,180.8,162.5,169.29,30852898
MSCI360,20260930,9.88,9.95,9.56,9.56,10900
MSCIADD,20260930,27.92,28.07,27.91,27.92,184
MSCIINDIA,20260930,28.34,29.12,28.15,28.58,9983
MSL,20260930,137.85,137.85,137.4,137.4,34
MSPL,20260930,33.83,34.95,32.83,33.0,2560393
MSTCLTD,20260930,715.0,733.05,712.2,714.75,219386
MSUMI,20260930,34.2,34.83,34.0,34.07,6241303
MTARTECH,20260930,7797.0,7797.0,7797.0,7797.0,190323
MTEDUCARE,20260930,1.64,1.78,1.64,1.72,19570
MTNL,20260930,23.25,23.48,22.82,22.97,376141
MUFIN,20260930,131.97,133.65,130.01,131.51,589751
MUFTI,20260930,68.75,74.0,68.75,72.31,123298
MUKANDLTD,20260930,176.0,184.8,174.25,180.13,1438322
MUKESHB,20260930,126.0,126.0,126.0,126.0,56
MUKKA,20260930,26.33,26.88,25.66,25.98,205991
MUKTAARTS,20260930,56.5,57.5,55.4,57.09,4149
MULTICAP,20260930,16.28,16.28,15.91,15.95,116380
MUNJALAU,20260930,106.3,115.7,106.0,112.86,9221059
MUNJALSHOW,20260930,126.0,127.75,125.0,126.44,28696
MURUDCERA,20260930,28.0,29.0,28.0,28.51,17394
MUTHOOTCAP,20260930,219.32,221.5,216.52,218.9,5699
MUTHOOTFIN,20260930,2747.9,2783.9,2737.1,2737.1,459482
MUTHOOTMF,20260930,177.73,181.78,177.58,178.4,99224
MVELECTRO,20260930,840.3,843.4,811.55,818.15,433635
MVGJL,20260930,214.33,216.47,205.1,207.16,143718
MWL,20260930,43.6,43.95,42.9,43.38,283085
MYSORPETRO,20260930,124.0,124.88,122.0,122.25,6396
NACLIND,20260930,132.1,136.99,132.1,132.86,449680
NAGREEKCAP,20260930,26.05,28.0,25.2,26.03,3598
NAGREEKEXP,20260930,21.72,22.69,21.5,21.7,10252
NAHARCAP,20260930,232.0,248.6,231.0,244.9,3816
NAHARINDUS,20260930,131.16,133.19,129.0,130.13,13521
NAHARPOLY,20260930,232.97,232.97,224.05,225.27,3942
NAHARSPING,20260930,265.95,271.7,259.2,260.05,15466
NAM-INDIA,20260930,1077.0,1088.0,1062.0,1070.0,728404
NARMADA,20260930,12.75,13.19,12.6,12.71,465925
NATCAPSUQ,20260930,164.95,168.85,164.95,165.8,1477
NATCOPHARM,20260930,845.0,849.0,821.1,827.5,615035
NATHBIOGEN,20260930,145.3,145.44,142.35,142.81,2506
NATIONALUM,20260930,345.05,348.95,340.95,340.95,5109676
NATIONSTD,20260930,117.8,117.8,113.5,113.87,6077
NAUKRI,20260930,1235.0,1246.0,1204.5,1219.5,1589054
NAVA,20260930,547.0,565.5,547.0,559.35,374867
NAVINFLUOR,20260930,8334.0,8417.5,8200.5,8245.0,161189
NAVKARCORP,20260930,87.0,88.05,84.11,84.88,591236
NAVKARURB,20260930,0.88,0.9,0.84,0.86,1280895
NAVNETEDUL,20260930,121.2,123.63,121.2,122.52,77676
NAZARA,20260930,386.2,401.9,386.2,392.85,2088636
NBCC,20260930,78.83,79.99,78.5,78.5,6032283
NBIFIN,20260930,1900.3,1916.9,1863.1,1897.5,352
NCC,20260930,128.5,130.42,128.0,128.88,2665171
NCLIND,20260930,177.37,177.37,173.02,174.18,23631
NDGL,20260930,2478.1,2500.0,2466.0,2484.0,281
NDL,20260930,2.65,2.65,2.6,2.61,635500
NDLVENTURE,20260930,124.9,125.87,121.21,123.95,11631
NDRAUTO,20260930,748.9,749.3,710.0,717.7,7470
NDTV,20260930,70.0,70.2,68.16,69.14,38185
NECCLTD,20260930,18.17,18.5,18.08,18.42,79006
NECLIFE,20260930,10.7,10.95,10.3,10.5,126810
NELCAST,20260930,119.0,124.7,118.8,123.4,394628
NELCO,20260930,923.0,944.85,913.5,914.5,112087
NEOGEN,20260930,2445.3,2480.0,2403.0,2451.6,147004
NEPHROPLUS,20260930,665.3,669.8,655.0,659.75,391732
NESCO,20260930,1035.0,1054.2,1035.0,1046.9,24923
NESTLEIND,20260930,1341.5,1345.5,1310.0,1310.0,1278279
NETF,20260930,249.8,249.8,245.61,246.6,2020
NETWEB,20260930,4625.0,4684.5,4530.0,4548.0,586472
NETWORK18,20260930,26.01,26.52,25.75,25.87,2299453
NEUEON,20260930,13.85,15.06,13.64,15.06,77987
NEULANDLAB,20260930,21375.0,21600.0,21200.0,21350.0,51295
NEWGEN,20260930,474.9,481.2,465.55,467.85,443488
NEXT30ADD,20260930,41.0,41.04,40.7,40.74,4370
NEXT50,20260930,722.06,727.84,719.42,721.29,49850
NEXT50ADD,20260930,70.75,70.93,70.02,70.4,7326
NEXT50BETA,20260930,76.17,76.5,75.25,75.35,85476
NEXT50ETF,20260930,69.56,71.96,69.56,70.44,34246
NEXT50IETF,20260930,73.81,74.39,73.61,73.82,761097
NEXTMEDIA,20260930,3.78,3.78,3.64,3.73,7958
NFL,20260930,65.25,65.94,64.72,65.2,682231
NGIL,20260930,41.0,41.98,39.07,39.11,36513
NGLFINE,20260930,2893.9,2944.7,2823.1,2909.5,4054
NH,20260930,1776.0,1813.7,1730.1,1791.4,341005
NHPC,20260930,73.56,73.99,72.8,72.81,7849564
NIACL,20260930,167.91,169.29,165.7,167.02,1160229
NIBE,20260930,1251.0,1262.1,1230.5,1236.4,44693
NIBL,20260930,32.18,32.88,31.0,31.85,5959
NICCOPAR,20260930,83.9,83.9,81.05,81.36,354
NIF100BEES,20260930,254.02,254.79,252.18,252.83,35146
NIF100IETF,20260930,26.53,26.77,26.52,26.58,137323
NIF500BETA,20260930,38.51,38.51,35.49,36.61,5196
NIFTY1,20260930,252.64,255.64,251.21,252.0,133566
NIFTY100EW,20260930,34.09,34.09,33.25,33.32,102131
NIFTYADD,20260930,240.79,240.94,238.87,239.83,7636
NIFTYAXIS,20260930,250.0,255.99,250.0,251.36,22464
NIFTYBEES,20260930,259.47,260.99,258.1,258.5,8559818
NIFTYBETA,20260930,254.91,265.47,251.48,252.81,66983
NIFTYBETF,20260930,237.04,237.04,232.62,234.06,2663
NIFTYCASE,20260930,9.34,9.34,9.08,9.12,1626425
NIFTYETF,20260930,248.23,248.5,245.99,246.56,477495
NIFTYIETF,20260930,264.42,264.42,256.14,257.21,866065
NIFTYJBLK,20260930,11.93,11.93,11.6,11.64,128677
NIFTYQLITY,20260930,20.07,20.45,19.73,19.94,55131
NIITLTD,20260930,86.45,87.84,85.62,86.17,132517
NIITMTS,20260930,206.67,208.8,203.02,204.51,94153
NILAINFRA,20260930,6.77,6.99,6.66,6.71,117718
NILASPACES,20260930,11.27,11.64,11.11,11.19,471707
NILE,20260930,1265.0,1293.3,1203.5,1219.5,10843
NILKAMAL,20260930,1901.0,1935.0,1896.5,1901.7,8647
NIMBSPROJ,20260930,192.08,198.3,184.42,192.19,34060
NINSYS,20260930,737.05,774.0,723.0,766.35,15354
NIPPOBATRY,20260930,331.8,331.8,320.0,327.4,1726
NIRAJ,20260930,27.7,28.95,27.25,27.66,66899
NIRAJISPAT,20260930,301.0,301.0,299.95,301.0,65
NIRLON,20260930,610.0,610.0,601.0,605.0,1909
NITCO,20260930,86.01,89.29,85.74,88.12,905412
NITINSPIN,20260930,610.6,615.95,595.7,598.3,46740
NITIRAJ,20260930,215.0,215.0,201.47,209.26,1020
NITTAGELA,20260930,1710.6,1735.0,1651.5,1678.6,2312
NIVABUPA,20260930,73.05,75.8,72.82,74.81,3744324
NKIND,20260930,63.7,63.7,56.11,58.2,317
NLCINDIA,20260930,258.55,263.5,255.4,261.7,1940444
NMDC,20260930,77.0,77.79,76.54,76.54,15817494
NOCIL,20260930,170.24,175.9,170.1,171.11,1017979
NOIDATOLL,20260930,3.6,3.87,3.6,3.85,96546
NORBTEAEXP,20260930,64.8,68.12,61.72,66.25,4585
NORTHARC,20260930,290.0,297.05,285.55,287.35,672623
NOVAAGRI,20260930,22.5,22.85,22.1,22.43,45494
NOVARTIND,20260930,1924.1,2030.7,1910.0,1919.0,24059
NPBET,20260930,276.0,278.26,274.0,274.88,607
NPST,20260930,1663.5,1800.0,1641.0,1764.8,117252
NRAIL,20260930,670.4,679.45,651.05,669.45,9700
NRBBEARING,20260930,542.0,555.0,527.55,534.05,557714
NRL,20260930,163.1,163.1,159.8,159.8,40280
NSIL,20260930,5374.0,5439.5,5312.0,5324.0,940
NSLNISP,20260930,42.0,42.35,41.15,41.32,4305677
NTCIND,20260930,135.7,138.0,132.5,134.54,769
NTPC,20260930,323.5,323.95,318.9,322.75,6908628
NTPCGREEN,20260930,89.99,93.92,89.91,93.37,3214816
NUCLEUS,20260930,647.7,662.9,647.0,650.25,15978
NURECA,20260930,355.0,376.0,355.0,366.6,22080
NUVAMA,20260930,1655.4,1688.6,1645.5,1652.5,206395
NUVOCO,20260930,333.15,344.05,331.0,337.8,197279
NV20,20260930,13.32,13.35,13.16,13.18,31506
NV20BEES,20260930,132.35,132.87,131.3,131.8,36907
NV20IETF,20260930,12.83,12.94,12.8,12.85,426740
NYKAA,20260930,327.0,330.55,320.0,320.0,3980003
OAL,20260930,542.0,553.0,527.2,533.25,15746
OBCL,20260930,56.0,59.5,54.7,55.34,14378
OBEROIRLTY,20260930,1760.0,1796.3,1751.5,1765.7,573434
OCCLLTD,20260930,184.0,187.44,182.17,187.44,146245
ODIGMA,20260930,21.11,22.04,21.11,21.35,8003
ODYCORP,20260930,7.07,7.08,6.67,6.97,6337
OFSS,20260930,10525.0,10869.0,10500.0,10630.0,272759
OIL,20260930,458.0,462.25,446.25,448.65,3069066
OILCOUNTUB,20260930,76.61,76.61,76.61,76.61,21905
OILIETF,20260930,11.07,11.07,10.76,10.78,623538
OLAELEC,20260930,37.51,38.25,36.71,36.92,57479402
OLECTRA,20260930,1136.0,1167.0,1130.0,1134.2,391576
OMAXAUTO,20260930,200.0,207.5,198.02,200.32,53737
OMAXE,20260930,109.48,113.0,109.13,109.76,497588
OMFREIGHT,20260930,93.49,94.0,90.0,94.0,12358
OMINFRAL,20260930,77.5,79.88,76.35,77.11,46370
OMNI,20260930,555.0,580.0,552.0,564.05,1008108
OMPOWER,20260930,164.0,166.73,153.5,156.95,202294
ONEGLOBAL,20260930,535.0,552.75,520.0,527.9,6160
ONELIFECAP,20260930,39.14,40.5,38.9,40.08,49109
ONEPOINT,20260930,71.55,74.4,70.62,73.39,6743812
ONESOURCE,20260930,1587.0,1600.0,1506.1,1521.6,194917
ONGC,20260930,230.21,231.57,223.6,225.8,11131417
ONIDA,20260930,31.76,32.74,31.5,32.03,293561
ONIXSOLAR,20260930,337.0,350.9,335.0,343.05,149626
ONMOBILE,20260930,49.84,52.3,49.84,50.62,23929
ONWARDTEC,20260930,287.5,294.8,285.75,288.35,10723
OPTIEMUS,20260930,800.0,827.0,759.05,767.75,716846
OPTIFIN,20260930,14.8,15.8,14.5,15.45,71103
ORBTEXP,20260930,272.85,282.85,254.0,258.51,115278
ORCHASP,20260930,1.33,1.37,1.31,1.32,80375
ORCHPHARMA,20260930,1014.9,1034.4,990.0,997.0,58886
ORICONENT,20260930,52.9,52.9,50.71,51.34,55211
ORIENTALTL,20260930,4.82,5.0,4.81,4.83,75934
ORIENTBELL,20260930,404.9,408.25,396.05,398.55,23214
ORIENTCEM,20260930,119.38,120.29,118.08,118.77,189008
ORIENTCER,20260930,46.39,46.6,44.5,44.9,43434
ORIENTELEC,20260930,156.9,159.46,156.6,158.11,128698
ORIENTHOT,20260930,138.99,143.8,138.0,142.36,511057
ORIENTLTD,20260930,76.02,78.23,76.02,78.23,781
ORIENTPPR,20260930,16.31,16.67,16.31,16.45,116994
ORIENTTECH,20260930,231.5,239.0,230.76,231.53,89355
ORIRAIL,20260930,123.69,134.9,121.42,127.31,625276
ORISSAMINE,20260930,3700.0,3743.8,3626.0,3651.5,5117
ORKLAINDIA,20260930,540.15,547.0,540.1,543.0,47004
ORTINGLOBE,20260930,15.2,15.2,14.25,14.32,7318
OSIAHYPER,20260930,2.32,2.35,2.22,2.26,177632
OSWALAGRO,20260930,34.75,34.97,33.7,33.95,89147
OSWALGREEN,20260930,19.5,20.95,19.5,20.32,240885
OSWALPUMPS,20260930,265.3,274.8,264.5,266.75,331888
OSWALSEEDS,20260930,12.64,12.69,12.11,12.34,63193
PACEDIGITK,20260930,161.82,164.58,159.2,159.98,350071
PACIFICI,20260930,135.0,135.0,134.5,134.5,286
PAGEIND,20260930,36695.0,37150.0,36210.0,36385.0,83553
PAISALO,20260930,78.0,79.1,75.62,76.41,7129862
PAKKA,20260930,75.19,75.2,72.0,72.89,64593
PALREDTEC,20260930,45.44,45.9,43.7,43.86,12703
PANACEABIO,20260930,375.2,379.6,364.0,366.0,50560
PANACHE,20260930,516.15,516.15,516.15,516.15,28758
PANAMAPET,20260930,484.8,499.8,482.2,484.25,222411
PANCHMAHQ,20260930,306.5,306.5,275.5,294.95,49
PANORAMA,20260930,59.0,62.15,55.0,58.29,1206378
PANSARI,20260930,274.65,275.0,270.0,274.0,804
PAR,20260930,125.32,128.95,124.0,126.64,8540
PARACABLES,20260930,58.58,59.39,56.0,56.36,1234180
PARADEEP,20260930,153.5,158.4,153.5,154.28,1932116
PARAGMILK,20260930,269.4,274.5,268.0,271.65,893163
PARAS,20260930,1325.0,1346.0,1303.0,1311.0,529254
PARASPETRO,20260930,2.09,2.12,2.04,2.07,45657
PARIN,20260930,724.95,724.95,702.6,710.9,26781
PARKHOSPS,20260930,275.45,279.5,268.4,274.95,877385
PARKHOTELS,20260930,102.0,107.5,99.97,105.92,488392
PARNAXLAB,20260930,112.0,117.74,109.99,111.73,2982
PARSVNATH,20260930,2.09,2.09,2.09,2.09,57122
PASHUPATI,20260930,111.26,111.26,74.18,75.4,2778737
PASUPTAC,20260930,76.1,76.89,71.87,72.73,180671
PATANJALI,20260930,369.7,372.25,363.0,363.0,1344954
PATELENG,20260930,26.41,27.45,26.35,26.45,1520750
PATELRMART,20260930,215.0,219.6,210.5,211.52,55798
PATINTLOG,20260930,13.57,13.8,13.0,13.11,72397
PAUSHAKLTD,20260930,672.5,680.9,651.2,665.25,26250
PAVNAIND,20260930,15.34,16.1,15.34,15.46,40169
PAYTM,20260930,1701.0,1708.0,1667.1,1678.0,2424277
PBMPOLY,20260930,59.47,69.8,57.16,60.32,2085
PCBL,20260930,330.45,339.8,330.15,331.1,1026589
PCJEWELLER,20260930,13.29,13.74,13.11,13.2,227698090
PDMJEPAPER,20260930,94.5,99.8,94.0,97.22,344257
PDSL,20260930,350.0,357.0,349.85,352.3,61453
PEARLPOLY,20260930,17.63,17.76,17.09,17.75,7471
PENIND,20260930,183.0,187.25,182.1,184.0,783073
PENINLAND,20260930,15.21,15.99,15.0,15.05,247368
PERMAGN,20260930,840.0,841.75,825.05,832.05,1822
PERNIASPOP,20260930,527.0,556.0,526.95,547.9,97340
PERSISTENT,20260930,5200.0,5397.0,5200.0,5279.0,611251
PETRONET,20260930,285.1,288.9,284.0,284.5,2419296
PFC,20260930,325.85,332.5,325.0,325.5,9986223
PFIZER,20260930,3916.0,3933.8,3833.5,3875.3,39848
PFOCUS,20260930,318.65,326.0,313.35,316.0,3709507
PFS,20260930,28.0,29.49,27.65,29.08,2963292
PGEL,20260930,499.9,506.0,493.45,493.45,825728
PGHH,20260930,6904.0,6956.5,6782.0,6798.5,44984
PGHL,20260930,5644.5,5696.0,5503.5,5563.0,10902
PGIL,20260930,1297.5,1324.6,1280.0,1282.1,87275
PHARMABEES,20260930,27.79,28.55,27.22,27.32,4945372
PHOENIXLTD,20260930,1940.4,1963.4,1916.2,1935.0,421345
PHOENXINTL,20260930,28.4,29.55,28.16,28.71,3924
PICCADIL,20260930,606.9,613.25,588.55,592.35,87459
PIDILITIND,20260930,1481.0,1496.9,1465.1,1465.1,940925
PIGL,20260930,96.7,98.71,95.5,96.34,34714
PIIND,20260930,2290.0,2322.8,2270.0,2310.0,174009
PILANIINVS,20260930,4050.0,4127.0,3901.8,3956.5,5707
PILITA,20260930,7.7,7.7,7.17,7.52,45283
PINELABS,20260930,172.0,176.75,169.14,171.79,19780220
PIONEEREMB,20260930,21.0,21.25,20.45,20.59,7008
PIONRINV,20260930,75.95,80.8,75.95,75.95,711
PIRAMALFIN,20260930,2098.0,2127.5,2012.0,2043.9,230032
PITTIENG,20260930,1132.0,1154.8,1131.3,1139.5,35903
PIXTRANS,20260930,1732.3,1762.0,1725.0,1726.9,4070
PKTEA,20260930,1000.0,1043.35,972.0,1043.35,18800
PLASTIBLEN,20260930,205.85,207.0,199.23,200.29,39036
PLATIND,20260930,207.02,210.89,205.41,206.85,27227
PLAZACABLE,20260930,61.88,61.88,59.05,59.15,59674
PML,20260930,498.95,498.95,465.0,465.85,1277
PNB,20260930,111.8,114.9,111.8,113.06,15255055
PNBGILTS,20260930,72.0,78.9,72.0,73.99,2682738
PNBHOUSING,20260930,1098.0,1132.5,1095.9,1120.0,1164222
PNC,20260930,17.4,18.5,16.4,17.65,10929
PNCINFRA,20260930,130.05,134.89,130.05,133.18,790721
PNGJL,20260930,585.0,599.0,581.55,590.15,257823
PNGSREVA,20260930,517.6,524.95,508.7,511.65,78605
POCL,20260930,464.2,466.65,450.0,452.65,373694
PODDARMENT,20260930,259.2,266.7,255.6,257.15,2926
POEL,20260930,139.89,144.86,136.15,137.42,35690
POKARNA,20260930,724.4,737.75,702.25,705.7,79843
POLICYBZR,20260930,1087.0,1098.0,1031.4,1063.9,8915211
POLYCAB,20260930,8102.5,8177.0,8026.0,8026.0,494724
POLYMED,20260930,1639.9,1684.5,1625.8,1673.8,118032
POLYPLEX,20260930,1066.6,1117.5,1050.0,1055.0,38586
POLYSPIN,20260930,30.0,31.39,29.3,31.22,918
PONNIERODE,20260930,382.3,394.2,370.05,372.2,21766
POONAWALLA,20260930,445.1,453.9,442.2,443.85,687449
POWERGRID,20260930,261.5,262.0,258.1,260.5,9769840
POWERICA,20260930,607.0,620.85,598.0,600.6,308631
POWERINDIA,20260930,30680.0,31050.0,30200.0,30630.0,88522
POWERMECH,20260930,2488.9,2535.0,2442.0,2490.5,293610
PPAP,20260930,232.0,242.0,231.95,234.45,5803
PPL,20260930,249.45,255.2,245.1,253.35,11802
PPLPHARMA,20260930,209.0,210.4,205.21,206.52,2240520
PRABHA,20260930,226.0,229.8,220.15,222.03,44247
PRADPME,20260930,473.0,483.7,460.0,460.35,13662
PRAENG,20260930,22.88,22.88,21.0,21.18,46147
PRAJIND,20260930,307.75,312.5,304.5,305.85,391097
PRAKASH,20260930,120.85,129.0,120.62,123.72,750601
PRAKASHSTL,20260930,3.64,3.64,3.55,3.59,86867
PRANAV,20260930,101.5,103.15,97.25,100.1,2087332
PRASOLCHEM,20260930,868.25,914.9,812.3,839.1,2133289
PRAVEG,20260930,244.35,248.0,240.5,241.8,18438
PRAXIS,20260930,4.7,4.89,4.59,4.59,50073
PRECAM,20260930,117.65,120.19,116.3,116.78,78594
PRECOT,20260930,650.0,650.1,615.0,627.7,2044
PRECWIRE,20260930,497.5,509.0,490.25,492.45,310956
PREMCO,20260930,398.3,405.0,398.05,400.85,806
PREMEXPLN,20260930,676.0,685.7,676.0,684.1,494973
PREMIER,20260930,2.75,2.77,2.73,2.73,2674
PREMIERENE,20260930,868.3,883.0,865.2,870.1,1144007
PREMIERPOL,20260930,97.89,97.89,92.0,92.76,208407
PRESTIGE,20260930,1425.0,1493.0,1420.5,1481.9,1284002
PRICOLLTD,20260930,752.0,763.9,742.15,747.6,240483
PRIMESECU,20260930,300.25,302.9,291.1,298.45,5435
PRIMO,20260930,27.9,28.0,26.4,26.64,448253
PRINCEPIPE,20260930,257.75,261.7,255.0,255.75,55165
PRIORITY,20260930,305.0,326.8,297.8,301.6,517501
PRISMX,20260930,0.54,0.55,0.52,0.52,270697
PRITI,20260930,32.98,32.98,32.0,32.71,5984
PRITIKAUTO,20260930,19.0,19.0,16.91,17.08,394236
PRIVISCL,20260930,3605.0,3624.0,3557.3,3586.6,102693
PROSTARM,20260930,134.71,138.5,134.05,134.66,156328
PROTEAN,20260930,666.65,684.4,651.65,659.3,574562
PROZONER,20260930,56.1,57.7,55.85,56.52,1330700
PRSMJOHNSN,20260930,109.89,111.29,108.25,108.74,221376
PRUDENT,20260930,3105.7,3150.0,3084.2,3129.2,30361
PRUDMOULI,20260930,14.0,14.0,12.6,13.39,6380
PSB,20260930,21.1,21.47,21.09,21.33,1167887
PSPPROJECT,20260930,787.0,803.9,763.95,767.0,62418
PSUBANK,20260930,80.54,81.3,79.66,80.67,80841
PSUBANKADD,20260930,81.51,82.71,80.94,81.54,15986
PSUBNKBEES,20260930,89.71,90.74,89.01,89.59,1523620
PSUBNKIETF,20260930,80.1,82.45,80.1,81.68,42959
PTC,20260930,156.0,156.39,154.7,155.56,1233686
PTCIL,20260930,22535.0,23245.0,22035.0,22190.0,20719
PTL,20260930,38.25,38.5,37.6,37.87,40263
PUNJABCHEM,20260930,1025.9,1059.8,1025.9,1054.5,2439
PURVA,20260930,205.0,211.2,204.54,206.34,81705
PVP,20260930,54.5,56.88,53.12,53.12,2852031
PVRINOX,20260930,1197.9,1262.6,1187.0,1242.7,711172
PVSL,20260930,95.02,99.96,95.0,95.5,15961
PVTBANIETF,20260930,26.63,27.25,26.63,27.13,1570287
PVTBANK,20260930,26.95,27.44,26.33,26.55,502363
PVTBANKADD,20260930,26.99,27.37,26.97,27.23,70414
PVTBKGROWW,20260930,26.73,27.0,26.56,26.88,37421
PWL,20260930,126.05,126.7,122.0,123.48,5681880
PYRAMID,20260930,156.54,162.9,154.98,156.01,21871
QGOLDHALF,20260930,122.28,122.31,121.5,121.85,186588
QMSMEDI,20260930,215.4,215.4,205.96,205.96,169995
QNIFTY,20260930,244.44,251.6,244.44,249.78,1753
QPOWER,20260930,1610.1,1675.0,1572.3,1584.8,267707
QUADFUTURE,20260930,545.6,567.2,540.3,547.45,852162
QUAL30IETF,20260930,19.85,20.5,19.73,19.74,73738
QUALITY30,20260930,19.47,19.6,19.28,19.4,4845
QUESS,20260930,342.1,346.0,332.05,334.95,513187
QUICKHEAL,20260930,146.0,149.79,143.35,144.49,78444
QUINT,20260930,72.35,72.35,72.35,72.35,1949
QUINTEGRA,20260930,1.28,1.28,1.28,1.28,298
RACE,20260930,124.0,124.0,118.0,118.02,26073
RACLGEAR,20260930,1581.4,1616.8,1570.2,1594.8,32646
RADAAN,20260930,2.96,3.07,2.91,3.0,28286
RADHIKAJWE,20260930,69.29,70.9,68.11,70.23,173131
RADIANTCMS,20260930,35.2,36.01,35.2,35.41,62571
RADICO,20260930,4408.9,4516.0,4365.1,4366.0,387850
RADIOCITY,20260930,6.01,6.02,5.9,5.99,80434
RAILTEL,20260930,259.1,281.0,258.65,265.65,6564878
RAIN,20260930,213.5,219.99,212.3,213.94,2138947
RAINBOW,20260930,1360.8,1383.0,1305.1,1314.3,363556
RAJESHEXPO,20260930,63.01,65.88,60.25,64.7,332577
RAJMET,20260930,3.11,3.16,3.06,3.12,208256
RAJOOENG,20260930,53.32,54.5,52.61,53.43,208140
RAJPALAYAM,20260930,760.2,775.0,741.2,749.15,7143
RAJRATAN,20260930,465.0,470.75,458.5,461.6,36265
RAJRILTD,20260930,20.12,20.84,20.12,20.17,9852
RAJSREESUG,20260930,30.66,31.78,28.5,28.87,201576
RAJTV,20260930,10.58,11.09,10.08,10.88,58444
RALLIS,20260930,199.7,200.86,198.05,199.73,503038
RAMANEWS,20260930,30.65,31.48,30.01,30.27,6718
RAMAPHO,20260930,120.72,122.41,119.5,120.09,14729
RAMASTEEL,20260930,4.47,4.56,4.47,4.56,3775009
RAMBHAJO,20260930,296.0,300.0,282.5,285.98,654381
RAMCOCEM,20260930,849.9,869.0,842.05,845.55,205668
RAMCOIND,20260930,310.05,323.7,305.15,307.6,172756
RAMCOSYS,20260930,556.0,572.3,552.2,554.6,42408
RAMKY,20260930,291.05,301.0,274.5,279.1,161267
RAMRAT,20260930,589.7,597.0,578.65,582.4,193834
RANASUG,20260930,13.67,13.87,13.19,13.24,334802
RANEHOLDIN,20260930,1544.0,1555.0,1526.7,1529.8,9347
RATEGAIN,20260930,835.0,870.0,823.4,851.55,381974
RATNAMANI,20260930,2822.5,2833.0,2715.1,2725.5,42223
RATNAVEER,20260930,332.65,344.4,328.2,330.75,6063423
RAYMOND,20260930,1185.75,1241.0,1185.4,1213.05,1545036
RAYMONDLSL,20260930,664.45,669.25,638.2,642.05,195234
RAYMONDREL,20260930,676.0,684.9,666.6,669.95,620734
RBA,20260930,92.25,92.45,90.0,91.58,1853911
RBLBANK,20260930,405.0,412.35,403.35,403.35,3855694
RBZJEWEL,20260930,197.0,207.66,197.0,207.23,238976
RCF,20260930,108.2,111.9,108.2,109.97,2028734
RCOM,20260930,0.85,0.86,0.83,0.84,3639203
RECLTD,20260930,294.0,301.75,293.0,299.0,6842344
REDINGTON,20260930,405.45,413.5,404.4,407.0,4204334
REDTAPE,20260930,118.0,119.2,116.5,117.6,211189
REFEX,20260930,272.05,279.75,264.0,265.25,312704
REGAAL,20260930,89.47,91.19,87.6,88.08,119212
REGENCERAM,20260930,33.4,34.1,31.11,32.38,32772
RELAXO,20260930,291.55,297.45,290.8,291.2,115881
RELCHEMQ,20260930,115.0,116.85,113.18,116.23,1280
RELIABLE,20260930,148.07,148.07,141.77,144.28,60326
RELIANCE,20260930,1182.0,1196.5,1181.7,1187.0,16376789
RELIGARE,20260930,232.6,235.0,228.0,228.91,1077320
RELINFRA,20260930,42.56,44.28,42.56,44.27,736701
RELTD,20260930,149.12,151.5,146.51,149.67,173979
REMSONSIND,20260930,113.43,124.8,112.97,113.93,869570
RENTOMOJO,20260930,505.1,532.4,505.1,510.35,2511330
RENUKA,20260930,22.6,23.02,21.73,21.89,8847058
REPCOHOME,20260930,345.0,346.25,340.0,341.7,51214
REPL,20260930,64.13,64.13,59.0,59.35,5329
REPRO,20260930,320.0,327.95,311.0,318.6,25861
RESPONIND,20260930,168.02,176.59,163.35,165.38,390374
RETAIL,20260930,31.76,31.76,31.76,31.76,45112
RGL,20260930,165.9,167.6,163.28,165.02,340639
RHETAN,20260930,17.52,17.52,17.51,17.51,9861676
RHFL,20260930,1.59,1.6,1.56,1.58,367909
RHIM,20260930,393.9,398.9,383.75,384.85,469409
RHL,20260930,165.5,169.9,164.99,165.18,501
RICOAUTO,20260930,126.5,129.18,125.65,126.92,579784
RIIL,20260930,676.0,687.45,673.0,677.35,39546
RIR,20260930,190.0,197.9,183.11,184.1,2667403
RISHABH,20260930,723.9,729.7,695.0,703.0,122457
RITCO,20260930,282.95,284.95,274.05,280.25,51847
RITES,20260930,192.6,218.9,192.6,209.05,50416237
RKDL,20260930,18.47,18.47,17.6,18.17,2815
RKEC,20260930,23.97,26.94,21.62,23.09,229395
RKFORGE,20260930,719.9,724.0,699.1,702.3,529472
RKSWAMY,20260930,92.87,92.87,87.51,90.09,20350
RMC,20260930,213.77,223.19,207.96,209.58,40748
RMDRIP,20260930,23.5,23.79,23.5,23.51,283668
RML,20260930,1397.4,1405.0,1348.5,1351.9,51913
RNBDENIMS,20260930,9.04,9.2,9.0,9.11,82555
ROHLTD,20260930,306.35,306.35,297.0,299.85,7843
ROLEXRINGS,20260930,192.11,193.99,188.25,190.09,1052365
ROLLT,20260930,4.98,4.98,4.98,4.98,407225
ROML,20260930,41.56,43.53,41.56,43.38,1171
ROSSARI,20260930,430.0,434.6,416.0,417.95,70439
ROSSELLIND,20260930,51.44,51.89,50.31,50.87,17079
ROSSTECH,20260930,1480.0,1525.0,1455.2,1503.2,253108
ROTO,20260930,63.73,65.55,63.57,64.58,473626
ROUTE,20260930,446.0,456.55,444.05,445.0,67891
RPEL,20260930,1737.8,1824.0,1731.0,1809.0,153483
RPGLIFE,20260930,3103.6,3112.8,2986.0,3037.1,46586
RPOWER,20260930,19.77,20.39,19.63,19.69,19097261
RPPINFRA,20260930,50.2,52.28,50.2,51.49,40361
RPPL,20260930,19.6,19.88,18.9,18.97,58148
RPSGVENT,20260930,837.05,873.9,835.0,850.5,40383
RPTECH,20260930,930.15,1004.7,930.15,953.5,1657051
RRECL,20260930,139.99,139.99,134.95,134.95,431
RRIL,20260930,15.3,15.71,15.17,15.36,25713
RRKABEL,20260930,2530.0,2537.0,2477.0,2518.6,254650
RSL,20260930,166.88,171.0,166.31,168.36,279565
RSSOFTWARE,20260930,31.0,31.0,29.7,29.73,9352
RSWM,20260930,210.25,215.5,207.0,208.6,45977
RSYSTEMS,20260930,300.0,303.7,269.51,279.9,12512625
RTNINDIA,20260930,26.0,27.58,25.45,26.06,5394562
RTNPOWER,20260930,6.8,6.98,6.8,6.89,10508623
RTSPOWR,20260930,118.18,121.8,107.2,109.87,31060
RUBFILA,20260930,64.3,64.64,62.8,63.05,32520
RUBICON,20260930,1601.2,1635.0,1577.7,1619.4,228306
RUBYMILLS,20260930,495.9,509.7,495.9,499.75,15683
RUCHINFRA,20260930,4.81,5.68,4.81,4.91,142608
RUCHIRA,20260930,104.27,106.9,102.01,103.25,15631
RUDRA,20260930,18.39,19.15,18.0,18.77,20494
RUPA,20260930,132.1,133.88,130.0,130.52,90771
RUSHIL,20260930,16.0,16.29,16.0,16.14,107116
RUSTOMJEE,20260930,362.95,366.35,359.55,361.2,15536
RVHL,20260930,37.8,39.0,37.8,38.2,5964
RVNL,20260930,198.7,209.65,198.25,201.76,17689293
RVTH,20260930,664.0,700.0,641.9,669.8,900
S&SPOWER,20260930,301.0,309.4,295.0,298.15,12222
SAATVIKGL,20260930,415.5,421.6,410.0,413.55,33023
SADBHAV,20260930,7.1,7.27,7.09,7.15,138349
SADBHIN,20260930,2.55,2.62,2.51,2.6,90108
SADHNANIQ,20260930,2.6,2.68,2.49,2.53,1260041
SAFARI,20260930,1439.9,1439.9,1418.1,1429.6,58651
SAGARDEEP,20260930,23.98,23.98,22.83,23.13,8443
SAGCEM,20260930,146.15,150.28,146.15,148.64,22428
SAGILITY,20260930,42.69,43.4,42.38,42.58,11436383
SAHLIBHFI,20260930,80.0,80.99,78.1,78.84,9062
SAHYADRI,20260930,350.0,356.95,341.0,346.75,7745
SAICAPI,20260930,156.09,156.09,145.1,146.5,180
SAIL,20260930,181.85,186.0,180.26,181.49,15646382
SAILIFE,20260930,1565.7,1577.9,1516.4,1524.5,537181
SAIPARENT,20260930,500.05,539.95,500.05,529.3,352158
SAKAR,20260930,1116.4,1143.8,1082.0,1093.05,58262
SAKHTISUG,20260930,18.45,18.48,18.0,18.01,79469
SAKSOFT,20260930,140.0,143.67,136.61,139.43,169137
SAKUMA,20260930,1.57,1.58,1.52,1.56,797045
SALASAR,20260930,4.16,4.3,3.8,4.08,14749412
SALONA,20260930,267.1,267.1,256.0,260.7,116
SALSTEEL,20260930,99.87,101.53,97.0,99.06,1173619
SALZERELEC,20260930,535.7,546.0,530.35,536.4,18504
SAMBANDAM,20260930,109.98,114.7,105.1,111.4,576
SAMBHAAV,20260930,5.93,6.24,5.56,5.74,155497
SAMBHV,20260930,162.45,167.31,160.11,164.9,5951525
SAMHI,20260930,149.35,155.0,149.35,153.68,803682
SAMMAANCAP,20260930,136.94,141.19,136.0,136.54,4575005
SAMPANN,20260930,24.7,24.7,23.56,24.17,3944
SANATHAN,20260930,524.0,527.75,505.0,508.15,99234
SANDESH,20260930,1023.1,1037.4,990.6,999.3,1002
SANDHAR,20260930,583.0,599.95,583.0,585.9,133185
SANDUMA,20260930,181.27,184.69,181.0,182.18,268845
SANGAMIND,20260930,642.35,650.55,619.85,626.9,27711
SANGHVIMOV,20260930,457.1,471.9,452.4,455.2,204771
SANOFI,20260930,3080.0,3175.0,3051.6,3057.0,15072
SANOFICONR,20260930,3853.7,3919.0,3796.0,3802.8,6012
SANSERA,20260930,4450.0,4571.0,4317.3,4537.5,247139
SANSTAR,20260930,105.2,108.14,104.15,104.94,61552
SANWARIA,20260930,0.19,0.2,0.19,0.19,577796
SAPPHIRE,20260930,211.48,216.92,209.45,212.08,448922
SAPPL,20260930,296.0,305.0,280.0,300.1,6609
SARDAEN,20260930,500.35,507.75,495.1,497.3,213966
SAREGAMA,20260930,498.9,518.65,495.35,506.55,643873
SARLAPOLY,20260930,96.86,99.23,93.5,93.96,28986
SARVESHWAR,20260930,3.45,3.56,3.45,3.49,1207657
SASKEN,20260930,1680.0,1709.8,1650.0,1672.7,12713
SATIA,20260930,68.7,71.26,68.7,69.7,198881
SATIN,20260930,239.3,239.3,230.15,232.2,386106
SAURASHCEM,20260930,53.94,55.5,53.55,54.53,54035
SAYAJIIND,20260930,121.0,121.0,116.5,119.9,2055
SBC,20260930,54.99,59.5,54.81,58.29,35616365
SBCL,20260930,1140.0,1148.9,1060.0,1071.7,233735
SBFC,20260930,85.4,86.36,84.7,85.48,642934
SBGLP,20260930,23.18,23.89,22.3,22.84,49077
SBIBPB,20260930,46.76,47.23,46.64,46.76,30253
SBICARD,20260930,585.15,591.25,578.05,578.05,582328
SBIETFCON,20260930,117.47,117.47,113.71,114.18,3810
SBIETFIT,20260930,307.5,315.32,305.12,307.98,3156
SBIETFPB,20260930,270.63,275.5,270.22,273.4,1997
SBIETFQLTY,20260930,209.47,210.0,207.0,207.69,432
SBIFUNDS,20260930,517.8,524.45,514.0,516.05,1541375
SBILIFE,20260930,1724.0,1729.5,1681.0,1696.4,1813203
SBILIQETF,20260930,1058.01,1058.03,1058.01,1058.02,15055
SBIMIDMOM,20260930,61.94,61.94,60.76,61.0,69405
SBIN,20260930,964.7,972.8,959.5,959.5,8010571
SBINEQWETF,20260930,31.8,31.8,31.39,31.43,51596
SBINMID150,20260930,22.39,22.39,21.9,21.97,173495
SBISILVER,20260930,215.19,216.5,214.64,215.04,895460
SBISMLETF,20260930,18.02,18.17,17.84,17.92,22979
SBIVALETF,20260930,14.13,14.19,14.05,14.05,4256
SCANSTL,20260930,50.73,50.73,48.22,49.37,14776
SCHAEFFLER,20260930,3950.0,3960.0,3877.3,3897.1,63788
SCHAND,20260930,143.52,148.73,143.52,148.08,17383
SCHNEIDER,20260930,1197.3,1226.8,1190.0,1203.4,249878
SCI,20260930,273.0,275.95,269.75,270.5,1048767
SCILAL,20260930,36.69,37.34,36.6,36.86,117368
SCODATUBES,20260930,127.75,127.9,124.03,124.87,553569
SCPL,20260930,637.1,648.5,625.05,629.15,1092
SDBL,20260930,78.96,80.69,77.5,78.17,1674455
SEAMECLTD,20260930,1685.0,1739.7,1609.7,1641.6,71134
SECLEDBETA,20260930,14.28,14.35,13.89,13.93,12408
SECMARK,20260930,141.4,142.3,140.0,140.0,175
SECURKLOUD,20260930,17.05,17.16,16.45,16.61,17158
SEDEMAC,20260930,3499.0,3587.0,3460.8,3494.5,178976
SEIL,20260930,187.84,191.49,187.21,189.64,129978
SEJALLTD,20260930,656.9,680.0,656.8,674.0,6126
SEKURITIND,20260930,111.44,114.0,110.03,110.93,18760
SELECTIPO,20260930,46.62,46.64,46.04,46.13,70262
SEMAC,20260930,254.85,254.85,231.8,232.85,6426
SENCO,20260930,329.0,332.7,320.0,320.95,502576
SENORES,20260930,1403.7,1413.0,1370.0,1385.8,268540
SENSEXADD,20260930,75.11,76.5,74.85,75.14,1980
SENSEXAXIS,20260930,76.37,76.37,75.32,75.32,6927
SENSEXBETA,20260930,796.01,813.0,796.01,805.88,6072
SENSEXETF,20260930,75.28,75.4,74.77,74.98,22576
SENSEXIETF,20260930,838.86,841.93,834.45,836.37,10807
SEPC,20260930,5.15,5.19,5.01,5.02,5233528
SERVOTECH,20260930,71.1,72.19,70.04,70.25,364902
SESHAPAPER,20260930,244.26,246.19,234.81,240.47,62115
SETCO,20260930,18.67,19.25,18.21,18.31,61697
SETF10GILT,20260930,260.6,262.5,260.21,261.84,4092
SETFGOLD,20260930,125.27,126.04,124.97,125.61,4803338
SETFNIF50,20260930,245.44,246.26,243.96,244.45,973095
SETFNIFBK,20260930,561.28,567.11,560.0,563.39,9974
SETFNN50,20260930,757.5,757.5,746.77,749.01,41960
SETL,20260930,428.95,436.95,415.0,422.8,407519
SETUINFRA,20260930,0.52,0.52,0.52,0.52,12422
SEYAIND,20260930,13.59,13.59,13.07,13.45,7911
SFL,20260930,637.3,645.1,630.0,634.1,76853
SGFIN,20260930,595.3,613.2,593.2,604.35,293138
SGIL,20260930,633.3,669.0,633.3,666.2,4759
SGL,20260930,9.43,9.43,8.42,8.56,84208
SGLRES,20260930,2.28,2.43,2.22,2.38,78563
SGMART,20260930,760.85,769.05,743.0,750.75,125096
SGRL,20260930,665.85,704.0,665.85,687.15,13348
SHADOWFAX,20260930,282.0,289.8,278.15,280.25,7428809
SHAH,20260930,3.15,3.17,3.09,3.14,678623
SHAHALLOYS,20260930,87.0,90.89,86.16,86.77,9770
SHAILY,20260930,3042.7,3125.0,3042.7,3063.0,80016
SHAKTIPUMP,20260930,459.95,471.0,458.6,461.35,477179
SHALBY,20260930,142.0,145.88,135.0,138.65,263673
SHALPAINTS,20260930,77.99,81.99,77.99,80.62,101983
SHANKARA,20260930,133.9,133.9,125.0,126.48,39804
SHANKESH,20260930,89.8,94.44,89.24,90.25,3014634
SHANTI,20260930,5.57,5.83,5.3,5.49,46100
SHANTIGEAR,20260930,604.8,604.8,571.6,579.9,120371
SHANTIGOLD,20260930,308.0,321.0,306.15,308.6,3315946
SHARDACROP,20260930,719.15,734.85,719.15,723.5,58845
SHARDAMOTR,20260930,964.75,986.85,953.05,956.95,37174
SHARDUL,20260930,56.18,57.8,55.0,56.98,25684
SHAREINDIA,20260930,206.58,208.9,202.5,205.01,703869
SHARIABEES,20260930,427.3,429.98,421.8,422.87,12440
SHBAJRG,20260930,168.0,171.9,157.11,159.79,25638
SHEKHAWATI,20260930,31.68,31.68,31.68,31.68,19430
SHEMAROO,20260930,118.15,122.0,116.55,117.12,14665
SHERVANI,20260930,325.0,335.0,325.0,335.0,3
SHILCTECH,20260930,4050.0,4105.6,4036.4,4084.0,9905
SHILGRAVQ,20260930,142.0,149.8,139.82,146.05,3356
SHILPAMED,20260930,1060.0,1075.0,1033.5,1047.2,492219
SHINDL,20260930,160.32,160.39,158.16,159.6,66280
SHIPROCKET,20260930,120.0,123.97,119.51,120.16,1916192
SHIVAAGRO,20260930,41.0,41.15,37.61,39.47,5236
SHIVACEM,20260930,14.5,14.5,13.0,13.76,694858
SHIVALIK,20260930,414.8,423.0,400.0,403.45,45380
SHIVAMAUTO,20260930,17.5,18.54,16.85,17.04,113889
SHIVAMILLS,20260930,61.5,61.5,58.0,58.14,580
SHIVATEX,20260930,168.0,173.78,165.01,166.87,623
SHIVAUM,20260930,545.05,559.1,545.0,557.15,122580
SHK,20260930,139.96,142.78,139.65,141.02,181372
SHOPERSTOP,20260930,410.0,426.0,410.0,415.0,26629
SHRADDHA,20260930,148.64,159.7,143.1,152.31,10595
SHRADHA,20260930,31.3,31.38,30.0,30.5,845
SHREDIGCEM,20260930,66.99,67.19,65.5,65.92,32697
SHREECEM,20260930,21900.0,22400.0,21900.0,22345.0,20963
SHREEJISPG,20260930,764.0,774.0,764.0,770.4,359788
SHREEPUSHK,20260930,480.9,505.05,480.9,492.75,70018
SHREERAMA,20260930,43.22,45.4,43.22,43.73,26435
SHRENIK,20260930,0.3,0.3,0.28,0.29,268021
SHREYANIND,20260930,129.95,133.99,129.0,130.45,4801
SHRIKRISH,20260930,35.2,35.2,33.17,33.89,2386
SHRINGARMS,20260930,216.85,231.0,216.79,224.6,2130481
SHRIPISTON,20260930,4774.4,4774.4,4620.3,4653.7,75703
SHRIRAMFIN,20260930,972.2,987.0,965.1,982.7,5552495
SHRIRAMPPS,20260930,70.15,70.64,68.51,69.21,334575
SHRJAGP,20260930,635.0,693.0,635.0,665.6,758
SHUKRAPHAR,20260930,60.96,63.36,60.77,62.09,6037718
SHYAMCENT,20260930,4.85,5.09,4.85,4.97,11943
SHYAMMETL,20260930,1076.9,1078.5,1055.0,1065.0,235248
SHYAMTEL,20260930,10.81,11.34,10.81,10.99,2507
SICAGEN,20260930,51.2,52.88,51.2,51.74,5078
SICALLOG,20260930,89.12,91.74,89.0,91.19,15134
SIEL,20260930,30.5,30.6,28.99,29.01,204
SIEMENS,20260930,3721.1,3789.1,3720.0,3725.6,183302
SIGACHI,20260930,28.83,29.46,28.74,28.8,1852936
SIGIND,20260930,70.0,70.0,65.5,68.73,12504
SIGMA,20260930,44.5,45.83,43.55,44.25,48186
SIGMAADV,20260930,990.25,1025.7,990.05,1025.7,370551
SIGNATURE,20260930,750.0,761.85,721.05,727.15,331497
SIGNPOST,20260930,257.0,268.85,256.95,262.0,48744
SIKA,20260930,1033.95,1039.0,1010.0,1014.35,12197
SIKKO,20260930,6.58,6.58,6.27,6.33,283323
SIL,20260930,16.6,16.79,15.5,15.69,158905
SILGO,20260930,70.49,71.09,69.69,70.21,50805
SILINV,20260930,435.0,444.9,431.0,431.45,1394
SILVER,20260930,218.98,220.59,218.72,218.96,734070
SILVER001,20260930,22.12,22.5,22.12,22.19,7767
SILVER1,20260930,21.27,21.44,21.26,21.28,4628578
SILVER360,20260930,215.68,218.23,215.24,216.12,7906
SILVERADD,20260930,21.22,21.3,21.06,21.1,1389076
SILVERAG,20260930,214.19,215.08,213.14,213.56,222521
SILVERAXIS,20260930,218.0,219.65,217.69,217.94,177368
SILVERBEES,20260930,209.51,211.2,209.23,209.62,13114685
SILVERBETA,20260930,211.42,213.22,211.35,211.66,715040
SILVERBND,20260930,220.98,221.94,219.18,220.06,19241
SILVERCASE,20260930,22.28,22.38,22.17,22.2,3044024
SILVERIETF,20260930,218.54,220.48,218.54,218.88,3909431
SILVERTUC,20260930,141.5,144.8,138.86,140.49,261015
SIMBHALS,20260930,6.19,6.43,6.19,6.4,14489
SIMPLEXINF,20260930,242.9,255.0,241.0,245.5,73280
SIMPLXREA,20260930,130.85,130.85,125.88,130.0,89
SINCLAIR,20260930,77.04,79.65,76.51,78.63,7388
SINDHUTRAD,20260930,22.92,23.27,22.7,22.89,154892
SINGERIND,20260930,78.2,78.2,75.2,77.31,76015
SINTERCOM,20260930,80.3,80.3,77.01,79.91,1109
SIRCA,20260930,409.0,416.3,409.0,410.1,138309
SIS,20260930,416.4,424.0,415.8,419.1,321349
SITINET,20260930,0.28,0.28,0.27,0.27,378627
SIYSIL,20260930,543.9,543.9,538.0,539.95,14052
SJS,20260930,2300.0,2319.6,2252.2,2258.0,89175
SJVN,20260930,59.98,60.3,59.01,59.32,2571072
SKFINDIA,20260930,1513.0,1524.6,1500.3,1509.9,30500
SKFINDUS,20260930,2780.0,2842.9,2735.0,2767.9,172115
SKIPPER,20260930,541.9,548.65,528.25,531.15,260601
SKMEGGPROD,20260930,220.95,223.9,210.1,211.15,187953
SKYGOLD,20260930,824.95,838.45,806.0,810.7,695736
SKYWAYS,20260930,116.0,117.79,112.31,113.26,2306221
SMALL250,20260930,17.9,18.0,17.81,17.91,592871
SMALLADD,20260930,18.04,18.07,17.8,18.0,13242
SMALLCAP,20260930,47.72,48.23,47.71,47.86,1648275
SMALLGROWW,20260930,47.9,48.78,47.8,48.3,5896
SMALLIETF,20260930,18.0,18.08,17.8,17.92,39946
SMARTLINK,20260930,203.0,213.47,203.0,211.91,6158
SMARTWORKS,20260930,528.95,538.65,515.15,519.85,108747
SMCGLOBAL,20260930,93.0,96.24,91.17,94.48,6836896
SML100CASE,20260930,11.34,11.34,10.95,10.98,2109388
SMLMAH,20260930,6620.0,6709.5,6468.0,6578.0,48022
SMLT,20260930,63.4,63.4,59.0,61.82,11905
SMSPHARMA,20260930,483.9,485.0,467.5,476.6,372222
SNOWMAN,20260930,34.51,35.99,34.25,34.64,120284
SNXT30BEES,20260930,41.2,41.2,40.5,40.69,4851
SNXT50BETA,20260930,91.14,91.67,88.79,88.91,1552
SOBHA,20260930,1201.0,1239.0,1198.0,1221.6,121889
SOFTTECH,20260930,522.0,522.0,492.5,493.5,17609
SOLARA,20260930,759.0,759.0,720.0,725.4,177501
SOLARINDS,20260930,19030.0,19820.0,19030.0,19700.0,302167
SOLARWORLD,20260930,128.75,137.56,128.0,129.28,320705
SOLEX,20260930,694.7,704.7,675.05,678.85,27975
SOMANYCERA,20260930,614.0,622.0,606.55,617.75,64566
SOMATEX,20260930,79.35,81.7,79.05,79.16,1858
SOMICONVEY,20260930,88.1,89.98,87.5,89.31,5523
SONA,20260930,97.98,99.7,95.2,96.03,197715
SONACOMS,20260930,821.95,837.0,816.4,830.0,2734579
SONAL,20260930,90.0,90.18,87.5,87.56,94
SONAMLTD,20260930,68.47,70.25,68.0,68.15,117828
SONATSOFTW,20260930,260.85,267.4,257.0,258.25,817817
SOTL,20260930,860.4,860.4,711.4,718.8,2590903
SOUTHBANK,20260930,48.9,49.67,48.0,48.24,15754423
SOUTHWEST,20260930,183.5,186.28,180.35,182.49,62445
SPAL,20260930,940.0,970.0,940.0,964.6,35667
SPANDANA,20260930,226.68,231.0,219.01,220.76,304252
SPARC,20260930,208.85,210.65,196.0,197.19,1366000
SPCENET,20260930,3.16,3.35,3.15,3.18,450589
SPECIALITY,20260930,153.0,154.85,151.0,154.1,15753
SPECTRUM,20260930,3830.0,3879.8,3650.1,3846.1,13516
SPENCERS,20260930,27.4,27.59,26.5,26.71,37693
SPIC,20260930,63.47,64.24,63.43,63.94,140574
SPLIL,20260930,30.5,30.5,28.72,29.24,5213
SPLPETRO,20260930,834.9,855.0,801.65,808.2,247547
SPMLINFRA,20260930,161.0,164.91,159.5,161.02,99740
SPORTKING,20260930,212.2,217.61,208.1,210.5,121292
SRD,20260930,39.4,39.74,37.95,38.54,52650
SREEL,20260930,291.74,295.0,282.0,287.59,18887
SRF,20260930,2450.3,2502.1,2450.3,2472.5,292029
SRGHFL,20260930,135.1,144.6,135.1,136.4,16267
SRHHYPOLTD,20260930,581.35,583.45,563.0,563.9,17963
SRIKPRIND,20260930,26.11,28.0,26.11,26.25,1518
SRM,20260930,413.0,416.9,400.75,404.4,42098
SRTL,20260930,37.75,37.75,36.63,37.26,7793
SSDL,20260930,80.88,80.88,74.3,75.81,224216
SSRETAIL,20260930,756.05,761.6,725.3,749.5,13357301
SSWL,20260930,405.4,413.75,403.2,408.1,1299841
STALLION,20260930,221.1,230.55,221.1,230.55,312277
STANLEY,20260930,136.34,141.99,135.25,136.31,136853
STAR,20260930,1167.0,1174.5,1110.0,1120.0,447494
STARCEMENT,20260930,179.67,183.15,179.08,181.96,123938
STARHEALTH,20260930,538.1,542.8,531.35,534.65,240982
STARPAPER,20260930,153.06,158.0,150.03,152.52,6486
STARTECK,20260930,334.8,334.8,301.9,306.95,7138
STCINDIA,20260930,108.99,112.0,108.1,109.14,20049
STEAMHOUSE,20260930,111.4,113.85,110.3,110.94,3547240
STEELCAS,20260930,372.8,380.1,366.1,377.2,169841
STEELCITY,20260930,82.11,82.78,80.73,81.35,3777
STEELXIND,20260930,11.2,11.74,11.2,11.42,7015322
STEL,20260930,615.4,622.0,561.25,570.1,11379
STERTOOLS,20260930,221.98,229.8,215.0,218.31,18805
STLNETWORK,20260930,51.93,51.93,48.48,48.97,26400187
STLSTRINF,20260930,23.01,24.44,22.12,22.25,7368
STLTECH,20260930,909.9,909.9,909.9,909.9,1691349
STOVEKRAFT,20260930,809.6,823.8,791.1,794.95,70280
STUDDS,20260930,398.5,404.0,389.45,393.85,55228
STYL,20260930,372.15,377.8,368.2,369.95,48584
STYLAMIND,20260930,3317.2,3348.0,3287.7,3308.7,14001
STYLEBAAZA,20260930,409.0,409.0,384.75,384.75,1886372
STYRENIX,20260930,2001.0,2044.6,1993.4,2015.5,21522
SUBEXLTD,20260930,20.6,20.89,19.6,19.73,10266212
SUBROS,20260930,702.2,710.45,693.0,699.35,18044
SUDARCOLOR,20260930,380.9,390.0,375.0,376.95,2873
SUDARSCHEM,20260930,1203.8,1241.6,1195.0,1203.9,406263
SUDEEPPHRM,20260930,1195.1,1249.8,1181.5,1205.8,176078
SUKHJITS,20260930,158.01,158.62,155.05,156.42,5663
SULA,20260930,132.0,134.67,132.0,133.3,137957
SUMEDHA,20260930,44.5,46.9,44.0,45.48,1311
SUMEETINDS,20260930,11.45,11.66,10.71,10.92,833546
SUMICHEM,20260930,430.0,445.9,430.0,433.25,261894
SUMIT,20260930,49.97,52.0,49.0,49.59,12830
SUMMITSEC,20260930,1330.4,1336.4,1305.0,1318.9,2412
SUNCLAY,20260930,1239.7,1249.2,1225.0,1228.9,4681
SUNDARAM,20260930,1.1,1.12,1.05,1.09,613063
SUNDARMFIN,20260930,4325.0,4407.8,4315.0,4355.0,54266
SUNDRMBRAK,20260930,684.0,684.0,672.6,676.05,396
SUNDRMFAST,20260930,1146.4,1159.0,1135.0,1139.3,74514
SUNDROP,20260930,758.25,761.9,740.0,745.2,6739
SUNFLAG,20260930,465.0,471.0,447.6,456.05,624779
SUNLOC,20260930,74.8,74.8,68.7,68.8,336
SUNPHARMA,20260930,1861.3,1863.6,1814.2,1816.6,2401495
SUNRAKSHAK,20260930,365.9,367.4,355.05,358.9,12756
SUNSHIEL,20260930,1094.8,1114.6,1034.8,1054.0,15883
SUNSHINE,20260930,447.95,467.0,443.3,453.65,290474
SUNTECK,20260930,278.6,284.0,276.0,277.4,67009
SUNTV,20260930,555.0,663.9,554.05,605.0,34672457
SUPERHOUSE,20260930,161.7,164.49,159.22,160.05,3513
SUPERSPIN,20260930,7.7,8.08,7.5,7.71,30674
SUPRAJIT,20260930,495.0,495.0,479.0,481.2,43215
SUPREME,20260930,29.84,30.89,29.48,30.42,12129
SUPREMEENG,20260930,4.16,4.16,4.16,4.16,233489
SUPREMEIND,20260930,3462.0,3545.0,3446.1,3451.0,139486
SUPREMEINF,20260930,84.75,84.75,73.15,73.9,95895
SUPRIYA,20260930,995.25,995.95,945.2,950.25,229715
SUPTANERY,20260930,8.7,8.79,8.42,8.48,210580
SURAJEST,20260930,209.0,214.82,203.24,207.69,91950
SURAJLTD,20260930,196.0,196.0,195.0,195.0,7
SURAKSHA,20260930,356.0,357.6,350.1,355.4,121095
SURANASOL,20260930,24.4,25.0,24.25,24.87,18686
SURANAT&P,20260930,16.2,16.2,15.81,15.84,15359
SURYALA,20260930,380.0,385.0,376.35,377.0,350
SURYALAXMI,20260930,58.85,60.4,58.0,58.8,6614
SURYAROSNI,20260930,220.75,225.5,220.74,221.37,298508
SURYODAY,20260930,144.68,147.56,144.15,145.16,143795
SUTLEJTEX,20260930,36.55,38.23,36.55,37.5,24675
SUVEN,20260930,326.0,328.5,315.6,320.2,402663
SUVIDHAA,20260930,2.1,2.21,2.04,2.09,104823
SUYOG,20260930,710.0,725.0,670.0,695.1,70242
SUZLON,20260930,39.51,39.99,39.2,39.49,47026942
SVGLOBAL,20260930,143.19,146.5,135.11,137.18,1595
SVLL,20260930,813.5,835.05,805.0,805.8,2386
SVPGLOB,20260930,3.16,3.3,3.0,3.13,23663
SWANCORP,20260930,283.95,288.7,279.4,280.2,919733
SWANDEF,20260930,2715.0,2791.2,2663.0,2756.6,19651
SWARAJ,20260930,379.0,391.85,365.0,388.6,66614
SWARAJENG,20260930,3550.0,3583.6,3501.0,3546.2,4835
SWARNSAR,20260930,41.29,41.94,39.1,39.96,3258
SWASTIKAIN,20260930,200.0,210.0,200.0,210.0,3274663
SWELECTES,20260930,586.95,616.65,580.0,597.9,44503
SWIGGY,20260930,255.95,257.0,250.0,250.1,9125415
SWISSMLTRY,20260930,14.23,14.28,13.75,13.88,53388
SWSOLAR,20260930,170.75,177.6,170.1,171.18,1116546
SYMBIOTEC,20260930,1158.0,1196.8,1138.2,1176.75,2016189
SYMPHONY,20260930,580.15,590.0,576.1,582.45,18960
SYNCOMF,20260930,27.49,27.49,24.5,25.08,99577808
SYNGENE,20260930,367.2,373.3,363.1,365.3,345192
SYRMA,20260930,1686.0,1820.0,1686.0,1782.9,3788979
SYSTMTXC,20260930,75.9,75.9,75.01,75.46,3567
TAALTECH,20260930,1053.6,1057.9,990.1,1001.0,28224
TAINWALCHM,20260930,209.99,209.99,204.0,205.19,1091
TAJGVK,20260930,316.55,327.7,314.8,320.2,36962
TAKE,20260930,13.31,14.59,13.31,13.31,843488
TALBROAUTO,20260930,432.9,440.45,426.8,429.85,126449
TAMBOLIIN,20260930,299.9,305.0,291.35,294.7,1034
TANAA,20260930,334.0,355.0,332.5,338.55,40704
TANLA,20260930,491.85,503.0,490.35,492.15,265486
TARACHAND,20260930,48.0,48.0,46.53,47.72,42702
TARAPUR,20260930,12.6,12.6,12.0,12.16,12032
TARC,20260930,128.0,128.29,125.26,125.96,140774
TARIL,20260930,274.85,278.0,268.0,270.1,783795
TARMAT,20260930,57.03,61.0,55.5,59.4,48224
TARSONS,20260930,330.35,334.0,319.95,320.3,121512
TASTYBITE,20260930,9703.0,9759.0,9415.0,9487.0,1318
TATACAP,20260930,331.35,331.35,324.8,327.95,1709693
TATACHEM,20260930,615.0,628.75,610.2,611.45,1113198
TATACOMM,20260930,1640.1,1668.1,1640.1,1656.2,137552
TATACONSUM,20260930,966.0,968.1,949.5,949.5,1708408
TATAELXSI,20260930,3150.0,3203.0,3085.0,3088.9,356864
TATAGOLD,20260930,14.27,14.37,14.24,14.3,38787360
TATAINVEST,20260930,630.0,636.0,616.15,620.05,313002
TATAPOWER,20260930,357.95,362.05,356.55,359.0,5401745
TATASTEEL,20260930,189.0,189.55,184.3,184.3,32381754
TATATECH,20260930,686.75,719.75,686.75,707.5,891561
TATSILV,20260930,21.28,21.47,21.27,21.3,22886470
TATVA,20260930,1811.9,1825.0,1776.1,1784.2,55095
TBOTEK,20260930,1670.5,1729.9,1660.0,1685.2,446861
TBZ,20260930,625.8,651.0,620.1,635.05,175552
TCC,20260930,50.1,54.55,48.15,49.93,2215816
TCI,20260930,874.0,884.9,863.85,872.5,148301
TCIEXP,20260930,533.1,552.0,508.6,521.65,794380
TCIFINANCE,20260930,14.98,14.98,14.5,14.78,8014
TCPLPACK,20260930,4117.4,4179.2,4050.0,4102.6,5095
TCS,20260930,2069.0,2101.0,2050.6,2050.6,3656425
TDPOWERSYS,20260930,783.0,801.0,770.15,786.05,2612869
TEAMGTY,20260930,235.0,235.01,235.0,235.0,165
TEAMLEASE,20260930,1148.6,1159.9,1131.5,1148.6,9039
TECH,20260930,31.8,31.8,30.05,30.53,34421
TECHM,20260930,1524.6,1559.5,1518.0,1524.0,2794174
TECHNOCRAF,20260930,482.5,487.1,470.5,476.55,677585
TECHNOE,20260930,1006.2,1027.35,1001.5,1008.75,133810
TECHNVISN,20260930,3896.5,4090.0,3702.0,3961.5,417
TECILCHEM,20260930,9.2,9.46,8.75,9.02,6287
TEGA,20260930,2080.2,2198.0,2062.6,2106.7,1493714
TEJASNET,20260930,488.5,496.9,482.25,486.2,935883
TEMBO,20260930,58.0,58.56,57.05,57.67,736216
TEMPSENS,20260930,529.65,537.95,523.0,526.75,700380
TENNIND,20260930,514.5,516.75,506.25,508.25,502623
TERAI,20260930,115.75,117.0,114.0,116.75,118
TERASOFT,20260930,210.0,215.95,204.0,207.2,33412
TEXINFRA,20260930,115.13,125.0,115.13,119.41,649299
TEXMOPIPES,20260930,52.75,58.59,52.75,55.08,182461
TEXRAIL,20260930,125.75,135.4,125.75,131.73,16021545
TFCILTD,20260930,139.1,148.5,139.1,141.91,31904742
TFL,20260930,11.89,12.19,11.62,11.63,2612
TGBHOTELS,20260930,9.48,10.24,9.1,9.6,33333
TGVSL,20260930,123.6,125.0,120.0,121.48,424592
THACKER,20260930,997.0,997.0,910.0,954.3,218
THAKDEV,20260930,135.0,135.0,135.0,135.0,223
THANGAMAYL,20260930,5210.5,5240.0,5050.0,5062.0,38301
THEINVEST,20260930,92.34,94.74,91.25,93.45,3646
THEJO,20260930,2113.9,2226.8,2100.2,2175.4,11455
THELEELA,20260930,532.0,586.95,532.0,573.8,1251659
THEMISMED,20260930,120.9,122.19,115.25,116.46,468486
THERMAX,20260930,3280.0,3424.5,3276.0,3392.2,406098
THOMASCOOK,20260930,103.03,104.58,102.0,102.39,582675
THOMASCOTT,20260930,255.0,276.4,240.85,267.35,115936
THYROCARE,20260930,547.0,550.6,532.7,534.15,237351
TI,20260930,551.0,565.3,536.25,540.65,864319
TICL,20260930,7.42,7.42,7.42,7.42,17843
TIGERLOGS,20260930,26.94,27.0,25.8,26.25,123268
TIIL,20260930,2950.0,2985.1,2862.3,2900.9,29702
TIINDIA,20260930,2419.4,2449.6,2373.2,2375.0,690294
TIJARIA,20260930,6.57,6.86,6.25,6.6,106200
TIL,20260930,249.25,259.0,247.5,252.69,72482
TIMETECHNO,20260930,183.75,188.4,181.41,182.36,3950098
TIMEX,20260930,729.1,746.4,713.2,719.55,317889
TIMKEN,20260930,3116.6,3145.0,3075.0,3136.0,76082
TINNARUBR,20260930,954.0,977.55,941.5,952.1,24523
TIPSFILMS,20260930,348.95,348.95,306.35,318.25,24583
TIPSMUSIC,20260930,649.0,663.0,648.95,657.85,184367
TIRUMALCHM,20260930,152.7,155.83,150.74,151.39,243364
TIRUPATIFL,20260930,76.69,76.69,76.69,76.69,333265
TITAGARH,20260930,819.3,850.9,814.1,818.15,933675
TITAN,20260930,4683.0,4698.0,4587.0,4587.0,927060
TMB,20260930,861.25,878.2,861.25,871.3,119178
TMCV,20260930,430.15,438.15,418.7,421.65,10915749
TMPV,20260930,281.0,287.05,280.1,283.5,11539983
TNIDETF,20260930,84.0,84.86,82.72,82.98,49766
TNPETRO,20260930,125.77,129.99,123.15,124.08,945747
TNPL,20260930,150.62,152.9,149.75,150.61,68064
TNTELE,20260930,13.11,13.2,12.84,12.84,217122
TOKYOPLAST,20260930,73.5,74.9,71.01,73.2,1509
TOLINS,20260930,86.15,88.49,85.01,85.86,41099
TOP100CASE,20260930,10.1,10.1,9.97,9.99,1237679
TOP10ADD,20260930,82.5,83.31,82.29,82.45,232956
TOP15IETF,20260930,9.21,9.28,9.16,9.19,104116
TOP20,20260930,8.41,8.44,8.35,8.37,38255
TORNTPHARM,20260930,4935.0,4935.0,4786.0,4800.0,397999
TORNTPOWER,20260930,1230.0,1256.4,1230.0,1245.9,187402
TOTAL,20260930,71.9,72.0,68.12,69.54,3994
TOUCHWOOD,20260930,59.01,60.0,57.0,59.22,2223
TOYAMSL,20260930,0.72,0.75,0.71,0.72,2003449
TPHQ,20260930,0.52,0.52,0.49,0.5,1294657
TPLPLASTEH,20260930,68.67,78.0,68.0,71.14,2013255
TRACXN,20260930,32.55,33.2,32.16,32.91,152016
TRANSCOR,20260930,23.74,25.0,23.52,24.22,10425
TRANSPEK,20260930,1352.5,1352.5,1320.9,1340.2,635
TRANSRAILL,20260930,448.8,498.0,448.8,476.4,6739028
TRANSWORLD,20260930,161.5,162.99,160.3,162.0,6816
TRAVELFOOD,20260930,1196.6,1208.3,1184.0,1200.3,28635
TREEHOUSE,20260930,5.81,5.99,5.72,5.78,28154
TREJHARA,20260930,141.5,141.5,136.69,138.84,10186
TREL,20260930,28.8,29.9,27.87,28.89,205678
TRENT,20260930,2651.1,2669.9,2618.0,2621.6,785465
TRF,20260930,207.75,209.0,196.55,197.82,18651
TRIDENT,20260930,22.49,22.79,22.35,22.44,2060666
TRIGYN,20260930,53.8,54.44,52.5,53.1,15509
TRITONV,20260930,1087.5,1099.9,1076.1,1083.8,476
TRITURBINE,20260930,542.0,548.45,537.7,539.4,332296
TRIVENI,20260930,239.9,243.5,235.0,235.7,310906
TRU,20260930,4.02,4.16,4.02,4.1,25979
TRUALT,20260930,458.4,472.5,447.05,468.65,396825
TSFINV,20260930,422.0,434.8,415.9,417.15,59183
TTKHLTCARE,20260930,1041.3,1050.6,1012.6,1023.0,7751
TTKPRESTIG,20260930,529.5,536.15,513.2,515.85,51023
TTL,20260930,7.7,8.44,7.35,8.07,1258014
TTML,20260930,34.86,35.67,34.02,34.3,3429419
TURTLEMINT,20260930,79.0,82.0,75.6,76.44,2617903
TUTIALKA,20260930,55.8,56.0,54.0,54.4,2819
TVSELECT,20260930,372.05,440.55,371.15,416.15,2795681
TVSHLTD,20260930,12300.0,12450.0,12045.0,12107.0,8540
TVSMOTOR,20260930,4100.0,4174.7,4084.1,4106.0,605529
TVSSCS,20260930,131.0,134.4,130.05,130.57,488937
TVSSRICHAK,20260930,4466.5,4520.0,4402.5,4437.5,4983
TVTODAY,20260930,106.0,106.0,103.3,104.19,13484
TVVISION,20260930,2.82,2.85,2.68,2.68,41298
TWCGOLDETF,20260930,146.17,147.4,146.11,146.78,32640
UBL,20260930,1210.3,1213.8,1151.0,1158.1,322312
UCAL,20260930,139.0,142.45,139.0,140.15,5043
UCOBANK,20260930,23.05,23.5,23.05,23.28,2802505
UDAYJEW,20260930,177.9,177.9,165.19,166.94,13109
UDS,20260930,209.0,211.92,205.27,208.57,59154
UEL,20260930,186.5,189.4,182.01,184.92,12717
UFBL,20260930,666.7,700.0,642.2,678.8,31677
UFLEX,20260930,656.0,671.0,652.0,657.85,159191
UFO,20260930,59.98,59.98,58.0,58.12,11186
UGARSUGAR,20260930,56.5,60.0,55.9,57.26,301755
UGROCAP,20260930,81.67,84.56,81.15,83.68,277232
UJJIVANSFB,20260930,65.98,68.3,65.7,67.5,28889413
ULTRACEMCO,20260930,10829.0,10971.0,10800.0,10956.0,257558
ULTRAMAR,20260930,420.0,428.95,408.1,409.4,1302805
UMAEXPORTS,20260930,22.06,22.06,21.62,21.62,7137
UMESLTD,20260930,4.69,4.69,4.15,4.49,22388
UMIYA-MRO,20260930,94.0,95.94,92.01,93.16,21344
UNICHEMLAB,20260930,569.0,579.2,542.1,545.5,217861
UNIDT,20260930,231.0,236.0,220.5,222.06,43999
UNIECOM,20260930,82.89,84.5,82.25,83.9,194948
UNIENTER,20260930,91.1,91.1,88.67,88.75,5499
UNIINFO,20260930,11.03,11.35,10.61,10.94,1270
UNIMECH,20260930,1721.0,1753.9,1705.1,1724.0,274093
UNIONBANK,20260930,169.98,172.6,169.95,171.0,16921657
UNIONGOLD,20260930,143.1,149.9,143.1,144.5,162729
UNIPARTS,20260930,849.0,859.0,829.55,836.0,63990
UNITDSPR,20260930,1371.0,1376.5,1337.6,1354.0,976345
UNITECH,20260930,3.95,3.99,3.9,3.96,3132347
UNITEDPOLY,20260930,46.93,47.56,46.26,47.47,555562
UNITEDTEA,20260930,405.2,433.75,405.2,427.9,313
UNIVASTU,20260930,123.5,132.96,123.5,132.96,57992
UNIVCABLES,20260930,1470.0,1484.0,1433.3,1443.0,41248
UNIVPHOTO,20260930,500.0,536.0,489.0,512.75,465
UNOMINDA,20260930,1159.1,1184.1,1159.1,1170.0,527106
UPL,20260930,539.25,544.9,535.25,539.75,3114983
URAVIDEF,20260930,105.0,106.5,105.0,105.05,335
URBANCO,20260930,163.4,164.29,155.85,157.48,3304372
URJA,20260930,8.88,8.93,8.67,8.77,428412
USHAMART,20260930,498.95,505.35,493.5,498.65,808936
USK,20260930,20.3,20.3,18.3,19.14,35344
UTIAMC,20260930,873.25,894.55,873.25,882.4,50373
UTKARSHBNK,20260930,13.97,14.0,13.68,13.76,4363721
UTLSOLAR,20260930,403.0,410.15,396.9,398.45,205502
UTTAMSUGAR,20260930,291.0,300.5,286.9,288.4,153061
UYFINCORP,20260930,21.8,21.8,21.8,21.8,415001
V2RETAIL,20260930,210.09,210.94,207.11,208.74,821359
VADILALIND,20260930,7281.0,7494.5,7155.5,7253.0,11949
VADILENT,20260930,10200.0,10200.0,10151.0,10151.0,5
VAIBHAVGBL,20260930,203.25,209.38,203.25,204.32,184844
VAISHALI,20260930,8.75,8.99,8.31,8.35,199730
VAKRANGEE,20260930,5.15,5.24,5.05,5.14,1066328
VAL30IETF,20260930,14.58,14.69,14.45,14.48,278573
VALIANTLAB,20260930,122.76,127.88,121.25,126.23,92323
VALIANTORG,20260930,409.95,467.0,407.0,455.1,606539
VALUE,20260930,15.45,15.51,15.32,15.33,28104
VALUEAXIS,20260930,31.48,31.88,31.19,31.36,80182
VAML,20260930,431.0,433.75,410.5,412.9,13904115
VARDHACRLC,20260930,44.24,44.49,43.27,43.64,16798
VARDMNPOLY,20260930,5.81,5.95,5.72,5.8,175113
VARMORA,20260930,145.0,147.67,136.54,139.65,11245606
VARROC,20260930,837.3,867.0,834.0,862.95,266860
VASCONEQ,20260930,34.2,34.94,33.5,33.67,337424
VASWANI,20260930,45.58,45.58,44.47,44.57,8219
VBL,20260930,428.0,436.4,427.5,432.0,8815664
VCL,20260930,1.22,1.32,1.2,1.31,2183545
VEDAVAAG,20260930,22.06,22.96,21.81,22.24,43880
VEDL,20260930,260.0,260.5,255.15,259.0,8639213
VEDPOWER,20260930,34.25,34.3,32.7,32.84,17056090
VEEDOL,20260930,1344.1,1380.7,1344.1,1373.3,8913
VEEGALAND,20260930,141.2,143.8,141.0,142.41,204231
VELJAN,20260930,2083.0,2186.8,2020.0,2186.8,2070
VENKEYS,20260930,1639.9,1649.3,1571.1,1588.1,31231
VENTIVE,20260930,559.0,574.55,557.0,558.4,9729
VENUSPIPES,20260930,2197.0,2244.4,2135.5,2147.1,125771
VENUSREM,20260930,1738.9,1796.1,1730.0,1796.1,28419
VERANDA,20260930,223.0,224.95,216.9,220.75,1426488
VERTOZ,20260930,35.64,36.1,35.25,35.59,25530
VESUVIUS,20260930,404.95,453.8,403.75,424.2,8173574
VETO,20260930,146.25,150.01,140.0,142.72,117752
VGCL,20260930,49.5,49.5,47.0,48.66,4089
VGL,20260930,63.5,66.28,63.5,64.05,39842
VGUARD,20260930,307.05,307.75,295.25,296.45,995389
VHL,20260930,3302.0,3430.0,3302.0,3400.8,1023
VHLTD,20260930,132.1,132.1,129.4,129.66,3118
VIDHIING,20260930,359.9,364.8,346.05,357.6,22528
VIDYAWIRES,20260930,94.23,96.9,93.42,94.41,1597875
VIJAYA,20260930,1486.3,1490.0,1435.0,1437.7,71365
VIJIFIN,20260930,15.46,15.46,15.46,15.46,368359
VIJSOLX,20260930,628.65,647.0,622.45,625.1,232
VIKASECO,20260930,1.02,1.05,1.02,1.03,1096252
VIKASLIFE,20260930,1.22,1.23,1.21,1.21,2060239
VIKRAMSOLR,20260930,161.0,162.28,160.0,160.01,1243665
VIKRAN,20260930,60.33,61.73,59.0,59.71,1472938
VIMTALABS,20260930,596.0,620.0,596.0,600.3,220346
VINATIORGA,20260930,1182.0,1192.8,1165.0,1168.3,45076
VINCOFE,20260930,182.5,187.3,179.0,179.96,817945
VINDHYATEL,20260930,2666.3,2788.7,2620.2,2662.9,65292
VINEETLAB,20260930,36.52,38.49,35.0,37.16,128547
VINNY,20260930,0.92,0.92,0.88,0.89,551566
VINYLINDIA,20260930,218.45,222.0,215.0,219.03,3507
VIPCLOTHNG,20260930,20.44,21.4,20.41,20.51,12182
VIPIND,20260930,293.0,297.0,289.05,290.95,167259
VIPULLTD,20260930,11.0,11.83,11.0,11.0,832267
VIRAT,20260930,364.95,374.2,333.0,339.2,25393
VIRINCHI,20260930,13.39,13.7,13.11,13.47,60617
VIRTUALG,20260930,0.44,0.45,0.42,0.44,382994
VISACHROME,20260930,35.98,36.77,35.5,36.77,1439494
VISAKAIND,20260930,86.68,87.88,83.0,83.58,104474
VISHAL,20260930,18.45,18.45,17.52,17.66,15318
VISHNU,20260930,678.0,694.0,658.35,664.5,96048
VISHWARAJ,20260930,5.27,5.37,5.26,5.26,190214
VISL,20260930,34.4,34.49,31.82,32.3,67267019
VITAL,20260930,51.8,53.9,51.8,53.9,9302
VIVIANA,20260930,704.7,714.0,700.05,704.35,13835
VIVIDHA,20260930,0.52,0.53,0.51,0.51,265809
VIVIMEDLAB,20260930,5.44,5.65,5.44,5.44,15749
VIVOBIOT,20260930,17.24,17.24,16.11,17.06,12331
VIYASH,20260930,238.8,242.5,235.05,235.8,1248944
VLEGOV,20260930,10.25,10.55,9.86,9.99,169457
VLSFINANCE,20260930,230.8,237.0,230.8,234.09,9330
VMART,20260930,760.05,784.8,740.2,753.7,170425
VMM,20260930,102.18,102.6,99.92,101.0,16476797
VMSTMT,20260930,49.15,49.9,49.0,49.12,74544
VOEPL,20260930,491.55,509.8,488.75,493.15,54039
VOGL,20260930,34.1,34.38,33.0,33.11,19780131
VOITHPAPR,20260930,1446.0,1465.0,1420.0,1449.9,225
VOLTAMP,20260930,10601.0,10796.0,10462.0,10500.0,16517
VOLTAS,20260930,1094.0,1097.8,1066.0,1070.0,1028057
VPRPL,20260930,28.55,29.82,28.55,29.62,376950
VRAJ,20260930,123.1,126.14,123.1,123.85,8306
VRLLOG,20260930,283.95,290.15,283.95,287.15,133472
VSSL,20260930,405.8,414.0,395.0,401.05,104397
VSTIND,20260930,203.0,204.4,202.4,203.16,81303
VSTL,20260930,110.9,114.0,110.51,112.09,5238
VSTTILLERS,20260930,4398.5,4421.1,4311.3,4390.0,7416
VTL,20260930,531.65,542.7,524.65,534.6,615004
VTMLTD,20260930,41.49,42.0,38.5,38.88,74347
WAAREEENER,20260930,2390.0,2401.4,2364.9,2374.4,402951
WAAREEINDO,20260930,214.4,215.0,205.55,209.95,89461
WAAREERTL,20260930,820.75,837.95,818.35,819.95,82105
WABAG,20260930,2077.9,2141.9,2051.0,2061.4,394972
WAKEFIT,20260930,144.06,144.93,140.8,143.82,215953
WALCHANNAG,20260930,204.4,210.84,199.1,200.24,460410
WANBURY,20260930,218.55,220.55,196.05,199.5,1016479
WARDINMOBI,20260930,5.64,5.64,5.41,5.45,275407
WATERBASE,20260930,47.5,47.5,46.06,46.7,14225
WCIL,20260930,95.0,96.5,93.0,93.16,165294
WEALTH,20260930,899.95,920.0,865.0,907.85,2780
WEBELSOLAR,20260930,70.4,73.07,70.32,70.56,914986
WEIZMANIND,20260930,71.25,71.25,70.86,70.88,1033
WEL,20260930,71.85,73.84,71.81,72.63,224981
WELCORP,20260930,2802.0,2835.8,2700.9,2717.0,1718055
WELENT,20260930,741.0,764.4,740.0,742.7,169996
WELINV,20260930,2428.0,2483.3,2428.0,2482.0,30
WELSPLSOL,20260930,53.08,56.75,53.08,53.98,999336
WELSPUNLIV,20260930,225.45,232.49,225.01,227.33,3089710
WENDT,20260930,8371.0,8599.0,8270.0,8351.5,6714
WESTLIFE,20260930,600.0,600.0,586.65,589.85,58873
WEWIN,20260930,48.5,51.5,48.5,50.81,18452
WEWORK,20260930,674.7,674.7,658.3,660.45,116352
WHBRADY,20260930,491.0,491.0,491.0,491.0,1
WHEELS,20260930,2239.8,2255.8,2177.5,2221.0,134353
WHIRLPOOL,20260930,879.3,942.8,862.25,890.25,3226987
WILLAMAGOR,20260930,24.0,24.0,22.01,22.99,8070
WINDLAS,20260930,1107.5,1139.9,1081.0,1091.3,56202
WINDMACHIN,20260930,298.1,304.6,294.0,300.2,112850
WIPL,20260930,165.01,169.0,164.05,164.8,151
WIPRO,20260930,157.01,161.73,157.01,158.5,15966068
WOCKPHARMA,20260930,2201.1,2213.6,2106.2,2116.3,823461
WONDERLA,20260930,498.0,506.4,498.0,500.3,25602
WORTHPERI,20260930,146.8,148.5,143.0,146.02,9508
WPIL,20260930,432.95,447.0,428.0,438.85,95293
WSI,20260930,55.62,56.55,53.98,54.04,43225
WSTCSTPAPR,20260930,700.3,749.0,700.3,736.6,270128
XCHANGING,20260930,61.2,61.89,60.05,61.24,41413
XELPMOC,20260930,88.0,88.0,79.0,80.24,40713
XPROINDIA,20260930,1170.0,1181.9,1145.5,1161.9,28334
XTGLOBAL,20260930,30.29,30.29,28.8,29.19,29401
XTRANET,20260930,271.9,285.05,262.2,285.05,712037
YASHO,20260930,4081.7,4098.0,3975.8,4005.4,16391
YATHARTH,20260930,1100.0,1106.0,1020.0,1032.5,875912
YATRA,20260930,102.39,104.29,99.1,99.89,669290
YESBANK,20260930,20.98,21.4,20.85,20.95,94081938
YOGI,20260930,161.7,161.7,156.5,160.56,638
YUKEN,20260930,1138.95,1139.0,1088.95,1131.1,10732
ZAGGLE,20260930,173.8,178.75,172.52,173.18,641899
ZEEL,20260930,74.09,76.39,73.95,74.47,13100562
ZEELEARN,20260930,6.36,6.68,6.36,6.5,269367
ZEEMEDIA,20260930,7.2,7.37,7.17,7.21,587340
ZENITHEXPO,20260930,199.0,199.0,199.0,199.0,7
ZENITHSTL,20260930,5.34,5.43,5.18,5.3,56981
ZENSARTECH,20260930,429.4,438.95,420.15,422.1,994997
ZENTEC,20260930,1625.0,1647.2,1601.0,1605.2,185419
ZFCVINDIA,20260930,2298.0,2352.9,2291.0,2341.0,141190
ZFSTEERING,20260930,720.1,731.95,711.3,714.5,896
ZIMLAB,20260930,134.99,140.98,134.68,137.97,87891
ZODIAC,20260930,208.61,219.6,208.61,216.32,10246
ZODIACLOTH,20260930,68.23,70.55,68.23,69.03,9810
ZOTA,20260930,1309.4,1331.7,1276.0,1294.7,44545
ZSARACOM,20260930,10199.0,10287.0,10100.0,10140.0,30
ZUARI,20260930,220.76,224.1,218.6,220.33,86644
ZUARIIND,20260930,279.25,287.5,279.25,282.2,73300
ZYDUSLIFE,20260930,1204.8,1210.5,1149.1,1162.0,1614233
ZYDUSWELL,20260930,507.0,518.6,500.2,512.8,258147
